ply
format ascii 1.0
element vertex 8489
property float x
property float y
property float z
property uchar red
property uchar green
property uchar blue
end_header
-0.051141 -0.041113 0.362000 74 120 118
-0.050547 -0.041113 0.362000 88 134 134
-0.052774 -0.040406 0.361000 107 165 167
-0.052182 -0.040406 0.361000 91 154 159
-0.051591 -0.040406 0.361000 57 124 132
-0.051141 -0.040518 0.362000 51 121 129
-0.050547 -0.040518 0.362000 73 146 155
-0.049954 -0.040518 0.362000 89 166 174
-0.049361 -0.040518 0.362000 89 172 178
-0.053365 -0.039813 0.361000 78 157 162
-0.052774 -0.039813 0.361000 102 187 194
-0.052182 -0.039813 0.361000 87 174 183
-0.051591 -0.039813 0.361000 28 115 125
-0.051141 -0.039924 0.362000 16 102 115
-0.050547 -0.039924 0.362000 49 138 152
-0.049954 -0.039924 0.362000 79 173 185
-0.049361 -0.039924 0.362000 52 153 161
-0.048903 -0.040034 0.363000 19 118 124
-0.048308 -0.040034 0.363000 8 101 106
-0.056322 -0.039220 0.361000 69 128 126
-0.055731 -0.039220 0.361000 63 132 129
-0.055139 -0.039220 0.361000 42 121 118
-0.054548 -0.039220 0.361000 33 119 120
-0.053956 -0.039220 0.361000 22 113 118
-0.053365 -0.039220 0.361000 47 144 151
-0.052774 -0.039220 0.361000 66 164 175
-0.052182 -0.039220 0.361000 36 134 145
-0.051734 -0.039329 0.362000 6 104 113
-0.051141 -0.039329 0.362000 6 103 112
-0.050547 -0.039329 0.362000 10 106 118
-0.049954 -0.039329 0.362000 16 114 125
-0.049361 -0.039329 0.362000 8 106 115
-0.048903 -0.039438 0.363000 6 101 107
-0.048308 -0.039438 0.363000 13 98 103
-0.056913 -0.038627 0.361000 75 151 151
-0.056322 -0.038627 0.361000 78 164 163
-0.055731 -0.038627 0.361000 82 178 176
-0.055139 -0.038627 0.361000 35 135 135
-0.054548 -0.038627 0.361000 16 120 123
-0.053956 -0.038627 0.361000 9 114 120
-0.053365 -0.038627 0.361000 5 112 122
-0.052774 -0.038627 0.361000 1 107 121
-0.052182 -0.038627 0.361000 6 112 125
-0.051734 -0.038734 0.362000 0 104 112
-0.051141 -0.038734 0.362000 1 108 114
-0.050547 -0.038734 0.362000 0 101 110
-0.049954 -0.038734 0.362000 1 102 110
-0.049361 -0.038734 0.362000 3 101 110
-0.048903 -0.038841 0.363000 3 93 101
-0.048308 -0.038841 0.363000 15 94 99
-0.057664 -0.038140 0.362000 34 122 126
-0.056913 -0.038034 0.361000 13 113 115
-0.056322 -0.038034 0.361000 13 123 124
-0.055731 -0.038034 0.361000 46 160 161
-0.055139 -0.038034 0.361000 19 132 136
-0.054548 -0.038034 0.361000 7 118 125
-0.053956 -0.038034 0.361000 0 105 115
-0.053365 -0.038034 0.361000 5 113 126
-0.052774 -0.038034 0.361000 6 113 129
-0.052182 -0.038034 0.361000 17 127 140
-0.051734 -0.038140 0.362000 8 121 129
-0.051141 -0.038140 0.362000 1 114 120
-0.050547 -0.038140 0.362000 0 109 116
-0.049954 -0.038140 0.362000 0 102 108
-0.049361 -0.038140 0.362000 0 93 102
-0.048903 -0.038245 0.363000 4 93 101
-0.048308 -0.038245 0.363000 17 92 98
-0.058257 -0.037545 0.362000 74 153 160
-0.057505 -0.037441 0.361000 60 155 161
-0.056913 -0.037441 0.361000 21 129 132
-0.056322 -0.037441 0.361000 5 120 123
-0.055731 -0.037441 0.361000 1 120 124
-0.055139 -0.037441 0.361000 0 116 123
-0.054548 -0.037441 0.361000 14 129 136
-0.053956 -0.037441 0.361000 0 105 116
-0.053365 -0.037441 0.361000 9 117 130
-0.052774 -0.037441 0.361000 31 139 152
-0.052182 -0.037441 0.361000 40 150 163
-0.051734 -0.037545 0.362000 30 145 152
-0.051141 -0.037545 0.362000 19 134 139
-0.050547 -0.037545 0.362000 27 138 145
-0.049954 -0.037545 0.362000 28 132 141
-0.049361 -0.037545 0.362000 16 114 123
-0.048903 -0.037649 0.363000 19 106 113
-0.048308 -0.037649 0.363000 30 103 110
-0.058257 -0.036951 0.362000 62 135 142
-0.057505 -0.036848 0.361000 50 137 144
-0.056913 -0.036848 0.361000 23 122 127
-0.056322 -0.036848 0.361000 12 119 125
-0.055731 -0.036848 0.361000 9 120 127
-0.055139 -0.036848 0.361000 13 126 134
-0.054548 -0.036848 0.361000 24 137 145
-0.053956 -0.036848 0.361000 20 133 141
-0.053365 -0.036848 0.361000 29 140 149
-0.052774 -0.036848 0.361000 41 152 161
-0.052327 -0.036951 0.362000 45 156 165
-0.051734 -0.036951 0.362000 51 166 173
-0.051141 -0.036951 0.362000 39 154 161
-0.050547 -0.036951 0.362000 33 144 153
-0.049954 -0.036951 0.362000 24 128 137
-0.049498 -0.037053 0.363000 13 111 120
-0.048903 -0.037053 0.363000 14 103 109
-0.048308 -0.037053 0.363000 27 102 108
-0.047845 -0.037155 0.364000 46 105 109
-0.047249 -0.037155 0.364000 73 117 120
-0.058257 -0.036356 0.362000 82 141 147
-0.057664 -0.036356 0.362000 62 133 139
-0.056913 -0.036255 0.361000 46 126 133
-0.056322 -0.036255 0.361000 27 120 127
-0.055731 -0.036255 0.361000 30 133 140
-0.055139 -0.036255 0.361000 45 154 161
-0.054548 -0.036255 0.361000 41 156 163
-0.053956 -0.036255 0.361000 36 151 158
-0.053365 -0.036255 0.361000 27 142 149
-0.052920 -0.036356 0.362000 29 142 148
-0.052327 -0.036356 0.362000 27 140 146
-0.051734 -0.036356 0.362000 27 139 150
-0.051141 -0.036356 0.362000 17 129 140
-0.050547 -0.036356 0.362000 12 120 130
-0.050092 -0.036456 0.363000 9 113 122
-0.049498 -0.036456 0.363000 4 101 110
-0.048903 -0.036456 0.363000 5 94 102
-0.048308 -0.036456 0.363000 18 95 101
-0.047845 -0.036557 0.364000 30 93 98
-0.047249 -0.036557 0.364000 51 100 104
-0.046781 -0.036657 0.365000 77 115 118
-0.057664 -0.035761 0.362000 87 132 137
-0.057071 -0.035761 0.362000 74 132 136
-0.056478 -0.035761 0.362000 50 123 130
-0.055885 -0.035761 0.362000 51 140 148
-0.055292 -0.035761 0.362000 47 154 162
-0.054699 -0.035761 0.362000 35 152 159
-0.054106 -0.035761 0.362000 26 147 155
-0.053513 -0.035761 0.362000 17 136 142
-0.052920 -0.035761 0.362000 24 139 144
-0.052327 -0.035761 0.362000 17 130 136
-0.051734 -0.035761 0.362000 10 121 132
-0.051141 -0.035761 0.362000 6 114 126
-0.050547 -0.035761 0.362000 10 118 128
-0.050092 -0.035860 0.363000 0 102 111
-0.049498 -0.035860 0.363000 0 95 104
-0.048903 -0.035860 0.363000 2 91 99
-0.048441 -0.035959 0.364000 16 95 102
-0.047845 -0.035959 0.364000 22 91 96
-0.047249 -0.035959 0.364000 35 93 97
-0.046781 -0.036058 0.365000 60 108 112
-0.057071 -0.035167 0.362000 89 126 132
-0.056478 -0.035167 0.362000 73 130 137
-0.055885 -0.035167 0.362000 80 157 165
-0.055292 -0.035167 0.362000 47 145 154
-0.054699 -0.035167 0.362000 14 127 135
-0.054106 -0.035167 0.362000 4 125 133
-0.053513 -0.035167 0.362000 10 131 139
-0.052920 -0.035167 0.362000 27 141 151
-0.052327 -0.035167 0.362000 21 134 142
-0.051734 -0.035167 0.362000 13 121 133
-0.051141 -0.035167 0.362000 6 114 126
-0.050547 -0.035167 0.362000 0 105 115
-0.050092 -0.035264 0.363000 0 99 108
-0.049498 -0.035264 0.363000 0 92 102
-0.049038 -0.035361 0.364000 6 93 103
-0.048441 -0.035361 0.364000 14 92 102
-0.047845 -0.035361 0.364000 21 91 99
-0.047249 -0.035361 0.364000 28 91 98
-0.046781 -0.035458 0.365000 29 84 89
-0.056478 -0.034572 0.362000 86 127 133
-0.055885 -0.034572 0.362000 68 131 140
-0.055292 -0.034572 0.362000 40 128 138
-0.054699 -0.034572 0.362000 11 118 128
-0.054106 -0.034572 0.362000 7 124 134
-0.053513 -0.034572 0.362000 16 134 146
-0.052920 -0.034572 0.362000 25 138 152
-0.052327 -0.034572 0.362000 28 140 152
-0.051734 -0.034572 0.362000 23 131 144
-0.051141 -0.034572 0.362000 29 137 149
-0.050687 -0.034668 0.363000 24 131 141
-0.050092 -0.034668 0.363000 16 117 127
-0.049498 -0.034668 0.363000 1 93 104
-0.049038 -0.034763 0.364000 6 93 103
-0.048441 -0.034763 0.364000 9 87 97
-0.047845 -0.034763 0.364000 15 88 97
-0.047249 -0.034763 0.364000 18 86 95
-0.046781 -0.034859 0.365000 29 92 99
-0.055885 -0.033977 0.362000 69 119 126
-0.055292 -0.033977 0.362000 35 112 120
-0.054699 -0.033977 0.362000 11 108 117
-0.054106 -0.033977 0.362000 16 126 139
-0.053513 -0.033977 0.362000 18 134 147
-0.052920 -0.033977 0.362000 26 139 155
-0.052327 -0.033977 0.362000 25 137 151
-0.051734 -0.033977 0.362000 21 131 144
-0.051282 -0.034071 0.363000 3 111 123
-0.050687 -0.034071 0.363000 3 107 118
-0.050092 -0.034071 0.363000 8 109 119
-0.049498 -0.034071 0.363000 3 95 106
-0.049038 -0.034165 0.364000 9 93 103
-0.048441 -0.034165 0.364000 9 87 97
-0.047845 -0.034165 0.364000 23 95 107
-0.047378 -0.034259 0.365000 20 90 100
-0.046781 -0.034259 0.365000 20 87 96
-0.046309 -0.034353 0.366000 38 98 108
-0.045709 -0.034353 0.366000 40 92 103
-0.055885 -0.033383 0.362000 76 113 119
-0.055292 -0.033383 0.362000 46 109 116
-0.054699 -0.033383 0.362000 20 103 111
-0.054106 -0.033383 0.362000 29 130 140
-0.053513 -0.033383 0.362000 33 145 157
-0.052920 -0.033383 0.362000 4 120 133
-0.052471 -0.033475 0.363000 18 134 147
-0.051876 -0.033475 0.363000 13 123 136
-0.051282 -0.033475 0.363000 0 89 101
-0.050687 -0.033475 0.363000 0 100 111
-0.050092 -0.033475 0.363000 3 104 112
-0.049634 -0.033567 0.364000 15 105 114
-0.049038 -0.033567 0.364000 21 105 115
-0.048574 -0.033659 0.365000 12 90 100
-0.047976 -0.033659 0.365000 7 81 92
-0.047378 -0.033659 0.365000 18 91 100
-0.046781 -0.033659 0.365000 10 80 88
-0.046309 -0.033752 0.366000 24 88 98
-0.045709 -0.033752 0.366000 37 94 105
-0.055445 -0.032879 0.363000 59 108 112
-0.054850 -0.032879 0.363000 48 119 123
-0.054255 -0.032879 0.363000 20 111 116
-0.053661 -0.032879 0.363000 6 110 119
-0.053066 -0.032879 0.363000 0 108 120
-0.052471 -0.032879 0.363000 28 142 153
-0.051876 -0.032879 0.363000 42 153 164
-0.051282 -0.032879 0.363000 0 107 117
-0.050687 -0.032879 0.363000 16 120 131
-0.050092 -0.032879 0.363000 22 123 131
-0.049634 -0.032969 0.364000 24 114 123
-0.049038 -0.032969 0.364000 13 98 105
-0.048574 -0.033060 0.365000 7 85 95
-0.047976 -0.033060 0.365000 12 86 95
-0.047378 -0.033060 0.365000 7 84 92
-0.046781 -0.033060 0.365000 18 91 100
-0.046309 -0.033151 0.366000 19 86 95
-0.045834 -0.033241 0.367000 32 90 102
-0.120293 -0.088401 0.976000 38 85 101
-0.055445 -0.032283 0.363000 76 117 113
-0.054850 -0.032283 0.363000 77 139 136
-0.054255 -0.032283 0.363000 44 125 126
-0.053661 -0.032283 0.363000 38 133 137
-0.053066 -0.032283 0.363000 32 136 145
-0.052471 -0.032283 0.363000 37 145 155
-0.051876 -0.032283 0.363000 38 144 157
-0.051282 -0.032283 0.363000 12 119 129
-0.050827 -0.032371 0.364000 19 123 134
-0.050230 -0.032371 0.364000 22 123 131
-0.049634 -0.032371 0.364000 23 113 121
-0.049038 -0.032371 0.364000 20 105 112
-0.048574 -0.032460 0.365000 11 89 99
-0.047976 -0.032460 0.365000 8 85 93
-0.047378 -0.032460 0.365000 5 84 91
-0.046909 -0.032549 0.366000 8 83 89
-0.046309 -0.032549 0.366000 26 94 103
-0.045834 -0.032638 0.367000 30 88 100
-0.120416 -0.086887 0.977000 41 87 103
-0.054850 -0.031686 0.363000 92 143 138
-0.054255 -0.031686 0.363000 60 132 129
-0.053661 -0.031686 0.363000 37 125 127
-0.053212 -0.031774 0.364000 46 145 151
-0.052616 -0.031774 0.364000 36 140 149
-0.052019 -0.031774 0.364000 40 147 157
-0.051423 -0.031774 0.364000 21 128 138
-0.050827 -0.031774 0.364000 8 112 121
-0.050230 -0.031774 0.364000 15 116 124
-0.049634 -0.031774 0.364000 15 108 115
-0.049172 -0.031861 0.365000 19 104 111
-0.048574 -0.031861 0.365000 11 89 99
-0.048108 -0.031948 0.366000 12 89 97
-0.047508 -0.031948 0.366000 5 82 88
-0.046909 -0.031948 0.366000 1 74 81
-0.046309 -0.031948 0.366000 19 86 95
-0.045834 -0.032035 0.367000 30 88 100
-0.120416 -0.085282 0.977000 35 82 98
-0.055001 -0.031176 0.364000 97 137 136
-0.054405 -0.031176 0.364000 58 119 120
-0.053808 -0.031176 0.364000 27 108 112
-0.053212 -0.031176 0.364000 35 129 137
-0.052616 -0.031176 0.364000 28 132 141
-0.052019 -0.031176 0.364000 26 135 142
-0.051423 -0.031176 0.364000 8 117 124
-0.050827 -0.031176 0.364000 0 105 111
-0.050230 -0.031176 0.364000 3 104 112
-0.049770 -0.031261 0.365000 16 109 117
-0.049172 -0.031261 0.365000 12 99 108
-0.048574 -0.031261 0.365000 10 90 99
-0.048108 -0.031347 0.366000 14 88 97
-0.047508 -0.031347 0.366000 14 84 92
-0.046909 -0.031347 0.366000 10 77 86
-0.046309 -0.031347 0.366000 17 77 87
-0.045709 -0.031347 0.366000 26 83 94
-0.120539 -0.083763 0.978000 41 90 105
-0.118816 -0.083678 0.977000 50 96 112
-0.054405 -0.030578 0.364000 68 116 118
-0.053808 -0.030578 0.364000 45 110 114
-0.053212 -0.030578 0.364000 30 109 116
-0.052616 -0.030578 0.364000 26 116 124
-0.052019 -0.030578 0.364000 16 119 124
-0.051423 -0.030578 0.364000 14 121 127
-0.050827 -0.030578 0.364000 3 108 114
-0.050368 -0.030662 0.365000 10 111 119
-0.049770 -0.030662 0.365000 9 103 111
-0.049172 -0.030662 0.365000 12 100 110
-0.048708 -0.030746 0.366000 8 90 101
-0.048108 -0.030746 0.366000 10 88 98
-0.047508 -0.030746 0.366000 9 82 91
-0.046909 -0.030746 0.366000 13 81 92
-0.046309 -0.030746 0.366000 16 80 90
-0.045709 -0.030746 0.366000 26 88 99
-0.045110 -0.030746 0.366000 33 92 106
-0.118937 -0.082157 0.978000 37 96 110
-0.117215 -0.082073 0.977000 44 101 118
-0.115496 -0.081989 0.976000 40 97 116
-0.113897 -0.081989 0.976000 28 89 108
-0.054405 -0.029980 0.364000 80 110 108
-0.053808 -0.029980 0.364000 74 114 114
-0.053358 -0.030062 0.365000 59 108 112
-0.052760 -0.030062 0.365000 49 114 118
-0.052162 -0.030062 0.365000 29 118 124
-0.051564 -0.030062 0.365000 34 133 139
-0.050966 -0.030062 0.365000 23 122 128
-0.050368 -0.030062 0.365000 12 111 117
-0.049770 -0.030062 0.365000 20 117 124
-0.049172 -0.030062 0.365000 8 101 109
-0.048708 -0.030145 0.366000 0 89 98
-0.048108 -0.030145 0.366000 1 88 97
-0.047508 -0.030145 0.366000 4 86 97
-0.046909 -0.030145 0.366000 11 89 99
-0.046309 -0.030145 0.366000 9 87 97
-0.045709 -0.030145 0.366000 26 104 114
-0.045110 -0.030145 0.366000 36 116 127
-0.044510 -0.030145 0.366000 47 127 138
-0.043791 -0.030062 0.365000 70 152 164
-0.043193 -0.030062 0.365000 71 157 170
-0.042595 -0.030062 0.365000 40 132 145
-0.112298 -0.080386 0.976000 35 124 138
-0.110586 -0.080303 0.975000 33 110 126
-0.053956 -0.029463 0.365000 88 108 106
-0.053358 -0.029463 0.365000 81 109 110
-0.052760 -0.029463 0.365000 54 99 102
-0.052162 -0.029463 0.365000 28 103 109
-0.051564 -0.029463 0.365000 35 125 134
-0.050966 -0.029463 0.365000 41 134 142
-0.050368 -0.029463 0.365000 31 124 132
-0.049770 -0.029463 0.365000 14 108 116
-0.049307 -0.029543 0.366000 6 100 108
-0.048708 -0.029543 0.366000 0 91 102
-0.048108 -0.029543 0.366000 0 89 98
-0.047508 -0.029543 0.366000 5 93 103
-0.046909 -0.029543 0.366000 3 90 100
-0.046309 -0.029543 0.366000 5 93 103
-0.045709 -0.029543 0.366000 36 126 137
-0.045110 -0.029543 0.366000 46 140 150
-0.044389 -0.029463 0.365000 40 136 148
-0.043791 -0.029463 0.365000 49 150 160
-0.043193 -0.029463 0.365000 48 155 165
-0.042595 -0.029463 0.365000 43 158 165
-0.041997 -0.029463 0.365000 51 164 172
-0.041399 -0.029463 0.365000 68 166 177
-0.108988 -0.078702 0.975000 56 138 152
-0.107281 -0.078621 0.974000 43 101 121
-0.053358 -0.028863 0.365000 106 116 117
-0.052760 -0.028863 0.365000 85 116 119
-0.052162 -0.028863 0.365000 16 78 89
-0.051564 -0.028863 0.365000 21 100 113
-0.050966 -0.028863 0.365000 31 113 127
-0.050506 -0.028942 0.366000 9 95 108
-0.049907 -0.028942 0.366000 4 92 104
-0.049307 -0.028942 0.366000 1 91 102
-0.048708 -0.028942 0.366000 0 83 97
-0.048108 -0.028942 0.366000 0 89 100
-0.047508 -0.028942 0.366000 0 81 92
-0.046909 -0.028942 0.366000 19 111 124
-0.046183 -0.028863 0.365000 41 135 147
-0.045585 -0.028863 0.365000 44 142 155
-0.044987 -0.028863 0.365000 39 141 155
-0.044389 -0.028863 0.365000 37 145 158
-0.043791 -0.028863 0.365000 39 151 163
-0.043193 -0.028863 0.365000 31 149 159
-0.042478 -0.028784 0.364000 36 165 171
-0.041882 -0.028784 0.364000 34 161 168
-0.041285 -0.028784 0.364000 43 157 167
-0.040689 -0.028784 0.364000 42 140 151
-0.040093 -0.028784 0.364000 38 114 130
-0.105685 -0.077021 0.974000 44 99 119
-0.053358 -0.028264 0.365000 92 102 103
-0.052760 -0.028264 0.365000 89 120 125
-0.052162 -0.028264 0.365000 45 109 119
-0.051564 -0.028264 0.365000 17 99 113
-0.051106 -0.028341 0.366000 28 111 125
-0.050506 -0.028341 0.366000 16 104 118
-0.049907 -0.028341 0.366000 15 104 120
-0.049307 -0.028341 0.366000 0 92 107
-0.048708 -0.028341 0.366000 0 90 105
-0.048108 -0.028341 0.366000 0 88 102
-0.047508 -0.028341 0.366000 25 123 136
-0.046781 -0.028264 0.365000 35 136 148
-0.046183 -0.028264 0.365000 42 144 158
-0.045585 -0.028264 0.365000 35 143 156
-0.044987 -0.028264 0.365000 35 147 161
-0.044389 -0.028264 0.365000 35 151 166
-0.043791 -0.028264 0.365000 29 149 165
-0.043193 -0.028264 0.365000 29 155 169
-0.042478 -0.028186 0.364000 30 163 172
-0.041882 -0.028186 0.364000 32 163 171
-0.041285 -0.028186 0.364000 33 156 164
-0.040689 -0.028186 0.364000 38 146 158
-0.040093 -0.028186 0.364000 42 131 147
-0.039496 -0.028186 0.364000 63 134 152
-0.053504 -0.027740 0.366000 86 114 118
-0.052905 -0.027740 0.366000 83 133 140
-0.052305 -0.027740 0.366000 72 152 161
-0.051706 -0.027740 0.366000 43 139 151
-0.051106 -0.027740 0.366000 19 115 129
-0.050506 -0.027740 0.366000 18 116 129
-0.049770 -0.027664 0.365000 12 109 125
-0.049172 -0.027664 0.365000 4 104 119
-0.048574 -0.027664 0.365000 5 107 121
-0.047976 -0.027664 0.365000 27 133 146
-0.047378 -0.027664 0.365000 41 149 162
-0.046781 -0.027664 0.365000 43 155 167
-0.046183 -0.027664 0.365000 37 153 166
-0.045585 -0.027664 0.365000 26 146 160
-0.044987 -0.027664 0.365000 29 151 166
-0.044267 -0.027588 0.364000 28 151 167
-0.043671 -0.027588 0.364000 22 147 165
-0.043074 -0.027588 0.364000 33 159 174
-0.042478 -0.027588 0.364000 35 163 176
-0.041882 -0.027588 0.364000 34 162 173
-0.041285 -0.027588 0.364000 38 162 174
-0.040689 -0.027588 0.364000 30 147 157
-0.040093 -0.027588 0.364000 30 136 149
-0.039496 -0.027588 0.364000 50 142 155
-0.104303 -0.073973 0.976000 40 111 129
-0.053504 -0.027139 0.366000 103 150 156
-0.052905 -0.027139 0.366000 100 173 180
-0.052305 -0.027139 0.366000 57 155 164
-0.051706 -0.027139 0.366000 40 151 162
-0.051106 -0.027139 0.366000 12 122 135
-0.050368 -0.027065 0.365000 17 127 140
-0.049770 -0.027065 0.365000 23 133 148
-0.049172 -0.027065 0.365000 21 133 147
-0.048574 -0.027065 0.365000 29 142 156
-0.047976 -0.027065 0.365000 42 158 171
-0.047378 -0.027065 0.365000 42 163 174
-0.046781 -0.027065 0.365000 41 163 176
-0.046056 -0.026990 0.364000 33 159 171
-0.045460 -0.026990 0.364000 31 159 172
-0.044863 -0.026990 0.364000 32 162 176
-0.044267 -0.026990 0.364000 20 150 166
-0.043671 -0.026990 0.364000 17 146 165
-0.043074 -0.026990 0.364000 37 167 183
-0.042478 -0.026990 0.364000 34 161 176
-0.041882 -0.026990 0.364000 19 147 160
-0.041285 -0.026990 0.364000 43 169 183
-0.040689 -0.026990 0.364000 34 158 170
-0.040093 -0.026990 0.364000 32 150 160
-0.039496 -0.026990 0.364000 36 142 155
-0.104410 -0.072444 0.977000 44 132 146
-0.102809 -0.072444 0.977000 13 80 97
-0.054104 -0.026537 0.366000 104 143 148
-0.053504 -0.026537 0.366000 117 187 195
-0.052905 -0.026537 0.366000 59 157 166
-0.052305 -0.026537 0.366000 51 170 178
-0.051706 -0.026537 0.366000 34 162 171
-0.050966 -0.026465 0.365000 29 157 168
-0.050368 -0.026465 0.365000 32 160 171
-0.049770 -0.026465 0.365000 38 164 178
-0.049172 -0.026465 0.365000 33 159 173
-0.048574 -0.026465 0.365000 38 166 177
-0.047845 -0.026392 0.364000 38 166 177
-0.047249 -0.026392 0.364000 30 161 171
-0.046652 -0.026392 0.364000 35 167 179
-0.046056 -0.026392 0.364000 31 165 176
-0.045460 -0.026392 0.364000 30 164 176
-0.044863 -0.026392 0.364000 28 161 176
-0.044267 -0.026392 0.364000 4 137 154
-0.043671 -0.026392 0.364000 38 169 187
-0.043074 -0.026392 0.364000 36 167 185
-0.042478 -0.026392 0.364000 27 159 174
-0.041767 -0.026320 0.363000 26 158 170
-0.041172 -0.026320 0.363000 39 169 182
-0.040577 -0.026320 0.363000 30 158 169
-0.039982 -0.026320 0.363000 31 158 167
-0.039388 -0.026320 0.363000 30 147 157
-0.038793 -0.026320 0.363000 46 147 159
-0.102915 -0.070912 0.978000 26 105 120
-0.101312 -0.070912 0.978000 16 73 93
-0.054104 -0.025936 0.366000 120 173 177
-0.053504 -0.025936 0.366000 88 178 186
-0.052905 -0.025936 0.366000 43 160 169
-0.052305 -0.025936 0.366000 48 181 190
-0.051564 -0.025865 0.365000 32 170 180
-0.050966 -0.025865 0.365000 36 174 185
-0.050368 -0.025865 0.365000 32 170 181
-0.049634 -0.025795 0.364000 34 172 183
-0.049038 -0.025795 0.364000 35 173 184
-0.048441 -0.025795 0.364000 32 168 180
-0.047845 -0.025795 0.364000 31 167 179
-0.047249 -0.025795 0.364000 31 167 179
-0.046652 -0.025795 0.364000 26 162 174
-0.045929 -0.025724 0.363000 29 165 177
-0.045335 -0.025724 0.363000 28 164 178
-0.044740 -0.025724 0.363000 3 139 155
-0.044145 -0.025724 0.363000 1 134 151
-0.043551 -0.025724 0.363000 45 178 197
-0.042956 -0.025724 0.363000 28 161 178
-0.042361 -0.025724 0.363000 15 151 165
-0.041767 -0.025724 0.363000 24 160 172
-0.041172 -0.025724 0.363000 34 168 180
-0.040577 -0.025724 0.363000 32 164 176
-0.039982 -0.025724 0.363000 36 164 175
-0.039388 -0.025724 0.363000 36 157 168
-0.038793 -0.025724 0.363000 49 157 169
-0.038198 -0.025724 0.363000 19 111 126
-0.101416 -0.069376 0.979000 23 94 112
-0.099812 -0.069376 0.979000 12 64 85
-0.054104 -0.025335 0.366000 112 173 176
-0.053504 -0.025335 0.366000 67 170 177
-0.052905 -0.025335 0.366000 49 176 185
-0.052162 -0.025266 0.365000 49 185 197
-0.051564 -0.025266 0.365000 37 179 191
-0.050966 -0.025266 0.365000 45 187 199
-0.050230 -0.025197 0.364000 38 182 193
-0.049634 -0.025197 0.364000 30 174 185
-0.049038 -0.025197 0.364000 27 171 182
-0.048441 -0.025197 0.364000 27 169 181
-0.047714 -0.025127 0.363000 31 171 184
-0.047119 -0.025127 0.363000 26 164 177
-0.046524 -0.025127 0.363000 27 163 177
-0.045929 -0.025127 0.363000 32 164 179
-0.045335 -0.025127 0.363000 30 162 177
-0.044740 -0.025127 0.363000 2 133 151
-0.044145 -0.025127 0.363000 6 139 156
-0.043551 -0.025127 0.363000 40 173 192
-0.042956 -0.025127 0.363000 24 160 176
-0.042361 -0.025127 0.363000 7 145 158
-0.041767 -0.025127 0.363000 36 174 185
-0.041172 -0.025127 0.363000 34 170 182
-0.040577 -0.025127 0.363000 35 167 179
-0.039982 -0.025127 0.363000 40 166 180
-0.039388 -0.025127 0.363000 41 161 175
-0.038793 -0.025127 0.363000 47 159 173
-0.038198 -0.025127 0.363000 25 127 141
-0.101416 -0.067768 0.979000 36 124 138
-0.099812 -0.067768 0.979000 44 113 129
-0.098208 -0.067768 0.979000 26 77 96
-0.053956 -0.024666 0.365000 101 171 173
-0.053358 -0.024666 0.365000 61 170 177
-0.052760 -0.024666 0.365000 67 200 209
-0.052162 -0.024666 0.365000 53 193 206
-0.051564 -0.024666 0.365000 39 182 196
-0.050827 -0.024599 0.364000 36 182 195
-0.050230 -0.024599 0.364000 41 189 201
-0.049634 -0.024599 0.364000 38 186 198
-0.048903 -0.024531 0.363000 31 179 191
-0.048308 -0.024531 0.363000 31 177 190
-0.047714 -0.024531 0.363000 30 173 187
-0.047119 -0.024531 0.363000 30 170 183
-0.046524 -0.024531 0.363000 34 170 184
-0.045929 -0.024531 0.363000 35 167 182
-0.045335 -0.024531 0.363000 26 158 173
-0.044617 -0.024464 0.362000 6 137 155
-0.044024 -0.024464 0.362000 5 138 155
-0.043431 -0.024464 0.362000 11 146 165
-0.042956 -0.024531 0.363000 10 147 165
-0.042361 -0.024531 0.363000 2 142 157
-0.041767 -0.024531 0.363000 37 177 190
-0.041172 -0.024531 0.363000 35 171 185
-0.040577 -0.024531 0.363000 37 169 182
-0.039982 -0.024531 0.363000 39 165 180
-0.039388 -0.024531 0.363000 42 164 179
-0.038793 -0.024531 0.363000 38 156 170
-0.038198 -0.024531 0.363000 26 138 152
-0.101416 -0.066160 0.979000 27 129 143
-0.099812 -0.066160 0.979000 30 118 132
-0.098208 -0.066160 0.979000 34 99 117
-0.053956 -0.024067 0.365000 89 162 168
-0.053358 -0.024067 0.365000 57 168 177
-0.052760 -0.024067 0.365000 47 179 191
-0.052162 -0.024067 0.365000 64 204 219
-0.051564 -0.024067 0.365000 49 195 210
-0.050827 -0.024001 0.364000 42 192 206
-0.050230 -0.024001 0.364000 38 190 203
-0.049498 -0.023935 0.363000 27 179 192
-0.048903 -0.023935 0.363000 19 171 184
-0.048308 -0.023935 0.363000 19 169 183
-0.047714 -0.023935 0.363000 24 170 183
-0.046989 -0.023869 0.362000 31 173 185
-0.046396 -0.023869 0.362000 22 162 175
-0.045803 -0.023869 0.362000 29 165 179
-0.045210 -0.023869 0.362000 15 151 165
-0.044617 -0.023869 0.362000 0 136 152
-0.044024 -0.023869 0.362000 1 138 154
-0.043431 -0.023869 0.362000 0 137 154
-0.042838 -0.023869 0.362000 0 138 155
-0.042245 -0.023869 0.362000 0 138 153
-0.041652 -0.023869 0.362000 29 166 182
-0.041058 -0.023869 0.362000 33 169 185
-0.040465 -0.023869 0.362000 39 171 186
-0.039872 -0.023869 0.362000 39 166 183
-0.039279 -0.023869 0.362000 46 169 187
-0.038686 -0.023869 0.362000 27 150 166
-0.038093 -0.023869 0.362000 19 141 154
-0.037500 -0.023869 0.362000 38 154 167
-0.099812 -0.064552 0.979000 43 147 160
-0.098208 -0.064552 0.979000 40 123 139
-0.096604 -0.064552 0.979000 22 85 103
-0.053956 -0.023467 0.365000 83 160 168
-0.053358 -0.023467 0.365000 60 171 182
-0.052760 -0.023467 0.365000 29 161 174
-0.052019 -0.023403 0.364000 26 168 182
-0.051423 -0.023403 0.364000 11 161 175
-0.050827 -0.023403 0.364000 18 168 182
-0.050092 -0.023339 0.363000 19 171 184
-0.049498 -0.023339 0.363000 25 177 190
-0.048903 -0.023339 0.363000 37 189 202
-0.048175 -0.023274 0.362000 25 175 189
-0.047582 -0.023274 0.362000 26 174 188
-0.046989 -0.023274 0.362000 27 170 184
-0.046396 -0.023274 0.362000 20 162 174
-0.045803 -0.023274 0.362000 26 166 179
-0.045210 -0.023274 0.362000 11 149 162
-0.044617 -0.023274 0.362000 3 140 156
-0.044024 -0.023274 0.362000 5 145 162
-0.043431 -0.023274 0.362000 0 138 157
-0.042838 -0.023274 0.362000 0 135 152
-0.042245 -0.023274 0.362000 0 132 150
-0.041652 -0.023274 0.362000 28 165 181
-0.041058 -0.023274 0.362000 36 172 188
-0.040465 -0.023274 0.362000 34 167 184
-0.039872 -0.023274 0.362000 40 171 189
-0.039279 -0.023274 0.362000 40 171 189
-0.038579 -0.023210 0.361000 12 144 159
-0.037988 -0.023210 0.361000 24 154 168
-0.037396 -0.023210 0.361000 42 168 182
-0.099812 -0.062944 0.979000 23 139 152
-0.098208 -0.062944 0.979000 35 135 150
-0.096604 -0.062944 0.979000 29 108 123
-0.095000 -0.062944 0.979000 19 78 96
-0.053956 -0.022868 0.365000 92 171 184
-0.053212 -0.022805 0.364000 53 165 179
-0.052616 -0.022805 0.364000 39 171 186
-0.052019 -0.022805 0.364000 19 165 178
-0.051423 -0.022805 0.364000 19 171 184
-0.050687 -0.022742 0.363000 34 186 199
-0.050092 -0.022742 0.363000 36 188 201
-0.049361 -0.022680 0.362000 39 191 204
-0.048768 -0.022680 0.362000 45 195 209
-0.048175 -0.022680 0.362000 24 174 188
-0.047582 -0.022680 0.362000 25 173 187
-0.046989 -0.022680 0.362000 26 172 185
-0.046268 -0.022617 0.361000 29 175 188
-0.045676 -0.022617 0.361000 27 170 184
-0.045085 -0.022617 0.361000 12 154 168
-0.044494 -0.022617 0.361000 9 149 166
-0.043902 -0.022617 0.361000 6 146 163
-0.043311 -0.022617 0.361000 0 136 155
-0.042719 -0.022617 0.361000 0 132 150
-0.042245 -0.022680 0.362000 0 134 152
-0.041536 -0.022617 0.361000 24 164 179
-0.040945 -0.022617 0.361000 36 176 193
-0.040354 -0.022617 0.361000 28 168 185
-0.039762 -0.022617 0.361000 31 171 188
-0.039171 -0.022617 0.361000 28 168 185
-0.038472 -0.022554 0.360000 10 150 167
-0.037883 -0.022554 0.360000 32 168 182
-0.037293 -0.022554 0.360000 27 159 172
-0.099812 -0.061336 0.979000 17 141 153
-0.098208 -0.061336 0.979000 34 151 161
-0.096604 -0.061336 0.979000 50 151 161
-0.095000 -0.061336 0.979000 26 105 118
-0.053808 -0.022207 0.364000 84 167 183
-0.053212 -0.022207 0.364000 57 168 185
-0.052616 -0.022207 0.364000 46 178 193
-0.052019 -0.022207 0.364000 46 189 203
-0.051282 -0.022146 0.363000 41 191 205
-0.050687 -0.022146 0.363000 38 188 202
-0.049954 -0.022085 0.362000 39 189 203
-0.049361 -0.022085 0.362000 40 190 204
-0.048768 -0.022085 0.362000 41 191 205
-0.048042 -0.022024 0.361000 31 179 193
-0.047451 -0.022024 0.361000 34 182 196
-0.046859 -0.022024 0.361000 14 160 173
-0.046268 -0.022024 0.361000 21 167 180
-0.045676 -0.022024 0.361000 15 158 172
-0.045085 -0.022024 0.361000 12 154 168
-0.044494 -0.022024 0.361000 10 150 167
-0.043902 -0.022024 0.361000 9 146 164
-0.043311 -0.022024 0.361000 12 147 167
-0.042719 -0.022024 0.361000 7 144 162
-0.042128 -0.022024 0.361000 0 137 155
-0.041536 -0.022024 0.361000 8 148 165
-0.040945 -0.022024 0.361000 34 175 192
-0.040242 -0.021963 0.360000 32 175 191
-0.039652 -0.021963 0.360000 17 163 178
-0.039062 -0.021963 0.360000 22 168 183
-0.038366 -0.021902 0.359000 23 166 182
-0.037777 -0.021902 0.359000 25 167 181
-0.037086 -0.021841 0.358000 33 171 184
-0.036499 -0.021841 0.358000 15 149 160
-0.035913 -0.021841 0.358000 33 160 169
-0.096604 -0.059728 0.979000 39 153 163
-0.095000 -0.059728 0.979000 43 137 149
-0.093301 -0.059667 0.978000 9 82 97
-0.053808 -0.021609 0.364000 80 162 183
-0.053212 -0.021609 0.364000 58 169 188
-0.052471 -0.021550 0.363000 43 175 190
-0.051876 -0.021550 0.363000 47 187 200
-0.051282 -0.021550 0.363000 27 170 184
-0.050547 -0.021491 0.362000 37 183 196
-0.049954 -0.021491 0.362000 43 191 203
-0.049361 -0.021491 0.362000 39 190 201
-0.048634 -0.021431 0.361000 37 189 200
-0.048042 -0.021431 0.361000 40 190 204
-0.047451 -0.021431 0.361000 33 181 195
-0.046859 -0.021431 0.361000 5 148 164
-0.046268 -0.021431 0.361000 38 179 196
-0.045550 -0.021372 0.360000 10 150 167
-0.044960 -0.021372 0.360000 23 160 178
-0.044370 -0.021372 0.360000 14 149 168
-0.043902 -0.021431 0.361000 17 152 171
-0.043311 -0.021431 0.361000 11 146 165
-0.042601 -0.021372 0.360000 14 151 169
-0.042011 -0.021372 0.360000 7 144 162
-0.041421 -0.021372 0.360000 0 140 157
-0.040832 -0.021372 0.360000 10 153 169
-0.040130 -0.021312 0.359000 15 161 176
-0.039542 -0.021312 0.359000 20 168 182
-0.038954 -0.021312 0.359000 19 167 181
-0.038259 -0.021253 0.358000 26 174 188
-0.037672 -0.021253 0.358000 22 170 184
-0.037086 -0.021253 0.358000 23 169 182
-0.036397 -0.021194 0.357000 23 165 177
-0.035812 -0.021194 0.357000 19 153 164
-0.035228 -0.021194 0.357000 25 145 159
-0.034643 -0.021194 0.357000 49 151 165
-0.093301 -0.058060 0.978000 32 115 131
-0.091699 -0.058060 0.978000 18 81 99
-0.053808 -0.021011 0.364000 93 178 199
-0.053066 -0.020954 0.363000 59 172 190
-0.052471 -0.020954 0.363000 46 178 193
-0.051876 -0.020954 0.363000 47 185 198
-0.051282 -0.020954 0.363000 50 192 204
-0.050547 -0.020896 0.362000 45 191 204
-0.049954 -0.020896 0.362000 46 194 206
-0.049225 -0.020838 0.361000 33 185 196
-0.048634 -0.020838 0.361000 32 184 195
-0.048042 -0.020838 0.361000 33 183 197
-0.047319 -0.020780 0.360000 24 172 186
-0.046729 -0.020780 0.360000 11 154 170
-0.046140 -0.020780 0.360000 38 178 195
-0.045550 -0.020780 0.360000 27 164 182
-0.044960 -0.020780 0.360000 34 169 188
-0.044370 -0.020780 0.360000 16 149 168
-0.043781 -0.020780 0.360000 30 163 180
-0.043191 -0.020780 0.360000 19 154 173
-0.042601 -0.020780 0.360000 16 151 170
-0.041894 -0.020723 0.359000 18 155 173
-0.041306 -0.020723 0.359000 0 138 155
-0.040718 -0.020723 0.359000 6 149 165
-0.040130 -0.020723 0.359000 12 158 173
-0.039432 -0.020665 0.358000 18 166 178
-0.038845 -0.020665 0.358000 15 166 177
-0.038152 -0.020607 0.357000 33 183 197
-0.037567 -0.020607 0.357000 25 175 189
-0.036982 -0.020607 0.357000 27 175 187
-0.036295 -0.020550 0.356000 35 178 192
-0.035712 -0.020550 0.356000 15 151 165
-0.035129 -0.020550 0.356000 13 136 151
-0.034546 -0.020550 0.356000 17 125 138
-0.093397 -0.056511 0.979000 31 123 138
-0.091793 -0.056511 0.979000 51 124 141
-0.090097 -0.056454 0.978000 25 82 101
-0.053808 -0.020413 0.364000 47 135 155
-0.053066 -0.020357 0.363000 65 183 197
-0.052471 -0.020357 0.363000 42 176 188
-0.051876 -0.020357 0.363000 35 175 188
-0.051282 -0.020357 0.363000 46 189 203
-0.050547 -0.020301 0.362000 38 186 200
-0.049954 -0.020301 0.362000 42 192 206
-0.049225 -0.020245 0.361000 40 192 205
-0.048634 -0.020245 0.361000 33 185 198
-0.047909 -0.020189 0.360000 30 180 194
-0.047319 -0.020189 0.360000 31 179 193
-0.046729 -0.020189 0.360000 23 166 182
-0.046140 -0.020189 0.360000 36 176 193
-0.045550 -0.020189 0.360000 27 164 180
-0.044835 -0.020133 0.359000 37 173 189
-0.044247 -0.020133 0.359000 24 157 174
-0.043659 -0.020133 0.359000 35 168 183
-0.043071 -0.020133 0.359000 25 161 177
-0.042364 -0.020077 0.358000 22 158 174
-0.041778 -0.020077 0.358000 24 159 178
-0.041191 -0.020077 0.358000 6 143 161
-0.040605 -0.020077 0.358000 0 140 157
-0.040018 -0.020077 0.358000 1 144 158
-0.039322 -0.020021 0.357000 15 163 175
-0.038737 -0.020021 0.357000 25 176 187
-0.038045 -0.019965 0.356000 48 198 212
-0.037462 -0.019965 0.356000 34 182 196
-0.036879 -0.019965 0.356000 13 159 174
-0.036193 -0.019909 0.355000 3 145 159
-0.035612 -0.019909 0.355000 6 139 154
-0.035030 -0.019909 0.355000 10 133 148
-0.034449 -0.019909 0.355000 9 121 135
-0.053808 -0.019816 0.364000 50 141 159
-0.053066 -0.019761 0.363000 73 191 205
-0.052471 -0.019761 0.363000 43 177 189
-0.051876 -0.019761 0.363000 44 186 200
-0.051141 -0.019707 0.362000 48 194 207
-0.050547 -0.019707 0.362000 40 190 204
-0.049816 -0.019652 0.361000 27 179 192
-0.049225 -0.019652 0.361000 34 188 200
-0.048499 -0.019598 0.360000 35 189 201
-0.047909 -0.019598 0.360000 32 184 197
-0.047319 -0.019598 0.360000 33 181 195
-0.046600 -0.019543 0.359000 35 178 194
-0.046012 -0.019543 0.359000 43 184 201
-0.045423 -0.019543 0.359000 26 163 179
-0.044835 -0.019543 0.359000 34 170 186
-0.044124 -0.019489 0.358000 30 166 180
-0.043537 -0.019489 0.358000 31 167 181
-0.042951 -0.019489 0.358000 31 167 181
-0.042246 -0.019435 0.357000 31 167 181
-0.041544 -0.019380 0.356000 36 172 188
-0.040961 -0.019380 0.356000 9 146 164
-0.040378 -0.019380 0.356000 0 138 153
-0.039795 -0.019380 0.356000 9 152 166
-0.039101 -0.019326 0.355000 36 184 196
-0.038520 -0.019326 0.355000 42 193 204
-0.037938 -0.019326 0.355000 31 181 195
-0.037357 -0.019326 0.355000 17 165 179
-0.036775 -0.019326 0.355000 27 168 185
-0.036091 -0.019271 0.354000 12 148 164
-0.035511 -0.019271 0.354000 0 130 146
-0.035030 -0.019326 0.355000 1 123 138
-0.034449 -0.019326 0.355000 16 126 141
-0.033772 -0.019271 0.354000 15 115 130
-0.033192 -0.019271 0.354000 18 104 119
-0.053661 -0.019165 0.363000 38 129 148
-0.053066 -0.019165 0.363000 74 189 207
-0.052471 -0.019165 0.363000 50 184 196
-0.051734 -0.019112 0.362000 33 176 190
-0.051141 -0.019112 0.362000 35 185 199
-0.050408 -0.019059 0.361000 35 185 199
-0.049816 -0.019059 0.361000 29 181 194
-0.049225 -0.019059 0.361000 37 190 204
-0.048499 -0.019006 0.360000 36 189 203
-0.047909 -0.019006 0.360000 33 185 199
-0.047188 -0.018954 0.359000 25 175 190
-0.046600 -0.018954 0.359000 35 181 196
-0.045883 -0.018901 0.358000 46 187 204
-0.045297 -0.018901 0.358000 38 175 191
-0.044710 -0.018901 0.358000 33 170 186
-0.044001 -0.018848 0.357000 31 169 182
-0.043294 -0.018795 0.356000 27 165 176
-0.042711 -0.018795 0.356000 31 169 180
-0.042128 -0.018795 0.356000 29 167 178
-0.041428 -0.018743 0.355000 20 160 175
-0.040731 -0.018690 0.354000 25 165 180
-0.040151 -0.018690 0.354000 20 161 178
-0.039571 -0.018690 0.354000 32 178 193
-0.038881 -0.018637 0.353000 43 193 207
-0.038303 -0.018637 0.353000 26 178 191
-0.037724 -0.018637 0.353000 27 177 192
-0.037146 -0.018637 0.353000 5 150 167
-0.036568 -0.018637 0.353000 7 142 161
-0.035989 -0.018637 0.353000 8 135 154
-0.035511 -0.018690 0.354000 4 125 144
-0.034931 -0.018690 0.354000 0 107 125
-0.034352 -0.018690 0.354000 1 107 121
-0.033772 -0.018690 0.354000 7 103 117
-0.033192 -0.018690 0.354000 10 93 109
-0.053661 -0.018569 0.363000 21 109 131
-0.053066 -0.018569 0.363000 77 190 208
-0.052327 -0.018517 0.362000 50 182 197
-0.051734 -0.018517 0.362000 41 184 198
-0.051141 -0.018517 0.362000 35 185 199
-0.050408 -0.018466 0.361000 17 169 182
-0.049816 -0.018466 0.361000 25 177 190
-0.049089 -0.018415 0.360000 26 179 193
-0.048499 -0.018415 0.360000 26 179 193
-0.047776 -0.018364 0.359000 30 182 196
-0.047188 -0.018364 0.359000 20 170 185
-0.046470 -0.018313 0.358000 37 182 199
-0.045883 -0.018313 0.358000 35 178 194
-0.045170 -0.018262 0.357000 46 186 203
-0.044461 -0.018211 0.356000 43 183 198
-0.043754 -0.018159 0.355000 38 178 191
-0.043172 -0.018159 0.355000 33 174 184
-0.042591 -0.018159 0.355000 30 171 181
-0.042128 -0.018211 0.356000 28 169 179
-0.041194 -0.018057 0.353000 23 165 179
-0.040616 -0.018057 0.353000 23 166 182
-0.039924 -0.018006 0.352000 54 197 213
-0.039348 -0.018006 0.352000 39 185 200
-0.038771 -0.018006 0.352000 37 189 202
-0.038086 -0.017955 0.351000 38 190 204
-0.037511 -0.017955 0.351000 28 178 193
-0.036936 -0.017955 0.351000 7 148 166
-0.036464 -0.018006 0.352000 1 130 151
-0.035887 -0.018006 0.352000 5 124 146
-0.035311 -0.018006 0.352000 0 106 126
-0.034833 -0.018057 0.353000 0 105 123
-0.034254 -0.018057 0.353000 6 106 122
-0.033676 -0.018057 0.353000 9 98 114
-0.033098 -0.018057 0.353000 11 88 104
-0.053661 -0.017972 0.363000 8 94 117
-0.052920 -0.017923 0.362000 80 191 211
-0.052327 -0.017923 0.362000 43 174 192
-0.051734 -0.017923 0.362000 35 178 194
-0.050999 -0.017873 0.361000 36 186 200
-0.050408 -0.017873 0.361000 19 171 185
-0.049816 -0.017873 0.361000 22 174 188
-0.049089 -0.017824 0.360000 26 179 193
-0.048499 -0.017824 0.360000 35 188 202
-0.047776 -0.017774 0.359000 38 189 206
-0.047056 -0.017725 0.358000 17 167 184
-0.046470 -0.017725 0.358000 40 187 205
-0.045755 -0.017675 0.357000 35 180 197
-0.045044 -0.017626 0.356000 49 192 209
-0.044336 -0.017576 0.355000 54 195 212
-0.043754 -0.017576 0.355000 49 191 205
-0.043051 -0.017527 0.354000 41 183 195
-0.042471 -0.017527 0.354000 33 175 187
-0.040961 -0.017378 0.351000 33 179 194
-0.040386 -0.017378 0.351000 35 182 198
-0.039697 -0.017329 0.350000 68 211 228
-0.039124 -0.017329 0.350000 63 208 225
-0.038551 -0.017329 0.350000 43 195 209
-0.037977 -0.017329 0.350000 34 185 202
-0.037404 -0.017329 0.350000 29 176 194
-0.036830 -0.017329 0.350000 17 156 175
-0.036257 -0.017329 0.350000 16 138 161
-0.035786 -0.017378 0.351000 3 115 137
-0.035210 -0.017378 0.351000 0 104 125
-0.034635 -0.017378 0.351000 0 91 110
-0.034157 -0.017428 0.352000 0 92 109
-0.033581 -0.017428 0.352000 24 107 123
-0.033098 -0.017477 0.353000 40 107 124
-0.053661 -0.017376 0.363000 6 90 114
-0.052920 -0.017328 0.362000 64 173 194
-0.052327 -0.017328 0.362000 36 165 184
-0.051734 -0.017328 0.362000 32 173 190
-0.050999 -0.017280 0.361000 29 179 193
-0.050408 -0.017280 0.361000 26 176 191
-0.049678 -0.017233 0.360000 22 174 188
-0.049089 -0.017233 0.360000 31 183 197
-0.048364 -0.017185 0.359000 33 186 200
-0.047643 -0.017137 0.358000 36 187 204
-0.046925 -0.017089 0.357000 25 176 193
-0.046210 -0.017041 0.356000 33 183 200
-0.045499 -0.016993 0.355000 48 195 213
-0.044791 -0.016945 0.354000 48 193 212
-0.044211 -0.016945 0.354000 50 195 212
-0.043508 -0.016897 0.353000 45 191 206
-0.042808 -0.016850 0.352000 36 182 197
-0.042111 -0.016802 0.351000 31 177 192
-0.041418 -0.016754 0.350000 41 187 202
-0.040728 -0.016706 0.349000 45 192 208
-0.040156 -0.016706 0.349000 61 208 224
-0.039584 -0.016706 0.349000 61 204 221
-0.038900 -0.016658 0.348000 70 215 234
-0.038330 -0.016658 0.348000 45 195 212
-0.037760 -0.016658 0.348000 36 186 203
-0.037297 -0.016706 0.349000 38 183 202
-0.036725 -0.016706 0.349000 27 164 183
-0.036153 -0.016706 0.349000 32 152 176
-0.035684 -0.016754 0.350000 0 110 133
-0.035110 -0.016754 0.350000 0 94 116
-0.034635 -0.016802 0.351000 0 90 107
-0.034060 -0.016802 0.351000 0 88 106
-0.033581 -0.016850 0.352000 23 102 119
-0.092168 -0.047054 0.983000 67 130 148
-0.052920 -0.016734 0.362000 53 159 181
-0.052327 -0.016734 0.362000 34 159 177
-0.051591 -0.016687 0.361000 35 175 190
-0.050999 -0.016687 0.361000 29 177 189
-0.050408 -0.016687 0.361000 40 188 202
-0.049678 -0.016641 0.360000 29 179 194
-0.048952 -0.016595 0.359000 36 188 202
-0.048229 -0.016549 0.358000 44 195 212
-0.047510 -0.016502 0.357000 44 197 215
-0.046793 -0.016456 0.356000 40 191 210
-0.046080 -0.016410 0.355000 41 192 211
-0.045499 -0.016410 0.355000 50 199 219
-0.044664 -0.016318 0.353000 46 195 215
-0.043961 -0.016271 0.352000 41 190 210
-0.043384 -0.016271 0.352000 40 187 205
-0.042564 -0.016179 0.350000 38 185 203
-0.041871 -0.016133 0.349000 36 183 199
-0.041299 -0.016133 0.349000 45 192 208
-0.040611 -0.016086 0.348000 34 184 201
-0.040041 -0.016086 0.348000 55 202 220
-0.039357 -0.016040 0.347000 19 161 181
-0.038789 -0.016040 0.347000 59 201 223
-0.038220 -0.016040 0.347000 48 195 215
-0.037760 -0.016086 0.348000 41 188 206
-0.037190 -0.016086 0.348000 31 173 193
-0.036620 -0.016086 0.348000 34 169 188
-0.036153 -0.016133 0.349000 32 154 175
-0.035582 -0.016133 0.349000 10 122 142
-0.035010 -0.016133 0.349000 2 109 127
-0.034537 -0.016179 0.350000 8 108 123
-0.033963 -0.016179 0.350000 8 101 116
-0.093683 -0.045393 0.982000 35 114 129
-0.092168 -0.045440 0.983000 47 110 128
-0.052920 -0.016139 0.362000 66 167 187
-0.052182 -0.016094 0.361000 33 154 171
-0.051591 -0.016094 0.361000 23 160 176
-0.050999 -0.016094 0.361000 38 184 197
-0.050408 -0.016094 0.361000 42 188 203
-0.049678 -0.016050 0.360000 37 185 199
-0.048816 -0.015961 0.358000 33 183 200
-0.048095 -0.015916 0.357000 46 197 214
-0.047377 -0.015872 0.356000 42 195 213
-0.046793 -0.015872 0.356000 43 196 214
-0.046080 -0.015827 0.355000 49 201 222
-0.045499 -0.015827 0.355000 54 206 227
-0.044664 -0.015738 0.353000 38 190 211
-0.043961 -0.015693 0.352000 39 190 211
-0.043015 -0.015559 0.349000 36 187 208
-0.042321 -0.015515 0.348000 41 190 210
-0.041751 -0.015515 0.348000 47 196 216
-0.041063 -0.015470 0.347000 28 178 195
-0.040494 -0.015470 0.347000 20 170 187
-0.039926 -0.015470 0.347000 53 200 218
-0.039244 -0.015426 0.346000 10 152 174
-0.038677 -0.015426 0.346000 55 197 219
-0.038110 -0.015426 0.346000 31 176 197
-0.037652 -0.015470 0.347000 29 174 193
-0.037083 -0.015470 0.347000 20 161 179
-0.036515 -0.015470 0.347000 18 153 172
-0.036050 -0.015515 0.348000 22 145 163
-0.035480 -0.015515 0.348000 11 126 144
-0.035010 -0.015559 0.349000 14 124 139
-0.034438 -0.015559 0.349000 28 132 145
-0.033866 -0.015559 0.349000 30 126 138
-0.093778 -0.043825 0.983000 9 92 106
-0.092261 -0.043870 0.984000 14 79 97
-0.052920 -0.015544 0.362000 64 159 177
-0.052182 -0.015501 0.361000 32 147 165
-0.051591 -0.015501 0.361000 29 162 177
-0.050999 -0.015501 0.361000 41 184 198
-0.050268 -0.015459 0.360000 38 184 199
-0.049540 -0.015416 0.359000 41 189 203
-0.048816 -0.015373 0.358000 27 177 194
-0.047960 -0.015287 0.356000 41 192 209
-0.047244 -0.015244 0.355000 42 195 213
-0.046662 -0.015244 0.355000 33 188 208
-0.042891 -0.014943 0.348000 41 192 213
-0.042200 -0.014900 0.347000 39 190 211
-0.041631 -0.014900 0.347000 42 191 213
-0.040944 -0.014857 0.346000 36 185 205
-0.040377 -0.014857 0.346000 18 169 186
-0.039811 -0.014857 0.346000 41 191 208
-0.039244 -0.014857 0.346000 0 139 160
-0.038677 -0.014857 0.346000 32 177 198
-0.038110 -0.014857 0.346000 18 163 182
-0.037543 -0.014857 0.346000 6 151 170
-0.036976 -0.014857 0.346000 8 149 167
-0.036515 -0.014900 0.347000 2 138 154
-0.035946 -0.014900 0.347000 3 129 144
-0.035480 -0.014943 0.348000 2 120 134
-0.034910 -0.014943 0.348000 3 117 128
-0.034339 -0.014943 0.348000 10 116 129
-0.033866 -0.014986 0.349000 44 142 153
-0.033295 -0.014986 0.349000 47 135 147
-0.032723 -0.014986 0.349000 18 89 107
-0.052774 -0.014908 0.361000 65 158 175
-0.052182 -0.014908 0.361000 55 168 184
-0.051591 -0.014908 0.361000 23 155 170
-0.050999 -0.014908 0.361000 33 176 190
-0.050268 -0.014867 0.360000 34 180 195
-0.049402 -0.014785 0.358000 45 193 207
-0.048816 -0.014785 0.358000 41 191 208
-0.047960 -0.014702 0.356000 40 193 209
-0.047244 -0.014661 0.355000 43 198 218
-0.046662 -0.014661 0.355000 29 186 205
-0.044730 -0.014413 0.349000 37 193 215
-0.044032 -0.014372 0.348000 41 196 218
-0.043337 -0.014330 0.347000 45 197 218
-0.042768 -0.014330 0.347000 40 191 212
-0.042078 -0.014289 0.346000 41 190 212
-0.041511 -0.014289 0.346000 36 185 207
-0.040944 -0.014289 0.346000 36 185 205
-0.040377 -0.014289 0.346000 25 175 192
-0.039811 -0.014289 0.346000 21 171 188
-0.039244 -0.014289 0.346000 0 127 146
-0.038677 -0.014289 0.346000 3 148 167
-0.038110 -0.014289 0.346000 26 168 188
-0.037543 -0.014289 0.346000 0 138 156
-0.036976 -0.014289 0.346000 7 144 162
-0.036409 -0.014289 0.346000 0 130 145
-0.035946 -0.014330 0.347000 2 125 140
-0.035378 -0.014330 0.347000 0 116 128
-0.034809 -0.014330 0.347000 0 110 121
-0.034339 -0.014372 0.348000 12 120 132
-0.033769 -0.014372 0.348000 36 138 150
-0.033199 -0.014372 0.348000 40 132 145
-0.032723 -0.014413 0.349000 63 142 159
-0.090741 -0.040678 0.985000 9 74 96
-0.052774 -0.014316 0.361000 67 160 177
-0.052182 -0.014316 0.361000 55 171 186
-0.051591 -0.014316 0.361000 25 158 173
-0.050999 -0.014316 0.361000 44 187 201
-0.050129 -0.014236 0.359000 39 185 200
-0.049264 -0.014157 0.357000 43 191 205
-0.048680 -0.014157 0.357000 50 200 217
-0.046136 -0.013919 0.351000 33 190 209
-0.045302 -0.013840 0.349000 31 187 209
-0.044602 -0.013800 0.348000 31 187 209
-0.043905 -0.013760 0.347000 47 202 222
-0.043212 -0.013721 0.346000 58 210 231
-0.042645 -0.013721 0.346000 54 205 226
-0.041956 -0.013681 0.345000 47 196 216
-0.041391 -0.013681 0.345000 32 177 198
-0.040826 -0.013681 0.345000 34 179 198
-0.040261 -0.013681 0.345000 37 182 199
-0.039695 -0.013681 0.345000 25 170 187
-0.039130 -0.013681 0.345000 0 141 158
-0.038565 -0.013681 0.345000 0 138 155
-0.038000 -0.013681 0.345000 26 167 185
-0.037543 -0.013721 0.346000 0 136 154
-0.036976 -0.013721 0.346000 4 136 151
-0.036409 -0.013721 0.346000 0 124 139
-0.035843 -0.013721 0.346000 0 118 132
-0.035378 -0.013760 0.347000 1 114 128
-0.034809 -0.013760 0.347000 0 106 118
-0.034241 -0.013760 0.347000 20 128 140
-0.033672 -0.013760 0.347000 36 140 153
-0.033199 -0.013800 0.348000 42 139 155
-0.032629 -0.013800 0.348000 55 144 162
-0.032059 -0.013800 0.348000 56 132 155
-0.052774 -0.013723 0.361000 78 175 192
-0.052182 -0.013723 0.361000 54 174 190
-0.051591 -0.013723 0.361000 27 163 177
-0.050999 -0.013723 0.361000 44 190 203
-0.050129 -0.013647 0.359000 37 183 198
-0.049264 -0.013570 0.357000 38 185 201
-0.048680 -0.013570 0.357000 39 190 207
-0.046136 -0.013342 0.351000 38 197 216
-0.045042 -0.013190 0.347000 23 182 203
-0.044345 -0.013152 0.346000 45 204 223
-0.043652 -0.013114 0.345000 34 191 210
-0.043087 -0.013114 0.345000 13 166 184
-0.042522 -0.013114 0.345000 3 152 172
-0.041956 -0.013114 0.345000 2 149 167
-0.041391 -0.013114 0.345000 2 144 164
-0.040826 -0.013114 0.345000 8 149 167
-0.040261 -0.013114 0.345000 12 149 167
-0.039695 -0.013114 0.345000 19 156 172
-0.039130 -0.013114 0.345000 15 152 168
-0.038565 -0.013114 0.345000 9 146 162
-0.038000 -0.013114 0.345000 18 151 168
-0.037435 -0.013114 0.345000 5 134 153
-0.036869 -0.013114 0.345000 0 121 137
-0.036409 -0.013152 0.346000 0 117 134
-0.035843 -0.013152 0.346000 1 113 127
-0.035276 -0.013152 0.346000 0 104 117
-0.034809 -0.013190 0.347000 0 109 122
-0.034241 -0.013190 0.347000 13 121 133
-0.033672 -0.013190 0.347000 32 140 153
-0.033104 -0.013190 0.347000 32 138 152
-0.032535 -0.013190 0.347000 48 149 167
-0.032059 -0.013228 0.348000 74 165 186
-0.031489 -0.013228 0.348000 42 117 138
-0.052182 -0.013130 0.361000 52 177 195
-0.051591 -0.013130 0.361000 37 174 190
-0.050999 -0.013130 0.361000 43 189 204
-0.050129 -0.013057 0.359000 43 188 205
-0.049540 -0.013057 0.359000 42 192 207
-0.044782 -0.012548 0.345000 15 174 193
-0.044217 -0.012548 0.345000 20 179 198
-0.043652 -0.012548 0.345000 13 170 187
-0.042962 -0.012511 0.344000 27 180 196
-0.042398 -0.012511 0.344000 28 178 195
-0.041956 -0.012548 0.345000 15 160 177
-0.041271 -0.012511 0.344000 4 145 163
-0.040708 -0.012511 0.344000 0 128 147
-0.040261 -0.012548 0.345000 0 116 133
-0.039695 -0.012548 0.345000 0 115 133
-0.039130 -0.012548 0.345000 4 131 148
-0.038565 -0.012548 0.345000 14 141 158
-0.038000 -0.012548 0.345000 12 137 155
-0.037435 -0.012548 0.345000 9 130 147
-0.036869 -0.012548 0.345000 0 111 129
-0.036409 -0.012584 0.346000 2 112 129
-0.035843 -0.012584 0.346000 0 96 112
-0.035276 -0.012584 0.346000 0 103 117
-0.034709 -0.012584 0.346000 7 113 127
-0.034142 -0.012584 0.346000 18 126 139
-0.033575 -0.012584 0.346000 21 133 147
-0.033104 -0.012620 0.347000 28 141 157
-0.032535 -0.012620 0.347000 35 148 166
-0.031967 -0.012620 0.347000 54 159 178
-0.031398 -0.012620 0.347000 55 142 161
-0.087781 -0.035934 0.988000 15 86 104
-0.047861 -0.012189 0.351000 37 190 208
-0.047286 -0.012189 0.351000 41 196 214
-0.045348 -0.011981 0.345000 18 175 194
-0.044653 -0.011946 0.344000 14 171 190
-0.044089 -0.011946 0.344000 48 203 223
-0.043525 -0.011946 0.344000 40 193 211
-0.042962 -0.011946 0.344000 29 180 197
-0.042398 -0.011946 0.344000 30 177 195
-0.041835 -0.011946 0.344000 33 176 193
-0.041271 -0.011946 0.344000 41 180 199
-0.040708 -0.011946 0.344000 52 183 203
-0.040144 -0.011946 0.344000 32 153 172
-0.039580 -0.011946 0.344000 0 107 125
-0.039130 -0.011981 0.345000 0 109 127
-0.038565 -0.011981 0.345000 3 120 138
-0.038000 -0.011981 0.345000 8 123 142
-0.037435 -0.011981 0.345000 3 116 134
-0.036869 -0.011981 0.345000 0 107 124
-0.036304 -0.011981 0.345000 0 109 124
-0.035843 -0.012016 0.346000 3 111 124
-0.035276 -0.012016 0.346000 15 121 135
-0.034709 -0.012016 0.346000 21 129 142
-0.034142 -0.012016 0.346000 21 131 144
-0.033575 -0.012016 0.346000 38 151 165
-0.033008 -0.012016 0.346000 33 151 165
-0.032442 -0.012016 0.346000 27 148 165
-0.031875 -0.012016 0.346000 47 162 180
-0.031398 -0.012050 0.347000 33 133 149
-0.087869 -0.034345 0.989000 24 107 123
-0.086249 -0.034345 0.989000 19 84 106
-0.062856 -0.012539 0.379000 145 193 205
-0.062235 -0.012539 0.379000 147 191 204
-0.061451 -0.012506 0.378000 147 186 203
-0.060671 -0.012473 0.377000 148 190 206
-0.047861 -0.011613 0.351000 44 196 217
-0.047286 -0.011613 0.351000 40 195 215
-0.045216 -0.011381 0.344000 21 173 194
-0.044523 -0.011348 0.343000 61 210 232
-0.043961 -0.011348 0.343000 67 213 236
-0.043399 -0.011348 0.343000 34 183 203
-0.042837 -0.011348 0.343000 26 176 193
-0.042275 -0.011348 0.343000 23 173 190
-0.041713 -0.011348 0.343000 26 171 190
-0.041271 -0.011381 0.344000 46 185 206
-0.040708 -0.011381 0.344000 40 171 191
-0.040144 -0.011381 0.344000 30 151 170
-0.039580 -0.011381 0.344000 12 127 146
-0.039017 -0.011381 0.344000 0 100 120
-0.038565 -0.011414 0.345000 0 101 121
-0.038000 -0.011414 0.345000 3 110 128
-0.037435 -0.011414 0.345000 3 110 126
-0.036869 -0.011414 0.345000 8 120 134
-0.036304 -0.011414 0.345000 10 124 135
-0.035739 -0.011414 0.345000 16 133 143
-0.035276 -0.011447 0.346000 14 128 139
-0.034709 -0.011447 0.346000 27 139 151
-0.034142 -0.011447 0.346000 25 139 150
-0.033575 -0.011447 0.346000 35 151 164
-0.033008 -0.011447 0.346000 38 158 172
-0.032442 -0.011447 0.346000 32 158 170
-0.031875 -0.011447 0.346000 31 155 167
-0.031308 -0.011447 0.346000 13 125 139
-0.030652 -0.011414 0.345000 14 110 126
-0.030087 -0.011414 0.345000 14 92 114
-0.063477 -0.011917 0.379000 128 188 198
-0.062690 -0.011885 0.378000 140 197 208
-0.062071 -0.011885 0.378000 136 188 202
-0.061289 -0.011854 0.377000 149 196 212
-0.060671 -0.011854 0.377000 138 187 202
-0.060054 -0.011854 0.377000 122 184 197
-0.059278 -0.011822 0.376000 120 190 200
-0.058506 -0.011791 0.375000 104 182 194
-0.057892 -0.011791 0.375000 96 182 195
-0.044953 -0.010753 0.342000 62 211 233
-0.044393 -0.010753 0.342000 91 233 255
-0.043833 -0.010753 0.342000 60 202 226
-0.043272 -0.010753 0.342000 26 173 193
-0.042712 -0.010753 0.342000 21 170 190
-0.042275 -0.010785 0.343000 26 176 193
-0.041713 -0.010785 0.343000 33 178 197
-0.041151 -0.010785 0.343000 38 177 198
-0.040589 -0.010785 0.343000 23 153 175
-0.040144 -0.010816 0.344000 9 132 150
-0.039580 -0.010816 0.344000 7 122 140
-0.039017 -0.010816 0.344000 0 98 118
-0.038453 -0.010816 0.344000 1 104 123
-0.038000 -0.010848 0.345000 0 100 118
-0.037435 -0.010848 0.345000 1 107 123
-0.036869 -0.010848 0.345000 16 128 140
-0.036304 -0.010848 0.345000 20 138 148
-0.035739 -0.010848 0.345000 21 142 151
-0.035174 -0.010848 0.345000 24 145 154
-0.034609 -0.010848 0.345000 39 157 167
-0.034142 -0.010879 0.346000 30 148 160
-0.033478 -0.010848 0.345000 43 161 173
-0.032913 -0.010848 0.345000 28 150 163
-0.032348 -0.010848 0.345000 27 155 166
-0.031783 -0.010848 0.345000 24 152 163
-0.031217 -0.010848 0.345000 15 137 150
-0.030652 -0.010848 0.345000 22 132 147
-0.030087 -0.010848 0.345000 43 138 158
-0.084714 -0.031128 0.990000 31 109 131
-0.064098 -0.011294 0.379000 95 158 165
-0.063309 -0.011264 0.378000 78 148 158
-0.062690 -0.011264 0.378000 111 179 192
-0.061906 -0.011234 0.377000 115 181 197
-0.061289 -0.011234 0.377000 110 173 191
-0.060671 -0.011234 0.377000 120 191 209
-0.059894 -0.011205 0.376000 91 174 190
-0.059278 -0.011205 0.376000 94 190 204
-0.058506 -0.011175 0.375000 83 191 203
-0.057738 -0.011145 0.374000 94 208 219
-0.057125 -0.011145 0.374000 86 204 218
-0.045514 -0.010191 0.342000 38 184 207
-0.044953 -0.010191 0.342000 85 227 251
-0.044393 -0.010191 0.342000 96 236 255
-0.043833 -0.010191 0.342000 41 183 207
-0.043272 -0.010191 0.342000 21 170 190
-0.042712 -0.010191 0.342000 18 171 189
-0.042152 -0.010191 0.342000 21 172 189
-0.041592 -0.010191 0.342000 28 173 192
-0.041151 -0.010221 0.343000 28 163 185
-0.040589 -0.010221 0.343000 14 140 163
-0.040027 -0.010221 0.343000 12 135 153
-0.039580 -0.010251 0.344000 12 127 145
-0.039017 -0.010251 0.344000 0 107 127
-0.038453 -0.010251 0.344000 0 96 115
-0.037890 -0.010251 0.344000 0 100 118
-0.037435 -0.010281 0.345000 4 107 124
-0.036869 -0.010281 0.345000 4 116 130
-0.036304 -0.010281 0.345000 20 138 150
-0.035739 -0.010281 0.345000 29 153 163
-0.035174 -0.010281 0.345000 35 159 169
-0.034609 -0.010281 0.345000 35 157 168
-0.034043 -0.010281 0.345000 32 154 167
-0.033478 -0.010281 0.345000 33 155 168
-0.032913 -0.010281 0.345000 31 154 169
-0.032348 -0.010281 0.345000 31 161 174
-0.031783 -0.010281 0.345000 32 164 176
-0.031217 -0.010281 0.345000 31 161 174
-0.030563 -0.010251 0.344000 48 171 186
-0.030000 -0.010251 0.344000 57 170 188
-0.029436 -0.010251 0.344000 53 154 174
-0.028873 -0.010251 0.344000 26 110 134
-0.063929 -0.010643 0.378000 90 157 165
-0.063309 -0.010643 0.378000 63 143 154
-0.062524 -0.010615 0.377000 48 127 140
-0.061906 -0.010615 0.377000 68 149 166
-0.061289 -0.010615 0.377000 56 138 159
-0.060510 -0.010587 0.376000 80 171 190
-0.059894 -0.010587 0.376000 91 197 213
-0.059121 -0.010559 0.375000 79 197 211
-0.058506 -0.010559 0.375000 69 196 211
-0.057738 -0.010531 0.374000 56 189 204
-0.057125 -0.010531 0.374000 52 188 204
-0.045380 -0.009602 0.341000 51 191 216
-0.044822 -0.009602 0.341000 99 237 255
-0.044263 -0.009602 0.341000 89 227 253
-0.043705 -0.009602 0.341000 34 176 200
-0.043146 -0.009602 0.341000 23 176 194
-0.042587 -0.009602 0.341000 14 169 187
-0.042029 -0.009602 0.341000 10 163 179
-0.041592 -0.009630 0.342000 12 157 176
-0.041031 -0.009630 0.342000 16 148 171
-0.040471 -0.009630 0.342000 12 137 159
-0.040027 -0.009658 0.343000 15 136 155
-0.039465 -0.009658 0.343000 1 118 135
-0.038903 -0.009658 0.343000 0 110 127
-0.038453 -0.009686 0.344000 0 96 115
-0.037890 -0.009686 0.344000 2 105 124
-0.037326 -0.009686 0.344000 0 107 123
-0.036763 -0.009686 0.344000 0 110 124
-0.036199 -0.009686 0.344000 0 115 126
-0.035739 -0.009714 0.345000 3 130 139
-0.035174 -0.009714 0.345000 25 151 163
-0.034609 -0.009714 0.345000 37 161 173
-0.034043 -0.009714 0.345000 33 156 171
-0.033381 -0.009686 0.344000 38 161 176
-0.032818 -0.009686 0.344000 36 163 178
-0.032254 -0.009686 0.344000 37 169 184
-0.031690 -0.009686 0.344000 39 175 189
-0.031127 -0.009686 0.344000 45 181 195
-0.030563 -0.009686 0.344000 51 184 199
-0.030000 -0.009686 0.344000 57 184 201
-0.029436 -0.009686 0.344000 49 168 188
-0.028789 -0.009658 0.343000 26 131 153
-0.028227 -0.009658 0.343000 41 133 156
-0.063759 -0.009996 0.377000 95 168 175
-0.063142 -0.009996 0.377000 57 147 158
-0.062358 -0.009969 0.376000 49 143 155
-0.061742 -0.009969 0.376000 48 148 163
-0.061126 -0.009969 0.376000 32 135 152
-0.060510 -0.009969 0.376000 62 175 193
-0.059735 -0.009943 0.375000 74 197 215
-0.059121 -0.009943 0.375000 61 194 211
-0.058506 -0.009943 0.375000 53 192 211
-0.057738 -0.009916 0.374000 55 196 214
-0.057125 -0.009916 0.374000 59 200 220
-0.045804 -0.009015 0.340000 12 163 184
-0.045247 -0.009015 0.340000 66 202 228
-0.044690 -0.009015 0.340000 109 240 255
-0.044133 -0.009015 0.340000 71 207 231
-0.043576 -0.009015 0.340000 21 166 187
-0.043019 -0.009015 0.340000 10 165 183
-0.042462 -0.009015 0.340000 7 167 183
-0.041905 -0.009015 0.340000 13 169 184
-0.041348 -0.009015 0.340000 16 161 180
-0.040911 -0.009041 0.341000 13 143 167
-0.040353 -0.009041 0.341000 3 125 148
-0.039794 -0.009041 0.341000 0 119 139
-0.039350 -0.009068 0.342000 3 118 136
-0.038903 -0.009094 0.343000 0 103 122
-0.038342 -0.009094 0.343000 0 109 126
-0.037780 -0.009094 0.343000 28 139 156
-0.037218 -0.009094 0.343000 25 138 154
-0.036656 -0.009094 0.343000 29 149 163
-0.036094 -0.009094 0.343000 29 153 165
-0.035532 -0.009094 0.343000 29 155 167
-0.034970 -0.009094 0.343000 0 125 139
-0.034408 -0.009094 0.343000 1 124 139
-0.033846 -0.009094 0.343000 33 156 172
-0.033284 -0.009094 0.343000 28 153 171
-0.032722 -0.009094 0.343000 36 168 183
-0.032160 -0.009094 0.343000 32 169 185
-0.031598 -0.009094 0.343000 40 180 195
-0.030946 -0.009068 0.342000 47 187 202
-0.030386 -0.009068 0.342000 48 185 203
-0.029825 -0.009068 0.342000 55 192 210
-0.029265 -0.009068 0.342000 53 186 205
-0.028621 -0.009041 0.341000 24 150 172
-0.028062 -0.009041 0.341000 34 153 173
-0.027503 -0.009041 0.341000 73 180 200
-0.063590 -0.009352 0.376000 84 154 162
-0.062974 -0.009352 0.376000 51 141 152
-0.062358 -0.009352 0.376000 48 146 159
-0.061578 -0.009327 0.375000 27 133 147
-0.060964 -0.009327 0.375000 7 118 135
-0.060349 -0.009327 0.375000 60 181 200
-0.059735 -0.009327 0.375000 73 204 224
-0.058963 -0.009302 0.374000 65 204 223
-0.058350 -0.009302 0.374000 52 197 216
-0.057738 -0.009302 0.374000 55 202 222
-0.057125 -0.009302 0.374000 49 194 215
-0.045804 -0.008456 0.340000 13 162 184
-0.045247 -0.008456 0.340000 81 215 242
-0.044559 -0.008432 0.339000 114 242 255
-0.044004 -0.008432 0.339000 53 187 212
-0.043448 -0.008432 0.339000 26 168 190
-0.042893 -0.008432 0.339000 16 171 189
-0.042337 -0.008432 0.339000 11 168 185
-0.041782 -0.008432 0.339000 8 161 177
-0.041227 -0.008432 0.339000 5 147 167
-0.040791 -0.008456 0.340000 6 134 159
-0.040234 -0.008456 0.340000 5 125 149
-0.039677 -0.008456 0.340000 1 120 140
-0.039120 -0.008456 0.340000 0 117 134
-0.038677 -0.008481 0.341000 0 109 128
-0.038118 -0.008481 0.341000 13 128 146
-0.037559 -0.008481 0.341000 29 146 163
-0.037109 -0.008506 0.342000 37 159 172
-0.036549 -0.008506 0.342000 41 167 181
-0.035989 -0.008506 0.342000 36 164 177
-0.035428 -0.008506 0.342000 38 166 179
-0.034868 -0.008506 0.342000 20 146 161
-0.034207 -0.008481 0.341000 5 128 144
-0.033649 -0.008481 0.341000 0 113 131
-0.033090 -0.008481 0.341000 17 144 163
-0.032531 -0.008481 0.341000 31 164 181
-0.031973 -0.008481 0.341000 33 174 191
-0.031598 -0.008531 0.343000 43 186 202
-0.030946 -0.008506 0.342000 65 206 223
-0.030386 -0.008506 0.342000 70 209 228
-0.029825 -0.008506 0.342000 65 204 225
-0.029265 -0.008506 0.342000 63 202 223
-0.028621 -0.008481 0.341000 62 201 220
-0.028062 -0.008481 0.341000 49 184 203
-0.027503 -0.008481 0.341000 50 175 193
-0.063421 -0.008711 0.375000 59 123 132
-0.062807 -0.008711 0.375000 56 140 151
-0.062192 -0.008711 0.375000 39 131 144
-0.061578 -0.008711 0.375000 9 109 124
-0.060801 -0.008688 0.374000 0 107 125
-0.060188 -0.008688 0.374000 52 167 186
-0.059576 -0.008688 0.374000 73 200 219
-0.058963 -0.008688 0.374000 66 203 222
-0.058350 -0.008688 0.374000 51 193 213
-0.057738 -0.008688 0.374000 52 199 217
-0.044559 -0.007875 0.339000 126 250 255
-0.044004 -0.007875 0.339000 43 173 199
-0.043448 -0.007875 0.339000 21 160 183
-0.042893 -0.007875 0.339000 17 167 184
-0.042337 -0.007875 0.339000 16 167 184
-0.041782 -0.007875 0.339000 10 157 175
-0.041227 -0.007875 0.339000 1 140 161
-0.040671 -0.007875 0.339000 0 124 147
-0.040116 -0.007875 0.339000 0 117 141
-0.039561 -0.007875 0.339000 0 118 137
-0.039005 -0.007875 0.339000 1 122 139
-0.038450 -0.007875 0.339000 9 128 148
-0.038006 -0.007898 0.340000 21 142 159
-0.037449 -0.007898 0.340000 35 161 176
-0.036892 -0.007898 0.340000 47 177 190
-0.036335 -0.007898 0.340000 35 167 180
-0.035778 -0.007898 0.340000 38 170 183
-0.035428 -0.007944 0.342000 43 173 187
-0.034868 -0.007944 0.342000 33 158 176
-0.034207 -0.007921 0.341000 4 127 145
-0.033649 -0.007921 0.341000 0 101 119
-0.033090 -0.007921 0.341000 0 119 138
-0.032531 -0.007921 0.341000 14 150 166
-0.031973 -0.007921 0.341000 22 165 181
-0.031414 -0.007921 0.341000 29 175 190
-0.030855 -0.007921 0.341000 42 183 201
-0.030297 -0.007921 0.341000 52 191 210
-0.029651 -0.007898 0.340000 49 185 207
-0.029094 -0.007898 0.340000 59 195 217
-0.028453 -0.007875 0.339000 51 190 211
-0.027898 -0.007875 0.339000 46 185 204
-0.027342 -0.007875 0.339000 47 184 200
-0.062639 -0.008073 0.374000 32 106 117
-0.062027 -0.008073 0.374000 20 104 115
-0.061414 -0.008073 0.374000 7 100 115
-0.060801 -0.008073 0.374000 0 98 116
-0.060188 -0.008073 0.374000 14 125 144
-0.059416 -0.008052 0.373000 73 196 214
-0.058805 -0.008052 0.373000 72 205 222
-0.058194 -0.008052 0.373000 74 215 232
-0.057738 -0.008073 0.374000 60 207 223
-0.045535 -0.007296 0.338000 49 189 214
-0.044981 -0.007296 0.338000 105 230 255
-0.044428 -0.007296 0.338000 117 238 255
-0.043874 -0.007296 0.338000 44 169 197
-0.043320 -0.007296 0.338000 28 160 183
-0.042766 -0.007296 0.338000 28 169 189
-0.042213 -0.007296 0.338000 22 164 184
-0.041659 -0.007296 0.338000 6 145 166
-0.041105 -0.007296 0.338000 13 145 168
-0.040551 -0.007296 0.338000 40 164 188
-0.039998 -0.007296 0.338000 71 191 215
-0.039561 -0.007318 0.339000 80 202 223
-0.039005 -0.007318 0.339000 78 203 223
-0.038450 -0.007318 0.339000 77 202 222
-0.038006 -0.007339 0.340000 68 195 212
-0.037449 -0.007339 0.340000 59 189 205
-0.036892 -0.007339 0.340000 55 188 203
-0.036335 -0.007339 0.340000 47 183 197
-0.035778 -0.007339 0.340000 44 177 192
-0.035221 -0.007339 0.340000 44 176 191
-0.034664 -0.007339 0.340000 48 175 192
-0.034107 -0.007339 0.340000 43 168 186
-0.033550 -0.007339 0.340000 26 151 169
-0.032993 -0.007339 0.340000 4 133 152
-0.032341 -0.007318 0.339000 0 136 152
-0.031785 -0.007318 0.339000 5 147 161
-0.031230 -0.007318 0.339000 3 146 162
-0.030674 -0.007318 0.339000 9 150 167
-0.030119 -0.007318 0.339000 11 150 169
-0.029564 -0.007318 0.339000 19 156 175
-0.028923 -0.007296 0.338000 22 159 178
-0.028369 -0.007296 0.338000 23 162 181
-0.027815 -0.007296 0.338000 24 165 182
-0.027261 -0.007296 0.338000 31 172 189
-0.026708 -0.007296 0.338000 46 184 197
-0.026154 -0.007296 0.338000 50 178 191
-0.062027 -0.007459 0.374000 18 92 105
-0.061414 -0.007459 0.374000 6 89 103
-0.060639 -0.007439 0.373000 7 103 119
-0.060027 -0.007439 0.373000 0 106 122
-0.059416 -0.007439 0.373000 22 142 156
-0.058805 -0.007439 0.373000 17 149 162
-0.058194 -0.007439 0.373000 13 153 166
-0.047196 -0.006741 0.338000 16 175 194
-0.046642 -0.006741 0.338000 14 171 190
-0.046089 -0.006741 0.338000 22 171 193
-0.045535 -0.006741 0.338000 67 205 231
-0.044981 -0.006741 0.338000 109 233 255
-0.044428 -0.006741 0.338000 86 205 235
-0.043874 -0.006741 0.338000 47 168 195
-0.043320 -0.006741 0.338000 43 169 194
-0.042766 -0.006741 0.338000 48 180 203
-0.042213 -0.006741 0.338000 51 183 204
-0.041659 -0.006741 0.338000 70 200 222
-0.041105 -0.006741 0.338000 86 212 235
-0.040551 -0.006741 0.338000 91 213 237
-0.039998 -0.006741 0.338000 88 210 234
-0.039444 -0.006741 0.338000 73 202 223
-0.038890 -0.006741 0.338000 62 193 213
-0.038450 -0.006761 0.339000 54 185 205
-0.037894 -0.006761 0.339000 50 181 201
-0.037339 -0.006761 0.339000 50 181 201
-0.036784 -0.006761 0.339000 48 181 198
-0.036228 -0.006761 0.339000 42 178 194
-0.035673 -0.006761 0.339000 42 178 192
-0.035117 -0.006761 0.339000 43 176 191
-0.034562 -0.006761 0.339000 47 179 194
-0.033906 -0.006741 0.338000 47 177 193
-0.033353 -0.006741 0.338000 50 180 196
-0.032799 -0.006741 0.338000 51 183 198
-0.032245 -0.006741 0.338000 49 182 197
-0.031691 -0.006741 0.338000 45 183 196
-0.031046 -0.006721 0.337000 32 172 187
-0.030493 -0.006721 0.337000 32 169 187
-0.029941 -0.006721 0.337000 33 170 188
-0.029389 -0.006721 0.337000 32 167 186
-0.028837 -0.006721 0.337000 32 167 186
-0.028285 -0.006721 0.337000 30 167 183
-0.027733 -0.006721 0.337000 25 162 178
-0.027181 -0.006721 0.337000 26 163 179
-0.026708 -0.006741 0.338000 35 172 188
-0.026154 -0.006741 0.338000 46 177 195
-0.061250 -0.006826 0.373000 74 150 164
-0.060639 -0.006826 0.373000 59 147 161
-0.060027 -0.006826 0.373000 52 152 167
-0.059416 -0.006826 0.373000 49 162 176
-0.058805 -0.006826 0.373000 37 163 175
-0.058194 -0.006826 0.373000 24 158 170
-0.047196 -0.006186 0.338000 30 187 206
-0.046642 -0.006186 0.338000 21 176 196
-0.046089 -0.006186 0.338000 27 176 198
-0.045535 -0.006186 0.338000 77 216 239
-0.044981 -0.006186 0.338000 108 236 255
-0.044296 -0.006168 0.337000 90 211 240
-0.043744 -0.006168 0.337000 49 173 199
-0.043192 -0.006168 0.337000 60 186 211
-0.042640 -0.006168 0.337000 77 206 228
-0.042088 -0.006168 0.337000 79 208 230
-0.041536 -0.006168 0.337000 78 204 227
-0.040983 -0.006168 0.337000 70 196 219
-0.040431 -0.006168 0.337000 67 191 215
-0.039879 -0.006168 0.337000 63 189 212
-0.039327 -0.006168 0.337000 53 185 206
-0.038775 -0.006168 0.337000 40 175 195
-0.038223 -0.006168 0.337000 34 169 189
-0.037671 -0.006168 0.337000 32 167 187
-0.037119 -0.006168 0.337000 36 171 191
-0.036784 -0.006204 0.339000 41 176 195
-0.036228 -0.006204 0.339000 39 176 194
-0.035462 -0.006168 0.337000 39 176 192
-0.034910 -0.006168 0.337000 42 178 194
-0.034358 -0.006168 0.337000 39 175 189
-0.033806 -0.006168 0.337000 44 177 192
-0.033254 -0.006168 0.337000 39 171 186
-0.032605 -0.006149 0.336000 38 170 185
-0.032054 -0.006149 0.336000 43 176 191
-0.031504 -0.006149 0.336000 41 177 191
-0.030953 -0.006149 0.336000 42 178 192
-0.030403 -0.006149 0.336000 42 178 194
-0.029853 -0.006149 0.336000 40 176 192
-0.029215 -0.006131 0.335000 42 175 192
-0.028666 -0.006131 0.335000 41 177 191
-0.028117 -0.006131 0.335000 42 178 192
-0.027733 -0.006168 0.337000 47 185 198
-0.027181 -0.006168 0.337000 52 190 203
-0.026392 -0.006113 0.334000 52 189 205
-0.025767 -0.006094 0.333000 66 201 220
-0.025222 -0.006094 0.333000 80 211 231
-0.024676 -0.006094 0.333000 64 189 211
-0.060639 -0.006214 0.373000 67 144 160
-0.060027 -0.006214 0.373000 64 156 171
-0.059416 -0.006214 0.373000 55 161 175
-0.058805 -0.006214 0.373000 44 162 174
-0.058194 -0.006214 0.373000 45 168 183
-0.047196 -0.005631 0.338000 39 198 217
-0.046642 -0.005631 0.338000 31 188 207
-0.045952 -0.005614 0.337000 15 166 185
-0.045400 -0.005614 0.337000 77 219 241
-0.044848 -0.005614 0.337000 94 230 254
-0.044296 -0.005614 0.337000 90 220 244
-0.043744 -0.005614 0.337000 85 213 238
-0.043192 -0.005614 0.337000 76 204 229
-0.042513 -0.005597 0.336000 68 198 220
-0.041963 -0.005597 0.336000 63 193 215
-0.041412 -0.005597 0.336000 62 191 213
-0.040862 -0.005597 0.336000 55 185 207
-0.040311 -0.005597 0.336000 52 183 203
-0.039761 -0.005597 0.336000 40 172 193
-0.039210 -0.005597 0.336000 36 173 192
-0.038660 -0.005597 0.336000 33 169 191
-0.038109 -0.005597 0.336000 34 170 192
-0.037559 -0.005597 0.336000 34 171 190
-0.037009 -0.005597 0.336000 37 174 193
-0.036350 -0.005581 0.335000 43 180 198
-0.035801 -0.005581 0.335000 42 182 199
-0.035252 -0.005581 0.335000 43 183 198
-0.034703 -0.005581 0.335000 42 179 195
-0.034154 -0.005581 0.335000 49 185 201
-0.033605 -0.005581 0.335000 59 192 207
-0.033057 -0.005581 0.335000 53 186 201
-0.032508 -0.005581 0.335000 52 186 198
-0.031959 -0.005581 0.335000 60 194 206
-0.031410 -0.005581 0.335000 57 191 203
-0.030769 -0.005564 0.334000 52 185 200
-0.030222 -0.005564 0.334000 57 190 205
-0.029675 -0.005564 0.334000 51 184 199
-0.029128 -0.005564 0.334000 52 184 197
-0.028580 -0.005564 0.334000 49 183 194
-0.027949 -0.005547 0.333000 45 182 192
-0.027404 -0.005547 0.333000 54 192 202
-0.026778 -0.005531 0.332000 56 198 210
-0.026234 -0.005531 0.332000 44 186 200
-0.025612 -0.005514 0.331000 60 199 218
-0.025070 -0.005514 0.331000 68 204 226
-0.024528 -0.005514 0.331000 80 210 234
-0.023986 -0.005514 0.331000 91 215 239
-0.023443 -0.005514 0.331000 38 157 179
-0.022901 -0.005514 0.331000 48 163 182
-0.021948 -0.005547 0.333000 69 182 196
-0.021403 -0.005547 0.333000 62 175 191
-0.020857 -0.005547 0.333000 52 167 185
-0.020312 -0.005547 0.333000 57 174 192
-0.019766 -0.005547 0.333000 51 168 186
-0.019220 -0.005547 0.333000 55 170 189
-0.018675 -0.005547 0.333000 52 163 182
-0.018129 -0.005547 0.333000 50 155 176
-0.017584 -0.005547 0.333000 73 174 192
-0.017038 -0.005547 0.333000 61 158 177
-0.060639 -0.005601 0.373000 45 110 128
-0.060027 -0.005601 0.373000 45 124 141
-0.059257 -0.005586 0.372000 31 128 144
-0.058648 -0.005586 0.372000 24 136 150
-0.058194 -0.005601 0.373000 22 144 159
-0.045952 -0.005061 0.337000 15 168 186
-0.045400 -0.005061 0.337000 55 202 222
-0.044848 -0.005061 0.337000 77 219 239
-0.044165 -0.005046 0.336000 57 196 217
-0.043614 -0.005046 0.336000 54 189 211
-0.043064 -0.005046 0.336000 51 183 204
-0.042513 -0.005046 0.336000 43 175 196
-0.041963 -0.005046 0.336000 40 172 193
-0.041412 -0.005046 0.336000 36 168 189
-0.040740 -0.005031 0.335000 32 167 187
-0.040191 -0.005031 0.335000 37 172 191
-0.039643 -0.005031 0.335000 30 167 185
-0.039094 -0.005031 0.335000 31 168 187
-0.038545 -0.005031 0.335000 29 165 187
-0.037996 -0.005031 0.335000 28 164 186
-0.037335 -0.005015 0.334000 22 159 178
-0.036788 -0.005015 0.334000 19 158 177
-0.036241 -0.005015 0.334000 23 162 181
-0.035694 -0.005015 0.334000 24 164 181
-0.035147 -0.005015 0.334000 25 165 182
-0.034600 -0.005015 0.334000 27 164 180
-0.034052 -0.005015 0.334000 25 161 177
-0.033505 -0.005015 0.334000 25 161 175
-0.032958 -0.005015 0.334000 39 172 187
-0.032411 -0.005015 0.334000 40 173 188
-0.031768 -0.005000 0.333000 32 166 178
-0.031223 -0.005000 0.333000 33 167 179
-0.030677 -0.005000 0.333000 32 166 178
-0.030132 -0.005000 0.333000 25 158 173
-0.029586 -0.005000 0.333000 25 158 173
-0.029040 -0.005000 0.333000 32 164 177
-0.028409 -0.004985 0.332000 35 167 179
-0.027781 -0.004970 0.331000 34 168 179
-0.027239 -0.004970 0.331000 37 175 185
-0.026616 -0.004955 0.330000 35 177 189
-0.025997 -0.004940 0.329000 22 165 179
-0.025458 -0.004940 0.329000 26 171 188
-0.024919 -0.004940 0.329000 41 181 204
-0.024380 -0.004940 0.329000 56 192 216
-0.023841 -0.004940 0.329000 65 197 220
-0.023372 -0.004955 0.330000 48 174 196
-0.022832 -0.004955 0.330000 24 151 168
-0.022359 -0.004970 0.331000 42 170 183
-0.021816 -0.004970 0.331000 51 179 192
-0.021338 -0.004985 0.332000 51 181 197
-0.020857 -0.005000 0.333000 57 188 206
-0.020312 -0.005000 0.333000 49 185 201
-0.019766 -0.005000 0.333000 47 182 201
-0.019220 -0.005000 0.333000 46 181 200
-0.018675 -0.005000 0.333000 53 184 202
-0.018129 -0.005000 0.333000 47 172 190
-0.017584 -0.005000 0.333000 51 172 189
-0.017038 -0.005000 0.333000 62 179 197
-0.016493 -0.005000 0.333000 57 173 188
-0.015947 -0.005000 0.333000 55 168 184
-0.060027 -0.004988 0.373000 75 137 160
-0.059257 -0.004975 0.372000 52 137 157
-0.058648 -0.004975 0.372000 49 154 173
-0.045952 -0.004507 0.337000 8 163 181
-0.045400 -0.004507 0.337000 36 187 206
-0.044715 -0.004494 0.336000 16 163 181
-0.044165 -0.004494 0.336000 21 163 183
-0.043614 -0.004494 0.336000 22 161 180
-0.043064 -0.004494 0.336000 20 159 178
-0.042387 -0.004480 0.335000 16 155 174
-0.041838 -0.004480 0.335000 21 161 178
-0.041289 -0.004480 0.335000 26 166 183
-0.040740 -0.004480 0.335000 28 168 185
-0.040071 -0.004467 0.334000 28 168 185
-0.039524 -0.004467 0.334000 20 157 175
-0.038977 -0.004467 0.334000 13 148 168
-0.038430 -0.004467 0.334000 10 145 165
-0.037883 -0.004467 0.334000 7 144 163
-0.037224 -0.004453 0.333000 5 142 161
-0.036678 -0.004453 0.333000 6 145 164
-0.036133 -0.004453 0.333000 11 152 169
-0.035587 -0.004453 0.333000 10 150 167
-0.035041 -0.004453 0.333000 8 148 165
-0.034496 -0.004453 0.333000 11 148 164
-0.033950 -0.004453 0.333000 13 149 165
-0.033305 -0.004440 0.332000 9 145 161
-0.032761 -0.004440 0.332000 11 147 161
-0.032217 -0.004440 0.332000 12 148 162
-0.031673 -0.004440 0.332000 12 148 162
-0.031129 -0.004440 0.332000 13 149 163
-0.030585 -0.004440 0.332000 4 142 155
-0.030041 -0.004440 0.332000 6 144 157
-0.029497 -0.004440 0.332000 8 144 158
-0.028866 -0.004427 0.331000 14 144 158
-0.028324 -0.004427 0.331000 19 146 161
-0.027781 -0.004427 0.331000 21 148 163
-0.027157 -0.004413 0.330000 19 153 165
-0.026536 -0.004400 0.329000 17 159 171
-0.025997 -0.004400 0.329000 17 165 177
-0.025458 -0.004400 0.329000 14 164 179
-0.024919 -0.004400 0.329000 20 170 187
-0.024380 -0.004400 0.329000 23 165 185
-0.023841 -0.004400 0.329000 45 181 203
-0.023372 -0.004413 0.330000 40 171 191
-0.022832 -0.004413 0.330000 12 139 158
-0.022291 -0.004413 0.330000 0 123 138
-0.021816 -0.004427 0.331000 3 130 145
-0.021338 -0.004440 0.332000 13 142 161
-0.020795 -0.004440 0.332000 22 153 173
-0.020251 -0.004440 0.332000 16 151 170
-0.019707 -0.004440 0.332000 12 151 170
-0.019220 -0.004453 0.333000 6 145 164
-0.018675 -0.004453 0.333000 17 154 173
-0.018129 -0.004453 0.333000 15 146 166
-0.017584 -0.004453 0.333000 13 142 161
-0.017038 -0.004453 0.333000 7 134 153
-0.016493 -0.004453 0.333000 11 138 153
-0.015947 -0.004453 0.333000 2 129 144
-0.060027 -0.004376 0.373000 111 167 190
-0.052432 -0.004071 0.347000 27 184 199
-0.051864 -0.004071 0.347000 28 191 206
-0.047750 -0.003965 0.338000 0 168 185
-0.047196 -0.003965 0.338000 9 172 191
-0.046504 -0.003953 0.337000 12 171 190
-0.045952 -0.003953 0.337000 0 153 173
-0.045266 -0.003942 0.336000 13 164 183
-0.044715 -0.003942 0.336000 1 148 166
-0.044165 -0.003942 0.336000 8 150 170
-0.043614 -0.003942 0.336000 6 147 165
-0.042936 -0.003930 0.335000 8 147 166
-0.042387 -0.003930 0.335000 4 145 162
-0.041838 -0.003930 0.335000 6 147 164
-0.041289 -0.003930 0.335000 5 148 164
-0.040619 -0.003918 0.334000 7 148 165
-0.040071 -0.003918 0.334000 8 145 163
-0.039524 -0.003918 0.334000 8 143 162
-0.038977 -0.003918 0.334000 5 140 159
-0.038315 -0.003907 0.333000 2 137 156
-0.037769 -0.003907 0.333000 0 135 155
-0.037224 -0.003907 0.333000 0 132 150
-0.036678 -0.003907 0.333000 0 134 152
-0.036133 -0.003907 0.333000 2 139 157
-0.035480 -0.003895 0.332000 2 139 157
-0.034936 -0.003895 0.332000 2 139 157
-0.034392 -0.003895 0.332000 0 137 153
-0.033848 -0.003895 0.332000 0 132 148
-0.033305 -0.003895 0.332000 0 136 152
-0.032761 -0.003895 0.332000 0 136 152
-0.032217 -0.003895 0.332000 0 136 149
-0.031673 -0.003895 0.332000 0 136 149
-0.031035 -0.003883 0.331000 0 130 144
-0.030493 -0.003883 0.331000 0 132 145
-0.029951 -0.003883 0.331000 0 133 146
-0.029408 -0.003883 0.331000 0 133 146
-0.028779 -0.003871 0.330000 0 125 140
-0.028238 -0.003871 0.330000 0 122 139
-0.027698 -0.003871 0.330000 0 126 143
-0.027075 -0.003860 0.329000 0 128 143
-0.026536 -0.003860 0.329000 0 136 151
-0.025997 -0.003860 0.329000 6 152 167
-0.025458 -0.003860 0.329000 12 162 176
-0.024919 -0.003860 0.329000 11 161 176
-0.024380 -0.003860 0.329000 28 171 188
-0.023841 -0.003860 0.329000 33 172 191
-0.023302 -0.003860 0.329000 30 161 181
-0.022832 -0.003871 0.330000 13 140 159
-0.022291 -0.003871 0.330000 0 116 134
-0.021816 -0.003883 0.331000 0 119 137
-0.021274 -0.003883 0.331000 49 180 198
-0.020795 -0.003895 0.332000 44 179 198
-0.020251 -0.003895 0.332000 32 172 189
-0.019707 -0.003895 0.332000 2 145 162
-0.019163 -0.003895 0.332000 0 130 148
-0.018619 -0.003895 0.332000 0 136 155
-0.018075 -0.003895 0.332000 0 133 153
-0.017584 -0.003907 0.333000 1 132 152
-0.017038 -0.003907 0.333000 3 134 152
-0.016493 -0.003907 0.333000 6 138 153
-0.015995 -0.003918 0.334000 3 135 148
-0.053001 -0.003501 0.347000 15 176 186
-0.052281 -0.003491 0.346000 12 176 188
-0.051714 -0.003491 0.346000 12 178 192
-0.050852 -0.003471 0.344000 38 204 218
-0.050288 -0.003471 0.344000 27 190 205
-0.049436 -0.003450 0.342000 17 180 197
-0.048875 -0.003450 0.342000 0 170 187
-0.047750 -0.003410 0.338000 6 173 191
-0.047196 -0.003410 0.338000 5 164 185
-0.046504 -0.003400 0.337000 21 173 194
-0.045952 -0.003400 0.337000 2 151 173
-0.045266 -0.003390 0.336000 1 146 167
-0.044715 -0.003390 0.336000 0 138 158
-0.044033 -0.003380 0.335000 0 139 160
-0.043484 -0.003380 0.335000 0 136 155
-0.042936 -0.003380 0.335000 1 138 157
-0.042387 -0.003380 0.335000 0 140 157
-0.041838 -0.003380 0.335000 4 145 162
-0.041166 -0.003370 0.334000 2 143 160
-0.040619 -0.003370 0.334000 0 139 156
-0.040071 -0.003370 0.334000 0 130 150
-0.039524 -0.003370 0.334000 6 137 157
-0.038860 -0.003360 0.333000 8 143 162
-0.038315 -0.003360 0.333000 5 141 157
-0.037769 -0.003360 0.333000 3 138 157
-0.037224 -0.003360 0.333000 1 134 151
-0.036678 -0.003360 0.333000 2 135 152
-0.036024 -0.003349 0.332000 10 143 160
-0.035480 -0.003349 0.332000 16 149 166
-0.034936 -0.003349 0.332000 19 156 172
-0.034392 -0.003349 0.332000 17 157 172
-0.033848 -0.003349 0.332000 16 158 172
-0.033305 -0.003349 0.332000 18 161 175
-0.032761 -0.003349 0.332000 11 154 168
-0.032120 -0.003339 0.331000 11 153 167
-0.031577 -0.003339 0.331000 21 158 174
-0.031035 -0.003339 0.331000 20 153 170
-0.030493 -0.003339 0.331000 16 149 166
-0.029951 -0.003339 0.331000 13 151 164
-0.029408 -0.003339 0.331000 13 151 164
-0.028779 -0.003329 0.330000 11 144 159
-0.028238 -0.003329 0.330000 9 140 158
-0.027698 -0.003329 0.330000 10 139 158
-0.027075 -0.003319 0.329000 1 132 150
-0.026536 -0.003319 0.329000 0 127 146
-0.025997 -0.003319 0.329000 0 132 149
-0.025458 -0.003319 0.329000 6 149 165
-0.024919 -0.003319 0.329000 12 155 169
-0.024380 -0.003319 0.329000 23 163 178
-0.023841 -0.003319 0.329000 40 176 192
-0.023302 -0.003319 0.329000 32 161 180
-0.022763 -0.003319 0.329000 36 159 177
-0.022291 -0.003329 0.330000 0 119 139
-0.021751 -0.003329 0.330000 5 128 146
-0.021274 -0.003339 0.331000 43 179 193
-0.020732 -0.003339 0.331000 50 194 205
-0.020190 -0.003339 0.331000 42 190 202
-0.019707 -0.003349 0.332000 45 193 207
-0.019163 -0.003349 0.332000 43 189 204
-0.018619 -0.003349 0.332000 50 191 208
-0.018075 -0.003349 0.332000 54 187 206
-0.017584 -0.003360 0.333000 23 152 171
-0.017038 -0.003360 0.333000 17 144 163
-0.016493 -0.003360 0.333000 24 151 168
-0.015995 -0.003370 0.334000 38 165 180
-0.055275 -0.002931 0.347000 49 142 159
-0.054706 -0.002931 0.347000 27 147 161
-0.054138 -0.002931 0.347000 12 159 167
-0.053569 -0.002931 0.347000 1 160 166
-0.053001 -0.002931 0.347000 1 164 173
-0.052281 -0.002922 0.346000 5 169 179
-0.051714 -0.002922 0.346000 27 191 203
-0.050852 -0.002905 0.344000 26 189 204
-0.050288 -0.002905 0.344000 33 195 210
-0.049436 -0.002889 0.342000 14 177 192
-0.048590 -0.002872 0.340000 1 168 186
-0.047750 -0.002855 0.338000 4 169 188
-0.047196 -0.002855 0.338000 16 172 194
-0.046504 -0.002846 0.337000 37 186 208
-0.045952 -0.002846 0.337000 7 152 173
-0.045266 -0.002838 0.336000 0 140 160
-0.044715 -0.002838 0.336000 0 135 156
-0.044033 -0.002829 0.335000 4 141 160
-0.043484 -0.002829 0.335000 5 140 160
-0.042936 -0.002829 0.335000 4 139 158
-0.042387 -0.002829 0.335000 2 137 156
-0.041713 -0.002821 0.334000 2 139 157
-0.041166 -0.002821 0.334000 0 137 155
-0.040619 -0.002821 0.334000 0 134 153
-0.040071 -0.002821 0.334000 0 131 151
-0.039406 -0.002813 0.333000 20 151 171
-0.038860 -0.002813 0.333000 33 169 185
-0.038315 -0.002813 0.333000 32 170 183
-0.037769 -0.002813 0.333000 37 173 187
-0.037224 -0.002813 0.333000 41 174 189
-0.036568 -0.002804 0.332000 44 177 192
-0.036024 -0.002804 0.332000 47 180 195
-0.035480 -0.002804 0.332000 44 177 194
-0.034936 -0.002804 0.332000 42 178 192
-0.034392 -0.002804 0.332000 37 177 192
-0.033848 -0.002804 0.332000 35 177 189
-0.033305 -0.002804 0.332000 31 174 188
-0.032662 -0.002796 0.331000 37 181 192
-0.032120 -0.002796 0.331000 39 179 192
-0.031577 -0.002796 0.331000 35 173 186
-0.031035 -0.002796 0.331000 37 169 184
-0.030493 -0.002796 0.331000 30 162 177
-0.029951 -0.002796 0.331000 26 162 176
-0.029408 -0.002796 0.331000 25 161 175
-0.028779 -0.002787 0.330000 21 157 171
-0.028238 -0.002787 0.330000 22 155 172
-0.027698 -0.002787 0.330000 23 156 173
-0.027075 -0.002779 0.329000 18 154 170
-0.026536 -0.002779 0.329000 8 145 163
-0.025997 -0.002779 0.329000 0 140 155
-0.025458 -0.002779 0.329000 3 143 158
-0.024919 -0.002779 0.329000 8 148 163
-0.024380 -0.002779 0.329000 26 164 177
-0.023841 -0.002779 0.329000 26 159 174
-0.023302 -0.002779 0.329000 0 120 137
-0.022763 -0.002779 0.329000 2 123 142
-0.022291 -0.002787 0.330000 1 116 137
-0.021751 -0.002787 0.330000 0 113 130
-0.021210 -0.002787 0.330000 14 150 162
-0.020732 -0.002796 0.331000 42 186 195
-0.020190 -0.002796 0.331000 31 178 188
-0.019647 -0.002796 0.331000 27 175 187
-0.019163 -0.002804 0.332000 26 172 185
-0.018619 -0.002804 0.332000 34 174 189
-0.018075 -0.002804 0.332000 34 166 181
-0.017584 -0.002813 0.333000 46 171 189
-0.017038 -0.002813 0.333000 17 138 155
-0.016542 -0.002821 0.334000 20 137 154
-0.016043 -0.002829 0.335000 28 141 159
-0.055275 -0.002361 0.347000 56 139 157
-0.054706 -0.002361 0.347000 25 137 151
-0.054138 -0.002361 0.347000 14 152 162
-0.053569 -0.002361 0.347000 19 173 181
-0.052848 -0.002354 0.346000 27 183 195
-0.052281 -0.002354 0.346000 32 188 201
-0.051565 -0.002347 0.345000 30 186 201
-0.050852 -0.002340 0.344000 27 184 199
-0.050288 -0.002340 0.344000 26 188 203
-0.048590 -0.002313 0.340000 0 165 184
-0.047891 -0.002306 0.339000 0 156 176
-0.047196 -0.002300 0.338000 25 177 198
-0.046504 -0.002293 0.337000 22 168 191
-0.045952 -0.002293 0.337000 20 160 183
-0.045266 -0.002286 0.336000 4 143 164
-0.044715 -0.002286 0.336000 0 135 154
-0.044033 -0.002279 0.335000 0 134 153
-0.043484 -0.002279 0.335000 3 136 155
-0.042936 -0.002279 0.335000 0 131 149
-0.042387 -0.002279 0.335000 0 127 146
-0.041713 -0.002272 0.334000 4 133 152
-0.041166 -0.002272 0.334000 0 128 147
-0.040619 -0.002272 0.334000 0 130 148
-0.040071 -0.002272 0.334000 24 157 176
-0.039406 -0.002266 0.333000 51 187 203
-0.038860 -0.002266 0.333000 45 183 196
-0.038315 -0.002266 0.333000 44 185 195
-0.037769 -0.002266 0.333000 39 177 188
-0.037224 -0.002266 0.333000 34 172 183
-0.036568 -0.002259 0.332000 32 170 181
-0.036024 -0.002259 0.332000 43 181 192
-0.035480 -0.002259 0.332000 47 185 198
-0.034936 -0.002259 0.332000 49 187 198
-0.034392 -0.002259 0.332000 51 189 202
-0.033848 -0.002259 0.332000 53 191 202
-0.033305 -0.002259 0.332000 51 189 202
-0.032662 -0.002252 0.331000 55 191 203
-0.032120 -0.002252 0.331000 55 191 203
-0.031577 -0.002252 0.331000 56 190 202
-0.031035 -0.002252 0.331000 59 191 204
-0.030493 -0.002252 0.331000 54 186 199
-0.029951 -0.002252 0.331000 49 183 195
-0.029319 -0.002245 0.330000 46 182 194
-0.028779 -0.002245 0.330000 45 181 193
-0.028238 -0.002245 0.330000 37 175 188
-0.027698 -0.002245 0.330000 34 172 185
-0.027075 -0.002238 0.329000 31 171 184
-0.026536 -0.002238 0.329000 23 165 179
-0.025997 -0.002238 0.329000 23 165 179
-0.025458 -0.002238 0.329000 22 164 178
-0.024919 -0.002238 0.329000 6 146 161
-0.024380 -0.002238 0.329000 18 154 168
-0.023841 -0.002238 0.329000 41 171 187
-0.023302 -0.002238 0.329000 37 160 176
-0.022763 -0.002238 0.329000 15 132 150
-0.022224 -0.002238 0.329000 1 113 133
-0.021751 -0.002245 0.330000 0 107 125
-0.021210 -0.002245 0.330000 12 142 156
-0.020669 -0.002245 0.330000 27 165 176
-0.020129 -0.002245 0.330000 26 167 177
-0.019647 -0.002252 0.331000 24 166 176
-0.019105 -0.002252 0.331000 20 161 171
-0.018619 -0.002259 0.332000 22 158 170
-0.018075 -0.002259 0.332000 0 127 140
-0.017584 -0.002266 0.333000 0 118 132
-0.017089 -0.002272 0.334000 8 118 133
-0.016641 -0.002286 0.336000 24 123 142
-0.015391 -0.002347 0.345000 141 218 248
-0.055115 -0.001786 0.346000 90 166 182
-0.054549 -0.001786 0.346000 63 165 180
-0.053982 -0.001786 0.346000 49 180 190
-0.053415 -0.001786 0.346000 34 178 187
-0.052848 -0.001786 0.346000 26 169 183
-0.052281 -0.001786 0.346000 29 175 190
-0.051565 -0.001781 0.345000 31 174 191
-0.050852 -0.001775 0.344000 27 172 189
-0.050142 -0.001770 0.343000 31 184 200
-0.049580 -0.001770 0.343000 32 187 205
-0.048590 -0.001755 0.340000 31 186 206
-0.047891 -0.001750 0.339000 3 155 176
-0.047196 -0.001744 0.338000 16 160 184
-0.046642 -0.001744 0.338000 31 170 193
-0.045952 -0.001739 0.337000 5 140 162
-0.045266 -0.001734 0.336000 4 134 156
-0.044715 -0.001734 0.336000 4 133 154
-0.044033 -0.001729 0.335000 5 134 153
-0.043484 -0.001729 0.335000 3 130 149
-0.042936 -0.001729 0.335000 0 122 143
-0.042387 -0.001729 0.335000 11 130 152
-0.041713 -0.001724 0.334000 3 122 142
-0.041166 -0.001724 0.334000 2 123 144
-0.040619 -0.001724 0.334000 3 125 146
-0.040071 -0.001724 0.334000 26 155 174
-0.039406 -0.001719 0.333000 19 152 169
-0.038860 -0.001719 0.333000 22 160 171
-0.038315 -0.001719 0.333000 30 171 181
-0.037769 -0.001719 0.333000 25 166 176
-0.037224 -0.001719 0.333000 30 171 181
-0.036568 -0.001713 0.332000 33 173 186
-0.036024 -0.001713 0.332000 37 177 190
-0.035480 -0.001713 0.332000 29 169 182
-0.034936 -0.001713 0.332000 35 175 188
-0.034392 -0.001713 0.332000 42 182 195
-0.033848 -0.001713 0.332000 48 186 199
-0.033305 -0.001713 0.332000 49 187 200
-0.032662 -0.001708 0.331000 54 192 205
-0.032120 -0.001708 0.331000 57 193 205
-0.031577 -0.001708 0.331000 54 190 202
-0.031035 -0.001708 0.331000 52 188 200
-0.030493 -0.001708 0.331000 46 184 195
-0.029951 -0.001708 0.331000 40 178 189
-0.029319 -0.001703 0.330000 37 178 188
-0.028779 -0.001703 0.330000 40 180 193
-0.028238 -0.001703 0.330000 39 181 193
-0.027698 -0.001703 0.330000 41 183 195
-0.027075 -0.001698 0.329000 40 184 195
-0.026536 -0.001698 0.329000 38 182 193
-0.025997 -0.001698 0.329000 44 186 198
-0.025458 -0.001698 0.329000 49 189 204
-0.024919 -0.001698 0.329000 35 173 186
-0.024380 -0.001698 0.329000 17 149 164
-0.023841 -0.001698 0.329000 29 156 171
-0.023302 -0.001698 0.329000 24 144 161
-0.022763 -0.001698 0.329000 37 152 170
-0.022224 -0.001698 0.329000 18 127 147
-0.021685 -0.001698 0.329000 0 111 129
-0.021210 -0.001703 0.330000 9 131 146
-0.020669 -0.001703 0.330000 15 143 156
-0.020129 -0.001703 0.330000 17 147 160
-0.019647 -0.001708 0.331000 17 149 161
-0.019105 -0.001708 0.331000 15 147 159
-0.018619 -0.001713 0.332000 15 143 154
-0.018129 -0.001719 0.333000 11 131 145
-0.017637 -0.001724 0.334000 28 138 153
-0.017089 -0.001724 0.334000 39 139 154
-0.016641 -0.001734 0.336000 48 137 155
-0.015864 -0.001770 0.343000 118 188 214
-0.055115 -0.001217 0.346000 63 132 148
-0.054549 -0.001217 0.346000 67 158 176
-0.053982 -0.001217 0.346000 42 158 171
-0.053415 -0.001217 0.346000 27 155 168
-0.052695 -0.001214 0.345000 14 141 158
-0.052130 -0.001214 0.345000 9 136 155
-0.051565 -0.001214 0.345000 11 136 156
-0.050852 -0.001210 0.344000 17 146 167
-0.050142 -0.001207 0.343000 32 165 184
-0.049436 -0.001203 0.342000 34 171 190
-0.048590 -0.001196 0.340000 24 165 185
-0.047891 -0.001193 0.339000 5 144 165
-0.047196 -0.001189 0.338000 24 156 179
-0.046642 -0.001189 0.338000 46 172 195
-0.045952 -0.001186 0.337000 34 156 180
-0.045400 -0.001186 0.337000 15 135 159
-0.044715 -0.001182 0.336000 11 130 154
-0.044033 -0.001179 0.335000 12 128 151
-0.043484 -0.001179 0.335000 8 122 146
-0.042936 -0.001179 0.335000 3 115 137
-0.042387 -0.001179 0.335000 0 109 132
-0.041838 -0.001179 0.335000 0 106 127
-0.041166 -0.001175 0.334000 0 107 130
-0.040619 -0.001175 0.334000 0 101 123
-0.040071 -0.001175 0.334000 37 154 174
-0.039406 -0.001172 0.333000 18 143 161
-0.038860 -0.001172 0.333000 5 141 155
-0.038315 -0.001172 0.333000 14 156 168
-0.037769 -0.001172 0.333000 11 153 167
-0.037224 -0.001172 0.333000 9 151 165
-0.036568 -0.001168 0.332000 2 144 158
-0.036024 -0.001168 0.332000 15 158 172
-0.035480 -0.001168 0.332000 13 156 172
-0.034936 -0.001168 0.332000 11 154 170
-0.034392 -0.001168 0.332000 13 156 172
-0.033848 -0.001168 0.332000 18 161 177
-0.033305 -0.001168 0.332000 17 160 174
-0.032662 -0.001165 0.331000 18 161 175
-0.032120 -0.001165 0.331000 18 164 177
-0.031577 -0.001165 0.331000 14 160 173
-0.031035 -0.001165 0.331000 13 160 170
-0.030493 -0.001165 0.331000 13 160 170
-0.029951 -0.001165 0.331000 13 161 173
-0.029319 -0.001161 0.330000 10 158 170
-0.028779 -0.001161 0.330000 8 156 168
-0.028238 -0.001161 0.330000 10 156 169
-0.027698 -0.001161 0.330000 17 163 176
-0.027157 -0.001161 0.330000 22 168 181
-0.026536 -0.001158 0.329000 19 162 176
-0.025997 -0.001158 0.329000 19 159 174
-0.025458 -0.001158 0.329000 23 161 174
-0.024919 -0.001158 0.329000 32 165 180
-0.024380 -0.001158 0.329000 30 157 172
-0.023841 -0.001158 0.329000 28 151 166
-0.023302 -0.001158 0.329000 14 130 145
-0.022763 -0.001158 0.329000 17 128 145
-0.022224 -0.001158 0.329000 11 118 134
-0.021685 -0.001158 0.329000 4 111 127
-0.021210 -0.001161 0.330000 5 117 131
-0.020669 -0.001161 0.330000 13 129 144
-0.020129 -0.001161 0.330000 20 138 152
-0.019647 -0.001165 0.331000 12 130 142
-0.019163 -0.001168 0.332000 11 129 141
-0.018619 -0.001168 0.332000 15 129 140
-0.018129 -0.001172 0.333000 24 132 145
-0.017637 -0.001175 0.334000 37 137 152
-0.017192 -0.001182 0.336000 26 115 131
-0.016740 -0.001189 0.338000 33 114 133
-0.016282 -0.001196 0.340000 35 107 129
-0.054549 -0.000649 0.346000 40 121 140
-0.053982 -0.000649 0.346000 27 130 147
-0.053261 -0.000647 0.345000 18 131 149
-0.052695 -0.000647 0.345000 14 125 145
-0.052130 -0.000647 0.345000 10 120 143
-0.051415 -0.000645 0.344000 5 113 139
-0.050704 -0.000643 0.343000 9 119 144
-0.049996 -0.000642 0.342000 30 144 168
-0.049291 -0.000640 0.341000 45 164 188
-0.048590 -0.000638 0.340000 8 130 154
-0.047891 -0.000636 0.339000 11 131 156
-0.047196 -0.000634 0.338000 21 136 163
-0.046642 -0.000634 0.338000 16 127 154
-0.045952 -0.000632 0.337000 28 136 164
-0.045400 -0.000632 0.337000 20 125 154
-0.044715 -0.000630 0.336000 21 125 152
-0.044165 -0.000630 0.336000 11 115 142
-0.043484 -0.000628 0.335000 8 108 134
-0.042936 -0.000628 0.335000 3 101 128
-0.042387 -0.000628 0.335000 0 91 116
-0.041838 -0.000628 0.335000 0 92 118
-0.041166 -0.000627 0.334000 0 86 111
-0.040619 -0.000627 0.334000 0 91 114
-0.040071 -0.000627 0.334000 43 145 167
-0.039406 -0.000625 0.333000 26 137 157
-0.038860 -0.000625 0.333000 18 145 162
-0.038315 -0.000625 0.333000 10 146 162
-0.037769 -0.000625 0.333000 6 142 158
-0.037224 -0.000625 0.333000 9 145 161
-0.036568 -0.000623 0.332000 3 138 157
-0.036024 -0.000623 0.332000 11 148 166
-0.035480 -0.000623 0.332000 13 150 168
-0.034936 -0.000623 0.332000 9 149 166
-0.034392 -0.000623 0.332000 9 149 166
-0.033848 -0.000623 0.332000 11 152 169
-0.033305 -0.000623 0.332000 7 148 165
-0.032662 -0.000621 0.331000 6 148 162
-0.032120 -0.000621 0.331000 10 151 168
-0.031577 -0.000621 0.331000 7 150 164
-0.031035 -0.000621 0.331000 7 150 164
-0.030493 -0.000621 0.331000 10 153 167
-0.029951 -0.000621 0.331000 5 151 166
-0.029408 -0.000621 0.331000 7 153 168
-0.028779 -0.000619 0.330000 12 155 171
-0.028238 -0.000619 0.330000 12 153 170
-0.027698 -0.000619 0.330000 12 152 169
-0.027157 -0.000619 0.330000 10 147 165
-0.026616 -0.000619 0.330000 9 142 159
-0.026076 -0.000619 0.330000 10 141 159
-0.025458 -0.000617 0.329000 15 142 159
-0.024919 -0.000617 0.329000 17 140 156
-0.024380 -0.000617 0.329000 22 139 156
-0.023841 -0.000617 0.329000 16 129 145
-0.023302 -0.000617 0.329000 19 126 142
-0.022763 -0.000617 0.329000 15 118 135
-0.022291 -0.000619 0.330000 18 118 134
-0.021751 -0.000619 0.330000 16 116 132
-0.021210 -0.000619 0.330000 15 117 132
-0.020669 -0.000619 0.330000 9 111 126
-0.020190 -0.000621 0.331000 9 112 127
-0.019647 -0.000621 0.331000 13 115 130
-0.019163 -0.000623 0.332000 20 122 136
-0.018675 -0.000625 0.333000 21 118 134
-0.018184 -0.000627 0.334000 23 116 131
-0.017689 -0.000628 0.335000 27 115 129
-0.017192 -0.000630 0.336000 33 112 129
-0.016740 -0.000634 0.338000 31 104 121
-0.048590 -0.000079 0.340000 54 153 184
-0.047891 -0.000079 0.339000 33 132 163
-0.047196 -0.000079 0.338000 20 115 147
-0.046642 -0.000079 0.338000 15 108 139
-0.045952 -0.000079 0.337000 12 101 133
-0.045266 -0.000078 0.336000 8 94 127
-0.044715 -0.000078 0.336000 11 97 130
-0.044033 -0.000078 0.335000 6 92 125
-0.043484 -0.000078 0.335000 0 78 110
-0.042936 -0.000078 0.335000 0 75 108
-0.042387 -0.000078 0.335000 0 78 109
-0.041713 -0.000078 0.334000 0 77 107
-0.041166 -0.000078 0.334000 0 77 107
-0.040619 -0.000078 0.334000 0 68 95
-0.039951 -0.000078 0.333000 0 83 109
-0.039406 -0.000078 0.333000 30 125 147
-0.038860 -0.000078 0.333000 22 133 153
-0.038315 -0.000078 0.333000 17 138 157
-0.037769 -0.000078 0.333000 16 137 156
-0.037112 -0.000077 0.332000 15 138 156
-0.036568 -0.000077 0.332000 18 140 161
-0.036024 -0.000077 0.332000 15 140 160
-0.035480 -0.000077 0.332000 18 143 163
-0.034936 -0.000077 0.332000 25 152 171
-0.034392 -0.000077 0.332000 10 137 156
-0.033848 -0.000077 0.332000 11 138 157
-0.033305 -0.000077 0.332000 9 136 155
-0.032662 -0.000077 0.331000 8 138 154
-0.032120 -0.000077 0.331000 13 142 161
-0.031577 -0.000077 0.331000 13 143 159
-0.031035 -0.000077 0.331000 9 139 155
-0.030493 -0.000077 0.331000 11 141 157
-0.029951 -0.000077 0.331000 11 142 160
-0.029408 -0.000077 0.331000 9 138 159
-0.028866 -0.000077 0.331000 9 135 157
-0.028238 -0.000077 0.330000 13 138 160
-0.027698 -0.000077 0.330000 19 140 161
-0.027157 -0.000077 0.330000 15 134 156
-0.026616 -0.000077 0.330000 16 130 154
-0.026076 -0.000077 0.330000 20 132 156
-0.025535 -0.000077 0.330000 17 126 149
-0.024994 -0.000077 0.330000 24 129 151
-0.024454 -0.000077 0.330000 23 123 146
-0.023913 -0.000077 0.330000 24 120 142
-0.023372 -0.000077 0.330000 25 117 138
-0.022832 -0.000077 0.330000 30 118 140
-0.022291 -0.000077 0.330000 24 111 131
-0.021751 -0.000077 0.330000 20 105 125
-0.021210 -0.000077 0.330000 18 105 122
-0.020732 -0.000077 0.331000 15 102 119
-0.020190 -0.000077 0.331000 12 98 115
-0.019707 -0.000077 0.332000 13 99 116
-0.019163 -0.000077 0.332000 14 97 113
-0.018675 -0.000078 0.333000 18 99 116
-0.018184 -0.000078 0.334000 27 104 120
-0.017742 -0.000078 0.336000 36 109 124
-0.017243 -0.000079 0.337000 52 119 136
-0.041043 0.000469 0.333000 28 97 130
-0.040497 0.000469 0.333000 29 100 130
-0.039951 0.000469 0.333000 29 100 128
-0.039406 0.000469 0.333000 22 102 129
-0.038860 0.000469 0.333000 23 117 142
-0.038200 0.000468 0.332000 21 123 146
-0.037656 0.000468 0.332000 27 129 152
-0.037112 0.000468 0.332000 26 128 151
-0.036568 0.000468 0.332000 25 130 152
-0.036024 0.000468 0.332000 25 130 152
-0.035373 0.000467 0.331000 28 134 156
-0.034831 0.000467 0.331000 28 134 156
-0.034289 0.000467 0.331000 21 127 149
-0.033746 0.000467 0.331000 23 129 151
-0.033204 0.000467 0.331000 25 131 153
-0.032662 0.000467 0.331000 23 129 151
-0.032120 0.000467 0.331000 21 130 151
-0.031577 0.000467 0.331000 19 128 149
-0.031035 0.000467 0.331000 17 126 147
-0.030493 0.000467 0.331000 23 132 153
-0.029951 0.000467 0.331000 22 132 155
-0.029408 0.000467 0.331000 35 145 170
-0.028866 0.000467 0.331000 42 150 176
-0.028324 0.000467 0.331000 45 151 177
-0.027781 0.000467 0.331000 49 151 176
-0.027157 0.000465 0.330000 52 152 178
-0.026616 0.000465 0.330000 59 157 184
-0.026076 0.000465 0.330000 64 158 186
-0.025535 0.000465 0.330000 70 161 188
-0.024994 0.000465 0.330000 71 161 188
-0.024454 0.000465 0.330000 67 153 180
-0.023913 0.000465 0.330000 69 153 179
-0.023372 0.000465 0.330000 67 147 174
-0.022832 0.000465 0.330000 62 139 165
-0.022291 0.000465 0.330000 39 115 139
-0.021816 0.000467 0.331000 25 100 123
-0.021274 0.000467 0.331000 19 92 111
-0.020732 0.000467 0.331000 23 96 113
-0.020251 0.000468 0.332000 19 90 108
-0.019707 0.000468 0.332000 28 96 115
-0.019220 0.000469 0.333000 36 103 122
-0.018731 0.000471 0.334000 50 115 133
-0.018238 0.000472 0.335000 51 112 131
-0.038200 0.001013 0.332000 14 93 123
-0.037542 0.001010 0.331000 0 78 108
-0.037000 0.001010 0.331000 0 74 104
-0.036458 0.001010 0.331000 0 67 97
-0.035916 0.001010 0.331000 0 64 94
-0.035373 0.001010 0.331000 0 67 97
-0.034831 0.001010 0.331000 0 62 92
-0.034289 0.001010 0.331000 0 64 94
-0.033746 0.001010 0.331000 0 64 94
-0.033204 0.001010 0.331000 0 70 100
-0.032662 0.001010 0.331000 0 71 101
-0.032120 0.001010 0.331000 0 72 102
-0.031577 0.001010 0.331000 0 76 106
-0.031035 0.001010 0.331000 3 80 110
-0.030493 0.001010 0.331000 10 89 119
-0.029951 0.001010 0.331000 19 105 132
-0.029319 0.001007 0.330000 35 121 148
-0.028779 0.001007 0.330000 47 132 161
-0.028238 0.001007 0.330000 59 142 172
-0.027698 0.001007 0.330000 74 155 185
-0.027157 0.001007 0.330000 85 166 196
-0.026616 0.001007 0.330000 92 171 202
-0.026076 0.001007 0.330000 88 167 198
-0.025535 0.001007 0.330000 88 164 196
-0.024994 0.001007 0.330000 86 162 194
-0.024454 0.001007 0.330000 89 164 195
0.468861 0.004613 0.222278 86 128 127
0.468425 0.004903 0.221046 98 144 144
0.467013 0.005102 0.220077 100 146 146
0.466578 0.005391 0.218846 86 127 129
0.474621 0.004118 0.230535 114 148 147
0.474184 0.004408 0.229298 61 97 95
0.473746 0.004699 0.228061 58 92 91
0.473308 0.004989 0.226825 56 91 87
0.471893 0.005190 0.225843 85 124 121
0.471455 0.005480 0.224608 88 133 130
0.470042 0.005679 0.223631 84 136 134
0.469605 0.005969 0.222397 86 145 143
0.469168 0.006259 0.221163 91 153 152
0.468731 0.006548 0.219930 72 134 133
0.468295 0.006838 0.218696 52 108 107
0.467858 0.007127 0.217462 53 103 102
0.466448 0.007325 0.216496 69 109 108
0.476683 0.004605 0.234382 87 109 106
0.476245 0.004896 0.233143 94 128 127
0.475806 0.005187 0.231905 86 128 126
0.475368 0.005477 0.230667 90 140 137
-0.055604 -0.042936 0.365119 35 87 83
-0.055752 -0.042838 0.364702 61 113 109
0.474053 0.006349 0.226952 77 132 126
0.472637 0.006549 0.225968 84 141 135
0.472200 0.006839 0.224731 88 150 145
0.471762 0.007129 0.223495 84 153 150
0.471324 0.007420 0.222258 73 145 142
0.470886 0.007710 0.221021 65 140 136
0.469474 0.007908 0.220047 67 139 136
0.469036 0.008198 0.218811 73 139 137
0.468599 0.008487 0.217576 77 137 135
0.467189 0.008684 0.216608 90 138 138
0.466752 0.008973 0.215374 98 136 137
0.478747 0.005094 0.238238 96 126 124
0.478308 0.005385 0.236999 93 129 125
0.478851 0.005765 0.235516 94 135 129
0.478411 0.006057 0.234275 88 137 131
0.477972 0.006348 0.233034 81 137 134
0.477533 0.006639 0.231792 82 147 143
-0.055535 -0.042606 0.365664 70 139 134
-0.055683 -0.042508 0.365247 62 135 128
-0.055830 -0.042410 0.364831 74 147 140
0.474797 0.007713 0.227080 84 157 150
0.473382 0.007911 0.226094 81 156 151
0.472943 0.008202 0.224856 63 142 136
0.472505 0.008492 0.223618 60 140 137
0.472066 0.008783 0.222379 67 149 145
0.470653 0.008980 0.221401 71 151 148
0.470216 0.009270 0.220165 70 149 146
0.469778 0.009560 0.218928 75 147 144
0.469340 0.009851 0.217691 79 143 142
0.468902 0.010141 0.216454 80 136 135
0.468464 0.010431 0.215217 76 121 124
0.467055 0.010625 0.214250 63 98 102
0.481901 0.006346 0.239148 89 130 126
0.480478 0.006548 0.238142 81 127 124
0.480038 0.006839 0.236899 82 134 130
0.479598 0.007131 0.235656 77 136 130
-0.055171 -0.042471 0.367043 70 135 129
-0.055319 -0.042373 0.366626 71 143 139
-0.055466 -0.042275 0.366209 65 141 137
-0.055614 -0.042178 0.365792 64 144 141
-0.055761 -0.042080 0.365376 68 150 144
-0.055909 -0.041982 0.364959 69 154 147
-0.056056 -0.041884 0.364542 56 141 134
-0.056204 -0.041786 0.364125 57 144 136
-0.056351 -0.041688 0.363708 64 153 147
-0.056499 -0.041591 0.363291 65 156 151
0.472808 0.010150 0.222502 58 149 144
0.471395 0.010345 0.221522 55 141 138
0.470957 0.010636 0.220283 57 139 137
0.470518 0.010926 0.219045 57 136 131
0.470080 0.011217 0.217807 60 131 127
0.468669 0.011411 0.216834 71 129 130
0.468231 0.011701 0.215598 82 130 132
0.467794 0.011991 0.214361 86 124 127
-0.055642 -0.042526 0.369075 74 133 129
-0.055789 -0.042429 0.368660 68 130 127
-0.055936 -0.042331 0.368245 66 132 130
-0.056083 -0.042234 0.367829 71 142 138
-0.056230 -0.042136 0.367414 64 139 135
-0.056377 -0.042039 0.366999 64 143 140
-0.056524 -0.041941 0.366583 68 148 147
-0.056671 -0.041844 0.366168 61 146 143
-0.055840 -0.041652 0.365504 63 149 146
-0.055987 -0.041554 0.365087 62 151 147
-0.056135 -0.041456 0.364670 61 152 145
-0.056282 -0.041358 0.364253 58 151 143
-0.056430 -0.041261 0.363837 54 149 143
-0.056577 -0.041163 0.363420 45 141 137
-0.056725 -0.041065 0.363003 41 137 133
-0.056872 -0.040967 0.362586 48 140 137
0.471697 0.012005 0.220403 51 140 136
0.471258 0.012296 0.219163 49 134 127
0.469847 0.012488 0.218188 51 126 121
0.469409 0.012779 0.216949 67 126 124
0.468970 0.013070 0.215711 93 139 139
0.467561 0.013261 0.214741 92 127 129
-0.055426 -0.042295 0.370034 67 122 117
-0.055573 -0.042197 0.369618 57 122 116
-0.055720 -0.042100 0.369203 60 131 127
-0.055867 -0.042002 0.368788 64 136 133
-0.056014 -0.041905 0.368372 64 138 137
-0.056161 -0.041807 0.367957 60 139 136
-0.056308 -0.041710 0.367542 64 144 141
-0.056455 -0.041612 0.367126 57 138 139
-0.056602 -0.041515 0.366711 65 149 149
-0.056749 -0.041417 0.366296 64 150 149
-0.056896 -0.041320 0.365881 62 151 149
-0.056066 -0.041126 0.365215 49 138 134
-0.056213 -0.041028 0.364798 51 143 138
-0.056361 -0.040930 0.364382 46 141 135
-0.056508 -0.040833 0.363965 43 142 137
-0.056656 -0.040735 0.363548 46 145 140
-0.056803 -0.040637 0.363131 44 143 138
-0.056951 -0.040539 0.362714 41 136 132
-0.057098 -0.040441 0.362297 47 136 130
-0.057246 -0.040343 0.361881 60 143 135
0.471559 0.013959 0.218041 73 144 136
0.470147 0.014150 0.217065 91 146 141
0.468737 0.014341 0.216092 104 144 143
0.468299 0.014632 0.214853 119 149 149
-0.055357 -0.041966 0.370577 62 117 114
-0.055504 -0.041868 0.370161 52 118 114
-0.055651 -0.041771 0.369746 41 113 109
-0.055798 -0.041673 0.369331 52 128 126
-0.055945 -0.041576 0.368915 46 122 122
-0.056092 -0.041478 0.368500 50 128 128
-0.056239 -0.041381 0.368085 69 149 148
-0.056386 -0.041283 0.367669 59 141 139
-0.056533 -0.041186 0.367254 62 143 144
-0.056680 -0.041089 0.366839 65 149 151
-0.056827 -0.040991 0.366424 62 148 149
-0.056974 -0.040894 0.366008 67 156 154
-0.057121 -0.040796 0.365593 47 136 132
-0.057268 -0.040699 0.365178 39 131 126
-0.056439 -0.040502 0.364510 40 136 132
-0.056587 -0.040405 0.364093 25 124 119
-0.056734 -0.040307 0.363676 26 125 120
-0.056882 -0.040209 0.363259 22 118 114
-0.057029 -0.040111 0.362842 28 119 112
-0.057177 -0.040013 0.362426 34 116 110
-0.057324 -0.039915 0.362009 40 116 106
-0.057472 -0.039818 0.361592 51 114 105
0.470885 0.015525 0.217182 60 103 96
0.469475 0.015714 0.216207 64 93 89
0.468066 0.015903 0.215234 65 85 83
-0.055435 -0.041539 0.370704 44 106 103
-0.055582 -0.041442 0.370289 45 116 112
-0.055729 -0.041344 0.369874 51 127 125
-0.055876 -0.041247 0.369458 44 124 123
-0.056023 -0.041149 0.369043 46 126 127
-0.056170 -0.041052 0.368628 53 134 135
-0.056317 -0.040955 0.368213 71 156 153
-0.056464 -0.040857 0.367797 64 150 149
-0.056611 -0.040760 0.367382 68 156 157
-0.056758 -0.040662 0.366967 61 149 150
-0.056905 -0.040565 0.366551 56 144 145
-0.057052 -0.040467 0.366136 60 150 148
-0.057199 -0.040370 0.365721 34 125 120
-0.057346 -0.040272 0.365305 21 116 110
-0.057493 -0.040175 0.364890 22 119 112
-0.057640 -0.040077 0.364475 29 126 119
-0.057787 -0.039980 0.364059 21 117 113
-0.056960 -0.039781 0.363387 28 119 114
-0.057108 -0.039683 0.362971 28 109 103
-0.057255 -0.039585 0.362554 29 100 94
-0.057403 -0.039488 0.362137 32 92 84
-0.057550 -0.039390 0.361720 42 89 81
0.472594 0.017006 0.217035 45 76 68
0.470212 0.017091 0.216322 55 74 68
-0.054678 -0.040918 0.370185 50 120 118
-0.055807 -0.040918 0.370002 38 112 111
-0.055954 -0.040821 0.369586 42 120 120
-0.056101 -0.040723 0.369171 52 133 134
-0.056248 -0.040626 0.368756 59 145 144
-0.056395 -0.040528 0.368340 60 150 148
-0.056542 -0.040431 0.367925 57 152 148
-0.056689 -0.040333 0.367510 38 134 132
-0.056836 -0.040236 0.367094 31 127 125
-0.056983 -0.040138 0.366679 35 131 127
-0.057130 -0.040041 0.366264 48 143 139
-0.057277 -0.039943 0.365848 51 146 140
-0.057424 -0.039846 0.365433 41 138 129
-0.057571 -0.039748 0.365018 53 150 141
-0.057718 -0.039651 0.364603 58 153 145
-0.057865 -0.039553 0.364187 46 137 132
-0.058012 -0.039456 0.363772 25 106 100
-0.058159 -0.039358 0.363357 0 64 60
-0.057334 -0.039157 0.362682 8 60 56
-0.057481 -0.039060 0.362265 27 63 59
-0.057629 -0.038962 0.361848 54 79 73
-0.054461 -0.040686 0.371147 41 101 102
-0.054609 -0.040588 0.370730 39 105 104
-0.054756 -0.040490 0.370313 39 109 109
-0.055885 -0.040492 0.370129 37 111 110
-0.056032 -0.040394 0.369714 52 130 130
-0.056179 -0.040297 0.369299 58 140 138
-0.056326 -0.040199 0.368883 56 145 143
-0.056473 -0.040102 0.368468 59 151 148
-0.056620 -0.040004 0.368053 47 143 139
-0.056767 -0.039907 0.367637 13 112 109
-0.056914 -0.039809 0.367222 20 119 114
-0.057061 -0.039712 0.366807 24 123 118
-0.057208 -0.039614 0.366391 26 123 116
-0.057355 -0.039517 0.365976 40 135 127
-0.057502 -0.039419 0.365561 45 140 132
-0.057649 -0.039322 0.365146 56 151 143
-0.057796 -0.039225 0.364730 58 151 143
-0.057943 -0.039127 0.364315 45 132 126
-0.058091 -0.039030 0.363900 41 116 111
-0.058238 -0.038932 0.363484 5 61 58
-0.057412 -0.038729 0.362810 30 69 66
-0.057560 -0.038632 0.362393 53 74 69
-0.054540 -0.040258 0.371275 34 98 100
-0.054687 -0.040160 0.370858 32 97 99
-0.054835 -0.040062 0.370441 27 95 96
-0.055964 -0.040065 0.370257 32 104 103
-0.056111 -0.039968 0.369842 32 111 108
-0.056258 -0.039870 0.369426 59 141 137
-0.056405 -0.039773 0.369011 49 138 134
-0.056552 -0.039675 0.368596 55 145 143
-0.056699 -0.039578 0.368180 43 135 132
-0.056846 -0.039480 0.367765 18 114 110
-0.056993 -0.039383 0.367350 17 113 109
-0.057140 -0.039285 0.366935 11 107 103
-0.057287 -0.039188 0.366519 14 109 103
-0.057434 -0.039091 0.366104 15 108 100
-0.057581 -0.038993 0.365689 27 118 109
-0.057728 -0.038896 0.365273 41 132 123
-0.057875 -0.038798 0.364858 52 142 133
-0.058022 -0.038701 0.364443 32 117 110
-0.058169 -0.038603 0.364027 69 142 135
-0.058316 -0.038506 0.363612 35 90 84
-0.057491 -0.038302 0.362938 47 82 76
-0.057638 -0.038204 0.362522 72 85 78
-0.053340 -0.039925 0.372012 24 85 86
-0.054471 -0.039928 0.371820 24 89 91
-0.054618 -0.039830 0.371403 15 83 84
-0.054766 -0.039732 0.370986 26 94 95
-0.054913 -0.039634 0.370570 26 96 96
-0.055061 -0.039537 0.370153 15 87 86
-0.055208 -0.039439 0.369736 12 88 86
-0.056336 -0.039444 0.369554 33 115 111
-0.056483 -0.039346 0.369139 44 129 124
-0.056630 -0.039249 0.368723 47 133 130
-0.056777 -0.039152 0.368308 42 132 130
-0.056924 -0.039054 0.367893 34 126 123
-0.057071 -0.038957 0.367478 29 124 120
-0.057218 -0.038859 0.367062 20 112 107
-0.057365 -0.038762 0.366647 18 109 102
-0.057512 -0.038664 0.366232 11 98 90
-0.057659 -0.038567 0.365816 15 100 93
-0.057806 -0.038469 0.365401 18 103 96
-0.057953 -0.038372 0.364986 37 123 114
-0.058100 -0.038274 0.364570 47 130 122
-0.058247 -0.038177 0.364155 87 160 151
-0.058394 -0.038079 0.363740 77 130 122
-0.057569 -0.037874 0.363067 53 86 77
-0.053270 -0.039594 0.372559 49 120 116
-0.053418 -0.039496 0.372141 37 111 110
-0.054549 -0.039500 0.371948 22 96 95
-0.054697 -0.039402 0.371531 22 93 95
-0.054844 -0.039304 0.371115 26 97 99
-0.054992 -0.039207 0.370698 32 104 103
-0.055139 -0.039109 0.370281 34 108 107
-0.056267 -0.039115 0.370097 37 113 109
-0.056414 -0.039018 0.369682 13 92 87
-0.056561 -0.038920 0.369267 40 120 117
-0.056708 -0.038823 0.368851 65 147 145
-0.056855 -0.038725 0.368436 38 122 122
-0.057002 -0.038628 0.368021 29 118 116
-0.057149 -0.038530 0.367605 26 115 113
-0.057296 -0.038433 0.367190 22 108 105
-0.057443 -0.038335 0.366775 14 96 92
-0.057590 -0.038238 0.366359 11 90 85
-0.057737 -0.038140 0.365944 24 101 95
-0.057884 -0.038043 0.365529 26 105 99
-0.058031 -0.037945 0.365113 32 113 106
-0.058178 -0.037848 0.364698 58 139 132
-0.058325 -0.037750 0.364283 74 147 138
-0.058472 -0.037653 0.363868 83 136 126
-0.057648 -0.037446 0.363195 54 87 76
-0.053349 -0.039165 0.372688 51 127 123
-0.053497 -0.039066 0.372270 41 121 118
-0.054628 -0.039072 0.372076 33 111 111
-0.054775 -0.038974 0.371660 29 105 105
-0.054923 -0.038876 0.371243 21 95 96
-0.055070 -0.038779 0.370826 23 97 96
-0.055218 -0.038681 0.370409 35 111 107
-0.056345 -0.038689 0.370225 38 114 110
-0.056492 -0.038591 0.369810 11 87 83
-0.056639 -0.038494 0.369394 19 95 91
-0.056786 -0.038396 0.368979 42 118 118
-0.056933 -0.038299 0.368564 5 85 84
-0.057080 -0.038201 0.368148 15 97 95
-0.057227 -0.038104 0.367733 0 82 80
-0.057374 -0.038006 0.367318 12 91 88
-0.057521 -0.037909 0.366902 23 99 95
-0.057668 -0.037811 0.366487 13 85 81
-0.057815 -0.037714 0.366072 22 94 90
-0.057962 -0.037616 0.365657 32 107 102
-0.058109 -0.037519 0.365241 40 117 109
-0.058256 -0.037421 0.364826 57 134 124
-0.057431 -0.037213 0.364157 69 139 128
-0.057579 -0.037116 0.363740 63 115 103
-0.057726 -0.037018 0.363323 52 84 71
-0.053280 -0.038833 0.373235 39 110 104
-0.053428 -0.038735 0.372817 43 119 115
-0.053576 -0.038637 0.372398 22 102 99
-0.053724 -0.038539 0.371980 25 103 103
-0.054854 -0.038546 0.371788 26 104 104
-0.055001 -0.038448 0.371371 24 100 98
-0.055149 -0.038351 0.370954 19 95 93
-0.055296 -0.038253 0.370537 3 79 75
-0.055444 -0.038155 0.370120 3 79 75
-0.055591 -0.038057 0.369704 0 72 67
-0.056717 -0.038067 0.369522 0 73 69
-0.056864 -0.037970 0.369107 0 72 69
-0.057011 -0.037872 0.368691 0 73 72
-0.057158 -0.037775 0.368276 15 91 87
-0.057305 -0.037677 0.367861 14 89 85
-0.057452 -0.037580 0.367445 16 86 84
-0.057599 -0.037482 0.367030 27 96 93
-0.057746 -0.037385 0.366615 21 92 88
-0.057893 -0.037288 0.366200 21 93 89
-0.057067 -0.037079 0.365535 33 108 101
-0.057214 -0.036981 0.365119 47 123 113
-0.057362 -0.036883 0.364702 55 127 116
-0.057509 -0.036785 0.364285 63 125 112
-0.057657 -0.036688 0.363868 67 115 101
-0.057805 -0.036590 0.363451 53 84 69
-0.053358 -0.038404 0.373364 40 109 104
-0.053506 -0.038306 0.372945 38 114 110
-0.053655 -0.038207 0.372527 20 99 96
-0.053803 -0.038109 0.372109 25 104 101
-0.053951 -0.038011 0.371690 26 105 102
-0.055080 -0.038021 0.371499 30 109 106
-0.055227 -0.037923 0.371082 26 105 102
-0.055375 -0.037825 0.370666 16 95 90
-0.055522 -0.037727 0.370249 7 83 79
-0.055670 -0.037629 0.369832 6 83 77
-0.055817 -0.037531 0.369415 5 80 75
-0.055965 -0.037434 0.368998 9 81 78
-0.056112 -0.037336 0.368581 17 89 86
-0.056260 -0.037238 0.368165 15 90 85
-0.056408 -0.037140 0.367748 27 99 95
-0.056555 -0.037042 0.367331 34 103 100
-0.056703 -0.036944 0.366914 36 105 102
-0.056850 -0.036847 0.366497 43 114 110
-0.056998 -0.036749 0.366080 32 104 100
-0.057145 -0.036651 0.365664 21 96 89
-0.057293 -0.036553 0.365247 36 109 100
-0.057440 -0.036455 0.364830 47 113 103
-0.057588 -0.036357 0.364413 57 113 100
-0.057735 -0.036260 0.363996 55 97 85
-0.053437 -0.037974 0.373492 30 95 89
-0.053585 -0.037876 0.373074 51 123 119
-0.053733 -0.037778 0.372656 43 122 117
-0.053881 -0.037680 0.372237 42 121 118
-0.054029 -0.037581 0.371819 31 111 108
-0.054178 -0.037483 0.371401 34 114 111
-0.055306 -0.037495 0.371211 25 106 100
-0.055453 -0.037397 0.370794 20 101 95
-0.055601 -0.037299 0.370377 29 110 104
-0.055748 -0.037201 0.369960 19 98 92
-0.055896 -0.037103 0.369543 16 93 87
-0.056043 -0.037006 0.369126 13 88 83
-0.056191 -0.036908 0.368710 18 93 88
-0.056338 -0.036810 0.368293 26 101 96
-0.056486 -0.036712 0.367876 35 110 105
-0.056634 -0.036614 0.367459 40 115 110
-0.056781 -0.036516 0.367042 39 114 109
-0.056929 -0.036419 0.366625 31 106 101
-0.057076 -0.036321 0.366209 18 93 88
-0.057224 -0.036223 0.365792 21 94 87
-0.057371 -0.036125 0.365375 27 97 89
-0.057519 -0.036027 0.364958 46 107 99
-0.057666 -0.035930 0.364541 56 106 95
-0.056843 -0.035716 0.363871 55 88 79
-0.053516 -0.037545 0.373621 27 88 81
-0.053664 -0.037447 0.373203 28 97 92
-0.053812 -0.037348 0.372784 27 104 98
-0.053960 -0.037250 0.372366 36 115 110
-0.054108 -0.037152 0.371948 32 113 107
-0.054256 -0.037054 0.371529 25 107 101
-0.055384 -0.037067 0.371339 26 108 102
-0.055532 -0.036969 0.370922 10 92 86
-0.055679 -0.036871 0.370505 42 123 117
-0.055827 -0.036773 0.370088 35 114 108
-0.055974 -0.036676 0.369671 38 115 109
-0.056122 -0.036578 0.369255 35 112 106
-0.056269 -0.036480 0.368838 35 110 105
-0.056417 -0.036382 0.368421 48 120 116
-0.056564 -0.036284 0.368004 33 108 103
-0.056712 -0.036186 0.367587 20 99 93
-0.056860 -0.036089 0.367171 22 101 95
-0.057007 -0.035991 0.366754 14 93 87
-0.056181 -0.035777 0.366091 24 99 94
-0.056329 -0.035679 0.365673 27 100 93
-0.056478 -0.035581 0.365254 29 94 88
-0.056626 -0.035483 0.364836 54 111 104
-0.056774 -0.035385 0.364418 51 94 85
-0.056922 -0.035287 0.363999 57 84 75
-0.053743 -0.037017 0.373331 23 88 82
-0.053891 -0.036919 0.372913 16 89 82
-0.054039 -0.036821 0.372495 10 87 79
-0.054187 -0.036722 0.372076 18 99 92
-0.054335 -0.036624 0.371658 8 91 83
-0.055462 -0.036639 0.371467 36 122 113
-0.055610 -0.036541 0.371050 12 94 88
-0.055758 -0.036443 0.370633 23 104 98
-0.055905 -0.036345 0.370216 26 105 100
-0.056053 -0.036248 0.369800 25 102 96
-0.056200 -0.036150 0.369383 22 99 93
-0.056348 -0.036052 0.368966 24 99 92
-0.056495 -0.035954 0.368549 28 99 95
-0.055668 -0.035741 0.367893 26 98 94
-0.055816 -0.035642 0.367475 22 101 95
-0.055964 -0.035544 0.367056 21 102 95
-0.056112 -0.035446 0.366638 19 98 92
-0.056260 -0.035348 0.366220 20 97 91
-0.056408 -0.035250 0.365801 28 99 93
-0.056556 -0.035152 0.365383 37 102 96
-0.056704 -0.035053 0.364965 64 120 111
-0.055882 -0.034837 0.364295 52 93 85
-0.056030 -0.034738 0.363875 73 94 87
-0.053821 -0.036588 0.373460 18 77 71
-0.053970 -0.036489 0.373042 20 87 80
-0.054118 -0.036391 0.372623 18 91 82
-0.054266 -0.036293 0.372205 11 88 80
-0.054414 -0.036195 0.371787 19 100 91
-0.054562 -0.036097 0.371368 43 126 118
-0.055688 -0.036113 0.371178 19 100 94
-0.055836 -0.036015 0.370762 5 86 80
-0.055984 -0.035917 0.370345 13 89 85
-0.055154 -0.035704 0.369695 23 98 94
-0.055302 -0.035606 0.369277 16 93 87
-0.055450 -0.035508 0.368858 24 99 92
-0.055598 -0.035409 0.368440 26 95 92
-0.055747 -0.035311 0.368022 24 95 91
-0.055895 -0.035213 0.367603 17 94 88
-0.056043 -0.035115 0.367185 13 92 86
-0.056191 -0.035017 0.366767 23 100 94
-0.055366 -0.034800 0.366103 30 105 100
-0.055515 -0.034701 0.365683 39 110 104
-0.055663 -0.034603 0.365264 52 115 107
-0.055812 -0.034504 0.364844 70 123 115
-0.055961 -0.034406 0.364424 66 106 97
-0.054048 -0.036060 0.373170 8 67 61
-0.054196 -0.035962 0.372752 0 67 58
-0.054344 -0.035863 0.372334 0 64 55
-0.054493 -0.035765 0.371915 48 125 117
-0.054641 -0.035667 0.371497 50 130 121
-0.054789 -0.035569 0.371079 32 111 105
-0.054937 -0.035471 0.370660 10 86 82
-0.055085 -0.035373 0.370242 5 77 74
-0.055233 -0.035274 0.369824 18 90 87
-0.055381 -0.035176 0.369405 18 93 88
-0.055529 -0.035078 0.368987 21 94 87
-0.055677 -0.034980 0.368569 28 94 90
-0.054851 -0.034763 0.367912 24 90 86
-0.054999 -0.034664 0.367492 21 92 88
-0.055148 -0.034566 0.367072 24 96 92
-0.055297 -0.034467 0.366652 26 98 94
-0.055445 -0.034369 0.366232 37 109 105
-0.055594 -0.034270 0.365813 46 115 110
-0.055743 -0.034172 0.365393 54 117 109
-0.055891 -0.034073 0.364973 67 118 111
-0.055070 -0.033853 0.364302 78 115 107
-0.054127 -0.035630 0.373299 10 63 57
-0.054275 -0.035532 0.372881 0 60 53
-0.054423 -0.035434 0.372462 0 59 50
-0.054571 -0.035336 0.372044 60 133 124
-0.054719 -0.035238 0.371626 46 121 114
-0.054867 -0.035139 0.371207 42 119 113
-0.055016 -0.035041 0.370789 28 103 98
-0.055164 -0.034943 0.370371 21 93 92
-0.055312 -0.034845 0.369952 18 90 87
-0.055460 -0.034747 0.369534 22 94 90
-0.054633 -0.034529 0.368881 25 98 91
-0.054781 -0.034430 0.368461 32 98 94
-0.054930 -0.034332 0.368041 29 94 90
-0.055078 -0.034233 0.367621 27 93 91
-0.055227 -0.034135 0.367201 26 95 92
-0.055376 -0.034036 0.366781 30 101 97
-0.054552 -0.033816 0.366118 44 113 108
-0.054701 -0.033717 0.365696 51 116 110
-0.054851 -0.033618 0.365275 56 116 108
-0.055000 -0.033519 0.364853 69 114 107
-0.054650 -0.034906 0.372173 68 138 130
-0.054798 -0.034808 0.371754 48 121 114
-0.054946 -0.034710 0.371336 42 117 112
-0.055094 -0.034612 0.370918 36 111 106
-0.054266 -0.034394 0.370269 30 102 101
-0.054414 -0.034295 0.369850 18 90 87
-0.054563 -0.034196 0.369430 24 96 92
-0.054712 -0.034098 0.369010 26 99 92
-0.054860 -0.033999 0.368590 27 96 91
-0.054035 -0.033779 0.367933 25 91 87
-0.054184 -0.033680 0.367511 24 88 87
-0.054333 -0.033581 0.367090 31 95 94
-0.054482 -0.033482 0.366669 29 95 91
-0.054632 -0.033383 0.366247 46 111 105
-0.054781 -0.033285 0.365826 50 111 104
-0.054930 -0.033186 0.365404 58 109 102
-0.055079 -0.033087 0.364983 70 107 100
-0.053304 -0.034652 0.373338 9 51 47
-0.053453 -0.034554 0.372918 0 46 42
-0.053602 -0.034455 0.372498 12 72 64
-0.054729 -0.034477 0.372301 53 120 111
-0.054877 -0.034379 0.371883 50 123 114
-0.054048 -0.034160 0.371238 43 120 112
-0.054196 -0.034061 0.370818 19 96 90
-0.054345 -0.033962 0.370399 28 103 99
-0.054493 -0.033864 0.369979 32 107 103
-0.054642 -0.033765 0.369559 34 106 102
-0.054791 -0.033667 0.369139 33 106 99
-0.053965 -0.033445 0.368484 23 96 89
-0.054114 -0.033346 0.368062 20 89 84
-0.054263 -0.033247 0.367641 28 92 91
-0.054413 -0.033149 0.367219 34 96 93
-0.054562 -0.033050 0.366798 28 93 89
-0.053739 -0.032826 0.366134 45 106 99
-0.053889 -0.032727 0.365711 58 111 103
-0.054039 -0.032628 0.365288 68 109 101
-0.053383 -0.034221 0.373467 7 47 46
-0.053532 -0.034123 0.373047 0 37 34
-0.053681 -0.034024 0.372627 32 89 82
-0.053829 -0.033926 0.372207 42 109 100
-0.053978 -0.033827 0.371787 54 127 118
-0.054127 -0.033728 0.371367 48 125 117
-0.054275 -0.033630 0.370948 10 89 83
-0.054424 -0.033531 0.370528 11 90 85
-0.054572 -0.033433 0.370108 16 92 88
-0.053746 -0.033210 0.369456 18 93 88
-0.053895 -0.033112 0.369035 21 96 89
-0.054044 -0.033013 0.368613 22 99 91
-0.054194 -0.032914 0.368192 25 100 93
-0.053370 -0.032690 0.367532 23 92 87
-0.053520 -0.032590 0.367109 27 92 88
-0.053669 -0.032491 0.366687 35 98 90
-0.053819 -0.032392 0.366264 52 107 101
-0.053969 -0.032293 0.365841 64 109 102
-0.054118 -0.032193 0.365418 76 107 101
-0.052483 -0.033668 0.373378 11 51 50
-0.052632 -0.033569 0.372957 0 48 44
-0.053908 -0.033495 0.372336 54 121 112
-0.054057 -0.033396 0.371916 54 127 118
-0.053229 -0.033173 0.371271 37 117 106
-0.053378 -0.033075 0.370850 13 94 85
-0.053527 -0.032976 0.370428 9 90 83
-0.053676 -0.032877 0.370007 14 93 87
-0.053825 -0.032778 0.369586 13 90 84
-0.053975 -0.032679 0.369164 21 98 90
-0.053150 -0.032454 0.368508 16 96 87
-0.053300 -0.032355 0.368085 20 100 91
-0.053449 -0.032255 0.367662 32 105 98
-0.053599 -0.032156 0.367240 32 99 92
-0.053749 -0.032057 0.366817 38 98 90
-0.052928 -0.031830 0.366152 57 107 98
-0.053078 -0.031730 0.365727 72 107 100
-0.052562 -0.033235 0.373507 2 46 45
-0.052711 -0.033136 0.373086 7 57 54
-0.052861 -0.033037 0.372665 35 94 88
-0.053010 -0.032939 0.372243 40 107 100
-0.053159 -0.032840 0.371822 37 110 101
-0.053308 -0.032741 0.371401 25 102 92
-0.053457 -0.032642 0.370979 18 98 89
-0.053606 -0.032543 0.370558 15 95 86
-0.053756 -0.032444 0.370137 13 92 86
-0.052930 -0.032218 0.369484 15 92 86
-0.053080 -0.032119 0.369061 14 91 85
-0.053230 -0.032020 0.368638 15 95 86
-0.053379 -0.031921 0.368215 20 100 91
-0.052557 -0.031693 0.367555 22 95 86
-0.052707 -0.031593 0.367131 28 93 85
-0.052857 -0.031494 0.366707 51 104 96
-0.053007 -0.031394 0.366282 68 109 101
-0.053158 -0.031294 0.365858 81 106 100
-0.051513 -0.032777 0.373843 4 46 45
-0.052642 -0.032803 0.373637 4 53 50
-0.052791 -0.032704 0.373216 15 70 65
-0.052940 -0.032605 0.372794 16 77 70
-0.053089 -0.032506 0.372373 16 83 76
-0.053238 -0.032407 0.371952 27 100 91
-0.053387 -0.032308 0.371530 26 102 92
-0.053537 -0.032209 0.371109 22 99 89
-0.052710 -0.031983 0.370460 21 98 90
-0.052860 -0.031883 0.370037 13 90 82
-0.053010 -0.031784 0.369614 13 88 83
-0.053160 -0.031685 0.369191 13 90 84
-0.053309 -0.031586 0.368768 13 90 82
-0.052486 -0.031357 0.368110 15 92 84
-0.052637 -0.031257 0.367686 30 101 93
-0.052787 -0.031158 0.367261 39 100 93
-0.052937 -0.031058 0.366837 55 102 96
-0.053087 -0.030958 0.366413 77 110 103
-0.051443 -0.032442 0.374396 56 98 96
-0.051593 -0.032342 0.373973 30 79 76
-0.051742 -0.032243 0.373550 14 69 66
-0.051892 -0.032144 0.373127 16 75 71
-0.052042 -0.032045 0.372704 14 76 71
-0.052191 -0.031945 0.372282 9 76 69
-0.052341 -0.031846 0.371859 20 91 83
-0.052491 -0.031747 0.371436 19 92 83
-0.052640 -0.031648 0.371013 16 89 80
-0.052790 -0.031548 0.370590 22 93 87
-0.052940 -0.031449 0.370167 24 97 90
-0.053089 -0.031350 0.369744 17 92 87
-0.052266 -0.031120 0.369090 21 96 91
-0.052416 -0.031021 0.368665 38 113 108
-0.052566 -0.030921 0.368241 43 114 108
-0.052717 -0.030821 0.367816 45 112 105
-0.051896 -0.030590 0.367154 51 108 101
-0.052046 -0.030490 0.366728 67 106 101
-0.052197 -0.030390 0.366302 83 108 102
-0.051522 -0.032008 0.374526 47 97 94
-0.051672 -0.031908 0.374103 68 124 121
-0.051822 -0.031809 0.373680 37 99 96
-0.051972 -0.031710 0.373257 12 77 73
-0.052121 -0.031611 0.372834 15 81 77
-0.052271 -0.031511 0.372412 10 79 74
-0.052421 -0.031412 0.371989 17 87 79
-0.052570 -0.031313 0.371566 19 89 81
-0.052720 -0.031214 0.371143 22 92 84
-0.052870 -0.031114 0.370720 21 90 85
-0.053019 -0.031015 0.370297 26 97 91
-0.052196 -0.030784 0.369645 27 99 95
-0.052346 -0.030684 0.369220 30 105 100
-0.052496 -0.030585 0.368796 49 124 119
-0.051674 -0.030353 0.368137 55 128 121
-0.051825 -0.030253 0.367711 63 134 126
-0.051976 -0.030153 0.367285 67 126 120
-0.052127 -0.030053 0.366859 72 113 107
-0.051308 -0.029819 0.366193 83 108 104
-0.051602 -0.031573 0.374656 52 112 110
-0.051752 -0.031474 0.374233 63 132 129
-0.051901 -0.031375 0.373810 47 119 115
-0.052051 -0.031276 0.373387 16 91 86
-0.052201 -0.031176 0.372965 3 78 73
-0.052350 -0.031077 0.372542 9 80 76
-0.052500 -0.030978 0.372119 20 86 82
-0.052650 -0.030879 0.371696 26 91 87
-0.052800 -0.030779 0.371273 26 91 87
-0.052949 -0.030680 0.370850 34 100 98
-0.052125 -0.030448 0.370199 29 98 95
-0.052275 -0.030348 0.369775 26 95 90
-0.052426 -0.030249 0.369351 33 106 99
-0.051604 -0.030015 0.368694 53 134 127
-0.051754 -0.029915 0.368268 39 122 114
-0.051905 -0.029815 0.367842 46 127 118
-0.051085 -0.029580 0.367179 69 140 132
-0.051237 -0.029480 0.366752 81 131 128
-0.051388 -0.029380 0.366325 83 115 112
-0.051682 -0.031139 0.374786 61 130 127
-0.051831 -0.031040 0.374363 53 129 125
-0.051981 -0.030941 0.373940 51 133 129
-0.052131 -0.030841 0.373517 49 131 127
-0.052280 -0.030742 0.373095 35 116 110
-0.052430 -0.030643 0.372672 1 77 73
-0.052580 -0.030544 0.372249 6 77 73
-0.052729 -0.030444 0.371826 26 92 90
-0.051905 -0.030211 0.371179 24 90 88
-0.052055 -0.030112 0.370754 29 100 96
-0.052205 -0.030012 0.370330 28 100 96
-0.052355 -0.029913 0.369906 30 101 97
-0.051533 -0.029678 0.369251 24 99 94
-0.051684 -0.029578 0.368825 57 140 132
-0.051835 -0.029478 0.368399 51 141 131
-0.051015 -0.029242 0.367738 46 136 126
-0.051166 -0.029142 0.367311 49 129 120
-0.051317 -0.029041 0.366883 77 139 134
-0.050499 -0.028804 0.366217 86 132 129
-0.050651 -0.028703 0.365788 88 114 111
-0.051761 -0.030705 0.374916 51 126 122
-0.051911 -0.030606 0.374493 45 127 125
-0.052061 -0.030506 0.374070 43 129 126
-0.052210 -0.030407 0.373648 41 132 127
-0.052360 -0.030308 0.373225 47 136 132
-0.052510 -0.030209 0.372802 38 123 118
-0.052659 -0.030109 0.372379 27 108 102
-0.052809 -0.030010 0.371956 29 105 101
-0.051984 -0.029776 0.371309 25 101 97
-0.052135 -0.029676 0.370885 26 105 100
-0.052285 -0.029577 0.370461 29 110 104
-0.052435 -0.029477 0.370036 22 101 96
-0.051613 -0.029241 0.369382 5 86 80
-0.051764 -0.029141 0.368956 49 134 127
-0.050944 -0.028903 0.368297 53 143 134
-0.051095 -0.028803 0.367870 49 139 130
-0.051246 -0.028703 0.367442 60 146 137
-0.050428 -0.028464 0.366778 55 132 124
-0.050580 -0.028363 0.366349 82 145 137
-0.050732 -0.028263 0.365920 90 137 129
-0.050884 -0.028162 0.365491 88 117 112
-0.051841 -0.030271 0.375046 46 126 123
-0.051991 -0.030172 0.374623 44 130 129
-0.053117 -0.030207 0.374415 52 144 143
-0.053267 -0.030108 0.373993 61 155 154
-0.052440 -0.029874 0.373355 47 143 139
-0.052589 -0.029775 0.372932 49 141 136
-0.052739 -0.029675 0.372509 48 139 132
-0.052889 -0.029576 0.372086 59 146 140
-0.052064 -0.029340 0.371440 46 133 127
-0.052215 -0.029240 0.371016 28 117 111
-0.052365 -0.029141 0.370591 19 108 102
-0.052515 -0.029041 0.370167 22 107 102
-0.051693 -0.028803 0.369513 54 141 135
-0.051844 -0.028703 0.369087 47 136 130
-0.051024 -0.028464 0.368429 49 140 131
-0.051175 -0.028364 0.368001 53 146 136
-0.051327 -0.028264 0.367574 52 143 134
-0.050509 -0.028024 0.366909 49 137 125
-0.050661 -0.027923 0.366480 56 133 123
-0.049844 -0.027681 0.365812 83 146 137
-0.049997 -0.027580 0.365381 91 138 130
-0.050149 -0.027479 0.364951 81 112 106
-0.052898 -0.029972 0.375387 56 142 139
-0.053048 -0.029873 0.374966 48 140 139
-0.053197 -0.029774 0.374544 53 149 148
-0.053346 -0.029675 0.374123 59 159 157
-0.053495 -0.029577 0.373702 67 170 167
-0.053644 -0.029478 0.373280 61 162 158
-0.052819 -0.029241 0.372639 59 158 153
-0.052968 -0.029142 0.372216 60 156 152
-0.053118 -0.029043 0.371793 55 152 145
-0.053268 -0.028943 0.371370 58 155 148
-0.052445 -0.028705 0.370722 55 152 145
-0.052595 -0.028605 0.370297 56 148 143
-0.051774 -0.028366 0.369644 53 145 140
-0.051924 -0.028266 0.369218 51 146 140
-0.051105 -0.028026 0.368560 54 149 141
-0.051256 -0.027925 0.368133 53 150 141
-0.051407 -0.027825 0.367705 46 143 132
-0.050590 -0.027583 0.367041 55 148 138
-0.050741 -0.027482 0.366612 52 142 132
-0.049925 -0.027240 0.365944 62 142 131
-0.050078 -0.027138 0.365514 74 144 134
-0.050230 -0.027037 0.365083 87 140 132
-0.049416 -0.026793 0.364409 72 112 103
-0.052978 -0.029540 0.375517 37 126 124
-0.053127 -0.029441 0.375095 35 129 129
-0.053276 -0.029342 0.374674 23 121 122
-0.053425 -0.029243 0.374253 57 160 159
-0.053574 -0.029144 0.373831 55 159 158
-0.053724 -0.029045 0.373410 55 160 156
-0.053873 -0.028946 0.372988 71 176 171
-0.053048 -0.028708 0.372346 63 166 162
-0.053198 -0.028608 0.371923 66 170 163
-0.053347 -0.028509 0.371500 61 165 158
-0.053497 -0.028410 0.371078 63 164 158
-0.052675 -0.028170 0.370428 65 164 161
-0.051854 -0.027929 0.369775 62 161 156
-0.052005 -0.027829 0.369349 54 155 149
-0.052155 -0.027729 0.368923 49 150 142
-0.051336 -0.027487 0.368264 51 152 144
-0.051488 -0.027386 0.367837 49 151 140
-0.050670 -0.027143 0.367173 48 145 136
-0.050822 -0.027042 0.366744 46 142 131
-0.050007 -0.026798 0.366076 49 141 130
-0.050159 -0.026697 0.365646 57 140 130
-0.050311 -0.026596 0.365215 86 159 148
-0.049498 -0.026350 0.364541 79 139 129
-0.049651 -0.026248 0.364109 65 105 96
-0.053886 -0.029344 0.376276 46 126 123
-0.054034 -0.029246 0.375856 56 146 146
-0.053206 -0.029008 0.375225 64 155 158
-0.053355 -0.028909 0.374804 64 159 163
-0.053505 -0.028810 0.374382 67 167 169
-0.053654 -0.028711 0.373961 65 169 168
-0.053803 -0.028612 0.373539 74 180 178
-0.053952 -0.028514 0.373118 68 174 170
-0.054101 -0.028415 0.372697 43 150 144
-0.053277 -0.028174 0.372053 57 162 157
-0.053427 -0.028075 0.371631 60 165 160
-0.053577 -0.027976 0.371208 64 169 164
-0.052755 -0.027734 0.370558 59 162 159
-0.052905 -0.027634 0.370134 58 163 159
-0.052085 -0.027392 0.369480 56 163 157
-0.052235 -0.027292 0.369054 59 166 158
-0.051417 -0.027048 0.368396 50 156 146
-0.051568 -0.026947 0.367968 46 150 141
-0.050751 -0.026702 0.367305 48 148 140
-0.050903 -0.026602 0.366876 58 155 146
-0.050088 -0.026356 0.366209 50 147 138
-0.050240 -0.026255 0.365778 48 144 133
-0.050392 -0.026154 0.365348 65 155 145
-0.049579 -0.025906 0.364674 79 157 144
-0.049732 -0.025805 0.364242 83 141 129
-0.049885 -0.025703 0.363810 67 102 95
-0.053965 -0.028913 0.376405 49 131 127
-0.054114 -0.028815 0.375985 45 135 135
-0.054262 -0.028716 0.375565 40 131 134
-0.054411 -0.028617 0.375146 36 131 135
-0.054559 -0.028519 0.374726 45 145 147
-0.053733 -0.028279 0.374090 58 162 161
-0.053882 -0.028180 0.373669 68 174 172
-0.054031 -0.028081 0.373248 61 170 165
-0.054180 -0.027982 0.372826 56 163 157
-0.054330 -0.027883 0.372405 48 155 149
-0.053506 -0.027641 0.371761 50 157 151
-0.053656 -0.027542 0.371338 49 156 150
-0.053806 -0.027442 0.370915 56 162 160
-0.052985 -0.027199 0.370264 56 162 160
-0.052165 -0.026954 0.369611 57 166 161
-0.052316 -0.026854 0.369185 49 160 153
-0.051497 -0.026609 0.368527 55 165 156
-0.051649 -0.026509 0.368100 51 157 147
-0.050832 -0.026262 0.367437 55 156 150
-0.050984 -0.026161 0.367008 62 161 156
-0.051136 -0.026061 0.366579 54 155 149
-0.050321 -0.025813 0.365911 45 146 138
-0.050473 -0.025712 0.365480 49 146 137
-0.050626 -0.025611 0.365050 71 159 147
-0.049813 -0.025361 0.364375 95 165 155
-0.049966 -0.025260 0.363943 82 132 123
-0.050119 -0.025158 0.363511 82 109 102
-0.054044 -0.028482 0.376534 47 129 125
-0.054193 -0.028383 0.376114 43 133 131
-0.054341 -0.028285 0.375695 41 132 133
-0.054490 -0.028186 0.375275 32 127 129
-0.054638 -0.028088 0.374855 31 131 131
-0.054787 -0.027989 0.374435 36 140 139
-0.054936 -0.027891 0.374015 49 155 153
-0.054111 -0.027648 0.373377 46 155 150
-0.054260 -0.027549 0.372956 47 156 150
-0.054409 -0.027451 0.372535 47 156 150
-0.054558 -0.027352 0.372113 48 157 151
-0.053736 -0.027107 0.371468 45 154 148
-0.053885 -0.027008 0.371045 37 146 143
-0.053065 -0.026763 0.370395 52 161 158
-0.053215 -0.026663 0.369971 63 174 168
-0.052396 -0.026417 0.369316 68 179 172
-0.052547 -0.026317 0.368890 55 164 158
-0.051729 -0.026070 0.368231 53 160 152
-0.051880 -0.025969 0.367804 64 169 164
-0.051064 -0.025721 0.367140 56 159 155
-0.051216 -0.025620 0.366711 52 155 151
-0.050402 -0.025371 0.366043 33 134 130
-0.050554 -0.025270 0.365613 53 149 145
-0.050707 -0.025169 0.365182 66 156 147
-0.049895 -0.024918 0.364508 81 158 150
-0.050047 -0.024816 0.364076 100 166 156
-0.050200 -0.024715 0.363644 87 138 129
-0.054123 -0.028051 0.376663 44 129 122
-0.054272 -0.027952 0.376244 43 135 132
-0.054420 -0.027854 0.375824 49 143 143
-0.054569 -0.027755 0.375404 44 142 141
-0.054717 -0.027657 0.374984 37 137 137
-0.054866 -0.027558 0.374564 33 138 134
-0.055015 -0.027460 0.374144 44 150 146
-0.055163 -0.027361 0.373724 43 152 146
-0.054339 -0.027117 0.373086 40 149 143
-0.054488 -0.027018 0.372664 46 155 149
-0.054637 -0.026919 0.372243 51 160 154
-0.053815 -0.026673 0.371598 46 155 149
-0.053965 -0.026574 0.371175 52 161 156
-0.054115 -0.026475 0.370752 35 145 142
-0.053295 -0.026228 0.370101 29 138 133
-0.052476 -0.025980 0.369447 40 149 144
-0.052627 -0.025880 0.369021 40 147 141
-0.051809 -0.025631 0.368363 46 153 147
-0.051961 -0.025531 0.367935 53 158 153
-0.052112 -0.025430 0.367508 46 149 145
-0.051297 -0.025180 0.366843 52 155 152
-0.051449 -0.025079 0.366414 53 153 151
-0.050635 -0.024828 0.365745 48 144 142
-0.050788 -0.024727 0.365315 65 157 152
-0.050940 -0.024626 0.364884 68 154 145
-0.050129 -0.024373 0.364209 85 165 154
-0.050282 -0.024271 0.363777 89 161 149
-0.050435 -0.024170 0.363345 88 151 142
-0.040476 -0.021283 0.355870 93 151 137
-0.040636 -0.021177 0.355420 98 146 132
-0.040795 -0.021072 0.354969 105 143 128
-0.039999 -0.020809 0.354252 110 138 124
-0.054351 -0.027521 0.376373 37 132 126
-0.054499 -0.027423 0.375953 44 143 140
-0.054648 -0.027324 0.375533 42 143 139
-0.054796 -0.027226 0.375113 41 144 141
-0.054945 -0.027127 0.374693 38 143 138
-0.055094 -0.027029 0.374273 35 142 136
-0.055242 -0.026930 0.373854 34 143 137
-0.055391 -0.026832 0.373434 37 144 138
-0.054568 -0.026585 0.372794 40 149 143
-0.054717 -0.026486 0.372372 40 149 143
-0.054866 -0.026388 0.371951 44 155 148
-0.054045 -0.026140 0.371305 47 158 152
-0.054194 -0.026041 0.370882 55 166 160
-0.053375 -0.025792 0.370232 42 151 146
-0.052556 -0.025542 0.369578 39 145 141
-0.052707 -0.025443 0.369152 40 145 140
-0.052858 -0.025343 0.368726 43 146 142
-0.052041 -0.025092 0.368067 37 140 137
-0.052193 -0.024991 0.367639 50 150 148
-0.051378 -0.024739 0.366975 48 148 146
-0.051530 -0.024639 0.366546 63 163 161
-0.050716 -0.024386 0.365877 45 144 141
-0.050869 -0.024285 0.365447 58 154 150
-0.051021 -0.024184 0.365017 72 165 157
-0.051173 -0.024083 0.364586 75 167 156
-0.051326 -0.023982 0.364156 73 161 149
-0.050516 -0.023727 0.363478 67 150 140
-0.050669 -0.023625 0.363046 65 142 134
-0.039764 -0.021349 0.358259 59 144 137
-0.039924 -0.021243 0.357809 59 149 140
-0.040083 -0.021138 0.357359 65 156 147
-0.040242 -0.021032 0.356909 69 161 150
-0.040402 -0.020926 0.356458 66 156 146
-0.040561 -0.020821 0.356008 76 164 152
-0.040721 -0.020715 0.355558 79 161 147
-0.040880 -0.020609 0.355108 88 164 151
-0.041039 -0.020504 0.354658 97 165 152
-0.041199 -0.020398 0.354208 97 159 146
-0.041358 -0.020292 0.353757 100 158 144
-0.040564 -0.020027 0.353036 101 155 141
-0.040723 -0.019921 0.352584 106 157 142
-0.040883 -0.019815 0.352132 104 148 133
-0.055406 -0.027237 0.376709 29 126 119
-0.055554 -0.027139 0.376291 34 133 128
-0.054727 -0.026893 0.375662 30 133 129
-0.054875 -0.026795 0.375242 33 138 133
-0.055024 -0.026696 0.374822 31 136 129
-0.055173 -0.026598 0.374403 26 133 125
-0.055321 -0.026499 0.373983 30 137 129
-0.055470 -0.026401 0.373563 37 142 137
-0.054647 -0.026153 0.372923 40 147 141
-0.054796 -0.026054 0.372502 36 145 139
-0.054945 -0.025955 0.372081 49 160 153
-0.054124 -0.025706 0.371435 44 155 148
-0.054274 -0.025606 0.371012 45 156 150
-0.053455 -0.025356 0.370362 49 155 151
-0.053605 -0.025257 0.369938 52 157 153
-0.052787 -0.025005 0.369283 52 153 149
-0.052938 -0.024905 0.368857 48 149 145
-0.052122 -0.024653 0.368198 44 142 141
-0.052273 -0.024553 0.367771 51 151 149
-0.052424 -0.024452 0.367343 64 164 162
-0.051610 -0.024198 0.366678 60 163 160
-0.051762 -0.024098 0.366249 52 155 151
-0.051914 -0.023997 0.365820 40 144 137
-0.051102 -0.023742 0.365149 59 160 152
-0.051255 -0.023641 0.364718 69 169 159
-0.051407 -0.023540 0.364288 70 165 157
-0.050597 -0.023283 0.363611 69 165 154
-0.050750 -0.023182 0.363179 55 148 138
-0.040650 -0.021150 0.359101 53 150 141
-0.040809 -0.021044 0.358652 52 152 144
-0.040967 -0.020939 0.358203 54 155 147
-0.041126 -0.020834 0.357755 53 157 150
-0.041285 -0.020728 0.357306 50 155 148
-0.040487 -0.020464 0.356597 53 158 151
-0.040646 -0.020359 0.356147 61 165 156
-0.040805 -0.020253 0.355696 62 163 155
-0.040965 -0.020147 0.355246 66 163 154
-0.041124 -0.020042 0.354796 71 167 156
-0.041283 -0.019936 0.354346 74 165 156
-0.041443 -0.019830 0.353896 75 165 155
-0.041602 -0.019725 0.353446 84 167 159
-0.041761 -0.019619 0.352995 86 163 153
-0.040968 -0.019351 0.352271 93 165 154
-0.041128 -0.019245 0.351819 101 164 155
-0.041288 -0.019139 0.351368 104 160 149
-0.041448 -0.019033 0.350916 107 153 142
-0.041608 -0.018927 0.350464 110 146 132
-0.055484 -0.026807 0.376838 22 122 114
-0.055632 -0.026709 0.376420 27 128 122
-0.054806 -0.026462 0.375791 27 131 124
-0.054955 -0.026364 0.375371 28 133 126
-0.055103 -0.026265 0.374952 22 128 118
-0.055252 -0.026167 0.374532 26 130 121
-0.055400 -0.026068 0.374112 37 141 132
-0.055549 -0.025969 0.373692 36 140 133
-0.054726 -0.025720 0.373053 39 144 139
-0.054875 -0.025621 0.372632 40 149 143
-0.055024 -0.025522 0.372210 47 158 151
-0.054204 -0.025272 0.371565 51 160 154
-0.054353 -0.025172 0.371142 44 151 145
-0.054503 -0.025073 0.370719 45 152 146
-0.053685 -0.024821 0.370068 47 152 147
-0.052867 -0.024568 0.369414 58 158 156
-0.053018 -0.024468 0.368988 62 160 159
-0.053169 -0.024368 0.368562 65 161 160
-0.052353 -0.024114 0.367902 61 159 158
-0.052505 -0.024013 0.367475 59 160 156
-0.051691 -0.023758 0.366810 42 147 142
-0.051843 -0.023657 0.366381 59 168 162
-0.051995 -0.023557 0.365952 47 158 151
-0.051183 -0.023300 0.365281 34 144 135
-0.051336 -0.023199 0.364851 64 169 162
-0.051488 -0.023098 0.364420 68 167 162
-0.050679 -0.022839 0.363744 65 164 159
-0.049870 -0.022581 0.363064 53 155 144
-0.040575 -0.020794 0.359687 45 151 141
-0.040734 -0.020689 0.359239 46 152 142
-0.040893 -0.020584 0.358790 41 146 139
-0.041052 -0.020478 0.358341 47 152 145
-0.041211 -0.020373 0.357893 52 159 153
-0.041369 -0.020268 0.357444 44 150 146
-0.040571 -0.020002 0.356735 38 144 140
-0.040731 -0.019896 0.356285 46 152 150
-0.040890 -0.019791 0.355835 52 161 158
-0.041049 -0.019685 0.355385 46 155 152
-0.041209 -0.019579 0.354935 45 151 149
-0.041368 -0.019474 0.354484 44 150 148
-0.041527 -0.019368 0.354034 40 146 144
-0.041687 -0.019262 0.353584 52 155 152
-0.041846 -0.019157 0.353134 56 152 150
-0.042005 -0.019051 0.352684 70 162 159
-0.042165 -0.018945 0.352234 77 169 164
-0.042324 -0.018840 0.351783 74 163 157
-0.041533 -0.018569 0.351055 76 159 151
-0.041693 -0.018463 0.350603 87 163 153
-0.041853 -0.018357 0.350152 101 161 153
-0.042013 -0.018251 0.349700 107 153 143
-0.055563 -0.026378 0.376967 26 123 114
-0.055711 -0.026280 0.376548 30 131 123
-0.054885 -0.026031 0.375920 29 133 124
-0.055034 -0.025933 0.375501 28 134 124
-0.055182 -0.025834 0.375081 25 131 121
-0.055331 -0.025736 0.374661 33 134 126
-0.055479 -0.025637 0.374241 40 140 132
-0.055628 -0.025538 0.373821 40 139 134
-0.054805 -0.025288 0.373183 41 142 138
-0.054955 -0.025189 0.372761 37 143 139
-0.055104 -0.025090 0.372340 40 149 144
-0.054283 -0.024837 0.371695 45 150 143
-0.054433 -0.024738 0.371272 53 158 151
-0.054583 -0.024639 0.370850 53 158 151
-0.053765 -0.024385 0.370199 42 145 141
-0.053915 -0.024286 0.369774 53 153 151
-0.054065 -0.024186 0.369350 56 154 153
-0.053249 -0.023931 0.368693 64 160 159
-0.052434 -0.023675 0.368034 62 160 159
-0.052585 -0.023575 0.367606 58 159 155
-0.051772 -0.023318 0.366942 46 153 147
-0.051924 -0.023217 0.366513 54 165 158
-0.052075 -0.023116 0.366084 51 165 157
-0.051264 -0.022858 0.365414 16 127 120
-0.051417 -0.022757 0.364983 52 161 156
-0.051569 -0.022656 0.364553 63 166 165
-0.050760 -0.022396 0.363876 62 165 162
-0.049952 -0.022135 0.363197 55 160 153
-0.041620 -0.020493 0.360076 36 146 137
-0.041778 -0.020388 0.359629 36 146 137
-0.040977 -0.020123 0.358928 35 144 138
-0.041136 -0.020018 0.358479 37 146 140
-0.041295 -0.019912 0.358031 42 151 146
-0.041454 -0.019807 0.357582 41 151 148
-0.041613 -0.019702 0.357133 41 150 147
-0.041771 -0.019596 0.356685 44 154 153
-0.041930 -0.019491 0.356236 50 163 161
-0.041134 -0.019223 0.355523 38 150 151
-0.041293 -0.019117 0.355073 28 140 141
-0.041453 -0.019012 0.354623 23 135 136
-0.041612 -0.018906 0.354173 11 125 125
-0.041771 -0.018800 0.353723 19 132 130
-0.041931 -0.018695 0.353272 26 134 134
-0.042090 -0.018589 0.352822 33 139 137
-0.042250 -0.018483 0.352372 43 149 147
-0.042409 -0.018378 0.351922 51 157 153
-0.042568 -0.018272 0.351472 58 161 157
-0.042728 -0.018166 0.351022 69 165 161
-0.042887 -0.018061 0.350571 81 166 161
-0.043046 -0.017955 0.350121 91 162 156
-0.055642 -0.025948 0.377095 29 126 117
-0.055790 -0.025850 0.376677 37 138 130
-0.054964 -0.025600 0.376050 32 136 127
-0.055113 -0.025502 0.375630 26 130 121
-0.055261 -0.025403 0.375210 31 133 122
-0.055410 -0.025304 0.374790 37 134 127
-0.055558 -0.025206 0.374370 36 131 125
-0.055707 -0.025107 0.373950 43 138 134
-0.054885 -0.024855 0.373312 47 143 141
-0.055034 -0.024756 0.372891 40 143 140
-0.055183 -0.024657 0.372469 37 142 138
-0.055332 -0.024558 0.372048 47 148 142
-0.054513 -0.024304 0.371402 49 150 142
-0.054662 -0.024205 0.370980 55 159 152
-0.053844 -0.023949 0.370329 58 161 157
-0.053995 -0.023850 0.369905 55 158 155
-0.054145 -0.023750 0.369481 49 152 149
-0.053329 -0.023493 0.368824 62 162 160
-0.053480 -0.023394 0.368398 59 159 157
-0.052666 -0.023136 0.367738 59 162 158
-0.052817 -0.023035 0.367310 56 163 155
-0.052004 -0.022777 0.366645 53 164 155
-0.052156 -0.022676 0.366216 53 167 159
-0.051345 -0.022416 0.365546 32 143 137
-0.051498 -0.022315 0.365116 43 152 149
-0.050688 -0.022054 0.364441 62 166 167
-0.050841 -0.021952 0.364009 61 163 165
-0.042663 -0.020196 0.360463 34 140 136
-0.042821 -0.020091 0.360018 31 140 135
-0.042020 -0.019824 0.359319 36 145 140
-0.042179 -0.019720 0.358872 34 145 139
-0.042337 -0.019615 0.358425 33 143 140
-0.041538 -0.019346 0.357720 38 151 147
-0.041697 -0.019241 0.357271 48 158 155
-0.041856 -0.019136 0.356823 47 160 156
-0.042015 -0.019031 0.356374 52 165 161
-0.042174 -0.018925 0.355925 45 158 154
-0.042332 -0.018820 0.355477 43 153 150
-0.042491 -0.018715 0.355028 46 156 153
-0.042650 -0.018609 0.354579 43 152 149
-0.042809 -0.018504 0.354131 47 158 152
-0.042968 -0.018399 0.353682 55 166 160
-0.042175 -0.018127 0.352961 49 160 153
-0.042334 -0.018021 0.352511 50 161 155
-0.042494 -0.017915 0.352060 53 162 157
-0.042653 -0.017810 0.351610 49 155 153
-0.042812 -0.017704 0.351160 48 151 148
-0.042972 -0.017598 0.350710 59 157 156
-0.043131 -0.017493 0.350260 75 165 163
-0.043290 -0.017387 0.349810 77 158 152
-0.054300 -0.025662 0.378278 35 106 100
-0.054448 -0.025563 0.377858 32 113 106
-0.054597 -0.025465 0.377438 28 118 109
-0.054746 -0.025366 0.377018 24 119 111
-0.054894 -0.025268 0.376598 37 137 129
-0.055043 -0.025169 0.376179 32 136 127
-0.055192 -0.025070 0.375759 29 133 124
-0.055340 -0.024972 0.375339 29 130 122
-0.055489 -0.024873 0.374919 39 136 129
-0.055637 -0.024775 0.374499 35 130 126
-0.055786 -0.024676 0.374079 38 132 131
-0.054964 -0.024422 0.373442 47 145 144
-0.055113 -0.024323 0.373020 48 151 148
-0.055262 -0.024225 0.372599 31 136 132
-0.055412 -0.024126 0.372178 41 142 136
-0.054592 -0.023870 0.371533 57 158 150
-0.054742 -0.023771 0.371110 54 158 151
-0.053924 -0.023514 0.370460 55 158 154
-0.054075 -0.023414 0.370036 58 163 159
-0.054225 -0.023314 0.369611 54 159 155
-0.053409 -0.023056 0.368955 56 159 156
-0.053560 -0.022956 0.368529 55 160 156
-0.052746 -0.022697 0.367869 51 156 151
-0.052897 -0.022597 0.367442 40 147 139
-0.052085 -0.022336 0.366777 48 159 152
-0.052237 -0.022235 0.366348 47 161 153
-0.051426 -0.021974 0.365679 45 156 150
-0.051579 -0.021873 0.365248 23 133 132
-0.050770 -0.021610 0.364574 63 168 171
-0.050922 -0.021509 0.364142 55 159 162
-0.045625 -0.020227 0.361349 32 138 136
-0.045781 -0.020124 0.360908 17 126 123
-0.043063 -0.019529 0.359709 10 120 117
-0.042263 -0.019260 0.359009 14 124 121
-0.042421 -0.019156 0.358562 19 132 128
-0.042579 -0.019051 0.358115 21 134 130
-0.042738 -0.018946 0.357668 31 144 140
-0.042896 -0.018841 0.357221 39 152 148
-0.043054 -0.018736 0.356774 50 163 159
-0.042258 -0.018465 0.356063 52 165 161
-0.042417 -0.018359 0.355615 50 161 155
-0.042576 -0.018254 0.355166 51 160 155
-0.042734 -0.018149 0.354717 52 158 154
-0.042893 -0.018043 0.354269 50 159 154
-0.043052 -0.017938 0.353820 51 162 155
-0.043211 -0.017833 0.353371 45 159 151
-0.042419 -0.017559 0.352649 47 158 152
-0.042578 -0.017453 0.352199 49 158 155
-0.042738 -0.017348 0.351749 51 157 155
-0.042897 -0.017242 0.351298 55 161 159
-0.043056 -0.017136 0.350848 59 163 162
-0.043216 -0.017031 0.350398 60 160 158
-0.043375 -0.016925 0.349948 67 161 160
-0.043534 -0.016819 0.349498 73 160 154
-0.043694 -0.016714 0.349048 82 157 150
-0.043853 -0.016608 0.348597 100 157 148
-0.054379 -0.025231 0.378407 28 103 96
-0.054527 -0.025132 0.377987 28 109 102
-0.054676 -0.025034 0.377567 27 117 108
-0.054825 -0.024935 0.377147 26 121 113
-0.054973 -0.024836 0.376728 29 129 121
-0.055122 -0.024738 0.376308 40 141 133
-0.055271 -0.024639 0.375888 33 134 128
-0.055419 -0.024541 0.375468 28 129 123
-0.055568 -0.024442 0.375048 38 137 132
-0.055716 -0.024344 0.374628 33 132 129
-0.055865 -0.024245 0.374209 33 134 130
-0.055043 -0.023990 0.373571 30 133 130
-0.055193 -0.023891 0.373150 46 152 148
-0.055342 -0.023792 0.372729 32 138 134
-0.054522 -0.023535 0.372086 25 130 125
-0.054672 -0.023436 0.371663 36 141 136
-0.054822 -0.023336 0.371240 50 155 150
-0.054004 -0.023078 0.370591 53 158 154
-0.054154 -0.022978 0.370166 59 162 159
-0.054305 -0.022879 0.369742 56 159 156
-0.054455 -0.022779 0.369317 54 159 155
-0.053640 -0.022519 0.368660 55 160 156
-0.052827 -0.022258 0.368001 54 160 156
-0.052978 -0.022158 0.367573 44 153 147
-0.052166 -0.021896 0.366909 49 160 154
-0.052318 -0.021795 0.366480 50 161 155
-0.051507 -0.021532 0.365811 49 162 158
-0.051660 -0.021431 0.365380 23 133 130
-0.051812 -0.021330 0.364950 44 154 153
-0.051004 -0.021065 0.364275 56 165 162
-0.049236 -0.020636 0.363351 54 160 158
-0.046512 -0.020042 0.362173 47 153 149
-0.046667 -0.019939 0.361734 52 158 154
-0.045864 -0.019671 0.361044 49 158 153
-0.044105 -0.019237 0.360098 51 162 156
-0.043304 -0.018967 0.359401 50 161 155
-0.043462 -0.018862 0.358955 44 157 153
-0.043620 -0.018758 0.358509 43 156 152
-0.043778 -0.018653 0.358064 49 162 158
-0.042980 -0.018382 0.357358 52 165 161
-0.043138 -0.018277 0.356911 52 165 161
-0.043297 -0.018172 0.356464 50 163 159
-0.043455 -0.018067 0.356017 54 164 161
-0.043613 -0.017962 0.355570 52 162 159
-0.043771 -0.017857 0.355123 54 163 160
-0.042978 -0.017583 0.354407 51 160 157
-0.043137 -0.017478 0.353958 50 159 156
-0.043295 -0.017372 0.353509 48 157 154
-0.043454 -0.017267 0.353061 50 159 156
-0.043613 -0.017162 0.352612 54 160 158
-0.043772 -0.017056 0.352163 50 156 154
-0.043931 -0.016951 0.351715 46 150 149
-0.044089 -0.016846 0.351266 51 154 153
-0.043300 -0.016568 0.350537 61 161 161
-0.044407 -0.016635 0.350369 63 161 160
-0.044566 -0.016530 0.349920 66 161 157
-0.044725 -0.016425 0.349472 68 157 151
-0.044883 -0.016319 0.349023 79 156 146
-0.045042 -0.016214 0.348574 76 129 119
-0.054458 -0.024800 0.378536 27 104 98
-0.054607 -0.024701 0.378116 33 116 108
-0.054755 -0.024603 0.377696 28 117 111
-0.054904 -0.024504 0.377277 16 111 103
-0.055052 -0.024405 0.376857 29 126 119
-0.055201 -0.024307 0.376437 33 133 125
-0.055350 -0.024208 0.376017 25 126 120
-0.055498 -0.024110 0.375597 33 134 130
-0.055647 -0.024011 0.375177 39 140 136
-0.055795 -0.023913 0.374758 39 142 138
-0.055944 -0.023814 0.374338 30 133 130
-0.055123 -0.023557 0.373701 23 129 125
-0.055272 -0.023458 0.373280 35 141 137
-0.055421 -0.023359 0.372858 39 148 143
-0.054602 -0.023101 0.372216 28 135 129
-0.054751 -0.023001 0.371793 26 133 127
-0.054901 -0.022902 0.371370 32 137 133
-0.054084 -0.022642 0.370721 52 157 153
-0.054234 -0.022543 0.370297 54 159 155
-0.054385 -0.022443 0.369872 52 157 153
-0.054535 -0.022343 0.369448 54 159 155
-0.053720 -0.022082 0.368792 47 153 149
-0.052907 -0.021819 0.368132 47 156 151
-0.053058 -0.021719 0.367705 46 157 151
-0.052247 -0.021455 0.367041 46 157 151
-0.052398 -0.021355 0.366612 42 155 149
-0.052550 -0.021254 0.366183 46 159 155
-0.051741 -0.020989 0.365513 34 147 143
-0.051893 -0.020888 0.365082 23 133 130
-0.051085 -0.020622 0.364408 61 171 168
-0.049318 -0.020190 0.363485 44 153 148
-0.048513 -0.019922 0.362803 47 156 151
-0.047709 -0.019654 0.362118 47 156 151
-0.046906 -0.019384 0.361429 42 153 147
-0.046104 -0.019114 0.360738 51 162 156
-0.044345 -0.018677 0.359791 51 162 156
-0.044503 -0.018572 0.359347 44 157 153
-0.044660 -0.018468 0.358903 43 156 152
-0.043862 -0.018196 0.358201 43 156 152
-0.044019 -0.018091 0.357755 49 162 158
-0.044177 -0.017987 0.357309 54 167 163
-0.044335 -0.017882 0.356864 56 169 165
-0.043539 -0.017608 0.356154 52 162 159
-0.043697 -0.017503 0.355707 58 168 165
-0.043856 -0.017398 0.355260 53 162 159
-0.044014 -0.017293 0.354813 56 166 163
-0.044172 -0.017188 0.354366 58 168 167
-0.043380 -0.016912 0.353647 53 163 162
-0.043539 -0.016806 0.353199 56 165 162
-0.043697 -0.016701 0.352750 60 169 166
-0.043856 -0.016596 0.352301 56 165 160
-0.044015 -0.016490 0.351853 50 159 154
-0.044174 -0.016385 0.351404 56 160 159
-0.044333 -0.016280 0.350956 65 168 167
-0.044491 -0.016175 0.350507 62 162 162
-0.044650 -0.016069 0.350058 60 160 158
-0.044809 -0.015964 0.349610 52 153 147
-0.044968 -0.015859 0.349161 64 157 147
-0.045127 -0.015753 0.348712 79 152 141
-0.054537 -0.024369 0.378665 30 107 101
-0.054686 -0.024270 0.378245 28 111 103
-0.054834 -0.024171 0.377826 31 120 114
-0.054983 -0.024073 0.377406 23 118 110
-0.055131 -0.023974 0.376986 24 124 116
-0.055280 -0.023876 0.376566 39 140 132
-0.055429 -0.023777 0.376146 28 129 123
-0.055577 -0.023679 0.375726 35 136 130
-0.055726 -0.023580 0.375307 33 134 130
-0.055875 -0.023482 0.374887 37 140 136
-0.056023 -0.023383 0.374467 33 136 133
-0.055202 -0.023124 0.373831 16 122 118
-0.055351 -0.023026 0.373409 22 128 124
-0.055500 -0.022927 0.372988 41 150 145
-0.054681 -0.022667 0.372346 48 155 149
-0.054831 -0.022567 0.371923 57 162 157
-0.054981 -0.022468 0.371500 33 138 133
-0.054164 -0.022207 0.370852 25 130 125
-0.054314 -0.022107 0.370427 49 154 150
-0.054464 -0.022007 0.370003 53 159 155
-0.054615 -0.021908 0.369578 45 154 149
-0.053801 -0.021644 0.368923 52 163 157
-0.052987 -0.021380 0.368264 55 166 160
-0.053139 -0.021280 0.367836 58 171 165
-0.052327 -0.021015 0.367173 51 164 158
-0.052479 -0.020914 0.366744 48 161 155
-0.052631 -0.020814 0.366315 50 163 159
-0.051822 -0.020547 0.365645 47 160 156
-0.051974 -0.020446 0.365215 12 122 119
-0.051166 -0.020178 0.364541 63 173 170
-0.050360 -0.019910 0.363864 40 149 144
-0.049554 -0.019641 0.363184 45 154 149
-0.047791 -0.019204 0.362252 44 153 148
-0.047946 -0.019101 0.361814 42 153 147
-0.047144 -0.018830 0.361125 55 166 160
-0.046343 -0.018558 0.360433 58 171 165
-0.045543 -0.018285 0.359737 58 171 167
-0.044743 -0.018012 0.359039 51 164 160
-0.044901 -0.017908 0.358595 56 171 166
-0.045058 -0.017804 0.358151 53 168 163
-0.044261 -0.017529 0.357447 59 172 168
-0.044419 -0.017424 0.357001 56 169 165
-0.044576 -0.017320 0.356555 57 170 166
-0.044734 -0.017215 0.356110 53 166 162
-0.043940 -0.016939 0.355398 61 171 168
-0.044098 -0.016834 0.354951 51 164 160
-0.044256 -0.016729 0.354503 47 162 159
-0.044415 -0.016624 0.354056 50 166 163
-0.044573 -0.016519 0.353609 54 169 164
-0.043782 -0.016240 0.352888 53 168 161
-0.043941 -0.016135 0.352439 51 166 159
-0.044099 -0.016030 0.351991 58 171 165
-0.044258 -0.015925 0.351542 63 172 169
-0.044417 -0.015819 0.351094 58 167 164
-0.044576 -0.015714 0.350645 66 172 170
-0.044735 -0.015609 0.350196 56 162 160
-0.044894 -0.015503 0.349748 52 161 155
-0.045052 -0.015398 0.349299 56 162 152
-0.045211 -0.015293 0.348850 71 163 150
-0.054616 -0.023937 0.378794 30 107 101
-0.054765 -0.023839 0.378375 31 114 106
-0.054913 -0.023740 0.377955 41 130 124
-0.055062 -0.023642 0.377535 38 133 125
-0.055210 -0.023543 0.377115 15 115 107
-0.055359 -0.023445 0.376695 32 133 125
-0.055508 -0.023346 0.376275 32 133 127
-0.055656 -0.023248 0.375855 32 133 127
-0.055805 -0.023149 0.375436 30 131 127
-0.055954 -0.023051 0.375016 33 136 132
-0.055132 -0.022791 0.374382 50 155 151
-0.055281 -0.022692 0.373960 16 122 118
-0.055430 -0.022593 0.373539 9 115 111
-0.055580 -0.022494 0.373117 21 130 125
-0.054761 -0.022232 0.372476 33 138 133
-0.054911 -0.022133 0.372053 44 149 144
-0.055060 -0.022034 0.371630 43 148 143
-0.054244 -0.021771 0.370982 21 128 122
-0.054394 -0.021671 0.370558 35 141 137
-0.054544 -0.021572 0.370133 47 156 151
-0.054695 -0.021472 0.369709 40 151 145
-0.053881 -0.021207 0.369054 35 148 142
-0.053068 -0.020942 0.368395 45 158 152
-0.053219 -0.020841 0.367968 50 165 158
-0.053370 -0.020741 0.367540 45 160 153
-0.052560 -0.020474 0.366876 44 159 152
-0.052712 -0.020373 0.366447 46 159 155
-0.051903 -0.020105 0.365778 44 157 153
-0.052055 -0.020004 0.365347 16 126 123
-0.051248 -0.019735 0.364674 52 162 159
-0.050441 -0.019465 0.363997 40 151 145
-0.049636 -0.019195 0.363317 37 148 142
-0.048832 -0.018923 0.362635 40 151 145
-0.048986 -0.018821 0.362198 42 155 149
-0.047227 -0.018379 0.361260 45 158 152
-0.047382 -0.018275 0.360821 51 164 158
-0.046582 -0.018002 0.360127 60 173 169
-0.045783 -0.017727 0.359431 48 163 158
-0.045939 -0.017623 0.358988 48 163 158
-0.045141 -0.017348 0.358288 59 174 169
-0.045299 -0.017244 0.357843 56 169 165
-0.044502 -0.016967 0.357138 58 171 167
-0.044660 -0.016862 0.356692 60 173 169
-0.044818 -0.016758 0.356247 57 170 166
-0.044976 -0.016653 0.355801 55 165 162
-0.045133 -0.016549 0.355356 57 170 166
-0.044341 -0.016270 0.354641 52 168 165
-0.044499 -0.016165 0.354194 52 169 163
-0.044657 -0.016060 0.353747 56 173 165
-0.044815 -0.015955 0.353300 57 174 166
-0.044974 -0.015850 0.352852 52 169 161
-0.045132 -0.015745 0.352405 54 169 162
-0.044343 -0.015464 0.351680 60 173 169
-0.044502 -0.015359 0.351232 62 172 169
-0.044660 -0.015253 0.350783 61 169 169
-0.044819 -0.015148 0.350334 53 163 162
-0.044978 -0.015043 0.349886 60 173 167
-0.046082 -0.015115 0.349722 60 171 162
-0.046240 -0.015011 0.349275 56 162 150
-0.046398 -0.014906 0.348828 74 166 153
-0.046556 -0.014801 0.348381 93 169 157
-0.046715 -0.014696 0.347934 61 117 106
-0.046873 -0.014591 0.347487 47 80 71
-0.054695 -0.023506 0.378924 34 111 105
-0.054844 -0.023408 0.378504 25 108 100
-0.054992 -0.023309 0.378084 29 118 112
-0.055141 -0.023211 0.377664 53 148 140
-0.055289 -0.023112 0.377244 39 139 131
-0.055438 -0.023014 0.376824 18 119 111
-0.055587 -0.022915 0.376404 30 134 127
-0.055735 -0.022817 0.375985 32 136 129
-0.055884 -0.022718 0.375565 32 135 131
-0.056033 -0.022620 0.375145 27 130 126
-0.055211 -0.022358 0.374511 51 156 151
-0.055361 -0.022259 0.374090 13 120 114
-0.055510 -0.022160 0.373668 5 112 106
-0.055659 -0.022061 0.373247 8 117 111
-0.054841 -0.021798 0.372606 21 126 121
-0.054990 -0.021699 0.372183 25 130 125
-0.055140 -0.021600 0.371760 41 148 142
-0.054324 -0.021335 0.371113 30 137 131
-0.054474 -0.021235 0.370688 16 125 120
-0.054624 -0.021136 0.370264 31 142 136
-0.054774 -0.021036 0.369839 42 155 149
-0.053961 -0.020770 0.369185 38 153 146
-0.053148 -0.020503 0.368527 36 151 144
-0.053300 -0.020402 0.368099 42 159 151
-0.053451 -0.020302 0.367672 42 159 151
-0.052641 -0.020033 0.367008 41 158 150
-0.052792 -0.019933 0.366579 41 156 151
-0.051984 -0.019663 0.365910 41 156 151
-0.052136 -0.019562 0.365480 21 134 130
-0.052288 -0.019461 0.365049 39 152 148
-0.050523 -0.019020 0.364130 44 157 151
-0.050676 -0.018918 0.363697 38 151 145
-0.049872 -0.018646 0.363016 40 153 147
-0.049069 -0.018373 0.362332 46 159 153
-0.048266 -0.018099 0.361646 46 159 153
-0.047465 -0.017824 0.360956 46 161 154
-0.046665 -0.017549 0.360263 60 175 170
-0.046821 -0.017445 0.359822 55 172 166
-0.046022 -0.017169 0.359125 52 169 163
-0.046179 -0.017065 0.358682 49 166 160
-0.046336 -0.016961 0.358239 59 174 169
-0.045539 -0.016683 0.357536 58 173 168
-0.045697 -0.016579 0.357092 54 169 164
-0.045854 -0.016475 0.356648 57 172 167
-0.045060 -0.016196 0.355938 45 158 156
-0.045217 -0.016091 0.355493 44 157 155
-0.045375 -0.015986 0.355047 46 161 156
-0.045533 -0.015882 0.354601 43 158 153
-0.044741 -0.015601 0.353884 44 159 152
-0.044900 -0.015496 0.353437 46 161 154
-0.045058 -0.015391 0.352990 44 161 153
-0.045216 -0.015286 0.352543 47 162 155
-0.045374 -0.015181 0.352096 53 166 162
-0.045533 -0.015076 0.351649 54 167 163
-0.045691 -0.014971 0.351201 60 170 169
-0.045849 -0.014866 0.350754 58 171 169
-0.046007 -0.014761 0.350307 57 172 169
-0.046166 -0.014656 0.349860 58 173 166
-0.046324 -0.014551 0.349413 57 171 161
-0.046482 -0.014447 0.348966 65 172 162
-0.046641 -0.014342 0.348519 80 176 165
-0.046799 -0.014237 0.348071 76 157 148
-0.046957 -0.014132 0.347624 49 112 103
-0.047115 -0.014027 0.347177 48 97 91
-0.046333 -0.013740 0.346434 40 83 76
-0.054923 -0.022977 0.378633 26 109 101
-0.055071 -0.022878 0.378213 25 114 108
-0.055220 -0.022780 0.377793 30 125 117
-0.055368 -0.022681 0.377373 48 148 140
-0.055517 -0.022583 0.376953 36 137 129
-0.055666 -0.022484 0.376534 25 129 122
-0.055814 -0.022386 0.376114 35 139 132
-0.055963 -0.022287 0.375694 40 143 139
-0.055142 -0.022024 0.375062 26 131 126
-0.055291 -0.021926 0.374641 34 139 134
-0.055440 -0.021827 0.374219 3 110 104
-0.055589 -0.021728 0.373798 5 112 106
-0.055738 -0.021629 0.373377 10 117 111
-0.054920 -0.021364 0.372736 7 114 108
-0.055070 -0.021265 0.372313 25 132 126
-0.055220 -0.021166 0.371890 33 140 134
-0.054404 -0.020899 0.371243 34 143 137
-0.054554 -0.020800 0.370819 15 126 120
-0.054704 -0.020700 0.370394 14 125 119
-0.053890 -0.020433 0.369741 30 143 137
-0.054041 -0.020333 0.369316 35 150 143
-0.053229 -0.020064 0.368658 34 149 142
-0.053380 -0.019964 0.368231 39 154 147
-0.053531 -0.019863 0.367803 42 157 150
-0.052721 -0.019593 0.367140 39 154 147
-0.052873 -0.019492 0.366711 37 152 147
-0.053025 -0.019392 0.366282 42 157 152
-0.052217 -0.019120 0.365612 18 133 128
-0.052369 -0.019019 0.365182 26 141 136
-0.051563 -0.018747 0.364507 44 159 152
-0.050758 -0.018473 0.363830 38 153 146
-0.049954 -0.018199 0.363150 34 147 141
-0.050108 -0.018097 0.362715 35 150 143
-0.049305 -0.017822 0.362030 46 161 154
-0.048504 -0.017546 0.361342 45 162 154
-0.047703 -0.017270 0.360651 51 168 162
-0.047859 -0.017167 0.360212 56 173 167
-0.047060 -0.016889 0.359517 57 174 168
-0.047216 -0.016785 0.359075 56 173 167
-0.046419 -0.016507 0.358376 54 169 164
-0.046576 -0.016403 0.357933 57 172 167
-0.045780 -0.016123 0.357228 55 170 165
-0.045937 -0.016019 0.356784 45 160 155
-0.046095 -0.015915 0.356340 62 177 174
-0.046252 -0.015810 0.355896 49 164 161
-0.045459 -0.015529 0.355184 35 148 144
-0.045617 -0.015424 0.354738 44 159 154
-0.045774 -0.015320 0.354293 52 165 161
-0.044984 -0.015037 0.353575 49 164 157
-0.045142 -0.014932 0.353128 48 163 156
-0.045300 -0.014827 0.352680 51 166 159
-0.045459 -0.014722 0.352233 56 171 166
-0.045617 -0.014617 0.351786 61 174 170
-0.045775 -0.014512 0.351339 53 165 166
-0.045933 -0.014407 0.350892 59 171 172
-0.046092 -0.014302 0.350445 57 172 169
-0.046250 -0.014197 0.349998 62 177 174
-0.046408 -0.014092 0.349550 65 180 173
-0.046566 -0.013987 0.349103 62 176 168
-0.046725 -0.013883 0.348656 62 169 161
-0.046883 -0.013778 0.348209 73 170 163
-0.047041 -0.013673 0.347762 58 140 134
-0.047200 -0.013568 0.347315 90 162 158
-0.046417 -0.013279 0.346572 89 154 150
-0.046576 -0.013174 0.346124 72 128 125
-0.054853 -0.022644 0.379182 27 106 100
-0.055002 -0.022546 0.378762 29 112 104
-0.055150 -0.022447 0.378342 24 113 107
-0.055299 -0.022349 0.377922 14 109 101
-0.055448 -0.022250 0.377502 32 132 124
-0.055596 -0.022152 0.377083 42 143 137
-0.055745 -0.022053 0.376663 24 127 123
-0.055893 -0.021955 0.376243 31 136 131
-0.056042 -0.021856 0.375823 46 151 146
-0.055221 -0.021592 0.375192 40 145 140
-0.055370 -0.021493 0.374770 34 139 134
-0.055519 -0.021394 0.374349 0 104 98
-0.055668 -0.021295 0.373928 2 109 101
-0.054850 -0.021029 0.373289 6 113 105
-0.055000 -0.020930 0.372866 6 113 107
-0.055149 -0.020831 0.372443 17 126 120
-0.054333 -0.020563 0.371798 27 136 130
-0.054483 -0.020464 0.371374 35 144 138
-0.054634 -0.020364 0.370949 23 134 127
-0.054784 -0.020264 0.370525 8 119 112
-0.053970 -0.019995 0.369872 28 139 133
-0.054121 -0.019895 0.369447 31 144 138
-0.053309 -0.019625 0.368789 31 144 138
-0.053461 -0.019525 0.368362 29 142 136
-0.053612 -0.019424 0.367935 38 151 145
-0.052802 -0.019153 0.367272 36 151 144
-0.052954 -0.019052 0.366843 39 154 147
-0.053106 -0.018951 0.366414 44 159 152
-0.052298 -0.018678 0.365744 27 144 138
-0.052451 -0.018577 0.365314 22 139 133
-0.051644 -0.018303 0.364640 49 166 158
-0.051797 -0.018202 0.364208 42 159 151
-0.050993 -0.017926 0.363530 35 150 143
-0.050190 -0.017650 0.362849 30 147 139
-0.049387 -0.017374 0.362164 42 159 153
-0.049542 -0.017271 0.361728 45 162 156
-0.048741 -0.016994 0.361039 45 162 156
-0.047942 -0.016715 0.360347 48 167 161
-0.047143 -0.016436 0.359652 53 172 166
-0.047299 -0.016333 0.359211 62 181 175
-0.047455 -0.016229 0.358770 65 182 176
-0.046659 -0.015948 0.358069 54 171 165
-0.046816 -0.015845 0.357626 48 164 161
-0.046021 -0.015563 0.356921 49 165 162
-0.046178 -0.015459 0.356477 38 154 151
-0.046335 -0.015355 0.356033 62 177 174
-0.046493 -0.015250 0.355589 56 169 167
-0.045701 -0.014967 0.354875 52 165 161
-0.045858 -0.014862 0.354430 49 159 156
-0.046016 -0.014758 0.353984 50 163 159
-0.046174 -0.014653 0.353539 55 170 163
-0.046332 -0.014549 0.353093 52 167 160
-0.045543 -0.014263 0.352371 47 162 157
-0.045701 -0.014158 0.351924 49 164 159
-0.045859 -0.014053 0.351476 50 164 164
-0.046018 -0.013948 0.351029 51 165 165
-0.046176 -0.013843 0.350582 52 164 165
-0.046334 -0.013738 0.350135 52 165 163
-0.046492 -0.013633 0.349688 55 168 166
-0.046651 -0.013528 0.349241 66 176 173
-0.046809 -0.013423 0.348794 69 178 173
-0.046967 -0.013318 0.348347 77 180 177
-0.047125 -0.013214 0.347899 37 131 130
-0.047284 -0.013109 0.347452 68 154 153
-0.047442 -0.013004 0.347005 72 154 152
-0.046661 -0.012713 0.346262 81 157 155
-0.046819 -0.012608 0.345813 86 152 151
-0.046978 -0.012503 0.345364 77 133 132
-0.047137 -0.012397 0.344916 69 111 110
-0.054783 -0.022312 0.379731 26 101 94
-0.054932 -0.022213 0.379311 28 107 101
-0.055081 -0.022115 0.378891 31 117 108
-0.055229 -0.022016 0.378471 23 114 107
-0.055378 -0.021918 0.378051 18 113 105
-0.055527 -0.021819 0.377632 23 122 117
-0.055675 -0.021721 0.377212 51 155 148
-0.055824 -0.021622 0.376792 36 141 136
-0.055972 -0.021523 0.376372 28 133 128
-0.055151 -0.021258 0.375743 48 153 148
-0.055300 -0.021159 0.375321 49 154 149
-0.055449 -0.021060 0.374900 42 149 143
-0.055599 -0.020961 0.374479 0 103 97
-0.055748 -0.020863 0.374057 3 110 102
-0.054930 -0.020595 0.373419 5 112 104
-0.055079 -0.020496 0.372996 0 109 103
-0.055229 -0.020396 0.372573 5 114 108
-0.054413 -0.020127 0.371929 23 132 126
-0.054563 -0.020028 0.371504 29 138 132
-0.054714 -0.019928 0.371080 41 150 144
-0.054864 -0.019829 0.370655 6 115 109
-0.054051 -0.019558 0.370003 15 124 119
-0.054201 -0.019458 0.369578 24 133 128
-0.053390 -0.019186 0.368921 29 138 133
-0.053541 -0.019086 0.368494 18 127 122
-0.053692 -0.018986 0.368066 32 143 137
-0.052883 -0.018712 0.367403 33 146 140
-0.053035 -0.018612 0.366975 37 152 145
-0.053186 -0.018511 0.366546 36 153 145
-0.052379 -0.018236 0.365877 35 154 148
-0.052532 -0.018135 0.365446 13 132 126
-0.051726 -0.017860 0.364773 47 164 156
-0.051879 -0.017758 0.364341 43 160 152
-0.051075 -0.017481 0.363663 43 160 152
-0.050272 -0.017204 0.362983 34 151 143
-0.050426 -0.017102 0.362548 35 152 146
-0.049624 -0.016823 0.361862 42 159 153
-0.048824 -0.016544 0.361174 46 165 159
-0.048024 -0.016264 0.360482 49 168 162
-0.047226 -0.015983 0.359788 42 161 155
-0.047382 -0.015880 0.359347 44 163 157
-0.047538 -0.015776 0.358906 54 171 165
-0.046742 -0.015494 0.358205 61 178 172
-0.046899 -0.015390 0.357763 57 173 170
-0.046105 -0.015107 0.357058 47 163 160
-0.046262 -0.015003 0.356613 47 163 160
-0.046419 -0.014899 0.356169 36 152 149
-0.046576 -0.014794 0.355725 49 164 161
-0.045784 -0.014509 0.355013 59 172 170
-0.045942 -0.014405 0.354567 52 165 163
-0.046100 -0.014300 0.354121 36 149 145
-0.046258 -0.014196 0.353676 28 143 138
-0.046415 -0.014091 0.353230 25 142 134
-0.045627 -0.013804 0.352508 28 145 139
-0.045785 -0.013699 0.352061 38 155 149
-0.045943 -0.013594 0.351614 46 162 159
-0.046102 -0.013489 0.351167 43 159 158
-0.046260 -0.013384 0.350720 47 161 161
-0.046418 -0.013279 0.350273 44 156 157
-0.046577 -0.013174 0.349825 49 159 158
-0.046735 -0.013069 0.349378 61 171 170
-0.046893 -0.012964 0.348931 64 173 170
-0.047051 -0.012859 0.348484 70 176 174
-0.047210 -0.012754 0.348037 15 115 117
-0.047368 -0.012650 0.347590 66 161 163
-0.047526 -0.012545 0.347143 74 168 168
-0.046745 -0.012253 0.346400 71 161 161
-0.046904 -0.012147 0.345951 75 159 159
-0.047063 -0.012042 0.345502 82 156 155
-0.047222 -0.011937 0.345054 83 145 144
-0.054862 -0.021881 0.379860 25 102 94
-0.055011 -0.021782 0.379440 28 109 102
-0.055160 -0.021684 0.379020 28 114 105
-0.055308 -0.021585 0.378600 25 116 109
-0.055457 -0.021487 0.378181 19 114 106
-0.055606 -0.021388 0.377761 10 111 105
-0.055754 -0.021290 0.377341 36 140 133
-0.055903 -0.021191 0.376921 44 149 144
-0.055081 -0.020924 0.376294 26 133 127
-0.055230 -0.020825 0.375872 38 145 139
-0.055380 -0.020727 0.375451 40 147 141
-0.055529 -0.020628 0.375030 67 172 165
-0.055678 -0.020529 0.374608 0 100 93
-0.054860 -0.020260 0.373972 3 108 101
-0.055009 -0.020161 0.373549 6 113 105
-0.055159 -0.020062 0.373126 2 111 105
-0.054343 -0.019791 0.372484 4 113 107
-0.054493 -0.019692 0.372059 13 122 116
-0.054643 -0.019592 0.371635 32 141 135
-0.053829 -0.019321 0.370986 35 144 138
-0.053980 -0.019221 0.370560 18 125 119
-0.054131 -0.019121 0.370134 9 114 110
-0.054281 -0.019021 0.369709 16 121 117
-0.053470 -0.018747 0.369052 25 128 125
-0.053621 -0.018647 0.368625 10 115 111
-0.053773 -0.018547 0.368198 29 135 131
-0.052964 -0.018272 0.367535 27 138 132
-0.053115 -0.018171 0.367106 31 144 138
-0.053267 -0.018071 0.366677 36 153 145
-0.052460 -0.017794 0.366009 32 152 143
-0.052613 -0.017693 0.365579 17 137 128
-0.051807 -0.017416 0.364906 43 160 152
-0.051960 -0.017315 0.364474 46 163 155
-0.051156 -0.017036 0.363797 43 160 152
-0.050353 -0.016757 0.363116 40 157 149
-0.050507 -0.016655 0.362681 39 158 152
-0.049706 -0.016375 0.361996 39 158 152
-0.048906 -0.016094 0.361308 44 163 157
-0.048107 -0.015813 0.360618 49 168 162
-0.048263 -0.015709 0.360178 46 165 159
-0.047465 -0.015427 0.359482 50 169 163
-0.047621 -0.015323 0.359041 48 167 161
-0.047778 -0.015220 0.358600 46 165 159
-0.046982 -0.014936 0.357899 55 174 170
-0.047139 -0.014832 0.357456 58 177 173
-0.047296 -0.014728 0.357014 57 176 172
-0.046503 -0.014443 0.356306 43 162 158
-0.046660 -0.014338 0.355862 34 150 149
-0.046817 -0.014234 0.355418 44 160 157
-0.046026 -0.013947 0.354704 53 168 165
-0.046184 -0.013843 0.354258 59 174 169
-0.046342 -0.013738 0.353813 56 173 167
-0.046499 -0.013634 0.353367 49 166 160
-0.046657 -0.013529 0.352921 41 161 152
-0.046815 -0.013424 0.352476 28 149 142
-0.046972 -0.013320 0.352030 29 150 143
-0.046186 -0.013030 0.351304 41 162 157
-0.046344 -0.012925 0.350857 50 166 163
-0.046502 -0.012820 0.350410 45 160 157
-0.046661 -0.012715 0.349963 43 156 154
-0.046819 -0.012610 0.349516 48 158 157
-0.046977 -0.012505 0.349069 55 163 163
-0.047135 -0.012400 0.348622 69 175 175
-0.047294 -0.012295 0.348174 10 109 114
-0.047452 -0.012190 0.347727 55 152 158
-0.047610 -0.012086 0.347280 69 169 171
-0.046830 -0.011792 0.346538 70 170 168
-0.046988 -0.011687 0.346089 74 173 170
-0.047147 -0.011581 0.345640 78 170 165
-0.047306 -0.011476 0.345192 81 163 159
-0.046528 -0.011181 0.344442 90 165 160
-0.046687 -0.011075 0.343991 83 148 142
-0.046847 -0.010969 0.343541 60 117 111
-0.054941 -0.021450 0.379989 22 99 91
-0.055090 -0.021351 0.379569 31 112 105
-0.055239 -0.021253 0.379149 33 120 112
-0.055387 -0.021154 0.378730 32 123 116
-0.055536 -0.021056 0.378310 21 118 111
-0.055685 -0.020957 0.377890 8 109 103
-0.055833 -0.020858 0.377470 38 143 136
-0.055982 -0.020760 0.377050 40 147 141
-0.055161 -0.020492 0.376423 30 137 131
-0.055310 -0.020393 0.376002 36 143 137
-0.055459 -0.020294 0.375581 35 142 136
-0.055608 -0.020195 0.375159 59 164 157
-0.055757 -0.020096 0.374738 8 113 106
-0.054939 -0.019826 0.374102 5 110 103
-0.055089 -0.019727 0.373679 7 112 105
-0.055239 -0.019627 0.373256 4 111 105
-0.054423 -0.019356 0.372614 3 112 106
-0.054573 -0.019256 0.372190 11 120 114
-0.054723 -0.019156 0.371765 32 141 135
-0.053909 -0.018883 0.371117 31 138 132
-0.054060 -0.018783 0.370691 29 134 129
-0.054211 -0.018683 0.370265 14 117 114
-0.054362 -0.018583 0.369840 17 117 115
-0.053551 -0.018308 0.369184 22 122 120
-0.053702 -0.018208 0.368756 17 117 115
-0.053853 -0.018108 0.368329 17 122 118
-0.053044 -0.017832 0.367667 28 134 130
-0.053196 -0.017731 0.367238 30 141 135
-0.053348 -0.017630 0.366809 25 140 133
-0.053500 -0.017529 0.366380 29 149 140
-0.052694 -0.017251 0.365711 2 123 114
-0.051888 -0.016973 0.365039 49 166 158
-0.052041 -0.016871 0.364607 39 156 148
-0.051238 -0.016591 0.363930 46 163 155
-0.051391 -0.016490 0.363497 44 161 153
-0.050589 -0.016209 0.362815 44 163 157
-0.049788 -0.015927 0.362131 50 169 163
-0.049943 -0.015824 0.361694 34 153 147
-0.049144 -0.015542 0.361005 51 170 164
-0.048345 -0.015258 0.360313 56 175 169
-0.048501 -0.015155 0.359874 55 174 168
-0.047705 -0.014871 0.359177 56 175 169
-0.047861 -0.014767 0.358736 58 177 171
-0.048017 -0.014663 0.358295 50 169 165
-0.047222 -0.014378 0.357592 53 172 168
-0.047379 -0.014274 0.357150 61 180 176
-0.046586 -0.013987 0.356443 56 175 171
-0.046743 -0.013882 0.355998 46 165 163
-0.046901 -0.013778 0.355554 39 158 156
-0.047058 -0.013674 0.355110 32 148 145
-0.046268 -0.013385 0.354395 37 153 150
-0.046425 -0.013281 0.353950 45 162 156
-0.046583 -0.013176 0.353504 45 162 156
-0.046741 -0.013071 0.353059 46 166 157
-0.046899 -0.012967 0.352613 49 170 161
-0.047056 -0.012862 0.352167 46 170 162
-0.047214 -0.012758 0.351722 34 158 150
-0.047372 -0.012653 0.351276 35 154 148
-0.046587 -0.012361 0.350548 44 160 157
-0.046745 -0.012256 0.350101 46 159 157
-0.046903 -0.012151 0.349653 46 156 155
-0.047061 -0.012046 0.349206 46 156 155
-0.047220 -0.011941 0.348759 61 169 169
-0.047378 -0.011836 0.348312 4 106 110
-0.047536 -0.011731 0.347865 29 128 133
-0.047694 -0.011626 0.347418 52 154 156
-0.046914 -0.011331 0.346676 58 162 161
-0.047073 -0.011226 0.346227 63 168 164
-0.047232 -0.011121 0.345778 72 175 171
-0.047390 -0.011015 0.345330 80 175 169
-0.047549 -0.010910 0.344881 81 170 164
-0.047708 -0.010805 0.344432 77 158 151
-0.046931 -0.010507 0.343680 80 156 146
-0.047091 -0.010401 0.343230 69 139 131
-0.046316 -0.010103 0.342472 60 130 122
-0.046475 -0.009997 0.342021 72 141 136
-0.044769 -0.009503 0.340949 76 149 142
-0.043226 -0.008901 0.339413 76 155 149
-0.043388 -0.008793 0.338956 73 153 142
-0.042619 -0.008490 0.338182 72 149 139
-0.042781 -0.008383 0.337722 77 154 148
-0.042944 -0.008275 0.337263 79 155 151
-0.043106 -0.008167 0.336804 79 158 155
-0.053897 -0.020949 0.380345 29 102 95
-0.055021 -0.021019 0.380118 19 98 92
-0.055169 -0.020920 0.379698 30 112 106
-0.055318 -0.020822 0.379279 35 122 114
-0.055466 -0.020723 0.378859 37 128 121
-0.055615 -0.020624 0.378439 26 123 116
-0.055764 -0.020526 0.378019 4 105 99
-0.055912 -0.020427 0.377599 32 137 132
-0.056061 -0.020329 0.377179 38 145 139
-0.055240 -0.020059 0.376553 22 131 125
-0.055389 -0.019960 0.376132 27 136 130
-0.055538 -0.019861 0.375710 37 144 138
-0.055687 -0.019762 0.375289 43 148 141
-0.055837 -0.019664 0.374867 48 153 146
-0.055019 -0.019392 0.374232 1 105 98
-0.055168 -0.019292 0.373809 8 113 106
-0.055318 -0.019193 0.373386 1 108 102
-0.054503 -0.018920 0.372745 1 108 102
-0.054653 -0.018820 0.372320 5 112 106
-0.054803 -0.018721 0.371896 27 134 128
-0.053990 -0.018446 0.371248 30 135 130
-0.054140 -0.018346 0.370822 36 141 136
-0.054291 -0.018246 0.370396 27 128 124
-0.054442 -0.018146 0.369971 16 115 112
-0.053631 -0.017870 0.369315 18 116 115
-0.053782 -0.017769 0.368888 26 124 123
-0.053934 -0.017669 0.368461 16 116 114
-0.053125 -0.017391 0.367799 29 134 130
-0.053277 -0.017290 0.367370 33 142 137
-0.053429 -0.017190 0.366941 21 136 129
-0.053581 -0.017089 0.366512 20 140 131
-0.052775 -0.016809 0.365844 0 117 108
-0.051970 -0.016529 0.365172 37 154 146
-0.052123 -0.016428 0.364740 40 157 149
-0.051319 -0.016146 0.364063 40 157 151
-0.051473 -0.016044 0.363630 50 167 161
-0.050671 -0.015762 0.362949 50 167 161
-0.050825 -0.015660 0.362514 50 167 161
-0.050025 -0.015376 0.361828 47 166 160
-0.049226 -0.015092 0.361140 54 173 167
-0.049381 -0.014989 0.360702 53 172 166
-0.048584 -0.014704 0.360009 54 173 167
-0.048739 -0.014601 0.359569 48 169 164
-0.047944 -0.014314 0.358872 56 177 172
-0.048100 -0.014211 0.358431 58 179 174
-0.047306 -0.013923 0.357728 54 175 170
-0.047462 -0.013819 0.357286 50 171 166
-0.047619 -0.013715 0.356843 57 178 173
-0.046827 -0.013426 0.356135 56 176 174
-0.046984 -0.013322 0.355691 51 171 169
-0.047141 -0.013218 0.355247 42 161 157
-0.047299 -0.013114 0.354803 41 157 154
-0.046509 -0.012823 0.354087 39 154 149
-0.046667 -0.012718 0.353641 29 144 139
-0.046825 -0.012614 0.353196 29 144 139
-0.046983 -0.012509 0.352750 34 151 145
-0.047140 -0.012405 0.352304 40 161 152
-0.047298 -0.012300 0.351859 47 171 161
-0.047456 -0.012196 0.351413 47 168 159
-0.047613 -0.012091 0.350968 39 158 152
-0.046829 -0.011797 0.350238 38 153 148
-0.046987 -0.011692 0.349791 42 155 151
-0.047146 -0.011587 0.349344 41 154 150
-0.047304 -0.011482 0.348897 67 177 176
-0.047462 -0.011377 0.348450 14 118 121
-0.047620 -0.011272 0.348002 12 114 118
-0.047779 -0.011167 0.347555 37 141 142
-0.046998 -0.010871 0.346814 47 151 152
-0.047157 -0.010765 0.346365 50 154 153
-0.047316 -0.010660 0.345916 57 160 157
-0.047475 -0.010555 0.345468 70 169 164
-0.047634 -0.010449 0.345019 83 178 172
-0.047793 -0.010344 0.344570 78 168 159
-0.047016 -0.010045 0.343818 76 162 153
-0.047175 -0.009939 0.343368 76 157 150
-0.047335 -0.009834 0.342918 73 153 144
-0.046560 -0.009533 0.342160 63 142 136
-0.046720 -0.009427 0.341708 64 143 138
-0.045015 -0.008929 0.340634 76 157 151
-0.044244 -0.008627 0.339867 78 160 154
-0.044406 -0.008520 0.339410 78 166 154
-0.043636 -0.008216 0.338639 64 152 140
-0.043798 -0.008108 0.338181 69 150 144
-0.043030 -0.007803 0.337404 72 151 148
-0.043193 -0.007696 0.336945 65 145 144
-0.043355 -0.007588 0.336486 58 140 138
-0.054654 -0.020883 0.381507 52 98 87
-0.054802 -0.020785 0.381087 41 103 92
-0.054951 -0.020686 0.380667 30 103 94
-0.054126 -0.020418 0.380054 22 103 96
-0.055248 -0.020489 0.379828 27 112 105
-0.055397 -0.020390 0.379408 31 120 114
-0.055545 -0.020292 0.378988 39 131 126
-0.055694 -0.020193 0.378568 30 126 122
-0.054872 -0.019923 0.377947 2 105 101
-0.055021 -0.019824 0.377525 19 126 120
-0.055170 -0.019725 0.377104 46 155 149
-0.055319 -0.019627 0.376683 31 140 134
-0.055468 -0.019528 0.376261 21 130 124
-0.055617 -0.019429 0.375840 30 139 133
-0.055767 -0.019330 0.375418 36 141 134
-0.054949 -0.019057 0.374785 53 158 151
-0.055098 -0.018958 0.374362 17 121 114
-0.055248 -0.018858 0.373939 8 112 105
-0.054432 -0.018584 0.373300 0 105 100
-0.054582 -0.018484 0.372875 0 105 100
-0.054733 -0.018385 0.372451 4 109 104
-0.053919 -0.018109 0.371805 16 121 116
-0.054070 -0.018009 0.371379 31 136 131
-0.054220 -0.017909 0.370953 32 137 132
-0.054371 -0.017809 0.370527 35 136 132
-0.053560 -0.017531 0.369874 18 117 114
-0.053712 -0.017431 0.369447 16 114 113
-0.053863 -0.017331 0.369019 27 125 124
-0.054014 -0.017230 0.368592 20 120 118
-0.053206 -0.016951 0.367931 20 123 120
-0.053358 -0.016850 0.367502 26 135 130
-0.053509 -0.016749 0.367073 23 136 130
-0.052703 -0.016469 0.366406 7 124 116
-0.052856 -0.016367 0.365976 0 119 110
-0.052051 -0.016086 0.365305 38 155 147
-0.052204 -0.015984 0.364873 38 155 147
-0.051401 -0.015701 0.364197 39 156 150
-0.051554 -0.015599 0.363763 47 164 158
-0.050753 -0.015315 0.363083 55 172 166
-0.050907 -0.015213 0.362648 57 174 168
-0.050107 -0.014928 0.361963 52 169 163
-0.049309 -0.014642 0.361275 46 165 159
-0.049464 -0.014539 0.360837 48 167 161
-0.048667 -0.014252 0.360144 52 171 165
-0.048822 -0.014149 0.359704 54 175 170
-0.048978 -0.014046 0.359265 56 177 172
-0.048183 -0.013758 0.358566 53 174 169
-0.048339 -0.013654 0.358125 59 180 175
-0.047546 -0.013365 0.357422 61 182 177
-0.047702 -0.013261 0.356979 56 177 172
-0.047859 -0.013157 0.356537 55 175 173
-0.047068 -0.012866 0.355827 60 179 177
-0.047225 -0.012762 0.355383 55 174 170
-0.047382 -0.012658 0.354939 48 164 161
-0.047539 -0.012554 0.354495 52 167 162
-0.046751 -0.012261 0.353778 58 171 167
-0.046909 -0.012156 0.353333 47 157 154
-0.047066 -0.012052 0.352887 19 134 129
-0.047224 -0.011947 0.352441 21 140 134
-0.047382 -0.011843 0.351996 33 154 145
-0.047540 -0.011738 0.351550 41 162 153
-0.047697 -0.011633 0.351105 44 164 155
-0.046913 -0.011338 0.350376 49 164 159
-0.047071 -0.011233 0.349928 44 159 154
-0.047230 -0.011128 0.349481 31 146 141
-0.047388 -0.011023 0.349034 51 164 162
-0.047546 -0.010918 0.348587 3 113 112
-0.047705 -0.010813 0.348140 13 121 121
-0.047863 -0.010708 0.347693 32 140 140
-0.048021 -0.010603 0.347246 35 141 141
-0.047242 -0.010305 0.346503 40 146 144
-0.047401 -0.010199 0.346054 49 154 150
-0.047559 -0.010094 0.345606 56 157 153
-0.047718 -0.009989 0.345157 68 167 162
-0.047877 -0.009884 0.344708 77 172 164
-0.047101 -0.009583 0.343957 81 172 163
-0.047260 -0.009477 0.343507 78 168 159
-0.047420 -0.009371 0.343056 73 160 152
-0.046646 -0.009069 0.342299 68 155 149
-0.046805 -0.008963 0.341847 67 154 148
-0.045101 -0.008463 0.340774 71 156 151
-0.045262 -0.008356 0.340319 71 160 154
-0.044491 -0.008051 0.339551 67 160 149
-0.043722 -0.007746 0.338779 67 159 148
-0.043884 -0.007638 0.338322 65 147 143
-0.044046 -0.007531 0.337864 61 139 139
-0.044208 -0.007423 0.337406 63 143 142
-0.043442 -0.007116 0.336627 60 142 140
-0.043604 -0.007008 0.336168 52 137 130
-0.043767 -0.006901 0.335709 66 142 132
-0.054733 -0.020452 0.381636 52 94 80
-0.054881 -0.020354 0.381216 37 97 85
-0.055030 -0.020255 0.380796 31 107 97
-0.055179 -0.020157 0.380377 26 109 101
-0.055327 -0.020058 0.379957 27 112 105
-0.054504 -0.019787 0.379340 34 123 117
-0.054653 -0.019688 0.378919 41 133 128
-0.054802 -0.019589 0.378498 27 126 121
-0.054951 -0.019491 0.378076 5 108 104
-0.055100 -0.019392 0.377655 15 122 116
-0.055249 -0.019293 0.377234 36 145 140
-0.055398 -0.019194 0.376812 29 140 134
-0.055548 -0.019095 0.376391 24 133 127
-0.055697 -0.018996 0.375969 31 140 134
-0.055846 -0.018897 0.375548 32 137 130
-0.055028 -0.018623 0.374915 53 157 150
-0.055178 -0.018523 0.374492 40 141 133
-0.055328 -0.018424 0.374069 18 119 113
-0.054512 -0.018148 0.373430 3 104 100
-0.054662 -0.018048 0.373006 1 102 98
-0.053848 -0.017771 0.372362 7 110 106
-0.053999 -0.017671 0.371936 6 111 106
-0.054150 -0.017571 0.371510 28 133 128
-0.054301 -0.017471 0.371084 28 133 128
-0.053489 -0.017193 0.370433 29 134 129
-0.053641 -0.017092 0.370006 24 127 123
-0.053792 -0.016992 0.369578 17 117 115
-0.053943 -0.016892 0.369151 23 123 121
-0.053135 -0.016611 0.368492 30 130 128
-0.053286 -0.016510 0.368063 26 129 126
-0.053438 -0.016410 0.367634 30 136 132
-0.053590 -0.016309 0.367205 35 146 140
-0.052784 -0.016027 0.366539 6 121 114
-0.052937 -0.015926 0.366108 0 115 107
-0.052132 -0.015642 0.365438 24 139 134
-0.052285 -0.015541 0.365006 48 163 158
-0.051483 -0.015256 0.364330 43 158 153
-0.051636 -0.015154 0.363897 49 164 159
-0.050835 -0.014869 0.363217 56 171 166
-0.050989 -0.014767 0.362782 54 171 165
-0.050189 -0.014480 0.362097 51 168 162
-0.050344 -0.014377 0.361660 53 170 164
-0.049546 -0.014090 0.360971 46 165 159
-0.049701 -0.013987 0.360533 33 152 146
-0.048905 -0.013698 0.359840 39 160 155
-0.049060 -0.013595 0.359400 53 174 169
-0.048266 -0.013305 0.358702 58 179 174
-0.048422 -0.013201 0.358261 53 174 169
-0.048578 -0.013098 0.357820 52 175 170
-0.047786 -0.012807 0.357115 56 177 172
-0.047942 -0.012703 0.356673 51 170 166
-0.047151 -0.012410 0.355964 46 165 161
-0.047309 -0.012306 0.355520 52 171 167
-0.047466 -0.012202 0.355076 56 175 171
-0.047623 -0.012098 0.354632 53 168 165
-0.047780 -0.011993 0.354188 54 164 163
-0.046993 -0.011699 0.353470 58 166 166
-0.047150 -0.011594 0.353024 57 167 164
-0.047308 -0.011490 0.352579 36 151 146
-0.047466 -0.011385 0.352133 19 138 132
-0.047623 -0.011281 0.351687 21 141 132
-0.047781 -0.011176 0.351242 34 151 143
-0.047939 -0.011071 0.350796 39 154 149
-0.047156 -0.010774 0.350066 45 160 155
-0.047314 -0.010669 0.349619 43 158 155
-0.047472 -0.010564 0.349172 50 166 163
-0.047630 -0.010459 0.348725 6 122 119
-0.047789 -0.010354 0.348277 9 125 122
-0.047947 -0.010249 0.347830 17 132 129
-0.048105 -0.010144 0.347383 27 140 138
-0.047326 -0.009844 0.346641 34 143 140
-0.047485 -0.009739 0.346192 35 141 139
-0.047644 -0.009634 0.345744 36 139 136
-0.047803 -0.009528 0.345295 52 153 149
-0.047961 -0.009423 0.344846 59 158 153
-0.047186 -0.009121 0.344095 79 176 169
-0.047345 -0.009015 0.343645 87 182 176
-0.047504 -0.008909 0.343195 78 171 163
-0.047664 -0.008804 0.342745 74 166 161
-0.046890 -0.008499 0.341986 65 157 152
-0.047050 -0.008393 0.341534 56 147 142
-0.045347 -0.007889 0.340459 65 157 152
-0.044577 -0.007583 0.339691 67 164 155
-0.044739 -0.007476 0.339235 71 164 156
-0.043970 -0.007168 0.338462 75 155 152
-0.044132 -0.007061 0.338005 66 142 142
-0.044295 -0.006954 0.337547 56 132 132
-0.044457 -0.006846 0.337089 56 135 132
-0.043691 -0.006537 0.336309 57 138 129
-0.043853 -0.006429 0.335850 63 135 123
-0.053837 -0.019849 0.381577 55 97 83
-0.053986 -0.019750 0.381155 38 100 87
-0.054135 -0.019651 0.380734 30 106 96
-0.055258 -0.019725 0.380506 24 110 101
-0.055406 -0.019627 0.380086 26 113 107
-0.054583 -0.019355 0.379470 37 126 120
-0.055703 -0.019430 0.379246 37 132 128
-0.055852 -0.019331 0.378826 22 121 116
-0.055030 -0.019058 0.378206 7 110 106
-0.055179 -0.018959 0.377785 17 124 118
-0.055329 -0.018860 0.377363 32 141 136
-0.055478 -0.018761 0.376942 32 143 137
-0.055627 -0.018662 0.376520 34 143 137
-0.055776 -0.018564 0.376099 36 143 137
-0.054958 -0.018288 0.375468 26 131 124
-0.055108 -0.018188 0.375045 49 153 146
-0.055258 -0.018089 0.374622 40 140 132
-0.054442 -0.017812 0.373985 13 113 105
-0.054592 -0.017712 0.373561 9 105 103
-0.053778 -0.017434 0.372919 0 96 93
-0.053928 -0.017334 0.372493 4 105 101
-0.054079 -0.017234 0.372067 1 104 100
-0.054230 -0.017134 0.371641 21 128 122
-0.053418 -0.016854 0.370992 32 139 133
-0.053570 -0.016754 0.370565 22 129 123
-0.053721 -0.016653 0.370137 28 133 128
-0.053872 -0.016553 0.369710 14 117 114
-0.053064 -0.016271 0.369053 10 113 110
-0.053215 -0.016171 0.368624 23 126 123
-0.053367 -0.016070 0.368195 30 133 130
-0.053519 -0.015969 0.367766 27 133 129
-0.052713 -0.015686 0.367102 36 145 140
-0.052865 -0.015585 0.366671 16 129 123
-0.053018 -0.015484 0.366241 0 112 106
-0.052214 -0.015199 0.365570 7 122 117
-0.052367 -0.015097 0.365138 47 162 157
-0.051564 -0.014811 0.364463 38 153 148
-0.051718 -0.014709 0.364030 35 150 145
-0.050917 -0.014422 0.363350 48 163 158
-0.051071 -0.014320 0.362915 67 182 177
-0.051225 -0.014218 0.362480 54 171 165
-0.050426 -0.013929 0.361795 60 177 171
-0.050581 -0.013827 0.361358 48 165 159
-0.049784 -0.013537 0.360668 41 160 154
-0.049939 -0.013434 0.360230 36 157 152
-0.049143 -0.013144 0.359535 36 157 152
-0.049299 -0.013040 0.359096 55 176 171
-0.048505 -0.012749 0.358396 62 183 178
-0.048661 -0.012645 0.357955 57 180 175
-0.047869 -0.012352 0.357252 56 177 172
-0.048026 -0.012248 0.356809 62 181 177
-0.048182 -0.012144 0.356366 55 174 170
-0.047392 -0.011850 0.355657 57 178 173
-0.047549 -0.011746 0.355212 57 178 173
-0.047707 -0.011642 0.354768 53 169 166
-0.047864 -0.011537 0.354324 54 169 166
-0.048021 -0.011433 0.353880 60 170 169
-0.047234 -0.011137 0.353161 59 169 168
-0.047392 -0.011032 0.352716 56 171 166
-0.047550 -0.010928 0.352270 49 166 160
-0.047707 -0.010823 0.351824 46 163 157
-0.047865 -0.010718 0.351379 41 158 150
-0.048023 -0.010614 0.350933 42 155 151
-0.047240 -0.010315 0.350204 41 154 150
-0.047398 -0.010210 0.349756 36 151 148
-0.047556 -0.010105 0.349309 32 148 145
-0.047715 -0.010000 0.348862 9 124 119
-0.047873 -0.009895 0.348415 10 125 120
-0.048031 -0.009790 0.347968 14 129 126
-0.048189 -0.009685 0.347521 18 131 129
-0.047411 -0.009383 0.346779 15 125 122
-0.047569 -0.009278 0.346330 28 134 132
-0.047728 -0.009173 0.345882 32 136 135
-0.047887 -0.009068 0.345433 33 136 133
-0.048046 -0.008962 0.344984 48 149 145
-0.048205 -0.008857 0.344536 53 152 147
-0.047430 -0.008553 0.343783 73 169 165
-0.047589 -0.008447 0.343333 77 173 169
-0.047748 -0.008341 0.342883 80 175 171
-0.046975 -0.008036 0.342125 84 179 175
-0.047135 -0.007930 0.341673 70 164 163
-0.045433 -0.007422 0.340599 57 153 149
-0.045594 -0.007315 0.340144 57 154 147
-0.044825 -0.007007 0.339375 69 161 156
-0.044986 -0.006900 0.338919 70 152 150
-0.045148 -0.006793 0.338463 64 140 140
-0.044381 -0.006484 0.337688 63 139 139
-0.044543 -0.006376 0.337230 56 132 128
-0.044705 -0.006269 0.336772 58 134 124
-0.044867 -0.006161 0.336315 72 138 124
-0.045029 -0.006054 0.335857 96 140 123
-0.053916 -0.019417 0.381706 54 97 87
-0.054066 -0.019318 0.381285 37 100 91
-0.054215 -0.019219 0.380864 28 105 97
-0.054364 -0.019120 0.380442 22 108 99
-0.054513 -0.019021 0.380021 29 116 110
-0.054662 -0.018922 0.379600 35 126 119
-0.055782 -0.018999 0.379375 32 127 123
-0.055931 -0.018900 0.378955 21 120 115
-0.055110 -0.018625 0.378336 7 110 106
-0.055259 -0.018526 0.377914 16 122 118
-0.055408 -0.018428 0.377493 34 143 138
-0.055557 -0.018329 0.377071 35 146 140
-0.055706 -0.018230 0.376650 33 142 137
-0.055855 -0.018131 0.376229 28 135 129
-0.055038 -0.017854 0.375598 31 136 129
-0.055187 -0.017754 0.375175 34 138 131
-0.055337 -0.017655 0.374752 53 153 145
-0.054522 -0.017376 0.374116 32 129 122
-0.054672 -0.017277 0.373691 10 104 103
-0.053858 -0.016997 0.373050 0 92 90
-0.054009 -0.016897 0.372624 0 97 94
-0.054159 -0.016797 0.372198 0 102 98
-0.053348 -0.016516 0.371551 12 119 113
-0.053499 -0.016415 0.371124 24 133 127
-0.053650 -0.016315 0.370696 15 124 118
-0.053802 -0.016215 0.370269 19 128 122
-0.052992 -0.015932 0.369614 20 126 122
-0.053144 -0.015831 0.369185 12 117 113
-0.053296 -0.015730 0.368756 13 118 114
-0.053448 -0.015630 0.368327 20 125 121
-0.052642 -0.015345 0.367665 19 125 121
-0.052794 -0.015244 0.367234 26 135 130
-0.052946 -0.015143 0.366804 27 136 131
-0.052142 -0.014856 0.366135 18 129 123
-0.052295 -0.014755 0.365703 0 106 102
-0.052448 -0.014654 0.365271 41 154 150
-0.051646 -0.014366 0.364597 45 158 154
-0.051799 -0.014264 0.364163 45 158 154
-0.051953 -0.014162 0.363730 42 157 152
-0.051153 -0.013873 0.363049 52 167 162
-0.051307 -0.013771 0.362614 64 179 174
-0.050508 -0.013481 0.361929 61 178 172
-0.050663 -0.013379 0.361492 65 182 176
-0.049866 -0.013087 0.360803 46 165 159
-0.050021 -0.012985 0.360365 43 164 159
-0.049226 -0.012692 0.359671 40 161 156
-0.049382 -0.012589 0.359231 35 158 153
-0.049537 -0.012486 0.358791 43 166 161
-0.048744 -0.012192 0.358091 53 176 171
-0.048900 -0.012089 0.357650 58 179 174
-0.048109 -0.011794 0.356945 63 182 176
-0.048266 -0.011690 0.356503 59 178 172
-0.048422 -0.011586 0.356060 57 182 174
-0.047633 -0.011290 0.355349 59 184 176
-0.047790 -0.011186 0.354905 61 184 179
-0.047947 -0.011081 0.354461 63 182 178
-0.048105 -0.010977 0.354017 60 175 172
-0.048262 -0.010873 0.353573 60 175 172
-0.047476 -0.010575 0.352853 58 174 171
-0.047633 -0.010470 0.352407 58 177 171
-0.047791 -0.010366 0.351961 54 173 167
-0.047949 -0.010261 0.351516 53 170 164
-0.048107 -0.010156 0.351070 58 171 169
-0.048264 -0.010052 0.350625 37 150 148
-0.047482 -0.009751 0.349894 27 141 141
-0.047640 -0.009646 0.349447 31 144 142
-0.047799 -0.009541 0.349000 17 123 121
-0.047957 -0.009436 0.348553 0 105 101
-0.048115 -0.009331 0.348105 9 115 113
-0.048274 -0.009226 0.347658 17 126 123
-0.047495 -0.008923 0.346917 13 121 121
-0.047654 -0.008818 0.346468 18 126 126
-0.047813 -0.008712 0.346020 22 128 128
-0.047971 -0.008607 0.345571 26 130 129
-0.048130 -0.008502 0.345122 31 131 131
-0.048289 -0.008396 0.344674 42 140 139
-0.047514 -0.008091 0.343922 54 150 149
-0.047674 -0.007985 0.343472 54 150 148
-0.047833 -0.007879 0.343022 64 160 158
-0.047992 -0.007774 0.342571 81 177 175
-0.047220 -0.007466 0.341812 80 176 175
-0.046449 -0.007158 0.341050 72 168 166
-0.045679 -0.006849 0.340284 61 157 153
-0.045840 -0.006742 0.339829 62 157 153
-0.045072 -0.006432 0.339059 67 153 152
-0.045234 -0.006325 0.338603 72 154 152
-0.045395 -0.006218 0.338147 67 147 144
-0.044629 -0.005906 0.337371 51 128 122
-0.044791 -0.005799 0.336913 58 128 117
-0.044953 -0.005691 0.336455 66 120 106
-0.045115 -0.005584 0.335998 92 125 108
-0.054145 -0.018885 0.381415 36 103 94
-0.054294 -0.018786 0.380993 28 108 99
-0.054443 -0.018687 0.380572 22 109 101
-0.054592 -0.018588 0.380151 31 120 114
-0.054741 -0.018489 0.379729 32 124 119
-0.054891 -0.018391 0.379308 28 124 120
-0.055040 -0.018292 0.378886 25 126 122
-0.055189 -0.018193 0.378465 7 112 108
-0.055338 -0.018094 0.378044 12 118 114
-0.055487 -0.017995 0.377622 38 147 142
-0.055636 -0.017896 0.377201 35 144 139
-0.055786 -0.017797 0.376780 40 149 144
-0.054968 -0.017519 0.376151 35 141 137
-0.055117 -0.017419 0.375728 31 134 130
-0.054301 -0.017140 0.375095 40 141 135
-0.054451 -0.017040 0.374671 47 146 141
-0.054601 -0.016941 0.374246 58 154 150
-0.053787 -0.016659 0.373607 7 102 98
-0.053938 -0.016560 0.373181 1 95 94
-0.054089 -0.016460 0.372755 0 95 93
-0.053277 -0.016177 0.372110 4 105 101
-0.053428 -0.016077 0.371682 5 110 105
-0.053579 -0.015976 0.371255 7 114 108
-0.052770 -0.015693 0.370604 13 122 116
-0.052921 -0.015592 0.370175 10 119 113
-0.053073 -0.015491 0.369746 15 121 117
-0.053225 -0.015391 0.369317 12 117 113
-0.053377 -0.015290 0.368888 9 114 110
-0.052570 -0.015004 0.368227 12 117 113
-0.052723 -0.014903 0.367797 16 121 117
-0.052875 -0.014802 0.367367 15 121 117
-0.053027 -0.014701 0.366936 15 124 119
-0.052223 -0.014413 0.366268 21 130 125
-0.052376 -0.014312 0.365836 0 108 103
-0.051574 -0.014023 0.365164 12 121 118
-0.051727 -0.013921 0.364730 60 170 167
-0.051881 -0.013819 0.364297 61 174 170
-0.052034 -0.013717 0.363863 50 165 160
-0.051235 -0.013427 0.363183 50 167 161
-0.051389 -0.013325 0.362748 62 177 172
-0.050590 -0.013033 0.362063 61 178 172
-0.050745 -0.012930 0.361627 71 188 182
-0.050899 -0.012828 0.361190 57 176 172
-0.050104 -0.012535 0.360499 48 169 164
-0.050259 -0.012432 0.360061 47 168 163
-0.049464 -0.012138 0.359366 41 162 157
-0.049620 -0.012035 0.358927 38 159 154
-0.048827 -0.011739 0.358227 32 151 147
-0.048983 -0.011636 0.357786 40 159 153
-0.049139 -0.011532 0.357345 37 154 148
-0.048349 -0.011236 0.356639 46 166 157
-0.048506 -0.011132 0.356196 44 168 160
-0.048662 -0.011028 0.355754 36 161 153
-0.047874 -0.010730 0.355042 44 167 162
-0.048031 -0.010626 0.354597 53 174 169
-0.048188 -0.010521 0.354153 52 168 165
-0.048345 -0.010417 0.353709 55 171 168
-0.048503 -0.010313 0.353265 56 172 169
-0.047717 -0.010013 0.352544 59 178 174
-0.047875 -0.009908 0.352098 60 179 173
-0.048033 -0.009803 0.351653 59 176 170
-0.048191 -0.009699 0.351207 59 172 170
-0.048348 -0.009594 0.350762 32 142 141
-0.048506 -0.009490 0.350316 28 141 139
-0.047725 -0.009187 0.349584 34 142 142
-0.047883 -0.009082 0.349137 29 132 129
-0.048041 -0.008977 0.348690 0 98 97
-0.048199 -0.008872 0.348243 4 104 102
-0.048358 -0.008767 0.347796 4 107 106
-0.048516 -0.008662 0.347349 10 114 113
-0.047738 -0.008357 0.346606 17 121 120
-0.047897 -0.008252 0.346158 14 118 119
-0.048056 -0.008146 0.345709 18 122 121
-0.048215 -0.008041 0.345260 29 132 131
-0.048374 -0.007936 0.344812 28 128 128
-0.048532 -0.007830 0.344363 33 131 130
-0.047758 -0.007523 0.343610 45 143 142
-0.047918 -0.007417 0.343160 50 148 147
-0.048077 -0.007311 0.342710 52 150 149
-0.047305 -0.007002 0.341951 62 162 160
-0.047465 -0.006896 0.341499 69 170 166
-0.046695 -0.006586 0.340736 68 167 164
-0.045926 -0.006275 0.339969 66 162 158
-0.046087 -0.006168 0.339515 61 153 150
-0.045319 -0.005856 0.338743 64 153 149
-0.045481 -0.005749 0.338287 67 149 143
-0.045642 -0.005642 0.337831 49 125 115
-0.045804 -0.005535 0.337375 67 129 116
-0.045965 -0.005428 0.336919 82 124 110
-0.046127 -0.005321 0.336462 112 129 113
-0.054224 -0.018452 0.381544 31 101 93
-0.054373 -0.018354 0.381123 28 107 101
-0.054522 -0.018255 0.380702 23 110 102
-0.054672 -0.018156 0.380280 24 115 108
-0.054821 -0.018057 0.379859 38 133 127
-0.054970 -0.017958 0.379437 28 129 125
-0.055119 -0.017859 0.379016 21 126 122
-0.055268 -0.017760 0.378595 11 117 113
-0.055417 -0.017661 0.378173 13 122 119
-0.055567 -0.017562 0.377752 44 150 148
-0.055716 -0.017463 0.377331 40 146 144
-0.055865 -0.017365 0.376909 37 142 138
-0.055047 -0.017084 0.376281 39 142 139
-0.055197 -0.016985 0.375858 38 141 137
-0.054381 -0.016704 0.375226 40 141 137
-0.054531 -0.016604 0.374801 49 148 145
-0.053717 -0.016322 0.374164 57 153 149
-0.053867 -0.016222 0.373738 0 95 91
-0.054018 -0.016122 0.373312 13 105 102
-0.053206 -0.015839 0.372669 0 93 89
-0.053357 -0.015738 0.372241 0 96 92
-0.053509 -0.015638 0.371814 9 108 105
-0.052698 -0.015353 0.371165 7 110 106
-0.052850 -0.015252 0.370736 9 116 110
-0.053002 -0.015151 0.370307 13 120 114
-0.053154 -0.015051 0.369878 12 119 113
-0.052346 -0.014764 0.369221 13 118 113
-0.052499 -0.014663 0.368790 14 115 111
-0.052651 -0.014562 0.368360 11 112 108
-0.052804 -0.014461 0.367929 11 112 108
-0.051999 -0.014172 0.367265 11 116 111
-0.052152 -0.014071 0.366833 14 121 115
-0.052305 -0.013969 0.366401 16 123 117
-0.052458 -0.013868 0.365969 10 111 107
-0.051655 -0.013578 0.365297 0 96 93
-0.051809 -0.013476 0.364863 64 170 166
-0.051962 -0.013374 0.364430 60 173 167
-0.051162 -0.013082 0.363752 52 167 162
-0.051316 -0.012980 0.363317 38 157 151
-0.051470 -0.012878 0.362882 53 169 166
-0.051624 -0.012776 0.362447 56 175 171
-0.050827 -0.012482 0.361761 59 178 174
-0.050982 -0.012380 0.361324 60 179 175
-0.050186 -0.012085 0.360634 53 174 169
-0.050341 -0.011982 0.360196 51 172 167
-0.050496 -0.011880 0.359758 53 172 166
-0.049703 -0.011583 0.359062 61 178 172
-0.049858 -0.011480 0.358622 56 169 165
-0.049066 -0.011183 0.357921 55 168 164
-0.049222 -0.011080 0.357480 50 165 160
-0.049379 -0.010976 0.357039 50 167 161
-0.048589 -0.010677 0.356332 52 169 163
-0.048745 -0.010574 0.355890 59 178 172
-0.048902 -0.010470 0.355447 61 180 174
-0.049059 -0.010366 0.355004 59 178 172
-0.048272 -0.010065 0.354290 54 173 167
-0.048429 -0.009961 0.353846 59 176 170
-0.048586 -0.009857 0.353402 57 174 168
-0.048743 -0.009753 0.352958 58 175 169
-0.047959 -0.009450 0.352236 51 168 162
-0.048117 -0.009346 0.351790 49 164 159
-0.048274 -0.009241 0.351344 43 156 152
-0.048432 -0.009137 0.350899 32 142 139
-0.048590 -0.009032 0.350453 43 153 150
-0.048748 -0.008928 0.350007 47 153 151
-0.047967 -0.008623 0.349275 51 152 148
-0.048125 -0.008518 0.348828 0 96 94
-0.048284 -0.008413 0.348380 0 90 89
-0.048442 -0.008308 0.347933 2 96 96
-0.048600 -0.008203 0.347486 7 103 102
-0.047823 -0.007896 0.346744 12 110 109
-0.047982 -0.007791 0.346296 11 114 113
-0.048140 -0.007686 0.345847 14 119 115
-0.048299 -0.007580 0.345398 15 120 116
-0.048458 -0.007475 0.344950 21 126 122
-0.048617 -0.007370 0.344501 26 129 126
-0.048776 -0.007265 0.344052 27 127 125
-0.048003 -0.006955 0.343299 36 137 133
-0.048162 -0.006849 0.342848 36 139 135
-0.048321 -0.006744 0.342398 38 143 138
-0.047550 -0.006433 0.341638 39 144 139
-0.047710 -0.006326 0.341186 49 152 148
-0.047870 -0.006220 0.340735 53 154 150
-0.047101 -0.005908 0.339969 58 157 154
-0.047262 -0.005802 0.339516 57 152 146
-0.046494 -0.005488 0.338745 63 150 141
-0.045728 -0.005174 0.337971 62 134 122
-0.045890 -0.005067 0.337515 76 127 112
-0.046051 -0.004960 0.337059 105 134 116
-0.054303 -0.018020 0.381674 27 98 90
-0.054453 -0.017921 0.381253 19 100 93
-0.054602 -0.017822 0.380831 24 114 105
-0.054751 -0.017723 0.380410 18 109 104
-0.054900 -0.017624 0.379988 32 128 124
-0.055049 -0.017525 0.379567 25 128 124
-0.055198 -0.017426 0.379146 11 117 113
-0.055348 -0.017328 0.378724 10 119 116
-0.055497 -0.017229 0.378303 13 122 119
-0.055646 -0.017130 0.377882 40 149 146
-0.055795 -0.017031 0.377460 43 149 147
-0.055944 -0.016932 0.377039 43 148 144
-0.055127 -0.016650 0.376411 38 141 138
-0.054311 -0.016368 0.375780 37 140 136
-0.054461 -0.016268 0.375356 39 140 136
-0.054611 -0.016169 0.374932 45 146 142
-0.053797 -0.015885 0.374295 65 164 161
-0.053948 -0.015785 0.373869 0 86 82
-0.053135 -0.015500 0.373228 10 105 101
-0.053286 -0.015400 0.372800 12 104 101
-0.053438 -0.015299 0.372373 1 96 92
-0.052627 -0.015013 0.371725 3 99 97
-0.052779 -0.014912 0.371297 11 110 107
-0.052931 -0.014812 0.370868 11 114 110
-0.052123 -0.014524 0.370214 7 112 107
-0.052275 -0.014423 0.369784 11 116 111
-0.052427 -0.014322 0.369353 17 120 116
-0.052580 -0.014221 0.368923 22 121 118
-0.051774 -0.013931 0.368262 19 118 115
-0.051927 -0.013830 0.367830 13 112 109
-0.052080 -0.013729 0.367398 9 110 106
-0.052233 -0.013627 0.366966 6 111 106
-0.051430 -0.013336 0.366297 6 111 106
-0.051584 -0.013234 0.365864 13 112 109
-0.051737 -0.013133 0.365430 0 96 93
-0.051891 -0.013031 0.364997 24 129 125
-0.052044 -0.012929 0.364563 61 172 166
-0.051244 -0.012636 0.363886 53 168 163
-0.051398 -0.012534 0.363451 36 153 147
-0.051552 -0.012431 0.363016 38 157 153
-0.051706 -0.012329 0.362581 58 177 173
-0.050909 -0.012034 0.361895 58 177 175
-0.051064 -0.011932 0.361459 60 179 177
-0.051218 -0.011829 0.361022 60 181 176
-0.050423 -0.011533 0.360331 63 184 179
-0.050579 -0.011430 0.359893 59 178 172
-0.049785 -0.011132 0.359197 54 171 165
-0.049941 -0.011029 0.358757 67 180 176
-0.050097 -0.010926 0.358318 59 172 168
-0.049305 -0.010627 0.357616 63 178 173
-0.049462 -0.010523 0.357175 66 183 177
-0.049618 -0.010420 0.356734 63 178 173
-0.048829 -0.010119 0.356026 64 181 175
-0.048985 -0.010015 0.355583 60 177 171
-0.049142 -0.009911 0.355141 59 176 170
-0.049299 -0.009807 0.354698 59 178 172
-0.048513 -0.009505 0.353982 63 182 176
-0.048670 -0.009401 0.353538 60 177 171
-0.048827 -0.009297 0.353094 53 170 164
-0.048984 -0.009192 0.352650 50 165 160
-0.048201 -0.008888 0.351927 43 158 153
-0.048358 -0.008784 0.351481 56 166 163
-0.048516 -0.008679 0.351036 66 176 173
-0.048674 -0.008575 0.350590 69 178 175
-0.048832 -0.008470 0.350144 66 172 168
-0.048989 -0.008365 0.349699 73 176 172
-0.048209 -0.008059 0.348965 43 142 139
-0.048368 -0.007954 0.348518 0 85 84
-0.048526 -0.007849 0.348071 0 85 84
-0.048684 -0.007744 0.347624 8 98 98
-0.048843 -0.007639 0.347177 8 100 99
-0.048066 -0.007330 0.346434 17 111 110
-0.048225 -0.007225 0.345985 5 104 101
-0.048384 -0.007120 0.345536 13 114 110
-0.048542 -0.007015 0.345088 8 111 107
-0.048701 -0.006909 0.344639 16 119 115
-0.048860 -0.006804 0.344190 17 122 117
-0.048087 -0.006493 0.343437 20 123 119
-0.048247 -0.006387 0.342987 24 129 124
-0.048406 -0.006281 0.342537 37 142 137
-0.047635 -0.005969 0.341777 28 133 128
-0.047795 -0.005863 0.341325 37 140 137
-0.047955 -0.005757 0.340874 39 142 139
-0.047187 -0.005443 0.340108 42 145 141
-0.047347 -0.005336 0.339655 45 145 137
-0.047507 -0.005230 0.339202 56 146 136
-0.046741 -0.004914 0.338430 66 140 127
-0.046902 -0.004808 0.337975 91 139 123
-0.047063 -0.004701 0.337521 120 143 125
-0.054234 -0.017686 0.382225 53 110 101
-0.054383 -0.017587 0.381804 24 99 92
-0.054532 -0.017488 0.381382 30 113 105
-0.054681 -0.017389 0.380961 22 113 104
-0.054830 -0.017291 0.380539 18 110 105
-0.054979 -0.017192 0.380118 20 119 114
-0.055129 -0.017093 0.379697 29 132 128
-0.055278 -0.016994 0.379275 22 128 124
-0.055427 -0.016895 0.378854 8 117 114
-0.055576 -0.016796 0.378433 12 122 119
-0.055725 -0.016697 0.378011 38 149 143
-0.055874 -0.016598 0.377590 42 151 146
-0.056024 -0.016499 0.377168 46 152 148
-0.055206 -0.016216 0.376541 42 147 143
-0.054390 -0.015932 0.375911 43 148 143
-0.054541 -0.015833 0.375487 37 140 136
-0.054691 -0.015733 0.375062 36 139 135
-0.053877 -0.015448 0.374426 66 169 165
-0.054028 -0.015348 0.374000 0 93 88
-0.053216 -0.015061 0.373359 0 95 88
-0.053367 -0.014961 0.372932 9 104 100
-0.052556 -0.014673 0.372286 9 101 98
-0.052708 -0.014573 0.371857 5 100 96
-0.052860 -0.014472 0.371428 6 102 98
-0.052051 -0.014183 0.370777 5 104 99
-0.052204 -0.014082 0.370347 13 114 108
-0.052356 -0.013981 0.369916 11 112 106
-0.051550 -0.013691 0.369259 13 114 108
-0.051703 -0.013589 0.368827 16 115 112
-0.051856 -0.013488 0.368395 20 116 114
-0.052009 -0.013387 0.367963 20 116 114
-0.051205 -0.013094 0.367298 15 114 111
-0.051358 -0.012993 0.366864 7 110 106
-0.051512 -0.012891 0.366431 2 105 101
-0.051665 -0.012789 0.365997 3 102 97
-0.051819 -0.012687 0.365564 2 101 96
-0.051972 -0.012586 0.365130 0 86 82
-0.051172 -0.012291 0.364454 60 169 163
-0.051326 -0.012189 0.364019 48 161 155
-0.051480 -0.012087 0.363584 45 160 155
-0.051634 -0.011985 0.363149 33 149 146
-0.051788 -0.011883 0.362714 45 161 158
-0.050991 -0.011586 0.362030 52 171 167
-0.051146 -0.011483 0.361593 63 182 178
-0.051300 -0.011381 0.361156 63 184 179
-0.051455 -0.011279 0.360720 56 177 172
-0.050661 -0.010980 0.360028 61 182 177
-0.050816 -0.010877 0.359590 59 178 174
-0.050024 -0.010578 0.358893 60 177 171
-0.050179 -0.010474 0.358453 59 176 170
-0.050335 -0.010371 0.358014 53 170 164
-0.049545 -0.010070 0.357311 55 174 168
-0.049701 -0.009967 0.356869 53 170 164
-0.049857 -0.009863 0.356428 53 172 166
-0.049069 -0.009561 0.355719 53 172 166
-0.049225 -0.009457 0.355277 53 172 166
-0.049382 -0.009353 0.354834 52 171 165
-0.049539 -0.009249 0.354392 49 168 162
-0.048753 -0.008945 0.353675 54 171 165
-0.048911 -0.008841 0.353231 55 172 166
-0.049068 -0.008737 0.352787 64 179 174
-0.049225 -0.008632 0.352343 60 175 170
-0.049382 -0.008528 0.351899 69 179 176
-0.048600 -0.008222 0.351173 70 180 177
-0.048758 -0.008117 0.350727 62 172 169
-0.048915 -0.008013 0.350282 61 170 167
-0.049073 -0.007908 0.349836 66 172 168
-0.049231 -0.007803 0.349390 69 172 168
-0.048452 -0.007495 0.348656 32 131 128
-0.048610 -0.007390 0.348208 0 89 88
-0.048768 -0.007285 0.347761 0 72 73
-0.048927 -0.007180 0.347314 0 81 81
-0.048150 -0.006870 0.346572 1 85 85
-0.048309 -0.006764 0.346123 3 89 88
-0.048468 -0.006659 0.345674 8 100 97
-0.048627 -0.006554 0.345226 6 105 100
-0.048786 -0.006449 0.344777 9 113 106
-0.048945 -0.006343 0.344328 10 117 111
-0.048172 -0.006031 0.343575 16 121 116
-0.048331 -0.005925 0.343125 14 119 114
-0.048491 -0.005819 0.342675 27 127 125
-0.048650 -0.005714 0.342225 28 128 126
-0.047880 -0.005399 0.341464 33 136 135
-0.048040 -0.005293 0.341013 34 137 134
-0.048200 -0.005187 0.340561 34 139 134
-0.047432 -0.004871 0.339794 35 136 130
-0.047593 -0.004765 0.339341 41 134 124
-0.047753 -0.004658 0.338888 57 135 122
-0.047914 -0.004552 0.338435 91 143 130
-0.047148 -0.004234 0.337661 116 143 126
-0.054015 -0.017451 0.383197 77 88 72
-0.054164 -0.017352 0.382776 64 100 88
-0.054313 -0.017253 0.382355 57 119 108
-0.054462 -0.017155 0.381933 31 111 102
-0.054611 -0.017056 0.381512 32 118 109
-0.054760 -0.016957 0.381090 24 115 106
-0.054910 -0.016858 0.380669 23 118 110
-0.055059 -0.016759 0.380248 23 123 115
-0.055208 -0.016660 0.379826 33 136 132
-0.055357 -0.016561 0.379405 29 136 130
-0.055506 -0.016462 0.378984 19 128 123
-0.055655 -0.016363 0.378562 23 133 130
-0.055805 -0.016265 0.378141 39 150 144
-0.055954 -0.016166 0.377719 53 162 157
-0.056103 -0.016067 0.377298 54 163 158
-0.055286 -0.015782 0.376671 41 147 143
-0.054470 -0.015496 0.376042 42 149 143
-0.054621 -0.015397 0.375617 44 151 145
-0.053806 -0.015110 0.374983 41 146 141
-0.053957 -0.015010 0.374557 53 158 153
-0.053145 -0.014723 0.373918 30 131 123
-0.053296 -0.014622 0.373491 0 97 90
-0.052485 -0.014334 0.372847 3 95 90
-0.052637 -0.014233 0.372418 11 103 100
-0.051828 -0.013943 0.371770 14 106 103
-0.051980 -0.013842 0.371340 8 103 99
-0.052132 -0.013741 0.370909 5 101 97
-0.051325 -0.013450 0.370255 10 109 104
-0.051478 -0.013349 0.369823 17 116 111
-0.051631 -0.013247 0.369391 12 111 106
-0.050826 -0.012955 0.368731 11 107 105
-0.050980 -0.012853 0.368298 15 111 109
-0.051133 -0.012751 0.367864 21 117 115
-0.051286 -0.012649 0.367431 23 119 117
-0.051440 -0.012548 0.366997 16 115 112
-0.051593 -0.012446 0.366564 9 108 105
-0.051747 -0.012344 0.366130 1 97 93
-0.050946 -0.012049 0.365458 0 91 87
-0.051100 -0.011947 0.365023 0 89 85
-0.051254 -0.011844 0.364588 18 123 118
-0.051408 -0.011742 0.364153 70 179 174
-0.051562 -0.011640 0.363718 55 166 160
-0.051716 -0.011538 0.363283 58 173 168
-0.051870 -0.011436 0.362848 39 155 152
-0.052024 -0.011334 0.362413 30 149 145
-0.051228 -0.011035 0.361727 45 164 160
-0.051383 -0.010933 0.361291 62 183 178
-0.051537 -0.010830 0.360854 64 185 180
-0.050743 -0.010530 0.360162 51 172 167
-0.050899 -0.010428 0.359724 52 173 168
-0.051054 -0.010325 0.359286 52 173 166
-0.050262 -0.010023 0.358588 57 178 171
-0.050418 -0.009920 0.358149 65 186 179
-0.050573 -0.009817 0.357709 62 183 176
-0.049784 -0.009514 0.357005 57 178 171
-0.049940 -0.009410 0.356564 55 176 169
-0.050096 -0.009307 0.356123 52 171 165
-0.050252 -0.009203 0.355682 49 168 162
-0.049465 -0.008899 0.354970 39 158 152
-0.049622 -0.008795 0.354528 38 157 151
-0.049779 -0.008691 0.354085 55 172 166
-0.048994 -0.008385 0.353367 57 174 168
-0.049151 -0.008281 0.352923 63 178 173
-0.049309 -0.008176 0.352479 65 180 175
-0.049466 -0.008072 0.352035 71 184 180
-0.049623 -0.007968 0.351591 66 176 173
-0.048842 -0.007660 0.350864 61 171 168
-0.048999 -0.007555 0.350419 57 167 164
-0.049157 -0.007450 0.349973 59 168 165
-0.049315 -0.007346 0.349527 62 168 164
-0.048536 -0.007036 0.348793 67 170 167
-0.048694 -0.006931 0.348346 50 149 146
-0.048853 -0.006826 0.347899 6 98 95
-0.049011 -0.006721 0.347452 0 77 76
-0.049169 -0.006616 0.347004 0 74 72
-0.048394 -0.006304 0.346261 0 79 77
-0.048553 -0.006199 0.345812 1 87 84
-0.048711 -0.006093 0.345364 1 92 87
-0.048870 -0.005988 0.344915 6 103 96
-0.049029 -0.005883 0.344466 6 107 101
-0.048257 -0.005568 0.343714 9 110 104
-0.048416 -0.005463 0.343264 14 115 111
-0.048575 -0.005357 0.342814 22 118 117
-0.048735 -0.005251 0.342363 21 117 116
-0.047965 -0.004935 0.341603 26 126 126
-0.048125 -0.004829 0.341152 28 131 128
-0.048285 -0.004723 0.340700 30 133 130
-0.048445 -0.004617 0.340248 28 129 123
-0.047678 -0.004299 0.339481 31 124 114
-0.047838 -0.004193 0.339027 50 130 119
-0.047999 -0.004087 0.338574 90 144 131
-0.048159 -0.003980 0.338121 116 144 130
-0.054094 -0.017019 0.383327 66 80 65
-0.054243 -0.016920 0.382905 53 94 80
-0.054392 -0.016821 0.382484 44 110 98
-0.054541 -0.016722 0.382063 29 110 101
-0.054691 -0.016623 0.381641 31 118 109
-0.054840 -0.016524 0.381220 15 106 97
-0.054989 -0.016425 0.380799 29 124 116
-0.055138 -0.016326 0.380377 24 121 114
-0.055287 -0.016227 0.379956 35 136 132
-0.055436 -0.016129 0.379535 47 152 147
-0.055586 -0.016030 0.379113 44 150 146
-0.055735 -0.015931 0.378692 56 165 160
-0.055884 -0.015832 0.378270 64 173 168
-0.056033 -0.015733 0.377849 65 174 169
-0.056182 -0.015634 0.377428 60 169 164
-0.055366 -0.015348 0.376801 54 163 158
-0.054550 -0.015061 0.376172 48 157 151
-0.054700 -0.014961 0.375748 41 150 144
-0.053887 -0.014673 0.375114 43 149 145
-0.054037 -0.014573 0.374688 51 156 151
-0.053225 -0.014284 0.374050 30 131 123
-0.053376 -0.014184 0.373622 2 97 89
-0.052566 -0.013893 0.372979 5 96 89
-0.051756 -0.013602 0.372333 7 96 92
-0.051909 -0.013501 0.371903 6 95 91
-0.052061 -0.013400 0.371472 6 97 92
-0.051254 -0.013108 0.370820 7 102 96
-0.051407 -0.013006 0.370388 5 102 95
-0.050601 -0.012713 0.369732 4 103 98
-0.050754 -0.012611 0.369298 4 103 98
-0.050908 -0.012510 0.368865 6 102 98
-0.051061 -0.012408 0.368431 5 101 97
-0.050258 -0.012113 0.367767 6 101 97
-0.050412 -0.012010 0.367332 7 102 98
-0.050566 -0.011908 0.366897 11 105 104
-0.050720 -0.011806 0.366462 14 108 107
-0.050874 -0.011704 0.366027 2 97 93
-0.051028 -0.011602 0.365592 0 90 84
-0.051182 -0.011500 0.365157 0 96 92
-0.051336 -0.011398 0.364722 0 87 84
-0.051490 -0.011296 0.364287 58 161 158
-0.051644 -0.011194 0.363852 73 179 175
-0.051798 -0.011092 0.363417 80 190 187
-0.051952 -0.010989 0.362982 62 177 172
-0.052106 -0.010887 0.362547 22 138 135
-0.051310 -0.010587 0.361862 25 144 140
-0.051465 -0.010485 0.361425 33 152 148
-0.051619 -0.010382 0.360989 60 181 176
-0.051774 -0.010280 0.360552 63 184 179
-0.050981 -0.009978 0.359859 54 175 170
-0.051136 -0.009875 0.359421 53 174 169
-0.051291 -0.009772 0.358983 48 171 166
-0.050500 -0.009469 0.358284 51 174 169
-0.050656 -0.009366 0.357844 48 171 166
-0.050812 -0.009262 0.357405 51 174 169
-0.050967 -0.009159 0.356965 48 171 166
-0.050179 -0.008854 0.356259 40 161 156
-0.050335 -0.008751 0.355818 34 155 150
-0.050491 -0.008647 0.355376 28 147 143
-0.049705 -0.008340 0.354664 41 160 156
-0.049862 -0.008237 0.354221 53 169 166
-0.050019 -0.008133 0.353779 53 169 166
-0.050175 -0.008029 0.353336 56 171 168
-0.049392 -0.007720 0.352616 56 171 168
-0.049549 -0.007616 0.352172 64 177 175
-0.049707 -0.007512 0.351728 66 179 177
-0.049864 -0.007408 0.351284 65 178 176
-0.049083 -0.007098 0.350556 62 172 171
-0.049241 -0.006993 0.350110 62 170 170
-0.049399 -0.006888 0.349664 49 158 155
-0.049556 -0.006784 0.349219 48 159 153
-0.048779 -0.006472 0.348483 57 166 160
-0.048937 -0.006367 0.348036 69 174 167
-0.049095 -0.006262 0.347589 46 145 140
-0.049253 -0.006157 0.347142 0 86 81
-0.048478 -0.005843 0.346399 0 69 64
-0.048637 -0.005738 0.345950 0 71 67
-0.048796 -0.005633 0.345502 0 79 75
-0.048955 -0.005527 0.345053 0 85 80
-0.049113 -0.005422 0.344604 2 88 85
-0.048341 -0.005106 0.343852 8 98 96
-0.048501 -0.005001 0.343402 14 108 107
-0.048660 -0.004895 0.342952 7 101 101
-0.048819 -0.004789 0.342502 19 115 114
-0.048050 -0.004472 0.341742 20 115 117
-0.048210 -0.004366 0.341291 23 121 120
-0.048370 -0.004260 0.340839 24 124 122
-0.048530 -0.004154 0.340387 24 123 118
-0.048690 -0.004048 0.339935 28 121 113
-0.047924 -0.003728 0.339167 51 128 118
-0.048084 -0.003621 0.338714 86 142 131
-0.048245 -0.003515 0.338260 115 145 133
-0.054322 -0.016487 0.383035 58 102 89
-0.054472 -0.016388 0.382614 48 116 105
-0.054621 -0.016289 0.382192 34 115 106
-0.054770 -0.016190 0.381771 23 110 101
-0.054919 -0.016092 0.381350 23 114 105
-0.055068 -0.015993 0.380928 30 123 115
-0.055217 -0.015894 0.380507 39 134 128
-0.055366 -0.015795 0.380085 47 146 143
-0.055516 -0.015696 0.379664 46 149 145
-0.055665 -0.015597 0.379243 54 159 155
-0.055814 -0.015498 0.378821 52 158 154
-0.055963 -0.015399 0.378400 59 165 161
-0.056112 -0.015300 0.377979 62 171 166
-0.056261 -0.015202 0.377557 62 171 166
-0.056411 -0.015103 0.377136 56 165 160
-0.054630 -0.014625 0.376303 47 156 150
-0.054780 -0.014525 0.375878 43 154 147
-0.054931 -0.014426 0.375454 48 157 152
-0.054118 -0.014136 0.374819 48 155 149
-0.053306 -0.013845 0.374181 20 117 110
-0.052495 -0.013554 0.373540 0 87 79
-0.052647 -0.013453 0.373111 11 98 92
-0.051837 -0.013160 0.372466 18 103 98
-0.051029 -0.012867 0.371817 14 99 94
-0.051182 -0.012766 0.371385 10 96 93
-0.050375 -0.012471 0.370732 12 103 98
-0.050529 -0.012370 0.370299 9 104 98
-0.050682 -0.012268 0.369865 10 109 104
-0.050836 -0.012166 0.369432 2 101 96
-0.050032 -0.011870 0.368771 0 93 89
-0.050186 -0.011768 0.368336 0 94 90
-0.050340 -0.011666 0.367901 8 100 97
-0.050494 -0.011564 0.367466 11 103 100
-0.050648 -0.011462 0.367031 10 100 100
-0.050802 -0.011360 0.366596 5 95 93
-0.050956 -0.011258 0.366161 2 93 88
-0.051110 -0.011155 0.365726 0 87 82
-0.051264 -0.011053 0.365291 11 103 100
-0.051418 -0.010951 0.364856 0 91 87
-0.051572 -0.010849 0.364421 0 99 96
-0.051726 -0.010747 0.363986 68 171 168
-0.051880 -0.010645 0.363551 66 175 172
-0.052034 -0.010543 0.363116 74 189 184
-0.052188 -0.010441 0.362681 67 183 180
-0.052342 -0.010339 0.362246 49 168 164
-0.051547 -0.010037 0.361559 28 147 143
-0.051701 -0.009934 0.361123 28 147 143
-0.051856 -0.009832 0.360686 45 164 160
-0.052011 -0.009729 0.360250 44 165 160
-0.052165 -0.009627 0.359813 49 170 165
-0.051374 -0.009322 0.359118 53 176 171
-0.051529 -0.009220 0.358680 53 178 172
-0.050739 -0.008914 0.357980 51 176 170
-0.050894 -0.008811 0.357540 54 179 173
-0.051050 -0.008708 0.357100 49 174 168
-0.051205 -0.008605 0.356661 38 161 156
-0.050418 -0.008298 0.355953 36 157 152
-0.050574 -0.008194 0.355512 37 156 152
-0.050730 -0.008091 0.355071 56 175 171
-0.049945 -0.007782 0.354357 57 173 170
-0.050102 -0.007678 0.353915 50 166 163
-0.050259 -0.007574 0.353472 56 172 169
-0.050415 -0.007471 0.353030 55 170 167
-0.049633 -0.007160 0.352308 57 172 169
-0.049790 -0.007056 0.351864 59 174 171
-0.049947 -0.006952 0.351420 58 173 170
-0.050105 -0.006848 0.350976 59 174 171
-0.049325 -0.006535 0.350247 63 176 174
-0.049483 -0.006431 0.349802 65 178 176
-0.049640 -0.006326 0.349356 48 163 158
-0.049798 -0.006222 0.348910 30 145 138
-0.049021 -0.005908 0.348174 29 140 133
-0.049179 -0.005803 0.347727 42 149 141
-0.049338 -0.005698 0.347280 54 154 146
-0.049496 -0.005593 0.346832 57 148 141
-0.048721 -0.005277 0.346088 27 112 107
-0.048880 -0.005172 0.345640 0 78 74
-0.049039 -0.005067 0.345191 0 73 69
-0.049198 -0.004961 0.344742 0 82 80
-0.049357 -0.004856 0.344294 0 82 81
-0.048586 -0.004538 0.343541 4 93 91
-0.048745 -0.004433 0.343091 10 100 100
-0.048904 -0.004327 0.342640 20 110 111
-0.049064 -0.004221 0.342190 21 112 113
-0.048295 -0.003902 0.341429 21 115 115
-0.048455 -0.003796 0.340978 22 116 115
-0.048615 -0.003690 0.340526 24 116 113
-0.048775 -0.003584 0.340074 31 118 112
-0.048009 -0.003262 0.339306 52 125 118
-0.048169 -0.003156 0.338853 79 130 121
-0.048330 -0.003050 0.338400 114 141 132
-0.054402 -0.016055 0.383165 62 110 96
-0.054551 -0.015956 0.382743 52 120 109
-0.054700 -0.015857 0.382322 52 132 123
-0.054849 -0.015758 0.381901 48 134 125
-0.054998 -0.015659 0.381479 47 134 126
-0.055147 -0.015560 0.381058 47 136 130
-0.055297 -0.015461 0.380636 40 132 127
-0.055446 -0.015362 0.380215 40 134 133
-0.055595 -0.015263 0.379794 40 139 136
-0.055744 -0.015164 0.379372 45 145 143
-0.055893 -0.015066 0.378951 52 155 154
-0.056042 -0.014967 0.378530 53 159 157
-0.056192 -0.014868 0.378108 55 161 159
-0.056341 -0.014769 0.377687 61 170 165
-0.056490 -0.014670 0.377266 63 172 167
-0.055675 -0.014380 0.376639 57 168 162
-0.054860 -0.014090 0.376009 51 164 158
-0.055010 -0.013990 0.375584 55 165 162
-0.054198 -0.013698 0.374950 62 169 163
-0.053386 -0.013406 0.374313 34 126 121
-0.052575 -0.013113 0.373672 0 71 63
-0.051766 -0.012819 0.373029 0 77 71
-0.051918 -0.012718 0.372598 11 92 86
-0.051110 -0.012424 0.371950 21 102 96
-0.050304 -0.012128 0.371299 21 103 99
-0.050457 -0.012026 0.370865 8 97 91
-0.049652 -0.011730 0.370210 3 98 90
-0.049806 -0.011628 0.369775 2 102 94
-0.049960 -0.011526 0.369340 2 103 95
-0.050114 -0.011423 0.368905 4 104 96
-0.049311 -0.011125 0.368241 3 100 93
-0.049466 -0.011023 0.367805 1 93 90
-0.049620 -0.010920 0.367368 0 87 85
-0.049775 -0.010818 0.366932 0 87 85
-0.049929 -0.010715 0.366495 0 89 87
-0.050084 -0.010613 0.366059 0 83 80
-0.050238 -0.010510 0.365622 4 91 85
-0.050393 -0.010408 0.365186 9 95 92
-0.050547 -0.010306 0.364749 11 100 98
-0.050702 -0.010203 0.364313 0 86 85
-0.050857 -0.010101 0.363876 8 107 104
-0.051962 -0.010198 0.363685 61 167 163
-0.052116 -0.010096 0.363250 60 173 169
-0.052270 -0.009994 0.362815 67 186 182
-0.052424 -0.009892 0.362380 61 180 176
-0.052578 -0.009790 0.361945 62 181 177
-0.051784 -0.009486 0.361257 42 158 155
-0.051938 -0.009383 0.360821 22 138 137
-0.052093 -0.009281 0.360384 19 135 134
-0.052247 -0.009179 0.359947 24 144 142
-0.052402 -0.009076 0.359511 25 148 145
-0.051611 -0.008770 0.358814 43 168 162
-0.051766 -0.008667 0.358376 47 174 167
-0.051921 -0.008564 0.357938 47 172 166
-0.051133 -0.008257 0.357236 48 173 167
-0.051288 -0.008154 0.356796 44 167 162
-0.051444 -0.008050 0.356357 47 168 163
-0.050657 -0.007741 0.355648 55 174 170
-0.050813 -0.007638 0.355207 66 185 181
-0.050970 -0.007534 0.354766 66 182 179
-0.050185 -0.007224 0.354051 51 167 164
-0.050342 -0.007120 0.353608 51 167 164
-0.050499 -0.007016 0.353166 53 169 166
-0.050655 -0.006912 0.352723 56 172 169
-0.050812 -0.006808 0.352281 58 174 171
-0.050031 -0.006496 0.351557 56 175 171
-0.050188 -0.006392 0.351113 51 170 166
-0.050345 -0.006287 0.350669 55 174 170
-0.050503 -0.006183 0.350224 52 171 167
-0.049724 -0.005869 0.349493 48 165 159
-0.049882 -0.005764 0.349047 21 138 130
-0.050040 -0.005660 0.348602 8 123 116
-0.049263 -0.005344 0.347864 36 147 140
-0.049422 -0.005239 0.347417 42 149 141
-0.049580 -0.005134 0.346970 51 155 146
-0.049738 -0.005029 0.346523 59 156 149
-0.048965 -0.004711 0.345778 65 157 152
-0.049123 -0.004606 0.345329 54 143 139
-0.049282 -0.004501 0.344880 17 103 100
-0.049441 -0.004395 0.344432 0 79 79
-0.048670 -0.004076 0.343679 0 82 82
-0.048830 -0.003971 0.343229 17 98 99
-0.048989 -0.003865 0.342779 19 100 103
-0.049148 -0.003759 0.342329 23 107 109
-0.048380 -0.003438 0.341568 25 111 112
-0.048540 -0.003332 0.341117 26 112 111
-0.048700 -0.003226 0.340665 29 111 109
-0.048860 -0.003120 0.340213 36 115 110
-0.048094 -0.002797 0.339446 54 119 113
-0.048255 -0.002691 0.338992 74 119 114
-0.054481 -0.015622 0.383294 49 102 86
-0.054630 -0.015523 0.382873 34 104 93
-0.054779 -0.015424 0.382452 45 125 116
-0.054928 -0.015325 0.382030 65 148 140
-0.055078 -0.015226 0.381609 61 146 139
-0.055227 -0.015127 0.381187 56 142 139
-0.055376 -0.015029 0.380766 50 139 135
-0.055525 -0.014930 0.380345 59 151 150
-0.055674 -0.014831 0.379923 61 157 155
-0.055823 -0.014732 0.379502 53 151 152
-0.055973 -0.014633 0.379081 56 159 158
-0.056122 -0.014534 0.378659 58 162 161
-0.056271 -0.014435 0.378238 60 169 166
-0.056420 -0.014336 0.377816 66 175 170
-0.056569 -0.014237 0.377395 54 165 159
-0.055754 -0.013946 0.376769 48 161 155
-0.054940 -0.013654 0.376139 52 167 160
-0.055090 -0.013554 0.375715 46 161 156
-0.054278 -0.013261 0.375081 53 159 155
-0.053466 -0.012967 0.374444 46 137 130
-0.052656 -0.012673 0.373804 0 69 63
-0.051847 -0.012377 0.373161 0 68 64
-0.051039 -0.012081 0.372515 0 70 66
-0.050232 -0.011785 0.371866 12 88 84
-0.050385 -0.011683 0.371432 30 109 104
-0.049580 -0.011385 0.370779 20 105 100
-0.049734 -0.011283 0.370344 13 104 97
-0.048930 -0.010984 0.369685 0 96 89
-0.049084 -0.010882 0.369249 0 99 91
-0.049239 -0.010779 0.368812 2 102 94
-0.049393 -0.010677 0.368376 4 101 94
-0.049548 -0.010575 0.367939 3 95 92
-0.049703 -0.010472 0.367503 0 88 86
-0.049857 -0.010370 0.367066 0 86 84
-0.050012 -0.010267 0.366630 0 86 83
-0.050166 -0.010165 0.366193 2 87 84
-0.050321 -0.010062 0.365757 0 82 77
-0.050475 -0.009960 0.365320 3 88 85
-0.050630 -0.009857 0.364884 18 104 101
-0.050784 -0.009755 0.364447 7 97 95
-0.050939 -0.009652 0.364010 0 88 86
-0.051093 -0.009550 0.363574 28 134 130
-0.052198 -0.009650 0.363383 63 178 171
-0.052352 -0.009548 0.362948 52 171 165
-0.052505 -0.009445 0.362513 68 189 184
-0.052659 -0.009343 0.362078 67 186 182
-0.052813 -0.009241 0.361643 67 183 180
-0.052967 -0.009139 0.361208 52 168 167
-0.052175 -0.008833 0.360518 37 153 152
-0.052329 -0.008730 0.360082 24 143 141
-0.052484 -0.008628 0.359645 13 136 133
-0.052638 -0.008525 0.359209 14 139 133
-0.051849 -0.008217 0.358511 35 162 155
-0.052004 -0.008115 0.358073 45 170 164
-0.052159 -0.008012 0.357635 59 184 178
-0.051371 -0.007702 0.356931 61 184 179
-0.051526 -0.007599 0.356492 57 180 175
-0.051682 -0.007496 0.356052 59 180 175
-0.050896 -0.007185 0.355342 53 172 168
-0.051053 -0.007081 0.354901 51 170 166
-0.051209 -0.006978 0.354460 50 169 165
-0.051365 -0.006874 0.354019 48 167 163
-0.050582 -0.006562 0.353302 51 172 167
-0.050739 -0.006458 0.352859 52 173 168
-0.050895 -0.006354 0.352417 52 173 168
-0.051052 -0.006250 0.351974 57 180 175
-0.050272 -0.005936 0.351249 38 161 156
-0.050429 -0.005831 0.350805 24 145 140
-0.050586 -0.005727 0.350361 20 141 136
-0.049808 -0.005411 0.349630 16 135 129
-0.049966 -0.005307 0.349184 21 138 132
-0.050124 -0.005202 0.348739 13 128 123
-0.050281 -0.005097 0.348293 42 155 149
-0.049506 -0.004780 0.347555 52 165 159
-0.049664 -0.004675 0.347107 51 162 155
-0.049822 -0.004570 0.346660 40 149 143
-0.049981 -0.004465 0.346213 40 145 138
-0.049208 -0.004145 0.345467 48 149 143
-0.049367 -0.004040 0.345018 54 150 146
-0.049526 -0.003935 0.344570 43 133 131
-0.048755 -0.003614 0.343818 0 84 84
-0.048914 -0.003508 0.343367 9 87 89
-0.049074 -0.003403 0.342917 26 102 102
-0.049233 -0.003297 0.342467 29 105 105
-0.049392 -0.003191 0.342017 34 110 110
-0.048625 -0.002868 0.341256 38 112 113
-0.048785 -0.002762 0.340804 38 108 108
-0.048945 -0.002656 0.340352 44 110 109
-0.049105 -0.002550 0.339901 56 112 109
-0.049265 -0.002444 0.339449 72 111 108
-0.054709 -0.015090 0.383003 39 111 100
-0.054859 -0.014992 0.382581 35 115 106
-0.055008 -0.014893 0.382160 67 150 142
-0.055157 -0.014794 0.381738 58 143 136
-0.055306 -0.014695 0.381317 71 156 153
-0.055455 -0.014596 0.380896 59 145 142
-0.055604 -0.014497 0.380474 52 142 142
-0.055754 -0.014398 0.380053 47 141 140
-0.055903 -0.014299 0.379632 48 146 147
-0.056052 -0.014200 0.379210 55 158 157
-0.056201 -0.014101 0.378789 64 170 168
-0.056350 -0.014003 0.378367 61 170 167
-0.056499 -0.013904 0.377946 61 174 170
-0.056649 -0.013805 0.377525 53 168 163
-0.055834 -0.013512 0.376899 49 166 160
-0.055020 -0.013218 0.376270 42 159 153
-0.055170 -0.013119 0.375845 29 148 144
-0.053396 -0.012629 0.375003 33 142 137
-0.052585 -0.012333 0.374365 14 105 98
-0.051776 -0.012037 0.373724 0 72 66
-0.050967 -0.011739 0.373080 0 68 63
-0.050160 -0.011441 0.372433 0 68 64
-0.049354 -0.011143 0.371782 0 61 59
-0.049508 -0.011041 0.371347 6 81 77
-0.048703 -0.010741 0.370693 25 106 100
-0.048858 -0.010639 0.370256 25 112 104
-0.049012 -0.010536 0.369820 18 111 103
-0.049167 -0.010434 0.369383 3 98 90
-0.049321 -0.010331 0.368947 0 94 88
-0.048520 -0.010029 0.368283 2 97 91
-0.048675 -0.009927 0.367845 2 94 89
-0.048830 -0.009824 0.367407 3 94 89
-0.048985 -0.009721 0.366969 1 91 89
-0.049140 -0.009618 0.366531 5 94 90
-0.049295 -0.009515 0.366093 12 97 94
-0.050403 -0.009614 0.365891 6 88 84
-0.050557 -0.009512 0.365454 1 83 79
-0.050712 -0.009409 0.365018 6 91 88
-0.050866 -0.009307 0.364581 13 103 101
-0.051021 -0.009204 0.364145 2 98 96
-0.051175 -0.009102 0.363708 3 109 105
-0.052279 -0.009203 0.363517 36 151 144
-0.052433 -0.009101 0.363082 57 178 171
-0.052587 -0.008999 0.362647 50 174 166
-0.052741 -0.008897 0.362212 63 184 179
-0.052895 -0.008795 0.361777 63 182 178
-0.053049 -0.008693 0.361342 60 176 175
-0.053203 -0.008590 0.360907 58 174 173
-0.053357 -0.008488 0.360472 57 176 174
-0.052566 -0.008180 0.359779 45 165 163
-0.052721 -0.008077 0.359343 27 152 146
-0.052875 -0.007975 0.358906 13 140 133
-0.052086 -0.007665 0.358208 15 140 134
-0.052241 -0.007562 0.357770 27 152 146
-0.052396 -0.007459 0.357332 32 155 150
-0.052551 -0.007356 0.356894 46 169 164
-0.051765 -0.007045 0.356187 64 185 180
-0.051920 -0.006941 0.355748 56 177 172
-0.052076 -0.006838 0.355308 51 172 167
-0.051292 -0.006525 0.354596 53 174 169
-0.051448 -0.006422 0.354155 48 169 164
-0.051604 -0.006318 0.353714 51 174 169
-0.050822 -0.006003 0.352995 48 171 166
-0.050979 -0.005900 0.352553 55 180 174
-0.051135 -0.005796 0.352110 45 172 165
-0.051292 -0.005692 0.351668 29 154 148
-0.050513 -0.005375 0.350942 27 151 143
-0.050670 -0.005271 0.350498 22 143 136
-0.050827 -0.005167 0.350053 39 155 152
-0.050984 -0.005063 0.349609 48 163 160
-0.050207 -0.004745 0.348876 21 131 130
-0.050365 -0.004640 0.348430 20 130 129
-0.050523 -0.004535 0.347985 36 151 148
-0.049748 -0.004216 0.347245 42 159 153
-0.049907 -0.004111 0.346798 47 168 161
-0.050065 -0.004006 0.346351 52 173 164
-0.049292 -0.003685 0.345605 43 160 152
-0.049451 -0.003580 0.345156 30 141 134
-0.049610 -0.003474 0.344708 35 136 130
-0.049769 -0.003369 0.344259 36 125 121
-0.048999 -0.003046 0.343506 0 66 66
-0.049158 -0.002940 0.343056 6 78 77
-0.049318 -0.002835 0.342606 27 95 94
-0.049477 -0.002729 0.342155 33 97 97
-0.048710 -0.002405 0.341395 42 101 105
-0.048870 -0.002299 0.340943 39 94 97
-0.049030 -0.002193 0.340491 48 99 102
-0.049190 -0.002087 0.340040 60 104 105
-0.049350 -0.001981 0.339588 98 132 133
-0.054938 -0.014559 0.382711 29 110 101
-0.055087 -0.014460 0.382289 67 150 142
-0.055236 -0.014361 0.381868 70 155 148
-0.055385 -0.014262 0.381447 84 169 164
-0.055535 -0.014163 0.381025 60 146 143
-0.055684 -0.014064 0.380604 45 135 133
-0.055833 -0.013966 0.380183 46 140 139
-0.055982 -0.013867 0.379761 60 158 157
-0.056131 -0.013768 0.379340 65 168 165
-0.056280 -0.013669 0.378918 63 169 167
-0.056430 -0.013570 0.378497 57 167 164
-0.056579 -0.013471 0.378076 52 167 162
-0.056728 -0.013372 0.377654 49 166 160
-0.055913 -0.013078 0.377029 46 165 159
-0.055100 -0.012782 0.376400 36 155 149
-0.055250 -0.012683 0.375976 30 151 146
-0.054438 -0.012387 0.375343 34 145 139
-0.052666 -0.011893 0.374497 14 105 98
-0.050896 -0.011397 0.373645 0 75 69
-0.050088 -0.011098 0.372999 2 77 72
-0.049282 -0.010798 0.372351 2 73 69
-0.048476 -0.010498 0.371700 0 67 66
-0.048631 -0.010395 0.371263 1 71 69
-0.047827 -0.010094 0.370608 0 71 67
-0.047982 -0.009991 0.370170 0 78 72
-0.048137 -0.009888 0.369732 6 93 87
-0.048292 -0.009785 0.369294 15 106 99
-0.048447 -0.009682 0.368856 17 108 103
-0.048602 -0.009580 0.368417 10 101 96
-0.048757 -0.009477 0.367979 11 102 97
-0.048912 -0.009374 0.367541 5 96 91
-0.049067 -0.009271 0.367103 6 96 94
-0.049222 -0.009168 0.366665 9 98 94
-0.049377 -0.009066 0.366227 16 101 96
-0.049532 -0.008963 0.365789 11 93 89
-0.049688 -0.008860 0.365351 0 80 76
-0.050794 -0.008961 0.365152 1 86 81
-0.050948 -0.008859 0.364716 11 100 96
-0.051103 -0.008756 0.364279 6 102 98
-0.051258 -0.008654 0.363842 10 117 111
-0.052361 -0.008756 0.363651 1 116 109
-0.052515 -0.008654 0.363216 48 169 162
-0.052669 -0.008552 0.362781 46 170 162
-0.052823 -0.008450 0.362346 55 178 173
-0.052977 -0.008348 0.361911 54 175 170
-0.053131 -0.008246 0.361476 50 169 167
-0.053285 -0.008144 0.361041 42 161 159
-0.053439 -0.008042 0.360606 41 161 159
-0.053593 -0.007940 0.360171 51 174 171
-0.052803 -0.007629 0.359477 50 175 169
-0.052957 -0.007527 0.359041 43 170 163
-0.053112 -0.007424 0.358604 34 159 153
-0.053266 -0.007322 0.358168 23 148 142
-0.052479 -0.007009 0.357466 14 137 132
-0.052634 -0.006907 0.357028 22 145 140
-0.052789 -0.006804 0.356590 48 169 164
-0.052944 -0.006701 0.356152 59 180 175
-0.052159 -0.006387 0.355443 62 183 178
-0.052314 -0.006284 0.355004 56 179 174
-0.052470 -0.006181 0.354564 55 178 173
-0.052626 -0.006078 0.354125 50 175 169
-0.051843 -0.005762 0.353408 39 164 158
-0.051999 -0.005658 0.352967 37 164 157
-0.052155 -0.005555 0.352526 22 152 144
-0.051375 -0.005237 0.351804 30 157 150
-0.051532 -0.005134 0.351361 45 169 161
-0.050753 -0.004815 0.350634 46 167 160
-0.050911 -0.004711 0.350190 39 158 154
-0.051068 -0.004607 0.349746 45 161 158
-0.051225 -0.004503 0.349302 45 159 159
-0.050449 -0.004182 0.348567 29 143 143
-0.050607 -0.004078 0.348122 15 131 130
-0.050764 -0.003973 0.347676 25 144 142
-0.049991 -0.003652 0.346935 8 133 129
-0.050149 -0.003547 0.346488 8 135 128
-0.050307 -0.003442 0.346041 24 149 141
-0.050466 -0.003337 0.345594 35 155 145
-0.049694 -0.003014 0.344846 35 140 133
-0.049853 -0.002908 0.344397 31 123 118
-0.050012 -0.002803 0.343948 9 88 85
-0.049243 -0.002478 0.343194 7 75 74
-0.049403 -0.002373 0.342744 17 77 77
-0.049562 -0.002267 0.342294 19 73 75
-0.049721 -0.002161 0.341844 29 78 82
-0.048955 -0.001835 0.341082 43 88 93
-0.049115 -0.001729 0.340630 75 116 122
-0.069981 -0.017579 0.387371 89 104 83
-0.070122 -0.017486 0.386974 101 144 124
-0.070262 -0.017393 0.386577 68 131 114
-0.070403 -0.017300 0.386180 43 119 106
-0.069573 -0.017014 0.385599 35 118 108
-0.069714 -0.016921 0.385200 57 140 132
-0.055316 -0.013928 0.381998 63 148 141
-0.055465 -0.013830 0.381576 75 160 155
-0.055614 -0.013731 0.381155 67 156 152
-0.055763 -0.013632 0.380734 51 141 139
-0.055912 -0.013533 0.380312 45 139 138
-0.056061 -0.013434 0.379891 47 148 144
-0.056211 -0.013335 0.379469 41 146 141
-0.056360 -0.013236 0.379048 46 155 150
-0.056509 -0.013137 0.378627 47 160 154
-0.056658 -0.013038 0.378205 46 163 155
-0.056807 -0.012940 0.377784 46 166 157
-0.056956 -0.012841 0.377363 45 165 156
-0.055180 -0.012347 0.376531 37 157 148
-0.055330 -0.012247 0.376107 44 163 157
-0.054518 -0.011949 0.375474 51 162 155
-0.052747 -0.011452 0.374629 20 113 105
-0.050977 -0.010954 0.373777 0 80 73
-0.049209 -0.010454 0.372920 3 79 75
-0.048404 -0.010152 0.372271 14 86 83
-0.048558 -0.010050 0.371834 13 81 80
-0.047754 -0.009747 0.371180 10 78 77
-0.047909 -0.009644 0.370742 13 85 82
-0.048064 -0.009541 0.370304 8 84 80
-0.048219 -0.009438 0.369866 0 78 75
-0.047418 -0.009134 0.369205 0 77 73
-0.047574 -0.009031 0.368765 5 90 85
-0.047729 -0.008927 0.368326 13 100 94
-0.047885 -0.008824 0.367886 14 100 97
-0.048040 -0.008721 0.367447 11 100 96
-0.049150 -0.008822 0.367238 0 90 85
-0.049305 -0.008719 0.366800 1 90 86
-0.049460 -0.008616 0.366362 8 93 88
-0.049615 -0.008513 0.365924 15 95 92
-0.049770 -0.008410 0.365486 10 90 87
-0.049925 -0.008307 0.365048 0 85 80
-0.051031 -0.008410 0.364850 2 91 87
-0.051185 -0.008308 0.364413 0 93 89
-0.051340 -0.008205 0.363977 12 117 112
-0.052443 -0.008310 0.363785 11 122 115
-0.052597 -0.008208 0.363350 21 141 132
-0.052751 -0.008106 0.362915 37 161 153
-0.052905 -0.008003 0.362480 51 176 170
-0.053059 -0.007901 0.362045 47 172 166
-0.053213 -0.007799 0.361610 48 171 166
-0.053367 -0.007697 0.361175 54 177 172
-0.053521 -0.007595 0.360740 47 170 167
-0.053675 -0.007493 0.360305 46 171 167
-0.053829 -0.007391 0.359870 42 169 162
-0.053983 -0.007289 0.359435 51 178 171
-0.053194 -0.006976 0.358738 48 173 167
-0.053348 -0.006874 0.358302 41 166 160
-0.053503 -0.006771 0.357865 42 165 160
-0.053658 -0.006669 0.357429 45 168 163
-0.053812 -0.006566 0.356992 46 169 164
-0.053026 -0.006251 0.356287 43 166 161
-0.053181 -0.006149 0.355849 45 168 163
-0.053336 -0.006046 0.355411 55 178 173
-0.053491 -0.005943 0.354973 46 169 164
-0.053646 -0.005840 0.354535 45 170 164
-0.052864 -0.005523 0.353820 35 162 155
-0.053019 -0.005420 0.353381 26 156 148
-0.053175 -0.005317 0.352941 29 159 151
-0.052395 -0.004998 0.352221 39 166 159
-0.052551 -0.004895 0.351780 50 174 166
-0.052707 -0.004791 0.351339 48 169 162
-0.051929 -0.004471 0.350612 46 171 165
-0.052085 -0.004368 0.350170 47 172 166
-0.051309 -0.004047 0.349438 41 164 161
-0.051466 -0.003942 0.348994 47 167 166
-0.051623 -0.003838 0.348550 40 158 158
-0.050848 -0.003516 0.347813 19 137 137
-0.051006 -0.003411 0.347367 5 125 124
-0.050233 -0.003088 0.346626 7 130 127
-0.050391 -0.002983 0.346179 1 125 117
-0.050550 -0.002878 0.345732 14 131 123
-0.050708 -0.002773 0.345284 43 150 142
-0.049938 -0.002448 0.344535 46 138 133
-0.050097 -0.002342 0.344086 25 101 99
-0.050255 -0.002237 0.343638 16 80 80
-0.050414 -0.002132 0.343189 22 73 74
-0.049647 -0.001805 0.342432 38 82 85
-0.049806 -0.001699 0.341982 58 97 102
-0.070056 -0.017172 0.387493 72 89 70
-0.070197 -0.017079 0.387096 83 126 107
-0.070337 -0.016985 0.386699 48 111 94
-0.070478 -0.016892 0.386302 40 116 103
-0.070618 -0.016799 0.385905 39 121 109
-0.069789 -0.016511 0.385323 47 130 120
-0.069930 -0.016418 0.384924 51 137 128
-0.070072 -0.016324 0.384526 59 144 137
-0.070213 -0.016231 0.384127 72 159 153
-0.055992 -0.013100 0.380442 47 142 138
-0.056141 -0.013001 0.380020 51 150 145
-0.056290 -0.012903 0.379599 46 150 143
-0.056439 -0.012804 0.379178 43 152 146
-0.056588 -0.012705 0.378756 40 154 146
-0.056737 -0.012606 0.378335 41 157 148
-0.056886 -0.012507 0.377914 43 159 150
-0.057036 -0.012408 0.377492 47 163 154
-0.050752 -0.010713 0.374774 40 147 141
-0.050905 -0.010612 0.374342 0 91 83
-0.049137 -0.010109 0.373489 0 79 71
-0.048331 -0.009806 0.372842 4 83 78
-0.047527 -0.009503 0.372191 10 85 81
-0.046723 -0.009198 0.371538 20 92 89
-0.046878 -0.009095 0.371098 25 95 93
-0.047034 -0.008992 0.370659 26 101 97
-0.047190 -0.008889 0.370219 20 96 92
-0.047345 -0.008786 0.369780 24 103 100
-0.047501 -0.008683 0.369340 19 98 95
-0.047656 -0.008579 0.368901 6 85 82
-0.047812 -0.008476 0.368461 7 87 84
-0.047968 -0.008373 0.368022 12 92 91
-0.048123 -0.008270 0.367582 11 93 91
-0.048279 -0.008167 0.367142 9 95 92
-0.048434 -0.008064 0.366703 9 94 91
-0.049542 -0.008166 0.366497 9 89 86
-0.049697 -0.008063 0.366059 11 90 87
-0.049852 -0.007961 0.365621 9 88 85
-0.050008 -0.007858 0.365183 0 79 76
-0.051113 -0.007962 0.364984 5 90 87
-0.051267 -0.007860 0.364548 0 91 86
-0.051422 -0.007757 0.364111 8 104 102
-0.052525 -0.007863 0.363919 44 149 144
-0.052679 -0.007761 0.363484 30 141 135
-0.052833 -0.007659 0.363049 20 137 129
-0.052987 -0.007557 0.362614 19 143 135
-0.054087 -0.007664 0.362429 35 160 154
-0.054241 -0.007563 0.361995 45 170 164
-0.054394 -0.007461 0.361562 53 180 173
-0.054548 -0.007359 0.361128 49 174 170
-0.053757 -0.007046 0.360438 44 170 166
-0.053911 -0.006944 0.360003 46 173 166
-0.054065 -0.006842 0.359568 45 172 165
-0.054219 -0.006740 0.359133 42 169 162
-0.054373 -0.006638 0.358698 44 169 163
-0.054527 -0.006536 0.358263 48 173 167
-0.054681 -0.006434 0.357828 46 171 165
-0.053894 -0.006118 0.357127 46 169 164
-0.054049 -0.006016 0.356690 51 174 169
-0.054203 -0.005913 0.356254 51 174 169
-0.054358 -0.005811 0.355817 53 176 171
-0.054512 -0.005708 0.355380 50 175 169
-0.054667 -0.005606 0.354944 46 171 165
-0.053884 -0.005288 0.354232 38 165 158
-0.054039 -0.005185 0.353793 36 166 158
-0.054194 -0.005082 0.353355 34 161 154
-0.054349 -0.004979 0.352917 41 168 161
-0.053569 -0.004659 0.352197 40 163 158
-0.053725 -0.004556 0.351758 45 169 161
-0.053880 -0.004453 0.351318 39 166 159
-0.053102 -0.004131 0.350592 37 167 159
-0.053258 -0.004028 0.350151 44 170 166
-0.052482 -0.003705 0.349421 41 165 163
-0.052639 -0.003601 0.348978 37 155 155
-0.051864 -0.003278 0.348243 41 155 156
-0.052021 -0.003174 0.347799 35 149 150
-0.051248 -0.002849 0.347059 10 126 125
-0.051405 -0.002744 0.346613 3 122 116
-0.050634 -0.002419 0.345869 17 130 124
-0.050792 -0.002314 0.345422 22 126 119
-0.050950 -0.002209 0.344975 59 148 144
-0.050181 -0.001882 0.344224 30 100 100
-0.050340 -0.001776 0.343776 34 89 92
-0.069990 -0.016857 0.388013 87 85 62
-0.070131 -0.016764 0.387616 61 78 59
-0.070271 -0.016671 0.387219 48 91 72
-0.070412 -0.016578 0.386821 31 93 78
-0.070552 -0.016484 0.386424 36 108 96
-0.070693 -0.016391 0.386027 48 128 117
-0.069864 -0.016102 0.385446 46 128 116
-0.070005 -0.016008 0.385047 46 130 117
-0.070147 -0.015915 0.384648 45 128 118
-0.070288 -0.015821 0.384250 50 136 127
-0.069462 -0.015530 0.383660 40 127 119
-0.068637 -0.015239 0.383068 43 134 127
-0.068779 -0.015144 0.382667 56 151 145
-0.067956 -0.014852 0.382070 46 147 139
-0.046989 -0.009464 0.374078 56 157 151
-0.047144 -0.009361 0.373640 43 136 128
-0.046339 -0.009057 0.372992 0 84 76
-0.046494 -0.008953 0.372552 5 87 81
-0.046650 -0.008850 0.372113 4 85 79
-0.046806 -0.008747 0.371673 6 85 80
-0.046003 -0.008440 0.371017 24 103 98
-0.047117 -0.008541 0.370794 21 100 97
-0.047272 -0.008438 0.370355 20 100 97
-0.047428 -0.008334 0.369915 20 99 96
-0.047583 -0.008231 0.369475 22 98 96
-0.047739 -0.008128 0.369036 27 101 100
-0.047895 -0.008025 0.368596 27 99 98
-0.048050 -0.007922 0.368157 23 94 96
-0.048206 -0.007819 0.367717 17 91 92
-0.048361 -0.007715 0.367278 21 97 97
-0.048517 -0.007612 0.366838 18 94 94
-0.048673 -0.007509 0.366398 18 92 91
-0.049780 -0.007614 0.366193 19 91 90
-0.049935 -0.007511 0.365755 21 93 92
-0.050090 -0.007408 0.365317 14 88 87
-0.051195 -0.007514 0.365118 15 91 91
-0.051350 -0.007412 0.364682 6 86 85
-0.051504 -0.007309 0.364245 5 89 91
-0.052607 -0.007417 0.364052 60 150 150
-0.052761 -0.007314 0.363617 52 152 150
-0.052915 -0.007212 0.363182 40 149 144
-0.054016 -0.007321 0.362995 23 140 134
-0.054169 -0.007219 0.362562 19 143 135
-0.054323 -0.007118 0.362128 11 138 131
-0.054476 -0.007016 0.361695 13 143 135
-0.054629 -0.006914 0.361261 27 154 147
-0.054783 -0.006812 0.360828 31 161 153
-0.054936 -0.006711 0.360395 43 172 167
-0.055090 -0.006609 0.359961 44 173 168
-0.055243 -0.006507 0.359528 46 175 170
-0.055397 -0.006406 0.359094 47 173 169
-0.054609 -0.006089 0.358397 45 171 167
-0.054763 -0.005987 0.357962 44 170 166
-0.054917 -0.005885 0.357527 46 171 167
-0.055071 -0.005783 0.357092 47 172 168
-0.055225 -0.005681 0.356657 51 176 172
-0.055379 -0.005579 0.356222 44 169 165
-0.055533 -0.005477 0.355787 45 170 166
-0.055687 -0.005375 0.355352 48 173 169
-0.055841 -0.005273 0.354917 45 170 166
-0.055058 -0.004953 0.354205 46 172 168
-0.055213 -0.004850 0.353769 45 170 166
-0.055367 -0.004748 0.353332 48 173 167
-0.055522 -0.004645 0.352896 48 173 167
-0.054742 -0.004324 0.352176 42 169 162
-0.054897 -0.004221 0.351738 38 169 161
-0.055052 -0.004118 0.351300 42 173 165
-0.054274 -0.003795 0.350574 44 173 168
-0.054430 -0.003692 0.350135 40 163 160
-0.053654 -0.003368 0.349405 45 161 160
-0.053810 -0.003264 0.348964 55 165 166
-0.053035 -0.002939 0.348229 48 158 159
-0.052262 -0.002614 0.347491 41 151 150
-0.052419 -0.002509 0.347047 35 145 142
-0.051647 -0.002182 0.346305 40 145 141
-0.051805 -0.002078 0.345859 45 137 134
-0.051035 -0.001750 0.345112 56 134 134
-0.051193 -0.001645 0.344665 70 129 133
-0.069924 -0.016543 0.388532 93 77 52
-0.070065 -0.016449 0.388135 67 65 42
-0.070206 -0.016356 0.387738 48 65 46
-0.070346 -0.016263 0.387341 28 71 52
-0.070487 -0.016170 0.386944 18 79 64
-0.070627 -0.016077 0.386546 31 99 88
-0.069798 -0.015786 0.385967 43 116 107
-0.069939 -0.015693 0.385568 43 121 108
-0.070080 -0.015599 0.385170 38 118 105
-0.070222 -0.015506 0.384771 38 120 108
-0.069395 -0.015213 0.384184 36 119 109
-0.069537 -0.015120 0.383784 40 123 115
-0.068712 -0.014826 0.383192 37 124 116
-0.068854 -0.014732 0.382790 55 146 139
-0.068031 -0.014438 0.382194 40 137 128
-0.068174 -0.014343 0.381791 37 137 129
-0.067353 -0.014048 0.381190 29 133 124
-0.067496 -0.013953 0.380785 43 147 138
-0.067639 -0.013858 0.380380 45 149 140
-0.045149 -0.008609 0.373799 49 144 140
-0.045305 -0.008505 0.373358 57 146 140
-0.045462 -0.008402 0.372917 18 105 97
-0.045618 -0.008298 0.372476 15 100 93
-0.045774 -0.008195 0.372035 21 106 99
-0.045930 -0.008091 0.371594 26 111 104
-0.046086 -0.007988 0.371153 29 114 107
-0.046242 -0.007884 0.370712 17 104 98
-0.046398 -0.007781 0.370271 29 114 109
-0.046555 -0.007677 0.369830 22 104 100
-0.046711 -0.007574 0.369389 26 105 102
-0.046867 -0.007470 0.368948 0 72 71
-0.047023 -0.007366 0.368507 0 67 68
-0.048133 -0.007470 0.368292 0 56 61
-0.048289 -0.007367 0.367852 0 63 68
-0.048444 -0.007264 0.367413 7 70 75
-0.048600 -0.007161 0.366973 12 77 81
-0.048755 -0.007058 0.366534 10 75 77
-0.048911 -0.006955 0.366094 11 76 78
-0.050017 -0.007061 0.365890 14 79 81
-0.050172 -0.006958 0.365452 21 86 88
-0.051277 -0.007066 0.365253 20 85 89
-0.051432 -0.006963 0.364816 16 84 87
-0.051586 -0.006861 0.364380 8 79 83
-0.052689 -0.006970 0.364186 28 106 110
-0.052843 -0.006868 0.363751 49 137 139
-0.053944 -0.006978 0.363562 55 153 152
-0.054097 -0.006876 0.363129 43 153 150
-0.054251 -0.006774 0.362695 37 156 150
-0.054404 -0.006673 0.362262 36 161 155
-0.054558 -0.006571 0.361828 35 165 157
-0.054711 -0.006469 0.361395 34 164 156
-0.054864 -0.006367 0.360961 31 161 153
-0.055018 -0.006266 0.360528 26 155 150
-0.055171 -0.006164 0.360094 25 156 150
-0.055325 -0.006062 0.359661 31 160 155
-0.055478 -0.005960 0.359227 32 161 156
-0.055632 -0.005859 0.358794 32 161 156
-0.055785 -0.005757 0.358360 41 167 163
-0.055939 -0.005655 0.357927 44 170 166
-0.056092 -0.005553 0.357493 43 169 165
-0.056246 -0.005452 0.357060 45 170 166
-0.056399 -0.005350 0.356626 43 168 164
-0.056552 -0.005248 0.356193 39 164 160
-0.056706 -0.005147 0.355759 44 169 165
-0.056859 -0.005045 0.355326 41 166 162
-0.057013 -0.004943 0.354892 40 165 161
-0.056230 -0.004622 0.354181 48 173 169
-0.056384 -0.004520 0.353746 42 165 162
-0.056538 -0.004418 0.353311 41 164 159
-0.056692 -0.004315 0.352876 38 163 157
-0.055913 -0.003992 0.352157 36 166 158
-0.056067 -0.003890 0.351720 33 163 155
-0.056222 -0.003787 0.351284 39 166 159
-0.055444 -0.003463 0.350559 48 169 164
-0.055599 -0.003360 0.350121 51 166 163
-0.054824 -0.003034 0.349391 44 152 152
-0.054979 -0.002931 0.348951 37 143 143
-0.054205 -0.002605 0.348217 48 152 151
-0.053432 -0.002277 0.347480 62 165 162
-0.052660 -0.001949 0.346740 71 167 165
-0.052817 -0.001845 0.346295 76 160 160
-0.052046 -0.001516 0.345551 65 132 138
-0.070140 -0.016042 0.388257 48 47 26
-0.070280 -0.015949 0.387860 36 53 34
-0.070421 -0.015855 0.387463 15 56 38
-0.069591 -0.015564 0.386887 22 78 65
-0.069732 -0.015471 0.386488 45 106 98
-0.069873 -0.015377 0.386089 27 94 85
-0.070014 -0.015283 0.385691 24 98 85
-0.070156 -0.015190 0.385292 23 99 86
-0.070297 -0.015096 0.384894 30 108 95
-0.069471 -0.014803 0.384307 30 110 99
-0.069612 -0.014709 0.383907 31 111 102
-0.068788 -0.014414 0.383315 22 105 97
-0.068930 -0.014320 0.382914 41 128 120
-0.068107 -0.014024 0.382318 41 132 123
-0.068250 -0.013929 0.381915 35 128 120
-0.067429 -0.013632 0.381314 30 127 118
-0.067572 -0.013537 0.380910 42 139 130
-0.067715 -0.013442 0.380505 51 146 138
-0.067859 -0.013347 0.380100 55 147 142
-0.068002 -0.013252 0.379695 53 144 139
-0.044272 -0.007951 0.373729 54 140 139
-0.044428 -0.007848 0.373286 61 146 141
-0.044585 -0.007744 0.372844 59 146 140
-0.044742 -0.007640 0.372401 58 143 138
-0.044898 -0.007536 0.371958 58 145 139
-0.046013 -0.007638 0.371730 39 130 123
-0.046169 -0.007535 0.371289 36 129 121
-0.046325 -0.007431 0.370848 35 130 122
-0.046481 -0.007328 0.370406 39 132 124
-0.046638 -0.007224 0.369965 51 138 132
-0.046794 -0.007121 0.369524 80 160 157
-0.046950 -0.007017 0.369083 7 77 77
-0.047106 -0.006914 0.368642 0 56 59
-0.047262 -0.006810 0.368201 0 52 56
-0.048371 -0.006916 0.367988 0 50 56
-0.048527 -0.006813 0.367548 3 53 60
-0.048683 -0.006710 0.367108 2 55 61
-0.048838 -0.006607 0.366669 6 64 68
-0.049945 -0.006714 0.366463 6 65 69
-0.050100 -0.006611 0.366025 5 63 67
-0.050255 -0.006509 0.365587 2 60 64
-0.051359 -0.006618 0.365387 0 47 54
-0.051514 -0.006515 0.364950 0 50 57
-0.052617 -0.006625 0.364755 0 57 65
-0.052771 -0.006523 0.364320 1 65 74
-0.052925 -0.006421 0.363885 23 98 104
-0.054025 -0.006533 0.363696 48 136 138
-0.054179 -0.006431 0.363262 55 158 157
-0.054332 -0.006329 0.362829 28 143 138
-0.055431 -0.006442 0.362645 23 144 139
-0.055584 -0.006341 0.362213 41 168 161
-0.055737 -0.006240 0.361781 49 176 169
-0.055890 -0.006138 0.361349 40 170 162
-0.056042 -0.006037 0.360917 39 170 164
-0.056195 -0.005935 0.360486 28 162 155
-0.056348 -0.005834 0.360054 32 163 157
-0.056501 -0.005733 0.359622 35 166 160
-0.056654 -0.005631 0.359190 30 161 155
-0.056807 -0.005530 0.358758 23 152 147
-0.056960 -0.005428 0.358326 20 149 144
-0.057113 -0.005327 0.357894 28 157 152
-0.057266 -0.005226 0.357462 34 160 156
-0.057419 -0.005124 0.357030 33 159 155
-0.057572 -0.005023 0.356598 41 166 162
-0.057724 -0.004922 0.356166 33 158 154
-0.057877 -0.004820 0.355734 33 156 153
-0.058030 -0.004719 0.355302 40 163 160
-0.058183 -0.004617 0.354870 37 160 157
-0.058336 -0.004516 0.354438 41 161 159
-0.057555 -0.004193 0.353725 41 160 158
-0.057708 -0.004091 0.353292 37 156 154
-0.057862 -0.003989 0.352858 36 159 154
-0.058015 -0.003888 0.352425 34 157 152
-0.057236 -0.003563 0.351705 39 160 155
-0.057390 -0.003460 0.351270 41 160 154
-0.057544 -0.003358 0.350835 44 157 153
-0.056768 -0.003032 0.350108 37 146 141
-0.055992 -0.002705 0.349379 33 138 134
-0.056147 -0.002602 0.348941 38 138 136
-0.054444 -0.002048 0.347912 58 154 152
-0.053672 -0.001719 0.347173 73 161 162
-0.053828 -0.001615 0.346731 91 165 168
-0.053985 -0.001511 0.346288 116 176 184
-0.069243 -0.015436 0.388205 55 57 36
-0.069384 -0.015342 0.387807 41 60 41
-0.069525 -0.015248 0.387408 26 64 49
-0.069666 -0.015155 0.387009 44 94 83
-0.069807 -0.015061 0.386611 50 105 99
-0.069948 -0.014968 0.386212 35 96 89
-0.070089 -0.014874 0.385813 30 98 85
-0.070231 -0.014781 0.385415 29 100 86
-0.070372 -0.014687 0.385016 28 100 88
-0.069546 -0.014392 0.384430 33 105 93
-0.069688 -0.014298 0.384030 25 98 87
-0.068863 -0.014002 0.383439 16 92 82
-0.068040 -0.013704 0.382845 21 101 92
-0.068183 -0.013610 0.382442 20 101 94
-0.067362 -0.013312 0.381843 17 103 94
-0.067505 -0.013217 0.381439 24 111 102
-0.067648 -0.013122 0.381034 33 123 114
-0.067792 -0.013027 0.380629 43 130 122
-0.067935 -0.012932 0.380225 48 133 128
-0.068078 -0.012837 0.379820 53 138 133
-0.068221 -0.012742 0.379415 65 147 145
-0.044355 -0.007497 0.373865 58 140 138
-0.044512 -0.007393 0.373422 70 155 150
-0.044668 -0.007289 0.372980 72 159 151
-0.044825 -0.007185 0.372537 66 153 145
-0.044982 -0.007082 0.372095 68 158 149
-0.045138 -0.006978 0.371652 61 152 145
-0.045295 -0.006874 0.371209 56 149 141
-0.046408 -0.006978 0.370983 45 138 130
-0.046564 -0.006875 0.370542 59 150 143
-0.046721 -0.006771 0.370101 53 138 133
-0.046877 -0.006668 0.369660 67 143 141
-0.047033 -0.006564 0.369219 81 146 148
-0.048143 -0.006671 0.369002 77 135 139
-0.052545 -0.006281 0.365324 71 119 129
-0.052699 -0.006179 0.364889 43 93 104
-0.052853 -0.006077 0.364454 18 72 82
-0.053953 -0.006189 0.364262 0 59 68
-0.054107 -0.006088 0.363829 10 83 90
-0.054260 -0.005986 0.363395 48 136 138
-0.055359 -0.006100 0.363210 41 141 141
-0.055512 -0.005999 0.362778 21 131 128
-0.055665 -0.005897 0.362346 23 140 134
-0.055818 -0.005796 0.361914 34 153 147
-0.055971 -0.005695 0.361482 42 165 160
-0.056124 -0.005593 0.361050 42 169 162
-0.056277 -0.005492 0.360618 40 169 164
-0.056430 -0.005391 0.360186 39 168 163
-0.056583 -0.005289 0.359754 35 164 159
-0.057676 -0.005407 0.359584 40 169 164
-0.057828 -0.005306 0.359154 45 171 167
-0.057981 -0.005205 0.358723 32 158 154
-0.058133 -0.005104 0.358293 24 150 146
-0.058285 -0.005003 0.357862 29 154 150
-0.058438 -0.004902 0.357432 32 157 153
-0.058590 -0.004801 0.357002 30 153 150
-0.058743 -0.004700 0.356571 31 154 151
-0.058895 -0.004599 0.356141 33 153 151
-0.059047 -0.004498 0.355710 25 145 143
-0.059200 -0.004397 0.355280 26 146 144
-0.059352 -0.004296 0.354849 33 152 150
-0.059504 -0.004195 0.354419 39 155 154
-0.058723 -0.003870 0.353707 44 160 159
-0.058876 -0.003768 0.353275 43 162 158
-0.059029 -0.003667 0.352843 36 155 151
-0.059182 -0.003566 0.352411 39 155 152
-0.059335 -0.003464 0.351979 34 149 144
-0.058557 -0.003137 0.351258 37 147 144
-0.058710 -0.003036 0.350824 44 149 145
-0.057934 -0.002708 0.350098 51 151 149
-0.058088 -0.002605 0.349663 61 155 154
-0.057313 -0.002276 0.348933 64 152 153
-0.055611 -0.001719 0.347903 77 156 160
-0.055767 -0.001616 0.347463 128 195 201
-0.069318 -0.015026 0.388328 75 82 64
-0.069459 -0.014933 0.387929 36 59 43
-0.069600 -0.014839 0.387531 43 79 67
-0.069741 -0.014746 0.387132 38 84 74
-0.069882 -0.014652 0.386733 39 88 82
-0.070023 -0.014558 0.386335 32 85 79
-0.070164 -0.014465 0.385936 26 86 74
-0.070306 -0.014371 0.385537 25 87 74
-0.069480 -0.014075 0.384953 33 95 82
-0.069621 -0.013981 0.384553 31 95 81
-0.068797 -0.013683 0.383964 16 82 70
-0.068939 -0.013589 0.383562 15 83 72
-0.068116 -0.013291 0.382969 0 69 59
-0.068259 -0.013196 0.382566 0 61 50
-0.067438 -0.012896 0.381968 19 92 83
-0.067581 -0.012801 0.381563 25 102 92
-0.067724 -0.012706 0.381159 44 124 115
-0.067868 -0.012611 0.380754 34 113 107
-0.068011 -0.012516 0.380349 32 113 107
-0.068154 -0.012421 0.379944 42 123 117
-0.068297 -0.012326 0.379540 44 126 120
-0.067481 -0.012024 0.378930 43 128 121
-0.044595 -0.006939 0.373558 47 137 127
-0.044752 -0.006835 0.373116 58 150 139
-0.044908 -0.006731 0.372673 45 135 125
-0.045065 -0.006627 0.372231 62 152 142
-0.045222 -0.006523 0.371788 60 147 139
-0.046335 -0.006629 0.371560 56 143 135
-0.046491 -0.006526 0.371119 70 152 146
-0.047603 -0.006632 0.370895 71 150 145
-0.047759 -0.006529 0.370456 71 146 142
-0.047914 -0.006426 0.370016 86 154 153
-0.054035 -0.005744 0.364396 44 96 107
-0.055135 -0.005859 0.364207 2 60 71
-0.055288 -0.005758 0.363775 0 68 75
-0.055441 -0.005657 0.363343 45 124 129
-0.055593 -0.005555 0.362911 46 136 137
-0.055746 -0.005454 0.362479 30 130 128
-0.056843 -0.005571 0.362300 26 132 128
-0.056995 -0.005470 0.361869 29 142 136
-0.057147 -0.005369 0.361439 32 151 147
-0.057300 -0.005268 0.361008 34 155 150
-0.057452 -0.005167 0.360578 36 157 152
-0.057605 -0.005066 0.360147 38 159 154
-0.057757 -0.004965 0.359717 39 160 155
-0.057909 -0.004864 0.359286 39 162 157
-0.058062 -0.004763 0.358856 40 163 158
-0.059153 -0.004884 0.358691 39 162 157
-0.059305 -0.004783 0.358262 36 159 154
-0.059456 -0.004682 0.357833 37 160 155
-0.059608 -0.004582 0.357404 38 158 156
-0.059760 -0.004481 0.356976 36 156 154
-0.059912 -0.004380 0.356547 37 156 154
-0.060064 -0.004280 0.356118 36 155 153
-0.060216 -0.004179 0.355689 33 152 150
-0.060367 -0.004078 0.355260 30 146 145
-0.059585 -0.003753 0.354551 35 151 150
-0.059738 -0.003652 0.354121 37 153 152
-0.059890 -0.003551 0.353690 42 158 157
-0.060043 -0.003450 0.353260 35 150 147
-0.060195 -0.003348 0.352829 34 147 145
-0.060347 -0.003247 0.352399 40 148 148
-0.060500 -0.003146 0.351968 41 145 146
-0.059722 -0.002818 0.351248 52 150 151
-0.059875 -0.002717 0.350816 55 146 147
-0.059099 -0.002387 0.350090 57 142 145
-0.059252 -0.002285 0.349657 53 131 135
-0.058478 -0.001955 0.348927 56 125 132
-0.069534 -0.014523 0.388052 90 122 109
-0.069675 -0.014430 0.387653 63 104 96
-0.069816 -0.014336 0.387255 53 100 94
-0.069957 -0.014243 0.386856 34 83 79
-0.070098 -0.014149 0.386457 27 80 74
-0.070239 -0.014056 0.386059 22 78 69
-0.069413 -0.013758 0.385476 29 87 75
-0.069555 -0.013664 0.385076 34 92 80
-0.069697 -0.013570 0.384676 33 91 79
-0.068872 -0.013271 0.384088 29 89 77
-0.068049 -0.012971 0.383496 15 75 65
-0.068192 -0.012877 0.383093 0 55 44
-0.068335 -0.012782 0.382690 0 61 52
-0.067514 -0.012481 0.382092 24 87 78
-0.067657 -0.012386 0.381688 32 97 89
-0.067801 -0.012291 0.381283 31 101 91
-0.066982 -0.011988 0.380679 18 89 81
-0.067126 -0.011893 0.380273 43 116 107
-0.067269 -0.011797 0.379867 40 113 104
-0.067413 -0.011702 0.379461 37 112 105
-0.067557 -0.011607 0.379055 39 119 110
-0.067701 -0.011511 0.378648 45 131 120
-0.043876 -0.006171 0.373044 33 121 109
-0.044992 -0.006277 0.372809 42 128 119
-0.045148 -0.006173 0.372367 45 131 122
-0.045305 -0.006069 0.371924 36 117 110
-0.046418 -0.006176 0.371696 49 128 122
-0.047530 -0.006284 0.371470 58 133 129
-0.047686 -0.006181 0.371031 64 134 132
-0.048797 -0.006290 0.370809 82 148 147
-0.055369 -0.005315 0.363908 35 89 101
-0.056467 -0.005432 0.363723 10 73 82
-0.056619 -0.005331 0.363293 30 103 109
-0.056771 -0.005230 0.362862 43 127 129
-0.056924 -0.005129 0.362432 36 126 126
-0.057076 -0.005028 0.362001 36 135 132
-0.057228 -0.004927 0.361571 30 136 134
-0.057381 -0.004826 0.361141 29 139 136
-0.058474 -0.004947 0.360968 38 146 146
-0.058626 -0.004846 0.360539 40 150 147
-0.058778 -0.004745 0.360110 36 146 145
-0.058930 -0.004645 0.359681 36 149 145
-0.059082 -0.004544 0.359252 41 154 150
-0.059233 -0.004443 0.358823 40 155 150
-0.059385 -0.004343 0.358394 43 156 152
-0.059537 -0.004242 0.357965 45 158 154
-0.059689 -0.004141 0.357536 44 157 155
-0.059841 -0.004041 0.357107 44 154 153
-0.059993 -0.003940 0.356679 47 157 156
-0.060145 -0.003839 0.356250 51 161 160
-0.060296 -0.003739 0.355821 45 153 153
-0.060448 -0.003638 0.355392 33 141 141
-0.060600 -0.003537 0.354963 38 146 146
-0.060752 -0.003437 0.354534 36 144 144
-0.060904 -0.003336 0.354105 45 151 151
-0.061056 -0.003235 0.353676 49 153 154
-0.061207 -0.003134 0.353247 51 153 155
-0.061359 -0.003034 0.352818 51 149 150
-0.060581 -0.002704 0.352101 45 139 141
-0.060733 -0.002603 0.351670 54 142 146
-0.060886 -0.002502 0.351240 62 145 149
-0.061038 -0.002401 0.350809 61 136 141
-0.060262 -0.002070 0.350085 67 136 143
-0.059487 -0.001738 0.349357 91 151 159
-0.069609 -0.014114 0.388174 80 125 120
-0.069750 -0.014021 0.387776 66 118 114
-0.069891 -0.013927 0.387377 48 104 101
-0.070032 -0.013833 0.386979 29 85 84
-0.070173 -0.013740 0.386580 22 78 77
-0.069347 -0.013441 0.386000 22 81 77
-0.069489 -0.013347 0.385599 25 84 78
-0.069630 -0.013253 0.385199 27 84 77
-0.068806 -0.012953 0.384613 20 77 70
-0.067017 -0.012445 0.383836 25 80 74
-0.067160 -0.012350 0.383431 17 73 64
-0.067304 -0.012255 0.383026 4 60 51
-0.067447 -0.012160 0.382622 8 64 55
-0.066627 -0.011857 0.382023 24 80 71
-0.066771 -0.011762 0.381617 28 85 76
-0.066915 -0.011666 0.381211 28 85 76
-0.067058 -0.011571 0.380804 22 82 72
-0.067202 -0.011476 0.380398 38 100 89
-0.067346 -0.011380 0.379992 29 91 80
-0.067490 -0.011285 0.379586 34 97 88
-0.067634 -0.011190 0.379180 31 98 89
-0.067777 -0.011094 0.378773 46 121 114
-0.066963 -0.010788 0.378160 17 96 90
-0.044117 -0.005610 0.372737 28 105 99
-0.045232 -0.005718 0.372503 40 117 111
-0.045388 -0.005614 0.372060 48 120 116
-0.045545 -0.005511 0.371618 46 117 113
-0.047613 -0.005833 0.371605 39 107 106
-0.049679 -0.006157 0.371599 69 133 133
-0.056852 -0.004788 0.362995 46 113 119
-0.057948 -0.004909 0.362816 28 102 105
-0.058099 -0.004808 0.362387 23 104 107
-0.058251 -0.004708 0.361958 32 122 123
-0.058403 -0.004607 0.361529 34 130 129
-0.058555 -0.004506 0.361100 39 133 135
-0.058707 -0.004406 0.360671 42 138 137
-0.058859 -0.004305 0.360242 48 143 145
-0.059011 -0.004204 0.359813 48 146 145
-0.059162 -0.004104 0.359384 51 149 148
-0.059314 -0.004003 0.358955 57 157 155
-0.060404 -0.004127 0.358793 62 160 159
-0.060555 -0.004027 0.358365 62 160 159
-0.059770 -0.003701 0.357668 61 159 158
-0.060857 -0.003826 0.357511 58 154 153
-0.061009 -0.003726 0.357083 50 146 145
-0.060225 -0.003399 0.356382 45 141 140
-0.061311 -0.003526 0.356228 50 144 144
-0.061463 -0.003425 0.355801 56 150 150
-0.061614 -0.003325 0.355373 54 145 148
-0.060833 -0.002996 0.354666 56 145 149
-0.060984 -0.002895 0.354237 58 146 150
-0.061136 -0.002795 0.353808 50 138 142
-0.061288 -0.002694 0.353379 52 137 142
-0.061440 -0.002593 0.352950 59 140 144
-0.061592 -0.002493 0.352521 55 134 139
-0.061744 -0.002392 0.352092 57 132 138
-0.061895 -0.002291 0.351663 59 130 136
-0.062047 -0.002191 0.351234 69 133 142
-0.069684 -0.013705 0.388297 75 123 125
-0.069825 -0.013611 0.387898 66 122 123
-0.069966 -0.013518 0.387500 53 113 113
-0.070107 -0.013424 0.387101 38 98 98
-0.069281 -0.013124 0.386523 26 84 85
-0.069422 -0.013030 0.386123 18 77 75
-0.069564 -0.012936 0.385722 15 74 70
-0.064874 -0.011804 0.384401 15 71 68
-0.065019 -0.011709 0.383993 9 64 59
-0.065163 -0.011613 0.383586 18 71 65
-0.065307 -0.011517 0.383178 18 71 65
-0.065452 -0.011422 0.382770 18 69 62
-0.065596 -0.011326 0.382362 20 71 62
-0.065740 -0.011230 0.381955 30 80 71
-0.065885 -0.011135 0.381547 28 78 67
-0.066029 -0.011039 0.381139 24 76 64
-0.066173 -0.010943 0.380731 30 82 70
-0.066318 -0.010848 0.380324 26 78 66
-0.066462 -0.010752 0.379916 30 84 71
-0.066606 -0.010656 0.379508 37 91 78
-0.066751 -0.010560 0.379101 33 93 83
-0.066895 -0.010465 0.378693 67 134 127
-0.067039 -0.010369 0.378285 56 125 122
-0.045315 -0.005264 0.372639 78 144 142
-0.045472 -0.005160 0.372197 60 124 123
-0.058332 -0.004267 0.362090 52 125 131
-0.058484 -0.004166 0.361661 42 120 124
-0.059576 -0.004290 0.361489 42 120 124
-0.059728 -0.004190 0.361061 37 115 119
-0.059879 -0.004090 0.360634 21 100 104
-0.060030 -0.003990 0.360207 15 94 98
-0.060181 -0.003889 0.359779 17 96 100
-0.060333 -0.003789 0.359352 13 94 95
-0.060484 -0.003689 0.358924 20 101 102
-0.060635 -0.003588 0.358497 30 111 112
-0.060787 -0.003488 0.358069 38 118 119
-0.060938 -0.003388 0.357642 36 116 117
-0.061089 -0.003287 0.357215 37 115 117
-0.061241 -0.003187 0.356787 40 118 120
-0.061392 -0.003087 0.356360 41 119 121
-0.061543 -0.002986 0.355932 39 114 117
-0.061694 -0.002886 0.355505 43 116 122
-0.061846 -0.002786 0.355077 50 121 127
-0.061997 -0.002685 0.354650 62 133 139
-0.062148 -0.002585 0.354223 73 142 149
-0.062300 -0.002485 0.353795 87 154 162
-0.062451 -0.002384 0.353368 99 166 174
-0.069759 -0.013296 0.388420 49 92 99
-0.069900 -0.013202 0.388021 46 97 101
-0.069073 -0.012901 0.387446 43 99 100
-0.069214 -0.012807 0.387046 43 99 100
-0.069356 -0.012713 0.386646 33 92 90
-0.063696 -0.011369 0.385161 28 86 87
-0.062874 -0.011064 0.384570 28 87 85
-0.063019 -0.010968 0.384159 32 88 85
-0.063310 -0.010775 0.383337 37 90 84
-0.063456 -0.010678 0.382927 22 73 66
-0.063601 -0.010582 0.382516 13 63 54
-0.064710 -0.010696 0.382296 18 65 55
-0.064854 -0.010600 0.381887 24 70 59
-0.064999 -0.010504 0.381478 32 78 67
-0.065144 -0.010408 0.381069 29 75 64
-0.065289 -0.010312 0.380659 32 80 68
-0.065434 -0.010216 0.380250 27 75 63
-0.065579 -0.010120 0.379841 41 91 79
-0.065724 -0.010024 0.379432 47 97 85
-0.065869 -0.009928 0.379022 68 121 111
-0.066013 -0.009832 0.378613 81 140 136
-0.057030 -0.007292 0.374866 81 135 137
-0.061652 -0.003378 0.358896 50 109 115
-0.058644 -0.010094 0.385219 43 94 95
-0.058791 -0.009996 0.384802 38 92 92
-0.058939 -0.009899 0.384386 42 96 98
-0.059087 -0.009801 0.383969 34 88 88
-0.059234 -0.009703 0.383552 33 85 83
-0.060347 -0.009816 0.383320 29 79 76
-0.060494 -0.009719 0.382905 23 72 68
-0.060641 -0.009621 0.382489 19 66 60
-0.062715 -0.009948 0.382453 21 64 57
-0.062861 -0.009851 0.382041 17 60 51
-0.063969 -0.009967 0.381821 11 53 43
-0.064114 -0.009871 0.381410 22 64 54
-0.064260 -0.009775 0.380999 30 72 62
-0.064405 -0.009678 0.380588 33 75 65
-0.064551 -0.009582 0.380178 39 82 72
-0.063736 -0.009271 0.379567 53 96 87
-0.064841 -0.009389 0.379356 51 97 87
-0.064987 -0.009293 0.378945 78 125 119
-0.063216 -0.008765 0.378125 58 108 107
-0.058575 -0.009764 0.385764 59 98 105
-0.058722 -0.009666 0.385347 27 71 74
-0.058870 -0.009569 0.384931 15 61 61
-0.059017 -0.009471 0.384514 8 53 56
-0.059165 -0.009373 0.384097 3 48 51
-0.059313 -0.009275 0.383680 5 49 50
-0.060425 -0.009390 0.383448 9 51 50
-0.060572 -0.009292 0.383032 4 44 43
-0.060719 -0.009195 0.382617 11 50 47
-0.060866 -0.009097 0.382202 17 52 48
-0.061013 -0.009000 0.381786 5 40 34
-0.062122 -0.009117 0.381563 16 51 45
-0.062269 -0.009020 0.381149 11 46 40
-0.062415 -0.008923 0.380736 17 52 46
-0.062562 -0.008826 0.380322 16 52 48
-0.063668 -0.008944 0.380106 20 59 54
-0.063814 -0.008847 0.379694 29 68 65
-0.063960 -0.008751 0.379281 22 62 61
-0.063147 -0.008437 0.378667 36 78 77
-0.063294 -0.008340 0.378253 53 98 101
-0.058948 -0.009141 0.385059 15 56 60
-0.059096 -0.009043 0.384642 6 45 50
-0.059243 -0.008945 0.384225 6 45 50
-0.059391 -0.008847 0.383808 0 37 40
-0.059539 -0.008749 0.383392 1 36 38
-0.059686 -0.008651 0.382975 0 34 35
-0.060797 -0.008769 0.382745 2 34 33
-0.060944 -0.008671 0.382329 2 32 30
-0.061091 -0.008574 0.381914 6 36 34
-0.061238 -0.008476 0.381499 6 35 33
-0.062346 -0.008595 0.381277 6 36 34
-0.062493 -0.008498 0.380863 11 41 41
-0.062639 -0.008401 0.380449 13 44 46
-0.062786 -0.008304 0.380035 13 47 49
-0.062932 -0.008206 0.379621 27 65 68
-0.063079 -0.008109 0.379208 42 79 85
-0.060207 -0.007930 0.381852 26 54 55
-0.061316 -0.008050 0.381627 29 55 56
-0.095349 -0.033910 0.273793 156 104 65
-0.095565 -0.033964 0.274298 155 100 59
-0.094785 -0.034212 0.275051 158 100 63
-0.095001 -0.034266 0.275555 154 93 65
-0.094925 -0.033363 0.273429 144 91 60
-0.095141 -0.033418 0.273935 152 97 58
-0.095357 -0.033472 0.274440 157 100 57
-0.094578 -0.033722 0.275193 154 93 49
-0.094793 -0.033776 0.275697 154 86 51
-0.095009 -0.033830 0.276201 157 91 65
-0.095224 -0.033885 0.276705 148 97 80
-0.095440 -0.033939 0.277209 92 57 51
-0.095655 -0.033993 0.277713 79 62 68
-0.094501 -0.032817 0.273066 122 72 49
-0.094717 -0.032871 0.273571 140 83 53
-0.094933 -0.032926 0.274077 150 90 53
-0.094155 -0.033177 0.274831 154 92 51
-0.094370 -0.033231 0.275335 153 88 46
-0.094586 -0.033285 0.275839 162 92 56
-0.094801 -0.033340 0.276343 162 93 62
-0.095017 -0.033394 0.276847 161 104 77
-0.095232 -0.033449 0.277351 169 122 102
-0.095448 -0.033503 0.277854 187 155 144
-0.095663 -0.033557 0.278358 201 181 174
-0.095879 -0.033612 0.278862 185 170 163
-0.096094 -0.033666 0.279366 164 151 145
-0.096310 -0.033720 0.279870 173 160 154
-0.096525 -0.033775 0.280374 173 161 161
-0.094293 -0.032325 0.273208 99 45 17
-0.094509 -0.032379 0.273713 131 72 40
-0.094725 -0.032434 0.274219 145 83 46
-0.093947 -0.032686 0.274972 156 93 52
-0.094163 -0.032741 0.275476 160 95 55
-0.094378 -0.032795 0.275980 161 89 51
-0.094594 -0.032849 0.276484 170 100 64
-0.094809 -0.032904 0.276988 160 97 62
-0.095025 -0.032958 0.277492 158 103 72
-0.094242 -0.033209 0.278235 140 94 68
-0.094457 -0.033263 0.278738 148 111 85
-0.094672 -0.033318 0.279240 171 137 112
-0.094887 -0.033372 0.279743 154 122 99
-0.095102 -0.033426 0.280245 160 127 108
-0.095317 -0.033480 0.280748 185 155 144
-0.095532 -0.033534 0.281250 204 180 178
-0.095747 -0.033589 0.281753 196 181 186
-0.095962 -0.033643 0.282255 189 186 197
-0.093869 -0.031779 0.272844 122 73 41
-0.094085 -0.031833 0.273350 88 34 0
-0.094301 -0.031888 0.273855 125 66 32
-0.094517 -0.031942 0.274361 141 78 43
-0.094733 -0.031997 0.274866 151 87 49
-0.093955 -0.032250 0.275618 165 100 60
-0.094171 -0.032305 0.276122 179 110 71
-0.094386 -0.032359 0.276626 182 113 74
-0.094602 -0.032413 0.277130 177 112 72
-0.093821 -0.032666 0.277874 173 111 70
-0.094036 -0.032720 0.278377 161 106 67
-0.094250 -0.032774 0.278879 160 107 67
-0.094465 -0.032829 0.279382 171 119 80
-0.094680 -0.032883 0.279884 169 117 80
-0.094895 -0.032937 0.280387 169 118 87
-0.095110 -0.032991 0.280889 173 125 102
-0.095325 -0.033045 0.281392 196 157 142
-0.095540 -0.033100 0.281894 205 172 165
-0.095755 -0.033154 0.282396 192 171 170
-0.095970 -0.033208 0.282899 192 179 186
-0.096184 -0.033262 0.283401 164 158 172
-0.093444 -0.031232 0.272481 128 85 50
-0.093660 -0.031287 0.272986 132 84 46
-0.093877 -0.031341 0.273492 116 64 25
-0.093101 -0.031597 0.274248 92 33 0
-0.093317 -0.031651 0.274752 133 73 37
-0.093532 -0.031705 0.275256 145 83 46
-0.093748 -0.031760 0.275760 163 99 61
-0.093963 -0.031814 0.276263 173 106 64
-0.094179 -0.031868 0.276767 195 126 84
-0.094394 -0.031923 0.277271 190 121 79
-0.093614 -0.032177 0.278015 182 115 70
-0.093829 -0.032231 0.278518 178 114 66
-0.094044 -0.032285 0.279020 175 113 64
-0.094259 -0.032340 0.279523 179 115 67
-0.094473 -0.032394 0.280025 174 111 67
-0.094688 -0.032448 0.280528 173 109 73
-0.094903 -0.032502 0.281030 177 118 88
-0.095118 -0.032556 0.281533 184 132 108
-0.095333 -0.032611 0.282035 208 165 148
-0.094546 -0.032863 0.282764 208 171 163
-0.094760 -0.032917 0.283265 180 152 151
-0.095978 -0.032773 0.283543 175 154 161
-0.096192 -0.032827 0.284045 143 126 142
-0.093236 -0.030740 0.272623 128 89 50
-0.093452 -0.030795 0.273128 129 84 42
-0.093669 -0.030849 0.273634 145 96 55
-0.092894 -0.031106 0.274389 114 58 21
-0.093109 -0.031161 0.274893 108 50 13
-0.093325 -0.031215 0.275397 143 85 47
-0.093540 -0.031269 0.275901 170 111 71
-0.093756 -0.031324 0.276405 201 140 96
-0.092977 -0.031580 0.277152 188 124 80
-0.093192 -0.031634 0.277654 181 110 64
-0.093407 -0.031688 0.278157 180 108 60
-0.093622 -0.031742 0.278659 178 108 56
-0.093837 -0.031796 0.279162 177 110 55
-0.094052 -0.031851 0.279664 178 108 57
-0.094267 -0.031905 0.280166 175 107 60
-0.094481 -0.031959 0.280669 174 106 67
-0.094696 -0.032013 0.281171 183 119 84
-0.094911 -0.032067 0.281674 187 130 101
-0.095126 -0.032122 0.282176 191 141 118
-0.094340 -0.032376 0.282905 203 160 143
-0.094554 -0.032430 0.283406 197 160 151
-0.095771 -0.032284 0.283684 177 143 142
-0.094983 -0.032538 0.284408 150 119 124
-0.095197 -0.032592 0.284909 152 125 132
-0.095411 -0.032646 0.285410 147 135 147
-0.092812 -0.030194 0.272260 121 97 69
-0.092040 -0.030453 0.273019 128 90 51
-0.092255 -0.030507 0.273523 138 97 51
-0.092471 -0.030561 0.274027 146 99 53
-0.092686 -0.030616 0.274531 151 98 58
-0.092902 -0.030670 0.275035 149 94 55
-0.093117 -0.030724 0.275539 177 122 81
-0.093333 -0.030779 0.276043 197 143 99
-0.093548 -0.030833 0.276547 186 128 82
-0.092770 -0.031091 0.277293 172 108 60
-0.092985 -0.031145 0.277795 173 101 53
-0.093200 -0.031199 0.278298 172 99 48
-0.093415 -0.031253 0.278800 170 98 40
-0.093630 -0.031307 0.279303 172 102 43
-0.092848 -0.031564 0.280040 170 99 45
-0.093062 -0.031618 0.280541 176 106 57
-0.094275 -0.031470 0.280810 181 110 68
-0.093491 -0.031726 0.281543 181 116 78
-0.093705 -0.031780 0.282044 187 127 93
-0.093919 -0.031834 0.282545 184 131 100
-0.094134 -0.031888 0.283046 191 145 122
-0.094348 -0.031942 0.283547 227 185 169
-0.094562 -0.031996 0.284048 221 181 173
-0.094776 -0.032050 0.284549 158 118 116
-0.094991 -0.032104 0.285050 144 106 103
-0.095205 -0.032158 0.285551 124 98 101
-0.092604 -0.029702 0.272402 129 107 83
-0.091832 -0.029962 0.273161 132 97 59
-0.092048 -0.030017 0.273665 137 97 48
-0.092263 -0.030071 0.274169 147 104 53
-0.092479 -0.030125 0.274672 162 111 66
-0.092694 -0.030180 0.275176 184 131 87
-0.092910 -0.030234 0.275680 192 140 93
-0.092134 -0.030493 0.276429 181 127 80
-0.092349 -0.030547 0.276932 177 119 71
-0.092564 -0.030602 0.277434 170 107 56
-0.092778 -0.030656 0.277936 171 100 46
-0.092993 -0.030710 0.278439 168 93 36
-0.092213 -0.030968 0.279179 166 94 35
-0.092428 -0.031022 0.279680 167 97 37
-0.092642 -0.031076 0.280181 172 101 45
-0.092856 -0.031130 0.280682 173 103 52
-0.093070 -0.031184 0.281183 173 102 58
-0.093285 -0.031238 0.281684 181 113 74
-0.093499 -0.031292 0.282185 206 144 105
-0.093713 -0.031346 0.282686 201 147 113
-0.093927 -0.031400 0.283187 184 137 111
-0.094142 -0.031455 0.283688 237 194 175
-0.094356 -0.031509 0.284189 226 184 172
-0.094570 -0.031563 0.284690 160 117 108
-0.094784 -0.031617 0.285191 145 101 90
-0.094999 -0.031671 0.285692 140 102 99
-0.095213 -0.031725 0.286193 109 91 103
-0.092396 -0.029210 0.272544 127 105 82
-0.091625 -0.029472 0.273302 133 99 61
-0.091840 -0.029526 0.273806 139 99 50
-0.092056 -0.029580 0.274310 145 102 49
-0.092271 -0.029635 0.274814 151 101 50
-0.092487 -0.029689 0.275318 162 109 59
-0.091712 -0.029950 0.276068 166 113 63
-0.091927 -0.030004 0.276570 162 109 57
-0.092142 -0.030058 0.277073 162 105 52
-0.092357 -0.030113 0.277575 160 97 43
-0.091579 -0.030373 0.278318 164 93 37
-0.091793 -0.030427 0.278819 163 91 32
-0.092007 -0.030481 0.279320 165 94 32
-0.092221 -0.030535 0.279821 165 95 33
-0.092436 -0.030589 0.280321 167 98 41
-0.092650 -0.030643 0.280822 168 98 46
-0.092864 -0.030697 0.281323 170 99 53
-0.093078 -0.030751 0.281824 179 110 68
-0.093293 -0.030805 0.282325 192 127 85
-0.093507 -0.030859 0.282826 203 143 106
-0.093721 -0.030913 0.283327 185 135 102
-0.093935 -0.030967 0.283828 215 168 142
-0.094150 -0.031021 0.284329 212 167 148
-0.094364 -0.031075 0.284830 158 111 95
-0.094578 -0.031129 0.285331 147 96 77
-0.093790 -0.031387 0.286050 143 96 86
-0.094004 -0.031440 0.286550 127 96 101
-0.091417 -0.028981 0.273444 135 101 63
-0.091633 -0.029036 0.273948 140 100 49
-0.091848 -0.029090 0.274452 146 101 44
-0.091076 -0.029353 0.275204 149 98 43
-0.091290 -0.029407 0.275706 151 96 40
-0.091505 -0.029461 0.276209 152 97 41
-0.091720 -0.029515 0.276711 155 99 42
-0.091935 -0.029569 0.277214 157 96 39
-0.091158 -0.029831 0.277957 155 93 34
-0.091373 -0.029885 0.278458 155 89 31
-0.091587 -0.029939 0.278959 158 90 29
-0.091801 -0.029993 0.279460 161 93 30
-0.092015 -0.030047 0.279961 164 96 35
-0.092230 -0.030101 0.280462 165 99 41
-0.091448 -0.030362 0.281195 168 98 46
-0.091662 -0.030416 0.281695 169 97 47
-0.091876 -0.030469 0.282194 174 102 54
-0.092089 -0.030523 0.282694 179 108 62
-0.092303 -0.030577 0.283193 177 110 67
-0.092516 -0.030631 0.283693 172 112 75
-0.092730 -0.030685 0.284192 199 144 113
-0.092944 -0.030739 0.284692 200 148 124
-0.093157 -0.030793 0.285191 150 98 76
-0.093371 -0.030846 0.285691 147 89 65
-0.093584 -0.030900 0.286190 148 95 77
-0.093798 -0.030954 0.286690 133 92 90
-0.094012 -0.031008 0.287189 108 87 96
-0.090994 -0.028437 0.273081 136 115 96
-0.091210 -0.028491 0.273585 138 104 66
-0.091426 -0.028545 0.274089 138 101 48
-0.091641 -0.028600 0.274593 144 99 40
-0.090869 -0.028864 0.275345 149 99 40
-0.091084 -0.028918 0.275848 148 94 34
-0.091298 -0.028972 0.276350 149 93 34
-0.091513 -0.029026 0.276853 153 94 34
-0.090738 -0.029289 0.277597 153 91 32
-0.090952 -0.029343 0.278098 154 89 31
-0.091166 -0.029397 0.278599 157 92 34
-0.091381 -0.029451 0.279100 157 93 32
-0.091595 -0.029506 0.279601 160 94 33
-0.090815 -0.029768 0.280337 162 96 36
-0.091029 -0.029822 0.280836 165 99 41
-0.091243 -0.029876 0.281336 166 97 42
-0.091456 -0.029929 0.281835 159 87 37
-0.091670 -0.029983 0.282335 154 80 31
-0.091884 -0.030037 0.282834 161 85 36
-0.092097 -0.030091 0.283334 165 93 45
-0.092311 -0.030145 0.283833 161 94 51
-0.092524 -0.030199 0.284333 172 110 71
-0.092738 -0.030253 0.284832 186 127 95
-0.092952 -0.030306 0.285332 160 101 71
-0.093165 -0.030360 0.285831 155 91 63
-0.093379 -0.030414 0.286331 155 94 73
-0.094594 -0.030262 0.286615 135 87 75
-0.094809 -0.030316 0.287116 119 89 91
-0.090787 -0.027946 0.273223 138 120 100
-0.091003 -0.028000 0.273727 143 111 73
-0.091218 -0.028055 0.274231 143 106 53
-0.091434 -0.028109 0.274735 143 102 40
-0.090662 -0.028375 0.275486 147 97 36
-0.090877 -0.028429 0.275989 147 91 30
-0.091092 -0.028483 0.276491 146 87 27
-0.091306 -0.028537 0.276994 148 88 28
-0.090532 -0.028802 0.277738 150 85 27
-0.090746 -0.028856 0.278239 152 87 31
-0.090960 -0.028910 0.278740 145 84 29
-0.091174 -0.028964 0.279241 146 85 28
-0.090396 -0.029228 0.279977 151 86 28
-0.090610 -0.029282 0.280477 157 91 33
-0.090823 -0.029336 0.280976 164 95 40
-0.091037 -0.029389 0.281476 165 96 41
-0.091251 -0.029443 0.281976 159 87 37
-0.091464 -0.029497 0.282475 152 76 27
-0.091678 -0.029551 0.282975 151 73 24
-0.091892 -0.029605 0.283474 150 72 23
-0.092105 -0.029659 0.283974 153 79 30
-0.092319 -0.029713 0.284473 155 84 38
-0.092532 -0.029766 0.284973 153 88 46
-0.092746 -0.029820 0.285472 158 94 56
-0.092960 -0.029874 0.285972 164 95 62
-0.093173 -0.029928 0.286471 147 83 55
-0.094388 -0.029774 0.286756 140 88 67
-0.094602 -0.029828 0.287257 122 89 82
-0.094817 -0.029882 0.287758 85 77 88
-0.090795 -0.027510 0.273869 142 112 74
-0.091011 -0.027564 0.274373 143 107 55
-0.090240 -0.027831 0.275125 141 101 40
-0.090455 -0.027886 0.275628 143 93 32
-0.090670 -0.027940 0.276130 143 89 27
-0.090885 -0.027994 0.276633 144 85 25
-0.090111 -0.028260 0.277378 143 81 22
-0.090325 -0.028314 0.277879 146 81 25
-0.090540 -0.028368 0.278380 148 83 29
-0.090754 -0.028422 0.278881 145 84 29
-0.089977 -0.028688 0.279618 146 85 30
-0.090191 -0.028742 0.280118 151 85 27
-0.090404 -0.028796 0.280617 156 85 29
-0.090618 -0.028849 0.281117 156 85 31
-0.090831 -0.028903 0.281616 156 85 33
-0.091045 -0.028957 0.282116 153 81 33
-0.091259 -0.029011 0.282615 144 70 23
-0.091472 -0.029065 0.283115 147 69 21
-0.091686 -0.029119 0.283614 150 70 21
-0.091900 -0.029173 0.284114 152 72 21
-0.092113 -0.029226 0.284613 154 78 28
-0.092327 -0.029280 0.285113 151 81 32
-0.092540 -0.029334 0.285612 154 87 44
-0.092754 -0.029388 0.286112 154 86 49
-0.092968 -0.029442 0.286611 153 88 56
-0.094182 -0.029287 0.286897 142 86 59
-0.094396 -0.029341 0.287398 126 89 73
-0.094610 -0.029395 0.287899 94 81 88
-0.090803 -0.027074 0.274514 134 101 50
-0.090033 -0.027342 0.275266 136 97 38
-0.090248 -0.027397 0.275769 135 86 27
-0.090463 -0.027451 0.276271 137 85 25
-0.090678 -0.027505 0.276774 138 82 23
-0.089905 -0.027773 0.277518 137 76 21
-0.090119 -0.027827 0.278019 143 77 25
-0.090333 -0.027881 0.278520 142 76 24
-0.090548 -0.027935 0.279021 142 77 23
-0.089771 -0.028202 0.279759 145 78 23
-0.089985 -0.028256 0.280258 150 78 20
-0.090199 -0.028309 0.280758 154 79 22
-0.090412 -0.028363 0.281257 154 78 26
-0.090626 -0.028417 0.281757 153 79 30
-0.090839 -0.028471 0.282256 152 81 37
-0.091053 -0.028525 0.282756 145 72 29
-0.091267 -0.028579 0.283255 140 63 19
-0.091480 -0.028633 0.283755 142 61 14
-0.091694 -0.028686 0.284254 149 69 18
-0.091908 -0.028740 0.284754 150 75 20
-0.092121 -0.028794 0.285253 142 72 20
-0.092335 -0.028848 0.285753 147 80 35
-0.092548 -0.028902 0.286252 148 83 45
-0.093761 -0.028745 0.286536 144 81 48
-0.093976 -0.028799 0.287037 142 86 53
-0.094190 -0.028853 0.287538 130 89 69
-0.094404 -0.028907 0.288039 108 89 91
-0.090596 -0.026583 0.274656 134 101 50
-0.089826 -0.026853 0.275407 138 97 41
-0.090041 -0.026908 0.275910 131 85 26
-0.090256 -0.026962 0.276412 135 83 25
-0.090471 -0.027016 0.276915 135 80 23
-0.090686 -0.027070 0.277417 134 75 19
-0.089913 -0.027339 0.278160 141 78 25
-0.090127 -0.027393 0.278661 139 73 21
-0.090341 -0.027447 0.279162 141 76 22
-0.089566 -0.027716 0.279899 145 76 21
-0.089779 -0.027769 0.280399 147 74 19
-0.089993 -0.027823 0.280898 152 77 22
-0.090207 -0.027877 0.281398 152 76 26
-0.090420 -0.027931 0.281897 150 76 29
-0.090634 -0.027985 0.282397 149 78 34
-0.090847 -0.028039 0.282896 140 69 25
-0.091061 -0.028093 0.283396 138 64 19
-0.091275 -0.028146 0.283895 139 63 14
-0.091488 -0.028200 0.284395 142 65 11
-0.091702 -0.028254 0.284894 143 68 11
-0.091916 -0.028308 0.285394 143 72 18
-0.092129 -0.028362 0.285893 142 74 25
-0.092343 -0.028416 0.286393 139 74 34
-0.093555 -0.028258 0.286677 143 80 45
-0.093769 -0.028312 0.287178 143 83 47
-0.093984 -0.028366 0.287679 131 85 61
-0.095199 -0.028208 0.287969 112 88 86
-0.090388 -0.026093 0.274797 140 102 55
-0.090604 -0.026147 0.275301 138 95 42
-0.089834 -0.026418 0.276051 136 89 33
-0.090049 -0.026473 0.276554 135 85 26
-0.090264 -0.026527 0.277056 133 81 23
-0.090479 -0.026581 0.277559 135 79 22
-0.089707 -0.026851 0.278301 137 77 23
-0.089921 -0.026906 0.278802 137 74 21
-0.090135 -0.026960 0.279303 141 74 22
-0.090349 -0.027014 0.279804 144 74 22
-0.089574 -0.027283 0.280539 145 75 23
-0.089787 -0.027337 0.281038 147 76 24
-0.090001 -0.027391 0.281538 149 77 27
-0.090215 -0.027445 0.282037 150 78 30
-0.090428 -0.027499 0.282537 146 75 29
-0.090642 -0.027553 0.283036 140 72 23
-0.090855 -0.027606 0.283536 135 68 16
-0.091069 -0.027660 0.284035 133 64 9
-0.091283 -0.027714 0.284535 140 70 11
-0.091496 -0.027768 0.285035 140 68 10
-0.091710 -0.027822 0.285534 143 70 17
-0.091924 -0.027876 0.286034 142 70 20
-0.092137 -0.027930 0.286533 143 74 32
-0.093349 -0.027770 0.286818 144 79 39
-0.093563 -0.027824 0.287319 147 83 45
-0.094777 -0.027665 0.287608 134 83 54
-0.094992 -0.027719 0.288111 119 90 84
-0.089965 -0.025548 0.274435 135 105 67
-0.090181 -0.025602 0.274939 138 100 55
-0.090396 -0.025657 0.275443 136 93 42
-0.089628 -0.025929 0.276192 134 87 33
-0.089843 -0.025984 0.276695 133 82 25
-0.090057 -0.026038 0.277197 132 80 22
-0.090272 -0.026092 0.277700 134 79 22
-0.089500 -0.026364 0.278442 138 78 24
-0.089715 -0.026418 0.278943 139 76 23
-0.089929 -0.026472 0.279444 143 76 24
-0.090143 -0.026526 0.279945 144 77 25
-0.089368 -0.026797 0.280679 144 77 25
-0.089582 -0.026851 0.281179 143 76 24
-0.089795 -0.026905 0.281678 147 77 26
-0.090009 -0.026959 0.282178 149 79 28
-0.090223 -0.027013 0.282677 148 78 27
-0.090436 -0.027066 0.283177 143 76 24
-0.090650 -0.027120 0.283676 133 68 14
-0.090863 -0.027174 0.284176 131 64 9
-0.091077 -0.027228 0.284675 135 66 11
-0.091291 -0.027282 0.285175 139 68 14
-0.091504 -0.027336 0.285674 143 70 19
-0.091718 -0.027390 0.286174 142 70 22
-0.091932 -0.027444 0.286673 144 73 29
-0.093143 -0.027282 0.286959 145 76 34
-0.093357 -0.027336 0.287460 144 77 35
-0.094570 -0.027176 0.287749 142 87 56
-0.094785 -0.027230 0.288252 125 91 79
-0.089758 -0.025058 0.274577 130 105 65
-0.089973 -0.025112 0.275081 135 98 53
-0.090189 -0.025166 0.275585 135 92 41
-0.090404 -0.025221 0.276089 133 86 32
-0.090620 -0.025275 0.276593 134 83 26
-0.089851 -0.025549 0.277339 135 80 24
-0.090065 -0.025603 0.277841 136 79 24
-0.090280 -0.025657 0.278343 140 78 27
-0.089508 -0.025930 0.279084 142 76 26
-0.089723 -0.025984 0.279585 142 76 24
-0.089937 -0.026038 0.280085 144 77 24
-0.089163 -0.026311 0.280820 144 77 24
-0.089376 -0.026365 0.281319 143 76 23
-0.089590 -0.026419 0.281819 144 77 24
-0.089803 -0.026473 0.282318 145 78 25
-0.090017 -0.026526 0.282818 145 78 25
-0.090231 -0.026580 0.283317 143 76 23
-0.090444 -0.026634 0.283817 141 71 20
-0.090658 -0.026688 0.284316 136 66 17
-0.090871 -0.026742 0.284816 134 64 15
-0.091085 -0.026796 0.285315 139 68 22
-0.091299 -0.026850 0.285815 142 71 25
-0.091512 -0.026904 0.286314 141 70 26
-0.092722 -0.026741 0.286598 144 71 28
-0.092936 -0.026795 0.287099 146 73 30
-0.094148 -0.026633 0.287388 153 82 38
-0.095361 -0.026471 0.287680 140 82 45
-0.089550 -0.024567 0.274718 131 107 69
-0.089766 -0.024621 0.275222 132 98 53
-0.089981 -0.024676 0.275726 133 91 41
-0.090197 -0.024730 0.276230 133 88 33
-0.090412 -0.024785 0.276734 136 85 28
-0.089644 -0.025060 0.277480 136 81 25
-0.089859 -0.025114 0.277982 138 78 24
-0.090073 -0.025168 0.278485 140 77 26
-0.089302 -0.025443 0.279224 140 74 24
-0.089516 -0.025497 0.279725 139 76 23
-0.089731 -0.025551 0.280226 142 76 24
-0.089945 -0.025605 0.280727 144 77 24
-0.089171 -0.025879 0.281459 144 77 24
-0.089384 -0.025933 0.281959 143 78 24
-0.089598 -0.025986 0.282459 143 78 22
-0.089811 -0.026040 0.282958 142 77 21
-0.090025 -0.026094 0.283458 141 76 22
-0.090239 -0.026148 0.283957 141 71 20
-0.090452 -0.026202 0.284457 138 66 18
-0.090666 -0.026256 0.284956 133 62 16
-0.090879 -0.026310 0.285456 137 66 22
-0.091093 -0.026364 0.285955 139 72 27
-0.091307 -0.026417 0.286455 137 69 24
-0.093512 -0.026035 0.286524 145 72 29
-0.093727 -0.026089 0.287027 148 75 32
-0.094938 -0.025926 0.287317 147 78 36
-0.089343 -0.024077 0.274860 130 108 69
-0.089558 -0.024131 0.275364 130 97 52
-0.089774 -0.024185 0.275868 132 92 41
-0.089990 -0.024240 0.276372 131 88 33
-0.090205 -0.024294 0.276876 134 85 27
-0.090421 -0.024348 0.277380 133 81 23
-0.089652 -0.024625 0.278123 135 79 22
-0.089867 -0.024679 0.278626 138 77 23
-0.090082 -0.024733 0.279128 137 74 23
-0.089310 -0.025009 0.279866 138 76 25
-0.089524 -0.025063 0.280367 139 77 26
-0.089739 -0.025117 0.280868 142 76 24
-0.088965 -0.025393 0.281600 143 78 24
-0.089179 -0.025446 0.282099 142 77 23
-0.089392 -0.025500 0.282599 140 77 23
-0.089606 -0.025554 0.283098 140 77 23
-0.089819 -0.025608 0.283598 142 77 23
-0.090033 -0.025662 0.284097 141 71 19
-0.090247 -0.025716 0.284597 139 68 16
-0.090460 -0.025770 0.285096 138 67 15
-0.089899 -0.023307 0.274248 125 113 87
-0.090115 -0.023362 0.274753 129 107 68
-0.089351 -0.023641 0.275505 130 99 53
-0.089567 -0.023695 0.276009 131 94 41
-0.089782 -0.023749 0.276513 131 89 31
-0.089998 -0.023804 0.277017 132 86 26
-0.090213 -0.023858 0.277521 131 81 20
-0.089445 -0.024136 0.278265 134 79 22
-0.089660 -0.024190 0.278767 138 78 24
-0.089875 -0.024244 0.279270 138 78 24
-0.089104 -0.024522 0.280007 137 77 25
-0.089318 -0.024576 0.280508 137 77 25
-0.089533 -0.024630 0.281009 139 76 23
-0.088759 -0.024906 0.281740 139 76 22
-0.088973 -0.024960 0.282240 139 76 22
-0.089187 -0.025014 0.282739 140 77 23
-0.089400 -0.025068 0.283239 141 78 25
-0.089614 -0.025122 0.283738 141 78 25
-0.089827 -0.025176 0.284238 143 76 23
-0.090041 -0.025230 0.284737 143 72 18
-0.089691 -0.022815 0.274390 126 114 88
-0.089907 -0.022870 0.274895 129 107 68
-0.090123 -0.022924 0.275401 129 98 51
-0.089359 -0.023204 0.276151 130 93 40
-0.089575 -0.023259 0.276655 131 91 32
-0.089790 -0.023313 0.277159 132 88 27
-0.090006 -0.023367 0.277663 130 84 22
-0.089238 -0.023647 0.278406 133 83 24
-0.089453 -0.023701 0.278908 134 82 25
-0.089668 -0.023755 0.279411 136 81 25
-0.088898 -0.024034 0.280148 136 80 23
-0.089112 -0.024088 0.280649 137 78 22
-0.089326 -0.024142 0.281150 138 77 20
-0.088554 -0.024420 0.281881 139 77 20
-0.088767 -0.024474 0.282380 139 76 22
-0.088981 -0.024528 0.282880 139 76 23
-0.089195 -0.024582 0.283379 140 77 26
-0.089408 -0.024636 0.283879 140 77 26
-0.089622 -0.024690 0.284378 142 76 24
-0.089483 -0.022323 0.274532 126 114 88
-0.089699 -0.022378 0.275037 132 110 71
-0.089915 -0.022432 0.275543 128 96 49
-0.089152 -0.022714 0.276293 129 92 39
-0.089367 -0.022768 0.276797 131 91 32
-0.089583 -0.022823 0.277301 132 91 29
-0.089798 -0.022877 0.277805 132 86 26
-0.089031 -0.023158 0.278547 132 83 25
-0.089246 -0.023212 0.279049 133 82 27
-0.089461 -0.023266 0.279552 132 79 25
-0.088692 -0.023547 0.280288 136 81 24
-0.088906 -0.023601 0.280789 137 81 22
-0.089120 -0.023655 0.281290 139 80 22
-0.088348 -0.023934 0.282021 141 80 25
-0.088562 -0.023988 0.282520 142 79 26
-0.089275 -0.021831 0.274674 125 113 89
-0.089491 -0.021886 0.275179 130 108 71
-0.089707 -0.021940 0.275685 132 99 54
-0.089923 -0.021995 0.276190 132 92 40
-0.089160 -0.022278 0.276938 132 91 35
-0.089375 -0.022332 0.277442 131 89 29
-0.089591 -0.022387 0.277946 131 85 26
-0.088824 -0.022669 0.278688 134 85 29
-0.089039 -0.022723 0.279191 134 82 32
-0.089254 -0.022777 0.279693 136 83 33
-0.088485 -0.023059 0.280429 138 83 27
-0.088700 -0.023113 0.280930 138 82 25
-0.088914 -0.023167 0.281431 137 81 24
-0.088142 -0.023448 0.282161 139 79 25
-0.088356 -0.023502 0.282661 141 79 30
-0.090044 -0.021109 0.274568 128 120 99
-0.089283 -0.021394 0.275321 130 110 77
-0.089499 -0.021449 0.275827 131 99 58
-0.089715 -0.021503 0.276332 131 93 44
-0.088952 -0.021787 0.277080 134 93 39
-0.089168 -0.021842 0.277584 133 91 33
-0.089383 -0.021896 0.278088 133 88 31
-0.088618 -0.022180 0.278829 136 86 33
-0.088832 -0.022234 0.279332 135 83 33
-0.089047 -0.022288 0.279834 136 83 33
-0.088279 -0.022571 0.280570 135 80 26
-0.088493 -0.022625 0.281071 142 85 30
-0.088708 -0.022679 0.281572 138 81 28
-0.088922 -0.022733 0.282073 140 82 32
-0.090052 -0.020670 0.275217 123 106 80
-0.089291 -0.020957 0.275969 130 102 65
-0.089507 -0.021011 0.276474 130 96 51
-0.088745 -0.021297 0.277221 133 93 42
-0.088960 -0.021351 0.277725 131 88 33
-0.089176 -0.021406 0.278229 131 86 29
-0.088411 -0.021691 0.278971 136 87 31
-0.088626 -0.021745 0.279473 137 86 33
-0.088841 -0.021799 0.279975 139 86 34
-0.088073 -0.022084 0.280711 138 83 29
-0.088287 -0.022138 0.281212 140 83 30
-0.088501 -0.022192 0.281713 134 78 27
-0.095212 -0.017696 0.267688 152 158 148
-0.095434 -0.017751 0.268206 108 114 112
-0.090602 -0.019889 0.274606 121 118 111
-0.089843 -0.020177 0.275360 129 116 99
-0.090060 -0.020232 0.275867 128 104 76
-0.089299 -0.020519 0.276616 127 97 61
-0.088537 -0.020806 0.277363 130 93 49
-0.088753 -0.020861 0.277867 129 89 38
-0.087989 -0.021148 0.278609 129 86 33
-0.088204 -0.021202 0.279112 133 86 32
-0.088419 -0.021256 0.279614 135 84 31
-0.088634 -0.021310 0.280117 135 82 30
-0.087867 -0.021596 0.280851 139 84 30
-0.088081 -0.021650 0.281352 134 79 25
-0.088295 -0.021704 0.281853 138 82 33
-0.094777 -0.017135 0.267315 159 157 134
-0.094030 -0.017427 0.268095 168 163 141
-0.094252 -0.017483 0.268612 172 169 152
-0.094473 -0.017539 0.269130 119 120 114
-0.094694 -0.017594 0.269647 80 87 93
-0.090393 -0.019394 0.274749 104 108 109
-0.089635 -0.019684 0.275502 129 122 112
-0.088875 -0.019973 0.276253 126 111 92
-0.089091 -0.020027 0.276758 126 102 74
-0.088330 -0.020316 0.277505 129 99 63
-0.088545 -0.020370 0.278009 131 97 52
-0.087782 -0.020659 0.278750 133 93 44
-0.087997 -0.020713 0.279253 133 90 39
-0.088212 -0.020767 0.279755 130 82 33
-0.088427 -0.020821 0.280258 130 79 26
-0.087660 -0.021109 0.280992 139 86 32
-0.087875 -0.021163 0.281493 136 84 27
-0.088089 -0.021217 0.281994 140 87 35
-0.094342 -0.016574 0.266942 140 138 115
-0.094564 -0.016630 0.267460 151 140 110
-0.093817 -0.016924 0.268240 170 157 125
-0.094039 -0.016979 0.268758 179 168 140
-0.094260 -0.017035 0.269275 186 179 160
-0.094481 -0.017091 0.269792 130 130 122
-0.093732 -0.017384 0.270565 70 78 81
-0.093952 -0.017440 0.271081 62 76 89
-0.090722 -0.018553 0.273625 80 98 120
-0.090940 -0.018608 0.274135 109 125 141
-0.090183 -0.018899 0.274891 135 142 150
-0.089426 -0.019190 0.275645 124 124 122
-0.088667 -0.019481 0.276395 109 100 91
-0.087907 -0.019771 0.277142 108 91 73
-0.088122 -0.019826 0.277646 114 90 62
-0.087360 -0.020115 0.278389 121 91 55
-0.087575 -0.020170 0.278892 127 92 50
-0.087790 -0.020224 0.279394 131 90 46
-0.087026 -0.020513 0.280131 129 85 40
-0.087240 -0.020567 0.280632 131 83 37
-0.087454 -0.020621 0.281133 135 83 33
-0.087668 -0.020675 0.281634 137 85 35
-0.094128 -0.016069 0.267087 142 134 111
-0.093383 -0.016364 0.267868 156 139 109
-0.093604 -0.016420 0.268386 172 149 117
-0.093826 -0.016476 0.268903 173 153 120
-0.094047 -0.016532 0.269420 175 160 131
-0.094268 -0.016588 0.269938 182 176 154
-0.093519 -0.016882 0.270710 160 160 150
-0.092769 -0.017176 0.271479 122 128 128
-0.092018 -0.017470 0.272245 139 152 161
-0.091266 -0.017764 0.273008 153 169 184
-0.089539 -0.018295 0.274017 174 191 209
-0.089757 -0.018350 0.274526 176 192 208
-0.089000 -0.018642 0.275280 175 185 195
-0.088243 -0.018934 0.276032 138 143 147
-0.087484 -0.019226 0.276780 106 102 101
-0.087699 -0.019281 0.277284 90 80 71
-0.086939 -0.019572 0.278028 81 64 48
-0.087154 -0.019626 0.278530 80 56 32
-0.087368 -0.019681 0.279033 85 54 25
-0.087583 -0.019735 0.279535 93 57 23
-0.086819 -0.020025 0.280272 104 61 27
-0.087034 -0.020079 0.280773 113 67 31
-0.087248 -0.020133 0.281274 118 68 31
-0.087462 -0.020187 0.281775 124 72 33
-0.093693 -0.015508 0.266714 131 134 123
-0.092949 -0.015805 0.267497 142 131 109
-0.093170 -0.015861 0.268014 152 133 103
-0.093391 -0.015917 0.268531 162 139 107
-0.093613 -0.015973 0.269048 168 145 111
-0.093834 -0.016028 0.269566 169 153 119
-0.093086 -0.016324 0.270339 165 156 127
-0.093307 -0.016380 0.270855 166 163 146
-0.092558 -0.016676 0.271623 166 169 162
-0.090836 -0.017211 0.272641 183 191 194
-0.090084 -0.017506 0.273402 181 191 200
-0.089330 -0.017800 0.274160 164 178 191
-0.089547 -0.017855 0.274669 155 167 179
-0.088792 -0.018149 0.275423 158 167 174
-0.088035 -0.018443 0.276174 167 172 175
-0.087277 -0.018736 0.276922 145 144 142
-0.086517 -0.019029 0.277667 135 128 122
-0.086732 -0.019083 0.278169 133 119 108
-0.086947 -0.019137 0.278672 132 113 96
-0.086185 -0.019430 0.279411 124 98 75
-0.086399 -0.019484 0.279912 106 75 47
-0.086613 -0.019538 0.280413 87 52 22
-0.086827 -0.019592 0.280914 80 39 7
-0.087042 -0.019646 0.281415 80 35 2
-0.092515 -0.015246 0.267125 128 134 124
-0.092736 -0.015302 0.267642 138 132 110
-0.092957 -0.015358 0.268159 148 134 105
-0.093179 -0.015413 0.268676 156 140 107
-0.093400 -0.015469 0.269194 158 142 108
-0.093621 -0.015525 0.269711 155 142 110
-0.092874 -0.015822 0.270484 159 152 126
-0.092126 -0.016120 0.271254 156 155 137
-0.091377 -0.016417 0.272020 165 168 159
-0.090626 -0.016713 0.272784 167 171 170
-0.089874 -0.017009 0.273545 136 141 145
-0.090092 -0.017064 0.274055 129 134 140
-0.088366 -0.017601 0.275058 147 150 155
-0.087611 -0.017896 0.275810 153 155 154
-0.087827 -0.017951 0.276316 170 171 165
-0.087069 -0.018245 0.277063 178 176 164
-0.085336 -0.018780 0.278048 173 167 155
-0.085550 -0.018834 0.278549 171 159 147
-0.085764 -0.018888 0.279050 168 152 137
-0.085978 -0.018942 0.279551 160 139 118
-0.086193 -0.018996 0.280052 153 129 103
-0.086407 -0.019050 0.280553 148 122 89
-0.092302 -0.014742 0.267270 127 133 129
-0.092523 -0.014798 0.267787 133 132 114
-0.092744 -0.014854 0.268305 139 132 106
-0.092966 -0.014910 0.268822 146 135 105
-0.092221 -0.015209 0.269597 150 139 107
-0.092441 -0.015265 0.270113 153 144 115
-0.092662 -0.015320 0.270629 150 144 118
-0.091914 -0.015619 0.271398 147 148 130
-0.091165 -0.015917 0.272165 150 153 142
-0.089446 -0.016458 0.273179 151 151 149
-0.089664 -0.016513 0.273689 140 140 142
-0.087941 -0.017053 0.274694 121 121 123
-0.087186 -0.017350 0.275447 136 135 133
-0.086431 -0.017646 0.276197 147 144 135
-0.085674 -0.017943 0.276944 147 144 129
-0.084915 -0.018238 0.277688 176 171 151
-0.084156 -0.018534 0.278429 179 171 148
-0.084369 -0.018588 0.278929 177 165 143
-0.084583 -0.018642 0.279428 170 154 131
-0.084797 -0.018696 0.279928 162 142 117
-0.085010 -0.018750 0.280427 159 136 105
-0.085224 -0.018803 0.280927 152 128 90
-0.092310 -0.014295 0.267933 130 133 124
-0.092531 -0.014351 0.268450 138 135 118
-0.091788 -0.014652 0.269226 142 134 111
-0.092008 -0.014707 0.269742 143 133 106
-0.092229 -0.014763 0.270258 143 136 108
-0.092449 -0.014818 0.270774 145 141 114
-0.090735 -0.015363 0.271796 142 141 121
-0.090954 -0.015418 0.272309 141 143 130
-0.089236 -0.015962 0.273322 137 136 132
-0.089454 -0.016017 0.273832 141 139 140
-0.087732 -0.016559 0.274836 125 121 122
-0.086008 -0.017101 0.275835 105 100 97
-0.085252 -0.017399 0.276583 135 129 115
-0.084495 -0.017697 0.277328 135 127 104
-0.083736 -0.017994 0.278070 149 138 106
-0.083950 -0.018048 0.278570 159 145 108
-0.084164 -0.018102 0.279069 163 145 107
-0.084377 -0.018156 0.279569 160 138 99
-0.084591 -0.018210 0.280068 159 134 94
-0.084805 -0.018263 0.280568 160 133 90
-0.085018 -0.018317 0.281067 155 128 81
-0.092097 -0.013791 0.268078 123 131 133
-0.092319 -0.013847 0.268595 127 128 120
-0.091575 -0.014150 0.269371 139 136 119
-0.091796 -0.014205 0.269887 139 134 112
-0.092017 -0.014261 0.270403 142 138 113
-0.090524 -0.014864 0.271940 135 134 114
-0.090743 -0.014919 0.272453 142 142 130
-0.085585 -0.016557 0.275472 129 123 123
-0.083860 -0.017101 0.276467 120 113 107
-0.084074 -0.017155 0.276968 133 122 104
-0.083317 -0.017454 0.277711 129 116 84
-0.082559 -0.017753 0.278451 135 118 75
-0.082772 -0.017806 0.278950 143 123 73
-0.082985 -0.017860 0.279448 148 125 75
-0.083198 -0.017914 0.279946 152 124 74
-0.083411 -0.017967 0.280444 156 126 76
-0.092106 -0.013344 0.268741 124 133 132
-0.091363 -0.013648 0.269516 133 134 126
-0.090619 -0.013951 0.270289 136 134 119
-0.090839 -0.014006 0.270803 131 130 109
-0.088380 -0.014859 0.272589 133 130 113
-0.086664 -0.015409 0.273600 126 124 112
-0.086881 -0.015463 0.274107 48 43 40
-0.087098 -0.015518 0.274614 48 42 42
-0.085377 -0.016066 0.275614 107 99 97
-0.083654 -0.016614 0.276608 131 121 111
-0.082898 -0.016914 0.277352 131 116 93
-0.083112 -0.016968 0.277851 135 117 79
-0.082354 -0.017268 0.278591 138 115 65
-0.082567 -0.017322 0.279089 145 116 58
-0.082780 -0.017375 0.279587 149 117 58
-0.082993 -0.017429 0.280086 154 118 58
-0.083206 -0.017483 0.280584 158 119 62
-0.083419 -0.017536 0.281082 155 116 59
-0.091151 -0.013146 0.269661 121 125 124
-0.090408 -0.013450 0.270433 135 137 126
-0.089663 -0.013755 0.271202 130 131 115
-0.088917 -0.014059 0.271969 129 127 112
-0.087205 -0.014612 0.272984 131 129 116
-0.086456 -0.014915 0.273743 133 129 120
-0.085706 -0.015219 0.274499 85 80 76
-0.085922 -0.015273 0.275004 50 45 41
-0.083448 -0.016126 0.276748 133 121 105
-0.082692 -0.016428 0.277492 130 113 83
-0.082906 -0.016482 0.277992 136 113 69
-0.082149 -0.016783 0.278731 139 110 54
-0.082362 -0.016837 0.279229 146 110 48
-0.082575 -0.016891 0.279727 150 111 46
-0.082788 -0.016944 0.280225 153 109 46
-0.082028 -0.017245 0.280958 154 110 49
-0.082240 -0.017298 0.281454 154 113 51
-0.089452 -0.013256 0.271347 131 134 125
-0.088707 -0.013562 0.272112 130 132 121
-0.086995 -0.014117 0.273127 128 125 118
-0.087213 -0.014172 0.273635 127 124 117
-0.084531 -0.014977 0.274889 139 136 131
-0.083780 -0.015281 0.275640 120 115 109
-0.083995 -0.015335 0.276143 118 112 98
-0.083241 -0.015638 0.276889 133 122 100
-0.082487 -0.015942 0.277633 135 119 83
-0.082700 -0.015996 0.278132 137 114 64
-0.082914 -0.016050 0.278632 142 110 51
-0.082157 -0.016352 0.279369 148 109 44
-0.082370 -0.016406 0.279867 152 107 42
-0.082583 -0.016460 0.280365 153 105 41
-0.081823 -0.016762 0.281097 153 105 41
-0.082035 -0.016815 0.281594 154 108 46
-0.085073 -0.014180 0.274277 129 128 123
-0.084324 -0.014486 0.275031 137 136 131
-0.083573 -0.014792 0.275781 137 134 125
-0.082821 -0.015097 0.276529 129 126 109
-0.083035 -0.015151 0.277030 128 121 93
-0.082281 -0.015456 0.277773 131 116 75
-0.082495 -0.015510 0.278273 139 116 64
-0.082708 -0.015563 0.278772 145 111 50
-0.081952 -0.015868 0.279509 146 105 39
-0.082165 -0.015921 0.280007 153 105 39
-0.082378 -0.015975 0.280505 155 106 40
-0.082591 -0.016029 0.281003 153 104 38
-0.084865 -0.013688 0.274419 120 121 116
-0.085081 -0.013743 0.274925 140 143 136
-0.082615 -0.014609 0.276670 134 133 113
-0.082829 -0.014663 0.277171 133 128 99
-0.083043 -0.014717 0.277672 131 118 76
-0.082289 -0.015023 0.278413 138 118 67
-0.082503 -0.015077 0.278912 143 113 51
-0.082716 -0.015131 0.279412 146 109 41
-0.081960 -0.015437 0.280147 150 105 37
-0.082173 -0.015490 0.280645 153 106 38
-0.082386 -0.015544 0.281143 152 105 37
-0.083374 -0.013868 0.276566 137 139 125
-0.083589 -0.013922 0.277069 138 136 111
-0.082837 -0.014230 0.277812 132 124 87
-0.083051 -0.014284 0.278313 133 116 70
-0.083265 -0.014338 0.278814 140 114 57
-0.082511 -0.014645 0.279552 142 108 44
-0.082724 -0.014699 0.280052 146 106 37
-0.083382 -0.013433 0.277210 134 135 121
-0.083597 -0.013487 0.277712 132 126 100
-0.082845 -0.013796 0.278454 132 120 82
-0.083059 -0.013850 0.278955 135 115 65
-0.087577 -0.007432 0.274614 123 138 141
-0.086837 -0.007755 0.275371 124 135 137
-0.087056 -0.007810 0.275882 123 133 134
-0.087274 -0.007865 0.276394 122 131 130
-0.087366 -0.006933 0.274759 125 140 143
-0.086626 -0.007257 0.275514 122 136 137
-0.086845 -0.007312 0.276026 123 134 136
-0.087064 -0.007368 0.276537 122 132 133
-0.087282 -0.007423 0.277049 121 130 127
-0.087501 -0.007478 0.277560 121 128 121
-0.087720 -0.007533 0.278071 123 129 117
-0.087672 -0.006053 0.273630 112 134 148
-0.086416 -0.006760 0.275658 122 136 137
-0.086635 -0.006815 0.276170 122 133 135
-0.086853 -0.006870 0.276681 123 133 134
-0.087072 -0.006925 0.277192 121 130 129
-0.086330 -0.007250 0.277940 122 128 124
-0.086548 -0.007305 0.278450 123 129 119
-0.086766 -0.007360 0.278960 119 123 108
-0.087460 -0.005552 0.273774 115 137 150
-0.086724 -0.005880 0.274534 123 142 146
-0.086943 -0.005935 0.275047 120 138 138
-0.086205 -0.006262 0.275802 118 134 134
-0.086424 -0.006317 0.276313 118 132 133
-0.086643 -0.006372 0.276825 120 132 132
-0.086861 -0.006427 0.277336 119 129 128
-0.086120 -0.006753 0.278084 118 127 122
-0.086339 -0.006808 0.278594 121 127 117
-0.086557 -0.006863 0.279103 120 124 109
-0.086775 -0.006918 0.279613 122 122 98
-0.087982 -0.004723 0.273157 88 113 133
-0.086513 -0.005381 0.274678 122 141 145
-0.086732 -0.005436 0.275191 121 140 138
-0.086951 -0.005491 0.275704 120 136 136
-0.086214 -0.005819 0.276457 120 134 135
-0.086432 -0.005874 0.276968 121 132 134
-0.086651 -0.005930 0.277480 121 131 132
-0.085911 -0.006257 0.278227 120 129 126
-0.086129 -0.006312 0.278737 121 126 119
-0.086347 -0.006367 0.279247 119 121 107
-0.086565 -0.006422 0.279757 120 120 96
-0.086783 -0.006477 0.280267 123 118 86
-0.087770 -0.004221 0.273302 91 118 135
-0.087036 -0.004551 0.274063 120 144 154
-0.087256 -0.004607 0.274578 121 141 142
-0.086521 -0.004937 0.275335 121 140 138
-0.086740 -0.004992 0.275848 121 137 137
-0.086003 -0.005322 0.276601 119 135 135
-0.086222 -0.005377 0.277112 121 132 134
-0.086440 -0.005432 0.277623 121 131 132
-0.085701 -0.005761 0.278370 120 129 126
-0.085919 -0.005816 0.278880 120 125 118
-0.086137 -0.005871 0.279390 121 123 109
-0.086355 -0.005926 0.279900 122 120 97
-0.085612 -0.006254 0.280639 125 119 85
-0.085829 -0.006309 0.281148 129 117 75
-0.085084 -0.006636 0.281883 131 113 63
-0.085301 -0.006691 0.282390 133 111 54
-0.087558 -0.003719 0.273447 99 127 141
-0.086825 -0.004051 0.274208 120 145 152
-0.087045 -0.004106 0.274722 122 142 143
-0.086310 -0.004438 0.275479 119 138 136
-0.086529 -0.004493 0.275992 121 137 137
-0.086749 -0.004548 0.276505 118 134 134
-0.086011 -0.004879 0.277256 120 131 133
-0.086230 -0.004934 0.277767 121 131 132
-0.085491 -0.005265 0.278514 119 128 123
-0.085709 -0.005320 0.279023 118 124 114
-0.085927 -0.005375 0.279533 121 122 106
-0.086145 -0.005430 0.280043 120 118 93
-0.085403 -0.005759 0.280782 124 116 80
-0.085620 -0.005814 0.281291 127 114 69
-0.084876 -0.006143 0.282025 130 110 59
-0.085093 -0.006198 0.282532 133 108 51
-0.052580 -0.017120 0.298080 121 90 70
-0.052773 -0.017169 0.298532 119 90 72
-0.052967 -0.017218 0.298984 118 92 77
-0.087345 -0.003217 0.273592 104 130 143
-0.086613 -0.003550 0.274352 120 143 149
-0.086833 -0.003606 0.274867 123 143 144
-0.086099 -0.003939 0.275623 120 139 137
-0.086318 -0.003994 0.276136 122 138 138
-0.086537 -0.004049 0.276649 121 135 136
-0.085801 -0.004381 0.277399 121 132 134
-0.086019 -0.004437 0.277911 123 133 132
-0.085281 -0.004768 0.278657 119 128 123
-0.085499 -0.004823 0.279167 121 124 113
-0.085717 -0.004878 0.279677 121 123 102
-0.085935 -0.004933 0.280186 122 118 89
-0.085193 -0.005264 0.280925 126 117 78
-0.085411 -0.005319 0.281433 129 115 68
-0.084667 -0.005650 0.282168 133 112 59
-0.083922 -0.005980 0.282899 135 109 50
-0.084138 -0.006035 0.283404 138 108 44
-0.083391 -0.006364 0.284131 140 107 38
-0.083607 -0.006419 0.284635 139 103 29
-0.083823 -0.006473 0.285139 139 101 26
-0.084038 -0.006527 0.285643 139 99 27
-0.084254 -0.006582 0.286147 141 98 29
-0.084469 -0.006636 0.286651 142 97 29
-0.086912 -0.002659 0.273221 88 115 132
-0.087133 -0.002715 0.273737 114 138 150
-0.087354 -0.002770 0.274252 120 141 146
-0.086621 -0.003105 0.275011 123 141 141
-0.086841 -0.003160 0.275526 121 137 136
-0.086107 -0.003495 0.276280 123 137 138
-0.086326 -0.003550 0.276793 121 135 136
-0.085590 -0.003884 0.277543 122 134 134
-0.085809 -0.003939 0.278054 124 134 133
-0.085071 -0.004272 0.278800 122 129 122
-0.085289 -0.004327 0.279310 121 125 111
-0.085507 -0.004382 0.279820 121 120 99
-0.084767 -0.004715 0.280560 123 118 86
-0.084984 -0.004770 0.281068 128 116 76
-0.085201 -0.004824 0.281576 131 115 64
-0.084458 -0.005156 0.282310 134 112 55
-0.083714 -0.005488 0.283041 137 108 48
-0.083930 -0.005543 0.283546 138 107 42
-0.083184 -0.005874 0.284273 139 104 36
-0.083400 -0.005928 0.284777 142 102 30
-0.083615 -0.005983 0.285281 143 101 25
-0.083831 -0.006037 0.285785 142 98 25
-0.084046 -0.006091 0.286289 142 98 27
-0.084262 -0.006146 0.286793 144 97 29
-0.085443 -0.005924 0.287084 144 96 30
-0.085659 -0.005979 0.287590 145 95 34
-0.085876 -0.006033 0.288095 144 94 35
-0.086092 -0.006088 0.288601 142 90 33
-0.086700 -0.002157 0.273366 97 123 138
-0.086921 -0.002213 0.273881 118 141 149
-0.087141 -0.002268 0.274397 122 141 145
-0.086410 -0.002604 0.275156 124 140 140
-0.086630 -0.002660 0.275670 121 135 135
-0.085896 -0.002996 0.276424 122 136 137
-0.086115 -0.003051 0.276937 121 135 136
-0.085380 -0.003386 0.277687 123 135 135
-0.085598 -0.003441 0.278198 125 136 132
-0.084861 -0.003776 0.278943 123 130 122
-0.085079 -0.003831 0.279453 124 126 112
-0.085297 -0.003886 0.279963 121 119 94
-0.084557 -0.004220 0.280702 123 117 81
-0.084775 -0.004275 0.281211 128 115 71
-0.084992 -0.004330 0.281719 131 114 62
-0.084250 -0.004663 0.282453 134 109 52
-0.083506 -0.004996 0.283183 136 108 43
-0.083722 -0.005051 0.283688 139 105 41
-0.082977 -0.005383 0.284414 139 102 32
-0.083192 -0.005438 0.284918 144 100 29
-0.083408 -0.005492 0.285422 146 99 27
-0.083623 -0.005546 0.285926 145 98 26
-0.083839 -0.005601 0.286430 145 98 28
-0.084054 -0.005655 0.286934 146 97 30
-0.085235 -0.005432 0.287226 145 95 32
-0.085451 -0.005487 0.287732 145 93 36
-0.085668 -0.005541 0.288237 146 91 37
-0.085884 -0.005596 0.288743 145 89 38
-0.086488 -0.001655 0.273511 111 134 148
-0.086708 -0.001711 0.274026 120 140 147
-0.086929 -0.001766 0.274542 125 143 145
-0.087149 -0.001822 0.275058 125 139 140
-0.086418 -0.002159 0.275815 121 135 136
-0.086638 -0.002215 0.276329 122 136 137
-0.085904 -0.002552 0.277081 122 136 137
-0.086123 -0.002607 0.277594 124 136 136
-0.085388 -0.002944 0.278342 127 136 133
-0.084651 -0.003280 0.279087 125 131 121
-0.084869 -0.003335 0.279597 124 127 110
-0.085087 -0.003390 0.280106 124 120 93
-0.084348 -0.003725 0.280845 126 118 81
-0.084565 -0.003780 0.281354 130 116 69
-0.083824 -0.004115 0.282088 133 114 58
-0.084041 -0.004170 0.282595 135 109 48
-0.083298 -0.004504 0.283325 137 108 42
-0.083514 -0.004559 0.283830 140 105 39
-0.083730 -0.004613 0.284336 141 102 33
-0.082985 -0.004947 0.285060 144 100 29
-0.083200 -0.005002 0.285564 147 99 27
-0.083416 -0.005056 0.286068 147 97 26
-0.083631 -0.005110 0.286572 147 97 28
-0.084811 -0.004886 0.286863 148 95 29
-0.085027 -0.004940 0.287369 149 93 34
-0.085243 -0.004995 0.287874 150 90 38
-0.085459 -0.005049 0.288379 149 88 41
-0.086642 -0.004826 0.288678 148 87 42
-0.087827 -0.004602 0.288980 146 87 43
-0.087003 -0.000813 0.272892 85 110 132
-0.087224 -0.000869 0.273409 129 148 162
-0.087446 -0.000925 0.273926 125 142 149
-0.086717 -0.001264 0.274687 123 139 139
-0.086937 -0.001320 0.275203 125 139 140
-0.086206 -0.001659 0.275959 123 134 136
-0.086426 -0.001714 0.276474 123 137 138
-0.085693 -0.002053 0.277225 124 135 137
-0.085912 -0.002108 0.277738 125 135 136
-0.085177 -0.002446 0.278486 127 136 133
-0.084441 -0.002783 0.279230 124 130 120
-0.084659 -0.002838 0.279740 124 126 105
-0.084877 -0.002893 0.280250 124 120 91
-0.085095 -0.002948 0.280760 127 118 77
-0.084356 -0.003285 0.281497 132 116 67
-0.083616 -0.003622 0.282231 134 113 56
-0.083832 -0.003676 0.282737 137 109 46
-0.083090 -0.004012 0.283467 138 107 42
-0.083306 -0.004067 0.283972 141 106 38
-0.083522 -0.004121 0.284478 141 102 33
-0.083738 -0.004176 0.284983 144 99 31
-0.083955 -0.004230 0.285489 146 97 28
-0.084171 -0.004285 0.285994 146 96 27
-0.084387 -0.004339 0.286500 147 94 26
-0.084603 -0.004394 0.287005 148 93 28
-0.084819 -0.004448 0.287511 150 91 31
-0.086000 -0.004223 0.287807 151 90 36
-0.086217 -0.004278 0.288314 150 90 40
-0.086434 -0.004332 0.288821 154 93 48
-0.087617 -0.004108 0.289123 148 90 44
-0.087835 -0.004163 0.289631 144 86 40
-0.088052 -0.004217 0.290139 144 86 40
-0.089238 -0.003993 0.290447 144 85 41
-0.089457 -0.004048 0.290957 150 91 47
-0.086790 -0.000310 0.273037 107 129 150
-0.087012 -0.000366 0.273555 136 154 168
-0.087233 -0.000421 0.274072 126 141 146
-0.086504 -0.000762 0.274832 121 135 136
-0.086725 -0.000818 0.275348 126 137 139
-0.086945 -0.000874 0.275864 123 134 136
-0.086214 -0.001214 0.276618 125 136 140
-0.085482 -0.001554 0.277369 125 136 138
-0.085701 -0.001609 0.277882 126 136 137
-0.084967 -0.001948 0.278629 127 136 131
-0.084231 -0.002287 0.279373 124 130 118
-0.084450 -0.002342 0.279883 122 124 102
-0.084668 -0.002397 0.280393 124 119 89
-0.084886 -0.002452 0.280903 129 117 75
-0.084147 -0.002790 0.281639 132 114 64
-0.083407 -0.003128 0.282373 134 112 54
-0.083624 -0.003183 0.282880 136 108 43
-0.082882 -0.003520 0.283609 140 107 40
-0.083098 -0.003575 0.284114 142 105 37
-0.083314 -0.003630 0.284620 140 101 32
-0.083530 -0.003684 0.285125 143 100 32
-0.083746 -0.003739 0.285631 145 97 31
-0.083963 -0.003793 0.286136 145 96 29
-0.084179 -0.003848 0.286642 147 94 26
-0.084395 -0.003902 0.287147 148 93 28
-0.084611 -0.003957 0.287653 150 92 28
-0.085792 -0.003730 0.287949 149 90 30
-0.086008 -0.003784 0.288456 148 89 31
-0.086225 -0.003839 0.288963 144 87 32
-0.087408 -0.003613 0.289265 145 90 36
-0.087626 -0.003668 0.289774 148 92 41
-0.087843 -0.003723 0.290282 147 89 41
-0.089029 -0.003497 0.290591 145 85 35
-0.089247 -0.003552 0.291101 149 87 38
-0.090434 -0.003327 0.291413 166 102 54
-0.090653 -0.003382 0.291925 174 110 64
-0.090872 -0.003437 0.292436 179 117 76
-0.086577 0.000194 0.273183 131 153 167
-0.086799 0.000138 0.273700 131 149 159
-0.087020 0.000082 0.274217 121 135 138
-0.087241 0.000026 0.274734 126 138 138
-0.086512 -0.000316 0.275493 126 137 139
-0.085783 -0.000658 0.276248 123 134 136
-0.086003 -0.000713 0.276763 126 137 141
-0.085271 -0.001054 0.277514 128 138 140
-0.084538 -0.001395 0.278262 128 138 139
-0.084756 -0.001451 0.278773 131 138 131
-0.084022 -0.001791 0.279516 126 130 116
-0.084240 -0.001846 0.280026 124 124 100
-0.084458 -0.001901 0.280536 125 119 85
-0.084676 -0.001956 0.281046 129 116 72
-0.083938 -0.002296 0.281782 134 114 61
-0.084155 -0.002350 0.282291 136 112 50
-0.083415 -0.002690 0.283022 137 108 42
-0.083632 -0.002744 0.283529 141 106 38
-0.083849 -0.002799 0.284036 143 104 35
-0.084065 -0.002854 0.284543 140 100 31
-0.083322 -0.003192 0.285267 143 100 32
-0.083538 -0.003247 0.285773 143 98 31
-0.083755 -0.003301 0.286278 145 96 29
-0.084933 -0.003072 0.286571 148 95 29
-0.085149 -0.003127 0.287078 150 95 30
-0.085366 -0.003182 0.287585 150 92 29
-0.085583 -0.003236 0.288092 148 89 29
-0.085800 -0.003291 0.288598 144 88 29
-0.086981 -0.003063 0.288900 147 91 34
-0.087199 -0.003118 0.289408 144 89 33
-0.087416 -0.003173 0.289917 146 91 37
-0.088601 -0.002946 0.290224 145 88 35
-0.088819 -0.003001 0.290734 143 81 30
-0.089037 -0.003056 0.291244 144 81 28
-0.090224 -0.002829 0.291557 168 101 48
-0.090442 -0.002884 0.292069 175 108 55
-0.090661 -0.002940 0.292580 177 111 63
-0.091850 -0.002714 0.292899 180 116 72
-0.087089 0.001041 0.272563 109 136 147
-0.087311 0.000985 0.273081 132 153 158
-0.087533 0.000929 0.273600 125 143 145
-0.086807 0.000585 0.274363 127 141 142
-0.087028 0.000530 0.274880 125 137 137
-0.086300 0.000186 0.275638 128 138 140
-0.085571 -0.000157 0.276393 124 133 138
-0.085791 -0.000213 0.276907 128 137 142
-0.085060 -0.000555 0.277658 130 140 142
-0.084327 -0.000898 0.278405 133 142 141
-0.084546 -0.000953 0.278917 135 140 134
-0.084765 -0.001008 0.279428 129 132 115
-0.084030 -0.001350 0.280170 127 126 98
-0.084248 -0.001405 0.280679 128 120 83
-0.084466 -0.001460 0.281189 130 116 67
-0.083728 -0.001801 0.281925 133 112 55
-0.083946 -0.001856 0.282434 137 109 46
-0.083206 -0.002196 0.283165 139 106 39
-0.083423 -0.002251 0.283672 140 103 33
-0.083640 -0.002306 0.284179 141 101 32
-0.083857 -0.002360 0.284686 143 100 31
-0.084074 -0.002415 0.285192 141 98 29
-0.084290 -0.002470 0.285699 144 97 27
-0.084507 -0.002524 0.286206 145 96 29
-0.084724 -0.002579 0.286713 147 93 29
-0.084941 -0.002634 0.287220 147 91 30
-0.086120 -0.002404 0.287518 147 91 34
-0.086337 -0.002459 0.288026 146 89 34
-0.086555 -0.002514 0.288534 146 89 36
-0.086772 -0.002568 0.289043 145 87 37
-0.087955 -0.002340 0.289348 144 86 36
-0.088173 -0.002395 0.289857 147 90 37
-0.088391 -0.002450 0.290367 142 82 30
-0.088609 -0.002505 0.290877 143 80 26
-0.089794 -0.002276 0.291189 150 85 29
-0.090013 -0.002332 0.291701 156 87 30
-0.090232 -0.002387 0.292212 170 99 43
-0.091420 -0.002159 0.292530 179 106 55
-0.091639 -0.002215 0.293043 181 110 64
-0.086876 0.001546 0.272708 131 156 161
-0.087098 0.001490 0.273227 130 150 149
-0.087319 0.001434 0.273746 126 142 139
-0.086594 0.001089 0.274508 125 137 135
-0.086815 0.001033 0.275025 125 135 134
-0.086088 0.000688 0.275783 126 136 137
-0.086308 0.000632 0.276299 124 134 135
-0.085579 0.000288 0.277052 130 140 142
-0.084849 -0.000056 0.277802 133 143 144
-0.084117 -0.000400 0.278549 137 143 141
-0.084335 -0.000455 0.279060 135 141 131
-0.084554 -0.000510 0.279572 128 129 111
-0.083820 -0.000854 0.280313 128 123 93
-0.084038 -0.000909 0.280823 129 117 75
-0.084256 -0.000964 0.281333 132 115 63
-0.083519 -0.001306 0.282068 135 111 51
-0.083736 -0.001361 0.282576 137 108 42
-0.083954 -0.001416 0.283085 140 105 37
-0.083214 -0.001758 0.283814 141 102 33
-0.083431 -0.001812 0.284321 141 101 32
-0.083648 -0.001867 0.284828 143 98 30
-0.083865 -0.001922 0.285335 143 96 26
-0.084082 -0.001976 0.285842 144 96 24
-0.084298 -0.002031 0.286349 145 94 28
-0.084515 -0.002086 0.286856 146 92 28
-0.085693 -0.001854 0.287152 148 92 33
-0.085911 -0.001909 0.287660 148 91 36
-0.086128 -0.001964 0.288169 149 91 41
-0.086346 -0.002019 0.288677 150 92 44
-0.087527 -0.001788 0.288981 147 89 41
-0.087745 -0.001843 0.289491 144 86 36
-0.087963 -0.001898 0.290001 141 81 31
-0.089147 -0.001668 0.290310 138 76 25
-0.089365 -0.001724 0.290822 142 79 25
-0.089584 -0.001779 0.291333 153 86 31
-0.089803 -0.001834 0.291845 161 90 34
-0.090990 -0.001605 0.292162 167 95 37
-0.091209 -0.001660 0.292674 172 96 44
-0.091428 -0.001715 0.293187 176 105 53
-0.091648 -0.001771 0.293700 174 112 65
-0.086440 0.002107 0.272335 114 138 148
-0.086662 0.002051 0.272854 135 156 157
-0.086884 0.001995 0.273373 128 144 141
-0.087106 0.001939 0.273892 128 139 133
-0.087328 0.001883 0.274410 124 133 130
-0.086602 0.001537 0.275171 129 135 131
-0.085875 0.001190 0.275928 127 133 129
-0.086096 0.001134 0.276443 127 136 131
-0.085367 0.000789 0.277196 133 144 140
-0.084637 0.000443 0.277946 137 148 144
-0.083906 0.000098 0.278693 139 146 139
-0.084125 0.000043 0.279204 137 141 127
-0.084344 -0.000013 0.279715 131 131 107
-0.083610 -0.000357 0.280456 131 125 91
-0.083828 -0.000412 0.280966 132 118 71
-0.084046 -0.000467 0.281476 136 115 58
-0.083310 -0.000811 0.282211 137 112 46
-0.083527 -0.000866 0.282719 140 110 40
-0.083745 -0.000921 0.283228 142 108 37
-0.083962 -0.000976 0.283736 143 105 34
-0.083223 -0.001319 0.284464 142 102 32
-0.083439 -0.001374 0.284970 144 99 31
-0.083656 -0.001428 0.285477 146 96 27
-0.083873 -0.001483 0.285984 148 95 25
-0.085049 -0.001250 0.286278 147 94 28
-0.085267 -0.001305 0.286786 147 92 28
-0.085484 -0.001360 0.287295 147 91 30
-0.085701 -0.001414 0.287803 148 92 35
-0.086881 -0.001182 0.288104 148 93 39
-0.087099 -0.001237 0.288614 149 93 42
-0.087317 -0.001292 0.289124 149 93 42
-0.088499 -0.001060 0.289431 148 90 40
-0.088717 -0.001116 0.289943 144 84 34
-0.088936 -0.001171 0.290454 147 85 34
-0.089155 -0.001226 0.290965 151 88 35
-0.090340 -0.000995 0.291280 154 87 34
-0.090559 -0.001050 0.291793 160 91 36
-0.090778 -0.001106 0.292306 165 92 37
-0.090998 -0.001161 0.292819 169 94 39
-0.091217 -0.001216 0.293331 173 102 46
-0.091436 -0.001272 0.293844 174 111 60
-0.087170 0.002905 0.272233 135 156 161
-0.087393 0.002849 0.272753 129 145 142
-0.087615 0.002793 0.273273 127 138 130
-0.087838 0.002737 0.273794 127 134 126
-0.087114 0.002388 0.274556 128 133 127
-0.086389 0.002040 0.275316 129 134 128
-0.086611 0.001984 0.275833 129 136 128
-0.085884 0.001636 0.276588 132 142 134
-0.085156 0.001289 0.277341 138 149 143
-0.084426 0.000942 0.278090 140 151 145
-0.083696 0.000595 0.278836 138 148 139
-0.083914 0.000540 0.279348 135 139 122
-0.084133 0.000485 0.279859 132 128 101
-0.083400 0.000139 0.280599 134 125 86
-0.083618 0.000084 0.281109 134 117 65
-0.083836 0.000029 0.281619 137 113 51
-0.083101 -0.000317 0.282354 138 109 41
-0.083318 -0.000371 0.282862 140 107 36
-0.083535 -0.000426 0.283370 142 105 34
-0.083753 -0.000481 0.283879 142 102 30
-0.083970 -0.000536 0.284387 143 99 28
-0.084188 -0.000591 0.284896 144 97 27
-0.084405 -0.000645 0.285404 148 95 27
-0.084622 -0.000700 0.285913 149 94 27
-0.084840 -0.000755 0.286421 148 93 28
-0.085057 -0.000810 0.286929 147 93 29
-0.085275 -0.000865 0.287438 148 92 33
-0.086453 -0.000631 0.287738 147 92 35
-0.086671 -0.000686 0.288248 146 91 37
-0.087851 -0.000452 0.288552 146 91 37
-0.088070 -0.000508 0.289064 147 91 40
-0.088288 -0.000563 0.289575 144 86 36
-0.088507 -0.000618 0.290086 150 90 40
-0.089690 -0.000385 0.290398 163 101 52
-0.089909 -0.000441 0.290911 169 106 55
-0.090129 -0.000496 0.291424 163 96 44
-0.090348 -0.000551 0.291937 159 89 38
-0.090567 -0.000607 0.292450 163 92 38
-0.090787 -0.000662 0.292963 167 95 37
-0.091006 -0.000717 0.293476 169 99 40
-0.091225 -0.000772 0.293988 168 105 51
-0.086734 0.003467 0.271859 123 141 153
-0.086956 0.003411 0.272379 136 150 150
-0.087179 0.003355 0.272899 133 144 136
-0.087401 0.003299 0.273420 127 133 121
-0.087624 0.003243 0.273940 126 130 116
-0.086901 0.002893 0.274702 131 133 122
-0.086176 0.002543 0.275461 129 130 122
-0.086398 0.002488 0.275979 130 137 129
-0.085671 0.002138 0.276733 138 148 140
-0.084944 0.001790 0.277485 141 154 147
-0.084215 0.001441 0.278234 141 154 147
-0.083485 0.001093 0.278980 137 147 136
-0.083704 0.001038 0.279491 132 135 116
-0.083923 0.000983 0.280003 130 125 93
-0.083190 0.000635 0.280743 133 118 75
-0.083408 0.000580 0.281253 138 116 59
-0.083626 0.000525 0.281762 141 111 47
-0.082891 0.000178 0.282497 140 107 36
-0.083109 0.000123 0.283005 142 104 31
-0.083326 0.000069 0.283513 145 103 31
-0.083543 0.000014 0.284022 144 100 27
-0.083761 -0.000041 0.284530 146 98 26
-0.083978 -0.000096 0.285039 146 96 25
-0.084196 -0.000151 0.285547 146 93 27
-0.084413 -0.000206 0.286055 146 92 28
-0.084631 -0.000260 0.286564 147 93 31
-0.084848 -0.000315 0.287072 146 94 34
-0.086025 -0.000080 0.287371 148 93 36
-0.086243 -0.000135 0.287881 148 93 37
-0.087422 0.000100 0.288185 146 91 37
-0.087640 0.000045 0.288696 145 89 38
-0.087859 -0.000010 0.289207 142 84 34
-0.089040 0.000224 0.289517 139 79 29
-0.089260 0.000169 0.290030 152 90 41
-0.089479 0.000114 0.290543 170 106 58
-0.089698 0.000058 0.291055 183 117 67
-0.090883 0.000292 0.291372 177 111 61
-0.091103 0.000237 0.291887 163 95 46
-0.091323 0.000181 0.292401 163 96 43
-0.091543 0.000126 0.292915 168 98 38
-0.091763 0.000070 0.293430 168 100 39
-0.091982 0.000015 0.293944 168 103 47
-0.087461 0.004270 0.271756 138 151 157
-0.087684 0.004214 0.272278 134 144 136
-0.087907 0.004157 0.272799 135 141 127
-0.088131 0.004101 0.273321 127 130 113
-0.087409 0.003749 0.274086 128 129 113
-0.086687 0.003398 0.274848 127 125 112
-0.086909 0.003342 0.275367 129 129 119
-0.087131 0.003286 0.275885 130 135 128
-0.085459 0.002641 0.276878 141 152 144
-0.084732 0.002290 0.277630 144 157 150
-0.084004 0.001940 0.278378 142 153 145
-0.083275 0.001591 0.279124 138 146 131
-0.083493 0.001536 0.279635 134 134 110
-0.083712 0.001480 0.280146 133 123 88
-0.082980 0.001131 0.280886 135 117 69
-0.083198 0.001076 0.281396 141 115 56
-0.083416 0.001021 0.281906 144 111 44
-0.082682 0.000673 0.282639 144 107 37
-0.082899 0.000618 0.283148 144 104 32
-0.083117 0.000563 0.283656 146 102 31
-0.083334 0.000509 0.284165 148 100 28
-0.083552 0.000454 0.284673 150 98 25
-0.083769 0.000399 0.285181 150 97 27
-0.083986 0.000344 0.285690 144 93 28
-0.084204 0.000289 0.286198 144 93 30
-0.084421 0.000234 0.286707 144 94 33
-0.085597 0.000472 0.287005 145 95 36
-0.085815 0.000417 0.287515 146 95 38
-0.086992 0.000653 0.287817 145 92 38
-0.087211 0.000598 0.288328 145 89 38
-0.087430 0.000543 0.288840 144 86 36
-0.088610 0.000779 0.289148 141 81 31
-0.088829 0.000724 0.289661 143 81 32
-0.090011 0.000959 0.289974 159 95 47
-0.090231 0.000904 0.290488 170 104 54
-0.090451 0.000848 0.291002 180 114 64
-0.090671 0.000793 0.291517 183 117 65
-0.090891 0.000737 0.292031 168 105 52
-0.091111 0.000682 0.292545 168 103 47
-0.091331 0.000626 0.293060 171 103 42
-0.091551 0.000571 0.293574 172 104 43
-0.091771 0.000515 0.294088 170 105 49
-0.087023 0.004834 0.271381 130 144 153
-0.087246 0.004778 0.271903 133 143 142
-0.087470 0.004721 0.272424 138 142 128
-0.087693 0.004665 0.272946 132 134 113
-0.087916 0.004609 0.273468 128 127 106
-0.088139 0.004553 0.273990 130 128 107
-0.087418 0.004200 0.274752 124 121 104
-0.086695 0.003847 0.275512 129 129 117
-0.086917 0.003791 0.276031 132 137 130
-0.085247 0.003143 0.277023 146 156 148
-0.083574 0.002495 0.278009 147 158 152
-0.083793 0.002439 0.278522 143 151 140
-0.083064 0.002088 0.279267 139 142 125
-0.083283 0.002033 0.279779 136 131 102
-0.083502 0.001978 0.280290 137 122 83
-0.082770 0.001628 0.281029 138 115 63
-0.082988 0.001573 0.281539 139 109 49
-0.083206 0.001518 0.282049 141 106 40
-0.082473 0.001168 0.282782 140 103 33
-0.082690 0.001113 0.283291 141 101 31
-0.082908 0.001058 0.283799 143 98 30
-0.083125 0.001003 0.284307 145 96 27
-0.083342 0.000949 0.284816 149 95 25
-0.083560 0.000894 0.285324 149 94 27
-0.083777 0.000839 0.285833 145 95 32
-0.084951 0.001078 0.286128 144 95 36
-0.085169 0.001023 0.286638 144 95 36
-0.085387 0.000968 0.287148 144 95 37
-0.085605 0.000913 0.287658 143 94 38
-0.086782 0.001151 0.287961 142 91 38
-0.087001 0.001096 0.288472 140 87 35
-0.088179 0.001333 0.288779 141 83 35
-0.088399 0.001278 0.289292 143 81 34
-0.089579 0.001515 0.289604 152 88 40
-0.089799 0.001460 0.290118 164 98 50
-0.090982 0.001696 0.290434 167 101 51
-0.091203 0.001641 0.290950 173 107 55
-0.091423 0.001585 0.291466 175 112 58
-0.091644 0.001529 0.291982 169 108 51
-0.091864 0.001474 0.292498 167 107 47
-0.092085 0.001418 0.293014 167 103 41
-0.092306 0.001362 0.293529 168 102 41
-0.086809 0.005342 0.271527 149 160 162
-0.087032 0.005285 0.272049 137 142 135
-0.087255 0.005229 0.272571 136 137 119
-0.087478 0.005173 0.273093 135 133 108
-0.087701 0.005117 0.273614 127 123 98
-0.087924 0.005060 0.274136 130 126 101
-0.087204 0.004706 0.274899 127 124 105
-0.085538 0.004054 0.275897 126 127 113
-0.085759 0.003998 0.276415 138 144 134
-0.084089 0.003347 0.277404 154 161 154
-0.083363 0.002994 0.278154 151 159 148
-0.082635 0.002641 0.278900 143 145 131
-0.082854 0.002586 0.279411 139 134 112
-0.082124 0.002234 0.280153 135 125 90
-0.082342 0.002179 0.280663 139 116 72
-0.082560 0.002124 0.281173 140 111 55
-0.082779 0.002069 0.281682 140 106 43
-0.082997 0.002014 0.282192 142 105 37
-0.083215 0.001959 0.282702 140 103 35
-0.082481 0.001608 0.283434 141 101 32
-0.082698 0.001553 0.283942 143 100 32
-0.082916 0.001498 0.284450 145 96 29
-0.083133 0.001443 0.284959 149 95 25
-0.083350 0.001389 0.285467 149 94 27
-0.084523 0.001629 0.285762 145 95 32
-0.084741 0.001574 0.286271 143 94 35
-0.084959 0.001519 0.286781 142 93 34
-0.085177 0.001464 0.287291 140 94 35
-0.086353 0.001704 0.287593 140 93 37
-0.086571 0.001649 0.288104 140 90 37
-0.087749 0.001888 0.288411 140 87 37
-0.087968 0.001832 0.288923 141 83 35
-0.089148 0.002071 0.289234 146 84 37
-0.090329 0.002309 0.289548 154 90 42
-0.090549 0.002254 0.290064 159 93 43
-0.090770 0.002198 0.290579 165 99 47
-0.090990 0.002143 0.291095 169 106 52
-0.091211 0.002087 0.291611 169 108 51
-0.091431 0.002031 0.292127 167 108 48
-0.091652 0.001976 0.292643 163 105 42
-0.091873 0.001920 0.293159 164 103 40
-0.087309 0.006206 0.270902 129 144 151
-0.087533 0.006150 0.271425 140 149 144
-0.087757 0.006094 0.271948 133 137 122
-0.087981 0.006037 0.272471 136 136 112
-0.088204 0.005981 0.272995 134 130 101
-0.087486 0.005624 0.273761 132 128 99
-0.087709 0.005568 0.274283 130 126 99
-0.086989 0.005212 0.275045 129 127 106
-0.085325 0.004557 0.276043 129 130 114
-0.084602 0.004202 0.276797 151 154 143
-0.083877 0.003847 0.277549 155 161 149
-0.083152 0.003493 0.278298 149 151 137
-0.082425 0.003139 0.279043 143 138 116
-0.082643 0.003084 0.279555 137 126 94
-0.081915 0.002730 0.280296 141 122 80
-0.082133 0.002675 0.280806 139 112 59
-0.082351 0.002620 0.281316 140 108 47
-0.082569 0.002565 0.281826 145 107 42
-0.082787 0.002510 0.282336 144 107 39
-0.083005 0.002455 0.282845 141 104 36
-0.083223 0.002400 0.283355 137 98 31
-0.083441 0.002345 0.283865 139 98 32
-0.083659 0.002290 0.284375 145 100 33
-0.083877 0.002235 0.284885 147 96 30
-0.084095 0.002180 0.285395 144 91 25
-0.084313 0.002125 0.285905 144 93 30
-0.084531 0.002070 0.286415 149 97 37
-0.084749 0.002015 0.286925 142 92 33
-0.085924 0.002256 0.287225 147 98 40
-0.086142 0.002201 0.287737 140 91 35
-0.087319 0.002442 0.288042 140 91 35
-0.088496 0.002683 0.288350 140 87 35
-0.088716 0.002627 0.288864 140 84 33
-0.089896 0.002867 0.289177 148 88 38
-0.090116 0.002811 0.289693 152 90 39
-0.090337 0.002756 0.290209 156 93 40
-0.091519 0.002995 0.290527 157 94 40
-0.091740 0.002939 0.291044 159 97 38
-0.091961 0.002884 0.291562 159 99 37
-0.092182 0.002828 0.292079 159 101 37
-0.087094 0.006716 0.271049 141 153 153
-0.087318 0.006659 0.271572 139 145 135
-0.087541 0.006603 0.272095 138 140 119
-0.087765 0.006546 0.272618 136 135 107
-0.087989 0.006490 0.273142 135 132 101
-0.087272 0.006132 0.273908 134 131 100
-0.087495 0.006076 0.274429 134 133 105
-0.085833 0.005417 0.275431 125 124 103
-0.085112 0.005061 0.276188 131 132 116
-0.084389 0.004704 0.276942 157 163 149
-0.083665 0.004348 0.277693 158 162 148
-0.082940 0.003992 0.278442 148 147 127
-0.082214 0.003637 0.279187 141 134 105
-0.082433 0.003581 0.279698 138 123 82
-0.081705 0.003226 0.280439 140 117 67
-0.081923 0.003171 0.280949 138 108 48
-0.082141 0.003116 0.281459 140 105 39
-0.082359 0.003061 0.281969 142 103 34
-0.082577 0.003006 0.282479 138 100 29
-0.082795 0.002951 0.282989 137 98 29
-0.083013 0.002896 0.283499 141 102 35
-0.083231 0.002841 0.284009 139 98 32
-0.083449 0.002786 0.284518 138 93 26
-0.083667 0.002731 0.285028 147 98 32
-0.083885 0.002676 0.285538 149 98 33
-0.084103 0.002621 0.286048 151 99 39
-0.085276 0.002864 0.286346 147 95 37
-0.085494 0.002809 0.286858 146 95 38
-0.086669 0.003052 0.287160 137 88 30
-0.086888 0.002997 0.287673 147 98 42
-0.088064 0.003239 0.287980 138 88 35
-0.088284 0.003183 0.288495 140 90 37
-0.089463 0.003425 0.288806 144 93 40
-0.089683 0.003369 0.289322 146 91 37
-0.090863 0.003610 0.289638 149 92 37
-0.091085 0.003554 0.290155 153 94 38
-0.091306 0.003499 0.290672 155 94 37
-0.091527 0.003443 0.291190 156 96 34
-0.091748 0.003387 0.291707 157 97 34
-0.091970 0.003331 0.292224 157 98 32
-0.087592 0.007585 0.270421 153 164 166
-0.087816 0.007528 0.270946 143 150 143
-0.088040 0.007472 0.271471 138 141 124
-0.088265 0.007415 0.271995 141 141 117
-0.088489 0.007359 0.272520 136 135 105
-0.087774 0.006999 0.273289 136 133 102
-0.087057 0.006640 0.274054 131 130 99
-0.086339 0.006281 0.274817 133 132 104
-0.085619 0.005922 0.275577 129 128 107
-0.084899 0.005564 0.276333 148 151 134
-0.083234 0.004904 0.277324 155 163 148
-0.082510 0.004547 0.278073 147 154 138
-0.082729 0.004491 0.278586 139 139 113
-0.082004 0.004134 0.279331 137 129 93
-0.082222 0.004079 0.279842 137 120 74
-0.081495 0.003723 0.280583 139 114 57
-0.081713 0.003668 0.281092 138 107 42
-0.081931 0.003613 0.281602 143 106 35
-0.082149 0.003558 0.282112 141 101 29
-0.082367 0.003503 0.282622 144 102 28
-0.082585 0.003448 0.283132 139 97 25
-0.082803 0.003393 0.283642 140 97 28
-0.083021 0.003338 0.284152 143 98 30
-0.083239 0.003283 0.284662 143 95 29
-0.083457 0.003228 0.285172 142 94 28
-0.083675 0.003173 0.285681 140 90 29
-0.084847 0.003417 0.285979 142 89 35
-0.085065 0.003362 0.286490 142 89 37
-0.086238 0.003606 0.286792 145 94 41
-0.086458 0.003551 0.287304 145 95 42
-0.087633 0.003795 0.287610 141 96 41
-0.088809 0.004038 0.287919 141 96 41
-0.089030 0.003982 0.288435 135 90 35
-0.090208 0.004225 0.288749 146 99 45
-0.090429 0.004169 0.289266 145 96 40
-0.090650 0.004114 0.289783 146 95 38
-0.090872 0.004058 0.290300 150 96 36
-0.092053 0.004300 0.290621 151 95 34
-0.092275 0.004244 0.291140 153 95 32
-0.092497 0.004188 0.291659 155 95 32
-0.092719 0.004132 0.292178 155 96 30
-0.087376 0.008096 0.270569 146 152 148
-0.087600 0.008039 0.271093 144 147 136
-0.087824 0.007982 0.271618 138 140 119
-0.088049 0.007926 0.272143 140 139 111
-0.088273 0.007869 0.272667 135 134 103
-0.087558 0.007508 0.273436 136 135 104
-0.086842 0.007148 0.274201 133 132 102
-0.086124 0.006787 0.274963 126 126 100
-0.084465 0.006123 0.275961 136 138 117
-0.083744 0.005764 0.276716 162 165 148
-0.083022 0.005405 0.277468 150 159 142
-0.082299 0.005046 0.278217 140 148 125
-0.082518 0.004990 0.278730 133 132 101
-0.081793 0.004632 0.279474 132 123 82
-0.082012 0.004577 0.279986 136 116 65
-0.081285 0.004219 0.280726 136 110 49
-0.081503 0.004164 0.281236 135 104 37
-0.081721 0.004109 0.281746 139 103 29
-0.081939 0.004054 0.282256 142 103 28
-0.082157 0.003999 0.282765 141 97 22
-0.082375 0.003944 0.283275 142 95 23
-0.082593 0.003889 0.283785 141 94 24
-0.082811 0.003834 0.284295 141 93 27
-0.083029 0.003779 0.284805 140 94 32
-0.084199 0.004025 0.285100 139 94 35
-0.084417 0.003970 0.285611 141 98 45
-0.084636 0.003915 0.286122 141 96 54
-0.085808 0.004161 0.286423 138 94 55
-0.086027 0.004105 0.286936 142 99 57
-0.087201 0.004351 0.287241 141 100 56
-0.088376 0.004596 0.287548 138 97 51
-0.088597 0.004540 0.288064 140 102 53
-0.089774 0.004784 0.288377 140 100 48
-0.089995 0.004729 0.288894 139 98 44
-0.091174 0.004973 0.289211 141 99 41
-0.091396 0.004917 0.289730 144 99 40
-0.091618 0.004861 0.290248 147 99 37
-0.091840 0.004805 0.290767 148 98 35
-0.092061 0.004749 0.291286 151 97 33
-0.092283 0.004693 0.291805 153 98 34
-0.093467 0.004936 0.292132 154 96 32
-0.088095 0.008913 0.270466 153 154 146
-0.087384 0.008550 0.271241 144 145 129
-0.087608 0.008493 0.271765 143 141 118
-0.087833 0.008437 0.272290 137 136 106
-0.087119 0.008074 0.273059 136 135 104
-0.086404 0.007712 0.273826 136 135 104
-0.085688 0.007350 0.274589 137 136 108
-0.084970 0.006988 0.275349 127 127 103
-0.084252 0.006627 0.276107 149 150 132
-0.083532 0.006266 0.276861 158 161 142
-0.082810 0.005905 0.277613 145 150 128
-0.082088 0.005545 0.278361 137 140 113
-0.081364 0.005185 0.279107 134 128 92
-0.081583 0.005130 0.279618 131 118 73
-0.081801 0.005074 0.280130 134 113 58
-0.081075 0.004715 0.280869 134 109 45
-0.081293 0.004660 0.281379 135 104 37
-0.081511 0.004605 0.281889 138 101 30
-0.081729 0.004550 0.282399 140 100 28
-0.081947 0.004495 0.282909 139 92 20
-0.082165 0.004440 0.283419 145 97 25
-0.082383 0.004385 0.283928 143 94 27
-0.083551 0.004633 0.284220 142 94 32
-0.083769 0.004578 0.284732 144 99 44
-0.083988 0.004523 0.285243 133 95 48
-0.084207 0.004468 0.285755 127 93 56
-0.085378 0.004715 0.286054 124 96 72
-0.085597 0.004660 0.286567 142 117 95
-0.086769 0.004907 0.286871 150 124 101
-0.087943 0.005153 0.287178 145 118 89
-0.088164 0.005098 0.287693 135 106 72
-0.090295 0.005645 0.287800 132 103 63
-0.090517 0.005589 0.288319 137 105 58
-0.090739 0.005533 0.288838 136 103 50
-0.090960 0.005478 0.289357 139 102 47
-0.091182 0.005422 0.289875 140 101 42
-0.091404 0.005366 0.290394 143 102 40
-0.092585 0.005610 0.290717 145 101 38
-0.092808 0.005554 0.291238 149 101 39
-0.093030 0.005498 0.291758 151 100 37
-0.093252 0.005442 0.292278 152 98 36
-0.087653 0.009482 0.270087 160 159 154
-0.087878 0.009425 0.270613 155 153 140
-0.087168 0.009060 0.271388 144 142 121
-0.087392 0.009004 0.271913 144 140 113
-0.087617 0.008947 0.272438 141 138 107
-0.086904 0.008583 0.273206 140 139 108
-0.086189 0.008219 0.273972 135 134 104
-0.085474 0.007856 0.274735 135 135 109
-0.084757 0.007493 0.275495 136 135 114
-0.083099 0.006823 0.276490 161 162 146
-0.082379 0.006461 0.277243 155 154 136
-0.081657 0.006099 0.277992 143 141 116
-0.081877 0.006044 0.278505 138 132 98
-0.081153 0.005682 0.279250 137 124 80
-0.081372 0.005627 0.279762 132 115 63
-0.081591 0.005572 0.280273 134 110 50
-0.080865 0.005211 0.281012 135 107 42
-0.081083 0.005156 0.281522 137 106 39
-0.081301 0.005101 0.282032 137 103 32
-0.082466 0.005352 0.282319 137 97 27
-0.082684 0.005296 0.282830 142 95 25
-0.082903 0.005241 0.283341 145 94 28
-0.083122 0.005186 0.283853 141 91 30
-0.083340 0.005131 0.284364 144 98 46
-0.083559 0.005076 0.284876 136 97 54
-0.083778 0.005021 0.285387 119 90 58
-0.084947 0.005270 0.285685 125 107 87
-0.085166 0.005214 0.286198 160 153 147
-0.086338 0.005463 0.286501 169 165 162
-0.087510 0.005711 0.286807 152 145 137
-0.087731 0.005655 0.287323 136 124 110
-0.089859 0.006206 0.287427 132 116 93
-0.090081 0.006150 0.287946 132 111 80
-0.091258 0.006397 0.288262 133 108 68
-0.091481 0.006341 0.288782 133 105 57
-0.091703 0.006285 0.289303 135 104 50
-0.091926 0.006229 0.289823 137 102 44
-0.092148 0.006173 0.290343 140 102 40
-0.092371 0.006117 0.290863 143 103 41
-0.092593 0.006061 0.291384 146 102 41
-0.092816 0.006005 0.291904 147 101 41
-0.087212 0.010051 0.269709 167 166 162
-0.087437 0.009994 0.270235 160 156 145
-0.086728 0.009628 0.271011 150 144 128
-0.086952 0.009571 0.271536 145 140 118
-0.087176 0.009514 0.272060 145 140 111
-0.086464 0.009149 0.272830 143 140 109
-0.085751 0.008784 0.273597 140 139 108
-0.085037 0.008419 0.274361 136 135 107
-0.084321 0.008054 0.275122 134 134 110
-0.083605 0.007689 0.275880 151 150 130
-0.082886 0.007325 0.276635 164 162 149
-0.082167 0.006962 0.277387 153 148 129
-0.081446 0.006598 0.278137 146 135 103
-0.081666 0.006543 0.278649 142 125 82
-0.080943 0.006180 0.279394 142 119 69
-0.081162 0.006125 0.279906 137 111 54
-0.081380 0.006070 0.280417 136 106 44
-0.081599 0.006015 0.280928 134 100 36
-0.081818 0.005959 0.281440 135 102 35
-0.082036 0.005904 0.281951 133 98 32
-0.082255 0.005849 0.282462 137 96 30
-0.082474 0.005794 0.282974 140 95 30
-0.082692 0.005739 0.283485 139 89 28
-0.082911 0.005684 0.283996 139 92 40
-0.083130 0.005629 0.284508 135 96 55
-0.084297 0.005879 0.284804 124 94 66
-0.084517 0.005824 0.285317 134 118 103
-0.084736 0.005769 0.285829 160 160 160
-0.089424 0.006767 0.287054 133 138 141
-0.089646 0.006711 0.287573 131 128 119
-0.090822 0.006960 0.287888 125 112 93
-0.091044 0.006904 0.288408 134 115 83
-0.091267 0.006847 0.288929 134 109 68
-0.091489 0.006791 0.289449 134 106 56
-0.091712 0.006735 0.289969 135 104 49
-0.091934 0.006679 0.290489 137 102 44
-0.092157 0.006623 0.291010 139 103 41
-0.092379 0.006567 0.291530 143 103 42
-0.092602 0.006511 0.292050 143 101 41
-0.086995 0.010563 0.269857 170 170 160
-0.087220 0.010506 0.270383 157 154 139
-0.086512 0.010138 0.271158 145 140 120
-0.086736 0.010082 0.271683 148 142 116
-0.086960 0.010025 0.272208 146 141 111
-0.086249 0.009658 0.272977 142 139 106
-0.085537 0.009291 0.273744 136 135 105
-0.084823 0.008925 0.274507 138 138 110
-0.084108 0.008559 0.275268 137 137 113
-0.083392 0.008193 0.276026 164 163 143
-0.082674 0.007827 0.276780 155 152 135
-0.081955 0.007462 0.277532 142 134 111
-0.081235 0.007097 0.278281 143 125 87
-0.081454 0.007042 0.278794 138 115 65
-0.080732 0.006678 0.279538 141 112 56
-0.080951 0.006623 0.280049 139 107 46
-0.081170 0.006567 0.280561 140 105 41
-0.081388 0.006512 0.281072 135 100 34
-0.081607 0.006457 0.281583 136 101 35
-0.081826 0.006402 0.282095 133 98 34
-0.082045 0.006347 0.282606 134 94 33
-0.083209 0.006600 0.282896 137 94 39
-0.083428 0.006544 0.283409 138 94 45
-0.083648 0.006489 0.283922 134 96 57
-0.083867 0.006434 0.284435 121 95 70
-0.084086 0.006378 0.284948 140 126 115
-0.090385 0.007522 0.287514 123 133 135
-0.090608 0.007466 0.288034 125 125 117
-0.091784 0.007716 0.288353 129 118 98
-0.091053 0.007354 0.289075 130 111 79
-0.091275 0.007298 0.289595 132 109 67
-0.091498 0.007242 0.290115 133 105 57
-0.091720 0.007186 0.290636 135 104 49
-0.091943 0.007129 0.291156 138 103 45
-0.092165 0.007073 0.291676 139 103 43
-0.086554 0.011132 0.269478 179 186 178
-0.086779 0.011075 0.270005 169 170 154
-0.086071 0.010706 0.270781 157 155 132
-0.086296 0.010649 0.271306 145 141 116
-0.085586 0.010280 0.272078 144 140 111
-0.085810 0.010224 0.272601 144 141 110
-0.085099 0.009855 0.273369 138 138 104
-0.084386 0.009487 0.274133 133 134 103
-0.083672 0.009120 0.274895 134 134 106
-0.083894 0.009064 0.275414 149 149 125
-0.082241 0.008385 0.276409 159 157 134
-0.081524 0.008018 0.277162 149 145 120
-0.080805 0.007652 0.277912 137 128 95
-0.081024 0.007597 0.278425 145 124 77
-0.081243 0.007541 0.278938 138 112 55
-0.080522 0.007175 0.279682 140 110 50
-0.080741 0.007120 0.280193 134 103 38
-0.080959 0.007065 0.280704 135 100 32
-0.081178 0.007010 0.281216 136 99 31
-0.081397 0.006955 0.281727 138 100 35
-0.081615 0.006900 0.282238 134 96 34
-0.082779 0.007154 0.282528 136 97 42
-0.082998 0.007099 0.283040 133 96 51
-0.083217 0.007043 0.283553 126 96 62
-0.083437 0.006988 0.284066 118 97 76
-0.083656 0.006933 0.284579 151 144 138
-0.091346 0.008280 0.287978 132 143 147
-0.091569 0.008224 0.288499 122 123 117
-0.091792 0.008167 0.289021 128 119 102
-0.092016 0.008111 0.289543 129 112 82
-0.092239 0.008055 0.290065 130 107 66
-0.092462 0.007999 0.290586 131 103 55
-0.086337 0.011644 0.269626 156 167 159
-0.086562 0.011587 0.270152 146 149 132
-0.085855 0.011216 0.270929 151 151 125
-0.085147 0.010846 0.271702 148 144 117
-0.085371 0.010789 0.272225 146 143 112
-0.084661 0.010419 0.272994 145 142 109
-0.084884 0.010363 0.273515 138 138 104
-0.083237 0.009680 0.274522 128 127 96
-0.083459 0.009624 0.275041 140 140 112
-0.081808 0.008943 0.276039 161 159 134
-0.082029 0.008887 0.276554 160 156 129
-0.081312 0.008519 0.277307 140 135 105
-0.080594 0.008151 0.278056 133 124 85
-0.080813 0.008096 0.278569 136 116 63
-0.081032 0.008040 0.279082 135 109 48
-0.081252 0.007985 0.279595 137 107 43
-0.080530 0.007618 0.280337 136 105 38
-0.080749 0.007563 0.280848 138 103 35
-0.081909 0.007819 0.281133 133 96 28
-0.082129 0.007764 0.281646 130 92 29
-0.082348 0.007709 0.282159 132 97 41
-0.082567 0.007653 0.282672 125 94 48
-0.082787 0.007598 0.283185 120 96 62
-0.083951 0.007853 0.283479 127 111 95
-0.084171 0.007798 0.283993 171 168 163
-0.091355 0.008731 0.288646 134 145 151
-0.091578 0.008675 0.289168 120 121 116
-0.085190 0.011840 0.270027 135 149 149
-0.085415 0.011783 0.270551 141 147 135
-0.084708 0.011411 0.271325 144 143 122
-0.084932 0.011355 0.271849 145 141 114
-0.084223 0.010983 0.272618 143 137 105
-0.084446 0.010927 0.273140 136 130 96
-0.083735 0.010556 0.273905 141 137 102
-0.083023 0.010185 0.274668 123 118 88
-0.082310 0.009815 0.275427 154 150 121
-0.081596 0.009445 0.276183 167 163 136
-0.080880 0.009075 0.276937 149 144 115
-0.081100 0.009019 0.277451 142 138 103
-0.080382 0.008650 0.278200 128 120 74
-0.080602 0.008595 0.278713 134 117 61
-0.080821 0.008539 0.279226 132 108 44
-0.081040 0.008484 0.279739 129 101 36
-0.081260 0.008429 0.280252 128 97 32
-0.081479 0.008374 0.280764 130 95 29
-0.081698 0.008318 0.281277 132 97 33
-0.081918 0.008263 0.281790 129 92 37
-0.082137 0.008208 0.282303 125 94 48
-0.082356 0.008152 0.282816 114 95 63
-0.083520 0.008409 0.283109 135 128 110
-0.084045 0.012033 0.270426 120 139 145
-0.084269 0.011977 0.270949 136 145 140
-0.084493 0.011921 0.271472 134 136 122
-0.083785 0.011547 0.272243 140 138 113
-0.084008 0.011491 0.272765 141 136 106
-0.084231 0.011435 0.273287 133 127 95
-0.083521 0.011062 0.274052 130 124 92
-0.081876 0.010374 0.275055 150 143 114
-0.081163 0.010002 0.275813 184 179 150
-0.080448 0.009631 0.276567 163 156 127
-0.080668 0.009575 0.277081 142 136 102
-0.079952 0.009205 0.277831 137 129 90
-0.080171 0.009149 0.278344 129 119 70
-0.080391 0.009094 0.278857 132 113 54
-0.080610 0.009039 0.279370 135 111 47
-0.080829 0.008983 0.279883 133 105 40
-0.081049 0.008928 0.280396 131 100 36
-0.081268 0.008873 0.280909 125 91 30
-0.081487 0.008817 0.281421 127 92 38
-0.081707 0.008762 0.281934 124 93 49
-0.082868 0.009021 0.282225 124 101 70
-0.083088 0.008965 0.282739 154 145 130
-0.083124 0.012168 0.271346 115 129 130
-0.083347 0.012112 0.271868 131 138 130
-0.082640 0.011737 0.272637 130 131 113
-0.082862 0.011681 0.273157 130 125 103
-0.080730 0.010560 0.275442 179 172 144
-0.080017 0.010187 0.276197 170 163 134
-0.080237 0.010131 0.276712 152 144 108
-0.080457 0.010076 0.277226 143 134 93
-0.079741 0.009704 0.277976 132 121 75
-0.079960 0.009648 0.278488 129 116 63
-0.080180 0.009593 0.279001 129 109 48
-0.080399 0.009538 0.279514 131 106 42
-0.080618 0.009482 0.280027 125 95 33
-0.080838 0.009427 0.280540 128 96 39
-0.081057 0.009372 0.281053 126 92 44
-0.081276 0.009316 0.281566 118 88 50
-0.081495 0.009261 0.282078 126 104 80
-0.082656 0.009521 0.282369 163 150 141
-0.082909 0.012676 0.271493 166 184 194
-0.083132 0.012619 0.272015 113 125 125
-0.081495 0.011924 0.273030 119 125 115
-0.081717 0.011868 0.273549 110 112 98
-0.081008 0.011493 0.274311 152 151 133
-0.080297 0.011118 0.275071 173 171 150
-0.080518 0.011062 0.275587 156 152 127
-0.079805 0.010688 0.276342 152 146 114
-0.080025 0.010632 0.276856 140 131 90
-0.079310 0.010258 0.277607 129 119 70
-0.079530 0.010203 0.278120 136 123 70
-0.079749 0.010147 0.278632 129 112 56
-0.079968 0.010092 0.279145 129 107 47
-0.080188 0.010037 0.279658 124 98 39
-0.080407 0.009982 0.280171 124 97 42
-0.080626 0.009926 0.280684 119 91 44
-0.080846 0.009871 0.281197 112 86 51
-0.082005 0.010133 0.281485 127 106 85
-0.082225 0.010077 0.281999 134 121 113
-0.081989 0.012806 0.272409 100 119 126
-0.081282 0.012429 0.273176 108 122 123
-0.080574 0.012052 0.273939 126 137 133
-0.079864 0.011675 0.274700 142 149 142
-0.080085 0.011620 0.275216 138 141 130
-0.079373 0.011244 0.275972 136 135 114
-0.079593 0.011188 0.276486 131 126 94
-0.078880 0.010812 0.277238 131 123 77
-0.079099 0.010757 0.277751 135 122 69
-0.079319 0.010702 0.278264 126 109 53
-0.079538 0.010647 0.278777 125 104 47
-0.079757 0.010591 0.279289 125 103 45
-0.079977 0.010536 0.279802 118 97 44
-0.080196 0.010481 0.280315 110 91 49
-0.080415 0.010425 0.280828 111 96 65
-0.080635 0.010370 0.281341 125 116 99
-0.081793 0.010633 0.281630 123 120 115
-0.079431 0.012233 0.274329 134 153 157
-0.079652 0.012177 0.274845 128 142 145
-0.078942 0.011800 0.275602 110 121 117
-0.079162 0.011744 0.276116 124 128 113
-0.078450 0.011367 0.276869 127 127 99
-0.078669 0.011312 0.277382 124 117 75
-0.078888 0.011256 0.277895 124 112 62
-0.079108 0.011201 0.278408 121 104 52
-0.079327 0.011146 0.278921 123 103 52
-0.079546 0.011090 0.279434 114 94 44
-0.079766 0.011035 0.279946 116 99 56
-0.079985 0.010980 0.280459 136 125 95
-0.080204 0.010924 0.280972 143 138 119
-0.078730 0.012300 0.275747 129 147 151
-0.078950 0.012245 0.276261 86 97 91
-0.078239 0.011866 0.277013 107 112 92
-0.078458 0.011811 0.277526 117 114 83
-0.078677 0.011755 0.278039 113 104 65
-0.078896 0.011700 0.278552 116 101 60
-0.079116 0.011645 0.279065 118 103 62
-0.079335 0.011589 0.279578 138 124 89
-0.079554 0.011534 0.280091 165 154 126
-0.079774 0.011479 0.280603 174 169 150
-0.078738 0.012745 0.276406 127 142 145
-0.078027 0.012365 0.277158 99 109 101
-0.078247 0.012310 0.277670 96 99 82
-0.078466 0.012255 0.278183 102 98 73
-0.078685 0.012199 0.278696 104 97 69
-0.078905 0.012144 0.279209 105 95 70
-0.079124 0.012089 0.279722 116 108 89
