{
  "ref_cam_idx": 0,
  "T_Cref_Ci": {
    "0": [
      1.0,
      0.0,
      0.0,
      0.0,
      0.0,
      1.0,
      0.0,
      0.0,
      0.0,
      0.0,
      1.0,
      0.0,
      0.0,
      0.0,
      0.0,
      1.0
    ],
    "1": [
      -0.2897644810305582,
      -0.14103715481028625,
      0.9466493894208943,
      -0.3344156941828439,
      0.19522871318017163,
      0.9595778336169377,
      0.20272180637730408,
      -0.052889112917864016,
      -0.936975077084736,
      0.2435547211488257,
      -0.2505170707220752,
      0.42922296327617426,
      0.0,
      0.0,
      0.0,
      1.0
    ],
    "2": [
      -0.39015357996202815,
      0.3753268268619577,
      -0.84077937479162,
      0.24474498434503056,
      -0.09858604712512814,
      0.8908684946518962,
      0.44343445575244816,
      -0.10041565379896493,
      0.9154567031539479,
      0.25589665545677215,
      -0.310573544223105,
      0.3580600028014795,
      0.0,
      0.0,
      0.0,
      1.0
    ]
  }
}