{
  "ref_cam_idx": 0,
  "T_Cref_Ci": {
    "0": [
      1.0,
      0.0,
      0.0,
      0.0,
      0.0,
      1.0,
      0.0,
      0.0,
      0.0,
      0.0,
      1.0,
      0.0,
      0.0,
      0.0,
      0.0,
      1.0
    ],
    "1": [
      -0.5976036941711476,
      -0.10877974647760677,
      0.7943782420628571,
      -0.1648159607222005,
      0.17746794236617466,
      0.9482345640152011,
      0.2633559208353033,
      -0.07395941340640894,
      -0.7819046963274512,
      0.29835914325349916,
      -0.5473635606175526,
      0.483918381749874,
      0.0,
      0.0,
      0.0,
      1.0
    ],
    "2": [
      0.3770329330319756,
      0.33879484053831876,
      -0.862011730448855,
      0.3341467741991924,
      -0.09559071623522755,
      0.9399611199965983,
      0.32762098202669615,
      -0.07497777863195958,
      0.9212538099657719,
      -0.04112358105899455,
      0.3867819394723354,
      0.18089014907977205,
      0.0,
      0.0,
      0.0,
      1.0
    ]
  }
}