ply
format ascii 1.0
element vertex 20000
property float x
property float y
property float z
end_header
-0.044376 0.043030 0.375000
-0.023652 0.042227 0.368000
-0.043645 0.043530 0.374000
-0.027721 0.042599 0.366000
-0.024790 0.042715 0.367000
-0.021784 0.042715 0.367000
-0.018778 0.042715 0.367000
-0.045361 0.044026 0.373000
-0.042420 0.044144 0.374000
-0.028841 0.043082 0.365000
-0.025922 0.043200 0.366000
-0.022924 0.043200 0.366000
-0.019926 0.043200 0.366000
-0.016974 0.043318 0.367000
-0.046815 0.044280 0.370000
-0.044139 0.044639 0.373000
-0.032074 0.043203 0.361000
-0.029359 0.043562 0.364000
-0.026522 0.043801 0.366000
-0.023524 0.043801 0.366000
-0.020526 0.043801 0.366000
-0.017528 0.043801 0.366000
-0.050506 0.044402 0.366000
-0.047768 0.044645 0.368000
-0.045240 0.045130 0.372000
-0.042306 0.045252 0.373000
-0.030891 0.043796 0.361000
-0.028166 0.044160 0.364000
-0.025253 0.044281 0.365000
-0.022263 0.044281 0.365000
-0.019274 0.044281 0.365000
-0.016328 0.044402 0.366000
-0.050368 0.044881 0.365000
-0.047768 0.045249 0.368000
-0.045118 0.045618 0.371000
-0.042306 0.045864 0.373000
-0.033567 0.044020 0.358000
-0.030891 0.044389 0.361000
-0.028088 0.044635 0.363000
-0.025184 0.044758 0.364000
-0.022202 0.044758 0.364000
-0.019274 0.044881 0.365000
-0.016328 0.045004 0.366000
-0.052616 0.045355 0.364000
-0.049770 0.045480 0.365000
-0.047165 0.045854 0.368000
-0.044510 0.046228 0.371000
-0.041583 0.046352 0.372000
-0.035129 0.044359 0.356000
-0.032394 0.044608 0.358000
-0.029708 0.044982 0.361000
-0.026304 0.045231 0.363000
-0.023331 0.045231 0.363000
-0.020357 0.045231 0.363000
-0.017480 0.045480 0.365000
-0.014529 0.045605 0.366000
-0.052616 0.045953 0.364000
-0.049770 0.046080 0.365000
-0.047165 0.046458 0.368000
-0.044510 0.046837 0.371000
-0.037883 0.045448 0.360000
-0.034449 0.044817 0.355000
-0.031807 0.045196 0.358000
-0.029036 0.045448 0.360000
-0.026232 0.045701 0.362000
-0.023267 0.045701 0.362000
-0.020357 0.045827 0.363000
-0.017480 0.046080 0.365000
-0.014490 0.046080 0.365000
-0.053066 0.046423 0.363000
-0.050368 0.046679 0.365000
-0.047638 0.046935 0.367000
-0.044997 0.047319 0.370000
-0.041739 0.047063 0.368000
-0.036671 0.045272 0.354000
-0.033867 0.045400 0.355000
-0.031133 0.045656 0.357000
-0.028367 0.045912 0.359000
-0.025497 0.046040 0.360000
-0.022611 0.046168 0.361000
-0.019708 0.046296 0.362000
-0.016835 0.046551 0.364000
-0.013892 0.046679 0.365000
-0.053066 0.047020 0.363000
-0.050368 0.047279 0.365000
-0.047638 0.047538 0.367000
-0.044753 0.047667 0.368000
-0.041739 0.047667 0.368000
-0.036568 0.045724 0.353000
-0.033867 0.045983 0.355000
-0.031046 0.046113 0.356000
-0.028288 0.046372 0.358000
-0.025426 0.046502 0.359000
-0.022548 0.046631 0.360000
-0.019708 0.046890 0.362000
-0.016835 0.047149 0.364000
-0.013892 0.047279 0.365000
-0.053066 0.047616 0.363000
-0.050230 0.047747 0.364000
-0.047508 0.048009 0.366000
-0.044510 0.048009 0.366000
-0.038661 0.046042 0.351000
-0.035411 0.046304 0.353000
-0.032704 0.046567 0.355000
-0.029880 0.046698 0.356000
-0.027039 0.046829 0.357000
-0.024183 0.046960 0.358000
-0.021369 0.047222 0.360000
-0.018522 0.047485 0.362000
-0.015643 0.047747 0.364000
-0.012696 0.047878 0.365000
-0.051876 0.048212 0.363000
-0.049172 0.048478 0.365000
-0.046309 0.048611 0.366000
-0.040844 0.046486 0.350000
-0.038086 0.046618 0.351000
-0.035311 0.046751 0.352000
-0.032612 0.047017 0.354000
-0.029796 0.047150 0.355000
-0.026964 0.047282 0.356000
-0.024115 0.047415 0.357000
-0.021309 0.047681 0.359000
-0.018522 0.048079 0.362000
-0.015600 0.048212 0.363000
-0.012661 0.048345 0.364000
-0.053066 0.048808 0.363000
-0.049954 0.048674 0.362000
-0.047378 0.049077 0.365000
-0.041181 0.046792 0.348000
-0.038440 0.046926 0.349000
-0.035786 0.047195 0.351000
-0.033004 0.047329 0.352000
-0.030206 0.047464 0.353000
-0.027469 0.047733 0.355000
-0.024631 0.047867 0.356000
-0.021836 0.048136 0.358000
-0.019062 0.048540 0.361000
-0.016194 0.048808 0.363000
-0.013257 0.048943 0.364000
-0.058336 0.044777 0.329000
-0.053661 0.049405 0.363000
-0.050268 0.048996 0.360000
-0.047976 0.049677 0.365000
-0.041063 0.047227 0.347000
-0.038440 0.047499 0.349000
-0.035684 0.047635 0.350000
-0.032910 0.047771 0.351000
-0.030121 0.047908 0.352000
-0.027392 0.048180 0.354000
-0.024561 0.048316 0.355000
-0.021775 0.048588 0.357000
-0.019010 0.048996 0.360000
-0.016150 0.049269 0.362000
-0.063029 0.045593 0.331000
-0.060136 0.045455 0.330000
-0.057258 0.045318 0.329000
-0.051448 0.049588 0.360000
-0.047286 0.048348 0.351000
-0.042078 0.047659 0.346000
-0.039357 0.047797 0.347000
-0.036725 0.048073 0.349000
-0.033963 0.048210 0.350000
-0.031185 0.048348 0.351000
-0.028391 0.048486 0.352000
-0.025580 0.048624 0.353000
-0.022817 0.048899 0.355000
-0.020077 0.049312 0.358000
-0.017288 0.049725 0.361000
-0.014410 0.050001 0.363000
-0.062839 0.045997 0.330000
-0.060136 0.045997 0.330000
-0.057258 0.045858 0.329000
-0.054729 0.045997 0.330000
-0.047998 0.049064 0.352000
-0.044217 0.048088 0.345000
-0.041391 0.048088 0.345000
-0.038789 0.048367 0.347000
-0.036050 0.048506 0.348000
-0.033295 0.048646 0.349000
-0.030523 0.048785 0.350000
-0.027735 0.048925 0.351000
-0.025001 0.049203 0.353000
-0.022235 0.049482 0.355000
-0.019545 0.050040 0.359000
-0.016743 0.050458 0.362000
-0.013854 0.050737 0.364000
-0.062298 0.046540 0.330000
-0.059414 0.046398 0.329000
-0.056719 0.046398 0.329000
-0.054189 0.046540 0.330000
-0.046747 0.048937 0.347000
-0.043525 0.048514 0.344000
-0.040826 0.048655 0.345000
-0.038110 0.048796 0.346000
-0.035378 0.048937 0.347000
-0.032629 0.049078 0.348000
-0.029864 0.049219 0.349000
-0.027160 0.049501 0.351000
-0.024423 0.049783 0.353000
-0.021653 0.050065 0.355000
-0.018957 0.050629 0.359000
-0.016150 0.051052 0.362000
-0.065542 0.047082 0.330000
-0.062839 0.047082 0.330000
-0.059414 0.046939 0.329000
-0.056719 0.046939 0.329000
-0.054024 0.046939 0.329000
-0.047884 0.049507 0.347000
-0.044523 0.048936 0.343000
-0.041835 0.049079 0.344000
-0.039130 0.049222 0.345000
-0.036409 0.049364 0.346000
-0.033672 0.049507 0.347000
-0.030919 0.049650 0.348000
-0.028149 0.049792 0.349000
-0.025507 0.050220 0.352000
-0.022752 0.050506 0.354000
-0.020021 0.050934 0.357000
-0.017288 0.051504 0.361000
-0.065882 0.047479 0.329000
-0.063187 0.047479 0.329000
-0.060492 0.047479 0.329000
-0.057797 0.047479 0.329000
-0.055102 0.047479 0.329000
-0.049161 0.049644 0.344000
-0.046209 0.049500 0.343000
-0.043399 0.049500 0.343000
-0.040589 0.049500 0.343000
-0.037890 0.049644 0.344000
-0.035174 0.049788 0.345000
-0.032442 0.049933 0.346000
-0.029778 0.050221 0.348000
-0.027083 0.050510 0.350000
-0.024354 0.050799 0.352000
-0.021653 0.051231 0.355000
-0.018904 0.051664 0.358000
-0.016150 0.052242 0.362000
-0.064804 0.048020 0.329000
-0.062109 0.048020 0.329000
-0.059414 0.048020 0.329000
-0.056719 0.048020 0.329000
-0.054024 0.048020 0.329000
-0.047755 0.049917 0.342000
-0.044953 0.049917 0.342000
-0.042152 0.049917 0.342000
-0.039465 0.050063 0.343000
-0.036656 0.050063 0.343000
-0.034043 0.050355 0.345000
-0.031308 0.050501 0.346000
-0.028638 0.050793 0.348000
-0.025936 0.051085 0.350000
-0.023266 0.051523 0.353000
-0.020490 0.051815 0.355000
-0.017830 0.052544 0.360000
-0.066018 0.048265 0.327000
-0.062995 0.048413 0.328000
-0.060309 0.048413 0.328000
-0.057797 0.048560 0.329000
-0.055102 0.048560 0.329000
-0.048732 0.050331 0.341000
-0.045247 0.050184 0.340000
-0.042462 0.050184 0.340000
-0.039794 0.050331 0.341000
-0.037109 0.050479 0.342000
-0.034408 0.050627 0.343000
-0.031783 0.050922 0.345000
-0.029124 0.051217 0.347000
-0.026433 0.051512 0.349000
-0.023777 0.051955 0.352000
-0.021072 0.052398 0.355000
-0.018369 0.052988 0.359000
-0.066350 0.048653 0.326000
-0.063875 0.048802 0.327000
-0.061383 0.048951 0.328000
-0.058697 0.048951 0.328000
-0.056180 0.049101 0.329000
-0.053486 0.049101 0.329000
-0.046225 0.050593 0.339000
-0.043448 0.050593 0.339000
-0.040791 0.050742 0.340000
-0.038118 0.050891 0.341000
-0.035428 0.051041 0.342000
-0.032722 0.051190 0.343000
-0.030087 0.051488 0.345000
-0.027498 0.051936 0.348000
-0.024860 0.052384 0.351000
-0.022110 0.052682 0.353000
-0.019382 0.053130 0.356000
-0.067211 0.049037 0.325000
-0.064748 0.049188 0.326000
-0.062268 0.049339 0.327000
-0.059589 0.049339 0.327000
-0.057084 0.049490 0.328000
-0.054563 0.049641 0.329000
-0.048424 0.050546 0.335000
-0.045952 0.050848 0.337000
-0.043320 0.050999 0.338000
-0.040671 0.051150 0.339000
-0.038006 0.051301 0.340000
-0.035325 0.051452 0.341000
-0.032627 0.051602 0.342000
-0.030087 0.052055 0.345000
-0.027498 0.052508 0.348000
-0.024860 0.052960 0.351000
-0.022110 0.053262 0.353000
-0.019382 0.053715 0.356000
-0.066679 0.049571 0.325000
-0.064017 0.049571 0.325000
-0.061543 0.049724 0.326000
-0.059053 0.049876 0.327000
-0.056547 0.050029 0.328000
-0.054024 0.050181 0.329000
-0.048680 0.050791 0.333000
-0.046228 0.051097 0.335000
-0.043614 0.051249 0.336000
-0.041105 0.051554 0.338000
-0.038450 0.051707 0.339000
-0.035778 0.051859 0.340000
-0.033090 0.052012 0.341000
-0.030563 0.052469 0.344000
-0.027987 0.052927 0.347000
-0.025362 0.053384 0.350000
-0.022688 0.053842 0.353000
-0.019909 0.054147 0.355000
-0.067004 0.049951 0.324000
-0.064350 0.049951 0.324000
-0.061887 0.050105 0.325000
-0.059589 0.050413 0.327000
-0.057084 0.050568 0.328000
-0.054398 0.050568 0.328000
-0.050557 0.051030 0.331000
-0.047990 0.051184 0.332000
-0.045543 0.051493 0.334000
-0.043064 0.051801 0.336000
-0.040431 0.051955 0.337000
-0.037783 0.052109 0.338000
-0.035117 0.052263 0.339000
-0.032531 0.052572 0.341000
-0.030000 0.053034 0.344000
-0.027498 0.053651 0.348000
-0.024860 0.054113 0.351000
-0.022110 0.054422 0.353000
-0.069658 0.050483 0.324000
-0.067004 0.050483 0.324000
-0.064350 0.050483 0.324000
-0.061887 0.050639 0.325000
-0.059407 0.050795 0.326000
-0.056910 0.050951 0.327000
-0.054398 0.051106 0.328000
-0.052026 0.051418 0.330000
-0.049472 0.051574 0.331000
-0.046902 0.051730 0.332000
-0.044449 0.052041 0.334000
-0.041838 0.052197 0.335000
-0.039327 0.052509 0.337000
-0.036675 0.052664 0.338000
-0.034107 0.052976 0.340000
-0.030946 0.053288 0.342000
-0.028474 0.053911 0.346000
-0.025936 0.054534 0.350000
-0.023266 0.055002 0.353000
-0.069973 0.050858 0.323000
-0.067327 0.050858 0.323000
-0.064681 0.050858 0.323000
-0.062227 0.051015 0.324000
-0.059757 0.051173 0.325000
-0.057446 0.051488 0.327000
-0.054935 0.051645 0.328000
-0.052408 0.051803 0.329000
-0.049864 0.051960 0.330000
-0.047446 0.052275 0.332000
-0.044861 0.052432 0.333000
-0.042260 0.052590 0.334000
-0.039761 0.052905 0.336000
-0.037119 0.053062 0.337000
-0.034562 0.053377 0.339000
-0.031973 0.053692 0.341000
-0.029436 0.054164 0.344000
-0.026928 0.054794 0.348000
-0.024354 0.055424 0.352000
-0.069973 0.051388 0.323000
-0.067327 0.051388 0.323000
-0.064681 0.051388 0.323000
-0.062035 0.051388 0.323000
-0.059757 0.051707 0.325000
-0.057446 0.052025 0.327000
-0.054935 0.052184 0.328000
-0.052408 0.052343 0.329000
-0.049864 0.052502 0.330000
-0.047303 0.052661 0.331000
-0.044727 0.052820 0.332000
-0.042134 0.052979 0.333000
-0.039643 0.053298 0.335000
-0.037009 0.053457 0.336000
-0.034562 0.053934 0.339000
-0.031973 0.054252 0.341000
-0.029436 0.054729 0.344000
-0.026928 0.055366 0.348000
-0.024423 0.056161 0.353000
-0.070591 0.051597 0.321000
-0.068173 0.051758 0.322000
-0.065536 0.051758 0.322000
-0.062898 0.051758 0.322000
-0.060448 0.051919 0.323000
-0.058339 0.052401 0.326000
-0.055839 0.052562 0.327000
-0.053323 0.052723 0.328000
-0.050636 0.052723 0.328000
-0.047701 0.053044 0.330000
-0.045134 0.053205 0.331000
-0.042551 0.053366 0.332000
-0.040071 0.053687 0.334000
-0.037559 0.054009 0.336000
-0.035014 0.054330 0.338000
-0.032436 0.054652 0.340000
-0.029912 0.055134 0.343000
-0.027498 0.055937 0.348000
-0.024931 0.056580 0.352000
-0.070065 0.052125 0.321000
-0.067436 0.052125 0.321000
-0.065008 0.052287 0.322000
-0.062371 0.052287 0.322000
-0.059918 0.052450 0.323000
-0.057627 0.052774 0.325000
-0.055303 0.053099 0.327000
-0.052625 0.053099 0.327000
-0.050099 0.053261 0.328000
-0.047557 0.053424 0.329000
-0.044998 0.053586 0.330000
-0.042423 0.053749 0.331000
-0.040071 0.054236 0.334000
-0.037447 0.054398 0.335000
-0.035014 0.054885 0.338000
-0.032436 0.055210 0.340000
-0.030000 0.055860 0.344000
-0.027498 0.056509 0.348000
-0.025001 0.057321 0.353000
-0.070371 0.052488 0.320000
-0.067962 0.052652 0.321000
-0.065332 0.052652 0.321000
-0.062703 0.052652 0.321000
-0.060260 0.052816 0.322000
-0.058160 0.053308 0.325000
-0.055668 0.053472 0.326000
-0.053160 0.053636 0.327000
-0.050482 0.053636 0.327000
-0.047949 0.053800 0.328000
-0.045401 0.053964 0.329000
-0.042965 0.054292 0.331000
-0.040497 0.054620 0.333000
-0.037996 0.054948 0.335000
-0.035462 0.055276 0.337000
-0.032993 0.055768 0.340000
-0.030474 0.056261 0.343000
-0.028068 0.057081 0.348000
-0.025507 0.057737 0.352000
-0.070371 0.053014 0.320000
-0.067750 0.053014 0.320000
-0.064604 0.053014 0.320000
-0.061983 0.053014 0.320000
-0.059733 0.053345 0.322000
-0.057450 0.053676 0.324000
-0.055134 0.054008 0.326000
-0.052464 0.054008 0.326000
-0.049793 0.054008 0.326000
-0.047267 0.054173 0.327000
-0.044862 0.054505 0.329000
-0.042295 0.054670 0.330000
-0.039951 0.055167 0.333000
-0.037447 0.055499 0.335000
-0.034910 0.055830 0.337000
-0.032436 0.056327 0.340000
-0.030087 0.057155 0.345000
-0.027577 0.057818 0.349000
-0.069931 0.053205 0.318000
-0.067538 0.053372 0.319000
-0.064925 0.053372 0.319000
-0.062312 0.053372 0.319000
-0.059886 0.053539 0.320000
-0.057802 0.054041 0.323000
-0.055497 0.054376 0.325000
-0.052835 0.054376 0.325000
-0.050327 0.054543 0.326000
-0.047803 0.054710 0.327000
-0.045263 0.054878 0.328000
-0.042835 0.055212 0.330000
-0.040375 0.055547 0.332000
-0.037883 0.055882 0.334000
-0.035462 0.056384 0.337000
-0.032993 0.056885 0.340000
-0.030563 0.057555 0.344000
-0.028149 0.058391 0.349000
-0.068673 0.053558 0.317000
-0.066493 0.053896 0.319000
-0.063880 0.053896 0.319000
-0.061267 0.053896 0.319000
-0.059022 0.054234 0.321000
-0.056743 0.054572 0.323000
-0.054265 0.054741 0.324000
-0.051611 0.054741 0.324000
-0.049108 0.054910 0.325000
-0.046589 0.055079 0.326000
-0.044188 0.055416 0.328000
-0.041754 0.055754 0.330000
-0.039288 0.056092 0.332000
-0.036898 0.056599 0.335000
-0.034460 0.057106 0.338000
-0.032066 0.057782 0.342000
-0.029693 0.058627 0.347000
-0.069052 0.053567 0.314000
-0.067115 0.054079 0.317000
-0.064722 0.054249 0.318000
-0.062117 0.054249 0.318000
-0.059699 0.054420 0.319000
-0.057444 0.054761 0.321000
-0.054985 0.054932 0.322000
-0.052510 0.055102 0.323000
-0.050019 0.055273 0.324000
-0.047511 0.055443 0.325000
-0.045125 0.055785 0.327000
-0.042706 0.056126 0.329000
-0.040254 0.056467 0.331000
-0.037883 0.056979 0.334000
-0.035462 0.057491 0.337000
-0.032993 0.058002 0.340000
-0.030741 0.059026 0.346000
-0.072508 0.053222 0.309000
-0.069345 0.053910 0.313000
-0.066994 0.054083 0.314000
-0.064832 0.054427 0.316000
-0.062441 0.054599 0.317000
-0.060033 0.054772 0.318000
-0.057789 0.055116 0.320000
-0.055340 0.055288 0.321000
-0.052875 0.055461 0.322000
-0.050393 0.055633 0.323000
-0.048043 0.055977 0.325000
-0.045521 0.056150 0.326000
-0.043113 0.056494 0.328000
-0.040796 0.057011 0.331000
-0.038315 0.057355 0.333000
-0.035908 0.057872 0.336000
-0.033550 0.058561 0.340000
-0.031308 0.059594 0.346000
-0.075282 0.053903 0.310000
-0.072508 0.053729 0.309000
-0.069977 0.053729 0.309000
-0.067883 0.054077 0.311000
-0.065755 0.054425 0.313000
-0.063595 0.054772 0.315000
-0.061402 0.055120 0.317000
-0.058805 0.055120 0.317000
-0.056741 0.055642 0.320000
-0.054289 0.055816 0.321000
-0.051820 0.055990 0.322000
-0.049335 0.056163 0.323000
-0.046978 0.056511 0.325000
-0.044589 0.056859 0.327000
-0.042167 0.057207 0.329000
-0.039711 0.057554 0.331000
-0.036898 0.058250 0.335000
-0.034562 0.058945 0.339000
-0.032254 0.059815 0.344000
-0.074533 0.054237 0.309000
-0.072002 0.054237 0.309000
-0.069471 0.054237 0.309000
-0.067156 0.054412 0.310000
-0.065034 0.054763 0.312000
-0.062879 0.055114 0.314000
-0.060691 0.055465 0.316000
-0.058286 0.055641 0.317000
-0.056041 0.055992 0.319000
-0.053595 0.056167 0.320000
-0.051292 0.056518 0.322000
-0.048806 0.056694 0.323000
-0.046446 0.057045 0.325000
-0.044053 0.057396 0.327000
-0.041628 0.057747 0.329000
-0.039288 0.058274 0.332000
-0.036898 0.058800 0.335000
-0.034562 0.059502 0.339000
-0.077314 0.054921 0.310000
-0.074774 0.054921 0.310000
-0.072002 0.054744 0.309000
-0.069471 0.054744 0.309000
-0.066940 0.054744 0.309000
-0.064316 0.055099 0.311000
-0.062166 0.055453 0.313000
-0.059983 0.055807 0.315000
-0.057767 0.056162 0.317000
-0.055344 0.056339 0.318000
-0.053071 0.056693 0.320000
-0.050607 0.056870 0.321000
-0.048277 0.057225 0.323000
-0.045913 0.057579 0.325000
-0.043517 0.057933 0.327000
-0.041213 0.058465 0.330000
-0.038860 0.058996 0.333000
-0.036458 0.059528 0.336000
-0.034207 0.060413 0.341000
-0.076298 0.055431 0.310000
-0.073521 0.055252 0.309000
-0.070990 0.055252 0.309000
-0.068237 0.055073 0.308000
-0.065927 0.055252 0.309000
-0.063601 0.055431 0.310000
-0.061653 0.055967 0.313000
-0.059467 0.056325 0.315000
-0.057067 0.056503 0.316000
-0.054823 0.056861 0.318000
-0.052382 0.057040 0.319000
-0.049555 0.057397 0.321000
-0.047365 0.057934 0.324000
-0.044987 0.058291 0.326000
-0.042576 0.058649 0.328000
-0.040254 0.059186 0.331000
-0.037883 0.059722 0.334000
-0.035673 0.060616 0.339000
-0.077563 0.056120 0.311000
-0.074774 0.055940 0.310000
-0.072002 0.055759 0.309000
-0.069246 0.055579 0.308000
-0.066723 0.055579 0.308000
-0.064409 0.055759 0.309000
-0.062278 0.056120 0.311000
-0.060307 0.056662 0.314000
-0.057918 0.056842 0.315000
-0.055689 0.057203 0.317000
-0.053260 0.057383 0.318000
-0.050974 0.057744 0.320000
-0.048655 0.058105 0.322000
-0.046446 0.058647 0.325000
-0.044053 0.059007 0.327000
-0.041628 0.059368 0.329000
-0.039288 0.059910 0.332000
-0.037119 0.060812 0.337000
-0.079346 0.056813 0.312000
-0.076544 0.056631 0.311000
-0.073759 0.056449 0.310000
-0.070990 0.056267 0.309000
-0.068237 0.056085 0.308000
-0.065714 0.056085 0.308000
-0.063396 0.056267 0.309000
-0.061456 0.056813 0.312000
-0.059278 0.057177 0.314000
-0.056886 0.057359 0.315000
-0.054651 0.057724 0.317000
-0.052218 0.057906 0.318000
-0.049925 0.058270 0.320000
-0.047748 0.058816 0.323000
-0.045381 0.059180 0.325000
-0.042982 0.059545 0.327000
-0.040673 0.060091 0.330000
-0.038430 0.060819 0.334000
-0.081657 0.057877 0.315000
-0.078324 0.057326 0.312000
-0.075525 0.057142 0.311000
-0.072743 0.056958 0.310000
-0.069977 0.056774 0.309000
-0.067228 0.056591 0.308000
-0.064705 0.056591 0.308000
-0.062384 0.056774 0.309000
-0.059922 0.057326 0.312000
-0.057734 0.057693 0.314000
-0.055338 0.057877 0.315000
-0.053093 0.058244 0.317000
-0.050815 0.058612 0.319000
-0.048504 0.058979 0.321000
-0.046303 0.059530 0.324000
-0.044053 0.060082 0.327000
-0.041628 0.060449 0.329000
-0.039406 0.061184 0.333000
-0.082689 0.058394 0.315000
-0.079600 0.058023 0.313000
-0.076790 0.057838 0.312000
-0.073759 0.057467 0.310000
-0.070990 0.057282 0.309000
-0.068237 0.057097 0.308000
-0.065714 0.057097 0.308000
-0.063191 0.057097 0.308000
-0.061062 0.057467 0.310000
-0.058900 0.057838 0.312000
-0.056706 0.058209 0.314000
-0.054478 0.058580 0.316000
-0.052218 0.058950 0.318000
-0.049925 0.059321 0.320000
-0.047600 0.059692 0.322000
-0.045381 0.060248 0.325000
-0.043113 0.060804 0.328000
-0.040796 0.061360 0.331000
-0.083456 0.058725 0.314000
-0.080884 0.058725 0.314000
-0.077813 0.058351 0.312000
-0.075016 0.058164 0.311000
-0.072235 0.057977 0.310000
-0.069471 0.057790 0.309000
-0.066723 0.057603 0.308000
-0.064200 0.057603 0.308000
-0.061877 0.057790 0.309000
-0.059730 0.058164 0.311000
-0.057551 0.058538 0.313000
-0.055338 0.058912 0.315000
-0.052925 0.059099 0.316000
-0.050815 0.059660 0.319000
-0.048504 0.060034 0.321000
-0.046303 0.060595 0.324000
-0.044053 0.061156 0.327000
-0.041754 0.061717 0.330000
-0.084215 0.059052 0.313000
-0.081912 0.059240 0.314000
-0.079088 0.059052 0.313000
-0.076279 0.058863 0.312000
-0.073487 0.058674 0.311000
-0.069977 0.058297 0.309000
-0.067009 0.057920 0.307000
-0.064495 0.057920 0.307000
-0.062182 0.058108 0.308000
-0.060046 0.058486 0.310000
-0.057878 0.058863 0.312000
-0.055677 0.059240 0.314000
-0.053443 0.059618 0.316000
-0.051176 0.059995 0.318000
-0.049030 0.060561 0.321000
-0.046834 0.061127 0.324000
-0.044452 0.061504 0.326000
-0.042295 0.062259 0.330000
-0.084215 0.059566 0.313000
-0.081912 0.059756 0.314000
-0.079088 0.059566 0.313000
-0.076279 0.059376 0.312000
-0.073487 0.059185 0.311000
-0.070483 0.058805 0.309000
-0.067732 0.058614 0.308000
-0.064998 0.058424 0.307000
-0.062686 0.058614 0.308000
-0.060359 0.058805 0.309000
-0.058202 0.059185 0.311000
-0.056012 0.059566 0.313000
-0.053790 0.059946 0.315000
-0.051535 0.060327 0.317000
-0.049401 0.060898 0.320000
-0.047072 0.061279 0.322000
-0.044987 0.062040 0.326000
-0.042706 0.062611 0.329000
-0.084187 0.059696 0.311000
-0.082164 0.060080 0.313000
-0.079600 0.060080 0.313000
-0.076790 0.059888 0.312000
-0.073997 0.059696 0.311000
-0.070990 0.059312 0.309000
-0.068237 0.059120 0.308000
-0.065501 0.058928 0.307000
-0.062986 0.058928 0.307000
-0.060668 0.059120 0.308000
-0.058523 0.059504 0.310000
-0.056344 0.059888 0.312000
-0.054306 0.060464 0.315000
-0.052054 0.060848 0.317000
-0.049769 0.061232 0.319000
-0.047600 0.061808 0.322000
-0.045381 0.062383 0.325000
-0.043245 0.063151 0.329000
-0.084187 0.060207 0.311000
-0.081902 0.060401 0.312000
-0.078835 0.060401 0.312000
-0.076035 0.060207 0.311000
-0.073251 0.060013 0.310000
-0.070483 0.059820 0.309000
-0.067512 0.059433 0.307000
-0.064786 0.059239 0.306000
-0.062483 0.059433 0.307000
-0.060163 0.059626 0.308000
-0.058015 0.060013 0.310000
-0.055833 0.060401 0.312000
-0.053790 0.060981 0.315000
-0.051535 0.061368 0.317000
-0.049401 0.061949 0.320000
-0.047072 0.062336 0.322000
-0.044987 0.063111 0.326000
-0.085841 0.059742 0.306000
-0.084152 0.060327 0.309000
-0.082149 0.060718 0.311000
-0.079601 0.060718 0.311000
-0.077054 0.060718 0.311000
-0.074267 0.060523 0.310000
-0.071496 0.060327 0.309000
-0.068518 0.059937 0.307000
-0.065789 0.059742 0.306000
-0.063282 0.059742 0.306000
-0.060974 0.059937 0.307000
-0.058840 0.060327 0.309000
-0.056673 0.060718 0.311000
-0.054648 0.061303 0.314000
-0.052407 0.061694 0.316000
-0.050292 0.062280 0.319000
-0.047978 0.062670 0.321000
-0.045913 0.063451 0.325000
-0.086560 0.060047 0.305000
-0.084337 0.060244 0.306000
-0.082633 0.060835 0.309000
-0.080620 0.061229 0.311000
-0.077822 0.061032 0.310000
-0.075282 0.061032 0.310000
-0.072508 0.060835 0.309000
-0.069524 0.060441 0.307000
-0.066573 0.060047 0.305000
-0.064075 0.060047 0.305000
-0.061778 0.060244 0.306000
-0.059465 0.060441 0.307000
-0.057507 0.061032 0.310000
-0.055322 0.061426 0.312000
-0.053274 0.062016 0.315000
-0.051015 0.062410 0.317000
-0.048877 0.063001 0.320000
-0.046834 0.063788 0.324000
-0.086560 0.060548 0.305000
-0.084337 0.060747 0.306000
-0.082366 0.061144 0.308000
-0.080361 0.061541 0.310000
-0.077571 0.061342 0.309000
-0.075039 0.061342 0.309000
-0.072274 0.061144 0.308000
-0.069298 0.060747 0.306000
-0.066573 0.060548 0.305000
-0.064075 0.060548 0.305000
-0.061778 0.060747 0.306000
-0.059465 0.060945 0.307000
-0.057321 0.061342 0.309000
-0.055322 0.061938 0.312000
-0.053274 0.062534 0.315000
-0.051015 0.062931 0.317000
-0.048877 0.063526 0.320000
-0.046834 0.064320 0.324000
-0.086985 0.060649 0.303000
-0.085061 0.061049 0.305000
-0.083104 0.061450 0.307000
-0.080852 0.061650 0.308000
-0.078329 0.061650 0.308000
-0.075806 0.061650 0.308000
-0.073045 0.061450 0.307000
-0.070071 0.061049 0.305000
-0.067351 0.060849 0.304000
-0.064861 0.060849 0.304000
-0.062575 0.061049 0.305000
-0.060274 0.061250 0.306000
-0.058145 0.061650 0.308000
-0.056164 0.062250 0.311000
-0.054133 0.062851 0.314000
-0.051890 0.063251 0.316000
-0.049769 0.063852 0.319000
-0.047600 0.064452 0.322000
-0.087688 0.060945 0.302000
-0.085778 0.061349 0.304000
-0.083836 0.061752 0.306000
-0.081595 0.061954 0.307000
-0.079080 0.061954 0.307000
-0.076566 0.061954 0.307000
-0.073568 0.061550 0.305000
-0.070837 0.061349 0.304000
-0.068122 0.061147 0.303000
-0.065640 0.061147 0.303000
-0.063366 0.061349 0.304000
-0.061076 0.061550 0.305000
-0.058962 0.061954 0.307000
-0.056999 0.062559 0.310000
-0.054987 0.063165 0.313000
-0.052407 0.063770 0.316000
-0.050292 0.064376 0.319000
-0.048127 0.064981 0.322000
-0.088183 0.061441 0.302000
-0.085992 0.061644 0.303000
-0.083786 0.061848 0.304000
-0.081831 0.062255 0.306000
-0.079324 0.062255 0.306000
-0.076818 0.062255 0.306000
-0.073825 0.061848 0.304000
-0.070866 0.061441 0.302000
-0.068392 0.061441 0.302000
-0.065918 0.061441 0.302000
-0.063654 0.061644 0.303000
-0.061374 0.061848 0.304000
-0.059271 0.062255 0.306000
-0.057321 0.062865 0.309000
-0.055322 0.063475 0.312000
-0.053274 0.064086 0.315000
-0.051176 0.064696 0.318000
-0.049030 0.065306 0.321000
-0.088384 0.061732 0.301000
-0.086203 0.061937 0.302000
-0.084007 0.062142 0.303000
-0.081794 0.062347 0.304000
-0.079565 0.062552 0.305000
-0.076814 0.062347 0.304000
-0.074323 0.062347 0.304000
-0.071124 0.061732 0.301000
-0.068430 0.061527 0.300000
-0.066193 0.061732 0.301000
-0.063939 0.061937 0.302000
-0.061669 0.062142 0.303000
-0.059773 0.062757 0.306000
-0.057640 0.063168 0.308000
-0.055654 0.063783 0.311000
-0.053619 0.064398 0.314000
-0.051697 0.065218 0.318000
-0.049555 0.065834 0.321000
-0.088877 0.062226 0.301000
-0.086698 0.062433 0.302000
-0.084503 0.062640 0.303000
-0.082021 0.062640 0.303000
-0.079539 0.062640 0.303000
-0.077057 0.062640 0.303000
-0.074083 0.062226 0.301000
-0.071141 0.061813 0.299000
-0.068692 0.061813 0.299000
-0.066243 0.061813 0.299000
-0.064220 0.062226 0.301000
-0.061669 0.062640 0.303000
-0.059577 0.063053 0.305000
-0.057640 0.063673 0.308000
-0.055654 0.064294 0.311000
-0.053790 0.065121 0.315000
-0.051697 0.065741 0.318000
-0.090547 0.062512 0.300000
-0.088090 0.062512 0.300000
-0.086203 0.062929 0.302000
-0.083730 0.062929 0.302000
-0.081256 0.062929 0.302000
-0.078782 0.062929 0.302000
-0.076055 0.062721 0.301000
-0.072611 0.062304 0.299000
-0.069692 0.061887 0.297000
-0.067260 0.061887 0.297000
-0.065482 0.062512 0.300000
-0.063444 0.062929 0.302000
-0.061172 0.063138 0.303000
-0.059078 0.063554 0.305000
-0.057321 0.064388 0.309000
-0.055322 0.065013 0.312000
-0.053443 0.065846 0.316000
-0.051337 0.066472 0.319000
-0.089564 0.063005 0.300000
-0.087107 0.063005 0.300000
-0.084932 0.063215 0.301000
-0.082466 0.063215 0.301000
-0.080000 0.063215 0.301000
-0.077277 0.063005 0.300000
-0.073098 0.062375 0.297000
-0.070428 0.062165 0.296000
-0.068003 0.062165 0.296000
-0.066021 0.062585 0.298000
-0.064007 0.063005 0.300000
-0.061960 0.063425 0.302000
-0.059880 0.063845 0.304000
-0.057956 0.064475 0.307000
-0.055983 0.065105 0.310000
-0.054306 0.066155 0.315000
-0.052218 0.066785 0.318000
-0.089266 0.063286 0.299000
-0.087107 0.063498 0.300000
-0.084650 0.063498 0.300000
-0.082192 0.063498 0.300000
-0.079735 0.063498 0.300000
-0.077020 0.063286 0.299000
-0.072123 0.062440 0.295000
-0.069706 0.062440 0.295000
-0.067518 0.062651 0.296000
-0.065533 0.063075 0.298000
-0.063234 0.063710 0.301000
-0.061172 0.064133 0.303000
-0.059271 0.064768 0.306000
-0.057136 0.065191 0.308000
-0.055322 0.066038 0.312000
-0.053443 0.066885 0.316000
-0.089756 0.063777 0.299000
-0.087307 0.063777 0.299000
-0.085141 0.063991 0.300000
-0.082684 0.063991 0.300000
-0.079959 0.063777 0.299000
-0.077250 0.063564 0.298000
-0.074307 0.063138 0.296000
-0.071397 0.062711 0.294000
-0.068989 0.062711 0.294000
-0.067033 0.063138 0.296000
-0.065045 0.063564 0.298000
-0.063024 0.063991 0.300000
-0.061172 0.064631 0.303000
-0.059271 0.065271 0.306000
-0.057136 0.065697 0.308000
-0.055499 0.066764 0.313000
-0.053612 0.067617 0.317000
-0.088479 0.064054 0.298000
-0.086327 0.064269 0.299000
-0.083878 0.064269 0.299000
-0.081428 0.064269 0.299000
-0.078715 0.064054 0.298000
-0.075762 0.063624 0.296000
-0.072842 0.063194 0.294000
-0.070433 0.063194 0.294000
-0.068025 0.063194 0.294000
-0.066063 0.063624 0.296000
-0.064284 0.064269 0.299000
-0.062248 0.064698 0.301000
-0.060378 0.065343 0.304000
-0.058459 0.065988 0.307000
-0.056491 0.066633 0.310000
-0.054822 0.067708 0.315000
-0.089155 0.064327 0.297000
-0.087015 0.064543 0.298000
-0.084573 0.064543 0.298000
-0.082132 0.064543 0.298000
-0.079424 0.064327 0.297000
-0.076473 0.063893 0.295000
-0.073554 0.063460 0.293000
-0.071154 0.063460 0.293000
-0.068989 0.063677 0.294000
-0.066807 0.063893 0.295000
-0.065045 0.064543 0.298000
-0.063024 0.064976 0.300000
-0.060676 0.065626 0.303000
-0.058770 0.066276 0.306000
-0.056999 0.067142 0.310000
-0.055162 0.068009 0.314000
-0.087696 0.064814 0.297000
-0.085263 0.064814 0.297000
-0.083109 0.065033 0.298000
-0.080397 0.064814 0.297000
-0.077964 0.064814 0.297000
-0.074514 0.063941 0.293000
-0.071868 0.063723 0.292000
-0.069714 0.063941 0.293000
-0.067544 0.064160 0.294000
-0.065800 0.064814 0.297000
-0.063794 0.065251 0.299000
-0.061960 0.065906 0.302000
-0.059880 0.066342 0.304000
-0.058145 0.067215 0.308000
-0.056164 0.067870 0.311000
-0.088555 0.064862 0.295000
-0.086431 0.065082 0.296000
-0.084290 0.065302 0.297000
-0.081857 0.065302 0.297000
-0.078889 0.064862 0.295000
-0.075954 0.064423 0.293000
-0.073303 0.064203 0.292000
-0.070911 0.064203 0.292000
-0.068754 0.064423 0.293000
-0.066807 0.064862 0.295000
-0.064827 0.065302 0.297000
-0.063024 0.065962 0.300000
-0.061172 0.066621 0.303000
-0.059271 0.067281 0.306000
-0.057507 0.068161 0.310000
-0.090005 0.065347 0.295000
-0.087588 0.065347 0.295000
-0.085461 0.065569 0.296000
-0.083036 0.065569 0.296000
-0.080611 0.065569 0.296000
-0.077394 0.064904 0.293000
-0.074482 0.064461 0.291000
-0.072098 0.064461 0.291000
-0.069954 0.064682 0.292000
-0.068025 0.065126 0.294000
-0.066063 0.065569 0.296000
-0.064069 0.066012 0.298000
-0.062248 0.066676 0.301000
-0.060378 0.067341 0.304000
-0.058650 0.068227 0.308000
-0.090181 0.065608 0.294000
-0.087773 0.065608 0.294000
-0.085172 0.065832 0.295000
-0.082755 0.065832 0.295000
-0.078087 0.065162 0.292000
-0.075176 0.064716 0.290000
-0.072801 0.064716 0.290000
-0.070668 0.064939 0.291000
-0.068754 0.065385 0.293000
-0.066807 0.065832 0.295000
-0.064827 0.066278 0.297000
-0.063024 0.066947 0.300000
-0.061172 0.067617 0.303000
-0.059465 0.068509 0.307000
-0.090181 0.066091 0.294000
-0.087773 0.066091 0.294000
-0.085365 0.066091 0.294000
-0.082957 0.066091 0.294000
-0.079250 0.065417 0.291000
-0.076602 0.065192 0.290000
-0.073970 0.064967 0.289000
-0.071851 0.065192 0.290000
-0.069715 0.065417 0.291000
-0.067794 0.065867 0.293000
-0.066063 0.066541 0.296000
-0.064069 0.066991 0.298000
-0.062248 0.067665 0.301000
-0.060775 0.068789 0.306000
-0.058840 0.069463 0.309000
-0.087955 0.066348 0.293000
-0.085555 0.066348 0.293000
-0.083154 0.066348 0.293000
-0.079652 0.065442 0.289000
-0.077017 0.065216 0.288000
-0.074917 0.065442 0.289000
-0.072550 0.065442 0.289000
-0.070425 0.065668 0.290000
-0.068519 0.066121 0.292000
-0.066807 0.066801 0.295000
-0.064827 0.067254 0.297000
-0.063024 0.067933 0.300000
-0.061576 0.069065 0.305000
-0.059659 0.069744 0.308000
-0.088435 0.066829 0.293000
-0.086035 0.066829 0.293000
-0.083064 0.066373 0.291000
-0.079571 0.065461 0.287000
-0.077220 0.065461 0.287000
-0.075391 0.065917 0.289000
-0.073023 0.065917 0.289000
-0.070901 0.066145 0.290000
-0.068998 0.066601 0.292000
-0.067062 0.067057 0.294000
-0.064827 0.067741 0.297000
-0.063024 0.068426 0.300000
-0.061576 0.069566 0.305000
-0.089395 0.067310 0.293000
-0.086698 0.067081 0.292000
-0.083728 0.066621 0.290000
-0.079294 0.065702 0.286000
-0.076951 0.065702 0.286000
-0.074869 0.065932 0.287000
-0.072299 0.066162 0.288000
-0.070425 0.066621 0.290000
-0.068519 0.067081 0.292000
-0.066580 0.067540 0.294000
-0.064827 0.068229 0.297000
-0.063024 0.068918 0.300000
-0.061576 0.070067 0.305000
-0.088133 0.067560 0.292000
-0.085447 0.067329 0.291000
-0.081636 0.066172 0.286000
-0.078739 0.065709 0.284000
-0.076682 0.065941 0.285000
-0.074608 0.066172 0.286000
-0.072518 0.066403 0.287000
-0.070656 0.066866 0.289000
-0.068761 0.067329 0.291000
-0.067062 0.068023 0.294000
-0.065313 0.068717 0.297000
-0.063516 0.069411 0.300000
-0.061778 0.070799 0.306000
-0.086698 0.068040 0.292000
-0.082862 0.066875 0.287000
-0.079389 0.065943 0.283000
-0.077343 0.066176 0.284000
-0.075281 0.066409 0.285000
-0.073202 0.066642 0.286000
-0.071355 0.067108 0.288000
-0.069475 0.067574 0.290000
-0.067794 0.068273 0.293000
-0.066063 0.068972 0.296000
-0.064284 0.069671 0.299000
-0.062575 0.071069 0.305000
-0.086698 0.068520 0.292000
-0.082862 0.067346 0.287000
-0.079389 0.066408 0.283000
-0.077071 0.066408 0.283000
-0.075281 0.066877 0.285000
-0.073202 0.067112 0.286000
-0.071355 0.067581 0.288000
-0.069475 0.068050 0.290000
-0.067794 0.068754 0.293000
-0.066063 0.069458 0.296000
-0.064220 0.070631 0.301000
-0.085154 0.068527 0.290000
-0.080780 0.066872 0.283000
-0.078185 0.066636 0.282000
-0.076413 0.067109 0.284000
-0.074347 0.067345 0.285000
-0.072265 0.067581 0.286000
-0.070412 0.068054 0.288000
-0.068761 0.068763 0.291000
-0.067062 0.069472 0.294000
-0.065313 0.070181 0.297000
-0.063727 0.071126 0.301000
-0.080495 0.067099 0.282000
-0.077907 0.066861 0.281000
-0.076144 0.067337 0.283000
-0.074086 0.067575 0.284000
-0.072265 0.068051 0.286000
-0.070412 0.068527 0.288000
-0.068761 0.069241 0.291000
-0.067062 0.069955 0.294000
-0.065533 0.070906 0.298000
-0.081300 0.067083 0.280000
-0.079006 0.067083 0.280000
-0.077261 0.067563 0.282000
-0.075216 0.067802 0.283000
-0.073413 0.068281 0.285000
-0.071578 0.068761 0.287000
-0.069709 0.069240 0.289000
-0.068041 0.069958 0.292000
-0.066548 0.070917 0.296000
-0.064990 0.071875 0.300000
-0.079181 0.067302 0.279000
-0.077447 0.067785 0.281000
-0.075680 0.068267 0.283000
-0.073621 0.068508 0.284000
-0.071797 0.068991 0.286000
-0.070183 0.069714 0.289000
-0.068519 0.070438 0.292000
-0.066807 0.071162 0.295000
-0.065263 0.072127 0.299000
-0.078267 0.067760 0.279000
-0.076526 0.068246 0.281000
-0.074753 0.068732 0.283000
-0.072946 0.069218 0.285000
-0.071355 0.069946 0.288000
-0.069475 0.070432 0.290000
-0.067794 0.071161 0.293000
-0.066286 0.072132 0.297000
-0.078267 0.068219 0.279000
-0.076526 0.068708 0.281000
-0.074753 0.069197 0.283000
-0.072734 0.069930 0.286000
-0.070883 0.070419 0.288000
-0.069238 0.071153 0.291000
-0.067544 0.071886 0.294000
-0.079353 0.068431 0.278000
-0.077353 0.068677 0.279000
-0.075875 0.069415 0.282000
-0.074086 0.069908 0.284000
-0.072265 0.070400 0.286000
-0.070656 0.071139 0.289000
-0.068998 0.071877 0.292000
-0.067290 0.072615 0.295000
-0.079808 0.068887 0.278000
-0.077810 0.069135 0.279000
-0.076066 0.069631 0.281000
-0.074289 0.070126 0.283000
-0.072734 0.070870 0.286000
-0.070883 0.071365 0.288000
-0.069476 0.072357 0.292000
-0.081336 0.069095 0.277000
-0.079067 0.069095 0.277000
-0.077353 0.069594 0.279000
-0.075606 0.070092 0.281000
-0.073825 0.070591 0.283000
-0.072265 0.071340 0.286000
-0.070901 0.072337 0.290000
-0.069234 0.073086 0.293000
-0.080429 0.069550 0.277000
-0.078442 0.069801 0.278000
-0.076439 0.070052 0.279000
-0.074951 0.070805 0.282000
-0.073156 0.071307 0.284000
-0.071578 0.072060 0.287000
-0.070192 0.073065 0.291000
-0.081336 0.070005 0.277000
-0.079067 0.070005 0.277000
-0.077076 0.070257 0.278000
-0.075337 0.070763 0.280000
-0.073825 0.071521 0.283000
-0.072265 0.072279 0.286000
-0.070901 0.073290 0.290000
-0.081336 0.070460 0.277000
-0.079067 0.070460 0.277000
-0.077076 0.070714 0.278000
-0.075337 0.071223 0.280000
-0.073825 0.071986 0.283000
-0.072518 0.073003 0.287000
-0.070901 0.073766 0.290000
-0.080429 0.070915 0.277000
-0.078160 0.070915 0.277000
-0.076439 0.071427 0.279000
-0.074489 0.072195 0.282000
-0.072946 0.072963 0.285000
-0.071851 0.074243 0.290000
-0.079975 0.071370 0.277000
-0.077987 0.071627 0.278000
-0.075982 0.071885 0.279000
-0.074489 0.072658 0.282000
-0.073202 0.073689 0.286000
-0.081336 0.071825 0.277000
-0.079067 0.071825 0.277000
-0.077076 0.072084 0.278000
-0.075337 0.072603 0.280000
-0.074086 0.073640 0.284000
-0.072518 0.074418 0.287000
-0.079521 0.072280 0.277000
-0.077531 0.072541 0.278000
-0.075795 0.073062 0.280000
-0.074289 0.073845 0.283000
-0.072988 0.074889 0.287000
-0.079067 0.072735 0.277000
-0.077076 0.072997 0.278000
-0.075606 0.073785 0.281000
-0.074086 0.074573 0.284000
-0.079521 0.073190 0.277000
-0.077531 0.073454 0.278000
-0.075795 0.073982 0.280000
-0.074552 0.075039 0.284000
-0.078614 0.073645 0.277000
-0.076896 0.074176 0.279000
-0.075413 0.074974 0.282000
-0.079521 0.074100 0.277000
-0.077531 0.074367 0.278000
-0.076066 0.075170 0.281000
-0.079521 0.074555 0.277000
-0.077810 0.075093 0.279000
-0.076337 0.075900 0.282000
-0.078897 0.075280 0.278000
-0.077171 0.075822 0.280000
-0.079181 0.076009 0.279000
-0.077171 0.076282 0.280000
-0.078267 0.076468 0.279000
-0.078724 0.076926 0.279000
-0.079638 0.077384 0.279000
-0.080095 0.077843 0.279000
-0.032868 0.041302 0.373644
-0.031523 0.041802 0.375037
-0.033296 0.042016 0.372836
-0.035569 0.042562 0.369222
-0.037330 0.042768 0.367057
-0.040835 0.043168 0.362770
-0.040759 0.044080 0.360177
-0.040856 0.045106 0.357094
-0.030685 0.042642 0.374998
-0.033386 0.042507 0.372983
-0.035658 0.043051 0.369369
-0.037419 0.043255 0.367202
-0.040590 0.043431 0.363858
-0.041424 0.043984 0.361501
-0.041350 0.044898 0.358904
-0.041281 0.045816 0.356291
-0.044595 0.046086 0.352545
-0.029165 0.043032 0.376888
-0.032042 0.043011 0.374373
-0.033813 0.043221 0.372175
-0.035579 0.043427 0.369991
-0.037340 0.043630 0.367823
-0.039096 0.043830 0.365670
-0.040846 0.044026 0.363532
-0.041680 0.044579 0.361175
-0.041607 0.045495 0.358576
-0.042444 0.046050 0.356212
-0.043281 0.046605 0.353847
-0.045917 0.046424 0.352011
-0.047645 0.046605 0.349934
-0.067749 0.043540 0.340837
-0.068355 0.045870 0.333514
-0.029256 0.043527 0.377036
-0.032132 0.043503 0.374521
-0.033903 0.043711 0.372322
-0.035669 0.043916 0.370138
-0.037429 0.044118 0.367969
-0.039185 0.044315 0.365815
-0.040934 0.044510 0.363677
-0.041769 0.045063 0.361320
-0.041696 0.045980 0.358722
-0.042533 0.046535 0.356357
-0.044272 0.046722 0.354249
-0.046005 0.046906 0.352156
-0.047733 0.047086 0.350078
-0.048562 0.047636 0.347736
-0.050283 0.047810 0.345681
-0.067989 0.044098 0.340530
-0.068053 0.045106 0.337546
-0.068281 0.046223 0.334097
-0.069070 0.046746 0.331869
-0.070016 0.047373 0.329195
-0.030956 0.044122 0.375441
-0.033655 0.043977 0.373423
-0.035422 0.044181 0.371236
-0.037183 0.044382 0.369064
-0.038939 0.044579 0.366906
-0.040856 0.044883 0.364293
-0.041690 0.045436 0.361936
-0.041617 0.046355 0.359340
-0.043359 0.046543 0.357222
-0.044193 0.047096 0.354865
-0.045927 0.047278 0.352770
-0.047656 0.047457 0.350690
-0.049379 0.047632 0.348626
-0.050205 0.048180 0.346291
-0.051031 0.048728 0.343957
-0.068229 0.044656 0.340224
-0.069012 0.045176 0.338011
-0.069080 0.046187 0.335018
-0.069866 0.046708 0.332797
-0.070809 0.047334 0.330132
-0.014562 0.073873 0.304022
-0.020612 0.076917 0.289733
-0.030877 0.044503 0.376070
-0.032651 0.044711 0.373857
-0.035343 0.044558 0.371858
-0.037104 0.044758 0.369684
-0.038860 0.044953 0.367525
-0.040611 0.045146 0.365381
-0.041445 0.045699 0.363024
-0.042280 0.046252 0.360667
-0.043114 0.046805 0.358310
-0.043948 0.047358 0.355953
-0.045683 0.047540 0.353854
-0.047412 0.047718 0.351771
-0.048241 0.048268 0.349429
-0.049962 0.048440 0.347369
-0.051678 0.048610 0.345323
-0.067842 0.044799 0.341688
-0.068626 0.045318 0.339475
-0.069409 0.045838 0.337262
-0.069321 0.046748 0.334710
-0.070107 0.047269 0.332489
-0.070893 0.047790 0.330269
-0.071679 0.048311 0.328048
-0.073326 0.048435 0.326197
-0.074968 0.048555 0.324361
-0.018410 0.075946 0.296412
-0.018517 0.076985 0.293307
-0.020330 0.077219 0.290986
-0.022986 0.077043 0.289086
-0.031137 0.045109 0.375737
-0.033835 0.044958 0.373717
-0.035601 0.045159 0.371529
-0.037362 0.045356 0.369355
-0.039117 0.045550 0.367197
-0.040867 0.045740 0.365054
-0.041868 0.046404 0.362226
-0.042702 0.046957 0.359869
-0.044441 0.047140 0.357758
-0.045272 0.047692 0.355409
-0.047003 0.047869 0.353320
-0.048728 0.048043 0.351247
-0.049555 0.048591 0.348913
-0.050381 0.049139 0.346579
-0.052095 0.049306 0.344536
-0.067769 0.045150 0.342266
-0.068552 0.045669 0.340053
-0.069336 0.046188 0.337840
-0.070119 0.046708 0.335627
-0.070033 0.047620 0.333070
-0.070819 0.048142 0.330850
-0.071605 0.048663 0.328629
-0.073252 0.048785 0.326776
-0.074895 0.048904 0.324937
-0.018320 0.076375 0.297121
-0.077309 0.049535 0.320916
-0.020625 0.077904 0.290610
-0.024126 0.077315 0.289121
-0.032493 0.045470 0.375110
-0.034263 0.045672 0.372909
-0.036027 0.045871 0.370723
-0.037787 0.046066 0.368552
-0.039541 0.046257 0.366397
-0.041289 0.046446 0.364257
-0.042123 0.046999 0.361900
-0.042958 0.047552 0.359543
-0.044696 0.047733 0.357433
-0.046428 0.047910 0.355338
-0.047257 0.048460 0.352996
-0.048981 0.048632 0.350924
-0.049808 0.049180 0.348590
-0.051524 0.049347 0.346540
-0.052348 0.049893 0.344213
-0.067852 0.045604 0.342402
-0.068636 0.046123 0.340190
-0.069419 0.046643 0.337977
-0.070202 0.047162 0.335764
-0.070117 0.048076 0.333207
-0.070903 0.048598 0.330986
-0.072552 0.048720 0.329125
-0.073336 0.049240 0.326912
-0.075134 0.049460 0.324632
-0.076770 0.049574 0.322810
-0.077548 0.050090 0.320612
-0.077476 0.051013 0.318016
-0.078256 0.051531 0.315810
-0.032752 0.046074 0.374778
-0.035612 0.046024 0.372297
-0.037372 0.046219 0.370122
-0.039127 0.046410 0.367961
-0.039964 0.046965 0.365597
-0.041712 0.047151 0.363459
-0.042546 0.047704 0.361102
-0.044285 0.047884 0.358987
-0.045117 0.048436 0.356637
-0.046848 0.048611 0.354545
-0.048574 0.048783 0.352468
-0.049400 0.049330 0.350134
-0.050226 0.049878 0.347799
-0.051941 0.050043 0.345753
-0.052765 0.050589 0.343426
-0.068249 0.046266 0.341653
-0.069032 0.046785 0.339440
-0.069816 0.047305 0.337228
-0.070599 0.047824 0.335015
-0.071382 0.048344 0.332802
-0.072166 0.048863 0.330589
-0.072949 0.049382 0.328376
-0.074592 0.049499 0.326532
-0.076230 0.049612 0.324703
-0.077008 0.050128 0.322506
-0.077786 0.050644 0.320308
-0.078564 0.051160 0.318110
-0.078495 0.052087 0.315505
-0.034273 0.046540 0.373680
-0.036038 0.046736 0.371492
-0.036880 0.047295 0.369112
-0.039886 0.047340 0.366215
-0.041633 0.047524 0.364075
-0.042468 0.048077 0.361718
-0.044207 0.048257 0.359601
-0.045039 0.048808 0.357252
-0.046770 0.048982 0.355157
-0.048496 0.049152 0.353078
-0.049322 0.049700 0.350744
-0.050149 0.050248 0.348410
-0.051864 0.050411 0.346361
-0.053574 0.050571 0.344327
-0.067862 0.046409 0.343117
-0.068646 0.046928 0.340904
-0.069429 0.047448 0.338691
-0.070212 0.047967 0.336478
-0.070996 0.048486 0.334266
-0.071779 0.049006 0.332053
-0.072562 0.049525 0.329840
-0.073346 0.050044 0.327627
-0.074987 0.050159 0.325785
-0.076624 0.050270 0.323959
-0.077557 0.050889 0.321322
-0.078335 0.051405 0.319124
-0.078266 0.052333 0.316523
-0.036970 0.047783 0.369259
-0.038726 0.047972 0.367093
-0.040477 0.048158 0.364942
-0.042223 0.048340 0.362806
-0.043963 0.048518 0.360685
-0.044795 0.049070 0.358336
-0.046527 0.049243 0.356238
-0.047356 0.049793 0.353896
-0.049080 0.049960 0.351821
-0.049906 0.050508 0.349487
-0.051622 0.050671 0.347435
-0.052446 0.051217 0.345108
-0.054154 0.051374 0.343079
-0.068259 0.047071 0.342368
-0.069042 0.047590 0.340155
-0.069826 0.048110 0.337942
-0.071479 0.048231 0.336066
-0.071392 0.049148 0.333516
-0.072176 0.049668 0.331304
-0.072959 0.050187 0.329091
-0.074602 0.050301 0.327244
-0.076240 0.050412 0.325413
-0.077018 0.050928 0.323216
-0.078647 0.051033 0.321407
-0.078574 0.051959 0.318820
-0.078505 0.052889 0.316218
-0.037228 0.048384 0.368929
-0.038984 0.048571 0.366764
-0.041644 0.048381 0.364837
-0.042478 0.048935 0.362480
-0.044218 0.049111 0.360360
-0.045049 0.049663 0.358011
-0.046781 0.049834 0.355914
-0.048507 0.050001 0.353832
-0.049333 0.050549 0.351498
-0.050159 0.051097 0.349164
-0.051874 0.051258 0.347113
-0.053584 0.051414 0.345076
-0.055289 0.051568 0.343055
-0.068499 0.047629 0.342062
-0.069282 0.048149 0.339849
-0.070938 0.048270 0.337966
-0.071719 0.048787 0.335760
-0.072499 0.049305 0.333555
-0.073280 0.049822 0.331350
-0.074061 0.050340 0.329144
-0.075700 0.050450 0.327307
-0.076478 0.050966 0.325109
-0.078265 0.051174 0.322856
-0.078190 0.052101 0.320274
-0.078968 0.052617 0.318076
-0.078901 0.053549 0.315471
-0.037655 0.049096 0.368124
-0.039409 0.049281 0.365961
-0.041157 0.049462 0.363814
-0.042901 0.049640 0.361682
-0.044639 0.049814 0.359565
-0.046371 0.049985 0.357463
-0.047200 0.050534 0.355121
-0.048925 0.050700 0.353042
-0.049751 0.051248 0.350708
-0.051468 0.051408 0.348652
-0.053179 0.051564 0.346611
-0.054000 0.052108 0.344291
-0.067076 0.048063 0.343660
-0.068739 0.048188 0.341755
-0.069522 0.048707 0.339542
-0.071177 0.048826 0.337660
-0.071958 0.049344 0.335455
-0.072738 0.049861 0.333250
-0.073519 0.050379 0.331044
-0.074300 0.050896 0.328839
-0.075939 0.051005 0.327002
-0.076716 0.051521 0.324805
-0.078347 0.051624 0.322991
-0.078272 0.052552 0.320409
-0.079050 0.053068 0.318211
-0.078984 0.054002 0.315607
-0.037576 0.049473 0.368746
-0.039330 0.049656 0.366581
-0.041079 0.049837 0.364432
-0.042823 0.050013 0.362298
-0.044561 0.050186 0.360179
-0.046294 0.050356 0.358075
-0.047123 0.050905 0.355734
-0.048848 0.051070 0.353653
-0.049674 0.051617 0.351318
-0.051391 0.051776 0.349260
-0.053102 0.051931 0.347217
-0.053923 0.052476 0.344898
-0.057391 0.051837 0.343475
-0.067474 0.048727 0.342909
-0.069136 0.048850 0.341006
-0.069919 0.049369 0.338793
-0.071572 0.049486 0.336914
-0.073221 0.049599 0.335050
-0.073134 0.050521 0.332503
-0.073914 0.051039 0.330298
-0.075554 0.051147 0.328456
-0.076488 0.051766 0.325819
-0.078120 0.051868 0.324002
-0.078895 0.052382 0.321811
-0.078822 0.053313 0.319226
-0.079600 0.053829 0.317028
-0.033182 0.077902 0.291824
-0.034950 0.078095 0.289621
-0.037834 0.050073 0.368416
-0.041001 0.050211 0.365051
-0.042745 0.050386 0.362915
-0.043579 0.050940 0.360558
-0.045315 0.051110 0.358444
-0.047045 0.051276 0.356346
-0.047874 0.051826 0.354004
-0.049597 0.051987 0.351929
-0.051314 0.052145 0.349869
-0.052137 0.052691 0.347542
-0.053846 0.052843 0.345504
-0.056433 0.052596 0.343779
-0.065169 0.049561 0.344213
-0.067715 0.049288 0.342601
-0.069376 0.049408 0.340700
-0.071031 0.049525 0.338814
-0.071812 0.050042 0.336609
-0.073459 0.050154 0.334745
-0.074237 0.050669 0.332548
-0.075015 0.051185 0.330350
-0.075793 0.051701 0.328152
-0.077427 0.051804 0.326327
-0.078202 0.052318 0.324136
-0.078977 0.052832 0.321946
-0.079753 0.053346 0.319756
-0.079683 0.054280 0.317163
-0.034863 0.078509 0.290304
-0.036627 0.078697 0.288114
-0.036714 0.079736 0.285075
-0.038472 0.079921 0.282900
-0.043000 0.050981 0.362588
-0.044738 0.051151 0.360468
-0.045569 0.051702 0.358119
-0.047299 0.051867 0.356022
-0.048128 0.052417 0.353680
-0.049850 0.052576 0.351606
-0.051566 0.052732 0.349546
-0.053277 0.052884 0.347502
-0.054982 0.053032 0.345473
-0.059328 0.051985 0.344353
-0.065411 0.050125 0.343903
-0.067956 0.049848 0.342293
-0.069615 0.049966 0.340393
-0.071270 0.050081 0.338509
-0.073075 0.050295 0.336199
-0.073853 0.050811 0.334001
-0.074631 0.051327 0.331804
-0.075409 0.051843 0.329606
-0.076187 0.052359 0.327408
-0.077819 0.052459 0.325585
-0.078595 0.052973 0.323395
-0.079370 0.053487 0.321205
-0.080145 0.054001 0.319015
-0.079233 0.055360 0.316014
-0.075808 0.058001 0.311744
-0.074086 0.059806 0.308239
-0.036443 0.080028 0.286282
-0.038201 0.080211 0.284103
-0.040785 0.079960 0.282382
-0.041702 0.080568 0.279790
-0.050164 0.041403 0.384564
-0.052833 0.042189 0.379812
-0.055934 0.042278 0.376626
-0.056720 0.042799 0.374406
-0.059202 0.043461 0.370183
-0.060612 0.044396 0.366200
-0.044257 0.052239 0.359433
-0.047221 0.052238 0.356634
-0.048050 0.052788 0.354292
-0.048879 0.053337 0.351951
-0.051489 0.053100 0.350155
-0.052312 0.053646 0.347828
-0.054906 0.053399 0.346078
-0.059414 0.052454 0.344493
-0.066374 0.050183 0.344346
-0.068039 0.050304 0.342430
-0.069699 0.050421 0.340530
-0.071353 0.050534 0.338644
-0.073002 0.050644 0.336774
-0.073780 0.051159 0.334576
-0.074558 0.051675 0.332378
-0.075336 0.052191 0.330181
-0.076114 0.052707 0.327983
-0.077747 0.052806 0.326158
-0.078522 0.053320 0.323968
-0.079297 0.053834 0.321778
-0.080073 0.054348 0.319587
-0.080004 0.055286 0.316994
-0.076575 0.057930 0.312741
-0.074850 0.059737 0.309250
-0.074813 0.060697 0.306566
-0.076449 0.060797 0.304733
-0.077248 0.061327 0.302475
-0.042444 0.080544 0.280917
-0.044185 0.080714 0.278789
-0.045279 0.081440 0.275697
-0.050090 0.041758 0.385150
-0.052442 0.042333 0.381291
-0.054154 0.042483 0.379241
-0.055861 0.042630 0.377207
-0.056647 0.043151 0.374986
-0.058345 0.043292 0.372975
-0.059129 0.043812 0.370762
-0.060819 0.043947 0.368773
-0.061600 0.044465 0.366568
-0.048636 0.053598 0.353031
-0.050356 0.053754 0.350959
-0.052070 0.053906 0.348902
-0.053780 0.054054 0.346860
-0.056367 0.053799 0.345125
-0.065105 0.050728 0.345520
-0.067651 0.050447 0.343899
-0.069312 0.050563 0.341993
-0.070968 0.050676 0.340103
-0.071748 0.051194 0.337898
-0.073396 0.051301 0.336030
-0.074174 0.051817 0.333832
-0.074952 0.052333 0.331634
-0.075730 0.052849 0.329437
-0.077364 0.052947 0.327607
-0.078139 0.053461 0.325417
-0.078914 0.053975 0.323226
-0.079690 0.054489 0.321036
-0.080465 0.055003 0.318846
-0.078712 0.056796 0.315438
-0.074455 0.059883 0.310744
-0.075255 0.060413 0.308486
-0.076054 0.060943 0.306227
-0.076854 0.061473 0.303969
-0.077653 0.062003 0.301710
-0.043734 0.080881 0.280494
-0.045470 0.081047 0.278376
-0.045559 0.082090 0.275340
-0.046471 0.082695 0.272763
-0.048609 0.042167 0.386924
-0.050333 0.042324 0.384840
-0.052052 0.042477 0.382770
-0.052843 0.043002 0.380534
-0.054554 0.043150 0.378487
-0.056259 0.043294 0.376455
-0.057959 0.043435 0.374439
-0.059653 0.043572 0.372437
-0.060434 0.044090 0.370232
-0.061214 0.044607 0.368026
-0.061995 0.045125 0.365821
-0.051993 0.054274 0.349510
-0.067359 0.049667 0.347883
-0.068142 0.050187 0.345670
-0.068925 0.050706 0.343457
-0.070582 0.050818 0.341562
-0.071363 0.051336 0.339357
-0.073012 0.051443 0.337484
-0.073790 0.051959 0.335286
-0.074568 0.052475 0.333088
-0.075346 0.052990 0.330891
-0.076981 0.053088 0.329056
-0.077756 0.053603 0.326866
-0.078532 0.054117 0.324675
-0.079307 0.054631 0.322485
-0.080082 0.055145 0.320295
-0.080858 0.055659 0.318105
-0.077426 0.058315 0.313872
-0.074860 0.060559 0.309980
-0.075660 0.061089 0.307721
-0.076459 0.061619 0.305463
-0.077258 0.062149 0.303204
-0.078886 0.062242 0.301392
-0.079683 0.062770 0.299141
-0.080479 0.063298 0.296891
-0.046020 0.082861 0.274468
-0.047750 0.083022 0.272368
-0.048694 0.042630 0.387063
-0.050418 0.042785 0.384978
-0.052136 0.042936 0.382907
-0.052927 0.043461 0.380672
-0.054637 0.043607 0.378624
-0.056342 0.043750 0.376592
-0.058042 0.043889 0.374575
-0.059736 0.044025 0.372573
-0.060517 0.044543 0.370367
-0.061297 0.045060 0.368162
-0.062078 0.045578 0.365957
-0.069466 0.048501 0.350655
-0.069360 0.049418 0.348169
-0.069260 0.050340 0.345667
-0.070041 0.050857 0.343462
-0.070821 0.051375 0.341257
-0.072472 0.051482 0.339377
-0.073250 0.051997 0.337180
-0.074893 0.052099 0.335323
-0.075668 0.052613 0.333133
-0.076443 0.053127 0.330943
-0.077219 0.053641 0.328752
-0.077994 0.054155 0.326562
-0.078769 0.054669 0.324372
-0.079545 0.055183 0.322182
-0.080475 0.055800 0.319554
-0.079565 0.057172 0.316556
-0.075305 0.060274 0.311885
-0.075265 0.061234 0.309215
-0.076064 0.061765 0.306957
-0.076864 0.062295 0.304698
-0.078492 0.062387 0.302881
-0.079289 0.062915 0.300630
-0.080086 0.063443 0.298380
-0.047483 0.083308 0.273554
-0.048301 0.042775 0.388552
-0.050026 0.042930 0.386462
-0.050820 0.043456 0.384218
-0.052537 0.043605 0.382151
-0.054248 0.043751 0.380098
-0.055954 0.043893 0.378061
-0.057655 0.044032 0.376039
-0.058439 0.044551 0.373826
-0.060131 0.044685 0.371826
-0.060912 0.045202 0.369621
-0.061693 0.045720 0.367416
-0.062473 0.046238 0.365210
-0.064153 0.046362 0.363249
-0.069083 0.048642 0.352103
-0.069858 0.049156 0.349913
-0.069754 0.050076 0.347425
-0.070532 0.050592 0.345227
-0.070436 0.051517 0.342715
-0.072088 0.051623 0.340831
-0.072866 0.052139 0.338633
-0.074510 0.052240 0.336772
-0.075285 0.052754 0.334582
-0.076061 0.053268 0.332392
-0.076836 0.053782 0.330201
-0.077611 0.054296 0.328011
-0.079239 0.054387 0.326195
-0.080012 0.054899 0.324012
-0.080784 0.055411 0.321830
-0.080712 0.056353 0.319250
-0.078120 0.058590 0.315442
-0.074710 0.061274 0.311161
-0.075510 0.061804 0.308902
-0.076309 0.062334 0.306644
-0.077109 0.062864 0.304386
-0.077908 0.063394 0.302127
-0.079533 0.063483 0.300319
-0.080330 0.064011 0.298068
-0.081127 0.064539 0.295817
-0.082741 0.064621 0.294039
-0.083535 0.065147 0.291796
-0.085142 0.065223 0.290040
-0.085282 0.066306 0.286861
-0.048545 0.043343 0.388240
-0.050269 0.043495 0.386151
-0.051063 0.044022 0.383908
-0.052779 0.044169 0.381841
-0.054490 0.044313 0.379790
-0.056195 0.044454 0.377753
-0.057895 0.044590 0.375732
-0.059590 0.044724 0.373726
-0.060371 0.045241 0.371521
-0.061151 0.045759 0.369316
-0.061932 0.046276 0.367110
-0.063613 0.046401 0.365142
-0.064391 0.046917 0.362944
-0.067305 0.047858 0.357495
-0.067347 0.048877 0.354593
-0.069010 0.048989 0.352676
-0.069786 0.049503 0.350486
-0.070561 0.050017 0.348296
-0.070459 0.050940 0.345802
-0.071237 0.051456 0.343604
-0.072015 0.051972 0.341406
-0.073662 0.052073 0.339535
-0.074437 0.052587 0.337345
-0.076076 0.052683 0.335496
-0.076849 0.053196 0.333314
-0.077622 0.053708 0.331131
-0.078394 0.054220 0.328948
-0.079167 0.054732 0.326766
-0.079939 0.055245 0.324583
-0.080712 0.055757 0.322401
-0.081485 0.056269 0.320218
-0.078889 0.058510 0.316425
-0.075475 0.061198 0.312162
-0.075435 0.062162 0.309493
-0.076234 0.062692 0.307235
-0.077034 0.063222 0.304976
-0.077833 0.063752 0.302718
-0.079459 0.063839 0.300907
-0.080255 0.064368 0.298657
-0.081052 0.064896 0.296406
-0.082667 0.064976 0.294626
-0.083461 0.065503 0.292382
-0.085068 0.065578 0.290625
-0.085859 0.066102 0.288389
-0.086650 0.066627 0.286154
-0.087442 0.067152 0.283918
-0.048789 0.043910 0.387928
-0.050512 0.044061 0.385840
-0.052230 0.044209 0.383767
-0.053021 0.044733 0.381531
-0.055807 0.044597 0.379222
-0.057508 0.044733 0.377196
-0.059204 0.044866 0.375185
-0.059985 0.045383 0.372980
-0.060766 0.045901 0.370774
-0.061546 0.046419 0.368569
-0.063229 0.046543 0.366596
-0.064007 0.047058 0.364398
-0.064785 0.047574 0.362200
-0.066922 0.047999 0.358944
-0.067697 0.048513 0.356753
-0.068473 0.049027 0.354563
-0.069248 0.049541 0.352373
-0.070905 0.049648 0.350473
-0.070798 0.050569 0.347992
-0.071574 0.051084 0.345802
-0.072349 0.051598 0.343612
-0.073124 0.052112 0.341422
-0.073900 0.052626 0.339232
-0.075540 0.052722 0.337377
-0.076313 0.053234 0.335194
-0.077086 0.053746 0.333012
-0.077858 0.054258 0.330829
-0.078631 0.054771 0.328646
-0.080255 0.054856 0.326837
-0.081025 0.055367 0.324662
-0.080949 0.056308 0.322098
-0.081721 0.056820 0.319916
-0.079129 0.059068 0.316119
-0.074880 0.062202 0.311439
-0.075680 0.062732 0.309180
-0.076479 0.063262 0.306922
-0.077279 0.063792 0.304663
-0.078906 0.063879 0.302847
-0.079703 0.064407 0.300596
-0.080500 0.064936 0.298345
-0.081296 0.065464 0.296094
-0.082910 0.065542 0.294315
-0.083704 0.066069 0.292072
-0.085310 0.066142 0.290315
-0.086102 0.066666 0.288080
-0.086893 0.067191 0.285844
-0.087684 0.067716 0.283608
-0.088476 0.068240 0.281373
-0.048714 0.044267 0.388517
-0.050438 0.044417 0.386427
-0.051232 0.044943 0.384184
-0.052947 0.045087 0.382116
-0.054657 0.045228 0.380064
-0.057278 0.044980 0.378218
-0.058062 0.045499 0.376005
-0.059912 0.045733 0.373557
-0.060693 0.046250 0.371351
-0.062378 0.046375 0.369369
-0.063156 0.046891 0.367171
-0.063934 0.047406 0.364973
-0.064712 0.047922 0.362775
-0.066539 0.048141 0.360392
-0.067315 0.048655 0.358202
-0.068090 0.049169 0.356012
-0.068865 0.049683 0.353822
-0.070832 0.049994 0.351043
-0.071605 0.050506 0.348861
-0.072378 0.051018 0.346678
-0.073150 0.051531 0.344496
-0.073923 0.052043 0.342313
-0.074695 0.052555 0.340130
-0.075468 0.053067 0.337948
-0.077104 0.053159 0.336106
-0.077874 0.053669 0.333931
-0.078644 0.054180 0.331756
-0.079413 0.054690 0.329581
-0.080183 0.055201 0.327406
-0.080953 0.055711 0.325231
-0.081723 0.056222 0.323056
-0.082493 0.056732 0.320881
-0.080738 0.058548 0.317501
-0.075644 0.062122 0.312439
-0.075605 0.063089 0.309771
-0.076404 0.063619 0.307513
-0.077204 0.064149 0.305254
-0.078831 0.064235 0.303435
-0.079628 0.064764 0.301184
-0.080425 0.065292 0.298933
-0.082042 0.065371 0.297145
-0.082836 0.065897 0.294902
-0.083630 0.066424 0.292658
-0.085236 0.066496 0.290900
-0.086027 0.067020 0.288664
-0.086819 0.067545 0.286429
-0.088414 0.067610 0.284701
-0.089203 0.068133 0.282473
-0.089992 0.068656 0.280244
-0.048639 0.044624 0.389106
-0.050363 0.044772 0.387014
-0.051157 0.045298 0.384770
-0.052873 0.045442 0.382701
-0.054584 0.045581 0.380646
-0.056289 0.045717 0.378607
-0.057988 0.045850 0.376583
-0.059683 0.045979 0.374574
-0.061372 0.046104 0.372581
-0.062305 0.046723 0.369943
-0.063083 0.047239 0.367746
-0.063861 0.047755 0.365548
-0.064639 0.048270 0.363350
-0.065417 0.048786 0.361152
-0.067087 0.048899 0.359213
-0.067862 0.049413 0.357023
-0.068638 0.049927 0.354833
-0.070451 0.050135 0.352487
-0.071224 0.050647 0.350305
-0.072874 0.050747 0.348420
-0.073644 0.051257 0.346245
-0.073541 0.052184 0.343757
-0.074314 0.052696 0.341574
-0.075087 0.053208 0.339391
-0.076724 0.053299 0.337545
-0.077494 0.053810 0.335370
-0.079122 0.053895 0.333546
-0.079033 0.054831 0.331020
-0.079803 0.055341 0.328845
-0.081424 0.055421 0.327043
-0.082191 0.055930 0.324876
-0.082959 0.056439 0.322708
-0.082883 0.057383 0.320144
-0.076931 0.061393 0.314736
-0.075210 0.063235 0.311265
-0.076010 0.063765 0.309007
-0.076809 0.064295 0.306748
-0.077609 0.064825 0.304490
-0.079235 0.064909 0.302673
-0.080032 0.065437 0.300422
-0.081650 0.065516 0.298629
-0.082444 0.066042 0.296386
-0.083238 0.066569 0.294142
-0.084032 0.067095 0.291899
-0.085637 0.067165 0.290143
-0.086428 0.067689 0.287908
-0.087220 0.068214 0.285672
-0.088814 0.068276 0.283947
-0.089602 0.068799 0.281718
-0.090391 0.069322 0.279490
-0.048884 0.045191 0.388794
-0.049680 0.045720 0.386543
-0.051401 0.045864 0.384460
-0.053116 0.046006 0.382391
-0.054825 0.046143 0.380338
-0.057445 0.045889 0.378490
-0.058228 0.046408 0.376277
-0.059922 0.046535 0.374269
-0.061610 0.046658 0.372276
-0.062388 0.047174 0.370079
-0.063322 0.047793 0.367441
-0.064100 0.048309 0.365243
-0.064878 0.048825 0.363046
-0.066549 0.048937 0.361100
-0.067324 0.049451 0.358910
-0.068100 0.049965 0.356720
-0.069761 0.050071 0.354804
-0.070533 0.050583 0.352622
-0.072186 0.050683 0.350729
-0.072956 0.051193 0.348554
-0.073726 0.051704 0.346379
-0.074496 0.052214 0.344204
-0.075266 0.052725 0.342029
-0.076036 0.053235 0.339854
-0.077670 0.053323 0.338014
-0.078437 0.053831 0.335847
-0.079204 0.054340 0.333679
-0.079971 0.054849 0.331512
-0.080738 0.055358 0.329344
-0.081506 0.055866 0.327177
-0.082273 0.056375 0.325009
-0.083040 0.056884 0.322842
-0.083807 0.057392 0.320674
-0.077016 0.061852 0.314873
-0.075295 0.063699 0.311404
-0.076095 0.064229 0.309145
-0.076894 0.064759 0.306887
-0.077694 0.065289 0.304629
-0.079320 0.065371 0.302812
-0.080116 0.065899 0.300561
-0.081734 0.065976 0.298767
-0.082528 0.066503 0.296524
-0.083322 0.067029 0.294280
-0.084930 0.067099 0.292517
-0.085721 0.067624 0.290281
-0.086512 0.068148 0.288045
-0.087304 0.068673 0.285809
-0.088897 0.068734 0.284084
-0.089686 0.069257 0.281855
-0.090475 0.069780 0.279627
-0.048968 0.045654 0.388933
-0.049765 0.046182 0.386682
-0.051485 0.046325 0.384598
-0.053200 0.046465 0.382529
-0.055827 0.046212 0.380657
-0.057528 0.046343 0.378626
-0.059224 0.046470 0.376610
-0.060005 0.046988 0.374405
-0.061693 0.047110 0.372412
-0.062471 0.047626 0.370214
-0.063249 0.048141 0.368016
-0.064182 0.048760 0.365379
-0.064960 0.049276 0.363181
-0.066632 0.049387 0.361235
-0.067407 0.049901 0.359044
-0.068182 0.050415 0.356854
-0.069843 0.050519 0.354938
-0.071498 0.050619 0.353038
-0.072268 0.051129 0.350863
-0.073038 0.051640 0.348688
-0.073808 0.052150 0.346513
-0.074578 0.052661 0.344338
-0.075347 0.053171 0.342162
-0.076117 0.053682 0.339987
-0.077751 0.053768 0.338147
-0.079379 0.053850 0.336323
-0.080144 0.054357 0.334163
-0.080909 0.054864 0.332003
-0.081673 0.055371 0.329843
-0.082438 0.055878 0.327683
-0.083202 0.056385 0.325523
-0.083967 0.056892 0.323363
-0.084731 0.057399 0.321203
-0.087175 0.057025 0.319850
-0.088771 0.057086 0.318116
-0.076180 0.064693 0.309284
-0.076979 0.065223 0.307026
-0.077779 0.065753 0.304768
-0.079404 0.065833 0.302950
-0.080201 0.066362 0.300699
-0.081819 0.066437 0.298905
-0.082613 0.066963 0.296662
-0.083407 0.067490 0.294418
-0.085014 0.067558 0.292654
-0.085805 0.068083 0.290418
-0.086596 0.068607 0.288183
-0.088193 0.068669 0.286449
-0.088981 0.069191 0.284221
-0.089770 0.069714 0.281993
-0.090559 0.070237 0.279764
-0.049212 0.046221 0.388621
-0.050009 0.046750 0.386370
-0.051728 0.046891 0.384287
-0.053442 0.047029 0.382219
-0.056068 0.046772 0.380349
-0.057768 0.046901 0.378319
-0.059463 0.047027 0.376305
-0.060244 0.047544 0.374099
-0.061931 0.047664 0.372107
-0.062709 0.048180 0.369909
-0.063487 0.048696 0.367712
-0.064265 0.049212 0.365514
-0.065199 0.049831 0.362876
-0.066869 0.049940 0.360931
-0.067644 0.050454 0.358741
-0.069307 0.050557 0.356819
-0.070079 0.051069 0.354636
-0.071734 0.051168 0.352737
-0.072504 0.051678 0.350562
-0.074150 0.051771 0.348685
-0.074917 0.052280 0.346517
-0.075684 0.052789 0.344350
-0.076452 0.053297 0.342182
-0.077219 0.053806 0.340015
-0.078849 0.053888 0.338183
-0.079614 0.054395 0.336023
-0.080378 0.054902 0.333864
-0.081143 0.055409 0.331704
-0.081907 0.055916 0.329544
-0.082672 0.056423 0.327384
-0.084283 0.056493 0.325605
-0.085045 0.056998 0.323453
-0.086649 0.057062 0.321698
-0.088247 0.057123 0.319957
-0.089154 0.057725 0.317392
-0.091347 0.058180 0.313973
-0.092929 0.058230 0.312278
-0.079648 0.066401 0.302639
-0.080445 0.066929 0.300388
-0.082062 0.067003 0.298594
-0.082856 0.067529 0.296351
-0.083650 0.068056 0.294108
-0.085256 0.068122 0.292344
-0.086047 0.068647 0.290109
-0.086839 0.069171 0.287873
-0.088434 0.069231 0.286140
-0.089223 0.069754 0.283912
-0.090012 0.070276 0.281684
-0.091596 0.070328 0.279981
-0.049456 0.046789 0.388309
-0.051178 0.046930 0.386220
-0.052893 0.047068 0.384145
-0.054604 0.047202 0.382086
-0.056309 0.047333 0.380042
-0.058008 0.047460 0.378013
-0.059703 0.047583 0.375999
-0.060483 0.048101 0.373794
-0.062169 0.048219 0.371803
-0.062947 0.048734 0.369605
-0.063725 0.049250 0.367407
-0.064503 0.049766 0.365209
-0.065281 0.050282 0.363012
-0.066952 0.050389 0.361066
-0.067882 0.051006 0.358438
-0.069543 0.051108 0.356517
-0.071200 0.051206 0.354610
-0.071970 0.051716 0.352435
-0.073618 0.051809 0.350552
-0.074385 0.052318 0.348384
-0.075152 0.052827 0.346217
-0.075919 0.053335 0.344050
-0.076687 0.053844 0.341882
-0.077454 0.054353 0.339715
-0.079083 0.054433 0.337884
-0.079848 0.054940 0.335724
-0.081469 0.055015 0.333917
-0.082231 0.055520 0.331764
-0.082993 0.056025 0.329612
-0.083755 0.056530 0.327460
-0.084517 0.057036 0.325307
-0.086122 0.057100 0.323545
-0.087722 0.057161 0.321798
-0.088478 0.057662 0.319661
-0.090070 0.057718 0.317937
-0.090824 0.058218 0.315807
-0.092408 0.058268 0.314106
-0.093159 0.058766 0.311984
-0.093910 0.059264 0.309862
-0.080689 0.067497 0.300076
-0.082305 0.067569 0.298284
-0.083099 0.068095 0.296040
-0.083893 0.068622 0.293797
-0.085499 0.068686 0.292035
-0.086290 0.069211 0.289799
-0.087887 0.069270 0.288060
-0.088676 0.069793 0.285832
-0.089465 0.070316 0.283604
-0.091051 0.070368 0.281894
-0.091837 0.070889 0.279674
-0.092623 0.071410 0.277453
-0.049860 0.047463 0.387547
-0.051580 0.047602 0.385460
-0.053294 0.047737 0.383388
-0.055003 0.047869 0.381332
-0.057622 0.047602 0.379477
-0.058405 0.048122 0.377264
-0.060098 0.048243 0.375253
-0.061785 0.048360 0.373257
-0.062563 0.048876 0.371059
-0.063341 0.049392 0.368861
-0.064119 0.049908 0.366663
-0.064897 0.050424 0.364466
-0.066569 0.050531 0.362515
-0.067499 0.051147 0.359887
-0.068274 0.051661 0.357697
-0.069935 0.051761 0.355778
-0.071589 0.051857 0.353874
-0.073239 0.051949 0.351986
-0.074006 0.052458 0.349818
-0.074773 0.052966 0.347651
-0.075541 0.053475 0.345483
-0.076308 0.053984 0.343316
-0.077941 0.054065 0.341473
-0.078706 0.054572 0.339313
-0.079470 0.055079 0.337153
-0.081093 0.055154 0.335340
-0.081855 0.055659 0.333188
-0.082617 0.056164 0.331036
-0.083379 0.056669 0.328884
-0.084988 0.056735 0.327109
-0.085747 0.057238 0.324964
-0.087348 0.057299 0.323212
-0.088944 0.057355 0.321475
-0.089698 0.057855 0.319346
-0.090452 0.058355 0.317216
-0.091206 0.058855 0.315086
-0.092788 0.058903 0.313387
-0.093539 0.059401 0.311265
-0.094290 0.059899 0.309143
-0.095041 0.060397 0.307021
-0.082707 0.068240 0.297524
-0.083501 0.068766 0.295281
-0.085108 0.068830 0.293514
-0.085899 0.069355 0.291278
-0.086691 0.069880 0.289042
-0.088286 0.069936 0.287306
-0.089075 0.070459 0.285077
-0.090663 0.070511 0.283363
-0.091449 0.071032 0.281143
-0.092235 0.071553 0.278922
-0.049467 0.047608 0.389036
-0.050263 0.048136 0.386785
-0.051982 0.048273 0.384701
-0.053695 0.048406 0.382632
-0.056319 0.048140 0.380759
-0.058018 0.048264 0.378728
-0.059712 0.048385 0.376712
-0.060493 0.048903 0.374506
-0.061274 0.049420 0.372301
-0.062957 0.049534 0.370315
-0.063735 0.050050 0.368117
-0.064513 0.050565 0.365919
-0.065291 0.051081 0.363722
-0.066961 0.051186 0.361774
-0.067892 0.051803 0.359145
-0.069553 0.051902 0.357222
-0.071209 0.051997 0.355313
-0.071979 0.052508 0.353138
-0.073627 0.052598 0.351252
-0.075270 0.052684 0.349381
-0.076035 0.053191 0.347222
-0.076799 0.053698 0.345062
-0.077564 0.054205 0.342902
-0.078328 0.054712 0.340742
-0.079093 0.055219 0.338582
-0.080717 0.055293 0.336764
-0.081479 0.055798 0.334612
-0.082241 0.056303 0.332460
-0.083854 0.056370 0.330672
-0.084613 0.056873 0.328528
-0.085372 0.057377 0.326383
-0.086975 0.057436 0.324626
-0.087731 0.057938 0.322489
-0.089326 0.057993 0.320754
-0.090080 0.058492 0.318625
-0.090833 0.058992 0.316495
-0.092417 0.059040 0.314791
-0.093168 0.059538 0.312669
-0.093920 0.060036 0.310547
-0.094671 0.060534 0.308425
-0.095422 0.061032 0.306303
-0.096989 0.061068 0.304645
-0.083903 0.069438 0.294522
-0.098486 0.062061 0.300416
-0.086300 0.070024 0.290521
-0.087897 0.070080 0.288780
-0.088686 0.070603 0.286551
-0.090275 0.070654 0.284832
-0.091061 0.071175 0.282612
-0.091847 0.071696 0.280391
-0.093425 0.071740 0.278702
-0.049870 0.048281 0.388274
-0.051590 0.048418 0.386185
-0.053304 0.048550 0.384111
-0.055013 0.048679 0.382052
-0.056717 0.048805 0.380008
-0.058415 0.048927 0.377979
-0.060108 0.049045 0.375965
-0.060888 0.049563 0.373760
-0.061669 0.050080 0.371554
-0.062450 0.050598 0.369349
-0.064129 0.050707 0.367373
-0.064907 0.051223 0.365176
-0.065685 0.051739 0.362978
-0.067354 0.051841 0.361032
-0.068284 0.052458 0.358404
-0.069944 0.052555 0.356483
-0.071599 0.052648 0.354577
-0.073249 0.052737 0.352686
-0.074893 0.052823 0.350810
-0.075657 0.053330 0.348650
-0.076422 0.053837 0.346490
-0.077186 0.054344 0.344331
-0.077951 0.054851 0.342171
-0.078716 0.055358 0.340011
-0.080341 0.055432 0.338188
-0.081103 0.055937 0.336036
-0.082720 0.056005 0.334236
-0.083479 0.056508 0.332091
-0.084238 0.057012 0.329946
-0.084998 0.057515 0.327802
-0.086601 0.057574 0.326040
-0.087358 0.058076 0.323902
-0.088954 0.058130 0.322163
-0.089708 0.058630 0.320034
-0.090461 0.059130 0.317904
-0.092046 0.059176 0.316195
-0.092798 0.059674 0.314073
-0.093549 0.060172 0.311951
-0.094300 0.060670 0.309829
-0.095051 0.061169 0.307707
-0.096620 0.061205 0.306043
-0.097368 0.061701 0.303929
-0.098117 0.062197 0.301815
-0.098865 0.062693 0.299700
-0.086701 0.070693 0.289765
-0.088296 0.070747 0.288025
-0.089887 0.070797 0.286301
-0.090673 0.071318 0.284081
-0.091459 0.071840 0.281860
-0.092245 0.072361 0.279640
-0.049477 0.048427 0.389763
-0.050273 0.048955 0.387512
-0.051992 0.049089 0.385426
-0.053705 0.049219 0.383354
-0.055412 0.049346 0.381297
-0.058028 0.049069 0.379443
-0.058812 0.049589 0.377230
-0.060503 0.049705 0.375219
-0.061284 0.050222 0.373013
-0.062064 0.050740 0.370808
-0.062845 0.051258 0.368603
-0.064523 0.051365 0.366629
-0.065301 0.051881 0.364432
-0.066971 0.051983 0.362481
-0.067746 0.052497 0.360291
-0.069563 0.052696 0.357927
-0.070336 0.053208 0.355744
-0.071989 0.053299 0.353841
-0.073637 0.053386 0.351952
-0.075280 0.053470 0.350079
-0.076044 0.053977 0.347919
-0.076809 0.054484 0.345759
-0.077574 0.054990 0.343599
-0.078338 0.055497 0.341440
-0.079965 0.055570 0.339612
-0.080727 0.056076 0.337460
-0.082345 0.056143 0.335655
-0.083104 0.056647 0.333510
-0.083864 0.057150 0.331365
-0.084623 0.057653 0.329220
-0.086228 0.057712 0.327453
-0.086984 0.058214 0.325316
-0.088582 0.058267 0.323572
-0.089335 0.058767 0.321442
-0.090089 0.059267 0.319313
-0.091676 0.059313 0.317599
-0.092427 0.059811 0.315477
-0.093178 0.060309 0.313355
-0.093929 0.060807 0.311233
-0.094680 0.061305 0.309111
-0.096250 0.061341 0.307442
-0.096999 0.061837 0.305328
-0.097747 0.062334 0.303213
-0.098496 0.062830 0.301099
-0.099244 0.063326 0.298984
-0.099993 0.063822 0.296870
-0.100741 0.064319 0.294756
-0.090285 0.071462 0.285550
-0.091071 0.071983 0.283329
-0.092652 0.072026 0.281630
-0.093435 0.072545 0.279417
-0.049880 0.049100 0.389001
-0.050677 0.049628 0.386751
-0.052394 0.049760 0.384666
-0.054105 0.049888 0.382597
-0.056727 0.049612 0.380725
-0.058425 0.049732 0.378694
-0.059208 0.050251 0.376481
-0.060898 0.050365 0.374472
-0.061679 0.050882 0.372267
-0.062460 0.051400 0.370061
-0.063240 0.051918 0.367856
-0.064917 0.052022 0.365885
-0.065695 0.052538 0.363688
-0.067364 0.052638 0.361740
-0.068139 0.053152 0.359550
-0.069954 0.053349 0.357188
-0.071609 0.053439 0.355279
-0.073258 0.053526 0.353386
-0.074902 0.053609 0.351508
-0.075667 0.054116 0.349348
-0.076432 0.054623 0.347188
-0.077196 0.055130 0.345028
-0.077961 0.055637 0.342868
-0.078725 0.056144 0.340708
-0.080351 0.056214 0.338883
-0.081970 0.056282 0.337073
-0.082730 0.056785 0.334929
-0.083489 0.057288 0.332784
-0.085098 0.057349 0.331004
-0.085854 0.057850 0.328867
-0.086611 0.058352 0.326730
-0.088209 0.058405 0.324981
-0.088963 0.058905 0.322851
-0.090554 0.058952 0.321124
-0.091305 0.059450 0.319002
-0.092056 0.059948 0.316880
-0.092807 0.060446 0.314758
-0.093558 0.060944 0.312636
-0.095133 0.060981 0.310955
-0.095881 0.061478 0.308841
-0.096629 0.061974 0.306726
-0.097378 0.062470 0.304612
-0.098126 0.062966 0.302498
-0.098875 0.063463 0.300383
-0.099623 0.063959 0.298269
-0.101176 0.063982 0.296648
-0.101922 0.064476 0.294541
-0.090683 0.072126 0.284798
-0.091469 0.072647 0.282577
-0.093049 0.072688 0.280881
-0.048720 0.049745 0.389892
-0.049519 0.050275 0.387634
-0.052161 0.050010 0.385702
-0.053873 0.050137 0.383629
-0.055580 0.050261 0.381572
-0.057282 0.050381 0.379529
-0.058978 0.050498 0.377502
-0.059761 0.051017 0.375289
-0.061450 0.051128 0.373285
-0.062230 0.051646 0.371079
-0.063011 0.052163 0.368874
-0.064689 0.052267 0.366900
-0.065467 0.052783 0.364702
-0.067136 0.052882 0.362751
-0.067911 0.053396 0.360560
-0.069573 0.053489 0.358632
-0.071383 0.053681 0.356283
-0.072153 0.054192 0.354108
-0.073800 0.054276 0.352219
-0.075442 0.054357 0.350345
-0.076207 0.054864 0.348185
-0.076972 0.055371 0.346025
-0.077736 0.055877 0.343865
-0.078501 0.056384 0.341705
-0.080127 0.056454 0.339877
-0.080889 0.056959 0.337724
-0.082507 0.057024 0.335919
-0.083266 0.057527 0.333774
-0.084876 0.057587 0.331991
-0.085632 0.058088 0.329853
-0.087234 0.058142 0.328093
-0.087988 0.058642 0.325963
-0.089582 0.058691 0.324226
-0.090333 0.059189 0.322104
-0.091084 0.059687 0.319982
-0.091835 0.060185 0.317860
-0.092587 0.060683 0.315738
-0.094164 0.060721 0.314046
-0.094913 0.061217 0.311931
-0.095661 0.061713 0.309817
-0.096410 0.062209 0.307702
-0.097158 0.062706 0.305588
-0.097907 0.063202 0.303473
-0.099466 0.063227 0.301834
-0.099404 0.064194 0.299245
-0.100957 0.064216 0.297621
-0.101703 0.064711 0.295514
-0.102449 0.065205 0.293407
-0.104140 0.065319 0.291393
-0.105825 0.065428 0.289398
-0.106566 0.065919 0.287306
-0.048199 0.050817 0.388977
-0.049924 0.050951 0.386869
-0.052563 0.050681 0.384942
-0.054274 0.050806 0.382872
-0.055979 0.050928 0.380817
-0.058591 0.050640 0.378966
-0.059375 0.051160 0.376753
-0.060158 0.051679 0.374540
-0.061845 0.051788 0.372538
-0.062626 0.052306 0.370333
-0.063406 0.052823 0.368127
-0.065083 0.052925 0.366156
-0.065861 0.053441 0.363958
-0.067529 0.053537 0.362009
-0.068304 0.054051 0.359819
-0.069964 0.054143 0.357893
-0.071773 0.054332 0.355547
-0.073422 0.054416 0.353653
-0.075065 0.054496 0.351774
-0.075830 0.055003 0.349614
-0.076594 0.055510 0.347454
-0.077359 0.056017 0.345294
-0.078123 0.056524 0.343134
-0.079751 0.056593 0.341300
-0.080513 0.057098 0.339148
-0.082132 0.057162 0.337337
-0.082891 0.057666 0.335193
-0.083650 0.058169 0.333048
-0.085259 0.058226 0.331267
-0.086015 0.058728 0.329130
-0.087616 0.058779 0.327372
-0.089211 0.058828 0.325630
-0.089962 0.059326 0.323508
-0.090713 0.059824 0.321386
-0.091465 0.060322 0.319264
-0.092216 0.060820 0.317142
-0.093795 0.060857 0.315444
-0.094543 0.061353 0.313330
-0.095292 0.061850 0.311215
-0.096040 0.062346 0.309101
-0.096789 0.062842 0.306987
-0.097537 0.063338 0.304872
-0.098286 0.063835 0.302758
-0.099843 0.063858 0.301121
-0.100589 0.064352 0.299014
-0.101335 0.064847 0.296907
-0.102081 0.065341 0.294801
-0.103625 0.065356 0.293202
-0.105164 0.065366 0.291618
-0.105904 0.065857 0.289527
-0.106644 0.066348 0.287435
-0.107385 0.066839 0.285343
-0.047199 0.051573 0.389422
-0.049849 0.051308 0.387460
-0.051568 0.051438 0.385365
-0.053282 0.051563 0.383286
-0.055906 0.051281 0.381400
-0.057606 0.051397 0.379358
-0.059301 0.051510 0.377332
-0.060085 0.052030 0.375119
-0.061772 0.052137 0.373115
-0.062553 0.052655 0.370910
-0.063333 0.053173 0.368704
-0.065010 0.053273 0.366731
-0.065788 0.053789 0.364533
-0.066566 0.054305 0.362335
-0.068231 0.054398 0.360392
-0.070046 0.054591 0.358027
-0.071701 0.054677 0.356116
-0.073350 0.054759 0.354220
-0.074117 0.055268 0.352052
-0.075758 0.055345 0.350179
-0.076523 0.055852 0.348019
-0.077287 0.056359 0.345859
-0.078052 0.056866 0.343699
-0.078816 0.057373 0.341539
-0.080441 0.057439 0.339711
-0.081203 0.057944 0.337559
-0.082820 0.058006 0.335753
-0.083579 0.058509 0.333609
-0.085188 0.058565 0.331826
-0.085945 0.059066 0.329689
-0.087545 0.059117 0.327929
-0.089141 0.059164 0.326185
-0.089892 0.059662 0.324063
-0.090643 0.060160 0.321940
-0.091394 0.060658 0.319818
-0.092976 0.060696 0.318112
-0.093725 0.061192 0.315997
-0.094473 0.061688 0.313883
-0.095222 0.062185 0.311768
-0.095970 0.062681 0.309654
-0.096719 0.063177 0.307540
-0.097467 0.063673 0.305425
-0.098215 0.064170 0.303311
-0.099773 0.064192 0.301672
-0.100519 0.064686 0.299565
-0.101265 0.065181 0.297458
-0.102011 0.065675 0.295352
-0.103555 0.065688 0.293751
-0.104298 0.066181 0.291652
-0.105835 0.066189 0.290074
-0.106575 0.066680 0.287982
-0.107315 0.067170 0.285890
-0.048851 0.052067 0.387897
-0.050574 0.052196 0.385792
-0.052291 0.052322 0.383703
-0.054917 0.052039 0.381806
-0.057533 0.051749 0.379939
-0.058319 0.052270 0.377718
-0.060011 0.052380 0.375697
-0.060795 0.052899 0.373485
-0.062479 0.053004 0.371486
-0.063260 0.053522 0.369281
-0.064041 0.054039 0.367076
-0.065715 0.054137 0.365108
-0.066493 0.054653 0.362910
-0.068159 0.054745 0.360965
-0.069974 0.054936 0.358598
-0.071629 0.055021 0.356685
-0.072398 0.055532 0.354510
-0.074045 0.055611 0.352619
-0.074812 0.056120 0.350452
-0.076451 0.056194 0.348584
-0.077216 0.056701 0.346424
-0.077980 0.057208 0.344264
-0.078745 0.057715 0.342104
-0.080370 0.057780 0.340274
-0.081132 0.058285 0.338122
-0.082749 0.058345 0.336314
-0.083508 0.058849 0.334170
-0.085117 0.058903 0.332385
-0.085874 0.059405 0.330248
-0.087475 0.059454 0.328486
-0.088229 0.059954 0.326356
-0.089822 0.059998 0.324617
-0.090573 0.060496 0.322495
-0.091324 0.060994 0.320373
-0.092906 0.061031 0.318665
-0.093655 0.061527 0.316550
-0.094403 0.062023 0.314436
-0.095152 0.062519 0.312321
-0.095900 0.063016 0.310207
-0.096648 0.063512 0.308093
-0.097397 0.064008 0.305978
-0.098145 0.064504 0.303864
-0.099703 0.064525 0.302223
-0.100449 0.065020 0.300116
-0.101195 0.065514 0.298009
-0.101941 0.066009 0.295903
-0.103486 0.066021 0.294300
-0.104229 0.066513 0.292201
-0.105765 0.066520 0.290621
-0.106506 0.067011 0.288529
-0.107246 0.067502 0.286437
-0.107987 0.067993 0.284346
-0.052216 0.052679 0.384292
-0.054843 0.052393 0.382391
-0.056547 0.052509 0.380337
-0.058245 0.052622 0.378299
-0.059938 0.052731 0.376276
-0.060721 0.053250 0.374063
-0.061505 0.053769 0.371850
-0.063187 0.053871 0.369858
-0.063968 0.054389 0.367652
-0.064748 0.054906 0.365447
-0.066420 0.055001 0.363485
-0.068086 0.055092 0.361537
-0.069016 0.055709 0.358909
-0.070674 0.055794 0.356986
-0.072326 0.055876 0.355078
-0.073973 0.055955 0.353186
-0.074741 0.056463 0.351018
-0.076379 0.056536 0.349148
-0.077144 0.057043 0.346989
-0.077908 0.057550 0.344829
-0.078673 0.058057 0.342669
-0.080298 0.058121 0.340837
-0.081060 0.058626 0.338684
-0.082678 0.058685 0.336875
-0.083437 0.059188 0.334730
-0.085046 0.059242 0.332944
-0.085803 0.059743 0.330807
-0.087404 0.059791 0.329043
-0.088158 0.060291 0.326913
-0.089751 0.060334 0.325172
-0.090502 0.060832 0.323050
-0.092088 0.060869 0.321332
-0.092836 0.061366 0.319218
-0.093584 0.061862 0.317103
-0.094333 0.062358 0.314989
-0.095081 0.062854 0.312874
-0.095830 0.063351 0.310760
-0.096578 0.063847 0.308645
-0.097327 0.064343 0.306531
-0.098075 0.064839 0.304417
-0.099634 0.064859 0.302774
-0.100379 0.065353 0.300667
-0.101125 0.065848 0.298560
-0.101871 0.066342 0.296454
-0.103416 0.066353 0.294849
-0.104159 0.066846 0.292750
-0.105696 0.066851 0.291168
-0.106436 0.067342 0.289076
-0.107965 0.067342 0.287517
-0.107917 0.068324 0.284893
-0.055085 0.052957 0.382081
-0.056788 0.053071 0.380029
-0.058486 0.053182 0.377992
-0.060178 0.053289 0.375970
-0.060961 0.053808 0.373757
-0.061745 0.054328 0.371544
-0.063426 0.054428 0.369552
-0.064207 0.054945 0.367347
-0.065880 0.055040 0.365378
-0.066658 0.055555 0.363180
-0.068324 0.055645 0.361234
-0.069099 0.056159 0.359044
-0.070756 0.056243 0.357120
-0.072562 0.056425 0.354777
-0.074208 0.056501 0.352886
-0.074976 0.057010 0.350718
-0.075743 0.057519 0.348551
-0.077378 0.057588 0.346689
-0.078143 0.058095 0.344530
-0.078907 0.058602 0.342370
-0.080532 0.058664 0.340539
-0.081294 0.059169 0.338386
-0.082910 0.059226 0.336578
-0.083670 0.059729 0.334433
-0.085278 0.059781 0.332648
-0.086035 0.060283 0.330511
-0.087635 0.060329 0.328748
-0.088389 0.060828 0.326619
-0.089981 0.060869 0.324879
-0.090732 0.061367 0.322757
-0.092317 0.061403 0.321039
-0.093065 0.061899 0.318925
-0.093814 0.062395 0.316810
-0.094562 0.062892 0.314696
-0.095311 0.063388 0.312582
-0.096059 0.063884 0.310467
-0.096808 0.064380 0.308353
-0.097556 0.064877 0.306238
-0.099116 0.064896 0.304589
-0.099862 0.065391 0.302482
-0.100608 0.065885 0.300375
-0.101354 0.066379 0.298269
-0.102099 0.066874 0.296162
-0.103644 0.066883 0.294558
-0.105182 0.066888 0.292970
-0.105923 0.067379 0.290878
-0.107454 0.067379 0.289312
-0.108191 0.067868 0.287228
-0.108144 0.068852 0.284603
-0.057345 0.053843 0.378829
-0.059041 0.053951 0.376796
-0.060731 0.054055 0.374778
-0.061515 0.054574 0.372565
-0.062298 0.055094 0.370352
-0.063081 0.055613 0.368139
-0.064758 0.055709 0.366159
-0.066430 0.055800 0.364195
-0.068096 0.055889 0.362245
-0.068871 0.056403 0.360055
-0.070529 0.056486 0.358128
-0.072182 0.056565 0.356216
-0.072952 0.057076 0.354041
-0.074597 0.057150 0.352152
-0.075364 0.057659 0.349985
-0.076285 0.058269 0.347384
-0.077918 0.058336 0.345526
-0.078683 0.058843 0.343366
-0.079447 0.059350 0.341207
-0.081070 0.059409 0.339380
-0.081832 0.059914 0.337227
-0.083447 0.059968 0.335423
-0.084206 0.060472 0.333279
-0.085812 0.060521 0.331497
-0.087414 0.060566 0.329731
-0.088168 0.061066 0.327601
-0.089761 0.061106 0.325858
-0.090512 0.061604 0.323736
-0.091263 0.062102 0.321614
-0.092846 0.062135 0.319901
-0.093594 0.062631 0.317786
-0.094342 0.063127 0.315672
-0.095091 0.063623 0.313557
-0.095839 0.064120 0.311443
-0.096588 0.064616 0.309329
-0.097336 0.065112 0.307214
-0.098897 0.065131 0.305562
-0.099643 0.065625 0.303455
-0.100389 0.066120 0.301348
-0.101135 0.066614 0.299241
-0.101880 0.067109 0.297134
-0.103425 0.067117 0.295527
-0.104168 0.067609 0.293428
-0.105705 0.067612 0.291843
-0.107237 0.067611 0.290274
-0.107975 0.068100 0.288190
-0.108712 0.068589 0.286106
-0.059753 0.054823 0.375156
-0.061441 0.054925 0.373144
-0.062225 0.055444 0.370931
-0.063008 0.055964 0.368718
-0.064685 0.056058 0.366736
-0.065466 0.056575 0.364531
-0.067135 0.056664 0.362571
-0.068799 0.056750 0.360627
-0.070457 0.056832 0.358699
-0.072110 0.056910 0.356785
-0.072880 0.057420 0.354610
-0.074525 0.057493 0.352719
-0.075292 0.058002 0.350551
-0.076059 0.058511 0.348384
-0.076827 0.059019 0.346216
-0.078458 0.059083 0.344363
-0.079223 0.059590 0.342203
-0.080846 0.059649 0.340373
-0.081608 0.060154 0.338221
-0.083375 0.060308 0.335984
-0.084135 0.060812 0.333839
-0.085742 0.060859 0.332056
-0.086498 0.061361 0.329919
-0.088097 0.061403 0.328158
-0.089690 0.061442 0.326413
-0.090442 0.061940 0.324291
-0.091193 0.062438 0.322169
-0.092775 0.062470 0.320454
-0.093524 0.062966 0.318339
-0.094272 0.063462 0.316225
-0.095021 0.063958 0.314110
-0.095769 0.064455 0.311996
-0.096518 0.064951 0.309881
-0.097266 0.065447 0.307767
-0.098827 0.065465 0.306113
-0.099573 0.065959 0.304006
-0.100319 0.066454 0.301899
-0.101065 0.066948 0.299792
-0.101811 0.067442 0.297685
-0.103356 0.067449 0.296076
-0.104099 0.067942 0.293977
-0.105636 0.067943 0.292390
-0.107168 0.067941 0.290819
-0.107906 0.068430 0.288735
-0.108643 0.068919 0.286651
-0.062151 0.055795 0.371510
-0.062935 0.056314 0.369297
-0.063718 0.056833 0.367084
-0.065393 0.056925 0.365107
-0.067062 0.057013 0.363146
-0.067840 0.057528 0.360948
-0.069501 0.057611 0.359010
-0.071157 0.057690 0.357087
-0.072808 0.057765 0.355179
-0.073578 0.058275 0.353004
-0.075220 0.058345 0.351118
-0.075988 0.058854 0.348951
-0.076755 0.059363 0.346783
-0.077522 0.059871 0.344616
-0.079151 0.059932 0.342768
-0.079916 0.060439 0.340608
-0.081537 0.060495 0.338784
-0.082299 0.061000 0.336631
-0.083912 0.061051 0.334829
-0.084671 0.061554 0.332685
-0.086276 0.061599 0.330905
-0.087876 0.061641 0.329141
-0.088629 0.062140 0.327012
-0.090221 0.062176 0.325270
-0.090972 0.062675 0.323148
-0.091873 0.063272 0.320602
-0.093454 0.063301 0.318892
-0.094202 0.063797 0.316778
-0.094951 0.064293 0.314663
-0.095699 0.064790 0.312549
-0.096448 0.065286 0.310434
-0.097196 0.065782 0.308320
-0.097945 0.066278 0.306206
-0.099503 0.066293 0.304557
-0.100249 0.066787 0.302450
-0.100995 0.067282 0.300343
-0.101741 0.067776 0.298236
-0.103286 0.067782 0.296625
-0.104029 0.068274 0.294526
-0.105567 0.068275 0.292937
-0.107099 0.068271 0.291364
-0.107836 0.068760 0.289280
-0.108574 0.069250 0.287196
-0.064115 0.057496 0.366335
-0.065788 0.057585 0.364361
-0.067456 0.057670 0.362402
-0.068234 0.058186 0.360205
-0.069894 0.058266 0.358269
-0.071548 0.058343 0.356348
-0.073198 0.058416 0.354442
-0.073968 0.058926 0.352267
-0.075609 0.058994 0.350385
-0.076376 0.059503 0.348217
-0.077143 0.060011 0.346050
-0.077911 0.060520 0.343882
-0.079538 0.060579 0.342037
-0.080303 0.061086 0.339877
-0.081923 0.061139 0.338055
-0.082684 0.061644 0.335903
-0.084296 0.061692 0.334103
-0.085902 0.061737 0.332319
-0.086659 0.062238 0.330182
-0.088257 0.062278 0.328420
-0.089011 0.062778 0.326291
-0.090601 0.062811 0.324552
-0.091352 0.063309 0.322430
-0.092104 0.063807 0.320308
-0.093683 0.063834 0.318599
-0.094432 0.064330 0.316485
-0.095180 0.064827 0.314370
-0.095928 0.065323 0.312256
-0.096677 0.065819 0.310142
-0.097425 0.066315 0.308027
-0.098174 0.066812 0.305913
-0.099732 0.066824 0.304265
-0.100478 0.067319 0.302158
-0.101373 0.067912 0.299630
-0.102919 0.067917 0.298014
-0.103662 0.068410 0.295914
-0.105201 0.068410 0.294321
-0.105942 0.068901 0.292229
-0.107472 0.068895 0.290659
-0.108210 0.069384 0.288575
-0.108948 0.069873 0.286491
-0.067850 0.058328 0.361658
-0.068628 0.058844 0.359461
-0.070286 0.058921 0.357527
-0.071940 0.058996 0.355609
-0.072712 0.059508 0.353427
-0.074357 0.059577 0.351531
-0.075127 0.060087 0.349356
-0.076765 0.060151 0.347483
-0.077532 0.060660 0.345316
-0.078299 0.061168 0.343148
-0.079925 0.061225 0.341306
-0.081547 0.061278 0.339479
-0.082308 0.061783 0.337327
-0.083921 0.061831 0.335522
-0.084681 0.062334 0.333377
-0.086286 0.062376 0.331596
-0.087042 0.062878 0.329458
-0.088639 0.062915 0.327699
-0.089393 0.063415 0.325570
-0.090982 0.063446 0.323834
-0.091733 0.063944 0.321712
-0.092484 0.064442 0.319590
-0.094062 0.064467 0.317884
-0.094811 0.064963 0.315769
-0.095559 0.065459 0.313655
-0.096307 0.065956 0.311540
-0.097056 0.066452 0.309426
-0.097804 0.066948 0.307311
-0.099364 0.066960 0.305659
-0.100110 0.067455 0.303552
-0.100855 0.067949 0.301445
-0.101601 0.068444 0.299338
-0.103147 0.068447 0.297723
-0.103890 0.068939 0.295624
-0.105428 0.068937 0.294032
-0.106168 0.069428 0.291940
-0.107698 0.069421 0.290370
-0.108436 0.069910 0.288286
-0.109174 0.070399 0.286202
-0.070524 0.059474 0.357224
-0.072176 0.059546 0.355307
-0.072949 0.060059 0.353124
-0.073722 0.060571 0.350942
-0.075517 0.060738 0.348620
-0.076287 0.061249 0.346445
-0.077920 0.061308 0.344582
-0.079548 0.061364 0.342735
-0.080313 0.061871 0.340575
-0.081932 0.061922 0.338750
-0.082694 0.062427 0.336598
-0.084306 0.062472 0.334796
-0.085912 0.062514 0.333009
-0.086669 0.063016 0.330872
-0.087425 0.063517 0.328735
-0.089021 0.063552 0.326979
-0.090611 0.063583 0.325237
-0.091362 0.064081 0.323115
-0.092113 0.064579 0.320993
-0.092864 0.065077 0.318871
-0.093615 0.065575 0.316749
-0.095189 0.065596 0.315054
-0.095938 0.066092 0.312939
-0.096686 0.066588 0.310825
-0.097435 0.067085 0.308710
-0.098183 0.067581 0.306596
-0.099741 0.067591 0.304945
-0.100487 0.068085 0.302839
-0.101233 0.068580 0.300732
-0.101979 0.069074 0.298625
-0.103523 0.069075 0.297012
-0.104266 0.069568 0.294913
-0.105803 0.069563 0.293324
-0.107334 0.069555 0.291749
-0.108072 0.070044 0.289665
-0.108810 0.070533 0.287581
-0.072877 0.060404 0.353695
-0.073649 0.060917 0.351512
-0.074422 0.061429 0.349330
-0.076061 0.061491 0.347449
-0.076831 0.062002 0.345274
-0.078462 0.062059 0.343415
-0.080088 0.062112 0.341572
-0.080853 0.062619 0.339412
-0.082470 0.062667 0.337591
-0.084083 0.062712 0.335786
-0.084842 0.063215 0.333641
-0.086446 0.063254 0.331859
-0.087203 0.063756 0.329721
-0.088799 0.063789 0.327961
-0.089553 0.064289 0.325832
-0.091141 0.064318 0.324095
-0.091893 0.064816 0.321973
-0.092644 0.065314 0.319851
-0.093395 0.065812 0.317729
-0.094296 0.066410 0.315182
-0.095868 0.066427 0.313492
-0.096616 0.066923 0.311378
-0.097365 0.067419 0.309263
-0.098113 0.067916 0.307149
-0.099672 0.067924 0.305496
-0.100417 0.068419 0.303390
-0.101163 0.068913 0.301283
-0.101909 0.069408 0.299176
-0.103454 0.069407 0.297561
-0.104197 0.069900 0.295462
-0.105734 0.069894 0.293871
-0.106474 0.070385 0.291779
-0.108003 0.070374 0.290210
-0.108740 0.070864 0.288126
-0.074350 0.061775 0.349901
-0.075122 0.062287 0.347718
-0.076759 0.062346 0.345842
-0.077529 0.062857 0.343667
-0.079158 0.062911 0.341814
-0.080781 0.062961 0.339977
-0.081546 0.063468 0.337817
-0.083161 0.063513 0.336002
-0.084771 0.063555 0.334202
-0.085530 0.064058 0.332057
-0.087132 0.064094 0.330280
-0.087889 0.064596 0.328143
-0.089483 0.064627 0.326389
-0.090236 0.065126 0.324259
-0.091822 0.065152 0.322528
-0.092573 0.065650 0.320406
-0.093324 0.066148 0.318284
-0.094076 0.066646 0.316162
-0.094827 0.067144 0.314040
-0.096397 0.067159 0.312353
-0.097145 0.067655 0.310239
-0.097893 0.068151 0.308125
-0.098642 0.068648 0.306010
-0.100198 0.068654 0.304362
-0.100944 0.069148 0.302255
-0.101690 0.069643 0.300148
-0.102436 0.070137 0.298041
-0.103979 0.070134 0.296431
-0.104722 0.070627 0.294332
-0.106257 0.070619 0.292744
-0.107786 0.070607 0.291172
-0.108524 0.071096 0.289088
-0.109262 0.071585 0.287004
-0.077611 0.063303 0.343801
-0.079239 0.063356 0.341948
-0.080862 0.063405 0.340110
-0.081780 0.064013 0.337518
-0.083394 0.064056 0.335704
-0.085004 0.064096 0.333905
-0.085763 0.064599 0.331760
-0.087364 0.064633 0.329984
-0.088120 0.065135 0.327847
-0.089713 0.065164 0.326094
-0.090467 0.065664 0.323964
-0.092052 0.065687 0.322234
-0.092803 0.066185 0.320112
-0.093555 0.066683 0.317990
-0.094306 0.067181 0.315868
-0.095057 0.067679 0.313746
-0.096626 0.067692 0.312061
-0.097374 0.068189 0.309946
-0.098123 0.068685 0.307832
-0.098871 0.069181 0.305717
-0.100427 0.069185 0.304070
-0.101173 0.069680 0.301963
-0.101918 0.070174 0.299856
-0.102664 0.070669 0.297750
-0.104206 0.070664 0.296140
-0.104949 0.071156 0.294041
-0.106483 0.071146 0.292455
-0.108012 0.071132 0.290883
-0.108750 0.071622 0.288799
-0.079321 0.063801 0.342081
-0.080088 0.064309 0.339914
-0.081708 0.064355 0.338083
-0.083323 0.064397 0.336267
-0.084085 0.064902 0.334114
-0.085692 0.064939 0.332321
-0.086451 0.065442 0.330176
-0.088050 0.065473 0.328406
-0.088806 0.065975 0.326269
-0.090397 0.066001 0.324521
-0.091151 0.066501 0.322392
-0.092733 0.066521 0.320667
-0.093484 0.067019 0.318545
-0.094235 0.067517 0.316423
-0.094987 0.068016 0.314301
-0.096556 0.068027 0.312614
-0.097304 0.068524 0.310499
-0.098053 0.069020 0.308385
-0.098801 0.069516 0.306270
-0.100357 0.069519 0.304621
-0.101103 0.070013 0.302514
-0.101848 0.070508 0.300407
-0.102594 0.071002 0.298301
-0.104137 0.070996 0.296689
-0.105028 0.071587 0.294170
-0.106562 0.071576 0.292583
-0.108091 0.071560 0.291011
-0.108828 0.072050 0.288927
-0.082095 0.065001 0.337352
-0.083709 0.065041 0.335538
-0.084471 0.065546 0.333386
-0.086076 0.065580 0.331595
-0.086835 0.066084 0.329451
-0.088433 0.066113 0.327683
-0.089189 0.066614 0.325546
-0.090778 0.066638 0.323800
-0.091532 0.067138 0.321671
-0.093113 0.067156 0.319948
-0.093865 0.067654 0.317826
-0.094616 0.068152 0.315704
-0.095367 0.068650 0.313582
-0.096935 0.068660 0.311898
-0.097683 0.069156 0.309783
-0.098432 0.069652 0.307669
-0.099180 0.070149 0.305555
-0.100735 0.070149 0.303908
-0.101480 0.070644 0.301801
-0.102226 0.071138 0.299694
-0.102972 0.071633 0.297587
-0.104513 0.071624 0.295979
-0.105256 0.072117 0.293879
-0.106789 0.072103 0.292294
-0.108317 0.072086 0.290723
-0.109054 0.072575 0.288639
-0.084399 0.065887 0.333949
-0.085161 0.066392 0.331796
-0.086764 0.066424 0.330011
-0.087523 0.066927 0.327867
-0.089118 0.066953 0.326104
-0.090708 0.066975 0.324357
-0.091462 0.067475 0.322228
-0.092215 0.067975 0.320098
-0.093794 0.067991 0.318381
-0.094545 0.068489 0.316259
-0.095297 0.068987 0.314137
-0.096048 0.069485 0.312015
-0.097613 0.069491 0.310336
-0.098362 0.069987 0.308222
-0.099110 0.070484 0.306108
-0.099858 0.070980 0.303993
-0.101410 0.070977 0.302352
-0.102156 0.071472 0.300245
-0.102902 0.071966 0.298138
-0.104443 0.071957 0.296528
-0.105186 0.072450 0.294428
-0.106868 0.072533 0.292422
-0.107608 0.073024 0.290331
-0.109133 0.073003 0.288767
-0.087149 0.067065 0.329285
-0.087908 0.067569 0.327141
-0.089501 0.067592 0.325381
-0.090258 0.068094 0.323244
-0.091843 0.068113 0.321507
-0.092597 0.068612 0.319377
-0.093351 0.069112 0.317248
-0.094926 0.069123 0.315541
-0.095677 0.069622 0.313419
-0.096428 0.070120 0.311297
-0.097992 0.070124 0.309621
-0.098741 0.070620 0.307506
-0.099489 0.071116 0.305392
-0.100237 0.071613 0.303277
-0.101788 0.071608 0.301639
-0.102534 0.072102 0.299532
-0.103280 0.072597 0.297425
-0.104820 0.072585 0.295817
-0.105563 0.073078 0.293718
-0.107094 0.073061 0.292133
-0.107835 0.073552 0.290041
-0.109359 0.073529 0.288478
-0.089733 0.068132 0.325085
-0.090490 0.068633 0.322948
-0.091246 0.069135 0.320811
-0.092828 0.069150 0.319082
-0.093582 0.069649 0.316953
-0.094336 0.070149 0.314823
-0.095907 0.070157 0.313125
-0.096658 0.070655 0.311003
-0.097409 0.071153 0.308881
-0.098970 0.071153 0.307213
-0.099718 0.071650 0.305099
-0.100467 0.072146 0.302985
-0.102017 0.072139 0.301347
-0.102762 0.072634 0.299240
-0.103508 0.073128 0.297134
-0.105047 0.073115 0.295526
-0.105790 0.073607 0.293427
-0.107321 0.073588 0.291843
-0.108062 0.074079 0.289751
-0.109585 0.074055 0.288190
-0.091327 0.069574 0.320942
-0.092908 0.069587 0.319213
-0.093662 0.070087 0.317084
-0.094416 0.070586 0.314954
-0.095987 0.070593 0.313256
-0.096738 0.071091 0.311134
-0.097639 0.071688 0.308587
-0.099199 0.071687 0.306921
-0.099948 0.072183 0.304806
-0.100696 0.072679 0.302692
-0.102245 0.072671 0.301055
-0.102991 0.073165 0.298949
-0.103737 0.073660 0.296842
-0.105275 0.073644 0.295236
-0.106018 0.074137 0.293136
-0.107548 0.074116 0.291553
-0.109073 0.074091 0.289985
-0.093290 0.070224 0.318493
-0.094044 0.070724 0.316363
-0.094798 0.071224 0.314233
-0.096367 0.071227 0.312537
-0.097118 0.071726 0.310415
-0.097870 0.072224 0.308293
-0.099428 0.072220 0.306628
-0.100177 0.072717 0.304513
-0.100925 0.073213 0.302399
-0.101674 0.073709 0.300285
-0.103219 0.073697 0.298657
-0.103965 0.074191 0.296550
-0.105502 0.074174 0.294945
-0.106246 0.074666 0.292846
-0.107775 0.074644 0.291264
-0.109299 0.074617 0.289696
-0.095179 0.071861 0.313513
-0.096748 0.071862 0.311819
-0.097499 0.072360 0.309697
-0.098250 0.072858 0.307575
-0.099807 0.072853 0.305912
-0.100556 0.073349 0.303798
-0.101304 0.073845 0.301683
-0.102851 0.073833 0.300051
-0.103597 0.074327 0.297944
-0.104343 0.074822 0.295837
-0.105879 0.074802 0.294234
-0.106622 0.075295 0.292135
-0.108150 0.075270 0.290556
-0.108890 0.075760 0.288464
-0.099887 0.073287 0.306042
-0.100635 0.073783 0.303928
-0.101384 0.074280 0.301813
-0.102930 0.074265 0.300180
-0.103676 0.074760 0.298073
-0.104422 0.075254 0.295966
-0.105958 0.075233 0.294364
-0.106701 0.075726 0.292264
-0.108229 0.075699 0.290684
-0.108969 0.076190 0.288593
-0.103010 0.074698 0.300310
-0.103756 0.075192 0.298203
-0.104501 0.075687 0.296096
-0.105247 0.076181 0.293989
-0.106780 0.076157 0.292393
-0.107523 0.076649 0.290294
-0.109048 0.076619 0.288721
-0.104730 0.076218 0.295804
-0.105476 0.076713 0.293697
-0.107008 0.076686 0.292103
-0.107751 0.077179 0.290004
-0.105555 0.077146 0.293827
-0.107087 0.077117 0.292232
-0.107830 0.077610 0.290133
-0.097008 0.067915 0.276061
-0.095987 0.067356 0.278935
-0.093016 0.064819 0.283359
-0.096536 0.069031 0.276383
-0.095113 0.067414 0.279873
-0.092784 0.065367 0.283517
-0.092210 0.064195 0.286718
-0.095665 0.069090 0.277331
-0.094239 0.067470 0.280807
-0.092793 0.065855 0.284239
-0.092219 0.064680 0.287436
-0.090739 0.063074 0.290786
-0.094550 0.069207 0.277704
-0.094005 0.068022 0.280966
-0.092562 0.066403 0.284397
-0.091988 0.065225 0.287593
-0.090510 0.063615 0.290942
-0.094460 0.070389 0.275936
-0.093923 0.069199 0.279214
-0.092490 0.067573 0.282664
-0.091039 0.065952 0.286070
-0.090457 0.064774 0.289244
-0.089864 0.063599 0.292389
-0.093979 0.071007 0.275524
-0.093445 0.069814 0.278805
-0.092016 0.068184 0.282258
-0.091454 0.066998 0.285472
-0.090878 0.065816 0.288656
-0.089398 0.064198 0.291990
-0.087900 0.062585 0.295281
-0.086382 0.060976 0.298526
-0.092869 0.071120 0.275902
-0.092333 0.069925 0.279174
-0.091784 0.068733 0.282417
-0.090338 0.067103 0.285824
-0.089760 0.065919 0.289000
-0.089170 0.064737 0.292146
-0.087014 0.062621 0.296156
-0.085493 0.061010 0.299388
-0.084854 0.059841 0.302420
-0.092390 0.071736 0.275492
-0.087471 0.068313 0.279819
-0.091310 0.069344 0.282011
-0.090751 0.068152 0.285226
-0.089293 0.066521 0.288599
-0.088705 0.065337 0.291748
-0.087212 0.063714 0.295040
-0.085700 0.062097 0.298287
-0.085068 0.060924 0.301332
-0.085862 0.070541 0.272234
-0.079931 0.066029 0.278697
-0.087241 0.068858 0.279976
-0.089318 0.069002 0.282575
-0.089637 0.068254 0.285579
-0.089063 0.067063 0.288756
-0.088477 0.065876 0.291903
-0.086986 0.064249 0.295194
-0.085475 0.062628 0.298441
-0.084845 0.061452 0.301484
-0.064882 0.048461 0.315805
-0.065956 0.048190 0.318317
-0.083984 0.069498 0.275314
-0.077553 0.065100 0.280594
-0.087090 0.068714 0.282578
-0.087404 0.067966 0.285569
-0.088595 0.067666 0.288355
-0.088012 0.066475 0.291505
-0.086524 0.064844 0.294799
-0.085017 0.063217 0.298048
-0.084389 0.062038 0.301094
-0.083748 0.060862 0.304110
-0.065319 0.048788 0.317454
-0.066394 0.048517 0.319966
-0.084144 0.070613 0.274128
-0.078371 0.066708 0.278674
-0.076046 0.064614 0.282259
-0.078961 0.065219 0.284565
-0.087174 0.068509 0.285725
-0.088366 0.068208 0.288512
-0.087783 0.067015 0.291661
-0.086298 0.065379 0.294953
-0.084793 0.063748 0.298202
-0.084166 0.062566 0.301247
-0.083526 0.061387 0.304262
-0.063986 0.048891 0.317217
-0.065058 0.048620 0.319722
-0.066129 0.048350 0.322227
-0.084300 0.071732 0.272936
-0.077911 0.067301 0.278280
-0.076464 0.065651 0.281657
-0.074998 0.064007 0.284990
-0.077031 0.064165 0.287491
-0.085250 0.067464 0.288680
-0.088204 0.068062 0.291080
-0.085836 0.065974 0.294558
-0.084335 0.064338 0.297809
-0.083711 0.063152 0.300857
-0.083073 0.061970 0.303874
-0.063137 0.049540 0.315855
-0.064209 0.049270 0.318360
-0.065280 0.049000 0.320865
-0.120529 0.074682 0.317083
-0.083829 0.072340 0.272533
-0.078953 0.068860 0.276894
-0.075775 0.066298 0.280722
-0.075189 0.065100 0.283856
-0.073712 0.063455 0.287160
-0.074860 0.063165 0.289842
-0.085732 0.067824 0.290494
-0.086027 0.067076 0.293435
-0.084534 0.065435 0.296702
-0.083023 0.063797 0.299924
-0.083287 0.063058 0.302792
-0.062503 0.050136 0.314994
-0.063574 0.049866 0.317499
-0.064645 0.049596 0.320004
-0.065717 0.049325 0.322509
-0.119452 0.074120 0.319803
-0.082973 0.072370 0.273479
-0.077225 0.068427 0.278040
-0.074912 0.066315 0.281632
-0.074323 0.065115 0.284754
-0.072843 0.063466 0.288045
-0.073107 0.062726 0.290910
-0.086625 0.068753 0.291019
-0.086035 0.067554 0.294142
-0.083653 0.065458 0.297571
-0.083032 0.064267 0.300619
-0.082398 0.063079 0.303638
-0.062082 0.050678 0.314634
-0.063154 0.050407 0.317139
-0.064225 0.050137 0.319643
-0.064381 0.049424 0.322259
-0.065449 0.049154 0.324756
-0.119041 0.074059 0.321819
-0.082742 0.072915 0.273637
-0.076999 0.068961 0.278194
-0.074689 0.066843 0.281784
-0.073227 0.065185 0.285110
-0.071974 0.063475 0.288926
-0.071353 0.062281 0.291970
-0.068951 0.060186 0.295347
-0.083382 0.066676 0.295368
-0.083662 0.065930 0.298269
-0.082147 0.064286 0.301473
-0.081510 0.063096 0.304480
-0.061185 0.050664 0.315406
-0.063162 0.050841 0.317780
-0.063321 0.050125 0.320401
-0.064389 0.049856 0.322899
-0.065457 0.049587 0.325396
-0.118129 0.074121 0.322661
-0.118450 0.073365 0.325659
-0.082512 0.073461 0.273794
-0.075906 0.069037 0.278567
-0.073595 0.066913 0.282148
-0.072132 0.065253 0.285466
-0.071526 0.064052 0.288542
-0.070908 0.062855 0.291589
-0.068511 0.060753 0.294970
-0.068747 0.060017 0.297768
-0.080536 0.065163 0.298378
-0.081693 0.064871 0.301084
-0.080163 0.063227 0.304246
-0.060979 0.051150 0.315546
-0.062047 0.050881 0.318044
-0.063115 0.050612 0.320541
-0.064183 0.050342 0.323039
-0.065251 0.050073 0.325536
-0.117889 0.074688 0.322824
-0.117287 0.073487 0.325908
-0.118526 0.073174 0.328806
-0.119765 0.072862 0.331704
-0.121004 0.072549 0.334602
-0.118497 0.070475 0.337723
-0.080793 0.073025 0.274961
-0.074181 0.068592 0.279702
-0.072734 0.066923 0.283051
-0.072141 0.065717 0.286153
-0.070658 0.064057 0.289421
-0.070916 0.063314 0.292269
-0.068519 0.061207 0.295642
-0.066983 0.059561 0.298784
-0.081434 0.066085 0.298906
-0.080809 0.064887 0.301934
-0.080172 0.063692 0.304933
-0.061035 0.052248 0.314054
-0.061201 0.051529 0.316686
-0.062269 0.051259 0.319183
-0.063337 0.050990 0.321681
-0.064618 0.050667 0.324678
-0.063849 0.049505 0.327366
-0.060509 0.046958 0.330779
-0.118039 0.073801 0.328389
-0.119279 0.073488 0.331287
-0.120518 0.073176 0.334185
-0.117080 0.070653 0.337368
-0.082673 0.075073 0.273322
-0.073957 0.069121 0.279855
-0.072512 0.067448 0.283202
-0.071047 0.065780 0.286506
-0.070439 0.064575 0.289570
-0.069819 0.063373 0.292605
-0.068303 0.061718 0.295789
-0.066769 0.060067 0.298930
-0.065216 0.058421 0.302026
-0.079695 0.064957 0.302243
-0.074581 0.061493 0.305984
-0.060615 0.052790 0.313694
-0.060781 0.052069 0.316326
-0.060942 0.051349 0.318944
-0.062007 0.051081 0.321434
-0.063072 0.050812 0.323925
-0.063219 0.050096 0.326513
-0.059680 0.047592 0.329449
-0.060726 0.047329 0.331895
-0.056718 0.043585 0.338223
-0.057742 0.043327 0.340617
-0.083681 0.076668 0.271897
-0.081436 0.074513 0.275609
-0.072696 0.068551 0.282063
-0.071240 0.066877 0.285381
-0.070639 0.065668 0.288458
-0.069148 0.064002 0.291695
-0.067639 0.062342 0.294888
-0.066994 0.061143 0.297861
-0.065449 0.059491 0.300971
-0.064775 0.058300 0.303878
-0.072127 0.061210 0.305382
-0.070560 0.059564 0.308441
-0.060149 0.052663 0.315468
-0.060311 0.051941 0.318088
-0.061376 0.051673 0.320578
-0.062441 0.051404 0.323069
-0.062590 0.050686 0.325659
-0.059978 0.048623 0.328515
-0.059184 0.047462 0.331140
-0.058377 0.046305 0.333735
-0.056112 0.044154 0.337400
-0.057135 0.043896 0.339794
-0.058159 0.043638 0.342188
-0.082691 0.076046 0.274761
-0.072473 0.069078 0.282215
-0.071019 0.067399 0.285532
-0.069546 0.065725 0.288805
-0.068931 0.064517 0.291844
-0.067423 0.062852 0.295035
-0.065896 0.061192 0.298182
-0.065236 0.059995 0.301117
-0.064564 0.058801 0.304022
-0.068341 0.059894 0.306138
-0.068554 0.059158 0.308876
-0.059943 0.053149 0.315608
-0.060106 0.052426 0.318228
-0.060262 0.051705 0.320833
-0.061324 0.051437 0.323316
-0.061471 0.050718 0.325899
-0.059776 0.049100 0.328653
-0.058984 0.047937 0.331277
-0.058178 0.046776 0.333871
-0.056432 0.045171 0.336507
-0.055598 0.044018 0.339034
-0.057552 0.044207 0.341365
-0.081979 0.076714 0.273795
-0.073518 0.070651 0.280857
-0.071208 0.068501 0.284403
-0.069743 0.066821 0.287691
-0.069135 0.065609 0.290742
-0.067636 0.063938 0.293949
-0.066118 0.062271 0.297110
-0.064581 0.060610 0.300228
-0.064799 0.059872 0.302976
-0.065012 0.059135 0.305710
-0.064324 0.057942 0.308576
-0.059996 0.054253 0.314116
-0.059262 0.053072 0.316874
-0.059421 0.052349 0.319483
-0.060483 0.052081 0.321966
-0.060632 0.051360 0.324553
-0.059860 0.050189 0.327222
-0.058157 0.048569 0.329951
-0.057357 0.047405 0.332553
-0.056543 0.046244 0.335126
-0.054789 0.044637 0.337736
-0.055810 0.044380 0.340123
-0.057765 0.044570 0.342457
-0.076910 0.073690 0.278288
-0.072028 0.070131 0.282519
-0.070577 0.068444 0.285834
-0.069108 0.066761 0.289104
-0.067620 0.065084 0.292330
-0.066336 0.063354 0.296034
-0.064808 0.061687 0.299166
-0.064146 0.060485 0.302089
-0.063471 0.059286 0.304983
-0.064568 0.059010 0.307547
-0.063874 0.057816 0.310396
-0.059318 0.054175 0.315389
-0.059483 0.053449 0.318010
-0.059641 0.052725 0.320616
-0.059793 0.052002 0.323207
-0.059026 0.050827 0.325884
-0.057331 0.049201 0.328625
-0.057454 0.048486 0.331149
-0.056649 0.047320 0.333738
-0.054906 0.045707 0.336367
-0.055001 0.044999 0.338825
-0.056954 0.045191 0.341155
-0.081137 0.077217 0.275457
-0.073701 0.072236 0.280404
-0.071401 0.070074 0.283960
-0.069946 0.068384 0.287257
-0.068471 0.066699 0.290510
-0.066978 0.065019 0.293718
-0.065465 0.063343 0.296882
-0.063934 0.061673 0.300001
-0.063269 0.060469 0.302913
-0.063480 0.059730 0.305640
-0.062792 0.058532 0.308500
-0.061197 0.056878 0.311471
-0.059583 0.055228 0.314398
-0.058852 0.054041 0.317154
-0.059012 0.053315 0.319762
-0.059166 0.052591 0.322356
-0.058403 0.051412 0.325038
-0.056713 0.049781 0.327787
-0.055921 0.048610 0.330402
-0.056037 0.047895 0.332907
-0.055223 0.046729 0.335471
-0.054397 0.045566 0.338005
-0.055417 0.045309 0.340391
-0.057371 0.045502 0.342726
-0.074339 0.073236 0.280343
-0.072045 0.071067 0.283905
-0.069725 0.068905 0.287408
-0.068253 0.067215 0.290659
-0.066761 0.065531 0.293866
-0.065250 0.063851 0.297028
-0.063721 0.062176 0.300146
-0.063057 0.060970 0.303058
-0.062380 0.059766 0.305939
-0.061691 0.058566 0.308791
-0.061206 0.057315 0.312119
-0.058693 0.055201 0.315171
-0.057958 0.054012 0.317916
-0.058116 0.053286 0.320515
-0.058266 0.052561 0.323099
-0.057500 0.051381 0.325770
-0.055807 0.049747 0.328506
-0.055929 0.049029 0.331023
-0.055124 0.047858 0.333605
-0.054307 0.046690 0.336158
-0.054404 0.045979 0.338616
-0.055425 0.045722 0.341002
-0.057378 0.045916 0.343339
-0.072855 0.072710 0.282013
-0.071418 0.071007 0.285343
-0.068223 0.068372 0.289020
-0.067615 0.067149 0.292058
-0.066118 0.065462 0.295247
-0.064603 0.063780 0.298392
-0.063068 0.062102 0.301493
-0.061514 0.060430 0.304549
-0.061718 0.059690 0.307257
-0.061025 0.058488 0.310095
-0.059423 0.056828 0.313039
-0.058701 0.055633 0.315810
-0.057966 0.054442 0.318552
-0.058124 0.053714 0.321149
-0.057367 0.052529 0.323838
-0.055686 0.050888 0.326598
-0.055814 0.050168 0.329128
-0.055019 0.048992 0.331729
-0.054212 0.047819 0.334300
-0.053391 0.046649 0.336841
-0.054412 0.046392 0.339227
-0.055432 0.046135 0.341614
-0.057386 0.046330 0.343952
-0.073494 0.073711 0.281955
-0.071196 0.071533 0.285494
-0.068004 0.068890 0.289170
-0.067397 0.067664 0.292207
-0.065902 0.065973 0.295395
-0.063510 0.063818 0.298712
-0.062855 0.062604 0.301638
-0.061303 0.060927 0.304692
-0.060620 0.059720 0.307551
-0.059925 0.058517 0.310381
-0.059217 0.057317 0.313181
-0.057598 0.055656 0.316080
-0.056861 0.054463 0.318813
-0.057016 0.053735 0.321402
-0.056257 0.052547 0.324083
-0.054783 0.050850 0.327320
-0.054908 0.050129 0.329842
-0.054110 0.048952 0.332431
-0.053299 0.047777 0.334991
-0.053399 0.047062 0.337452
-0.054419 0.046805 0.339839
-0.056370 0.047003 0.342172
-0.058327 0.047199 0.344520
-0.104298 0.068701 0.345075
-0.070569 0.071469 0.286925
-0.067370 0.068822 0.290576
-0.065886 0.067124 0.293783
-0.064383 0.065431 0.296946
-0.062861 0.063742 0.300065
-0.061319 0.062059 0.303139
-0.060645 0.060847 0.306014
-0.059957 0.059639 0.308859
-0.059257 0.058434 0.311674
-0.057649 0.056767 0.314593
-0.056921 0.055569 0.317341
-0.056179 0.054375 0.320060
-0.056330 0.053646 0.322639
-0.055567 0.052457 0.325306
-0.054790 0.051271 0.327943
-0.054002 0.050089 0.330551
-0.054118 0.049369 0.333048
-0.053307 0.048191 0.335604
-0.053407 0.047476 0.338064
-0.054427 0.047218 0.340450
-0.056378 0.047417 0.342785
-0.058335 0.047614 0.345135
-0.061234 0.048265 0.347463
-0.071214 0.072466 0.286877
-0.067152 0.069338 0.290725
-0.065670 0.067636 0.293931
-0.064168 0.065938 0.297093
-0.062648 0.064246 0.300210
-0.061108 0.062558 0.303283
-0.060435 0.061343 0.306157
-0.058860 0.059664 0.309149
-0.058158 0.058457 0.311956
-0.057444 0.057253 0.314733
-0.055818 0.055587 0.317606
-0.055976 0.054855 0.320199
-0.055223 0.053661 0.322887
-0.054458 0.052470 0.325546
-0.053680 0.051282 0.328175
-0.053803 0.050559 0.330687
-0.053002 0.049376 0.333264
-0.053109 0.048657 0.335738
-0.053210 0.047940 0.338198
-0.054435 0.047631 0.341062
-0.056385 0.047831 0.343399
-0.059275 0.048487 0.345708
-0.061242 0.048683 0.348082
-0.070991 0.072991 0.287028
-0.066934 0.069855 0.290874
-0.066325 0.068622 0.293895
-0.063953 0.066446 0.297240
-0.062435 0.064749 0.300356
-0.060897 0.063057 0.303428
-0.059340 0.061369 0.306455
-0.058652 0.060156 0.309291
-0.057951 0.058946 0.312097
-0.056344 0.057272 0.315005
-0.055615 0.056069 0.317745
-0.054873 0.054869 0.320455
-0.055021 0.054138 0.323025
-0.054257 0.052944 0.325683
-0.053480 0.051754 0.328311
-0.053604 0.051029 0.330822
-0.052805 0.049844 0.333399
-0.052912 0.049123 0.335873
-0.053014 0.048404 0.338332
-0.054034 0.048147 0.340718
-0.055983 0.048349 0.343054
-0.058871 0.049007 0.345362
-0.060836 0.049205 0.347735
-0.060931 0.048488 0.350179
-0.069499 0.072448 0.288650
-0.067169 0.070257 0.292084
-0.065686 0.068547 0.295279
-0.063309 0.066368 0.298603
-0.061785 0.064668 0.301702
-0.059361 0.062501 0.304914
-0.058681 0.061283 0.307765
-0.057988 0.060068 0.310587
-0.056391 0.058387 0.313515
-0.055670 0.057180 0.316270
-0.054937 0.055976 0.318995
-0.054190 0.054775 0.321691
-0.054335 0.054043 0.324251
-0.053566 0.052848 0.326894
-0.053695 0.052121 0.329417
-0.052905 0.050931 0.332009
-0.053018 0.050208 0.334494
-0.053125 0.049486 0.336965
-0.054148 0.049228 0.339359
-0.055172 0.048970 0.341753
-0.057125 0.049172 0.344099
-0.059085 0.049372 0.346461
-0.060115 0.049113 0.348869
-0.059472 0.047885 0.351807
-0.067364 0.071365 0.290982
-0.066761 0.070125 0.294009
-0.064398 0.067937 0.297357
-0.062009 0.065756 0.300647
-0.060475 0.064055 0.303716
-0.058922 0.062359 0.306740
-0.057350 0.060668 0.309721
-0.056648 0.059453 0.312518
-0.055041 0.057770 0.315416
-0.054311 0.056562 0.318147
-0.053568 0.055358 0.320848
-0.052813 0.054156 0.323519
-0.052950 0.053426 0.326059
-0.053081 0.052697 0.328584
-0.052294 0.051504 0.331181
-0.052409 0.050779 0.333669
-0.052518 0.050055 0.336142
-0.053542 0.049797 0.338536
-0.054566 0.049539 0.340930
-0.055589 0.049281 0.343323
-0.058475 0.049945 0.345633
-0.059505 0.049685 0.348041
-0.059598 0.048966 0.350477
-0.058744 0.047789 0.352919
-0.059764 0.047532 0.355305
-0.066769 0.070583 0.294686
-0.064406 0.068390 0.298027
-0.062017 0.066204 0.301309
-0.059603 0.064024 0.304532
-0.058047 0.062324 0.307543
-0.057358 0.061104 0.310366
-0.055767 0.059413 0.313296
-0.054156 0.057728 0.316182
-0.054319 0.056989 0.318779
-0.052677 0.055312 0.321591
-0.051919 0.054109 0.324251
-0.052053 0.053378 0.326781
-0.052181 0.052648 0.329297
-0.051390 0.051453 0.331883
-0.051502 0.050728 0.334361
-0.052526 0.050470 0.336755
-0.053550 0.050211 0.339149
-0.054573 0.049953 0.341543
-0.055597 0.049695 0.343937
-0.058482 0.050362 0.346250
-0.059512 0.050102 0.348658
-0.059605 0.049382 0.351092
-0.058752 0.048202 0.353530
-0.058829 0.047486 0.355927
-0.066778 0.071041 0.295364
-0.062889 0.067830 0.299562
-0.060491 0.065641 0.302815
-0.058068 0.063458 0.306009
-0.056504 0.061757 0.308996
-0.055807 0.060536 0.311797
-0.054208 0.058844 0.314702
-0.053483 0.057630 0.317437
-0.052745 0.056419 0.320142
-0.051995 0.055211 0.322818
-0.051231 0.054006 0.325463
-0.051362 0.053275 0.327983
-0.051486 0.052545 0.330488
-0.050691 0.051349 0.333060
-0.051715 0.051090 0.335453
-0.052738 0.050832 0.337847
-0.053762 0.050574 0.340241
-0.054786 0.050316 0.342635
-0.056738 0.050522 0.344984
-0.058696 0.050727 0.347348
-0.058791 0.050004 0.349787
-0.058881 0.049283 0.352210
-0.058022 0.048103 0.354633
-0.058096 0.047386 0.357020
-0.066560 0.071556 0.295513
-0.064199 0.069352 0.298845
-0.060936 0.066676 0.302281
-0.058521 0.064486 0.305487
-0.056963 0.062779 0.308484
-0.056273 0.061554 0.311295
-0.053791 0.059381 0.314345
-0.053068 0.058163 0.317082
-0.052333 0.056949 0.319789
-0.051585 0.055738 0.322467
-0.050825 0.054530 0.325115
-0.050956 0.053797 0.327636
-0.050173 0.052595 0.330232
-0.050289 0.051866 0.332715
-0.050398 0.051139 0.335184
-0.051419 0.050881 0.337571
-0.053360 0.051092 0.339897
-0.054384 0.050833 0.342291
-0.055408 0.050575 0.344684
-0.057361 0.050782 0.347040
-0.058388 0.050523 0.349441
-0.058479 0.049801 0.351866
-0.057623 0.048617 0.354291
-0.057698 0.047898 0.356679
-0.055874 0.046259 0.359054
-0.064632 0.070399 0.298296
-0.061378 0.067714 0.301745
-0.058971 0.065517 0.304963
-0.056755 0.063271 0.308626
-0.055180 0.061565 0.311578
-0.053587 0.059864 0.314485
-0.052865 0.058644 0.317221
-0.052131 0.057426 0.319927
-0.050487 0.055738 0.322716
-0.049724 0.054528 0.325355
-0.049853 0.053794 0.327868
-0.049976 0.053062 0.330367
-0.049181 0.051861 0.332932
-0.050202 0.051603 0.335318
-0.051222 0.051346 0.337705
-0.052243 0.051089 0.340091
-0.053264 0.050831 0.342478
-0.055211 0.051041 0.344819
-0.057164 0.051250 0.347175
-0.058191 0.050991 0.349576
-0.057346 0.049802 0.352023
-0.057427 0.049080 0.354425
-0.056560 0.047897 0.356820
-0.055680 0.046716 0.359186
-0.054788 0.045539 0.361521
-0.063992 0.070314 0.299662
-0.060732 0.067624 0.303087
-0.058319 0.065423 0.306284
-0.055881 0.063229 0.309421
-0.055189 0.061999 0.312220
-0.052706 0.059815 0.315253
-0.051982 0.058593 0.317978
-0.051244 0.057374 0.320673
-0.049596 0.055683 0.323448
-0.048831 0.054471 0.326077
-0.048956 0.053737 0.328581
-0.048169 0.052531 0.331157
-0.048278 0.051801 0.333624
-0.049296 0.051544 0.336003
-0.050313 0.051288 0.338382
-0.052251 0.051502 0.340703
-0.053271 0.051244 0.343089
-0.055218 0.051456 0.345432
-0.057171 0.051665 0.347790
-0.057266 0.050939 0.350220
-0.056417 0.049748 0.352656
-0.056496 0.049026 0.355048
-0.055625 0.047841 0.357432
-0.054742 0.046659 0.359786
-0.054795 0.045943 0.362119
-0.063128 0.070283 0.300500
-0.060740 0.068071 0.303748
-0.058328 0.065865 0.306937
-0.055889 0.063665 0.310066
-0.053639 0.061418 0.313635
-0.052037 0.059711 0.316511
-0.051308 0.058487 0.319222
-0.049671 0.056789 0.322017
-0.048913 0.055573 0.324661
-0.048143 0.054360 0.327275
-0.048265 0.053625 0.329768
-0.047472 0.052418 0.332330
-0.047578 0.051687 0.334786
-0.049507 0.051905 0.337088
-0.050524 0.051648 0.339467
-0.050621 0.050920 0.341901
-0.052559 0.051135 0.344225
-0.055431 0.051818 0.346524
-0.056454 0.051560 0.348918
-0.055611 0.050365 0.351362
-0.055692 0.049641 0.353758
-0.055766 0.048919 0.356140
-0.054891 0.047732 0.358510
-0.054950 0.047014 0.360855
-0.054053 0.045833 0.363172
-0.054096 0.045118 0.365480
-0.060528 0.068573 0.303893
-0.058118 0.066361 0.307080
-0.056563 0.064638 0.310063
-0.054106 0.062438 0.313139
-0.052510 0.060725 0.316026
-0.050896 0.059018 0.318869
-0.050157 0.057794 0.321552
-0.048507 0.056095 0.324313
-0.047740 0.054879 0.326929
-0.046959 0.053666 0.329516
-0.046166 0.052456 0.332073
-0.047180 0.052200 0.334445
-0.048194 0.051944 0.336816
-0.049209 0.051689 0.339188
-0.049303 0.050960 0.341615
-0.050314 0.050705 0.343979
-0.053177 0.051393 0.346262
-0.056052 0.052078 0.348574
-0.055212 0.050880 0.351020
-0.054358 0.049685 0.353436
-0.054431 0.048962 0.355811
-0.054497 0.048240 0.358172
-0.054557 0.047520 0.360518
-0.054610 0.046802 0.362849
-0.053706 0.045620 0.365146
-0.092873 0.063941 0.368499
-0.059225 0.067937 0.305894
-0.056803 0.065723 0.309047
-0.055238 0.063999 0.312001
-0.052095 0.061261 0.315670
-0.051374 0.060030 0.318393
-0.049747 0.058321 0.321201
-0.048102 0.056618 0.323966
-0.047337 0.055398 0.326584
-0.046559 0.054182 0.329173
-0.045768 0.052969 0.331732
-0.045873 0.052236 0.334183
-0.045972 0.051505 0.336619
-0.046980 0.051251 0.338975
-0.047988 0.050996 0.341332
-0.048075 0.050268 0.343738
-0.050929 0.050961 0.346004
-0.055651 0.052595 0.348230
-0.054812 0.051394 0.350678
-0.053027 0.049726 0.353116
-0.054035 0.049471 0.355473
-0.054103 0.048748 0.357834
-0.054164 0.048027 0.360181
-0.054219 0.047307 0.362513
-0.053317 0.046121 0.364813
-0.091195 0.063406 0.369634
-0.059233 0.068381 0.306551
-0.055931 0.065676 0.309842
-0.054364 0.063949 0.312783
-0.051891 0.061742 0.315810
-0.051171 0.060509 0.318531
-0.049547 0.058796 0.321338
-0.047903 0.057088 0.324101
-0.046240 0.055385 0.326820
-0.045460 0.054166 0.329401
-0.044668 0.052951 0.331952
-0.044771 0.052218 0.334394
-0.045778 0.051963 0.336751
-0.045872 0.051232 0.339172
-0.045959 0.050503 0.341577
-0.046960 0.050250 0.343919
-0.048886 0.050472 0.346220
-0.054526 0.052587 0.348398
-0.052756 0.050911 0.350865
-0.051900 0.049712 0.353268
-0.052905 0.049459 0.355617
-0.052969 0.048735 0.357971
-0.053028 0.048013 0.360310
-0.053080 0.047292 0.362634
-0.053126 0.046573 0.364943
-0.051457 0.044871 0.367647
-0.050527 0.043691 0.369876
-0.057924 0.067739 0.308530
-0.055491 0.065518 0.311641
-0.052360 0.062763 0.315322
-0.050758 0.061041 0.318177
-0.050028 0.059807 0.320871
-0.047497 0.057610 0.323754
-0.045838 0.055902 0.326476
-0.045061 0.054681 0.329058
-0.044271 0.053462 0.331612
-0.043468 0.052247 0.334135
-0.044473 0.051994 0.336484
-0.044564 0.051262 0.338899
-0.044649 0.050532 0.341298
-0.043809 0.049326 0.343732
-0.044801 0.049076 0.346052
-0.054330 0.053052 0.348532
-0.047913 0.049000 0.351129
-0.050774 0.049696 0.353418
-0.051775 0.049443 0.355760
-0.051837 0.048719 0.358106
-0.052836 0.048467 0.360441
-0.052889 0.047745 0.362765
-0.052935 0.047024 0.365074
-0.051071 0.045368 0.367317
-0.050144 0.044184 0.369548
-0.090408 0.063092 0.373487
-0.056610 0.067094 0.310488
-0.054165 0.064870 0.313565
-0.051695 0.062653 0.316583
-0.050088 0.060928 0.319420
-0.048462 0.059207 0.322213
-0.045922 0.057007 0.325068
-0.045153 0.055781 0.327666
-0.044371 0.054558 0.330235
-0.042672 0.052856 0.332857
-0.042769 0.052122 0.335283
-0.043771 0.051869 0.337625
-0.043858 0.051137 0.340028
-0.043022 0.049928 0.342471
-0.042174 0.048721 0.344884
-0.039466 0.046564 0.347346
-0.039900 0.045744 0.350560
-0.045525 0.047876 0.352720
-0.048379 0.048577 0.354997
-0.050309 0.048800 0.357310
-0.050363 0.048076 0.359637
-0.051355 0.047826 0.361956
-0.052347 0.047576 0.364276
-0.051439 0.046385 0.366550
-0.049565 0.044727 0.368763
-0.049585 0.044012 0.371008
-0.055739 0.067043 0.311279
-0.054173 0.065304 0.314207
-0.050143 0.062052 0.317962
-0.049417 0.060812 0.320657
-0.046893 0.058603 0.323542
-0.045240 0.056886 0.326266
-0.044466 0.055658 0.328850
-0.042778 0.053950 0.331492
-0.041975 0.052729 0.334009
-0.042069 0.051994 0.336424
-0.042156 0.051261 0.338824
-0.042236 0.050529 0.341209
-0.041393 0.049319 0.343630
-0.040537 0.048112 0.346022
-0.038744 0.046430 0.348419
-0.039714 0.046186 0.350687
-0.043475 0.047371 0.352892
-0.045388 0.047600 0.355168
-0.049180 0.048778 0.357447
-0.050172 0.048528 0.359767
-0.051164 0.048278 0.362087
-0.051210 0.047555 0.364390
-0.050300 0.046361 0.366656
-0.049377 0.045171 0.368891
-0.049398 0.044455 0.371136
-0.049412 0.043740 0.373365
-0.054634 0.066336 0.313712
-0.051288 0.063616 0.316861
-0.050571 0.062371 0.319576
-0.048062 0.060154 0.322487
-0.045527 0.057942 0.325338
-0.043863 0.056224 0.328032
-0.043080 0.054996 0.330592
-0.042285 0.053771 0.333121
-0.040571 0.052065 0.335697
-0.040656 0.051331 0.338092
-0.040736 0.050598 0.340473
-0.040809 0.049867 0.342838
-0.039956 0.048657 0.345235
-0.038169 0.046969 0.347640
-0.038214 0.046246 0.349938
-0.039180 0.046002 0.352199
-0.040147 0.045758 0.354459
-0.044853 0.047422 0.356685
-0.047708 0.048127 0.358972
-0.050576 0.048829 0.361289
-0.049680 0.047630 0.363582
-0.050665 0.047382 0.365887
-0.049750 0.046187 0.368135
-0.048821 0.044996 0.370354
-0.048837 0.044279 0.372586
-0.085676 0.060646 0.379715
-0.054642 0.066771 0.314356
-0.051507 0.063991 0.317990
-0.049902 0.062254 0.320815
-0.046495 0.059543 0.323814
-0.044845 0.057818 0.326535
-0.043177 0.056097 0.329212
-0.041489 0.054380 0.331844
-0.040686 0.053155 0.334352
-0.039870 0.051933 0.336831
-0.039952 0.051198 0.339215
-0.040028 0.050465 0.341585
-0.039180 0.049251 0.343989
-0.038320 0.048040 0.346364
-0.037447 0.046832 0.348709
-0.038414 0.046588 0.350970
-0.039381 0.046344 0.353230
-0.040347 0.046100 0.355491
-0.043185 0.046813 0.357740
-0.043219 0.046090 0.360013
-0.046268 0.046749 0.362757
-0.049332 0.047405 0.365536
-0.049365 0.046682 0.367806
-0.048439 0.045488 0.370026
-0.048457 0.044769 0.372260
-0.048467 0.044053 0.374478
-0.085368 0.060450 0.381819
-0.053315 0.066111 0.316260
-0.050841 0.063874 0.319240
-0.049231 0.062135 0.322047
-0.044926 0.058929 0.325128
-0.043268 0.057201 0.327824
-0.041591 0.055478 0.330475
-0.040796 0.054248 0.332999
-0.039989 0.053021 0.335493
-0.038261 0.051311 0.338026
-0.039246 0.051063 0.340331
-0.038404 0.049845 0.342744
-0.037549 0.048630 0.345127
-0.036681 0.047418 0.347480
-0.037648 0.047174 0.349740
-0.037688 0.046449 0.352025
-0.038652 0.046206 0.354278
-0.039615 0.045963 0.356531
-0.039642 0.045241 0.358786
-0.041542 0.045477 0.361037
-0.042505 0.045234 0.363290
-0.049143 0.047852 0.365665
-0.048228 0.046652 0.367907
-0.048252 0.045931 0.370154
-0.048270 0.045211 0.372387
-0.048281 0.044493 0.374605
-0.084841 0.060307 0.383407
-0.051311 0.064901 0.318764
-0.049708 0.063156 0.321582
-0.045413 0.059940 0.324675
-0.043762 0.058207 0.327382
-0.042092 0.056478 0.330045
-0.041303 0.055244 0.332578
-0.039598 0.053525 0.335159
-0.037874 0.051810 0.337695
-0.037950 0.051074 0.340062
-0.038020 0.050340 0.342415
-0.037167 0.049122 0.344800
-0.036302 0.047907 0.347155
-0.036346 0.047179 0.349448
-0.036384 0.046453 0.351726
-0.037345 0.046211 0.353972
-0.037373 0.045487 0.356228
-0.037396 0.044765 0.358469
-0.037411 0.044044 0.360696
-0.038362 0.043805 0.362919
-0.042146 0.045000 0.365200
-0.047845 0.047146 0.367578
-0.047870 0.046423 0.369827
-0.047889 0.045701 0.372061
-0.047902 0.044982 0.374280
-0.045988 0.043315 0.376372
-0.045018 0.042126 0.378482
-0.051319 0.065330 0.319398
-0.049716 0.063581 0.322210
-0.044531 0.059864 0.325397
-0.042876 0.058127 0.328091
-0.041203 0.056396 0.330740
-0.040410 0.055160 0.333262
-0.038702 0.053437 0.335830
-0.036975 0.051719 0.338353
-0.037048 0.050983 0.340711
-0.037114 0.050248 0.343054
-0.036259 0.049029 0.345428
-0.035390 0.047812 0.347772
-0.035431 0.047084 0.350056
-0.036392 0.046842 0.352302
-0.036423 0.046116 0.354563
-0.035517 0.044909 0.356819
-0.035533 0.044187 0.359043
-0.036480 0.043948 0.361259
-0.036487 0.043228 0.363461
-0.047820 0.048266 0.365902
-0.047852 0.047541 0.368163
-0.047877 0.046816 0.370410
-0.047896 0.046094 0.372642
-0.046952 0.044896 0.374808
-0.045034 0.043226 0.376887
-0.044251 0.041988 0.379430
-0.082810 0.059542 0.386473
-0.049514 0.064058 0.322348
-0.044333 0.060331 0.325532
-0.042680 0.058590 0.328225
-0.041009 0.056855 0.330873
-0.039318 0.055123 0.333476
-0.038511 0.053889 0.335960
-0.036786 0.052167 0.338482
-0.036859 0.051429 0.340840
-0.036014 0.050204 0.343235
-0.035156 0.048982 0.345601
-0.035205 0.048250 0.347899
-0.035246 0.047521 0.350182
-0.035282 0.046793 0.352451
-0.035311 0.046066 0.354705
-0.034403 0.044857 0.356952
-0.034416 0.044135 0.359168
-0.035360 0.043896 0.361377
-0.036305 0.043658 0.363585
-0.047274 0.048083 0.367379
-0.047495 0.047308 0.370083
-0.047516 0.046584 0.372316
-0.046574 0.045383 0.374484
-0.045619 0.044186 0.376623
-0.043690 0.042515 0.378668
-0.043861 0.041753 0.381254
-0.050198 0.065033 0.322374
-0.045024 0.061294 0.325563
-0.042484 0.059053 0.328359
-0.040815 0.057313 0.331005
-0.039126 0.055578 0.333607
-0.037418 0.053847 0.336165
-0.036596 0.052614 0.338612
-0.035762 0.051383 0.341028
-0.035827 0.050647 0.343363
-0.034970 0.049422 0.345728
-0.034101 0.048200 0.348063
-0.034140 0.047470 0.350338
-0.034173 0.046741 0.352599
-0.034200 0.046014 0.354845
-0.033290 0.044803 0.357084
-0.034234 0.044565 0.359292
-0.035179 0.044326 0.361501
-0.035183 0.043605 0.363695
-0.035181 0.042885 0.365874
-0.046919 0.047849 0.369301
-0.046941 0.047123 0.371536
-0.046957 0.046399 0.373757
-0.045052 0.044718 0.375854
-0.044088 0.043520 0.377968
-0.043301 0.042278 0.380494
-0.049320 0.064960 0.323114
-0.044348 0.061162 0.326763
-0.041802 0.058917 0.329537
-0.040127 0.057175 0.332166
-0.038433 0.055437 0.334751
-0.036721 0.053704 0.337291
-0.035894 0.052469 0.339723
-0.035056 0.051237 0.342126
-0.034204 0.050008 0.344499
-0.034256 0.049273 0.346800
-0.033382 0.048050 0.349121
-0.033417 0.047320 0.351386
-0.033446 0.046591 0.353636
-0.032541 0.045375 0.355883
-0.032554 0.044650 0.358096
-0.032561 0.043927 0.360294
-0.033499 0.043690 0.362487
-0.033497 0.042969 0.364663
-0.032544 0.041766 0.366799
-0.047121 0.048194 0.370339
-0.047142 0.047467 0.372571
-0.046203 0.046260 0.374738
-0.044293 0.044577 0.376817
-0.043325 0.043378 0.378917
-0.043308 0.042660 0.381060
-0.047763 0.064333 0.324446
-0.042093 0.059979 0.328626
-0.040427 0.058231 0.331270
-0.038741 0.056487 0.333870
-0.037037 0.054747 0.336425
-0.035314 0.053013 0.338936
-0.035386 0.052272 0.341285
-0.034542 0.051039 0.343670
-0.033685 0.049809 0.346026
-0.032815 0.048582 0.348352
-0.032852 0.047850 0.350619
-0.031960 0.046629 0.352893
-0.031982 0.045901 0.355124
-0.031997 0.045174 0.357339
-0.032005 0.044449 0.359540
-0.032008 0.043725 0.361725
-0.032943 0.043489 0.363912
-0.032936 0.042768 0.366075
-0.031977 0.041564 0.368194
-0.031006 0.040363 0.370283
-0.047150 0.047859 0.373152
-0.045255 0.046168 0.375262
-0.043342 0.044482 0.377328
-0.043332 0.043761 0.379485
-0.042351 0.042563 0.381551
-0.041544 0.041320 0.384026
-0.076125 0.057181 0.390767
-0.045730 0.063097 0.326833
-0.041615 0.059789 0.330278
-0.039941 0.058039 0.332900
-0.037350 0.055795 0.335554
-0.035636 0.054054 0.338080
-0.034808 0.052815 0.340500
-0.033967 0.051578 0.342890
-0.033114 0.050345 0.345251
-0.033162 0.049608 0.347543
-0.032287 0.048380 0.349852
-0.031399 0.047156 0.352131
-0.031422 0.046426 0.354364
-0.030511 0.045207 0.356592
-0.030519 0.044481 0.358787
-0.031454 0.044245 0.360974
-0.032389 0.044009 0.363160
-0.031444 0.042799 0.365306
-0.031429 0.042078 0.367450
-0.030461 0.040874 0.369544
-0.030431 0.040157 0.371650
-0.043544 0.045542 0.376175
-0.042581 0.044336 0.378280
-0.042567 0.043615 0.380425
-0.041581 0.042415 0.382477
-0.041551 0.041698 0.384586
-0.042486 0.041463 0.386772
-0.076550 0.057498 0.392367
-0.041419 0.060251 0.330411
-0.039748 0.058496 0.333032
-0.037159 0.056246 0.335684
-0.035447 0.054502 0.338209
-0.034620 0.053259 0.340628
-0.033781 0.052020 0.343018
-0.032928 0.050783 0.345378
-0.032063 0.049550 0.347708
-0.031186 0.048320 0.350009
-0.031216 0.047587 0.352256
-0.030316 0.046363 0.354505
-0.030331 0.045634 0.356715
-0.030339 0.044906 0.358910
-0.030341 0.044180 0.361091
-0.031273 0.043945 0.363270
-0.031265 0.043222 0.365428
-0.030308 0.042012 0.367543
-0.030284 0.041292 0.369664
-0.030254 0.040574 0.371771
-0.043360 0.045976 0.376301
-0.042398 0.044767 0.378404
-0.042385 0.044045 0.380549
-0.041588 0.042795 0.383039
-0.041558 0.042077 0.385146
-0.042493 0.041841 0.387332
-0.075584 0.057440 0.392889
-0.042116 0.061215 0.330454
-0.039555 0.058953 0.333164
-0.036968 0.056698 0.335815
-0.035258 0.054949 0.338338
-0.034432 0.053703 0.340757
-0.033594 0.052461 0.343145
-0.032743 0.051222 0.345504
-0.031879 0.049986 0.347834
-0.031003 0.048753 0.350134
-0.031034 0.048019 0.352381
-0.030135 0.046791 0.354629
-0.029224 0.045568 0.356847
-0.029230 0.044839 0.359034
-0.029229 0.044113 0.361207
-0.030157 0.043878 0.363378
-0.030147 0.043154 0.365529
-0.030130 0.042432 0.367664
-0.029162 0.041222 0.369749
-0.029130 0.040503 0.371848
-0.042795 0.046506 0.375534
-0.042026 0.045246 0.378085
-0.042014 0.044523 0.380231
-0.041996 0.043800 0.382363
-0.041971 0.043080 0.384479
-0.041939 0.042361 0.386580
-0.042874 0.042125 0.388767
-0.042606 0.062233 0.330021
-0.039160 0.059461 0.332826
-0.037476 0.057702 0.335405
-0.035772 0.055947 0.337939
-0.034952 0.054697 0.340367
-0.033213 0.052951 0.342819
-0.032365 0.051709 0.345180
-0.031503 0.050470 0.347512
-0.030630 0.049234 0.349814
-0.029743 0.048001 0.352086
-0.029766 0.047267 0.354312
-0.028857 0.046040 0.356532
-0.028864 0.045310 0.358721
-0.029796 0.045075 0.360900
-0.029793 0.044348 0.363066
-0.029784 0.043622 0.365218
-0.029768 0.042898 0.367354
-0.029747 0.042175 0.369476
-0.028771 0.040965 0.371541
-0.041275 0.045821 0.376880
-0.041266 0.045095 0.379030
-0.041438 0.044324 0.381606
-0.041415 0.043602 0.383725
-0.041386 0.042881 0.385829
-0.042320 0.042645 0.388015
-0.074418 0.057851 0.393544
-0.039168 0.059868 0.333428
-0.037483 0.058104 0.336001
-0.034879 0.055843 0.338596
-0.034056 0.054592 0.341013
-0.033220 0.053344 0.343400
-0.031463 0.051599 0.345803
-0.030598 0.050358 0.348123
-0.030637 0.049619 0.350384
-0.028831 0.047886 0.352675
-0.028851 0.047151 0.354891
-0.028864 0.046419 0.357093
-0.027943 0.045192 0.359280
-0.028871 0.044958 0.361451
-0.028865 0.044230 0.363608
-0.028853 0.043504 0.365750
-0.028834 0.042779 0.367878
-0.028809 0.042056 0.369990
-0.027831 0.040844 0.372044
-0.028741 0.040614 0.374171
-0.040895 0.045573 0.378713
-0.041839 0.045335 0.380921
-0.041821 0.044610 0.383050
-0.041797 0.043887 0.385164
-0.041766 0.043165 0.387263
-0.041247 0.061944 0.332367
-0.038683 0.059668 0.335047
-0.035195 0.056894 0.337737
-0.033478 0.055135 0.340228
-0.032646 0.053883 0.342621
-0.031801 0.052635 0.344983
-0.030944 0.051389 0.347316
-0.030073 0.050147 0.349619
-0.029191 0.048909 0.351893
-0.028295 0.047673 0.354137
-0.028310 0.046939 0.356341
-0.027392 0.045708 0.358533
-0.027391 0.044978 0.360700
-0.028317 0.044745 0.362864
-0.027371 0.043522 0.364989
-0.028290 0.043290 0.367139
-0.028267 0.042565 0.369254
-0.028237 0.041842 0.371354
-0.027253 0.040629 0.373391
-0.040910 0.046684 0.377129
-0.040902 0.045955 0.379279
-0.041075 0.045181 0.381853
-0.041054 0.044456 0.383971
-0.041992 0.044219 0.386165
-0.041960 0.043496 0.388261
-0.039183 0.060681 0.334632
-0.036601 0.058404 0.337264
-0.033994 0.056133 0.339837
-0.032265 0.054373 0.342294
-0.031423 0.053122 0.344659
-0.030568 0.051873 0.346994
-0.029700 0.050628 0.349300
-0.028820 0.049386 0.351575
-0.027927 0.048147 0.353821
-0.027021 0.046912 0.356038
-0.027028 0.046178 0.358221
-0.027028 0.045446 0.360389
-0.027022 0.044715 0.362542
-0.027010 0.043986 0.364680
-0.026991 0.043259 0.366804
-0.026966 0.042533 0.368913
-0.026935 0.041809 0.371007
-0.026897 0.041087 0.373086
-0.027804 0.040858 0.375205
-0.041297 0.046972 0.378584
-0.041287 0.046242 0.380728
-0.041271 0.045514 0.382857
-0.041248 0.044788 0.384972
-0.041220 0.044063 0.387072
-0.042154 0.043827 0.389258
-0.038698 0.060479 0.336247
-0.034312 0.057185 0.338984
-0.032591 0.055419 0.341456
-0.031756 0.054163 0.343834
-0.030908 0.052910 0.346181
-0.029137 0.051157 0.348535
-0.028260 0.049911 0.350816
-0.028288 0.049171 0.353046
-0.027389 0.047931 0.355275
-0.026478 0.046694 0.357474
-0.026480 0.045960 0.359645
-0.025546 0.044729 0.361792
-0.026465 0.044498 0.363941
-0.026449 0.043768 0.366068
-0.026426 0.043041 0.368179
-0.026396 0.042315 0.370275
-0.026360 0.041591 0.372357
-0.027267 0.041362 0.374477
-0.040546 0.047546 0.377379
-0.040538 0.046815 0.379527
-0.041483 0.046577 0.381735
-0.041466 0.045848 0.383862
-0.041631 0.045073 0.386412
-0.041600 0.044347 0.388507
-0.038505 0.060934 0.336379
-0.033422 0.057074 0.339636
-0.032599 0.055812 0.342039
-0.030859 0.054047 0.344462
-0.030008 0.052793 0.346798
-0.028233 0.051037 0.349139
-0.027354 0.049789 0.351409
-0.027378 0.049049 0.353629
-0.026476 0.047807 0.355847
-0.025561 0.046568 0.358035
-0.025560 0.045834 0.360196
-0.025553 0.045101 0.362343
-0.025540 0.044370 0.364474
-0.025520 0.043641 0.366591
-0.025493 0.042913 0.368693
-0.025461 0.042186 0.370780
-0.026367 0.041958 0.372900
-0.026325 0.041234 0.374965
-0.040553 0.047930 0.377946
-0.040545 0.047197 0.380093
-0.041490 0.046959 0.382301
-0.041473 0.046229 0.384425
-0.041450 0.045500 0.386535
-0.041421 0.044773 0.388629
-0.037321 0.060168 0.338517
-0.032921 0.056863 0.341198
-0.031191 0.055091 0.343636
-0.030346 0.053833 0.345984
-0.028581 0.052070 0.348340
-0.027708 0.050819 0.350623
-0.026822 0.049570 0.352875
-0.025924 0.048325 0.355098
-0.025013 0.047083 0.357291
-0.025014 0.046347 0.359455
-0.025009 0.045612 0.361604
-0.024066 0.044378 0.363723
-0.024979 0.044148 0.365857
-0.024954 0.043418 0.367962
-0.024924 0.042690 0.370052
-0.024886 0.041964 0.372127
-0.025790 0.041736 0.374239
-0.026693 0.041508 0.376351
-0.040939 0.048218 0.379400
-0.040930 0.047484 0.381542
-0.041875 0.047246 0.383750
-0.041857 0.046515 0.385870
-0.040867 0.045293 0.387878
-0.037130 0.060621 0.338647
-0.032929 0.057258 0.341783
-0.030488 0.054924 0.344715
-0.029639 0.053664 0.347050
-0.027869 0.051899 0.349388
-0.026991 0.050646 0.351656
-0.026101 0.049396 0.353894
-0.025198 0.048150 0.356103
-0.024283 0.046906 0.358282
-0.024280 0.046170 0.360435
-0.023343 0.044932 0.362562
-0.023324 0.044199 0.364678
-0.024233 0.043970 0.366805
-0.024205 0.043240 0.368899
-0.024171 0.042512 0.370978
-0.025074 0.042284 0.373090
-0.025030 0.041558 0.375147
-0.040188 0.048793 0.378195
-0.040182 0.048057 0.380341
-0.041126 0.047819 0.382549
-0.041111 0.047086 0.384673
-0.041089 0.046354 0.386781
-0.041061 0.045624 0.388875
-0.033639 0.058214 0.341854
-0.031012 0.055923 0.344342
-0.030169 0.054658 0.346686
-0.027497 0.052378 0.349069
-0.026622 0.051122 0.351340
-0.025734 0.049869 0.353580
-0.024834 0.048619 0.355791
-0.023921 0.047372 0.357972
-0.023919 0.046634 0.360126
-0.022984 0.045393 0.362255
-0.022967 0.044659 0.364372
-0.022943 0.043927 0.366475
-0.023849 0.043698 0.368594
-0.023816 0.042968 0.370674
-0.023776 0.042240 0.372739
-0.023730 0.041513 0.374790
-0.039816 0.049272 0.377877
-0.040764 0.049033 0.380093
-0.040756 0.048296 0.382232
-0.041700 0.048058 0.384440
-0.041682 0.047324 0.386557
-0.041659 0.046592 0.388660
-0.033843 0.058561 0.342899
-0.029792 0.055144 0.346363
-0.028031 0.053369 0.348715
-0.026252 0.051598 0.351023
-0.025367 0.050342 0.353266
-0.024469 0.049089 0.355479
-0.023559 0.047839 0.357662
-0.023559 0.047099 0.359817
-0.022809 0.045809 0.362375
-0.021862 0.044568 0.364474
-0.022768 0.044339 0.366594
-0.022739 0.043607 0.368681
-0.022703 0.042876 0.370753
-0.022661 0.042147 0.372810
-0.022612 0.041420 0.374853
-0.023506 0.041194 0.376943
-0.040581 0.049464 0.380217
-0.040574 0.048726 0.382356
-0.041518 0.048488 0.384565
-0.041501 0.047753 0.386681
-0.041478 0.047019 0.388783
-0.034946 0.059422 0.343894
-0.027658 0.053849 0.348396
-0.025883 0.052074 0.350707
-0.025000 0.050814 0.352951
-0.024105 0.049558 0.355166
-0.023197 0.048305 0.357352
-0.023198 0.047564 0.359508
-0.022268 0.046316 0.361642
-0.021325 0.045072 0.363745
-0.021300 0.044337 0.365842
-0.022204 0.044109 0.367955
-0.022170 0.043377 0.370029
-0.022129 0.042646 0.372089
-0.022083 0.041917 0.374134
-0.022030 0.041189 0.376164
-0.040209 0.049943 0.379898
-0.040203 0.049204 0.382038
-0.041147 0.048966 0.384247
-0.041132 0.048228 0.386365
-0.041110 0.047493 0.388467
-0.032837 0.058126 0.345992
-0.025513 0.052550 0.350390
-0.024633 0.051287 0.352637
-0.023740 0.050028 0.354854
-0.022835 0.048771 0.357042
-0.022837 0.048029 0.359199
-0.021909 0.046778 0.361335
-0.020969 0.045530 0.363441
-0.020946 0.044794 0.365539
-0.020916 0.044059 0.367622
-0.020880 0.043326 0.369690
-0.021777 0.043100 0.371788
-0.021732 0.042369 0.373834
-0.020734 0.041136 0.375806
-0.039832 0.049681 0.381721
-0.040777 0.049443 0.383929
-0.041721 0.049205 0.386138
-0.041704 0.048467 0.388249
-0.036562 0.061300 0.344516
-0.026767 0.054104 0.349568
-0.024988 0.052321 0.351860
-0.024102 0.051058 0.354090
-0.023204 0.049797 0.356290
-0.022292 0.048540 0.358460
-0.021369 0.047285 0.360601
-0.020432 0.046034 0.362712
-0.020411 0.045296 0.364813
-0.020383 0.044559 0.366898
-0.020349 0.043824 0.368969
-0.020308 0.043091 0.371025
-0.020262 0.042359 0.373066
-0.020209 0.041629 0.375093
-0.039650 0.050111 0.381845
-0.040595 0.049873 0.384053
-0.040581 0.049133 0.386172
-0.041522 0.048895 0.388373
-0.042464 0.048658 0.390574
-0.026774 0.054487 0.350135
-0.024086 0.052185 0.352445
-0.023197 0.050920 0.354664
-0.022295 0.049657 0.356853
-0.022299 0.048912 0.359011
-0.021375 0.047655 0.361148
-0.019514 0.045889 0.363241
-0.019490 0.045151 0.365333
-0.019459 0.044414 0.367409
-0.019421 0.043678 0.369471
-0.019378 0.042944 0.371517
-0.019328 0.042212 0.373549
-0.038329 0.050083 0.381453
-0.039270 0.049846 0.383654
-0.040212 0.049609 0.385855
-0.041153 0.049371 0.388056
-0.042094 0.049134 0.390257
-0.028924 0.056569 0.349273
-0.024439 0.053223 0.351668
-0.022647 0.051436 0.353917
-0.022662 0.050686 0.356100
-0.021755 0.049423 0.358272
-0.020835 0.048162 0.360414
-0.019902 0.046905 0.362526
-0.018956 0.045651 0.364609
-0.018927 0.044912 0.366688
-0.018892 0.044175 0.368752
-0.018850 0.043439 0.370801
-0.018802 0.042705 0.372836
-0.018748 0.041973 0.374856
-0.038713 0.050369 0.382897
-0.039654 0.050132 0.385099
-0.039825 0.049343 0.387644
-0.041725 0.049610 0.389941
-0.026599 0.055302 0.350828
-0.023005 0.052471 0.353150
-0.023025 0.051718 0.355342
-0.022125 0.050450 0.357526
-0.021212 0.049186 0.359681
-0.019365 0.047409 0.361798
-0.018423 0.046152 0.363885
-0.018396 0.045411 0.365967
-0.018362 0.044672 0.368034
-0.018322 0.043935 0.370086
-0.018276 0.043199 0.372123
-0.018224 0.042465 0.374145
-0.037580 0.050290 0.382942
-0.038518 0.050054 0.385135
-0.039456 0.049817 0.387329
-0.040394 0.049581 0.389523
-0.026416 0.055733 0.350952
-0.022289 0.052282 0.354161
-0.022306 0.051529 0.356343
-0.021401 0.050259 0.358513
-0.019565 0.048476 0.360649
-0.018631 0.047214 0.362753
-0.018610 0.046471 0.364846
-0.017654 0.045214 0.366897
-0.017617 0.044475 0.368953
-0.017573 0.043737 0.370994
-0.017523 0.043001 0.373020
-0.036262 0.050255 0.382548
-0.037197 0.050020 0.384734
-0.039088 0.050291 0.387013
-0.040026 0.050055 0.389207
-0.027328 0.056639 0.351494
-0.022833 0.053272 0.353830
-0.021943 0.051996 0.356032
-0.021040 0.050724 0.358204
-0.020125 0.049455 0.360347
-0.018277 0.047671 0.362449
-0.017333 0.046409 0.364525
-0.017303 0.045666 0.366597
-0.017267 0.044925 0.368654
-0.017225 0.044186 0.370696
-0.017176 0.043448 0.372723
-0.035505 0.050076 0.383463
-0.037391 0.050351 0.385731
-0.038326 0.050115 0.387918
-0.040221 0.050387 0.390208
-0.022467 0.053743 0.353517
-0.022489 0.052986 0.355708
-0.021592 0.051710 0.357890
-0.019215 0.049304 0.360888
-0.017363 0.047517 0.362977
-0.017340 0.046772 0.365062
-0.016383 0.045510 0.367105
-0.016344 0.044769 0.369152
-0.016298 0.044029 0.371185
-0.032685 0.049664 0.381690
-0.034561 0.049942 0.383937
-0.036444 0.050219 0.386200
-0.038333 0.050494 0.388478
-0.021753 0.053549 0.354527
-0.021771 0.052792 0.356708
-0.020870 0.051514 0.358876
-0.018123 0.049197 0.361002
-0.017190 0.047927 0.363096
-0.016244 0.046660 0.365160
-0.016212 0.045915 0.367222
-0.015244 0.044654 0.369234
-0.016128 0.044431 0.371301
-0.031375 0.049618 0.381303
-0.033247 0.049898 0.383542
-0.035125 0.050177 0.385797
-0.037010 0.050455 0.388066
-0.022667 0.054450 0.355069
-0.021778 0.053167 0.357263
-0.020147 0.051317 0.359855
-0.017394 0.048995 0.361960
-0.016456 0.047724 0.364039
-0.015506 0.046456 0.366089
-0.015470 0.045711 0.368140
-0.015427 0.044968 0.370177
-0.015378 0.044226 0.372198
-0.031567 0.049944 0.382287
-0.033439 0.050226 0.384530
-0.035318 0.050506 0.386787
-0.037203 0.050785 0.389060
-0.023047 0.054734 0.356499
-0.021244 0.052923 0.358685
-0.017774 0.050022 0.361241
-0.016843 0.048746 0.363332
-0.015900 0.047473 0.365394
-0.014944 0.046204 0.367427
-0.014903 0.045459 0.369466
-0.014856 0.044716 0.371490
-0.030075 0.049940 0.381469
-0.031942 0.050225 0.383702
-0.033816 0.050507 0.385950
-0.035696 0.050788 0.388212
-0.023054 0.055111 0.357057
-0.020339 0.052769 0.359238
-0.016685 0.049908 0.361353
-0.015931 0.048585 0.363856
-0.014985 0.047311 0.365907
-0.014951 0.046563 0.367959
-0.013982 0.045295 0.369958
-0.027461 0.049460 0.380156
-0.030266 0.050266 0.382450
-0.031185 0.050034 0.384599
-0.033056 0.050319 0.386843
-0.022524 0.054865 0.358490
-0.018888 0.051993 0.360640
-0.016137 0.049656 0.362727
-0.015198 0.048377 0.364793
-0.014247 0.047101 0.366830
-0.014209 0.046353 0.368871
-0.014165 0.045607 0.370898
-0.027468 0.049830 0.380703
-0.029327 0.050119 0.382919
-0.031192 0.050406 0.385150
-0.022345 0.055288 0.358612
-0.016337 0.050731 0.361590
-0.015407 0.049447 0.363672
-0.014464 0.048167 0.365724
-0.014431 0.047416 0.367777
-0.013466 0.046141 0.369777
-0.024864 0.049339 0.379402
-0.027658 0.050153 0.381677
-0.029517 0.050443 0.383896
-0.022352 0.055664 0.359168
-0.015610 0.050521 0.362543
-0.014675 0.049236 0.364610
-0.013728 0.047954 0.366648
-0.013692 0.047203 0.368690
-0.021692 0.048227 0.378891
-0.026357 0.050092 0.381294
-0.028212 0.050384 0.383504
-0.017083 0.052039 0.362260
-0.014325 0.049688 0.364310
-0.014299 0.048933 0.366375
-0.013345 0.047650 0.368393
-0.013303 0.046899 0.370421
-0.025059 0.050027 0.380912
-0.026910 0.050322 0.383115
-0.014530 0.050762 0.363187
-0.013593 0.049473 0.365242
-0.013564 0.048717 0.367297
-0.012605 0.047433 0.369300
-0.023764 0.049960 0.380533
-0.026735 0.050736 0.383234
-0.013600 0.049833 0.365776
-0.013571 0.049076 0.367828
-0.012612 0.047790 0.369828
-0.013607 0.050194 0.366309
-0.012657 0.048902 0.368328
-0.013815 0.051270 0.365198
-0.012874 0.049974 0.367231
-0.012841 0.049215 0.369271
-0.012703 0.050378 0.367348
-0.012670 0.049618 0.369387
-0.013065 0.050647 0.368710
-0.013633 0.051635 0.368444
-0.012684 0.050333 0.370447
-0.013262 0.051680 0.370720
-0.043032 0.043530 0.374000
-0.024123 0.042599 0.366000
-0.021125 0.042599 0.366000
-0.047898 0.043554 0.369000
-0.045361 0.044026 0.373000
-0.042420 0.044144 0.374000
-0.029359 0.042964 0.364000
-0.026449 0.043082 0.365000
-0.023459 0.043082 0.365000
-0.020526 0.043200 0.366000
-0.017528 0.043200 0.366000
-0.047293 0.044160 0.369000
-0.044750 0.044639 0.373000
-0.041807 0.044759 0.374000
-0.029955 0.043562 0.364000
-0.026973 0.043562 0.364000
-0.024057 0.043681 0.365000
-0.021067 0.043681 0.365000
-0.018127 0.043801 0.366000
-0.015129 0.043801 0.366000
-0.047768 0.044645 0.368000
-0.045240 0.045130 0.372000
-0.042306 0.045252 0.373000
-0.030976 0.043917 0.362000
-0.028088 0.044038 0.363000
-0.025184 0.044160 0.364000
-0.022263 0.044281 0.365000
-0.019274 0.044281 0.365000
-0.016328 0.044402 0.366000
-0.050368 0.044881 0.365000
-0.047768 0.045249 0.368000
-0.045118 0.045618 0.371000
-0.042193 0.045741 0.372000
-0.032484 0.044143 0.359000
-0.029790 0.044512 0.362000
-0.026899 0.044635 0.363000
-0.023991 0.044758 0.364000
-0.021010 0.044758 0.364000
-0.018078 0.044881 0.365000
-0.014529 0.045004 0.366000
-0.051423 0.045355 0.364000
-0.048841 0.045729 0.367000
-0.046209 0.046103 0.370000
-0.043412 0.046352 0.372000
-0.036397 0.044483 0.357000
-0.033567 0.044608 0.358000
-0.030891 0.044982 0.361000
-0.028011 0.045106 0.362000
-0.025046 0.045106 0.362000
-0.022141 0.045231 0.363000
-0.019221 0.045355 0.364000
-0.016284 0.045480 0.365000
-0.013330 0.045605 0.366000
-0.051423 0.045953 0.364000
-0.048708 0.046206 0.366000
-0.046084 0.046585 0.369000
-0.043295 0.046837 0.371000
-0.039171 0.045575 0.361000
-0.035612 0.044817 0.355000
-0.032888 0.045070 0.357000
-0.030215 0.045448 0.360000
-0.027342 0.045575 0.361000
-0.024385 0.045575 0.361000
-0.021487 0.045701 0.362000
-0.018624 0.045953 0.364000
-0.015686 0.046080 0.365000
-0.012696 0.046080 0.365000
-0.051423 0.046551 0.364000
-0.048708 0.046807 0.366000
-0.046084 0.047191 0.369000
-0.043061 0.047191 0.369000
-0.038845 0.045784 0.358000
-0.035612 0.045400 0.355000
-0.032796 0.045528 0.356000
-0.030048 0.045784 0.358000
-0.027191 0.045912 0.359000
-0.024318 0.046040 0.360000
-0.021428 0.046168 0.361000
-0.018573 0.046423 0.363000
-0.015643 0.046551 0.364000
-0.012696 0.046679 0.365000
-0.051423 0.047149 0.364000
-0.048708 0.047408 0.366000
-0.045959 0.047667 0.368000
-0.043061 0.047797 0.369000
-0.038845 0.046372 0.358000
-0.035511 0.045854 0.354000
-0.032704 0.045983 0.355000
-0.029964 0.046242 0.357000
-0.027115 0.046372 0.358000
-0.023662 0.046502 0.359000
-0.020837 0.046761 0.361000
-0.017979 0.047020 0.363000
-0.015046 0.047149 0.364000
-0.054255 0.047616 0.363000
-0.051282 0.047616 0.363000
-0.048708 0.048009 0.366000
-0.045834 0.048141 0.367000
-0.038303 0.046304 0.353000
-0.035411 0.046304 0.353000
-0.032704 0.046567 0.355000
-0.029880 0.046698 0.356000
-0.027039 0.046829 0.357000
-0.024183 0.046960 0.358000
-0.021369 0.047222 0.360000
-0.018522 0.047485 0.362000
-0.015600 0.047616 0.363000
-0.012661 0.047747 0.364000
-0.051876 0.048212 0.363000
-0.049172 0.048478 0.365000
-0.046183 0.048478 0.365000
-0.040728 0.046353 0.349000
-0.038086 0.046618 0.351000
-0.035411 0.046884 0.353000
-0.032520 0.046884 0.353000
-0.029796 0.047150 0.355000
-0.026964 0.047282 0.356000
-0.024115 0.047415 0.357000
-0.021309 0.047681 0.359000
-0.018522 0.048079 0.362000
-0.015600 0.048212 0.363000
-0.012661 0.048345 0.364000
-0.052327 0.048674 0.362000
-0.049498 0.048808 0.363000
-0.046781 0.049077 0.365000
-0.040611 0.046792 0.348000
-0.037977 0.047060 0.350000
-0.035210 0.047195 0.351000
-0.032520 0.047464 0.353000
-0.029712 0.047598 0.354000
-0.026888 0.047733 0.355000
-0.024047 0.047867 0.356000
-0.021250 0.048136 0.358000
-0.018471 0.048540 0.361000
-0.015600 0.048808 0.363000
-0.012661 0.048943 0.364000
-0.053956 0.049132 0.361000
-0.050858 0.048996 0.360000
-0.048441 0.049541 0.364000
-0.041511 0.047091 0.346000
-0.038900 0.047363 0.348000
-0.035684 0.047635 0.350000
-0.032910 0.047771 0.351000
-0.030121 0.047908 0.352000
-0.027315 0.048044 0.353000
-0.024561 0.048316 0.355000
-0.021775 0.048588 0.357000
-0.019010 0.048996 0.360000
-0.016150 0.049269 0.362000
-0.013221 0.049405 0.363000
-0.060676 0.045455 0.330000
-0.057973 0.045455 0.330000
-0.053365 0.049725 0.361000
-0.050268 0.049588 0.360000
-0.045431 0.048210 0.350000
-0.041956 0.047522 0.345000
-0.039357 0.047797 0.347000
-0.036620 0.047935 0.348000
-0.033963 0.048210 0.350000
-0.031185 0.048348 0.351000
-0.028391 0.048486 0.352000
-0.025580 0.048624 0.353000
-0.022817 0.048899 0.355000
-0.020077 0.049312 0.358000
-0.017288 0.049725 0.361000
-0.014410 0.050001 0.363000
-0.062839 0.045997 0.330000
-0.060136 0.045997 0.330000
-0.057433 0.045997 0.330000
-0.054729 0.045997 0.330000
-0.048574 0.049064 0.352000
-0.044782 0.048088 0.345000
-0.041956 0.048088 0.345000
-0.039244 0.048228 0.346000
-0.036620 0.048506 0.348000
-0.033866 0.048646 0.349000
-0.031096 0.048785 0.350000
-0.028310 0.048925 0.351000
-0.025580 0.049203 0.353000
-0.022817 0.049482 0.355000
-0.020021 0.049761 0.357000
-0.017288 0.050318 0.361000
-0.014410 0.050597 0.363000
-0.062839 0.046540 0.330000
-0.060136 0.046540 0.330000
-0.057433 0.046540 0.330000
-0.054729 0.046540 0.330000
-0.047452 0.049078 0.348000
-0.044089 0.048514 0.344000
-0.041271 0.048514 0.344000
-0.038677 0.048796 0.346000
-0.035946 0.048937 0.347000
-0.032629 0.049078 0.348000
-0.029864 0.049219 0.349000
-0.027160 0.049501 0.351000
-0.024423 0.049783 0.353000
-0.021653 0.050065 0.355000
-0.018904 0.050488 0.358000
-0.016150 0.051052 0.362000
-0.065542 0.047082 0.330000
-0.062839 0.047082 0.330000
-0.060136 0.047082 0.330000
-0.057433 0.047082 0.330000
-0.054729 0.047082 0.330000
-0.049876 0.049792 0.349000
-0.046343 0.049079 0.344000
-0.043399 0.048936 0.343000
-0.040708 0.049079 0.344000
-0.038000 0.049222 0.345000
-0.035276 0.049364 0.346000
-0.032535 0.049507 0.347000
-0.029864 0.049792 0.349000
-0.027083 0.049935 0.350000
-0.024354 0.050220 0.352000
-0.021653 0.050648 0.355000
-0.018904 0.051076 0.358000
-0.016150 0.051647 0.362000
-0.065001 0.047624 0.330000
-0.062109 0.047479 0.329000
-0.059414 0.047479 0.329000
-0.056892 0.047624 0.330000
-0.054189 0.047624 0.330000
-0.048739 0.049788 0.345000
-0.045647 0.049500 0.343000
-0.042712 0.049355 0.342000
-0.040027 0.049500 0.343000
-0.037326 0.049644 0.344000
-0.034609 0.049788 0.345000
-0.031967 0.050077 0.347000
-0.029208 0.050221 0.348000
-0.026509 0.050510 0.350000
-0.023845 0.050943 0.353000
-0.021072 0.051231 0.355000
-0.018317 0.051664 0.358000
-0.015600 0.052386 0.363000
-0.064265 0.048020 0.329000
-0.061570 0.048020 0.329000
-0.058875 0.048020 0.329000
-0.056180 0.048020 0.329000
-0.053648 0.048166 0.330000
-0.047470 0.050209 0.344000
-0.044393 0.049917 0.342000
-0.041470 0.049771 0.341000
-0.038230 0.049917 0.342000
-0.035635 0.050209 0.344000
-0.032913 0.050355 0.345000
-0.030261 0.050647 0.347000
-0.027577 0.050939 0.349000
-0.024860 0.051231 0.351000
-0.022172 0.051669 0.354000
-0.019382 0.051961 0.356000
-0.016697 0.052690 0.361000
-0.065145 0.048413 0.328000
-0.062458 0.048413 0.328000
-0.059771 0.048413 0.328000
-0.057258 0.048560 0.329000
-0.054729 0.048708 0.330000
-0.048315 0.050479 0.342000
-0.044690 0.050184 0.340000
-0.041905 0.050184 0.340000
-0.039235 0.050331 0.341000
-0.036549 0.050479 0.342000
-0.033945 0.050774 0.344000
-0.031217 0.050922 0.345000
-0.028556 0.051217 0.347000
-0.025936 0.051660 0.350000
-0.023266 0.052103 0.353000
-0.020490 0.052398 0.355000
-0.017780 0.052988 0.359000
-0.065816 0.048653 0.326000
-0.063339 0.048802 0.327000
-0.060846 0.048951 0.328000
-0.058159 0.048951 0.328000
-0.055641 0.049101 0.329000
-0.048447 0.050593 0.339000
-0.045670 0.050593 0.339000
-0.042893 0.050593 0.339000
-0.040234 0.050742 0.340000
-0.037449 0.050742 0.340000
-0.034868 0.051041 0.342000
-0.032254 0.051339 0.344000
-0.029607 0.051638 0.346000
-0.027005 0.052085 0.349000
-0.024354 0.052533 0.352000
-0.021592 0.052832 0.354000
-0.018851 0.053279 0.357000
-0.066679 0.049037 0.325000
-0.064214 0.049188 0.326000
-0.061543 0.049188 0.326000
-0.059234 0.049490 0.328000
-0.056547 0.049490 0.328000
-0.054024 0.049641 0.329000
-0.047467 0.050697 0.336000
-0.044848 0.050848 0.337000
-0.041659 0.050999 0.338000
-0.039005 0.051150 0.339000
-0.036335 0.051301 0.340000
-0.033747 0.051602 0.342000
-0.031036 0.051753 0.343000
-0.028474 0.052206 0.346000
-0.025936 0.052810 0.350000
-0.023266 0.053262 0.353000
-0.020490 0.053564 0.355000
-0.068276 0.049571 0.325000
-0.065614 0.049571 0.325000
-0.063145 0.049724 0.326000
-0.060660 0.049876 0.327000
-0.057982 0.049876 0.327000
-0.055641 0.050181 0.329000
-0.052947 0.050181 0.329000
-0.049622 0.050639 0.332000
-0.047185 0.050944 0.334000
-0.044715 0.051249 0.336000
-0.042088 0.051402 0.337000
-0.039444 0.051554 0.338000
-0.036784 0.051707 0.339000
-0.034207 0.052012 0.341000
-0.031506 0.052164 0.342000
-0.029040 0.052774 0.346000
-0.026433 0.053232 0.349000
-0.023777 0.053689 0.352000
-0.021072 0.054147 0.355000
-0.068276 0.050105 0.325000
-0.065614 0.050105 0.325000
-0.062952 0.050105 0.325000
-0.060475 0.050259 0.326000
-0.057982 0.050413 0.327000
-0.055472 0.050568 0.328000
-0.052947 0.050722 0.329000
-0.049622 0.051184 0.332000
-0.047044 0.051338 0.333000
-0.044582 0.051647 0.335000
-0.041963 0.051801 0.336000
-0.039327 0.051955 0.337000
-0.036675 0.052109 0.338000
-0.034107 0.052418 0.340000
-0.031506 0.052726 0.342000
-0.028956 0.053188 0.345000
-0.026433 0.053805 0.349000
-0.023777 0.054268 0.352000
-0.021072 0.054730 0.355000
-0.068809 0.050639 0.325000
-0.065943 0.050483 0.324000
-0.063289 0.050483 0.324000
-0.060822 0.050639 0.325000
-0.057982 0.050951 0.327000
-0.055472 0.051106 0.328000
-0.052947 0.051262 0.329000
-0.050557 0.051574 0.331000
-0.047990 0.051730 0.332000
-0.045407 0.051885 0.333000
-0.042936 0.052197 0.335000
-0.040311 0.052353 0.336000
-0.037671 0.052509 0.337000
-0.035117 0.052820 0.339000
-0.032531 0.053132 0.341000
-0.030000 0.053599 0.344000
-0.027419 0.054067 0.347000
-0.024860 0.054690 0.351000
-0.022235 0.055313 0.355000
-0.069128 0.051015 0.324000
-0.066474 0.051015 0.324000
-0.063820 0.051015 0.324000
-0.061166 0.051015 0.324000
-0.058873 0.051330 0.326000
-0.056375 0.051488 0.327000
-0.053860 0.051645 0.328000
-0.051486 0.051960 0.330000
-0.048930 0.052117 0.331000
-0.046358 0.052275 0.332000
-0.043770 0.052432 0.333000
-0.041289 0.052747 0.335000
-0.038660 0.052905 0.336000
-0.036121 0.053220 0.338000
-0.033550 0.053535 0.340000
-0.030946 0.053849 0.342000
-0.028474 0.054479 0.346000
-0.025936 0.055109 0.350000
-0.023332 0.055739 0.354000
-0.069128 0.051548 0.324000
-0.066474 0.051548 0.324000
-0.063623 0.051388 0.323000
-0.061166 0.051548 0.324000
-0.058692 0.051707 0.325000
-0.056375 0.052025 0.327000
-0.053860 0.052184 0.328000
-0.051330 0.052343 0.329000
-0.048782 0.052502 0.330000
-0.046219 0.052661 0.331000
-0.043639 0.052820 0.332000
-0.041166 0.053138 0.334000
-0.038545 0.053298 0.335000
-0.036015 0.053616 0.337000
-0.033550 0.054093 0.340000
-0.030946 0.054411 0.342000
-0.028474 0.055048 0.346000
-0.025435 0.055843 0.351000
-0.022817 0.056480 0.355000
-0.069658 0.052080 0.324000
-0.066798 0.051919 0.323000
-0.064152 0.051919 0.323000
-0.061506 0.051919 0.323000
-0.059042 0.052080 0.324000
-0.056736 0.052401 0.326000
-0.054232 0.052562 0.327000
-0.051711 0.052723 0.328000
-0.049174 0.052883 0.329000
-0.046620 0.053044 0.330000
-0.044050 0.053205 0.331000
-0.041588 0.053526 0.333000
-0.039094 0.053848 0.335000
-0.036458 0.054009 0.336000
-0.034007 0.054491 0.339000
-0.031414 0.054812 0.341000
-0.028873 0.055294 0.344000
-0.026433 0.056098 0.349000
-0.023912 0.056902 0.354000
-0.071251 0.052612 0.324000
-0.068385 0.052450 0.323000
-0.065739 0.052450 0.323000
-0.062898 0.052287 0.322000
-0.060260 0.052287 0.322000
-0.057981 0.052612 0.324000
-0.055668 0.052937 0.326000
-0.053160 0.053099 0.327000
-0.050636 0.053261 0.328000
-0.048096 0.053424 0.329000
-0.045539 0.053586 0.330000
-0.042965 0.053749 0.331000
-0.040497 0.054073 0.333000
-0.037996 0.054398 0.335000
-0.035462 0.054723 0.337000
-0.032993 0.055210 0.340000
-0.030474 0.055697 0.343000
-0.027987 0.056347 0.347000
-0.025507 0.057159 0.352000
-0.072313 0.053144 0.324000
-0.069443 0.052980 0.323000
-0.066798 0.052980 0.323000
-0.063953 0.052816 0.322000
-0.061316 0.052816 0.322000
-0.058678 0.052816 0.322000
-0.056388 0.053144 0.324000
-0.054066 0.053472 0.326000
-0.051553 0.053636 0.327000
-0.049024 0.053800 0.328000
-0.046479 0.053964 0.329000
-0.043376 0.054128 0.330000
-0.040919 0.054456 0.332000
-0.038430 0.054784 0.334000
-0.035908 0.055112 0.336000
-0.033451 0.055604 0.339000
-0.030946 0.056097 0.342000
-0.028556 0.056917 0.347000
-0.026084 0.057737 0.352000
-0.072313 0.053676 0.324000
-0.069228 0.053345 0.322000
-0.066591 0.053345 0.322000
-0.063755 0.053179 0.321000
-0.061125 0.053179 0.321000
-0.058678 0.053345 0.322000
-0.056388 0.053676 0.324000
-0.053900 0.053842 0.325000
-0.051396 0.054008 0.326000
-0.048875 0.054173 0.327000
-0.046337 0.054339 0.328000
-0.043917 0.054670 0.330000
-0.041338 0.054836 0.331000
-0.038860 0.055167 0.333000
-0.036350 0.055499 0.335000
-0.033906 0.055996 0.338000
-0.031414 0.056493 0.341000
-0.029040 0.057321 0.346000
-0.076967 0.054878 0.328000
-0.073601 0.054376 0.325000
-0.070284 0.053874 0.322000
-0.067646 0.053874 0.322000
-0.064806 0.053707 0.321000
-0.061983 0.053539 0.320000
-0.059547 0.053707 0.321000
-0.057095 0.053874 0.322000
-0.054796 0.054208 0.324000
-0.052303 0.054376 0.325000
-0.049793 0.054543 0.326000
-0.047267 0.054710 0.327000
-0.044862 0.055045 0.329000
-0.042295 0.055212 0.330000
-0.039831 0.055547 0.332000
-0.037335 0.055882 0.334000
-0.034910 0.056384 0.337000
-0.032436 0.056885 0.340000
-0.030087 0.057722 0.345000
-0.027656 0.058559 0.350000
-0.076429 0.055416 0.328000
-0.072843 0.054741 0.324000
-0.069539 0.054234 0.321000
-0.066701 0.054065 0.320000
-0.063556 0.054065 0.320000
-0.060935 0.054065 0.320000
-0.058313 0.054065 0.320000
-0.056040 0.054403 0.322000
-0.053734 0.054741 0.324000
-0.051238 0.054910 0.325000
-0.048725 0.055079 0.326000
-0.046196 0.055248 0.327000
-0.043784 0.055585 0.329000
-0.041338 0.055923 0.331000
-0.038860 0.056261 0.333000
-0.036350 0.056599 0.335000
-0.033906 0.057106 0.338000
-0.031506 0.057782 0.342000
-0.029208 0.058796 0.348000
-0.076429 0.055955 0.328000
-0.072089 0.055102 0.323000
-0.068154 0.054079 0.317000
-0.065970 0.054420 0.319000
-0.063357 0.054420 0.319000
-0.060744 0.054420 0.319000
-0.058313 0.054590 0.320000
-0.055866 0.054761 0.321000
-0.053568 0.055102 0.323000
-0.051080 0.055273 0.324000
-0.048576 0.055443 0.325000
-0.046055 0.055614 0.326000
-0.043650 0.055955 0.328000
-0.041213 0.056296 0.330000
-0.038860 0.056808 0.333000
-0.036350 0.057149 0.335000
-0.034007 0.057832 0.339000
-0.031690 0.058685 0.344000
-0.076558 0.053222 0.309000
-0.074027 0.053222 0.309000
-0.071264 0.053049 0.308000
-0.067327 0.054772 0.318000
-0.064722 0.054772 0.318000
-0.062117 0.054772 0.318000
-0.059699 0.054944 0.319000
-0.057265 0.055116 0.320000
-0.054814 0.055288 0.321000
-0.052348 0.055461 0.322000
-0.049864 0.055633 0.323000
-0.047511 0.055977 0.325000
-0.045125 0.056322 0.327000
-0.042706 0.056666 0.329000
-0.040254 0.057011 0.331000
-0.037769 0.057355 0.333000
-0.035357 0.057872 0.336000
-0.033090 0.058733 0.341000
-0.076558 0.053729 0.309000
-0.073787 0.053555 0.308000
-0.071264 0.053555 0.308000
-0.068237 0.053555 0.308000
-0.065659 0.054772 0.315000
-0.063479 0.055120 0.317000
-0.061075 0.055294 0.318000
-0.058470 0.055294 0.318000
-0.056216 0.055642 0.320000
-0.053763 0.055816 0.321000
-0.051292 0.055990 0.322000
-0.048957 0.056337 0.324000
-0.046446 0.056511 0.325000
-0.044053 0.056859 0.327000
-0.041754 0.057381 0.330000
-0.039288 0.057728 0.332000
-0.036898 0.058250 0.335000
-0.034460 0.058772 0.338000
-0.032254 0.059815 0.344000
-0.075039 0.054237 0.309000
-0.072274 0.054061 0.308000
-0.069751 0.054061 0.308000
-0.067446 0.054237 0.309000
-0.065755 0.054939 0.313000
-0.063797 0.055465 0.316000
-0.061402 0.055641 0.317000
-0.058805 0.055641 0.317000
-0.056386 0.055816 0.318000
-0.054119 0.056167 0.320000
-0.051659 0.056343 0.321000
-0.049335 0.056694 0.323000
-0.046978 0.057045 0.325000
-0.044589 0.057396 0.327000
-0.042167 0.057747 0.329000
-0.039711 0.058098 0.331000
-0.037335 0.058625 0.334000
-0.035014 0.059327 0.338000
-0.032818 0.060380 0.344000
-0.075039 0.054744 0.309000
-0.072274 0.054567 0.308000
-0.069751 0.054567 0.308000
-0.067446 0.054744 0.309000
-0.064316 0.055099 0.311000
-0.062364 0.055630 0.314000
-0.059983 0.055807 0.315000
-0.057767 0.056162 0.317000
-0.055344 0.056339 0.318000
-0.053071 0.056693 0.320000
-0.050607 0.056870 0.321000
-0.048277 0.057225 0.323000
-0.045913 0.057579 0.325000
-0.043113 0.058110 0.328000
-0.040673 0.058465 0.330000
-0.038315 0.058996 0.333000
-0.036015 0.059705 0.337000
-0.033649 0.060413 0.341000
-0.075546 0.055252 0.309000
-0.073015 0.055252 0.309000
-0.070255 0.055073 0.308000
-0.067732 0.055073 0.308000
-0.064109 0.055431 0.310000
-0.062364 0.056146 0.314000
-0.059983 0.056325 0.315000
-0.057584 0.056503 0.316000
-0.055170 0.056682 0.317000
-0.052905 0.057040 0.319000
-0.050607 0.057397 0.321000
-0.048127 0.057576 0.322000
-0.045913 0.058113 0.325000
-0.043517 0.058470 0.327000
-0.041213 0.059007 0.330000
-0.038860 0.059543 0.333000
-0.036567 0.060258 0.337000
-0.078324 0.056301 0.312000
-0.075282 0.055940 0.310000
-0.072508 0.055759 0.309000
-0.069977 0.055759 0.309000
-0.067228 0.055579 0.308000
-0.064915 0.055759 0.309000
-0.062787 0.056120 0.311000
-0.060627 0.056481 0.313000
-0.058434 0.056842 0.315000
-0.056031 0.057022 0.316000
-0.053781 0.057383 0.318000
-0.051498 0.057744 0.320000
-0.049030 0.057925 0.321000
-0.046834 0.058466 0.324000
-0.044452 0.058827 0.326000
-0.042038 0.059188 0.328000
-0.039711 0.059729 0.331000
-0.037447 0.060451 0.335000
-0.080369 0.057177 0.314000
-0.077054 0.056631 0.311000
-0.074267 0.056449 0.310000
-0.071496 0.056267 0.309000
-0.068965 0.056267 0.309000
-0.066434 0.056267 0.309000
-0.063902 0.056267 0.309000
-0.061768 0.056631 0.311000
-0.059602 0.056995 0.313000
-0.057402 0.057359 0.315000
-0.054996 0.057542 0.316000
-0.052218 0.057906 0.318000
-0.049925 0.058270 0.320000
-0.047600 0.058634 0.322000
-0.045381 0.059180 0.325000
-0.042982 0.059545 0.327000
-0.040796 0.060273 0.331000
-0.038430 0.060819 0.334000
-0.081657 0.057877 0.315000
-0.078324 0.057326 0.312000
-0.075282 0.056958 0.310000
-0.072743 0.056958 0.310000
-0.069977 0.056774 0.309000
-0.067446 0.056774 0.309000
-0.064705 0.056591 0.308000
-0.062586 0.056958 0.310000
-0.060434 0.057326 0.312000
-0.058063 0.057509 0.313000
-0.055854 0.057877 0.315000
-0.053443 0.058061 0.316000
-0.051337 0.058612 0.319000
-0.049030 0.058979 0.321000
-0.046834 0.059530 0.324000
-0.044452 0.059898 0.326000
-0.042167 0.060449 0.329000
-0.039951 0.061184 0.333000
-0.083205 0.058394 0.315000
-0.080369 0.058209 0.314000
-0.077301 0.057838 0.312000
-0.074267 0.057467 0.310000
-0.071496 0.057282 0.309000
-0.068965 0.057282 0.309000
-0.066219 0.057097 0.308000
-0.063696 0.057097 0.308000
-0.061570 0.057467 0.310000
-0.059411 0.057838 0.312000
-0.057038 0.058023 0.313000
-0.054822 0.058394 0.315000
-0.052573 0.058765 0.317000
-0.050292 0.059136 0.319000
-0.047978 0.059507 0.321000
-0.045913 0.060248 0.325000
-0.043517 0.060619 0.327000
-0.041338 0.061360 0.331000
-0.039094 0.062102 0.335000
-0.081398 0.058725 0.314000
-0.078575 0.058538 0.313000
-0.075525 0.058164 0.311000
-0.072743 0.057977 0.310000
-0.069977 0.057790 0.309000
-0.067228 0.057603 0.308000
-0.064705 0.057603 0.308000
-0.061877 0.057790 0.309000
-0.059730 0.058164 0.311000
-0.057367 0.058351 0.312000
-0.055162 0.058725 0.314000
-0.052925 0.059099 0.316000
-0.050655 0.059473 0.318000
-0.048353 0.059847 0.320000
-0.046160 0.060408 0.323000
-0.044053 0.061156 0.327000
-0.041754 0.061717 0.330000
-0.084215 0.059052 0.313000
-0.081912 0.059240 0.314000
-0.079088 0.059052 0.313000
-0.076279 0.058863 0.312000
-0.073487 0.058674 0.311000
-0.070712 0.058486 0.310000
-0.067732 0.058108 0.308000
-0.065209 0.058108 0.308000
-0.062686 0.058108 0.308000
-0.060359 0.058297 0.309000
-0.058202 0.058674 0.311000
-0.056012 0.059052 0.313000
-0.053790 0.059429 0.315000
-0.051535 0.059806 0.317000
-0.049401 0.060372 0.320000
-0.047072 0.060750 0.322000
-0.044987 0.061504 0.326000
-0.042706 0.062070 0.329000
-0.040497 0.062825 0.333000
-0.082941 0.059756 0.314000
-0.080113 0.059566 0.313000
-0.077301 0.059376 0.312000
-0.074506 0.059185 0.311000
-0.071219 0.058995 0.310000
-0.068458 0.058805 0.309000
-0.065714 0.058614 0.308000
-0.063191 0.058614 0.308000
-0.060865 0.058805 0.309000
-0.058711 0.059185 0.311000
-0.056525 0.059566 0.313000
-0.054133 0.059756 0.314000
-0.052054 0.060327 0.317000
-0.049769 0.060708 0.319000
-0.047452 0.061088 0.321000
-0.045381 0.061850 0.325000
-0.043113 0.062420 0.328000
-0.084696 0.059696 0.311000
-0.082677 0.060080 0.313000
-0.080113 0.060080 0.313000
-0.077301 0.059888 0.312000
-0.074506 0.059696 0.311000
-0.071219 0.059504 0.310000
-0.068237 0.059120 0.308000
-0.065501 0.058928 0.307000
-0.062986 0.058928 0.307000
-0.060668 0.059120 0.308000
-0.058523 0.059504 0.310000
-0.056344 0.059888 0.312000
-0.054133 0.060272 0.314000
-0.052054 0.060848 0.317000
-0.049769 0.061232 0.319000
-0.047452 0.061616 0.321000
-0.045381 0.062383 0.325000
-0.043245 0.063151 0.329000
-0.084187 0.060207 0.311000
-0.081902 0.060401 0.312000
-0.079346 0.060401 0.312000
-0.076544 0.060207 0.311000
-0.073759 0.060013 0.310000
-0.070990 0.059820 0.309000
-0.068237 0.059626 0.308000
-0.065501 0.059433 0.307000
-0.062986 0.059433 0.307000
-0.060668 0.059626 0.308000
-0.058523 0.060013 0.310000
-0.056344 0.060401 0.312000
-0.054133 0.060788 0.314000
-0.051890 0.061175 0.316000
-0.049769 0.061756 0.319000
-0.047452 0.062143 0.321000
-0.045521 0.063111 0.326000
-0.043245 0.063692 0.329000
-0.084110 0.059937 0.307000
-0.082658 0.060718 0.311000
-0.080368 0.060913 0.312000
-0.077563 0.060718 0.311000
-0.074774 0.060523 0.310000
-0.072002 0.060327 0.309000
-0.069246 0.060132 0.308000
-0.066290 0.059742 0.306000
-0.063783 0.059742 0.306000
-0.061477 0.059937 0.307000
-0.059154 0.060132 0.308000
-0.057183 0.060718 0.311000
-0.054987 0.061108 0.313000
-0.052758 0.061499 0.315000
-0.050655 0.062084 0.318000
-0.048353 0.062475 0.320000
-0.046303 0.063256 0.324000
-0.044188 0.064037 0.328000
-0.084561 0.060047 0.305000
-0.083139 0.060835 0.309000
-0.080620 0.061229 0.311000
-0.077822 0.061032 0.310000
-0.075282 0.061032 0.310000
-0.072508 0.060835 0.309000
-0.069524 0.060441 0.307000
-0.066791 0.060244 0.306000
-0.064285 0.060244 0.306000
-0.061778 0.060244 0.306000
-0.059465 0.060441 0.307000
-0.057507 0.061032 0.310000
-0.055322 0.061426 0.312000
-0.053274 0.062016 0.315000
-0.051015 0.062410 0.317000
-0.048877 0.063001 0.320000
-0.046834 0.063788 0.324000
-0.044725 0.064576 0.328000
-0.085061 0.060548 0.305000
-0.083104 0.060945 0.307000
-0.081114 0.061342 0.309000
-0.078837 0.061541 0.310000
-0.076052 0.061342 0.309000
-0.073283 0.061144 0.308000
-0.070530 0.060945 0.307000
-0.067572 0.060548 0.305000
-0.065074 0.060548 0.305000
-0.062575 0.060548 0.305000
-0.060274 0.060747 0.306000
-0.058145 0.061144 0.308000
-0.056164 0.061739 0.311000
-0.054133 0.062335 0.314000
-0.051890 0.062732 0.316000
-0.049769 0.063328 0.319000
-0.047600 0.063923 0.322000
-0.087978 0.060649 0.303000
-0.085778 0.060849 0.304000
-0.083836 0.061250 0.306000
-0.081861 0.061650 0.308000
-0.079338 0.061650 0.308000
-0.076815 0.061650 0.308000
-0.074051 0.061450 0.307000
-0.071303 0.061250 0.306000
-0.068572 0.061049 0.305000
-0.065857 0.060849 0.304000
-0.063575 0.061049 0.305000
-0.061277 0.061250 0.306000
-0.058962 0.061450 0.307000
-0.056999 0.062050 0.310000
-0.054987 0.062651 0.313000
-0.052758 0.063051 0.315000
-0.050655 0.063651 0.318000
-0.048504 0.064252 0.321000
-0.088183 0.060945 0.302000
-0.085992 0.061147 0.303000
-0.084062 0.061550 0.305000
-0.081831 0.061752 0.306000
-0.079583 0.061954 0.307000
-0.076818 0.061752 0.306000
-0.074068 0.061550 0.305000
-0.071335 0.061349 0.304000
-0.068618 0.061147 0.303000
-0.066136 0.061147 0.303000
-0.063864 0.061349 0.304000
-0.061576 0.061550 0.305000
-0.059271 0.061752 0.306000
-0.057321 0.062358 0.309000
-0.055322 0.062963 0.312000
-0.053274 0.063568 0.315000
-0.051015 0.063972 0.317000
-0.048877 0.064577 0.320000
-0.089172 0.061441 0.302000
-0.086698 0.061441 0.302000
-0.084782 0.061848 0.304000
-0.082563 0.062051 0.305000
-0.080327 0.062255 0.306000
-0.077566 0.062051 0.305000
-0.074821 0.061848 0.304000
-0.072093 0.061644 0.303000
-0.069381 0.061441 0.302000
-0.066686 0.061238 0.301000
-0.064647 0.061644 0.303000
-0.062370 0.061848 0.304000
-0.060274 0.062255 0.306000
-0.058145 0.062662 0.308000
-0.056164 0.063272 0.311000
-0.054133 0.063882 0.314000
-0.051890 0.064289 0.316000
-0.049769 0.064900 0.319000
-0.089863 0.061732 0.301000
-0.087688 0.061937 0.302000
-0.085496 0.062142 0.303000
-0.083288 0.062347 0.304000
-0.080798 0.062347 0.304000
-0.078308 0.062347 0.304000
-0.075568 0.062142 0.303000
-0.072845 0.061937 0.302000
-0.069905 0.061527 0.300000
-0.067448 0.061527 0.300000
-0.065423 0.061937 0.302000
-0.063158 0.062142 0.303000
-0.060876 0.062347 0.304000
-0.058962 0.062962 0.307000
-0.056999 0.063578 0.310000
-0.054474 0.064193 0.313000
-0.052407 0.064808 0.316000
-0.050292 0.065424 0.319000
-0.090356 0.062226 0.301000
-0.087891 0.062226 0.301000
-0.085709 0.062433 0.302000
-0.083510 0.062640 0.303000
-0.081028 0.062640 0.303000
-0.078546 0.062640 0.303000
-0.075813 0.062433 0.302000
-0.072854 0.062020 0.300000
-0.070162 0.061813 0.299000
-0.067486 0.061606 0.298000
-0.065482 0.062020 0.300000
-0.063444 0.062433 0.302000
-0.061374 0.062847 0.304000
-0.059271 0.063260 0.306000
-0.057321 0.063880 0.309000
-0.055322 0.064500 0.312000
-0.053274 0.065121 0.315000
-0.051176 0.065741 0.318000
-0.090849 0.062721 0.301000
-0.088384 0.062721 0.301000
-0.086203 0.062929 0.302000
-0.083730 0.062929 0.302000
-0.081256 0.062929 0.302000
-0.078521 0.062721 0.301000
-0.075803 0.062512 0.300000
-0.073101 0.062304 0.299000
-0.070179 0.061887 0.297000
-0.067746 0.061887 0.297000
-0.065753 0.062304 0.299000
-0.063939 0.062929 0.302000
-0.061669 0.063138 0.303000
-0.059577 0.063554 0.305000
-0.057640 0.064179 0.308000
-0.055654 0.064805 0.311000
-0.053790 0.065638 0.315000
-0.051697 0.066263 0.318000
-0.091039 0.063005 0.300000
-0.088581 0.063005 0.300000
-0.086411 0.063215 0.301000
-0.083945 0.063215 0.301000
-0.081480 0.063215 0.301000
-0.078752 0.063005 0.300000
-0.076040 0.062795 0.299000
-0.073591 0.062795 0.299000
-0.070428 0.062165 0.296000
-0.068003 0.062165 0.296000
-0.066021 0.062585 0.298000
-0.063727 0.063215 0.301000
-0.061669 0.063635 0.303000
-0.059577 0.064055 0.305000
-0.057640 0.064685 0.308000
-0.055654 0.065315 0.311000
-0.053790 0.066155 0.315000
-0.051697 0.066785 0.318000
-0.090056 0.063498 0.300000
-0.087599 0.063498 0.300000
-0.085425 0.063710 0.301000
-0.082684 0.063498 0.300000
-0.080226 0.063498 0.300000
-0.077510 0.063286 0.299000
-0.073337 0.062651 0.296000
-0.070673 0.062440 0.295000
-0.068257 0.062440 0.295000
-0.066286 0.062863 0.297000
-0.064499 0.063498 0.300000
-0.062455 0.063921 0.302000
-0.060378 0.064345 0.304000
-0.058459 0.064980 0.307000
-0.056491 0.065615 0.310000
-0.054648 0.066461 0.314000
-0.052739 0.067308 0.318000
-0.088776 0.063777 0.299000
-0.086616 0.063991 0.300000
-0.084158 0.063991 0.300000
-0.081701 0.063991 0.300000
-0.078979 0.063777 0.299000
-0.076018 0.063351 0.297000
-0.072606 0.062924 0.295000
-0.070190 0.062924 0.295000
-0.067773 0.062924 0.295000
-0.065800 0.063351 0.297000
-0.064007 0.063991 0.300000
-0.061960 0.064417 0.302000
-0.059880 0.064844 0.304000
-0.057956 0.065484 0.307000
-0.056164 0.066337 0.311000
-0.054306 0.067190 0.315000
-0.089266 0.064269 0.299000
-0.086817 0.064269 0.299000
-0.084367 0.064269 0.299000
-0.081918 0.064269 0.299000
-0.079203 0.064054 0.298000
-0.076247 0.063624 0.296000
-0.073323 0.063194 0.294000
-0.070915 0.063194 0.294000
-0.068740 0.063409 0.295000
-0.066548 0.063624 0.296000
-0.064557 0.064054 0.298000
-0.062248 0.064698 0.301000
-0.060378 0.065343 0.304000
-0.058459 0.065988 0.307000
-0.056491 0.066633 0.310000
-0.054648 0.067493 0.314000
-0.089456 0.064543 0.298000
-0.087015 0.064543 0.298000
-0.084857 0.064760 0.299000
-0.082408 0.064760 0.299000
-0.079424 0.064327 0.297000
-0.076732 0.064110 0.296000
-0.073554 0.063460 0.293000
-0.071154 0.063460 0.293000
-0.068989 0.063677 0.294000
-0.066807 0.063893 0.295000
-0.065045 0.064543 0.298000
-0.063024 0.064976 0.300000
-0.061172 0.065626 0.303000
-0.059271 0.066276 0.306000
-0.057321 0.066926 0.309000
-0.055499 0.067792 0.313000
-0.088669 0.064814 0.297000
-0.086236 0.064814 0.297000
-0.084085 0.065033 0.298000
-0.081644 0.065033 0.298000
-0.078937 0.064814 0.297000
-0.074260 0.063723 0.292000
-0.071868 0.063723 0.292000
-0.069714 0.063941 0.293000
-0.067773 0.064378 0.295000
-0.065578 0.064596 0.296000
-0.063794 0.065251 0.299000
-0.061960 0.065906 0.302000
-0.059880 0.066342 0.304000
-0.058145 0.067215 0.308000
-0.056164 0.067870 0.311000
-0.088855 0.065082 0.296000
-0.086723 0.065302 0.297000
-0.084290 0.065302 0.297000
-0.081857 0.065302 0.297000
-0.077658 0.064643 0.294000
-0.074482 0.063983 0.291000
-0.072098 0.063983 0.291000
-0.070194 0.064423 0.293000
-0.068025 0.064643 0.294000
-0.066063 0.065082 0.296000
-0.064069 0.065522 0.298000
-0.062248 0.066182 0.301000
-0.060378 0.066841 0.304000
-0.058650 0.067721 0.308000
-0.056673 0.068380 0.311000
-0.089340 0.065569 0.296000
-0.086915 0.065569 0.296000
-0.084776 0.065790 0.297000
-0.082343 0.065790 0.297000
-0.079641 0.065569 0.296000
-0.075912 0.064461 0.291000
-0.073276 0.064239 0.290000
-0.071145 0.064461 0.291000
-0.069234 0.064904 0.293000
-0.067290 0.065347 0.295000
-0.065313 0.065790 0.297000
-0.063516 0.066455 0.300000
-0.061465 0.066898 0.302000
-0.059968 0.068005 0.307000
-0.058015 0.068670 0.310000
-0.090005 0.065832 0.295000
-0.087588 0.065832 0.295000
-0.085461 0.066055 0.296000
-0.083036 0.066055 0.296000
-0.078296 0.064939 0.291000
-0.075652 0.064716 0.290000
-0.073276 0.064716 0.290000
-0.071145 0.064939 0.291000
-0.069234 0.065385 0.293000
-0.067290 0.065832 0.295000
-0.065313 0.066278 0.297000
-0.063516 0.066947 0.300000
-0.061465 0.067394 0.302000
-0.059968 0.068509 0.307000
-0.058015 0.069179 0.310000
-0.088736 0.066091 0.294000
-0.086622 0.066316 0.295000
-0.084205 0.066316 0.295000
-0.081789 0.066316 0.295000
-0.076811 0.064967 0.289000
-0.074444 0.064967 0.289000
-0.072076 0.064967 0.289000
-0.070192 0.065417 0.291000
-0.068274 0.065867 0.293000
-0.066323 0.066316 0.295000
-0.064340 0.066766 0.297000
-0.062741 0.067665 0.301000
-0.060876 0.068339 0.304000
-0.059346 0.069463 0.309000
-0.088736 0.066574 0.294000
-0.086328 0.066574 0.294000
-0.083920 0.066574 0.294000
-0.077690 0.064989 0.287000
-0.075602 0.065216 0.288000
-0.073497 0.065442 0.289000
-0.071376 0.065668 0.290000
-0.068998 0.066121 0.292000
-0.067062 0.066574 0.294000
-0.065313 0.067254 0.297000
-0.063516 0.067933 0.300000
-0.061669 0.068612 0.303000
-0.060163 0.069744 0.308000
-0.088435 0.066829 0.293000
-0.086035 0.066829 0.293000
-0.083920 0.067057 0.294000
-0.078825 0.065233 0.286000
-0.076750 0.065461 0.287000
-0.074658 0.065689 0.288000
-0.072299 0.065689 0.288000
-0.070425 0.066145 0.290000
-0.068519 0.066601 0.292000
-0.066807 0.067285 0.295000
-0.064827 0.067741 0.297000
-0.063234 0.068654 0.301000
-0.061576 0.069566 0.305000
-0.089875 0.067310 0.293000
-0.087475 0.067310 0.293000
-0.084784 0.067081 0.292000
-0.079950 0.065473 0.285000
-0.077616 0.065473 0.285000
-0.075545 0.065702 0.286000
-0.073458 0.065932 0.287000
-0.071355 0.066162 0.288000
-0.069715 0.066851 0.291000
-0.067794 0.067310 0.293000
-0.066063 0.068000 0.296000
-0.064069 0.068459 0.298000
-0.062455 0.069378 0.302000
-0.060974 0.070527 0.307000
-0.087654 0.067560 0.292000
-0.084971 0.067329 0.291000
-0.081168 0.066172 0.286000
-0.078274 0.065709 0.284000
-0.076215 0.065941 0.285000
-0.074140 0.066172 0.286000
-0.072048 0.066403 0.287000
-0.070183 0.066866 0.289000
-0.068519 0.067560 0.292000
-0.066580 0.068023 0.294000
-0.064827 0.068717 0.297000
-0.063234 0.069643 0.301000
-0.061576 0.070568 0.305000
-0.087176 0.068040 0.292000
-0.084203 0.067574 0.290000
-0.079853 0.065943 0.283000
-0.077535 0.065943 0.283000
-0.075748 0.066409 0.285000
-0.073202 0.066642 0.286000
-0.071355 0.067108 0.288000
-0.069475 0.067574 0.290000
-0.067794 0.068273 0.293000
-0.066063 0.068972 0.296000
-0.064284 0.069671 0.299000
-0.062662 0.070603 0.303000
-0.087176 0.068520 0.292000
-0.080780 0.066408 0.283000
-0.078185 0.066173 0.282000
-0.076413 0.066642 0.284000
-0.074347 0.066877 0.285000
-0.072518 0.067346 0.287000
-0.070412 0.067581 0.288000
-0.068761 0.068285 0.291000
-0.067062 0.068989 0.294000
-0.065313 0.069693 0.297000
-0.063939 0.070866 0.302000
-0.087176 0.068999 0.292000
-0.080495 0.066636 0.282000
-0.078185 0.066636 0.282000
-0.076144 0.066872 0.283000
-0.074347 0.067345 0.285000
-0.072265 0.067581 0.286000
-0.070412 0.068054 0.288000
-0.068761 0.068763 0.291000
-0.067062 0.069472 0.294000
-0.065313 0.070181 0.297000
-0.063939 0.071362 0.302000
-0.080209 0.066861 0.281000
-0.077907 0.066861 0.281000
-0.076144 0.067337 0.283000
-0.074347 0.067813 0.285000
-0.072265 0.068051 0.286000
-0.070412 0.068527 0.288000
-0.068761 0.069241 0.291000
-0.067062 0.069955 0.294000
-0.065533 0.070906 0.298000
-0.081300 0.067083 0.280000
-0.079006 0.067083 0.280000
-0.076987 0.067323 0.281000
-0.075216 0.067802 0.283000
-0.073413 0.068281 0.285000
-0.071578 0.068761 0.287000
-0.069709 0.069240 0.289000
-0.068041 0.069958 0.292000
-0.066323 0.070677 0.295000
-0.064990 0.071875 0.300000
-0.079465 0.067543 0.280000
-0.077447 0.067785 0.281000
-0.075413 0.068026 0.282000
-0.073413 0.068750 0.285000
-0.071578 0.069232 0.287000
-0.069950 0.069956 0.290000
-0.068041 0.070438 0.292000
-0.066548 0.071403 0.296000
-0.080095 0.067760 0.279000
-0.078089 0.068003 0.280000
-0.076066 0.068246 0.281000
-0.074552 0.068975 0.284000
-0.072734 0.069461 0.286000
-0.070883 0.069946 0.288000
-0.069238 0.070675 0.291000
-0.067314 0.071161 0.293000
-0.080552 0.068219 0.279000
-0.078267 0.068219 0.279000
-0.076526 0.068708 0.281000
-0.074753 0.069197 0.283000
-0.072946 0.069686 0.285000
-0.071107 0.070175 0.287000
-0.069475 0.070908 0.290000
-0.067794 0.071642 0.293000
-0.079808 0.068431 0.278000
-0.077810 0.068677 0.279000
-0.076066 0.069169 0.281000
-0.074289 0.069662 0.283000
-0.072734 0.070400 0.286000
-0.070883 0.070892 0.288000
-0.069238 0.071631 0.291000
-0.067544 0.072369 0.294000
-0.078897 0.068887 0.278000
-0.076896 0.069135 0.279000
-0.075413 0.069879 0.282000
-0.073621 0.070374 0.284000
-0.072048 0.071118 0.287000
-0.070425 0.071861 0.290000
-0.068519 0.072357 0.292000
-0.080719 0.069344 0.278000
-0.078442 0.069344 0.278000
-0.076713 0.069843 0.280000
-0.074951 0.070342 0.282000
-0.073413 0.071090 0.285000
-0.071578 0.071589 0.287000
-0.069950 0.072337 0.290000
-0.081630 0.069801 0.278000
-0.079353 0.069801 0.278000
-0.077353 0.070052 0.279000
-0.075606 0.070554 0.281000
-0.073825 0.071056 0.283000
-0.072265 0.071809 0.286000
-0.070656 0.072563 0.289000
-0.068998 0.073316 0.292000
-0.079521 0.070005 0.277000
-0.077531 0.070257 0.278000
-0.075795 0.070763 0.280000
-0.074289 0.071521 0.283000
-0.072734 0.072279 0.286000
-0.071130 0.073037 0.289000
-0.082086 0.070714 0.278000
-0.079521 0.070460 0.277000
-0.077531 0.070714 0.278000
-0.075795 0.071223 0.280000
-0.074289 0.071986 0.283000
-0.072734 0.072749 0.286000
-0.071376 0.073766 0.290000
-0.080883 0.070915 0.277000
-0.078614 0.070915 0.277000
-0.076896 0.071427 0.279000
-0.075145 0.071939 0.281000
-0.073621 0.072707 0.284000
-0.072048 0.073475 0.287000
-0.080883 0.071370 0.277000
-0.078614 0.071370 0.277000
-0.076896 0.071885 0.279000
-0.075145 0.072400 0.281000
-0.073621 0.073173 0.284000
-0.072550 0.074461 0.289000
-0.079975 0.071825 0.277000
-0.077987 0.072084 0.278000
-0.075982 0.072343 0.279000
-0.074489 0.073121 0.282000
-0.073202 0.074158 0.286000
-0.079975 0.072280 0.277000
-0.077987 0.072541 0.278000
-0.075982 0.072802 0.279000
-0.074753 0.073845 0.283000
-0.073202 0.074628 0.286000
-0.079067 0.072735 0.277000
-0.077076 0.072997 0.278000
-0.075606 0.073785 0.281000
-0.074086 0.074573 0.284000
-0.079521 0.073190 0.277000
-0.077531 0.073454 0.278000
-0.075795 0.073982 0.280000
-0.074552 0.075039 0.284000
-0.078614 0.073645 0.277000
-0.076896 0.074176 0.279000
-0.075413 0.074974 0.282000
-0.079353 0.074367 0.278000
-0.077353 0.074635 0.279000
-0.075875 0.075437 0.282000
-0.078442 0.074824 0.278000
-0.076713 0.075362 0.280000
-0.079353 0.075280 0.278000
-0.077630 0.075822 0.280000
-0.079808 0.075737 0.278000
-0.077810 0.076009 0.279000
-0.079181 0.076468 0.279000
-0.081010 0.076926 0.279000
-0.078724 0.076926 0.279000
-0.079638 0.077384 0.279000
-0.080095 0.077843 0.279000
-0.031681 0.041044 0.373784
-0.035989 0.042941 0.364426
-0.031602 0.041423 0.374410
-0.033375 0.041638 0.372212
-0.035311 0.041962 0.369552
-0.036322 0.042632 0.366696
-0.037332 0.043302 0.363841
-0.030084 0.041811 0.376292
-0.032789 0.041680 0.374268
-0.034558 0.041892 0.372078
-0.035400 0.042450 0.369698
-0.036411 0.043120 0.366843
-0.037422 0.043791 0.363987
-0.040089 0.043636 0.362068
-0.041094 0.044302 0.359231
-0.030685 0.042642 0.374998
-0.033386 0.042507 0.372983
-0.035153 0.042715 0.370797
-0.036915 0.042921 0.368626
-0.036838 0.043832 0.366037
-0.038594 0.044034 0.363882
-0.040346 0.044232 0.361741
-0.041183 0.044787 0.359376
-0.041113 0.045704 0.356765
-0.030435 0.042910 0.376107
-0.033475 0.042997 0.373130
-0.035243 0.043204 0.370943
-0.037004 0.043408 0.368772
-0.036927 0.044321 0.366184
-0.038684 0.044521 0.364027
-0.040435 0.044718 0.361886
-0.041272 0.045273 0.359522
-0.042109 0.045828 0.357157
-0.044016 0.046128 0.354575
-0.047314 0.046385 0.350871
-0.049534 0.046893 0.347405
-0.033058 0.043151 0.374709
-0.034827 0.043358 0.372517
-0.035669 0.043916 0.370138
-0.037429 0.044118 0.367969
-0.038269 0.044674 0.365597
-0.040022 0.044870 0.363451
-0.041026 0.045536 0.360613
-0.041863 0.046091 0.358249
-0.043604 0.046280 0.356134
-0.045340 0.046465 0.354035
-0.047402 0.046866 0.351015
-0.049456 0.047263 0.348015
-0.050283 0.047810 0.345681
-0.069701 0.047164 0.330087
-0.030616 0.043897 0.376402
-0.033317 0.043753 0.374378
-0.035085 0.043958 0.372188
-0.036847 0.044159 0.370012
-0.037687 0.044716 0.367640
-0.039441 0.044912 0.365488
-0.040278 0.045467 0.363123
-0.041115 0.046022 0.360759
-0.041952 0.046577 0.358394
-0.043693 0.046764 0.356279
-0.045428 0.046947 0.354180
-0.047490 0.047347 0.351159
-0.049214 0.047523 0.349092
-0.050932 0.047695 0.347041
-0.069154 0.047203 0.332006
-0.070809 0.047334 0.330132
-0.014562 0.073873 0.304022
-0.020420 0.076790 0.290276
-0.031804 0.044149 0.376252
-0.033576 0.044355 0.374048
-0.035343 0.044558 0.371858
-0.037104 0.044758 0.369684
-0.038860 0.044953 0.367525
-0.039697 0.045508 0.365160
-0.040534 0.046063 0.362796
-0.042280 0.046252 0.360667
-0.043114 0.046805 0.358310
-0.044851 0.046989 0.356204
-0.046583 0.047168 0.354113
-0.047412 0.047718 0.351771
-0.049136 0.047893 0.349703
-0.049962 0.048440 0.347369
-0.051678 0.048610 0.345323
-0.068782 0.045422 0.339032
-0.070107 0.047269 0.332489
-0.070893 0.047790 0.330269
-0.071679 0.048311 0.328048
-0.015628 0.075070 0.301469
-0.016591 0.075708 0.298748
-0.016230 0.077406 0.294165
-0.018050 0.077644 0.291824
-0.020715 0.077474 0.289900
-0.030797 0.044883 0.376698
-0.033497 0.044733 0.374672
-0.035264 0.044935 0.372481
-0.037026 0.045133 0.370304
-0.038782 0.045328 0.368143
-0.039619 0.045883 0.365779
-0.040456 0.046438 0.363414
-0.042202 0.046625 0.361283
-0.043036 0.047179 0.358926
-0.044774 0.047361 0.356818
-0.046506 0.047539 0.354725
-0.047335 0.048089 0.352383
-0.049059 0.048262 0.350313
-0.050778 0.048432 0.348258
-0.051601 0.048978 0.345932
-0.067769 0.045150 0.342266
-0.068866 0.045877 0.339168
-0.069962 0.046604 0.336070
-0.070902 0.047227 0.333415
-0.070819 0.048142 0.330850
-0.071605 0.048663 0.328629
-0.073252 0.048785 0.326776
-0.016501 0.076139 0.299460
-0.016608 0.077180 0.296357
-0.018153 0.078205 0.291992
-0.023935 0.077189 0.289659
-0.032323 0.045357 0.375589
-0.035017 0.045200 0.373579
-0.035859 0.045759 0.371199
-0.037619 0.045954 0.369027
-0.039373 0.046146 0.366870
-0.040210 0.046701 0.364505
-0.041957 0.046888 0.362371
-0.042791 0.047441 0.360014
-0.044529 0.047623 0.357902
-0.046262 0.047800 0.355806
-0.047091 0.048350 0.353464
-0.048816 0.048522 0.351391
-0.050536 0.048691 0.349332
-0.051359 0.049237 0.347005
-0.052183 0.049783 0.344679
-0.068009 0.045708 0.341960
-0.068949 0.046331 0.339304
-0.069889 0.046954 0.336649
-0.070986 0.047681 0.333551
-0.070903 0.048598 0.330986
-0.071689 0.049119 0.328766
-0.073336 0.049240 0.326912
-0.075134 0.049460 0.324632
-0.076770 0.049574 0.322810
-0.077548 0.050090 0.320612
-0.077632 0.051117 0.317575
-0.078412 0.051634 0.315369
-0.033846 0.045826 0.374488
-0.035612 0.046024 0.372297
-0.037372 0.046219 0.370122
-0.039127 0.046410 0.367961
-0.039964 0.046965 0.365597
-0.040801 0.047520 0.363232
-0.042546 0.047704 0.361102
-0.043380 0.048257 0.358745
-0.045117 0.048436 0.356637
-0.046848 0.048611 0.354545
-0.048574 0.048783 0.352468
-0.050294 0.048951 0.350406
-0.051118 0.049497 0.348079
-0.051941 0.050043 0.345753
-0.066899 0.046343 0.342670
-0.068876 0.046682 0.339883
-0.069816 0.047305 0.337228
-0.070912 0.048032 0.334129
-0.070829 0.048949 0.331567
-0.072479 0.049071 0.329703
-0.073262 0.049590 0.327491
-0.074904 0.049706 0.325650
-0.076541 0.049819 0.323824
-0.077319 0.050334 0.321626
-0.078097 0.050850 0.319429
-0.078027 0.051777 0.316828
-0.033766 0.046204 0.375113
-0.035870 0.046624 0.371968
-0.037629 0.046817 0.369793
-0.039384 0.047007 0.367634
-0.040221 0.047561 0.365269
-0.041058 0.048116 0.362905
-0.042802 0.048299 0.360775
-0.044540 0.048477 0.358661
-0.045371 0.049029 0.356312
-0.047102 0.049202 0.354221
-0.048827 0.049371 0.352145
-0.050546 0.049538 0.350084
-0.051370 0.050084 0.347757
-0.053081 0.050244 0.345719
-0.053902 0.050789 0.343400
-0.068332 0.046720 0.341790
-0.069116 0.047240 0.339577
-0.069899 0.047759 0.337364
-0.071553 0.047882 0.335489
-0.071466 0.048798 0.332938
-0.072249 0.049317 0.330725
-0.073032 0.049837 0.328512
-0.074675 0.049952 0.326668
-0.075612 0.050573 0.324021
-0.077246 0.050683 0.322201
-0.078024 0.051198 0.320003
-0.077954 0.052126 0.317405
-0.078735 0.052643 0.315200
-0.038390 0.047750 0.368041
-0.039230 0.048306 0.365669
-0.040979 0.048491 0.363523
-0.042723 0.048672 0.361392
-0.043558 0.049225 0.359035
-0.045294 0.049401 0.356926
-0.047024 0.049573 0.354833
-0.048749 0.049741 0.352755
-0.050469 0.049906 0.350692
-0.051293 0.050452 0.348365
-0.053004 0.050612 0.346325
-0.053825 0.051156 0.344006
-0.064832 0.047725 0.343663
-0.068572 0.047279 0.341483
-0.069356 0.047798 0.339270
-0.070139 0.048317 0.337057
-0.071792 0.048438 0.335184
-0.071706 0.049356 0.332631
-0.072489 0.049876 0.330418
-0.073272 0.050395 0.328205
-0.074914 0.050508 0.326362
-0.076551 0.050618 0.324534
-0.077329 0.051134 0.322336
-0.078107 0.051650 0.320139
-0.078885 0.052166 0.317941
-0.078818 0.053096 0.315335
-0.037565 0.048607 0.367977
-0.039319 0.048794 0.365815
-0.041068 0.048976 0.363668
-0.042812 0.049156 0.361537
-0.043646 0.049709 0.359180
-0.045382 0.049883 0.357071
-0.047112 0.050054 0.354977
-0.048837 0.050220 0.352899
-0.049663 0.050768 0.350564
-0.051380 0.050930 0.348509
-0.053092 0.051088 0.346468
-0.053913 0.051632 0.344149
-0.064916 0.048184 0.343800
-0.068499 0.047629 0.342062
-0.069282 0.048149 0.339849
-0.070938 0.048270 0.337966
-0.071719 0.048787 0.335760
-0.072499 0.049305 0.333555
-0.072416 0.050226 0.330997
-0.074061 0.050340 0.329144
-0.074997 0.050961 0.326498
-0.076634 0.051069 0.324669
-0.077412 0.051585 0.322472
-0.078190 0.052101 0.320274
-0.078968 0.052617 0.318076
-0.078901 0.053549 0.315471
-0.037318 0.048872 0.369075
-0.038160 0.049431 0.366696
-0.039913 0.049615 0.364538
-0.041660 0.049795 0.362395
-0.043401 0.049972 0.360268
-0.045138 0.050145 0.358155
-0.046869 0.050315 0.356058
-0.048595 0.050481 0.353976
-0.049421 0.051028 0.351642
-0.051138 0.051189 0.349582
-0.051962 0.051735 0.347256
-0.053672 0.051891 0.345219
-0.055376 0.052043 0.343198
-0.067233 0.048167 0.343216
-0.068896 0.048291 0.341313
-0.069679 0.048811 0.339100
-0.071333 0.048930 0.337219
-0.072114 0.049447 0.335014
-0.072895 0.049965 0.332809
-0.073675 0.050482 0.330603
-0.074456 0.051000 0.328398
-0.076094 0.051108 0.326563
-0.076872 0.051624 0.324365
-0.077650 0.052140 0.322167
-0.078428 0.052655 0.319969
-0.079206 0.053171 0.317772
-0.079140 0.054105 0.315166
-0.036492 0.049734 0.369016
-0.037337 0.050294 0.366628
-0.040002 0.050102 0.364684
-0.041749 0.050281 0.362541
-0.043490 0.050456 0.360413
-0.045226 0.050627 0.358300
-0.046957 0.050795 0.356202
-0.048682 0.050960 0.354119
-0.049509 0.051508 0.351785
-0.051226 0.051667 0.349725
-0.052938 0.051823 0.347681
-0.053759 0.052367 0.345362
-0.056346 0.052123 0.343637
-0.067631 0.048832 0.342464
-0.069292 0.048954 0.340564
-0.070076 0.049473 0.338351
-0.071729 0.049589 0.336473
-0.072509 0.050107 0.334267
-0.073446 0.050728 0.331621
-0.074227 0.051246 0.329416
-0.075866 0.051353 0.327577
-0.076644 0.051869 0.325379
-0.078275 0.051971 0.323564
-0.079050 0.052485 0.321373
-0.078978 0.053416 0.318786
-0.079756 0.053932 0.316588
-0.033739 0.078271 0.290251
-0.037089 0.050560 0.367730
-0.039182 0.050967 0.364609
-0.041838 0.050766 0.362686
-0.043579 0.050940 0.360558
-0.045315 0.051110 0.358444
-0.047045 0.051276 0.356346
-0.047874 0.051826 0.354004
-0.049597 0.051987 0.351929
-0.051314 0.052145 0.349869
-0.053025 0.052299 0.347823
-0.053846 0.052843 0.345504
-0.056433 0.052596 0.343779
-0.066522 0.049478 0.343180
-0.069062 0.049200 0.341585
-0.069846 0.049720 0.339372
-0.071499 0.049835 0.337491
-0.072280 0.050353 0.335285
-0.073061 0.050870 0.333080
-0.073841 0.051388 0.330875
-0.075482 0.051495 0.329031
-0.076260 0.052011 0.326833
-0.077892 0.052112 0.325012
-0.078667 0.052626 0.322822
-0.079442 0.053140 0.320632
-0.080218 0.053654 0.318442
-0.079306 0.055011 0.315437
-0.036257 0.078452 0.289157
-0.036344 0.079491 0.286121
-0.038103 0.079676 0.283942
-0.036435 0.051539 0.367188
-0.038193 0.051722 0.365012
-0.040852 0.051521 0.363078
-0.043668 0.051424 0.360703
-0.045403 0.051592 0.358589
-0.047133 0.051757 0.356490
-0.047962 0.052307 0.354148
-0.049684 0.052466 0.352072
-0.051401 0.052622 0.350012
-0.053113 0.052775 0.347966
-0.053933 0.053319 0.345647
-0.056519 0.053069 0.343920
-0.066448 0.049831 0.343763
-0.069145 0.049655 0.341721
-0.069929 0.050174 0.339508
-0.071582 0.050288 0.337626
-0.072363 0.050806 0.335421
-0.073144 0.051323 0.333216
-0.074786 0.051430 0.331364
-0.075564 0.051946 0.329166
-0.076342 0.052462 0.326968
-0.077974 0.052562 0.325147
-0.078750 0.053076 0.322957
-0.079525 0.053590 0.320767
-0.080300 0.054104 0.318577
-0.079389 0.055464 0.315573
-0.074285 0.058955 0.310466
-0.074247 0.059912 0.307786
-0.036628 0.080150 0.285759
-0.039586 0.080148 0.282979
-0.042164 0.079892 0.281275
-0.049847 0.041192 0.385461
-0.055934 0.042278 0.376626
-0.057635 0.042422 0.374609
-0.035613 0.052410 0.367125
-0.037373 0.052593 0.364941
-0.041109 0.052120 0.362749
-0.044257 0.052239 0.359433
-0.047387 0.052348 0.356166
-0.048216 0.052898 0.353824
-0.049938 0.053055 0.351749
-0.051653 0.053209 0.349690
-0.053364 0.053360 0.347645
-0.055069 0.053507 0.345616
-0.063981 0.050564 0.345531
-0.067568 0.049991 0.343762
-0.069229 0.050109 0.341857
-0.070012 0.050628 0.339644
-0.071665 0.050741 0.337762
-0.072446 0.051258 0.335557
-0.074091 0.051366 0.333697
-0.074869 0.051882 0.331499
-0.075647 0.052397 0.329301
-0.076425 0.052913 0.327104
-0.078057 0.053011 0.325282
-0.078832 0.053526 0.323092
-0.079607 0.054040 0.320901
-0.080383 0.054554 0.318711
-0.078629 0.056341 0.315302
-0.074370 0.059419 0.310605
-0.074332 0.060377 0.307925
-0.075134 0.060909 0.305659
-0.076769 0.061009 0.303830
-0.078398 0.061106 0.302016
-0.043820 0.080473 0.279820
-0.045556 0.080640 0.277704
-0.049613 0.041442 0.386496
-0.050407 0.041969 0.384253
-0.052759 0.042543 0.380397
-0.054470 0.042692 0.378350
-0.056175 0.042838 0.376319
-0.057875 0.042981 0.374303
-0.059570 0.043119 0.372302
-0.061912 0.044672 0.365685
-0.048470 0.053488 0.353500
-0.050191 0.053644 0.351426
-0.051906 0.053796 0.349367
-0.053616 0.053945 0.347324
-0.056203 0.053691 0.345586
-0.064946 0.050624 0.345967
-0.067494 0.050343 0.344343
-0.069155 0.050460 0.342436
-0.069939 0.050979 0.340223
-0.071592 0.051090 0.338339
-0.073240 0.051198 0.336470
-0.074018 0.051714 0.334272
-0.074796 0.052230 0.332074
-0.075574 0.052745 0.329876
-0.076352 0.053261 0.327678
-0.077984 0.053358 0.325855
-0.078759 0.053872 0.323664
-0.079535 0.054386 0.321474
-0.080310 0.054901 0.319284
-0.079399 0.056266 0.316285
-0.075977 0.058922 0.312020
-0.074257 0.060736 0.308518
-0.075894 0.060837 0.306679
-0.076694 0.061367 0.304421
-0.078323 0.061462 0.302604
-0.044379 0.080323 0.281459
-0.045288 0.080926 0.278890
-0.046198 0.081529 0.276321
-0.047107 0.082132 0.273751
-0.048450 0.042062 0.387375
-0.050174 0.042219 0.385288
-0.052210 0.042582 0.382323
-0.053923 0.042732 0.380270
-0.054711 0.043254 0.378042
-0.057332 0.043019 0.376209
-0.059029 0.043158 0.374201
-0.059809 0.043676 0.371996
-0.060590 0.044193 0.369791
-0.061371 0.044711 0.367585
-0.062151 0.045228 0.365380
-0.048890 0.054189 0.352707
-0.053539 0.054312 0.347930
-0.067672 0.049875 0.346998
-0.068455 0.050395 0.344785
-0.069239 0.050914 0.342572
-0.070895 0.051025 0.340680
-0.071675 0.051543 0.338474
-0.073323 0.051649 0.336605
-0.074101 0.052165 0.334407
-0.074879 0.052681 0.332209
-0.075657 0.053197 0.330011
-0.076435 0.053713 0.327814
-0.078067 0.053808 0.325989
-0.078842 0.054322 0.323799
-0.080466 0.054412 0.321998
-0.080392 0.055350 0.319419
-0.079482 0.056719 0.316421
-0.075221 0.059812 0.311746
-0.074342 0.061202 0.308657
-0.075979 0.061301 0.306818
-0.076779 0.061831 0.304559
-0.078408 0.061925 0.302743
-0.079205 0.062453 0.300492
-0.045385 0.081454 0.279048
-0.046295 0.082057 0.276479
-0.047204 0.082660 0.273909
-0.048930 0.082818 0.271820
-0.049623 0.042258 0.387221
-0.050418 0.042785 0.384978
-0.052136 0.042936 0.382907
-0.052927 0.043461 0.380672
-0.054637 0.043607 0.378624
-0.057259 0.043370 0.376788
-0.058042 0.043889 0.374575
-0.059736 0.044025 0.372573
-0.060517 0.044543 0.370367
-0.061297 0.045060 0.368162
-0.062981 0.045189 0.366190
-0.063759 0.045704 0.363993
-0.068427 0.048799 0.350806
-0.069205 0.049315 0.348608
-0.069104 0.050236 0.346108
-0.069885 0.050754 0.343903
-0.070665 0.051271 0.341698
-0.072317 0.051378 0.339817
-0.073095 0.051894 0.337619
-0.073873 0.052410 0.335421
-0.074650 0.052926 0.333224
-0.075428 0.053442 0.331026
-0.077064 0.053538 0.329190
-0.077839 0.054052 0.327000
-0.078769 0.054669 0.324372
-0.080393 0.054758 0.322569
-0.081166 0.055270 0.320386
-0.080252 0.056640 0.317399
-0.075987 0.059738 0.312744
-0.074267 0.061561 0.309250
-0.075069 0.062092 0.306984
-0.076704 0.062189 0.305150
-0.078333 0.062281 0.303331
-0.079130 0.062809 0.301081
-0.079927 0.063338 0.298830
-0.047119 0.083067 0.274581
-0.083133 0.064476 0.292555
-0.049549 0.042614 0.387808
-0.050343 0.043140 0.385564
-0.052062 0.043291 0.383492
-0.052853 0.043815 0.381256
-0.054564 0.043960 0.379207
-0.057185 0.043720 0.377367
-0.057969 0.044240 0.375154
-0.059663 0.044374 0.373150
-0.060444 0.044892 0.370944
-0.061224 0.045409 0.368739
-0.062908 0.045537 0.366765
-0.063686 0.046053 0.364567
-0.064464 0.046568 0.362370
-0.067420 0.048529 0.354018
-0.069238 0.048745 0.351665
-0.069132 0.049663 0.349183
-0.069910 0.050179 0.346985
-0.070688 0.050695 0.344787
-0.071466 0.051211 0.342589
-0.072244 0.051727 0.340392
-0.073022 0.052242 0.338194
-0.074665 0.052343 0.336334
-0.075440 0.052857 0.334144
-0.076216 0.053371 0.331953
-0.076991 0.053885 0.329763
-0.077766 0.054399 0.327573
-0.079394 0.054489 0.325759
-0.080166 0.055001 0.323576
-0.080939 0.055514 0.321393
-0.080867 0.056455 0.318812
-0.077436 0.059125 0.314592
-0.074032 0.061813 0.310296
-0.074834 0.062345 0.308030
-0.076469 0.062440 0.306192
-0.077269 0.062970 0.303934
-0.078896 0.063060 0.302119
-0.079693 0.063589 0.299869
-0.080489 0.064117 0.297618
-0.082741 0.064621 0.294039
-0.083535 0.065147 0.291796
-0.084329 0.065674 0.289552
-0.085124 0.066200 0.287309
-0.085918 0.066727 0.285066
-0.087516 0.066798 0.283333
-0.049792 0.043180 0.387497
-0.050586 0.043706 0.385254
-0.052304 0.043855 0.383182
-0.054017 0.043999 0.381127
-0.055724 0.044141 0.379086
-0.057425 0.044279 0.377060
-0.059121 0.044413 0.375050
-0.059902 0.044931 0.372844
-0.060683 0.045448 0.370639
-0.061463 0.045966 0.368433
-0.063146 0.046091 0.366461
-0.063924 0.046607 0.364263
-0.064702 0.047123 0.362065
-0.066725 0.048464 0.356351
-0.067503 0.048980 0.354153
-0.069165 0.049092 0.352238
-0.069941 0.049606 0.350048
-0.070716 0.050120 0.347858
-0.071491 0.050634 0.345668
-0.071393 0.051559 0.343164
-0.072171 0.052075 0.340966
-0.073817 0.052176 0.339097
-0.074593 0.052690 0.336907
-0.075368 0.053204 0.334716
-0.076143 0.053718 0.332526
-0.077776 0.053810 0.330695
-0.078549 0.054323 0.328512
-0.079321 0.054835 0.326329
-0.080094 0.055347 0.324147
-0.080867 0.055859 0.321964
-0.080795 0.056802 0.319385
-0.078204 0.059046 0.315579
-0.074795 0.061738 0.311300
-0.074759 0.062704 0.308622
-0.076394 0.062798 0.306783
-0.077194 0.063328 0.304525
-0.078821 0.063417 0.302708
-0.079618 0.063945 0.300457
-0.080415 0.064473 0.298206
-0.082032 0.064555 0.296420
-0.082826 0.065081 0.294177
-0.084435 0.065158 0.292414
-0.085226 0.065682 0.290178
-0.085208 0.066661 0.287447
-0.086002 0.067187 0.285204
-0.087758 0.067362 0.283024
-0.048948 0.044016 0.387478
-0.050671 0.044167 0.385392
-0.052388 0.044314 0.383320
-0.054100 0.044457 0.381264
-0.055807 0.044597 0.379222
-0.057508 0.044733 0.377196
-0.059204 0.044866 0.375185
-0.059985 0.045383 0.372980
-0.060766 0.045901 0.370774
-0.062451 0.046027 0.368794
-0.063229 0.046543 0.366596
-0.064007 0.047058 0.364398
-0.064785 0.047574 0.362200
-0.067077 0.048102 0.358506
-0.067852 0.048616 0.356315
-0.068628 0.049130 0.354125
-0.069403 0.049644 0.351935
-0.070178 0.050158 0.349745
-0.070954 0.050672 0.347554
-0.071729 0.051186 0.345364
-0.072504 0.051700 0.343174
-0.073279 0.052214 0.340984
-0.074055 0.052728 0.338794
-0.075695 0.052824 0.336940
-0.076468 0.053336 0.334758
-0.077240 0.053849 0.332575
-0.078013 0.054361 0.330392
-0.078785 0.054873 0.328210
-0.080409 0.054958 0.326402
-0.080331 0.055898 0.323844
-0.081103 0.056410 0.321662
-0.081876 0.056922 0.319479
-0.077604 0.060040 0.314866
-0.075040 0.062308 0.310987
-0.075840 0.062838 0.308729
-0.076639 0.063368 0.306470
-0.078269 0.063456 0.304647
-0.079065 0.063985 0.302396
-0.079862 0.064513 0.300146
-0.080659 0.065041 0.297895
-0.082275 0.065121 0.296110
-0.083069 0.065647 0.293866
-0.084677 0.065722 0.292104
-0.084657 0.066700 0.289380
-0.085451 0.067227 0.287137
-0.086245 0.067753 0.284893
-0.087843 0.067821 0.283161
-0.088634 0.068345 0.280925
-0.048555 0.044161 0.388967
-0.050279 0.044311 0.386876
-0.051232 0.044943 0.384184
-0.052947 0.045087 0.382116
-0.054657 0.045228 0.380064
-0.057278 0.044980 0.378218
-0.058975 0.045112 0.376203
-0.059756 0.045629 0.373998
-0.060537 0.046147 0.371792
-0.062223 0.046272 0.369808
-0.063001 0.046787 0.367610
-0.063779 0.047303 0.365413
-0.064557 0.047819 0.363215
-0.065335 0.048335 0.361017
-0.067315 0.048655 0.358202
-0.068090 0.049169 0.356012
-0.068865 0.049683 0.353822
-0.070832 0.049994 0.351043
-0.071605 0.050506 0.348861
-0.072378 0.051018 0.346678
-0.073150 0.051531 0.344496
-0.073923 0.052043 0.342313
-0.074695 0.052555 0.340130
-0.075468 0.053067 0.337948
-0.076241 0.053580 0.335765
-0.077874 0.053669 0.333931
-0.078644 0.054180 0.331756
-0.079413 0.054690 0.329581
-0.080183 0.055201 0.327406
-0.080953 0.055711 0.325231
-0.081723 0.056222 0.323056
-0.082493 0.056732 0.320881
-0.080738 0.058548 0.317501
-0.075644 0.062122 0.312439
-0.075605 0.063089 0.309771
-0.076404 0.063619 0.307513
-0.077204 0.064149 0.305254
-0.078831 0.064235 0.303435
-0.079628 0.064764 0.301184
-0.080425 0.065292 0.298933
-0.082042 0.065371 0.297145
-0.082836 0.065897 0.294902
-0.083630 0.066424 0.292658
-0.085236 0.066496 0.290900
-0.085218 0.067477 0.288172
-0.086012 0.068003 0.285929
-0.087610 0.068070 0.284193
-0.088402 0.068594 0.281957
-0.089193 0.069119 0.279722
-0.048639 0.044624 0.389106
-0.050363 0.044772 0.387014
-0.051157 0.045298 0.384770
-0.052873 0.045442 0.382701
-0.054741 0.045686 0.380201
-0.057362 0.045434 0.378354
-0.059058 0.045565 0.376339
-0.059839 0.046082 0.374133
-0.061527 0.046207 0.372141
-0.062305 0.046723 0.369943
-0.063083 0.047239 0.367746
-0.063861 0.047755 0.365548
-0.064639 0.048270 0.363350
-0.065417 0.048786 0.361152
-0.067087 0.048899 0.359213
-0.067862 0.049413 0.357023
-0.068638 0.049927 0.354833
-0.070451 0.050135 0.352487
-0.071224 0.050647 0.350305
-0.071996 0.051159 0.348122
-0.073644 0.051257 0.346245
-0.073541 0.052184 0.343757
-0.074314 0.052696 0.341574
-0.075087 0.053208 0.339391
-0.076724 0.053299 0.337545
-0.077494 0.053810 0.335370
-0.078263 0.054320 0.333195
-0.079033 0.054831 0.331020
-0.079803 0.055341 0.328845
-0.081424 0.055421 0.327043
-0.082191 0.055930 0.324876
-0.082113 0.056872 0.322319
-0.082883 0.057383 0.320144
-0.076931 0.061393 0.314736
-0.075210 0.063235 0.311265
-0.076010 0.063765 0.309007
-0.076809 0.064295 0.306748
-0.077609 0.064825 0.304490
-0.079235 0.064909 0.302673
-0.080032 0.065437 0.300422
-0.081650 0.065516 0.298629
-0.082444 0.066042 0.296386
-0.083238 0.066569 0.294142
-0.084845 0.066640 0.292379
-0.084826 0.067622 0.289656
-0.086428 0.067689 0.287908
-0.087220 0.068214 0.285672
-0.088011 0.068739 0.283436
-0.089602 0.068799 0.281718
-0.090391 0.069322 0.279490
-0.048884 0.045191 0.388794
-0.049680 0.045720 0.386543
-0.051401 0.045864 0.384460
-0.053116 0.046006 0.382391
-0.054825 0.046143 0.380338
-0.057602 0.045992 0.378047
-0.059297 0.046121 0.376033
-0.060078 0.046638 0.373828
-0.061766 0.046762 0.371837
-0.062544 0.047277 0.369639
-0.063322 0.047793 0.367441
-0.064100 0.048309 0.365243
-0.064878 0.048825 0.363046
-0.066549 0.048937 0.361100
-0.067324 0.049451 0.358910
-0.068100 0.049965 0.356720
-0.069761 0.050071 0.354804
-0.070533 0.050583 0.352622
-0.072186 0.050683 0.350729
-0.072956 0.051193 0.348554
-0.073726 0.051704 0.346379
-0.074496 0.052214 0.344204
-0.075266 0.052725 0.342029
-0.076036 0.053235 0.339854
-0.076805 0.053746 0.337679
-0.078437 0.053831 0.335847
-0.079204 0.054340 0.333679
-0.079971 0.054849 0.331512
-0.080738 0.055358 0.329344
-0.081506 0.055866 0.327177
-0.082273 0.056375 0.325009
-0.083040 0.056884 0.322842
-0.083807 0.057392 0.320674
-0.077016 0.061852 0.314873
-0.075295 0.063699 0.311404
-0.076095 0.064229 0.309145
-0.076894 0.064759 0.306887
-0.077694 0.065289 0.304629
-0.079320 0.065371 0.302812
-0.080116 0.065899 0.300561
-0.081734 0.065976 0.298767
-0.082528 0.066503 0.296524
-0.083322 0.067029 0.294280
-0.084930 0.067099 0.292517
-0.085721 0.067624 0.290281
-0.086512 0.068148 0.288045
-0.087304 0.068673 0.285809
-0.088095 0.069198 0.283574
-0.089686 0.069257 0.281855
-0.090475 0.069780 0.279627
-0.048968 0.045654 0.388933
-0.049765 0.046182 0.386682
-0.051485 0.046325 0.384598
-0.053200 0.046465 0.382529
-0.054909 0.046601 0.380475
-0.057528 0.046343 0.378626
-0.059380 0.046574 0.376169
-0.060161 0.047091 0.373964
-0.061848 0.047213 0.371972
-0.062626 0.047729 0.369774
-0.063404 0.048244 0.367576
-0.064182 0.048760 0.365379
-0.064960 0.049276 0.363181
-0.066632 0.049387 0.361235
-0.067407 0.049901 0.359044
-0.069070 0.050007 0.357121
-0.069843 0.050519 0.354938
-0.071498 0.050619 0.353038
-0.072268 0.051129 0.350863
-0.073038 0.051640 0.348688
-0.073808 0.052150 0.346513
-0.074578 0.052661 0.344338
-0.075347 0.053171 0.342162
-0.076984 0.053259 0.340315
-0.077751 0.053768 0.338147
-0.078518 0.054277 0.335980
-0.080144 0.054357 0.334163
-0.080909 0.054864 0.332003
-0.081673 0.055371 0.329843
-0.082438 0.055878 0.327683
-0.083202 0.056385 0.325523
-0.083967 0.056892 0.323363
-0.084731 0.057399 0.321203
-0.086336 0.057465 0.319447
-0.088771 0.057086 0.318116
-0.075346 0.065137 0.308866
-0.076979 0.065223 0.307026
-0.077779 0.065753 0.304768
-0.079404 0.065833 0.302950
-0.080201 0.066362 0.300699
-0.081819 0.066437 0.298905
-0.082613 0.066963 0.296662
-0.083407 0.067490 0.294418
-0.085014 0.067558 0.292654
-0.085805 0.068083 0.290418
-0.086596 0.068607 0.288183
-0.087388 0.069132 0.285947
-0.088981 0.069191 0.284221
-0.089770 0.069714 0.281993
-0.090559 0.070237 0.279764
-0.049212 0.046221 0.388621
-0.050009 0.046750 0.386370
-0.051728 0.046891 0.384287
-0.053442 0.047029 0.382219
-0.056068 0.046772 0.380349
-0.057768 0.046901 0.378319
-0.059463 0.047027 0.376305
-0.061309 0.047251 0.373865
-0.062087 0.047767 0.371668
-0.062865 0.048283 0.369470
-0.063643 0.048799 0.367272
-0.064421 0.049315 0.365074
-0.065199 0.049831 0.362876
-0.066869 0.049940 0.360931
-0.067644 0.050454 0.358741
-0.069307 0.050557 0.356819
-0.070079 0.051069 0.354636
-0.071734 0.051168 0.352737
-0.072504 0.051678 0.350562
-0.074150 0.051771 0.348685
-0.074917 0.052280 0.346517
-0.075684 0.052789 0.344350
-0.076452 0.053297 0.342182
-0.077219 0.053806 0.340015
-0.077986 0.054315 0.337847
-0.079614 0.054395 0.336023
-0.080378 0.054902 0.333864
-0.081143 0.055409 0.331704
-0.081907 0.055916 0.329544
-0.083521 0.055987 0.327758
-0.084283 0.056493 0.325605
-0.085045 0.056998 0.323453
-0.086649 0.057062 0.321698
-0.087408 0.057566 0.319553
-0.090291 0.057480 0.316954
-0.092328 0.057832 0.313975
-0.079011 0.065979 0.304439
-0.079808 0.066507 0.302188
-0.081427 0.066582 0.300389
-0.082221 0.067108 0.298146
-0.083015 0.067635 0.295902
-0.083809 0.068161 0.293659
-0.085414 0.068227 0.291897
-0.086206 0.068752 0.289662
-0.086997 0.069276 0.287426
-0.088592 0.069335 0.285695
-0.089381 0.069858 0.283466
-0.090169 0.070381 0.281238
-0.091753 0.070433 0.279537
-0.049297 0.046684 0.388759
-0.050094 0.047212 0.386508
-0.051813 0.047352 0.384425
-0.053526 0.047488 0.382357
-0.056151 0.047228 0.380486
-0.057852 0.047356 0.378456
-0.059546 0.047479 0.376440
-0.060327 0.047997 0.374235
-0.062014 0.048115 0.372242
-0.062947 0.048734 0.369605
-0.063725 0.049250 0.367407
-0.064503 0.049766 0.365209
-0.065281 0.050282 0.363012
-0.066952 0.050389 0.361066
-0.067727 0.050903 0.358876
-0.069389 0.051005 0.356953
-0.071046 0.051104 0.355045
-0.071816 0.051614 0.352870
-0.073464 0.051707 0.350985
-0.074231 0.052216 0.348818
-0.074999 0.052725 0.346651
-0.075766 0.053234 0.344483
-0.076533 0.053742 0.342316
-0.077300 0.054251 0.340148
-0.078930 0.054332 0.338316
-0.079695 0.054839 0.336156
-0.080460 0.055346 0.333996
-0.082079 0.055419 0.332195
-0.082841 0.055924 0.330043
-0.083602 0.056429 0.327890
-0.084364 0.056935 0.325738
-0.085126 0.057440 0.323586
-0.086729 0.057503 0.321829
-0.088327 0.057562 0.320089
-0.090221 0.057818 0.317511
-0.090975 0.058318 0.315381
-0.092558 0.058367 0.313681
-0.093309 0.058865 0.311559
-0.094060 0.059363 0.309437
-0.081670 0.067148 0.300078
-0.082464 0.067674 0.297835
-0.083258 0.068201 0.295592
-0.084865 0.068266 0.293823
-0.085657 0.068791 0.291588
-0.086448 0.069316 0.289352
-0.087240 0.069840 0.287116
-0.088834 0.069897 0.285386
-0.089622 0.070420 0.283158
-0.091208 0.070472 0.281450
-0.091994 0.070993 0.279230
-0.093572 0.071039 0.277545
-0.049860 0.047463 0.387547
-0.051580 0.047602 0.385460
-0.053294 0.047737 0.383388
-0.055003 0.047869 0.381332
-0.056707 0.047997 0.379290
-0.058405 0.048122 0.377264
-0.060098 0.048243 0.375253
-0.060879 0.048760 0.373047
-0.062719 0.048979 0.370619
-0.063497 0.049495 0.368422
-0.064275 0.050011 0.366224
-0.065053 0.050527 0.364026
-0.066724 0.050633 0.362077
-0.067499 0.051147 0.359887
-0.069162 0.051249 0.357960
-0.069935 0.051761 0.355778
-0.071589 0.051857 0.353874
-0.073239 0.051949 0.351986
-0.074006 0.052458 0.349818
-0.075648 0.052545 0.347953
-0.075541 0.053475 0.345483
-0.076308 0.053984 0.343316
-0.077941 0.054065 0.341473
-0.078706 0.054572 0.339313
-0.079470 0.055079 0.337153
-0.081093 0.055154 0.335340
-0.081855 0.055659 0.333188
-0.082617 0.056164 0.331036
-0.083379 0.056669 0.328884
-0.084988 0.056735 0.327109
-0.085747 0.057238 0.324964
-0.087348 0.057299 0.323212
-0.088105 0.057800 0.321075
-0.089698 0.057855 0.319346
-0.090452 0.058355 0.317216
-0.092037 0.058405 0.315509
-0.092788 0.058903 0.313387
-0.093539 0.059401 0.311265
-0.094290 0.059899 0.309143
-0.095041 0.060397 0.307021
-0.082707 0.068240 0.297524
-0.083501 0.068766 0.295281
-0.085108 0.068830 0.293514
-0.085899 0.069355 0.291278
-0.086691 0.069880 0.289042
-0.088286 0.069936 0.287306
-0.089075 0.070459 0.285077
-0.090663 0.070511 0.283363
-0.091449 0.071032 0.281143
-0.092235 0.071553 0.278922
-0.049307 0.047502 0.389486
-0.050104 0.048031 0.387236
-0.051823 0.048168 0.385150
-0.053536 0.048301 0.383079
-0.055245 0.048431 0.381023
-0.057862 0.048161 0.379170
-0.058645 0.048680 0.376957
-0.060337 0.048799 0.374947
-0.061118 0.049317 0.372742
-0.062957 0.049534 0.370315
-0.063735 0.050050 0.368117
-0.064513 0.050565 0.365919
-0.065291 0.051081 0.363722
-0.066961 0.051186 0.361774
-0.067737 0.051700 0.359583
-0.069399 0.051799 0.357658
-0.071055 0.051895 0.355748
-0.071825 0.052405 0.353573
-0.073474 0.052496 0.351686
-0.075117 0.052583 0.349813
-0.075882 0.053090 0.347654
-0.076646 0.053597 0.345494
-0.077411 0.054103 0.343334
-0.078176 0.054610 0.341174
-0.078940 0.055117 0.339014
-0.080565 0.055192 0.337195
-0.081326 0.055697 0.335042
-0.082088 0.056202 0.332890
-0.082850 0.056707 0.330738
-0.084461 0.056773 0.328957
-0.085221 0.057276 0.326812
-0.086824 0.057336 0.325053
-0.087580 0.057838 0.322916
-0.089175 0.057893 0.321180
-0.089929 0.058392 0.319051
-0.090683 0.058892 0.316921
-0.092267 0.058940 0.315216
-0.093018 0.059438 0.313094
-0.093769 0.059936 0.310972
-0.094520 0.060434 0.308850
-0.095272 0.060932 0.306728
-0.096023 0.061430 0.304606
-0.083903 0.069438 0.294522
-0.099297 0.061596 0.300895
-0.086300 0.070024 0.290521
-0.087091 0.070549 0.288286
-0.088686 0.070603 0.286551
-0.090275 0.070654 0.284832
-0.091061 0.071175 0.282612
-0.091847 0.071696 0.280391
-0.093425 0.071740 0.278702
-0.049711 0.048176 0.388725
-0.050507 0.048704 0.386474
-0.052225 0.048839 0.384390
-0.053937 0.048970 0.382322
-0.056559 0.048700 0.380452
-0.058258 0.048823 0.378421
-0.059042 0.049342 0.376208
-0.060732 0.049459 0.374201
-0.061513 0.049977 0.371995
-0.063351 0.050191 0.369571
-0.064129 0.050707 0.367373
-0.064907 0.051223 0.365176
-0.065685 0.051739 0.362978
-0.067354 0.051841 0.361032
-0.069017 0.051940 0.359102
-0.069790 0.052452 0.356919
-0.071445 0.052546 0.355012
-0.073095 0.052636 0.353119
-0.073862 0.053144 0.350952
-0.075504 0.053229 0.349082
-0.076269 0.053736 0.346922
-0.077034 0.054243 0.344763
-0.077798 0.054750 0.342603
-0.078563 0.055257 0.340443
-0.080188 0.055331 0.338619
-0.080950 0.055836 0.336466
-0.082568 0.055904 0.334665
-0.083327 0.056408 0.332520
-0.084087 0.056911 0.330375
-0.084846 0.057414 0.328231
-0.086450 0.057474 0.326467
-0.087207 0.057976 0.324330
-0.088803 0.058030 0.322589
-0.089557 0.058530 0.320459
-0.090311 0.059030 0.318330
-0.091896 0.059077 0.316619
-0.092647 0.059575 0.314497
-0.094225 0.059617 0.312810
-0.094150 0.060571 0.310253
-0.094901 0.061069 0.308131
-0.096470 0.061105 0.306466
-0.097219 0.061602 0.304352
-0.097967 0.062098 0.302237
-0.099526 0.062127 0.300603
-0.099464 0.063090 0.298009
-0.087334 0.071113 0.287976
-0.088927 0.071165 0.286243
-0.090516 0.071214 0.284525
-0.091302 0.071735 0.282304
-0.092882 0.071779 0.280609
-0.093665 0.072298 0.278396
-0.049955 0.048744 0.388413
-0.050751 0.049272 0.386162
-0.053388 0.049009 0.384248
-0.055097 0.049137 0.382189
-0.056800 0.049261 0.380144
-0.058498 0.049381 0.378115
-0.059282 0.049900 0.375902
-0.060971 0.050015 0.373895
-0.061752 0.050533 0.371690
-0.063590 0.050746 0.369267
-0.064368 0.051262 0.367069
-0.065146 0.051778 0.364871
-0.066816 0.051880 0.362919
-0.067591 0.052394 0.360729
-0.069254 0.052491 0.358800
-0.070027 0.053003 0.356617
-0.071681 0.053094 0.354711
-0.073330 0.053182 0.352819
-0.074974 0.053267 0.350943
-0.075739 0.053774 0.348783
-0.076503 0.054281 0.346623
-0.077268 0.054788 0.344463
-0.078032 0.055295 0.342304
-0.079660 0.055368 0.340473
-0.080422 0.055874 0.338320
-0.082042 0.055942 0.336513
-0.082801 0.056445 0.334368
-0.083560 0.056949 0.332223
-0.084319 0.057452 0.330078
-0.085925 0.057512 0.328308
-0.086682 0.058013 0.326171
-0.088280 0.058067 0.324424
-0.089034 0.058567 0.322294
-0.090624 0.058616 0.320570
-0.091375 0.059114 0.318448
-0.092126 0.059612 0.316326
-0.092877 0.060110 0.314204
-0.094454 0.060150 0.312517
-0.095203 0.060646 0.310402
-0.095951 0.061143 0.308288
-0.096700 0.061639 0.306174
-0.097448 0.062135 0.304059
-0.098196 0.062631 0.301945
-0.099754 0.062659 0.300311
-0.100500 0.063153 0.298204
-0.101246 0.063648 0.296097
-0.089970 0.071253 0.286438
-0.090756 0.071774 0.284217
-0.092339 0.071818 0.282515
-0.093122 0.072337 0.280302
-0.093905 0.072857 0.278089
-0.050199 0.049311 0.388101
-0.051917 0.049444 0.386012
-0.053631 0.049573 0.383939
-0.055338 0.049699 0.381880
-0.057041 0.049821 0.379837
-0.058738 0.049939 0.377808
-0.059522 0.050459 0.375596
-0.061211 0.050572 0.373590
-0.061991 0.051089 0.371385
-0.062928 0.051710 0.368738
-0.064606 0.051816 0.366765
-0.065384 0.052332 0.364567
-0.067054 0.052432 0.362616
-0.067829 0.052946 0.360426
-0.069491 0.053041 0.358497
-0.070263 0.053554 0.356315
-0.071917 0.053643 0.354409
-0.073565 0.053729 0.352519
-0.075208 0.053812 0.350644
-0.075973 0.054319 0.348484
-0.076737 0.054826 0.346324
-0.077502 0.055333 0.344164
-0.079132 0.055406 0.342327
-0.079893 0.055911 0.340175
-0.080655 0.056417 0.338022
-0.082274 0.056483 0.336216
-0.083033 0.056986 0.334071
-0.083792 0.057490 0.331926
-0.085401 0.057549 0.330149
-0.086157 0.058051 0.328012
-0.087757 0.058105 0.326258
-0.088511 0.058605 0.324129
-0.090103 0.058653 0.322398
-0.090854 0.059151 0.320276
-0.091605 0.059649 0.318154
-0.092356 0.060147 0.316032
-0.093935 0.060187 0.314338
-0.094683 0.060684 0.312224
-0.095432 0.061180 0.310110
-0.096180 0.061676 0.307995
-0.096929 0.062172 0.305881
-0.097677 0.062669 0.303766
-0.099237 0.062696 0.302126
-0.099983 0.063190 0.300019
-0.100729 0.063685 0.297912
-0.101474 0.064179 0.295806
-0.102220 0.064674 0.293699
-0.103764 0.064691 0.292104
-0.104507 0.065183 0.290005
-0.093362 0.072896 0.279996
-0.048720 0.049745 0.389892
-0.049519 0.050275 0.387634
-0.052161 0.050010 0.385702
-0.053873 0.050137 0.383629
-0.055580 0.050261 0.381572
-0.057282 0.050381 0.379529
-0.058978 0.050498 0.377502
-0.059761 0.051017 0.375289
-0.061450 0.051128 0.373285
-0.062230 0.051646 0.371079
-0.063167 0.052267 0.368433
-0.064844 0.052371 0.366460
-0.065622 0.052886 0.364262
-0.067291 0.052985 0.362313
-0.068066 0.053499 0.360122
-0.069727 0.053592 0.358195
-0.071383 0.053681 0.356283
-0.072153 0.054192 0.354108
-0.073800 0.054276 0.352219
-0.075442 0.054357 0.350345
-0.076207 0.054864 0.348185
-0.076972 0.055371 0.346025
-0.077736 0.055877 0.343865
-0.079365 0.055949 0.342029
-0.080127 0.056454 0.339877
-0.081747 0.056521 0.338063
-0.082507 0.057024 0.335919
-0.083266 0.057527 0.333774
-0.084025 0.058031 0.331629
-0.085632 0.058088 0.329853
-0.087234 0.058142 0.328093
-0.087988 0.058642 0.325963
-0.089582 0.058691 0.324226
-0.090333 0.059189 0.322104
-0.091084 0.059687 0.319982
-0.091835 0.060185 0.317860
-0.093416 0.060224 0.316160
-0.094164 0.060721 0.314046
-0.094913 0.061217 0.311931
-0.095661 0.061713 0.309817
-0.096410 0.062209 0.307702
-0.097158 0.062706 0.305588
-0.097907 0.063202 0.303473
-0.099466 0.063227 0.301834
-0.100211 0.063722 0.299727
-0.100957 0.064216 0.297621
-0.101703 0.064711 0.295514
-0.103248 0.064727 0.293913
-0.103992 0.065220 0.291813
-0.104735 0.065713 0.289714
-0.106270 0.065722 0.288143
-0.048039 0.050710 0.389431
-0.049764 0.050845 0.387321
-0.052404 0.050576 0.385391
-0.054115 0.050701 0.383319
-0.055822 0.050823 0.381263
-0.057523 0.050941 0.379222
-0.059218 0.051056 0.377196
-0.060001 0.051575 0.374983
-0.061689 0.051684 0.372979
-0.062470 0.052202 0.370774
-0.063406 0.052823 0.368127
-0.065083 0.052925 0.366156
-0.065861 0.053441 0.363958
-0.067529 0.053537 0.362009
-0.068304 0.054051 0.359819
-0.069964 0.054143 0.357893
-0.071619 0.054230 0.355982
-0.072389 0.054741 0.353807
-0.074035 0.054823 0.351919
-0.075677 0.054902 0.350046
-0.076441 0.055409 0.347886
-0.077206 0.055915 0.345726
-0.077970 0.056422 0.343566
-0.079598 0.056492 0.341731
-0.080360 0.056997 0.339579
-0.081980 0.057062 0.337766
-0.082739 0.057565 0.335621
-0.083498 0.058069 0.333477
-0.085108 0.058126 0.331695
-0.085864 0.058627 0.329558
-0.087465 0.058680 0.327798
-0.089061 0.058728 0.326054
-0.089812 0.059226 0.323932
-0.090563 0.059724 0.321810
-0.091314 0.060222 0.319688
-0.092065 0.060720 0.317566
-0.093645 0.060758 0.315867
-0.094394 0.061254 0.313753
-0.095142 0.061750 0.311638
-0.095890 0.062247 0.309524
-0.096639 0.062743 0.307409
-0.097387 0.063239 0.305295
-0.098948 0.063264 0.303649
-0.099694 0.063759 0.301543
-0.100440 0.064253 0.299436
-0.101186 0.064748 0.297329
-0.101931 0.065242 0.295222
-0.103476 0.065257 0.293622
-0.104219 0.065750 0.291523
-0.105756 0.065759 0.289945
-0.106496 0.066250 0.287853
-0.107237 0.066741 0.285762
-0.047199 0.051573 0.389422
-0.049849 0.051308 0.387460
-0.051568 0.051438 0.385365
-0.053282 0.051563 0.383286
-0.055906 0.051281 0.381400
-0.057606 0.051397 0.379358
-0.058392 0.051918 0.377138
-0.060085 0.052030 0.375119
-0.060868 0.052549 0.372906
-0.062709 0.052758 0.370468
-0.063489 0.053276 0.368263
-0.065165 0.053376 0.366291
-0.065943 0.053892 0.364093
-0.067611 0.053987 0.362144
-0.068386 0.054501 0.359954
-0.070046 0.054591 0.358027
-0.071701 0.054677 0.356116
-0.072471 0.055187 0.353941
-0.074117 0.055268 0.352052
-0.075758 0.055345 0.350179
-0.076523 0.055852 0.348019
-0.077287 0.056359 0.345859
-0.078052 0.056866 0.343699
-0.079679 0.056934 0.341863
-0.080441 0.057439 0.339711
-0.082061 0.057502 0.337898
-0.082820 0.058006 0.335753
-0.083579 0.058509 0.333609
-0.085188 0.058565 0.331826
-0.085945 0.059066 0.329689
-0.087545 0.059117 0.327929
-0.089141 0.059164 0.326185
-0.089892 0.059662 0.324063
-0.090643 0.060160 0.321940
-0.091394 0.060658 0.319818
-0.092976 0.060696 0.318112
-0.093725 0.061192 0.315997
-0.094473 0.061688 0.313883
-0.095222 0.062185 0.311768
-0.095970 0.062681 0.309654
-0.096719 0.063177 0.307540
-0.097467 0.063673 0.305425
-0.099028 0.063697 0.303779
-0.099773 0.064192 0.301672
-0.100519 0.064686 0.299565
-0.101265 0.065181 0.297458
-0.102011 0.065675 0.295352
-0.103555 0.065688 0.293751
-0.104298 0.066181 0.291652
-0.105835 0.066189 0.290074
-0.106575 0.066680 0.287982
-0.107315 0.067170 0.285890
-0.048851 0.052067 0.387897
-0.050574 0.052196 0.385792
-0.052291 0.052322 0.383703
-0.054917 0.052039 0.381806
-0.057533 0.051749 0.379939
-0.058319 0.052270 0.377718
-0.060011 0.052380 0.375697
-0.060795 0.052899 0.373485
-0.061735 0.053523 0.370829
-0.063416 0.053625 0.368840
-0.065092 0.053724 0.366866
-0.065870 0.054240 0.364668
-0.067539 0.054334 0.362717
-0.068314 0.054848 0.360527
-0.069974 0.054936 0.358598
-0.071629 0.055021 0.356685
-0.072398 0.055532 0.354510
-0.074045 0.055611 0.352619
-0.075686 0.055687 0.350744
-0.076451 0.056194 0.348584
-0.077216 0.056701 0.346424
-0.077980 0.057208 0.344264
-0.078745 0.057715 0.342104
-0.080370 0.057780 0.340274
-0.081990 0.057842 0.338459
-0.082749 0.058345 0.336314
-0.083508 0.058849 0.334170
-0.085117 0.058903 0.332385
-0.085874 0.059405 0.330248
-0.087475 0.059454 0.328486
-0.089070 0.059500 0.326739
-0.089822 0.059998 0.324617
-0.090573 0.060496 0.322495
-0.091324 0.060994 0.320373
-0.092906 0.061031 0.318665
-0.093655 0.061527 0.316550
-0.094403 0.062023 0.314436
-0.095152 0.062519 0.312321
-0.095900 0.063016 0.310207
-0.096648 0.063512 0.308093
-0.097397 0.064008 0.305978
-0.098958 0.064031 0.304330
-0.099703 0.064525 0.302223
-0.100449 0.065020 0.300116
-0.101195 0.065514 0.298009
-0.101941 0.066009 0.295903
-0.103486 0.066021 0.294300
-0.104229 0.066513 0.292201
-0.105765 0.066520 0.290621
-0.106506 0.067011 0.288529
-0.108034 0.067012 0.286972
-0.107987 0.067993 0.284346
-0.052216 0.052679 0.384292
-0.054843 0.052393 0.382391
-0.056547 0.052509 0.380337
-0.058245 0.052622 0.378299
-0.059031 0.053143 0.376079
-0.060721 0.053250 0.374063
-0.061661 0.053873 0.371408
-0.063343 0.053975 0.369417
-0.064124 0.054492 0.367211
-0.065798 0.054588 0.365243
-0.066576 0.055104 0.363045
-0.068241 0.055195 0.361099
-0.069902 0.055282 0.359169
-0.070674 0.055794 0.356986
-0.072326 0.055876 0.355078
-0.073973 0.055955 0.353186
-0.075615 0.056029 0.351308
-0.076379 0.056536 0.349148
-0.077144 0.057043 0.346989
-0.077908 0.057550 0.344829
-0.078673 0.058057 0.342669
-0.080298 0.058121 0.340837
-0.081060 0.058626 0.338684
-0.082678 0.058685 0.336875
-0.083437 0.059188 0.334730
-0.085046 0.059242 0.332944
-0.085803 0.059743 0.330807
-0.087404 0.059791 0.329043
-0.089000 0.059836 0.327294
-0.089751 0.060334 0.325172
-0.090502 0.060832 0.323050
-0.091253 0.061330 0.320928
-0.092836 0.061366 0.319218
-0.093584 0.061862 0.317103
-0.094333 0.062358 0.314989
-0.095081 0.062854 0.312874
-0.095830 0.063351 0.310760
-0.096578 0.063847 0.308645
-0.097327 0.064343 0.306531
-0.098888 0.064365 0.304881
-0.099634 0.064859 0.302774
-0.100379 0.065353 0.300667
-0.101125 0.065848 0.298560
-0.101871 0.066342 0.296454
-0.103416 0.066353 0.294849
-0.104159 0.066846 0.292750
-0.105696 0.066851 0.291168
-0.106436 0.067342 0.289076
-0.107965 0.067342 0.287517
-0.108703 0.067831 0.285433
-0.054171 0.053366 0.381905
-0.056788 0.053071 0.380029
-0.058486 0.053182 0.377992
-0.059272 0.053703 0.375771
-0.060961 0.053808 0.373757
-0.061745 0.054328 0.371544
-0.062528 0.054847 0.369331
-0.064363 0.055049 0.366906
-0.066036 0.055143 0.364938
-0.066814 0.055659 0.362741
-0.068479 0.055747 0.360796
-0.070138 0.055833 0.358867
-0.071792 0.055915 0.356952
-0.072562 0.056425 0.354777
-0.074208 0.056501 0.352886
-0.074976 0.057010 0.350718
-0.076614 0.057081 0.348849
-0.077378 0.057588 0.346689
-0.078143 0.058095 0.344530
-0.078907 0.058602 0.342370
-0.080532 0.058664 0.340539
-0.081294 0.059169 0.338386
-0.082910 0.059226 0.336578
-0.083670 0.059729 0.334433
-0.085278 0.059781 0.332648
-0.086035 0.060283 0.330511
-0.087635 0.060329 0.328748
-0.089230 0.060371 0.327001
-0.089981 0.060869 0.324879
-0.090732 0.061367 0.322757
-0.091484 0.061865 0.320635
-0.093065 0.061899 0.318925
-0.093814 0.062395 0.316810
-0.094562 0.062892 0.314696
-0.095311 0.063388 0.312582
-0.096059 0.063884 0.310467
-0.096808 0.064380 0.308353
-0.098371 0.064402 0.306696
-0.099116 0.064896 0.304589
-0.099862 0.065391 0.302482
-0.100608 0.065885 0.300375
-0.101354 0.066379 0.298269
-0.102099 0.066874 0.296162
-0.103644 0.066883 0.294558
-0.104387 0.067375 0.292459
-0.105923 0.067379 0.290878
-0.107454 0.067379 0.289312
-0.108191 0.067868 0.287228
-0.108929 0.068357 0.285144
-0.057188 0.053738 0.379275
-0.058884 0.053846 0.377240
-0.059670 0.054367 0.375020
-0.061358 0.054470 0.373008
-0.062141 0.054990 0.370795
-0.062925 0.055509 0.368582
-0.064602 0.055605 0.366600
-0.066274 0.055697 0.364634
-0.067052 0.056213 0.362436
-0.068871 0.056403 0.360055
-0.070529 0.056486 0.358128
-0.072182 0.056565 0.356216
-0.072952 0.057076 0.354041
-0.074597 0.057150 0.352152
-0.075364 0.057659 0.349985
-0.077001 0.057727 0.348118
-0.077765 0.058234 0.345958
-0.078530 0.058741 0.343798
-0.079294 0.059248 0.341639
-0.080918 0.059308 0.339810
-0.081680 0.059813 0.337658
-0.083295 0.059868 0.335852
-0.084054 0.060371 0.333707
-0.085661 0.060420 0.331925
-0.086418 0.060922 0.329787
-0.088017 0.060966 0.328027
-0.089610 0.061006 0.326282
-0.090362 0.061504 0.324160
-0.091113 0.062002 0.322038
-0.092696 0.062035 0.320324
-0.093444 0.062532 0.318209
-0.094193 0.063028 0.316095
-0.094941 0.063524 0.313980
-0.095690 0.064020 0.311866
-0.096438 0.064517 0.309751
-0.098002 0.064538 0.308090
-0.098748 0.065032 0.305983
-0.099494 0.065526 0.303876
-0.100240 0.066021 0.301769
-0.100986 0.066515 0.299662
-0.101731 0.067010 0.297556
-0.103277 0.067018 0.295947
-0.104020 0.067511 0.293848
-0.105557 0.067514 0.292262
-0.107089 0.067513 0.290691
-0.107827 0.068002 0.288607
-0.108565 0.068492 0.286523
-0.059596 0.054719 0.375600
-0.061285 0.054821 0.373586
-0.062068 0.055340 0.371374
-0.062851 0.055860 0.369161
-0.064529 0.055954 0.367177
-0.065310 0.056472 0.364972
-0.066979 0.056561 0.363011
-0.068644 0.056647 0.361066
-0.070303 0.056729 0.359135
-0.071956 0.056808 0.357220
-0.072726 0.057318 0.355045
-0.074371 0.057392 0.353152
-0.075139 0.057900 0.350985
-0.076059 0.058511 0.348384
-0.077694 0.058576 0.346523
-0.078458 0.059083 0.344363
-0.079223 0.059590 0.342203
-0.080846 0.059649 0.340373
-0.081608 0.060154 0.338221
-0.083224 0.060208 0.336413
-0.083983 0.060711 0.334268
-0.085590 0.060759 0.332484
-0.086347 0.061261 0.330346
-0.087946 0.061303 0.328584
-0.089540 0.061342 0.326837
-0.090291 0.061840 0.324715
-0.091042 0.062338 0.322593
-0.091794 0.062836 0.320471
-0.093374 0.062867 0.318762
-0.094123 0.063363 0.316648
-0.094871 0.063859 0.314533
-0.095620 0.064355 0.312419
-0.096368 0.064852 0.310304
-0.097117 0.065348 0.308190
-0.098678 0.065366 0.306534
-0.099424 0.065860 0.304427
-0.100170 0.066355 0.302320
-0.100916 0.066849 0.300213
-0.101661 0.067344 0.298106
-0.103207 0.067351 0.296496
-0.103950 0.067843 0.294397
-0.105488 0.067845 0.292809
-0.107020 0.067843 0.291236
-0.107758 0.068333 0.289152
-0.108496 0.068822 0.287068
-0.061681 0.055483 0.372837
-0.062465 0.056002 0.370624
-0.063248 0.056522 0.368412
-0.064924 0.056614 0.366431
-0.066595 0.056703 0.364465
-0.067373 0.057219 0.362267
-0.069036 0.057302 0.360324
-0.070694 0.057382 0.358396
-0.072346 0.057459 0.356484
-0.073116 0.057969 0.354309
-0.074760 0.058040 0.352419
-0.075527 0.058549 0.350251
-0.076294 0.059057 0.348084
-0.077062 0.059566 0.345916
-0.078692 0.059628 0.344064
-0.079457 0.060135 0.341904
-0.081080 0.060192 0.340075
-0.081842 0.060697 0.337923
-0.083456 0.060749 0.336116
-0.084367 0.061353 0.333542
-0.085973 0.061398 0.331760
-0.086730 0.061900 0.329623
-0.088328 0.061940 0.327863
-0.089920 0.061977 0.326119
-0.090672 0.062475 0.323997
-0.091423 0.062973 0.321875
-0.092174 0.063471 0.319753
-0.093753 0.063499 0.318046
-0.094502 0.063996 0.315932
-0.095250 0.064492 0.313818
-0.095999 0.064988 0.311703
-0.096747 0.065484 0.309589
-0.098310 0.065502 0.307928
-0.099056 0.065996 0.305821
-0.099802 0.066491 0.303714
-0.100548 0.066985 0.301607
-0.101293 0.067480 0.299500
-0.102039 0.067974 0.297393
-0.103583 0.067979 0.295785
-0.104327 0.068472 0.293686
-0.105863 0.068471 0.292101
-0.107394 0.068467 0.290531
-0.108132 0.068956 0.288447
-0.108869 0.069445 0.286362
-0.065007 0.057067 0.366566
-0.065788 0.057585 0.364361
-0.067456 0.057670 0.362402
-0.068234 0.058186 0.360205
-0.070776 0.057830 0.358531
-0.071548 0.058343 0.356348
-0.073198 0.058416 0.354442
-0.073968 0.058926 0.352267
-0.075609 0.058994 0.350385
-0.076376 0.059503 0.348217
-0.077143 0.060011 0.346050
-0.078774 0.060072 0.344197
-0.079538 0.060579 0.342037
-0.081161 0.060634 0.340207
-0.081923 0.061139 0.338055
-0.083537 0.061189 0.336248
-0.084296 0.061692 0.334103
-0.085902 0.061737 0.332319
-0.086659 0.062238 0.330182
-0.088257 0.062278 0.328420
-0.089011 0.062778 0.326291
-0.090601 0.062811 0.324552
-0.091352 0.063309 0.322430
-0.092104 0.063807 0.320308
-0.093683 0.063834 0.318599
-0.094432 0.064330 0.316485
-0.095330 0.064926 0.313948
-0.096078 0.065422 0.311833
-0.096827 0.065918 0.309719
-0.097575 0.066415 0.307604
-0.099135 0.066429 0.305950
-0.099881 0.066923 0.303844
-0.100627 0.067418 0.301737
-0.101373 0.067912 0.299630
-0.102118 0.068407 0.297523
-0.103662 0.068410 0.295914
-0.104406 0.068903 0.293815
-0.105942 0.068901 0.292229
-0.107472 0.068895 0.290659
-0.108210 0.069384 0.288575
-0.108948 0.069873 0.286491
-0.067850 0.058328 0.361658
-0.068628 0.058844 0.359461
-0.071167 0.058483 0.357792
-0.071940 0.058996 0.355609
-0.073588 0.059066 0.353706
-0.074357 0.059577 0.351531
-0.075127 0.060087 0.349356
-0.076765 0.060151 0.347483
-0.077532 0.060660 0.345316
-0.079161 0.060718 0.343466
-0.079925 0.061225 0.341306
-0.081547 0.061278 0.339479
-0.082308 0.061783 0.337327
-0.083921 0.061831 0.335522
-0.084681 0.062334 0.333377
-0.086286 0.062376 0.331596
-0.087042 0.062878 0.329458
-0.088639 0.062915 0.327699
-0.089393 0.063415 0.325570
-0.090982 0.063446 0.323834
-0.091733 0.063944 0.321712
-0.092484 0.064442 0.319590
-0.094062 0.064467 0.317884
-0.094811 0.064963 0.315769
-0.095559 0.065459 0.313655
-0.096307 0.065956 0.311540
-0.097056 0.066452 0.309426
-0.097804 0.066948 0.307311
-0.099364 0.066960 0.305659
-0.100110 0.067455 0.303552
-0.100855 0.067949 0.301445
-0.101601 0.068444 0.299338
-0.102347 0.068938 0.297231
-0.103890 0.068939 0.295624
-0.104633 0.069432 0.293525
-0.106168 0.069428 0.291940
-0.107846 0.069519 0.289953
-0.108584 0.070008 0.287869
-0.069904 0.059063 0.358976
-0.071558 0.059137 0.357053
-0.072331 0.059649 0.354870
-0.073104 0.060161 0.352688
-0.074747 0.060228 0.350795
-0.075517 0.060738 0.348620
-0.076287 0.061249 0.346445
-0.077920 0.061308 0.344582
-0.079548 0.061364 0.342735
-0.080313 0.061871 0.340575
-0.081932 0.061922 0.338750
-0.082694 0.062427 0.336598
-0.084306 0.062472 0.334796
-0.085912 0.062514 0.333009
-0.086669 0.063016 0.330872
-0.088267 0.063052 0.329108
-0.089021 0.063552 0.326979
-0.089774 0.064052 0.324849
-0.091362 0.064081 0.323115
-0.092113 0.064579 0.320993
-0.092864 0.065077 0.318871
-0.093615 0.065575 0.316749
-0.095189 0.065596 0.315054
-0.095938 0.066092 0.312939
-0.096686 0.066588 0.310825
-0.097435 0.067085 0.308710
-0.098183 0.067581 0.306596
-0.099741 0.067591 0.304945
-0.100487 0.068085 0.302839
-0.101233 0.068580 0.300732
-0.101979 0.069074 0.298625
-0.103523 0.069075 0.297012
-0.104266 0.069568 0.294913
-0.105803 0.069563 0.293324
-0.107334 0.069555 0.291749
-0.108072 0.070044 0.289665
-0.108810 0.070533 0.287581
-0.072877 0.060404 0.353695
-0.073649 0.060917 0.351512
-0.074422 0.061429 0.349330
-0.076061 0.061491 0.347449
-0.076831 0.062002 0.345274
-0.078462 0.062059 0.343415
-0.080088 0.062112 0.341572
-0.080853 0.062619 0.339412
-0.082470 0.062667 0.337591
-0.083232 0.063172 0.335439
-0.084842 0.063215 0.333641
-0.086446 0.063254 0.331859
-0.087354 0.063856 0.329294
-0.088950 0.063889 0.327536
-0.089704 0.064389 0.325406
-0.091292 0.064417 0.323670
-0.092043 0.064915 0.321548
-0.092794 0.065413 0.319426
-0.093545 0.065911 0.317304
-0.094296 0.066410 0.315182
-0.095868 0.066427 0.313492
-0.096616 0.066923 0.311378
-0.097365 0.067419 0.309263
-0.098113 0.067916 0.307149
-0.099672 0.067924 0.305496
-0.100417 0.068419 0.303390
-0.101163 0.068913 0.301283
-0.101909 0.069408 0.299176
-0.103454 0.069407 0.297561
-0.104197 0.069900 0.295462
-0.105734 0.069894 0.293871
-0.106474 0.070385 0.291779
-0.108003 0.070374 0.290210
-0.108740 0.070864 0.288126
-0.074350 0.061775 0.349901
-0.075989 0.061836 0.348017
-0.076759 0.062346 0.345842
-0.078390 0.062402 0.343982
-0.079158 0.062911 0.341814
-0.080781 0.062961 0.339977
-0.082399 0.063008 0.338154
-0.083161 0.063513 0.336002
-0.084771 0.063555 0.334202
-0.085530 0.064058 0.332057
-0.087132 0.064094 0.330280
-0.088729 0.064127 0.328518
-0.089483 0.064627 0.326389
-0.090236 0.065126 0.324259
-0.091822 0.065152 0.322528
-0.092573 0.065650 0.320406
-0.093324 0.066148 0.318284
-0.094076 0.066646 0.316162
-0.094827 0.067144 0.314040
-0.096397 0.067159 0.312353
-0.097145 0.067655 0.310239
-0.097893 0.068151 0.308125
-0.098642 0.068648 0.306010
-0.100198 0.068654 0.304362
-0.100944 0.069148 0.302255
-0.101690 0.069643 0.300148
-0.102436 0.070137 0.298041
-0.103979 0.070134 0.296431
-0.104722 0.070627 0.294332
-0.106405 0.070717 0.292326
-0.107934 0.070705 0.290755
-0.108671 0.071194 0.288671
-0.109409 0.071683 0.286587
-0.077611 0.063303 0.343801
-0.079239 0.063356 0.341948
-0.080862 0.063405 0.340110
-0.081627 0.063911 0.337950
-0.083242 0.063955 0.336134
-0.084004 0.064460 0.333982
-0.085611 0.064498 0.332189
-0.087213 0.064533 0.330412
-0.087969 0.065035 0.328275
-0.089563 0.065064 0.326520
-0.090317 0.065564 0.324390
-0.091902 0.065588 0.322658
-0.092653 0.066086 0.320536
-0.093404 0.066584 0.318414
-0.094156 0.067082 0.316292
-0.094907 0.067580 0.314170
-0.096476 0.067593 0.312484
-0.097225 0.068089 0.310369
-0.097973 0.068586 0.308255
-0.098722 0.069082 0.306140
-0.100278 0.069086 0.304492
-0.101023 0.069581 0.302385
-0.101769 0.070075 0.300278
-0.102515 0.070570 0.298171
-0.104058 0.070565 0.296560
-0.104801 0.071058 0.294461
-0.106335 0.071048 0.292873
-0.107865 0.071035 0.291300
-0.108602 0.071524 0.289216
-0.109340 0.072013 0.287132
-0.079628 0.064004 0.341214
-0.081249 0.064051 0.339379
-0.082014 0.064558 0.337219
-0.083628 0.064599 0.335406
-0.084390 0.065104 0.333253
-0.085995 0.065140 0.331463
-0.087596 0.065172 0.329688
-0.088352 0.065674 0.327551
-0.089944 0.065701 0.325799
-0.090698 0.066201 0.323669
-0.092282 0.066223 0.321940
-0.093034 0.066721 0.319818
-0.093785 0.067219 0.317696
-0.094536 0.067717 0.315574
-0.095287 0.068215 0.313452
-0.096855 0.068226 0.311768
-0.097753 0.068821 0.309231
-0.098502 0.069318 0.307116
-0.099250 0.069814 0.305002
-0.100804 0.069816 0.303357
-0.101550 0.070310 0.301250
-0.102296 0.070804 0.299143
-0.103839 0.070799 0.297529
-0.104582 0.071292 0.295430
-0.105326 0.071785 0.293330
-0.106858 0.071772 0.291747
-0.108386 0.071756 0.290178
-0.109123 0.072245 0.288094
-0.082095 0.065001 0.337352
-0.083709 0.065041 0.335538
-0.084471 0.065546 0.333386
-0.086076 0.065580 0.331595
-0.086835 0.066084 0.329451
-0.088433 0.066113 0.327683
-0.089189 0.066614 0.325546
-0.090778 0.066638 0.323800
-0.091532 0.067138 0.321671
-0.093113 0.067156 0.319948
-0.093865 0.067654 0.317826
-0.094616 0.068152 0.315704
-0.095367 0.068650 0.313582
-0.096118 0.069148 0.311460
-0.097683 0.069156 0.309783
-0.098432 0.069652 0.307669
-0.099180 0.070149 0.305555
-0.100735 0.070149 0.303908
-0.101480 0.070644 0.301801
-0.102226 0.071138 0.299694
-0.102972 0.071633 0.297587
-0.104513 0.071624 0.295979
-0.105256 0.072117 0.293879
-0.106789 0.072103 0.292294
-0.107529 0.072594 0.290202
-0.109054 0.072575 0.288639
-0.084399 0.065887 0.333949
-0.085161 0.066392 0.331796
-0.086764 0.066424 0.330011
-0.087523 0.066927 0.327867
-0.089118 0.066953 0.326104
-0.090708 0.066975 0.324357
-0.091462 0.067475 0.322228
-0.092215 0.067975 0.320098
-0.092969 0.068475 0.317969
-0.094545 0.068489 0.316259
-0.095297 0.068987 0.314137
-0.096048 0.069485 0.312015
-0.096799 0.069983 0.309893
-0.098511 0.070087 0.307799
-0.099260 0.070583 0.305685
-0.100008 0.071079 0.303570
-0.101560 0.071076 0.301931
-0.102305 0.071571 0.299824
-0.103051 0.072065 0.297717
-0.104592 0.072055 0.296108
-0.105335 0.072548 0.294009
-0.106868 0.072533 0.292422
-0.107608 0.073024 0.290331
-0.109133 0.073003 0.288767
-0.087149 0.067065 0.329285
-0.087908 0.067569 0.327141
-0.089501 0.067592 0.325381
-0.090258 0.068094 0.323244
-0.091843 0.068113 0.321507
-0.092597 0.068612 0.319377
-0.093351 0.069112 0.317248
-0.094105 0.069612 0.315118
-0.095677 0.069622 0.313419
-0.096428 0.070120 0.311297
-0.097179 0.070618 0.309175
-0.098741 0.070620 0.307506
-0.099489 0.071116 0.305392
-0.100237 0.071613 0.303277
-0.101788 0.071608 0.301639
-0.102534 0.072102 0.299532
-0.103280 0.072597 0.297425
-0.104820 0.072585 0.295817
-0.105563 0.073078 0.293718
-0.107094 0.073061 0.292133
-0.107835 0.073552 0.290041
-0.109359 0.073529 0.288478
-0.089582 0.068031 0.325512
-0.090338 0.068533 0.323375
-0.091095 0.069034 0.321238
-0.092677 0.069050 0.319508
-0.093431 0.069549 0.317379
-0.094185 0.070049 0.315249
-0.095757 0.070057 0.313550
-0.096508 0.070555 0.311428
-0.097259 0.071053 0.309306
-0.098010 0.071551 0.307184
-0.099569 0.071550 0.305522
-0.100317 0.072047 0.303408
-0.101867 0.072040 0.301769
-0.102613 0.072535 0.299662
-0.103359 0.073029 0.297555
-0.104899 0.073016 0.295946
-0.105642 0.073509 0.293847
-0.106385 0.074001 0.291748
-0.108062 0.074079 0.289751
-0.109585 0.074055 0.288190
-0.091175 0.069473 0.321370
-0.091932 0.069975 0.319232
-0.093511 0.069987 0.317510
-0.094265 0.070486 0.315380
-0.095019 0.070986 0.313251
-0.096588 0.070991 0.311558
-0.097339 0.071489 0.309436
-0.098090 0.071987 0.307314
-0.099648 0.071985 0.305652
-0.100397 0.072481 0.303538
-0.101947 0.072473 0.301898
-0.102692 0.072968 0.299791
-0.103438 0.073462 0.297685
-0.104978 0.073447 0.296075
-0.105721 0.073940 0.293976
-0.106464 0.074433 0.291877
-0.107992 0.074411 0.290298
-0.109516 0.074385 0.288735
-0.093742 0.070524 0.317215
-0.094496 0.071024 0.315085
-0.095250 0.071524 0.312956
-0.096818 0.071526 0.311264
-0.097569 0.072024 0.309142
-0.098320 0.072522 0.307020
-0.099877 0.072518 0.305359
-0.100626 0.073014 0.303245
-0.101374 0.073511 0.301130
-0.102921 0.073499 0.299500
-0.103667 0.073994 0.297393
-0.105205 0.073977 0.295785
-0.105948 0.074469 0.293685
-0.106691 0.074962 0.291586
-0.108219 0.074938 0.290009
-0.108960 0.075429 0.287917
-0.096597 0.071763 0.312244
-0.097348 0.072261 0.310122
-0.098100 0.072759 0.308000
-0.098851 0.073257 0.305878
-0.100406 0.073250 0.304221
-0.101155 0.073746 0.302106
-0.102702 0.073734 0.300472
-0.103448 0.074228 0.298365
-0.104194 0.074723 0.296258
-0.105730 0.074703 0.294654
-0.106473 0.075196 0.292555
-0.108002 0.075171 0.290974
-0.108742 0.075662 0.288882
-0.098630 0.073493 0.306857
-0.100186 0.073486 0.305196
-0.101085 0.074081 0.302659
-0.102632 0.074068 0.301023
-0.103378 0.074562 0.298916
-0.104124 0.075057 0.296809
-0.104869 0.075551 0.294702
-0.106404 0.075529 0.293104
-0.107147 0.076021 0.291005
-0.108673 0.075994 0.289429
-0.102413 0.074302 0.301995
-0.103159 0.074797 0.299888
-0.103905 0.075291 0.297782
-0.104650 0.075786 0.295675
-0.106185 0.075763 0.294073
-0.106929 0.076255 0.291974
-0.107672 0.076748 0.289874
-0.109196 0.076718 0.288303
-0.104730 0.076218 0.295804
-0.105476 0.076713 0.293697
-0.107008 0.076686 0.292103
-0.107751 0.077179 0.290004
-0.106492 0.076723 0.293911
-0.107235 0.077216 0.291812
-0.107978 0.077709 0.289713
-0.096136 0.067976 0.277009
-0.095590 0.066799 0.280282
-0.095508 0.067973 0.278524
-0.093188 0.065924 0.282188
-0.092619 0.064751 0.285402
-0.096054 0.069651 0.275971
-0.094635 0.068030 0.279463
-0.093197 0.066413 0.282911
-0.091739 0.064801 0.286315
-0.091155 0.063629 0.289488
-0.094550 0.069207 0.277704
-0.093122 0.067584 0.281171
-0.092562 0.066403 0.284397
-0.091988 0.065225 0.287593
-0.090510 0.063615 0.290942
-0.095337 0.070830 0.275720
-0.093923 0.069199 0.279214
-0.092490 0.067573 0.282664
-0.091925 0.066391 0.285876
-0.090457 0.064774 0.289244
-0.089864 0.063599 0.292389
-0.088361 0.061990 0.295676
-0.093836 0.070380 0.277454
-0.091533 0.068305 0.281129
-0.091857 0.067560 0.284150
-0.090400 0.065936 0.287538
-0.090705 0.065196 0.290515
-0.088323 0.063142 0.294005
-0.087046 0.061473 0.297814
-0.092381 0.071243 0.274761
-0.090093 0.069160 0.278464
-0.091301 0.068855 0.281287
-0.091625 0.068108 0.284308
-0.090170 0.066480 0.287695
-0.089586 0.065298 0.290855
-0.088096 0.063678 0.294160
-0.086587 0.062064 0.297421
-0.090543 0.071536 0.273433
-0.086513 0.068555 0.277577
-0.086833 0.067807 0.280588
-0.090671 0.068839 0.282777
-0.090107 0.067648 0.285982
-0.089531 0.066461 0.289157
-0.088942 0.065277 0.292302
-0.087447 0.063655 0.295590
-0.085933 0.062038 0.298833
-0.085862 0.070541 0.272234
-0.081839 0.067550 0.276381
-0.077778 0.064569 0.280440
-0.078944 0.064275 0.283168
-0.088918 0.068435 0.283898
-0.090116 0.068133 0.286699
-0.088653 0.066499 0.290055
-0.088061 0.065314 0.293190
-0.086562 0.063689 0.296464
-0.085045 0.062069 0.299694
-0.066008 0.048845 0.316180
-0.067086 0.048573 0.318700
-0.085243 0.070518 0.273744
-0.078597 0.066174 0.278520
-0.077144 0.064534 0.281896
-0.085334 0.067820 0.282986
-0.087404 0.067966 0.285569
-0.088595 0.067666 0.288355
-0.088012 0.066475 0.291505
-0.086524 0.064844 0.294799
-0.085017 0.063217 0.298048
-0.084389 0.062038 0.301094
-0.064460 0.049005 0.315444
-0.065534 0.048734 0.317956
-0.084676 0.071820 0.270860
-0.084144 0.070613 0.274128
-0.076629 0.065807 0.279110
-0.076046 0.064614 0.282259
-0.078084 0.064770 0.284768
-0.087174 0.068509 0.285725
-0.088366 0.068208 0.288512
-0.087783 0.067015 0.291661
-0.086298 0.065379 0.294953
-0.084132 0.063245 0.298912
-0.083501 0.062064 0.301946
-0.064253 0.049494 0.315585
-0.065327 0.049223 0.318097
-0.066402 0.048952 0.320610
-0.084203 0.072428 0.270455
-0.082807 0.070766 0.273951
-0.076404 0.066338 0.279264
-0.074949 0.064691 0.282622
-0.075229 0.063949 0.285530
-0.083424 0.067253 0.286664
-0.085486 0.067405 0.289233
-0.087555 0.067554 0.291816
-0.086071 0.065914 0.295108
-0.084568 0.064279 0.298355
-0.083943 0.063094 0.301399
-0.083304 0.061912 0.304414
-0.063352 0.049486 0.316356
-0.065336 0.049657 0.318741
-0.065494 0.048946 0.321366
-0.120780 0.074619 0.317672
-0.082338 0.071370 0.273550
-0.078320 0.068347 0.277665
-0.075135 0.065787 0.281479
-0.074545 0.064590 0.284602
-0.073942 0.063397 0.287696
-0.075089 0.063107 0.290379
-0.085968 0.067764 0.291047
-0.086262 0.067017 0.293987
-0.084768 0.065376 0.297249
-0.083255 0.063739 0.300467
-0.082621 0.062554 0.303486
-0.062717 0.050082 0.315495
-0.064699 0.050255 0.317877
-0.065773 0.049984 0.320390
-0.065931 0.049271 0.323010
-0.083739 0.073525 0.270772
-0.081481 0.071398 0.274491
-0.075722 0.067458 0.279025
-0.074272 0.065802 0.282385
-0.073678 0.064604 0.285497
-0.073072 0.063408 0.288580
-0.073335 0.062668 0.291444
-0.086862 0.068693 0.291573
-0.085383 0.067044 0.294867
-0.083886 0.065400 0.298116
-0.082370 0.063760 0.301321
-0.081732 0.062573 0.304329
-0.061818 0.050070 0.316264
-0.063796 0.050245 0.318642
-0.064868 0.049975 0.321146
-0.066153 0.049651 0.324152
-0.118791 0.074122 0.321235
-0.082503 0.072976 0.273077
-0.078499 0.069934 0.277203
-0.073587 0.066445 0.281455
-0.072997 0.065243 0.284572
-0.072394 0.064045 0.287660
-0.071779 0.062849 0.290718
-0.070268 0.061204 0.293930
-0.069625 0.060016 0.296921
-0.084084 0.066499 0.297009
-0.082577 0.064853 0.300229
-0.081946 0.063662 0.303250
-0.061185 0.050664 0.315406
-0.063162 0.050841 0.317780
-0.064233 0.050571 0.320285
-0.065304 0.050301 0.322790
-0.065457 0.049587 0.325396
-0.118129 0.074121 0.322661
-0.118450 0.073365 0.325659
-0.081648 0.073002 0.274021
-0.075906 0.069037 0.278567
-0.073595 0.066913 0.282148
-0.072132 0.065253 0.285466
-0.071526 0.064052 0.288542
-0.071788 0.063310 0.291399
-0.068511 0.060753 0.294970
-0.068747 0.060017 0.297768
-0.082315 0.066068 0.298044
-0.081693 0.064871 0.301084
-0.080163 0.063227 0.304246
-0.061193 0.051096 0.316046
-0.062261 0.050827 0.318543
-0.063329 0.050558 0.321041
-0.064397 0.050288 0.323538
-0.064547 0.049574 0.326135
-0.117217 0.074181 0.323499
-0.117535 0.073424 0.326488
-0.118774 0.073112 0.329386
-0.120013 0.072799 0.332283
-0.120318 0.072046 0.335243
-0.082423 0.074648 0.272040
-0.079302 0.072046 0.275964
-0.073778 0.068016 0.281004
-0.072324 0.066349 0.284337
-0.071725 0.065144 0.287425
-0.071113 0.063942 0.290485
-0.069608 0.062288 0.293699
-0.068084 0.060639 0.296869
-0.068316 0.059903 0.299654
-0.081898 0.065968 0.299991
-0.079713 0.063807 0.303860
-0.060773 0.051636 0.315687
-0.061841 0.051367 0.318184
-0.062910 0.051098 0.320682
-0.063978 0.050828 0.323179
-0.064129 0.050112 0.325777
-0.062433 0.048506 0.328545
-0.117544 0.073926 0.327230
-0.118783 0.073613 0.330128
-0.120022 0.073301 0.333026
-0.119393 0.072104 0.336044
-0.083672 0.076180 0.271173
-0.080563 0.073568 0.275118
-0.073323 0.068602 0.280614
-0.072742 0.067390 0.283742
-0.071276 0.065722 0.287041
-0.070667 0.064518 0.290102
-0.069165 0.062859 0.293319
-0.067645 0.061205 0.296492
-0.066992 0.060011 0.299450
-0.065436 0.058366 0.302541
-0.075463 0.062629 0.303561
-0.078389 0.063249 0.305917
-0.059877 0.051618 0.316454
-0.060942 0.051349 0.318944
-0.062007 0.051081 0.321434
-0.063072 0.050812 0.323925
-0.063219 0.050096 0.326513
-0.061520 0.048487 0.329268
-0.116844 0.071210 0.337529
-0.082201 0.075681 0.272918
-0.079083 0.073065 0.276830
-0.072696 0.068551 0.282063
-0.071240 0.066877 0.285381
-0.070639 0.065668 0.288458
-0.070026 0.064461 0.291506
-0.068519 0.062800 0.294705
-0.066994 0.061143 0.297861
-0.065449 0.059491 0.300971
-0.065665 0.058756 0.303718
-0.072127 0.061210 0.305382
-0.059246 0.052210 0.315598
-0.060311 0.051941 0.318088
-0.061376 0.051673 0.320578
-0.061529 0.050954 0.323177
-0.062590 0.050686 0.325659
-0.060897 0.049072 0.328422
-0.061027 0.048358 0.330968
-0.057545 0.043793 0.340751
-0.081970 0.076227 0.273076
-0.079718 0.074068 0.276766
-0.071837 0.068557 0.282966
-0.071249 0.067341 0.286069
-0.069774 0.065668 0.289337
-0.069157 0.064460 0.292373
-0.067647 0.062796 0.295560
-0.066118 0.061136 0.298702
-0.065457 0.059939 0.301634
-0.065673 0.059203 0.304379
-0.069456 0.060294 0.306506
-0.068776 0.059102 0.309394
-0.059041 0.052694 0.315738
-0.060106 0.052426 0.318228
-0.060262 0.051705 0.320833
-0.061324 0.051437 0.323316
-0.061471 0.050718 0.325899
-0.059776 0.049100 0.328653
-0.057556 0.046933 0.332417
-0.056733 0.044414 0.339450
-0.057757 0.044155 0.341844
-0.082219 0.076653 0.274357
-0.073518 0.070651 0.280857
-0.071208 0.068501 0.284403
-0.069743 0.066821 0.287691
-0.069135 0.065609 0.290742
-0.068514 0.064399 0.293764
-0.066118 0.062271 0.297110
-0.064581 0.060610 0.300228
-0.064799 0.059872 0.302976
-0.065012 0.059135 0.305710
-0.066111 0.058858 0.308282
-0.059996 0.054253 0.314116
-0.059262 0.053072 0.316874
-0.059421 0.052349 0.319483
-0.060483 0.052081 0.321966
-0.060632 0.051360 0.324553
-0.059860 0.050189 0.327222
-0.059076 0.049020 0.329862
-0.056642 0.046902 0.333119
-0.054381 0.044740 0.336782
-0.056946 0.044776 0.340542
-0.110327 0.069565 0.340084
-0.073062 0.071239 0.280466
-0.071623 0.069549 0.283809
-0.070166 0.067863 0.287107
-0.068690 0.066182 0.290361
-0.068071 0.064970 0.293385
-0.066560 0.063298 0.296557
-0.065029 0.061631 0.299685
-0.063480 0.059969 0.302768
-0.064580 0.059691 0.305340
-0.063220 0.057981 0.308867
-0.060004 0.054686 0.314758
-0.059270 0.053503 0.317512
-0.059429 0.052778 0.320119
-0.059582 0.052055 0.322712
-0.058816 0.050880 0.325392
-0.058038 0.049707 0.328042
-0.057454 0.048486 0.331149
-0.055727 0.046869 0.333816
-0.054185 0.045204 0.336916
-0.055205 0.044947 0.339302
-0.057158 0.045139 0.341634
-0.079655 0.076220 0.276458
-0.073070 0.071710 0.281163
-0.071632 0.070015 0.284500
-0.069304 0.067860 0.287991
-0.067825 0.066176 0.291232
-0.067203 0.064962 0.294244
-0.065688 0.063287 0.297404
-0.064155 0.061617 0.300518
-0.063488 0.060414 0.303427
-0.063699 0.059675 0.306153
-0.062118 0.058017 0.309156
-0.060052 0.055795 0.313259
-0.059326 0.054607 0.316029
-0.058588 0.053422 0.318769
-0.058743 0.052697 0.321366
-0.058892 0.051974 0.323948
-0.057209 0.050342 0.326712
-0.056423 0.049169 0.329341
-0.055624 0.047999 0.331941
-0.053890 0.046379 0.334587
-0.053988 0.045669 0.337050
-0.055009 0.045412 0.339436
-0.056961 0.045605 0.341768
-0.077317 0.075233 0.278381
-0.073312 0.072122 0.282404
-0.070136 0.069488 0.286135
-0.067799 0.067330 0.289598
-0.067185 0.066111 0.292626
-0.065681 0.064429 0.295805
-0.064159 0.062752 0.298939
-0.063501 0.061545 0.301864
-0.062830 0.060340 0.304758
-0.062146 0.059139 0.307624
-0.061450 0.057940 0.310459
-0.059377 0.055715 0.314538
-0.058647 0.054526 0.317294
-0.058808 0.053798 0.319902
-0.058055 0.052614 0.322605
-0.057290 0.051433 0.325279
-0.056721 0.050203 0.328411
-0.055929 0.049029 0.331023
-0.054204 0.047403 0.333685
-0.053384 0.046236 0.336230
-0.054404 0.045979 0.338616
-0.056355 0.046174 0.340945
-0.058311 0.046368 0.343289
-0.073952 0.073121 0.282347
-0.070782 0.070480 0.286084
-0.067580 0.067846 0.289747
-0.066968 0.066624 0.292774
-0.065466 0.064938 0.295952
-0.063945 0.063257 0.299085
-0.063288 0.062047 0.302008
-0.061732 0.060374 0.305060
-0.061047 0.059171 0.307917
-0.061242 0.058434 0.310602
-0.058957 0.056257 0.314178
-0.058229 0.055064 0.316936
-0.058391 0.054335 0.319545
-0.057641 0.053148 0.322251
-0.056878 0.051964 0.324927
-0.056103 0.050783 0.327573
-0.055315 0.049605 0.330190
-0.053596 0.047974 0.332859
-0.053701 0.047260 0.335335
-0.053799 0.046547 0.337796
-0.054820 0.046289 0.340182
-0.056772 0.046485 0.342516
-0.107319 0.070212 0.342535
-0.071831 0.072062 0.284750
-0.068645 0.069418 0.288441
-0.067171 0.067721 0.291678
-0.065678 0.066029 0.294870
-0.064166 0.064342 0.298018
-0.063516 0.063127 0.300954
-0.061969 0.061449 0.304021
-0.061290 0.060241 0.306890
-0.059709 0.058571 0.309875
-0.059896 0.057835 0.312540
-0.058496 0.056119 0.315951
-0.057762 0.054925 0.318691
-0.057016 0.053735 0.321402
-0.056257 0.052547 0.324083
-0.055485 0.051363 0.326735
-0.054701 0.050182 0.329357
-0.053904 0.049004 0.331949
-0.053094 0.047829 0.334512
-0.053195 0.047114 0.336975
-0.054215 0.046857 0.339362
-0.056165 0.047054 0.341693
-0.058327 0.047199 0.344520
-0.073105 0.073593 0.283950
-0.069932 0.070939 0.287661
-0.067597 0.068765 0.291106
-0.066111 0.067067 0.294310
-0.064606 0.065374 0.297468
-0.063082 0.063686 0.300582
-0.061539 0.062003 0.303652
-0.060863 0.060792 0.306524
-0.059284 0.059118 0.309512
-0.058580 0.057914 0.312317
-0.057863 0.056713 0.315092
-0.057133 0.055516 0.317838
-0.056390 0.054322 0.320554
-0.056540 0.053593 0.323131
-0.055776 0.052404 0.325795
-0.054998 0.051219 0.328429
-0.054208 0.050036 0.331034
-0.053406 0.048857 0.333609
-0.052590 0.047681 0.336155
-0.053611 0.047424 0.338541
-0.054631 0.047167 0.340927
-0.057513 0.047821 0.343214
-0.059474 0.048018 0.345573
-0.061441 0.048212 0.347946
-0.069711 0.071461 0.287812
-0.067379 0.069281 0.291256
-0.065895 0.067579 0.294457
-0.064391 0.065882 0.297615
-0.062869 0.064190 0.300728
-0.061327 0.062502 0.303796
-0.059767 0.060820 0.306820
-0.059076 0.059610 0.309654
-0.057481 0.057936 0.312596
-0.057657 0.057199 0.315232
-0.056030 0.055534 0.318101
-0.056187 0.054802 0.320692
-0.055433 0.053608 0.323378
-0.054667 0.052417 0.326034
-0.054798 0.051692 0.328566
-0.054009 0.050507 0.331170
-0.053208 0.049325 0.333744
-0.053314 0.048606 0.336217
-0.053414 0.047889 0.338675
-0.055362 0.048089 0.341005
-0.057315 0.048289 0.343349
-0.059275 0.048487 0.345708
-0.061242 0.048683 0.348082
-0.070991 0.072991 0.287028
-0.067161 0.069797 0.291405
-0.065678 0.068091 0.294605
-0.063523 0.065861 0.298457
-0.061998 0.064166 0.301557
-0.060453 0.062475 0.304612
-0.058889 0.060790 0.307623
-0.058196 0.059578 0.310445
-0.056597 0.057901 0.313375
-0.056770 0.057164 0.316001
-0.056038 0.055962 0.318735
-0.055294 0.054763 0.321439
-0.054536 0.053567 0.324113
-0.053766 0.052375 0.326758
-0.053895 0.051649 0.329281
-0.053103 0.050462 0.331873
-0.052298 0.049278 0.334437
-0.053322 0.049020 0.336830
-0.054346 0.048762 0.339224
-0.055369 0.048504 0.341618
-0.057323 0.048704 0.343964
-0.059283 0.048903 0.346325
-0.060313 0.048644 0.348734
-0.060404 0.047928 0.351168
-0.068223 0.071380 0.290108
-0.066752 0.069667 0.293331
-0.064389 0.067484 0.296687
-0.062001 0.065308 0.299984
-0.060467 0.063611 0.303059
-0.058914 0.061919 0.306089
-0.058228 0.060703 0.308927
-0.056640 0.059019 0.311876
-0.055926 0.057810 0.314647
-0.055199 0.056604 0.317389
-0.055359 0.055869 0.319983
-0.054610 0.054669 0.322672
-0.053848 0.053471 0.325332
-0.053982 0.052743 0.327867
-0.053198 0.051551 0.330475
-0.052402 0.050363 0.333054
-0.052511 0.049641 0.335529
-0.053534 0.049383 0.337922
-0.054558 0.049125 0.340316
-0.055582 0.048866 0.342710
-0.058467 0.049528 0.345015
-0.060431 0.049728 0.347387
-0.060527 0.049009 0.349833
-0.059676 0.047834 0.352285
-0.066724 0.070830 0.291703
-0.066116 0.069592 0.294719
-0.063747 0.067405 0.298055
-0.062230 0.065700 0.301164
-0.059813 0.063526 0.304388
-0.058255 0.061831 0.307401
-0.056893 0.060087 0.310872
-0.055295 0.058402 0.313791
-0.054572 0.057193 0.316538
-0.054733 0.056456 0.319134
-0.053988 0.055252 0.321829
-0.053230 0.054051 0.324494
-0.053366 0.053321 0.327031
-0.052586 0.052126 0.329644
-0.052706 0.051400 0.332144
-0.051904 0.050210 0.334706
-0.052928 0.049952 0.337099
-0.053951 0.049694 0.339493
-0.054975 0.049436 0.341887
-0.056928 0.049639 0.344234
-0.058887 0.049841 0.346596
-0.059917 0.049581 0.349005
-0.060008 0.048862 0.351438
-0.058211 0.047228 0.353890
-0.066732 0.071289 0.292383
-0.066124 0.070048 0.295395
-0.063755 0.067857 0.298723
-0.061361 0.065672 0.301991
-0.058941 0.063493 0.305201
-0.057380 0.061795 0.308200
-0.056686 0.060576 0.311013
-0.055090 0.058887 0.313931
-0.054368 0.057674 0.316677
-0.053634 0.056465 0.319393
-0.052886 0.055259 0.322080
-0.052127 0.054056 0.324737
-0.052260 0.053325 0.327266
-0.052387 0.052596 0.329780
-0.051596 0.051401 0.332363
-0.051707 0.050676 0.334840
-0.052731 0.050418 0.337234
-0.053754 0.050160 0.339628
-0.054778 0.049902 0.342022
-0.056730 0.050107 0.344369
-0.058688 0.050310 0.346731
-0.059718 0.050050 0.349140
-0.058873 0.048869 0.351597
-0.058015 0.047691 0.354024
-0.058088 0.046975 0.356412
-0.065907 0.070562 0.295544
-0.063541 0.068365 0.298870
-0.061148 0.066174 0.302136
-0.058731 0.063990 0.305344
-0.057171 0.062287 0.308342
-0.056479 0.061065 0.311154
-0.054885 0.059371 0.314071
-0.053272 0.057683 0.316944
-0.052745 0.056419 0.320142
-0.051995 0.055211 0.322818
-0.051231 0.054006 0.325463
-0.051362 0.053275 0.327983
-0.051486 0.052545 0.330488
-0.050691 0.051349 0.333060
-0.051715 0.051090 0.335453
-0.052738 0.050832 0.337847
-0.053762 0.050574 0.340241
-0.054786 0.050316 0.342635
-0.056738 0.050522 0.344984
-0.058696 0.050727 0.347348
-0.059726 0.050467 0.349757
-0.058881 0.049283 0.352210
-0.058022 0.048103 0.354633
-0.057151 0.046925 0.357027
-0.065916 0.071019 0.296220
-0.064423 0.069296 0.299368
-0.060280 0.066142 0.302960
-0.058739 0.064431 0.305997
-0.057180 0.062725 0.308990
-0.055601 0.061023 0.311938
-0.054003 0.059327 0.314842
-0.053279 0.058110 0.317576
-0.052543 0.056896 0.320280
-0.051794 0.055685 0.322955
-0.051032 0.054478 0.325599
-0.051163 0.053745 0.328119
-0.050379 0.052543 0.330712
-0.050494 0.051815 0.333194
-0.050603 0.051087 0.335662
-0.051623 0.050830 0.338048
-0.053565 0.051040 0.340376
-0.054589 0.050782 0.342769
-0.056540 0.050990 0.345119
-0.058498 0.051196 0.347484
-0.058594 0.050472 0.349922
-0.057746 0.049286 0.352366
-0.057826 0.048566 0.354767
-0.056957 0.047385 0.357160
-0.056075 0.046208 0.359523
-0.063334 0.069324 0.299685
-0.060068 0.066642 0.303104
-0.058529 0.064927 0.306140
-0.056972 0.063217 0.309132
-0.055395 0.061511 0.312079
-0.052910 0.059333 0.315114
-0.053076 0.058590 0.317715
-0.051446 0.056898 0.320536
-0.050695 0.055686 0.323202
-0.049931 0.054476 0.325839
-0.050265 0.053691 0.328832
-0.049478 0.052487 0.331414
-0.049590 0.051758 0.333887
-0.049695 0.051030 0.336345
-0.051631 0.051243 0.338659
-0.052651 0.050986 0.341046
-0.054596 0.051196 0.343383
-0.056548 0.051405 0.345734
-0.057575 0.051146 0.348136
-0.057667 0.050422 0.350564
-0.056817 0.049234 0.352998
-0.056894 0.048514 0.355389
-0.056021 0.047332 0.357771
-0.055135 0.046153 0.360123
-0.055187 0.045439 0.362455
-0.061818 0.068755 0.301207
-0.059419 0.066551 0.304436
-0.057875 0.064833 0.307455
-0.056312 0.063120 0.310429
-0.053844 0.060933 0.313495
-0.052240 0.059230 0.316372
-0.051510 0.058010 0.319084
-0.050767 0.056792 0.321766
-0.050011 0.055578 0.324418
-0.049243 0.054367 0.327040
-0.049367 0.053633 0.329541
-0.048577 0.052428 0.332112
-0.048685 0.051698 0.334575
-0.049703 0.051442 0.336954
-0.050720 0.051185 0.339333
-0.051738 0.050929 0.341712
-0.053679 0.051141 0.344044
-0.056555 0.051821 0.346350
-0.057582 0.051562 0.348751
-0.056741 0.050369 0.351203
-0.055887 0.049180 0.353625
-0.055961 0.048459 0.356007
-0.055085 0.047275 0.358378
-0.054196 0.046094 0.360719
-0.054245 0.045380 0.363042
-0.062048 0.069148 0.302390
-0.058769 0.066457 0.305762
-0.057220 0.064736 0.308762
-0.055652 0.063021 0.311719
-0.053178 0.060830 0.314764
-0.051569 0.059125 0.317624
-0.050834 0.057903 0.320321
-0.049190 0.056207 0.323100
-0.048426 0.054992 0.325730
-0.048553 0.054256 0.328235
-0.047768 0.053047 0.330814
-0.048083 0.052264 0.333757
-0.048187 0.051534 0.336209
-0.049201 0.051278 0.338580
-0.050215 0.051023 0.340952
-0.051229 0.050767 0.343324
-0.054095 0.051451 0.345610
-0.056974 0.052133 0.347925
-0.057069 0.051405 0.350354
-0.055286 0.049744 0.352810
-0.055362 0.049021 0.355195
-0.055431 0.048300 0.357564
-0.054549 0.047115 0.359918
-0.054603 0.046398 0.362251
-0.054650 0.045682 0.364569
-0.061835 0.069653 0.302536
-0.058559 0.066954 0.305905
-0.057011 0.065230 0.308905
-0.055445 0.063510 0.311860
-0.052973 0.061314 0.314904
-0.051366 0.059604 0.317762
-0.050632 0.058379 0.320459
-0.048990 0.056678 0.323236
-0.048228 0.055461 0.325866
-0.047453 0.054246 0.328466
-0.046666 0.053035 0.331036
-0.046775 0.052303 0.333496
-0.047789 0.052047 0.335868
-0.047888 0.051317 0.338305
-0.048899 0.051062 0.340670
-0.049910 0.050807 0.343034
-0.052770 0.051496 0.345310
-0.055643 0.052181 0.347616
-0.055736 0.051453 0.350039
-0.054888 0.050256 0.352469
-0.054965 0.049532 0.354855
-0.054095 0.048342 0.357232
-0.054156 0.047621 0.359581
-0.054211 0.046902 0.361915
-0.053310 0.045720 0.364219
-0.053348 0.045005 0.366515
-0.060536 0.069019 0.304553
-0.058126 0.066802 0.307733
-0.056572 0.065075 0.310711
-0.054114 0.062870 0.313779
-0.051630 0.060671 0.316789
-0.050904 0.059442 0.319497
-0.049270 0.057735 0.322290
-0.047618 0.056033 0.325038
-0.046847 0.054815 0.327643
-0.046063 0.053601 0.330218
-0.045267 0.052389 0.332764
-0.045569 0.051606 0.335676
-0.046577 0.051352 0.338033
-0.047585 0.051098 0.340389
-0.047673 0.050370 0.342798
-0.051447 0.051537 0.345013
-0.055241 0.052699 0.347272
-0.054406 0.051497 0.349726
-0.053557 0.050298 0.352150
-0.053632 0.049573 0.354530
-0.053701 0.048850 0.356894
-0.053763 0.048128 0.359244
-0.053819 0.047407 0.361579
-0.053869 0.046688 0.363899
-0.052960 0.045505 0.366183
-0.090684 0.062829 0.370642
-0.057916 0.067298 0.307876
-0.056364 0.065567 0.310853
-0.053908 0.063356 0.313920
-0.051427 0.061152 0.316927
-0.050702 0.059920 0.319635
-0.049070 0.058209 0.322426
-0.047419 0.056502 0.325173
-0.046650 0.055281 0.327777
-0.044964 0.053584 0.330443
-0.044166 0.052370 0.332980
-0.045174 0.052116 0.335337
-0.045269 0.051384 0.337762
-0.046274 0.051131 0.340111
-0.046359 0.050402 0.342514
-0.052378 0.052422 0.345578
-0.054322 0.052639 0.347921
-0.053483 0.051435 0.350364
-0.051699 0.049763 0.352798
-0.051768 0.049038 0.355160
-0.052769 0.048785 0.357502
-0.052828 0.048063 0.359843
-0.052881 0.047342 0.362168
-0.052928 0.046623 0.364479
-0.052016 0.045438 0.366752
-0.050136 0.043789 0.368963
-0.058364 0.068337 0.307359
-0.056819 0.066601 0.310346
-0.054372 0.064382 0.313425
-0.051013 0.061685 0.316572
-0.050290 0.060450 0.319283
-0.048662 0.058734 0.322077
-0.047015 0.057023 0.324827
-0.046248 0.055799 0.327433
-0.044566 0.054097 0.330102
-0.043770 0.052880 0.332641
-0.044071 0.052095 0.335545
-0.044164 0.051363 0.337962
-0.045165 0.051110 0.340304
-0.044330 0.049903 0.342752
-0.044404 0.049176 0.345124
-0.053922 0.053155 0.347578
-0.048443 0.049575 0.350169
-0.049441 0.049323 0.352504
-0.049505 0.048598 0.354852
-0.051438 0.048820 0.357173
-0.052436 0.048568 0.359507
-0.052491 0.047845 0.361834
-0.052538 0.047125 0.364146
-0.051629 0.045936 0.366420
-0.049753 0.044283 0.368635
-0.049772 0.043569 0.370880
-0.057272 0.067637 0.309837
-0.055714 0.065900 0.312790
-0.051483 0.062706 0.316088
-0.050766 0.061467 0.318808
-0.049145 0.059745 0.321613
-0.046611 0.057544 0.324480
-0.045846 0.056317 0.327089
-0.044168 0.054609 0.329761
-0.043375 0.053389 0.332302
-0.042569 0.052172 0.334815
-0.042660 0.051439 0.337227
-0.043658 0.051187 0.339561
-0.042824 0.049978 0.342007
-0.041977 0.048771 0.344423
-0.042962 0.048523 0.346728
-0.044737 0.048075 0.350877
-0.046654 0.048302 0.353161
-0.048578 0.048527 0.355461
-0.050508 0.048750 0.357776
-0.051503 0.048499 0.360103
-0.051554 0.047776 0.362420
-0.051598 0.047055 0.364723
-0.050686 0.045865 0.366986
-0.049761 0.044678 0.369220
-0.049780 0.043963 0.371463
-0.056172 0.066934 0.312290
-0.052835 0.064218 0.315470
-0.050353 0.061999 0.318454
-0.049626 0.060759 0.321146
-0.047100 0.058551 0.324026
-0.045444 0.056834 0.326745
-0.043770 0.055122 0.329419
-0.042979 0.053899 0.331963
-0.042176 0.052679 0.334478
-0.041359 0.051462 0.336963
-0.042554 0.051161 0.339755
-0.041717 0.049949 0.342192
-0.040868 0.048740 0.344600
-0.039084 0.047056 0.347018
-0.039132 0.046332 0.349327
-0.040101 0.046088 0.351594
-0.044798 0.047749 0.353790
-0.046715 0.047977 0.356077
-0.049577 0.048678 0.358375
-0.051510 0.048902 0.360699
-0.051561 0.048178 0.363015
-0.051606 0.047455 0.365315
-0.049742 0.045791 0.367548
-0.049768 0.045073 0.369805
-0.049787 0.044357 0.372046
-0.055964 0.067426 0.312432
-0.053513 0.065193 0.315480
-0.051037 0.062967 0.318469
-0.049424 0.061235 0.321283
-0.046008 0.058533 0.324269
-0.044352 0.056813 0.326980
-0.043575 0.055584 0.329553
-0.041883 0.053872 0.332182
-0.041078 0.052650 0.334688
-0.041168 0.051915 0.337093
-0.041252 0.051181 0.339484
-0.041329 0.050449 0.341860
-0.040482 0.049237 0.344270
-0.038702 0.047548 0.346691
-0.037827 0.046343 0.349034
-0.039721 0.046578 0.351268
-0.041621 0.046812 0.353517
-0.043528 0.047043 0.355780
-0.046377 0.047750 0.358055
-0.050180 0.048929 0.360361
-0.051172 0.048679 0.362681
-0.051217 0.047955 0.364983
-0.049358 0.046286 0.367219
-0.049385 0.045566 0.369476
-0.049405 0.044849 0.371719
-0.049419 0.044132 0.373946
-0.086109 0.060536 0.380729
-0.053307 0.065679 0.315620
-0.050833 0.063447 0.318608
-0.050112 0.062201 0.321306
-0.045810 0.059002 0.324405
-0.044155 0.057278 0.327114
-0.042481 0.055558 0.329779
-0.041690 0.054330 0.332314
-0.040886 0.053104 0.334819
-0.040069 0.051883 0.337295
-0.039436 0.050614 0.340202
-0.039507 0.049882 0.342561
-0.038654 0.048669 0.344952
-0.037788 0.047460 0.347314
-0.037834 0.046734 0.349613
-0.038801 0.046491 0.351874
-0.040698 0.046726 0.354117
-0.041668 0.046482 0.356385
-0.047322 0.048626 0.358641
-0.050187 0.049331 0.360956
-0.044577 0.045748 0.363188
-0.049529 0.047355 0.365995
-0.048611 0.046158 0.368235
-0.048634 0.045439 0.370481
-0.048650 0.044721 0.372713
-0.085250 0.061194 0.379350
-0.085368 0.060450 0.381819
-0.053315 0.066111 0.316260
-0.050841 0.063874 0.319240
-0.049231 0.062135 0.322047
-0.044926 0.058929 0.325128
-0.043268 0.057201 0.327824
-0.041591 0.055478 0.330475
-0.040796 0.054248 0.332999
-0.039989 0.053021 0.335493
-0.039168 0.051798 0.337958
-0.039246 0.051063 0.340331
-0.038404 0.049845 0.342744
-0.037549 0.048630 0.345127
-0.036681 0.047418 0.347480
-0.036725 0.046692 0.349772
-0.038615 0.046930 0.352001
-0.039581 0.046687 0.354261
-0.039615 0.045963 0.356531
-0.044323 0.047637 0.358776
-0.040795 0.044950 0.361481
-0.041947 0.044660 0.364175
-0.048785 0.047227 0.367018
-0.048814 0.046504 0.369276
-0.048836 0.045783 0.371519
-0.048852 0.045064 0.373748
-0.047901 0.043873 0.375907
-0.085057 0.060253 0.383911
-0.051523 0.064848 0.319259
-0.049029 0.062611 0.322185
-0.044728 0.059396 0.325262
-0.043072 0.057664 0.327957
-0.041397 0.055937 0.330608
-0.040603 0.054704 0.333131
-0.038893 0.052986 0.335700
-0.038071 0.051760 0.338156
-0.038343 0.050975 0.340981
-0.037497 0.049755 0.343383
-0.036639 0.048538 0.345754
-0.036689 0.047809 0.348059
-0.036732 0.047082 0.350349
-0.037695 0.046839 0.352602
-0.037729 0.046114 0.354870
-0.038689 0.045872 0.357116
-0.037221 0.044092 0.360251
-0.036291 0.042894 0.362454
-0.037235 0.042656 0.364662
-0.048596 0.047673 0.367147
-0.048626 0.046949 0.369405
-0.048648 0.046226 0.371647
-0.048665 0.045506 0.373875
-0.047716 0.044312 0.376033
-0.044813 0.041461 0.380191
-0.051991 0.065878 0.318782
-0.050393 0.064128 0.321606
-0.045215 0.060409 0.324811
-0.042673 0.058179 0.327615
-0.041897 0.056938 0.330177
-0.040210 0.055210 0.332794
-0.038504 0.053487 0.335366
-0.037684 0.052258 0.337824
-0.037761 0.051521 0.340191
-0.036919 0.050298 0.342598
-0.036065 0.049078 0.344975
-0.035197 0.047861 0.347322
-0.036161 0.047618 0.349575
-0.036200 0.046890 0.351853
-0.036232 0.046164 0.354116
-0.036258 0.045440 0.356364
-0.035343 0.044235 0.358600
-0.035353 0.043514 0.360811
-0.036298 0.043276 0.363020
-0.035355 0.042078 0.365189
-0.048604 0.048069 0.367734
-0.047683 0.046865 0.369955
-0.047702 0.046143 0.372188
-0.047716 0.045421 0.374407
-0.045995 0.043702 0.376945
-0.044061 0.042036 0.378986
-0.082923 0.060231 0.384549
-0.050654 0.065209 0.320643
-0.048157 0.062962 0.323547
-0.043852 0.059733 0.326594
-0.041298 0.057501 0.329365
-0.040514 0.056260 0.331902
-0.038817 0.054531 0.334489
-0.038004 0.053298 0.336960
-0.037375 0.052018 0.339861
-0.036536 0.050791 0.342269
-0.035684 0.049568 0.344648
-0.034819 0.048348 0.346998
-0.034862 0.047618 0.349284
-0.034899 0.046889 0.351556
-0.034929 0.046163 0.353812
-0.034954 0.045437 0.356054
-0.034038 0.044230 0.358285
-0.034046 0.043509 0.360490
-0.034988 0.043271 0.362691
-0.034986 0.042553 0.364873
-0.047859 0.047936 0.368748
-0.047885 0.047210 0.370993
-0.047904 0.046486 0.373223
-0.046002 0.044808 0.375333
-0.045042 0.043612 0.377458
-0.044069 0.042420 0.379554
-0.044050 0.041705 0.381695
-0.047956 0.063437 0.323684
-0.043655 0.060199 0.326729
-0.041104 0.057961 0.329497
-0.040321 0.056717 0.332034
-0.038625 0.054984 0.334620
-0.036910 0.053255 0.337162
-0.036989 0.052515 0.339531
-0.036153 0.051285 0.341941
-0.035303 0.050058 0.344322
-0.034441 0.048835 0.346674
-0.034485 0.048103 0.348961
-0.034523 0.047373 0.351234
-0.034555 0.046645 0.353491
-0.033652 0.045432 0.355747
-0.033667 0.044707 0.357967
-0.033677 0.043985 0.360173
-0.034618 0.043747 0.362374
-0.033677 0.042544 0.364540
-0.033667 0.041826 0.366702
-0.047867 0.048331 0.369333
-0.047135 0.047074 0.371990
-0.047150 0.046350 0.374209
-0.045243 0.044670 0.376301
-0.043318 0.042994 0.378349
-0.043301 0.042278 0.380494
-0.047756 0.063911 0.323821
-0.044348 0.061162 0.326763
-0.040909 0.058421 0.329630
-0.040127 0.057175 0.332166
-0.038433 0.055437 0.334751
-0.036721 0.053704 0.337291
-0.035894 0.052469 0.339723
-0.035250 0.051188 0.342581
-0.034398 0.049959 0.344951
-0.033532 0.048734 0.347291
-0.033573 0.048002 0.349569
-0.033608 0.047271 0.351832
-0.033637 0.046543 0.354081
-0.032730 0.045328 0.356325
-0.032743 0.044603 0.358536
-0.032749 0.043880 0.360733
-0.033687 0.043643 0.362926
-0.033684 0.042922 0.365101
-0.032730 0.041719 0.367233
-0.047121 0.048194 0.370339
-0.047142 0.047467 0.372571
-0.046203 0.046260 0.374738
-0.044293 0.044577 0.376817
-0.043325 0.043378 0.378917
-0.043308 0.042660 0.381060
-0.046197 0.063282 0.325143
-0.042780 0.060529 0.328053
-0.040225 0.058282 0.330799
-0.039439 0.057034 0.333320
-0.037740 0.055293 0.335888
-0.036022 0.053558 0.338410
-0.035191 0.052321 0.340828
-0.034348 0.051088 0.343217
-0.033492 0.049858 0.345575
-0.032623 0.048631 0.347904
-0.032661 0.047898 0.350173
-0.032693 0.047167 0.352427
-0.031793 0.045948 0.354682
-0.031808 0.045221 0.356899
-0.031818 0.044496 0.359101
-0.031821 0.043772 0.361288
-0.032756 0.043536 0.363474
-0.031808 0.042329 0.365618
-0.031792 0.041610 0.367761
-0.030822 0.040409 0.369853
-0.046956 0.047908 0.372698
-0.046017 0.046699 0.374864
-0.043152 0.044530 0.376884
-0.043142 0.043809 0.379041
-0.043126 0.043090 0.381184
-0.042137 0.041894 0.383232
-0.075917 0.057234 0.390279
-0.044842 0.062597 0.326933
-0.041412 0.059841 0.329804
-0.039741 0.058089 0.332430
-0.038050 0.056343 0.335012
-0.036341 0.054601 0.337550
-0.035517 0.053360 0.339981
-0.033967 0.051578 0.342890
-0.033114 0.050345 0.345251
-0.032248 0.049115 0.347582
-0.032287 0.048380 0.349852
-0.031399 0.047156 0.352131
-0.031422 0.046426 0.354364
-0.030511 0.045207 0.356592
-0.030519 0.044481 0.358787
-0.031454 0.044245 0.360974
-0.031452 0.043521 0.363147
-0.031444 0.042799 0.365306
-0.031429 0.042078 0.367450
-0.030461 0.040874 0.369544
-0.045639 0.047186 0.374540
-0.043735 0.045494 0.376621
-0.042770 0.044288 0.378723
-0.042756 0.043568 0.380867
-0.041769 0.042368 0.382916
-0.042707 0.042131 0.385110
-0.075716 0.057708 0.390416
-0.044643 0.063066 0.327068
-0.041419 0.060251 0.330411
-0.039748 0.058496 0.333032
-0.037159 0.056246 0.335684
-0.035447 0.054502 0.338209
-0.034620 0.053259 0.340628
-0.033781 0.052020 0.343018
-0.032017 0.050287 0.345424
-0.032063 0.049550 0.347708
-0.031186 0.048320 0.350009
-0.030296 0.047094 0.352280
-0.030316 0.046363 0.354505
-0.030331 0.045634 0.356715
-0.030339 0.044906 0.358910
-0.030341 0.044180 0.361091
-0.030336 0.043456 0.363256
-0.030325 0.042733 0.365407
-0.030308 0.042012 0.367543
-0.030284 0.041292 0.369664
-0.029671 0.039996 0.372582
-0.042596 0.045443 0.376689
-0.041629 0.044236 0.378782
-0.042574 0.043998 0.380991
-0.041588 0.042795 0.383039
-0.042527 0.042558 0.385233
-0.042493 0.041841 0.387332
-0.075584 0.057440 0.392889
-0.042116 0.061215 0.330454
-0.039555 0.058953 0.333164
-0.036968 0.056698 0.335815
-0.035258 0.054949 0.338338
-0.034627 0.053654 0.341213
-0.033788 0.052412 0.343599
-0.032024 0.050676 0.345999
-0.032071 0.049938 0.348282
-0.031193 0.048705 0.350578
-0.030303 0.047476 0.352846
-0.029400 0.046250 0.355083
-0.029411 0.045520 0.357284
-0.029416 0.044792 0.359470
-0.029414 0.044066 0.361641
-0.029407 0.043341 0.363798
-0.029393 0.042618 0.365939
-0.029372 0.041896 0.368066
-0.029345 0.041176 0.370178
-0.029312 0.040457 0.372275
-0.042986 0.046458 0.375980
-0.041070 0.044761 0.378023
-0.042014 0.044523 0.380231
-0.041996 0.043800 0.382363
-0.041971 0.043080 0.384479
-0.041939 0.042361 0.386580
-0.073995 0.057536 0.391954
-0.042606 0.062233 0.330021
-0.040054 0.059964 0.332743
-0.037476 0.057702 0.335405
-0.035772 0.055947 0.337939
-0.034952 0.054697 0.340367
-0.033213 0.052951 0.342819
-0.032365 0.051709 0.345180
-0.031503 0.050470 0.347512
-0.030630 0.049234 0.349814
-0.029743 0.048001 0.352086
-0.029766 0.047267 0.354312
-0.029782 0.046535 0.356523
-0.028864 0.045310 0.358721
-0.028864 0.044582 0.360895
-0.029793 0.044348 0.363066
-0.029784 0.043622 0.365218
-0.029768 0.042898 0.367354
-0.029747 0.042175 0.369476
-0.028771 0.040965 0.371541
-0.028734 0.040246 0.373626
-0.041077 0.045143 0.378589
-0.042021 0.044905 0.380797
-0.042003 0.044181 0.382926
-0.041978 0.043460 0.385041
-0.041946 0.042739 0.387141
-0.074003 0.057956 0.392575
-0.041239 0.061534 0.331760
-0.038675 0.059263 0.334447
-0.036086 0.056998 0.337075
-0.034567 0.055192 0.340037
-0.033737 0.053943 0.342438
-0.031986 0.052196 0.344856
-0.031128 0.050954 0.347190
-0.030256 0.049715 0.349494
-0.029372 0.048479 0.351769
-0.029396 0.047743 0.353995
-0.028490 0.046513 0.356218
-0.028498 0.045781 0.358408
-0.028500 0.045052 0.360582
-0.028495 0.044323 0.362742
-0.028484 0.043597 0.364888
-0.028467 0.042872 0.367018
-0.028443 0.042148 0.369133
-0.028413 0.041426 0.371234
-0.028377 0.040706 0.373320
-0.040706 0.045621 0.378271
-0.041650 0.045382 0.380480
-0.041633 0.044657 0.382610
-0.041610 0.043934 0.384725
-0.041579 0.043212 0.386826
-0.040558 0.061387 0.332925
-0.037988 0.059112 0.335591
-0.034494 0.056340 0.338266
-0.033673 0.055085 0.340685
-0.032840 0.053834 0.343074
-0.031086 0.052084 0.345480
-0.030224 0.050840 0.347802
-0.029349 0.049599 0.350095
-0.029379 0.048861 0.352335
-0.028483 0.047626 0.354576
-0.028497 0.046891 0.356778
-0.027578 0.045662 0.358967
-0.027577 0.044931 0.361133
-0.027569 0.044203 0.363283
-0.027555 0.043475 0.365419
-0.027534 0.042750 0.367540
-0.028450 0.042519 0.369682
-0.027474 0.041304 0.371738
-0.028384 0.041074 0.373865
-0.037099 0.044722 0.376892
-0.040902 0.045955 0.379279
-0.040887 0.045228 0.381413
-0.041828 0.044991 0.383614
-0.041804 0.044266 0.385726
-0.041773 0.043543 0.387824
-0.039875 0.061238 0.334083
-0.037299 0.058960 0.336728
-0.033799 0.056183 0.339379
-0.032973 0.054927 0.341784
-0.031423 0.053122 0.344659
-0.030568 0.051873 0.346994
-0.029700 0.050628 0.349300
-0.028820 0.049386 0.351575
-0.027927 0.048147 0.353821
-0.027943 0.047411 0.356027
-0.027028 0.046178 0.358221
-0.027028 0.045446 0.360389
-0.027022 0.044715 0.362542
-0.027010 0.043986 0.364680
-0.026991 0.043259 0.366804
-0.026966 0.042533 0.368913
-0.027879 0.042303 0.371047
-0.027845 0.041580 0.373134
-0.028754 0.041351 0.375261
-0.039200 0.046036 0.378015
-0.041098 0.046290 0.380286
-0.041082 0.045562 0.382417
-0.041061 0.044835 0.384533
-0.041999 0.044599 0.386727
-0.041967 0.043875 0.388821
-0.039391 0.061037 0.335704
-0.035013 0.057741 0.338457
-0.033297 0.055974 0.340941
-0.031563 0.054212 0.343381
-0.030716 0.052958 0.345732
-0.029857 0.051709 0.348053
-0.028071 0.049959 0.350374
-0.028100 0.049218 0.352606
-0.027202 0.047978 0.354838
-0.027214 0.047242 0.357032
-0.026295 0.046007 0.359212
-0.026291 0.045275 0.361369
-0.026282 0.044544 0.363512
-0.026265 0.043815 0.365639
-0.026243 0.043087 0.367752
-0.027156 0.042857 0.369886
-0.027124 0.042132 0.371977
-0.027085 0.041408 0.374053
-0.029894 0.042166 0.376290
-0.040349 0.046863 0.379085
-0.041294 0.046624 0.381294
-0.041278 0.045895 0.383421
-0.041255 0.045168 0.385534
-0.041227 0.044442 0.387632
-0.042161 0.044206 0.389818
-0.036418 0.059257 0.337989
-0.032914 0.056468 0.340613
-0.032086 0.055207 0.343003
-0.030339 0.053444 0.345409
-0.029482 0.052191 0.347732
-0.027890 0.050389 0.350498
-0.027918 0.049647 0.352729
-0.027022 0.048404 0.354960
-0.026113 0.047164 0.357162
-0.025192 0.045927 0.359334
-0.025185 0.045194 0.361483
-0.025173 0.044463 0.363618
-0.025154 0.043733 0.365738
-0.026067 0.043502 0.367872
-0.026039 0.042775 0.369969
-0.026004 0.042049 0.372052
-0.026911 0.041821 0.374172
-0.029718 0.042582 0.376410
-0.040168 0.047292 0.379209
-0.041112 0.047054 0.381418
-0.041097 0.046324 0.383545
-0.041075 0.045595 0.385657
-0.041047 0.044867 0.387755
-0.039406 0.061850 0.336908
-0.033429 0.057471 0.340223
-0.031705 0.055698 0.342677
-0.030866 0.054437 0.345039
-0.029108 0.052673 0.347411
-0.027330 0.050914 0.349739
-0.027361 0.050170 0.351973
-0.026468 0.048924 0.354209
-0.025563 0.047680 0.356415
-0.024645 0.046440 0.358592
-0.024641 0.045705 0.360744
-0.024630 0.044972 0.362881
-0.024614 0.044240 0.365004
-0.024590 0.043510 0.367111
-0.025500 0.043281 0.369238
-0.025467 0.042553 0.371323
-0.026374 0.042325 0.373443
-0.026332 0.041599 0.375506
-0.039608 0.047818 0.378450
-0.040552 0.047579 0.380659
-0.041497 0.047341 0.382867
-0.041480 0.046610 0.384989
-0.041457 0.045880 0.387097
-0.041428 0.045151 0.389190
-0.033436 0.057867 0.340810
-0.031712 0.056090 0.343258
-0.029969 0.054318 0.345661
-0.029115 0.053059 0.347983
-0.027337 0.051296 0.350305
-0.026454 0.050045 0.352560
-0.025558 0.048796 0.354785
-0.024650 0.047551 0.356980
-0.024652 0.046813 0.359145
-0.023905 0.045527 0.361717
-0.023890 0.044794 0.363843
-0.023870 0.044062 0.365955
-0.024779 0.043832 0.368082
-0.024749 0.043103 0.370171
-0.024713 0.042375 0.372245
-0.025616 0.042147 0.374357
-0.024621 0.040924 0.376350
-0.039993 0.048105 0.379899
-0.040937 0.047866 0.382108
-0.041882 0.047628 0.384316
-0.040901 0.046401 0.386343
-0.040874 0.045671 0.388438
-0.033444 0.058263 0.341396
-0.030818 0.055971 0.343890
-0.029072 0.054196 0.346280
-0.028214 0.052936 0.348590
-0.026433 0.051170 0.350899
-0.025547 0.049916 0.353143
-0.024648 0.048666 0.355357
-0.024657 0.047925 0.357534
-0.023736 0.046681 0.359696
-0.022802 0.045439 0.361829
-0.022785 0.044705 0.363947
-0.022762 0.043973 0.366051
-0.023668 0.043744 0.368170
-0.024575 0.043515 0.370290
-0.024539 0.042786 0.372364
-0.024496 0.042058 0.374423
-0.023499 0.040833 0.376407
-0.039622 0.048582 0.379582
-0.040567 0.048344 0.381790
-0.041511 0.048106 0.383999
-0.041494 0.047372 0.386117
-0.041471 0.046639 0.388221
-0.032044 0.057535 0.343006
-0.030310 0.055753 0.345419
-0.028557 0.053976 0.347787
-0.026784 0.052204 0.350111
-0.025905 0.050946 0.352367
-0.025013 0.049691 0.354594
-0.024108 0.048440 0.356790
-0.023191 0.047192 0.358957
-0.022261 0.045947 0.361095
-0.022246 0.045211 0.363216
-0.022225 0.044477 0.365322
-0.022197 0.043744 0.367413
-0.023100 0.043516 0.369526
-0.023063 0.042786 0.371595
-0.023020 0.042057 0.373649
-0.022970 0.041330 0.375689
-0.039251 0.049060 0.379264
-0.040196 0.048821 0.381473
-0.041140 0.048583 0.383681
-0.041125 0.047847 0.385801
-0.041103 0.047113 0.387905
-0.033458 0.059056 0.342570
-0.031026 0.056705 0.345500
-0.028373 0.054410 0.347913
-0.025694 0.052121 0.350266
-0.024813 0.050862 0.352514
-0.023919 0.049605 0.354732
-0.023013 0.048352 0.356920
-0.023014 0.047610 0.359078
-0.022085 0.046362 0.361215
-0.021144 0.045118 0.363322
-0.021120 0.044383 0.365420
-0.022023 0.044155 0.367532
-0.021990 0.043422 0.369608
-0.021950 0.042691 0.371670
-0.021904 0.041962 0.373716
-0.021851 0.041234 0.375748
-0.039636 0.049347 0.380713
-0.040581 0.049108 0.382922
-0.041525 0.048870 0.385130
-0.041508 0.048133 0.387245
-0.041485 0.047398 0.389345
-0.032448 0.058224 0.345082
-0.028902 0.055407 0.347553
-0.026232 0.053111 0.349918
-0.024446 0.051334 0.352200
-0.023555 0.050075 0.354420
-0.022651 0.048818 0.356610
-0.022653 0.048075 0.358769
-0.021727 0.046824 0.360908
-0.020788 0.045576 0.363017
-0.020765 0.044839 0.365116
-0.020736 0.044104 0.367201
-0.021636 0.043877 0.369306
-0.021598 0.043145 0.371368
-0.021553 0.042414 0.373416
-0.020557 0.041180 0.375391
-0.039832 0.049681 0.381721
-0.040777 0.049443 0.383929
-0.040762 0.048704 0.386048
-0.041704 0.048467 0.388249
-0.041680 0.047731 0.390346
-0.029429 0.056407 0.347191
-0.026767 0.054104 0.349568
-0.024988 0.052321 0.351860
-0.023190 0.050544 0.354108
-0.022289 0.049284 0.356300
-0.022476 0.048493 0.358890
-0.021551 0.047239 0.361028
-0.020613 0.045989 0.363136
-0.020591 0.045251 0.365235
-0.020563 0.044514 0.367319
-0.020528 0.043779 0.369389
-0.020487 0.043046 0.371443
-0.020440 0.042314 0.373483
-0.020386 0.041584 0.375508
-0.039839 0.050063 0.382287
-0.039828 0.049323 0.384411
-0.040769 0.049085 0.386612
-0.041711 0.048848 0.388813
-0.034968 0.060615 0.345660
-0.027489 0.055052 0.349660
-0.024807 0.052748 0.351983
-0.023011 0.050967 0.354230
-0.022111 0.049704 0.356421
-0.022116 0.048958 0.358581
-0.021193 0.047701 0.360721
-0.019334 0.045935 0.362819
-0.019310 0.045196 0.364912
-0.019279 0.044459 0.366990
-0.019243 0.043723 0.369053
-0.019200 0.042989 0.371101
-0.020090 0.042765 0.373184
-0.019095 0.041526 0.375153
-0.038706 0.049988 0.382333
-0.039647 0.049751 0.384535
-0.040588 0.049514 0.386736
-0.041529 0.049276 0.388937
-0.042471 0.049039 0.391138
-0.026064 0.054305 0.351174
-0.022461 0.051483 0.353483
-0.022477 0.050733 0.355667
-0.021571 0.049469 0.357842
-0.020652 0.048208 0.359987
-0.019721 0.046951 0.362102
-0.018776 0.045697 0.364188
-0.018748 0.044958 0.366269
-0.018713 0.044220 0.368334
-0.018672 0.043484 0.370385
-0.018625 0.042750 0.372421
-0.018571 0.042018 0.374442
-0.038524 0.050417 0.382457
-0.039466 0.050180 0.384658
-0.039449 0.049437 0.386767
-0.040387 0.049201 0.388961
-0.042290 0.049467 0.391262
-0.027504 0.055821 0.350799
-0.022282 0.051906 0.353605
-0.022484 0.051107 0.356222
-0.021578 0.049841 0.358393
-0.019740 0.048062 0.360530
-0.018805 0.046803 0.362634
-0.018783 0.046061 0.364727
-0.018755 0.045321 0.366806
-0.017788 0.044069 0.368836
-0.017744 0.043333 0.370877
-0.017693 0.042598 0.372904
-0.037205 0.050385 0.382064
-0.038143 0.050148 0.384258
-0.039081 0.049912 0.386451
-0.040019 0.049675 0.388645
-0.040957 0.049439 0.390839
-0.028416 0.056727 0.351342
-0.022289 0.052282 0.354161
-0.022306 0.051529 0.356343
-0.021401 0.050259 0.358513
-0.019565 0.048476 0.360649
-0.018631 0.047214 0.362753
-0.017685 0.045955 0.364826
-0.017654 0.045214 0.366897
-0.017617 0.044475 0.368953
-0.017573 0.043737 0.370994
-0.017523 0.043001 0.373020
-0.036262 0.050255 0.382548
-0.037197 0.050020 0.384734
-0.039088 0.050291 0.387013
-0.040026 0.050055 0.389207
-0.028041 0.057209 0.351021
-0.021925 0.052751 0.353849
-0.021943 0.051996 0.356032
-0.021040 0.050724 0.358204
-0.019208 0.048936 0.360343
-0.018277 0.047671 0.362449
-0.017333 0.046409 0.364525
-0.017303 0.045666 0.366597
-0.017267 0.044925 0.368654
-0.016292 0.043671 0.370655
-0.016240 0.042934 0.372675
-0.036082 0.050681 0.382670
-0.037017 0.050445 0.384857
-0.037952 0.050209 0.387043
-0.038887 0.049974 0.389229
-0.027335 0.057024 0.352063
-0.021579 0.052464 0.355721
-0.020679 0.051189 0.357895
-0.019033 0.049350 0.360463
-0.018103 0.048082 0.362568
-0.017160 0.046817 0.364643
-0.017131 0.046073 0.366714
-0.016344 0.044769 0.369152
-0.016298 0.044029 0.371185
-0.016246 0.043291 0.373203
-0.034190 0.050036 0.383069
-0.036071 0.050313 0.385329
-0.037959 0.050588 0.387603
-0.038894 0.050352 0.389789
-0.021216 0.052932 0.355410
-0.021230 0.052176 0.357580
-0.019408 0.050378 0.359733
-0.017568 0.048584 0.361841
-0.017550 0.047836 0.363938
-0.016602 0.046570 0.365996
-0.015641 0.045307 0.368024
-0.015597 0.044565 0.370061
-0.015548 0.043825 0.372083
-0.031744 0.049525 0.382166
-0.033617 0.049805 0.384408
-0.035497 0.050084 0.386665
-0.037382 0.050361 0.388937
-0.021760 0.053925 0.355084
-0.021778 0.053167 0.357263
-0.019964 0.051363 0.359426
-0.017213 0.049041 0.361538
-0.017197 0.048291 0.363635
-0.016251 0.047022 0.365695
-0.015292 0.045755 0.367725
-0.015250 0.045012 0.369763
-0.015202 0.044270 0.371786
-0.031567 0.049944 0.382287
-0.033439 0.050226 0.384530
-0.035318 0.050506 0.386787
-0.037203 0.050785 0.389060
-0.021953 0.054254 0.356074
-0.021059 0.052969 0.358254
-0.018325 0.050638 0.360396
-0.016483 0.048837 0.362490
-0.016463 0.048087 0.364577
-0.015513 0.046816 0.366623
-0.014550 0.045548 0.368639
-0.014504 0.044805 0.370666
-0.029891 0.049987 0.381039
-0.030810 0.049755 0.383189
-0.032680 0.050039 0.385427
-0.034557 0.050321 0.387681
-0.022681 0.055205 0.356186
-0.020882 0.053389 0.358375
-0.017418 0.050480 0.360936
-0.016490 0.049201 0.363030
-0.015549 0.047925 0.365094
-0.015519 0.047176 0.367156
-0.014733 0.045862 0.369582
-0.027461 0.049460 0.380156
-0.029320 0.049748 0.382370
-0.031185 0.050034 0.384599
-0.033056 0.050319 0.386843
-0.022338 0.054912 0.358056
-0.018888 0.051993 0.360640
-0.016137 0.049656 0.362727
-0.015198 0.048377 0.364793
-0.015170 0.047627 0.366857
-0.014209 0.046353 0.368871
-0.021097 0.046890 0.378587
-0.027651 0.049784 0.381130
-0.029510 0.050073 0.383347
-0.031376 0.050360 0.385580
-0.022345 0.055288 0.358612
-0.018712 0.052409 0.360760
-0.015963 0.050066 0.362845
-0.015026 0.048784 0.364911
-0.014998 0.048032 0.366974
-0.014039 0.046756 0.368987
-0.020746 0.047342 0.378286
-0.026350 0.049724 0.380749
-0.028205 0.050015 0.382958
-0.030066 0.050305 0.385181
-0.020903 0.054509 0.360032
-0.016344 0.051096 0.362131
-0.014497 0.049281 0.364192
-0.014471 0.048527 0.366258
-0.013515 0.047247 0.368277
-0.013473 0.046498 0.370305
-0.025052 0.049660 0.380369
-0.026903 0.049954 0.382570
-0.028760 0.050246 0.384785
-0.017996 0.052570 0.362270
-0.014325 0.049688 0.364310
-0.014299 0.048933 0.366375
-0.013345 0.047650 0.368393
-0.013303 0.046899 0.370421
-0.025241 0.049982 0.381336
-0.027092 0.050276 0.383540
-0.015443 0.051295 0.363200
-0.014510 0.050004 0.365263
-0.013564 0.048717 0.367297
-0.013528 0.047963 0.369336
-0.022644 0.049479 0.380038
-0.025429 0.050303 0.382303
-0.014537 0.051125 0.363724
-0.013600 0.049833 0.365776
-0.013571 0.049076 0.367828
-0.012612 0.047790 0.369828
-0.014166 0.050818 0.365498
-0.013222 0.049525 0.367530
-0.012266 0.048235 0.369532
-0.013994 0.051225 0.365616
-0.013051 0.049929 0.367646
-0.012096 0.048636 0.369648
-0.014179 0.051541 0.366569
-0.013236 0.050243 0.368593
-0.015102 0.052442 0.367132
-0.013242 0.050602 0.369125
-0.013811 0.051590 0.368860
-0.012861 0.050289 0.370860
-0.012690 0.050691 0.370977
-0.044750 0.043414 0.373000
-0.027121 0.042599 0.366000
-0.024123 0.042599 0.366000
-0.021125 0.042599 0.366000
-0.047293 0.043554 0.369000
-0.044750 0.044026 0.373000
-0.041695 0.044026 0.373000
-0.028243 0.043082 0.365000
-0.025323 0.043200 0.366000
-0.022324 0.043200 0.366000
-0.019326 0.043200 0.366000
-0.016328 0.043200 0.366000
-0.046209 0.044280 0.370000
-0.043412 0.044519 0.372000
-0.030467 0.043442 0.363000
-0.027645 0.043681 0.365000
-0.024655 0.043681 0.365000
-0.021665 0.043681 0.365000
-0.018727 0.043801 0.366000
-0.015729 0.043801 0.366000
-0.048239 0.044524 0.367000
-0.045726 0.045009 0.371000
-0.042802 0.045130 0.372000
-0.031482 0.043796 0.361000
-0.028683 0.044038 0.363000
-0.025851 0.044281 0.365000
-0.022861 0.044281 0.365000
-0.019872 0.044281 0.365000
-0.016928 0.044402 0.366000
-0.013930 0.044402 0.366000
-0.048708 0.045004 0.366000
-0.046209 0.045495 0.370000
-0.043295 0.045618 0.371000
-0.035425 0.044143 0.359000
-0.032484 0.044143 0.359000
-0.029790 0.044512 0.362000
-0.026899 0.044635 0.363000
-0.023395 0.044758 0.364000
-0.020413 0.044758 0.364000
-0.017480 0.044881 0.365000
-0.014529 0.045004 0.366000
-0.050966 0.045480 0.365000
-0.048239 0.045729 0.367000
-0.045480 0.045979 0.369000
-0.042572 0.046103 0.370000
-0.038304 0.045355 0.364000
-0.034740 0.044608 0.358000
-0.031896 0.044732 0.359000
-0.029117 0.044982 0.361000
-0.026232 0.045106 0.362000
-0.023331 0.045231 0.363000
-0.020413 0.045355 0.364000
-0.017480 0.045480 0.365000
-0.014490 0.045480 0.365000
-0.052616 0.045953 0.364000
-0.049770 0.046080 0.365000
-0.047037 0.046332 0.367000
-0.044271 0.046585 0.369000
-0.039279 0.045701 0.362000
-0.035812 0.045070 0.357000
-0.032980 0.045196 0.358000
-0.030215 0.045448 0.360000
-0.027342 0.045575 0.361000
-0.024453 0.045701 0.362000
-0.021487 0.045701 0.362000
-0.018624 0.045953 0.364000
-0.015686 0.046080 0.365000
-0.054699 0.046296 0.362000
-0.052019 0.046551 0.364000
-0.049172 0.046679 0.365000
-0.046436 0.046935 0.367000
-0.043548 0.047063 0.368000
-0.039982 0.046423 0.363000
-0.036295 0.045528 0.356000
-0.033473 0.045656 0.357000
-0.030634 0.045784 0.358000
-0.027779 0.045912 0.359000
-0.024907 0.046040 0.360000
-0.022019 0.046168 0.361000
-0.019168 0.046423 0.363000
-0.016239 0.046551 0.364000
-0.013294 0.046679 0.365000
-0.053066 0.047020 0.363000
-0.050368 0.047279 0.365000
-0.047508 0.047408 0.366000
-0.044753 0.047667 0.368000
-0.040718 0.046502 0.359000
-0.037357 0.045983 0.355000
-0.033962 0.046113 0.356000
-0.031133 0.046242 0.357000
-0.028288 0.046372 0.358000
-0.025426 0.046502 0.359000
-0.022548 0.046631 0.360000
-0.019708 0.046890 0.362000
-0.016835 0.047149 0.364000
-0.013854 0.047149 0.364000
-0.053661 0.047616 0.363000
-0.050827 0.047747 0.364000
-0.048108 0.048009 0.366000
-0.044863 0.047747 0.364000
-0.041191 0.046960 0.358000
-0.037831 0.046435 0.354000
-0.034931 0.046435 0.354000
-0.032122 0.046567 0.355000
-0.029297 0.046698 0.356000
-0.026454 0.046829 0.357000
-0.023596 0.046960 0.358000
-0.020779 0.047222 0.360000
-0.017979 0.047616 0.363000
-0.015005 0.047616 0.363000
-0.054699 0.048079 0.362000
-0.051876 0.048212 0.363000
-0.049038 0.048345 0.364000
-0.045929 0.048212 0.363000
-0.043074 0.048345 0.364000
-0.038771 0.046751 0.352000
-0.035989 0.046884 0.353000
-0.033098 0.046884 0.353000
-0.030377 0.047150 0.355000
-0.027547 0.047282 0.356000
-0.024700 0.047415 0.357000
-0.021836 0.047548 0.358000
-0.019062 0.047947 0.361000
-0.016194 0.048212 0.363000
-0.013257 0.048345 0.364000
-0.053513 0.048674 0.362000
-0.050547 0.048674 0.362000
-0.047451 0.048540 0.361000
-0.044247 0.048271 0.359000
-0.040271 0.047060 0.350000
-0.037511 0.047195 0.351000
-0.034734 0.047329 0.352000
-0.031941 0.047464 0.353000
-0.029132 0.047598 0.354000
-0.026306 0.047733 0.355000
-0.023464 0.047867 0.356000
-0.020721 0.048271 0.359000
-0.017929 0.048674 0.362000
-0.015005 0.048808 0.363000
-0.054548 0.049132 0.361000
-0.051591 0.049132 0.361000
-0.048903 0.049405 0.363000
-0.043015 0.047499 0.349000
-0.040041 0.047363 0.348000
-0.037404 0.047635 0.350000
-0.034635 0.047771 0.351000
-0.031851 0.047908 0.352000
-0.029050 0.048044 0.353000
-0.026232 0.048180 0.354000
-0.023398 0.048316 0.355000
-0.020663 0.048724 0.358000
-0.017880 0.049132 0.361000
-0.015005 0.049405 0.363000
-0.060676 0.045455 0.330000
-0.052481 0.049450 0.359000
-0.049678 0.049588 0.360000
-0.045691 0.048486 0.352000
-0.042200 0.047797 0.347000
-0.039471 0.047935 0.348000
-0.036725 0.048073 0.349000
-0.033963 0.048210 0.350000
-0.031185 0.048348 0.351000
-0.028391 0.048486 0.352000
-0.025580 0.048624 0.353000
-0.022817 0.048899 0.355000
-0.020077 0.049312 0.358000
-0.017288 0.049725 0.361000
-0.014410 0.050001 0.363000
-0.063029 0.046137 0.331000
-0.060136 0.045997 0.330000
-0.057258 0.045858 0.329000
-0.052481 0.050040 0.359000
-0.047286 0.048925 0.351000
-0.043779 0.048228 0.346000
-0.040944 0.048228 0.346000
-0.038220 0.048367 0.347000
-0.035480 0.048506 0.348000
-0.032723 0.048646 0.349000
-0.029950 0.048785 0.350000
-0.027237 0.049064 0.352000
-0.024423 0.049203 0.353000
-0.021714 0.049622 0.356000
-0.018957 0.050040 0.359000
-0.016150 0.050458 0.362000
-0.065198 0.046681 0.331000
-0.062298 0.046540 0.330000
-0.059414 0.046398 0.329000
-0.056719 0.046398 0.329000
-0.049587 0.049501 0.351000
-0.046179 0.048937 0.347000
-0.042522 0.048655 0.345000
-0.039695 0.048655 0.345000
-0.036976 0.048796 0.346000
-0.034241 0.048937 0.347000
-0.031579 0.049219 0.349000
-0.028803 0.049360 0.350000
-0.026010 0.049501 0.351000
-0.023332 0.049924 0.354000
-0.020548 0.050206 0.356000
-0.017830 0.050770 0.360000
-0.015005 0.051193 0.363000
-0.064461 0.047082 0.330000
-0.061758 0.047082 0.330000
-0.058875 0.046939 0.329000
-0.056180 0.046939 0.329000
-0.053486 0.046939 0.329000
-0.048022 0.049650 0.348000
-0.044653 0.049079 0.344000
-0.041835 0.049079 0.344000
-0.039130 0.049222 0.345000
-0.036409 0.049364 0.346000
-0.033672 0.049507 0.347000
-0.030919 0.049650 0.348000
-0.028149 0.049792 0.349000
-0.025435 0.050078 0.351000
-0.022752 0.050506 0.354000
-0.019965 0.050791 0.356000
-0.017240 0.051362 0.360000
-0.065882 0.047479 0.329000
-0.063187 0.047479 0.329000
-0.060492 0.047479 0.329000
-0.057797 0.047479 0.329000
-0.055102 0.047479 0.329000
-0.049304 0.049788 0.345000
-0.046343 0.049644 0.344000
-0.043399 0.049500 0.343000
-0.040708 0.049644 0.344000
-0.037890 0.049644 0.344000
-0.035174 0.049788 0.345000
-0.032442 0.049933 0.346000
-0.029778 0.050221 0.348000
-0.027083 0.050510 0.350000
-0.024354 0.050799 0.352000
-0.021653 0.051231 0.355000
-0.018851 0.051520 0.357000
-0.016150 0.052242 0.362000
-0.064804 0.048020 0.329000
-0.062109 0.048020 0.329000
-0.059414 0.048020 0.329000
-0.056719 0.048020 0.329000
-0.054024 0.048020 0.329000
-0.047194 0.049917 0.342000
-0.044393 0.049917 0.342000
-0.041592 0.049917 0.342000
-0.038903 0.050063 0.343000
-0.036199 0.050209 0.344000
-0.033478 0.050355 0.345000
-0.030741 0.050501 0.346000
-0.028068 0.050793 0.348000
-0.025435 0.051231 0.351000
-0.022688 0.051523 0.353000
-0.019909 0.051815 0.355000
-0.017240 0.052544 0.360000
-0.065482 0.048265 0.327000
-0.062995 0.048413 0.328000
-0.060492 0.048560 0.329000
-0.057797 0.048560 0.329000
-0.055102 0.048560 0.329000
-0.048732 0.050331 0.341000
-0.045939 0.050331 0.341000
-0.043146 0.050331 0.341000
-0.040353 0.050331 0.341000
-0.037669 0.050479 0.342000
-0.034970 0.050627 0.343000
-0.032254 0.050774 0.344000
-0.029607 0.051069 0.346000
-0.027005 0.051512 0.349000
-0.024285 0.051807 0.351000
-0.021592 0.052250 0.354000
-0.018851 0.052693 0.357000
-0.067418 0.048653 0.326000
-0.064946 0.048802 0.327000
-0.062458 0.048951 0.328000
-0.059771 0.048951 0.328000
-0.057258 0.049101 0.329000
-0.054563 0.049101 0.329000
-0.047336 0.050593 0.339000
-0.044559 0.050593 0.339000
-0.041905 0.050742 0.340000
-0.039235 0.050891 0.341000
-0.036442 0.050891 0.341000
-0.033747 0.051041 0.342000
-0.031127 0.051339 0.344000
-0.028474 0.051638 0.346000
-0.025862 0.052085 0.349000
-0.023201 0.052533 0.352000
-0.020433 0.052832 0.354000
-0.017830 0.053727 0.360000
-0.065816 0.049188 0.326000
-0.063339 0.049339 0.327000
-0.060660 0.049339 0.327000
-0.058159 0.049490 0.328000
-0.055102 0.049641 0.329000
-0.048018 0.050697 0.336000
-0.045535 0.050999 0.338000
-0.042893 0.051150 0.339000
-0.040116 0.051150 0.339000
-0.037449 0.051301 0.340000
-0.034766 0.051452 0.341000
-0.032160 0.051753 0.343000
-0.029522 0.052055 0.345000
-0.026928 0.052508 0.348000
-0.024285 0.052960 0.351000
-0.021532 0.053262 0.353000
-0.018851 0.053866 0.357000
-0.066679 0.049571 0.325000
-0.064214 0.049724 0.326000
-0.061732 0.049876 0.327000
-0.059053 0.049876 0.327000
-0.056547 0.050029 0.328000
-0.054024 0.050181 0.329000
-0.051954 0.050791 0.333000
-0.049226 0.050791 0.333000
-0.046777 0.051097 0.335000
-0.044165 0.051249 0.336000
-0.041659 0.051554 0.338000
-0.039005 0.051707 0.339000
-0.036335 0.051859 0.340000
-0.033649 0.052012 0.341000
-0.031036 0.052317 0.343000
-0.028474 0.052774 0.346000
-0.025862 0.053232 0.349000
-0.023266 0.053842 0.353000
-0.020433 0.053995 0.354000
-0.067744 0.050105 0.325000
-0.065081 0.050105 0.325000
-0.062611 0.050259 0.326000
-0.060125 0.050413 0.327000
-0.057622 0.050568 0.328000
-0.055102 0.050722 0.329000
-0.052726 0.051030 0.331000
-0.050166 0.051184 0.332000
-0.047589 0.051338 0.333000
-0.045131 0.051647 0.335000
-0.042513 0.051801 0.336000
-0.039879 0.051955 0.337000
-0.037229 0.052109 0.338000
-0.034664 0.052418 0.340000
-0.032066 0.052726 0.342000
-0.029436 0.053034 0.344000
-0.026928 0.053651 0.348000
-0.024285 0.054113 0.351000
-0.021532 0.054422 0.353000
-0.068597 0.050483 0.324000
-0.066146 0.050639 0.325000
-0.063484 0.050639 0.325000
-0.061009 0.050795 0.326000
-0.058518 0.050951 0.327000
-0.056010 0.051106 0.328000
-0.053486 0.051262 0.329000
-0.051099 0.051574 0.331000
-0.048534 0.051730 0.332000
-0.045953 0.051885 0.333000
-0.043484 0.052197 0.335000
-0.040862 0.052353 0.336000
-0.038223 0.052509 0.337000
-0.035673 0.052820 0.339000
-0.033090 0.053132 0.341000
-0.030474 0.053444 0.343000
-0.027907 0.053911 0.346000
-0.025362 0.054534 0.350000
-0.022688 0.055002 0.353000
-0.069658 0.051015 0.324000
-0.067004 0.051015 0.324000
-0.064350 0.051015 0.324000
-0.061696 0.051015 0.324000
-0.059407 0.051330 0.326000
-0.056910 0.051488 0.327000
-0.054398 0.051645 0.328000
-0.052026 0.051960 0.330000
-0.049472 0.052117 0.331000
-0.046902 0.052275 0.332000
-0.044316 0.052432 0.333000
-0.041838 0.052747 0.335000
-0.039210 0.052905 0.336000
-0.036567 0.053062 0.337000
-0.034007 0.053377 0.339000
-0.031506 0.053849 0.342000
-0.028873 0.054164 0.344000
-0.026433 0.054952 0.349000
-0.023777 0.055424 0.352000
-0.070720 0.051548 0.324000
-0.068066 0.051548 0.324000
-0.065412 0.051548 0.324000
-0.062564 0.051388 0.323000
-0.060104 0.051548 0.324000
-0.057805 0.051866 0.326000
-0.055472 0.052184 0.328000
-0.052947 0.052343 0.329000
-0.050404 0.052502 0.330000
-0.047846 0.052661 0.331000
-0.045271 0.052820 0.332000
-0.042679 0.052979 0.333000
-0.040191 0.053298 0.335000
-0.037009 0.053457 0.336000
-0.034562 0.053934 0.339000
-0.031973 0.054252 0.341000
-0.029436 0.054729 0.344000
-0.026928 0.055366 0.348000
-0.024354 0.056002 0.352000
-0.071782 0.052080 0.324000
-0.069128 0.052080 0.324000
-0.066268 0.051919 0.323000
-0.063623 0.051919 0.323000
-0.060977 0.051919 0.323000
-0.058692 0.052240 0.325000
-0.056375 0.052562 0.327000
-0.053860 0.052723 0.328000
-0.051330 0.052883 0.329000
-0.048782 0.053044 0.330000
-0.046219 0.053205 0.331000
-0.043639 0.053366 0.332000
-0.041166 0.053687 0.334000
-0.038545 0.053848 0.335000
-0.036015 0.054169 0.337000
-0.033451 0.054491 0.339000
-0.030946 0.054973 0.342000
-0.028474 0.055616 0.346000
-0.025936 0.056259 0.350000
-0.073601 0.052774 0.325000
-0.070720 0.052612 0.324000
-0.067856 0.052450 0.323000
-0.065008 0.052287 0.322000
-0.062371 0.052287 0.322000
-0.059918 0.052450 0.323000
-0.057627 0.052774 0.325000
-0.055303 0.053099 0.327000
-0.052786 0.053261 0.328000
-0.050252 0.053424 0.329000
-0.047557 0.053424 0.329000
-0.045134 0.053749 0.331000
-0.042551 0.053911 0.332000
-0.040071 0.054236 0.334000
-0.037447 0.054398 0.335000
-0.034910 0.054723 0.337000
-0.032531 0.055372 0.341000
-0.029912 0.055697 0.343000
-0.027498 0.056509 0.348000
-0.024931 0.057159 0.352000
-0.071782 0.053144 0.324000
-0.068914 0.052980 0.323000
-0.066063 0.052816 0.322000
-0.063229 0.052652 0.321000
-0.060788 0.052816 0.322000
-0.058512 0.053144 0.324000
-0.055668 0.053472 0.326000
-0.053160 0.053636 0.327000
-0.050482 0.053636 0.327000
-0.047949 0.053800 0.328000
-0.045539 0.054128 0.330000
-0.042965 0.054292 0.331000
-0.040497 0.054620 0.333000
-0.037996 0.054948 0.335000
-0.035462 0.055276 0.337000
-0.032993 0.055768 0.340000
-0.030474 0.056261 0.343000
-0.027987 0.056917 0.347000
-0.075125 0.054173 0.327000
-0.071782 0.053676 0.324000
-0.068701 0.053345 0.322000
-0.065858 0.053179 0.321000
-0.063229 0.053179 0.321000
-0.060599 0.053179 0.321000
-0.058331 0.053511 0.323000
-0.056030 0.053842 0.325000
-0.053532 0.054008 0.326000
-0.050861 0.054008 0.326000
-0.048339 0.054173 0.327000
-0.045940 0.054505 0.329000
-0.043376 0.054670 0.330000
-0.040919 0.055002 0.332000
-0.038430 0.055333 0.334000
-0.035908 0.055664 0.336000
-0.033451 0.056161 0.339000
-0.031036 0.056824 0.343000
-0.028556 0.057487 0.347000
-0.076429 0.054878 0.328000
-0.072843 0.054208 0.324000
-0.069756 0.053874 0.322000
-0.066910 0.053707 0.321000
-0.064080 0.053539 0.320000
-0.061459 0.053539 0.320000
-0.059022 0.053707 0.321000
-0.056743 0.054041 0.323000
-0.054433 0.054376 0.325000
-0.051770 0.054376 0.325000
-0.049259 0.054543 0.326000
-0.046732 0.054710 0.327000
-0.044323 0.055045 0.329000
-0.041881 0.055380 0.331000
-0.039406 0.055714 0.333000
-0.036898 0.056049 0.335000
-0.034460 0.056551 0.338000
-0.031973 0.057053 0.341000
-0.029607 0.057889 0.346000
-0.075429 0.055079 0.326000
-0.072089 0.054572 0.323000
-0.065970 0.053896 0.319000
-0.063357 0.053896 0.319000
-0.060935 0.054065 0.320000
-0.058496 0.054234 0.321000
-0.056214 0.054572 0.323000
-0.053734 0.054741 0.324000
-0.051238 0.054910 0.325000
-0.048725 0.055079 0.326000
-0.046196 0.055248 0.327000
-0.043784 0.055585 0.329000
-0.041338 0.055923 0.331000
-0.038860 0.056261 0.333000
-0.036350 0.056599 0.335000
-0.034007 0.057275 0.339000
-0.031690 0.058120 0.344000
-0.029208 0.058796 0.348000
-0.074133 0.055443 0.325000
-0.069272 0.053738 0.315000
-0.066903 0.053908 0.316000
-0.064722 0.054249 0.318000
-0.062312 0.054420 0.319000
-0.059699 0.054420 0.319000
-0.057444 0.054761 0.321000
-0.054985 0.054932 0.322000
-0.052510 0.055102 0.323000
-0.050019 0.055273 0.324000
-0.047657 0.055614 0.326000
-0.045125 0.055785 0.327000
-0.042706 0.056126 0.329000
-0.040375 0.056638 0.332000
-0.037883 0.056979 0.334000
-0.035462 0.057491 0.337000
-0.032993 0.058002 0.340000
-0.030741 0.059026 0.346000
-0.074797 0.053049 0.308000
-0.071769 0.053049 0.308000
-0.068240 0.054255 0.315000
-0.065659 0.054255 0.315000
-0.063479 0.054599 0.317000
-0.061075 0.054772 0.318000
-0.058654 0.054944 0.319000
-0.056216 0.055116 0.320000
-0.053930 0.055461 0.322000
-0.051452 0.055633 0.323000
-0.048957 0.055805 0.324000
-0.046589 0.056150 0.326000
-0.044188 0.056494 0.328000
-0.041754 0.056839 0.330000
-0.039406 0.057355 0.333000
-0.036350 0.057700 0.335000
-0.034007 0.058389 0.339000
-0.031783 0.059422 0.345000
-0.075546 0.053729 0.309000
-0.072778 0.053555 0.308000
-0.070255 0.053555 0.308000
-0.066567 0.054251 0.312000
-0.064217 0.054425 0.313000
-0.062441 0.055120 0.317000
-0.060033 0.055294 0.318000
-0.057609 0.055468 0.319000
-0.055168 0.055642 0.320000
-0.052875 0.055990 0.322000
-0.050393 0.056163 0.323000
-0.047895 0.056337 0.324000
-0.045521 0.056685 0.326000
-0.043113 0.057033 0.328000
-0.040796 0.057554 0.331000
-0.038315 0.057902 0.333000
-0.035908 0.058424 0.336000
-0.033649 0.059293 0.341000
-0.077064 0.054237 0.309000
-0.074533 0.054237 0.309000
-0.071769 0.054061 0.308000
-0.069246 0.054061 0.308000
-0.066940 0.054237 0.309000
-0.064523 0.054763 0.312000
-0.062563 0.055290 0.315000
-0.060363 0.055641 0.317000
-0.057949 0.055816 0.318000
-0.055518 0.055992 0.319000
-0.053237 0.056343 0.321000
-0.050765 0.056518 0.322000
-0.048426 0.056869 0.324000
-0.046055 0.057221 0.326000
-0.043650 0.057572 0.328000
-0.041213 0.057923 0.330000
-0.038860 0.058449 0.333000
-0.036458 0.058976 0.336000
-0.034107 0.059678 0.340000
-0.076558 0.054744 0.309000
-0.074027 0.054744 0.309000
-0.071264 0.054567 0.308000
-0.068742 0.054567 0.308000
-0.066434 0.054744 0.309000
-0.064316 0.055099 0.311000
-0.062364 0.055630 0.314000
-0.060173 0.055984 0.316000
-0.057767 0.056162 0.317000
-0.055344 0.056339 0.318000
-0.053071 0.056693 0.320000
-0.050237 0.057047 0.322000
-0.047895 0.057402 0.324000
-0.045521 0.057756 0.326000
-0.043113 0.058110 0.328000
-0.040673 0.058465 0.330000
-0.038315 0.058996 0.333000
-0.036121 0.059882 0.338000
-0.033846 0.060768 0.343000
-0.075546 0.055252 0.309000
-0.073015 0.055252 0.309000
-0.070255 0.055073 0.308000
-0.067732 0.055073 0.308000
-0.065421 0.055252 0.309000
-0.063297 0.055609 0.311000
-0.061335 0.056146 0.314000
-0.059138 0.056503 0.316000
-0.056728 0.056682 0.317000
-0.054302 0.056861 0.318000
-0.052022 0.057219 0.320000
-0.049555 0.057397 0.321000
-0.047365 0.057934 0.324000
-0.044987 0.058291 0.326000
-0.042576 0.058649 0.328000
-0.040254 0.059186 0.331000
-0.037883 0.059722 0.334000
-0.035673 0.060616 0.339000
-0.077314 0.055940 0.310000
-0.074533 0.055759 0.309000
-0.071769 0.055579 0.308000
-0.069246 0.055579 0.308000
-0.066723 0.055579 0.308000
-0.064409 0.055759 0.309000
-0.062478 0.056301 0.312000
-0.060307 0.056662 0.314000
-0.057918 0.056842 0.315000
-0.055514 0.057022 0.316000
-0.053260 0.057383 0.318000
-0.050974 0.057744 0.320000
-0.048655 0.058105 0.322000
-0.046446 0.058647 0.325000
-0.044053 0.059007 0.327000
-0.041628 0.059368 0.329000
-0.039406 0.060090 0.333000
-0.037119 0.060812 0.337000
-0.079346 0.056813 0.312000
-0.076298 0.056449 0.310000
-0.073521 0.056267 0.309000
-0.070760 0.056085 0.308000
-0.068237 0.056085 0.308000
-0.065714 0.056085 0.308000
-0.063396 0.056267 0.309000
-0.060945 0.056813 0.312000
-0.058763 0.057177 0.314000
-0.056370 0.057359 0.315000
-0.054131 0.057724 0.317000
-0.051860 0.058088 0.319000
-0.049555 0.058452 0.321000
-0.047218 0.058816 0.323000
-0.044987 0.059362 0.326000
-0.042576 0.059727 0.328000
-0.040254 0.060273 0.331000
-0.037996 0.061001 0.335000
-0.080884 0.057693 0.314000
-0.077563 0.057142 0.311000
-0.074774 0.056958 0.310000
-0.072002 0.056774 0.309000
-0.069246 0.056591 0.308000
-0.066723 0.056591 0.308000
-0.064200 0.056591 0.308000
-0.062078 0.056958 0.310000
-0.059922 0.057326 0.312000
-0.057734 0.057693 0.314000
-0.055338 0.057877 0.315000
-0.053093 0.058244 0.317000
-0.050815 0.058612 0.319000
-0.048504 0.058979 0.321000
-0.046303 0.059530 0.324000
-0.043918 0.059898 0.326000
-0.041628 0.060449 0.329000
-0.039406 0.061184 0.333000
-0.082689 0.058394 0.315000
-0.079600 0.058023 0.313000
-0.076790 0.057838 0.312000
-0.073759 0.057467 0.310000
-0.070990 0.057282 0.309000
-0.068237 0.057097 0.308000
-0.065714 0.057097 0.308000
-0.063191 0.057097 0.308000
-0.061062 0.057467 0.310000
-0.058900 0.057838 0.312000
-0.056706 0.058209 0.314000
-0.054306 0.058394 0.315000
-0.052054 0.058765 0.317000
-0.049925 0.059321 0.320000
-0.047600 0.059692 0.322000
-0.045381 0.060248 0.325000
-0.042982 0.060619 0.327000
-0.040796 0.061360 0.331000
-0.084238 0.058912 0.315000
-0.081398 0.058725 0.314000
-0.078324 0.058351 0.312000
-0.075525 0.058164 0.311000
-0.072002 0.057790 0.309000
-0.069471 0.057790 0.309000
-0.066723 0.057603 0.308000
-0.064200 0.057603 0.308000
-0.061877 0.057790 0.309000
-0.059730 0.058164 0.311000
-0.057551 0.058538 0.313000
-0.055162 0.058725 0.314000
-0.052925 0.059099 0.316000
-0.050815 0.059660 0.319000
-0.048504 0.060034 0.321000
-0.046160 0.060408 0.323000
-0.044053 0.061156 0.327000
-0.041754 0.061717 0.330000
-0.084215 0.059052 0.313000
-0.081912 0.059240 0.314000
-0.079088 0.059052 0.313000
-0.076279 0.058863 0.312000
-0.073487 0.058674 0.311000
-0.070483 0.058297 0.309000
-0.067732 0.058108 0.308000
-0.064998 0.057920 0.307000
-0.062686 0.058108 0.308000
-0.060554 0.058486 0.310000
-0.058202 0.058674 0.311000
-0.056012 0.059052 0.313000
-0.053790 0.059429 0.315000
-0.051535 0.059806 0.317000
-0.049401 0.060372 0.320000
-0.047072 0.060750 0.322000
-0.044987 0.061504 0.326000
-0.042706 0.062070 0.329000
-0.040497 0.062825 0.333000
-0.082941 0.059756 0.314000
-0.080113 0.059566 0.313000
-0.077301 0.059376 0.312000
-0.074506 0.059185 0.311000
-0.071496 0.058805 0.309000
-0.068742 0.058614 0.308000
-0.066004 0.058424 0.307000
-0.063489 0.058424 0.307000
-0.061371 0.058805 0.309000
-0.059221 0.059185 0.311000
-0.056856 0.059376 0.312000
-0.054648 0.059756 0.314000
-0.052407 0.060137 0.316000
-0.050292 0.060708 0.319000
-0.047978 0.061088 0.321000
-0.045913 0.061850 0.325000
-0.043517 0.062230 0.327000
-0.041338 0.062991 0.331000
-0.082164 0.060080 0.313000
-0.079600 0.060080 0.313000
-0.076790 0.059888 0.312000
-0.073759 0.059504 0.310000
-0.070990 0.059312 0.309000
-0.068237 0.059120 0.308000
-0.065501 0.058928 0.307000
-0.062986 0.058928 0.307000
-0.060668 0.059120 0.308000
-0.058523 0.059504 0.310000
-0.056344 0.059888 0.312000
-0.054133 0.060272 0.314000
-0.052054 0.060848 0.317000
-0.049769 0.061232 0.319000
-0.047452 0.061616 0.321000
-0.045381 0.062383 0.325000
-0.043113 0.062959 0.328000
-0.083168 0.060207 0.311000
-0.081139 0.060594 0.313000
-0.078324 0.060401 0.312000
-0.075525 0.060207 0.311000
-0.072743 0.060013 0.310000
-0.069751 0.059626 0.308000
-0.067009 0.059433 0.307000
-0.064285 0.059239 0.306000
-0.061980 0.059433 0.307000
-0.059853 0.059820 0.309000
-0.057692 0.060207 0.311000
-0.055499 0.060594 0.313000
-0.053274 0.060981 0.315000
-0.051015 0.061368 0.317000
-0.048877 0.061949 0.320000
-0.046545 0.062336 0.322000
-0.044589 0.063304 0.327000
-0.085340 0.059742 0.306000
-0.083916 0.060523 0.310000
-0.081902 0.060913 0.312000
-0.079346 0.060913 0.312000
-0.076544 0.060718 0.311000
-0.073759 0.060523 0.310000
-0.070760 0.060132 0.308000
-0.068015 0.059937 0.307000
-0.065287 0.059742 0.306000
-0.062781 0.059742 0.306000
-0.060471 0.059937 0.307000
-0.058334 0.060327 0.309000
-0.056164 0.060718 0.311000
-0.054133 0.061303 0.314000
-0.051890 0.061694 0.316000
-0.049769 0.062280 0.319000
-0.047452 0.062670 0.321000
-0.045125 0.063842 0.327000
-0.086060 0.060047 0.305000
-0.084110 0.060441 0.307000
-0.082393 0.061032 0.310000
-0.080111 0.061229 0.311000
-0.077314 0.061032 0.310000
-0.074774 0.061032 0.310000
-0.071769 0.060638 0.308000
-0.069021 0.060441 0.307000
-0.066290 0.060244 0.306000
-0.063783 0.060244 0.306000
-0.061277 0.060244 0.306000
-0.059154 0.060638 0.308000
-0.056999 0.061032 0.310000
-0.054987 0.061622 0.313000
-0.052758 0.062016 0.315000
-0.050655 0.062607 0.318000
-0.048353 0.063001 0.320000
-0.046303 0.063788 0.324000
-0.086774 0.060350 0.304000
-0.084561 0.060548 0.305000
-0.082870 0.061144 0.308000
-0.080869 0.061541 0.310000
-0.078330 0.061541 0.310000
-0.075546 0.061342 0.309000
-0.072778 0.061144 0.308000
-0.069799 0.060747 0.306000
-0.067073 0.060548 0.305000
-0.064574 0.060548 0.305000
-0.062279 0.060747 0.306000
-0.059968 0.060945 0.307000
-0.057828 0.061342 0.309000
-0.055833 0.061938 0.312000
-0.053619 0.062335 0.314000
-0.051535 0.062931 0.317000
-0.049247 0.063328 0.319000
-0.047072 0.063923 0.322000
-0.087978 0.060649 0.303000
-0.085778 0.060849 0.304000
-0.083836 0.061250 0.306000
-0.081861 0.061650 0.308000
-0.079596 0.061850 0.309000
-0.076815 0.061650 0.308000
-0.074051 0.061450 0.307000
-0.071303 0.061250 0.306000
-0.068347 0.060849 0.304000
-0.065857 0.060849 0.304000
-0.063575 0.061049 0.305000
-0.061277 0.061250 0.306000
-0.058962 0.061450 0.307000
-0.056999 0.062050 0.310000
-0.054474 0.062651 0.313000
-0.052407 0.063251 0.316000
-0.050134 0.063651 0.318000
-0.047978 0.064252 0.321000
-0.088474 0.061147 0.303000
-0.086276 0.061349 0.304000
-0.084062 0.061550 0.305000
-0.082098 0.061954 0.307000
-0.079843 0.062156 0.308000
-0.077069 0.061954 0.307000
-0.074311 0.061752 0.306000
-0.071804 0.061752 0.306000
-0.068618 0.061147 0.303000
-0.066136 0.061147 0.303000
-0.063864 0.061349 0.304000
-0.061576 0.061550 0.305000
-0.059465 0.061954 0.307000
-0.057321 0.062358 0.309000
-0.055322 0.062963 0.312000
-0.053274 0.063568 0.315000
-0.051176 0.064174 0.318000
-0.048877 0.064577 0.320000
-0.089172 0.061441 0.302000
-0.086985 0.061644 0.303000
-0.084782 0.061848 0.304000
-0.082833 0.062255 0.306000
-0.080327 0.062255 0.306000
-0.077820 0.062255 0.306000
-0.074821 0.061848 0.304000
-0.072093 0.061644 0.303000
-0.069381 0.061441 0.302000
-0.066908 0.061441 0.302000
-0.064647 0.061644 0.303000
-0.062370 0.061848 0.304000
-0.060274 0.062255 0.306000
-0.058145 0.062662 0.308000
-0.056164 0.063272 0.311000
-0.054133 0.063882 0.314000
-0.052054 0.064493 0.317000
-0.049925 0.065103 0.320000
-0.089863 0.061732 0.301000
-0.087688 0.061937 0.302000
-0.085496 0.062142 0.303000
-0.083288 0.062347 0.304000
-0.081064 0.062552 0.305000
-0.078565 0.062552 0.305000
-0.075817 0.062347 0.304000
-0.072845 0.061937 0.302000
-0.069905 0.061527 0.300000
-0.067448 0.061527 0.300000
-0.065423 0.061937 0.302000
-0.062662 0.062142 0.303000
-0.060577 0.062552 0.305000
-0.058459 0.062962 0.307000
-0.056491 0.063578 0.310000
-0.054474 0.064193 0.313000
-0.052407 0.064808 0.316000
-0.050292 0.065424 0.319000
-0.090356 0.062226 0.301000
-0.087891 0.062226 0.301000
-0.085709 0.062433 0.302000
-0.083510 0.062640 0.303000
-0.081028 0.062640 0.303000
-0.078806 0.062847 0.304000
-0.076064 0.062640 0.303000
-0.072854 0.062020 0.300000
-0.070162 0.061813 0.299000
-0.067486 0.061606 0.298000
-0.065482 0.062020 0.300000
-0.063444 0.062433 0.302000
-0.061374 0.062847 0.304000
-0.059271 0.063260 0.306000
-0.057321 0.063880 0.309000
-0.055322 0.064500 0.312000
-0.053443 0.065327 0.316000
-0.051337 0.065948 0.319000
-0.091039 0.062512 0.300000
-0.088581 0.062512 0.300000
-0.086698 0.062929 0.302000
-0.084224 0.062929 0.302000
-0.081751 0.062929 0.302000
-0.079277 0.062929 0.302000
-0.076294 0.062512 0.300000
-0.073591 0.062304 0.299000
-0.070904 0.062096 0.298000
-0.068233 0.061887 0.297000
-0.066243 0.062304 0.299000
-0.064220 0.062721 0.301000
-0.062165 0.063138 0.303000
-0.060077 0.063554 0.305000
-0.058145 0.064179 0.308000
-0.056164 0.064805 0.311000
-0.054133 0.065430 0.314000
-0.052218 0.066263 0.318000
-0.091039 0.063005 0.300000
-0.088581 0.063005 0.300000
-0.086411 0.063215 0.301000
-0.084224 0.063425 0.302000
-0.081480 0.063215 0.301000
-0.079014 0.063215 0.301000
-0.076040 0.062795 0.299000
-0.072612 0.062375 0.297000
-0.069943 0.062165 0.296000
-0.067746 0.062375 0.297000
-0.065753 0.062795 0.299000
-0.063727 0.063215 0.301000
-0.061669 0.063635 0.303000
-0.059773 0.064265 0.306000
-0.057640 0.064685 0.308000
-0.055654 0.065315 0.311000
-0.053961 0.066365 0.316000
-0.051860 0.066996 0.319000
-0.089266 0.063286 0.299000
-0.087107 0.063498 0.300000
-0.084932 0.063710 0.301000
-0.082192 0.063498 0.300000
-0.079735 0.063498 0.300000
-0.077020 0.063286 0.299000
-0.072606 0.062440 0.295000
-0.070190 0.062440 0.295000
-0.068003 0.062651 0.296000
-0.066021 0.063075 0.298000
-0.064007 0.063498 0.300000
-0.061960 0.063921 0.302000
-0.059880 0.064345 0.304000
-0.057956 0.064980 0.307000
-0.056164 0.065826 0.311000
-0.054306 0.066673 0.315000
-0.090735 0.063777 0.299000
-0.088286 0.063777 0.299000
-0.086124 0.063991 0.300000
-0.083667 0.063991 0.300000
-0.081209 0.063991 0.300000
-0.078227 0.063564 0.298000
-0.073323 0.062711 0.294000
-0.070915 0.062711 0.294000
-0.068740 0.062924 0.295000
-0.066548 0.063138 0.296000
-0.064773 0.063777 0.299000
-0.062741 0.064204 0.301000
-0.060676 0.064631 0.303000
-0.058770 0.065271 0.306000
-0.056815 0.065910 0.309000
-0.054987 0.066764 0.313000
-0.090432 0.064054 0.298000
-0.087991 0.064054 0.298000
-0.085837 0.064269 0.299000
-0.083388 0.064269 0.299000
-0.080668 0.064054 0.298000
-0.077964 0.063839 0.297000
-0.073554 0.062979 0.293000
-0.071154 0.062979 0.293000
-0.068507 0.063194 0.294000
-0.066548 0.063624 0.296000
-0.064773 0.064269 0.299000
-0.062741 0.064698 0.301000
-0.060676 0.065128 0.303000
-0.058770 0.065773 0.306000
-0.056815 0.066418 0.309000
-0.055162 0.067493 0.314000
-0.089642 0.064327 0.297000
-0.087503 0.064543 0.298000
-0.085347 0.064760 0.299000
-0.082621 0.064543 0.298000
-0.079911 0.064327 0.297000
-0.077478 0.064327 0.297000
-0.073303 0.063244 0.292000
-0.071154 0.063460 0.293000
-0.068989 0.063677 0.294000
-0.066807 0.063893 0.295000
-0.065045 0.064543 0.298000
-0.063024 0.064976 0.300000
-0.061172 0.065626 0.303000
-0.059271 0.066276 0.306000
-0.057321 0.066926 0.309000
-0.055499 0.067792 0.313000
-0.088669 0.064814 0.297000
-0.086236 0.064814 0.297000
-0.084085 0.065033 0.298000
-0.081370 0.064814 0.297000
-0.078672 0.064596 0.296000
-0.074260 0.063723 0.292000
-0.071868 0.063723 0.292000
-0.069714 0.063941 0.293000
-0.067544 0.064160 0.294000
-0.065800 0.064814 0.297000
-0.063794 0.065251 0.299000
-0.061960 0.065906 0.302000
-0.059880 0.066342 0.304000
-0.058145 0.067215 0.308000
-0.056164 0.067870 0.311000
-0.090310 0.065082 0.296000
-0.087885 0.065082 0.296000
-0.085749 0.065302 0.297000
-0.083317 0.065302 0.297000
-0.080611 0.065082 0.296000
-0.076914 0.064423 0.293000
-0.074005 0.063983 0.291000
-0.071622 0.063983 0.291000
-0.069714 0.064423 0.293000
-0.067544 0.064643 0.294000
-0.065578 0.065082 0.296000
-0.063794 0.065742 0.299000
-0.061465 0.066402 0.302000
-0.059773 0.067281 0.306000
-0.057828 0.067941 0.309000
-0.091280 0.065569 0.296000
-0.088555 0.065347 0.295000
-0.086431 0.065569 0.296000
-0.084290 0.065790 0.297000
-0.081581 0.065569 0.296000
-0.078354 0.064904 0.293000
-0.075436 0.064461 0.291000
-0.073052 0.064461 0.291000
-0.070911 0.064682 0.292000
-0.068754 0.064904 0.293000
-0.066807 0.065347 0.295000
-0.064827 0.065790 0.297000
-0.063024 0.066455 0.300000
-0.061172 0.067119 0.303000
-0.059465 0.068005 0.307000
-0.057507 0.068670 0.310000
-0.089522 0.065832 0.295000
-0.087105 0.065832 0.295000
-0.084976 0.066055 0.296000
-0.082272 0.065832 0.295000
-0.079044 0.065162 0.292000
-0.076127 0.064716 0.290000
-0.073751 0.064716 0.290000
-0.071622 0.064939 0.291000
-0.069476 0.065162 0.292000
-0.067544 0.065608 0.294000
-0.065578 0.066055 0.296000
-0.063794 0.066724 0.299000
-0.061960 0.067394 0.302000
-0.060274 0.068286 0.306000
-0.058334 0.068956 0.309000
-0.089218 0.066091 0.294000
-0.086810 0.066091 0.294000
-0.084689 0.066316 0.295000
-0.082272 0.066316 0.295000
-0.078027 0.065192 0.290000
-0.075391 0.064967 0.289000
-0.073276 0.065192 0.290000
-0.071145 0.065417 0.291000
-0.068998 0.065642 0.292000
-0.067062 0.066091 0.294000
-0.065313 0.066766 0.297000
-0.063304 0.067215 0.299000
-0.061465 0.067890 0.302000
-0.059968 0.069014 0.307000
-0.089700 0.066574 0.294000
-0.087292 0.066574 0.294000
-0.084883 0.066574 0.294000
-0.078433 0.065216 0.288000
-0.076338 0.065442 0.289000
-0.073970 0.065442 0.289000
-0.071851 0.065668 0.290000
-0.069715 0.065895 0.291000
-0.067794 0.066348 0.293000
-0.066063 0.067027 0.296000
-0.064069 0.067480 0.298000
-0.062248 0.068159 0.301000
-0.060775 0.069292 0.306000
-0.089875 0.066829 0.293000
-0.087475 0.066829 0.293000
-0.085075 0.066829 0.293000
-0.079483 0.065004 0.285000
-0.077690 0.065461 0.287000
-0.075602 0.065689 0.288000
-0.073497 0.065917 0.289000
-0.071376 0.066145 0.290000
-0.069476 0.066601 0.292000
-0.067544 0.067057 0.294000
-0.065578 0.067513 0.296000
-0.063794 0.068198 0.299000
-0.061960 0.068882 0.302000
-0.060471 0.070022 0.307000
-0.088435 0.067310 0.293000
-0.086035 0.067310 0.293000
-0.082493 0.066391 0.289000
-0.078739 0.065243 0.284000
-0.076951 0.065702 0.286000
-0.074869 0.065932 0.287000
-0.072771 0.066162 0.288000
-0.070901 0.066621 0.290000
-0.068998 0.067081 0.292000
-0.067062 0.067540 0.294000
-0.065093 0.068000 0.296000
-0.063516 0.068918 0.300000
-0.061872 0.069837 0.304000
-0.088915 0.067792 0.293000
-0.086219 0.067560 0.292000
-0.082392 0.066403 0.287000
-0.078926 0.065478 0.283000
-0.077149 0.065941 0.285000
-0.075077 0.066172 0.286000
-0.072988 0.066403 0.287000
-0.071130 0.066866 0.289000
-0.069238 0.067329 0.291000
-0.067314 0.067792 0.293000
-0.065578 0.068486 0.296000
-0.063794 0.069180 0.299000
-0.062165 0.070105 0.303000
-0.088133 0.068040 0.292000
-0.084971 0.067807 0.291000
-0.080316 0.065943 0.283000
-0.077998 0.065943 0.283000
-0.076215 0.066409 0.285000
-0.074140 0.066642 0.286000
-0.072048 0.066875 0.287000
-0.070425 0.067574 0.290000
-0.068519 0.068040 0.292000
-0.066580 0.068506 0.294000
-0.064827 0.069205 0.297000
-0.063654 0.070603 0.303000
-0.088133 0.068520 0.292000
-0.080957 0.066173 0.282000
-0.078647 0.066173 0.282000
-0.076878 0.066642 0.284000
-0.074814 0.066877 0.285000
-0.072734 0.067112 0.286000
-0.070883 0.067581 0.288000
-0.069238 0.068285 0.291000
-0.067314 0.068754 0.293000
-0.065578 0.069458 0.296000
-0.064151 0.071101 0.303000
-0.080670 0.066400 0.281000
-0.078647 0.066636 0.282000
-0.076607 0.066872 0.283000
-0.074814 0.067345 0.285000
-0.072734 0.067581 0.286000
-0.070883 0.068054 0.288000
-0.069238 0.068763 0.291000
-0.067314 0.069235 0.293000
-0.065578 0.069944 0.296000
-0.064151 0.071598 0.303000
-0.079924 0.066624 0.280000
-0.077907 0.066861 0.281000
-0.076144 0.067337 0.283000
-0.074347 0.067813 0.285000
-0.072265 0.068051 0.286000
-0.070656 0.068765 0.289000
-0.068761 0.069241 0.291000
-0.067062 0.069955 0.294000
-0.065313 0.070669 0.297000
-0.081010 0.066844 0.279000
-0.079006 0.067083 0.280000
-0.077261 0.067563 0.282000
-0.075482 0.068042 0.284000
-0.073413 0.068281 0.285000
-0.071578 0.068761 0.287000
-0.069950 0.069479 0.290000
-0.068041 0.069958 0.292000
-0.066548 0.070917 0.296000
-0.064773 0.071636 0.299000
-0.079638 0.067302 0.279000
-0.077630 0.067543 0.280000
-0.076144 0.068267 0.283000
-0.074086 0.068508 0.284000
-0.072265 0.068991 0.286000
-0.070656 0.069714 0.289000
-0.068761 0.070197 0.291000
-0.067062 0.070921 0.294000
-0.065533 0.071885 0.298000
-0.080552 0.067760 0.279000
-0.078267 0.067760 0.279000
-0.076526 0.068246 0.281000
-0.074753 0.068732 0.283000
-0.072946 0.069218 0.285000
-0.071355 0.069946 0.288000
-0.069475 0.070432 0.290000
-0.067794 0.071161 0.293000
-0.066286 0.072132 0.297000
-0.079808 0.067974 0.278000
-0.077810 0.068219 0.279000
-0.076066 0.068708 0.281000
-0.074289 0.069197 0.283000
-0.072734 0.069930 0.286000
-0.070883 0.070419 0.288000
-0.069238 0.071153 0.291000
-0.067544 0.071886 0.294000
-0.079808 0.068431 0.278000
-0.077810 0.068677 0.279000
-0.076066 0.069169 0.281000
-0.074289 0.069662 0.283000
-0.072734 0.070400 0.286000
-0.070883 0.070892 0.288000
-0.069238 0.071631 0.291000
-0.067544 0.072369 0.294000
-0.080264 0.068887 0.278000
-0.077987 0.068887 0.278000
-0.076254 0.069383 0.280000
-0.074753 0.070126 0.283000
-0.072946 0.070622 0.285000
-0.071355 0.071365 0.288000
-0.069715 0.072109 0.291000
-0.068025 0.072852 0.294000
-0.079975 0.069095 0.277000
-0.077987 0.069344 0.278000
-0.076254 0.069843 0.280000
-0.074489 0.070342 0.282000
-0.072946 0.071090 0.285000
-0.071355 0.071838 0.288000
-0.069715 0.072587 0.291000
-0.081336 0.069550 0.277000
-0.079067 0.069550 0.277000
-0.076896 0.070052 0.279000
-0.075145 0.070554 0.281000
-0.073621 0.071307 0.284000
-0.072048 0.072060 0.287000
-0.070668 0.073065 0.291000
-0.081790 0.070005 0.277000
-0.079521 0.070005 0.277000
-0.077531 0.070257 0.278000
-0.075795 0.070763 0.280000
-0.074027 0.071268 0.282000
-0.072734 0.072279 0.286000
-0.071376 0.073290 0.290000
-0.081790 0.070460 0.277000
-0.079521 0.070460 0.277000
-0.077531 0.070714 0.278000
-0.075795 0.071223 0.280000
-0.074027 0.071731 0.282000
-0.072734 0.072749 0.286000
-0.071376 0.073766 0.290000
-0.080883 0.070915 0.277000
-0.078614 0.070915 0.277000
-0.076620 0.071171 0.278000
-0.075145 0.071939 0.281000
-0.073621 0.072707 0.284000
-0.072550 0.073987 0.289000
-0.080883 0.071370 0.277000
-0.078614 0.071370 0.277000
-0.076620 0.071627 0.278000
-0.075145 0.072400 0.281000
-0.073621 0.073173 0.284000
-0.072550 0.074461 0.289000
-0.079975 0.071825 0.277000
-0.077987 0.072084 0.278000
-0.075982 0.072343 0.279000
-0.074489 0.073121 0.282000
-0.073202 0.074158 0.286000
-0.080429 0.072280 0.277000
-0.078160 0.072280 0.277000
-0.076439 0.072802 0.279000
-0.074951 0.073584 0.282000
-0.073413 0.074367 0.285000
-0.079975 0.072735 0.277000
-0.077987 0.072997 0.278000
-0.075982 0.073260 0.279000
-0.074753 0.074310 0.283000
-0.080883 0.073190 0.277000
-0.078614 0.073190 0.277000
-0.076896 0.073718 0.279000
-0.075413 0.074511 0.282000
-0.080429 0.073645 0.277000
-0.078160 0.073645 0.277000
-0.076254 0.074442 0.280000
-0.074753 0.075240 0.283000
-0.078442 0.074367 0.278000
-0.076713 0.074902 0.280000
-0.080883 0.074555 0.277000
-0.078897 0.074824 0.278000
-0.077171 0.075362 0.280000
-0.080883 0.075010 0.277000
-0.078897 0.075280 0.278000
-0.077171 0.075822 0.280000
-0.080264 0.075737 0.278000
-0.078267 0.076009 0.279000
-0.079808 0.076194 0.278000
-0.077810 0.076468 0.279000
-0.079181 0.076926 0.279000
-0.080095 0.077384 0.279000
-0.080552 0.077843 0.279000
-0.030323 0.040669 0.374407
-0.030244 0.041049 0.375035
-0.028723 0.041435 0.376925
-0.031432 0.041311 0.374889
-0.033206 0.041526 0.372689
-0.028984 0.042043 0.376592
-0.031692 0.041915 0.374558
-0.035400 0.042450 0.369698
-0.030175 0.042304 0.376439
-0.031952 0.042519 0.374226
-0.033724 0.042731 0.372028
-0.035490 0.042939 0.369845
-0.037251 0.043143 0.367677
-0.039007 0.043344 0.365524
-0.039844 0.043899 0.363160
-0.040681 0.044454 0.360795
-0.041518 0.045009 0.358431
-0.042355 0.045564 0.356066
-0.030435 0.042910 0.376107
-0.032211 0.043123 0.373894
-0.034906 0.042981 0.371895
-0.036668 0.043185 0.369721
-0.037508 0.043742 0.367348
-0.039263 0.043941 0.365197
-0.040100 0.044496 0.362832
-0.040937 0.045051 0.360468
-0.041774 0.045606 0.358103
-0.043849 0.046017 0.355047
-0.046650 0.045946 0.352744
-0.048542 0.046236 0.350206
-0.029256 0.043527 0.377036
-0.031963 0.043390 0.375000
-0.033734 0.043599 0.372799
-0.035501 0.043804 0.370614
-0.037429 0.044118 0.367969
-0.039185 0.044315 0.365815
-0.040022 0.044870 0.363451
-0.040859 0.045425 0.361086
-0.041696 0.045980 0.358722
-0.043437 0.046169 0.356606
-0.046241 0.046097 0.354293
-0.048134 0.046386 0.351750
-0.049126 0.047044 0.348949
-0.049952 0.047591 0.346615
-0.067833 0.043994 0.340973
-0.069227 0.046850 0.331423
-0.070016 0.047373 0.329195
-0.030616 0.043897 0.376402
-0.033317 0.043753 0.374378
-0.035085 0.043958 0.372188
-0.036847 0.044159 0.370012
-0.037687 0.044716 0.367640
-0.039441 0.044912 0.365488
-0.040278 0.045467 0.363123
-0.041115 0.046022 0.360759
-0.041952 0.046577 0.358394
-0.043693 0.046764 0.356279
-0.046329 0.046578 0.354437
-0.048387 0.046975 0.351427
-0.049214 0.047523 0.349092
-0.050040 0.048071 0.346758
-0.051755 0.048241 0.344715
-0.068072 0.044552 0.340666
-0.068996 0.047099 0.332452
-0.069784 0.047622 0.330224
-0.070573 0.048145 0.327995
-0.014471 0.074779 0.301478
-0.029267 0.044404 0.377815
-0.031973 0.044261 0.375773
-0.033745 0.044467 0.373570
-0.035511 0.044670 0.371382
-0.037272 0.044869 0.369209
-0.039028 0.045064 0.367052
-0.039865 0.045619 0.364687
-0.040702 0.046174 0.362323
-0.041539 0.046729 0.359958
-0.043281 0.046916 0.357838
-0.045018 0.047099 0.355734
-0.046749 0.047278 0.353644
-0.048475 0.047454 0.351570
-0.049301 0.048002 0.349236
-0.050128 0.048550 0.346902
-0.051843 0.048719 0.344858
-0.067999 0.044903 0.341245
-0.068939 0.045526 0.338589
-0.069722 0.046045 0.336377
-0.070107 0.047269 0.332489
-0.070893 0.047790 0.330269
-0.071679 0.048311 0.328048
-0.073326 0.048435 0.326197
-0.074968 0.048555 0.324361
-0.017554 0.076347 0.296028
-0.017664 0.077388 0.292915
-0.020330 0.077219 0.290986
-0.022986 0.077043 0.289086
-0.030627 0.044770 0.377178
-0.032403 0.044978 0.374963
-0.034173 0.045182 0.372762
-0.035938 0.045382 0.370577
-0.037697 0.045579 0.368407
-0.039452 0.045772 0.366251
-0.040289 0.046327 0.363887
-0.042035 0.046515 0.361755
-0.042869 0.047068 0.359398
-0.044607 0.047250 0.357288
-0.046340 0.047429 0.355194
-0.048067 0.047605 0.353114
-0.048894 0.048153 0.350780
-0.049720 0.048701 0.348446
-0.051437 0.048869 0.346397
-0.052260 0.049415 0.344070
-0.068082 0.045357 0.341381
-0.068866 0.045877 0.339168
-0.069649 0.046396 0.336955
-0.070432 0.046915 0.334742
-0.070347 0.047829 0.332182
-0.071133 0.048350 0.329961
-0.071919 0.048871 0.327741
-0.015923 0.075756 0.301092
-0.075207 0.049111 0.324055
-0.017187 0.077564 0.294720
-0.019005 0.077799 0.292386
-0.078554 0.050360 0.317400
-0.029448 0.045394 0.378111
-0.032154 0.045245 0.376068
-0.033925 0.045448 0.373864
-0.035690 0.045647 0.371675
-0.037451 0.045843 0.369501
-0.039206 0.046035 0.367343
-0.040043 0.046590 0.364978
-0.040880 0.047145 0.362614
-0.042624 0.047331 0.360485
-0.044363 0.047512 0.358372
-0.046097 0.047690 0.356274
-0.047825 0.047865 0.354192
-0.048816 0.048522 0.351391
-0.049642 0.049070 0.349056
-0.051359 0.049237 0.347005
-0.052183 0.049783 0.344679
-0.067852 0.045604 0.342402
-0.068636 0.046123 0.340190
-0.069419 0.046643 0.337977
-0.070202 0.047162 0.335764
-0.070986 0.047681 0.333551
-0.070903 0.048598 0.330986
-0.071689 0.049119 0.328766
-0.073336 0.049240 0.326912
-0.074978 0.049357 0.325073
-0.076614 0.049471 0.323249
-0.077392 0.049986 0.321052
-0.078170 0.050502 0.318854
-0.078948 0.051018 0.316656
-0.030978 0.045870 0.376993
-0.032752 0.046074 0.374778
-0.034522 0.046274 0.372578
-0.036285 0.046471 0.370394
-0.038044 0.046664 0.368224
-0.039797 0.046854 0.366069
-0.040634 0.047409 0.363705
-0.042379 0.047593 0.361573
-0.043213 0.048147 0.359216
-0.045853 0.047951 0.357355
-0.046682 0.048501 0.355013
-0.048408 0.048673 0.352935
-0.049235 0.049221 0.350600
-0.050061 0.049769 0.348266
-0.051776 0.049934 0.346218
-0.052600 0.050480 0.343891
-0.068249 0.046266 0.341653
-0.069032 0.046785 0.339440
-0.069816 0.047305 0.337228
-0.070599 0.047824 0.335015
-0.070515 0.048741 0.332455
-0.071301 0.049262 0.330235
-0.072949 0.049382 0.328376
-0.074592 0.049499 0.326532
-0.076230 0.049612 0.324703
-0.077008 0.050128 0.322506
-0.077786 0.050644 0.320308
-0.078564 0.051160 0.318110
-0.079342 0.051676 0.315912
-0.032843 0.046565 0.374926
-0.037965 0.047040 0.368844
-0.039886 0.047340 0.366215
-0.040723 0.047894 0.363850
-0.042468 0.048077 0.361718
-0.044374 0.048367 0.359131
-0.046107 0.048542 0.357031
-0.047835 0.048714 0.354946
-0.048661 0.049262 0.352611
-0.049488 0.049810 0.350277
-0.051205 0.049974 0.348222
-0.052029 0.050520 0.345896
-0.053738 0.050680 0.343863
-0.068176 0.046617 0.342232
-0.068959 0.047136 0.340019
-0.069742 0.047655 0.337806
-0.070526 0.048175 0.335593
-0.071309 0.048694 0.333380
-0.071227 0.049614 0.330815
-0.072876 0.049733 0.328954
-0.074519 0.049848 0.327109
-0.075300 0.050366 0.324903
-0.076935 0.050476 0.323080
-0.077713 0.050992 0.320883
-0.078491 0.051508 0.318685
-0.079269 0.052024 0.316487
-0.038558 0.047861 0.367567
-0.040310 0.048047 0.365415
-0.041147 0.048602 0.363050
-0.042890 0.048783 0.360920
-0.044628 0.048960 0.358806
-0.046361 0.049133 0.356707
-0.048088 0.049303 0.354622
-0.048915 0.049851 0.352288
-0.049741 0.050399 0.349954
-0.051457 0.050561 0.347900
-0.052281 0.051107 0.345573
-0.053990 0.051265 0.343542
-0.068102 0.046967 0.342811
-0.068886 0.047486 0.340598
-0.069669 0.048006 0.338385
-0.071323 0.048127 0.336507
-0.071236 0.049045 0.333959
-0.072019 0.049564 0.331746
-0.072802 0.050083 0.329533
-0.074446 0.050198 0.327685
-0.075227 0.050715 0.325480
-0.076862 0.050824 0.323655
-0.077640 0.051340 0.321457
-0.078418 0.051856 0.319259
-0.079196 0.052372 0.317062
-0.036481 0.048865 0.368244
-0.039151 0.048682 0.366290
-0.040901 0.048865 0.364141
-0.042645 0.049045 0.362008
-0.043480 0.049598 0.359651
-0.046283 0.049504 0.357319
-0.048011 0.049673 0.355233
-0.048837 0.050220 0.352899
-0.049663 0.050768 0.350564
-0.051380 0.050930 0.348509
-0.052204 0.051476 0.346182
-0.053913 0.051632 0.344149
-0.068029 0.047318 0.343390
-0.068812 0.047837 0.341177
-0.069596 0.048356 0.338964
-0.071250 0.048477 0.337084
-0.072031 0.048994 0.334878
-0.072812 0.049512 0.332673
-0.072729 0.050434 0.330112
-0.074373 0.050547 0.328262
-0.075154 0.051065 0.326057
-0.076789 0.051173 0.324230
-0.077567 0.051688 0.322032
-0.078345 0.052204 0.319834
-0.079123 0.052720 0.317636
-0.036402 0.049243 0.368869
-0.038160 0.049431 0.366696
-0.039913 0.049615 0.364538
-0.041660 0.049795 0.362395
-0.043401 0.049972 0.360268
-0.045138 0.050145 0.358155
-0.046869 0.050315 0.356058
-0.048595 0.050481 0.353976
-0.049421 0.051028 0.351642
-0.050247 0.051576 0.349307
-0.051962 0.051735 0.347256
-0.053672 0.051891 0.345219
-0.067076 0.048063 0.343660
-0.068739 0.048188 0.341755
-0.069522 0.048707 0.339542
-0.071177 0.048826 0.337660
-0.071958 0.049344 0.335455
-0.072738 0.049861 0.333250
-0.073519 0.050379 0.331044
-0.074300 0.050896 0.328839
-0.075939 0.051005 0.327002
-0.076716 0.051521 0.324805
-0.077494 0.052036 0.322607
-0.079122 0.052138 0.320801
-0.079898 0.052652 0.318610
-0.079828 0.053584 0.316013
-0.036999 0.050070 0.367583
-0.038755 0.050255 0.365414
-0.040506 0.050436 0.363261
-0.043156 0.050234 0.361355
-0.044894 0.050407 0.359239
-0.046791 0.050685 0.356670
-0.048517 0.050850 0.354586
-0.049343 0.051398 0.352252
-0.050170 0.051946 0.349918
-0.051885 0.052104 0.347864
-0.053595 0.052258 0.345826
-0.056183 0.052015 0.344098
-0.064045 0.049393 0.344219
-0.067474 0.048727 0.342909
-0.069136 0.048850 0.341006
-0.069919 0.049369 0.338793
-0.071572 0.049486 0.336914
-0.072353 0.050003 0.334709
-0.073134 0.050521 0.332503
-0.073914 0.051039 0.330298
-0.074695 0.051556 0.328092
-0.076332 0.051662 0.326258
-0.077110 0.052178 0.324061
-0.078740 0.052279 0.322249
-0.079515 0.052793 0.320059
-0.080290 0.053307 0.317869
-0.078536 0.055082 0.314451
-0.033924 0.078394 0.289727
-0.036345 0.051048 0.367041
-0.039182 0.050967 0.364609
-0.040931 0.051146 0.362458
-0.043579 0.050940 0.360558
-0.045315 0.051110 0.358444
-0.047045 0.051276 0.356346
-0.048770 0.051439 0.354263
-0.049597 0.051987 0.351929
-0.051314 0.052145 0.349869
-0.052137 0.052691 0.347542
-0.054732 0.052449 0.345794
-0.056433 0.052596 0.343779
-0.065169 0.049561 0.344213
-0.067715 0.049288 0.342601
-0.069376 0.049408 0.340700
-0.071031 0.049525 0.338814
-0.071812 0.050042 0.336609
-0.072592 0.050560 0.334403
-0.073373 0.051077 0.332198
-0.074154 0.051595 0.329992
-0.075793 0.051701 0.328152
-0.076571 0.052217 0.325954
-0.078202 0.052318 0.324136
-0.078977 0.052832 0.321946
-0.079753 0.053346 0.319756
-0.080528 0.053860 0.317566
-0.034123 0.078018 0.292396
-0.036627 0.078697 0.288114
-0.036900 0.079859 0.284552
-0.035353 0.051804 0.367457
-0.037113 0.051989 0.365272
-0.039777 0.051790 0.363327
-0.042429 0.051585 0.361413
-0.045070 0.051372 0.359529
-0.046802 0.051537 0.357427
-0.047631 0.052087 0.355085
-0.049354 0.052247 0.353006
-0.050180 0.052795 0.350672
-0.051895 0.052950 0.348616
-0.053605 0.053102 0.346575
-0.056193 0.052853 0.344842
-0.061413 0.051403 0.344042
-0.067484 0.049535 0.343626
-0.068270 0.050056 0.341405
-0.069929 0.050174 0.339508
-0.071582 0.050288 0.337626
-0.072363 0.050806 0.335421
-0.073144 0.051323 0.333216
-0.073924 0.051841 0.331010
-0.075564 0.051946 0.329166
-0.076342 0.052462 0.326968
-0.077974 0.052562 0.325147
-0.078750 0.053076 0.322957
-0.079525 0.053590 0.320767
-0.080300 0.054104 0.318577
-0.079389 0.055464 0.315573
-0.074285 0.058955 0.310466
-0.074247 0.059912 0.307786
-0.036628 0.080150 0.285759
-0.076843 0.060652 0.303239
-0.041981 0.079771 0.281792
-0.042896 0.080378 0.279207
-0.051883 0.041559 0.382495
-0.057949 0.042630 0.373724
-0.037204 0.052481 0.365420
-0.039866 0.052279 0.363474
-0.043756 0.051908 0.360848
-0.047387 0.052348 0.356166
-0.048216 0.052898 0.353824
-0.049938 0.053055 0.351749
-0.051653 0.053209 0.349690
-0.053364 0.053360 0.347645
-0.055954 0.053110 0.345905
-0.062059 0.051257 0.345385
-0.067410 0.049887 0.344207
-0.068196 0.050408 0.341986
-0.069855 0.050524 0.340087
-0.071509 0.050637 0.338203
-0.072290 0.051155 0.335998
-0.073227 0.051776 0.333351
-0.074007 0.052294 0.331146
-0.075647 0.052397 0.329301
-0.076425 0.052913 0.327104
-0.078057 0.053011 0.325282
-0.078832 0.053526 0.323092
-0.080456 0.053618 0.321293
-0.081228 0.054131 0.319110
-0.078629 0.056341 0.315302
-0.074370 0.059419 0.310605
-0.074332 0.060377 0.307925
-0.075134 0.060909 0.305659
-0.076769 0.061009 0.303830
-0.041896 0.080180 0.282468
-0.042810 0.080787 0.279883
-0.044549 0.080956 0.277758
-0.045462 0.081561 0.275182
-0.050249 0.041864 0.384702
-0.052442 0.042333 0.381291
-0.053234 0.042858 0.379055
-0.055861 0.042630 0.377207
-0.057562 0.042773 0.375188
-0.059258 0.042912 0.373184
-0.048139 0.053268 0.354436
-0.049860 0.053425 0.352360
-0.050686 0.053973 0.350025
-0.052400 0.054124 0.347971
-0.054993 0.053873 0.346220
-0.063748 0.050814 0.346566
-0.067180 0.050134 0.345231
-0.068842 0.050252 0.343321
-0.069625 0.050771 0.341108
-0.071280 0.050883 0.339221
-0.072061 0.051401 0.337016
-0.072841 0.051918 0.334810
-0.073622 0.052436 0.332605
-0.075263 0.052539 0.330755
-0.076041 0.053055 0.328558
-0.076819 0.053571 0.326360
-0.078449 0.053667 0.324541
-0.079225 0.054181 0.322350
-0.080847 0.054272 0.320554
-0.080775 0.055209 0.317970
-0.077342 0.057857 0.313735
-0.073936 0.060524 0.309424
-0.074738 0.061055 0.307158
-0.076374 0.061155 0.305324
-0.077173 0.061685 0.303065
-0.077973 0.062215 0.300807
-0.044099 0.081123 0.279463
-0.045834 0.081288 0.277348
-0.046106 0.082453 0.273794
-0.048290 0.041956 0.387825
-0.050015 0.042114 0.385737
-0.050810 0.042640 0.383494
-0.052526 0.042792 0.381428
-0.054238 0.042941 0.379378
-0.055944 0.043086 0.377344
-0.057645 0.043227 0.375324
-0.059341 0.043365 0.373319
-0.060121 0.043883 0.371114
-0.060902 0.044400 0.368909
-0.061683 0.044918 0.366703
-0.048227 0.053749 0.354581
-0.052488 0.054602 0.348114
-0.062791 0.051571 0.346859
-0.067106 0.050486 0.345812
-0.068769 0.050602 0.343900
-0.070426 0.050715 0.342003
-0.071207 0.051233 0.339798
-0.072856 0.051340 0.337923
-0.073634 0.051856 0.335726
-0.074412 0.052371 0.333528
-0.075190 0.052887 0.331330
-0.075968 0.053403 0.329132
-0.076746 0.053919 0.326934
-0.078377 0.054014 0.325113
-0.079152 0.054528 0.322923
-0.080775 0.054617 0.321125
-0.081547 0.055130 0.318942
-0.078110 0.057782 0.314725
-0.074700 0.060453 0.310431
-0.074663 0.061414 0.307751
-0.076299 0.061513 0.305915
-0.077099 0.062043 0.303656
-0.077898 0.062573 0.301398
-0.079523 0.062664 0.299592
-0.080320 0.063192 0.297341
-0.046658 0.082298 0.275451
-0.048386 0.082457 0.273357
-0.048216 0.042313 0.388413
-0.049941 0.042469 0.386324
-0.050735 0.042995 0.384080
-0.052452 0.043146 0.382013
-0.054164 0.043294 0.379961
-0.055871 0.043437 0.377924
-0.057572 0.043578 0.375903
-0.059268 0.043714 0.373896
-0.060048 0.044232 0.371691
-0.060829 0.044750 0.369485
-0.062514 0.044879 0.367509
-0.063292 0.045395 0.365311
-0.064226 0.046014 0.362674
-0.068271 0.048696 0.351245
-0.068167 0.049615 0.348755
-0.068948 0.050133 0.346549
-0.069729 0.050650 0.344344
-0.070509 0.051168 0.342139
-0.072161 0.051275 0.340256
-0.072939 0.051791 0.338059
-0.073717 0.052307 0.335861
-0.074495 0.052823 0.333663
-0.075273 0.053339 0.331465
-0.076051 0.053854 0.329267
-0.077684 0.053949 0.327438
-0.078459 0.054463 0.325248
-0.080084 0.054553 0.323442
-0.080857 0.055065 0.321259
-0.081629 0.055578 0.319076
-0.078194 0.058238 0.314861
-0.074785 0.060916 0.310570
-0.074748 0.061880 0.307890
-0.075551 0.062412 0.305624
-0.077184 0.062507 0.303795
-0.077983 0.063037 0.301537
-0.079608 0.063126 0.299730
-0.080405 0.063655 0.297479
-0.082339 0.063950 0.294798
-0.083950 0.064030 0.293033
-0.048619 0.042986 0.387652
-0.050343 0.043140 0.385564
-0.051137 0.043667 0.383321
-0.052853 0.043815 0.381256
-0.054564 0.043960 0.379207
-0.057185 0.043720 0.377367
-0.058882 0.043857 0.375355
-0.059663 0.044374 0.373150
-0.060444 0.044892 0.370944
-0.062130 0.045021 0.368963
-0.062908 0.045537 0.366765
-0.063686 0.046053 0.364567
-0.064464 0.046568 0.362370
-0.066487 0.047910 0.356655
-0.068043 0.048941 0.352260
-0.068821 0.049457 0.350062
-0.068719 0.050378 0.347567
-0.070377 0.050489 0.345666
-0.071155 0.051004 0.343469
-0.071933 0.051520 0.341271
-0.072710 0.052036 0.339073
-0.073488 0.052552 0.336875
-0.074266 0.053068 0.334677
-0.076061 0.053268 0.332392
-0.076836 0.053782 0.330201
-0.077611 0.054296 0.328011
-0.078387 0.054810 0.325821
-0.080012 0.054899 0.324012
-0.080784 0.055411 0.321830
-0.081557 0.055923 0.319647
-0.078120 0.058590 0.315442
-0.074710 0.061274 0.311161
-0.074673 0.062239 0.308483
-0.075475 0.062770 0.306217
-0.077109 0.062864 0.304386
-0.077908 0.063394 0.302127
-0.079533 0.063483 0.300319
-0.080330 0.064011 0.298068
-0.081947 0.064094 0.296282
-0.082741 0.064621 0.294039
-0.084350 0.064699 0.292276
-0.085142 0.065223 0.290040
-0.085124 0.066200 0.287309
-0.048385 0.043237 0.388690
-0.049182 0.043765 0.386440
-0.050904 0.043917 0.384356
-0.052621 0.044064 0.382288
-0.054332 0.044209 0.380235
-0.056038 0.044349 0.378197
-0.057739 0.044486 0.376175
-0.059434 0.044620 0.374167
-0.060214 0.045138 0.371962
-0.060995 0.045655 0.369757
-0.062680 0.045782 0.367780
-0.063457 0.046298 0.365582
-0.064235 0.046813 0.363384
-0.065013 0.047329 0.361186
-0.066725 0.048464 0.356351
-0.067503 0.048980 0.354153
-0.069165 0.049092 0.352238
-0.069059 0.050011 0.349758
-0.069837 0.050527 0.347560
-0.070615 0.051043 0.345362
-0.071393 0.051559 0.343164
-0.073042 0.051662 0.341287
-0.073817 0.052176 0.339097
-0.074593 0.052690 0.336907
-0.075368 0.053204 0.334716
-0.076143 0.053718 0.332526
-0.076918 0.054232 0.330336
-0.078549 0.054323 0.328512
-0.079321 0.054835 0.326329
-0.080094 0.055347 0.324147
-0.080867 0.055859 0.321964
-0.081794 0.056474 0.319345
-0.077520 0.059583 0.314729
-0.074955 0.061844 0.310848
-0.074919 0.062810 0.308169
-0.076554 0.062904 0.306331
-0.077354 0.063434 0.304073
-0.078153 0.063964 0.301814
-0.079777 0.064051 0.300007
-0.080574 0.064579 0.297756
-0.082191 0.064660 0.295972
-0.082985 0.065187 0.293728
-0.084593 0.065263 0.291966
-0.084573 0.066240 0.289242
-0.085367 0.066766 0.286999
-0.086967 0.066837 0.285259
-0.048311 0.043594 0.389279
-0.049107 0.044122 0.387028
-0.050830 0.044272 0.384943
-0.052547 0.044419 0.382873
-0.054258 0.044562 0.380818
-0.055964 0.044701 0.378778
-0.057665 0.044837 0.376754
-0.059361 0.044969 0.374744
-0.061051 0.045098 0.372750
-0.060922 0.046005 0.370333
-0.062607 0.046130 0.368354
-0.063385 0.046646 0.366156
-0.064163 0.047161 0.363959
-0.064941 0.047677 0.361761
-0.067387 0.048308 0.357629
-0.068162 0.048822 0.355439
-0.068938 0.049336 0.353249
-0.069713 0.049850 0.351059
-0.070488 0.050364 0.348869
-0.071264 0.050878 0.346678
-0.072039 0.051392 0.344488
-0.072814 0.051906 0.342298
-0.073590 0.052420 0.340108
-0.074365 0.052934 0.337917
-0.076004 0.053029 0.336067
-0.076777 0.053541 0.333885
-0.077549 0.054054 0.331702
-0.078322 0.054566 0.329519
-0.079094 0.055078 0.327337
-0.080717 0.055162 0.325532
-0.081487 0.055673 0.323357
-0.082257 0.056183 0.321182
-0.080500 0.057994 0.317805
-0.075400 0.061555 0.312750
-0.075360 0.062520 0.310084
-0.076160 0.063050 0.307825
-0.077119 0.063686 0.305115
-0.077918 0.064216 0.302857
-0.079543 0.064302 0.301046
-0.080340 0.064830 0.298795
-0.081137 0.065358 0.296544
-0.082751 0.065437 0.294764
-0.084360 0.065512 0.292998
-0.085152 0.066037 0.290763
-0.085134 0.067016 0.288034
-0.086735 0.067086 0.286291
-0.087526 0.067611 0.284055
-0.088317 0.068135 0.281820
-0.048555 0.044161 0.388967
-0.049351 0.044690 0.386716
-0.051073 0.044838 0.384632
-0.052789 0.044983 0.382563
-0.054500 0.045124 0.380509
-0.056205 0.045261 0.378471
-0.057905 0.045395 0.376447
-0.059600 0.045526 0.374439
-0.061289 0.045653 0.372446
-0.062067 0.046168 0.370248
-0.062845 0.046684 0.368050
-0.063623 0.047200 0.365852
-0.064401 0.047716 0.363654
-0.065179 0.048232 0.361457
-0.066849 0.048346 0.359516
-0.067625 0.048860 0.357326
-0.068400 0.049374 0.355136
-0.069485 0.050094 0.352070
-0.070261 0.050608 0.349879
-0.071914 0.050711 0.347988
-0.072687 0.051223 0.345805
-0.073459 0.051736 0.343622
-0.074232 0.052248 0.341440
-0.075004 0.052760 0.339257
-0.075777 0.053272 0.337075
-0.076550 0.053785 0.334892
-0.077322 0.054297 0.332709
-0.078095 0.054809 0.330527
-0.079721 0.054894 0.328711
-0.080491 0.055405 0.326536
-0.081261 0.055915 0.324361
-0.082031 0.056426 0.322186
-0.082801 0.056936 0.320010
-0.076847 0.060934 0.314598
-0.075125 0.062771 0.311126
-0.075925 0.063301 0.308868
-0.076724 0.063831 0.306609
-0.077524 0.064362 0.304351
-0.078323 0.064892 0.302092
-0.080106 0.065081 0.299834
-0.081724 0.065160 0.298042
-0.082518 0.065687 0.295799
-0.083312 0.066213 0.293556
-0.084919 0.066286 0.291794
-0.084900 0.067266 0.289069
-0.085695 0.067793 0.286826
-0.087294 0.067860 0.285087
-0.088085 0.068385 0.282852
-0.089676 0.068446 0.281136
-0.090465 0.068969 0.278908
-0.049117 0.044940 0.387755
-0.050840 0.045088 0.385668
-0.051634 0.045614 0.383424
-0.053348 0.045756 0.381359
-0.055974 0.045509 0.379496
-0.057675 0.045642 0.377468
-0.059371 0.045772 0.375457
-0.061061 0.045898 0.373460
-0.061839 0.046413 0.371262
-0.062617 0.046929 0.369064
-0.063395 0.047445 0.366866
-0.064172 0.047961 0.364669
-0.064950 0.048477 0.362471
-0.066622 0.048590 0.360527
-0.067397 0.049104 0.358337
-0.068172 0.049618 0.356147
-0.068948 0.050132 0.353957
-0.070760 0.050340 0.351614
-0.071533 0.050852 0.349432
-0.072305 0.051364 0.347249
-0.073952 0.051461 0.345375
-0.073850 0.052389 0.342884
-0.074623 0.052901 0.340701
-0.075396 0.053413 0.338518
-0.077032 0.053503 0.336675
-0.077801 0.054014 0.334500
-0.078571 0.054524 0.332325
-0.079341 0.055035 0.330150
-0.080111 0.055545 0.327975
-0.081731 0.055625 0.326176
-0.082498 0.056133 0.324009
-0.083266 0.056642 0.321841
-0.083191 0.057587 0.319274
-0.075570 0.062479 0.313027
-0.075530 0.063447 0.310362
-0.076330 0.063977 0.308103
-0.077129 0.064507 0.305845
-0.077928 0.065037 0.303586
-0.079554 0.065120 0.301773
-0.080350 0.065649 0.299522
-0.082126 0.065832 0.297283
-0.082920 0.066358 0.295040
-0.084529 0.066430 0.293273
-0.085320 0.066955 0.291038
-0.085303 0.067937 0.288310
-0.086903 0.068004 0.286566
-0.088498 0.068067 0.284838
-0.089287 0.068590 0.282610
-0.090075 0.069113 0.280382
-0.048565 0.044980 0.389694
-0.049362 0.045508 0.387444
-0.051083 0.045654 0.385357
-0.052799 0.045796 0.383285
-0.054510 0.045934 0.381229
-0.056215 0.046069 0.379188
-0.057915 0.046200 0.377162
-0.059610 0.046328 0.375151
-0.061299 0.046452 0.373155
-0.062077 0.046968 0.370958
-0.062855 0.047484 0.368760
-0.063633 0.048000 0.366562
-0.064411 0.048515 0.364364
-0.066084 0.048629 0.362414
-0.066859 0.049143 0.360224
-0.067635 0.049657 0.358034
-0.068410 0.050171 0.355843
-0.070070 0.050276 0.353931
-0.070842 0.050788 0.351748
-0.071615 0.051300 0.349566
-0.073264 0.051398 0.347684
-0.074034 0.051908 0.345509
-0.074804 0.052418 0.343334
-0.075574 0.052929 0.341159
-0.076343 0.053439 0.338984
-0.077976 0.053526 0.337147
-0.078744 0.054035 0.334980
-0.079511 0.054544 0.332812
-0.080278 0.055052 0.330645
-0.081045 0.055561 0.328477
-0.081813 0.056070 0.326310
-0.082580 0.056578 0.324142
-0.084191 0.056651 0.322366
-0.084114 0.057596 0.319807
-0.075655 0.062941 0.313166
-0.075615 0.063911 0.310500
-0.076415 0.064441 0.308242
-0.077214 0.064971 0.305984
-0.078013 0.065501 0.303725
-0.079638 0.065582 0.301911
-0.080435 0.066111 0.299661
-0.082052 0.066187 0.297870
-0.083005 0.066819 0.295178
-0.084613 0.066889 0.293411
-0.085404 0.067414 0.291175
-0.085387 0.068398 0.288448
-0.086987 0.068463 0.286704
-0.088582 0.068525 0.284975
-0.089371 0.069048 0.282747
-0.090159 0.069571 0.280519
-0.090948 0.070094 0.278290
-0.049446 0.045970 0.387582
-0.051167 0.046114 0.385495
-0.052883 0.046255 0.383423
-0.054594 0.046392 0.381366
-0.056299 0.046525 0.379325
-0.057998 0.046655 0.377298
-0.059693 0.046781 0.375287
-0.061382 0.046903 0.373291
-0.062160 0.047419 0.371093
-0.062938 0.047935 0.368895
-0.063716 0.048451 0.366697
-0.064494 0.048967 0.364499
-0.066166 0.049079 0.362549
-0.066942 0.049593 0.360359
-0.067717 0.050107 0.358168
-0.068492 0.050621 0.355978
-0.070152 0.050724 0.354065
-0.071806 0.050823 0.352168
-0.072576 0.051334 0.349993
-0.073346 0.051844 0.347818
-0.074116 0.052355 0.345643
-0.075756 0.052445 0.343783
-0.075655 0.053376 0.341292
-0.077291 0.053463 0.339448
-0.078058 0.053971 0.337280
-0.078825 0.054480 0.335113
-0.079592 0.054989 0.332945
-0.080360 0.055497 0.330778
-0.081979 0.055574 0.328979
-0.082743 0.056081 0.326819
-0.083508 0.056588 0.324659
-0.084273 0.057095 0.322499
-0.085878 0.057162 0.320738
-0.075739 0.063403 0.313304
-0.075700 0.064375 0.310639
-0.076500 0.064905 0.308381
-0.077299 0.065435 0.306123
-0.078098 0.065965 0.303864
-0.079723 0.066045 0.302050
-0.080520 0.066573 0.299799
-0.082136 0.066647 0.298008
-0.082930 0.067174 0.295764
-0.084697 0.067348 0.293548
-0.085488 0.067873 0.291313
-0.086280 0.068398 0.289077
-0.087071 0.068922 0.286841
-0.088666 0.068982 0.285112
-0.089455 0.069505 0.282884
-0.090243 0.070028 0.280656
-0.091827 0.070081 0.278957
-0.049690 0.046538 0.387270
-0.051411 0.046680 0.385184
-0.053126 0.046819 0.383113
-0.054835 0.046954 0.381058
-0.056539 0.047085 0.379017
-0.058238 0.047213 0.376992
-0.059932 0.047337 0.374981
-0.061620 0.047458 0.372986
-0.062398 0.047974 0.370789
-0.063176 0.048489 0.368591
-0.063954 0.049005 0.366393
-0.064732 0.049521 0.364195
-0.066404 0.049631 0.362246
-0.067179 0.050145 0.360055
-0.067954 0.050659 0.357865
-0.069616 0.050762 0.355946
-0.071272 0.050861 0.354042
-0.072042 0.051372 0.351867
-0.072812 0.051882 0.349691
-0.074457 0.051975 0.347818
-0.075224 0.052483 0.345650
-0.075991 0.052992 0.343483
-0.076759 0.053501 0.341315
-0.077526 0.054009 0.339148
-0.079155 0.054091 0.337319
-0.079919 0.054598 0.335159
-0.080684 0.055105 0.333000
-0.081449 0.055612 0.330840
-0.082213 0.056119 0.328680
-0.083826 0.056190 0.326897
-0.084588 0.056695 0.324745
-0.085350 0.057200 0.322592
-0.086952 0.057264 0.320840
-0.088852 0.057524 0.318247
-0.091196 0.058080 0.314399
-0.092778 0.058131 0.312702
-0.078663 0.066747 0.302648
-0.080286 0.066824 0.300838
-0.081903 0.066898 0.299043
-0.082697 0.067424 0.296800
-0.083491 0.067950 0.294556
-0.085098 0.068017 0.292792
-0.085889 0.068542 0.290556
-0.086839 0.069171 0.287873
-0.088434 0.069231 0.286140
-0.089223 0.069754 0.283912
-0.090012 0.070276 0.281684
-0.091596 0.070328 0.279981
-0.049138 0.046578 0.389209
-0.049934 0.047106 0.386959
-0.051654 0.047246 0.384874
-0.053368 0.047383 0.382804
-0.055077 0.047516 0.380749
-0.057695 0.047252 0.378898
-0.059390 0.047376 0.376881
-0.060171 0.047893 0.374676
-0.061858 0.048012 0.372682
-0.062636 0.048528 0.370484
-0.063414 0.049044 0.368286
-0.064192 0.049560 0.366089
-0.064970 0.050076 0.363891
-0.066641 0.050184 0.361942
-0.067417 0.050698 0.359752
-0.069080 0.050800 0.357826
-0.069852 0.051313 0.355644
-0.071508 0.051410 0.353740
-0.073157 0.051504 0.351852
-0.073925 0.052013 0.349685
-0.074692 0.052521 0.347517
-0.075459 0.053030 0.345350
-0.076226 0.053539 0.343183
-0.076994 0.054047 0.341015
-0.078625 0.054129 0.339180
-0.079389 0.054636 0.337020
-0.080154 0.055143 0.334860
-0.080918 0.055650 0.332700
-0.081683 0.056157 0.330541
-0.083298 0.056227 0.328751
-0.084060 0.056732 0.326599
-0.084821 0.057238 0.324446
-0.086426 0.057301 0.322687
-0.088024 0.057361 0.320943
-0.088781 0.057863 0.318806
-0.090372 0.057918 0.317085
-0.091125 0.058417 0.314955
-0.092708 0.058467 0.313257
-0.093459 0.058965 0.311135
-0.094210 0.059463 0.309013
-0.081829 0.067253 0.299629
-0.082623 0.067779 0.297386
-0.083417 0.068306 0.295143
-0.085024 0.068371 0.293376
-0.085815 0.068896 0.291141
-0.086606 0.069421 0.288905
-0.088360 0.069584 0.286723
-0.089149 0.070106 0.284495
-0.090737 0.070159 0.282783
-0.091523 0.070680 0.280562
-0.092309 0.071201 0.278342
-0.049382 0.047146 0.388898
-0.050179 0.047674 0.386647
-0.051897 0.047812 0.384563
-0.053611 0.047947 0.382494
-0.056235 0.047684 0.380623
-0.057935 0.047810 0.378592
-0.059629 0.047932 0.376576
-0.060410 0.048450 0.374371
-0.061191 0.048967 0.372165
-0.062875 0.049083 0.370180
-0.063653 0.049598 0.367982
-0.064431 0.050114 0.365784
-0.065209 0.050630 0.363586
-0.066879 0.050736 0.361639
-0.067654 0.051250 0.359449
-0.069317 0.051351 0.357524
-0.070089 0.051863 0.355341
-0.071743 0.051959 0.353439
-0.073392 0.052051 0.351552
-0.074160 0.052559 0.349385
-0.074927 0.053068 0.347217
-0.076565 0.053153 0.345361
-0.076461 0.054086 0.342882
-0.078094 0.054167 0.341041
-0.078859 0.054674 0.338881
-0.079623 0.055181 0.336721
-0.080388 0.055688 0.334561
-0.082007 0.055760 0.332758
-0.082769 0.056265 0.330605
-0.083531 0.056770 0.328453
-0.085140 0.056836 0.326680
-0.085899 0.057339 0.324535
-0.087500 0.057399 0.322785
-0.088256 0.057900 0.320647
-0.089849 0.057955 0.318920
-0.090603 0.058455 0.316790
-0.092187 0.058504 0.315085
-0.092938 0.059002 0.312963
-0.093689 0.059500 0.310841
-0.094441 0.059998 0.308719
-0.095192 0.060496 0.306597
-0.082866 0.068345 0.297076
-0.083660 0.068872 0.294832
-0.085266 0.068935 0.293067
-0.086058 0.069460 0.290831
-0.087007 0.070090 0.288148
-0.088602 0.070146 0.286414
-0.089391 0.070669 0.284186
-0.090977 0.070719 0.282475
-0.091763 0.071240 0.280255
-0.092549 0.071762 0.278034
-0.049626 0.047714 0.388586
-0.051346 0.047852 0.386496
-0.052140 0.048378 0.384252
-0.053853 0.048511 0.382185
-0.056476 0.048244 0.380315
-0.058175 0.048368 0.378285
-0.059869 0.048489 0.376271
-0.060649 0.049006 0.374065
-0.061430 0.049524 0.371860
-0.063113 0.049637 0.369875
-0.063891 0.050153 0.367678
-0.064669 0.050669 0.365480
-0.065447 0.051184 0.363282
-0.067116 0.051289 0.361336
-0.068781 0.051389 0.359404
-0.069553 0.051902 0.357222
-0.071209 0.051997 0.355313
-0.072860 0.052089 0.353420
-0.073627 0.052598 0.351252
-0.075270 0.052684 0.349381
-0.076035 0.053191 0.347222
-0.076799 0.053698 0.345062
-0.077564 0.054205 0.342902
-0.078328 0.054712 0.340742
-0.079093 0.055219 0.338582
-0.080717 0.055293 0.336764
-0.081479 0.055798 0.334612
-0.082241 0.056303 0.332460
-0.083003 0.056808 0.330307
-0.084613 0.056873 0.328528
-0.085372 0.057377 0.326383
-0.086975 0.057436 0.324626
-0.087731 0.057938 0.322489
-0.089326 0.057993 0.320754
-0.090080 0.058492 0.318625
-0.090833 0.058992 0.316495
-0.092417 0.059040 0.314791
-0.093168 0.059538 0.312669
-0.094744 0.059580 0.310988
-0.095493 0.060076 0.308874
-0.096241 0.060572 0.306759
-0.096989 0.061068 0.304645
-0.083903 0.069438 0.294522
-0.085509 0.069499 0.292757
-0.086300 0.070024 0.290521
-0.088055 0.070185 0.288334
-0.088844 0.070708 0.286106
-0.090432 0.070758 0.284388
-0.091218 0.071279 0.282168
-0.092004 0.071801 0.279947
-0.092790 0.072322 0.277727
-0.049870 0.048281 0.388274
-0.051590 0.048418 0.386185
-0.053304 0.048550 0.384111
-0.055013 0.048679 0.382052
-0.056717 0.048805 0.380008
-0.058415 0.048927 0.377979
-0.060108 0.049045 0.375965
-0.060888 0.049563 0.373760
-0.061669 0.050080 0.371554
-0.063351 0.050191 0.369571
-0.064129 0.050707 0.367373
-0.064907 0.051223 0.365176
-0.065685 0.051739 0.362978
-0.067354 0.051841 0.361032
-0.069017 0.051940 0.359102
-0.069790 0.052452 0.356919
-0.071445 0.052546 0.355012
-0.073095 0.052636 0.353119
-0.074740 0.052722 0.351242
-0.075504 0.053229 0.349082
-0.076269 0.053736 0.346922
-0.077034 0.054243 0.344763
-0.077798 0.054750 0.342603
-0.078563 0.055257 0.340443
-0.080188 0.055331 0.338619
-0.080950 0.055836 0.336466
-0.081712 0.056341 0.334314
-0.082474 0.056846 0.332162
-0.084087 0.056911 0.330375
-0.084846 0.057414 0.328231
-0.086450 0.057474 0.326467
-0.087207 0.057976 0.324330
-0.088803 0.058030 0.322589
-0.089557 0.058530 0.320459
-0.090311 0.059030 0.318330
-0.091896 0.059077 0.316619
-0.092647 0.059575 0.314497
-0.094225 0.059617 0.312810
-0.094973 0.060113 0.310695
-0.095722 0.060609 0.308581
-0.096470 0.061105 0.306466
-0.097219 0.061602 0.304352
-0.097967 0.062098 0.302237
-0.098716 0.062594 0.300123
-0.099464 0.063090 0.298009
-0.088296 0.070747 0.288025
-0.089887 0.070797 0.286301
-0.090673 0.071318 0.284081
-0.091459 0.071840 0.281860
-0.092245 0.072361 0.279640
-0.093031 0.072882 0.277419
-0.050114 0.048849 0.387963
-0.051833 0.048983 0.385874
-0.053546 0.049114 0.383801
-0.055255 0.049241 0.381743
-0.056957 0.049365 0.379700
-0.058655 0.049485 0.377672
-0.059438 0.050004 0.375459
-0.061128 0.050119 0.373454
-0.061908 0.050637 0.371249
-0.063590 0.050746 0.369267
-0.064368 0.051262 0.367069
-0.065146 0.051778 0.364871
-0.066816 0.051880 0.362919
-0.067591 0.052394 0.360729
-0.069254 0.052491 0.358800
-0.070027 0.053003 0.356617
-0.071681 0.053094 0.354711
-0.073330 0.053182 0.352819
-0.074974 0.053267 0.350943
-0.075739 0.053774 0.348783
-0.076503 0.054281 0.346623
-0.077268 0.054788 0.344463
-0.078032 0.055295 0.342304
-0.079660 0.055368 0.340473
-0.080422 0.055874 0.338320
-0.081184 0.056379 0.336168
-0.082801 0.056445 0.334368
-0.083560 0.056949 0.332223
-0.084319 0.057452 0.330078
-0.085925 0.057512 0.328308
-0.086682 0.058013 0.326171
-0.088280 0.058067 0.324424
-0.089034 0.058567 0.322294
-0.089788 0.059067 0.320165
-0.091375 0.059114 0.318448
-0.092126 0.059612 0.316326
-0.092877 0.060110 0.314204
-0.094454 0.060150 0.312517
-0.095203 0.060646 0.310402
-0.095951 0.061143 0.308288
-0.096700 0.061639 0.306174
-0.097448 0.062135 0.304059
-0.098196 0.062631 0.301945
-0.099754 0.062659 0.300311
-0.100500 0.063153 0.298204
-0.101395 0.063747 0.295676
-0.090128 0.071357 0.285994
-0.090914 0.071879 0.283773
-0.091700 0.072400 0.281553
-0.092486 0.072921 0.279332
-0.048635 0.049281 0.389753
-0.050358 0.049417 0.387651
-0.052076 0.049549 0.385564
-0.053789 0.049678 0.383491
-0.055496 0.049803 0.381434
-0.057198 0.049925 0.379393
-0.058895 0.050043 0.377366
-0.059678 0.050563 0.375153
-0.061367 0.050675 0.373149
-0.062147 0.051193 0.370944
-0.063828 0.051300 0.368962
-0.064606 0.051816 0.366765
-0.065384 0.052332 0.364567
-0.067054 0.052432 0.362616
-0.067829 0.052946 0.360426
-0.069491 0.053041 0.358497
-0.071147 0.053133 0.356584
-0.071917 0.053643 0.354409
-0.073565 0.053729 0.352519
-0.075208 0.053812 0.350644
-0.075973 0.054319 0.348484
-0.076737 0.054826 0.346324
-0.077502 0.055333 0.344164
-0.079132 0.055406 0.342327
-0.079893 0.055911 0.340175
-0.080655 0.056417 0.338022
-0.082274 0.056483 0.336216
-0.083033 0.056986 0.334071
-0.083792 0.057490 0.331926
-0.085401 0.057549 0.330149
-0.086157 0.058051 0.328012
-0.087757 0.058105 0.326258
-0.088511 0.058605 0.324129
-0.089265 0.059104 0.321999
-0.090019 0.059604 0.319870
-0.091605 0.059649 0.318154
-0.092356 0.060147 0.316032
-0.093935 0.060187 0.314338
-0.094683 0.060684 0.312224
-0.095432 0.061180 0.310110
-0.096180 0.061676 0.307995
-0.096929 0.062172 0.305881
-0.097677 0.062669 0.303766
-0.099237 0.062696 0.302126
-0.099983 0.063190 0.300019
-0.100729 0.063685 0.297912
-0.101624 0.064278 0.295384
-0.102369 0.064773 0.293277
-0.103913 0.064789 0.291684
-0.091941 0.072960 0.281245
-0.092727 0.073481 0.279025
-0.049199 0.050063 0.388537
-0.050921 0.050196 0.386439
-0.053556 0.049927 0.384523
-0.054348 0.050452 0.382288
-0.056967 0.050173 0.380417
-0.058665 0.050290 0.378387
-0.059448 0.050809 0.376174
-0.061137 0.050921 0.374167
-0.061918 0.051439 0.371961
-0.062699 0.051956 0.369756
-0.064377 0.052061 0.367779
-0.065155 0.052577 0.365581
-0.065933 0.053093 0.363383
-0.067601 0.053190 0.361436
-0.069264 0.053285 0.359505
-0.070036 0.053797 0.357322
-0.071691 0.053886 0.355413
-0.073340 0.053971 0.353519
-0.074984 0.054053 0.351641
-0.075748 0.054559 0.349481
-0.076513 0.055066 0.347321
-0.077277 0.055573 0.345161
-0.078908 0.055646 0.343320
-0.079670 0.056151 0.341168
-0.080432 0.056656 0.339016
-0.082051 0.056722 0.337205
-0.082810 0.057225 0.335061
-0.083570 0.057729 0.332916
-0.085178 0.057787 0.331136
-0.085935 0.058289 0.328999
-0.087536 0.058342 0.327241
-0.088290 0.058842 0.325112
-0.089882 0.058890 0.323377
-0.090634 0.059388 0.321255
-0.091385 0.059886 0.319133
-0.092136 0.060384 0.317011
-0.093715 0.060423 0.315314
-0.094464 0.060919 0.313200
-0.095212 0.061415 0.311085
-0.095961 0.061912 0.308971
-0.096709 0.062408 0.306857
-0.097458 0.062904 0.304742
-0.098206 0.063400 0.302628
-0.099764 0.063425 0.300992
-0.100510 0.063920 0.298885
-0.101255 0.064414 0.296778
-0.102150 0.065008 0.294250
-0.102896 0.065502 0.292143
-0.104437 0.065516 0.290554
-0.105626 0.066304 0.287195
-0.048199 0.050817 0.388977
-0.049924 0.050951 0.386869
-0.052563 0.050681 0.384942
-0.054274 0.050806 0.382872
-0.055979 0.050928 0.380817
-0.057680 0.051045 0.378778
-0.059375 0.051160 0.376753
-0.060158 0.051679 0.374540
-0.061845 0.051788 0.372538
-0.062626 0.052306 0.370333
-0.063406 0.052823 0.368127
-0.065083 0.052925 0.366156
-0.065861 0.053441 0.363958
-0.067529 0.053537 0.362009
-0.068304 0.054051 0.359819
-0.069964 0.054143 0.357893
-0.071619 0.054230 0.355982
-0.073268 0.054314 0.354086
-0.074035 0.054823 0.351919
-0.075677 0.054902 0.350046
-0.076441 0.055409 0.347886
-0.077206 0.055915 0.345726
-0.077970 0.056422 0.343566
-0.079598 0.056492 0.341731
-0.080360 0.056997 0.339579
-0.081122 0.057502 0.337426
-0.082739 0.057565 0.335621
-0.083498 0.058069 0.333477
-0.085108 0.058126 0.331695
-0.085864 0.058627 0.329558
-0.087465 0.058680 0.327798
-0.088219 0.059179 0.325669
-0.089812 0.059226 0.323932
-0.090563 0.059724 0.321810
-0.091314 0.060222 0.319688
-0.092065 0.060720 0.317566
-0.093645 0.060758 0.315867
-0.094394 0.061254 0.313753
-0.095142 0.061750 0.311638
-0.095890 0.062247 0.309524
-0.096639 0.062743 0.307409
-0.097387 0.063239 0.305295
-0.098136 0.063735 0.303181
-0.099694 0.063759 0.301543
-0.100440 0.064253 0.299436
-0.101186 0.064748 0.297329
-0.101931 0.065242 0.295222
-0.103625 0.065356 0.293202
-0.104368 0.065848 0.291103
-0.105111 0.066341 0.289003
-0.106644 0.066348 0.287435
-0.107385 0.066839 0.285343
-0.047360 0.051680 0.388967
-0.050009 0.051414 0.387008
-0.051728 0.051543 0.384915
-0.054358 0.051265 0.383010
-0.056063 0.051385 0.380954
-0.057763 0.051501 0.378914
-0.059458 0.051614 0.376889
-0.060241 0.052133 0.374676
-0.061928 0.052241 0.372674
-0.062709 0.052758 0.370468
-0.063489 0.053276 0.368263
-0.065165 0.053376 0.366291
-0.065943 0.053892 0.364093
-0.067611 0.053987 0.362144
-0.068386 0.054501 0.359954
-0.070046 0.054591 0.358027
-0.071701 0.054677 0.356116
-0.073350 0.054759 0.354220
-0.074117 0.055268 0.352052
-0.075758 0.055345 0.350179
-0.076523 0.055852 0.348019
-0.077287 0.056359 0.345859
-0.078052 0.056866 0.343699
-0.079679 0.056934 0.341863
-0.080441 0.057439 0.339711
-0.081203 0.057944 0.337559
-0.082820 0.058006 0.335753
-0.083579 0.058509 0.333609
-0.085188 0.058565 0.331826
-0.085945 0.059066 0.329689
-0.087545 0.059117 0.327929
-0.088299 0.059617 0.325800
-0.089892 0.059662 0.324063
-0.090643 0.060160 0.321940
-0.091394 0.060658 0.319818
-0.092976 0.060696 0.318112
-0.093725 0.061192 0.315997
-0.094473 0.061688 0.313883
-0.095222 0.062185 0.311768
-0.096790 0.062214 0.310100
-0.096719 0.063177 0.307540
-0.097467 0.063673 0.305425
-0.098215 0.064170 0.303311
-0.099773 0.064192 0.301672
-0.100519 0.064686 0.299565
-0.101265 0.065181 0.297458
-0.102160 0.065774 0.294930
-0.103704 0.065787 0.293331
-0.104447 0.066279 0.291232
-0.105190 0.066772 0.289133
-0.106723 0.066778 0.287564
-0.107464 0.067269 0.285472
-0.049012 0.052173 0.387443
-0.051653 0.051900 0.385504
-0.053367 0.052024 0.383424
-0.055989 0.051738 0.381537
-0.057690 0.051853 0.379495
-0.058476 0.052374 0.377274
-0.060168 0.052484 0.375255
-0.060951 0.053003 0.373042
-0.062636 0.053108 0.371045
-0.063416 0.053625 0.368840
-0.064197 0.054143 0.366634
-0.065870 0.054240 0.364668
-0.067539 0.054334 0.362717
-0.068314 0.054848 0.360527
-0.069974 0.054936 0.358598
-0.071629 0.055021 0.356685
-0.072398 0.055532 0.354510
-0.074045 0.055611 0.352619
-0.075686 0.055687 0.350744
-0.076451 0.056194 0.348584
-0.077216 0.056701 0.346424
-0.077980 0.057208 0.344264
-0.079608 0.057275 0.342426
-0.080370 0.057780 0.340274
-0.081132 0.058285 0.338122
-0.082749 0.058345 0.336314
-0.083508 0.058849 0.334170
-0.085117 0.058903 0.332385
-0.085874 0.059405 0.330248
-0.087475 0.059454 0.328486
-0.088229 0.059954 0.326356
-0.089822 0.059998 0.324617
-0.090573 0.060496 0.322495
-0.091324 0.060994 0.320373
-0.092906 0.061031 0.318665
-0.093655 0.061527 0.316550
-0.094403 0.062023 0.314436
-0.095975 0.062053 0.312757
-0.096720 0.062547 0.310651
-0.096648 0.063512 0.308093
-0.097397 0.064008 0.305978
-0.098958 0.064031 0.304330
-0.099703 0.064525 0.302223
-0.100449 0.065020 0.300116
-0.101195 0.065514 0.298009
-0.102090 0.066108 0.295481
-0.103634 0.066119 0.293880
-0.104377 0.066612 0.291781
-0.105913 0.066618 0.290202
-0.106654 0.067109 0.288111
-0.107394 0.067600 0.286019
-0.050819 0.052766 0.385480
-0.052535 0.052890 0.383391
-0.055159 0.052603 0.381496
-0.057773 0.052309 0.379631
-0.058559 0.052830 0.377411
-0.060251 0.052938 0.375391
-0.061035 0.053458 0.373178
-0.061818 0.053977 0.370965
-0.063499 0.054078 0.368975
-0.064280 0.054596 0.366770
-0.065953 0.054692 0.364803
-0.067621 0.054784 0.362852
-0.068396 0.055298 0.360661
-0.070056 0.055385 0.358732
-0.071710 0.055468 0.356818
-0.072480 0.055978 0.354643
-0.074127 0.056056 0.352752
-0.074894 0.056565 0.350585
-0.076532 0.056638 0.348716
-0.077297 0.057145 0.346557
-0.078061 0.057651 0.344397
-0.078826 0.058158 0.342237
-0.080451 0.058222 0.340406
-0.081213 0.058727 0.338254
-0.082830 0.058786 0.336446
-0.083589 0.059289 0.334302
-0.085198 0.059342 0.332517
-0.085954 0.059844 0.330379
-0.087555 0.059891 0.328617
-0.088309 0.060391 0.326488
-0.089901 0.060434 0.324748
-0.090653 0.060932 0.322626
-0.091404 0.061430 0.320504
-0.092986 0.061465 0.318795
-0.093734 0.061961 0.316680
-0.094483 0.062457 0.314566
-0.096054 0.062486 0.312887
-0.096800 0.062980 0.310780
-0.097545 0.063474 0.308673
-0.097477 0.064442 0.306108
-0.099037 0.064463 0.304460
-0.099783 0.064958 0.302353
-0.100529 0.065452 0.300246
-0.101274 0.065947 0.298139
-0.102169 0.066540 0.295611
-0.103713 0.066550 0.294009
-0.104456 0.067043 0.291910
-0.105992 0.067048 0.290331
-0.106733 0.067539 0.288239
-0.107473 0.068029 0.286148
-0.052779 0.053458 0.383080
-0.055402 0.053167 0.381187
-0.057104 0.053281 0.379137
-0.058800 0.053390 0.377103
-0.060491 0.053497 0.375085
-0.061275 0.054016 0.372872
-0.062058 0.054535 0.370659
-0.063738 0.054635 0.368670
-0.064519 0.055152 0.366465
-0.066191 0.055246 0.364499
-0.067858 0.055336 0.362548
-0.068634 0.055850 0.360358
-0.070293 0.055935 0.358430
-0.071946 0.056017 0.356517
-0.072716 0.056527 0.354342
-0.074362 0.056603 0.352452
-0.075129 0.057112 0.350285
-0.076767 0.057183 0.348417
-0.077531 0.057689 0.346257
-0.078296 0.058196 0.344098
-0.079060 0.058703 0.341938
-0.080684 0.058765 0.340108
-0.081446 0.059270 0.337956
-0.083062 0.059327 0.336149
-0.083821 0.059830 0.334005
-0.085429 0.059881 0.332221
-0.086186 0.060383 0.330083
-0.087786 0.060429 0.328322
-0.088540 0.060928 0.326193
-0.090132 0.060969 0.324454
-0.090883 0.061467 0.322332
-0.091634 0.061965 0.320210
-0.093215 0.061998 0.318502
-0.093963 0.062495 0.316388
-0.094712 0.062991 0.314273
-0.096282 0.063017 0.312595
-0.097028 0.063512 0.310488
-0.097774 0.064006 0.308382
-0.098520 0.064500 0.306275
-0.099265 0.064995 0.304168
-0.100011 0.065489 0.302061
-0.100757 0.065984 0.299954
-0.101503 0.066478 0.297847
-0.103049 0.066489 0.296238
-0.103792 0.066981 0.294138
-0.105479 0.067084 0.292133
-0.106219 0.067575 0.290041
-0.106959 0.068066 0.287950
-0.108486 0.068064 0.286395
-0.056872 0.053529 0.380166
-0.058569 0.053638 0.378128
-0.059355 0.054159 0.375908
-0.061045 0.054263 0.373893
-0.061828 0.054782 0.371680
-0.062611 0.055301 0.369467
-0.064290 0.055398 0.367483
-0.065071 0.055916 0.365277
-0.066741 0.056007 0.363315
-0.068406 0.056094 0.361369
-0.070066 0.056179 0.359437
-0.070838 0.056691 0.357255
-0.072490 0.056770 0.355346
-0.074136 0.056845 0.353452
-0.074904 0.057353 0.351285
-0.075671 0.057862 0.349118
-0.077307 0.057930 0.347254
-0.078071 0.058437 0.345094
-0.078836 0.058944 0.342935
-0.080461 0.059005 0.341102
-0.081222 0.059510 0.338949
-0.081984 0.060015 0.336797
-0.083598 0.060069 0.334994
-0.084358 0.060573 0.332850
-0.085964 0.060621 0.331070
-0.086720 0.061123 0.328933
-0.088318 0.061166 0.327175
-0.089911 0.061205 0.325433
-0.090662 0.061703 0.323311
-0.091413 0.062201 0.321189
-0.092995 0.062234 0.319478
-0.093744 0.062730 0.317363
-0.094492 0.063226 0.315249
-0.095241 0.063723 0.313134
-0.096809 0.063746 0.311461
-0.097555 0.064241 0.309354
-0.098301 0.064735 0.307247
-0.099046 0.065230 0.305140
-0.099792 0.065724 0.303033
-0.100538 0.066219 0.300926
-0.101284 0.066713 0.298820
-0.102030 0.067208 0.296713
-0.103574 0.067215 0.295107
-0.104317 0.067708 0.293008
-0.105853 0.067710 0.291425
-0.107384 0.067709 0.289857
-0.108122 0.068198 0.287773
-0.059282 0.054511 0.376488
-0.060971 0.054613 0.374472
-0.061755 0.055133 0.372259
-0.062538 0.055652 0.370046
-0.063321 0.056171 0.367833
-0.064997 0.056265 0.365854
-0.066668 0.056355 0.363890
-0.068333 0.056441 0.361942
-0.069109 0.056955 0.359751
-0.070766 0.057036 0.357826
-0.072418 0.057114 0.355915
-0.073188 0.057625 0.353740
-0.074832 0.057697 0.351852
-0.075599 0.058205 0.349684
-0.076366 0.058714 0.347517
-0.078000 0.058779 0.345659
-0.078764 0.059286 0.343499
-0.079529 0.059793 0.341339
-0.081151 0.059851 0.339512
-0.081913 0.060356 0.337360
-0.083527 0.060409 0.335555
-0.084287 0.060912 0.333410
-0.085893 0.060960 0.331629
-0.086649 0.061461 0.329491
-0.088248 0.061503 0.327732
-0.089002 0.062003 0.325603
-0.090592 0.062040 0.323866
-0.091343 0.062538 0.321744
-0.092094 0.063036 0.319622
-0.093674 0.063065 0.317916
-0.094422 0.063561 0.315802
-0.095171 0.064058 0.313687
-0.095919 0.064554 0.311573
-0.096667 0.065050 0.309459
-0.098231 0.065069 0.307798
-0.098977 0.065563 0.305691
-0.099722 0.066058 0.303584
-0.100468 0.066552 0.301477
-0.101214 0.067047 0.299371
-0.101960 0.067541 0.297264
-0.103504 0.067548 0.295656
-0.104248 0.068040 0.293557
-0.105784 0.068042 0.291972
-0.107315 0.068039 0.290402
-0.108053 0.068528 0.288318
-0.108791 0.069017 0.286234
-0.062308 0.055899 0.371067
-0.063091 0.056418 0.368854
-0.064768 0.056511 0.366872
-0.065549 0.057028 0.364666
-0.067218 0.057116 0.362707
-0.069036 0.057302 0.360324
-0.070694 0.057382 0.358396
-0.072346 0.057459 0.356484
-0.073116 0.057969 0.354309
-0.074760 0.058040 0.352419
-0.075527 0.058549 0.350251
-0.076294 0.059057 0.348084
-0.077062 0.059566 0.345916
-0.078692 0.059628 0.344064
-0.079457 0.060135 0.341904
-0.081080 0.060192 0.340075
-0.081842 0.060697 0.337923
-0.083456 0.060749 0.336116
-0.084215 0.061252 0.333971
-0.085822 0.061298 0.332188
-0.086579 0.061800 0.330050
-0.088177 0.061840 0.328289
-0.088931 0.062340 0.326160
-0.090521 0.062376 0.324421
-0.091273 0.062874 0.322299
-0.092024 0.063372 0.320177
-0.093603 0.063400 0.318469
-0.094352 0.063896 0.316355
-0.095100 0.064393 0.314240
-0.095849 0.064889 0.312126
-0.096597 0.065385 0.310012
-0.097346 0.065881 0.307897
-0.098907 0.065897 0.306242
-0.099653 0.066392 0.304135
-0.100398 0.066886 0.302028
-0.101144 0.067381 0.299922
-0.101890 0.067875 0.297815
-0.103435 0.067880 0.296205
-0.104178 0.068373 0.294106
-0.105715 0.068373 0.292519
-0.107246 0.068369 0.290948
-0.107984 0.068858 0.288863
-0.108722 0.069347 0.286779
-0.064115 0.057496 0.366335
-0.065788 0.057585 0.364361
-0.067456 0.057670 0.362402
-0.069119 0.057752 0.360459
-0.070776 0.057830 0.358531
-0.072428 0.057905 0.356617
-0.073198 0.058416 0.354442
-0.073968 0.058926 0.352267
-0.075609 0.058994 0.350385
-0.076376 0.059503 0.348217
-0.077143 0.060011 0.346050
-0.078774 0.060072 0.344197
-0.079538 0.060579 0.342037
-0.081313 0.060735 0.339777
-0.082075 0.061240 0.337625
-0.083689 0.061290 0.335819
-0.084448 0.061793 0.333674
-0.086054 0.061837 0.331892
-0.086810 0.062339 0.329754
-0.088408 0.062378 0.327994
-0.089162 0.062877 0.325865
-0.090752 0.062911 0.324127
-0.091503 0.063409 0.322005
-0.092254 0.063907 0.319883
-0.093833 0.063933 0.318176
-0.094581 0.064430 0.316062
-0.095330 0.064926 0.313948
-0.096078 0.065422 0.311833
-0.096827 0.065918 0.309719
-0.097575 0.066415 0.307604
-0.099135 0.066429 0.305950
-0.099881 0.066923 0.303844
-0.100627 0.067418 0.301737
-0.101373 0.067912 0.299630
-0.102118 0.068407 0.297523
-0.103662 0.068410 0.295914
-0.105201 0.068410 0.294321
-0.105942 0.068901 0.292229
-0.107472 0.068895 0.290659
-0.108210 0.069384 0.288575
-0.108948 0.069873 0.286491
-0.067850 0.058328 0.361658
-0.069511 0.058407 0.359718
-0.071167 0.058483 0.357792
-0.071940 0.058996 0.355609
-0.073588 0.059066 0.353706
-0.074357 0.059577 0.351531
-0.075997 0.059642 0.349651
-0.076765 0.060151 0.347483
-0.077532 0.060660 0.345316
-0.079161 0.060718 0.343466
-0.079925 0.061225 0.341306
-0.081547 0.061278 0.339479
-0.082308 0.061783 0.337327
-0.083921 0.061831 0.335522
-0.084681 0.062334 0.333377
-0.086286 0.062376 0.331596
-0.087042 0.062878 0.329458
-0.088639 0.062915 0.327699
-0.089393 0.063415 0.325570
-0.090982 0.063446 0.323834
-0.091733 0.063944 0.321712
-0.092484 0.064442 0.319590
-0.094062 0.064467 0.317884
-0.094960 0.065062 0.315346
-0.095709 0.065559 0.313232
-0.096457 0.066055 0.311117
-0.097206 0.066551 0.309003
-0.097954 0.067047 0.306889
-0.099513 0.067059 0.305237
-0.100259 0.067554 0.303130
-0.101004 0.068048 0.301024
-0.101750 0.068543 0.298917
-0.103296 0.068545 0.297303
-0.104039 0.069038 0.295204
-0.105576 0.069035 0.293613
-0.107108 0.069029 0.292038
-0.107846 0.069519 0.289953
-0.108584 0.070008 0.287869
-0.069904 0.059063 0.358976
-0.071558 0.059137 0.357053
-0.072331 0.059649 0.354870
-0.073104 0.060161 0.352688
-0.074747 0.060228 0.350795
-0.075517 0.060738 0.348620
-0.077153 0.060800 0.346750
-0.077920 0.061308 0.344582
-0.079548 0.061364 0.342735
-0.080313 0.061871 0.340575
-0.081932 0.061922 0.338750
-0.082694 0.062427 0.336598
-0.084306 0.062472 0.334796
-0.085912 0.062514 0.333009
-0.086669 0.063016 0.330872
-0.087425 0.063517 0.328735
-0.089021 0.063552 0.326979
-0.089774 0.064052 0.324849
-0.091362 0.064081 0.323115
-0.092113 0.064579 0.320993
-0.092864 0.065077 0.318871
-0.094441 0.065100 0.317168
-0.095189 0.065596 0.315054
-0.095938 0.066092 0.312939
-0.096686 0.066588 0.310825
-0.097435 0.067085 0.308710
-0.098183 0.067581 0.306596
-0.099741 0.067591 0.304945
-0.100487 0.068085 0.302839
-0.101233 0.068580 0.300732
-0.101979 0.069074 0.298625
-0.103523 0.069075 0.297012
-0.104266 0.069568 0.294913
-0.105803 0.069563 0.293324
-0.107334 0.069555 0.291749
-0.108072 0.070044 0.289665
-0.108957 0.070631 0.287164
-0.073031 0.060507 0.353259
-0.073804 0.061019 0.351076
-0.075445 0.061083 0.349189
-0.076215 0.061593 0.347014
-0.077848 0.061652 0.345149
-0.078616 0.062160 0.342982
-0.080241 0.062213 0.341140
-0.081861 0.062263 0.339313
-0.082623 0.062768 0.337161
-0.084235 0.062812 0.335357
-0.084994 0.063316 0.333212
-0.086598 0.063354 0.331431
-0.087354 0.063856 0.329294
-0.088950 0.063889 0.327536
-0.089704 0.064389 0.325406
-0.091292 0.064417 0.323670
-0.092043 0.064915 0.321548
-0.092794 0.065413 0.319426
-0.093545 0.065911 0.317304
-0.095119 0.065931 0.315606
-0.095868 0.066427 0.313492
-0.096616 0.066923 0.311378
-0.097365 0.067419 0.309263
-0.098113 0.067916 0.307149
-0.098862 0.068412 0.305034
-0.100417 0.068419 0.303390
-0.101163 0.068913 0.301283
-0.101909 0.069408 0.299176
-0.103454 0.069407 0.297561
-0.104197 0.069900 0.295462
-0.105734 0.069894 0.293871
-0.107265 0.069885 0.292294
-0.108003 0.070374 0.290210
-0.108740 0.070864 0.288126
-0.074350 0.061775 0.349901
-0.075989 0.061836 0.348017
-0.076759 0.062346 0.345842
-0.078390 0.062402 0.343982
-0.079158 0.062911 0.341814
-0.080781 0.062961 0.339977
-0.081546 0.063468 0.337817
-0.083161 0.063513 0.336002
-0.084771 0.063555 0.334202
-0.086376 0.063593 0.332417
-0.087132 0.064094 0.330280
-0.087889 0.064596 0.328143
-0.089483 0.064627 0.326389
-0.090236 0.065126 0.324259
-0.091822 0.065152 0.322528
-0.092573 0.065650 0.320406
-0.093475 0.066248 0.317859
-0.094226 0.066746 0.315737
-0.095798 0.066762 0.314045
-0.096546 0.067258 0.311931
-0.097295 0.067754 0.309816
-0.098043 0.068251 0.307702
-0.098792 0.068747 0.305587
-0.100347 0.068753 0.303941
-0.101093 0.069247 0.301834
-0.101839 0.069741 0.299727
-0.102585 0.070236 0.297620
-0.104127 0.070233 0.296011
-0.104870 0.070725 0.293912
-0.106405 0.070717 0.292326
-0.107934 0.070705 0.290755
-0.108671 0.071194 0.288671
-0.076995 0.062895 0.345541
-0.078625 0.062949 0.343682
-0.079393 0.063457 0.341514
-0.081015 0.063506 0.339678
-0.081780 0.064013 0.337518
-0.083394 0.064056 0.335704
-0.085004 0.064096 0.333905
-0.085763 0.064599 0.331760
-0.087364 0.064633 0.329984
-0.088120 0.065135 0.327847
-0.089713 0.065164 0.326094
-0.090467 0.065664 0.323964
-0.092052 0.065687 0.322234
-0.092803 0.066185 0.320112
-0.093555 0.066683 0.317990
-0.094306 0.067181 0.315868
-0.095877 0.067196 0.314175
-0.096626 0.067692 0.312061
-0.097374 0.068189 0.309946
-0.098123 0.068685 0.307832
-0.098871 0.069181 0.305717
-0.100427 0.069185 0.304070
-0.101173 0.069680 0.301963
-0.101918 0.070174 0.299856
-0.102664 0.070669 0.297750
-0.104206 0.070664 0.296140
-0.104949 0.071156 0.294041
-0.106483 0.071146 0.292455
-0.108012 0.071132 0.290883
-0.108750 0.071622 0.288799
-0.079321 0.063801 0.342081
-0.080088 0.064309 0.339914
-0.081708 0.064355 0.338083
-0.083323 0.064397 0.336267
-0.084085 0.064902 0.334114
-0.085843 0.065039 0.331892
-0.087444 0.065072 0.330116
-0.088201 0.065574 0.327979
-0.088957 0.066075 0.325841
-0.090547 0.066101 0.324095
-0.091301 0.066601 0.321966
-0.092883 0.066621 0.320242
-0.093634 0.067119 0.318120
-0.094386 0.067617 0.315998
-0.095137 0.068115 0.313876
-0.096705 0.068127 0.312191
-0.097454 0.068623 0.310076
-0.098202 0.069119 0.307962
-0.098951 0.069615 0.305847
-0.100506 0.069618 0.304200
-0.101252 0.070112 0.302093
-0.101998 0.070607 0.299986
-0.102743 0.071101 0.297879
-0.104285 0.071095 0.296269
-0.105028 0.071587 0.294170
-0.106562 0.071576 0.292583
-0.108091 0.071560 0.291011
-0.108828 0.072050 0.288927
-0.081790 0.064798 0.338215
-0.082554 0.065305 0.336056
-0.084166 0.065344 0.334247
-0.085772 0.065379 0.332453
-0.086532 0.065883 0.330308
-0.088130 0.065912 0.328538
-0.088886 0.066414 0.326400
-0.090477 0.066438 0.324652
-0.091231 0.066938 0.322523
-0.091985 0.067438 0.320393
-0.093564 0.067455 0.318675
-0.094315 0.067953 0.316553
-0.095066 0.068451 0.314431
-0.095818 0.068949 0.312309
-0.097384 0.068958 0.310629
-0.098132 0.069454 0.308515
-0.098881 0.069950 0.306400
-0.099629 0.070446 0.304286
-0.101182 0.070446 0.302644
-0.101928 0.070940 0.300537
-0.102674 0.071435 0.298430
-0.104216 0.071427 0.296818
-0.104959 0.071920 0.294719
-0.106493 0.071907 0.293130
-0.107233 0.072398 0.291039
-0.108759 0.072380 0.289472
-0.109497 0.072869 0.287388
-0.085009 0.066291 0.332227
-0.086612 0.066323 0.330440
-0.087371 0.066826 0.328296
-0.088967 0.066853 0.326532
-0.089723 0.067354 0.324395
-0.091311 0.067375 0.322654
-0.092065 0.067875 0.320524
-0.093644 0.067891 0.318806
-0.094395 0.068389 0.316684
-0.095146 0.068887 0.314562
-0.095897 0.069385 0.312440
-0.096649 0.069883 0.310318
-0.098212 0.069888 0.308645
-0.098960 0.070384 0.306530
-0.099709 0.070881 0.304416
-0.100457 0.071377 0.302302
-0.102007 0.071373 0.300667
-0.102753 0.071867 0.298560
-0.104295 0.071858 0.296948
-0.105038 0.072351 0.294848
-0.106571 0.072337 0.293259
-0.107312 0.072827 0.291167
-0.108838 0.072808 0.289600
-0.109575 0.073297 0.287516
-0.087604 0.067367 0.327999
-0.089199 0.067392 0.326236
-0.089955 0.067893 0.324099
-0.091542 0.067913 0.322359
-0.092296 0.068412 0.320229
-0.093049 0.068912 0.318100
-0.094625 0.068924 0.316390
-0.095376 0.069422 0.314268
-0.096128 0.069920 0.312146
-0.096879 0.070418 0.310024
-0.098441 0.070422 0.308352
-0.099190 0.070918 0.306238
-0.099938 0.071414 0.304123
-0.100687 0.071910 0.302009
-0.102236 0.071905 0.300375
-0.102981 0.072399 0.298268
-0.104522 0.072388 0.296657
-0.105265 0.072881 0.294558
-0.106798 0.072864 0.292969
-0.107539 0.073355 0.290878
-0.109064 0.073333 0.289312
-0.089430 0.067931 0.325940
-0.090187 0.068433 0.323803
-0.090943 0.068934 0.321666
-0.092527 0.068950 0.319934
-0.093280 0.069449 0.317805
-0.094034 0.069949 0.315675
-0.095757 0.070057 0.313550
-0.096508 0.070555 0.311428
-0.097259 0.071053 0.309306
-0.098820 0.071054 0.307636
-0.099569 0.071550 0.305522
-0.100317 0.072047 0.303408
-0.101066 0.072543 0.301293
-0.102613 0.072535 0.299662
-0.103359 0.073029 0.297555
-0.104899 0.073016 0.295946
-0.105642 0.073509 0.293847
-0.107173 0.073490 0.292261
-0.107914 0.073981 0.290170
-0.109437 0.073957 0.288606
-0.091175 0.069473 0.321370
-0.091932 0.069975 0.319232
-0.093511 0.069987 0.317510
-0.094265 0.070486 0.315380
-0.095019 0.070986 0.313251
-0.096588 0.070991 0.311558
-0.097339 0.071489 0.309436
-0.098090 0.071987 0.307314
-0.099648 0.071985 0.305652
-0.100397 0.072481 0.303538
-0.101145 0.072977 0.301423
-0.102692 0.072968 0.299791
-0.103438 0.073462 0.297685
-0.104978 0.073447 0.296075
-0.105721 0.073940 0.293976
-0.107252 0.073920 0.292390
-0.107992 0.074411 0.290298
-0.109516 0.074385 0.288735
-0.093742 0.070524 0.317215
-0.094496 0.071024 0.315085
-0.095250 0.071524 0.312956
-0.096818 0.071526 0.311264
-0.097569 0.072024 0.309142
-0.098320 0.072522 0.307020
-0.099877 0.072518 0.305359
-0.100626 0.073014 0.303245
-0.101374 0.073511 0.301130
-0.102921 0.073499 0.299500
-0.103667 0.073994 0.297393
-0.105205 0.073977 0.295785
-0.105948 0.074469 0.293685
-0.107479 0.074447 0.292100
-0.108219 0.074938 0.290009
-0.108960 0.075429 0.287917
-0.095632 0.072161 0.312235
-0.097198 0.072161 0.310546
-0.097949 0.072659 0.308424
-0.098851 0.073257 0.305878
-0.100406 0.073250 0.304221
-0.101155 0.073746 0.302106
-0.101903 0.074242 0.299992
-0.103448 0.074228 0.298365
-0.104194 0.074723 0.296258
-0.105730 0.074703 0.294654
-0.106473 0.075196 0.292555
-0.108002 0.075171 0.290974
-0.108742 0.075662 0.288882
-0.099887 0.073287 0.306042
-0.100635 0.073783 0.303928
-0.101384 0.074280 0.301813
-0.102132 0.074776 0.299699
-0.103676 0.074760 0.298073
-0.104422 0.075254 0.295966
-0.105958 0.075233 0.294364
-0.106701 0.075726 0.292264
-0.108229 0.075699 0.290684
-0.108969 0.076190 0.288593
-0.102062 0.075111 0.300252
-0.103606 0.075094 0.298624
-0.104352 0.075588 0.296517
-0.105098 0.076083 0.294411
-0.106631 0.076058 0.292813
-0.107374 0.076551 0.290714
-0.108900 0.076521 0.289140
-0.104581 0.076120 0.296226
-0.105326 0.076614 0.294119
-0.106859 0.076588 0.292523
-0.107602 0.077080 0.290423
-0.108345 0.077573 0.288324
-0.106938 0.077019 0.292652
-0.107681 0.077512 0.290553
-0.108424 0.078004 0.288453
-0.095104 0.066922 0.279144
-0.093903 0.065253 0.283159
-0.095900 0.068533 0.277170
-0.093588 0.066482 0.280853
-0.093025 0.065307 0.284080
-0.092449 0.064135 0.287278
-0.095029 0.068590 0.278114
-0.093598 0.066972 0.281578
-0.093034 0.065794 0.284802
-0.091568 0.064184 0.288185
-0.090976 0.063014 0.291342
-0.094157 0.068645 0.279054
-0.092723 0.067023 0.282505
-0.092156 0.065844 0.285718
-0.090687 0.064231 0.289088
-0.090092 0.063059 0.292233
-0.094315 0.069763 0.277864
-0.092889 0.068135 0.281330
-0.092330 0.066951 0.284555
-0.091757 0.065771 0.287750
-0.090281 0.064156 0.291098
-0.088786 0.062546 0.294401
-0.092958 0.069937 0.277667
-0.092414 0.068747 0.280923
-0.091857 0.067560 0.284150
-0.091287 0.066376 0.287348
-0.089815 0.064757 0.290699
-0.088323 0.063142 0.294005
-0.086812 0.061531 0.297267
-0.090633 0.070353 0.275200
-0.090093 0.069160 0.278464
-0.092181 0.069298 0.281082
-0.091625 0.068108 0.284308
-0.091057 0.066922 0.287505
-0.089586 0.065298 0.290855
-0.088096 0.063678 0.294160
-0.086587 0.062064 0.297421
-0.085059 0.060454 0.300637
-0.089914 0.071028 0.274224
-0.086753 0.068494 0.278138
-0.087951 0.068192 0.280939
-0.090911 0.068778 0.283340
-0.090347 0.067588 0.286542
-0.088882 0.065958 0.289899
-0.088288 0.064775 0.293034
-0.086788 0.063155 0.296310
-0.085269 0.061539 0.299541
-0.085532 0.060807 0.302417
-0.082472 0.068058 0.275604
-0.078418 0.065075 0.279679
-0.086603 0.068351 0.280745
-0.088678 0.068496 0.283338
-0.090760 0.068638 0.285945
-0.089301 0.067003 0.289313
-0.087824 0.065373 0.292637
-0.086328 0.063748 0.295916
-0.084813 0.062127 0.299150
-0.085077 0.061393 0.302027
-0.085389 0.071150 0.271829
-0.078832 0.066115 0.279069
-0.080004 0.065819 0.281811
-0.084050 0.066806 0.284499
-0.090529 0.069185 0.286103
-0.088186 0.067100 0.289656
-0.087597 0.065911 0.292792
-0.086102 0.064282 0.296070
-0.084589 0.062657 0.299303
-0.084186 0.061420 0.302876
-0.064890 0.048896 0.316449
-0.065964 0.048625 0.318961
-0.084051 0.071307 0.271655
-0.082646 0.069651 0.275136
-0.077734 0.066198 0.279439
-0.077153 0.065005 0.282592
-0.083823 0.067344 0.284654
-0.090297 0.069732 0.286261
-0.087957 0.067641 0.289812
-0.087369 0.066449 0.292947
-0.085876 0.064815 0.296224
-0.084365 0.063186 0.299456
-0.083732 0.062005 0.302487
-0.064253 0.049494 0.315585
-0.065327 0.049223 0.318097
-0.066402 0.048952 0.320610
-0.084203 0.072428 0.270455
-0.082807 0.070766 0.273951
-0.077041 0.066849 0.278499
-0.076464 0.065651 0.281657
-0.074998 0.064007 0.284990
-0.086707 0.069111 0.285324
-0.087898 0.068811 0.288111
-0.087318 0.067614 0.291262
-0.085836 0.065974 0.294558
-0.084335 0.064338 0.297809
-0.083711 0.063152 0.300857
-0.083073 0.061970 0.303874
-0.063831 0.050037 0.315224
-0.064906 0.049766 0.317736
-0.065980 0.049495 0.320248
-0.066137 0.048784 0.322869
-0.083589 0.072400 0.271971
-0.080452 0.069828 0.275896
-0.075542 0.066357 0.280178
-0.074957 0.065159 0.283315
-0.073483 0.063512 0.286623
-0.072870 0.062322 0.289693
-0.083728 0.066983 0.290313
-0.086677 0.067585 0.292705
-0.085190 0.065942 0.295984
-0.083684 0.064303 0.299218
-0.083055 0.063117 0.302251
-0.082413 0.061933 0.305254
-0.063146 0.049974 0.316497
-0.065129 0.050146 0.318882
-0.066203 0.049875 0.321395
-0.119871 0.074687 0.318529
-0.083357 0.072947 0.272129
-0.078490 0.069456 0.276497
-0.074680 0.066373 0.281089
-0.074092 0.065173 0.284215
-0.072614 0.063524 0.287510
-0.071118 0.061879 0.290760
-0.072252 0.061593 0.293413
-0.084913 0.067163 0.293767
-0.084309 0.065967 0.296856
-0.082800 0.064325 0.300076
-0.082168 0.063137 0.303098
-0.081523 0.061951 0.306090
-0.062725 0.050515 0.316137
-0.064707 0.050690 0.318521
-0.064868 0.049975 0.321146
-0.065939 0.049705 0.323651
-0.119462 0.074626 0.320553
-0.083126 0.073494 0.272286
-0.078263 0.069993 0.276652
-0.074225 0.066960 0.280699
-0.073639 0.065757 0.283827
-0.072165 0.064102 0.287125
-0.070672 0.062453 0.290378
-0.070043 0.061261 0.293402
-0.068515 0.059621 0.296575
-0.083850 0.066558 0.296462
-0.082345 0.064912 0.299686
-0.081715 0.063720 0.302710
-0.081072 0.062531 0.305705
-0.062305 0.051057 0.315776
-0.063376 0.050787 0.318281
-0.064447 0.050517 0.320786
-0.065518 0.050247 0.323291
-0.065671 0.049533 0.325896
-0.118378 0.074058 0.323243
-0.118698 0.073302 0.326240
-0.081648 0.073002 0.274021
-0.074405 0.068062 0.279549
-0.073827 0.066855 0.282689
-0.072361 0.065195 0.286002
-0.070877 0.063539 0.289271
-0.070254 0.062343 0.292307
-0.068735 0.060696 0.295495
-0.084044 0.067661 0.295349
-0.082547 0.066009 0.298588
-0.081031 0.064362 0.301783
-0.080393 0.063169 0.304782
-0.062098 0.051545 0.315917
-0.063170 0.051274 0.318422
-0.064241 0.051004 0.320927
-0.065312 0.050734 0.323432
-0.065465 0.050019 0.326036
-0.117217 0.074181 0.323499
-0.117782 0.073362 0.327067
-0.119022 0.073049 0.329965
-0.120261 0.072737 0.332863
-0.119630 0.071542 0.335882
-0.082664 0.074587 0.272602
-0.074815 0.069110 0.278939
-0.073373 0.067440 0.282300
-0.071911 0.065775 0.285616
-0.070431 0.064114 0.288888
-0.070689 0.063371 0.291738
-0.068295 0.061264 0.295117
-0.067646 0.060072 0.298089
-0.082091 0.066597 0.298197
-0.081470 0.065398 0.301236
-0.078152 0.062845 0.304700
-0.061464 0.052140 0.315056
-0.061628 0.051421 0.317685
-0.062696 0.051152 0.320182
-0.063764 0.050882 0.322680
-0.064832 0.050613 0.325177
-0.064061 0.049452 0.327863
-0.117048 0.074051 0.326071
-0.118287 0.073738 0.328969
-0.119527 0.073426 0.331867
-0.119833 0.072671 0.334827
-0.116388 0.070150 0.337996
-0.082050 0.074551 0.274109
-0.073323 0.068602 0.280614
-0.072742 0.067390 0.283742
-0.071276 0.065722 0.287041
-0.069790 0.064059 0.290295
-0.069165 0.062859 0.293319
-0.067645 0.061205 0.296492
-0.066106 0.059555 0.299621
-0.065436 0.058366 0.302541
-0.075463 0.062629 0.303561
-0.073464 0.060416 0.307858
-0.060354 0.052176 0.315327
-0.061422 0.051907 0.317825
-0.062490 0.051638 0.320323
-0.063558 0.051368 0.322820
-0.064626 0.051099 0.325318
-0.063856 0.049935 0.328003
-0.063074 0.048774 0.330658
-0.116153 0.070705 0.338156
-0.082441 0.075620 0.273480
-0.073733 0.069651 0.280007
-0.072290 0.067973 0.283354
-0.070827 0.066301 0.286656
-0.069345 0.064633 0.289914
-0.068723 0.063429 0.292940
-0.067430 0.061714 0.296639
-0.065892 0.060060 0.299767
-0.065224 0.058868 0.302686
-0.075245 0.063145 0.303710
-0.071010 0.060131 0.307252
-0.060408 0.053278 0.313834
-0.060576 0.052555 0.316467
-0.061644 0.052285 0.318964
-0.061802 0.051565 0.321574
-0.062867 0.051297 0.324065
-0.063932 0.051028 0.326555
-0.062237 0.049414 0.329316
-0.061447 0.048252 0.331949
-0.113598 0.069804 0.339613
-0.082691 0.076046 0.274761
-0.072473 0.069078 0.282215
-0.071019 0.067399 0.285532
-0.069546 0.065725 0.288805
-0.068931 0.064517 0.291844
-0.067423 0.062852 0.295035
-0.065896 0.061192 0.298182
-0.065236 0.059995 0.301117
-0.065453 0.059258 0.303863
-0.068563 0.059838 0.306656
-0.067879 0.058647 0.309537
-0.060631 0.053657 0.314977
-0.060797 0.052933 0.317606
-0.060958 0.052211 0.320220
-0.062023 0.051942 0.322710
-0.063088 0.051674 0.325201
-0.061401 0.050054 0.327974
-0.060616 0.048889 0.330615
-0.058894 0.047277 0.333307
-0.111253 0.069525 0.339311
-0.082459 0.076592 0.274919
-0.072250 0.069604 0.282367
-0.070798 0.067921 0.285683
-0.069327 0.066243 0.288954
-0.068713 0.065032 0.291993
-0.067207 0.063363 0.295182
-0.065682 0.061698 0.298328
-0.065023 0.060498 0.301262
-0.065241 0.059760 0.304008
-0.065452 0.059024 0.306739
-0.064761 0.057832 0.309599
-0.059996 0.054253 0.314116
-0.060165 0.053527 0.316747
-0.060327 0.052803 0.319364
-0.061392 0.052535 0.321854
-0.061545 0.051813 0.324449
-0.060987 0.050588 0.327619
-0.059285 0.048968 0.330351
-0.059408 0.048253 0.332877
-0.054994 0.044586 0.338214
-0.056626 0.044174 0.342032
-0.073692 0.071764 0.279706
-0.072259 0.070073 0.283060
-0.069937 0.067921 0.286572
-0.068463 0.066240 0.289830
-0.067845 0.065027 0.292857
-0.066336 0.063354 0.296034
-0.064808 0.061687 0.299166
-0.064146 0.060485 0.302089
-0.063471 0.059286 0.304983
-0.063676 0.058550 0.307697
-0.062979 0.057358 0.310539
-0.060004 0.054686 0.314758
-0.060173 0.053959 0.317387
-0.060335 0.053234 0.320002
-0.060491 0.052510 0.322602
-0.060640 0.051788 0.325187
-0.058953 0.050161 0.327947
-0.058165 0.048991 0.330576
-0.055421 0.046261 0.335336
-0.053869 0.044600 0.338413
-0.055818 0.044793 0.340734
-0.056838 0.044535 0.343121
-0.074330 0.072763 0.279643
-0.072036 0.070599 0.283212
-0.069717 0.068442 0.286722
-0.068244 0.066756 0.289979
-0.067628 0.065540 0.293006
-0.066121 0.063864 0.296181
-0.064594 0.062192 0.299312
-0.063934 0.060987 0.302234
-0.063260 0.059786 0.305127
-0.062574 0.058587 0.307990
-0.061876 0.057392 0.310824
-0.060267 0.055741 0.313762
-0.059540 0.054553 0.316529
-0.059704 0.053826 0.319146
-0.059862 0.053101 0.321749
-0.059103 0.051921 0.324441
-0.058331 0.050744 0.327104
-0.057547 0.049571 0.329737
-0.056750 0.048401 0.332341
-0.054095 0.046328 0.335066
-0.053266 0.045165 0.337595
-0.054284 0.044909 0.339974
-0.056233 0.045103 0.342300
-0.076692 0.074704 0.279149
-0.072045 0.071067 0.283905
-0.069725 0.068905 0.287408
-0.067380 0.066748 0.290851
-0.066761 0.065531 0.293866
-0.065250 0.063851 0.297028
-0.063721 0.062176 0.300146
-0.063057 0.060970 0.303058
-0.062380 0.059766 0.305939
-0.060800 0.058104 0.308938
-0.060989 0.057370 0.311613
-0.059377 0.055715 0.314538
-0.059548 0.054986 0.317169
-0.058808 0.053798 0.319902
-0.058962 0.053072 0.322495
-0.058200 0.051891 0.325176
-0.057426 0.050712 0.327828
-0.056638 0.049537 0.330450
-0.054918 0.047910 0.333124
-0.053180 0.046288 0.335752
-0.053274 0.045577 0.338205
-0.054291 0.045321 0.340584
-0.057174 0.045968 0.342860
-0.073485 0.073239 0.281256
-0.071188 0.071066 0.284803
-0.068865 0.068899 0.288291
-0.067389 0.067206 0.291529
-0.065894 0.065519 0.294723
-0.064380 0.063836 0.297872
-0.063729 0.062624 0.300809
-0.062180 0.060950 0.303877
-0.061500 0.059745 0.306747
-0.059917 0.058080 0.309733
-0.060103 0.057344 0.312399
-0.059385 0.056149 0.315180
-0.058655 0.054957 0.317932
-0.058816 0.054228 0.320538
-0.058063 0.053041 0.323238
-0.057298 0.051858 0.325908
-0.055607 0.050220 0.328642
-0.054813 0.049044 0.331246
-0.054006 0.047871 0.333820
-0.053187 0.046701 0.336364
-0.053282 0.045989 0.338814
-0.055228 0.046186 0.341137
-0.057181 0.046382 0.343474
-0.073494 0.073711 0.281955
-0.071196 0.071533 0.285494
-0.068873 0.069360 0.288974
-0.066525 0.067195 0.292395
-0.065902 0.065973 0.295395
-0.064388 0.064286 0.298538
-0.062193 0.062082 0.302318
-0.061522 0.060872 0.305204
-0.059949 0.059200 0.308209
-0.059249 0.057998 0.311028
-0.058536 0.056799 0.313818
-0.058709 0.056066 0.316450
-0.057974 0.054872 0.319188
-0.058131 0.054143 0.321783
-0.057374 0.052955 0.324469
-0.055694 0.051310 0.327223
-0.054908 0.050129 0.329842
-0.053192 0.048493 0.332514
-0.053299 0.047777 0.334991
-0.052475 0.046606 0.337521
-0.053493 0.046349 0.339900
-0.055440 0.046548 0.342225
-0.058327 0.047199 0.344520
-0.073736 0.074124 0.283199
-0.070569 0.071469 0.286925
-0.067370 0.068822 0.290576
-0.065886 0.067124 0.293783
-0.065259 0.065900 0.296769
-0.062861 0.063742 0.300065
-0.061319 0.062059 0.303139
-0.060645 0.060847 0.306014
-0.059068 0.059172 0.309006
-0.058365 0.057968 0.311814
-0.058544 0.057232 0.314460
-0.057819 0.056034 0.317216
-0.057081 0.054838 0.319942
-0.057235 0.054109 0.322528
-0.055567 0.052457 0.325306
-0.054790 0.051271 0.327943
-0.054002 0.050089 0.330551
-0.053200 0.048909 0.333129
-0.052386 0.047733 0.335677
-0.053407 0.047476 0.338064
-0.054427 0.047218 0.340450
-0.056378 0.047417 0.342785
-0.059268 0.048070 0.345091
-0.061234 0.048265 0.347463
-0.070348 0.071993 0.287076
-0.067152 0.069338 0.290725
-0.065670 0.067636 0.293931
-0.065044 0.066410 0.296916
-0.062648 0.064246 0.300210
-0.061108 0.062558 0.303283
-0.059550 0.060875 0.306312
-0.058860 0.059664 0.309149
-0.058158 0.058457 0.311956
-0.057444 0.057253 0.314733
-0.056929 0.055999 0.317977
-0.057089 0.055267 0.320576
-0.056338 0.054072 0.323269
-0.055574 0.052880 0.325932
-0.054798 0.051692 0.328566
-0.053095 0.050045 0.331256
-0.053208 0.049325 0.333744
-0.052394 0.048146 0.336289
-0.053414 0.047889 0.338675
-0.054435 0.047631 0.341062
-0.056385 0.047831 0.343399
-0.059275 0.048487 0.345708
-0.061242 0.048683 0.348082
-0.070991 0.072991 0.287028
-0.066934 0.069855 0.290874
-0.066325 0.068622 0.293895
-0.063953 0.066446 0.297240
-0.062435 0.064749 0.300356
-0.060897 0.063057 0.303428
-0.059340 0.061369 0.306455
-0.058652 0.060156 0.309291
-0.057061 0.058477 0.312236
-0.056344 0.057272 0.315005
-0.056512 0.056536 0.317620
-0.055773 0.055335 0.320337
-0.055021 0.054138 0.323025
-0.054257 0.052944 0.325683
-0.053480 0.051754 0.328311
-0.053604 0.051029 0.330822
-0.052805 0.049844 0.333399
-0.052912 0.049123 0.335873
-0.053014 0.048404 0.338332
-0.054034 0.048147 0.340718
-0.055983 0.048349 0.343054
-0.058871 0.049007 0.345362
-0.060836 0.049205 0.347735
-0.060931 0.048488 0.350179
-0.069499 0.072448 0.288650
-0.067169 0.070257 0.292084
-0.065686 0.068547 0.295279
-0.063309 0.066368 0.298603
-0.061785 0.064668 0.301702
-0.059361 0.062501 0.304914
-0.058681 0.061283 0.307765
-0.057100 0.059598 0.310731
-0.056391 0.058387 0.313515
-0.055670 0.057180 0.316270
-0.055834 0.056444 0.318874
-0.055091 0.055242 0.321577
-0.054335 0.054043 0.324251
-0.053566 0.052848 0.326894
-0.052992 0.051604 0.329992
-0.052196 0.050415 0.332573
-0.052306 0.049693 0.335050
-0.052409 0.048972 0.337512
-0.053429 0.048715 0.339898
-0.055377 0.048918 0.342231
-0.057331 0.049120 0.344579
-0.060224 0.049780 0.346904
-0.060321 0.049061 0.349351
-0.060411 0.048343 0.351783
-0.066724 0.070830 0.291703
-0.066116 0.069592 0.294719
-0.063747 0.067405 0.298055
-0.062230 0.065700 0.301164
-0.059813 0.063526 0.304388
-0.058255 0.061831 0.307401
-0.057565 0.060613 0.310225
-0.055972 0.058927 0.313156
-0.055254 0.057717 0.315913
-0.054522 0.056509 0.318640
-0.053778 0.055305 0.321338
-0.053924 0.054572 0.323899
-0.053158 0.053373 0.326545
-0.053289 0.052645 0.329068
-0.052500 0.051452 0.331662
-0.051699 0.050262 0.334227
-0.052723 0.050004 0.336621
-0.052825 0.049282 0.339078
-0.054770 0.049487 0.341408
-0.055794 0.049229 0.343802
-0.058681 0.049893 0.346114
-0.059711 0.049633 0.348523
-0.059803 0.048914 0.350957
-0.058948 0.047738 0.353396
-0.059024 0.047023 0.355793
-0.065899 0.070105 0.294868
-0.064406 0.068390 0.298027
-0.062017 0.066204 0.301309
-0.059603 0.064024 0.304532
-0.058047 0.062324 0.307543
-0.056471 0.060630 0.310510
-0.054877 0.058940 0.313433
-0.054156 0.057728 0.316182
-0.054319 0.056989 0.318779
-0.053576 0.055782 0.321476
-0.052821 0.054578 0.324143
-0.052053 0.053378 0.326781
-0.052181 0.052648 0.329297
-0.051390 0.051453 0.331883
-0.051502 0.050728 0.334361
-0.052526 0.050470 0.336755
-0.052832 0.049695 0.339689
-0.054778 0.049902 0.342022
-0.056730 0.050107 0.344369
-0.058688 0.050310 0.346731
-0.059718 0.050050 0.349140
-0.059811 0.049330 0.351573
-0.058956 0.048151 0.354007
-0.059032 0.047434 0.356403
-0.065907 0.070562 0.295544
-0.063541 0.068365 0.298870
-0.061148 0.066174 0.302136
-0.058731 0.063990 0.305344
-0.057171 0.062287 0.308342
-0.055593 0.060590 0.311296
-0.054885 0.059371 0.314071
-0.053272 0.057683 0.316944
-0.053431 0.056944 0.319532
-0.052685 0.055735 0.322217
-0.051926 0.054529 0.324873
-0.051155 0.053327 0.327500
-0.051280 0.052597 0.330006
-0.051398 0.051869 0.332498
-0.051510 0.051142 0.334975
-0.051615 0.050417 0.337437
-0.052636 0.050160 0.339823
-0.053656 0.049902 0.342209
-0.055605 0.050109 0.344550
-0.058490 0.050779 0.346867
-0.059520 0.050519 0.349275
-0.058676 0.049335 0.351731
-0.057819 0.048154 0.354158
-0.057893 0.047437 0.356546
-0.057960 0.046721 0.358919
-0.064848 0.069888 0.298149
-0.061591 0.067211 0.301600
-0.059182 0.065019 0.304819
-0.057629 0.063311 0.307828
-0.056058 0.061608 0.310793
-0.054467 0.059910 0.313713
-0.052857 0.058216 0.316589
-0.053018 0.057476 0.319178
-0.052275 0.056264 0.321866
-0.050617 0.054583 0.324630
-0.050750 0.053849 0.327152
-0.050875 0.053118 0.329660
-0.050084 0.051918 0.332237
-0.050194 0.051190 0.334707
-0.051215 0.050933 0.337093
-0.052235 0.050676 0.339480
-0.053256 0.050418 0.341866
-0.055203 0.050627 0.344206
-0.057361 0.050782 0.347040
-0.058388 0.050523 0.349441
-0.058479 0.049801 0.351866
-0.057623 0.048617 0.354291
-0.057698 0.047898 0.356679
-0.055874 0.046259 0.359054
-0.064856 0.070342 0.298821
-0.060724 0.067178 0.302426
-0.058311 0.064982 0.305630
-0.056755 0.063271 0.308626
-0.055180 0.061565 0.311578
-0.053587 0.059864 0.314485
-0.052865 0.058644 0.317221
-0.052131 0.057426 0.319927
-0.051384 0.056213 0.322604
-0.049724 0.054528 0.325355
-0.049853 0.053794 0.327868
-0.049976 0.053062 0.330367
-0.049181 0.051861 0.332932
-0.050202 0.051603 0.335318
-0.050306 0.050876 0.337772
-0.052243 0.051089 0.340091
-0.053264 0.050831 0.342478
-0.055211 0.051041 0.344819
-0.057164 0.051250 0.347175
-0.058191 0.050991 0.349576
-0.057346 0.049802 0.352023
-0.057427 0.049080 0.354425
-0.057502 0.048360 0.356812
-0.055680 0.046716 0.359186
-0.054788 0.045539 0.361521
-0.063992 0.070314 0.299662
-0.060732 0.067624 0.303087
-0.057440 0.064943 0.306438
-0.055881 0.063229 0.309421
-0.054303 0.061519 0.312359
-0.052706 0.059815 0.315253
-0.051982 0.058593 0.317978
-0.051244 0.057374 0.320673
-0.050494 0.056159 0.323339
-0.048831 0.054471 0.326077
-0.048956 0.053737 0.328581
-0.049076 0.053005 0.331069
-0.048278 0.051801 0.333624
-0.049296 0.051544 0.336003
-0.050313 0.051288 0.338382
-0.051331 0.051031 0.340761
-0.053271 0.051244 0.343089
-0.054292 0.050987 0.345475
-0.056242 0.051197 0.347826
-0.057266 0.050939 0.350220
-0.056621 0.049697 0.353131
-0.056698 0.048975 0.355522
-0.055827 0.047790 0.357903
-0.054943 0.046609 0.360255
-0.054046 0.045430 0.362576
-0.062478 0.069744 0.301187
-0.059208 0.067050 0.304580
-0.057666 0.065328 0.307598
-0.056105 0.063610 0.310570
-0.053639 0.061418 0.313635
-0.052037 0.059711 0.316511
-0.051308 0.058487 0.319222
-0.050566 0.057267 0.321903
-0.048913 0.055573 0.324661
-0.048143 0.054360 0.327275
-0.048265 0.053625 0.329768
-0.047472 0.052418 0.332330
-0.047578 0.051687 0.334786
-0.048593 0.051432 0.337157
-0.049607 0.051176 0.339529
-0.050621 0.050920 0.341901
-0.052559 0.051135 0.344225
-0.054503 0.051348 0.346564
-0.056454 0.051560 0.348918
-0.056545 0.050834 0.351337
-0.055692 0.049641 0.353758
-0.055766 0.048919 0.356140
-0.054891 0.047732 0.358510
-0.054004 0.046549 0.360850
-0.054053 0.045833 0.363172
-0.054096 0.045118 0.365480
-0.060528 0.068573 0.303893
-0.058118 0.066361 0.307080
-0.056563 0.064638 0.310063
-0.054106 0.062438 0.313139
-0.051622 0.060244 0.316156
-0.050896 0.059018 0.318869
-0.050157 0.057794 0.321552
-0.048507 0.056095 0.324313
-0.047740 0.054879 0.326929
-0.046959 0.053666 0.329516
-0.046166 0.052456 0.332073
-0.046270 0.051725 0.334523
-0.048194 0.051944 0.336816
-0.048292 0.051215 0.339251
-0.049303 0.050960 0.341615
-0.050314 0.050705 0.343979
-0.053177 0.051393 0.346262
-0.055123 0.051607 0.348607
-0.055212 0.050880 0.351020
-0.055294 0.050154 0.353417
-0.054633 0.048911 0.356283
-0.054698 0.048190 0.358642
-0.053812 0.047003 0.360981
-0.053861 0.046286 0.363303
-0.052953 0.045105 0.365590
-0.092142 0.063420 0.368995
-0.058567 0.067397 0.306560
-0.056139 0.065184 0.309700
-0.054570 0.063461 0.312642
-0.052095 0.061261 0.315670
-0.051374 0.060030 0.318393
-0.049747 0.058321 0.321201
-0.048102 0.056618 0.323966
-0.047337 0.055398 0.326584
-0.046559 0.054182 0.329173
-0.045768 0.052969 0.331732
-0.044965 0.051759 0.334262
-0.045972 0.051505 0.336619
-0.046980 0.051251 0.338975
-0.047988 0.050996 0.341332
-0.048996 0.050742 0.343689
-0.050929 0.050961 0.346004
-0.054723 0.052123 0.348264
-0.054812 0.051394 0.350678
-0.053962 0.050196 0.353096
-0.054035 0.049471 0.355473
-0.054103 0.048748 0.357834
-0.053220 0.047558 0.360179
-0.053272 0.046839 0.362503
-0.053317 0.046121 0.364813
-0.052403 0.044940 0.367083
-0.059669 0.068979 0.305370
-0.057256 0.066757 0.308535
-0.055698 0.065027 0.311499
-0.053237 0.062818 0.314553
-0.050750 0.060615 0.317547
-0.050021 0.059384 0.320245
-0.048384 0.057674 0.323024
-0.047625 0.056450 0.325655
-0.045954 0.054749 0.328353
-0.045167 0.053533 0.330917
-0.044367 0.052319 0.333452
-0.044465 0.051587 0.335882
-0.045470 0.051334 0.338232
-0.046475 0.051080 0.340581
-0.046560 0.050351 0.342982
-0.047561 0.050099 0.345324
-0.052266 0.051742 0.347518
-0.054210 0.051960 0.349860
-0.053363 0.050758 0.352283
-0.052704 0.049510 0.355147
-0.052769 0.048785 0.357502
-0.052828 0.048063 0.359843
-0.052881 0.047342 0.362168
-0.052928 0.046623 0.364479
-0.052016 0.045438 0.366752
-0.050136 0.043789 0.368963
-0.058364 0.068337 0.307359
-0.055939 0.066114 0.310489
-0.054372 0.064382 0.313425
-0.051013 0.061685 0.316572
-0.050290 0.060450 0.319283
-0.048662 0.058734 0.322077
-0.047015 0.057023 0.324827
-0.046248 0.055799 0.327433
-0.044566 0.054097 0.330102
-0.043770 0.052880 0.332641
-0.042962 0.051666 0.335151
-0.043963 0.051413 0.337493
-0.044965 0.051161 0.339835
-0.044131 0.049953 0.342286
-0.045126 0.049703 0.344613
-0.046121 0.049452 0.346940
-0.053607 0.052526 0.349042
-0.052764 0.051321 0.351471
-0.050974 0.049645 0.353887
-0.051975 0.049393 0.356229
-0.052977 0.049140 0.358571
-0.052092 0.047946 0.360903
-0.052141 0.047225 0.363218
-0.052184 0.046505 0.365518
-0.051268 0.045318 0.367776
-0.050339 0.044135 0.370004
-0.089670 0.062569 0.373963
-0.056610 0.067094 0.310488
-0.054165 0.064870 0.313565
-0.051695 0.062653 0.316583
-0.050088 0.060928 0.319420
-0.048462 0.059207 0.322213
-0.045922 0.057007 0.325068
-0.045153 0.055781 0.327666
-0.044371 0.054558 0.330235
-0.042672 0.052856 0.332857
-0.042769 0.052122 0.335283
-0.042860 0.051389 0.337694
-0.042944 0.050657 0.340090
-0.043022 0.049928 0.342471
-0.043094 0.049199 0.344837
-0.043160 0.048473 0.347189
-0.052890 0.052410 0.350156
-0.052042 0.051203 0.352570
-0.048578 0.048527 0.355461
-0.050508 0.048750 0.357776
-0.052444 0.048972 0.360105
-0.052498 0.048248 0.362430
-0.051598 0.047055 0.364723
-0.050686 0.045865 0.366986
-0.049761 0.044678 0.369220
-0.049780 0.043963 0.371463
-0.089160 0.062436 0.375608
-0.056172 0.066934 0.312290
-0.052835 0.064218 0.315470
-0.050353 0.061999 0.318454
-0.049626 0.060759 0.321146
-0.046207 0.058065 0.324134
-0.045444 0.056834 0.326745
-0.043770 0.055122 0.329419
-0.042979 0.053899 0.331963
-0.042176 0.052679 0.334478
-0.041359 0.051462 0.336963
-0.042355 0.051211 0.339290
-0.042435 0.050479 0.341673
-0.041590 0.049269 0.344091
-0.040732 0.048063 0.346480
-0.038938 0.046381 0.348873
-0.042154 0.046993 0.352000
-0.045191 0.047650 0.354709
-0.048982 0.048828 0.356983
-0.050913 0.049052 0.359303
-0.051908 0.048801 0.361630
-0.051012 0.047605 0.363928
-0.051052 0.046883 0.366218
-0.050134 0.045692 0.368464
-0.049203 0.044504 0.370681
-0.049218 0.043789 0.372912
-0.055515 0.066826 0.313577
-0.051288 0.063616 0.316861
-0.050571 0.062371 0.319576
-0.048062 0.060154 0.322487
-0.045527 0.057942 0.325338
-0.043863 0.056224 0.328032
-0.043080 0.054996 0.330592
-0.042285 0.053771 0.333121
-0.040571 0.052065 0.335697
-0.040656 0.051331 0.338092
-0.040736 0.050598 0.340473
-0.040809 0.049867 0.342838
-0.039956 0.048657 0.345235
-0.038169 0.046969 0.347640
-0.038214 0.046246 0.349938
-0.038252 0.045523 0.352222
-0.040147 0.045758 0.354459
-0.044113 0.046896 0.357150
-0.050722 0.049505 0.359434
-0.051717 0.049254 0.361761
-0.050822 0.048055 0.364058
-0.049914 0.046858 0.366325
-0.048994 0.045665 0.368563
-0.049016 0.044947 0.370809
-0.049031 0.044230 0.373039
-0.085892 0.060591 0.380222
-0.054189 0.066171 0.315491
-0.050833 0.063447 0.318608
-0.049223 0.061711 0.321421
-0.045810 0.059002 0.324405
-0.044155 0.057278 0.327114
-0.042481 0.055558 0.329779
-0.041690 0.054330 0.332314
-0.040886 0.053104 0.334819
-0.039161 0.051397 0.337365
-0.039239 0.050664 0.339741
-0.040225 0.050415 0.342046
-0.039376 0.049201 0.344447
-0.038515 0.047991 0.346819
-0.037641 0.046783 0.349161
-0.037681 0.046059 0.351448
-0.038644 0.045816 0.353701
-0.039608 0.045573 0.355954
-0.045252 0.047720 0.358187
-0.050782 0.049181 0.362347
-0.047994 0.047028 0.364600
-0.048974 0.046781 0.366890
-0.049002 0.046060 0.369148
-0.049023 0.045341 0.371392
-0.049038 0.044623 0.373620
-0.085684 0.061084 0.380364
-0.084833 0.059871 0.382761
-0.051975 0.065019 0.317509
-0.050377 0.063276 0.320345
-0.046979 0.060557 0.323356
-0.044444 0.058335 0.326191
-0.042779 0.056609 0.328871
-0.041094 0.054888 0.331506
-0.040294 0.053660 0.334016
-0.039481 0.052434 0.336497
-0.038655 0.051212 0.338948
-0.038729 0.050478 0.341312
-0.038796 0.049746 0.343660
-0.037938 0.048532 0.346037
-0.037068 0.047321 0.348384
-0.037110 0.046595 0.350673
-0.037145 0.045870 0.352948
-0.038106 0.045628 0.355193
-0.039258 0.045338 0.357888
-0.044909 0.047489 0.360146
-0.048002 0.047424 0.365186
-0.048981 0.047177 0.367476
-0.049009 0.046455 0.369733
-0.049030 0.045734 0.371974
-0.048088 0.044542 0.374153
-0.085160 0.060942 0.381961
-0.052441 0.066050 0.317026
-0.050849 0.064301 0.319872
-0.049239 0.062558 0.322674
-0.044934 0.059344 0.325743
-0.043275 0.057613 0.328433
-0.041598 0.055886 0.331079
-0.040803 0.054654 0.333599
-0.039091 0.052936 0.336164
-0.038268 0.051710 0.338617
-0.038343 0.050975 0.340981
-0.037497 0.049755 0.343383
-0.036639 0.048538 0.345754
-0.036689 0.047809 0.348059
-0.036732 0.047082 0.350349
-0.036769 0.046356 0.352625
-0.036799 0.045632 0.354885
-0.036823 0.044909 0.357131
-0.035905 0.043708 0.359362
-0.035913 0.042989 0.361570
-0.037046 0.042703 0.364221
-0.048401 0.047722 0.366689
-0.048430 0.046998 0.368948
-0.048454 0.046275 0.371192
-0.048471 0.045555 0.373422
-0.047523 0.044361 0.375583
-0.044828 0.042174 0.378038
-0.051991 0.065878 0.318782
-0.050393 0.064128 0.321606
-0.045215 0.060409 0.324811
-0.043566 0.058671 0.327516
-0.041897 0.056938 0.330177
-0.040210 0.055210 0.332794
-0.038504 0.053487 0.335366
-0.037684 0.052258 0.337824
-0.037761 0.051521 0.340191
-0.036919 0.050298 0.342598
-0.036065 0.049078 0.344975
-0.035197 0.047861 0.347322
-0.036161 0.047618 0.349575
-0.036200 0.046890 0.351853
-0.035304 0.045680 0.354133
-0.035327 0.044957 0.356374
-0.035343 0.044235 0.358600
-0.035542 0.043467 0.361253
-0.035545 0.042748 0.363448
-0.047820 0.048266 0.365902
-0.047852 0.047541 0.368163
-0.047877 0.046816 0.370410
-0.047896 0.046094 0.372642
-0.046952 0.044896 0.374808
-0.045995 0.043702 0.376945
-0.044061 0.042036 0.378986
-0.081627 0.059122 0.385894
-0.050190 0.064607 0.321744
-0.045017 0.060878 0.324946
-0.042477 0.058642 0.327749
-0.040807 0.056905 0.330401
-0.040017 0.055666 0.332926
-0.038313 0.053939 0.335497
-0.037494 0.052707 0.337954
-0.036663 0.051478 0.340382
-0.035820 0.050253 0.342780
-0.034963 0.049030 0.345149
-0.035012 0.048299 0.347448
-0.035054 0.047569 0.349733
-0.035090 0.046841 0.352003
-0.034193 0.045629 0.354275
-0.035144 0.045389 0.356499
-0.034227 0.044182 0.358727
-0.034235 0.043461 0.360930
-0.035176 0.043224 0.363131
-0.035174 0.042505 0.365312
-0.047664 0.047985 0.368292
-0.047690 0.047259 0.370538
-0.047710 0.046535 0.372769
-0.046766 0.045335 0.374935
-0.044851 0.043661 0.377012
-0.042916 0.041991 0.379045
-0.042895 0.041277 0.381180
-0.081848 0.059500 0.387030
-0.048635 0.063986 0.323086
-0.044341 0.060747 0.326148
-0.041795 0.058507 0.328929
-0.040120 0.056768 0.331564
-0.039326 0.055528 0.334074
-0.037616 0.053797 0.336628
-0.036793 0.052564 0.339071
-0.035957 0.051334 0.341485
-0.035109 0.050107 0.343869
-0.034248 0.048883 0.346223
-0.034293 0.048152 0.348512
-0.034332 0.047421 0.350786
-0.034364 0.046693 0.353045
-0.033462 0.045480 0.355303
-0.033667 0.044707 0.357967
-0.033677 0.043985 0.360173
-0.033680 0.043263 0.362364
-0.033677 0.042544 0.364540
-0.032723 0.041344 0.366677
-0.046919 0.047849 0.369301
-0.047892 0.047604 0.371576
-0.046957 0.046399 0.373757
-0.045052 0.044718 0.375854
-0.043128 0.043042 0.377906
-0.043112 0.042326 0.380053
-0.049995 0.065512 0.322513
-0.044826 0.061763 0.325699
-0.042289 0.059516 0.328492
-0.040621 0.057772 0.331138
-0.039832 0.056527 0.333657
-0.037228 0.054297 0.336295
-0.036407 0.053061 0.338741
-0.035574 0.051828 0.341156
-0.034729 0.050597 0.343543
-0.033870 0.049371 0.345899
-0.033916 0.048637 0.348189
-0.033036 0.047416 0.350494
-0.033066 0.046686 0.352747
-0.033090 0.045959 0.354985
-0.032178 0.044745 0.357215
-0.033119 0.044508 0.359416
-0.033124 0.043785 0.361610
-0.033123 0.043064 0.363789
-0.033115 0.042344 0.365953
-0.033101 0.041626 0.368102
-0.047705 0.048047 0.371704
-0.046771 0.046839 0.373884
-0.044868 0.045154 0.375979
-0.042946 0.043473 0.378030
-0.042930 0.042756 0.380177
-0.076118 0.056759 0.390142
-0.044151 0.061630 0.326898
-0.041607 0.059379 0.329670
-0.039934 0.057632 0.332298
-0.038242 0.055890 0.334882
-0.036531 0.054152 0.337421
-0.035706 0.052914 0.339852
-0.034868 0.051680 0.342254
-0.034018 0.050448 0.344626
-0.033155 0.049220 0.346968
-0.033198 0.048486 0.349247
-0.032313 0.047263 0.351538
-0.031415 0.046044 0.353798
-0.031432 0.045316 0.356018
-0.031443 0.044591 0.358223
-0.032568 0.044307 0.360856
-0.032569 0.043584 0.363037
-0.032563 0.042862 0.365204
-0.031607 0.041657 0.367328
-0.031585 0.040940 0.369458
-0.047712 0.048441 0.372287
-0.045825 0.046748 0.374414
-0.043918 0.045059 0.376496
-0.041993 0.043376 0.378534
-0.041974 0.042658 0.380671
-0.041950 0.041941 0.382793
-0.041918 0.041226 0.384900
-0.046884 0.064255 0.325175
-0.042100 0.060391 0.329235
-0.040434 0.058639 0.331874
-0.038749 0.056891 0.334468
-0.037045 0.055148 0.337018
-0.035322 0.053409 0.339523
-0.034486 0.052171 0.341926
-0.033639 0.050937 0.344301
-0.032778 0.049705 0.346645
-0.031905 0.048477 0.348960
-0.031939 0.047744 0.351218
-0.031044 0.046521 0.353481
-0.031062 0.045792 0.355702
-0.031074 0.045065 0.357908
-0.031080 0.044339 0.360099
-0.031079 0.043615 0.362276
-0.031072 0.042893 0.364437
-0.031059 0.042172 0.366584
-0.031039 0.041452 0.368716
-0.030431 0.040157 0.371650
-0.043162 0.045638 0.375283
-0.042202 0.044432 0.377393
-0.042189 0.043711 0.379541
-0.042170 0.042991 0.381675
-0.042144 0.042273 0.383794
-0.042112 0.041557 0.385897
-0.075368 0.057072 0.391780
-0.041419 0.060251 0.330411
-0.039748 0.058496 0.333032
-0.038058 0.056745 0.335609
-0.035447 0.054502 0.338209
-0.034620 0.053259 0.340628
-0.033781 0.052020 0.343018
-0.032928 0.050783 0.345378
-0.032063 0.049550 0.347708
-0.031186 0.048320 0.350009
-0.030296 0.047094 0.352280
-0.030316 0.046363 0.354505
-0.030331 0.045634 0.356715
-0.030526 0.044859 0.359348
-0.030527 0.044133 0.361527
-0.030522 0.043409 0.363691
-0.030510 0.042686 0.365840
-0.030492 0.041965 0.367975
-0.029522 0.040759 0.370057
-0.029671 0.039996 0.372582
-0.041640 0.044959 0.376631
-0.041629 0.044236 0.378782
-0.041612 0.043514 0.380918
-0.041588 0.042795 0.383039
-0.041558 0.042077 0.385146
-0.042493 0.041841 0.387332
-0.075584 0.057440 0.392889
-0.042116 0.061215 0.330454
-0.039555 0.058953 0.333164
-0.037866 0.057198 0.335739
-0.035258 0.054949 0.338338
-0.034432 0.053703 0.340757
-0.033594 0.052461 0.343145
-0.032743 0.051222 0.345504
-0.031879 0.049986 0.347834
-0.031003 0.048753 0.350134
-0.030114 0.047524 0.352404
-0.030135 0.046791 0.354629
-0.029224 0.045568 0.356847
-0.029230 0.044839 0.359034
-0.029229 0.044113 0.361207
-0.030157 0.043878 0.363378
-0.029208 0.042664 0.365508
-0.029188 0.041942 0.367636
-0.029162 0.041222 0.369749
-0.029130 0.040503 0.371848
-0.030042 0.040273 0.373982
-0.040881 0.044808 0.377581
-0.041825 0.044570 0.379790
-0.041807 0.043848 0.381922
-0.041783 0.043127 0.384040
-0.041752 0.042408 0.386143
-0.042687 0.042172 0.388329
-0.043292 0.062788 0.329451
-0.039852 0.060015 0.332271
-0.038172 0.058254 0.334862
-0.036474 0.056498 0.337407
-0.034756 0.054747 0.339909
-0.033925 0.053500 0.342310
-0.032172 0.051758 0.344730
-0.031312 0.050518 0.347064
-0.031354 0.049779 0.349336
-0.030472 0.048545 0.351619
-0.029577 0.047315 0.353872
-0.029782 0.046535 0.356523
-0.028864 0.045310 0.358721
-0.029796 0.045075 0.360900
-0.029793 0.044348 0.363066
-0.029784 0.043622 0.365218
-0.029768 0.042898 0.367354
-0.028803 0.041685 0.369441
-0.028771 0.040965 0.371541
-0.029684 0.040735 0.373675
-0.040699 0.045238 0.377705
-0.041643 0.045000 0.379914
-0.041626 0.044276 0.382046
-0.041602 0.043554 0.384163
-0.041572 0.042834 0.386266
-0.042507 0.042598 0.388452
-0.041239 0.061534 0.331760
-0.038675 0.059263 0.334447
-0.036086 0.056998 0.337075
-0.034372 0.055242 0.339579
-0.033543 0.053992 0.341983
-0.031794 0.052245 0.344406
-0.031847 0.051502 0.346701
-0.030980 0.050262 0.349015
-0.030100 0.049025 0.351300
-0.029208 0.047791 0.353555
-0.029226 0.047057 0.355769
-0.028312 0.045828 0.357972
-0.028314 0.045098 0.360148
-0.028310 0.044370 0.362310
-0.028300 0.043643 0.364456
-0.028283 0.042918 0.366588
-0.029202 0.042686 0.368737
-0.029176 0.041963 0.370847
-0.028195 0.040752 0.372895
-0.033096 0.042434 0.375671
-0.040895 0.045573 0.378713
-0.040880 0.044847 0.380849
-0.041821 0.044610 0.383050
-0.041797 0.043887 0.385164
-0.041766 0.043165 0.387263
-0.039867 0.060831 0.333479
-0.037291 0.058557 0.336132
-0.033791 0.055786 0.338792
-0.032966 0.054533 0.341201
-0.032128 0.053283 0.343579
-0.031278 0.052036 0.345929
-0.030415 0.050792 0.348248
-0.029539 0.049552 0.350538
-0.028650 0.048314 0.352798
-0.028670 0.047578 0.355014
-0.027946 0.046300 0.357659
-0.027950 0.045568 0.359836
-0.027947 0.044838 0.361998
-0.027938 0.044110 0.364146
-0.027922 0.043383 0.366279
-0.027900 0.042657 0.368397
-0.027872 0.041934 0.370500
-0.027838 0.041212 0.372589
-0.028747 0.040982 0.374716
-0.040335 0.046098 0.377954
-0.041280 0.045860 0.380162
-0.041264 0.045133 0.382293
-0.041241 0.044408 0.384410
-0.041213 0.043685 0.386512
-0.042147 0.043449 0.388698
-0.039384 0.060630 0.335102
-0.035903 0.057848 0.337797
-0.033290 0.055579 0.340357
-0.032459 0.054324 0.342748
-0.031616 0.053073 0.345110
-0.030759 0.051825 0.347442
-0.028977 0.050078 0.349776
-0.028093 0.048838 0.352042
-0.028114 0.048100 0.354260
-0.027207 0.046865 0.356474
-0.027214 0.046131 0.358655
-0.027213 0.045399 0.360822
-0.027207 0.044669 0.362973
-0.027194 0.043940 0.365110
-0.027175 0.043213 0.367232
-0.027149 0.042487 0.369340
-0.027117 0.041763 0.371432
-0.027079 0.041041 0.373510
-0.028936 0.041305 0.375686
-0.040342 0.046480 0.378519
-0.041287 0.046242 0.380728
-0.041271 0.045514 0.382857
-0.041248 0.044788 0.384972
-0.041220 0.044063 0.387072
-0.042154 0.043827 0.389258
-0.038698 0.060479 0.336247
-0.033414 0.056678 0.339050
-0.032591 0.055419 0.341456
-0.031756 0.054163 0.343834
-0.030908 0.052910 0.346181
-0.029137 0.051157 0.348535
-0.028260 0.049911 0.350816
-0.028288 0.049171 0.353046
-0.027389 0.047931 0.355275
-0.026478 0.046694 0.357474
-0.026480 0.045960 0.359645
-0.025730 0.044683 0.362222
-0.025716 0.043953 0.364354
-0.025695 0.043225 0.366471
-0.026608 0.042995 0.368606
-0.026578 0.042269 0.370701
-0.026542 0.041545 0.372781
-0.027448 0.041317 0.374900
-0.038830 0.046512 0.377698
-0.040727 0.046767 0.379969
-0.040713 0.046038 0.382101
-0.041654 0.045800 0.384302
-0.041631 0.045073 0.386412
-0.041600 0.044347 0.388507
-0.039399 0.061443 0.336306
-0.033422 0.057074 0.339636
-0.031698 0.055305 0.342096
-0.030859 0.054047 0.344462
-0.030915 0.053299 0.346756
-0.028233 0.051037 0.349139
-0.027354 0.049789 0.351409
-0.027378 0.049049 0.353629
-0.026476 0.047807 0.355847
-0.025561 0.046568 0.358035
-0.025560 0.045834 0.360196
-0.024624 0.044601 0.362333
-0.025540 0.044370 0.364474
-0.025520 0.043641 0.366591
-0.025493 0.042913 0.368693
-0.025461 0.042186 0.370780
-0.026367 0.041958 0.372900
-0.027274 0.041729 0.375020
-0.039601 0.047435 0.377884
-0.040545 0.047197 0.380093
-0.041490 0.046959 0.382301
-0.041473 0.046229 0.384425
-0.041450 0.045500 0.386535
-0.041421 0.044773 0.388629
-0.033233 0.057520 0.339765
-0.031511 0.055747 0.342223
-0.030674 0.054486 0.344588
-0.029824 0.053229 0.346924
-0.028051 0.051468 0.349264
-0.027172 0.050218 0.351532
-0.027197 0.049476 0.353753
-0.026297 0.048231 0.355969
-0.025383 0.046990 0.358157
-0.024457 0.045751 0.360314
-0.024447 0.045018 0.362453
-0.024431 0.044286 0.364577
-0.024409 0.043556 0.366686
-0.025318 0.043327 0.368813
-0.025467 0.042553 0.371323
-0.025428 0.041827 0.373394
-0.026332 0.041599 0.375506
-0.039608 0.047818 0.378450
-0.040552 0.047579 0.380659
-0.041497 0.047341 0.382867
-0.041480 0.046610 0.384989
-0.041457 0.045880 0.387097
-0.041428 0.045151 0.389190
-0.032030 0.056747 0.341840
-0.031198 0.055483 0.344215
-0.030353 0.054221 0.346560
-0.028588 0.052455 0.348910
-0.026803 0.050694 0.351216
-0.025914 0.049444 0.353457
-0.025013 0.048197 0.355669
-0.025020 0.047458 0.357846
-0.024096 0.046216 0.360005
-0.024088 0.045481 0.362145
-0.024073 0.044748 0.364270
-0.024052 0.044016 0.366380
-0.024024 0.043286 0.368475
-0.024930 0.043057 0.370595
-0.024893 0.042329 0.372668
-0.024850 0.041603 0.374726
-0.039998 0.048840 0.377752
-0.039993 0.048105 0.379899
-0.040937 0.047866 0.382108
-0.041882 0.047628 0.384316
-0.041864 0.046896 0.386434
-0.040874 0.045671 0.388438
-0.033248 0.058313 0.340938
-0.031526 0.056532 0.343385
-0.030688 0.055266 0.345743
-0.028931 0.053494 0.348108
-0.026245 0.051217 0.350459
-0.026273 0.050472 0.352683
-0.025379 0.049220 0.354907
-0.024472 0.047972 0.357102
-0.024474 0.047233 0.359266
-0.022619 0.045485 0.361402
-0.022603 0.044751 0.363522
-0.022580 0.044018 0.365627
-0.023487 0.043790 0.367746
-0.023455 0.043059 0.369829
-0.023416 0.042331 0.371897
-0.024316 0.042104 0.374002
-0.024269 0.041377 0.376048
-0.040384 0.049128 0.379206
-0.040378 0.048392 0.381348
-0.041322 0.048153 0.383557
-0.041494 0.047372 0.386117
-0.041471 0.046639 0.388221
-0.032044 0.057535 0.343006
-0.030310 0.055753 0.345419
-0.029462 0.054487 0.347749
-0.026784 0.052204 0.350111
-0.025905 0.050946 0.352367
-0.025013 0.049691 0.354594
-0.024108 0.048440 0.356790
-0.023191 0.047192 0.358957
-0.023185 0.046453 0.361101
-0.022246 0.045211 0.363216
-0.022225 0.044477 0.365322
-0.022197 0.043744 0.367413
-0.023100 0.043516 0.369526
-0.023063 0.042786 0.371595
-0.023020 0.042057 0.373649
-0.022970 0.041330 0.375689
-0.040012 0.049607 0.378888
-0.040007 0.048869 0.381031
-0.040951 0.048631 0.383239
-0.041896 0.048393 0.385448
-0.040915 0.047161 0.387467
-0.041853 0.046924 0.389660
-0.031734 0.057268 0.345001
-0.029991 0.055484 0.347387
-0.026414 0.052681 0.349794
-0.025537 0.051420 0.352052
-0.024647 0.050162 0.354280
-0.023745 0.048908 0.356479
-0.022830 0.047657 0.358648
-0.022826 0.046917 0.360793
-0.021889 0.045671 0.362910
-0.020939 0.044428 0.364998
-0.021842 0.044201 0.367110
-0.021810 0.043468 0.369187
-0.021771 0.042737 0.371250
-0.021725 0.042007 0.373298
-0.022619 0.041782 0.375388
-0.021615 0.040553 0.377350
-0.039825 0.049299 0.381155
-0.040770 0.049061 0.383364
-0.041714 0.048823 0.385572
-0.041697 0.048086 0.387685
-0.041673 0.047351 0.389784
-0.031741 0.057660 0.345582
-0.029094 0.055359 0.348000
-0.025513 0.052550 0.350390
-0.024633 0.051287 0.352637
-0.023740 0.050028 0.354854
-0.022835 0.048771 0.357042
-0.022100 0.047472 0.359628
-0.021168 0.046222 0.361753
-0.020223 0.044976 0.363849
-0.021127 0.044748 0.365961
-0.021096 0.044014 0.368043
-0.021060 0.043281 0.370110
-0.021017 0.042549 0.372162
-0.020968 0.041819 0.374199
-0.020912 0.041091 0.376221
-0.040021 0.049634 0.382163
-0.040966 0.049395 0.384371
-0.040951 0.048657 0.386488
-0.040929 0.047920 0.388591
-0.032965 0.059233 0.344707
-0.030332 0.056923 0.347150
-0.026767 0.054104 0.349568
-0.024988 0.052321 0.351860
-0.024102 0.051058 0.354090
-0.023204 0.049797 0.356290
-0.022292 0.048540 0.358460
-0.022290 0.047797 0.360605
-0.020432 0.046034 0.362712
-0.020411 0.045296 0.364813
-0.020383 0.044559 0.366898
-0.020349 0.043824 0.368969
-0.020308 0.043091 0.371025
-0.020262 0.042359 0.373066
-0.020209 0.041629 0.375093
-0.039839 0.050063 0.382287
-0.040784 0.049825 0.384495
-0.040769 0.049085 0.386612
-0.041711 0.048848 0.388813
-0.034068 0.060097 0.345704
-0.028917 0.056182 0.348700
-0.025339 0.053359 0.351078
-0.023550 0.051576 0.353340
-0.022655 0.050312 0.355546
-0.021748 0.049051 0.357721
-0.021747 0.048306 0.359869
-0.019895 0.046538 0.361983
-0.019875 0.045798 0.364086
-0.019850 0.045060 0.366175
-0.019817 0.044323 0.368248
-0.019779 0.043588 0.370307
-0.019734 0.042854 0.372350
-0.019683 0.042122 0.374379
-0.039469 0.050541 0.381969
-0.039459 0.049799 0.384094
-0.040400 0.049561 0.386295
-0.041341 0.049324 0.388497
-0.041319 0.048585 0.390592
-0.028924 0.056569 0.349273
-0.024439 0.053223 0.351668
-0.023557 0.051953 0.353899
-0.022662 0.050686 0.356100
-0.021755 0.049423 0.358272
-0.020835 0.048162 0.360414
-0.019902 0.046905 0.362526
-0.018956 0.045651 0.364609
-0.018927 0.044912 0.366688
-0.018892 0.044175 0.368752
-0.018850 0.043439 0.370801
-0.018802 0.042705 0.372836
-0.018748 0.041973 0.374856
-0.038713 0.050369 0.382897
-0.039654 0.050132 0.385099
-0.039637 0.049390 0.387206
-0.040575 0.049154 0.389399
-0.026599 0.055302 0.350828
-0.023005 0.052471 0.353150
-0.023025 0.051718 0.355342
-0.022125 0.050450 0.357526
-0.021212 0.049186 0.359681
-0.019365 0.047409 0.361798
-0.018423 0.046152 0.363885
-0.018396 0.045411 0.365967
-0.018362 0.044672 0.368034
-0.018322 0.043935 0.370086
-0.018276 0.043199 0.372123
-0.018224 0.042465 0.374145
-0.037392 0.050338 0.382503
-0.038331 0.050101 0.384696
-0.039269 0.049864 0.386890
-0.040207 0.049628 0.389084
-0.030553 0.058434 0.349910
-0.024266 0.054029 0.352353
-0.022475 0.052235 0.354596
-0.022491 0.051482 0.356776
-0.021585 0.050213 0.358943
-0.019747 0.048430 0.361075
-0.018812 0.047168 0.363175
-0.017864 0.045910 0.365246
-0.017833 0.045169 0.367315
-0.017795 0.044430 0.369370
-0.017750 0.043692 0.371409
-0.017700 0.042956 0.373434
-0.036823 0.050114 0.383859
-0.038713 0.050386 0.386136
-0.039651 0.050150 0.388330
-0.040589 0.049913 0.390523
-0.022646 0.053319 0.353394
-0.022668 0.052564 0.355586
-0.021040 0.050724 0.358204
-0.020125 0.049455 0.360347
-0.018277 0.047671 0.362449
-0.018256 0.046926 0.364543
-0.017303 0.045666 0.366597
-0.017267 0.044925 0.368654
-0.016292 0.043671 0.370655
-0.016240 0.042934 0.372675
-0.035505 0.050076 0.383463
-0.037391 0.050351 0.385731
-0.038326 0.050115 0.387918
-0.039261 0.049879 0.390104
-0.022467 0.053743 0.353517
-0.022489 0.052986 0.355708
-0.021592 0.051710 0.357890
-0.019767 0.049916 0.360040
-0.017922 0.048127 0.362145
-0.017903 0.047381 0.364240
-0.016952 0.046118 0.366296
-0.015989 0.044858 0.368322
-0.015945 0.044118 0.370358
-0.015894 0.043379 0.372379
-0.034004 0.050082 0.382635
-0.035885 0.050360 0.384893
-0.036816 0.050125 0.387072
-0.038707 0.050399 0.389352
-0.021753 0.053549 0.354527
-0.022682 0.053315 0.356699
-0.020870 0.051514 0.358876
-0.018123 0.049197 0.361002
-0.017190 0.047927 0.363096
-0.016244 0.046660 0.365160
-0.016212 0.045915 0.367222
-0.015244 0.044654 0.369234
-0.016128 0.044431 0.371301
-0.031191 0.049664 0.380872
-0.033062 0.049945 0.383110
-0.034940 0.050224 0.385362
-0.036823 0.050502 0.387630
-0.023387 0.055023 0.354617
-0.022503 0.053738 0.356821
-0.020693 0.051933 0.358996
-0.017948 0.049609 0.361121
-0.017017 0.048336 0.363214
-0.016072 0.047067 0.365277
-0.016040 0.046321 0.367339
-0.015074 0.045057 0.369350
-0.015026 0.044315 0.371374
-0.030068 0.049568 0.380919
-0.031936 0.049851 0.383150
-0.033809 0.050133 0.385395
-0.035875 0.050366 0.388090
-0.023394 0.055401 0.355177
-0.022510 0.054114 0.357377
-0.020700 0.052305 0.359547
-0.017039 0.049452 0.361656
-0.016104 0.048177 0.363738
-0.016079 0.047428 0.365812
-0.015121 0.046159 0.367842
-0.015080 0.045415 0.369879
-0.015033 0.044671 0.371902
-0.030259 0.049894 0.381899
-0.032127 0.050178 0.384133
-0.034001 0.050461 0.386383
-0.023401 0.055780 0.355737
-0.022517 0.054490 0.357934
-0.018332 0.051006 0.360941
-0.016490 0.049201 0.363030
-0.015549 0.047925 0.365094
-0.014596 0.046653 0.367129
-0.014556 0.045906 0.369169
-0.014511 0.045161 0.371194
-0.028954 0.049840 0.381514
-0.030817 0.050127 0.383739
-0.032687 0.050412 0.385980
-0.022874 0.055535 0.357180
-0.021984 0.054244 0.359359
-0.015957 0.049702 0.362306
-0.015020 0.048422 0.364375
-0.014992 0.047672 0.366440
-0.014032 0.046398 0.368458
-0.013988 0.045651 0.370485
-0.027651 0.049784 0.381130
-0.029510 0.050073 0.383347
-0.031376 0.050360 0.385580
-0.023440 0.055771 0.359045
-0.017982 0.051834 0.361180
-0.015227 0.049492 0.363253
-0.014286 0.048212 0.365308
-0.014254 0.047461 0.367362
-0.013290 0.046186 0.369365
-0.024864 0.049339 0.379402
-0.027658 0.050153 0.381677
-0.029517 0.050443 0.383896
-0.023261 0.056195 0.359168
-0.017076 0.051672 0.361717
-0.015234 0.049855 0.363790
-0.014292 0.048572 0.365841
-0.014261 0.047820 0.367893
-0.013297 0.046542 0.369893
-0.025052 0.049660 0.380369
-0.027847 0.050476 0.382651
-0.022545 0.055993 0.360159
-0.014146 0.049733 0.363892
-0.014121 0.048977 0.365958
-0.014090 0.048224 0.368010
-0.013127 0.046943 0.370009
-0.023757 0.049594 0.379992
-0.026546 0.050414 0.382264
-0.028401 0.050708 0.384478
-0.014709 0.050717 0.363606
-0.013771 0.049428 0.365659
-0.013741 0.048672 0.367712
-0.012781 0.047389 0.369712
-0.021526 0.048998 0.379546
-0.025247 0.050348 0.381879
-0.013980 0.050501 0.364545
-0.013956 0.049743 0.366609
-0.013004 0.048455 0.368625
-0.012964 0.047701 0.370652
-0.013250 0.050283 0.365476
-0.013222 0.049525 0.367530
-0.013188 0.048768 0.369568
-0.013435 0.050599 0.366426
-0.013406 0.049839 0.368477
-0.014001 0.051587 0.366151
-0.013058 0.050288 0.368178
-0.014186 0.051903 0.367104
-0.013242 0.050602 0.369125
-0.014371 0.052220 0.368058
-0.012507 0.050378 0.370033
-0.013255 0.051321 0.370188
-0.013446 0.051994 0.371666
-0.022987 0.042112 0.367000
-0.043032 0.043530 0.374000
-0.024123 0.042599 0.366000
-0.021125 0.042599 0.366000
-0.047421 0.043672 0.370000
-0.044750 0.044026 0.373000
-0.041807 0.044144 0.374000
-0.028841 0.043082 0.365000
-0.025922 0.043200 0.366000
-0.022924 0.043200 0.366000
-0.019926 0.043200 0.366000
-0.016928 0.043200 0.366000
-0.046815 0.044280 0.370000
-0.044139 0.044639 0.373000
-0.032163 0.043322 0.362000
-0.029359 0.043562 0.364000
-0.026449 0.043681 0.365000
-0.023459 0.043681 0.365000
-0.020470 0.043681 0.365000
-0.016928 0.043801 0.366000
-0.049770 0.044281 0.365000
-0.047293 0.044766 0.369000
-0.044630 0.045130 0.372000
-0.041583 0.045130 0.372000
-0.031569 0.043917 0.362000
-0.028683 0.044038 0.363000
-0.025851 0.044281 0.365000
-0.022861 0.044281 0.365000
-0.019872 0.044281 0.365000
-0.016928 0.044402 0.366000
-0.013930 0.044402 0.366000
-0.048841 0.045126 0.367000
-0.046209 0.045495 0.370000
-0.043412 0.045741 0.372000
-0.034740 0.044020 0.358000
-0.031985 0.044266 0.360000
-0.029197 0.044512 0.362000
-0.026377 0.044758 0.364000
-0.023395 0.044758 0.364000
-0.020413 0.044758 0.364000
-0.017480 0.044881 0.365000
-0.014529 0.045004 0.366000
-0.051423 0.045355 0.364000
-0.048708 0.045605 0.366000
-0.046209 0.046103 0.370000
-0.043412 0.046352 0.372000
-0.036397 0.044483 0.357000
-0.033567 0.044608 0.358000
-0.030891 0.044982 0.361000
-0.028011 0.045106 0.362000
-0.025115 0.045231 0.363000
-0.022141 0.045231 0.363000
-0.019221 0.045355 0.364000
-0.016284 0.045480 0.365000
-0.013294 0.045480 0.365000
-0.052019 0.045953 0.364000
-0.049172 0.046080 0.365000
-0.046562 0.046458 0.368000
-0.043903 0.046837 0.371000
-0.036982 0.045070 0.357000
-0.033962 0.044943 0.356000
-0.031308 0.045322 0.359000
-0.028525 0.045575 0.361000
-0.025639 0.045701 0.362000
-0.022674 0.045701 0.362000
-0.019763 0.045827 0.363000
-0.016835 0.045953 0.364000
-0.013892 0.046080 0.365000
-0.052471 0.046423 0.363000
-0.049634 0.046551 0.364000
-0.046562 0.047063 0.368000
-0.043666 0.047191 0.369000
-0.039872 0.046296 0.362000
-0.035612 0.045400 0.355000
-0.032888 0.045656 0.357000
-0.030048 0.045784 0.358000
-0.027191 0.045912 0.359000
-0.024318 0.046040 0.360000
-0.021428 0.046168 0.361000
-0.018573 0.046423 0.363000
-0.015643 0.046551 0.364000
-0.012696 0.046679 0.365000
-0.052019 0.047149 0.364000
-0.049038 0.047149 0.364000
-0.046436 0.047538 0.367000
-0.043666 0.047797 0.369000
-0.039101 0.045983 0.355000
-0.035989 0.045724 0.353000
-0.033285 0.045983 0.355000
-0.030549 0.046242 0.357000
-0.027702 0.046372 0.358000
-0.024838 0.046502 0.359000
-0.021958 0.046631 0.360000
-0.019115 0.046890 0.362000
-0.016239 0.047149 0.364000
-0.013257 0.047149 0.364000
-0.052471 0.047616 0.363000
-0.049498 0.047616 0.363000
-0.046781 0.047878 0.365000
-0.043551 0.047616 0.363000
-0.038771 0.046173 0.352000
-0.035989 0.046304 0.353000
-0.033192 0.046435 0.354000
-0.030463 0.046698 0.356000
-0.027624 0.046829 0.357000
-0.024769 0.046960 0.358000
-0.021897 0.047091 0.359000
-0.019115 0.047485 0.362000
-0.016194 0.047616 0.363000
-0.013257 0.047747 0.364000
-0.053066 0.048212 0.363000
-0.049954 0.048079 0.362000
-0.047249 0.048345 0.364000
-0.043537 0.047548 0.358000
-0.038551 0.046486 0.350000
-0.035887 0.046751 0.352000
-0.033098 0.046884 0.353000
-0.030292 0.047017 0.354000
-0.027547 0.047282 0.356000
-0.024700 0.047415 0.357000
-0.021836 0.047548 0.358000
-0.018522 0.048079 0.362000
-0.015600 0.048212 0.363000
-0.012661 0.048345 0.364000
-0.052327 0.048674 0.362000
-0.049361 0.048674 0.362000
-0.046140 0.048405 0.360000
-0.042111 0.047195 0.351000
-0.039012 0.046926 0.349000
-0.036361 0.047195 0.351000
-0.033581 0.047329 0.352000
-0.030785 0.047464 0.353000
-0.027972 0.047598 0.354000
-0.025214 0.047867 0.356000
-0.022360 0.048002 0.357000
-0.019599 0.048405 0.360000
-0.016743 0.048674 0.362000
-0.013816 0.048808 0.363000
-0.059054 0.044913 0.330000
-0.052774 0.049132 0.361000
-0.049678 0.048996 0.360000
-0.046140 0.048996 0.360000
-0.040494 0.047227 0.347000
-0.037869 0.047499 0.349000
-0.035110 0.047635 0.350000
-0.032427 0.047908 0.352000
-0.029544 0.047908 0.352000
-0.026812 0.048180 0.354000
-0.023980 0.048316 0.355000
-0.021250 0.048724 0.358000
-0.018471 0.049132 0.361000
-0.015557 0.049269 0.362000
-0.060676 0.045455 0.330000
-0.057973 0.045455 0.330000
-0.051893 0.049450 0.359000
-0.048680 0.049174 0.357000
-0.043905 0.047797 0.347000
-0.040944 0.047659 0.346000
-0.038330 0.047935 0.348000
-0.035582 0.048073 0.349000
-0.032817 0.048210 0.350000
-0.030035 0.048348 0.351000
-0.027237 0.048486 0.352000
-0.024492 0.048761 0.354000
-0.021714 0.049037 0.356000
-0.019010 0.049588 0.360000
-0.016150 0.049863 0.362000
-0.013221 0.050001 0.363000
-0.061758 0.045997 0.330000
-0.059054 0.045997 0.330000
-0.056351 0.045997 0.330000
-0.051893 0.050040 0.359000
-0.047421 0.049064 0.352000
-0.043779 0.048228 0.346000
-0.040944 0.048228 0.346000
-0.038220 0.048367 0.347000
-0.035480 0.048506 0.348000
-0.032723 0.048646 0.349000
-0.029950 0.048785 0.350000
-0.027237 0.049064 0.352000
-0.024423 0.049203 0.353000
-0.021714 0.049622 0.356000
-0.018957 0.050040 0.359000
-0.016150 0.050458 0.362000
-0.065198 0.046681 0.331000
-0.062298 0.046540 0.330000
-0.059595 0.046540 0.330000
-0.056719 0.046398 0.329000
-0.054189 0.046540 0.330000
-0.046046 0.048796 0.346000
-0.043087 0.048655 0.345000
-0.040261 0.048655 0.345000
-0.037543 0.048796 0.346000
-0.034809 0.048937 0.347000
-0.032059 0.049078 0.348000
-0.029292 0.049219 0.349000
-0.026585 0.049501 0.351000
-0.023845 0.049783 0.353000
-0.021131 0.050206 0.356000
-0.018369 0.050629 0.359000
-0.015557 0.051052 0.362000
-0.064461 0.047082 0.330000
-0.061758 0.047082 0.330000
-0.058875 0.046939 0.329000
-0.056180 0.046939 0.329000
-0.053648 0.047082 0.330000
-0.048732 0.049792 0.349000
-0.045216 0.049079 0.344000
-0.042398 0.049079 0.344000
-0.039695 0.049222 0.345000
-0.036869 0.049222 0.345000
-0.034241 0.049507 0.347000
-0.031489 0.049650 0.348000
-0.028720 0.049792 0.349000
-0.026010 0.050078 0.351000
-0.023266 0.050363 0.353000
-0.020548 0.050791 0.356000
-0.017780 0.051219 0.359000
-0.015005 0.051790 0.363000
-0.063920 0.047624 0.330000
-0.061031 0.047479 0.329000
-0.058336 0.047479 0.329000
-0.055641 0.047479 0.329000
-0.049869 0.049788 0.345000
-0.047180 0.049933 0.346000
-0.043961 0.049500 0.343000
-0.041151 0.049500 0.343000
-0.038453 0.049644 0.344000
-0.035739 0.049788 0.345000
-0.033008 0.049933 0.346000
-0.030349 0.050221 0.348000
-0.027577 0.050366 0.349000
-0.024931 0.050799 0.352000
-0.022172 0.051087 0.354000
-0.019382 0.051376 0.356000
-0.016697 0.052097 0.361000
-0.065343 0.048020 0.329000
-0.062648 0.048020 0.329000
-0.059953 0.048020 0.329000
-0.057258 0.048020 0.329000
-0.054563 0.048020 0.329000
-0.048315 0.049917 0.342000
-0.045514 0.049917 0.342000
-0.042712 0.049917 0.342000
-0.039911 0.049917 0.342000
-0.037218 0.050063 0.343000
-0.034508 0.050209 0.344000
-0.031875 0.050501 0.346000
-0.029208 0.050793 0.348000
-0.026509 0.051085 0.350000
-0.023777 0.051377 0.352000
-0.021072 0.051815 0.355000
-0.018317 0.052252 0.358000
-0.066553 0.048265 0.327000
-0.064070 0.048413 0.328000
-0.061383 0.048413 0.328000
-0.058875 0.048560 0.329000
-0.056180 0.048560 0.329000
-0.053486 0.048560 0.329000
-0.046361 0.050184 0.340000
-0.043576 0.050184 0.340000
-0.040911 0.050331 0.341000
-0.038230 0.050479 0.342000
-0.035532 0.050627 0.343000
-0.032818 0.050774 0.344000
-0.030174 0.051069 0.346000
-0.027498 0.051365 0.348000
-0.024860 0.051807 0.351000
-0.022172 0.052250 0.354000
-0.019382 0.052545 0.356000
-0.016743 0.053431 0.362000
-0.065282 0.048653 0.326000
-0.062803 0.048802 0.327000
-0.060309 0.048951 0.328000
-0.057084 0.048951 0.328000
-0.054563 0.049101 0.329000
-0.047891 0.050593 0.339000
-0.045114 0.050593 0.339000
-0.042462 0.050742 0.340000
-0.039677 0.050742 0.340000
-0.037001 0.050891 0.341000
-0.034408 0.051190 0.343000
-0.031690 0.051339 0.344000
-0.029040 0.051638 0.346000
-0.026433 0.052085 0.349000
-0.023777 0.052533 0.352000
-0.021013 0.052832 0.354000
-0.018317 0.053429 0.358000
-0.066146 0.049037 0.325000
-0.063679 0.049188 0.326000
-0.061196 0.049339 0.327000
-0.058697 0.049490 0.328000
-0.056010 0.049490 0.328000
-0.053486 0.049641 0.329000
-0.048018 0.050697 0.336000
-0.045400 0.050848 0.337000
-0.042893 0.051150 0.339000
-0.040116 0.051150 0.339000
-0.037449 0.051301 0.340000
-0.034766 0.051452 0.341000
-0.032160 0.051753 0.343000
-0.029522 0.052055 0.345000
-0.027005 0.052659 0.349000
-0.024354 0.053111 0.352000
-0.021592 0.053413 0.354000
-0.018904 0.054017 0.358000
-0.066679 0.049571 0.325000
-0.064214 0.049724 0.326000
-0.061543 0.049724 0.326000
-0.059053 0.049876 0.327000
-0.056547 0.050029 0.328000
-0.054024 0.050181 0.329000
-0.050619 0.051097 0.335000
-0.047589 0.050791 0.333000
-0.045266 0.051249 0.336000
-0.042640 0.051402 0.337000
-0.039998 0.051554 0.338000
-0.037339 0.051707 0.339000
-0.034664 0.051859 0.340000
-0.032066 0.052164 0.342000
-0.029522 0.052622 0.345000
-0.026928 0.053079 0.348000
-0.024354 0.053689 0.352000
-0.021592 0.053995 0.354000
-0.068597 0.049951 0.324000
-0.065614 0.050105 0.325000
-0.062952 0.050105 0.325000
-0.060475 0.050259 0.326000
-0.057982 0.050413 0.327000
-0.055641 0.050722 0.329000
-0.053107 0.050876 0.330000
-0.050557 0.051030 0.331000
-0.047990 0.051184 0.332000
-0.045543 0.051493 0.334000
-0.043064 0.051801 0.336000
-0.040431 0.051955 0.337000
-0.037783 0.052109 0.338000
-0.035221 0.052418 0.340000
-0.032531 0.052572 0.341000
-0.030000 0.053034 0.344000
-0.027498 0.053651 0.348000
-0.024860 0.054113 0.351000
-0.022110 0.054422 0.353000
-0.069658 0.050483 0.324000
-0.067004 0.050483 0.324000
-0.064350 0.050483 0.324000
-0.061887 0.050639 0.325000
-0.059407 0.050795 0.326000
-0.056910 0.050951 0.327000
-0.054563 0.051262 0.329000
-0.052026 0.051418 0.330000
-0.049472 0.051574 0.331000
-0.046902 0.051730 0.332000
-0.044449 0.052041 0.334000
-0.041838 0.052197 0.335000
-0.039210 0.052353 0.336000
-0.036675 0.052664 0.338000
-0.034107 0.052976 0.340000
-0.031506 0.053288 0.342000
-0.028956 0.053755 0.345000
-0.026433 0.054378 0.349000
-0.023845 0.055002 0.353000
-0.021072 0.055313 0.355000
-0.068066 0.051015 0.324000
-0.065210 0.050858 0.323000
-0.062564 0.050858 0.323000
-0.060104 0.051015 0.324000
-0.057805 0.051330 0.326000
-0.055472 0.051645 0.328000
-0.052947 0.051803 0.329000
-0.050404 0.051960 0.330000
-0.047846 0.052117 0.331000
-0.045271 0.052275 0.332000
-0.042807 0.052590 0.334000
-0.040191 0.052747 0.335000
-0.037671 0.053062 0.337000
-0.034562 0.053377 0.339000
-0.031973 0.053692 0.341000
-0.029436 0.054164 0.344000
-0.026928 0.054794 0.348000
-0.024354 0.055424 0.352000
-0.021653 0.055896 0.355000
-0.067856 0.051388 0.323000
-0.065210 0.051388 0.323000
-0.062564 0.051388 0.323000
-0.060104 0.051548 0.324000
-0.057805 0.051866 0.326000
-0.055303 0.052025 0.327000
-0.052947 0.052343 0.329000
-0.050404 0.052502 0.330000
-0.047701 0.052502 0.330000
-0.045134 0.052661 0.331000
-0.042679 0.052979 0.333000
-0.040191 0.053298 0.335000
-0.037559 0.053457 0.336000
-0.035014 0.053775 0.338000
-0.032531 0.054252 0.341000
-0.029912 0.054570 0.343000
-0.027498 0.055366 0.348000
-0.024931 0.056002 0.352000
-0.072536 0.052240 0.325000
-0.068385 0.051919 0.323000
-0.065536 0.051758 0.322000
-0.062898 0.051758 0.322000
-0.060448 0.051919 0.323000
-0.058160 0.052240 0.325000
-0.055839 0.052562 0.327000
-0.053323 0.052723 0.328000
-0.050791 0.052883 0.329000
-0.048096 0.052883 0.329000
-0.045539 0.053044 0.330000
-0.043095 0.053366 0.332000
-0.040619 0.053687 0.334000
-0.037996 0.053848 0.335000
-0.035568 0.054330 0.338000
-0.032993 0.054652 0.340000
-0.030474 0.055134 0.343000
-0.027907 0.055616 0.346000
-0.025435 0.056420 0.351000
-0.073068 0.052774 0.325000
-0.069973 0.052450 0.323000
-0.067327 0.052450 0.323000
-0.064481 0.052287 0.322000
-0.061843 0.052287 0.322000
-0.059389 0.052450 0.323000
-0.057095 0.052774 0.325000
-0.054768 0.053099 0.327000
-0.051711 0.053261 0.328000
-0.049024 0.053261 0.328000
-0.046479 0.053424 0.329000
-0.044050 0.053749 0.331000
-0.041463 0.053911 0.332000
-0.038977 0.054236 0.334000
-0.036458 0.054560 0.336000
-0.034007 0.055048 0.339000
-0.031414 0.055372 0.341000
-0.028873 0.055860 0.344000
-0.026509 0.056834 0.350000
-0.073601 0.053308 0.325000
-0.070502 0.052980 0.323000
-0.067646 0.052816 0.322000
-0.064806 0.052652 0.321000
-0.062177 0.052652 0.321000
-0.059733 0.052816 0.322000
-0.057450 0.053144 0.324000
-0.055134 0.053472 0.326000
-0.052625 0.053636 0.327000
-0.049946 0.053636 0.327000
-0.047412 0.053800 0.328000
-0.044862 0.053964 0.329000
-0.042423 0.054292 0.331000
-0.039951 0.054620 0.333000
-0.037447 0.054948 0.335000
-0.035014 0.055440 0.338000
-0.032436 0.055768 0.340000
-0.029912 0.056261 0.343000
-0.027498 0.057081 0.348000
-0.074895 0.054008 0.326000
-0.071560 0.053511 0.323000
-0.068488 0.053179 0.321000
-0.065858 0.053179 0.321000
-0.063032 0.053014 0.320000
-0.060599 0.053179 0.321000
-0.058150 0.053345 0.322000
-0.055857 0.053676 0.324000
-0.053532 0.054008 0.326000
-0.050861 0.054008 0.326000
-0.048339 0.054173 0.327000
-0.045800 0.054339 0.328000
-0.043376 0.054670 0.330000
-0.040919 0.055002 0.332000
-0.038430 0.055333 0.334000
-0.035908 0.055664 0.336000
-0.033451 0.056161 0.339000
-0.030946 0.056658 0.342000
-0.028556 0.057487 0.347000
-0.076196 0.054710 0.327000
-0.072313 0.054208 0.324000
-0.068798 0.053539 0.320000
-0.065970 0.053372 0.319000
-0.063556 0.053539 0.320000
-0.060935 0.053539 0.320000
-0.058496 0.053707 0.321000
-0.056214 0.054041 0.323000
-0.053900 0.054376 0.325000
-0.051238 0.054376 0.325000
-0.048725 0.054543 0.326000
-0.046196 0.054710 0.327000
-0.043784 0.055045 0.329000
-0.041338 0.055380 0.331000
-0.038860 0.055714 0.333000
-0.036350 0.056049 0.335000
-0.034007 0.056718 0.339000
-0.031506 0.057220 0.342000
-0.029124 0.058057 0.347000
-0.075429 0.055079 0.326000
-0.072313 0.054741 0.324000
-0.068798 0.054065 0.320000
-0.065764 0.053727 0.318000
-0.063357 0.053896 0.319000
-0.060744 0.053896 0.319000
-0.058496 0.054234 0.321000
-0.056040 0.054403 0.322000
-0.053734 0.054741 0.324000
-0.051238 0.054910 0.325000
-0.048725 0.055079 0.326000
-0.046196 0.055248 0.327000
-0.043784 0.055585 0.329000
-0.041338 0.055923 0.331000
-0.038860 0.056261 0.333000
-0.036350 0.056599 0.335000
-0.034007 0.057275 0.339000
-0.031506 0.057782 0.342000
-0.029124 0.058627 0.347000
-0.074133 0.055443 0.325000
-0.069492 0.053908 0.316000
-0.066691 0.053738 0.315000
-0.064518 0.054079 0.317000
-0.062117 0.054249 0.318000
-0.059699 0.054420 0.319000
-0.057444 0.054761 0.321000
-0.054985 0.054932 0.322000
-0.052510 0.055102 0.323000
-0.050019 0.055273 0.324000
-0.047511 0.055443 0.325000
-0.045125 0.055785 0.327000
-0.042706 0.056126 0.329000
-0.040254 0.056467 0.331000
-0.037335 0.056979 0.334000
-0.034910 0.057491 0.337000
-0.032531 0.058173 0.341000
-0.030261 0.059197 0.347000
-0.068240 0.054255 0.315000
-0.065242 0.053910 0.313000
-0.063279 0.054427 0.316000
-0.060883 0.054599 0.317000
-0.058654 0.054944 0.319000
-0.056392 0.055288 0.321000
-0.053930 0.055461 0.322000
-0.051452 0.055633 0.323000
-0.048957 0.055805 0.324000
-0.046589 0.056150 0.326000
-0.044188 0.056494 0.328000
-0.041754 0.056839 0.330000
-0.039288 0.057183 0.332000
-0.036788 0.057527 0.334000
-0.034460 0.058216 0.338000
-0.032254 0.059250 0.344000
-0.075806 0.053555 0.308000
-0.073283 0.053555 0.308000
-0.066940 0.053729 0.309000
-0.064825 0.054077 0.311000
-0.063079 0.054772 0.315000
-0.060883 0.055120 0.317000
-0.058470 0.055294 0.318000
-0.056216 0.055642 0.320000
-0.053763 0.055816 0.321000
-0.051292 0.055990 0.322000
-0.048957 0.056337 0.324000
-0.046446 0.056511 0.325000
-0.044053 0.056859 0.327000
-0.041754 0.057381 0.330000
-0.039288 0.057728 0.332000
-0.036898 0.058250 0.335000
-0.034562 0.058945 0.339000
-0.032254 0.059815 0.344000
-0.075301 0.054061 0.308000
-0.072778 0.054061 0.308000
-0.067446 0.054237 0.309000
-0.065125 0.054412 0.310000
-0.063191 0.054939 0.313000
-0.061015 0.055290 0.315000
-0.058805 0.055641 0.317000
-0.056563 0.055992 0.319000
-0.054119 0.056167 0.320000
-0.051659 0.056343 0.321000
-0.049335 0.056694 0.323000
-0.046978 0.057045 0.325000
-0.044589 0.057396 0.327000
-0.041628 0.057747 0.329000
-0.039288 0.058274 0.332000
-0.036898 0.058800 0.335000
-0.034562 0.059502 0.339000
-0.077064 0.054744 0.309000
-0.074292 0.054567 0.308000
-0.071769 0.054567 0.308000
-0.069246 0.054567 0.308000
-0.066434 0.054744 0.309000
-0.064109 0.054921 0.310000
-0.062166 0.055453 0.313000
-0.059983 0.055807 0.315000
-0.057767 0.056162 0.317000
-0.055344 0.056339 0.318000
-0.053071 0.056693 0.320000
-0.050607 0.056870 0.321000
-0.048277 0.057225 0.323000
-0.045913 0.057579 0.325000
-0.043517 0.057933 0.327000
-0.041213 0.058465 0.330000
-0.038860 0.058996 0.333000
-0.036458 0.059528 0.336000
-0.034207 0.060413 0.341000
-0.075546 0.055252 0.309000
-0.072778 0.055073 0.308000
-0.070255 0.055073 0.308000
-0.067732 0.055073 0.308000
-0.065209 0.055073 0.308000
-0.063093 0.055431 0.310000
-0.061140 0.055967 0.313000
-0.058950 0.056325 0.315000
-0.056728 0.056682 0.317000
-0.054302 0.056861 0.318000
-0.052022 0.057219 0.320000
-0.049555 0.057397 0.321000
-0.047365 0.057934 0.324000
-0.044987 0.058291 0.326000
-0.042576 0.058649 0.328000
-0.040254 0.059186 0.331000
-0.037883 0.059722 0.334000
-0.035673 0.060616 0.339000
-0.077314 0.055940 0.310000
-0.074533 0.055759 0.309000
-0.071769 0.055579 0.308000
-0.069246 0.055579 0.308000
-0.066723 0.055579 0.308000
-0.064409 0.055759 0.309000
-0.062278 0.056120 0.311000
-0.060307 0.056662 0.314000
-0.057918 0.056842 0.315000
-0.055689 0.057203 0.317000
-0.052739 0.057383 0.318000
-0.050450 0.057744 0.320000
-0.048127 0.058105 0.322000
-0.045913 0.058647 0.325000
-0.043517 0.059007 0.327000
-0.041213 0.059549 0.330000
-0.038860 0.060090 0.333000
-0.036675 0.060992 0.338000
-0.078582 0.056631 0.311000
-0.075790 0.056449 0.310000
-0.073015 0.056267 0.309000
-0.070255 0.056085 0.308000
-0.067732 0.056085 0.308000
-0.065209 0.056085 0.308000
-0.063093 0.056449 0.310000
-0.060945 0.056813 0.312000
-0.058763 0.057177 0.314000
-0.056370 0.057359 0.315000
-0.054131 0.057724 0.317000
-0.051860 0.058088 0.319000
-0.049555 0.058452 0.321000
-0.047365 0.058998 0.324000
-0.044987 0.059362 0.326000
-0.042576 0.059727 0.328000
-0.040254 0.060273 0.331000
-0.037996 0.061001 0.335000
-0.080884 0.057693 0.314000
-0.077563 0.057142 0.311000
-0.074774 0.056958 0.310000
-0.072002 0.056774 0.309000
-0.069471 0.056774 0.309000
-0.066723 0.056591 0.308000
-0.064200 0.056591 0.308000
-0.062078 0.056958 0.310000
-0.059922 0.057326 0.312000
-0.057734 0.057693 0.314000
-0.055338 0.057877 0.315000
-0.053093 0.058244 0.317000
-0.050815 0.058612 0.319000
-0.048504 0.058979 0.321000
-0.046303 0.059530 0.324000
-0.044053 0.060082 0.327000
-0.041628 0.060449 0.329000
-0.039406 0.061184 0.333000
-0.082689 0.058394 0.315000
-0.079600 0.058023 0.313000
-0.076544 0.057653 0.311000
-0.073759 0.057467 0.310000
-0.070990 0.057282 0.309000
-0.068237 0.057097 0.308000
-0.065714 0.057097 0.308000
-0.062890 0.057282 0.309000
-0.060749 0.057653 0.311000
-0.058389 0.057838 0.312000
-0.056191 0.058209 0.314000
-0.053961 0.058580 0.316000
-0.051697 0.058950 0.318000
-0.049401 0.059321 0.320000
-0.047218 0.059877 0.323000
-0.044987 0.060433 0.326000
-0.042576 0.060804 0.328000
-0.040375 0.061546 0.332000
-0.083205 0.058912 0.315000
-0.080113 0.058538 0.313000
-0.077301 0.058351 0.312000
-0.074267 0.057977 0.310000
-0.071496 0.057790 0.309000
-0.068965 0.057790 0.309000
-0.066004 0.057415 0.307000
-0.063696 0.057603 0.308000
-0.061570 0.057977 0.310000
-0.059221 0.058164 0.311000
-0.057038 0.058538 0.313000
-0.054822 0.058912 0.315000
-0.052573 0.059286 0.317000
-0.050292 0.059660 0.319000
-0.047978 0.060034 0.321000
-0.045913 0.060782 0.325000
-0.043517 0.061156 0.327000
-0.041338 0.061904 0.331000
-0.083970 0.059240 0.314000
-0.081398 0.059240 0.314000
-0.078575 0.059052 0.313000
-0.075525 0.058674 0.311000
-0.072743 0.058486 0.310000
-0.069977 0.058297 0.309000
-0.067228 0.058108 0.308000
-0.064495 0.057920 0.307000
-0.062182 0.058108 0.308000
-0.060046 0.058486 0.310000
-0.057878 0.058863 0.312000
-0.055499 0.059052 0.313000
-0.053274 0.059429 0.315000
-0.051176 0.059995 0.318000
-0.048877 0.060372 0.320000
-0.046834 0.061127 0.324000
-0.044452 0.061504 0.326000
-0.042295 0.062259 0.330000
-0.084969 0.059376 0.312000
-0.082941 0.059756 0.314000
-0.080113 0.059566 0.313000
-0.077301 0.059376 0.312000
-0.073759 0.058995 0.310000
-0.070990 0.058805 0.309000
-0.068237 0.058614 0.308000
-0.065501 0.058424 0.307000
-0.063191 0.058614 0.308000
-0.060865 0.058805 0.309000
-0.058711 0.059185 0.311000
-0.056525 0.059566 0.313000
-0.054306 0.059946 0.315000
-0.052054 0.060327 0.317000
-0.049769 0.060708 0.319000
-0.047600 0.061279 0.322000
-0.045381 0.061850 0.325000
-0.043113 0.062420 0.328000
-0.085480 0.059888 0.312000
-0.083190 0.060080 0.313000
-0.080626 0.060080 0.313000
-0.078062 0.060080 0.313000
-0.075016 0.059696 0.311000
-0.072235 0.059504 0.310000
-0.069246 0.059120 0.308000
-0.066507 0.058928 0.307000
-0.063992 0.058928 0.307000
-0.061677 0.059120 0.308000
-0.059538 0.059504 0.310000
-0.057367 0.059888 0.312000
-0.054987 0.060080 0.313000
-0.052925 0.060656 0.316000
-0.050655 0.061040 0.318000
-0.048353 0.061424 0.320000
-0.046160 0.061999 0.323000
-0.044053 0.062767 0.327000
-0.084658 0.059820 0.309000
-0.082924 0.060401 0.312000
-0.080626 0.060594 0.313000
-0.077813 0.060401 0.312000
-0.075016 0.060207 0.311000
-0.072235 0.060013 0.310000
-0.069246 0.059626 0.308000
-0.066290 0.059239 0.306000
-0.063783 0.059239 0.306000
-0.061677 0.059626 0.308000
-0.059346 0.059820 0.309000
-0.057183 0.060207 0.311000
-0.054987 0.060594 0.313000
-0.052758 0.060981 0.315000
-0.050655 0.061562 0.318000
-0.048353 0.061949 0.320000
-0.046160 0.062530 0.323000
-0.044188 0.063498 0.328000
-0.084839 0.059742 0.306000
-0.082900 0.060523 0.310000
-0.080880 0.060913 0.312000
-0.078073 0.060718 0.311000
-0.075282 0.060523 0.310000
-0.072508 0.060327 0.309000
-0.069751 0.060132 0.308000
-0.066791 0.059742 0.306000
-0.064285 0.059742 0.306000
-0.061980 0.059937 0.307000
-0.059659 0.060132 0.308000
-0.057507 0.060523 0.310000
-0.055322 0.060913 0.312000
-0.053274 0.061499 0.315000
-0.051015 0.061889 0.317000
-0.048877 0.062475 0.320000
-0.046834 0.063256 0.324000
-0.044725 0.064037 0.328000
-0.085561 0.060047 0.305000
-0.083607 0.060441 0.307000
-0.081621 0.060835 0.309000
-0.079345 0.061032 0.310000
-0.076806 0.061032 0.310000
-0.074027 0.060835 0.309000
-0.071264 0.060638 0.308000
-0.068295 0.060244 0.306000
-0.065574 0.060047 0.305000
-0.063282 0.060244 0.306000
-0.060974 0.060441 0.307000
-0.058840 0.060835 0.309000
-0.056673 0.061229 0.311000
-0.054474 0.061622 0.313000
-0.052407 0.062213 0.316000
-0.050134 0.062607 0.318000
-0.047978 0.063197 0.321000
-0.046055 0.064182 0.326000
-0.086276 0.060350 0.304000
-0.084337 0.060747 0.306000
-0.082098 0.060945 0.307000
-0.080102 0.061342 0.309000
-0.077571 0.061342 0.309000
-0.075039 0.061342 0.309000
-0.072039 0.060945 0.307000
-0.069298 0.060747 0.306000
-0.066573 0.060548 0.305000
-0.064075 0.060548 0.305000
-0.061778 0.060747 0.306000
-0.059465 0.060945 0.307000
-0.057507 0.061541 0.310000
-0.055322 0.061938 0.312000
-0.053274 0.062534 0.315000
-0.051015 0.062931 0.317000
-0.048504 0.063725 0.321000
-0.046446 0.064519 0.325000
-0.086985 0.060649 0.303000
-0.085061 0.061049 0.305000
-0.083104 0.061450 0.307000
-0.080852 0.061650 0.308000
-0.078329 0.061650 0.308000
-0.075560 0.061450 0.307000
-0.072807 0.061250 0.306000
-0.070071 0.061049 0.305000
-0.067351 0.060849 0.304000
-0.064861 0.060849 0.304000
-0.062575 0.061049 0.305000
-0.060274 0.061250 0.306000
-0.058145 0.061650 0.308000
-0.056164 0.062250 0.311000
-0.054133 0.062851 0.314000
-0.051890 0.063251 0.316000
-0.049769 0.063852 0.319000
-0.047600 0.064452 0.322000
-0.087688 0.060945 0.302000
-0.085496 0.061147 0.303000
-0.083562 0.061550 0.305000
-0.081329 0.061752 0.306000
-0.079338 0.062156 0.308000
-0.076316 0.061752 0.306000
-0.073327 0.061349 0.304000
-0.070837 0.061349 0.304000
-0.068122 0.061147 0.303000
-0.065857 0.061349 0.304000
-0.063366 0.061349 0.304000
-0.061076 0.061550 0.305000
-0.058962 0.061954 0.307000
-0.056999 0.062559 0.310000
-0.054987 0.063165 0.313000
-0.052758 0.063568 0.315000
-0.050655 0.064174 0.318000
-0.048504 0.064779 0.321000
-0.088677 0.061441 0.302000
-0.086489 0.061644 0.303000
-0.084284 0.061848 0.304000
-0.082063 0.062051 0.305000
-0.079565 0.062051 0.305000
-0.077066 0.062051 0.305000
-0.074323 0.061848 0.304000
-0.071833 0.061848 0.304000
-0.068887 0.061441 0.302000
-0.066413 0.061441 0.302000
-0.064151 0.061644 0.303000
-0.061872 0.061848 0.304000
-0.059773 0.062255 0.306000
-0.057321 0.062865 0.309000
-0.055322 0.063475 0.312000
-0.053274 0.064086 0.315000
-0.051176 0.064696 0.318000
-0.049030 0.065306 0.321000
-0.088877 0.061732 0.301000
-0.086698 0.061937 0.302000
-0.084503 0.062142 0.303000
-0.082292 0.062347 0.304000
-0.079802 0.062347 0.304000
-0.077312 0.062347 0.304000
-0.074575 0.062142 0.303000
-0.071617 0.061732 0.301000
-0.068922 0.061527 0.300000
-0.066465 0.061527 0.300000
-0.064434 0.061937 0.302000
-0.062370 0.062347 0.304000
-0.060274 0.062757 0.306000
-0.058145 0.063168 0.308000
-0.056164 0.063783 0.311000
-0.054133 0.064398 0.314000
-0.052054 0.065013 0.317000
-0.049925 0.065629 0.320000
-0.089863 0.062226 0.301000
-0.087397 0.062226 0.301000
-0.085214 0.062433 0.302000
-0.083014 0.062640 0.303000
-0.080532 0.062640 0.303000
-0.078050 0.062640 0.303000
-0.075069 0.062226 0.301000
-0.072362 0.062020 0.300000
-0.069439 0.061606 0.298000
-0.067223 0.061813 0.299000
-0.065207 0.062226 0.301000
-0.063158 0.062640 0.303000
-0.060876 0.062847 0.304000
-0.058962 0.063467 0.307000
-0.056815 0.063880 0.309000
-0.054987 0.064707 0.313000
-0.052925 0.065327 0.316000
-0.050815 0.065948 0.319000
-0.090056 0.062512 0.300000
-0.087599 0.062512 0.300000
-0.085425 0.062721 0.301000
-0.083235 0.062929 0.302000
-0.080761 0.062929 0.302000
-0.078287 0.062929 0.302000
-0.075311 0.062512 0.300000
-0.072611 0.062304 0.299000
-0.069692 0.061887 0.297000
-0.066998 0.062096 0.298000
-0.064990 0.062512 0.300000
-0.062950 0.062929 0.302000
-0.060876 0.063346 0.304000
-0.058770 0.063763 0.306000
-0.056815 0.064388 0.309000
-0.054987 0.065221 0.313000
-0.052925 0.065846 0.316000
-0.050815 0.066472 0.319000
-0.089073 0.063005 0.300000
-0.086616 0.063005 0.300000
-0.084439 0.063215 0.301000
-0.081973 0.063215 0.301000
-0.079507 0.063215 0.301000
-0.076786 0.063005 0.300000
-0.073591 0.062795 0.299000
-0.070428 0.062165 0.296000
-0.068003 0.062165 0.296000
-0.066021 0.062585 0.298000
-0.064220 0.063215 0.301000
-0.062165 0.063635 0.303000
-0.060077 0.064055 0.305000
-0.058145 0.064685 0.308000
-0.055983 0.065105 0.310000
-0.054133 0.065945 0.314000
-0.052218 0.066785 0.318000
-0.089266 0.063286 0.299000
-0.086817 0.063286 0.299000
-0.084650 0.063498 0.300000
-0.082192 0.063498 0.300000
-0.079735 0.063498 0.300000
-0.077020 0.063286 0.299000
-0.071640 0.062440 0.295000
-0.069223 0.062440 0.295000
-0.067033 0.062651 0.296000
-0.065263 0.063286 0.299000
-0.063234 0.063710 0.301000
-0.061172 0.064133 0.303000
-0.059271 0.064768 0.306000
-0.057321 0.065403 0.309000
-0.055322 0.066038 0.312000
-0.053443 0.066885 0.316000
-0.088776 0.063777 0.299000
-0.086327 0.063777 0.299000
-0.084158 0.063991 0.300000
-0.081428 0.063777 0.299000
-0.078979 0.063777 0.299000
-0.074056 0.062924 0.295000
-0.071397 0.062711 0.294000
-0.069223 0.062924 0.295000
-0.067033 0.063138 0.296000
-0.064773 0.063777 0.299000
-0.062741 0.064204 0.301000
-0.060676 0.064631 0.303000
-0.058770 0.065271 0.306000
-0.056815 0.065910 0.309000
-0.054987 0.066764 0.313000
-0.089944 0.064054 0.298000
-0.087503 0.064054 0.298000
-0.085347 0.064269 0.299000
-0.082898 0.064269 0.299000
-0.080449 0.064269 0.299000
-0.077478 0.063839 0.297000
-0.073554 0.062979 0.293000
-0.071154 0.062979 0.293000
-0.068989 0.063194 0.294000
-0.066807 0.063409 0.295000
-0.065045 0.064054 0.298000
-0.063024 0.064484 0.300000
-0.061172 0.065128 0.303000
-0.059271 0.065773 0.306000
-0.057321 0.066418 0.309000
-0.055322 0.067063 0.312000
-0.089642 0.064327 0.297000
-0.087209 0.064327 0.297000
-0.085062 0.064543 0.298000
-0.082898 0.064760 0.299000
-0.080180 0.064543 0.298000
-0.077217 0.064110 0.296000
-0.073781 0.063244 0.292000
-0.071389 0.063244 0.292000
-0.069470 0.063677 0.294000
-0.067290 0.063893 0.295000
-0.065313 0.064327 0.297000
-0.063516 0.064976 0.300000
-0.061465 0.065409 0.302000
-0.059773 0.066276 0.306000
-0.057640 0.066709 0.308000
-0.055833 0.067575 0.312000
-0.088855 0.064596 0.296000
-0.086723 0.064814 0.297000
-0.084290 0.064814 0.297000
-0.082132 0.065033 0.298000
-0.079424 0.064814 0.297000
-0.075954 0.063941 0.293000
-0.073052 0.063505 0.291000
-0.070911 0.063723 0.292000
-0.068754 0.063941 0.293000
-0.066807 0.064378 0.295000
-0.065045 0.065033 0.298000
-0.063024 0.065469 0.300000
-0.061172 0.066124 0.303000
-0.058962 0.066997 0.307000
-0.056999 0.067651 0.310000
-0.089522 0.064862 0.295000
-0.087400 0.065082 0.296000
-0.084976 0.065082 0.296000
-0.082830 0.065302 0.297000
-0.080397 0.065302 0.297000
-0.076914 0.064423 0.293000
-0.074005 0.063983 0.291000
-0.071622 0.063983 0.291000
-0.069714 0.064423 0.293000
-0.067544 0.064643 0.294000
-0.065578 0.065082 0.296000
-0.063794 0.065742 0.299000
-0.061960 0.066402 0.302000
-0.060077 0.067061 0.305000
-0.058334 0.067941 0.309000
-0.056164 0.068380 0.311000
-0.088555 0.065347 0.295000
-0.086139 0.065347 0.295000
-0.084006 0.065569 0.296000
-0.081857 0.065790 0.297000
-0.077394 0.064904 0.293000
-0.074482 0.064461 0.291000
-0.072098 0.064461 0.291000
-0.069954 0.064682 0.292000
-0.068025 0.065126 0.294000
-0.066063 0.065569 0.296000
-0.064069 0.066012 0.298000
-0.062248 0.066676 0.301000
-0.060378 0.067341 0.304000
-0.058650 0.068227 0.308000
-0.090181 0.065608 0.294000
-0.087773 0.065608 0.294000
-0.085655 0.065832 0.295000
-0.083521 0.066055 0.296000
-0.080274 0.065385 0.293000
-0.076127 0.064716 0.290000
-0.073751 0.064716 0.290000
-0.071376 0.064716 0.290000
-0.069476 0.065162 0.292000
-0.067544 0.065608 0.294000
-0.065578 0.066055 0.296000
-0.063794 0.066724 0.299000
-0.061960 0.067394 0.302000
-0.060274 0.068286 0.306000
-0.058334 0.068956 0.309000
-0.088736 0.066091 0.294000
-0.086328 0.066091 0.294000
-0.083920 0.066091 0.294000
-0.081234 0.065867 0.293000
-0.077552 0.065192 0.290000
-0.074917 0.064967 0.289000
-0.072550 0.064967 0.289000
-0.070668 0.065417 0.291000
-0.068519 0.065642 0.292000
-0.066807 0.066316 0.295000
-0.064827 0.066766 0.297000
-0.063024 0.067440 0.300000
-0.061172 0.068115 0.303000
-0.059659 0.069239 0.308000
-0.089395 0.066348 0.293000
-0.086995 0.066348 0.293000
-0.084306 0.066121 0.292000
-0.082475 0.066574 0.294000
-0.077888 0.064763 0.286000
-0.076073 0.065216 0.288000
-0.073970 0.065442 0.289000
-0.071603 0.065442 0.289000
-0.069715 0.065895 0.291000
-0.067794 0.066348 0.293000
-0.066063 0.067027 0.296000
-0.064069 0.067480 0.298000
-0.062248 0.068159 0.301000
-0.060775 0.069292 0.306000
-0.089875 0.066829 0.293000
-0.087475 0.066829 0.293000
-0.084784 0.066601 0.292000
-0.082392 0.066601 0.292000
-0.077616 0.065004 0.285000
-0.075809 0.065461 0.287000
-0.073714 0.065689 0.288000
-0.071603 0.065917 0.289000
-0.069715 0.066373 0.291000
-0.067794 0.066829 0.293000
-0.065840 0.067285 0.295000
-0.064069 0.067970 0.298000
-0.062455 0.068882 0.302000
-0.060775 0.069794 0.306000
-0.088915 0.067310 0.293000
-0.086219 0.067081 0.292000
-0.083253 0.066621 0.290000
-0.078739 0.065243 0.284000
-0.076951 0.065702 0.286000
-0.074869 0.065932 0.287000
-0.072771 0.066162 0.288000
-0.070656 0.066391 0.289000
-0.068998 0.067081 0.292000
-0.067062 0.067540 0.294000
-0.065313 0.068229 0.297000
-0.063516 0.068918 0.300000
-0.062076 0.070067 0.305000
-0.088133 0.067560 0.292000
-0.085741 0.067560 0.292000
-0.081636 0.066172 0.286000
-0.078739 0.065709 0.284000
-0.076413 0.065709 0.284000
-0.074608 0.066172 0.286000
-0.072518 0.066403 0.287000
-0.070656 0.066866 0.289000
-0.068761 0.067329 0.291000
-0.067062 0.068023 0.294000
-0.065313 0.068717 0.297000
-0.063516 0.069411 0.300000
-0.061576 0.070568 0.305000
-0.086698 0.068040 0.292000
-0.082862 0.066875 0.287000
-0.079389 0.065943 0.283000
-0.077071 0.065943 0.283000
-0.075281 0.066409 0.285000
-0.073202 0.066642 0.286000
-0.071355 0.067108 0.288000
-0.069475 0.067574 0.290000
-0.067794 0.068273 0.293000
-0.066063 0.068972 0.296000
-0.064284 0.069671 0.299000
-0.062868 0.070836 0.304000
-0.087176 0.068520 0.292000
-0.081818 0.066877 0.285000
-0.078647 0.066173 0.282000
-0.076607 0.066408 0.283000
-0.074552 0.066642 0.284000
-0.072734 0.067112 0.286000
-0.070883 0.067581 0.288000
-0.069238 0.068285 0.291000
-0.067314 0.068754 0.293000
-0.065578 0.069458 0.296000
-0.064220 0.070631 0.301000
-0.081707 0.066872 0.283000
-0.079109 0.066636 0.282000
-0.077071 0.066872 0.283000
-0.075017 0.067109 0.284000
-0.072946 0.067345 0.285000
-0.071107 0.067818 0.287000
-0.069475 0.068527 0.290000
-0.067562 0.068999 0.292000
-0.066063 0.069944 0.296000
-0.064714 0.071126 0.301000
-0.081130 0.066861 0.281000
-0.078828 0.066861 0.281000
-0.076799 0.067099 0.282000
-0.075017 0.067575 0.284000
-0.072946 0.067813 0.285000
-0.070883 0.068527 0.288000
-0.069238 0.069241 0.291000
-0.067314 0.069717 0.293000
-0.065800 0.070669 0.297000
-0.064220 0.071620 0.301000
-0.079465 0.067083 0.280000
-0.077447 0.067323 0.281000
-0.075680 0.067802 0.283000
-0.073621 0.068042 0.284000
-0.071797 0.068521 0.286000
-0.070183 0.069240 0.289000
-0.068519 0.069958 0.292000
-0.066807 0.070677 0.295000
-0.065263 0.071636 0.299000
-0.079924 0.067543 0.280000
-0.077630 0.067543 0.280000
-0.075875 0.068026 0.282000
-0.074086 0.068508 0.284000
-0.072265 0.068991 0.286000
-0.070412 0.069473 0.288000
-0.068761 0.070197 0.291000
-0.067062 0.070921 0.294000
-0.065533 0.071885 0.298000
-0.078724 0.067760 0.279000
-0.076987 0.068246 0.281000
-0.074951 0.068489 0.282000
-0.073156 0.068975 0.284000
-0.071578 0.069703 0.287000
-0.069950 0.070432 0.290000
-0.068041 0.070918 0.292000
-0.066548 0.071889 0.296000
-0.079638 0.068219 0.279000
-0.077630 0.068463 0.280000
-0.075606 0.068708 0.281000
-0.073825 0.069197 0.283000
-0.072265 0.069930 0.286000
-0.070412 0.070419 0.288000
-0.068761 0.071153 0.291000
-0.067290 0.072131 0.295000
-0.079353 0.068431 0.278000
-0.077353 0.068677 0.279000
-0.075606 0.069169 0.281000
-0.073825 0.069662 0.283000
-0.072265 0.070400 0.286000
-0.070412 0.070892 0.288000
-0.068998 0.071877 0.292000
-0.067518 0.072862 0.296000
-0.079353 0.068887 0.278000
-0.077353 0.069135 0.279000
-0.075606 0.069631 0.281000
-0.073825 0.070126 0.283000
-0.071797 0.070870 0.286000
-0.070425 0.071861 0.290000
-0.068519 0.072357 0.292000
-0.080429 0.069095 0.277000
-0.078442 0.069344 0.278000
-0.076713 0.069843 0.280000
-0.074951 0.070342 0.282000
-0.073156 0.070841 0.284000
-0.071578 0.071589 0.287000
-0.069950 0.072337 0.290000
-0.081336 0.069550 0.277000
-0.079353 0.069801 0.278000
-0.077353 0.070052 0.279000
-0.075337 0.070303 0.280000
-0.073825 0.071056 0.283000
-0.072265 0.071809 0.286000
-0.070901 0.072814 0.290000
-0.068998 0.073316 0.292000
-0.079975 0.070005 0.277000
-0.077987 0.070257 0.278000
-0.076254 0.070763 0.280000
-0.074489 0.071268 0.282000
-0.072946 0.072026 0.285000
-0.071355 0.072785 0.288000
-0.069715 0.073543 0.291000
-0.079975 0.070460 0.277000
-0.077987 0.070714 0.278000
-0.075982 0.070968 0.279000
-0.074489 0.071731 0.282000
-0.072946 0.072495 0.285000
-0.071355 0.073258 0.288000
-0.081336 0.070915 0.277000
-0.079067 0.070915 0.277000
-0.077076 0.071171 0.278000
-0.075337 0.071683 0.280000
-0.073825 0.072451 0.283000
-0.072518 0.073475 0.287000
-0.081336 0.071370 0.277000
-0.079067 0.071370 0.277000
-0.077076 0.071627 0.278000
-0.075337 0.072143 0.280000
-0.073825 0.072916 0.283000
-0.072518 0.073946 0.287000
-0.080429 0.071825 0.277000
-0.078160 0.071825 0.277000
-0.076439 0.072343 0.279000
-0.074685 0.072862 0.281000
-0.073413 0.073899 0.285000
-0.081336 0.072280 0.277000
-0.079067 0.072280 0.277000
-0.077076 0.072541 0.278000
-0.075145 0.073323 0.281000
-0.073621 0.074106 0.284000
-0.080429 0.072735 0.277000
-0.078442 0.072997 0.278000
-0.076439 0.073260 0.279000
-0.074951 0.074048 0.282000
-0.073671 0.075098 0.286000
-0.079067 0.073190 0.277000
-0.077076 0.073454 0.278000
-0.075606 0.074247 0.281000
-0.074086 0.075039 0.284000
-0.078442 0.073910 0.278000
-0.076439 0.074176 0.279000
-0.074951 0.074974 0.282000
-0.078614 0.074100 0.277000
-0.076896 0.074635 0.279000
-0.075413 0.075437 0.282000
-0.079353 0.074824 0.278000
-0.077353 0.075093 0.279000
-0.075875 0.075900 0.282000
-0.079353 0.075280 0.278000
-0.077353 0.075551 0.279000
-0.081175 0.075737 0.278000
-0.078897 0.075737 0.278000
-0.077171 0.076282 0.280000
-0.080095 0.076468 0.279000
-0.077810 0.076468 0.279000
-0.079638 0.076926 0.279000
-0.081467 0.077384 0.279000
-0.079181 0.077384 0.279000
-0.080095 0.077843 0.279000
-0.032699 0.041190 0.374121
-0.035142 0.041850 0.370028
-0.031523 0.041802 0.375037
-0.034221 0.041668 0.373030
-0.035400 0.042450 0.369698
-0.038750 0.042748 0.365852
-0.039755 0.043414 0.363014
-0.040759 0.044080 0.360177
-0.040688 0.044995 0.357568
-0.032878 0.042170 0.374415
-0.034648 0.042380 0.372224
-0.035490 0.042939 0.369845
-0.037251 0.043143 0.367677
-0.039007 0.043344 0.365524
-0.039844 0.043899 0.363160
-0.040681 0.044454 0.360795
-0.041518 0.045009 0.358431
-0.043927 0.045644 0.354430
-0.033137 0.042773 0.374085
-0.034906 0.042981 0.371895
-0.036836 0.043296 0.369246
-0.038593 0.043497 0.367088
-0.039430 0.044052 0.364724
-0.040267 0.044607 0.362359
-0.041104 0.045162 0.359995
-0.041941 0.045717 0.357630
-0.044919 0.045762 0.354830
-0.046816 0.046056 0.352276
-0.029086 0.043414 0.377518
-0.033227 0.043263 0.374231
-0.034995 0.043469 0.372041
-0.035838 0.044028 0.369662
-0.038515 0.043871 0.367707
-0.039352 0.044426 0.365342
-0.040189 0.044981 0.362978
-0.041026 0.045536 0.360613
-0.041863 0.046091 0.358249
-0.043604 0.046280 0.356134
-0.045506 0.046575 0.353565
-0.047236 0.046756 0.351483
-0.050185 0.046780 0.348760
-0.051009 0.047326 0.346433
-0.069070 0.046746 0.331869
-0.070016 0.047373 0.329195
-0.030786 0.044009 0.375922
-0.033486 0.043865 0.373901
-0.035253 0.044070 0.371712
-0.037015 0.044271 0.369538
-0.038771 0.044468 0.367379
-0.039608 0.045023 0.365015
-0.040445 0.045578 0.362650
-0.041282 0.046133 0.360286
-0.043025 0.046321 0.358165
-0.044763 0.046506 0.356059
-0.046495 0.046688 0.353969
-0.048222 0.046865 0.351893
-0.049944 0.047040 0.349833
-0.050767 0.047586 0.347507
-0.051591 0.048132 0.345180
-0.069237 0.046292 0.334573
-0.069154 0.047203 0.332006
-0.069942 0.047726 0.329778
-0.013698 0.074267 0.303661
-0.019570 0.077193 0.289875
-0.029608 0.044630 0.376851
-0.032312 0.044486 0.374815
-0.035006 0.044335 0.372810
-0.035848 0.044893 0.370430
-0.037608 0.045092 0.368261
-0.039363 0.045286 0.366106
-0.040367 0.045952 0.363269
-0.041204 0.046507 0.360904
-0.042947 0.046695 0.358781
-0.044685 0.046878 0.356674
-0.046418 0.047059 0.354581
-0.047247 0.047608 0.352239
-0.049866 0.047408 0.350442
-0.050690 0.047954 0.348115
-0.051514 0.048500 0.345788
-0.069163 0.046643 0.335154
-0.069949 0.047164 0.332934
-0.070735 0.047686 0.330713
-0.071521 0.048207 0.328493
-0.073169 0.048331 0.326640
-0.016398 0.075581 0.299293
-0.016505 0.076620 0.296189
-0.015958 0.078194 0.292132
-0.020523 0.077347 0.290443
-0.023177 0.077170 0.288547
-0.030797 0.044883 0.376698
-0.033497 0.044733 0.374672
-0.035264 0.044935 0.372481
-0.037026 0.045133 0.370304
-0.038782 0.045328 0.368143
-0.039619 0.045883 0.365779
-0.040456 0.046438 0.363414
-0.042202 0.046625 0.361283
-0.043036 0.047179 0.358926
-0.044774 0.047361 0.356818
-0.046506 0.047539 0.354725
-0.048233 0.047714 0.352647
-0.049954 0.047886 0.350585
-0.050778 0.048432 0.348258
-0.051601 0.048978 0.345932
-0.053312 0.049142 0.343899
-0.069492 0.046292 0.337398
-0.070276 0.046811 0.335185
-0.071059 0.047331 0.332972
-0.070976 0.048246 0.330406
-0.071762 0.048767 0.328185
-0.014869 0.076027 0.301268
-0.075051 0.049007 0.324496
-0.076842 0.049226 0.322235
-0.077549 0.050664 0.317439
-0.024126 0.077315 0.289121
-0.031057 0.045489 0.376365
-0.033756 0.045336 0.374341
-0.035522 0.045536 0.372151
-0.037283 0.045732 0.369976
-0.039038 0.045925 0.367816
-0.039875 0.046479 0.365451
-0.040880 0.047145 0.362614
-0.042624 0.047331 0.360485
-0.044363 0.047512 0.358372
-0.046097 0.047690 0.356274
-0.046925 0.048240 0.353933
-0.048651 0.048413 0.351857
-0.050371 0.048582 0.349797
-0.051195 0.049128 0.347471
-0.052907 0.049292 0.345433
-0.053728 0.049836 0.343114
-0.067130 0.046096 0.341645
-0.068792 0.046227 0.339747
-0.069576 0.046747 0.337534
-0.070359 0.047266 0.335321
-0.071142 0.047785 0.333108
-0.071060 0.048702 0.330542
-0.071846 0.049223 0.328322
-0.073492 0.049343 0.326469
-0.075290 0.049564 0.324191
-0.076925 0.049677 0.322370
-0.077703 0.050193 0.320173
-0.077632 0.051117 0.317575
-0.077566 0.052044 0.314962
-0.031148 0.045983 0.376513
-0.033846 0.045826 0.374488
-0.035612 0.046024 0.372297
-0.037372 0.046219 0.370122
-0.039127 0.046410 0.367961
-0.039964 0.046965 0.365597
-0.040801 0.047520 0.363232
-0.042546 0.047704 0.361102
-0.044285 0.047884 0.358987
-0.046019 0.048061 0.356887
-0.046848 0.048611 0.354545
-0.048574 0.048783 0.352468
-0.050294 0.048951 0.350406
-0.051118 0.049497 0.348079
-0.052830 0.049659 0.346040
-0.053651 0.050204 0.343721
-0.067056 0.046448 0.342226
-0.067842 0.046969 0.340005
-0.069502 0.047097 0.338113
-0.071157 0.047222 0.336236
-0.071069 0.048136 0.333687
-0.070986 0.049053 0.331123
-0.072636 0.049175 0.329261
-0.073419 0.049694 0.327048
-0.075061 0.049810 0.325209
-0.076697 0.049922 0.323385
-0.077475 0.050438 0.321187
-0.078253 0.050953 0.318989
-0.078339 0.051984 0.315946
-0.031068 0.046363 0.377141
-0.032843 0.046565 0.374926
-0.034611 0.046764 0.372725
-0.037294 0.046595 0.370742
-0.039049 0.046785 0.368579
-0.039886 0.047340 0.366215
-0.040723 0.047894 0.363850
-0.042468 0.048077 0.361718
-0.044207 0.048257 0.359601
-0.045941 0.048432 0.357499
-0.046770 0.048982 0.355157
-0.048496 0.049152 0.353078
-0.049322 0.049700 0.350744
-0.051040 0.049865 0.348688
-0.052753 0.050027 0.346646
-0.053574 0.050571 0.344327
-0.055278 0.050727 0.342309
-0.067611 0.047216 0.341030
-0.069272 0.047344 0.339134
-0.070928 0.047467 0.337253
-0.071709 0.047985 0.335048
-0.071622 0.048902 0.332495
-0.072406 0.049421 0.330282
-0.073189 0.049941 0.328069
-0.074831 0.050055 0.326227
-0.076468 0.050167 0.324399
-0.077246 0.050683 0.322201
-0.078024 0.051198 0.320003
-0.077954 0.052126 0.317405
-0.078735 0.052643 0.315200
-0.030574 0.047444 0.376146
-0.037887 0.047416 0.369465
-0.038726 0.047972 0.367093
-0.039566 0.048529 0.364720
-0.041314 0.048713 0.362577
-0.043057 0.048893 0.360449
-0.044795 0.049070 0.358336
-0.046527 0.049243 0.356238
-0.048254 0.049412 0.354156
-0.049080 0.049960 0.351821
-0.050799 0.050125 0.349761
-0.051622 0.050671 0.347435
-0.053333 0.050829 0.345398
-0.055038 0.050985 0.343376
-0.067223 0.047360 0.342499
-0.068886 0.047486 0.340598
-0.069669 0.048006 0.338385
-0.071323 0.048127 0.336507
-0.072104 0.048645 0.334302
-0.072019 0.049564 0.331746
-0.072959 0.050187 0.329091
-0.074602 0.050301 0.327244
-0.076240 0.050412 0.325413
-0.077018 0.050928 0.323216
-0.077796 0.051443 0.321018
-0.078574 0.051959 0.318820
-0.078505 0.052889 0.316218
-0.030494 0.047826 0.376777
-0.037228 0.048384 0.368929
-0.038984 0.048571 0.366764
-0.040734 0.048755 0.364614
-0.041571 0.049309 0.362250
-0.043313 0.049488 0.360123
-0.045952 0.049284 0.358256
-0.046781 0.049834 0.355914
-0.048507 0.050001 0.353832
-0.049333 0.050549 0.351498
-0.051051 0.050711 0.349439
-0.052763 0.050870 0.347395
-0.053584 0.051414 0.345076
-0.056172 0.051177 0.343354
-0.067464 0.047920 0.342191
-0.069126 0.048045 0.340291
-0.069909 0.048564 0.338079
-0.071562 0.048684 0.336202
-0.072343 0.049201 0.333996
-0.073124 0.049719 0.331791
-0.073904 0.050237 0.329585
-0.074685 0.050754 0.327380
-0.076323 0.050863 0.325549
-0.077101 0.051379 0.323351
-0.077879 0.051895 0.321153
-0.078656 0.052411 0.318955
-0.078588 0.053342 0.316353
-0.030755 0.048434 0.376443
-0.037318 0.048872 0.369075
-0.038160 0.049431 0.366696
-0.039913 0.049615 0.364538
-0.041660 0.049795 0.362395
-0.043401 0.049972 0.360268
-0.046040 0.049765 0.358400
-0.046869 0.050315 0.356058
-0.048595 0.050481 0.353976
-0.049421 0.051028 0.351642
-0.051138 0.051189 0.349582
-0.052851 0.051346 0.347538
-0.054558 0.051500 0.345509
-0.055376 0.052043 0.343198
-0.067390 0.048272 0.342772
-0.068176 0.048793 0.340551
-0.069836 0.048915 0.338657
-0.071646 0.049137 0.336337
-0.073293 0.049251 0.334475
-0.073207 0.050172 0.331926
-0.073987 0.050689 0.329721
-0.074768 0.051207 0.327516
-0.076405 0.051314 0.325684
-0.077183 0.051830 0.323486
-0.078812 0.051932 0.321677
-0.078739 0.052862 0.319090
-0.078671 0.053795 0.316489
-0.037239 0.049249 0.369698
-0.038081 0.049808 0.367318
-0.038923 0.050366 0.364938
-0.041581 0.050170 0.363014
-0.043323 0.050345 0.360884
-0.045060 0.050517 0.358770
-0.046791 0.050685 0.356670
-0.048517 0.050850 0.354586
-0.049343 0.051398 0.352252
-0.051061 0.051558 0.350191
-0.052774 0.051714 0.348145
-0.054481 0.051866 0.346114
-0.056183 0.052015 0.344098
-0.066438 0.049020 0.343043
-0.068103 0.049144 0.341132
-0.069762 0.049265 0.339236
-0.071416 0.049382 0.337355
-0.073065 0.049496 0.335489
-0.072978 0.050418 0.332944
-0.073758 0.050935 0.330739
-0.075399 0.051043 0.328896
-0.076177 0.051559 0.326698
-0.076955 0.052075 0.324500
-0.078585 0.052176 0.322687
-0.079360 0.052690 0.320497
-0.079289 0.053623 0.317907
-0.078379 0.054978 0.314893
-0.033739 0.078271 0.290251
-0.035505 0.078463 0.288052
-0.037427 0.050784 0.366775
-0.039182 0.050967 0.364609
-0.041838 0.050766 0.362686
-0.043579 0.050940 0.360558
-0.045315 0.051110 0.358444
-0.047045 0.051276 0.356346
-0.047874 0.051826 0.354004
-0.049597 0.051987 0.351929
-0.051314 0.052145 0.349869
-0.053025 0.052299 0.347823
-0.054732 0.052449 0.345794
-0.057315 0.052201 0.344075
-0.065327 0.049666 0.343766
-0.067872 0.049392 0.342157
-0.069532 0.049512 0.340257
-0.071187 0.049628 0.338373
-0.071968 0.050146 0.336167
-0.073614 0.050257 0.334306
-0.073529 0.051181 0.331757
-0.075170 0.051288 0.329910
-0.075948 0.051804 0.327712
-0.076726 0.052320 0.325515
-0.078357 0.052420 0.323698
-0.079132 0.052934 0.321508
-0.079908 0.053449 0.319318
-0.079838 0.054383 0.316723
-0.035048 0.078632 0.289781
-0.036811 0.078819 0.287592
-0.036900 0.079859 0.284552
-0.035927 0.051202 0.368625
-0.037686 0.051386 0.366445
-0.039440 0.051567 0.364279
-0.042094 0.051363 0.362359
-0.044738 0.051151 0.360468
-0.045569 0.051702 0.358119
-0.047299 0.051867 0.356022
-0.048128 0.052417 0.353680
-0.049850 0.052576 0.351606
-0.051566 0.052732 0.349546
-0.053277 0.052884 0.347502
-0.055867 0.052637 0.345764
-0.059328 0.051985 0.344353
-0.065411 0.050125 0.343903
-0.067079 0.050249 0.341981
-0.069615 0.049966 0.340393
-0.071270 0.050081 0.338509
-0.072051 0.050599 0.336303
-0.073697 0.050708 0.334441
-0.074475 0.051224 0.332243
-0.075253 0.051740 0.330045
-0.076031 0.052256 0.327848
-0.077664 0.052356 0.326023
-0.078439 0.052870 0.323833
-0.079215 0.053384 0.321643
-0.079990 0.053898 0.319453
-0.079921 0.054835 0.316859
-0.076491 0.057471 0.312604
-0.074765 0.059274 0.309111
-0.037094 0.079477 0.287231
-0.039402 0.080026 0.283499
-0.041981 0.079771 0.281792
-0.052042 0.041664 0.382048
-0.056092 0.042382 0.376182
-0.057949 0.042630 0.373724
-0.038114 0.052101 0.365637
-0.040773 0.051897 0.363698
-0.044090 0.052129 0.359905
-0.047387 0.052348 0.356166
-0.048216 0.052898 0.353824
-0.049938 0.053055 0.351749
-0.051653 0.053209 0.349690
-0.053364 0.053360 0.347645
-0.055954 0.053110 0.345905
-0.059414 0.052454 0.344493
-0.066374 0.050183 0.344346
-0.068039 0.050304 0.342430
-0.069699 0.050421 0.340530
-0.071353 0.050534 0.338644
-0.072134 0.051051 0.336439
-0.073780 0.051159 0.334576
-0.074558 0.051675 0.332378
-0.075336 0.052191 0.330181
-0.076114 0.052707 0.327983
-0.077747 0.052806 0.326158
-0.078522 0.053320 0.323968
-0.080147 0.053414 0.322166
-0.080919 0.053926 0.319983
-0.080004 0.055286 0.316994
-0.076575 0.057930 0.312741
-0.074850 0.059737 0.309250
-0.074813 0.060697 0.306566
-0.076449 0.060797 0.304733
-0.077248 0.061327 0.302475
-0.042444 0.080544 0.280917
-0.044185 0.080714 0.278789
-0.045097 0.081319 0.276212
-0.049931 0.041653 0.385599
-0.052284 0.042228 0.381738
-0.053997 0.042379 0.379687
-0.056018 0.042734 0.376763
-0.057719 0.042877 0.374745
-0.048636 0.053598 0.353031
-0.050356 0.053754 0.350959
-0.052070 0.053906 0.348902
-0.053780 0.054054 0.346860
-0.057250 0.053400 0.345418
-0.065105 0.050728 0.345520
-0.067651 0.050447 0.343899
-0.069312 0.050563 0.341993
-0.070095 0.051083 0.339781
-0.071748 0.051194 0.337898
-0.073396 0.051301 0.336030
-0.074174 0.051817 0.333832
-0.074952 0.052333 0.331634
-0.075885 0.052952 0.328997
-0.077519 0.053050 0.327169
-0.078294 0.053564 0.324979
-0.079920 0.053657 0.323173
-0.080692 0.054169 0.320990
-0.081465 0.054681 0.318808
-0.078027 0.057326 0.314588
-0.074615 0.059989 0.310292
-0.074578 0.060949 0.307611
-0.076214 0.061049 0.305776
-0.077014 0.061579 0.303517
-0.077813 0.062109 0.301259
-0.043917 0.081002 0.279978
-0.045652 0.081167 0.277862
-0.045741 0.082211 0.274825
-0.047471 0.082373 0.272724
-0.050015 0.042114 0.385737
-0.051893 0.042372 0.383217
-0.052685 0.042897 0.380981
-0.054396 0.043045 0.378933
-0.056102 0.043190 0.376899
-0.057802 0.043331 0.374881
-0.059497 0.043469 0.372878
-0.060278 0.043986 0.370673
-0.061058 0.044504 0.368468
-0.061839 0.045021 0.366262
-0.053210 0.054095 0.348858
-0.065596 0.050471 0.347294
-0.067263 0.050590 0.345368
-0.068925 0.050706 0.343457
-0.069709 0.051226 0.341244
-0.071363 0.051336 0.339357
-0.073012 0.051443 0.337484
-0.073790 0.051959 0.335286
-0.074568 0.052475 0.333088
-0.075346 0.052990 0.330891
-0.076124 0.053506 0.328693
-0.077756 0.053603 0.326866
-0.079384 0.053695 0.325053
-0.080156 0.054207 0.322871
-0.080929 0.054720 0.320688
-0.080858 0.055659 0.318105
-0.077426 0.058315 0.313872
-0.074860 0.060559 0.309980
-0.074824 0.061521 0.307298
-0.076459 0.061619 0.305463
-0.077258 0.062149 0.303204
-0.078058 0.062679 0.300946
-0.045021 0.081213 0.280075
-0.045931 0.081816 0.277506
-0.046840 0.082419 0.274937
-0.048748 0.082697 0.272332
-0.048694 0.042630 0.387063
-0.050418 0.042785 0.384978
-0.052136 0.042936 0.382907
-0.053849 0.043084 0.380852
-0.055556 0.043229 0.378813
-0.056342 0.043750 0.376592
-0.058042 0.043889 0.374575
-0.059736 0.044025 0.372573
-0.060517 0.044543 0.370367
-0.061297 0.045060 0.368162
-0.062078 0.045578 0.365957
-0.066137 0.048269 0.354489
-0.068582 0.048903 0.350366
-0.068479 0.049822 0.347873
-0.069260 0.050340 0.345667
-0.069165 0.051264 0.343151
-0.070821 0.051375 0.341257
-0.072472 0.051482 0.339377
-0.073250 0.051997 0.337180
-0.074028 0.052513 0.334982
-0.074806 0.053029 0.332784
-0.075584 0.053545 0.330586
-0.077219 0.053641 0.328752
-0.077994 0.054155 0.326562
-0.079621 0.054246 0.324751
-0.080393 0.054758 0.322569
-0.081166 0.055270 0.320386
-0.080252 0.056640 0.317399
-0.075987 0.059738 0.312744
-0.075105 0.061128 0.309667
-0.075069 0.062092 0.306984
-0.076704 0.062189 0.305150
-0.077503 0.062719 0.302892
-0.079130 0.062809 0.301081
-0.080245 0.063549 0.297929
-0.082498 0.064055 0.294350
-0.083292 0.064581 0.292106
-0.049708 0.042719 0.387359
-0.050502 0.043245 0.385116
-0.052220 0.043395 0.383045
-0.053933 0.043542 0.380989
-0.055640 0.043685 0.378949
-0.057342 0.043824 0.376924
-0.058125 0.044344 0.374711
-0.059819 0.044478 0.372709
-0.060600 0.044995 0.370503
-0.061380 0.045513 0.368298
-0.063064 0.045640 0.366326
-0.064153 0.046362 0.363249
-0.066533 0.048929 0.353742
-0.068198 0.049044 0.351820
-0.068976 0.049560 0.349622
-0.069754 0.050076 0.347425
-0.069655 0.050999 0.344921
-0.070436 0.051517 0.342715
-0.072088 0.051623 0.340831
-0.072866 0.052139 0.338633
-0.074510 0.052240 0.336772
-0.075285 0.052754 0.334582
-0.076061 0.053268 0.332392
-0.076836 0.053782 0.330201
-0.077611 0.054296 0.328011
-0.079239 0.054387 0.326195
-0.080012 0.054899 0.324012
-0.080784 0.055411 0.321830
-0.081557 0.055923 0.319647
-0.078120 0.058590 0.315442
-0.074710 0.061274 0.311161
-0.074673 0.062239 0.308483
-0.076309 0.062334 0.306644
-0.077109 0.062864 0.304386
-0.077908 0.063394 0.302127
-0.079533 0.063483 0.300319
-0.080330 0.064011 0.298068
-0.082424 0.064410 0.294936
-0.083218 0.064937 0.292693
-0.084825 0.065014 0.290935
-0.084806 0.065990 0.288206
-0.085600 0.066516 0.285963
-0.087199 0.066588 0.284228
-0.048545 0.043343 0.388240
-0.050269 0.043495 0.386151
-0.051988 0.043645 0.384077
-0.052779 0.044169 0.381841
-0.054490 0.044313 0.379790
-0.057112 0.044071 0.377945
-0.057895 0.044590 0.375732
-0.059590 0.044724 0.373726
-0.060371 0.045241 0.371521
-0.061151 0.045759 0.369316
-0.062835 0.045885 0.367340
-0.063613 0.046401 0.365142
-0.064391 0.046917 0.362944
-0.066995 0.047652 0.358371
-0.066881 0.048567 0.355911
-0.067659 0.049083 0.353714
-0.069321 0.049194 0.351800
-0.069215 0.050115 0.349318
-0.069993 0.050630 0.347120
-0.070770 0.051146 0.344922
-0.071704 0.051765 0.342285
-0.072482 0.052281 0.340087
-0.074127 0.052382 0.338221
-0.074903 0.052896 0.336031
-0.075678 0.053410 0.333840
-0.076453 0.053924 0.331650
-0.078085 0.054015 0.329822
-0.078858 0.054527 0.327639
-0.080482 0.054614 0.325833
-0.080403 0.055552 0.323274
-0.081176 0.056064 0.321091
-0.080262 0.057439 0.318109
-0.076837 0.060121 0.313876
-0.075115 0.061950 0.310396
-0.075079 0.062917 0.307716
-0.076714 0.063010 0.305880
-0.077513 0.063540 0.303621
-0.079140 0.063628 0.301808
-0.079937 0.064156 0.299557
-0.080734 0.064685 0.297306
-0.082349 0.064766 0.295523
-0.083143 0.065292 0.293280
-0.084751 0.065368 0.291519
-0.084732 0.066345 0.288793
-0.085526 0.066872 0.286550
-0.087125 0.066942 0.284812
-0.048470 0.043699 0.388829
-0.050194 0.043851 0.386738
-0.050988 0.044377 0.384494
-0.052705 0.044523 0.382426
-0.054416 0.044666 0.380372
-0.056122 0.044805 0.378334
-0.057822 0.044941 0.376311
-0.059517 0.045073 0.374303
-0.060297 0.045591 0.372098
-0.061078 0.046108 0.369892
-0.062762 0.046233 0.367915
-0.063540 0.046749 0.365717
-0.064318 0.047265 0.363519
-0.065096 0.047780 0.361321
-0.067387 0.048308 0.357629
-0.067275 0.049225 0.355168
-0.068938 0.049336 0.353249
-0.069713 0.049850 0.351059
-0.070488 0.050364 0.348869
-0.071264 0.050878 0.346678
-0.072039 0.051392 0.344488
-0.072814 0.051906 0.342298
-0.073590 0.052420 0.340108
-0.074365 0.052934 0.337917
-0.076004 0.053029 0.336067
-0.076931 0.053644 0.333448
-0.077704 0.054156 0.331265
-0.078476 0.054668 0.329083
-0.080101 0.054754 0.327272
-0.080871 0.055265 0.325097
-0.081641 0.055775 0.322922
-0.081567 0.056717 0.320352
-0.079814 0.058530 0.316963
-0.075560 0.061660 0.312300
-0.075520 0.062626 0.309632
-0.075486 0.063595 0.306949
-0.077119 0.063686 0.305115
-0.077918 0.064216 0.302857
-0.079543 0.064302 0.301046
-0.080340 0.064830 0.298795
-0.081137 0.065358 0.296544
-0.082751 0.065437 0.294764
-0.083545 0.065963 0.292520
-0.085152 0.066037 0.290763
-0.085134 0.067016 0.288034
-0.086735 0.067086 0.286291
-0.088330 0.067152 0.284564
-0.089119 0.067675 0.282336
-0.048395 0.044056 0.389417
-0.050120 0.044206 0.387324
-0.050914 0.044733 0.385081
-0.052631 0.044878 0.383010
-0.054342 0.045019 0.380955
-0.056048 0.045157 0.378915
-0.057748 0.045291 0.376890
-0.059444 0.045422 0.374880
-0.060224 0.045940 0.372674
-0.061005 0.046457 0.370469
-0.062689 0.046581 0.368489
-0.063467 0.047097 0.366292
-0.064245 0.047613 0.364094
-0.065023 0.048129 0.361896
-0.067004 0.048449 0.359078
-0.067780 0.048963 0.356888
-0.068555 0.049477 0.354698
-0.070523 0.049789 0.351916
-0.071296 0.050301 0.349734
-0.072069 0.050813 0.347551
-0.072841 0.051326 0.345369
-0.073614 0.051838 0.343186
-0.073517 0.052767 0.340680
-0.075159 0.052863 0.338821
-0.075932 0.053375 0.336638
-0.076704 0.053887 0.334455
-0.078336 0.053976 0.332626
-0.079105 0.054486 0.330451
-0.080029 0.055099 0.327841
-0.080799 0.055609 0.325666
-0.081569 0.056120 0.323491
-0.082339 0.056630 0.321316
-0.081425 0.058010 0.318340
-0.075485 0.062017 0.312889
-0.075445 0.062983 0.310223
-0.075410 0.063954 0.307541
-0.076213 0.064485 0.305275
-0.077843 0.064574 0.303447
-0.079469 0.064658 0.301635
-0.080266 0.065186 0.299384
-0.081883 0.065266 0.297594
-0.082677 0.065792 0.295350
-0.083471 0.066319 0.293107
-0.085078 0.066391 0.291347
-0.085059 0.067372 0.288620
-0.086661 0.067440 0.286876
-0.087452 0.067965 0.284640
-0.089045 0.068028 0.282918
-0.089834 0.068551 0.280690
-0.048639 0.044624 0.389106
-0.050363 0.044772 0.387014
-0.051157 0.045298 0.384770
-0.052873 0.045442 0.382701
-0.054584 0.045581 0.380646
-0.057205 0.045330 0.378796
-0.057988 0.045850 0.376583
-0.059683 0.045979 0.374574
-0.061372 0.046104 0.372581
-0.062150 0.046620 0.370383
-0.062928 0.047136 0.368185
-0.063706 0.047651 0.365987
-0.064484 0.048167 0.363790
-0.065262 0.048683 0.361592
-0.066932 0.048796 0.359651
-0.067707 0.049310 0.357461
-0.068482 0.049824 0.355271
-0.070142 0.049930 0.353360
-0.071069 0.050545 0.350741
-0.071842 0.051057 0.348559
-0.072614 0.051569 0.346376
-0.073387 0.052081 0.344193
-0.074160 0.052594 0.342011
-0.074932 0.053106 0.339828
-0.076570 0.053197 0.337980
-0.077340 0.053707 0.335805
-0.078109 0.054218 0.333630
-0.078879 0.054728 0.331455
-0.079649 0.055239 0.329280
-0.081271 0.055319 0.327477
-0.082191 0.055930 0.324876
-0.082959 0.056439 0.322708
-0.083726 0.056947 0.320541
-0.076931 0.061393 0.314736
-0.075210 0.063235 0.311265
-0.076010 0.063765 0.309007
-0.075977 0.064738 0.306321
-0.077609 0.064825 0.304490
-0.078408 0.065355 0.302231
-0.080032 0.065437 0.300422
-0.080828 0.065966 0.298172
-0.082444 0.066042 0.296386
-0.083238 0.066569 0.294142
-0.084845 0.066640 0.292379
-0.084826 0.067622 0.289656
-0.085620 0.068148 0.287413
-0.087220 0.068214 0.285672
-0.088814 0.068276 0.283947
-0.089602 0.068799 0.281718
-0.090391 0.069322 0.279490
-0.048884 0.045191 0.388794
-0.050607 0.045338 0.386703
-0.051401 0.045864 0.384460
-0.053116 0.046006 0.382391
-0.055743 0.045756 0.380520
-0.057445 0.045889 0.378490
-0.059141 0.046017 0.376474
-0.059922 0.046535 0.374269
-0.061610 0.046658 0.372276
-0.062388 0.047174 0.370079
-0.063166 0.047690 0.367881
-0.063944 0.048206 0.365683
-0.064722 0.048722 0.363485
-0.066394 0.048834 0.361538
-0.067169 0.049348 0.359348
-0.067945 0.049863 0.357158
-0.069606 0.049968 0.355241
-0.070379 0.050480 0.353058
-0.071151 0.050993 0.350875
-0.072802 0.051091 0.348989
-0.073572 0.051602 0.346814
-0.074342 0.052112 0.344639
-0.075112 0.052623 0.342464
-0.075882 0.053133 0.340289
-0.076651 0.053644 0.338114
-0.078283 0.053730 0.336280
-0.079051 0.054238 0.334113
-0.079818 0.054747 0.331945
-0.080585 0.055256 0.329778
-0.081352 0.055765 0.327610
-0.082968 0.055840 0.325822
-0.083885 0.056448 0.323230
-0.083807 0.057392 0.320674
-0.077016 0.061852 0.314873
-0.075295 0.063699 0.311404
-0.076095 0.064229 0.309145
-0.076062 0.065203 0.306461
-0.077694 0.065289 0.304629
-0.078493 0.065819 0.302370
-0.080116 0.065899 0.300561
-0.081734 0.065976 0.298767
-0.082528 0.066503 0.296524
-0.083322 0.067029 0.294280
-0.084930 0.067099 0.292517
-0.084911 0.068082 0.289794
-0.086512 0.068148 0.288045
-0.087304 0.068673 0.285809
-0.088897 0.068734 0.284084
-0.089686 0.069257 0.281855
-0.090475 0.069780 0.279627
-0.048968 0.045654 0.388933
-0.050691 0.045799 0.386841
-0.051485 0.046325 0.384598
-0.053200 0.046465 0.382529
-0.055827 0.046212 0.380657
-0.057528 0.046343 0.378626
-0.059224 0.046470 0.376610
-0.060005 0.046988 0.374405
-0.061693 0.047110 0.372412
-0.062471 0.047626 0.370214
-0.063249 0.048141 0.368016
-0.064027 0.048657 0.365818
-0.064805 0.049173 0.363620
-0.066477 0.049284 0.361673
-0.067252 0.049798 0.359483
-0.068027 0.050312 0.357292
-0.069688 0.050416 0.355375
-0.070461 0.050929 0.353192
-0.072114 0.051027 0.351298
-0.072884 0.051538 0.349123
-0.073654 0.052048 0.346948
-0.074424 0.052559 0.344773
-0.075193 0.053069 0.342598
-0.075963 0.053580 0.340422
-0.077598 0.053666 0.338581
-0.078365 0.054175 0.336413
-0.079991 0.054256 0.334595
-0.080756 0.054763 0.332435
-0.081520 0.055270 0.330275
-0.082285 0.055777 0.328115
-0.083049 0.056283 0.325955
-0.083814 0.056790 0.323795
-0.085574 0.056960 0.321599
-0.087175 0.057025 0.319850
-0.088771 0.057086 0.318116
-0.075346 0.065137 0.308866
-0.076148 0.065669 0.306600
-0.077779 0.065753 0.304768
-0.078578 0.066283 0.302509
-0.080201 0.066362 0.300699
-0.081819 0.066437 0.298905
-0.082613 0.066963 0.296662
-0.083407 0.067490 0.294418
-0.085014 0.067558 0.292654
-0.085805 0.068083 0.290418
-0.086596 0.068607 0.288183
-0.088193 0.068669 0.286449
-0.088981 0.069191 0.284221
-0.089770 0.069714 0.281993
-0.091355 0.069768 0.280289
-0.049212 0.046221 0.388621
-0.050934 0.046364 0.386530
-0.051728 0.046891 0.384287
-0.053442 0.047029 0.382219
-0.056068 0.046772 0.380349
-0.057768 0.046901 0.378319
-0.059463 0.047027 0.376305
-0.060244 0.047544 0.374099
-0.061931 0.047664 0.372107
-0.062709 0.048180 0.369909
-0.063487 0.048696 0.367712
-0.064265 0.049212 0.365514
-0.065043 0.049727 0.363316
-0.066714 0.049837 0.361369
-0.067489 0.050351 0.359179
-0.069152 0.050455 0.357255
-0.069925 0.050967 0.355073
-0.071580 0.051066 0.353172
-0.072350 0.051576 0.350997
-0.073996 0.051669 0.349118
-0.074764 0.052178 0.346951
-0.075531 0.052687 0.344783
-0.076298 0.053195 0.342616
-0.077065 0.053704 0.340448
-0.077833 0.054213 0.338281
-0.079461 0.054294 0.336455
-0.080225 0.054801 0.334295
-0.080990 0.055308 0.332136
-0.081754 0.055814 0.329976
-0.083369 0.055886 0.328188
-0.084131 0.056392 0.326036
-0.084893 0.056897 0.323884
-0.086497 0.056962 0.322126
-0.088247 0.057123 0.319957
-0.089154 0.057725 0.317392
-0.091648 0.058380 0.313121
-0.078343 0.066534 0.303551
-0.079967 0.066612 0.301738
-0.080764 0.067141 0.299487
-0.082380 0.067213 0.297697
-0.083174 0.067740 0.295454
-0.083968 0.068266 0.293210
-0.085573 0.068332 0.291450
-0.086364 0.068857 0.289214
-0.087155 0.069381 0.286979
-0.088750 0.069440 0.285249
-0.089538 0.069963 0.283021
-0.091125 0.070016 0.281314
-0.091911 0.070537 0.279093
-0.049456 0.046789 0.388309
-0.051178 0.046930 0.386220
-0.052893 0.047068 0.384145
-0.054604 0.047202 0.382086
-0.056309 0.047333 0.380042
-0.058008 0.047460 0.378013
-0.059703 0.047583 0.375999
-0.060483 0.048101 0.373794
-0.062169 0.048219 0.371803
-0.062947 0.048734 0.369605
-0.063725 0.049250 0.367407
-0.064503 0.049766 0.365209
-0.065281 0.050282 0.363012
-0.066952 0.050389 0.361066
-0.067727 0.050903 0.358876
-0.069389 0.051005 0.356953
-0.071046 0.051104 0.355045
-0.071816 0.051614 0.352870
-0.073464 0.051707 0.350985
-0.074231 0.052216 0.348818
-0.074999 0.052725 0.346651
-0.075766 0.053234 0.344483
-0.076533 0.053742 0.342316
-0.077300 0.054251 0.340148
-0.078930 0.054332 0.338316
-0.079695 0.054839 0.336156
-0.080460 0.055346 0.333996
-0.082079 0.055419 0.332195
-0.082841 0.055924 0.330043
-0.083602 0.056429 0.327890
-0.084364 0.056935 0.325738
-0.085970 0.056999 0.323974
-0.087570 0.057060 0.322226
-0.088327 0.057562 0.320089
-0.089919 0.057618 0.318363
-0.090824 0.058218 0.315807
-0.092408 0.058268 0.314106
-0.093159 0.058766 0.311984
-0.093910 0.059264 0.309862
-0.080689 0.067497 0.300076
-0.082305 0.067569 0.298284
-0.083099 0.068095 0.296040
-0.083893 0.068622 0.293797
-0.085499 0.068686 0.292035
-0.086290 0.069211 0.289799
-0.087081 0.069735 0.287563
-0.088676 0.069793 0.285832
-0.090265 0.069846 0.284115
-0.091051 0.070368 0.281894
-0.091837 0.070889 0.279674
-0.092623 0.071410 0.277453
-0.049541 0.047251 0.388448
-0.051262 0.047391 0.386358
-0.052977 0.047527 0.384283
-0.054688 0.047660 0.382223
-0.056392 0.047789 0.380179
-0.058092 0.047914 0.378149
-0.059786 0.048036 0.376135
-0.060566 0.048553 0.373930
-0.062252 0.048670 0.371938
-0.063030 0.049186 0.369740
-0.063808 0.049702 0.367542
-0.064586 0.050217 0.365345
-0.065364 0.050733 0.363147
-0.067034 0.050839 0.361201
-0.068698 0.050941 0.359270
-0.069471 0.051453 0.357087
-0.071128 0.051550 0.355179
-0.072779 0.051644 0.353286
-0.073546 0.052153 0.351119
-0.074313 0.052661 0.348951
-0.075953 0.052747 0.347089
-0.075848 0.053679 0.344616
-0.076615 0.054187 0.342449
-0.078247 0.054268 0.340609
-0.079012 0.054775 0.338449
-0.080636 0.054851 0.336632
-0.081398 0.055356 0.334480
-0.082160 0.055861 0.332327
-0.082922 0.056366 0.330175
-0.084532 0.056433 0.328396
-0.085292 0.056936 0.326251
-0.086051 0.057440 0.324106
-0.087651 0.057499 0.322357
-0.089246 0.057555 0.320623
-0.090150 0.058155 0.318068
-0.090904 0.058655 0.315938
-0.092488 0.058703 0.314236
-0.093239 0.059201 0.312114
-0.093990 0.059699 0.309992
-0.094741 0.060197 0.307870
-0.082390 0.068029 0.298422
-0.083184 0.068556 0.296178
-0.083978 0.069082 0.293935
-0.085583 0.069145 0.292172
-0.086374 0.069670 0.289937
-0.087165 0.070195 0.287701
-0.088760 0.070250 0.285969
-0.090349 0.070302 0.284252
-0.091135 0.070823 0.282031
-0.091921 0.071345 0.279811
-0.092707 0.071866 0.277590
-0.049626 0.047714 0.388586
-0.051346 0.047852 0.386496
-0.053062 0.047986 0.384420
-0.054771 0.048117 0.382360
-0.056476 0.048244 0.380315
-0.058175 0.048368 0.378285
-0.059869 0.048489 0.376271
-0.060649 0.049006 0.374065
-0.062335 0.049121 0.372073
-0.063113 0.049637 0.369875
-0.063891 0.050153 0.367678
-0.064669 0.050669 0.365480
-0.065447 0.051184 0.363282
-0.067116 0.051289 0.361336
-0.068781 0.051389 0.359404
-0.069553 0.051902 0.357222
-0.071209 0.051997 0.355313
-0.072860 0.052089 0.353420
-0.073627 0.052598 0.351252
-0.075270 0.052684 0.349381
-0.076035 0.053191 0.347222
-0.076799 0.053698 0.345062
-0.077564 0.054205 0.342902
-0.078328 0.054712 0.340742
-0.079093 0.055219 0.338582
-0.080717 0.055293 0.336764
-0.081479 0.055798 0.334612
-0.082241 0.056303 0.332460
-0.083003 0.056808 0.330307
-0.084613 0.056873 0.328528
-0.085372 0.057377 0.326383
-0.086975 0.057436 0.324626
-0.088572 0.057493 0.322884
-0.089326 0.057993 0.320754
-0.090230 0.058592 0.318199
-0.090984 0.059092 0.316069
-0.092567 0.059139 0.314367
-0.093319 0.059637 0.312245
-0.094070 0.060135 0.310123
-0.094821 0.060633 0.308001
-0.095572 0.061131 0.305879
-0.097139 0.061168 0.304222
-0.084062 0.069543 0.294073
-0.085667 0.069604 0.292310
-0.086458 0.070129 0.290074
-0.087250 0.070654 0.287839
-0.088844 0.070708 0.286106
-0.090432 0.070758 0.284388
-0.091218 0.071279 0.282168
-0.092004 0.071801 0.279947
-0.092790 0.072322 0.277727
-0.049711 0.048176 0.388725
-0.051431 0.048312 0.386634
-0.053146 0.048445 0.384558
-0.054855 0.048575 0.382497
-0.056559 0.048700 0.380452
-0.058258 0.048823 0.378421
-0.059042 0.049342 0.376208
-0.060732 0.049459 0.374201
-0.061513 0.049977 0.371995
-0.063196 0.050088 0.370011
-0.063974 0.050604 0.367813
-0.064752 0.051120 0.365615
-0.065530 0.051636 0.363417
-0.067199 0.051738 0.361470
-0.068863 0.051838 0.359539
-0.069635 0.052350 0.357356
-0.071291 0.052444 0.355447
-0.072942 0.052534 0.353553
-0.074587 0.052621 0.351674
-0.075351 0.053128 0.349514
-0.076116 0.053634 0.347354
-0.076881 0.054141 0.345195
-0.077645 0.054648 0.343035
-0.078410 0.055155 0.340875
-0.080036 0.055230 0.339049
-0.080798 0.055735 0.336897
-0.081560 0.056240 0.334744
-0.083175 0.056307 0.332949
-0.083935 0.056810 0.330804
-0.084694 0.057314 0.328660
-0.086299 0.057374 0.326894
-0.087055 0.057875 0.324757
-0.088652 0.057930 0.323015
-0.089406 0.058430 0.320885
-0.090311 0.059030 0.318330
-0.091896 0.059077 0.316619
-0.092647 0.059575 0.314497
-0.093398 0.060073 0.312375
-0.094150 0.060571 0.310253
-0.094901 0.061069 0.308131
-0.096470 0.061105 0.306466
-0.097219 0.061602 0.304352
-0.097967 0.062098 0.302237
-0.099526 0.062127 0.300603
-0.099464 0.063090 0.298009
-0.087334 0.071113 0.287976
-0.088927 0.071165 0.286243
-0.090516 0.071214 0.284525
-0.091302 0.071735 0.282304
-0.092882 0.071779 0.280609
-0.092874 0.072778 0.277863
-0.049795 0.048638 0.388863
-0.051515 0.048773 0.386772
-0.053230 0.048904 0.384695
-0.054939 0.049032 0.382634
-0.056643 0.049156 0.380588
-0.058342 0.049277 0.378558
-0.059125 0.049797 0.376345
-0.060815 0.049912 0.374337
-0.061596 0.050429 0.372131
-0.062377 0.050947 0.369926
-0.064056 0.051055 0.367948
-0.064834 0.051571 0.365750
-0.065612 0.052087 0.363552
-0.067281 0.052188 0.361605
-0.068945 0.052286 0.359673
-0.069718 0.052798 0.357490
-0.071373 0.052890 0.355581
-0.073023 0.052979 0.353686
-0.074668 0.053064 0.351807
-0.075433 0.053571 0.349647
-0.076197 0.054078 0.347487
-0.076962 0.054585 0.345327
-0.077726 0.055092 0.343167
-0.079355 0.055166 0.341334
-0.080117 0.055671 0.339181
-0.080879 0.056177 0.337029
-0.082497 0.056244 0.335226
-0.083256 0.056747 0.333081
-0.084015 0.057251 0.330936
-0.085623 0.057311 0.329163
-0.086379 0.057813 0.327026
-0.087978 0.057867 0.325276
-0.088732 0.058367 0.323146
-0.089486 0.058867 0.321016
-0.091225 0.059014 0.318872
-0.091976 0.059513 0.316750
-0.092727 0.060011 0.314628
-0.093478 0.060509 0.312506
-0.095053 0.060547 0.310825
-0.095801 0.061043 0.308711
-0.096550 0.061540 0.306596
-0.097298 0.062036 0.304482
-0.098047 0.062532 0.302368
-0.099605 0.062560 0.300732
-0.100351 0.063054 0.298626
-0.101246 0.063648 0.296097
-0.101992 0.064142 0.293990
-0.090756 0.071774 0.284217
-0.091543 0.072296 0.281997
-0.092329 0.072817 0.279776
-0.093115 0.073338 0.277556
-0.050039 0.049206 0.388551
-0.051759 0.049339 0.386461
-0.053472 0.049468 0.384386
-0.055181 0.049594 0.382326
-0.056884 0.049717 0.380281
-0.058581 0.049835 0.378251
-0.059365 0.050355 0.376038
-0.061054 0.050468 0.374031
-0.061835 0.050986 0.371826
-0.062616 0.051503 0.369620
-0.064295 0.051610 0.367644
-0.065073 0.052126 0.365446
-0.065851 0.052641 0.363248
-0.067519 0.052741 0.361302
-0.069182 0.052836 0.359371
-0.069954 0.053349 0.357188
-0.071609 0.053439 0.355279
-0.073258 0.053526 0.353386
-0.074902 0.053609 0.351508
-0.075667 0.054116 0.349348
-0.076432 0.054623 0.347188
-0.077196 0.055130 0.345028
-0.077961 0.055637 0.342868
-0.079589 0.055709 0.341036
-0.080351 0.056214 0.338883
-0.081970 0.056282 0.337073
-0.082730 0.056785 0.334929
-0.083489 0.057288 0.332784
-0.085098 0.057349 0.331004
-0.085854 0.057850 0.328867
-0.087456 0.057905 0.327110
-0.088209 0.058405 0.324981
-0.089802 0.058454 0.323246
-0.090554 0.058952 0.321124
-0.091455 0.059550 0.318578
-0.092206 0.060048 0.316456
-0.092957 0.060546 0.314334
-0.094534 0.060584 0.312647
-0.095282 0.061081 0.310532
-0.096031 0.061577 0.308418
-0.096779 0.062073 0.306304
-0.097528 0.062569 0.304189
-0.099088 0.062597 0.302547
-0.099834 0.063092 0.300441
-0.100580 0.063586 0.298334
-0.101325 0.064080 0.296227
-0.102071 0.064575 0.294120
-0.103764 0.064691 0.292104
-0.091783 0.072856 0.281689
-0.092569 0.073377 0.279469
-0.048880 0.049851 0.389441
-0.050602 0.049985 0.387339
-0.052319 0.050115 0.385253
-0.054031 0.050242 0.383182
-0.055738 0.050365 0.381126
-0.057439 0.050485 0.379085
-0.059135 0.050601 0.377059
-0.059918 0.051121 0.374846
-0.061606 0.051232 0.372844
-0.062387 0.051749 0.370638
-0.063167 0.052267 0.368433
-0.064844 0.052371 0.366460
-0.065622 0.052886 0.364262
-0.067291 0.052985 0.362313
-0.068066 0.053499 0.360122
-0.069727 0.053592 0.358195
-0.071383 0.053681 0.356283
-0.073033 0.053767 0.354386
-0.073800 0.054276 0.352219
-0.075442 0.054357 0.350345
-0.076207 0.054864 0.348185
-0.076972 0.055371 0.346025
-0.077736 0.055877 0.343865
-0.079365 0.055949 0.342029
-0.080127 0.056454 0.339877
-0.080889 0.056959 0.337724
-0.082507 0.057024 0.335919
-0.083266 0.057527 0.333774
-0.084876 0.057587 0.331991
-0.085632 0.058088 0.329853
-0.087234 0.058142 0.328093
-0.087988 0.058642 0.325963
-0.089582 0.058691 0.324226
-0.090333 0.059189 0.322104
-0.091084 0.059687 0.319982
-0.091986 0.060284 0.317435
-0.093565 0.060324 0.315737
-0.094314 0.060820 0.313623
-0.095062 0.061316 0.311508
-0.095811 0.061812 0.309394
-0.096559 0.062309 0.307279
-0.097308 0.062805 0.305165
-0.098869 0.062832 0.303520
-0.099615 0.063326 0.301413
-0.100361 0.063821 0.299306
-0.101106 0.064315 0.297199
-0.101852 0.064810 0.295092
-0.102598 0.065304 0.292986
-0.104140 0.065319 0.291393
-0.105329 0.066107 0.288035
-0.106862 0.066115 0.286470
-0.049444 0.050633 0.388225
-0.051165 0.050764 0.386127
-0.053799 0.050491 0.384214
-0.055506 0.050614 0.382154
-0.057208 0.050733 0.380110
-0.057994 0.051254 0.377889
-0.059688 0.051367 0.375868
-0.060471 0.051887 0.373655
-0.062157 0.051995 0.371656
-0.062938 0.052513 0.369451
-0.063719 0.053030 0.367245
-0.065394 0.053131 0.365277
-0.066172 0.053647 0.363079
-0.067839 0.053743 0.361133
-0.069500 0.053835 0.359203
-0.070273 0.054347 0.357020
-0.071927 0.054434 0.355112
-0.073575 0.054518 0.353219
-0.075218 0.054597 0.351342
-0.075983 0.055104 0.349182
-0.076747 0.055611 0.347022
-0.077512 0.056118 0.344862
-0.079141 0.056189 0.343022
-0.079903 0.056694 0.340870
-0.080665 0.057199 0.338718
-0.082284 0.057263 0.336908
-0.083043 0.057767 0.334764
-0.084654 0.057825 0.332977
-0.085410 0.058327 0.330840
-0.086167 0.058828 0.328703
-0.087767 0.058879 0.326946
-0.089361 0.058927 0.325205
-0.090112 0.059425 0.323083
-0.090864 0.059923 0.320961
-0.091615 0.060421 0.318839
-0.093346 0.060559 0.316713
-0.094094 0.061056 0.314599
-0.094843 0.061552 0.312484
-0.095591 0.062048 0.310370
-0.096340 0.062544 0.308255
-0.097088 0.063041 0.306141
-0.097836 0.063537 0.304026
-0.099396 0.063561 0.302385
-0.100142 0.064056 0.300278
-0.100887 0.064550 0.298172
-0.101633 0.065045 0.296065
-0.102379 0.065539 0.293958
-0.103922 0.065553 0.292362
-0.104665 0.066045 0.290263
-0.106200 0.066054 0.288690
-0.106941 0.066545 0.286598
-0.107681 0.067035 0.284507
-0.048606 0.051495 0.388210
-0.050329 0.051626 0.386105
-0.052965 0.051352 0.384183
-0.054674 0.051475 0.382115
-0.057292 0.051189 0.380246
-0.058078 0.051710 0.378026
-0.059771 0.051822 0.376004
-0.060555 0.052341 0.373791
-0.062240 0.052448 0.371792
-0.063021 0.052965 0.369586
-0.063802 0.053483 0.367381
-0.065476 0.053583 0.365412
-0.066254 0.054098 0.363214
-0.067921 0.054193 0.361268
-0.069583 0.054283 0.359337
-0.070355 0.054796 0.357154
-0.072009 0.054881 0.355246
-0.073657 0.054963 0.353353
-0.075299 0.055041 0.351475
-0.076064 0.055548 0.349315
-0.076828 0.056055 0.347155
-0.077593 0.056562 0.344995
-0.078358 0.057069 0.342835
-0.079984 0.057136 0.341002
-0.080746 0.057641 0.338850
-0.082364 0.057704 0.337040
-0.083124 0.058207 0.334896
-0.084734 0.058264 0.333108
-0.085491 0.058765 0.330971
-0.087093 0.058817 0.329207
-0.087847 0.059317 0.327077
-0.089441 0.059363 0.325336
-0.090192 0.059861 0.323214
-0.090944 0.060359 0.321092
-0.092677 0.060497 0.318957
-0.093425 0.060994 0.316843
-0.094174 0.061490 0.314729
-0.094922 0.061986 0.312614
-0.095671 0.062482 0.310500
-0.096419 0.062979 0.308385
-0.097168 0.063475 0.306271
-0.098729 0.063499 0.304622
-0.099475 0.063994 0.302515
-0.100221 0.064488 0.300408
-0.100967 0.064983 0.298301
-0.101712 0.065477 0.296194
-0.102458 0.065972 0.294087
-0.104001 0.065984 0.292491
-0.104744 0.066476 0.290392
-0.106279 0.066483 0.288819
-0.107019 0.066974 0.286727
-0.107760 0.067465 0.284635
-0.050254 0.051984 0.386696
-0.051972 0.052111 0.384603
-0.054600 0.051829 0.382700
-0.056305 0.051947 0.380646
-0.058004 0.052062 0.378607
-0.059698 0.052172 0.376583
-0.060481 0.052692 0.374370
-0.061265 0.053211 0.372157
-0.062948 0.053315 0.370163
-0.063729 0.053832 0.367958
-0.065404 0.053931 0.365987
-0.066182 0.054447 0.363789
-0.067849 0.054540 0.361841
-0.069510 0.054629 0.359908
-0.070283 0.055141 0.357725
-0.071937 0.055225 0.355815
-0.073585 0.055306 0.353919
-0.074352 0.055815 0.351752
-0.075992 0.055890 0.349880
-0.076757 0.056397 0.347720
-0.077521 0.056904 0.345560
-0.078286 0.057411 0.343400
-0.079913 0.057477 0.341565
-0.080675 0.057982 0.339413
-0.082293 0.058043 0.337601
-0.083053 0.058547 0.335456
-0.084663 0.058602 0.333667
-0.085420 0.059104 0.331530
-0.086176 0.059605 0.329393
-0.087776 0.059654 0.327634
-0.089371 0.059699 0.325891
-0.090122 0.060197 0.323769
-0.090873 0.060695 0.321647
-0.092607 0.060832 0.319510
-0.093355 0.061328 0.317396
-0.094104 0.061825 0.315282
-0.094852 0.062321 0.313167
-0.095601 0.062817 0.311053
-0.096349 0.063313 0.308938
-0.097914 0.063339 0.307280
-0.098659 0.063833 0.305173
-0.099405 0.064328 0.303066
-0.100151 0.064822 0.300959
-0.100897 0.065316 0.298852
-0.101643 0.065811 0.296745
-0.103188 0.065824 0.295140
-0.103931 0.066316 0.293040
-0.104675 0.066809 0.290941
-0.106210 0.066814 0.289366
-0.106950 0.067305 0.287274
-0.107690 0.067796 0.285182
-0.052057 0.052573 0.384742
-0.053769 0.052695 0.382664
-0.056389 0.052405 0.380783
-0.058088 0.052518 0.378743
-0.058874 0.053039 0.376523
-0.060565 0.053146 0.374506
-0.061348 0.053666 0.372293
-0.062131 0.054185 0.370080
-0.063812 0.054285 0.368093
-0.064592 0.054803 0.365888
-0.066264 0.054898 0.363924
-0.067931 0.054989 0.361975
-0.068706 0.055503 0.359785
-0.070365 0.055590 0.357859
-0.072018 0.055672 0.355948
-0.073666 0.055751 0.354053
-0.074434 0.056260 0.351885
-0.076074 0.056333 0.350012
-0.076838 0.056840 0.347853
-0.077603 0.057347 0.345693
-0.078367 0.057854 0.343533
-0.079132 0.058361 0.341373
-0.080756 0.058424 0.339545
-0.082374 0.058484 0.337733
-0.083133 0.058987 0.335588
-0.084744 0.059041 0.333799
-0.085500 0.059543 0.331662
-0.086257 0.060044 0.329524
-0.087856 0.060091 0.327765
-0.089451 0.060135 0.326021
-0.090202 0.060633 0.323899
-0.090953 0.061131 0.321777
-0.092686 0.061266 0.319641
-0.093435 0.061763 0.317526
-0.094183 0.062259 0.315412
-0.094932 0.062755 0.313297
-0.095680 0.063251 0.311183
-0.097247 0.063277 0.309516
-0.097993 0.063771 0.307409
-0.098739 0.064266 0.305302
-0.099484 0.064760 0.303195
-0.100230 0.065255 0.301089
-0.100976 0.065749 0.298982
-0.101722 0.066244 0.296875
-0.103267 0.066255 0.295269
-0.104010 0.066747 0.293170
-0.104754 0.067240 0.291070
-0.106288 0.067244 0.289494
-0.107029 0.067735 0.287403
-0.107769 0.068226 0.285311
-0.054012 0.053261 0.382354
-0.056630 0.052967 0.380474
-0.058329 0.053078 0.378436
-0.059115 0.053599 0.376215
-0.060805 0.053704 0.374199
-0.061588 0.054224 0.371986
-0.062371 0.054743 0.369773
-0.064051 0.054842 0.367788
-0.064831 0.055359 0.365583
-0.066503 0.055452 0.363620
-0.068169 0.055542 0.361672
-0.068944 0.056056 0.359482
-0.070602 0.056140 0.357557
-0.072254 0.056221 0.355647
-0.073901 0.056298 0.353753
-0.074669 0.056807 0.351585
-0.076308 0.056878 0.349713
-0.077072 0.057385 0.347553
-0.077837 0.057892 0.345394
-0.078601 0.058399 0.343234
-0.080227 0.058462 0.341400
-0.080989 0.058967 0.339247
-0.082607 0.059025 0.337436
-0.083366 0.059528 0.335291
-0.084125 0.060031 0.333147
-0.085732 0.060082 0.331366
-0.087334 0.060129 0.329600
-0.088087 0.060629 0.327470
-0.089681 0.060670 0.325727
-0.090432 0.061168 0.323605
-0.091183 0.061666 0.321483
-0.092766 0.061701 0.319771
-0.093514 0.062197 0.317656
-0.094413 0.062792 0.315119
-0.095161 0.063289 0.313004
-0.095909 0.063785 0.310890
-0.097476 0.063808 0.309224
-0.098221 0.064303 0.307117
-0.098967 0.064797 0.305011
-0.099713 0.065292 0.302904
-0.100459 0.065786 0.300797
-0.101205 0.066281 0.298690
-0.102752 0.066292 0.297077
-0.103495 0.066784 0.294978
-0.104238 0.067277 0.292879
-0.105775 0.067281 0.291296
-0.106515 0.067772 0.289205
-0.107256 0.068263 0.287113
-0.107996 0.068753 0.285021
-0.057345 0.053843 0.378829
-0.059041 0.053951 0.376796
-0.060731 0.054055 0.374778
-0.061515 0.054574 0.372565
-0.062298 0.055094 0.370352
-0.063978 0.055191 0.368365
-0.064758 0.055709 0.366159
-0.066430 0.055800 0.364195
-0.068096 0.055889 0.362245
-0.068871 0.056403 0.360055
-0.070529 0.056486 0.358128
-0.072182 0.056565 0.356216
-0.072952 0.057076 0.354041
-0.074597 0.057150 0.352152
-0.075364 0.057659 0.349985
-0.077001 0.057727 0.348118
-0.077765 0.058234 0.345958
-0.078530 0.058741 0.343798
-0.079294 0.059248 0.341639
-0.080918 0.059308 0.339810
-0.081680 0.059813 0.337658
-0.083295 0.059868 0.335852
-0.084054 0.060371 0.333707
-0.085661 0.060420 0.331925
-0.086418 0.060922 0.329787
-0.088017 0.060966 0.328027
-0.089610 0.061006 0.326282
-0.090362 0.061504 0.324160
-0.091113 0.062002 0.322038
-0.092696 0.062035 0.320324
-0.093444 0.062532 0.318209
-0.094193 0.063028 0.316095
-0.094941 0.063524 0.313980
-0.095690 0.064020 0.311866
-0.096438 0.064517 0.309751
-0.098152 0.064636 0.307668
-0.098897 0.065131 0.305562
-0.099643 0.065625 0.303455
-0.100389 0.066120 0.301348
-0.101135 0.066614 0.299241
-0.102682 0.066624 0.297626
-0.103425 0.067117 0.295527
-0.104168 0.067609 0.293428
-0.105705 0.067612 0.291843
-0.107237 0.067611 0.290274
-0.107975 0.068100 0.288190
-0.107927 0.069085 0.285568
-0.059753 0.054823 0.375156
-0.061441 0.054925 0.373144
-0.062225 0.055444 0.370931
-0.063008 0.055964 0.368718
-0.064685 0.056058 0.366736
-0.066357 0.056149 0.364769
-0.067135 0.056664 0.362571
-0.068799 0.056750 0.360627
-0.070457 0.056832 0.358699
-0.072110 0.056910 0.356785
-0.072880 0.057420 0.354610
-0.074525 0.057493 0.352719
-0.075292 0.058002 0.350551
-0.076059 0.058511 0.348384
-0.076827 0.059019 0.346216
-0.078458 0.059083 0.344363
-0.079223 0.059590 0.342203
-0.080846 0.059649 0.340373
-0.081608 0.060154 0.338221
-0.083224 0.060208 0.336413
-0.083983 0.060711 0.334268
-0.085590 0.060759 0.332484
-0.086347 0.061261 0.330346
-0.087946 0.061303 0.328584
-0.088700 0.061803 0.326455
-0.090291 0.061840 0.324715
-0.091042 0.062338 0.322593
-0.091794 0.062836 0.320471
-0.093374 0.062867 0.318762
-0.094123 0.063363 0.316648
-0.094871 0.063859 0.314533
-0.095620 0.064355 0.312419
-0.096368 0.064852 0.310304
-0.097933 0.064871 0.308641
-0.098678 0.065366 0.306534
-0.099424 0.065860 0.304427
-0.100170 0.066355 0.302320
-0.100916 0.066849 0.300213
-0.101661 0.067344 0.298106
-0.103356 0.067449 0.296076
-0.104099 0.067942 0.293977
-0.105636 0.067943 0.292390
-0.107168 0.067941 0.290819
-0.107906 0.068430 0.288735
-0.108643 0.068919 0.286651
-0.062151 0.055795 0.371510
-0.062935 0.056314 0.369297
-0.064612 0.056407 0.367313
-0.065393 0.056925 0.365107
-0.067062 0.057013 0.363146
-0.067840 0.057528 0.360948
-0.069501 0.057611 0.359010
-0.071157 0.057690 0.357087
-0.072808 0.057765 0.355179
-0.073578 0.058275 0.353004
-0.075220 0.058345 0.351118
-0.075988 0.058854 0.348951
-0.076755 0.059363 0.346783
-0.078387 0.059426 0.344928
-0.079151 0.059932 0.342768
-0.079916 0.060439 0.340608
-0.081537 0.060495 0.338784
-0.083153 0.060547 0.336974
-0.083912 0.061051 0.334829
-0.084671 0.061554 0.332685
-0.086276 0.061599 0.330905
-0.087876 0.061641 0.329141
-0.088629 0.062140 0.327012
-0.090221 0.062176 0.325270
-0.090972 0.062675 0.323148
-0.091723 0.063173 0.321026
-0.093304 0.063202 0.319315
-0.094053 0.063698 0.317201
-0.094801 0.064194 0.315086
-0.095549 0.064690 0.312972
-0.096298 0.065187 0.310857
-0.097046 0.065683 0.308743
-0.098608 0.065699 0.307085
-0.099354 0.066194 0.304978
-0.100100 0.066688 0.302871
-0.100846 0.067183 0.300764
-0.101592 0.067677 0.298657
-0.103138 0.067683 0.297045
-0.103881 0.068176 0.294946
-0.105419 0.068176 0.293356
-0.106951 0.068174 0.291781
-0.107689 0.068663 0.289697
-0.108427 0.069152 0.287613
-0.063958 0.057392 0.366777
-0.065632 0.057481 0.364802
-0.067456 0.057670 0.362402
-0.068234 0.058186 0.360205
-0.069894 0.058266 0.358269
-0.071548 0.058343 0.356348
-0.073198 0.058416 0.354442
-0.073968 0.058926 0.352267
-0.075609 0.058994 0.350385
-0.076376 0.059503 0.348217
-0.077143 0.060011 0.346050
-0.078774 0.060072 0.344197
-0.079538 0.060579 0.342037
-0.081161 0.060634 0.340207
-0.081923 0.061139 0.338055
-0.083537 0.061189 0.336248
-0.084296 0.061692 0.334103
-0.085902 0.061737 0.332319
-0.086659 0.062238 0.330182
-0.088257 0.062278 0.328420
-0.089011 0.062778 0.326291
-0.090601 0.062811 0.324552
-0.091352 0.063309 0.322430
-0.092104 0.063807 0.320308
-0.093683 0.063834 0.318599
-0.094432 0.064330 0.316485
-0.095180 0.064827 0.314370
-0.095928 0.065323 0.312256
-0.096677 0.065819 0.310142
-0.097425 0.066315 0.308027
-0.098986 0.066330 0.306372
-0.099732 0.066824 0.304265
-0.100478 0.067319 0.302158
-0.101223 0.067813 0.300051
-0.102771 0.067819 0.298434
-0.103514 0.068311 0.296334
-0.104257 0.068804 0.294235
-0.105794 0.068802 0.292648
-0.107325 0.068797 0.291076
-0.108062 0.069286 0.288992
-0.108800 0.069775 0.286907
-0.066808 0.058659 0.361850
-0.068472 0.058740 0.359900
-0.070131 0.058819 0.357965
-0.071785 0.058893 0.356046
-0.072558 0.059406 0.353863
-0.074204 0.059475 0.351966
-0.074973 0.059985 0.349791
-0.076611 0.060049 0.347917
-0.077378 0.060558 0.345749
-0.079008 0.060617 0.343898
-0.079773 0.061124 0.341738
-0.081394 0.061177 0.339909
-0.082308 0.061783 0.337327
-0.083921 0.061831 0.335522
-0.084681 0.062334 0.333377
-0.086286 0.062376 0.331596
-0.087042 0.062878 0.329458
-0.088639 0.062915 0.327699
-0.089393 0.063415 0.325570
-0.090982 0.063446 0.323834
-0.091733 0.063944 0.321712
-0.092484 0.064442 0.319590
-0.094062 0.064467 0.317884
-0.094811 0.064963 0.315769
-0.095559 0.065459 0.313655
-0.096307 0.065956 0.311540
-0.097056 0.066452 0.309426
-0.097804 0.066948 0.307311
-0.099364 0.066960 0.305659
-0.100110 0.067455 0.303552
-0.100855 0.067949 0.301445
-0.101601 0.068444 0.299338
-0.103147 0.068447 0.297723
-0.103890 0.068939 0.295624
-0.105428 0.068937 0.294032
-0.106168 0.069428 0.291940
-0.107698 0.069421 0.290370
-0.108436 0.069910 0.288286
-0.109174 0.070399 0.286202
-0.070524 0.059474 0.357224
-0.072176 0.059546 0.355307
-0.072949 0.060059 0.353124
-0.073722 0.060571 0.350942
-0.075363 0.060636 0.349055
-0.076133 0.061147 0.346880
-0.077767 0.061207 0.345016
-0.079395 0.061263 0.343167
-0.080160 0.061770 0.341007
-0.081780 0.061821 0.339181
-0.082542 0.062326 0.337028
-0.084154 0.062372 0.335225
-0.084913 0.062875 0.333080
-0.086517 0.062916 0.331300
-0.087274 0.063417 0.329162
-0.088870 0.063452 0.327405
-0.089624 0.063952 0.325275
-0.091212 0.063982 0.323540
-0.091963 0.064480 0.321418
-0.092714 0.064978 0.319296
-0.094291 0.065000 0.317591
-0.095040 0.065497 0.315476
-0.095788 0.065993 0.313362
-0.096537 0.066489 0.311248
-0.097435 0.067085 0.308710
-0.098183 0.067581 0.306596
-0.099741 0.067591 0.304945
-0.100487 0.068085 0.302839
-0.101233 0.068580 0.300732
-0.101979 0.069074 0.298625
-0.103523 0.069075 0.297012
-0.104266 0.069568 0.294913
-0.105803 0.069563 0.293324
-0.107334 0.069555 0.291749
-0.108072 0.070044 0.289665
-0.108810 0.070533 0.287581
-0.072877 0.060404 0.353695
-0.073649 0.060917 0.351512
-0.074422 0.061429 0.349330
-0.076061 0.061491 0.347449
-0.076831 0.062002 0.345274
-0.078462 0.062059 0.343415
-0.080088 0.062112 0.341572
-0.080853 0.062619 0.339412
-0.082470 0.062667 0.337591
-0.084083 0.062712 0.335786
-0.084842 0.063215 0.333641
-0.086446 0.063254 0.331859
-0.087203 0.063756 0.329721
-0.088799 0.063789 0.327961
-0.089553 0.064289 0.325832
-0.091141 0.064318 0.324095
-0.091893 0.064816 0.321973
-0.092644 0.065314 0.319851
-0.094221 0.065335 0.318144
-0.094970 0.065831 0.316029
-0.095718 0.066328 0.313915
-0.096467 0.066824 0.311801
-0.097215 0.067320 0.309686
-0.097964 0.067816 0.307572
-0.098712 0.068313 0.305457
-0.100268 0.068320 0.303811
-0.101014 0.068814 0.301704
-0.101760 0.069309 0.299597
-0.103305 0.069309 0.297981
-0.104048 0.069802 0.295882
-0.105585 0.069796 0.294289
-0.106326 0.070287 0.292197
-0.107855 0.070277 0.290627
-0.108593 0.070766 0.288543
-0.109331 0.071255 0.286458
-0.074968 0.062184 0.348154
-0.076605 0.062244 0.346277
-0.078237 0.062300 0.344415
-0.079004 0.062809 0.342248
-0.080781 0.062961 0.339977
-0.082399 0.063008 0.338154
-0.083161 0.063513 0.336002
-0.084771 0.063555 0.334202
-0.086376 0.063593 0.332417
-0.087132 0.064094 0.330280
-0.087889 0.064596 0.328143
-0.089483 0.064627 0.326389
-0.091071 0.064654 0.324650
-0.091822 0.065152 0.322528
-0.092573 0.065650 0.320406
-0.093324 0.066148 0.318284
-0.094900 0.066166 0.316582
-0.095648 0.066663 0.314468
-0.096397 0.067159 0.312353
-0.097145 0.067655 0.310239
-0.097893 0.068151 0.308125
-0.098642 0.068648 0.306010
-0.100198 0.068654 0.304362
-0.100944 0.069148 0.302255
-0.101690 0.069643 0.300148
-0.102436 0.070137 0.298041
-0.103979 0.070134 0.296431
-0.105516 0.070128 0.294836
-0.106257 0.070619 0.292744
-0.107786 0.070607 0.291172
-0.108524 0.071096 0.289088
-0.109262 0.071585 0.287004
-0.077611 0.063303 0.343801
-0.079239 0.063356 0.341948
-0.080862 0.063405 0.340110
-0.081627 0.063911 0.337950
-0.083242 0.063955 0.336134
-0.084852 0.063995 0.334334
-0.085611 0.064498 0.332189
-0.087213 0.064533 0.330412
-0.087969 0.065035 0.328275
-0.089563 0.065064 0.326520
-0.090317 0.065564 0.324390
-0.091902 0.065588 0.322658
-0.092653 0.066086 0.320536
-0.093404 0.066584 0.318414
-0.094156 0.067082 0.316292
-0.095728 0.067097 0.314598
-0.096476 0.067593 0.312484
-0.097225 0.068089 0.310369
-0.097973 0.068586 0.308255
-0.098722 0.069082 0.306140
-0.100278 0.069086 0.304492
-0.101023 0.069581 0.302385
-0.101769 0.070075 0.300278
-0.103463 0.070171 0.298240
-0.104206 0.070664 0.296140
-0.104949 0.071156 0.294041
-0.106483 0.071146 0.292455
-0.108012 0.071132 0.290883
-0.108750 0.071622 0.288799
-0.079167 0.063699 0.342515
-0.079935 0.064208 0.340347
-0.081555 0.064254 0.338515
-0.082320 0.064761 0.336355
-0.083933 0.064801 0.334545
-0.085540 0.064838 0.332750
-0.086299 0.065341 0.330605
-0.087898 0.065373 0.328834
-0.088655 0.065875 0.326696
-0.090246 0.065901 0.324947
-0.091832 0.065924 0.323213
-0.092583 0.066422 0.321091
-0.093334 0.066920 0.318969
-0.094085 0.067418 0.316847
-0.095658 0.067432 0.315151
-0.096406 0.067928 0.313036
-0.097155 0.068424 0.310922
-0.097903 0.068921 0.308808
-0.098651 0.069417 0.306693
-0.099400 0.069913 0.304579
-0.100954 0.069914 0.302936
-0.101699 0.070409 0.300829
-0.102445 0.070903 0.298722
-0.103988 0.070898 0.297109
-0.104731 0.071390 0.295010
-0.106266 0.071379 0.293420
-0.107006 0.071870 0.291328
-0.108533 0.071854 0.289761
-0.109271 0.072343 0.287677
-0.082095 0.065001 0.337352
-0.083709 0.065041 0.335538
-0.084471 0.065546 0.333386
-0.086076 0.065580 0.331595
-0.086835 0.066084 0.329451
-0.088433 0.066113 0.327683
-0.090025 0.066138 0.325930
-0.090778 0.066638 0.323800
-0.091532 0.067138 0.321671
-0.093113 0.067156 0.319948
-0.093865 0.067654 0.317826
-0.094616 0.068152 0.315704
-0.095367 0.068650 0.313582
-0.096935 0.068660 0.311898
-0.097683 0.069156 0.309783
-0.098581 0.069752 0.307246
-0.099330 0.070248 0.305132
-0.100884 0.070248 0.303487
-0.101629 0.070743 0.301380
-0.102375 0.071237 0.299273
-0.103918 0.071230 0.297658
-0.104661 0.071723 0.295559
-0.106197 0.071711 0.293967
-0.106937 0.072202 0.291875
-0.108464 0.072184 0.290306
-0.109202 0.072673 0.288222
-0.084399 0.065887 0.333949
-0.085161 0.066392 0.331796
-0.086764 0.066424 0.330011
-0.087523 0.066927 0.327867
-0.089118 0.066953 0.326104
-0.090708 0.066975 0.324357
-0.091462 0.067475 0.322228
-0.092215 0.067975 0.320098
-0.093794 0.067991 0.318381
-0.094545 0.068489 0.316259
-0.095297 0.068987 0.314137
-0.096048 0.069485 0.312015
-0.097613 0.069491 0.310336
-0.098362 0.069987 0.308222
-0.099110 0.070484 0.306108
-0.099858 0.070980 0.303993
-0.101410 0.070977 0.302352
-0.102156 0.071472 0.300245
-0.102902 0.071966 0.298138
-0.104443 0.071957 0.296528
-0.105186 0.072450 0.294428
-0.106720 0.072435 0.292841
-0.107460 0.072926 0.290749
-0.108985 0.072905 0.289184
-0.086997 0.066965 0.329714
-0.087756 0.067468 0.327570
-0.089350 0.067492 0.325808
-0.090107 0.067994 0.323671
-0.091693 0.068013 0.321933
-0.092446 0.068512 0.319803
-0.093200 0.069012 0.317674
-0.094776 0.069024 0.315965
-0.095527 0.069522 0.313843
-0.096278 0.070020 0.311721
-0.097029 0.070518 0.309599
-0.098591 0.070521 0.307929
-0.099339 0.071017 0.305815
-0.100088 0.071513 0.303700
-0.100836 0.072010 0.301586
-0.102385 0.072003 0.299954
-0.103280 0.072597 0.297425
-0.104820 0.072585 0.295817
-0.105563 0.073078 0.293718
-0.107094 0.073061 0.292133
-0.107835 0.073552 0.290041
-0.109359 0.073529 0.288478
-0.089884 0.068232 0.324658
-0.090641 0.068734 0.322520
-0.092225 0.068750 0.320786
-0.092979 0.069250 0.318656
-0.093733 0.069749 0.316527
-0.095306 0.069758 0.314823
-0.096057 0.070256 0.312701
-0.096808 0.070754 0.310579
-0.097560 0.071252 0.308457
-0.099120 0.071253 0.306791
-0.099868 0.071749 0.304676
-0.100616 0.072245 0.302562
-0.102166 0.072238 0.300926
-0.102911 0.072733 0.298819
-0.104453 0.072720 0.297206
-0.105196 0.073213 0.295107
-0.105939 0.073706 0.293007
-0.107469 0.073686 0.291425
-0.108210 0.074177 0.289333
-0.090873 0.069273 0.322225
-0.091629 0.069774 0.320087
-0.093210 0.069787 0.318362
-0.093964 0.070287 0.316232
-0.094717 0.070786 0.314102
-0.096287 0.070792 0.312407
-0.097038 0.071290 0.310285
-0.097790 0.071788 0.308163
-0.099349 0.071786 0.306498
-0.100097 0.072282 0.304383
-0.100846 0.072779 0.302269
-0.102394 0.072770 0.300634
-0.103140 0.073264 0.298527
-0.104680 0.073250 0.296915
-0.105423 0.073743 0.294816
-0.106167 0.074235 0.292717
-0.107696 0.074214 0.291135
-0.109221 0.074189 0.289568
-0.093441 0.070324 0.318067
-0.094195 0.070824 0.315937
-0.094948 0.071324 0.313807
-0.096517 0.071327 0.312113
-0.097269 0.071825 0.309991
-0.098020 0.072323 0.307869
-0.099578 0.072320 0.306205
-0.100327 0.072816 0.304091
-0.101225 0.073411 0.301553
-0.102772 0.073400 0.299921
-0.103518 0.073895 0.297814
-0.105057 0.073878 0.296205
-0.105800 0.074371 0.294105
-0.107331 0.074349 0.292519
-0.108071 0.074840 0.290427
-0.109594 0.074813 0.288863
-0.095481 0.072061 0.312661
-0.097048 0.072062 0.310970
-0.097799 0.072560 0.308848
-0.099358 0.072555 0.307181
-0.100107 0.073051 0.305066
-0.100855 0.073548 0.302952
-0.101604 0.074044 0.300838
-0.103149 0.074031 0.299208
-0.103895 0.074525 0.297101
-0.105433 0.074506 0.295494
-0.106176 0.074999 0.293395
-0.107706 0.074975 0.291811
-0.108446 0.075466 0.289719
-0.099288 0.072890 0.307734
-0.100037 0.073386 0.305619
-0.100785 0.073883 0.303505
-0.101534 0.074379 0.301391
-0.103080 0.074364 0.299759
-0.103825 0.074859 0.297652
-0.104571 0.075353 0.295545
-0.106106 0.075332 0.293944
-0.106849 0.075824 0.291844
-0.108377 0.075797 0.290266
-0.109117 0.076288 0.288174
-0.102861 0.074599 0.300731
-0.103606 0.075094 0.298624
-0.104352 0.075588 0.296517
-0.105888 0.075566 0.294913
-0.106631 0.076058 0.292813
-0.107374 0.076551 0.290714
-0.108900 0.076521 0.289140
-0.104581 0.076120 0.296226
-0.106116 0.076095 0.294622
-0.106859 0.076588 0.292523
-0.107602 0.077080 0.290423
-0.108345 0.077573 0.288324
-0.107087 0.077117 0.292232
-0.107830 0.077610 0.290133
-0.096772 0.068473 0.276222
-0.095347 0.066861 0.279713
-0.093498 0.064698 0.284485
-0.095508 0.067973 0.278524
-0.093188 0.065924 0.282188
-0.092859 0.064690 0.285964
-0.095420 0.069151 0.276759
-0.093996 0.067531 0.280239
-0.092553 0.065916 0.283675
-0.091979 0.064741 0.286875
-0.091393 0.063569 0.290046
-0.094550 0.069207 0.277704
-0.093122 0.067584 0.281171
-0.092562 0.066403 0.284397
-0.091988 0.065225 0.287593
-0.090510 0.063615 0.290942
-0.095337 0.070830 0.275720
-0.093923 0.069199 0.279214
-0.092490 0.067573 0.282664
-0.091925 0.066391 0.285876
-0.090457 0.064774 0.289244
-0.089864 0.063599 0.292389
-0.094855 0.071450 0.275307
-0.092566 0.069372 0.279015
-0.092016 0.068184 0.282258
-0.091454 0.066998 0.285472
-0.089990 0.065376 0.288843
-0.089398 0.064198 0.291990
-0.087900 0.062585 0.295281
-0.085484 0.060539 0.298692
-0.092237 0.070614 0.276688
-0.091697 0.069420 0.279950
-0.091143 0.068230 0.283182
-0.090577 0.067042 0.286384
-0.089110 0.065417 0.289743
-0.088516 0.064237 0.292879
-0.087014 0.062621 0.296156
-0.084595 0.060571 0.299552
-0.084854 0.059841 0.302420
-0.088503 0.069385 0.277708
-0.087951 0.068192 0.280939
-0.090911 0.068778 0.283340
-0.090347 0.067588 0.286542
-0.088882 0.065958 0.289899
-0.088288 0.064775 0.293034
-0.086788 0.063155 0.296310
-0.084372 0.061099 0.299704
-0.084631 0.060367 0.302572
-0.086826 0.070298 0.274487
-0.078011 0.064510 0.280986
-0.085325 0.067339 0.282274
-0.090039 0.068820 0.284260
-0.090356 0.068073 0.287260
-0.088890 0.066439 0.290611
-0.087406 0.064811 0.293918
-0.085903 0.063187 0.297181
-0.084613 0.061510 0.300942
-0.083069 0.059896 0.304111
-0.086353 0.070907 0.274082
-0.077553 0.065100 0.280594
-0.084858 0.067939 0.281874
-0.084287 0.066746 0.285052
-0.089002 0.068232 0.287049
-0.088424 0.067040 0.290212
-0.086943 0.065407 0.293522
-0.085444 0.063779 0.296788
-0.083925 0.062155 0.300009
-0.083287 0.060978 0.303031
-0.081733 0.059363 0.306171
-0.065964 0.048625 0.318961
-0.087132 0.072540 0.272093
-0.078137 0.066767 0.278126
-0.077562 0.065572 0.281292
-0.077851 0.064829 0.284224
-0.086056 0.068121 0.285365
-0.088128 0.068268 0.287954
-0.088433 0.067521 0.290924
-0.086952 0.065884 0.294228
-0.084560 0.063807 0.297656
-0.083934 0.062624 0.300704
-0.082396 0.061002 0.303875
-0.064683 0.049385 0.316590
-0.065757 0.049114 0.319102
-0.084444 0.072368 0.271019
-0.083046 0.070706 0.274510
-0.075999 0.065769 0.280569
-0.076287 0.065025 0.283497
-0.075690 0.063832 0.286609
-0.086540 0.068482 0.287189
-0.087729 0.068182 0.289968
-0.087141 0.066987 0.293103
-0.084760 0.064902 0.296548
-0.083247 0.063269 0.299772
-0.082612 0.062087 0.302795
-0.081064 0.060463 0.305937
-0.063566 0.049432 0.316857
-0.064637 0.049162 0.319362
-0.065708 0.048892 0.321867
-0.083971 0.072977 0.270614
-0.082577 0.071310 0.274108
-0.075542 0.066357 0.280178
-0.074957 0.065159 0.283315
-0.073483 0.063512 0.286623
-0.073750 0.062772 0.289499
-0.084612 0.067433 0.290127
-0.086677 0.067585 0.292705
-0.085190 0.065942 0.295984
-0.083023 0.063797 0.299924
-0.082390 0.062612 0.302947
-0.080844 0.060983 0.306087
-0.063360 0.049920 0.316998
-0.064431 0.049650 0.319503
-0.065502 0.049380 0.322008
-0.119202 0.074183 0.319217
-0.083598 0.072886 0.272690
-0.077858 0.068942 0.277270
-0.074680 0.066373 0.281089
-0.074092 0.065173 0.284215
-0.073492 0.063977 0.287310
-0.071998 0.062331 0.290568
-0.071369 0.061142 0.293597
-0.084913 0.067163 0.293767
-0.084309 0.065967 0.296856
-0.082800 0.064325 0.300076
-0.081272 0.062689 0.303253
-0.079724 0.061057 0.306385
-0.062725 0.050515 0.316137
-0.063796 0.050245 0.318642
-0.064868 0.049975 0.321146
-0.065939 0.049705 0.323651
-0.066090 0.048993 0.326255
-0.083126 0.073494 0.272286
-0.079129 0.070450 0.276430
-0.074225 0.066960 0.280699
-0.073639 0.065757 0.283827
-0.073041 0.064557 0.286925
-0.071551 0.062907 0.290186
-0.070043 0.061261 0.293402
-0.069400 0.060073 0.296397
-0.083850 0.066558 0.296462
-0.082345 0.064912 0.299686
-0.080820 0.063270 0.302866
-0.080174 0.062083 0.305853
-0.060971 0.050718 0.314906
-0.062039 0.050449 0.317404
-0.064019 0.050625 0.319784
-0.065090 0.050355 0.322289
-0.065243 0.049641 0.324897
-0.118801 0.074627 0.321983
-0.118201 0.073427 0.325078
-0.082272 0.073521 0.273234
-0.077405 0.070012 0.277579
-0.073364 0.066972 0.281607
-0.072775 0.065767 0.284723
-0.072174 0.064565 0.287810
-0.071560 0.063367 0.290867
-0.069169 0.061264 0.294262
-0.068523 0.060073 0.297245
-0.080536 0.065163 0.298378
-0.080801 0.064420 0.301243
-0.079268 0.062777 0.304398
-0.078614 0.061588 0.307363
-0.061193 0.051096 0.316046
-0.062261 0.050827 0.318543
-0.063329 0.050558 0.321041
-0.064397 0.050288 0.323538
-0.064547 0.049574 0.326135
-0.117217 0.074181 0.323499
-0.117535 0.073424 0.326488
-0.118774 0.073112 0.329386
-0.120013 0.072799 0.332283
-0.120318 0.072046 0.335243
-0.082664 0.074587 0.272602
-0.080404 0.072445 0.276297
-0.073778 0.068016 0.281004
-0.072324 0.066349 0.284337
-0.071725 0.065144 0.287425
-0.070236 0.063486 0.290677
-0.069608 0.062288 0.293699
-0.068084 0.060639 0.296869
-0.067428 0.059449 0.299824
-0.079227 0.064608 0.300478
-0.079483 0.063865 0.303323
-0.077940 0.062221 0.306448
-0.069399 0.056918 0.311165
-0.061414 0.051475 0.317185
-0.062482 0.051205 0.319683
-0.063550 0.050936 0.322180
-0.064618 0.050667 0.324678
-0.063849 0.049505 0.327366
-0.063066 0.048347 0.330026
-0.117792 0.073863 0.327810
-0.119031 0.073551 0.330708
-0.120270 0.073238 0.333605
-0.118705 0.071599 0.336679
-0.082432 0.075134 0.272760
-0.080176 0.072986 0.276453
-0.073555 0.068543 0.281156
-0.072102 0.066872 0.284488
-0.070631 0.065206 0.287775
-0.070017 0.064002 0.290826
-0.069391 0.062802 0.293847
-0.066985 0.060692 0.297192
-0.066327 0.059499 0.300140
-0.066547 0.058765 0.302895
-0.074797 0.062118 0.304246
-0.075033 0.061379 0.307039
-0.059927 0.052284 0.314328
-0.060995 0.052015 0.316826
-0.062277 0.051692 0.319823
-0.063345 0.051422 0.322321
-0.063498 0.050705 0.324921
-0.063644 0.049988 0.327506
-0.061941 0.048380 0.330252
-0.057855 0.043978 0.338638
-0.114525 0.069757 0.338834
-0.081820 0.075096 0.274267
-0.074366 0.070172 0.279246
-0.072927 0.068493 0.282604
-0.071469 0.066819 0.285918
-0.069993 0.065150 0.289187
-0.069375 0.063945 0.292224
-0.067863 0.062285 0.295412
-0.066332 0.060630 0.298556
-0.065670 0.059436 0.301489
-0.065886 0.058701 0.304234
-0.072351 0.061153 0.305906
-0.059508 0.052824 0.313969
-0.059672 0.052102 0.316594
-0.060737 0.051834 0.319084
-0.061802 0.051565 0.321574
-0.062867 0.051297 0.324065
-0.063015 0.050579 0.326652
-0.060398 0.048517 0.329496
-0.058678 0.046909 0.332198
-0.057452 0.044497 0.338293
-0.058478 0.044238 0.340694
-0.082589 0.076753 0.272285
-0.079480 0.074128 0.276210
-0.073742 0.070121 0.280704
-0.071429 0.067978 0.284252
-0.069963 0.066302 0.287541
-0.069353 0.065092 0.290593
-0.068731 0.063886 0.293616
-0.066333 0.061764 0.296964
-0.064794 0.060106 0.300082
-0.065012 0.059370 0.302831
-0.066115 0.059092 0.305410
-0.070795 0.060638 0.307399
-0.059516 0.053256 0.314609
-0.059680 0.052533 0.317232
-0.060745 0.052265 0.319722
-0.061810 0.051996 0.322212
-0.061961 0.051276 0.324806
-0.061190 0.050107 0.327480
-0.059486 0.048492 0.330213
-0.057763 0.046881 0.332902
-0.057254 0.044964 0.338428
-0.057348 0.044259 0.340886
-0.082598 0.077240 0.273006
-0.073518 0.070651 0.280857
-0.071208 0.068501 0.284403
-0.069743 0.066821 0.287691
-0.069135 0.065609 0.290742
-0.067636 0.063938 0.293949
-0.066118 0.062271 0.297110
-0.064581 0.060610 0.300228
-0.064799 0.059872 0.302976
-0.065012 0.059135 0.305710
-0.067005 0.059315 0.308134
-0.059996 0.054253 0.314116
-0.059262 0.053072 0.316874
-0.060327 0.052803 0.319364
-0.060483 0.052081 0.321966
-0.061545 0.051813 0.324449
-0.060776 0.050641 0.327125
-0.059076 0.049020 0.329862
-0.057357 0.047405 0.332553
-0.055308 0.045189 0.336712
-0.056741 0.044828 0.340063
-0.057765 0.044570 0.342457
-0.080122 0.075617 0.276859
-0.072662 0.070655 0.281766
-0.070348 0.068502 0.285297
-0.068880 0.066819 0.288572
-0.068269 0.065604 0.291612
-0.066766 0.063930 0.294805
-0.065245 0.062261 0.297954
-0.064589 0.061058 0.300890
-0.063920 0.059858 0.303797
-0.064129 0.059121 0.306522
-0.064332 0.058385 0.309231
-0.059318 0.054175 0.315389
-0.059483 0.053449 0.318010
-0.059641 0.052725 0.320616
-0.059793 0.052002 0.323207
-0.059939 0.051281 0.325783
-0.059163 0.050108 0.328438
-0.057662 0.048433 0.331636
-0.055215 0.046313 0.334855
-0.055316 0.045604 0.337325
-0.056339 0.045345 0.339719
-0.057363 0.045087 0.342113
-0.079893 0.076160 0.277015
-0.073303 0.071651 0.281707
-0.070995 0.069491 0.285244
-0.068661 0.067336 0.288721
-0.068051 0.066119 0.291761
-0.066550 0.064441 0.294953
-0.065031 0.062767 0.298100
-0.063713 0.061043 0.301719
-0.063041 0.059841 0.304614
-0.063247 0.059103 0.307329
-0.061659 0.057447 0.310317
-0.059583 0.055228 0.314398
-0.058852 0.054041 0.317154
-0.059012 0.053315 0.319762
-0.059166 0.052591 0.322356
-0.059314 0.051868 0.324935
-0.057627 0.050236 0.327691
-0.056838 0.049064 0.330314
-0.055117 0.047441 0.332988
-0.054300 0.046276 0.335544
-0.054397 0.045566 0.338005
-0.056347 0.045760 0.340332
-0.057371 0.045502 0.342726
-0.074339 0.073236 0.280343
-0.072045 0.071067 0.283905
-0.069725 0.068905 0.287408
-0.068253 0.067215 0.290659
-0.066761 0.065531 0.293866
-0.065250 0.063851 0.297028
-0.063721 0.062176 0.300146
-0.063057 0.060970 0.303058
-0.062380 0.059766 0.305939
-0.061691 0.058566 0.308791
-0.060989 0.057370 0.311613
-0.058693 0.055201 0.315171
-0.058860 0.054472 0.317792
-0.059020 0.053745 0.320398
-0.058266 0.052561 0.323099
-0.057500 0.051381 0.325770
-0.056721 0.050203 0.328411
-0.055929 0.049029 0.331023
-0.054204 0.047403 0.333685
-0.054307 0.046690 0.336158
-0.054404 0.045979 0.338616
-0.056355 0.046174 0.340945
-0.057378 0.045916 0.343339
-0.072855 0.072710 0.282013
-0.070552 0.070538 0.285546
-0.068223 0.068372 0.289020
-0.066742 0.066681 0.292247
-0.066118 0.065462 0.295247
-0.064603 0.063780 0.298392
-0.063068 0.062102 0.301493
-0.062399 0.060894 0.304390
-0.061718 0.059690 0.307257
-0.061025 0.058488 0.310095
-0.059423 0.056828 0.313039
-0.058701 0.055633 0.315810
-0.058179 0.054389 0.319048
-0.058335 0.053661 0.321644
-0.057577 0.052476 0.324331
-0.055894 0.050836 0.327086
-0.055108 0.049658 0.329705
-0.054308 0.048483 0.332295
-0.053496 0.047311 0.334856
-0.054520 0.047053 0.337250
-0.054616 0.046341 0.339705
-0.056567 0.046537 0.342037
-0.058525 0.046731 0.344385
-0.073096 0.073122 0.283253
-0.069923 0.070475 0.286973
-0.067589 0.068305 0.290427
-0.066103 0.066612 0.293636
-0.065474 0.065391 0.296622
-0.063073 0.063239 0.299920
-0.062413 0.062026 0.302832
-0.060854 0.060351 0.305871
-0.060166 0.059146 0.308716
-0.059465 0.057944 0.311532
-0.058751 0.056745 0.314319
-0.058024 0.055549 0.317076
-0.058187 0.054818 0.319684
-0.057438 0.053628 0.322389
-0.056676 0.052441 0.325065
-0.054991 0.050798 0.327806
-0.054201 0.049618 0.330415
-0.054316 0.048900 0.332913
-0.053504 0.047726 0.335469
-0.054527 0.047467 0.337863
-0.055551 0.047209 0.340257
-0.056575 0.046951 0.342651
-0.059466 0.047601 0.344956
-0.073105 0.073593 0.283950
-0.069065 0.070467 0.287859
-0.067597 0.068765 0.291106
-0.066111 0.067067 0.294310
-0.064606 0.065374 0.297468
-0.063082 0.063686 0.300582
-0.061539 0.062003 0.303652
-0.059976 0.060325 0.306677
-0.059284 0.059118 0.309512
-0.058580 0.057914 0.312317
-0.057863 0.056713 0.315092
-0.057133 0.055516 0.317838
-0.057293 0.054785 0.320437
-0.056540 0.053593 0.323131
-0.055776 0.052404 0.325795
-0.054998 0.051219 0.328429
-0.054208 0.050036 0.331034
-0.053611 0.048806 0.334089
-0.053716 0.048088 0.336561
-0.054740 0.047830 0.338955
-0.055763 0.047572 0.341349
-0.057718 0.047770 0.343694
-0.059680 0.047966 0.346055
-0.060710 0.047706 0.348463
-0.069073 0.070930 0.288544
-0.066735 0.068751 0.291975
-0.065246 0.067051 0.295165
-0.063738 0.065355 0.298311
-0.062210 0.063664 0.301412
-0.060664 0.061978 0.304468
-0.059984 0.060765 0.307329
-0.058403 0.059087 0.310304
-0.057695 0.057882 0.313097
-0.056975 0.056679 0.315861
-0.056242 0.055480 0.318596
-0.056398 0.054749 0.321186
-0.055643 0.053555 0.323868
-0.054875 0.052365 0.326521
-0.054094 0.051177 0.329145
-0.053301 0.049993 0.331738
-0.053413 0.049273 0.334224
-0.053519 0.048554 0.336696
-0.054543 0.048296 0.339090
-0.055566 0.048038 0.341483
-0.057521 0.048237 0.343829
-0.059481 0.048435 0.346190
-0.060511 0.048175 0.348599
-0.070356 0.072458 0.287765
-0.067161 0.069797 0.291405
-0.065678 0.068091 0.294605
-0.064176 0.066390 0.297761
-0.062656 0.064693 0.300873
-0.060234 0.062531 0.304101
-0.059558 0.061315 0.306963
-0.057980 0.059632 0.309941
-0.057275 0.058423 0.312737
-0.056557 0.057218 0.315503
-0.055826 0.056015 0.318240
-0.055984 0.055282 0.320831
-0.055231 0.054085 0.323516
-0.054466 0.052892 0.326171
-0.053688 0.051701 0.328796
-0.052897 0.050514 0.331392
-0.053010 0.049792 0.333879
-0.053117 0.049072 0.336352
-0.054141 0.048814 0.338745
-0.055165 0.048555 0.341139
-0.057118 0.048756 0.343484
-0.059283 0.048903 0.346325
-0.060313 0.048644 0.348734
-0.060404 0.047928 0.351168
-0.068223 0.071380 0.290108
-0.065882 0.069192 0.293516
-0.065263 0.067959 0.296509
-0.062877 0.065782 0.299814
-0.060467 0.063611 0.303059
-0.058914 0.061919 0.306089
-0.057342 0.060231 0.309075
-0.056640 0.059019 0.311876
-0.055926 0.057810 0.314647
-0.056095 0.057073 0.317263
-0.055359 0.055869 0.319983
-0.054610 0.054669 0.322672
-0.053848 0.053471 0.325332
-0.053074 0.052278 0.327963
-0.053198 0.051551 0.330475
-0.052402 0.050363 0.333054
-0.053429 0.050104 0.335455
-0.053534 0.049383 0.337922
-0.054558 0.049125 0.340316
-0.056509 0.049327 0.342658
-0.058467 0.049528 0.345015
-0.059497 0.049268 0.347424
-0.060527 0.049009 0.349833
-0.059676 0.047834 0.352285
-0.067592 0.071307 0.291514
-0.066116 0.069592 0.294719
-0.063747 0.067405 0.298055
-0.062230 0.065700 0.301164
-0.059813 0.063526 0.304388
-0.058255 0.061831 0.307401
-0.057565 0.060613 0.310225
-0.055972 0.058927 0.313156
-0.055254 0.057717 0.315913
-0.054522 0.056509 0.318640
-0.053778 0.055305 0.321338
-0.053022 0.054104 0.324006
-0.053158 0.053373 0.326545
-0.053289 0.052645 0.329068
-0.052500 0.051452 0.331662
-0.052615 0.050727 0.334149
-0.052723 0.050004 0.336621
-0.053747 0.049745 0.339014
-0.055695 0.049950 0.341353
-0.056722 0.049691 0.343754
-0.058681 0.049893 0.346114
-0.059711 0.049633 0.348523
-0.059803 0.048914 0.350957
-0.058948 0.047738 0.353396
-0.066732 0.071289 0.292383
-0.066124 0.070048 0.295395
-0.063755 0.067857 0.298723
-0.061361 0.065672 0.301991
-0.058941 0.063493 0.305201
-0.057380 0.061795 0.308200
-0.056686 0.060576 0.311013
-0.055090 0.058887 0.313931
-0.054368 0.057674 0.316677
-0.053634 0.056465 0.319393
-0.052886 0.055259 0.322080
-0.052127 0.054056 0.324737
-0.052260 0.053325 0.327266
-0.052387 0.052596 0.329780
-0.051596 0.051401 0.332363
-0.051707 0.050676 0.334840
-0.052731 0.050418 0.337234
-0.053754 0.050160 0.339628
-0.055703 0.050366 0.341968
-0.056730 0.050107 0.344369
-0.058688 0.050310 0.346731
-0.059718 0.050050 0.349140
-0.058873 0.048869 0.351597
-0.058015 0.047691 0.354024
-0.058088 0.046975 0.356412
-0.066778 0.071041 0.295364
-0.064414 0.068843 0.298698
-0.061148 0.066174 0.302136
-0.058731 0.063990 0.305344
-0.057171 0.062287 0.308342
-0.056479 0.061065 0.311154
-0.054885 0.059371 0.314071
-0.053272 0.057683 0.316944
-0.053431 0.056944 0.319532
-0.052685 0.055735 0.322217
-0.051926 0.054529 0.324873
-0.051155 0.053327 0.327500
-0.051280 0.052597 0.330006
-0.051398 0.051869 0.332498
-0.051510 0.051142 0.334975
-0.052534 0.050884 0.337368
-0.053557 0.050626 0.339762
-0.054581 0.050368 0.342156
-0.056532 0.050574 0.344504
-0.058490 0.050779 0.346867
-0.058586 0.050056 0.349306
-0.058676 0.049335 0.351731
-0.057819 0.048154 0.354158
-0.057893 0.047437 0.356546
-0.098666 0.066492 0.358856
-0.064848 0.069888 0.298149
-0.060936 0.066676 0.302281
-0.058521 0.064486 0.305487
-0.056963 0.062779 0.308484
-0.055387 0.061077 0.311437
-0.054680 0.059856 0.314211
-0.053068 0.058163 0.317082
-0.052333 0.056949 0.319789
-0.051585 0.055738 0.322467
-0.050825 0.054530 0.325115
-0.050956 0.053797 0.327636
-0.051081 0.053066 0.330142
-0.050289 0.051866 0.332715
-0.051313 0.051608 0.335109
-0.052336 0.051350 0.337503
-0.053360 0.051092 0.339897
-0.054384 0.050833 0.342291
-0.056335 0.051041 0.344639
-0.057361 0.050782 0.347040
-0.058388 0.050523 0.349441
-0.058479 0.049801 0.351866
-0.057623 0.048617 0.354291
-0.057698 0.047898 0.356679
-0.055874 0.046259 0.359054
-0.064632 0.070399 0.298296
-0.061378 0.067714 0.301745
-0.058971 0.065517 0.304963
-0.057421 0.063804 0.307971
-0.055851 0.062097 0.310934
-0.054262 0.060395 0.313853
-0.052654 0.058697 0.316727
-0.051921 0.057479 0.319437
-0.051176 0.056265 0.322116
-0.050418 0.055054 0.324766
-0.049647 0.053846 0.327387
-0.049770 0.053114 0.329886
-0.049887 0.052384 0.332371
-0.049998 0.051655 0.334841
-0.051018 0.051397 0.337228
-0.052958 0.051609 0.339553
-0.053982 0.051351 0.341946
-0.055006 0.051093 0.344340
-0.056958 0.051302 0.346695
-0.057985 0.051043 0.349096
-0.057142 0.049853 0.351546
-0.057224 0.049131 0.353949
-0.057299 0.048411 0.356338
-0.055479 0.046767 0.358716
-0.095577 0.065399 0.361813
-0.063119 0.069832 0.299831
-0.060732 0.067624 0.303087
-0.058319 0.065423 0.306284
-0.056097 0.063174 0.309925
-0.054517 0.061466 0.312859
-0.052918 0.059762 0.315748
-0.052192 0.058540 0.318470
-0.050558 0.056845 0.321278
-0.049804 0.055630 0.323933
-0.049037 0.054419 0.326559
-0.049162 0.053685 0.329061
-0.049281 0.052953 0.331548
-0.048482 0.051750 0.334100
-0.049499 0.051493 0.336479
-0.051434 0.051707 0.338794
-0.052455 0.051450 0.341180
-0.054399 0.051662 0.343517
-0.055423 0.051404 0.345911
-0.056447 0.051146 0.348305
-0.056537 0.050421 0.350726
-0.056621 0.049697 0.353131
-0.056698 0.048975 0.355522
-0.055827 0.047790 0.357903
-0.053996 0.046145 0.360252
-0.054046 0.045430 0.362576
-0.061826 0.069204 0.301872
-0.059427 0.066994 0.305093
-0.057003 0.064791 0.308255
-0.055437 0.063075 0.311216
-0.053852 0.061364 0.314133
-0.052248 0.059657 0.317005
-0.050625 0.057956 0.319832
-0.049878 0.056737 0.322503
-0.048220 0.055044 0.325249
-0.048348 0.054308 0.327755
-0.048469 0.053574 0.330246
-0.047676 0.052367 0.332806
-0.047781 0.051636 0.335260
-0.049710 0.051853 0.337564
-0.050728 0.051597 0.339943
-0.051745 0.051340 0.342322
-0.053687 0.051554 0.344655
-0.055635 0.051767 0.347003
-0.055728 0.051040 0.349428
-0.055815 0.050314 0.351838
-0.055895 0.049590 0.354233
-0.055028 0.048401 0.356622
-0.055092 0.047682 0.358980
-0.054204 0.046498 0.361317
-0.053302 0.045318 0.363624
-0.060528 0.068573 0.303893
-0.058118 0.066361 0.307080
-0.056563 0.064638 0.310063
-0.054106 0.062438 0.313139
-0.051834 0.060191 0.316650
-0.051106 0.058965 0.319360
-0.049470 0.057262 0.322153
-0.047816 0.055565 0.324902
-0.047945 0.054827 0.327410
-0.047163 0.053614 0.329993
-0.046369 0.052405 0.332548
-0.047383 0.052149 0.334919
-0.048397 0.051893 0.337291
-0.049411 0.051638 0.339662
-0.050426 0.051382 0.342034
-0.052363 0.051598 0.344359
-0.054307 0.051813 0.346698
-0.055328 0.051556 0.349085
-0.054482 0.050359 0.351520
-0.054561 0.049634 0.353909
-0.054633 0.048911 0.356283
-0.054698 0.048190 0.358642
-0.053812 0.047003 0.360981
-0.052913 0.045820 0.363291
-0.052953 0.045105 0.365590
-0.061190 0.069560 0.303879
-0.058785 0.067342 0.307072
-0.056355 0.065130 0.310205
-0.053900 0.062924 0.313280
-0.052306 0.061207 0.316166
-0.050694 0.059495 0.319007
-0.049062 0.057788 0.321804
-0.047412 0.056085 0.324556
-0.046642 0.054867 0.327164
-0.046763 0.054130 0.329650
-0.045971 0.052918 0.332207
-0.046076 0.052185 0.334656
-0.047087 0.051930 0.337020
-0.047182 0.051200 0.339447
-0.048190 0.050946 0.341803
-0.051042 0.051639 0.344064
-0.053906 0.052329 0.346355
-0.053999 0.051599 0.348775
-0.053153 0.050400 0.351205
-0.053229 0.049675 0.353587
-0.054237 0.049421 0.355944
-0.053363 0.048229 0.358307
-0.053420 0.047508 0.360645
-0.052523 0.046322 0.362957
-0.052565 0.045605 0.365258
-0.051646 0.044424 0.367518
-0.059233 0.068381 0.306551
-0.056811 0.066162 0.309697
-0.055246 0.064434 0.312645
-0.051891 0.061742 0.315810
-0.050492 0.059973 0.319145
-0.048862 0.058261 0.321940
-0.047213 0.056554 0.324691
-0.046445 0.055333 0.327299
-0.045664 0.054115 0.329876
-0.044870 0.052900 0.332424
-0.044972 0.052167 0.334866
-0.045980 0.051913 0.337222
-0.046073 0.051182 0.339641
-0.047996 0.051404 0.341936
-0.053710 0.052793 0.346489
-0.053803 0.052062 0.348908
-0.052027 0.050388 0.351363
-0.052101 0.049662 0.353737
-0.052168 0.048937 0.356097
-0.052229 0.048214 0.358442
-0.052284 0.047493 0.360772
-0.052332 0.046773 0.363087
-0.051424 0.045587 0.365369
-0.050504 0.044404 0.367620
-0.050527 0.043691 0.369876
-0.057264 0.067197 0.309186
-0.055706 0.065464 0.312145
-0.053245 0.063249 0.315191
-0.050758 0.061041 0.318177
-0.049137 0.059323 0.320988
-0.047497 0.057610 0.323754
-0.045838 0.055902 0.326476
-0.045061 0.054681 0.329058
-0.044271 0.053462 0.331612
-0.043468 0.052247 0.334135
-0.044473 0.051994 0.336484
-0.044564 0.051262 0.338899
-0.044649 0.050532 0.341298
-0.043809 0.049326 0.343732
-0.044999 0.049026 0.346516
-0.053403 0.052577 0.348566
-0.051632 0.050897 0.351024
-0.049841 0.049222 0.353437
-0.049903 0.048498 0.355783
-0.051837 0.048719 0.358106
-0.051893 0.047996 0.360438
-0.051943 0.047275 0.362754
-0.051986 0.046555 0.365055
-0.051071 0.045368 0.367317
-0.050144 0.044184 0.369548
-0.090408 0.063092 0.373487
-0.056394 0.067149 0.309982
-0.054833 0.065412 0.312927
-0.052368 0.063193 0.315958
-0.050088 0.060928 0.319420
-0.048462 0.059207 0.322213
-0.045922 0.057007 0.325068
-0.045153 0.055781 0.327666
-0.044371 0.054558 0.330235
-0.042672 0.052856 0.332857
-0.042769 0.052122 0.335283
-0.043771 0.051869 0.337625
-0.043858 0.051137 0.340028
-0.042105 0.049449 0.342525
-0.042174 0.048721 0.344884
-0.045006 0.049427 0.347110
-0.046061 0.048451 0.351774
-0.047049 0.048202 0.354086
-0.048974 0.048427 0.356389
-0.049966 0.048176 0.358709
-0.051901 0.048399 0.361034
-0.051950 0.047676 0.363348
-0.051045 0.046484 0.365628
-0.050127 0.045296 0.367878
-0.050151 0.044579 0.370133
-0.050169 0.043865 0.372373
-0.054841 0.065847 0.313571
-0.051491 0.063134 0.316722
-0.049886 0.061405 0.319558
-0.048262 0.059680 0.322350
-0.045724 0.057475 0.325203
-0.044956 0.056246 0.327800
-0.043275 0.054536 0.330459
-0.042478 0.053314 0.332989
-0.041669 0.052095 0.335491
-0.041757 0.051361 0.337893
-0.041839 0.050629 0.340282
-0.041915 0.049899 0.342655
-0.040145 0.048211 0.345106
-0.039279 0.047007 0.347473
-0.039326 0.046283 0.349780
-0.045870 0.048901 0.351904
-0.044995 0.047699 0.354249
-0.046912 0.047927 0.356538
-0.048837 0.048153 0.358841
-0.050767 0.048378 0.361159
-0.050814 0.047655 0.363465
-0.050855 0.046933 0.365757
-0.049938 0.045741 0.368006
-0.049009 0.044553 0.370226
-0.049024 0.043838 0.372458
-0.055964 0.067426 0.312432
-0.053513 0.065193 0.315480
-0.051037 0.062967 0.318469
-0.049424 0.061235 0.321283
-0.045321 0.057994 0.324858
-0.044556 0.056762 0.327457
-0.042878 0.055047 0.330119
-0.042084 0.053822 0.332652
-0.041277 0.052600 0.335155
-0.040458 0.051381 0.337628
-0.041450 0.051131 0.339948
-0.040612 0.049917 0.342377
-0.039760 0.048706 0.344777
-0.038897 0.047499 0.347146
-0.038020 0.046294 0.349486
-0.038987 0.046051 0.351747
-0.044609 0.048196 0.353919
-0.043723 0.046994 0.356237
-0.045636 0.047224 0.358517
-0.049438 0.048404 0.360821
-0.050426 0.048154 0.363133
-0.050468 0.047431 0.365426
-0.049554 0.046236 0.367677
-0.048627 0.045045 0.369899
-0.049600 0.044800 0.372174
-0.049613 0.044084 0.374400
-0.055307 0.067317 0.313719
-0.052851 0.065080 0.316746
-0.051256 0.063341 0.319595
-0.047862 0.060627 0.322623
-0.045329 0.058410 0.325473
-0.043667 0.056687 0.328166
-0.041986 0.054969 0.330814
-0.041189 0.053742 0.333336
-0.040379 0.052518 0.335828
-0.039557 0.051298 0.338290
-0.039633 0.050564 0.340663
-0.039704 0.049833 0.343020
-0.038849 0.048620 0.345409
-0.037982 0.047411 0.347767
-0.038027 0.046686 0.350066
-0.038994 0.046442 0.352326
-0.039961 0.046198 0.354586
-0.040927 0.045954 0.356847
-0.042832 0.046188 0.359106
-0.045683 0.046897 0.361387
-0.049490 0.048079 0.363711
-0.049529 0.047355 0.365995
-0.048611 0.046158 0.368235
-0.048634 0.045439 0.370481
-0.048650 0.044721 0.372713
-0.048661 0.044004 0.374930
-0.085152 0.060504 0.381314
-0.053983 0.066658 0.315631
-0.051515 0.064420 0.318625
-0.048342 0.061644 0.322161
-0.044926 0.058929 0.325128
-0.043268 0.057201 0.327824
-0.042489 0.055967 0.330385
-0.040796 0.054248 0.332999
-0.039989 0.053021 0.335493
-0.039168 0.051798 0.337958
-0.039246 0.051063 0.340331
-0.038404 0.049845 0.342744
-0.037549 0.048630 0.345127
-0.036681 0.047418 0.347480
-0.036725 0.046692 0.349772
-0.037688 0.046449 0.352025
-0.038652 0.046206 0.354278
-0.039615 0.045963 0.356531
-0.039642 0.045241 0.358786
-0.041542 0.045477 0.361037
-0.049300 0.048527 0.363841
-0.049340 0.047802 0.366124
-0.048423 0.046603 0.368363
-0.048447 0.045882 0.370609
-0.048464 0.045162 0.372841
-0.048475 0.044444 0.375057
-0.084841 0.060307 0.383407
-0.051983 0.065449 0.318145
-0.050385 0.063702 0.320975
-0.046097 0.060484 0.324085
-0.043558 0.058258 0.326905
-0.042786 0.057020 0.329478
-0.041102 0.055295 0.332108
-0.039399 0.053575 0.334693
-0.038582 0.052347 0.337163
-0.037753 0.051123 0.339603
-0.037824 0.050389 0.341957
-0.036973 0.049171 0.344345
-0.036109 0.047956 0.346703
-0.036154 0.047228 0.348998
-0.037117 0.046985 0.351251
-0.037153 0.046259 0.353523
-0.037182 0.045535 0.355780
-0.037205 0.044813 0.358023
-0.038159 0.044572 0.360254
-0.039113 0.044332 0.362485
-0.048757 0.048348 0.365334
-0.048792 0.047623 0.367605
-0.047870 0.046423 0.369827
-0.047889 0.045701 0.372061
-0.047902 0.044982 0.374280
-0.046948 0.043789 0.376428
-0.082161 0.059271 0.384334
-0.051531 0.065276 0.319893
-0.048358 0.062488 0.323410
-0.044049 0.059267 0.326460
-0.042388 0.057533 0.329137
-0.040708 0.055803 0.331770
-0.039910 0.054568 0.334279
-0.038194 0.052847 0.336830
-0.037368 0.051620 0.339272
-0.036529 0.050396 0.341685
-0.036591 0.049663 0.344017
-0.035729 0.048444 0.346378
-0.035775 0.047715 0.348674
-0.035815 0.046987 0.350954
-0.035849 0.046261 0.353220
-0.035876 0.045536 0.355472
-0.035897 0.044813 0.357708
-0.035912 0.044091 0.359929
-0.035920 0.043371 0.362136
-0.034979 0.042173 0.364311
-0.048212 0.048168 0.366818
-0.048242 0.047442 0.369076
-0.048267 0.046718 0.371320
-0.048284 0.045996 0.373549
-0.046379 0.044323 0.375656
-0.044454 0.042655 0.377718
-0.081956 0.059757 0.384475
-0.051327 0.065758 0.320032
-0.048836 0.063510 0.322949
-0.044538 0.060279 0.326013
-0.041990 0.058045 0.328796
-0.040313 0.056311 0.331432
-0.039518 0.055073 0.333943
-0.037806 0.053347 0.336498
-0.036982 0.052117 0.338942
-0.036145 0.050890 0.341356
-0.036209 0.050155 0.343690
-0.035350 0.048933 0.346053
-0.035397 0.048202 0.348350
-0.035438 0.047472 0.350631
-0.035473 0.046744 0.352898
-0.035502 0.046018 0.355151
-0.034592 0.044809 0.357395
-0.034605 0.044087 0.359610
-0.034611 0.043366 0.361810
-0.034611 0.042647 0.363996
-0.047859 0.047936 0.368748
-0.047885 0.047210 0.370993
-0.047904 0.046486 0.373223
-0.046002 0.044808 0.375333
-0.045042 0.043612 0.377458
-0.043105 0.041943 0.379487
-0.081209 0.059661 0.385536
-0.049987 0.065086 0.321882
-0.045707 0.061843 0.324976
-0.043173 0.059600 0.327785
-0.040613 0.057364 0.330534
-0.039824 0.056122 0.333057
-0.038122 0.054390 0.335627
-0.036400 0.052663 0.338152
-0.036475 0.051924 0.340511
-0.035632 0.050696 0.342908
-0.034777 0.049470 0.345276
-0.034826 0.048738 0.347575
-0.033949 0.047518 0.349891
-0.033983 0.046789 0.352153
-0.034010 0.046062 0.354400
-0.034031 0.045336 0.356633
-0.034045 0.044612 0.358851
-0.034053 0.043890 0.361054
-0.034055 0.043169 0.363242
-0.034051 0.042450 0.365415
-0.034040 0.041732 0.367573
-0.047892 0.047604 0.371576
-0.046957 0.046399 0.373757
-0.045052 0.044718 0.375854
-0.044088 0.043520 0.377968
-0.043112 0.042326 0.380053
-0.080674 0.059508 0.387088
-0.049320 0.064960 0.323114
-0.044143 0.061214 0.326283
-0.041599 0.058969 0.329063
-0.039926 0.057225 0.331696
-0.039133 0.055982 0.334206
-0.037425 0.054248 0.336758
-0.036604 0.053011 0.339200
-0.035770 0.051778 0.341613
-0.034923 0.050549 0.343996
-0.034063 0.049322 0.346350
-0.033191 0.048099 0.348674
-0.033227 0.047368 0.350940
-0.033256 0.046639 0.353191
-0.033280 0.045911 0.355428
-0.032366 0.044698 0.357655
-0.033307 0.044461 0.359857
-0.033312 0.043738 0.362049
-0.033310 0.043017 0.364226
-0.033302 0.042297 0.366388
-0.032340 0.041096 0.368505
-0.046560 0.047614 0.371210
-0.046577 0.046888 0.373432
-0.044676 0.045202 0.375532
-0.043715 0.044001 0.377648
-0.042741 0.042803 0.379735
-0.076881 0.057288 0.389746
-0.044834 0.062180 0.326316
-0.042296 0.059928 0.329102
-0.039733 0.057683 0.331828
-0.038043 0.055940 0.334416
-0.037235 0.054698 0.336888
-0.035510 0.052964 0.339394
-0.034674 0.051729 0.341799
-0.033825 0.050497 0.344174
-0.032963 0.049268 0.346519
-0.033006 0.048534 0.348799
-0.033043 0.047802 0.351065
-0.032150 0.046581 0.353337
-0.032170 0.045853 0.355565
-0.032185 0.045126 0.357779
-0.032193 0.044401 0.359978
-0.033131 0.044165 0.362172
-0.033130 0.043442 0.364349
-0.032179 0.042236 0.366487
-0.032162 0.041517 0.368627
-0.046568 0.048006 0.371791
-0.046585 0.047279 0.374011
-0.044683 0.045589 0.376105
-0.042763 0.043905 0.378155
-0.041786 0.042705 0.380231
-0.041762 0.041988 0.382354
-0.041731 0.041273 0.384463
-0.076334 0.057128 0.391254
-0.045048 0.062545 0.327415
-0.040722 0.059290 0.330369
-0.039046 0.057540 0.332984
-0.037350 0.055795 0.335554
-0.035636 0.054054 0.338080
-0.034808 0.052815 0.340500
-0.033967 0.051578 0.342890
-0.033114 0.050345 0.345251
-0.032248 0.049115 0.347582
-0.032287 0.048380 0.349852
-0.031399 0.047156 0.352131
-0.031422 0.046426 0.354364
-0.031439 0.045697 0.356582
-0.031450 0.044970 0.358785
-0.031454 0.044245 0.360974
-0.032389 0.044009 0.363160
-0.032384 0.043286 0.365326
-0.031429 0.042078 0.367450
-0.030461 0.040874 0.369544
-0.030431 0.040157 0.371650
-0.044878 0.046654 0.374939
-0.042969 0.044962 0.377009
-0.042000 0.043758 0.379100
-0.042170 0.042991 0.381675
-0.041178 0.041793 0.383711
-0.042112 0.041557 0.385897
-0.076133 0.057603 0.391391
-0.043481 0.061908 0.328703
-0.040039 0.059148 0.331535
-0.038357 0.057395 0.334132
-0.036657 0.055648 0.336685
-0.034937 0.053905 0.339193
-0.034105 0.052663 0.341599
-0.033259 0.051425 0.343976
-0.032401 0.050191 0.346322
-0.031531 0.048959 0.348639
-0.031566 0.048225 0.350898
-0.030673 0.046999 0.353163
-0.030693 0.046268 0.355385
-0.030706 0.045539 0.357592
-0.030713 0.044812 0.359785
-0.030713 0.044086 0.361962
-0.030708 0.043362 0.364125
-0.030695 0.042640 0.366273
-0.030677 0.041919 0.368406
-0.029705 0.040713 0.370486
-0.029671 0.039996 0.372582
-0.041451 0.045006 0.376188
-0.042398 0.044767 0.378404
-0.041424 0.043562 0.380478
-0.041401 0.042842 0.382601
-0.041372 0.042124 0.384709
-0.042306 0.041888 0.386895
-0.075584 0.057440 0.392889
-0.041224 0.060713 0.330545
-0.039555 0.058953 0.333164
-0.036968 0.056698 0.335815
-0.035258 0.054949 0.338338
-0.034432 0.053703 0.340757
-0.033594 0.052461 0.343145
-0.032743 0.051222 0.345504
-0.031879 0.049986 0.347834
-0.031003 0.048753 0.350134
-0.031034 0.048019 0.352381
-0.030135 0.046791 0.354629
-0.029224 0.045568 0.356847
-0.029230 0.044839 0.359034
-0.030161 0.044604 0.361213
-0.030157 0.043878 0.363378
-0.030147 0.043154 0.365529
-0.030130 0.042432 0.367664
-0.029162 0.041222 0.369749
-0.029130 0.040503 0.371848
-0.030042 0.040273 0.373982
-0.041647 0.045342 0.377199
-0.041636 0.044618 0.379348
-0.041619 0.043895 0.381482
-0.041595 0.043175 0.383601
-0.041565 0.042455 0.385706
-0.042500 0.042219 0.387892
-0.074617 0.057380 0.393408
-0.040543 0.060569 0.331713
-0.037973 0.058304 0.334395
-0.036276 0.056548 0.336945
-0.034560 0.054796 0.339451
-0.033730 0.053549 0.341855
-0.032887 0.052305 0.344230
-0.032032 0.051065 0.346575
-0.031164 0.049827 0.348890
-0.030283 0.048593 0.351176
-0.029389 0.047362 0.353432
-0.029407 0.046630 0.355645
-0.029418 0.045899 0.357844
-0.029423 0.045169 0.360028
-0.029421 0.044442 0.362198
-0.030350 0.044207 0.364369
-0.030339 0.043482 0.366516
-0.029379 0.042268 0.368617
-0.029352 0.041547 0.370726
-0.029319 0.040827 0.372822
-0.033089 0.042061 0.375118
-0.040888 0.045191 0.378147
-0.041832 0.044953 0.380356
-0.040852 0.043743 0.382408
-0.041790 0.043507 0.384602
-0.041759 0.042786 0.386703
-0.074003 0.057956 0.392575
-0.039658 0.060474 0.332404
-0.037980 0.058708 0.334993
-0.035385 0.056445 0.337607
-0.034567 0.055192 0.340037
-0.032832 0.053442 0.342493
-0.031986 0.052196 0.344856
-0.031128 0.050954 0.347190
-0.030256 0.049715 0.349494
-0.029372 0.048479 0.351769
-0.029396 0.047743 0.353995
-0.028490 0.046513 0.356218
-0.028498 0.045781 0.358408
-0.028500 0.045052 0.360582
-0.028495 0.044323 0.362742
-0.029421 0.044090 0.364906
-0.029406 0.043364 0.367044
-0.028443 0.042148 0.369133
-0.028413 0.041426 0.371234
-0.029508 0.041150 0.373795
-0.038045 0.044833 0.376389
-0.040895 0.045573 0.378713
-0.040880 0.044847 0.380849
-0.041821 0.044610 0.383050
-0.041797 0.043887 0.385164
-0.041766 0.043165 0.387263
-0.039666 0.060881 0.333007
-0.037988 0.059112 0.335591
-0.035392 0.056844 0.338198
-0.033673 0.055085 0.340685
-0.032840 0.053834 0.343074
-0.031086 0.052084 0.345480
-0.030224 0.050840 0.347802
-0.029349 0.049599 0.350095
-0.029379 0.048861 0.352335
-0.028483 0.047626 0.354576
-0.028497 0.046891 0.356778
-0.027578 0.045662 0.358967
-0.027577 0.044931 0.361133
-0.028502 0.044698 0.363297
-0.027555 0.043475 0.365419
-0.027534 0.042750 0.367540
-0.027507 0.042026 0.369647
-0.028420 0.041796 0.371781
-0.028384 0.041074 0.373865
-0.036912 0.044769 0.376455
-0.040713 0.046003 0.378837
-0.040699 0.045276 0.380973
-0.041640 0.045038 0.383174
-0.041617 0.044314 0.385288
-0.041586 0.043590 0.387386
-0.040565 0.061796 0.333530
-0.037995 0.059516 0.336189
-0.034501 0.056737 0.338855
-0.032779 0.054976 0.341328
-0.031942 0.053723 0.343707
-0.031093 0.052473 0.346055
-0.030231 0.051226 0.348374
-0.029356 0.049983 0.350663
-0.028469 0.048743 0.352922
-0.027569 0.047506 0.355152
-0.027580 0.046771 0.357345
-0.026658 0.045539 0.359523
-0.026653 0.044808 0.361679
-0.026642 0.044079 0.363821
-0.026625 0.043352 0.365947
-0.026601 0.042626 0.368059
-0.027514 0.042395 0.370193
-0.027481 0.041672 0.372283
-0.028572 0.041396 0.374835
-0.039012 0.046084 0.377575
-0.040909 0.046337 0.379844
-0.040894 0.045609 0.381977
-0.040873 0.044883 0.384095
-0.040846 0.044157 0.386197
-0.041780 0.043922 0.388384
-0.039190 0.061088 0.335234
-0.035712 0.058298 0.337927
-0.033102 0.056023 0.340485
-0.032272 0.054766 0.342875
-0.030524 0.053007 0.345283
-0.029666 0.051757 0.347607
-0.028795 0.050510 0.349901
-0.027911 0.049266 0.352165
-0.027934 0.048527 0.354383
-0.027028 0.047289 0.356596
-0.026110 0.046054 0.358779
-0.026107 0.045321 0.360938
-0.026098 0.044590 0.363082
-0.026082 0.043861 0.365211
-0.026060 0.043133 0.367325
-0.026032 0.042407 0.369425
-0.026942 0.042177 0.371552
-0.026904 0.041454 0.373629
-0.028761 0.041719 0.375806
-0.040161 0.046910 0.378643
-0.041105 0.046672 0.380852
-0.041090 0.045943 0.382981
-0.041068 0.045215 0.385095
-0.041040 0.044489 0.387195
-0.041005 0.043764 0.389279
-0.037115 0.059816 0.337455
-0.033617 0.057025 0.340094
-0.031892 0.055256 0.342549
-0.031052 0.053999 0.344912
-0.030199 0.052745 0.347246
-0.028423 0.050989 0.349582
-0.027542 0.049742 0.351849
-0.027566 0.049001 0.354068
-0.026662 0.047760 0.356283
-0.025746 0.046522 0.358468
-0.025745 0.045788 0.360628
-0.024807 0.044555 0.362761
-0.024789 0.043825 0.364884
-0.025702 0.043595 0.367018
-0.025675 0.042867 0.369119
-0.025642 0.042141 0.371204
-0.026548 0.041912 0.373324
-0.027455 0.041683 0.375444
-0.040168 0.047292 0.379209
-0.041301 0.047007 0.381860
-0.041285 0.046276 0.383985
-0.041262 0.045547 0.386096
-0.041234 0.044820 0.388192
-0.039607 0.061799 0.337377
-0.033625 0.057421 0.340681
-0.031899 0.055649 0.343130
-0.030154 0.053881 0.345535
-0.029298 0.052625 0.347857
-0.027519 0.050866 0.350181
-0.026635 0.049618 0.352436
-0.026655 0.048876 0.354646
-0.025749 0.047633 0.356850
-0.024829 0.046393 0.359024
-0.024825 0.045659 0.361174
-0.023883 0.044424 0.363296
-0.024796 0.044194 0.365431
-0.024772 0.043464 0.367537
-0.024742 0.042736 0.369628
-0.025649 0.042507 0.371747
-0.025609 0.041782 0.373816
-0.026512 0.041554 0.375929
-0.039986 0.047722 0.379333
-0.040930 0.047484 0.381542
-0.041875 0.047246 0.383750
-0.041857 0.046515 0.385870
-0.040867 0.045293 0.387878
-0.036433 0.060060 0.339177
-0.032929 0.057258 0.341783
-0.030295 0.054973 0.344264
-0.029448 0.053712 0.346602
-0.027679 0.051947 0.348945
-0.026803 0.050694 0.351216
-0.025914 0.049444 0.353457
-0.025013 0.048197 0.355669
-0.025020 0.047458 0.357846
-0.024096 0.046216 0.360005
-0.024088 0.045481 0.362145
-0.023142 0.044245 0.364253
-0.024052 0.044016 0.366380
-0.024024 0.043286 0.368475
-0.023990 0.042557 0.370556
-0.024893 0.042329 0.372668
-0.024850 0.041603 0.374726
-0.039237 0.048295 0.378132
-0.041135 0.048554 0.380411
-0.041126 0.047819 0.382549
-0.042071 0.047581 0.384758
-0.041089 0.046354 0.386781
-0.041061 0.045624 0.388875
-0.034145 0.058825 0.340879
-0.030818 0.055971 0.343890
-0.029072 0.054196 0.346280
-0.028214 0.052936 0.348590
-0.026433 0.051170 0.350899
-0.025547 0.049916 0.353143
-0.024648 0.048666 0.355357
-0.024657 0.047925 0.357534
-0.023736 0.046681 0.359696
-0.022802 0.045439 0.361829
-0.022785 0.044705 0.363947
-0.022762 0.043973 0.366051
-0.023668 0.043744 0.368170
-0.023635 0.043014 0.370252
-0.023596 0.042285 0.372318
-0.023551 0.041558 0.374370
-0.023499 0.040833 0.376407
-0.040574 0.049081 0.379649
-0.041522 0.048842 0.381865
-0.041511 0.048106 0.383999
-0.041494 0.047372 0.386117
-0.041471 0.046639 0.388221
-0.032943 0.058048 0.342952
-0.031212 0.056265 0.345373
-0.027841 0.053417 0.348271
-0.026064 0.051646 0.350583
-0.026093 0.050899 0.352806
-0.024284 0.049136 0.355044
-0.024293 0.048393 0.357223
-0.023375 0.047145 0.359387
-0.022443 0.045901 0.361522
-0.022428 0.045165 0.363641
-0.022406 0.044431 0.365746
-0.022378 0.043698 0.367836
-0.022343 0.042967 0.369911
-0.023243 0.042740 0.372016
-0.023199 0.042012 0.374069
-0.022201 0.040784 0.376047
-0.040202 0.049560 0.379331
-0.041150 0.049321 0.381547
-0.041140 0.048583 0.383681
-0.042085 0.048345 0.385890
-0.041103 0.047113 0.387905
-0.035254 0.060085 0.342461
-0.032122 0.057170 0.345908
-0.027658 0.053849 0.348396
-0.025883 0.052074 0.350707
-0.025000 0.050814 0.352951
-0.024105 0.049558 0.355166
-0.023197 0.048305 0.357352
-0.023198 0.047564 0.359508
-0.022268 0.046316 0.361642
-0.021506 0.045026 0.364169
-0.021481 0.044292 0.366265
-0.021450 0.043559 0.368345
-0.022350 0.043332 0.370450
-0.022309 0.042601 0.372509
-0.022261 0.041872 0.374552
-0.021260 0.040642 0.376520
-0.040778 0.049800 0.381228
-0.040770 0.049061 0.383364
-0.041714 0.048823 0.385572
-0.041697 0.048086 0.387685
-0.041673 0.047351 0.389784
-0.031935 0.057611 0.346035
-0.027475 0.054282 0.348520
-0.024793 0.051989 0.350859
-0.024820 0.051240 0.353074
-0.023926 0.049981 0.355288
-0.023019 0.048725 0.357473
-0.022100 0.047472 0.359628
-0.021168 0.046222 0.361753
-0.020223 0.044976 0.363849
-0.021127 0.044748 0.365961
-0.021096 0.044014 0.368043
-0.021060 0.043281 0.370110
-0.021017 0.042549 0.372162
-0.020968 0.041819 0.374199
-0.020912 0.041091 0.376221
-0.040210 0.049586 0.382604
-0.041155 0.049348 0.384813
-0.041139 0.048609 0.386929
-0.041117 0.047873 0.389029
-0.034960 0.060217 0.345071
-0.029621 0.056358 0.347640
-0.026050 0.053541 0.350042
-0.024266 0.051760 0.352322
-0.023376 0.050497 0.354542
-0.022473 0.049238 0.356732
-0.022476 0.048493 0.358890
-0.021551 0.047239 0.361028
-0.020613 0.045989 0.363136
-0.020591 0.045251 0.365235
-0.020563 0.044514 0.367319
-0.020528 0.043779 0.369389
-0.020487 0.043046 0.371443
-0.020440 0.042314 0.373483
-0.020386 0.041584 0.375508
-0.040028 0.050016 0.382728
-0.040973 0.049778 0.384937
-0.040958 0.049038 0.387052
-0.040936 0.048300 0.389153
-0.029436 0.056795 0.347766
-0.026057 0.053923 0.350608
-0.024273 0.052138 0.352883
-0.023383 0.050873 0.355098
-0.022480 0.049611 0.357284
-0.021564 0.048352 0.359440
-0.020636 0.047096 0.361567
-0.019695 0.045844 0.363664
-0.019670 0.045105 0.365754
-0.019638 0.044368 0.367829
-0.019600 0.043633 0.369889
-0.019556 0.042899 0.371934
-0.019505 0.042167 0.373964
-0.039280 0.050589 0.381527
-0.039270 0.049846 0.383654
-0.040212 0.049609 0.385855
-0.041153 0.049371 0.388056
-0.041131 0.048632 0.390154
-0.028924 0.056569 0.349273
-0.024439 0.053223 0.351668
-0.022647 0.051436 0.353917
-0.022662 0.050686 0.356100
-0.021755 0.049423 0.358272
-0.020835 0.048162 0.360414
-0.019902 0.046905 0.362526
-0.018956 0.045651 0.364609
-0.018927 0.044912 0.366688
-0.018892 0.044175 0.368752
-0.018850 0.043439 0.370801
-0.018802 0.042705 0.372836
-0.018748 0.041973 0.374856
-0.038524 0.050417 0.382457
-0.039466 0.050180 0.384658
-0.040407 0.049942 0.386859
-0.040387 0.049201 0.388961
-0.031770 0.059230 0.347906
-0.026788 0.055254 0.351271
-0.023191 0.052424 0.353585
-0.022299 0.051154 0.355789
-0.021394 0.049887 0.357963
-0.020476 0.048624 0.360107
-0.019546 0.047363 0.362221
-0.018603 0.046106 0.364306
-0.018575 0.045366 0.366386
-0.018541 0.044627 0.368452
-0.018501 0.043890 0.370502
-0.017516 0.042643 0.372491
-0.018401 0.042420 0.374558
-0.037768 0.050243 0.383380
-0.038706 0.050006 0.385574
-0.039644 0.049770 0.387768
-0.040582 0.049533 0.389961
-0.028416 0.056727 0.351342
-0.022475 0.052235 0.354596
-0.021578 0.050963 0.356785
-0.021585 0.050213 0.358943
-0.019747 0.048430 0.361075
-0.018812 0.047168 0.363175
-0.017864 0.045910 0.365246
-0.017833 0.045169 0.367315
-0.017795 0.044430 0.369370
-0.017750 0.043692 0.371409
-0.017700 0.042956 0.373434
-0.036449 0.050208 0.382985
-0.038338 0.050481 0.385259
-0.039276 0.050244 0.387452
-0.040214 0.050008 0.389646
-0.027518 0.056591 0.351938
-0.022482 0.052610 0.355152
-0.021585 0.051337 0.357338
-0.020676 0.050066 0.359493
-0.018834 0.048280 0.361612
-0.017896 0.047016 0.363701
-0.017871 0.046273 0.365783
-0.016911 0.045015 0.367821
-0.016870 0.044275 0.369866
-0.016822 0.043537 0.371896
-0.036082 0.050681 0.382670
-0.037017 0.050445 0.384857
-0.037952 0.050209 0.387043
-0.038887 0.049974 0.389229
-0.027335 0.057024 0.352063
-0.022303 0.053033 0.355274
-0.021408 0.051756 0.357459
-0.020499 0.050483 0.359614
-0.018660 0.048693 0.361731
-0.017723 0.047426 0.363819
-0.016774 0.046163 0.365878
-0.016739 0.045420 0.367938
-0.015768 0.044163 0.369944
-0.016652 0.043940 0.372012
-0.032870 0.049617 0.382122
-0.035698 0.050407 0.384457
-0.037585 0.050682 0.386729
-0.038520 0.050446 0.388915
-0.023193 0.054692 0.353620
-0.022310 0.053409 0.355830
-0.021415 0.052130 0.358011
-0.019591 0.050332 0.360160
-0.017748 0.048538 0.362264
-0.016808 0.047270 0.364341
-0.015855 0.046005 0.366389
-0.015818 0.045262 0.368439
-0.015951 0.044476 0.370888
-0.015900 0.043736 0.372907
-0.032877 0.049992 0.382677
-0.034754 0.050271 0.384928
-0.036637 0.050549 0.387194
-0.038527 0.050825 0.389475
-0.022131 0.053832 0.355952
-0.021237 0.052549 0.358132
-0.019415 0.050747 0.360280
-0.017574 0.048950 0.362383
-0.016636 0.047678 0.364459
-0.015684 0.046411 0.366506
-0.014720 0.045146 0.368523
-0.014674 0.044404 0.370550
-0.029884 0.049615 0.380489
-0.031751 0.049898 0.382718
-0.033624 0.050179 0.384963
-0.035504 0.050459 0.387222
-0.037389 0.050738 0.389495
-0.022138 0.054207 0.356509
-0.020332 0.052397 0.358687
-0.018507 0.050592 0.360822
-0.016663 0.048791 0.362911
-0.015721 0.047519 0.364976
-0.014766 0.046249 0.367012
-0.014726 0.045504 0.369052
-0.014680 0.044760 0.371078
-0.028947 0.049470 0.380965
-0.030810 0.049755 0.383189
-0.032680 0.050039 0.385427
-0.034557 0.050321 0.387681
-0.022867 0.055158 0.356621
-0.020155 0.052816 0.358808
-0.018332 0.051006 0.360941
-0.016490 0.049201 0.363030
-0.015549 0.047925 0.365094
-0.014596 0.046653 0.367129
-0.014556 0.045906 0.369169
-0.028221 0.050025 0.379800
-0.029137 0.049794 0.381942
-0.031001 0.050081 0.384169
-0.032872 0.050365 0.386411
-0.022874 0.055535 0.357180
-0.020162 0.053188 0.359359
-0.017606 0.050801 0.361903
-0.015759 0.048994 0.363974
-0.014813 0.047716 0.366024
-0.013855 0.046443 0.368044
-0.013812 0.045696 0.370073
-0.026344 0.049356 0.380204
-0.029144 0.050165 0.382491
-0.031192 0.050406 0.385150
-0.023068 0.055865 0.358174
-0.020353 0.053513 0.360339
-0.015783 0.050111 0.362424
-0.014847 0.048829 0.364493
-0.014820 0.048077 0.366557
-0.013862 0.046800 0.368574
-0.013819 0.046052 0.370601
-0.026350 0.049724 0.380749
-0.028205 0.050015 0.382958
-0.030066 0.050305 0.385181
-0.019992 0.053978 0.360030
-0.017257 0.051626 0.362141
-0.014497 0.049281 0.364192
-0.014471 0.048527 0.366258
-0.013515 0.047247 0.368277
-0.013473 0.046498 0.370305
-0.023931 0.049183 0.379874
-0.026721 0.050000 0.382144
-0.028577 0.050292 0.384358
-0.020183 0.054304 0.361011
-0.014882 0.050309 0.363488
-0.013943 0.049022 0.365542
-0.013912 0.048268 0.367595
-0.012951 0.046988 0.369597
-0.021519 0.048635 0.379009
-0.025241 0.049982 0.381336
-0.027092 0.050276 0.383540
-0.017089 0.052406 0.362803
-0.014331 0.050049 0.364845
-0.013386 0.048762 0.366882
-0.013351 0.048008 0.368923
-0.013310 0.047255 0.370949
-0.024125 0.049868 0.381378
-0.014537 0.051125 0.363724
-0.013600 0.049833 0.365776
-0.013571 0.049076 0.367828
-0.012612 0.047790 0.369828
-0.013987 0.050863 0.365080
-0.013045 0.049570 0.367115
-0.013011 0.048813 0.369155
-0.014173 0.051180 0.366034
-0.013229 0.049884 0.368061
-0.012272 0.048592 0.370060
-0.013620 0.050914 0.367377
-0.012670 0.049618 0.369387
-0.013805 0.051230 0.368327
-0.014371 0.052220 0.368058
-0.012507 0.050378 0.370033
-0.013255 0.051321 0.370188
-0.014366 0.052537 0.371710
