ply
format ascii 1.0
element vertex 24805
property float x
property float y
property float z
property uchar red
property uchar green
property uchar blue
end_header
0.326866 0.149918 0.504477 138 151 156
0.331672 0.171519 0.497213 136 142 145
0.310511 0.125017 0.500409 36 153 208
0.310845 0.126535 0.499682 46 157 205
0.313848 0.130896 0.500901 73 165 206
0.324630 0.162166 0.496563 137 147 152
0.328684 0.169787 0.495791 135 143 151
0.308175 0.124888 0.497999 25 127 175
0.309612 0.127922 0.497734 37 107 135
0.310739 0.130750 0.497529 47 131 165
0.306082 0.122447 0.496728 54 66 75
0.305931 0.123596 0.496088 77 68 65
0.307262 0.128496 0.495145 95 84 80
0.308042 0.130691 0.494653 83 61 54
0.308085 0.133824 0.493151 123 92 58
0.325047 0.175428 0.487356 113 128 145
0.303882 0.124137 0.493347 37 40 54
0.304440 0.128687 0.492046 107 146 171
0.306621 0.132107 0.492699 69 57 42
0.306951 0.134988 0.491085 126 93 74
0.317668 0.163022 0.487471 138 147 152
0.318563 0.166692 0.486040 149 161 170
0.323413 0.173476 0.486468 119 140 147
0.324596 0.174127 0.485394 142 138 128
0.304020 0.132762 0.488957 125 110 83
0.316358 0.160552 0.485059 143 156 159
0.317192 0.171449 0.483339 90 100 100
0.318774 0.171241 0.481723 55 123 140
0.324542 0.184967 0.478705 14 32 38
0.298955 0.127049 0.486493 73 138 165
0.303538 0.141065 0.484283 134 139 139
0.314669 0.163299 0.481885 145 150 146
0.314370 0.170090 0.480535 112 124 117
0.317563 0.171724 0.480025 97 118 120
0.299042 0.132120 0.485263 45 120 150
0.300232 0.140031 0.482337 120 120 120
0.311556 0.168329 0.478259 138 147 155
0.313506 0.170267 0.478018 122 133 137
0.295734 0.133362 0.480143 19 16 13
0.310350 0.169223 0.473391 134 147 156
0.298691 0.142050 0.477679 141 143 143
0.311464 0.174032 0.472235 125 137 137
0.343106 0.171832 0.505576 126 145 154
0.309631 0.120592 0.499908 11 138 195
0.311349 0.123297 0.499470 40 150 210
0.311615 0.126181 0.498990 46 153 204
0.313414 0.129149 0.498550 69 151 200
0.314754 0.131542 0.497553 82 149 189
0.308449 0.117260 0.498089 74 177 214
0.307858 0.120947 0.498389 39 125 168
0.309493 0.124324 0.497941 50 146 190
0.310304 0.127762 0.496755 48 122 155
0.312473 0.130633 0.496934 58 156 204
0.323983 0.155810 0.489860 120 141 155
0.330632 0.173348 0.486780 129 141 143
0.331237 0.176794 0.490079 145 149 150
0.302836 0.114778 0.495065 121 151 163
0.304414 0.116503 0.495516 128 128 125
0.305244 0.120896 0.495593 77 61 49
0.306431 0.124848 0.493876 108 82 60
0.308145 0.127228 0.493687 113 88 71
0.308762 0.130296 0.492985 118 97 76
0.329433 0.174938 0.484587 132 140 147
0.327414 0.177261 0.485120 127 128 132
0.329153 0.182386 0.484554 122 125 127
0.334200 0.186433 0.484234 128 139 147
0.337135 0.193920 0.482114 138 147 154
0.300480 0.115139 0.491915 73 147 182
0.301838 0.117748 0.492078 71 133 162
0.303247 0.120823 0.492311 58 95 123
0.304966 0.124067 0.491147 81 138 162
0.306557 0.127920 0.490838 56 96 124
0.307442 0.131421 0.489347 86 144 174
0.308791 0.132983 0.489743 85 103 123
0.314347 0.149803 0.488587 140 153 159
0.322216 0.166843 0.484883 138 142 144
0.324257 0.173985 0.484638 136 111 92
0.328834 0.180429 0.481379 96 101 106
0.330003 0.185080 0.479505 66 74 80
0.299073 0.115202 0.489401 74 126 164
0.300320 0.117906 0.489693 110 144 173
0.301841 0.121283 0.489516 95 171 201
0.301883 0.124632 0.489195 96 149 187
0.304951 0.128012 0.488456 114 148 184
0.305873 0.131829 0.487612 100 152 187
0.306287 0.133441 0.486029 26 104 128
0.319190 0.167332 0.480529 123 131 129
0.320058 0.172302 0.480901 98 116 115
0.323821 0.174155 0.481194 74 68 73
0.325089 0.176928 0.478636 48 14 15
0.325950 0.181189 0.478183 33 20 24
0.327691 0.184289 0.477792 21 29 42
0.329873 0.186493 0.478525 94 83 92
0.295640 0.113265 0.486606 68 114 140
0.297497 0.115417 0.487297 63 99 126
0.297638 0.117707 0.486312 67 73 101
0.299199 0.121807 0.485816 94 83 110
0.300185 0.124693 0.485133 107 105 138
0.301913 0.127787 0.485077 101 147 191
0.303686 0.131451 0.484868 98 142 177
0.304502 0.134515 0.483940 113 137 141
0.313708 0.159944 0.480078 139 145 149
0.316209 0.165825 0.479544 136 140 139
0.318408 0.173036 0.477542 102 113 128
0.325930 0.183157 0.476026 89 77 81
0.328029 0.194590 0.474504 122 135 153
0.295087 0.116077 0.483834 48 99 122
0.295352 0.118588 0.483647 12 106 151
0.295880 0.122169 0.483023 24 117 166
0.298265 0.125368 0.483783 11 138 197
0.299288 0.128616 0.482158 18 102 150
0.300386 0.132918 0.480366 107 119 125
0.302140 0.134957 0.480443 24 75 94
0.304521 0.143322 0.480002 128 142 153
0.309663 0.160503 0.477412 127 148 160
0.314694 0.166437 0.475615 128 137 136
0.317814 0.173234 0.474868 126 133 141
0.318737 0.174250 0.474558 84 91 100
0.293506 0.115904 0.482421 70 102 113
0.293365 0.118925 0.481774 5 48 93
0.294951 0.122208 0.481405 24 95 130
0.295929 0.125639 0.480942 42 85 107
0.297429 0.129726 0.479261 43 73 89
0.299275 0.132605 0.478848 66 123 159
0.299274 0.134782 0.476713 105 76 54
0.300690 0.140882 0.478169 99 133 154
0.312093 0.165780 0.473376 134 147 152
0.314818 0.173418 0.472581 107 112 107
0.316357 0.176487 0.473096 94 120 137
0.319910 0.182498 0.469688 234 238 245
0.323539 0.193087 0.468500 119 120 122
0.290330 0.116133 0.480390 106 83 80
0.291505 0.121347 0.478498 83 44 0
0.291394 0.123875 0.478622 77 35 0
0.293500 0.126046 0.477126 85 50 18
0.292318 0.130338 0.476764 73 48 27
0.295377 0.134120 0.476723 76 44 12
0.299781 0.150598 0.469549 140 151 155
0.304982 0.159660 0.469218 135 149 155
0.308745 0.174565 0.466455 116 132 127
0.310279 0.176149 0.465785 126 140 147
0.321835 0.202936 0.460228 137 137 138
0.288261 0.127012 0.471035 86 90 91
0.290562 0.134057 0.471954 86 85 80
0.293205 0.142869 0.470705 137 152 164
0.299247 0.156337 0.465608 139 152 158
0.305351 0.169618 0.464041 134 148 153
0.308123 0.173393 0.465564 127 165 128
0.290133 0.139094 0.469340 115 117 115
0.302790 0.171725 0.460939 140 142 137
0.293000 0.155095 0.463301 139 156 168
0.302751 0.171616 0.458315 140 145 145
0.295867 0.165685 0.454656 140 154 169
0.337754 0.172785 0.489927 126 142 149
0.343785 0.184873 0.489441 135 139 142
0.334286 0.176339 0.485959 133 139 145
0.338098 0.185073 0.482800 135 147 148
0.327622 0.168669 0.484406 132 140 146
0.333728 0.181246 0.481108 113 128 139
0.303043 0.117420 0.489321 97 165 197
0.304935 0.120021 0.489096 98 164 197
0.306527 0.123666 0.489068 98 162 197
0.307796 0.127059 0.488095 112 166 196
0.308643 0.129547 0.488076 115 165 195
0.309901 0.132413 0.487738 80 152 190
0.326680 0.170004 0.479982 82 44 49
0.326791 0.172136 0.479417 67 18 14
0.331750 0.182689 0.478574 57 41 43
0.332969 0.186432 0.478033 119 118 114
0.334152 0.189442 0.479429 139 126 126
0.300356 0.111180 0.487888 114 145 172
0.300170 0.113918 0.487784 92 101 122
0.301524 0.117151 0.487129 91 73 90
0.303778 0.119980 0.486697 118 108 123
0.305481 0.123215 0.485747 105 79 94
0.306923 0.126938 0.485162 114 86 102
0.307607 0.130148 0.485204 99 112 132
0.307554 0.132488 0.484876 33 117 158
0.324466 0.169669 0.478007 34 2 7
0.324534 0.172872 0.477189 33 4 10
0.325857 0.175946 0.477146 108 0 0
0.330062 0.181098 0.475842 90 7 3
0.330036 0.182469 0.475736 61 8 8
0.331433 0.189097 0.474383 138 126 122
0.335986 0.199898 0.473957 143 155 164
0.297239 0.108401 0.486716 88 100 121
0.297593 0.114378 0.485626 88 124 155
0.299158 0.117135 0.484834 81 92 123
0.301939 0.120207 0.483931 92 107 139
0.302571 0.123828 0.483315 86 125 164
0.304838 0.126530 0.482730 97 140 178
0.306273 0.130086 0.482054 104 111 113
0.306445 0.133367 0.481894 69 120 140
0.322591 0.170784 0.475642 11 0 0
0.323405 0.173373 0.476092 14 10 15
0.325296 0.177053 0.474368 57 31 32
0.325498 0.180191 0.474628 85 93 94
0.327194 0.184951 0.471646 53 58 61
0.326454 0.187019 0.472413 96 60 111
0.296110 0.115418 0.482846 51 129 171
0.297544 0.117898 0.482381 25 126 176
0.298561 0.121159 0.480714 9 135 189
0.300194 0.124089 0.480678 23 125 177
0.302068 0.126953 0.480446 14 91 129
0.303306 0.131577 0.478970 42 105 131
0.304315 0.133364 0.479037 60 114 138
0.320840 0.173197 0.470620 0 0 0
0.325261 0.179470 0.471379 136 126 136
0.325449 0.185883 0.469972 68 48 41
0.326117 0.189728 0.471513 66 109 122
0.294034 0.116223 0.481391 32 76 94
0.296578 0.118650 0.479751 32 95 131
0.296508 0.121402 0.479712 12 82 120
0.298212 0.125152 0.477866 28 56 72
0.299713 0.128333 0.477710 18 55 75
0.300359 0.131750 0.476247 70 60 49
0.301624 0.133594 0.475641 68 63 60
0.316991 0.174238 0.470748 58 82 87
0.319357 0.177972 0.467982 24 38 42
0.321211 0.184387 0.469479 232 255 255
0.323932 0.190122 0.466111 118 105 106
0.293452 0.119973 0.477877 86 75 81
0.293604 0.122139 0.477183 101 66 37
0.295512 0.125614 0.476131 96 66 35
0.297238 0.129518 0.475626 94 60 33
0.299436 0.131843 0.474789 76 53 34
0.299544 0.134033 0.475165 104 76 58
0.313014 0.169272 0.468363 122 135 140
0.313860 0.171617 0.466925 101 115 122
0.316859 0.173689 0.467833 55 74 85
0.321544 0.189100 0.462907 26 32 39
0.324081 0.194027 0.464946 118 119 120
0.300164 0.141981 0.468197 131 144 150
0.307764 0.162628 0.466030 138 148 156
0.309435 0.170417 0.464960 130 140 146
0.311577 0.173047 0.463542 115 127 130
0.312540 0.174870 0.463358 100 123 132
0.317440 0.178741 0.463684 172 184 186
0.316765 0.183274 0.461329 61 34 27
0.286013 0.117334 0.471606 109 122 132
0.291840 0.124353 0.469951 105 111 112
0.292118 0.129645 0.469237 102 109 109
0.294140 0.139849 0.467934 144 156 167
0.297203 0.143189 0.468718 129 144 152
0.310669 0.173209 0.461400 103 120 130
0.316633 0.189752 0.459678 14 22 27
0.307494 0.173125 0.460020 118 128 130
0.287229 0.126999 0.465546 131 145 152
0.305318 0.171473 0.456074 131 142 149
0.306031 0.174650 0.456004 138 139 138
0.302410 0.171191 0.453008 134 147 154
0.281743 0.134912 0.458089 137 142 162
0.294229 0.159801 0.455793 141 152 160
0.304038 0.182215 0.450603 132 137 135
0.288353 0.158634 0.446583 131 141 148
0.286905 0.159579 0.444482 136 145 153
0.289192 0.168859 0.444920 118 136 146
0.281863 0.158229 0.441180 142 155 167
0.370049 0.175657 0.514677 132 142 139
0.368234 0.181832 0.513215 139 143 147
0.379404 0.201697 0.509486 137 148 148
0.371107 0.187345 0.511184 138 143 146
0.358961 0.187055 0.496386 127 138 145
0.320810 0.109803 0.502977 111 135 152
0.344056 0.173902 0.491181 124 144 145
0.305304 0.088209 0.503572 134 141 145
0.312873 0.101958 0.502210 129 140 144
0.310325 0.107759 0.497557 92 143 175
0.307221 0.108328 0.493745 96 133 156
0.331496 0.166252 0.480389 110 121 129
0.332949 0.172006 0.480326 128 115 114
0.332964 0.175052 0.479273 114 44 43
0.334757 0.176464 0.478550 110 37 46
0.339516 0.184895 0.478743 131 149 157
0.340224 0.186893 0.478998 127 135 137
0.342312 0.196438 0.474997 141 146 149
0.328651 0.168548 0.477784 91 16 19
0.330321 0.172003 0.477295 116 22 28
0.332236 0.175508 0.477134 122 30 29
0.333539 0.178191 0.475994 119 40 42
0.334042 0.180582 0.475872 103 16 15
0.303196 0.116254 0.485112 65 43 57
0.304887 0.119737 0.484544 90 69 86
0.306052 0.122559 0.484203 95 69 86
0.307631 0.125316 0.483723 93 79 96
0.309043 0.127752 0.483439 69 20 36
0.327144 0.168936 0.476051 73 1 1
0.328528 0.171491 0.475265 78 5 3
0.329698 0.175178 0.474572 89 0 0
0.331556 0.178509 0.474257 81 10 11
0.331304 0.181317 0.474167 56 0 0
0.336642 0.194984 0.473386 143 151 156
0.295600 0.099770 0.487564 118 117 120
0.300176 0.112691 0.483892 111 132 160
0.301896 0.115996 0.483203 100 133 167
0.303297 0.120341 0.482602 71 109 147
0.304535 0.123501 0.481767 50 134 182
0.305775 0.126019 0.481027 73 135 172
0.306231 0.129108 0.480401 78 70 56
0.323529 0.170082 0.473581 22 6 4
0.324650 0.172067 0.473331 32 7 7
0.327876 0.173934 0.471881 95 73 75
0.327810 0.177643 0.472071 145 102 71
0.328455 0.182033 0.470125 12 0 0
0.298767 0.111656 0.479398 90 134 158
0.298517 0.118664 0.479160 0 94 147
0.301703 0.120477 0.480226 36 141 194
0.302039 0.123727 0.479030 15 121 173
0.303423 0.126564 0.477913 44 118 155
0.304930 0.129293 0.478188 76 106 118
0.304218 0.132861 0.476897 77 111 129
0.320122 0.167817 0.470745 27 21 24
0.321967 0.169295 0.470130 21 5 6
0.323808 0.173521 0.469356 101 72 86
0.324931 0.175389 0.469960 81 55 55
0.325860 0.179211 0.467988 176 152 166
0.327231 0.184928 0.469220 91 55 49
0.297588 0.122215 0.476182 96 68 55
0.299831 0.122878 0.477781 24 93 129
0.302463 0.127427 0.475411 41 63 87
0.302031 0.131329 0.474986 69 80 84
0.319355 0.167776 0.467728 44 39 45
0.320106 0.169566 0.467561 39 21 28
0.320020 0.173841 0.468228 42 21 28
0.322800 0.177812 0.466949 167 128 150
0.324860 0.183121 0.466152 142 107 111
0.325923 0.187152 0.464263 49 21 25
0.326943 0.188763 0.464142 58 52 55
0.332625 0.202716 0.463542 144 150 147
0.295002 0.119056 0.475627 114 95 74
0.301040 0.132585 0.473905 78 69 57
0.317394 0.167902 0.464421 17 56 52
0.318128 0.169282 0.464278 6 45 42
0.318369 0.173592 0.464525 127 89 93
0.320015 0.177646 0.464083 47 0 0
0.322351 0.180247 0.463402 172 131 139
0.322721 0.183937 0.461858 132 107 98
0.323464 0.187232 0.463197 52 12 17
0.303054 0.143179 0.466291 133 146 152
0.314333 0.168010 0.461475 43 44 49
0.316582 0.173974 0.461548 121 110 108
0.318282 0.178958 0.460683 58 23 19
0.320330 0.184564 0.458086 54 28 11
0.320472 0.187836 0.458672 43 62 78
0.290238 0.117548 0.468161 116 133 137
0.312935 0.173835 0.460479 76 91 99
0.315377 0.178363 0.458627 107 84 103
0.315791 0.180591 0.457553 39 0 0
0.318263 0.184563 0.456018 49 53 54
0.320765 0.192167 0.458415 107 105 109
0.323500 0.194968 0.456058 140 138 136
0.293295 0.133327 0.462448 139 147 156
0.298716 0.144318 0.462068 130 142 152
0.310107 0.172713 0.456378 98 103 108
0.313039 0.177557 0.457510 19 61 29
0.315064 0.182472 0.453888 29 20 12
0.318989 0.191467 0.452837 91 94 107
0.320336 0.199545 0.452990 135 146 151
0.306846 0.169297 0.455539 137 158 168
0.307641 0.171660 0.455625 122 130 137
0.310029 0.179236 0.452300 83 89 90
0.313644 0.183275 0.451758 51 58 49
0.313655 0.186267 0.450794 44 64 55
0.322159 0.205635 0.446779 141 153 167
0.302661 0.170652 0.451919 138 143 150
0.305470 0.173658 0.452718 142 141 144
0.306635 0.175132 0.452637 115 124 135
0.310728 0.185913 0.451069 129 91 48
0.323921 0.216043 0.442898 138 143 141
0.306548 0.178743 0.448036 126 134 141
0.292605 0.155329 0.446067 134 156 175
0.271572 0.125753 0.445978 126 139 148
0.288012 0.161345 0.438025 145 155 160
0.295936 0.184317 0.435311 131 153 210
0.299000 0.195473 0.434234 115 164 237
0.293262 0.176914 0.434604 137 139 140
0.272591 0.137148 0.441080 146 160 169
0.380509 0.205675 0.502042 129 142 146
0.379093 0.208724 0.502144 131 154 145
0.362802 0.173426 0.506353 134 144 149
0.375791 0.209692 0.496071 133 148 146
0.349751 0.202024 0.475596 147 157 166
0.333513 0.168028 0.477371 76 0 0
0.335039 0.168330 0.478833 111 127 129
0.337119 0.176968 0.477012 128 43 50
0.337944 0.179706 0.476412 113 27 25
0.328040 0.162745 0.476951 111 70 62
0.330162 0.168195 0.475789 118 13 17
0.332451 0.170248 0.475313 116 14 8
0.334178 0.172814 0.475144 112 6 5
0.335463 0.177901 0.474879 118 10 10
0.335886 0.179653 0.474286 105 11 10
0.337124 0.182151 0.472764 126 48 42
0.326368 0.165192 0.474829 92 73 70
0.330085 0.167566 0.474555 108 10 11
0.329837 0.171083 0.473471 77 3 3
0.331240 0.174905 0.472469 71 1 1
0.332827 0.177642 0.472401 75 4 4
0.334341 0.180329 0.472663 77 12 13
0.337032 0.188149 0.469375 136 147 151
0.324900 0.163008 0.472264 62 0 0
0.324790 0.169278 0.471022 76 69 65
0.327292 0.170992 0.470211 78 57 62
0.329969 0.175425 0.469563 32 0 1
0.331095 0.178213 0.468819 57 45 51
0.331335 0.181513 0.468444 37 11 10
0.333682 0.190245 0.467060 159 139 145
0.335317 0.194336 0.466813 132 139 144
0.322335 0.165381 0.467764 58 32 36
0.324449 0.168843 0.467422 77 22 26
0.325050 0.171645 0.467866 96 67 77
0.326313 0.174993 0.466821 103 63 67
0.329235 0.177448 0.466266 86 30 36
0.329417 0.181567 0.465855 63 24 26
0.331980 0.183613 0.465512 90 46 50
0.297523 0.111114 0.477309 107 131 146
0.320232 0.162765 0.464846 100 88 97
0.320248 0.166546 0.465929 55 36 40
0.321209 0.168389 0.465800 61 21 27
0.324031 0.172063 0.464759 150 88 108
0.324161 0.175655 0.464705 167 114 122
0.325000 0.179484 0.464134 189 127 129
0.328157 0.183246 0.463163 135 84 86
0.329038 0.184868 0.463980 89 38 42
0.330925 0.190792 0.462939 134 138 148
0.318500 0.167905 0.464808 27 20 25
0.318761 0.168813 0.463204 38 24 25
0.320368 0.173586 0.463096 53 0 15
0.322460 0.176075 0.460746 162 132 108
0.323536 0.179617 0.461490 177 155 136
0.325454 0.183565 0.460059 114 99 97
0.324731 0.186228 0.459496 68 13 15
0.317567 0.169744 0.459167 45 27 26
0.319822 0.172165 0.460057 107 85 67
0.321225 0.179067 0.458138 164 111 54
0.323409 0.183863 0.457911 124 99 73
0.323612 0.186343 0.457521 48 10 4
0.316596 0.173044 0.456558 50 0 0
0.316812 0.176725 0.456255 41 10 0
0.318476 0.178977 0.453396 54 0 0
0.318415 0.183324 0.455397 68 59 64
0.321379 0.186842 0.454094 36 25 16
0.289768 0.113945 0.465434 133 142 141
0.312215 0.171422 0.454541 64 60 61
0.312606 0.173894 0.454661 51 52 53
0.313486 0.177053 0.454068 37 29 31
0.316334 0.179571 0.454149 6 0 0
0.317121 0.184358 0.452758 48 44 34
0.318840 0.187232 0.451306 65 55 57
0.300426 0.148879 0.457595 132 144 149
0.309983 0.172425 0.451764 93 94 95
0.311400 0.174500 0.451109 78 77 77
0.312842 0.178025 0.450075 75 70 68
0.314125 0.182095 0.449192 80 73 73
0.315422 0.185040 0.449711 75 77 78
0.315865 0.187487 0.449838 61 60 52
0.318486 0.190586 0.447085 103 108 109
0.319865 0.196874 0.449015 141 141 143
0.282751 0.107610 0.460848 136 148 150
0.285789 0.118956 0.458376 138 153 149
0.306370 0.166773 0.451467 130 137 143
0.311581 0.178345 0.448209 72 80 83
0.313674 0.181774 0.447304 84 86 88
0.312594 0.183381 0.445008 112 124 126
0.315814 0.187454 0.445361 76 84 80
0.316163 0.190802 0.444753 111 118 123
0.317886 0.196494 0.445236 123 135 137
0.318306 0.198174 0.444463 143 148 147
0.275223 0.098419 0.458544 133 143 146
0.277935 0.106213 0.456636 130 145 150
0.291038 0.140204 0.451823 133 147 156
0.293330 0.142346 0.449959 129 142 145
0.317072 0.195317 0.442417 143 147 159
0.319532 0.202286 0.440328 134 158 164
0.281646 0.131005 0.449013 129 149 153
0.304362 0.183891 0.439100 130 143 148
0.282556 0.138736 0.442378 132 138 150
0.290754 0.157913 0.437117 116 137 150
0.292668 0.166680 0.435835 113 126 135
0.304778 0.198249 0.428345 170 163 153
0.282367 0.152646 0.431732 130 142 150
0.285462 0.160245 0.433165 132 148 160
0.286422 0.163243 0.430966 128 145 164
0.285820 0.170321 0.425856 118 125 129
0.285512 0.172111 0.425726 126 148 166
0.277823 0.167911 0.419539 119 137 141
0.273885 0.161609 0.418253 139 154 165
0.275344 0.166304 0.417588 130 141 150
0.388682 0.184831 0.519692 136 135 138
0.389413 0.218866 0.498379 132 146 152
0.375948 0.208364 0.492443 136 143 151
0.365933 0.194336 0.492179 134 144 149
0.371829 0.209768 0.488594 136 146 151
0.367826 0.230372 0.471622 134 153 164
0.369787 0.234275 0.470126 137 148 158
0.363430 0.226921 0.470096 133 145 152
0.333975 0.170085 0.473768 109 20 13
0.335493 0.173577 0.472587 123 35 36
0.337294 0.177325 0.471802 120 57 49
0.333635 0.173563 0.470239 64 15 15
0.334488 0.177864 0.469241 65 44 44
0.335249 0.178432 0.468381 68 55 59
0.338185 0.182411 0.468076 121 139 135
0.328888 0.167378 0.467514 65 9 13
0.329528 0.170392 0.467743 48 5 4
0.330846 0.173616 0.467331 54 21 19
0.332395 0.176413 0.467066 55 17 19
0.333580 0.179834 0.466725 47 22 23
0.334236 0.182622 0.465800 94 59 59
0.355918 0.228376 0.457924 133 154 170
0.325917 0.164162 0.465702 114 77 83
0.326365 0.167991 0.465282 127 67 73
0.328132 0.169893 0.465438 123 77 86
0.330769 0.173529 0.464763 116 74 86
0.331586 0.176191 0.464287 131 76 83
0.332263 0.179945 0.463095 134 60 65
0.333943 0.183279 0.462829 122 83 93
0.322405 0.165240 0.463971 95 52 54
0.324242 0.167954 0.463681 106 41 47
0.326446 0.169937 0.462344 134 97 111
0.327252 0.174032 0.462579 118 73 93
0.329657 0.177124 0.460733 117 75 83
0.329949 0.180613 0.460524 119 71 73
0.331404 0.183110 0.459836 128 101 108
0.344141 0.218592 0.454116 137 147 153
0.315129 0.149526 0.462495 127 133 140
0.319067 0.162019 0.460385 69 55 58
0.321102 0.164770 0.460552 111 85 79
0.321639 0.168259 0.460258 110 66 52
0.322575 0.170671 0.460154 134 89 61
0.325009 0.174274 0.458312 168 121 87
0.327427 0.177679 0.458842 150 108 81
0.327562 0.181496 0.457745 138 98 66
0.328508 0.183078 0.456536 88 88 131
0.349427 0.235160 0.449151 131 151 168
0.319736 0.165990 0.457794 103 83 74
0.320111 0.168582 0.457943 112 78 49
0.321252 0.171170 0.456467 136 79 25
0.322918 0.174986 0.456869 168 115 78
0.325005 0.177404 0.456473 165 149 91
0.325243 0.181256 0.454360 105 65 26
0.326673 0.183798 0.454390 81 58 31
0.316208 0.167452 0.456182 36 26 26
0.317912 0.169129 0.455173 56 30 23
0.319084 0.172433 0.454760 28 5 0
0.322930 0.178373 0.453239 46 9 0
0.324514 0.181115 0.452913 66 37 0
0.317932 0.172698 0.451547 0 0 0
0.319069 0.176405 0.451625 55 23 18
0.319491 0.178839 0.451733 34 0 0
0.317289 0.184320 0.447049 90 92 89
0.319105 0.186906 0.447368 96 103 105
0.309511 0.167572 0.445432 130 133 132
0.312435 0.174616 0.447453 101 118 124
0.312270 0.179054 0.446281 77 84 91
0.314105 0.182360 0.446335 79 87 87
0.314430 0.183246 0.445652 92 101 105
0.316003 0.186968 0.445178 89 100 100
0.313986 0.187905 0.442491 123 120 114
0.316338 0.191468 0.441293 123 138 151
0.290063 0.140199 0.446536 125 151 181
0.293624 0.155673 0.438632 134 145 147
0.310486 0.195008 0.431813 116 123 106
0.295176 0.164274 0.436121 132 152 161
0.300959 0.180811 0.433389 125 137 148
0.282421 0.156017 0.428009 143 143 142
0.278074 0.154910 0.422200 133 149 165
0.277960 0.163609 0.418064 134 147 160
0.282353 0.171438 0.418569 137 145 155
0.275561 0.162711 0.416046 129 146 159
0.277378 0.165849 0.414782 110 132 131
0.282738 0.177587 0.412914 124 132 131
0.263993 0.138980 0.415211 128 148 151
0.276988 0.167754 0.412513 127 146 154
0.277453 0.168476 0.412221 111 119 120
0.277827 0.173640 0.413858 112 140 174
0.261071 0.136894 0.414243 116 115 110
0.262570 0.141383 0.413124 125 128 126
0.265006 0.145394 0.412510 127 142 149
0.266506 0.149749 0.412732 136 145 142
0.267439 0.155458 0.410473 138 156 165
0.270284 0.160961 0.411185 122 140 143
0.271739 0.164407 0.410402 162 143 138
0.274079 0.170633 0.409367 124 131 143
0.278554 0.180355 0.407670 130 130 136
0.260278 0.137413 0.412090 93 77 65
0.261065 0.140512 0.410730 89 82 71
0.262678 0.143966 0.411554 110 115 112
0.264552 0.149557 0.409000 119 145 107
0.265615 0.153257 0.409790 179 186 168
0.270187 0.161219 0.408608 119 148 157
0.403068 0.209664 0.513803 111 135 138
0.390984 0.202263 0.504269 137 143 148
0.386643 0.224959 0.487028 118 136 152
0.389113 0.231346 0.484976 96 109 118
0.372502 0.199684 0.490502 142 158 164
0.374248 0.216287 0.480633 144 145 159
0.358039 0.177971 0.486216 127 143 148
0.358364 0.186335 0.479829 134 145 149
0.363957 0.199190 0.478639 140 149 159
0.373405 0.227025 0.475654 131 147 150
0.327708 0.126406 0.486831 117 155 169
0.316891 0.104477 0.488754 124 146 157
0.327382 0.138234 0.478419 118 137 147
0.370166 0.241453 0.462109 144 162 170
0.332995 0.172577 0.464421 132 105 114
0.334179 0.174900 0.464312 121 100 104
0.335582 0.179441 0.463515 118 63 66
0.337771 0.181941 0.462970 134 140 146
0.329374 0.166052 0.463107 122 92 100
0.329121 0.169449 0.463028 122 75 89
0.331453 0.172601 0.462195 128 89 103
0.332564 0.175069 0.462535 124 87 100
0.333722 0.179722 0.461369 94 13 13
0.336606 0.182956 0.460546 123 108 117
0.319522 0.148339 0.461684 113 128 139
0.322248 0.158397 0.461803 96 99 98
0.326535 0.166916 0.461091 117 70 73
0.327407 0.169383 0.460007 133 95 91
0.329732 0.172690 0.459719 115 71 82
0.330559 0.175581 0.459626 139 94 95
0.331919 0.180413 0.458521 95 44 28
0.332230 0.183686 0.457574 128 99 88
0.322141 0.163329 0.458711 122 107 98
0.324495 0.167435 0.458447 149 117 87
0.325548 0.170109 0.457724 154 115 79
0.327002 0.172967 0.456960 150 113 75
0.328571 0.176547 0.456097 143 98 41
0.329483 0.180261 0.456294 109 62 29
0.330426 0.183040 0.454865 126 96 70
0.320548 0.164029 0.455922 111 99 90
0.320381 0.168389 0.455534 96 63 37
0.323665 0.170732 0.455128 143 107 58
0.324948 0.174232 0.453846 113 76 26
0.326877 0.176192 0.454143 144 108 64
0.326315 0.180537 0.452944 37 4 0
0.328244 0.183133 0.452759 60 36 26
0.290051 0.099096 0.464195 134 150 154
0.317985 0.161608 0.454285 69 62 63
0.322560 0.178513 0.450948 51 41 27
0.325460 0.181129 0.451325 61 40 25
0.326909 0.183185 0.450511 60 39 28
0.319756 0.174755 0.450265 0 0 0
0.333296 0.216024 0.436595 133 143 149
0.314468 0.191148 0.435481 125 143 152
0.293157 0.139555 0.439955 129 153 165
0.306749 0.176270 0.435080 132 142 146
0.313578 0.192137 0.432862 136 144 146
0.292534 0.150660 0.436508 128 144 146
0.318232 0.207061 0.424887 148 138 128
0.291840 0.153865 0.429681 139 141 138
0.291367 0.161861 0.425828 142 146 150
0.292557 0.165042 0.427700 136 147 148
0.283818 0.163639 0.419885 135 147 148
0.282092 0.166295 0.416570 135 144 152
0.282735 0.168280 0.416317 136 144 152
0.284234 0.171129 0.412627 141 145 144
0.287624 0.183409 0.411932 137 140 136
0.268797 0.141429 0.415453 136 146 151
0.270987 0.146677 0.411909 134 147 151
0.272544 0.154273 0.413217 132 146 156
0.275925 0.159127 0.411860 132 146 155
0.276967 0.165848 0.409682 138 141 143
0.284815 0.178875 0.407554 143 146 148
0.260515 0.131275 0.412798 91 74 61
0.265306 0.142587 0.411897 128 133 131
0.267543 0.146379 0.410867 128 137 135
0.268463 0.149795 0.409474 126 135 134
0.270911 0.153342 0.408452 129 143 147
0.273959 0.159915 0.407526 134 140 147
0.273248 0.162322 0.407260 132 137 134
0.276875 0.168613 0.407185 129 137 142
0.280180 0.177883 0.403521 158 173 158
0.259655 0.134310 0.411994 97 78 61
0.261301 0.137090 0.409263 44 11 0
0.262480 0.143428 0.409058 73 64 53
0.264559 0.146173 0.408004 74 65 48
0.266353 0.149613 0.407182 93 89 80
0.267871 0.152976 0.406759 90 99 95
0.269491 0.155654 0.406679 103 111 114
0.271779 0.158787 0.405804 144 139 128
0.271618 0.162131 0.405839 132 134 130
0.275390 0.175520 0.402428 172 157 108
0.258558 0.133084 0.408625 45 13 0
0.258809 0.135775 0.405996 116 89 65
0.262850 0.147090 0.407042 50 26 0
0.264411 0.151077 0.405707 17 10 7
0.266031 0.153871 0.404142 63 45 23
0.267729 0.157318 0.403878 34 15 4
0.272957 0.170572 0.401539 64 48 42
0.273368 0.173497 0.399206 88 66 36
0.275578 0.181206 0.399571 127 106 99
0.263840 0.152376 0.402129 83 61 24
0.263897 0.156831 0.400872 112 65 21
0.402204 0.223664 0.501436 129 134 137
0.405136 0.225705 0.501376 131 147 153
0.399482 0.218092 0.500495 123 137 140
0.404010 0.226213 0.499899 128 135 134
0.392099 0.203339 0.501226 135 144 149
0.385397 0.231261 0.479163 107 124 133
0.390786 0.237660 0.478235 139 159 171
0.385110 0.233811 0.473290 108 129 138
0.371928 0.216193 0.472353 140 147 157
0.363173 0.202365 0.473685 139 152 155
0.371500 0.217714 0.471467 146 153 165
0.376063 0.239517 0.464310 133 140 155
0.374280 0.239160 0.462454 139 145 156
0.369764 0.230600 0.461097 132 151 159
0.371009 0.235665 0.460897 143 153 152
0.335515 0.170337 0.461519 126 125 135
0.329605 0.162296 0.462074 156 153 158
0.331382 0.163255 0.460946 130 124 138
0.333812 0.172028 0.460988 141 124 134
0.333289 0.173740 0.459991 148 124 130
0.339692 0.182802 0.458033 129 149 166
0.329277 0.162454 0.458291 150 141 142
0.328296 0.164040 0.457595 125 122 139
0.329974 0.167109 0.458101 146 139 138
0.331409 0.171737 0.456744 153 126 105
0.331608 0.175788 0.456866 153 96 53
0.325470 0.161954 0.456887 113 131 129
0.327388 0.165514 0.455041 151 141 129
0.328870 0.172198 0.454272 155 127 89
0.329348 0.175041 0.453896 131 92 42
0.331323 0.179252 0.454245 93 48 21
0.332435 0.182663 0.452831 136 116 93
0.321586 0.161670 0.455156 116 105 92
0.324378 0.164927 0.453080 136 131 111
0.327787 0.172956 0.453240 135 112 87
0.328232 0.175377 0.453037 123 96 69
0.330039 0.179112 0.452561 88 51 33
0.331284 0.180801 0.452122 97 77 61
0.327451 0.179793 0.449679 94 88 84
0.351558 0.239275 0.440135 131 147 160
0.327053 0.188443 0.442089 125 142 153
0.331992 0.218282 0.427107 144 141 146
0.305269 0.163778 0.435747 128 142 155
0.314921 0.197333 0.426926 131 132 132
0.297903 0.156306 0.432394 128 149 151
0.292513 0.172528 0.417366 131 142 151
0.300702 0.189995 0.415538 149 139 129
0.280702 0.165326 0.407712 138 148 154
0.285387 0.170428 0.407035 137 146 151
0.290154 0.185357 0.404820 136 140 150
0.297859 0.208566 0.402406 138 151 149
0.272602 0.155016 0.406085 133 138 134
0.274371 0.156866 0.406166 131 139 137
0.275364 0.159893 0.406170 134 150 153
0.275936 0.165303 0.405211 132 140 139
0.281250 0.173775 0.404807 134 147 156
0.283987 0.181250 0.402369 139 145 149
0.267055 0.148957 0.405247 60 32 9
0.268880 0.152445 0.405428 91 80 67
0.271383 0.155885 0.404236 105 95 87
0.272098 0.158424 0.403923 109 110 102
0.274465 0.162008 0.402399 116 118 113
0.275713 0.164608 0.401994 120 130 119
0.278899 0.172106 0.399964 121 129 130
0.279628 0.175521 0.401014 137 142 143
0.253488 0.116758 0.406950 129 109 83
0.254807 0.120098 0.406863 135 104 86
0.260570 0.138909 0.405193 84 53 28
0.263960 0.146790 0.403539 114 92 69
0.268652 0.156706 0.402467 78 58 39
0.269999 0.159235 0.402004 45 32 12
0.272734 0.161445 0.400481 63 40 13
0.273626 0.164026 0.398993 57 33 13
0.277407 0.172472 0.398916 129 132 132
0.276494 0.176689 0.397589 102 96 82
0.279673 0.179401 0.398290 116 121 115
0.278779 0.183726 0.397443 152 98 58
0.286572 0.196811 0.395210 150 146 143
0.258108 0.133212 0.404100 115 92 66
0.264454 0.153403 0.399546 126 109 87
0.266349 0.156150 0.398432 105 76 31
0.268911 0.159857 0.398970 115 88 44
0.269426 0.162342 0.396508 102 76 46
0.277146 0.179610 0.393541 48 11 0
0.269444 0.165491 0.394167 131 127 89
0.273077 0.177879 0.391680 140 117 85
0.273903 0.179353 0.392177 168 134 95
0.260860 0.149338 0.395099 154 116 90
0.263241 0.158222 0.393464 128 118 89
0.401759 0.119874 0.555884 0 40 37
0.413329 0.219358 0.505624 104 124 127
0.409684 0.215480 0.505485 115 137 147
0.409393 0.220389 0.500220 159 177 186
0.412927 0.229462 0.500013 173 204 219
0.402015 0.212145 0.500935 143 159 167
0.388533 0.239797 0.472096 149 161 171
0.382997 0.233619 0.469640 118 140 154
0.383596 0.240509 0.465294 101 122 138
0.378071 0.230744 0.462979 126 129 135
0.380952 0.241699 0.460887 112 140 152
0.385720 0.249122 0.458672 123 138 147
0.360725 0.199974 0.467120 136 150 159
0.379901 0.246264 0.457073 112 132 139
0.368526 0.230675 0.456680 137 142 151
0.312288 0.099601 0.474513 110 114 119
0.363355 0.222516 0.452636 136 145 150
0.368743 0.234212 0.451063 145 156 161
0.371748 0.245648 0.449432 145 149 149
0.339295 0.174664 0.459824 134 137 151
0.332992 0.162896 0.458900 137 136 143
0.320821 0.177745 0.437083 131 142 145
0.317190 0.181790 0.429007 140 144 144
0.307374 0.176132 0.423575 134 144 151
0.311150 0.193130 0.414809 136 146 147
0.318714 0.216960 0.412229 143 140 126
0.296725 0.170603 0.418253 129 144 142
0.263035 0.113939 0.413702 121 99 71
0.286891 0.176035 0.403824 134 145 153
0.290886 0.185192 0.399509 138 146 140
0.291570 0.191271 0.398236 119 138 148
0.253224 0.105419 0.411808 64 41 22
0.261115 0.125386 0.407031 89 62 33
0.277601 0.165065 0.399628 115 108 98
0.278330 0.166990 0.400184 118 112 105
0.279917 0.171319 0.398980 125 127 122
0.282272 0.173945 0.398733 137 137 133
0.285237 0.177285 0.397662 134 144 145
0.285884 0.182285 0.396923 130 138 142
0.286291 0.185849 0.395573 146 143 145
0.289008 0.188896 0.396514 135 144 150
0.294746 0.205351 0.393507 142 149 146
0.256409 0.118340 0.403583 132 109 85
0.263290 0.132487 0.401918 126 100 73
0.264537 0.138776 0.400971 122 99 73
0.267619 0.149420 0.399608 122 99 74
0.274951 0.162617 0.399894 50 35 0
0.274816 0.164524 0.397743 67 42 22
0.276305 0.167732 0.397274 51 40 28
0.277917 0.170947 0.396712 46 33 28
0.279112 0.173726 0.394482 68 32 0
0.281853 0.177646 0.394327 78 72 68
0.283244 0.178916 0.394726 100 93 91
0.283731 0.184244 0.393838 125 118 122
0.285664 0.187791 0.392017 87 96 58
0.285095 0.189755 0.392135 73 56 0
0.289515 0.203004 0.391541 138 135 120
0.263551 0.138306 0.397504 132 109 80
0.273500 0.165569 0.395286 103 94 72
0.274539 0.167585 0.394908 125 91 51
0.277330 0.170863 0.393782 102 64 35
0.277354 0.173512 0.392726 116 88 58
0.279142 0.178759 0.390002 183 184 175
0.280398 0.186520 0.391450 65 52 34
0.266116 0.154071 0.395960 145 93 26
0.270240 0.162494 0.392486 134 112 82
0.272259 0.164723 0.392366 158 124 86
0.273069 0.169814 0.390837 142 68 14
0.278337 0.182352 0.389977 192 141 129
0.279049 0.186343 0.388211 197 165 136
0.264496 0.157212 0.390730 130 112 93
0.267618 0.159262 0.389528 157 110 63
0.266936 0.160751 0.389390 189 154 112
0.275090 0.179326 0.387967 138 110 77
0.276820 0.188585 0.384933 117 104 143
0.279047 0.191486 0.382542 189 166 142
0.418171 0.133869 0.555880 39 51 35
0.420304 0.225207 0.505506 131 171 185
0.414621 0.232718 0.497488 171 191 202
0.416924 0.234089 0.496340 156 174 186
0.411250 0.228576 0.496549 152 167 174
0.414817 0.230936 0.495725 153 168 179
0.416216 0.234916 0.494572 145 163 170
0.379389 0.242249 0.453234 110 130 132
0.383416 0.248336 0.452423 129 140 145
0.383538 0.258232 0.445619 165 189 204
0.371058 0.244475 0.445164 168 168 185
0.362578 0.224432 0.446270 134 148 150
0.366663 0.236064 0.442162 133 146 159
0.368281 0.248118 0.436567 135 146 152
0.319253 0.158048 0.440830 126 138 151
0.297948 0.131473 0.435982 127 131 134
0.320100 0.186366 0.424647 133 140 145
0.329568 0.215125 0.415822 139 137 144
0.305519 0.178253 0.416391 135 142 144
0.314921 0.207269 0.409527 136 142 147
0.309751 0.191133 0.409075 137 142 151
0.259921 0.085208 0.423927 121 117 101
0.309738 0.213843 0.395942 146 139 130
0.254076 0.085137 0.418008 111 99 76
0.294158 0.191068 0.397018 139 143 143
0.311884 0.227539 0.389464 127 140 153
0.256174 0.101742 0.407100 98 75 54
0.266684 0.127893 0.401293 109 83 56
0.279505 0.158917 0.397875 101 74 55
0.279796 0.163853 0.397343 91 70 50
0.279946 0.165601 0.396803 93 63 39
0.287951 0.180373 0.395152 136 137 134
0.288109 0.181635 0.393939 134 138 132
0.289377 0.186207 0.393730 139 142 141
0.291107 0.189091 0.394440 143 151 151
0.291139 0.192587 0.391766 140 144 145
0.293002 0.198540 0.392004 132 145 151
0.298721 0.208634 0.392047 149 148 142
0.299910 0.215753 0.388826 137 144 144
0.250848 0.101067 0.406186 129 109 83
0.257840 0.111691 0.403985 123 106 83
0.261235 0.126548 0.400799 129 102 78
0.274614 0.156168 0.396669 121 96 72
0.280516 0.169550 0.393211 89 55 13
0.281486 0.174308 0.393968 65 38 9
0.283138 0.177511 0.393234 85 68 61
0.283831 0.179796 0.391887 53 37 26
0.285831 0.182169 0.390819 81 56 34
0.287384 0.185604 0.391622 121 115 114
0.289008 0.189791 0.389484 112 108 103
0.299722 0.214546 0.385600 139 141 135
0.254049 0.109999 0.402941 70 71 81
0.253822 0.112060 0.401134 130 113 88
0.256780 0.116839 0.400257 133 107 85
0.268945 0.150414 0.395770 133 108 81
0.274086 0.162744 0.392019 120 100 75
0.276100 0.168552 0.391065 70 35 0
0.278202 0.171119 0.391493 73 38 0
0.279938 0.173757 0.390739 100 55 27
0.280660 0.176661 0.390227 102 69 42
0.282137 0.180180 0.390972 86 51 26
0.284456 0.183403 0.388214 96 71 34
0.285527 0.185602 0.388763 82 47 13
0.288004 0.189177 0.387938 56 27 0
0.287896 0.192034 0.387305 98 81 44
0.289834 0.202306 0.385453 90 132 135
0.292881 0.206444 0.386234 125 138 139
0.293767 0.211352 0.384656 112 121 106
0.297153 0.213653 0.382692 149 145 129
0.267205 0.144510 0.392875 127 81 49
0.272464 0.163238 0.389032 136 113 78
0.274220 0.166677 0.391453 94 74 65
0.276391 0.169609 0.388420 131 101 70
0.278013 0.173700 0.387582 131 117 102
0.278392 0.176718 0.388869 164 127 98
0.281724 0.180897 0.387248 106 96 68
0.284850 0.187462 0.385122 129 80 41
0.285518 0.198017 0.384005 63 71 36
0.289423 0.202786 0.381445 39 20 15
0.290027 0.207196 0.381801 123 186 255
0.276077 0.179426 0.385890 216 173 86
0.425384 0.123107 0.563123 137 162 171
0.428287 0.133596 0.560782 129 157 165
0.430820 0.145177 0.556253 92 114 111
0.430583 0.147889 0.555864 112 130 112
0.432500 0.151769 0.555787 112 95 90
0.421532 0.130808 0.559382 121 127 125
0.431861 0.153586 0.554629 42 109 152
0.419552 0.130286 0.555140 101 116 123
0.437647 0.179157 0.543524 8 36 38
0.384358 0.247473 0.450712 132 150 160
0.366826 0.217659 0.449131 117 128 130
0.373083 0.230214 0.446725 134 142 157
0.377582 0.245790 0.442393 121 136 141
0.377530 0.260796 0.432570 139 154 162
0.360938 0.230787 0.433022 144 152 161
0.368116 0.251339 0.430642 141 150 151
0.358518 0.230476 0.430632 137 140 148
0.368196 0.256184 0.427135 137 147 145
0.358255 0.245194 0.423891 150 155 161
0.361971 0.254311 0.422756 146 154 151
0.354397 0.241143 0.420469 146 156 166
0.313272 0.188645 0.412156 134 128 121
0.305151 0.173496 0.413458 135 140 141
0.290387 0.173050 0.394266 113 96 72
0.257538 0.094327 0.406047 128 104 77
0.291890 0.188431 0.390928 135 130 123
0.298152 0.198294 0.390213 142 143 147
0.299321 0.201479 0.389761 135 139 143
0.303394 0.208341 0.386585 135 153 158
0.251338 0.087015 0.404365 126 93 90
0.249963 0.090366 0.406029 89 68 39
0.254513 0.094603 0.404916 165 156 146
0.257985 0.102708 0.402992 106 74 48
0.261256 0.112652 0.400401 123 107 88
0.269228 0.133084 0.395217 112 86 60
0.271343 0.141844 0.397038 124 100 73
0.275632 0.148087 0.396200 122 93 64
0.300741 0.205833 0.384742 127 139 142
0.305093 0.218345 0.384157 135 142 149
0.308216 0.229909 0.382362 143 143 142
0.251644 0.092574 0.402079 134 111 74
0.266317 0.136712 0.394016 150 87 97
0.275888 0.154317 0.389846 125 106 83
0.277030 0.156707 0.390323 122 100 72
0.281339 0.174158 0.387846 116 90 64
0.283263 0.176559 0.388611 122 96 69
0.285452 0.179851 0.388819 78 41 0
0.285887 0.184454 0.386481 100 48 0
0.289180 0.189126 0.386164 82 49 16
0.290957 0.192449 0.385476 71 44 12
0.291782 0.195269 0.384679 54 26 2
0.293159 0.199079 0.383429 33 17 0
0.294773 0.201568 0.382104 47 34 3
0.294735 0.206672 0.383203 116 122 121
0.301571 0.217466 0.380555 118 128 135
0.261988 0.123013 0.393790 148 97 84
0.262888 0.128234 0.394014 135 113 85
0.272064 0.154588 0.389692 136 109 76
0.278349 0.166858 0.387079 134 109 73
0.278833 0.170660 0.386258 139 123 95
0.279524 0.171849 0.386953 95 79 54
0.284458 0.182976 0.384535 109 81 50
0.286061 0.189606 0.381931 126 89 50
0.287657 0.194787 0.383010 64 46 40
0.288997 0.194458 0.381419 120 86 68
0.291377 0.199436 0.381427 115 103 67
0.293265 0.202264 0.380843 74 62 34
0.293325 0.205854 0.382168 91 101 108
0.294131 0.207931 0.377247 145 58 10
0.296672 0.211865 0.380527 120 124 124
0.297968 0.215467 0.379292 102 108 106
0.300553 0.219166 0.376483 72 53 37
0.300241 0.221065 0.377032 51 44 49
0.300985 0.224074 0.374587 46 58 86
0.276626 0.169485 0.383846 133 112 80
0.280258 0.183307 0.380747 172 112 67
0.286252 0.192604 0.379563 150 67 57
0.291151 0.200177 0.378105 127 90 63
0.431447 0.128409 0.562661 125 149 157
0.430489 0.126928 0.561321 131 165 172
0.429341 0.132440 0.560591 128 155 163
0.430833 0.140532 0.557124 104 132 123
0.428417 0.141398 0.552287 111 142 140
0.429460 0.145314 0.552804 128 142 159
0.440267 0.170195 0.548897 0 40 46
0.417772 0.117841 0.554601 119 142 149
0.418738 0.119200 0.553581 113 139 140
0.430144 0.147108 0.548734 119 125 117
0.434365 0.167489 0.545310 0 44 61
0.416135 0.127242 0.549453 116 125 123
0.370842 0.238411 0.435533 131 142 150
0.345464 0.188708 0.436864 135 142 150
0.358019 0.230573 0.425164 137 148 152
0.363654 0.245915 0.422428 142 161 159
0.368316 0.257423 0.424008 134 152 164
0.364917 0.253698 0.419636 150 151 150
0.366467 0.257517 0.419374 140 151 165
0.334240 0.194017 0.424903 119 142 144
0.326010 0.227195 0.396294 121 142 167
0.267501 0.100745 0.408739 121 103 84
0.292308 0.168484 0.395520 126 113 91
0.305190 0.204476 0.389952 135 140 144
0.309957 0.216410 0.386221 134 139 145
0.251790 0.077245 0.404968 148 121 88
0.252085 0.080984 0.405937 145 114 96
0.256777 0.087145 0.405443 129 107 81
0.295336 0.185670 0.387179 101 81 57
0.266313 0.118840 0.397752 133 110 79
0.269859 0.126238 0.397331 117 96 69
0.271205 0.133151 0.395177 127 103 75
0.280828 0.159411 0.389732 122 90 63
0.291862 0.186815 0.385626 105 59 6
0.294819 0.193515 0.385056 95 66 43
0.306585 0.219337 0.379709 125 141 150
0.308317 0.222545 0.381899 120 147 168
0.309964 0.231674 0.377605 137 150 159
0.256127 0.098177 0.399402 125 108 81
0.262615 0.116851 0.395572 136 111 80
0.274502 0.151570 0.388855 128 105 93
0.277997 0.155177 0.387963 137 108 77
0.283188 0.162782 0.386292 132 114 93
0.283333 0.167929 0.387598 120 97 71
0.284505 0.171705 0.386296 124 95 65
0.294167 0.199166 0.380633 116 74 43
0.296504 0.201099 0.381390 57 27 0
0.296939 0.204290 0.380349 47 19 0
0.299009 0.207425 0.378490 57 34 16
0.299957 0.210921 0.377919 30 21 12
0.302736 0.214470 0.376112 47 22 0
0.301914 0.217019 0.378112 106 113 115
0.307271 0.229154 0.377089 151 145 139
0.268336 0.133726 0.389168 141 89 61
0.275093 0.150958 0.386937 154 113 107
0.289428 0.188578 0.381864 123 97 63
0.294364 0.201671 0.378944 119 96 67
0.295422 0.204214 0.378201 102 62 15
0.297050 0.206811 0.379254 60 20 0
0.299522 0.210411 0.376169 100 67 37
0.301093 0.215040 0.376346 42 51 61
0.301864 0.216898 0.375286 68 39 27
0.301170 0.220761 0.375065 75 48 28
0.266758 0.139695 0.388063 106 108 94
0.279898 0.173070 0.379009 158 128 99
0.281123 0.174327 0.379463 141 112 69
0.285476 0.188064 0.377741 143 122 81
0.288795 0.196128 0.377410 133 107 75
0.291929 0.201849 0.375709 166 122 54
0.299201 0.214409 0.373764 141 113 85
0.300900 0.223160 0.373706 62 41 45
0.283274 0.183769 0.376914 157 147 98
0.293671 0.213580 0.371599 135 88 28
0.438953 0.125410 0.564797 0 38 50
0.437070 0.126609 0.563999 32 62 64
0.437987 0.129703 0.563285 0 40 50
0.433627 0.127924 0.561274 141 160 163
0.435971 0.130620 0.560467 0 45 65
0.425446 0.120702 0.554985 97 129 137
0.433820 0.142018 0.553653 125 139 133
0.436908 0.151067 0.551563 88 138 181
0.422907 0.117553 0.553194 139 155 163
0.428869 0.133127 0.550689 83 86 86
0.440058 0.156461 0.547093 0 40 54
0.438815 0.157740 0.546776 0 35 49
0.418655 0.116780 0.552697 121 146 148
0.419809 0.118323 0.551030 113 126 134
0.445558 0.183354 0.540309 0 74 95
0.415519 0.117355 0.549254 101 108 114
0.418441 0.118750 0.550055 116 119 116
0.420191 0.121598 0.549810 122 139 146
0.429250 0.145457 0.544062 137 164 165
0.418264 0.121823 0.545409 32 58 47
0.437862 0.184421 0.528526 90 101 94
0.398212 0.098756 0.541354 56 76 69
0.433176 0.178919 0.529474 102 126 117
0.440820 0.232517 0.504629 0 0 20
0.386470 0.267194 0.427193 136 157 174
0.365624 0.236106 0.426159 127 134 142
0.371393 0.254739 0.418274 126 142 146
0.355120 0.232169 0.417718 139 139 144
0.358570 0.240308 0.417950 141 145 148
0.364044 0.258228 0.410505 142 148 152
0.322127 0.176817 0.414697 133 129 126
0.268857 0.103229 0.405750 114 101 72
0.257076 0.076033 0.404951 143 122 98
0.255014 0.079464 0.403208 129 128 102
0.253863 0.080602 0.404452 127 93 66
0.261819 0.100432 0.400134 103 91 72
0.270198 0.116359 0.396934 135 113 87
0.315029 0.226904 0.380824 123 144 164
0.250197 0.067268 0.403762 125 110 84
0.249447 0.071257 0.401653 167 146 129
0.253424 0.077416 0.401280 178 149 131
0.255782 0.087544 0.401215 140 115 75
0.264371 0.107118 0.394607 116 94 103
0.275743 0.145335 0.387600 125 100 70
0.281764 0.153526 0.384856 121 104 82
0.288870 0.174016 0.382202 125 98 67
0.300508 0.203807 0.376502 115 84 52
0.300686 0.205573 0.377041 81 36 0
0.302662 0.209227 0.377365 61 23 0
0.305026 0.215836 0.374683 47 15 0
0.306855 0.219830 0.375423 91 89 84
0.310658 0.226942 0.374111 116 117 118
0.314020 0.232725 0.371064 106 120 125
0.267724 0.125235 0.389573 142 101 67
0.278558 0.157502 0.381517 135 106 71
0.286083 0.175667 0.378922 133 101 68
0.293511 0.190102 0.375741 123 100 68
0.299708 0.202775 0.374452 115 90 64
0.301630 0.206062 0.373941 107 94 61
0.302394 0.212753 0.372780 117 94 68
0.303339 0.217290 0.373771 79 50 19
0.306568 0.220970 0.373110 45 29 12
0.307253 0.223670 0.372053 36 24 15
0.308772 0.226649 0.370882 37 26 13
0.309005 0.228304 0.370551 32 20 0
0.310837 0.232985 0.368617 38 31 0
0.287860 0.177257 0.376805 139 99 73
0.300444 0.217450 0.369854 146 108 74
0.305011 0.228773 0.368722 108 44 0
0.305751 0.229486 0.366519 90 24 4
0.309011 0.234278 0.366825 44 7 0
0.311111 0.235943 0.366592 47 35 0
0.302654 0.226519 0.364906 157 103 60
0.281764 0.177378 0.371318 219 116 86
0.299184 0.218144 0.364465 172 124 90
0.439770 0.125468 0.561984 0 29 38
0.439495 0.127454 0.560899 0 37 44
0.437171 0.126561 0.558345 135 157 167
0.436556 0.128374 0.556979 133 156 167
0.427652 0.116487 0.553888 91 124 127
0.432573 0.125695 0.551954 124 123 112
0.421707 0.109463 0.551851 127 142 148
0.423708 0.112679 0.550637 124 141 145
0.424751 0.121662 0.551179 148 144 129
0.441566 0.155199 0.546424 0 37 59
0.441548 0.156157 0.546013 0 31 55
0.420899 0.111940 0.551336 125 142 146
0.422593 0.114924 0.550571 128 148 152
0.423531 0.118145 0.549935 132 147 159
0.424784 0.120316 0.549517 123 141 149
0.433146 0.142238 0.547018 86 103 105
0.418461 0.113944 0.545200 124 142 143
0.422215 0.120526 0.547871 126 144 153
0.423396 0.126677 0.543805 118 142 143
0.430819 0.143320 0.543956 133 162 174
0.431541 0.143474 0.543806 133 169 178
0.422359 0.127741 0.540253 108 132 141
0.422000 0.128814 0.539364 104 127 136
0.403057 0.092125 0.542373 69 70 59
0.414098 0.120321 0.539312 32 67 61
0.440144 0.185855 0.527043 99 113 118
0.441297 0.190904 0.523499 100 119 116
0.451801 0.219326 0.517101 1 18 11
0.397935 0.098455 0.532194 64 97 89
0.441155 0.219998 0.509511 0 23 23
0.368838 0.258204 0.411858 106 118 121
0.369068 0.263663 0.406265 132 138 142
0.372347 0.266672 0.406974 135 151 153
0.360228 0.250254 0.408348 142 155 156
0.359593 0.253803 0.402299 120 146 149
0.262442 0.090444 0.398932 112 103 74
0.265864 0.102194 0.394949 66 67 46
0.268255 0.113279 0.394151 128 110 84
0.272386 0.118151 0.390329 125 101 74
0.277547 0.129499 0.388698 122 98 82
0.317742 0.233561 0.373926 126 144 166
0.276779 0.134658 0.387643 120 108 85
0.281647 0.147637 0.384461 138 108 81
0.283255 0.154367 0.381867 129 109 84
0.297303 0.189271 0.377230 118 106 81
0.307940 0.215570 0.372849 82 57 29
0.314705 0.232073 0.369405 93 102 127
0.275605 0.141582 0.383000 141 121 104
0.276401 0.144480 0.382539 148 117 80
0.284011 0.158795 0.380204 123 111 107
0.299722 0.196179 0.374625 125 102 66
0.306243 0.214143 0.371189 109 82 56
0.307348 0.219945 0.370982 62 32 0
0.309198 0.221314 0.370264 92 60 25
0.310187 0.225419 0.369271 57 43 29
0.311881 0.228651 0.368753 54 29 8
0.312739 0.232047 0.368316 32 10 0
0.314353 0.235447 0.366739 35 20 4
0.315523 0.238019 0.365388 41 21 2
0.317549 0.241954 0.364045 17 14 8
0.294337 0.189626 0.373276 122 89 58
0.298316 0.197994 0.371720 138 128 111
0.300575 0.207950 0.371119 127 95 54
0.305748 0.222087 0.368484 134 114 87
0.311574 0.232240 0.364428 146 125 102
0.314891 0.238918 0.363358 113 78 44
0.315278 0.240754 0.362969 116 94 70
0.308611 0.231282 0.362464 133 106 78
0.445935 0.120694 0.565873 0 71 87
0.459989 0.159209 0.554780 41 54 63
0.439662 0.125281 0.558714 0 20 29
0.442345 0.128684 0.556546 0 35 46
0.442139 0.131744 0.557502 0 20 39
0.455249 0.159969 0.554571 3 89 124
0.426883 0.104246 0.556379 97 108 111
0.425339 0.103426 0.555946 90 87 90
0.427955 0.109569 0.551877 111 117 117
0.428027 0.111382 0.552240 105 122 115
0.432722 0.125050 0.550890 141 143 132
0.439785 0.139301 0.547456 61 67 57
0.423077 0.109462 0.550855 121 141 148
0.425846 0.113173 0.547260 108 109 98
0.436877 0.141665 0.542096 115 147 185
0.445351 0.166107 0.539406 69 96 125
0.425363 0.125018 0.542116 128 159 163
0.427895 0.134560 0.541051 123 141 152
0.422854 0.126474 0.540709 100 125 136
0.430015 0.141000 0.538477 118 141 148
0.432125 0.142241 0.537304 114 135 144
0.432656 0.149083 0.535479 108 131 130
0.458760 0.210798 0.524869 1 33 29
0.422892 0.128063 0.537121 106 132 146
0.403526 0.092246 0.540536 64 77 87
0.443276 0.185140 0.525371 105 117 121
0.445785 0.186401 0.524556 111 119 124
0.446871 0.192575 0.523477 106 110 123
0.453758 0.218993 0.517579 1 22 9
0.259354 0.054604 0.412922 127 112 90
0.266662 0.072727 0.410073 121 106 80
0.257364 0.062396 0.406895 147 128 104
0.284996 0.129762 0.394671 112 101 82
0.289399 0.145397 0.390556 121 98 70
0.250604 0.052276 0.402959 123 101 74
0.262554 0.085473 0.398764 120 107 76
0.265659 0.090166 0.397451 119 97 67
0.274577 0.108964 0.392835 110 96 59
0.276761 0.116081 0.391967 149 130 101
0.248946 0.051682 0.399620 95 77 77
0.251299 0.064080 0.399148 123 106 46
0.254408 0.063400 0.398997 110 84 71
0.262718 0.090443 0.392678 182 134 95
0.277039 0.123444 0.389740 119 104 83
0.301314 0.183860 0.379754 122 96 66
0.327460 0.248437 0.368049 142 151 160
0.265069 0.097487 0.390440 228 150 94
0.267680 0.108085 0.391009 134 106 79
0.275873 0.123167 0.385976 138 123 89
0.282898 0.143782 0.384648 122 106 76
0.311837 0.220198 0.369648 63 22 0
0.315335 0.225186 0.368769 81 58 33
0.319608 0.230575 0.367682 95 81 59
0.289123 0.166614 0.374657 133 113 94
0.291045 0.170387 0.374833 132 107 71
0.290693 0.172938 0.375682 125 99 68
0.298468 0.191286 0.371790 137 101 71
0.306865 0.207503 0.369045 125 98 66
0.312069 0.224975 0.365740 115 89 63
0.317491 0.237621 0.365210 55 33 6
0.318742 0.240439 0.363569 60 39 11
0.320002 0.243208 0.363176 52 33 10
0.322550 0.246732 0.361729 57 44 33
0.276418 0.142636 0.377733 117 98 68
0.298322 0.193737 0.366915 137 111 79
0.301022 0.198514 0.368120 132 105 69
0.308717 0.226420 0.363412 166 101 38
0.312663 0.233195 0.362165 140 111 79
0.316913 0.237978 0.360465 125 95 66
0.295930 0.200385 0.364580 140 116 85
0.314960 0.240589 0.357305 129 115 94
0.297235 0.220871 0.354664 148 107 62
0.450005 0.116633 0.564891 70 82 92
0.452138 0.121193 0.563790 0 88 106
0.454759 0.134711 0.562266 0 25 34
0.447935 0.119358 0.561768 0 87 110
0.454773 0.135013 0.561385 0 36 42
0.445548 0.117892 0.560895 82 87 87
0.444114 0.122701 0.559294 0 51 65
0.449756 0.128611 0.558142 97 81 77
0.457491 0.146879 0.555079 128 118 104
0.465685 0.165808 0.551855 0 24 66
0.443041 0.124391 0.556161 0 27 35
0.443430 0.129907 0.550769 63 75 80
0.434648 0.124537 0.548782 139 153 146
0.433374 0.121944 0.545925 141 155 156
0.435061 0.126164 0.547073 137 155 165
0.436028 0.129016 0.546959 141 149 143
0.424465 0.104358 0.546699 119 136 140
0.429870 0.114780 0.544381 119 118 118
0.431690 0.124523 0.541512 109 133 136
0.434432 0.131172 0.539675 133 145 148
0.439644 0.146655 0.538723 102 126 142
0.423585 0.109561 0.542394 109 131 137
0.422865 0.111990 0.543045 114 138 139
0.428420 0.124395 0.539643 123 145 153
0.431837 0.133248 0.539342 123 145 154
0.443913 0.159952 0.533474 94 132 160
0.428642 0.130268 0.534824 111 135 145
0.422257 0.116326 0.536755 118 131 134
0.422681 0.124569 0.534183 126 145 151
0.426890 0.135080 0.533846 124 137 148
0.406639 0.091843 0.538282 69 80 82
0.407012 0.094913 0.537562 48 59 58
0.455787 0.209546 0.518296 1 17 24
0.439287 0.168766 0.522099 101 109 110
0.454754 0.215553 0.512920 1 16 19
0.445109 0.218698 0.499740 1 38 40
0.286019 0.099222 0.406830 130 116 95
0.258458 0.051333 0.405400 124 102 76
0.260507 0.067442 0.401234 132 108 84
0.250701 0.043092 0.401605 124 106 84
0.264267 0.079214 0.396347 106 102 80
0.271884 0.098229 0.392784 115 103 75
0.255089 0.062010 0.397151 167 128 98
0.261384 0.075973 0.395178 138 111 70
0.270169 0.098611 0.391173 122 103 81
0.272214 0.106163 0.389231 94 93 75
0.281548 0.129780 0.384413 117 95 71
0.283183 0.133911 0.382465 118 109 101
0.290792 0.154192 0.377692 127 110 84
0.318648 0.229883 0.365957 82 55 24
0.325786 0.244934 0.364269 123 124 112
0.284296 0.143963 0.377140 133 103 74
0.301722 0.188706 0.368600 129 102 77
0.306467 0.199911 0.367294 127 104 80
0.310083 0.213927 0.364909 132 121 102
0.324198 0.240103 0.361236 53 24 0
0.322656 0.242269 0.361426 71 45 9
0.325189 0.249289 0.359391 73 55 36
0.276638 0.135989 0.374328 136 112 78
0.290100 0.166616 0.371025 123 107 82
0.302466 0.197509 0.365643 132 108 83
0.305539 0.206204 0.365257 121 87 53
0.312952 0.221610 0.362143 127 104 77
0.314766 0.227196 0.358524 144 110 88
0.314462 0.233004 0.359378 146 131 96
0.318578 0.235739 0.357351 137 108 84
0.319896 0.245515 0.357248 121 96 64
0.296942 0.195509 0.362890 133 116 91
0.303306 0.201234 0.362974 145 112 70
0.454552 0.118704 0.565458 0 63 84
0.451402 0.115725 0.563226 22 82 92
0.454326 0.124968 0.558524 0 41 55
0.452460 0.128541 0.557117 32 64 68
0.450181 0.130882 0.555244 0 19 42
0.458771 0.142897 0.553073 80 85 88
0.435053 0.113425 0.548552 126 130 121
0.436042 0.114800 0.547568 128 132 132
0.447013 0.145543 0.542425 115 130 126
0.450469 0.150795 0.540508 122 139 144
0.428878 0.102882 0.545803 114 132 140
0.434455 0.112559 0.545544 134 149 143
0.447368 0.147892 0.540155 110 145 134
0.449722 0.150621 0.539405 110 128 136
0.449526 0.151777 0.539626 127 142 145
0.426551 0.104208 0.544409 118 142 149
0.426868 0.106409 0.542683 116 140 146
0.437188 0.126821 0.540928 134 140 151
0.443725 0.152951 0.535358 115 131 134
0.425202 0.107504 0.541855 102 125 133
0.431206 0.123953 0.538133 123 131 139
0.432842 0.126723 0.535247 126 137 137
0.443110 0.151633 0.532140 98 130 141
0.446132 0.153784 0.533227 115 128 132
0.459356 0.187615 0.526774 87 85 106
0.430328 0.121324 0.536209 127 139 139
0.429196 0.128380 0.532191 113 136 142
0.434337 0.146144 0.528109 111 129 142
0.440041 0.154550 0.528614 108 130 142
0.436319 0.152918 0.526919 115 130 122
0.437507 0.153743 0.524560 120 129 137
0.454821 0.207981 0.510859 1 20 20
0.453783 0.224499 0.501607 1 27 32
0.267324 0.034080 0.420022 140 115 92
0.260426 0.023522 0.419431 130 113 96
0.277931 0.076127 0.405832 127 115 95
0.324088 0.204806 0.380384 123 135 135
0.270419 0.081626 0.394542 121 101 71
0.259552 0.058300 0.396416 149 118 77
0.259631 0.063123 0.395876 139 87 58
0.261568 0.066573 0.397576 155 135 109
0.262769 0.071161 0.394307 146 116 89
0.267365 0.080361 0.395797 129 102 72
0.260252 0.069957 0.394341 187 149 117
0.248486 0.040986 0.394292 130 110 68
0.280066 0.127363 0.380405 162 149 110
0.292056 0.147073 0.377407 148 121 95
0.290400 0.150514 0.376620 129 103 79
0.293651 0.157265 0.375808 143 122 96
0.327346 0.243069 0.360185 87 62 36
0.288731 0.150164 0.372215 128 110 83
0.300057 0.177157 0.368504 129 101 69
0.319261 0.225137 0.359936 122 100 61
0.328074 0.249456 0.358167 61 51 36
0.295444 0.174988 0.367941 136 109 76
0.306350 0.201192 0.362777 146 104 81
0.317289 0.231949 0.355427 136 110 81
0.321740 0.246375 0.352722 129 108 84
0.461254 0.119086 0.566511 0 42 71
0.461453 0.119202 0.566773 0 59 71
0.454650 0.114922 0.563290 72 73 82
0.470536 0.146405 0.557551 63 66 64
0.455107 0.119030 0.557350 56 74 76
0.453906 0.120631 0.556403 59 67 71
0.457329 0.129679 0.554845 47 34 36
0.464794 0.148909 0.551145 89 90 83
0.467237 0.152322 0.551261 79 71 54
0.467601 0.155722 0.551582 55 37 25
0.449662 0.119394 0.555572 101 110 107
0.452145 0.123972 0.554134 65 74 75
0.454526 0.130770 0.552380 78 70 68
0.459839 0.140112 0.552124 77 94 96
0.461330 0.141479 0.551276 63 70 69
0.470069 0.162851 0.546450 0 20 43
0.451672 0.123816 0.551614 45 62 52
0.451797 0.124506 0.550367 58 71 58
0.469140 0.164148 0.544530 0 42 72
0.468941 0.164243 0.543993 0 66 105
0.433461 0.095406 0.549053 117 128 132
0.437738 0.108059 0.545422 62 64 66
0.432098 0.102610 0.543476 129 148 155
0.432433 0.106774 0.542831 128 142 146
0.433661 0.108119 0.541745 124 139 141
0.434639 0.110017 0.541724 123 140 143
0.448838 0.145571 0.538891 112 129 137
0.429921 0.105749 0.541648 122 142 147
0.434337 0.116105 0.538653 125 140 144
0.435494 0.118440 0.541001 113 120 119
0.437664 0.126153 0.539674 120 136 139
0.446618 0.146647 0.533254 108 127 141
0.450022 0.151005 0.532754 120 134 146
0.427715 0.108084 0.539536 113 133 135
0.433602 0.117181 0.536172 122 136 135
0.441838 0.140251 0.530237 98 143 145
0.444583 0.147886 0.531685 119 128 135
0.448146 0.156051 0.531124 104 119 125
0.451271 0.159192 0.528955 115 119 129
0.433362 0.121136 0.533014 128 140 147
0.432097 0.128739 0.531633 129 143 151
0.444807 0.150446 0.527979 101 128 136
0.432840 0.128459 0.528399 116 138 147
0.438984 0.145165 0.525251 119 139 143
0.442084 0.153116 0.523114 119 124 134
0.466522 0.216737 0.514716 1 23 26
0.440442 0.152675 0.523428 115 120 118
0.439590 0.158992 0.521959 84 97 98
0.444017 0.168807 0.520434 104 123 133
0.425971 0.127618 0.523386 41 71 78
0.441307 0.164319 0.515847 91 109 103
0.443353 0.167885 0.517231 97 115 112
0.451597 0.187996 0.513301 103 117 133
0.458159 0.212694 0.509386 1 22 21
0.406830 0.093882 0.525168 63 78 74
0.458345 0.216869 0.504792 1 18 19
0.462383 0.238522 0.496303 1 1 0
0.413468 0.117178 0.515259 65 76 79
0.450410 0.208623 0.498756 1 18 25
0.264451 0.012188 0.424733 131 116 101
0.265143 0.038901 0.407547 131 113 88
0.255528 0.033685 0.401534 131 109 86
0.277192 0.089678 0.390091 140 119 92
0.260401 0.059130 0.394092 74 71 69
0.263969 0.064903 0.393927 137 115 87
0.266141 0.070902 0.393280 129 109 82
0.276817 0.091994 0.389576 109 94 69
0.258420 0.055808 0.394003 132 109 71
0.275955 0.103541 0.384622 118 99 74
0.279260 0.104292 0.384946 80 69 41
0.281596 0.112805 0.382248 136 114 89
0.281795 0.118675 0.382321 163 140 120
0.286919 0.126781 0.381913 123 103 77
0.289093 0.132241 0.377924 124 118 98
0.296024 0.147543 0.376116 133 110 82
0.260516 0.063628 0.389428 154 127 98
0.282562 0.121186 0.377896 57 70 62
0.296337 0.158081 0.372004 172 134 97
0.312969 0.203310 0.360299 121 102 80
0.313882 0.205156 0.361225 122 94 70
0.330404 0.246525 0.356921 82 61 34
0.333712 0.249560 0.354812 94 67 38
0.305587 0.196503 0.360556 135 111 79
0.317593 0.214914 0.357974 112 111 109
0.323450 0.236613 0.352544 125 102 74
0.317135 0.223676 0.354276 148 91 81
0.323884 0.246218 0.349275 133 103 74
0.256029 0.092602 0.369787 146 135 125
0.264680 0.118403 0.363463 182 133 91
0.272025 0.128551 0.361962 152 134 95
0.472854 0.142751 0.556491 50 43 42
0.474119 0.144861 0.555728 44 46 44
0.458287 0.115223 0.557861 60 79 89
0.457756 0.119827 0.553126 47 75 93
0.461681 0.134736 0.550950 48 51 52
0.463543 0.137875 0.550183 47 59 60
0.464402 0.140298 0.549594 65 74 81
0.468539 0.148030 0.550638 87 94 80
0.467851 0.150338 0.548501 75 76 73
0.455509 0.122585 0.551157 80 91 97
0.459028 0.128836 0.549955 94 85 59
0.458163 0.131258 0.550275 57 63 59
0.461322 0.134950 0.550621 49 55 54
0.462623 0.137709 0.549942 74 79 82
0.463170 0.140241 0.549606 85 88 86
0.468413 0.151767 0.547732 81 98 117
0.472439 0.163097 0.543651 0 39 60
0.448726 0.108806 0.551638 75 85 79
0.452802 0.117625 0.549821 103 106 109
0.456806 0.131922 0.549192 59 62 63
0.462835 0.142757 0.545858 114 120 113
0.454215 0.132837 0.543927 49 50 32
0.461907 0.152896 0.539495 47 36 30
0.454130 0.133456 0.541555 30 35 28
0.454850 0.144460 0.539136 114 129 128
0.460042 0.153325 0.539667 52 25 15
0.462161 0.155401 0.538311 79 64 54
0.434884 0.098956 0.544643 129 138 140
0.452317 0.137259 0.537130 133 148 157
0.452498 0.139343 0.536531 122 140 135
0.453979 0.144823 0.538642 117 128 135
0.455882 0.144783 0.537921 113 129 134
0.434253 0.104181 0.541630 131 148 152
0.435488 0.107681 0.539817 126 142 148
0.436244 0.111300 0.539663 138 142 136
0.452483 0.147071 0.534871 123 140 143
0.433374 0.107551 0.538867 123 139 143
0.437232 0.114433 0.538297 116 137 146
0.436503 0.116548 0.536119 126 141 144
0.452473 0.150614 0.531523 109 115 128
0.433228 0.114339 0.535666 120 128 120
0.435676 0.118948 0.534042 123 139 143
0.434488 0.120522 0.533001 127 139 142
0.444710 0.142132 0.528406 117 136 142
0.448077 0.150095 0.528452 105 118 130
0.455047 0.165757 0.525633 31 69 83
0.421851 0.092012 0.534666 125 141 152
0.426449 0.103929 0.534617 121 140 144
0.429275 0.111779 0.531034 120 138 144
0.431894 0.119966 0.530807 110 124 126
0.447204 0.155738 0.524069 113 129 133
0.448405 0.157642 0.523924 120 132 129
0.429412 0.117909 0.527141 116 134 138
0.427027 0.117682 0.526338 109 128 132
0.444167 0.158181 0.521263 111 129 147
0.447909 0.163654 0.518583 79 104 110
0.441717 0.160609 0.515588 98 114 115
0.448124 0.175138 0.514194 116 112 110
0.462429 0.211495 0.507396 1 18 13
0.426646 0.126556 0.518287 110 117 104
0.457845 0.208381 0.504257 1 18 7
0.268254 0.017451 0.418309 131 116 96
0.266562 0.038432 0.403619 134 110 87
0.291414 0.100256 0.392370 121 102 77
0.264225 0.052401 0.394567 123 106 86
0.271975 0.066155 0.392359 123 110 89
0.273904 0.073168 0.390446 128 103 77
0.254107 0.033243 0.397085 122 104 76
0.264185 0.052823 0.393974 134 111 88
0.272062 0.074603 0.389884 142 118 92
0.276496 0.090159 0.388061 124 108 88
0.275898 0.087167 0.385069 168 154 122
0.292384 0.131460 0.377227 108 88 65
0.287425 0.126136 0.376723 121 107 76
0.291811 0.134206 0.374428 134 113 90
0.295412 0.148088 0.371832 115 86 54
0.303316 0.169561 0.367417 123 97 65
0.296391 0.155560 0.369696 128 104 82
0.300384 0.161349 0.366035 137 106 65
0.323801 0.223168 0.353904 122 101 82
0.333443 0.256000 0.347755 133 113 90
0.316465 0.217877 0.350509 113 118 131
0.328697 0.240570 0.347551 119 107 75
0.331159 0.252919 0.345130 128 108 80
0.322962 0.233664 0.346244 118 106 56
0.324350 0.249121 0.341463 123 108 76
0.474038 0.140066 0.555960 63 68 66
0.475363 0.141101 0.555280 54 56 54
0.474469 0.142369 0.555366 59 50 47
0.475627 0.146996 0.554956 66 50 41
0.459731 0.114567 0.555373 54 51 61
0.458406 0.119078 0.552833 54 88 85
0.465302 0.133238 0.548572 111 106 99
0.465333 0.137939 0.549002 45 54 58
0.465862 0.139611 0.548585 41 40 49
0.470648 0.148502 0.549172 94 91 82
0.474025 0.152277 0.545877 68 76 51
0.475313 0.155019 0.545824 101 84 34
0.454701 0.112703 0.549612 115 111 111
0.457850 0.123874 0.548368 51 59 68
0.458929 0.126572 0.547677 54 62 68
0.462881 0.131197 0.547085 64 75 78
0.465604 0.139609 0.545464 95 114 118
0.474174 0.160082 0.542673 13 103 127
0.475472 0.161522 0.543189 16 23 38
0.454121 0.118238 0.547079 115 122 121
0.457861 0.126013 0.547442 57 62 68
0.464034 0.152332 0.539135 52 32 32
0.465463 0.154533 0.538402 60 61 35
0.463823 0.155368 0.537573 54 67 71
0.438438 0.097968 0.541664 141 143 145
0.439942 0.102163 0.540991 126 144 146
0.440376 0.104891 0.540021 133 150 153
0.441857 0.107896 0.538837 133 156 157
0.453673 0.138911 0.536500 129 148 162
0.438319 0.105912 0.539394 123 140 142
0.440101 0.109665 0.536894 116 133 138
0.400838 0.014562 0.551189 155 173 188
0.438027 0.109518 0.536716 118 134 137
0.455416 0.153854 0.529447 129 107 121
0.458127 0.158664 0.528230 95 136 145
0.440177 0.119519 0.529937 118 129 131
0.457890 0.159810 0.524029 109 130 141
0.471358 0.195900 0.517264 34 52 59
0.429236 0.099677 0.531463 121 140 144
0.431582 0.107698 0.529645 117 131 136
0.434918 0.116829 0.530182 127 138 139
0.447182 0.149852 0.523164 115 129 143
0.427490 0.102825 0.529616 119 140 142
0.432551 0.111492 0.527601 123 135 136
0.433966 0.117681 0.524013 126 139 140
0.429860 0.115127 0.523458 107 125 128
0.432144 0.116293 0.523501 117 125 132
0.442270 0.142587 0.517804 106 120 127
0.430084 0.117108 0.520416 109 120 125
0.445891 0.166196 0.511756 103 125 124
0.419522 0.105902 0.517129 104 98 84
0.457127 0.233059 0.483013 1 12 11
0.274849 0.066621 0.389798 170 141 115
0.283227 0.090255 0.386990 132 109 73
0.255068 0.027872 0.396138 130 106 81
0.262160 0.038637 0.392771 138 115 92
0.286579 0.103085 0.383747 127 111 84
0.254688 0.030744 0.393139 134 107 75
0.275984 0.084918 0.384883 198 168 131
0.280499 0.094882 0.380715 206 157 117
0.295769 0.136379 0.374959 136 109 77
0.262955 0.059154 0.386541 65 45 17
0.285886 0.111769 0.376253 152 130 106
0.295654 0.139601 0.372871 133 103 70
0.302322 0.157592 0.363717 131 109 84
0.338975 0.257218 0.347632 116 90 62
0.318776 0.209317 0.350846 140 110 81
0.326593 0.239834 0.345588 134 104 71
0.484200 0.145398 0.558149 173 172 164
0.481994 0.146092 0.555779 180 171 174
0.464039 0.102075 0.559878 57 80 83
0.474605 0.133328 0.552992 120 94 103
0.463840 0.117989 0.549089 69 93 99
0.463336 0.121231 0.548377 67 68 78
0.465642 0.127985 0.547745 65 64 60
0.468320 0.134785 0.545919 102 109 106
0.469855 0.137425 0.546295 101 99 88
0.474823 0.153350 0.544331 59 47 17
0.475480 0.154230 0.544491 64 53 25
0.462524 0.126657 0.547862 46 53 59
0.463433 0.129329 0.546250 56 52 48
0.465939 0.134180 0.544953 81 86 78
0.468262 0.137031 0.545363 111 129 132
0.458075 0.117607 0.543608 89 105 112
0.464111 0.142762 0.537109 94 92 68
0.442948 0.104490 0.539258 127 149 150
0.444107 0.107658 0.538292 129 145 153
0.456912 0.142143 0.532726 101 129 136
0.402343 0.010338 0.551156 133 159 176
0.403090 0.014053 0.550617 155 166 186
0.440386 0.105331 0.537470 113 133 135
0.443412 0.108863 0.534809 119 134 134
0.440219 0.108989 0.534356 118 135 136
0.441933 0.110460 0.533059 117 131 130
0.459677 0.156171 0.522215 117 133 135
0.463079 0.163834 0.522307 121 125 140
0.429029 0.088794 0.533106 120 141 148
0.439082 0.109038 0.531000 32 35 37
0.457694 0.156937 0.523960 126 136 136
0.428983 0.092288 0.531782 121 142 147
0.430615 0.096869 0.530248 123 141 144
0.431425 0.098871 0.529699 117 136 141
0.472893 0.212009 0.506865 1 23 24
0.453220 0.166418 0.509273 100 124 126
0.277435 0.025820 0.415648 138 119 99
0.281915 0.052828 0.401218 133 112 85
0.267863 0.025273 0.402433 136 114 92
0.275492 0.040627 0.399541 131 113 86
0.280516 0.065474 0.390880 138 117 94
0.279662 0.072987 0.390234 130 112 86
0.277035 0.063937 0.389019 160 140 111
0.278326 0.069834 0.389459 127 108 79
0.279712 0.077846 0.386180 197 165 149
0.281790 0.078767 0.387060 130 109 81
0.287377 0.091773 0.385828 124 106 78
0.256717 0.024124 0.395141 123 106 81
0.259186 0.035256 0.391179 125 107 90
0.287525 0.097766 0.381044 118 89 55
0.302479 0.143989 0.369048 133 100 74
0.341804 0.238925 0.351825 115 85 48
0.270417 0.069657 0.378055 153 121 93
0.276291 0.085290 0.376051 180 128 78
0.295886 0.134800 0.369037 131 109 79
0.274881 0.092763 0.372982 224 154 105
0.280939 0.104236 0.371874 152 119 88
0.312341 0.177329 0.356559 132 107 78
0.285689 0.115932 0.366684 196 104 75
0.305651 0.167709 0.358770 132 111 82
0.314025 0.194424 0.353554 117 98 76
0.320982 0.207717 0.350534 126 108 81
0.276946 0.100325 0.367383 205 178 148
0.321989 0.209019 0.348420 134 116 92
0.329998 0.234550 0.345381 131 109 80
0.337076 0.250937 0.338699 122 105 79
0.260965 0.069784 0.368903 231 191 202
0.315981 0.204607 0.344340 123 113 89
0.323819 0.223359 0.342697 138 114 76
0.333457 0.249404 0.338241 129 100 70
0.296978 0.171882 0.349061 143 131 114
0.294261 0.172541 0.343148 145 137 117
0.485342 0.146896 0.553778 144 136 127
0.467194 0.116378 0.550299 106 108 111
0.480780 0.154167 0.543588 99 84 52
0.468025 0.127844 0.545576 57 52 55
0.467791 0.128883 0.545280 70 66 59
0.471942 0.133651 0.544113 99 98 89
0.472805 0.135293 0.543584 97 102 100
0.479758 0.154491 0.542719 94 56 58
0.461511 0.113464 0.544413 82 83 77
0.466372 0.128938 0.544446 56 53 52
0.467043 0.129276 0.543851 50 46 52
0.476845 0.158499 0.536249 29 56 74
0.450679 0.111637 0.539100 66 54 45
0.458899 0.134257 0.528992 123 134 144
0.460225 0.139246 0.530759 120 134 141
0.405313 0.006428 0.548907 109 140 147
0.405275 0.008764 0.548279 107 140 147
0.406695 0.011658 0.547781 127 155 160
0.444985 0.106971 0.534268 116 132 135
0.456151 0.129170 0.529434 120 130 137
0.457634 0.135522 0.527331 128 141 149
0.458789 0.140748 0.527162 120 138 140
0.464690 0.157563 0.524889 106 129 136
0.467015 0.158333 0.523389 115 133 143
0.469317 0.163938 0.522060 115 129 143
0.455888 0.142124 0.523848 124 145 149
0.460210 0.148074 0.524604 123 141 147
0.459260 0.153292 0.522402 120 139 142
0.465496 0.159291 0.522333 113 137 139
0.434337 0.092698 0.528131 122 139 140
0.442986 0.116821 0.527482 127 132 135
0.454012 0.140683 0.521534 123 143 147
0.455351 0.146469 0.521785 128 143 153
0.461095 0.157364 0.521068 114 134 139
0.463818 0.159403 0.519156 107 129 129
0.475364 0.194998 0.511041 8 37 40
0.391143 -0.003004 0.544769 98 117 127
0.394302 0.001295 0.542720 110 149 158
0.397209 0.004723 0.541930 107 145 160
0.435879 0.100971 0.527021 119 129 129
0.439312 0.114724 0.524709 121 135 134
0.460224 0.159907 0.515949 104 135 130
0.465300 0.178100 0.513101 113 132 149
0.435983 0.112706 0.521280 117 136 130
0.436186 0.115597 0.518285 114 120 122
0.488440 0.240890 0.497781 16 41 45
0.477052 0.222764 0.499240 1 22 22
0.259717 0.009830 0.400821 138 118 98
0.285220 0.065450 0.389424 146 119 95
0.259214 0.010709 0.398959 141 123 101
0.260809 0.015269 0.395209 143 122 104
0.264938 0.024104 0.393462 137 116 92
0.284640 0.072391 0.389817 132 112 87
0.288614 0.085339 0.386471 130 111 85
0.262596 0.025458 0.390778 129 108 83
0.300899 0.115522 0.375971 121 107 79
0.285433 0.088812 0.377945 98 81 58
0.290313 0.096847 0.377049 135 128 105
0.256088 0.031414 0.383043 115 113 62
0.269083 0.061506 0.379886 151 122 101
0.299593 0.129136 0.366891 125 109 85
0.270401 0.067363 0.376854 156 125 102
0.277279 0.086376 0.373363 207 156 136
0.304761 0.149941 0.361029 118 108 78
0.307159 0.154061 0.360372 137 114 81
0.314272 0.173288 0.356269 127 108 79
0.315276 0.185966 0.354039 126 96 47
0.319022 0.193015 0.351427 130 103 79
0.322250 0.200823 0.350716 130 107 81
0.335657 0.238776 0.339943 123 103 75
0.274424 0.095102 0.363583 255 188 154
0.279816 0.111183 0.361538 180 143 107
0.281214 0.122013 0.355530 200 172 147
0.324959 0.222455 0.337872 138 110 98
0.327039 0.234763 0.337271 129 108 78
0.300953 0.173851 0.342788 147 107 91
0.470188 0.108484 0.550489 94 89 75
0.479044 0.130367 0.549332 92 57 60
0.464932 0.109451 0.546231 56 71 70
0.474222 0.135167 0.543696 95 98 102
0.477643 0.136486 0.541227 96 110 120
0.461313 0.108602 0.541478 45 58 68
0.461339 0.112874 0.542901 118 149 149
0.474631 0.139363 0.536352 0 26 79
0.480937 0.155232 0.534489 29 42 52
0.460934 0.111262 0.540658 60 72 73
0.471278 0.136161 0.537556 3 36 50
0.480030 0.157145 0.532543 20 50 64
0.459705 0.113064 0.537607 58 60 47
0.455716 0.109741 0.534568 53 65 62
0.469617 0.144475 0.530748 110 122 127
0.469021 0.148920 0.524764 48 64 76
0.405975 0.004712 0.548096 76 117 117
0.406417 0.006939 0.547694 94 129 138
0.449959 0.111606 0.528680 117 133 134
0.458666 0.134577 0.525762 128 142 147
0.460066 0.140675 0.525907 116 137 144
0.460967 0.141033 0.524946 119 140 137
0.469196 0.158724 0.523355 116 126 139
0.468310 0.161242 0.521404 117 131 138
0.470050 0.164525 0.522117 118 131 143
0.485657 0.198792 0.516427 0 31 24
0.438287 0.089628 0.530905 101 121 131
0.449731 0.113171 0.526583 121 133 133
0.452510 0.123928 0.524363 124 139 146
0.458215 0.136934 0.522153 124 142 147
0.458778 0.141586 0.521409 123 143 148
0.467373 0.159399 0.519339 118 132 132
0.482073 0.196586 0.514406 0 62 69
0.484898 0.206610 0.510576 1 41 44
0.439467 0.100529 0.524782 116 136 139
0.441088 0.100951 0.524280 114 135 140
0.451127 0.128170 0.521682 135 123 107
0.455852 0.139952 0.519632 123 143 149
0.457751 0.142512 0.518939 133 148 148
0.458086 0.146951 0.519131 127 140 149
0.464574 0.160894 0.518598 111 129 140
0.438910 0.102444 0.524578 116 138 142
0.442682 0.109391 0.523112 116 136 139
0.455752 0.143665 0.516524 118 144 146
0.477496 0.200919 0.506764 0 36 40
0.437978 0.108308 0.517916 114 135 134
0.440590 0.110400 0.520319 111 132 133
0.439534 0.113581 0.518233 118 136 143
0.459122 0.159656 0.509421 80 108 118
0.491337 0.235997 0.498381 12 44 52
0.392890 0.004471 0.534285 106 125 126
0.435768 0.105966 0.516463 98 130 133
0.459962 0.167742 0.507290 114 130 131
0.432864 0.108067 0.515629 105 121 129
0.436843 0.116314 0.511542 115 132 137
0.455351 0.163638 0.504542 92 110 125
0.483657 0.254738 0.481747 1 19 19
0.460060 0.218421 0.478248 1 13 11
0.282003 0.023295 0.409309 136 119 95
0.291230 0.057730 0.397800 133 121 102
0.282683 0.036814 0.397990 134 113 87
0.264982 0.008926 0.396912 140 123 101
0.276720 0.036585 0.394055 131 109 87
0.322534 0.152156 0.372263 133 106 74
0.258869 -0.002775 0.398323 132 113 91
0.262481 0.015809 0.394488 140 120 97
0.286495 0.066256 0.385349 138 116 93
0.285485 0.070488 0.384432 133 121 98
0.293896 0.085103 0.381284 125 107 83
0.268385 0.032057 0.389936 135 113 87
0.275341 0.049061 0.386541 100 79 57
0.280199 0.058762 0.386340 135 111 84
0.281602 0.064396 0.384030 150 118 85
0.288295 0.077717 0.379671 151 122 96
0.289749 0.084298 0.381121 129 131 103
0.290965 0.086237 0.379944 130 121 101
0.297087 0.102435 0.375342 111 95 74
0.268436 0.035419 0.384917 118 101 83
0.279474 0.063323 0.382826 120 97 69
0.302991 0.122269 0.368731 119 112 85
0.300440 0.123013 0.366539 184 125 104
0.308376 0.141044 0.365138 128 92 66
0.319430 0.172817 0.360070 128 99 72
0.266787 0.048898 0.379503 27 57 27
0.275838 0.071467 0.371204 144 118 92
0.294864 0.123797 0.361433 144 112 85
0.299377 0.127930 0.361944 167 140 109
0.301318 0.146600 0.357624 151 111 87
0.306763 0.155341 0.354708 137 112 87
0.347495 0.261475 0.337067 109 87 60
0.249294 0.017707 0.375477 104 76 16
0.313516 0.177220 0.347727 155 129 98
0.327751 0.218186 0.341058 129 108 80
0.296590 0.141997 0.351532 171 138 89
0.327134 0.218662 0.340219 124 102 76
0.337333 0.245351 0.331581 118 103 70
0.437098 0.019401 0.565180 181 242 255
0.437497 0.021486 0.564741 170 218 240
0.479480 0.133929 0.541553 127 116 94
0.480886 0.135665 0.540285 118 116 109
0.482296 0.139485 0.539891 78 102 113
0.464969 0.108409 0.540670 42 47 62
0.464768 0.109528 0.539207 39 51 52
0.474959 0.137654 0.535596 0 44 85
0.481428 0.154903 0.533659 40 14 38
0.424949 0.015492 0.554731 96 109 119
0.463541 0.110468 0.539235 45 63 47
0.467478 0.121521 0.533731 78 91 89
0.472269 0.133345 0.536256 0 59 90
0.474580 0.138363 0.533653 31 54 65
0.475094 0.140997 0.532174 53 57 59
0.473275 0.142930 0.530626 104 93 75
0.474347 0.145202 0.530305 115 125 127
0.417506 0.012842 0.548781 107 113 109
0.418747 0.014322 0.548283 99 113 103
0.459216 0.109176 0.532830 51 40 52
0.469946 0.143166 0.526758 73 100 101
0.413184 0.008878 0.547323 119 127 127
0.413152 0.009715 0.545361 100 132 128
0.418271 0.021314 0.542383 17 0 0
0.453417 0.121838 0.522533 126 136 141
0.455246 0.122420 0.520576 120 133 136
0.458735 0.133039 0.522252 131 146 150
0.440033 0.096025 0.525367 122 150 139
0.442929 0.101259 0.522094 112 135 139
0.456937 0.140399 0.516930 119 137 153
0.458916 0.140632 0.516124 121 141 145
0.440599 0.098848 0.522597 110 130 139
0.440752 0.100469 0.522298 104 129 136
0.444317 0.110671 0.519621 123 138 140
0.447779 0.119544 0.518096 112 131 131
0.459355 0.142009 0.514800 116 134 144
0.436400 0.093558 0.518034 79 92 41
0.439070 0.102109 0.518120 112 131 138
0.433545 0.095622 0.515510 111 130 135
0.438087 0.102154 0.515182 106 118 126
0.438871 0.108458 0.516415 111 132 135
0.439856 0.113115 0.513664 108 130 136
0.399558 0.020360 0.526912 107 137 135
0.433556 0.103828 0.512265 118 136 142
0.435441 0.107273 0.511482 115 132 138
0.467350 0.209087 0.486682 0 2 0
0.274354 -0.004084 0.410957 127 110 87
0.286485 0.053750 0.389737 129 110 83
0.260538 -0.001734 0.396699 140 117 94
0.267215 0.015332 0.390911 141 120 102
0.270708 0.021774 0.389913 140 119 94
0.271789 0.025450 0.387721 122 102 80
0.273467 0.032448 0.388911 136 116 93
0.277431 0.038755 0.387362 139 120 96
0.278557 0.041820 0.388284 124 107 83
0.285652 0.062711 0.382450 161 132 99
0.287800 0.065550 0.383856 130 105 80
0.290989 0.070520 0.382236 138 115 84
0.294169 0.081746 0.380131 124 102 77
0.264520 0.015929 0.389132 136 114 92
0.268408 0.019053 0.388295 127 107 84
0.271585 0.026854 0.386513 127 108 85
0.283452 0.060171 0.382312 130 108 79
0.283483 0.061225 0.382522 96 76 59
0.286244 0.069479 0.379994 152 127 101
0.287381 0.071308 0.382092 136 119 92
0.292885 0.087879 0.376039 149 122 102
0.313653 0.132559 0.367559 115 109 80
0.262940 0.013966 0.385787 103 90 70
0.271801 0.038570 0.382453 124 101 78
0.273584 0.043741 0.382527 107 86 61
0.296586 0.098470 0.373464 131 105 78
0.307534 0.126559 0.367205 120 104 80
0.268554 0.032661 0.381488 130 118 98
0.275281 0.049814 0.376772 124 100 75
0.283775 0.073869 0.375010 155 129 97
0.301809 0.118728 0.368448 148 131 105
0.305052 0.122625 0.365799 122 100 77
0.268473 0.038663 0.377701 53 27 19
0.306508 0.134981 0.361514 138 115 89
0.314725 0.157680 0.357131 160 131 101
0.263551 0.040589 0.370998 138 100 61
0.274947 0.067042 0.367808 221 127 78
0.252201 0.031502 0.368524 233 181 125
0.328992 0.214810 0.338353 130 105 80
0.332696 0.226133 0.336473 121 104 71
0.249991 0.024930 0.365563 102 56 58
0.248457 0.028685 0.365659 19 68 30
0.302445 0.158504 0.343089 180 153 124
0.491581 0.139194 0.547512 136 120 118
0.442548 0.023213 0.562615 171 213 234
0.437938 0.018548 0.562478 164 210 237
0.441113 0.020246 0.560970 179 217 235
0.440399 0.022781 0.559615 160 198 218
0.482374 0.135085 0.539818 148 132 118
0.483877 0.137449 0.537767 117 147 151
0.459551 0.081906 0.543711 80 62 67
0.466229 0.103426 0.541524 50 75 99
0.471603 0.110141 0.541971 78 76 68
0.475144 0.122972 0.540120 59 78 97
0.468564 0.110560 0.539121 63 75 75
0.474459 0.127850 0.534304 0 43 30
0.421993 0.007376 0.552812 112 147 147
0.424941 0.010386 0.550533 63 81 83
0.425725 0.012222 0.551965 54 102 116
0.466025 0.110554 0.537296 55 70 74
0.470135 0.122400 0.534185 97 100 79
0.475706 0.139025 0.531036 62 66 61
0.422533 0.009541 0.549546 86 117 124
0.424724 0.012192 0.550018 81 71 79
0.427120 0.021546 0.545946 147 73 104
0.427229 0.022681 0.546308 74 120 132
0.469370 0.124975 0.532452 56 78 77
0.421547 0.009520 0.546889 121 114 121
0.420188 0.014578 0.547052 97 101 90
0.425918 0.022064 0.546174 110 143 150
0.416214 0.004472 0.544199 106 111 104
0.417281 0.008662 0.545855 13 0 0
0.418606 0.015719 0.543708 87 48 60
0.420985 0.017720 0.542426 59 60 59
0.422507 0.019364 0.542671 17 0 0
0.416766 0.012720 0.540824 91 117 125
0.417554 0.015319 0.540389 35 24 26
0.419213 0.018716 0.540713 15 11 9
0.420053 0.019806 0.540694 5 0 0
0.424791 0.029014 0.538755 92 116 139
0.411246 0.009231 0.538175 104 115 107
0.428656 0.051321 0.534189 129 100 94
0.441804 0.095054 0.521577 115 139 141
0.456172 0.127028 0.513599 113 125 130
0.405520 0.009874 0.531984 125 135 138
0.407156 0.014189 0.529070 153 161 171
0.405155 0.020704 0.526954 142 156 161
0.436483 0.090678 0.515447 114 106 98
0.438212 0.097237 0.515047 111 127 132
0.438886 0.102213 0.511560 83 101 94
0.492472 0.237113 0.488418 41 53 51
0.464954 0.206933 0.480045 0 4 0
0.273492 -0.009137 0.409084 125 111 90
0.280611 0.005370 0.403207 117 101 74
0.308741 0.074267 0.392545 128 109 86
0.309543 0.086694 0.387264 121 108 76
0.284349 0.035538 0.390314 135 115 93
0.261405 -0.008962 0.396746 142 121 99
0.266933 -0.001308 0.393240 137 118 97
0.274257 0.018968 0.390975 136 115 92
0.280421 0.030281 0.389022 134 109 84
0.263504 0.000417 0.390971 129 113 93
0.266438 0.006982 0.390783 120 103 85
0.269425 0.015881 0.389755 139 119 97
0.277041 0.034345 0.385423 151 130 105
0.287695 0.058420 0.381667 128 108 84
0.292761 0.067098 0.380481 140 118 95
0.292394 0.072082 0.380490 129 115 88
0.303602 0.096068 0.374218 130 112 87
0.271801 0.021091 0.384989 133 114 93
0.303144 0.102293 0.370349 100 74 35
0.272308 0.030479 0.382339 126 110 86
0.274891 0.034641 0.379789 132 115 92
0.284521 0.059234 0.377711 109 96 71
0.293865 0.086362 0.372718 142 120 96
0.266453 0.021391 0.381634 36 30 35
0.286614 0.073232 0.372304 138 117 97
0.296862 0.096454 0.366921 145 108 84
0.300207 0.103891 0.366174 141 108 81
0.256321 0.006606 0.380101 108 84 87
0.276260 0.050520 0.372307 129 100 71
0.305230 0.124759 0.360324 156 155 128
0.315514 0.150573 0.355577 130 116 78
0.261669 0.033016 0.370584 194 165 141
0.283500 0.083955 0.363324 212 134 85
0.329348 0.201699 0.341907 121 106 77
0.249085 0.017712 0.364821 146 95 60
0.446280 0.016932 0.564164 146 205 248
0.479867 0.097349 0.550929 122 123 107
0.443466 0.023705 0.557647 157 196 219
0.442780 0.025890 0.556952 161 201 222
0.445210 0.027659 0.555030 157 200 217
0.462918 0.078328 0.546694 105 79 56
0.474346 0.110957 0.537172 58 66 66
0.480991 0.127514 0.535365 70 72 60
0.488284 0.140512 0.532855 121 131 132
0.425234 -0.001642 0.554401 115 117 107
0.479219 0.129813 0.534399 33 70 65
0.422914 -0.003064 0.552235 112 108 103
0.426109 0.009932 0.549749 112 95 99
0.426499 0.010523 0.548795 83 92 101
0.480731 0.144018 0.528206 78 85 81
0.419903 -0.002134 0.550015 114 119 120
0.424523 0.004946 0.548075 92 95 88
0.425447 0.008595 0.547406 86 85 82
0.426043 0.011316 0.547437 81 99 108
0.427104 0.017206 0.547077 119 106 121
0.427892 0.019557 0.545452 97 123 132
0.421046 0.007182 0.545544 83 92 86
0.423018 0.010080 0.545863 88 90 90
0.425258 0.013840 0.544887 71 88 88
0.426075 0.016023 0.544718 97 135 135
0.426558 0.018993 0.543558 39 129 141
0.417703 0.003835 0.544583 114 124 119
0.421990 0.009315 0.542161 124 84 83
0.422087 0.017425 0.540856 43 36 33
0.421730 0.018949 0.539924 3 0 0
0.418241 0.011038 0.540412 73 40 32
0.418928 0.014847 0.539213 63 61 61
0.419892 0.016397 0.538275 83 92 94
0.421416 0.019167 0.539061 15 12 14
0.423902 0.029107 0.537466 117 148 174
0.418469 0.016627 0.534747 18 0 0
0.461607 0.124418 0.515680 129 128 129
0.441414 0.084736 0.522036 114 127 120
0.457145 0.126064 0.510435 117 132 136
0.405796 0.006588 0.529594 120 127 120
0.409875 0.018776 0.528844 127 146 143
0.438845 0.097289 0.511224 92 102 99
0.300210 0.045651 0.396152 132 118 99
0.296829 0.048793 0.390123 130 111 87
0.285424 0.037533 0.385471 122 103 80
0.289035 0.048800 0.384472 130 116 95
0.291619 0.053491 0.384058 136 114 100
0.297420 0.070789 0.378829 140 114 87
0.267977 0.006613 0.387558 123 102 78
0.275649 0.021889 0.387452 138 118 96
0.277803 0.024153 0.383818 116 98 77
0.278070 0.029171 0.384714 138 118 93
0.282079 0.035911 0.382469 146 124 95
0.282628 0.039779 0.383477 120 99 73
0.291448 0.058489 0.380678 134 112 86
0.293332 0.062750 0.379441 133 106 79
0.298441 0.078700 0.375730 82 94 85
0.310585 0.102922 0.371958 81 84 58
0.270763 0.012598 0.383494 114 98 83
0.272738 0.022563 0.383200 136 114 90
0.280654 0.040242 0.379957 117 98 75
0.283761 0.043029 0.379508 99 81 54
0.292073 0.066852 0.376215 152 130 106
0.264448 0.005990 0.381443 142 120 111
0.268508 0.012773 0.382165 130 110 94
0.268134 0.017599 0.382350 84 70 54
0.271982 0.026647 0.379955 120 95 67
0.273253 0.028948 0.380230 151 122 102
0.282994 0.050961 0.373469 100 87 66
0.287710 0.063582 0.371441 128 100 68
0.290234 0.068364 0.374322 174 153 139
0.296834 0.082266 0.370957 207 177 147
0.306728 0.108187 0.364548 26 4 2
0.310271 0.118745 0.362022 146 132 112
0.259846 0.000910 0.379780 142 122 99
0.309919 0.125229 0.361224 123 108 87
0.272568 0.032331 0.373275 77 63 48
0.307073 0.125140 0.358208 168 143 112
0.321514 0.155396 0.351614 131 103 74
0.256224 0.006763 0.374809 36 34 43
0.274543 0.056972 0.362181 193 207 154
0.328857 0.191500 0.340803 128 106 75
0.255011 0.018674 0.366954 161 193 185
0.251648 0.012479 0.364477 121 75 30
0.328950 0.197411 0.335298 152 129 115
0.330677 0.203619 0.335047 127 99 69
0.298827 0.138162 0.338637 204 162 128
0.259942 0.051217 0.353690 134 107 81
0.345406 0.262482 0.312122 130 112 82
0.445717 0.016881 0.561062 153 201 223
0.468850 0.074411 0.548091 90 106 113
0.487759 0.125601 0.537888 146 186 185
0.433924 0.002510 0.556317 86 96 89
0.445361 0.029022 0.553700 152 190 211
0.464122 0.074094 0.543489 57 81 64
0.484339 0.126593 0.535481 117 108 106
0.486944 0.129031 0.535474 126 136 141
0.487147 0.133930 0.533762 49 82 83
0.492780 0.139589 0.533291 153 157 141
0.491749 0.142668 0.531887 100 143 175
0.429204 -0.001331 0.555202 113 104 94
0.434573 0.003378 0.553797 89 86 78
0.435455 0.004237 0.553053 85 90 80
0.486140 0.132978 0.533348 99 122 104
0.487571 0.137062 0.532715 127 140 129
0.490255 0.142238 0.531311 126 131 126
0.428318 -0.000164 0.551331 112 111 98
0.430629 0.003282 0.550221 100 96 83
0.430868 0.006281 0.549167 87 90 78
0.483771 0.132860 0.529680 44 40 35
0.483695 0.135653 0.527603 79 73 66
0.420767 -0.010912 0.552279 91 105 90
0.424101 -0.009107 0.551447 106 104 98
0.426723 -0.000353 0.547821 117 111 97
0.428124 0.004101 0.548336 92 94 80
0.429486 0.005520 0.546924 75 80 63
0.425700 0.000495 0.546997 120 108 94
0.427312 0.003702 0.546241 99 96 80
0.427132 0.008591 0.545313 65 70 64
0.427575 0.011687 0.544111 38 32 28
0.429232 0.012824 0.543064 0 0 0
0.481266 0.141541 0.521122 73 104 92
0.427244 0.014787 0.541040 7 0 0
0.425183 0.014821 0.539574 8 0 0
0.426178 0.018813 0.539143 2 0 0
0.423464 0.013001 0.536501 24 0 0
0.420985 0.016328 0.535606 110 133 141
0.424710 0.019689 0.534280 12 0 0
0.427068 0.029979 0.533265 80 101 117
0.423563 0.021379 0.532555 24 72 97
0.437958 0.058989 0.523461 151 128 113
0.415643 0.010146 0.530642 62 93 117
0.465088 0.130171 0.510278 133 126 116
0.410349 0.005133 0.530738 68 96 89
0.428456 0.057409 0.517920 100 111 103
0.440659 0.086120 0.512151 124 119 101
0.446876 0.096557 0.511316 105 109 96
0.286345 0.008088 0.396970 130 110 86
0.300347 0.044542 0.390813 121 104 80
0.300115 0.054433 0.384393 139 120 93
0.273227 -0.003708 0.391409 131 106 84
0.264920 -0.018918 0.393804 124 105 87
0.270464 -0.004900 0.389926 97 68 45
0.293598 0.055573 0.379728 130 113 90
0.271494 0.005203 0.387576 135 115 92
0.274086 0.008220 0.385257 132 113 91
0.278593 0.016134 0.383467 94 73 52
0.279972 0.020449 0.382921 84 65 44
0.280377 0.023789 0.381042 71 53 31
0.286169 0.040822 0.378474 100 81 55
0.291859 0.054812 0.376864 155 139 118
0.299525 0.068477 0.374210 146 127 103
0.298103 0.073315 0.374823 144 128 108
0.306140 0.084609 0.372415 128 103 77
0.272264 0.011720 0.381771 127 109 92
0.274113 0.014944 0.381442 109 94 77
0.273938 0.018536 0.380427 114 93 69
0.278422 0.022772 0.379189 82 57 33
0.281016 0.029159 0.379764 65 42 20
0.279227 0.031018 0.380162 90 67 43
0.286218 0.043758 0.375597 106 86 60
0.291717 0.058415 0.373360 167 125 89
0.293774 0.065737 0.373487 158 128 106
0.296391 0.068325 0.372590 149 138 114
0.300321 0.078796 0.368916 165 157 135
0.303487 0.084971 0.369649 190 119 92
0.271549 0.016794 0.380566 140 118 97
0.276687 0.028236 0.374687 102 77 47
0.283827 0.039727 0.374949 82 65 34
0.283854 0.048720 0.374709 106 86 61
0.289961 0.059113 0.370110 137 120 90
0.303770 0.096083 0.364096 155 140 114
0.338635 0.177933 0.350124 126 101 73
0.270898 0.023648 0.375866 78 74 38
0.273733 0.028041 0.372316 74 58 18
0.284693 0.048623 0.370331 114 90 69
0.285116 0.058671 0.367797 144 117 89
0.319024 0.146450 0.351001 135 123 102
0.273810 0.042526 0.366227 126 114 89
0.328106 0.173963 0.344238 126 98 63
0.369619 0.274127 0.325231 107 94 71
0.256349 0.005125 0.368327 136 136 112
0.266974 0.030156 0.363393 26 47 51
0.270021 0.046297 0.361226 159 139 133
0.345188 0.227976 0.330624 123 100 73
0.252860 0.010217 0.363436 106 78 42
0.437700 0.004189 0.553261 90 91 69
0.488395 0.121965 0.533446 164 163 149
0.488753 0.129609 0.532517 107 109 92
0.491463 0.129560 0.533031 83 92 91
0.491533 0.133742 0.530192 127 142 131
0.493611 0.137437 0.531060 127 145 143
0.493161 0.140569 0.531480 126 146 145
0.495810 0.144275 0.529600 145 150 145
0.432840 0.001356 0.551473 102 102 88
0.435705 0.004863 0.551019 86 89 74
0.466533 0.078684 0.538247 118 74 53
0.488056 0.128498 0.530966 116 123 119
0.488298 0.131345 0.528085 34 38 22
0.490271 0.134678 0.530809 123 141 124
0.493126 0.136623 0.528760 132 135 129
0.431180 -0.001008 0.550154 115 101 93
0.434191 0.006594 0.547839 79 90 78
0.487303 0.134482 0.524100 48 44 26
0.428263 -0.001164 0.547390 120 118 105
0.431521 0.006155 0.546376 79 85 77
0.432386 0.008197 0.544358 78 86 78
0.483996 0.136053 0.523999 59 69 72
0.418377 -0.015380 0.546826 104 108 100
0.429857 0.008042 0.544495 79 82 79
0.430555 0.009004 0.542394 84 90 83
0.432862 0.015904 0.539926 55 74 74
0.417317 0.007205 0.529654 52 76 97
0.469699 0.140591 0.506448 67 87 109
0.450406 0.095025 0.512304 107 115 99
0.441283 0.093576 0.501438 111 85 59
0.301798 0.042090 0.388362 126 110 88
0.302732 0.050559 0.385995 136 117 89
0.312348 0.072704 0.381287 128 112 85
0.320961 0.089974 0.378984 124 103 79
0.300163 0.044251 0.385979 123 108 89
0.299355 0.049105 0.384749 133 118 96
0.281573 0.011895 0.387751 114 103 87
0.298193 0.044832 0.382913 123 105 83
0.298900 0.049968 0.380492 127 109 87
0.289259 0.036131 0.380654 135 122 103
0.290763 0.040173 0.380909 130 111 86
0.295047 0.045222 0.378814 101 86 63
0.296059 0.050297 0.378090 115 100 83
0.299699 0.062350 0.375283 134 113 90
0.266435 -0.019549 0.387289 125 106 82
0.272592 0.000489 0.384271 132 110 88
0.277282 0.012772 0.381891 111 99 83
0.280719 0.019850 0.381234 83 62 40
0.281670 0.022877 0.380261 64 45 23
0.283230 0.025459 0.379083 56 30 0
0.287235 0.035161 0.377773 132 114 89
0.289385 0.039874 0.376909 99 82 58
0.272067 -0.001817 0.382286 114 91 69
0.273843 0.003356 0.380958 138 116 95
0.272602 0.006996 0.380465 147 121 104
0.276827 0.014572 0.380148 111 56 51
0.275486 0.015661 0.378806 100 87 64
0.278584 0.019058 0.378283 69 54 0
0.279651 0.022272 0.379755 81 61 42
0.282318 0.025131 0.377427 67 47 22
0.287754 0.040360 0.374279 84 66 43
0.289125 0.043034 0.372320 104 81 63
0.290168 0.045319 0.374764 95 82 64
0.290509 0.050268 0.374236 96 75 53
0.292628 0.056531 0.371451 158 130 104
0.298222 0.066343 0.370131 144 118 112
0.302286 0.076214 0.368002 141 120 97
0.304917 0.080418 0.368145 146 142 119
0.306206 0.086703 0.367062 142 124 104
0.309939 0.098860 0.365453 89 87 60
0.274327 0.012379 0.376424 128 107 82
0.275377 0.016657 0.376765 99 73 45
0.278877 0.023807 0.375133 114 89 64
0.278464 0.026477 0.374654 71 45 0
0.286045 0.040065 0.371390 90 70 41
0.286656 0.043776 0.370738 90 71 51
0.288176 0.046424 0.369681 128 111 92
0.288125 0.049878 0.368619 123 98 84
0.291528 0.052624 0.370215 133 111 82
0.291818 0.055423 0.370481 143 114 97
0.295214 0.062978 0.366825 154 135 110
0.314012 0.111963 0.358387 126 108 82
0.318011 0.117206 0.358700 119 100 73
0.274725 0.017533 0.373406 74 48 0
0.275570 0.021373 0.372948 77 59 27
0.288156 0.049402 0.367636 105 86 66
0.319295 0.133915 0.353456 131 106 77
0.275845 0.030061 0.367640 23 34 35
0.319381 0.138922 0.349585 136 116 84
0.324609 0.146606 0.348357 139 100 67
0.273435 0.035060 0.365724 50 26 15
0.307900 0.116553 0.349446 133 131 122
0.371208 0.270426 0.322539 105 92 70
0.259544 0.006885 0.366164 172 117 76
0.336511 0.190863 0.335364 131 106 75
0.295619 0.099436 0.350846 168 132 102
0.300025 0.109627 0.349247 255 162 148
0.350447 0.234171 0.324921 125 99 73
0.359776 0.256697 0.322393 127 110 82
0.362007 0.263048 0.321989 126 100 74
0.267424 0.035439 0.356689 154 132 110
0.279501 0.063028 0.352505 182 154 140
0.283931 0.078521 0.351416 181 154 141
0.355664 0.252310 0.320604 122 104 82
0.366325 0.274826 0.317312 113 98 74
0.303828 0.128877 0.337209 159 134 116
0.323255 0.180250 0.329860 137 126 103
0.327496 0.190831 0.329101 138 119 100
0.500985 0.136564 0.533121 174 130 83
0.438810 -0.012808 0.555470 119 97 72
0.493695 0.120208 0.534690 167 173 171
0.441834 0.004819 0.550287 86 97 82
0.496833 0.139481 0.527809 132 142 142
0.488565 0.122946 0.526215 136 127 115
0.492248 0.133757 0.524814 77 71 43
0.440511 0.009233 0.545220 59 106 98
0.494340 0.142458 0.520755 116 118 102
0.432688 -0.001723 0.542961 103 170 163
0.490182 0.140284 0.521469 111 116 107
0.492876 0.145282 0.518562 113 107 106
0.435316 0.012017 0.538795 51 69 62
0.460185 0.078123 0.523408 51 26 8
0.460003 0.080825 0.525064 121 108 99
0.433407 0.021624 0.532427 0 0 0
0.439086 0.032350 0.528863 44 72 66
0.459737 0.083793 0.521841 91 72 89
0.429607 0.021246 0.530969 34 44 43
0.432916 0.021404 0.529232 58 0 0
0.475576 0.126340 0.511695 133 130 124
0.443843 0.086760 0.506210 103 85 70
0.450687 0.103886 0.503707 108 86 63
0.443447 0.108325 0.489989 139 125 97
0.325904 0.033664 0.411174 70 68 65
0.322820 0.032052 0.409560 23 24 25
0.323855 0.033761 0.409707 25 28 27
0.319584 0.029062 0.408348 118 113 100
0.321392 0.031293 0.408071 48 44 39
0.321811 0.033374 0.407934 62 63 56
0.317171 0.029412 0.404020 108 103 93
0.319009 0.030588 0.405663 0 0 0
0.312219 0.042709 0.393521 131 117 95
0.308670 0.041037 0.388594 117 105 90
0.324096 0.075778 0.384097 139 119 98
0.289636 -0.000854 0.395661 109 92 63
0.305090 0.036586 0.388437 97 85 67
0.307202 0.046558 0.386189 135 115 92
0.302799 0.034183 0.386118 90 79 60
0.304696 0.042919 0.385536 122 106 83
0.307915 0.053151 0.383387 116 98 78
0.301258 0.036722 0.383014 99 84 72
0.302011 0.042140 0.382479 125 107 86
0.322138 0.091072 0.373777 126 113 92
0.298058 0.044323 0.378980 124 107 83
0.267097 -0.028125 0.388664 129 106 85
0.283464 0.015483 0.380992 103 96 78
0.296874 0.045323 0.374836 116 99 75
0.299278 0.049813 0.377060 144 118 91
0.272072 -0.013533 0.383819 124 108 88
0.272789 -0.007882 0.380747 125 101 82
0.276214 -0.003296 0.382887 125 104 83
0.277747 0.006276 0.382082 117 94 72
0.279318 0.008404 0.380430 113 89 65
0.281098 0.011424 0.379578 92 73 50
0.283551 0.015313 0.377356 72 49 27
0.283900 0.018435 0.376246 83 65 39
0.285828 0.025381 0.377163 58 38 23
0.288158 0.027490 0.375730 82 60 43
0.290928 0.039712 0.374251 99 77 54
0.291499 0.040105 0.373885 81 64 42
0.295141 0.051250 0.372733 130 114 89
0.299077 0.055105 0.370976 130 117 93
0.302883 0.064078 0.370678 91 75 59
0.305470 0.071514 0.370108 137 119 101
0.310279 0.082233 0.368472 132 112 89
0.311259 0.085067 0.368274 112 94 73
0.278707 0.015601 0.376990 100 81 61
0.282912 0.021522 0.374105 88 63 40
0.283478 0.024757 0.376321 46 31 0
0.284294 0.028335 0.373022 62 37 0
0.286612 0.032593 0.374237 125 104 94
0.289696 0.038989 0.373137 79 60 38
0.289054 0.040501 0.370765 87 72 53
0.297372 0.058899 0.369792 125 109 93
0.301040 0.066377 0.367399 140 76 44
0.302028 0.072108 0.366681 195 138 104
0.303964 0.074566 0.365388 180 150 139
0.314944 0.103204 0.361605 133 128 91
0.275451 0.006834 0.376011 130 106 83
0.280658 0.022402 0.372219 88 65 68
0.282755 0.023690 0.371963 146 133 117
0.287179 0.038366 0.371388 80 60 38
0.305799 0.083907 0.361614 158 123 96
0.311285 0.101700 0.359285 157 126 94
0.316356 0.113883 0.356105 143 112 82
0.317807 0.118590 0.355581 136 110 88
0.270272 0.004444 0.370620 135 118 99
0.276046 0.013715 0.370747 33 10 0
0.276119 0.019365 0.372026 75 59 30
0.278102 0.021076 0.370624 127 116 99
0.279685 0.025588 0.370801 66 59 42
0.287829 0.046497 0.365832 155 148 130
0.307443 0.100522 0.352878 178 117 97
0.327065 0.146714 0.346265 118 93 58
0.276002 0.027184 0.363975 27 15 3
0.335029 0.176032 0.338055 99 53 0
0.375091 0.272850 0.319726 109 101 86
0.344506 0.204022 0.331535 109 99 65
0.372470 0.274706 0.317595 107 94 80
0.343795 0.208933 0.329535 131 106 77
0.358368 0.244470 0.323273 121 101 75
0.370081 0.272666 0.316946 110 97 77
0.371397 0.274344 0.316838 102 82 68
0.309206 0.128809 0.337720 141 123 103
0.357076 0.248365 0.319020 132 109 66
0.364056 0.266334 0.314592 117 100 74
0.340719 0.228989 0.312417 155 123 88
0.495634 0.107968 0.537373 150 135 134
0.447722 -0.001915 0.555005 93 98 83
0.510538 0.147529 0.529314 61 92 113
0.447144 -0.002605 0.552704 93 81 53
0.494139 0.118575 0.532161 169 173 162
0.491208 0.122145 0.526336 142 139 127
0.494395 0.130572 0.522007 113 115 114
0.499017 0.145045 0.520995 137 112 87
0.507809 0.159969 0.520202 176 151 94
0.494316 0.136225 0.521710 99 118 115
0.494741 0.138741 0.520572 116 118 114
0.499844 0.145199 0.519052 126 113 92
0.494080 0.144991 0.514212 104 106 102
0.445524 0.038130 0.528327 20 67 74
0.439807 0.030838 0.529133 22 49 49
0.442484 0.033191 0.527232 30 69 69
0.444059 0.038070 0.526393 38 59 48
0.443120 0.043220 0.526131 19 54 56
0.418531 -0.018943 0.534405 106 116 104
0.439730 0.035434 0.523733 15 19 3
0.459021 0.085347 0.517324 95 103 93
0.433711 0.032127 0.522427 6 37 33
0.436972 0.039150 0.521073 7 46 47
0.408039 -0.035196 0.531886 102 80 53
0.433996 0.029739 0.520739 13 36 46
0.451991 0.084140 0.507909 123 96 63
0.456454 0.095471 0.503815 116 109 90
0.413970 0.029718 0.502352 70 72 61
0.444889 0.099371 0.490200 120 106 86
0.322443 0.027065 0.409093 118 119 115
0.323896 0.031231 0.408169 38 47 55
0.324673 0.032778 0.408339 29 35 38
0.325575 0.037032 0.407811 136 123 111
0.321409 0.028533 0.406356 110 121 126
0.322684 0.030277 0.405891 77 92 101
0.324227 0.034271 0.404989 109 108 98
0.319346 0.028090 0.403265 99 96 85
0.320858 0.029899 0.403305 70 75 73
0.321082 0.033775 0.403634 86 138 148
0.322379 0.037847 0.400377 126 118 105
0.313007 0.018817 0.400429 129 118 83
0.317189 0.029059 0.399732 92 87 75
0.318281 0.030817 0.399872 70 66 56
0.319839 0.034570 0.400557 94 124 136
0.309873 0.017518 0.399064 112 90 64
0.314432 0.029172 0.397575 90 81 66
0.315756 0.031587 0.396427 84 75 60
0.316616 0.035587 0.394819 103 111 112
0.313545 0.029847 0.394985 44 35 28
0.313968 0.032979 0.393842 80 71 58
0.314280 0.035069 0.393380 80 73 63
0.316655 0.038627 0.392998 139 120 94
0.306314 0.016341 0.395086 106 74 47
0.311571 0.030608 0.392167 83 68 51
0.312124 0.033264 0.391730 93 76 54
0.312318 0.035355 0.390430 73 67 59
0.313166 0.038942 0.391838 117 116 102
0.306361 0.027121 0.391912 85 60 0
0.308134 0.030852 0.390864 93 70 32
0.309779 0.034383 0.389002 65 52 33
0.310066 0.036464 0.387680 75 66 54
0.310855 0.039018 0.387589 124 115 105
0.306160 0.034584 0.386212 69 52 32
0.307813 0.037038 0.385360 108 98 79
0.304591 0.035095 0.383623 91 69 44
0.304880 0.037987 0.382953 114 103 89
0.301508 0.032197 0.380625 76 51 21
0.302118 0.034671 0.380755 68 49 21
0.302014 0.038438 0.380668 113 110 96
0.315310 0.065130 0.375734 121 106 84
0.298795 0.031256 0.379539 101 74 45
0.300561 0.034891 0.377995 121 102 75
0.300196 0.038565 0.377861 121 107 84
0.279009 -0.007970 0.381308 108 87 64
0.296370 0.037412 0.373709 89 71 52
0.305206 0.058270 0.370377 143 126 97
0.281679 0.007983 0.377880 95 72 50
0.283515 0.008977 0.377448 85 64 44
0.283786 0.012122 0.377921 81 61 41
0.285763 0.016488 0.376755 68 51 31
0.286816 0.020175 0.376800 95 82 63
0.288415 0.027223 0.373987 57 39 26
0.291137 0.028490 0.373899 73 53 32
0.293118 0.034433 0.371218 58 42 23
0.296447 0.044571 0.370010 145 127 101
0.301676 0.054208 0.368899 143 122 93
0.301967 0.058993 0.370287 124 110 85
0.307852 0.064552 0.368309 131 118 101
0.307689 0.070776 0.367383 129 105 80
0.311831 0.078695 0.366190 132 116 98
0.319075 0.097302 0.361089 121 114 91
0.275620 -0.002780 0.376985 112 97 76
0.276692 0.001416 0.376625 114 95 72
0.277746 0.003859 0.376184 105 78 60
0.279668 0.008707 0.374671 112 84 61
0.282640 0.011374 0.374643 58 43 23
0.282552 0.011854 0.374778 66 44 23
0.285052 0.020652 0.374252 64 46 32
0.285960 0.023426 0.372655 86 60 43
0.288570 0.027578 0.369869 46 19 25
0.289627 0.030329 0.372374 55 43 28
0.290337 0.033503 0.371100 61 54 43
0.293530 0.039984 0.367742 124 106 82
0.297793 0.049691 0.367799 139 119 93
0.297731 0.052930 0.366436 141 125 104
0.316072 0.099316 0.360306 111 90 61
0.285193 0.023589 0.370332 54 56 47
0.286262 0.027716 0.370173 35 23 18
0.288618 0.034963 0.369524 74 59 39
0.291559 0.040343 0.365841 70 73 66
0.296839 0.056889 0.365363 136 125 110
0.317491 0.106807 0.357532 118 104 77
0.350797 0.186666 0.341825 126 103 76
0.277454 0.011475 0.368380 144 113 103
0.277353 0.015176 0.369785 53 28 0
0.277806 0.018672 0.367434 83 0 0
0.280602 0.022003 0.366820 107 92 96
0.292177 0.046801 0.362045 104 69 45
0.309861 0.093849 0.356465 154 123 114
0.325075 0.136393 0.347580 131 102 73
0.331237 0.148598 0.345455 128 97 67
0.264102 -0.014130 0.371545 132 115 94
0.287433 0.045593 0.362220 100 107 108
0.319507 0.128515 0.346703 139 107 79
0.331321 0.157143 0.337947 36 27 0
0.363842 0.244111 0.323025 118 94 64
0.369609 0.261528 0.319278 90 69 37
0.372174 0.264089 0.317466 100 87 67
0.373439 0.273661 0.316037 89 85 74
0.376401 0.275792 0.315333 147 162 169
0.283961 0.056906 0.352102 166 164 162
0.343096 0.200493 0.327598 126 96 69
0.349027 0.213272 0.323571 114 90 58
0.362097 0.245157 0.319774 127 97 65
0.368505 0.258053 0.316420 110 94 68
0.366201 0.259737 0.315441 86 86 66
0.369040 0.263971 0.316432 104 91 64
0.371071 0.268715 0.315265 115 110 101
0.371734 0.269509 0.315694 110 101 91
0.373768 0.274154 0.313783 106 108 104
0.282439 0.061591 0.348050 191 165 161
0.293695 0.082838 0.344635 174 133 99
0.295118 0.091186 0.341956 161 118 95
0.355484 0.234232 0.319252 115 88 58
0.361372 0.245868 0.316056 102 75 43
0.371545 0.274889 0.309615 195 122 88
0.371826 0.276468 0.311340 161 167 196
0.360794 0.253976 0.313008 79 79 59
0.256903 0.012165 0.350160 150 101 32
0.263066 0.022389 0.349472 98 68 48
0.323327 0.172301 0.324190 146 134 119
0.346327 0.243044 0.304876 131 127 101
0.451268 -0.006941 0.553791 96 92 59
0.451980 -0.005927 0.554151 83 86 57
0.454777 0.001762 0.556505 93 83 72
0.455338 0.004664 0.553875 90 87 67
0.511370 0.141695 0.528931 107 82 48
0.446973 -0.010328 0.553914 116 81 62
0.446352 -0.007402 0.553289 97 87 66
0.449912 -0.003643 0.554280 99 103 89
0.452819 -0.000796 0.552655 90 82 56
0.452704 0.003696 0.552664 88 76 72
0.455732 0.006013 0.551444 97 89 71
0.454876 0.008191 0.551228 103 107 77
0.511384 0.148584 0.527056 59 102 120
0.440996 -0.018787 0.553211 128 93 62
0.440592 -0.016216 0.551869 117 90 60
0.445994 -0.005919 0.549462 103 85 59
0.446867 -0.003632 0.548917 93 85 62
0.445997 -0.004739 0.546616 120 91 44
0.508406 0.151959 0.521008 120 112 69
0.444500 0.002204 0.543764 79 66 40
0.493389 0.123244 0.523839 149 131 126
0.495599 0.131300 0.521118 124 105 98
0.499574 0.135184 0.519653 127 128 121
0.440228 -0.000872 0.542660 67 146 157
0.494937 0.132574 0.520247 120 112 96
0.496765 0.135993 0.518772 108 102 104
0.497988 0.137704 0.517820 103 113 116
0.500901 0.143906 0.517844 133 137 137
0.497651 0.140540 0.514487 102 110 102
0.499635 0.149094 0.515274 108 121 116
0.501107 0.151016 0.513419 94 114 111
0.478067 0.116079 0.513073 121 116 104
0.440831 0.031823 0.521715 40 50 46
0.410855 -0.039744 0.532581 78 73 49
0.435696 0.033517 0.516773 54 46 52
0.431148 0.033379 0.510406 43 85 61
0.454561 0.084393 0.503476 114 87 65
0.447718 0.077070 0.500692 146 128 108
0.447426 0.090470 0.493806 54 65 59
0.449160 0.093723 0.495494 69 76 69
0.446959 0.091598 0.491711 93 81 64
0.325620 0.030277 0.406107 147 156 159
0.318286 0.012044 0.404754 125 97 74
0.323877 0.026301 0.405642 113 131 128
0.323799 0.029515 0.404252 95 109 117
0.325593 0.032566 0.401964 82 80 74
0.327353 0.035223 0.404550 133 127 119
0.313678 0.007629 0.403606 103 87 67
0.315906 0.010656 0.403468 96 61 0
0.316564 0.012939 0.402496 97 71 51
0.321269 0.027602 0.402074 122 129 128
0.321984 0.029403 0.401654 110 130 144
0.324218 0.033538 0.400504 119 139 146
0.326996 0.042001 0.400404 145 130 112
0.312398 0.007085 0.400983 99 67 38
0.312283 0.009877 0.400526 85 57 28
0.313349 0.013372 0.400319 78 53 27
0.315355 0.016785 0.399528 79 52 28
0.316318 0.019089 0.398515 91 58 22
0.318792 0.028552 0.398816 54 50 44
0.319729 0.030281 0.398406 77 91 97
0.321870 0.033104 0.397830 92 114 122
0.324536 0.035146 0.396665 131 128 120
0.325964 0.039840 0.395666 120 114 101
0.308671 0.008371 0.397090 102 69 36
0.309721 0.011025 0.398526 91 64 35
0.310739 0.014407 0.397381 71 40 7
0.312627 0.017385 0.397034 56 30 6
0.312974 0.020467 0.395812 68 46 27
0.316689 0.028426 0.395708 83 75 66
0.317384 0.030911 0.395769 65 67 65
0.318412 0.033339 0.393961 111 126 129
0.306592 0.008560 0.395633 84 50 17
0.307886 0.010908 0.395382 71 40 11
0.309281 0.014268 0.395547 71 40 7
0.309902 0.017588 0.394660 76 51 18
0.312026 0.020694 0.393967 86 58 29
0.315216 0.032078 0.392811 68 67 61
0.316123 0.034006 0.391715 79 88 90
0.319346 0.036278 0.391034 129 135 126
0.305930 0.009144 0.393688 82 44 0
0.305445 0.010573 0.393033 84 50 14
0.306306 0.014883 0.392250 99 56 8
0.308531 0.018571 0.391851 71 38 3
0.309305 0.021858 0.390307 58 28 0
0.312026 0.023934 0.390673 92 61 38
0.312656 0.029556 0.390969 120 106 87
0.313026 0.032793 0.389924 67 60 49
0.313949 0.034675 0.389326 66 77 81
0.315209 0.037399 0.389394 125 131 118
0.301635 0.009268 0.389166 58 0 0
0.303016 0.012234 0.390184 76 41 10
0.303524 0.015544 0.390107 76 46 16
0.305348 0.019621 0.388793 61 34 3
0.306276 0.021505 0.388526 66 39 0
0.308441 0.025477 0.385947 64 45 0
0.310923 0.032750 0.386633 100 89 73
0.311498 0.035712 0.386598 75 82 77
0.312601 0.039185 0.384939 128 124 109
0.299346 0.010293 0.387393 81 49 16
0.300641 0.011438 0.386990 80 44 6
0.300833 0.015883 0.388146 92 57 0
0.302382 0.019641 0.386213 66 37 4
0.305140 0.022267 0.386401 70 38 0
0.306935 0.030839 0.384717 117 108 84
0.307731 0.033691 0.384521 40 23 9
0.308543 0.036374 0.384216 61 59 50
0.297440 0.009915 0.383769 83 48 24
0.299262 0.012304 0.385037 62 28 0
0.299093 0.015788 0.383499 91 55 9
0.303145 0.022465 0.382870 55 29 0
0.304811 0.031367 0.380149 46 25 0
0.306076 0.033107 0.381672 72 61 45
0.307587 0.036478 0.381192 102 112 112
0.307208 0.038823 0.381683 141 122 98
0.297172 0.014420 0.382154 85 41 0
0.301088 0.024581 0.378870 71 44 28
0.301488 0.028404 0.377749 32 0 0
0.302482 0.031119 0.379409 62 32 5
0.303637 0.033377 0.378952 62 54 43
0.304862 0.036420 0.379534 80 65 47
0.294711 0.014089 0.378351 86 51 0
0.297598 0.025085 0.376416 73 43 9
0.299376 0.027781 0.376889 70 44 14
0.299335 0.030252 0.376781 62 42 16
0.300279 0.033977 0.376070 73 64 48
0.281160 -0.007938 0.379672 105 86 62
0.283946 -0.003325 0.378463 104 83 62
0.294108 0.022618 0.374323 87 63 39
0.296193 0.024651 0.374825 66 41 6
0.298350 0.028875 0.373987 96 62 0
0.298284 0.031337 0.372689 99 104 107
0.300823 0.034929 0.372453 69 65 44
0.301996 0.041418 0.373320 114 99 73
0.315511 0.073196 0.365223 129 112 89
0.277737 -0.008803 0.378198 125 103 82
0.282691 0.006113 0.375514 88 67 46
0.283729 0.009350 0.375127 75 54 34
0.288686 0.014778 0.374237 56 36 17
0.292280 0.022465 0.371583 65 46 24
0.293735 0.027985 0.370869 72 53 28
0.294263 0.031633 0.370427 92 84 65
0.298077 0.037789 0.369124 116 100 79
0.302339 0.052696 0.367609 143 117 87
0.316090 0.085571 0.362908 112 109 87
0.269116 -0.029267 0.377459 115 104 85
0.277310 -0.002774 0.375312 120 96 72
0.280411 -0.001914 0.375054 112 91 65
0.281463 0.001229 0.374746 101 79 55
0.281693 0.006389 0.374194 90 70 44
0.288936 0.023141 0.372247 67 46 22
0.290873 0.023537 0.369060 36 23 0
0.292404 0.026967 0.370146 87 51 33
0.298837 0.045712 0.364908 149 135 111
0.304529 0.057879 0.363280 148 120 100
0.311362 0.082302 0.360076 146 147 138
0.275201 -0.008731 0.372333 134 111 90
0.281025 0.011785 0.368517 64 37 0
0.299588 0.056178 0.363854 125 114 91
0.312738 0.088675 0.354483 130 102 73
0.278534 0.014457 0.365304 132 110 93
0.288102 0.035502 0.362197 46 48 44
0.293361 0.049714 0.361233 132 121 117
0.312347 0.094206 0.354328 151 128 103
0.327990 0.134006 0.345527 137 102 66
0.291250 0.048249 0.357090 162 126 109
0.337480 0.157988 0.339261 124 102 73
0.288886 0.048549 0.355089 196 172 149
0.266299 -0.004074 0.360448 136 114 96
0.333027 0.163008 0.335162 145 122 96
0.355920 0.216852 0.325410 134 107 86
0.369842 0.252530 0.315619 110 96 76
0.371039 0.256116 0.316199 99 86 73
0.371636 0.257638 0.315738 92 90 77
0.373177 0.262518 0.315767 119 113 100
0.376148 0.266875 0.314659 139 170 164
0.377089 0.269092 0.314274 146 163 170
0.376514 0.271775 0.313916 145 160 165
0.378188 0.274841 0.312975 149 163 166
0.358244 0.231345 0.320181 119 97 66
0.369390 0.252908 0.315597 112 97 73
0.368758 0.255240 0.315338 105 89 67
0.374836 0.268592 0.311470 87 86 83
0.373426 0.272155 0.312035 108 134 147
0.377028 0.275799 0.311915 140 162 169
0.377308 0.278213 0.312783 152 171 181
0.262373 0.000708 0.353927 148 125 100
0.359340 0.243719 0.313147 122 95 38
0.372233 0.269737 0.310327 124 175 248
0.306829 0.113460 0.332964 177 139 121
0.355756 0.241589 0.311536 100 93 56
0.368820 0.268573 0.305686 131 141 169
0.254683 -0.003046 0.352334 126 100 55
0.332338 0.180560 0.319433 119 108 84
0.457378 -0.012779 0.557700 87 94 66
0.457789 -0.012182 0.558131 91 84 62
0.462043 0.003630 0.556963 92 84 67
0.458849 -0.002686 0.555276 93 83 78
0.459510 0.000510 0.553916 90 81 66
0.459601 0.002221 0.554604 91 82 66
0.461164 0.006316 0.553350 93 88 67
0.458424 0.000116 0.552975 92 85 61
0.458056 0.004105 0.551319 98 85 65
0.461740 0.010371 0.548834 103 87 64
0.513287 0.138877 0.528617 129 95 60
0.514226 0.141931 0.528013 104 85 57
0.451983 -0.002951 0.551185 91 81 60
0.457116 0.007537 0.548387 97 91 70
0.457551 0.009576 0.546895 96 93 72
0.451698 0.003455 0.546925 96 85 60
0.457978 0.010467 0.545500 105 95 72
0.446569 -0.007243 0.547267 113 87 47
0.449709 0.002895 0.544250 98 85 58
0.445481 -0.002985 0.543917 104 74 26
0.448896 0.003592 0.542056 96 87 59
0.501787 0.129368 0.519485 125 121 118
0.502420 0.133001 0.518485 123 111 111
0.502443 0.141453 0.513619 105 109 110
0.502878 0.145493 0.510746 98 110 112
0.494864 0.140691 0.508478 101 107 102
0.415371 -0.043438 0.533707 72 77 68
0.410900 -0.041188 0.529117 65 63 51
0.405818 -0.047577 0.529819 79 78 51
0.407333 -0.038882 0.525274 80 69 49
0.433058 0.026288 0.514091 31 48 40
0.434802 0.028855 0.511715 64 45 46
0.438582 0.040877 0.509270 66 67 49
0.460391 0.092902 0.499898 118 105 98
0.450023 0.082621 0.496605 134 110 79
0.450940 0.086223 0.493231 86 92 74
0.452295 0.090706 0.490989 63 62 64
0.421743 0.027093 0.501616 66 129 157
0.447163 0.106068 0.481246 131 118 98
0.320808 0.004239 0.405572 98 72 43
0.322530 0.006662 0.406599 93 75 62
0.322779 0.010952 0.405599 108 84 59
0.323785 0.012887 0.404851 119 94 68
0.317736 0.004492 0.404274 79 61 46
0.319067 0.008068 0.404231 75 50 29
0.320848 0.010498 0.403924 75 48 21
0.321759 0.014362 0.403172 97 71 42
0.322258 0.016771 0.402859 123 99 70
0.326085 0.028345 0.400262 103 103 97
0.314739 0.001782 0.401275 98 65 38
0.315623 0.005522 0.401410 95 63 30
0.317220 0.008530 0.402170 80 48 12
0.317540 0.011633 0.401258 70 45 20
0.319435 0.014602 0.400551 67 38 9
0.321308 0.017880 0.399277 90 62 32
0.313355 0.002418 0.400561 105 71 44
0.313013 0.005315 0.398869 85 53 23
0.314205 0.008355 0.399420 81 54 16
0.315613 0.012260 0.398706 76 43 6
0.317246 0.015468 0.398567 66 37 6
0.318409 0.018406 0.397479 93 63 20
0.319473 0.021038 0.394936 104 74 21
0.320890 0.026471 0.396681 116 104 85
0.322166 0.030902 0.395549 120 168 194
0.322581 0.033066 0.395544 130 137 137
0.325505 0.035670 0.394963 93 79 66
0.327811 0.043076 0.392672 137 123 107
0.310144 0.003509 0.397859 98 64 32
0.311287 0.005533 0.397149 88 52 13
0.311238 0.009709 0.396567 75 45 5
0.312559 0.013007 0.396170 91 41 0
0.314287 0.016544 0.395728 51 26 0
0.315704 0.019938 0.394030 67 36 0
0.317139 0.022017 0.393702 72 44 12
0.321203 0.032656 0.392639 91 109 101
0.321546 0.036791 0.391501 81 69 56
0.323540 0.040429 0.390028 133 122 110
0.309147 0.003303 0.394381 81 43 8
0.308780 0.007441 0.394670 107 61 13
0.308993 0.009666 0.394250 101 56 0
0.313245 0.016157 0.391778 76 20 0
0.313470 0.019812 0.392365 56 24 0
0.315385 0.021421 0.392871 74 22 0
0.317210 0.032979 0.390229 90 99 108
0.305093 0.004186 0.390135 91 62 31
0.306074 0.007068 0.391939 102 62 12
0.307146 0.010042 0.391355 88 48 0
0.307571 0.012522 0.388850 17 0 0
0.309229 0.016752 0.390358 68 44 0
0.310194 0.021427 0.389321 59 27 0
0.313241 0.023914 0.388556 78 42 0
0.314622 0.025167 0.389287 114 100 102
0.315793 0.033466 0.387923 108 115 121
0.318762 0.038708 0.385782 136 134 124
0.319951 0.041097 0.386118 139 130 119
0.303657 0.004762 0.387969 71 34 5
0.304679 0.006084 0.387980 86 46 0
0.304890 0.010321 0.388679 106 53 0
0.305299 0.012971 0.386871 177 149 0
0.306817 0.018415 0.387471 136 99 0
0.308372 0.021231 0.387028 34 20 0
0.310173 0.024953 0.384628 65 36 0
0.313956 0.034906 0.385008 105 115 118
0.315231 0.037700 0.384173 113 117 117
0.301137 0.007818 0.385643 71 36 0
0.301965 0.011985 0.385055 70 34 6
0.303684 0.014018 0.384990 100 67 0
0.306031 0.023007 0.383349 43 18 6
0.308175 0.024580 0.382981 57 34 0
0.310138 0.028913 0.384403 120 101 83
0.309957 0.031753 0.382291 109 104 95
0.311364 0.036405 0.380163 128 129 119
0.312966 0.036376 0.380723 128 124 113
0.299879 0.005047 0.383645 95 65 35
0.298785 0.009133 0.383026 88 52 13
0.300042 0.011122 0.383295 69 35 7
0.300313 0.015174 0.383154 61 29 0
0.303766 0.018604 0.382059 97 68 0
0.305380 0.025103 0.380389 61 35 7
0.307921 0.029146 0.380937 131 105 95
0.307901 0.032270 0.379610 127 120 111
0.309280 0.035217 0.379420 113 121 120
0.297148 0.009549 0.380293 60 26 6
0.297531 0.011807 0.380140 64 30 0
0.299458 0.015993 0.379661 101 61 0
0.299168 0.018838 0.379138 78 39 0
0.301743 0.023247 0.377957 69 38 0
0.302561 0.027748 0.377244 38 8 0
0.303677 0.030373 0.377133 82 67 55
0.305556 0.032762 0.376777 101 114 116
0.307343 0.034572 0.376222 115 116 108
0.307639 0.037900 0.375097 91 101 89
0.296541 0.012507 0.375912 72 33 0
0.296647 0.014928 0.376469 61 25 0
0.298684 0.017958 0.376101 50 20 0
0.298319 0.023402 0.375649 61 28 0
0.301228 0.026823 0.375281 44 19 0
0.302867 0.029925 0.373947 66 74 76
0.303930 0.031205 0.373392 84 100 103
0.307002 0.037483 0.371885 89 71 47
0.294278 0.011729 0.374687 54 21 0
0.295308 0.021154 0.373529 70 44 15
0.296970 0.023506 0.373580 68 40 19
0.299560 0.030008 0.373462 117 142 188
0.313874 0.061289 0.365678 106 94 70
0.314236 0.067997 0.363682 142 117 95
0.316167 0.070163 0.362978 131 114 88
0.318158 0.076871 0.362207 111 94 78
0.270419 -0.033501 0.379828 127 107 88
0.274725 -0.026215 0.377113 124 107 88
0.281412 -0.013550 0.376083 118 97 73
0.283219 -0.005806 0.376258 103 84 62
0.285362 0.001197 0.373468 92 71 49
0.284943 0.004254 0.373086 76 57 36
0.286315 0.008739 0.372300 65 45 26
0.294128 0.018055 0.371631 44 18 0
0.295257 0.023460 0.371802 106 79 49
0.297550 0.027037 0.369764 61 56 50
0.297278 0.029391 0.369026 70 69 58
0.310829 0.062680 0.364099 107 91 65
0.322940 0.091766 0.357407 133 118 96
0.277413 -0.015722 0.374820 128 109 89
0.279981 -0.005604 0.373445 128 102 90
0.284710 0.000992 0.371175 81 56 34
0.288133 0.014621 0.368173 51 28 11
0.294233 0.028148 0.367641 39 11 0
0.302489 0.045910 0.364660 59 31 0
0.307911 0.059013 0.361403 146 120 92
0.309417 0.061238 0.361433 144 79 38
0.309258 0.063132 0.359020 164 146 127
0.313503 0.080256 0.358101 155 123 102
0.323649 0.096294 0.355250 118 102 83
0.286648 0.015703 0.366940 51 24 0
0.296591 0.035551 0.362346 91 78 56
0.314848 0.083103 0.354005 140 111 105
0.329476 0.118381 0.348506 135 113 87
0.274568 -0.003897 0.366619 149 129 113
0.283327 0.013755 0.365256 54 20 0
0.288959 0.029020 0.361427 62 6 0
0.290422 0.037527 0.359671 81 68 40
0.304742 0.065133 0.355676 182 135 76
0.307428 0.074846 0.354562 172 123 85
0.325313 0.112025 0.346755 147 109 73
0.325922 0.121421 0.346692 153 130 106
0.272733 -0.007493 0.363874 139 119 94
0.335481 0.156505 0.335561 139 107 77
0.282113 0.027425 0.353868 86 49 37
0.366032 0.231910 0.318177 118 98 77
0.367528 0.238610 0.316190 110 93 69
0.369380 0.240667 0.316317 110 92 67
0.370350 0.247925 0.314458 110 100 85
0.372067 0.251119 0.314440 93 87 73
0.373084 0.255182 0.314485 120 108 89
0.374730 0.256529 0.314606 116 127 134
0.377216 0.258863 0.313879 157 176 177
0.377735 0.264807 0.312659 147 165 174
0.377840 0.266253 0.311664 149 162 177
0.380752 0.274257 0.310723 149 163 170
0.342766 0.184544 0.323511 137 108 77
0.370288 0.251663 0.314096 114 100 84
0.373240 0.256744 0.311457 232 238 238
0.377255 0.264755 0.310398 153 179 188
0.377326 0.267302 0.309123 144 170 193
0.379115 0.273634 0.308731 157 171 183
0.378915 0.278441 0.308512 168 191 204
0.381768 0.281259 0.307867 158 169 176
0.295042 0.074504 0.339797 73 54 41
0.358714 0.232101 0.312677 134 91 58
0.367412 0.247775 0.310529 69 67 37
0.370301 0.258381 0.308926 117 131 154
0.372782 0.263313 0.309442 183 207 239
0.374114 0.265411 0.306640 128 131 139
0.375635 0.268401 0.307983 58 73 72
0.374997 0.271865 0.306345 127 167 190
0.277327 0.043130 0.341627 192 172 177
0.463927 -0.009814 0.558778 86 82 74
0.457654 -0.012988 0.557537 98 93 70
0.459978 -0.004208 0.551647 92 88 61
0.459892 -0.001162 0.552700 87 84 68
0.452525 -0.015640 0.552971 120 95 54
0.455889 -0.016309 0.552275 134 119 105
0.459166 -0.003941 0.548530 97 88 60
0.460326 -0.001344 0.549291 96 85 59
0.463937 0.007972 0.548575 66 53 11
0.457616 0.005080 0.545999 99 91 71
0.457827 0.005102 0.545412 99 94 69
0.457228 0.005396 0.544881 96 90 73
0.506147 0.128945 0.518842 120 133 124
0.412940 -0.044252 0.528916 72 67 48
0.414918 -0.044186 0.527724 85 78 44
0.445382 0.033703 0.515429 42 48 18
0.463635 0.081759 0.502256 119 102 70
0.411390 -0.034351 0.520262 92 76 63
0.435164 0.026656 0.510219 34 25 18
0.442672 0.037630 0.508586 69 101 106
0.446221 0.050443 0.506947 90 85 57
0.436041 0.028786 0.506422 49 53 39
0.443033 0.051031 0.500884 63 52 50
0.445599 0.068740 0.495138 108 148 153
0.451104 0.075560 0.493020 119 119 95
0.457556 0.092692 0.489903 55 80 98
0.465168 0.110554 0.489124 141 117 93
0.454653 0.090078 0.487927 52 59 54
0.324222 -0.000749 0.406458 112 92 68
0.325680 0.002659 0.407233 110 86 60
0.327060 0.005767 0.407084 82 64 46
0.327307 0.009068 0.405912 112 83 51
0.321580 -0.000006 0.404485 90 60 31
0.322731 0.002866 0.405085 87 56 26
0.323902 0.005763 0.404937 91 59 22
0.325641 0.009711 0.404351 86 58 27
0.326835 0.011798 0.403121 89 62 26
0.317859 -0.002937 0.402647 119 89 64
0.319179 -0.000062 0.402803 102 68 34
0.320007 0.002911 0.402888 77 49 18
0.320760 0.006526 0.402650 38 24 11
0.323627 0.009985 0.402606 70 43 12
0.324707 0.013629 0.401050 76 49 16
0.325648 0.015642 0.399823 104 74 34
0.315152 -0.002724 0.399301 88 63 34
0.316754 0.000351 0.400294 87 57 24
0.317909 0.003084 0.400843 66 41 12
0.318074 0.006304 0.400340 80 48 34
0.320635 0.011526 0.399272 64 36 0
0.322354 0.014276 0.398222 63 38 6
0.322736 0.017704 0.397647 100 63 19
0.323594 0.019740 0.396672 108 78 51
0.313883 0.001093 0.397770 104 68 22
0.315374 0.003989 0.398338 95 58 25
0.316457 0.006528 0.397845 88 66 35
0.317207 0.009327 0.396496 25 0 0
0.318856 0.013796 0.395141 61 29 0
0.320902 0.018152 0.394513 75 43 0
0.321502 0.019906 0.394530 66 36 0
0.327074 0.029092 0.394209 127 111 88
0.311836 0.001033 0.395419 95 54 7
0.312734 0.004726 0.394616 90 55 7
0.314261 0.006611 0.395646 144 75 0
0.317277 0.008751 0.393481 102 61 0
0.318521 0.014563 0.393872 77 45 0
0.317917 0.020133 0.392797 109 91 0
0.320132 0.021778 0.391765 96 62 25
0.321845 0.022787 0.392111 102 71 35
0.308876 0.002635 0.393278 80 39 0
0.310773 0.005286 0.392237 80 41 0
0.310839 0.007098 0.390078 72 32 0
0.312665 0.010614 0.392629 21 0 0
0.316553 0.017305 0.389404 65 38 0
0.317961 0.022022 0.388171 83 53 8
0.319473 0.024211 0.387981 109 79 38
0.306427 0.003672 0.389085 100 67 26
0.308098 0.005853 0.388688 105 66 19
0.314813 0.020600 0.387235 84 39 0
0.317523 0.024504 0.386142 80 50 0
0.305087 0.003521 0.386315 88 53 17
0.305869 0.005380 0.386335 86 49 22
0.305461 0.008385 0.386110 180 129 0
0.306633 0.011897 0.385389 69 38 0
0.312879 0.023820 0.383387 55 20 0
0.314365 0.026028 0.382654 55 31 0
0.303321 0.003927 0.384226 87 55 21
0.303464 0.005743 0.383911 81 46 5
0.305284 0.009048 0.382918 124 106 30
0.309719 0.024172 0.381869 56 27 0
0.311389 0.026813 0.379665 68 40 20
0.314205 0.035311 0.379127 119 116 106
0.300883 0.004435 0.381200 90 55 21
0.301272 0.006012 0.381722 98 59 13
0.302251 0.009833 0.381000 68 32 0
0.303350 0.013660 0.380369 101 82 0
0.304726 0.016559 0.378541 37 15 0
0.308595 0.025393 0.379292 73 40 0
0.309345 0.027114 0.377702 69 44 23
0.297596 0.004603 0.378263 87 56 13
0.298373 0.007316 0.377927 67 36 0
0.300424 0.010594 0.377748 74 46 0
0.306315 0.029150 0.374350 100 90 77
0.307884 0.031539 0.373720 111 105 90
0.295571 0.006396 0.374848 44 21 0
0.296699 0.007948 0.375499 50 24 0
0.297554 0.010645 0.375459 55 22 0
0.297584 0.015196 0.374587 39 0 0
0.303806 0.026396 0.374517 67 30 0
0.304068 0.028828 0.371841 95 77 59
0.290723 0.002690 0.373310 51 22 0
0.298713 0.018103 0.372706 24 8 0
0.299979 0.024922 0.370547 48 21 0
0.316250 0.058133 0.364343 124 107 85
0.319442 0.066215 0.361680 121 98 73
0.275605 -0.032955 0.375404 117 98 75
0.279443 -0.021385 0.374266 141 125 106
0.284382 -0.011091 0.372985 121 100 78
0.285131 -0.006719 0.373024 107 83 60
0.285866 -0.003402 0.372718 96 75 56
0.291464 0.005643 0.371207 57 38 26
0.293336 0.011689 0.369992 42 18 0
0.299604 0.029067 0.365621 60 33 0
0.313401 0.058512 0.360119 128 120 98
0.316147 0.072056 0.360226 163 143 118
0.287581 -0.000799 0.368407 90 63 38
0.287107 0.003232 0.369271 79 57 32
0.288453 0.006320 0.367008 69 40 13
0.290085 0.008815 0.368188 55 25 0
0.289823 0.014591 0.367077 28 0 0
0.294308 0.020589 0.365813 65 40 0
0.300490 0.038478 0.363298 130 109 84
0.317012 0.072526 0.356146 149 132 110
0.323513 0.093828 0.354256 131 109 85
0.327028 0.098853 0.351690 133 117 94
0.327313 0.103324 0.351138 130 114 91
0.286175 0.010007 0.365451 132 107 83
0.289012 0.014609 0.361521 103 54 0
0.290498 0.016848 0.364044 46 24 0
0.299607 0.042068 0.359540 156 118 88
0.303548 0.046727 0.358347 129 110 90
0.309445 0.065903 0.355070 154 120 96
0.286981 0.011793 0.361760 146 127 117
0.291659 0.026956 0.360025 10 7 0
0.301664 0.050661 0.355261 142 121 94
0.328897 0.122794 0.342869 135 115 89
0.292552 0.040496 0.353167 117 113 108
0.310465 0.082026 0.345592 197 142 104
0.328845 0.120920 0.339030 136 115 86
0.371958 0.239824 0.316557 105 91 70
0.298029 0.063206 0.343096 236 111 78
0.327160 0.132014 0.334174 150 123 92
0.346650 0.182680 0.325949 128 105 82
0.351511 0.191065 0.321489 108 98 69
0.366250 0.226137 0.318422 86 63 43
0.366906 0.229284 0.315678 110 89 61
0.367322 0.232462 0.315651 119 100 70
0.369261 0.236510 0.314441 110 91 69
0.371013 0.238463 0.314334 106 94 68
0.371713 0.241780 0.315308 114 100 79
0.372422 0.245646 0.314389 78 88 94
0.374552 0.249183 0.311775 145 140 139
0.376051 0.252522 0.311825 149 170 179
0.376961 0.255806 0.311295 149 175 186
0.353225 0.204072 0.318908 130 100 69
0.366080 0.228652 0.313767 123 100 70
0.366258 0.239909 0.312307 157 134 100
0.371717 0.246299 0.310935 156 144 131
0.372061 0.249327 0.311910 97 90 75
0.375559 0.252853 0.309389 169 177 196
0.378533 0.262909 0.307176 149 166 179
0.378203 0.265997 0.308504 151 176 193
0.307741 0.094470 0.333101 160 121 84
0.363633 0.239376 0.309410 83 94 56
0.371659 0.253470 0.307648 104 116 98
0.373527 0.256565 0.306046 104 122 127
0.379811 0.271654 0.304182 122 151 155
0.366963 0.247420 0.306974 83 98 102
0.373005 0.265224 0.302220 93 131 126
0.366268 0.250734 0.302436 77 99 106
0.364499 0.268446 0.288987 132 116 120
0.470595 -0.008723 0.558446 87 88 80
0.471529 -0.004146 0.556497 85 89 77
0.464861 -0.012556 0.558253 93 82 62
0.465263 -0.011633 0.558628 94 84 60
0.472255 -0.000705 0.554505 91 88 79
0.470662 0.003160 0.554095 86 82 71
0.463859 -0.013230 0.553932 99 83 57
0.469357 0.001781 0.552571 83 78 67
0.462188 -0.008658 0.551481 102 86 56
0.460215 -0.003977 0.548243 105 92 60
0.460635 -0.003141 0.548148 103 88 65
0.459828 -0.001934 0.544741 108 82 36
0.458283 0.003520 0.541488 95 78 43
0.458997 0.004525 0.542400 100 93 67
0.443383 -0.025562 0.543258 103 104 86
0.444527 -0.025000 0.542532 141 111 74
0.501333 0.111843 0.520645 134 109 97
0.443197 -0.025620 0.541331 116 96 67
0.503997 0.131867 0.513966 120 130 124
0.493732 0.115233 0.511318 127 120 110
0.492910 0.140420 0.496913 98 108 120
0.447333 0.028780 0.513106 29 48 38
0.414028 -0.048274 0.522174 70 67 44
0.463923 0.082337 0.501814 129 102 74
0.491637 0.146202 0.492674 61 98 102
0.413165 -0.033529 0.514889 99 86 64
0.414796 -0.028123 0.514034 78 71 50
0.415371 -0.026810 0.510783 66 73 65
0.452595 0.063316 0.496091 117 131 124
0.465176 0.095972 0.490971 98 80 60
0.456279 0.089355 0.486172 57 57 49
0.455073 0.103800 0.477704 126 118 91
0.324791 -0.022589 0.414638 133 123 109
0.329419 -0.002945 0.407823 113 90 68
0.329276 0.000613 0.407709 118 94 70
0.330040 0.003675 0.407023 99 79 56
0.331701 0.006402 0.405821 117 90 59
0.325312 -0.004789 0.405115 115 81 46
0.326696 -0.002629 0.405222 86 57 33
0.327245 0.000571 0.405692 77 50 22
0.328635 0.004177 0.406057 91 66 38
0.330003 0.007253 0.404579 110 81 50
0.331001 0.010481 0.403165 119 93 66
0.323182 -0.004387 0.402964 80 47 22
0.324114 -0.002145 0.403641 87 55 22
0.324774 0.001283 0.403655 70 41 12
0.326505 0.004991 0.403308 77 48 17
0.328225 0.007862 0.402792 68 43 26
0.328865 0.011223 0.401299 111 80 41
0.329982 0.013289 0.400937 105 83 51
0.331162 0.016842 0.398540 125 95 65
0.320513 -0.004289 0.401330 90 58 22
0.321195 -0.001833 0.401426 91 55 12
0.322900 0.001513 0.401076 64 35 20
0.324373 0.004360 0.401541 174 140 73
0.324574 0.008945 0.400675 115 89 69
0.327905 0.012277 0.398037 75 56 26
0.328575 0.014577 0.398246 76 46 9
0.328830 0.017122 0.396938 111 83 50
0.316802 -0.003140 0.398542 103 68 29
0.318498 -0.001195 0.398373 98 65 24
0.319890 0.001539 0.399601 132 102 30
0.322180 0.008742 0.398356 151 120 114
0.323669 0.011431 0.394317 25 18 0
0.326067 0.016682 0.396122 69 39 6
0.327222 0.018951 0.394472 105 74 42
0.315733 -0.006905 0.395521 120 86 48
0.315610 -0.002925 0.396540 89 55 13
0.316419 -0.001156 0.396309 94 61 3
0.318105 0.002141 0.395094 52 32 18
0.321827 0.012674 0.394384 52 26 0
0.324307 0.016608 0.392748 50 17 0
0.324717 0.019763 0.393187 100 69 19
0.325843 0.021536 0.390390 122 91 32
0.314559 0.000127 0.392547 120 72 0
0.316497 0.004931 0.392297 40 12 0
0.319365 0.013792 0.391370 52 29 0
0.320438 0.018621 0.388953 113 73 0
0.321794 0.022020 0.389943 97 51 0
0.324195 0.022480 0.388910 115 85 44
0.312386 -0.002348 0.391374 120 84 34
0.313351 0.001883 0.391302 104 58 0
0.312652 0.004065 0.388839 84 49 16
0.312662 0.006179 0.389126 17 5 0
0.316495 0.012043 0.387990 26 16 0
0.319637 0.021646 0.386651 121 76 0
0.322519 0.023089 0.386161 66 38 0
0.305030 -0.010282 0.386603 128 106 74
0.309148 0.001569 0.386744 109 69 13
0.309958 0.003517 0.387627 95 56 15
0.316958 0.022940 0.384387 79 48 0
0.318737 0.023743 0.384804 106 67 0
0.306635 0.001931 0.383853 83 56 24
0.308049 0.004050 0.384006 99 62 14
0.311200 0.007214 0.383791 72 36 0
0.315091 0.020580 0.380334 50 32 0
0.316092 0.025621 0.380419 76 48 19
0.304078 -0.000652 0.381654 118 87 44
0.305223 0.002317 0.381653 84 60 32
0.305699 0.003941 0.381644 104 64 25
0.314760 0.025962 0.377861 115 70 28
0.301638 -0.000080 0.376988 87 53 21
0.302811 0.002326 0.379231 94 64 30
0.302703 0.005848 0.378458 136 119 48
0.311820 0.027068 0.373897 83 45 0
0.300299 -0.000052 0.375477 90 52 26
0.299906 0.002348 0.376620 70 38 5
0.300853 0.005167 0.376921 97 72 0
0.298451 0.003459 0.373015 51 17 4
0.299012 0.005351 0.373177 61 9 0
0.304542 0.022992 0.369463 61 30 0
0.285866 -0.014165 0.373610 122 99 76
0.296264 0.004325 0.371794 78 46 0
0.295400 0.005619 0.369090 44 14 0
0.313624 0.052830 0.362668 124 120 103
0.318857 0.062490 0.360761 131 114 94
0.321804 0.070667 0.358687 135 122 99
0.323908 0.072375 0.358060 111 99 80
0.274083 -0.044476 0.377357 124 102 78
0.287025 -0.012249 0.370643 114 93 69
0.287220 -0.007632 0.370568 108 85 63
0.288919 -0.005526 0.370151 102 82 58
0.290416 -0.002837 0.367701 91 71 55
0.291661 0.000273 0.369796 82 61 45
0.292694 0.005088 0.367981 62 39 10
0.301056 0.023999 0.362548 57 0 0
0.303597 0.026388 0.364160 61 29 0
0.322147 0.074713 0.356899 122 118 101
0.274987 -0.032056 0.370594 117 100 73
0.283116 -0.016450 0.369976 126 107 86
0.289004 -0.004577 0.366754 75 43 0
0.287615 -0.002616 0.367892 94 67 46
0.291335 0.004107 0.365614 59 25 0
0.298872 0.024030 0.363146 24 20 0
0.299752 0.027247 0.363238 55 37 0
0.301908 0.032415 0.361097 95 73 48
0.303100 0.034736 0.357636 134 108 78
0.307782 0.047617 0.357722 114 91 71
0.325073 0.085667 0.350300 148 132 112
0.330882 0.100285 0.348317 128 106 81
0.329312 0.105038 0.347935 134 111 90
0.271031 -0.039064 0.370912 124 110 89
0.291721 0.014691 0.360672 134 91 51
0.303385 0.043725 0.353375 129 107 87
0.335468 0.128730 0.338671 132 103 71
0.287537 0.015989 0.356997 119 60 11
0.302544 0.047506 0.349496 142 109 62
0.346247 0.170785 0.326953 114 93 69
0.369223 0.221658 0.315827 113 95 68
0.375020 0.236496 0.315956 108 110 96
0.284351 0.020079 0.351491 97 50 14
0.356994 0.196692 0.318045 127 107 73
0.363816 0.214636 0.314691 120 97 70
0.363638 0.216920 0.317205 131 105 82
0.365832 0.225401 0.314795 126 98 72
0.368465 0.228617 0.313345 108 84 63
0.370784 0.230045 0.313241 102 89 69
0.371095 0.236590 0.312933 73 59 35
0.371680 0.237469 0.313412 95 84 64
0.375216 0.240536 0.311462 155 169 174
0.376328 0.244159 0.310620 139 176 193
0.375721 0.247806 0.311929 152 174 181
0.376210 0.252142 0.309934 152 176 189
0.380833 0.257061 0.308984 154 167 176
0.335195 0.152276 0.323105 190 148 147
0.365298 0.222520 0.312269 118 115 105
0.364947 0.224925 0.312119 114 83 54
0.366791 0.228093 0.313011 107 70 47
0.367256 0.231088 0.310243 78 83 51
0.373648 0.240671 0.309777 123 160 186
0.379095 0.259267 0.306069 150 166 178
0.313614 0.102659 0.329845 201 178 180
0.355457 0.206457 0.312135 117 111 59
0.358652 0.211895 0.310423 127 113 78
0.374523 0.257515 0.303983 162 158 159
0.380361 0.268232 0.300751 158 178 196
0.381401 0.271696 0.301706 151 171 184
0.274070 0.013965 0.341904 94 79 0
0.366992 0.257781 0.292520 182 106 95
0.354075 0.232684 0.295664 121 106 76
0.478754 -0.004070 0.560534 82 89 78
0.473663 -0.008141 0.559138 84 88 83
0.478200 -0.004971 0.559321 84 86 80
0.472598 -0.008570 0.557744 81 87 75
0.473327 -0.005284 0.554699 82 87 82
0.478502 0.001046 0.555364 84 85 81
0.465150 -0.018037 0.555155 105 89 64
0.472370 -0.007552 0.554010 76 63 58
0.472960 -0.006268 0.553837 79 82 79
0.472913 -0.000715 0.554180 89 90 79
0.475296 0.002833 0.551894 95 81 69
0.475525 0.004069 0.551692 74 78 65
0.471554 -0.000583 0.548756 77 76 57
0.472655 0.002421 0.550148 91 84 63
0.462788 -0.012501 0.549262 102 96 59
0.463100 -0.011817 0.547889 116 73 24
0.462302 -0.010107 0.547302 96 80 41
0.461774 -0.007310 0.545829 97 92 24
0.451943 -0.032056 0.546350 119 85 53
0.467167 0.006853 0.538784 68 55 24
0.505611 0.111034 0.521541 130 120 112
0.501759 0.125728 0.506328 126 126 109
0.465005 0.052043 0.511232 92 103 122
0.465374 0.055406 0.510932 96 116 142
0.465512 0.056620 0.510232 67 102 114
0.418624 -0.055759 0.528538 69 59 41
0.464759 0.057824 0.509124 92 108 137
0.420442 -0.048297 0.523144 87 101 96
0.409228 -0.061892 0.521324 41 54 39
0.416233 -0.043469 0.519969 86 85 79
0.445890 0.030757 0.507936 44 32 36
0.415178 -0.042861 0.519158 83 85 75
0.440071 0.025666 0.501954 41 73 79
0.436590 0.023219 0.500198 52 66 68
0.465892 0.093348 0.487999 50 62 65
0.461292 0.091317 0.484502 67 63 40
0.334422 -0.000992 0.407086 107 80 54
0.330575 -0.007129 0.405415 102 66 33
0.331229 -0.004397 0.406044 85 59 33
0.331843 -0.001559 0.406371 100 72 45
0.333780 0.002057 0.405242 117 89 58
0.334192 0.004472 0.404120 116 92 62
0.327744 -0.006927 0.403849 92 58 29
0.328434 -0.003890 0.404337 64 36 9
0.329081 -0.000646 0.404060 84 50 13
0.331605 0.002960 0.403619 65 43 23
0.332693 0.006308 0.402283 91 65 35
0.333223 0.009015 0.401657 124 94 59
0.333904 0.011908 0.401097 131 108 83
0.325185 -0.006264 0.402287 89 54 17
0.325036 -0.004286 0.402423 80 50 16
0.326574 0.000179 0.402220 69 47 0
0.330399 0.007645 0.400339 74 46 31
0.331496 0.009330 0.399836 87 55 16
0.332480 0.012486 0.398066 120 88 42
0.322331 -0.005487 0.399377 96 60 23
0.322473 -0.003858 0.399445 81 38 0
0.325291 0.001882 0.398054 34 20 0
0.327264 0.005480 0.399491 62 31 0
0.327918 0.006769 0.396734 87 65 0
0.330565 0.008935 0.396945 28 14 0
0.331473 0.013598 0.395704 99 60 10
0.331524 0.016206 0.394386 99 70 30
0.318673 -0.008640 0.394880 122 92 59
0.317885 -0.005524 0.396474 113 76 34
0.321366 -0.002143 0.395894 70 38 0
0.321214 -0.000184 0.395741 25 1 0
0.328787 0.014710 0.393086 94 51 20
0.329665 0.017433 0.392684 105 75 36
0.318989 -0.002804 0.392176 118 71 18
0.320256 0.000110 0.392356 110 80 42
0.325522 0.012581 0.390533 74 47 0
0.326863 0.015829 0.391674 104 51 14
0.327269 0.018606 0.388663 74 48 0
0.329075 0.020243 0.389008 118 90 57
0.314501 -0.008431 0.389489 114 79 44
0.316880 -0.001781 0.390552 111 69 26
0.315625 0.001131 0.389405 122 66 21
0.324832 0.021184 0.385961 113 85 36
0.312835 -0.004298 0.387064 112 72 32
0.314021 -0.001634 0.389949 111 69 0
0.315821 0.002591 0.389178 90 38 0
0.323815 0.020151 0.382617 103 77 0
0.323703 0.021923 0.383180 113 88 49
0.324183 0.024940 0.383628 119 91 66
0.308065 -0.014997 0.386888 129 116 93
0.312259 0.000651 0.384492 126 81 21
0.313220 0.001547 0.384749 132 73 26
0.321311 0.022877 0.381535 89 67 34
0.309798 0.001188 0.381754 92 70 42
0.309786 0.002323 0.382027 91 49 0
0.319243 0.023420 0.377647 78 47 11
0.306561 -0.001857 0.379392 100 74 42
0.306476 0.000767 0.379143 96 72 43
0.307284 0.002725 0.380659 112 85 62
0.316632 0.024763 0.375111 78 49 15
0.318511 0.027405 0.375041 111 80 57
0.304374 -0.004831 0.377396 100 68 43
0.304115 -0.001799 0.376478 78 51 19
0.305109 0.000523 0.376603 85 59 24
0.305297 0.005192 0.376408 148 115 39
0.314645 0.025822 0.372662 81 47 0
0.316446 0.025973 0.371916 93 60 37
0.302073 -0.001929 0.374547 82 47 16
0.302661 0.000711 0.374221 92 35 0
0.310168 0.026604 0.369552 55 30 0
0.313203 0.028998 0.369558 99 71 41
0.323171 0.055514 0.365629 140 134 119
0.278292 -0.045833 0.379500 96 72 56
0.300361 -0.001755 0.372001 65 36 15
0.299117 0.001350 0.370781 45 16 0
0.284141 -0.031288 0.375286 119 96 75
0.286956 -0.024699 0.372864 122 100 80
0.290522 -0.016797 0.371142 112 91 69
0.297996 0.002508 0.367801 41 16 0
0.300946 0.008335 0.367547 174 170 184
0.307630 0.026828 0.361968 74 37 0
0.279018 -0.038092 0.373127 110 100 76
0.290146 -0.010910 0.367591 116 94 72
0.291322 -0.007190 0.366584 105 77 53
0.294202 -0.003322 0.365807 91 67 40
0.293270 -0.000825 0.366582 82 60 37
0.295045 0.003999 0.366699 54 22 0
0.298957 0.007042 0.364798 91 75 58
0.297940 0.011291 0.364453 151 131 76
0.305003 0.025675 0.362244 59 33 0
0.323691 0.071776 0.354367 150 129 104
0.326436 0.075622 0.352824 127 112 90
0.326510 0.078329 0.352834 112 102 87
0.282334 -0.023206 0.365825 121 103 85
0.289668 -0.003229 0.364889 88 61 36
0.292242 -0.000275 0.363587 92 71 46
0.324087 0.075898 0.351690 125 107 85
0.328551 0.091993 0.349654 111 105 83
0.332764 0.101061 0.347281 127 112 94
0.284537 -0.006603 0.361756 124 94 69
0.298186 0.017380 0.358101 49 25 0
0.328779 0.099564 0.342602 146 129 108
0.270997 -0.036688 0.364197 135 112 89
0.280017 -0.015895 0.358470 117 93 66
0.291103 0.013862 0.354406 133 86 0
0.297570 0.029223 0.351767 142 124 103
0.309975 0.054950 0.350114 172 146 132
0.321066 0.081336 0.344887 187 169 146
0.338648 0.123532 0.337461 138 112 87
0.345748 0.152987 0.328809 111 97 72
0.357050 0.178533 0.323710 133 115 104
0.269276 -0.032948 0.357205 138 113 82
0.339421 0.145612 0.329108 137 112 84
0.371661 0.220754 0.315159 106 90 67
0.372377 0.221019 0.314250 87 72 59
0.374300 0.226455 0.312125 140 159 162
0.375738 0.232090 0.311843 144 161 169
0.307006 0.072185 0.338529 214 158 121
0.366994 0.213899 0.313871 118 92 62
0.368980 0.217880 0.314548 113 96 68
0.369230 0.218926 0.314162 108 87 69
0.371491 0.223591 0.311873 92 78 61
0.371354 0.225349 0.311549 109 105 94
0.374029 0.231965 0.311067 155 172 176
0.374304 0.236581 0.308885 98 135 174
0.376305 0.240282 0.309378 153 173 184
0.379799 0.246548 0.309416 156 170 181
0.379995 0.248758 0.309195 151 174 180
0.278905 0.003909 0.347772 109 77 35
0.360937 0.205721 0.313472 107 96 54
0.364718 0.210896 0.311317 117 101 72
0.364469 0.216019 0.309935 111 93 71
0.366039 0.221374 0.310705 78 86 74
0.367056 0.224066 0.311125 77 91 49
0.377798 0.251117 0.303633 138 175 207
0.383283 0.261903 0.304411 144 158 165
0.336593 0.154098 0.320508 157 107 71
0.361943 0.218759 0.307430 115 102 78
0.365203 0.225545 0.306133 91 68 34
0.378405 0.253519 0.301970 158 170 179
0.275649 0.021465 0.336458 181 132 98
0.352819 0.206538 0.301876 163 149 137
0.371072 0.264526 0.289996 247 175 105
0.367876 0.258971 0.287325 207 154 122
0.481536 -0.004300 0.559099 83 91 79
0.474111 -0.012719 0.555620 85 65 38
0.479103 -0.000952 0.551122 85 91 88
0.473449 -0.005977 0.551633 90 94 75
0.471701 -0.007637 0.547879 102 81 42
0.462031 -0.021377 0.547013 122 101 68
0.461996 -0.020471 0.546248 122 130 117
0.462180 -0.019849 0.546119 120 114 89
0.466906 0.007224 0.538142 84 65 26
0.499487 0.109623 0.510524 145 129 98
0.466707 0.050066 0.508700 89 116 116
0.467508 0.053278 0.508205 81 95 97
0.463327 0.051552 0.505950 67 84 78
0.417173 -0.057601 0.522004 68 74 61
0.463564 0.052844 0.504818 80 83 91
0.421018 -0.042710 0.516797 86 101 86
0.419889 -0.038637 0.514891 78 99 86
0.421691 -0.034830 0.514351 88 95 83
0.469270 0.081821 0.492810 137 108 56
0.449236 0.043260 0.493635 74 89 93
0.471621 0.102862 0.484724 114 103 89
0.476595 0.107965 0.484130 121 110 90
0.336831 -0.010452 0.408923 107 84 47
0.338167 -0.006339 0.407828 130 102 66
0.327137 -0.025803 0.411398 135 121 107
0.334209 -0.012907 0.407217 110 84 51
0.334930 -0.010285 0.407333 97 70 38
0.335838 -0.006256 0.406548 104 75 46
0.336638 -0.003731 0.406024 111 84 53
0.337442 -0.001160 0.405005 130 108 78
0.331816 -0.012387 0.404673 88 58 24
0.331800 -0.009448 0.404525 86 51 16
0.333125 -0.005731 0.404892 96 67 29
0.335226 -0.002708 0.404945 87 58 31
0.336485 0.000380 0.403027 108 75 39
0.336305 0.005167 0.402072 124 96 61
0.337132 0.006356 0.401455 161 151 131
0.329109 -0.012128 0.401883 71 39 1
0.329434 -0.008586 0.402369 99 64 19
0.330729 -0.004631 0.402131 55 35 20
0.332261 -0.002307 0.401956 91 65 36
0.334012 0.001297 0.400120 93 67 41
0.335432 0.005358 0.399970 132 96 60
0.335758 0.007526 0.398992 111 83 48
0.327516 -0.011942 0.400222 84 49 3
0.327149 -0.007864 0.399776 73 42 9
0.328384 -0.003764 0.399620 0 0 0
0.329259 -0.000778 0.399244 44 21 0
0.331588 0.001450 0.397271 35 13 0
0.333579 0.004516 0.397603 81 57 0
0.333855 0.009499 0.396773 131 98 55
0.334604 0.010946 0.396995 110 78 32
0.337207 0.013911 0.394140 123 90 51
0.323198 -0.014813 0.398201 127 105 75
0.322748 -0.011456 0.396013 125 90 51
0.324537 -0.008323 0.395967 118 75 13
0.325954 -0.004846 0.396615 79 47 8
0.326137 -0.001855 0.395641 121 94 53
0.330239 0.004265 0.396071 17 0 0
0.332692 0.012429 0.394623 118 91 56
0.333427 0.014911 0.392077 121 92 45
0.322209 -0.010915 0.394067 83 50 3
0.322957 -0.007102 0.392536 108 77 40
0.322289 -0.004187 0.393383 107 91 0
0.326614 0.006176 0.391859 96 47 0
0.329800 0.008987 0.392670 74 49 11
0.330750 0.012699 0.389352 31 13 0
0.332088 0.016317 0.390016 121 89 44
0.320378 -0.010866 0.392408 115 91 56
0.319956 -0.006315 0.389888 117 91 34
0.320120 -0.004304 0.391622 116 75 18
0.326548 0.006022 0.389267 108 79 46
0.328334 0.010934 0.389309 42 26 0
0.328917 0.013782 0.386108 58 43 0
0.329719 0.016445 0.388186 116 84 36
0.331946 0.017801 0.387126 125 99 64
0.330518 0.022956 0.386110 117 99 67
0.317169 -0.009258 0.388938 117 88 51
0.317834 -0.006191 0.387772 115 73 22
0.318182 -0.001637 0.388144 97 62 10
0.321777 -0.000358 0.387246 97 97 0
0.327679 0.018260 0.384379 112 81 37
0.328230 0.020519 0.384281 121 96 55
0.330200 0.022591 0.382892 120 103 74
0.315296 -0.008814 0.386335 116 85 43
0.316268 -0.006276 0.385244 80 48 15
0.316322 -0.003435 0.385623 97 50 0
0.323880 0.015147 0.380994 67 49 0
0.326382 0.018864 0.381759 118 94 59
0.326068 0.020503 0.380798 127 100 48
0.312650 -0.008866 0.383225 106 73 33
0.313858 -0.005465 0.383310 105 77 25
0.314110 -0.002759 0.383086 107 68 20
0.320932 0.015330 0.379261 96 74 43
0.323141 0.019216 0.379151 87 91 92
0.324254 0.022002 0.378963 97 79 47
0.323857 0.023544 0.376885 114 90 58
0.309354 -0.004474 0.379723 113 84 46
0.311446 -0.001966 0.378875 112 88 48
0.318229 0.009433 0.378067 135 82 0
0.322322 0.022314 0.375799 105 84 47
0.322024 0.023991 0.376059 94 78 44
0.307356 -0.004095 0.376337 85 62 31
0.309632 -0.001224 0.376242 117 86 54
0.309772 0.001241 0.377233 123 41 42
0.314818 0.011384 0.372966 172 184 136
0.317704 0.015541 0.373555 165 182 177
0.319358 0.023320 0.372131 88 70 41
0.320665 0.025300 0.371863 109 87 55
0.304041 -0.006806 0.375143 107 77 47
0.306191 -0.003539 0.375071 83 57 27
0.307544 -0.000764 0.374394 78 46 22
0.308587 0.003378 0.375243 227 167 137
0.315148 0.019370 0.371089 22 12 5
0.317223 0.022535 0.370742 91 59 29
0.320432 0.026425 0.369531 117 97 68
0.304618 -0.005707 0.372369 122 87 46
0.303757 -0.003554 0.373072 85 50 16
0.305093 -0.000313 0.371624 61 21 0
0.304709 0.002425 0.370144 35 0 0
0.307054 0.009661 0.369750 255 255 0
0.315643 0.025767 0.364753 97 64 45
0.282416 -0.045210 0.375421 107 87 68
0.301112 -0.003329 0.369351 85 47 14
0.301544 -0.000155 0.368002 93 66 0
0.314816 0.025481 0.365174 81 48 0
0.279132 -0.052670 0.375832 119 105 89
0.289302 -0.028286 0.371553 154 132 110
0.292252 -0.019773 0.367619 124 105 86
0.299549 -0.001154 0.366123 35 2 0
0.300555 -0.000334 0.365537 76 20 0
0.301490 0.004589 0.367214 17 0 0
0.306311 0.018064 0.364634 167 146 115
0.312101 0.025314 0.361887 93 62 0
0.316415 0.043397 0.357715 120 111 93
0.321391 0.054425 0.357750 134 114 90
0.277160 -0.046395 0.371986 126 109 87
0.289801 -0.018515 0.366049 118 104 85
0.290827 -0.014307 0.367590 129 108 86
0.292531 -0.012205 0.365098 119 97 74
0.293292 -0.008462 0.365163 113 90 63
0.293319 -0.006214 0.365120 102 79 57
0.298813 0.000256 0.364450 42 28 16
0.305184 0.021653 0.359714 42 21 0
0.323734 0.069469 0.351747 149 132 111
0.292037 -0.006239 0.360416 132 101 70
0.294989 -0.001473 0.360580 93 59 22
0.296611 0.001157 0.361409 109 74 26
0.327325 0.080834 0.348124 131 119 99
0.274863 -0.037975 0.364739 135 114 89
0.294611 0.005103 0.358999 113 61 114
0.333831 0.104544 0.341748 140 120 90
0.334639 0.105622 0.341358 129 108 82
0.338289 0.109409 0.339297 126 105 81
0.342850 0.127058 0.335558 126 105 84
0.275785 -0.031347 0.358474 127 110 85
0.286793 -0.002752 0.351640 130 96 56
0.289845 0.001260 0.352618 145 106 65
0.374726 0.215045 0.314678 109 106 95
0.350657 0.163963 0.324082 120 103 74
0.359249 0.180896 0.317669 123 110 88
0.369953 0.208992 0.313821 112 96 75
0.370961 0.212111 0.314364 112 97 72
0.371803 0.215099 0.312707 101 91 73
0.375270 0.221796 0.312856 129 140 142
0.375996 0.225219 0.311542 147 170 181
0.376920 0.227669 0.311769 148 169 179
0.378788 0.231536 0.310540 154 173 186
0.270810 -0.028686 0.353919 123 110 80
0.348729 0.161680 0.319816 121 116 103
0.355274 0.177536 0.317299 124 101 74
0.355771 0.182734 0.317157 121 101 77
0.356298 0.185238 0.316706 128 112 89
0.362322 0.194765 0.315871 118 94 68
0.367594 0.207790 0.312184 109 88 63
0.368579 0.211952 0.313061 121 99 70
0.371100 0.215023 0.311400 89 98 81
0.372363 0.219994 0.311726 103 97 88
0.371245 0.223028 0.310493 93 69 56
0.374810 0.225572 0.309952 136 169 190
0.375247 0.228227 0.310005 142 167 184
0.379132 0.235434 0.308536 160 178 185
0.383634 0.249359 0.302858 154 178 184
0.342134 0.151821 0.318719 136 103 57
0.349547 0.173963 0.316930 134 110 95
0.361147 0.205354 0.309944 124 106 75
0.364435 0.209451 0.309069 116 101 82
0.365864 0.211530 0.310746 98 71 45
0.371063 0.225878 0.306283 219 158 114
0.379044 0.245320 0.303884 141 170 185
0.382103 0.256759 0.301613 154 170 185
0.388674 0.268902 0.299210 150 159 163
0.337237 0.147425 0.318240 146 137 125
0.365313 0.213873 0.305383 103 58 36
0.360605 0.214598 0.304091 87 90 58
0.266260 -0.012454 0.337685 137 130 108
0.269901 -0.003165 0.339586 153 121 74
0.368206 0.235625 0.298942 112 106 51
0.377767 0.258114 0.293067 145 101 102
0.269681 -0.000436 0.334355 183 159 138
0.340239 0.174732 0.306807 154 127 116
0.348627 0.194706 0.302287 137 134 130
0.488967 -0.002758 0.555994 87 92 82
0.487701 -0.003211 0.555739 87 89 80
0.490556 0.004733 0.553301 104 91 40
0.479896 -0.000967 0.550685 87 83 82
0.477557 -0.001274 0.547755 99 95 63
0.478467 0.001717 0.546778 70 68 81
0.473801 -0.013192 0.546930 133 116 91
0.471588 -0.003492 0.543108 29 44 39
0.497578 0.093340 0.508247 222 144 72
0.508608 0.128076 0.502929 128 125 123
0.469870 0.049992 0.509911 114 94 57
0.417331 -0.064581 0.522642 65 69 53
0.487664 0.105211 0.493076 124 107 89
0.410864 -0.062805 0.515829 47 91 120
0.450957 0.034002 0.494489 67 76 96
0.451340 0.035216 0.495113 71 85 98
0.450566 0.040911 0.491362 70 81 80
0.474230 0.109406 0.479026 123 115 95
0.455375 0.066321 0.485152 124 130 120
0.442034 0.035197 0.485557 91 86 81
0.442541 0.037962 0.483991 100 100 101
0.342587 -0.009765 0.408084 115 86 65
0.338059 -0.014291 0.407718 105 82 52
0.339000 -0.012122 0.407530 98 72 42
0.340327 -0.008490 0.406920 108 80 50
0.341739 -0.005287 0.406196 123 101 73
0.335119 -0.017846 0.406027 126 108 79
0.335455 -0.014094 0.405936 96 65 25
0.336847 -0.010814 0.405633 87 52 13
0.338060 -0.007122 0.405459 98 69 31
0.339420 -0.004753 0.404092 94 68 37
0.340603 -0.002026 0.404064 97 77 52
0.332528 -0.016387 0.402552 110 86 40
0.332732 -0.013718 0.403464 97 66 29
0.333175 -0.011244 0.403518 93 66 14
0.336110 -0.006649 0.402868 92 51 0
0.337453 -0.004080 0.402047 98 74 45
0.338649 -0.000147 0.401285 101 73 43
0.338703 0.002695 0.400267 143 115 77
0.329587 -0.016290 0.401183 88 60 15
0.330350 -0.013261 0.401141 89 60 17
0.332039 -0.010716 0.400232 95 59 27
0.333283 -0.006944 0.401039 81 53 28
0.337231 -0.003061 0.398853 54 36 22
0.336120 -0.000365 0.400073 105 59 0
0.337959 0.003381 0.398741 112 84 42
0.338707 0.005494 0.397357 138 107 66
0.327316 -0.018766 0.397998 139 127 102
0.327876 -0.015243 0.399507 97 60 14
0.328406 -0.012454 0.398795 89 58 5
0.328594 -0.009897 0.396579 116 78 7
0.330804 -0.005976 0.396804 87 55 28
0.335958 0.003232 0.395103 92 85 55
0.336426 0.007520 0.394680 125 89 39
0.335539 0.010018 0.394392 139 107 73
0.325465 -0.015434 0.394649 131 101 64
0.325910 -0.011917 0.394213 103 60 8
0.327094 -0.009914 0.394074 108 64 14
0.328465 -0.006699 0.394470 80 61 0
0.331287 -0.002365 0.392499 35 6 0
0.331187 0.000095 0.393164 124 93 66
0.333501 0.003935 0.390325 107 96 40
0.334615 0.007358 0.391400 117 83 38
0.335075 0.010431 0.391177 148 114 64
0.323199 -0.011552 0.391846 97 70 38
0.324770 -0.008961 0.390450 74 53 21
0.326013 -0.005357 0.391041 110 60 18
0.330955 0.003291 0.390083 139 97 59
0.330122 0.006763 0.389217 80 63 54
0.333763 0.011851 0.388432 135 95 44
0.334161 0.014399 0.387821 97 68 27
0.337320 0.022081 0.385914 137 125 99
0.320973 -0.010005 0.389789 101 75 41
0.322335 -0.009148 0.388966 88 67 28
0.325717 -0.003497 0.387422 41 36 23
0.328464 0.008192 0.386930 164 118 77
0.331723 0.012738 0.384832 106 96 68
0.331719 0.015684 0.384878 116 88 51
0.331785 0.017472 0.384663 126 102 64
0.318182 -0.009845 0.386791 84 60 24
0.320356 -0.008279 0.385880 92 74 45
0.320825 -0.005062 0.386837 144 88 69
0.321359 -0.000348 0.384667 117 119 90
0.329956 0.013474 0.382645 97 59 10
0.329900 0.015881 0.381515 128 84 11
0.330945 0.017866 0.381964 118 89 48
0.332213 0.021877 0.380884 129 114 86
0.316857 -0.009520 0.383636 86 60 29
0.317134 -0.007791 0.383021 75 47 10
0.320808 -0.000245 0.382005 100 85 57
0.322849 0.001309 0.381238 118 116 90
0.321205 0.006565 0.381107 69 37 0
0.324606 0.008440 0.382676 38 14 0
0.327924 0.016172 0.378674 107 87 50
0.327179 0.019201 0.379039 116 105 73
0.314408 -0.009186 0.380704 95 66 28
0.315487 -0.007313 0.380924 74 47 15
0.315649 -0.002817 0.380810 91 84 56
0.323411 0.016147 0.376569 94 94 69
0.326510 0.019614 0.377019 106 117 113
0.310612 -0.013583 0.378711 124 105 81
0.312099 -0.009551 0.378089 104 75 41
0.312528 -0.006294 0.377866 112 83 43
0.312967 -0.003369 0.377648 95 79 31
0.319034 0.008648 0.374512 255 255 239
0.321183 0.013953 0.374024 82 104 92
0.322646 0.018411 0.373454 70 67 56
0.324407 0.020666 0.374630 97 96 84
0.325736 0.024377 0.371060 125 111 88
0.310710 -0.005255 0.375147 98 84 56
0.311009 -0.002601 0.375040 147 138 125
0.312612 -0.000149 0.375121 86 103 0
0.321777 0.021696 0.370550 117 104 79
0.321801 0.023735 0.370276 120 105 77
0.325158 0.029255 0.368434 132 109 79
0.307686 -0.007540 0.372559 92 67 38
0.308040 -0.005785 0.371953 91 70 39
0.309713 -0.002313 0.372618 111 79 45
0.311215 0.000598 0.371871 179 150 150
0.320292 0.019695 0.368866 65 62 0
0.320035 0.024958 0.368048 115 97 72
0.305157 -0.007093 0.369983 83 48 12
0.306378 -0.005493 0.369912 89 50 9
0.306772 -0.002115 0.370143 97 60 0
0.316521 0.018733 0.365677 127 115 89
0.317714 0.022413 0.364953 74 50 19
0.318278 0.024480 0.364304 95 64 0
0.302006 -0.008324 0.366854 89 54 13
0.304024 -0.004642 0.367060 71 32 0
0.303193 -0.000935 0.365805 69 43 0
0.314768 0.019307 0.361822 76 54 0
0.288169 -0.034190 0.371471 144 125 108
0.290995 -0.032433 0.368183 151 128 102
0.291912 -0.026795 0.368757 164 144 119
0.293149 -0.019814 0.365936 131 112 88
0.300025 -0.006845 0.363821 79 43 33
0.301205 -0.002557 0.364207 42 9 0
0.314235 0.024838 0.359861 67 31 0
0.326405 0.055705 0.353556 121 108 89
0.328297 0.066933 0.352845 124 107 84
0.357262 0.134277 0.339071 139 118 91
0.294347 -0.016878 0.362547 134 114 92
0.293736 -0.011666 0.363815 121 99 74
0.295257 -0.009124 0.362296 118 92 65
0.297225 -0.006938 0.362851 98 82 59
0.300515 -0.003351 0.361854 74 46 18
0.305443 0.017627 0.358409 13 37 0
0.311009 0.024891 0.357075 55 25 0
0.328058 0.066361 0.351163 122 101 79
0.332246 0.075176 0.347171 119 103 81
0.334752 0.085895 0.344680 129 114 93
0.284021 -0.031449 0.363656 130 110 86
0.293447 -0.014528 0.361550 128 106 85
0.297856 -0.003869 0.358371 48 30 0
0.298737 0.005157 0.357547 6 43 103
0.308646 0.023496 0.355340 53 18 0
0.311261 0.033165 0.353351 134 111 86
0.317297 0.044452 0.351707 139 120 98
0.334114 0.087816 0.342566 102 92 79
0.336142 0.094793 0.341872 124 102 77
0.277989 -0.043240 0.363141 128 109 87
0.292755 -0.007166 0.357006 131 98 62
0.297783 0.009435 0.354377 92 119 142
0.303664 0.019611 0.354085 38 15 0
0.305458 0.026451 0.352171 91 68 47
0.333796 0.095901 0.339322 183 145 124
0.339027 0.106427 0.336432 118 101 84
0.285131 -0.019393 0.357650 121 106 77
0.309384 0.048687 0.340601 172 136 103
0.344285 0.137661 0.326705 139 114 86
0.347544 0.143574 0.325460 128 102 71
0.374614 0.208005 0.313036 116 114 103
0.345082 0.137500 0.324347 91 60 43
0.347441 0.140553 0.323900 131 106 79
0.365945 0.192810 0.313849 120 99 74
0.369789 0.201727 0.311616 96 89 73
0.371717 0.207190 0.311225 91 75 53
0.372113 0.209687 0.312242 120 108 83
0.373713 0.212708 0.311067 81 87 84
0.375463 0.216616 0.311263 135 158 167
0.378735 0.222562 0.309858 156 170 177
0.350804 0.163393 0.319235 131 107 81
0.366682 0.195978 0.311650 117 85 30
0.367275 0.200142 0.311231 98 73 60
0.368490 0.204338 0.310625 105 89 71
0.369767 0.207029 0.311096 103 92 69
0.371685 0.211269 0.310107 129 103 80
0.372639 0.211855 0.309576 96 74 79
0.372563 0.216420 0.308126 107 115 95
0.376038 0.224472 0.306557 143 175 196
0.375199 0.226249 0.306978 161 176 192
0.382015 0.237896 0.302722 158 165 176
0.301885 0.042351 0.335015 182 160 140
0.372722 0.219756 0.306797 181 145 134
0.380085 0.238402 0.301054 151 176 194
0.381960 0.245142 0.302856 160 169 175
0.351256 0.181106 0.309222 122 109 79
0.372045 0.226903 0.300647 170 199 236
0.375267 0.233769 0.302086 113 143 148
0.378675 0.241630 0.300332 116 162 203
0.380966 0.250215 0.293735 131 179 213
0.368919 0.233130 0.294415 125 97 74
0.376065 0.245336 0.291953 204 153 135
0.267502 -0.008817 0.330958 139 101 63
0.378300 0.265594 0.283360 115 131 117
0.270826 0.009092 0.326879 138 154 153
0.375113 0.267215 0.280067 208 153 148
0.486566 -0.007470 0.555457 82 88 81
0.487968 -0.005264 0.554471 83 86 79
0.482829 -0.005121 0.547398 22 76 75
0.483317 -0.004337 0.547704 51 58 61
0.475706 -0.012765 0.546740 159 103 79
0.480031 -0.000882 0.540598 36 114 124
0.480114 0.001229 0.542584 70 60 70
0.481513 0.002468 0.539743 88 82 52
0.510539 0.110334 0.507505 129 116 97
0.442466 -0.053251 0.532868 118 111 95
0.508623 0.125241 0.494838 96 117 114
0.474194 0.055785 0.502883 132 127 139
0.499854 0.116808 0.492883 101 128 127
0.472456 0.056192 0.500837 113 141 164
0.465760 0.045294 0.500022 97 127 125
0.509827 0.173668 0.470667 132 125 103
0.454670 0.047030 0.487737 63 88 98
0.465758 0.079336 0.480460 117 119 90
0.445081 0.041180 0.483948 67 79 87
0.339221 -0.027980 0.409623 126 129 123
0.342326 -0.016171 0.407915 129 109 83
0.343475 -0.012855 0.407425 121 98 69
0.345485 -0.009912 0.406525 125 101 73
0.346488 -0.008048 0.405808 139 120 90
0.337264 -0.024703 0.406062 59 64 61
0.339299 -0.019851 0.406136 126 108 78
0.340048 -0.016279 0.406291 102 78 48
0.341325 -0.013456 0.406585 93 67 35
0.342513 -0.010005 0.405958 90 64 32
0.344216 -0.006269 0.404659 98 77 50
0.345126 -0.004633 0.403866 128 101 83
0.335340 -0.025273 0.404294 0 0 0
0.336527 -0.023136 0.404179 31 22 9
0.336489 -0.019288 0.404785 122 107 78
0.337330 -0.016125 0.404152 122 99 69
0.338910 -0.012889 0.403635 83 55 26
0.339803 -0.008593 0.402220 79 50 27
0.339145 -0.006599 0.402130 45 14 0
0.343138 -0.002141 0.400825 111 86 49
0.333596 -0.024818 0.402220 132 112 94
0.332487 -0.020379 0.401886 103 89 65
0.334010 -0.018286 0.402588 114 100 76
0.334591 -0.014827 0.402221 114 94 62
0.336721 -0.012319 0.400750 70 45 16
0.339081 -0.008257 0.399302 39 19 0
0.339975 -0.003898 0.399798 65 44 29
0.340760 -0.001980 0.398862 87 56 19
0.342008 0.001558 0.396830 123 97 61
0.341795 0.004438 0.396843 145 130 101
0.320401 -0.042409 0.402153 140 132 118
0.329816 -0.024128 0.399583 130 122 110
0.330424 -0.021348 0.398743 118 110 97
0.330595 -0.019202 0.400154 113 102 79
0.332688 -0.013646 0.397966 112 91 47
0.333469 -0.012959 0.397931 121 94 57
0.339789 -0.000356 0.394654 64 50 0
0.340976 0.002371 0.395423 113 82 38
0.340390 0.005113 0.394683 121 97 64
0.343323 0.007472 0.395688 140 124 93
0.328437 -0.020252 0.396003 121 107 80
0.329702 -0.016340 0.393621 126 99 60
0.331017 -0.014487 0.394868 107 82 37
0.332434 -0.010722 0.394989 152 126 90
0.331234 -0.008524 0.394236 53 30 0
0.335926 -0.005464 0.394226 111 67 0
0.336220 0.000596 0.394228 84 47 0
0.337988 0.002785 0.392344 54 24 9
0.339728 0.005389 0.391993 103 80 51
0.339045 0.007723 0.390579 139 112 69
0.326501 -0.016159 0.392665 108 75 26
0.327745 -0.014930 0.392873 96 55 9
0.329924 -0.010651 0.391931 127 80 47
0.329404 -0.007865 0.392247 123 106 67
0.336087 0.004569 0.391580 141 117 83
0.336564 0.006047 0.388872 129 100 53
0.337493 0.009474 0.388417 146 117 71
0.339206 0.012088 0.387678 126 103 70
0.325642 -0.015663 0.392123 78 51 0
0.325654 -0.013361 0.390019 118 94 65
0.326968 -0.010688 0.389151 123 91 65
0.328546 -0.006597 0.388729 90 47 51
0.332516 0.000004 0.387836 39 14 0
0.333000 0.002776 0.386279 67 58 37
0.334878 0.006874 0.386129 141 120 74
0.335747 0.009904 0.385549 127 97 49
0.335916 0.012830 0.385134 143 117 77
0.339061 0.017472 0.383704 130 118 98
0.324003 -0.011446 0.387950 104 85 60
0.323707 -0.009462 0.387011 94 79 52
0.326365 -0.007071 0.386986 71 57 42
0.325738 -0.003633 0.384789 114 96 73
0.330279 0.002214 0.385151 98 69 35
0.331831 0.006161 0.381582 252 200 160
0.333927 0.010990 0.383221 138 106 59
0.334934 0.012982 0.382896 122 94 50
0.334530 0.015976 0.380949 126 103 60
0.322798 -0.008565 0.384437 85 73 51
0.323614 -0.005708 0.384818 119 100 84
0.324364 -0.003699 0.381901 110 105 90
0.325473 0.002293 0.381947 82 70 36
0.329669 0.004064 0.381561 120 120 97
0.332322 0.011926 0.380599 89 65 32
0.332500 0.013354 0.380128 83 61 31
0.332475 0.017001 0.378874 119 95 66
0.333817 0.020570 0.379223 116 100 68
0.318305 -0.014004 0.381533 127 109 75
0.318607 -0.010470 0.380993 106 93 72
0.319626 -0.008141 0.380453 77 69 53
0.321449 -0.006143 0.381078 102 97 84
0.324365 0.000996 0.379082 116 108 93
0.329824 0.015047 0.377033 92 71 27
0.333089 0.016301 0.376891 109 71 23
0.316439 -0.010123 0.378657 77 55 26
0.317388 -0.008501 0.378544 66 50 22
0.319494 -0.006410 0.378530 101 98 85
0.320222 -0.001112 0.376184 116 116 105
0.323089 0.001032 0.376937 108 102 81
0.325018 0.011623 0.373621 127 115 74
0.327662 0.015743 0.374562 106 96 69
0.329799 0.022664 0.372779 123 116 100
0.310473 -0.019249 0.377004 123 112 91
0.315055 -0.010875 0.376935 98 69 45
0.315852 -0.008453 0.376162 73 47 15
0.316534 -0.003982 0.373800 101 94 72
0.326134 0.017747 0.371109 117 127 124
0.327815 0.021610 0.370309 111 105 89
0.311306 -0.012139 0.374144 105 89 61
0.312837 -0.007586 0.372657 79 54 23
0.313760 -0.004800 0.373296 113 127 52
0.317874 0.004788 0.368821 65 41 0
0.321636 0.012906 0.369194 73 78 61
0.322831 0.016667 0.369399 89 101 96
0.324128 0.019474 0.367962 99 106 99
0.324759 0.021869 0.366124 122 122 109
0.310509 -0.013332 0.371297 127 109 84
0.309347 -0.008610 0.370135 83 63 37
0.310881 -0.007219 0.370375 104 93 71
0.312112 -0.004461 0.369968 106 108 98
0.318633 0.011057 0.365885 215 221 199
0.320673 0.012759 0.366487 100 107 104
0.321083 0.017540 0.365909 140 153 158
0.322406 0.020820 0.365785 77 63 44
0.322715 0.023748 0.365501 117 104 73
0.321800 0.026056 0.364223 120 86 60
0.308348 -0.008811 0.367417 83 58 25
0.308834 -0.006979 0.367735 87 62 24
0.308786 -0.001899 0.365680 116 80 0
0.319822 0.019089 0.362711 154 156 132
0.321406 0.023283 0.362305 111 101 83
0.287178 -0.047740 0.371607 109 92 72
0.305576 -0.008623 0.365080 92 61 29
0.305816 -0.005900 0.364292 84 52 17
0.305685 -0.003537 0.363888 72 31 0
0.327936 0.052060 0.355728 139 119 98
0.294433 -0.027860 0.365407 159 140 115
0.297033 -0.018508 0.363984 131 118 96
0.300439 -0.012470 0.361362 124 102 82
0.301849 -0.006382 0.362870 26 0 0
0.304105 -0.005591 0.362209 59 28 3
0.304703 -0.002374 0.361458 68 27 0
0.315430 0.022994 0.356618 48 23 0
0.316099 0.023232 0.356137 32 7 0
0.280300 -0.052774 0.367694 130 116 100
0.283168 -0.046312 0.367829 133 113 90
0.286024 -0.040157 0.366976 130 113 93
0.295296 -0.019535 0.363403 144 124 101
0.297410 -0.015002 0.361193 131 107 82
0.298605 -0.012178 0.360275 116 99 75
0.300175 -0.007577 0.360186 102 75 47
0.308755 0.014075 0.354481 25 24 24
0.313433 0.023983 0.355061 68 35 0
0.326451 0.052774 0.350043 146 130 109
0.335915 0.079442 0.342543 134 119 96
0.296758 -0.013070 0.358055 133 102 72
0.299094 -0.006200 0.358022 102 79 55
0.298596 -0.004900 0.358438 66 47 24
0.311034 0.023724 0.351241 56 0 0
0.309605 0.025234 0.351009 133 114 101
0.335239 0.084224 0.342957 152 135 115
0.339065 0.091206 0.340688 127 114 93
0.282995 -0.039283 0.361052 135 107 83
0.294374 -0.005301 0.354505 123 95 70
0.321377 0.053683 0.344319 154 129 106
0.339446 0.101905 0.333636 132 100 73
0.283984 -0.027272 0.355722 134 108 79
0.292974 -0.006514 0.352493 137 105 66
0.291806 -0.002040 0.349567 130 88 52
0.310394 0.043064 0.342329 157 139 111
0.338603 0.110613 0.328127 135 112 86
0.368581 0.187268 0.314314 140 126 103
0.371793 0.198557 0.314004 115 96 78
0.374927 0.201265 0.311680 119 120 113
0.375971 0.204598 0.311648 130 132 130
0.377047 0.211987 0.311692 150 173 174
0.287522 -0.006479 0.345814 134 107 68
0.354410 0.152891 0.320135 125 107 78
0.358459 0.168487 0.315091 116 98 71
0.363418 0.179135 0.313621 124 101 81
0.368458 0.188741 0.311957 116 102 77
0.369733 0.195191 0.311544 96 86 66
0.370938 0.198913 0.309964 99 86 84
0.373636 0.201978 0.310148 110 103 91
0.373304 0.205523 0.310067 82 75 69
0.375173 0.209523 0.309266 159 174 191
0.376522 0.212793 0.308842 147 176 196
0.377506 0.215480 0.309641 140 169 186
0.380447 0.217353 0.309180 154 176 189
0.383710 0.232744 0.305428 153 166 178
0.294899 0.016893 0.340246 156 109 78
0.297593 0.019965 0.339090 161 124 92
0.353270 0.157765 0.314800 121 110 76
0.369063 0.194274 0.309314 65 74 99
0.370142 0.197680 0.308879 101 88 67
0.371225 0.202881 0.309611 86 71 48
0.372370 0.205304 0.308223 113 128 107
0.377394 0.216488 0.305925 141 188 214
0.378626 0.224260 0.305866 153 173 197
0.388516 0.245447 0.299321 157 166 171
0.366673 0.202182 0.306217 94 66 22
0.372079 0.213673 0.304651 177 142 100
0.368755 0.207586 0.300301 122 104 60
0.382640 0.248260 0.294662 127 170 177
0.360332 0.194834 0.299750 93 59 20
0.372849 0.225039 0.295475 141 143 124
0.386677 0.263320 0.289816 164 161 165
0.280489 0.012665 0.324936 131 94 36
0.386555 0.270116 0.281702 119 165 200
0.376772 0.256116 0.283066 201 149 61
0.376460 0.262673 0.276279 159 148 114
0.490113 -0.000685 0.549119 89 74 40
0.485705 -0.003686 0.546403 48 83 57
0.540685 0.128543 0.523780 137 167 164
0.541995 0.143371 0.513886 131 146 148
0.514719 0.118504 0.502207 128 114 109
0.445278 -0.050517 0.528621 127 113 91
0.446133 -0.046722 0.527003 127 119 86
0.515462 0.123351 0.497855 143 135 125
0.512223 0.125426 0.496906 135 122 120
0.510545 0.125476 0.493308 152 144 140
0.473148 0.046096 0.501874 164 134 95
0.515513 0.169919 0.474432 154 156 166
0.460334 0.061488 0.480699 124 121 123
0.467624 0.074313 0.479692 133 110 77
0.444951 0.029243 0.484496 69 78 74
0.448030 0.032798 0.484848 99 92 97
0.450135 0.036586 0.482266 76 78 68
0.347774 -0.015302 0.408029 132 121 95
0.351889 -0.009533 0.406024 82 97 103
0.341385 -0.024850 0.406891 115 123 120
0.343523 -0.021045 0.406521 135 123 101
0.344779 -0.018062 0.405618 106 86 60
0.346339 -0.014725 0.405433 126 102 69
0.347386 -0.011481 0.404593 128 110 79
0.347808 -0.009135 0.404564 114 101 78
0.336960 -0.029770 0.404728 119 108 96
0.338677 -0.026932 0.405350 56 58 56
0.339647 -0.024524 0.404708 54 60 62
0.341506 -0.021640 0.403747 120 103 76
0.343180 -0.018329 0.404251 103 80 50
0.344156 -0.014978 0.403777 105 76 42
0.345446 -0.010675 0.403266 111 81 43
0.347318 -0.008002 0.402881 84 74 52
0.347135 -0.005121 0.402120 141 130 101
0.335577 -0.029863 0.401880 135 119 103
0.336124 -0.026835 0.403627 101 92 80
0.337110 -0.023751 0.403845 44 33 19
0.338904 -0.021137 0.402626 93 69 41
0.340557 -0.017397 0.401523 81 55 26
0.342492 -0.014131 0.402213 82 40 0
0.343581 -0.011351 0.401520 60 38 10
0.345189 -0.007065 0.399666 74 52 18
0.346032 -0.003955 0.398974 114 96 59
0.346847 -0.001470 0.397372 128 115 85
0.333250 -0.026943 0.401990 128 122 105
0.335663 -0.023139 0.398965 120 116 100
0.336720 -0.020800 0.398996 119 106 87
0.338263 -0.015830 0.399339 142 122 76
0.337494 -0.014040 0.399360 123 97 70
0.340334 -0.011159 0.399077 54 38 18
0.342734 -0.006266 0.398206 87 66 31
0.343292 -0.003346 0.396018 113 105 85
0.344480 0.000081 0.395385 116 100 64
0.344862 0.004353 0.394128 126 132 116
0.344838 0.006053 0.394813 152 142 117
0.331979 -0.025926 0.396548 141 136 125
0.333092 -0.023318 0.397111 124 120 105
0.333961 -0.021335 0.395134 121 116 86
0.334920 -0.016033 0.396145 126 124 118
0.337913 -0.010375 0.392921 63 33 0
0.340841 -0.005281 0.392955 75 43 0
0.342344 -0.003257 0.393285 113 102 82
0.342443 0.001379 0.393300 133 115 83
0.342522 0.002821 0.392911 137 116 84
0.330862 -0.022780 0.393995 115 105 88
0.331364 -0.019335 0.392844 115 105 85
0.332760 -0.015496 0.393339 127 113 82
0.340808 0.001461 0.390561 131 119 83
0.340772 0.003573 0.389806 84 68 38
0.342068 0.006752 0.388436 134 111 78
0.344666 0.011737 0.389018 137 134 119
0.330218 -0.021106 0.392038 120 103 82
0.329498 -0.017335 0.390415 125 102 75
0.330601 -0.016167 0.390797 120 103 50
0.333776 -0.010723 0.390403 126 87 56
0.333484 -0.009756 0.389646 128 48 0
0.335906 -0.003254 0.386350 131 119 106
0.338828 0.002126 0.387338 93 78 54
0.339540 0.005118 0.386284 105 91 52
0.339451 0.007722 0.385875 135 116 79
0.328289 -0.016952 0.388863 119 93 61
0.328448 -0.014674 0.388304 122 109 86
0.329127 -0.012210 0.386735 121 96 68
0.331595 -0.006879 0.386193 32 25 0
0.334869 0.003017 0.384664 154 133 98
0.336423 0.005553 0.383990 134 131 93
0.337458 0.008230 0.383566 118 99 63
0.338414 0.010389 0.381520 144 121 89
0.327284 -0.016099 0.384594 133 127 120
0.328840 -0.007259 0.383686 113 96 75
0.329053 -0.004943 0.382105 126 109 89
0.330341 0.000900 0.382458 106 100 86
0.332559 0.002926 0.381661 128 117 97
0.334981 0.005749 0.381025 132 123 90
0.335268 0.009724 0.380929 115 90 52
0.336543 0.011716 0.380980 136 111 72
0.324842 -0.013077 0.381110 121 103 82
0.325389 -0.009200 0.383263 126 113 92
0.330785 0.002306 0.379292 127 124 105
0.332228 0.006172 0.378012 108 106 86
0.333418 0.009812 0.378349 122 97 64
0.334252 0.012597 0.377675 109 88 53
0.336175 0.016601 0.377157 135 116 89
0.338019 0.018150 0.375408 144 142 129
0.322282 -0.008318 0.377727 141 145 141
0.323889 -0.006431 0.378571 132 127 115
0.327418 -0.000281 0.377156 118 111 95
0.330137 0.005968 0.375841 146 142 121
0.332135 0.010043 0.374991 156 145 114
0.333471 0.012567 0.375108 97 76 39
0.334633 0.014747 0.374874 110 94 63
0.318740 -0.015113 0.375702 138 119 89
0.318010 -0.010746 0.376639 116 102 75
0.319388 -0.009174 0.375879 96 90 72
0.321139 -0.007494 0.375516 122 121 108
0.324018 -0.003827 0.375264 102 99 83
0.325255 -0.000057 0.374689 114 108 88
0.327908 0.005470 0.372894 143 141 122
0.330088 0.014330 0.371397 116 105 76
0.332580 0.019859 0.368568 150 148 138
0.316694 -0.011380 0.375462 102 82 74
0.317995 -0.008886 0.373905 90 77 52
0.320781 -0.006920 0.373046 108 110 94
0.320611 -0.004328 0.370473 114 114 97
0.322087 0.001342 0.372078 111 107 85
0.324477 0.007180 0.369555 119 95 41
0.327050 0.013937 0.368248 99 113 109
0.330093 0.020751 0.367702 124 118 107
0.296132 -0.055551 0.380453 144 126 106
0.315397 -0.008085 0.370848 108 89 61
0.316864 -0.005460 0.369797 129 92 40
0.318652 -0.001938 0.368672 129 116 88
0.321090 0.000981 0.369463 119 113 94
0.322192 0.009164 0.369197 43 33 22
0.324428 0.016307 0.366198 98 102 101
0.326333 0.018420 0.365797 118 135 140
0.326923 0.021649 0.365787 108 109 98
0.311277 -0.014481 0.367741 122 111 93
0.311009 -0.009997 0.367722 115 114 105
0.312372 -0.008207 0.368515 106 111 109
0.313582 -0.005257 0.367079 120 118 113
0.317513 -0.001159 0.367072 156 144 107
0.316597 0.002703 0.367179 109 64 11
0.321438 0.009083 0.364681 23 10 0
0.321872 0.012455 0.365451 52 56 46
0.323152 0.014941 0.363730 96 102 114
0.325129 0.018174 0.363251 122 133 127
0.325802 0.021040 0.362931 111 108 95
0.327263 0.024204 0.362692 119 106 82
0.307876 -0.013649 0.364115 144 123 94
0.309637 -0.009638 0.365634 94 84 62
0.310885 -0.007617 0.365393 109 116 113
0.312474 -0.004581 0.364191 98 111 107
0.313582 -0.000463 0.363228 113 85 28
0.316514 0.006362 0.365019 98 101 118
0.318334 0.011284 0.361674 92 63 44
0.321394 0.017774 0.362526 222 251 245
0.321351 0.022040 0.359558 69 60 33
0.286553 -0.062813 0.370738 148 130 113
0.307370 -0.009358 0.362422 111 88 56
0.308182 -0.007143 0.362596 96 86 69
0.310752 -0.004010 0.361346 128 109 89
0.313401 -0.000768 0.361332 135 123 83
0.318380 0.015950 0.357672 138 138 117
0.320011 0.018813 0.357390 157 148 115
0.321378 0.022426 0.357839 113 94 63
0.332431 0.054215 0.351235 133 116 96
0.287587 -0.051715 0.367427 140 122 100
0.299769 -0.025259 0.362407 106 85 65
0.300315 -0.019613 0.360213 141 119 97
0.302229 -0.015728 0.360662 103 78 53
0.305640 -0.008753 0.359779 69 43 33
0.306261 -0.006702 0.360396 81 49 13
0.306877 -0.004214 0.359508 42 44 19
0.310135 0.006260 0.356800 118 131 131
0.317287 0.019370 0.355179 101 80 48
0.318779 0.022977 0.355671 75 48 0
0.330231 0.054359 0.348879 134 116 92
0.297737 -0.023143 0.359500 145 127 103
0.299973 -0.014751 0.359357 139 116 91
0.301160 -0.013951 0.358870 131 109 85
0.303418 -0.010150 0.356991 106 79 52
0.304383 -0.005569 0.357358 87 56 24
0.313553 0.017860 0.350958 17 0 0
0.315146 0.021983 0.351285 61 33 0
0.318092 0.031169 0.349159 122 94 68
0.318446 0.035420 0.349426 130 113 91
0.329885 0.060516 0.346188 124 103 81
0.334908 0.066379 0.343857 142 123 104
0.336661 0.076997 0.342472 120 110 90
0.289249 -0.033267 0.359393 142 123 109
0.298498 -0.015196 0.357011 142 120 107
0.300974 -0.008667 0.356197 128 94 57
0.300949 -0.005180 0.354543 137 103 69
0.311760 0.023781 0.349803 94 75 54
0.316561 0.026797 0.347873 138 120 102
0.326738 0.055486 0.344492 138 115 88
0.332011 0.070062 0.341108 133 112 92
0.338925 0.087315 0.337896 126 114 95
0.341615 0.095781 0.335598 130 109 87
0.296167 -0.013340 0.354397 131 114 98
0.300277 -0.003810 0.352547 129 99 66
0.300646 -0.001100 0.351330 73 53 22
0.318339 0.042759 0.343150 132 117 96
0.333318 0.076234 0.338678 145 131 113
0.296783 -0.003804 0.346692 159 128 97
0.313925 0.032845 0.342244 132 101 68
0.337145 0.094209 0.333067 123 113 95
0.337567 0.093632 0.330464 139 106 82
0.338707 0.099398 0.331412 130 119 101
0.341822 0.100806 0.331180 144 117 95
0.345234 0.112922 0.328839 129 107 81
0.348156 0.120087 0.327352 134 116 90
0.347778 0.123116 0.327124 166 156 136
0.298697 0.003014 0.345700 216 192 123
0.299996 0.011207 0.345424 146 104 61
0.300421 0.015916 0.342960 57 40 28
0.341152 0.107016 0.326295 110 99 85
0.339274 0.111040 0.325989 151 89 42
0.356443 0.144193 0.321124 128 128 104
0.360050 0.156782 0.319465 127 118 98
0.365521 0.167576 0.317798 133 111 93
0.372515 0.191290 0.311771 101 80 64
0.375078 0.193974 0.311078 126 129 124
0.376326 0.196760 0.310025 151 166 175
0.379102 0.202751 0.309461 154 162 162
0.360703 0.163502 0.314686 128 108 87
0.368824 0.179445 0.311907 117 112 88
0.368566 0.184677 0.310385 112 95 72
0.369327 0.186035 0.310731 105 94 76
0.372735 0.188856 0.309982 81 77 66
0.373169 0.193384 0.309247 84 77 68
0.375282 0.196777 0.308692 110 122 125
0.374640 0.200944 0.308908 98 96 93
0.376561 0.203826 0.309452 153 164 173
0.377607 0.208811 0.306784 165 186 212
0.378944 0.212484 0.307937 159 169 178
0.383406 0.224426 0.304201 156 167 175
0.349062 0.139541 0.317049 119 105 84
0.363454 0.178924 0.309808 75 45 25
0.365204 0.182073 0.310124 119 105 89
0.366141 0.183990 0.309441 118 94 66
0.367549 0.186724 0.309902 121 98 68
0.372063 0.194215 0.307266 133 100 52
0.371174 0.197730 0.307292 99 83 70
0.373113 0.201532 0.306340 129 104 86
0.351493 0.157692 0.310255 129 101 39
0.361824 0.176911 0.306142 122 98 61
0.377601 0.217766 0.300415 140 158 165
0.389626 0.253400 0.293757 145 160 176
0.393384 0.255096 0.294294 144 164 180
0.288303 0.006141 0.332842 130 93 60
0.374669 0.218594 0.299739 160 183 194
0.378739 0.229406 0.292955 133 139 125
0.389186 0.256276 0.289002 146 175 186
0.392330 0.268743 0.286366 130 172 191
0.390186 0.270885 0.283654 138 161 166
0.348363 0.174992 0.298040 157 130 125
0.562847 0.136988 0.532950 104 180 148
0.542967 0.113347 0.526979 140 172 155
0.539829 0.119500 0.523738 133 162 154
0.485977 -0.008820 0.541016 70 77 76
0.546182 0.138575 0.514762 109 138 125
0.470420 -0.034965 0.542473 127 78 48
0.544508 0.143870 0.514681 135 143 126
0.546143 0.144088 0.512981 134 152 146
0.463723 -0.046559 0.541465 139 120 91
0.537383 0.144243 0.505776 119 132 101
0.445592 -0.056626 0.531082 133 112 76
0.506159 0.086357 0.503642 190 187 160
0.512477 0.103156 0.505745 172 101 43
0.445076 -0.052159 0.527968 96 95 84
0.505566 0.086824 0.503912 187 186 146
0.516736 0.124275 0.494575 140 136 124
0.522083 0.140525 0.491104 113 125 115
0.501127 0.094217 0.498168 239 158 63
0.485047 0.067307 0.498323 145 152 138
0.512698 0.129983 0.485701 154 142 109
0.469163 0.045775 0.494266 143 144 130
0.515033 0.166353 0.469055 153 124 88
0.485192 0.100098 0.476171 111 108 81
0.445819 0.020999 0.482071 76 84 72
0.462583 0.060094 0.474754 112 153 169
0.356470 -0.010547 0.405723 53 64 71
0.348939 -0.021063 0.406469 139 125 110
0.352843 -0.012176 0.405196 110 130 139
0.353999 -0.009967 0.404710 64 78 83
0.354007 -0.007984 0.404292 74 80 81
0.342489 -0.028712 0.404770 107 123 117
0.345451 -0.022586 0.405519 145 134 116
0.346879 -0.019162 0.403464 113 95 71
0.348901 -0.016002 0.403308 135 117 90
0.350338 -0.012971 0.402720 83 78 58
0.351983 -0.009685 0.402924 57 63 65
0.352575 -0.007493 0.402689 85 88 83
0.341191 -0.027326 0.404693 79 80 78
0.341836 -0.025588 0.403590 61 61 58
0.343002 -0.022389 0.402149 139 120 89
0.345110 -0.018877 0.402157 132 107 73
0.347176 -0.016137 0.401417 124 106 78
0.348412 -0.012688 0.401064 118 112 83
0.348971 -0.008732 0.400826 87 81 72
0.350586 -0.006627 0.399206 141 154 152
0.349464 -0.003262 0.399618 182 201 196
0.339068 -0.027201 0.401486 98 89 74
0.340693 -0.024698 0.399603 115 104 82
0.341466 -0.022832 0.399593 114 106 80
0.342738 -0.018667 0.399075 108 83 52
0.344036 -0.014881 0.398925 106 69 36
0.345494 -0.012358 0.398356 96 76 47
0.347413 -0.008239 0.398147 95 84 61
0.348627 -0.005308 0.397045 149 156 148
0.348722 -0.002563 0.396245 118 118 102
0.337886 -0.025100 0.397017 82 76 63
0.339762 -0.020719 0.396586 129 110 81
0.341665 -0.014940 0.393199 153 138 102
0.342866 -0.011858 0.393022 63 47 3
0.344225 -0.007889 0.395714 61 46 19
0.346340 -0.004289 0.392147 97 98 80
0.346676 -0.002084 0.393016 104 91 65
0.335350 -0.024488 0.394702 104 98 80
0.336808 -0.020688 0.392373 168 168 153
0.337279 -0.018600 0.393049 136 130 115
0.339152 -0.015709 0.391122 100 88 69
0.341429 -0.010449 0.391234 93 90 68
0.341453 -0.008181 0.393454 204 225 235
0.344224 -0.004237 0.390934 131 125 89
0.345041 -0.001417 0.390741 94 88 60
0.344282 0.001716 0.390960 137 128 98
0.333103 -0.023858 0.392529 99 90 77
0.334386 -0.020972 0.391829 107 106 95
0.336452 -0.012185 0.388638 119 100 77
0.337669 -0.011522 0.392015 26 11 0
0.340645 -0.006537 0.388643 161 124 84
0.340852 -0.003136 0.387677 76 57 31
0.342258 0.000037 0.387542 108 103 81
0.342883 0.002202 0.386741 104 96 73
0.330016 -0.023515 0.391464 76 68 53
0.331952 -0.019648 0.388508 120 107 91
0.332897 -0.016733 0.387350 135 114 102
0.334424 -0.014925 0.386545 120 105 82
0.335363 -0.010283 0.386303 144 120 102
0.336869 -0.007182 0.384786 115 122 113
0.339823 0.000521 0.384943 71 71 50
0.339854 0.002970 0.384990 93 88 65
0.342727 0.006550 0.384400 135 121 91
0.345087 0.013008 0.381335 147 133 111
0.329282 -0.018808 0.386774 132 117 95
0.331646 -0.015522 0.385544 125 107 87
0.332443 -0.014492 0.385572 144 110 73
0.333585 -0.008957 0.384379 128 107 88
0.335603 -0.005570 0.383711 111 107 92
0.336573 -0.003455 0.382718 127 124 109
0.338303 0.000838 0.383029 109 106 91
0.338486 0.003250 0.382457 142 136 109
0.338919 0.006416 0.381673 148 133 99
0.342045 0.010516 0.380171 148 140 120
0.321733 -0.029336 0.385449 144 128 102
0.333075 -0.006008 0.381390 118 108 87
0.333101 -0.001793 0.380728 117 113 96
0.336148 0.005291 0.379347 138 134 110
0.337010 0.008223 0.378575 116 97 63
0.337938 0.010258 0.379558 151 131 100
0.326626 -0.012850 0.379837 135 126 113
0.332871 0.003077 0.378105 131 129 115
0.334236 0.004963 0.376203 124 119 99
0.335913 0.007461 0.375989 128 116 84
0.336361 0.010655 0.374883 126 110 78
0.324429 -0.013717 0.378617 126 115 97
0.324226 -0.010290 0.376461 126 117 104
0.327803 -0.000631 0.374122 125 118 98
0.331767 0.003158 0.373908 114 113 94
0.332737 0.005378 0.373602 152 150 130
0.334378 0.009104 0.373117 124 109 76
0.335067 0.011062 0.373678 93 75 43
0.323483 -0.013837 0.374665 128 118 97
0.322983 -0.010104 0.373758 129 122 105
0.321720 -0.007996 0.373592 139 136 120
0.326229 -0.000764 0.371658 138 131 107
0.327627 0.002836 0.370930 147 146 127
0.330258 0.006736 0.371040 112 107 91
0.331736 0.009015 0.370067 133 123 94
0.331920 0.012039 0.369443 137 128 98
0.319226 -0.016155 0.370588 146 125 101
0.318181 -0.013384 0.372951 130 103 75
0.319643 -0.009909 0.370352 135 122 95
0.321289 -0.006447 0.369456 123 128 117
0.322906 -0.003797 0.369615 126 123 105
0.324334 0.001569 0.369569 134 126 100
0.326359 0.004806 0.369691 158 155 135
0.328437 0.006402 0.367633 144 145 122
0.328616 0.012984 0.367086 106 119 119
0.317737 -0.008749 0.368876 120 99 56
0.320022 -0.006623 0.368088 112 112 94
0.320936 -0.004211 0.367376 131 128 108
0.322542 0.000840 0.366111 122 117 103
0.324811 0.002911 0.366040 107 96 73
0.325675 0.007407 0.365738 115 117 94
0.326275 0.008966 0.363089 107 105 90
0.328315 0.014007 0.363919 112 132 141
0.328104 0.016608 0.363271 118 137 147
0.328247 0.019337 0.362566 135 147 149
0.314797 -0.012452 0.366713 125 126 120
0.315334 -0.009102 0.365080 142 134 115
0.317394 -0.005446 0.363735 121 105 80
0.318640 -0.003407 0.364664 113 100 75
0.320543 0.001267 0.365106 152 148 135
0.321669 0.003396 0.364130 131 138 140
0.324775 0.011722 0.361195 126 141 143
0.326029 0.014097 0.360509 148 179 201
0.326964 0.017347 0.360919 100 118 123
0.327616 0.019497 0.360416 110 115 110
0.311702 -0.011427 0.363949 123 129 126
0.313237 -0.008232 0.363540 116 125 128
0.314661 -0.005905 0.362189 92 86 69
0.317905 -0.001880 0.360690 123 119 110
0.319490 0.003541 0.359405 72 58 39
0.322519 0.010740 0.358666 141 159 163
0.323373 0.014460 0.359422 161 183 192
0.325258 0.017856 0.358381 93 100 89
0.325809 0.020676 0.357871 104 100 84
0.307368 -0.014411 0.361090 112 87 58
0.309702 -0.011048 0.360026 146 137 118
0.310956 -0.008641 0.359437 151 167 173
0.312825 -0.004680 0.359483 109 115 118
0.313093 -0.002456 0.358495 115 113 78
0.313096 0.001452 0.358914 56 53 39
0.317537 0.007990 0.355149 84 64 25
0.320464 0.015253 0.354976 197 219 238
0.320738 0.017299 0.355701 79 72 61
0.323876 0.021642 0.355383 119 97 64
0.293501 -0.045958 0.365702 151 130 110
0.295543 -0.040779 0.364491 169 152 131
0.298400 -0.034364 0.362090 162 143 120
0.305176 -0.014787 0.356960 126 103 80
0.307475 -0.010740 0.357659 99 67 39
0.308785 -0.008313 0.356849 121 99 79
0.310509 -0.006664 0.355906 224 205 214
0.311462 -0.002881 0.354579 145 139 128
0.314794 0.002797 0.355651 64 47 22
0.313381 0.004543 0.356875 79 72 62
0.318866 0.015005 0.353459 160 224 217
0.318857 0.018919 0.352100 78 63 34
0.333083 0.051740 0.346897 118 94 80
0.349073 0.092126 0.338409 132 113 93
0.292220 -0.038057 0.359100 142 119 93
0.302088 -0.017347 0.357616 146 125 104
0.304590 -0.014151 0.356402 130 107 84
0.305471 -0.011004 0.355582 112 86 61
0.306496 -0.006231 0.355961 77 50 34
0.307974 -0.004477 0.354248 123 104 85
0.311549 0.001314 0.353436 197 187 127
0.312528 0.006429 0.353955 27 18 0
0.314689 0.008069 0.351837 19 8 0
0.315156 0.020001 0.349460 48 33 0
0.318112 0.021096 0.350578 58 38 9
0.333865 0.057737 0.343715 125 109 85
0.336605 0.070531 0.341417 119 105 81
0.338872 0.070805 0.340248 128 119 88
0.288773 -0.039464 0.357108 137 119 98
0.304199 -0.004170 0.350927 140 117 89
0.306633 0.003538 0.349502 52 28 18
0.334867 0.072817 0.338746 130 109 77
0.339070 0.077962 0.335051 133 131 106
0.282896 -0.050245 0.354685 140 112 97
0.288870 -0.034610 0.352713 151 134 119
0.291382 -0.031651 0.354315 134 119 97
0.303386 -0.002957 0.348457 128 106 77
0.340205 0.090621 0.333741 118 102 82
0.347633 0.101897 0.330750 131 110 87
0.301673 -0.002256 0.346452 179 149 115
0.308232 0.012794 0.342477 34 21 2
0.340155 0.096042 0.329998 141 110 90
0.345339 0.106640 0.328248 132 114 94
0.286910 -0.027093 0.345777 138 112 81
0.287307 -0.023561 0.346250 138 120 98
0.303043 0.005529 0.341175 156 125 93
0.353656 0.138166 0.319691 117 101 80
0.357784 0.143020 0.316619 130 115 94
0.363098 0.161441 0.316101 129 110 87
0.368264 0.168706 0.311487 125 108 81
0.367721 0.174928 0.312839 125 113 97
0.371956 0.178740 0.310892 121 112 111
0.374296 0.185236 0.310691 106 111 109
0.376277 0.189053 0.309214 135 157 174
0.376526 0.192556 0.310095 141 157 167
0.376844 0.195045 0.309270 153 173 183
0.378709 0.198111 0.308012 160 180 192
0.380725 0.201191 0.307292 154 171 180
0.380945 0.204442 0.308480 149 173 179
0.360629 0.154727 0.313042 128 103 70
0.365294 0.170217 0.310196 101 90 69
0.366775 0.172127 0.310798 114 96 68
0.368775 0.176228 0.309287 85 77 42
0.369343 0.179338 0.309294 117 82 58
0.371172 0.182179 0.308321 92 75 61
0.371898 0.185038 0.308802 96 85 66
0.374464 0.188330 0.307666 111 105 90
0.375845 0.193321 0.308603 104 102 104
0.376885 0.195499 0.307905 158 170 179
0.377634 0.197952 0.306811 161 202 220
0.340828 0.113852 0.316531 160 130 62
0.343641 0.116350 0.317853 130 120 112
0.365137 0.172513 0.308631 107 85 58
0.371663 0.191862 0.303806 163 116 78
0.373674 0.194571 0.304184 96 85 57
0.382045 0.216830 0.301407 152 169 177
0.368296 0.190602 0.302035 99 82 38
0.373184 0.198032 0.302156 96 81 90
0.378352 0.214613 0.298446 144 171 181
0.379685 0.215406 0.297332 150 183 194
0.388039 0.235825 0.293651 137 175 201
0.361659 0.174136 0.302065 104 95 85
0.279275 -0.017082 0.332841 146 120 96
0.283839 -0.005449 0.327928 155 128 100
0.368852 0.205533 0.295894 159 127 63
0.378845 0.225291 0.291835 138 154 161
0.393597 0.269148 0.283751 139 165 174
0.367253 0.209658 0.290488 151 119 77
0.384687 0.242418 0.285093 199 151 156
0.375542 0.255535 0.269319 215 169 125
0.379157 0.269223 0.267535 214 160 120
0.563018 0.137695 0.529231 151 173 145
0.491652 -0.021848 0.549646 64 64 36
0.551228 0.125769 0.522167 130 172 160
0.544452 0.115383 0.522064 139 169 161
0.546289 0.121856 0.519108 137 165 146
0.550577 0.138380 0.517902 125 144 150
0.550142 0.140145 0.512703 114 135 127
0.550819 0.143410 0.511501 133 151 148
0.551992 0.144910 0.511140 133 153 152
0.466046 -0.049615 0.538195 138 143 137
0.466177 -0.044938 0.539367 165 137 116
0.493044 0.014254 0.530500 82 82 63
0.468553 -0.041445 0.534714 130 119 116
0.539859 0.138331 0.502742 130 129 95
0.538418 0.144568 0.501723 127 136 122
0.534347 0.136943 0.498439 137 154 121
0.456062 -0.039873 0.521185 167 123 78
0.463951 -0.005638 0.512974 138 115 96
0.517440 0.127979 0.485414 148 150 134
0.464278 0.015285 0.499063 95 83 74
0.465289 0.018413 0.497782 97 75 58
0.467522 0.021700 0.497512 95 102 94
0.484462 0.064024 0.492072 95 81 82
0.463728 0.021398 0.496404 89 100 92
0.516533 0.157585 0.466425 129 135 122
0.353907 -0.017012 0.405638 137 132 117
0.354455 -0.013325 0.403430 16 31 36
0.355078 -0.011795 0.403490 53 66 71
0.358070 -0.010028 0.404070 153 173 182
0.347964 -0.023772 0.402086 136 123 104
0.348655 -0.020590 0.401551 135 116 90
0.350595 -0.017601 0.400714 123 103 77
0.352062 -0.014054 0.401198 109 104 90
0.353487 -0.011798 0.402004 81 90 86
0.353863 -0.005471 0.399590 147 145 134
0.358577 0.001803 0.398691 151 146 140
0.344976 -0.026422 0.400600 147 141 124
0.345883 -0.023162 0.399790 119 97 70
0.347747 -0.020462 0.399317 124 100 71
0.349135 -0.017301 0.398897 128 107 78
0.350421 -0.013962 0.398555 148 152 141
0.351584 -0.010294 0.397439 148 172 178
0.352100 -0.008131 0.396503 149 178 183
0.354968 -0.003036 0.396553 141 136 126
0.341927 -0.025698 0.397373 110 95 70
0.343702 -0.023663 0.397185 117 97 65
0.344818 -0.020757 0.396310 142 125 98
0.346560 -0.016659 0.395927 189 170 145
0.347908 -0.013001 0.395644 119 134 125
0.350124 -0.009558 0.394661 123 151 152
0.350221 -0.006828 0.393829 150 172 172
0.351022 -0.004404 0.393452 149 166 165
0.339859 -0.025588 0.395557 105 94 72
0.341533 -0.023640 0.394707 107 92 72
0.340965 -0.020106 0.393945 146 139 125
0.346402 -0.012958 0.393052 230 221 206
0.347482 -0.008784 0.392126 177 219 230
0.348579 -0.006133 0.391537 156 174 179
0.349799 -0.003672 0.391310 117 126 118
0.336834 -0.028059 0.392748 128 118 100
0.337222 -0.025390 0.392293 102 92 72
0.339325 -0.023591 0.392116 85 72 51
0.340668 -0.018888 0.390649 108 106 89
0.341180 -0.016202 0.390742 124 113 85
0.342608 -0.011408 0.389020 74 63 52
0.345566 -0.009527 0.388697 164 164 158
0.346665 -0.005897 0.389054 104 104 93
0.348032 -0.002403 0.388118 120 116 102
0.347092 0.000664 0.388644 129 112 92
0.334916 -0.027035 0.390867 120 112 97
0.335519 -0.024819 0.390178 100 92 78
0.335933 -0.021869 0.389006 98 92 78
0.339192 -0.019156 0.389211 114 106 91
0.340811 -0.013473 0.387843 82 81 79
0.341930 -0.007518 0.387944 102 94 82
0.343328 -0.004807 0.386678 100 103 87
0.344799 -0.002103 0.385914 98 92 71
0.346303 0.005061 0.384753 142 137 116
0.327856 -0.038072 0.387941 142 134 116
0.333162 -0.023289 0.387378 109 101 88
0.334639 -0.020905 0.386154 113 105 91
0.335257 -0.018446 0.385239 119 110 98
0.338167 -0.011284 0.383396 113 102 87
0.341390 -0.002559 0.385180 13 13 9
0.341812 -0.001343 0.383467 107 106 90
0.329399 -0.030376 0.386016 144 129 107
0.328690 -0.028595 0.386501 139 125 100
0.332359 -0.020959 0.384746 116 100 84
0.333797 -0.016383 0.383003 140 117 97
0.337002 -0.011287 0.382410 111 106 91
0.338036 -0.004052 0.381281 123 125 114
0.340072 -0.002525 0.381496 124 129 117
0.340368 0.004537 0.379117 129 133 117
0.349264 0.018540 0.377633 147 145 127
0.336004 -0.000000 0.377762 95 93 67
0.342782 0.007724 0.374933 146 132 106
0.326980 -0.015282 0.377474 136 124 107
0.336220 0.008000 0.373316 146 137 108
0.325439 -0.017828 0.376491 135 121 101
0.327445 -0.012392 0.371889 121 117 100
0.328893 -0.008351 0.374936 140 133 115
0.334152 0.005196 0.371307 174 168 141
0.335169 0.007737 0.371327 138 126 93
0.335258 0.010358 0.370906 131 123 98
0.337093 0.013442 0.370742 141 130 100
0.324415 -0.012728 0.370831 126 117 94
0.324893 -0.009004 0.371610 144 134 112
0.328485 -0.003227 0.368827 132 127 103
0.331196 0.001956 0.369041 160 166 152
0.332386 0.005034 0.368341 175 175 151
0.333487 0.007397 0.368494 161 150 114
0.335146 0.010115 0.368571 154 148 119
0.338575 0.016611 0.365363 135 128 115
0.321643 -0.013193 0.370737 128 113 88
0.323409 -0.010413 0.368036 131 131 111
0.323296 -0.006534 0.368047 142 139 123
0.326336 0.000348 0.367553 102 93 65
0.328356 0.001907 0.366166 151 140 109
0.330303 0.004806 0.366048 159 153 127
0.331042 0.007169 0.365579 144 139 106
0.332947 0.018636 0.363150 140 146 140
0.319541 -0.016080 0.365623 141 128 107
0.321721 -0.007244 0.365175 146 139 118
0.322342 -0.005368 0.364952 152 145 117
0.324130 -0.000813 0.364183 84 86 74
0.326289 0.002409 0.363705 125 116 89
0.327740 0.004916 0.362586 131 122 86
0.327569 0.008435 0.361408 115 122 107
0.328985 0.013507 0.362240 143 161 171
0.329478 0.015555 0.361296 149 183 200
0.313073 -0.018485 0.363611 141 126 113
0.317009 -0.016128 0.363970 140 125 105
0.319226 -0.007159 0.363070 137 116 80
0.320815 -0.004432 0.361990 143 128 91
0.323539 -0.000197 0.362343 56 65 61
0.323676 0.003038 0.360375 87 73 48
0.326012 0.005602 0.360879 135 120 85
0.326281 0.009616 0.360044 123 136 138
0.327485 0.013689 0.359028 138 167 181
0.328289 0.016001 0.358983 109 128 141
0.329491 0.018942 0.358049 115 122 116
0.313620 -0.012783 0.360354 159 172 176
0.317344 -0.006875 0.359094 129 113 75
0.318868 -0.003833 0.359166 138 111 71
0.320373 -0.001265 0.357549 122 91 61
0.321813 0.004117 0.357691 97 76 43
0.322819 0.007439 0.358608 68 80 77
0.323464 0.010204 0.356478 116 138 144
0.326150 0.013288 0.356322 157 177 186
0.326654 0.016465 0.355860 119 133 137
0.327761 0.019246 0.355007 117 113 101
0.289176 -0.069660 0.367739 137 115 95
0.310060 -0.014822 0.357191 134 126 111
0.311660 -0.012226 0.356397 176 193 196
0.311750 -0.009181 0.357509 169 196 209
0.315679 -0.006414 0.357343 125 113 86
0.316991 -0.002955 0.356652 140 117 75
0.318766 -0.000369 0.356482 91 67 38
0.319457 0.003405 0.353839 120 87 47
0.320502 0.006284 0.354346 69 69 56
0.322038 0.010672 0.354309 121 140 148
0.323654 0.013734 0.353414 131 156 168
0.324492 0.016896 0.352743 79 88 91
0.323281 0.019630 0.352489 34 42 31
0.308748 -0.015380 0.355443 117 104 86
0.310717 -0.012807 0.355323 158 158 149
0.311589 -0.009573 0.355690 163 179 186
0.311693 -0.006721 0.353125 126 130 133
0.314314 -0.002774 0.353262 84 81 66
0.315667 -0.000525 0.352290 56 39 0
0.317157 0.002252 0.352844 65 48 0
0.318364 0.007887 0.352513 125 122 121
0.319712 0.010501 0.351507 125 157 161
0.320957 0.013629 0.350718 157 193 212
0.321512 0.017893 0.349859 100 101 94
0.323687 0.019705 0.350397 108 99 80
0.290099 -0.055813 0.361109 146 130 110
0.291472 -0.049201 0.358682 136 122 107
0.303303 -0.021430 0.354845 146 123 98
0.305115 -0.016618 0.354811 147 128 103
0.307745 -0.013313 0.354273 124 99 73
0.308995 -0.008294 0.352118 141 118 94
0.310126 -0.006239 0.353167 184 219 209
0.310315 -0.000398 0.350793 77 58 33
0.313353 0.000841 0.348567 132 97 58
0.317787 0.008141 0.348823 26 7 0
0.316750 0.010955 0.348640 50 27 12
0.320931 0.015519 0.348388 128 156 201
0.321297 0.017128 0.348035 138 98 80
0.319808 0.020630 0.347506 111 91 72
0.336438 0.057353 0.339122 124 111 89
0.337352 0.061471 0.342455 129 114 98
0.339547 0.070580 0.339076 131 104 74
0.294319 -0.043444 0.355548 149 129 111
0.308559 -0.005610 0.348285 140 122 101
0.313881 0.008942 0.345948 97 68 41
0.316246 0.014879 0.345816 53 32 0
0.318875 0.023097 0.344567 128 113 98
0.332978 0.060165 0.337861 141 120 94
0.338713 0.066760 0.336713 149 130 107
0.342158 0.078423 0.335841 129 112 90
0.343922 0.080871 0.334942 107 96 72
0.281275 -0.061679 0.354452 138 123 96
0.304277 -0.002928 0.344946 197 175 179
0.305585 -0.001775 0.346745 144 107 53
0.311195 0.006961 0.343536 194 169 123
0.318752 0.027126 0.340821 135 116 95
0.321452 0.034143 0.338407 121 99 77
0.333885 0.066443 0.335396 119 120 96
0.338827 0.078209 0.332253 153 133 115
0.355974 0.124922 0.324288 119 104 82
0.349953 0.110418 0.322838 132 109 84
0.350859 0.113485 0.323998 126 108 81
0.352871 0.121336 0.318858 112 102 78
0.353910 0.127432 0.318185 153 144 123
0.354973 0.129139 0.317753 137 114 89
0.367381 0.155936 0.312784 143 126 110
0.371143 0.171500 0.310067 103 86 67
0.373454 0.172334 0.309849 95 92 82
0.374961 0.178155 0.309514 123 127 126
0.375515 0.179970 0.309065 124 139 146
0.376839 0.183251 0.308853 155 182 188
0.377465 0.188307 0.308006 163 177 184
0.378565 0.190537 0.307516 154 170 179
0.380965 0.194393 0.306533 160 177 191
0.381480 0.195542 0.305576 152 177 189
0.328778 0.069936 0.324031 182 152 115
0.356865 0.140481 0.313828 125 114 86
0.358968 0.146838 0.314759 130 114 89
0.365816 0.160358 0.309892 118 100 65
0.367009 0.163825 0.309966 115 94 72
0.370011 0.170866 0.308988 99 86 64
0.371190 0.174549 0.307404 88 91 59
0.372522 0.178302 0.307093 82 67 51
0.373802 0.180207 0.307183 165 146 112
0.373953 0.184258 0.306755 117 121 126
0.377341 0.188494 0.306354 182 172 179
0.377780 0.190552 0.304575 189 192 204
0.379285 0.192887 0.305159 161 181 187
0.379937 0.197471 0.305745 147 174 190
0.363906 0.157631 0.307993 99 139 122
0.363071 0.161544 0.308318 103 84 47
0.366392 0.168049 0.304878 112 88 62
0.369917 0.175621 0.305649 115 105 90
0.370672 0.178537 0.303863 148 121 89
0.372274 0.184388 0.303581 91 78 70
0.385833 0.216635 0.297771 153 171 183
0.366682 0.171663 0.302477 186 155 135
0.370410 0.182623 0.300535 144 113 82
0.371121 0.183255 0.300635 177 180 198
0.377092 0.202457 0.298573 88 131 161
0.383464 0.222147 0.294396 137 163 193
0.396122 0.255387 0.288348 128 158 170
0.309916 0.039685 0.323308 164 135 109
0.361049 0.168697 0.300763 107 79 44
0.384390 0.223388 0.290702 152 173 181
0.391360 0.242949 0.287132 149 164 169
0.369667 0.197615 0.294068 123 119 90
0.373269 0.203851 0.292194 72 116 81
0.375240 0.209031 0.290715 139 144 138
0.389886 0.242350 0.284916 156 169 178
0.395692 0.261568 0.281773 120 178 208
0.278532 -0.021119 0.327058 147 132 106
0.370471 0.203373 0.290580 152 149 144
0.371912 0.205236 0.290059 153 154 180
0.379943 0.226239 0.285105 186 166 189
0.374425 0.223551 0.283712 177 167 152
0.391516 0.266406 0.275353 144 169 188
0.497046 -0.022163 0.552215 125 87 57
0.558647 0.125299 0.526505 115 190 164
0.500600 0.001423 0.538724 49 70 72
0.502398 0.002607 0.538144 37 52 42
0.505355 0.008872 0.537824 110 109 84
0.502104 0.008696 0.534227 76 106 76
0.551358 0.140749 0.512159 133 141 129
0.552500 0.142171 0.511378 129 142 134
0.469365 -0.046076 0.536624 131 130 120
0.546682 0.134236 0.506471 119 115 66
0.468796 -0.041471 0.534871 126 122 107
0.468854 -0.040870 0.533808 127 118 94
0.538350 0.131563 0.498933 125 121 82
0.540530 0.136843 0.500598 133 132 107
0.456703 -0.060110 0.530659 115 117 107
0.537245 0.134858 0.497021 125 125 109
0.454716 -0.062121 0.529712 110 111 98
0.457484 -0.056794 0.527354 120 118 108
0.530213 0.123468 0.496200 98 110 77
0.529447 0.135097 0.490067 130 102 73
0.469937 0.003644 0.508473 110 89 67
0.464874 -0.003532 0.504627 143 121 82
0.494518 0.064206 0.493279 144 162 178
0.492537 0.067282 0.491289 95 86 71
0.489959 0.066472 0.488232 90 94 83
0.483830 0.070263 0.479924 102 70 32
0.495610 0.105158 0.472925 125 113 89
0.514381 0.156321 0.461162 121 109 91
0.517338 0.160133 0.461633 133 115 84
0.460852 0.032181 0.478412 95 102 96
0.473786 0.072159 0.472280 100 101 84
0.453749 0.027943 0.476341 75 82 70
0.468912 0.062091 0.469837 108 108 76
0.451532 0.023617 0.475538 91 102 104
0.464455 0.069773 0.463663 89 98 78
0.350769 -0.023902 0.400602 147 132 108
0.351535 -0.021047 0.399175 124 107 87
0.352305 -0.018056 0.398630 128 109 82
0.353286 -0.015489 0.398401 165 160 137
0.356258 -0.008947 0.396579 129 136 132
0.347564 -0.024392 0.397666 142 123 103
0.349584 -0.021592 0.396822 137 115 88
0.350974 -0.018700 0.396323 138 121 93
0.351938 -0.015054 0.395274 156 159 146
0.353452 -0.011376 0.395446 115 130 129
0.353595 -0.009030 0.394668 86 104 107
0.357090 -0.005763 0.394445 153 156 147
0.343707 -0.026400 0.395340 130 110 80
0.346127 -0.024642 0.395054 142 127 109
0.347979 -0.021716 0.394571 124 107 83
0.349545 -0.018130 0.393957 124 124 121
0.351014 -0.014783 0.393386 145 161 158
0.351561 -0.011316 0.392591 125 144 143
0.352315 -0.008138 0.391870 103 123 127
0.352871 -0.004640 0.391000 120 135 129
0.343040 -0.026520 0.392727 118 103 82
0.343998 -0.024266 0.392336 111 104 93
0.345184 -0.021469 0.391388 154 138 121
0.347193 -0.018191 0.391032 126 111 89
0.348207 -0.014635 0.390229 115 117 104
0.349817 -0.011157 0.389186 107 118 113
0.350855 -0.007927 0.388292 76 94 93
0.351051 -0.005221 0.389229 141 163 168
0.339767 -0.026250 0.390166 122 111 90
0.341703 -0.023803 0.390041 88 81 66
0.343275 -0.021055 0.388181 110 107 92
0.345653 -0.013345 0.389091 189 210 210
0.347182 -0.010534 0.387044 107 119 117
0.349034 -0.007990 0.386842 85 109 113
0.349422 -0.004228 0.386391 127 142 140
0.337475 -0.026217 0.387595 117 105 90
0.339373 -0.023097 0.386607 92 84 69
0.340283 -0.020425 0.385598 107 99 91
0.342822 -0.012960 0.385679 122 123 115
0.344680 -0.009487 0.384576 142 158 153
0.345887 -0.007016 0.384128 128 141 132
0.346343 -0.003290 0.384501 133 132 121
0.347291 -0.001285 0.382114 132 125 108
0.347091 0.002816 0.382236 137 130 107
0.336931 -0.021783 0.384424 130 125 112
0.338109 -0.018419 0.383727 131 114 91
0.339033 -0.016549 0.382413 98 85 64
0.341451 -0.012351 0.379867 125 125 111
0.342638 -0.009614 0.381556 109 109 96
0.343528 -0.004779 0.382624 118 112 89
0.342473 -0.005852 0.379000 132 128 110
0.347777 0.012881 0.374091 122 109 91
0.346457 0.010035 0.373580 138 128 109
0.326236 -0.022064 0.373738 135 123 97
0.327304 -0.012183 0.367673 134 123 103
0.327788 -0.010308 0.369254 150 138 117
0.332808 0.003311 0.366299 175 175 149
0.334356 0.006137 0.366560 164 155 123
0.336070 0.011420 0.364877 125 121 101
0.320137 -0.022680 0.368004 133 118 94
0.327449 -0.003130 0.364979 145 143 123
0.329894 0.001311 0.363272 152 152 133
0.331766 0.004019 0.363473 166 155 118
0.331817 0.005799 0.362475 167 139 80
0.320212 -0.021512 0.365305 129 115 91
0.321252 -0.014575 0.365554 137 123 111
0.328477 0.000004 0.362167 168 160 125
0.329324 0.003788 0.360658 148 132 90
0.331237 0.007206 0.359602 184 160 117
0.312867 -0.026039 0.363792 134 116 96
0.319538 -0.017970 0.362131 140 123 100
0.318979 -0.016657 0.363523 115 101 85
0.321857 -0.008648 0.361909 168 146 109
0.322062 -0.004461 0.360121 158 132 87
0.325562 0.001812 0.359352 123 102 69
0.327772 0.004909 0.358146 136 119 80
0.328631 0.006681 0.356851 151 141 113
0.318940 -0.007340 0.356223 160 131 91
0.319622 -0.004922 0.357248 157 128 84
0.320666 -0.000917 0.356743 92 63 30
0.323570 0.001916 0.355627 131 102 60
0.325070 0.003895 0.354726 137 109 69
0.326163 0.007011 0.353432 101 115 117
0.326954 0.013065 0.354561 151 174 186
0.330124 0.017125 0.355043 127 139 135
0.314241 -0.014680 0.354900 141 154 157
0.314916 -0.012050 0.354116 178 208 224
0.316583 -0.006848 0.354833 126 107 79
0.318276 -0.003582 0.354593 154 122 79
0.319097 -0.000930 0.353356 123 89 51
0.321616 0.002613 0.352502 127 95 50
0.322135 0.005559 0.351716 91 73 57
0.323947 0.007958 0.351746 66 76 77
0.324829 0.011969 0.351912 145 167 183
0.326035 0.016068 0.351352 117 125 120
0.326642 0.017817 0.349974 125 121 111
0.308670 -0.021367 0.353333 155 139 121
0.310981 -0.016286 0.353952 128 123 113
0.312081 -0.013643 0.353636 153 162 163
0.313659 -0.010404 0.352934 160 179 186
0.314586 -0.007674 0.352773 122 127 126
0.315712 -0.003684 0.352059 81 54 21
0.317745 -0.000229 0.351981 68 34 0
0.318921 0.002350 0.350519 70 33 9
0.320523 0.006022 0.350660 75 63 34
0.321365 0.008943 0.348574 137 155 165
0.322785 0.012675 0.347504 170 200 210
0.323445 0.016826 0.347588 110 105 93
0.340324 0.051835 0.340504 125 116 95
0.289532 -0.064349 0.356766 135 117 94
0.310921 -0.013408 0.350092 142 129 110
0.311477 -0.010693 0.350259 114 94 79
0.312646 -0.007250 0.349460 145 134 115
0.314598 -0.002778 0.349082 104 79 53
0.315077 0.000618 0.346566 126 95 64
0.319001 0.006728 0.347175 39 21 7
0.321201 0.010898 0.345437 158 178 195
0.321896 0.011959 0.345077 221 247 245
0.321777 0.016556 0.346336 106 92 74
0.343078 0.070759 0.336930 129 113 91
0.305908 -0.018865 0.348438 140 121 97
0.311024 -0.007389 0.347871 164 150 140
0.311953 -0.004438 0.345129 133 109 74
0.314049 -0.000012 0.345280 144 112 70
0.317258 0.013599 0.342454 71 58 27
0.320512 0.016707 0.342408 124 104 82
0.321179 0.021845 0.343305 139 121 102
0.324217 0.023170 0.341084 136 119 101
0.321937 0.026136 0.341727 138 122 98
0.339159 0.065837 0.334969 129 114 94
0.342595 0.075345 0.331562 141 126 121
0.347788 0.083639 0.330239 132 115 94
0.294725 -0.039004 0.348551 152 130 105
0.301829 -0.020624 0.348274 155 131 117
0.306353 -0.008397 0.343465 169 138 107
0.314925 0.010396 0.341525 110 88 53
0.347657 0.094721 0.325604 125 115 97
0.294450 -0.026214 0.344590 166 138 114
0.328549 0.054594 0.331625 144 131 119
0.352360 0.111548 0.319846 121 109 95
0.356601 0.120060 0.318059 133 117 92
0.360533 0.129308 0.315843 125 115 96
0.378328 0.173531 0.308267 160 176 183
0.378909 0.177658 0.308527 156 162 163
0.287233 -0.043075 0.345893 139 127 101
0.342712 0.089763 0.323512 158 127 104
0.356624 0.124446 0.316373 160 148 124
0.367012 0.153370 0.309820 118 102 74
0.370063 0.162617 0.309130 110 91 73
0.372946 0.166406 0.307267 100 92 77
0.374180 0.169177 0.308523 116 115 111
0.374578 0.171917 0.308725 115 115 111
0.376448 0.175935 0.308240 148 153 156
0.377678 0.179824 0.306816 164 186 197
0.378850 0.182064 0.306330 152 177 187
0.379562 0.185241 0.305395 155 165 168
0.385067 0.199570 0.303741 156 173 184
0.278182 -0.057047 0.343704 144 121 108
0.332099 0.072561 0.323408 144 114 99
0.343291 0.100747 0.316760 145 112 89
0.344667 0.104427 0.315989 182 146 112
0.352087 0.120653 0.315399 127 112 95
0.361456 0.142443 0.309092 64 59 52
0.362032 0.146426 0.307730 101 104 86
0.362437 0.149788 0.308029 133 111 88
0.364161 0.153020 0.308999 119 96 73
0.367137 0.156753 0.308083 63 55 42
0.367651 0.159464 0.308974 105 82 72
0.369687 0.162383 0.307978 138 128 116
0.372239 0.166311 0.305888 96 162 165
0.372872 0.169553 0.306710 104 94 79
0.372588 0.172592 0.306315 109 105 93
0.374639 0.175992 0.304739 153 174 186
0.378416 0.184955 0.304616 140 185 188
0.379449 0.189457 0.303672 167 181 190
0.349556 0.120585 0.311334 151 127 106
0.357535 0.138733 0.309638 42 23 11
0.360628 0.147393 0.306786 115 67 59
0.361081 0.149566 0.305195 91 93 76
0.361501 0.153196 0.307285 126 118 86
0.370555 0.171100 0.304058 102 88 59
0.369273 0.172880 0.302887 89 64 21
0.370308 0.175710 0.302396 123 194 230
0.378051 0.188261 0.301377 152 139 124
0.393797 0.229262 0.295172 157 180 187
0.359495 0.146495 0.304252 134 101 36
0.384299 0.213461 0.295005 152 167 176
0.298531 0.007853 0.323301 172 138 118
0.376677 0.203262 0.292092 70 122 81
0.393397 0.239919 0.286764 160 163 171
0.359030 0.161617 0.297171 123 133 52
0.363511 0.173460 0.296568 118 96 76
0.369130 0.187776 0.293361 121 107 74
0.383233 0.224544 0.285856 136 193 205
0.301170 0.023902 0.317552 137 112 107
0.286476 0.002130 0.318212 138 102 77
0.371838 0.205958 0.285621 115 161 145
0.398461 0.274252 0.270988 103 173 185
0.392282 0.268425 0.268146 93 137 142
0.507241 0.005415 0.537583 108 108 96
0.502479 0.005161 0.536439 53 74 76
0.505558 0.006911 0.536336 110 106 92
0.505549 0.008406 0.536518 107 107 90
0.554900 0.128466 0.517178 123 167 168
0.501963 0.013486 0.528240 83 116 89
0.494205 0.002200 0.527993 124 108 105
0.497071 0.006951 0.529684 95 87 81
0.473029 -0.046072 0.534573 135 137 119
0.470416 -0.048232 0.529521 124 121 100
0.456495 -0.064939 0.526256 110 119 108
0.458709 -0.052151 0.523826 113 119 125
0.463207 -0.036753 0.515328 195 178 97
0.530291 0.128254 0.488633 124 109 57
0.497215 0.062615 0.491848 138 162 171
0.498313 0.066112 0.491207 138 159 159
0.495937 0.068666 0.491832 155 136 146
0.501285 0.076816 0.488538 121 109 99
0.520760 0.129060 0.480326 159 147 115
0.494208 0.068278 0.487477 116 112 116
0.465457 0.004965 0.496777 78 80 69
0.488472 0.057418 0.487085 147 158 172
0.468273 0.016224 0.493140 90 93 77
0.465875 0.012621 0.489909 104 121 132
0.471977 0.039938 0.482290 97 100 91
0.478643 0.053769 0.477843 69 58 45
0.482781 0.062954 0.478349 119 91 65
0.523049 0.164680 0.462307 77 81 72
0.466268 0.027474 0.481318 91 87 71
0.477194 0.060155 0.472216 96 86 56
0.453448 0.015402 0.474605 39 47 44
0.350855 -0.022294 0.394014 132 116 104
0.352767 -0.019487 0.393935 135 129 121
0.353715 -0.016103 0.393106 169 175 167
0.355291 -0.012711 0.392927 157 169 167
0.347295 -0.025029 0.392580 135 130 131
0.349545 -0.022318 0.392629 128 113 93
0.350865 -0.019559 0.391826 124 124 120
0.352786 -0.016256 0.390772 119 129 128
0.353260 -0.012199 0.390550 129 144 141
0.353951 -0.010144 0.389866 105 120 117
0.355336 -0.004805 0.388133 140 142 137
0.356164 -0.003092 0.387945 140 138 126
0.345694 -0.024721 0.390400 113 110 105
0.347068 -0.022395 0.389052 135 130 112
0.349026 -0.019087 0.388762 139 135 118
0.350488 -0.015150 0.388125 109 115 111
0.351425 -0.011911 0.387966 98 110 106
0.351526 -0.009229 0.387309 103 116 114
0.354357 -0.005718 0.388188 144 149 147
0.343365 -0.023903 0.387307 116 109 98
0.344482 -0.021660 0.386000 128 122 105
0.347192 -0.018431 0.385643 148 147 129
0.348813 -0.015351 0.385099 118 126 115
0.349027 -0.012095 0.384813 117 127 119
0.349931 -0.008536 0.385556 99 108 105
0.341076 -0.023218 0.384197 102 91 72
0.343614 -0.022127 0.383353 129 118 100
0.344400 -0.018222 0.382578 115 121 122
0.345981 -0.014789 0.382170 122 137 130
0.346917 -0.011852 0.382939 121 135 128
0.347461 -0.007826 0.382572 149 156 148
0.341357 -0.020554 0.380965 117 107 94
0.342165 -0.017809 0.380526 83 77 66
0.342077 -0.014503 0.379928 88 92 84
0.345159 -0.011284 0.380410 108 117 106
0.346282 -0.007120 0.378684 124 119 104
0.350312 -0.002195 0.377970 128 114 97
0.341474 -0.017058 0.377187 165 139 110
0.337362 0.001371 0.365955 144 136 115
0.321292 -0.025363 0.365446 136 123 98
0.331670 -0.001749 0.360976 148 131 102
0.323669 -0.022170 0.361701 137 125 105
0.331145 0.002815 0.359387 163 146 106
0.329219 0.000282 0.356418 152 127 90
0.329352 0.003473 0.355117 151 123 78
0.330913 0.006479 0.356967 170 153 122
0.318804 -0.016156 0.358268 138 124 106
0.322398 -0.008231 0.355281 149 135 109
0.325212 -0.005730 0.354287 150 128 101
0.325956 0.001816 0.354366 143 112 63
0.326734 0.003809 0.353003 150 117 72
0.327595 0.006501 0.353202 165 132 87
0.315918 -0.018673 0.353145 131 118 103
0.316028 -0.015903 0.353267 131 129 118
0.316296 -0.012930 0.353707 167 186 195
0.322273 -0.002646 0.353359 135 101 58
0.323626 0.001925 0.351117 147 112 71
0.324816 0.004276 0.350830 151 120 80
0.326259 0.006582 0.349955 141 131 106
0.304584 -0.040273 0.356680 170 156 137
0.309800 -0.024564 0.352761 110 85 61
0.313428 -0.018509 0.351032 126 107 88
0.314168 -0.014705 0.351318 130 129 123
0.315612 -0.011770 0.351618 159 169 174
0.320195 0.002507 0.348036 61 37 19
0.322737 0.005622 0.347961 100 77 60
0.323428 0.008103 0.346246 149 159 164
0.325239 0.010967 0.345334 173 199 207
0.325961 0.014481 0.345430 133 141 135
0.331888 0.029294 0.343036 124 108 85
0.338145 0.044242 0.341969 127 113 84
0.343754 0.057144 0.336557 109 108 95
0.293840 -0.062090 0.356696 154 143 125
0.307307 -0.032238 0.350982 127 116 102
0.312055 -0.013808 0.347581 141 126 106
0.314016 -0.010495 0.348131 133 115 96
0.314294 -0.008806 0.347201 133 114 90
0.316406 -0.005175 0.346771 126 106 80
0.316180 -0.000928 0.346164 126 97 68
0.318230 0.001621 0.345838 113 87 61
0.320850 0.005191 0.344317 106 84 59
0.322347 0.008234 0.344326 110 110 97
0.323675 0.011450 0.344545 175 183 185
0.323969 0.014504 0.343955 112 107 96
0.324055 0.020116 0.341795 143 124 111
0.336916 0.043741 0.338120 130 110 87
0.339594 0.050754 0.335580 139 127 115
0.306445 -0.023311 0.345133 163 137 110
0.308296 -0.020718 0.346078 158 127 93
0.308097 -0.018551 0.343670 171 125 92
0.310751 -0.014185 0.346048 159 133 111
0.312683 -0.011516 0.345459 131 111 86
0.313469 -0.004652 0.343707 128 102 72
0.314958 0.000129 0.344041 128 103 75
0.317420 0.004591 0.342278 134 108 77
0.319509 0.009651 0.342385 92 87 86
0.321108 0.013080 0.340470 103 84 58
0.322321 0.015901 0.340257 112 90 71
0.322682 0.020123 0.339373 130 118 100
0.345956 0.074470 0.330308 131 110 87
0.295925 -0.039476 0.345950 149 125 103
0.300374 -0.032248 0.345958 159 136 111
0.304735 -0.022374 0.343343 133 111 82
0.307184 -0.016842 0.342529 149 120 87
0.307553 -0.009377 0.342251 164 138 111
0.310923 -0.007288 0.341516 134 105 72
0.314514 0.001090 0.338276 142 115 81
0.317050 0.009551 0.337873 129 113 97
0.320880 0.013463 0.337795 138 117 91
0.339174 0.064079 0.328936 150 141 118
0.345474 0.079387 0.327025 152 125 95
0.350137 0.089518 0.323615 127 108 88
0.354426 0.098760 0.323098 130 109 84
0.295216 -0.031825 0.342662 148 136 117
0.309440 0.001060 0.337609 157 121 87
0.313436 0.006543 0.337013 143 118 89
0.348807 0.090562 0.323204 137 110 87
0.351240 0.094160 0.321812 131 113 90
0.349641 0.097755 0.319533 126 101 77
0.353136 0.103609 0.319138 130 114 94
0.354810 0.108642 0.320235 121 101 79
0.353960 0.110459 0.318961 142 115 90
0.358026 0.113219 0.316874 133 109 78
0.356904 0.117118 0.317024 139 116 91
0.361686 0.123549 0.314513 141 124 101
0.372796 0.152408 0.310312 110 101 81
0.374199 0.158725 0.309264 116 104 94
0.375628 0.159133 0.308383 136 148 148
0.304794 -0.007453 0.337944 171 145 111
0.310391 0.002185 0.335310 147 117 81
0.354032 0.112725 0.315289 154 140 137
0.361821 0.131704 0.313618 132 124 114
0.363957 0.137068 0.311323 122 109 87
0.365820 0.139065 0.310270 130 116 94
0.367011 0.145394 0.309264 131 114 92
0.368935 0.147167 0.309164 126 108 91
0.370392 0.151129 0.308527 115 96 80
0.370117 0.153771 0.308167 93 81 63
0.371655 0.158341 0.307909 98 93 85
0.374057 0.159886 0.308195 102 101 95
0.374463 0.164422 0.306876 118 118 110
0.377272 0.167282 0.305209 133 161 181
0.379120 0.174480 0.303849 155 171 183
0.379162 0.177338 0.303531 169 188 195
0.383467 0.188397 0.302113 158 179 191
0.390634 0.201585 0.299736 149 172 181
0.356147 0.126073 0.311873 132 147 141
0.358650 0.128093 0.311107 51 39 27
0.362096 0.138741 0.310175 115 105 97
0.365541 0.144970 0.308686 117 106 91
0.367352 0.151808 0.305544 97 93 52
0.368784 0.153950 0.307434 96 84 62
0.370682 0.157650 0.306908 112 100 81
0.371047 0.161619 0.305623 130 123 106
0.373268 0.162891 0.303471 120 99 52
0.375454 0.170062 0.304454 121 147 157
0.378959 0.176809 0.302746 152 175 184
0.380149 0.180415 0.300325 152 186 200
0.381068 0.184034 0.301236 164 177 186
0.384126 0.189142 0.299677 153 179 190
0.383617 0.190988 0.297779 145 172 190
0.361904 0.146090 0.304564 101 101 90
0.364157 0.149006 0.306041 127 100 65
0.365254 0.151264 0.303061 129 112 30
0.369235 0.156842 0.302838 119 103 88
0.370376 0.160892 0.301749 126 116 93
0.371928 0.164547 0.302290 118 106 83
0.372472 0.166534 0.301618 103 126 142
0.373275 0.173597 0.302357 81 48 33
0.376103 0.180102 0.298324 188 182 176
0.324241 0.058018 0.316701 191 145 131
0.376744 0.185717 0.294709 128 148 128
0.379037 0.192888 0.294202 115 131 139
0.378219 0.194709 0.293805 114 130 134
0.384750 0.207749 0.293726 152 172 186
0.403840 0.254805 0.285454 151 164 173
0.390354 0.225749 0.285916 151 165 170
0.396306 0.237140 0.283188 153 174 186
0.396416 0.241683 0.285579 150 166 172
0.357731 0.154535 0.294277 208 215 173
0.382790 0.212005 0.286185 132 167 174
0.361184 0.169769 0.289238 128 119 78
0.385835 0.224074 0.281265 139 169 168
0.387368 0.234756 0.277103 195 252 255
0.390788 0.265222 0.265245 119 167 198
0.510024 0.007436 0.536217 105 102 76
0.503772 0.004277 0.527467 96 97 86
0.497748 0.002361 0.527324 89 94 97
0.480875 -0.036202 0.527660 165 140 111
0.496083 0.002397 0.523900 103 79 57
0.500032 0.006571 0.522741 95 79 77
0.473876 -0.044317 0.529459 117 125 111
0.479838 -0.037203 0.528092 122 120 104
0.488660 -0.012683 0.522237 90 94 91
0.489793 -0.011319 0.523832 77 85 86
0.487032 -0.013770 0.521206 103 103 96
0.460682 -0.061157 0.521791 110 117 113
0.461897 -0.056227 0.520910 104 118 120
0.452858 -0.069004 0.522642 107 102 87
0.455316 -0.066569 0.520046 113 107 88
0.460041 -0.057874 0.520812 109 114 102
0.460545 -0.055651 0.519921 111 119 109
0.446339 -0.074019 0.518356 120 110 95
0.501945 0.065191 0.489504 139 150 157
0.460092 -0.028740 0.504616 155 105 43
0.470467 -0.009111 0.501119 121 105 95
0.524814 0.126145 0.479714 167 150 120
0.524814 0.131017 0.478193 148 136 106
0.464460 -0.018378 0.499717 128 88 61
0.484506 0.034799 0.491204 104 127 117
0.503959 0.081236 0.482098 138 122 118
0.484325 0.041157 0.487039 103 98 85
0.493284 0.061899 0.485385 144 158 173
0.496169 0.069245 0.482450 130 139 149
0.529134 0.149673 0.467608 190 168 119
0.474136 0.023523 0.487408 82 84 93
0.502915 0.096195 0.474897 128 98 78
0.489786 0.065381 0.479828 70 93 95
0.521459 0.150827 0.460751 110 104 100
0.487222 0.069819 0.472219 78 80 76
0.519584 0.152754 0.458640 119 112 102
0.520249 0.157021 0.457467 101 110 105
0.484862 0.072505 0.467239 135 105 68
0.458181 0.022469 0.472176 75 87 90
0.471602 0.055115 0.468171 108 108 90
0.456100 0.027771 0.468213 77 88 82
0.352464 -0.018777 0.389105 108 110 103
0.353822 -0.016962 0.388809 100 103 105
0.351099 -0.019379 0.387305 146 146 129
0.350749 -0.017137 0.386299 159 164 156
0.346435 -0.022234 0.384073 145 134 111
0.348755 -0.019127 0.383294 174 170 143
0.349395 -0.016554 0.383300 138 145 131
0.351546 -0.015209 0.380660 136 134 129
0.353884 -0.006709 0.383105 150 146 132
0.344055 -0.024384 0.381358 147 138 119
0.344964 -0.022202 0.381536 143 130 108
0.346415 -0.019977 0.380871 121 102 88
0.348038 -0.016481 0.380334 132 142 135
0.348406 -0.012346 0.379884 129 139 132
0.343460 -0.021517 0.379959 115 109 91
0.344507 -0.019717 0.378996 101 92 83
0.346488 -0.016189 0.378604 106 115 109
0.345958 -0.011977 0.377013 118 128 136
0.348942 -0.010344 0.377810 135 136 127
0.344403 -0.017748 0.374896 127 118 107
0.316081 -0.037747 0.358559 139 111 83
0.319581 -0.020747 0.353797 152 133 116
0.327833 -0.002887 0.352907 153 123 90
0.330163 0.004014 0.350213 150 140 123
0.321359 -0.017366 0.351639 155 136 104
0.319625 -0.013282 0.351837 178 153 125
0.330463 0.007467 0.345949 152 153 147
0.314648 -0.018016 0.348797 137 116 92
0.323981 0.005481 0.344432 137 121 103
0.326626 0.007270 0.344268 160 173 174
0.327132 0.009508 0.343952 160 183 193
0.327780 0.012552 0.343135 146 163 163
0.342655 0.049039 0.336414 122 108 88
0.311862 -0.021576 0.345963 136 117 94
0.314216 -0.019415 0.344328 139 119 91
0.315049 -0.018168 0.346386 138 116 91
0.318376 -0.012925 0.344941 157 141 118
0.321676 0.000670 0.341946 143 120 96
0.322277 0.004349 0.342678 101 83 60
0.324187 0.007786 0.342268 125 119 110
0.325610 0.010694 0.341966 122 137 138
0.327171 0.013413 0.341392 138 147 148
0.340152 0.045046 0.336830 131 117 97
0.342913 0.053655 0.333092 134 117 95
0.304042 -0.040097 0.346951 155 126 97
0.312161 -0.020227 0.343522 144 120 88
0.311085 -0.015644 0.342384 159 131 106
0.311973 -0.012450 0.343433 147 121 96
0.312838 -0.009872 0.342518 137 111 85
0.317791 0.001954 0.340410 136 108 75
0.321973 0.008988 0.338546 148 126 100
0.322608 0.010864 0.338589 131 110 84
0.323236 0.013780 0.337663 120 107 88
0.334164 0.034154 0.334929 130 116 96
0.348300 0.074624 0.327770 130 112 87
0.301739 -0.035235 0.344369 136 117 94
0.312779 -0.011683 0.339038 124 92 51
0.312968 -0.010501 0.339687 126 105 84
0.320221 0.011148 0.335864 130 120 98
0.325431 0.026064 0.332219 139 115 93
0.332961 0.038250 0.331541 140 117 90
0.342016 0.062892 0.328418 181 193 178
0.343818 0.067292 0.328002 109 100 81
0.358840 0.111169 0.318728 159 134 116
0.361799 0.116706 0.318011 138 121 102
0.367935 0.127014 0.317814 111 99 78
0.371190 0.135389 0.312773 128 115 97
0.311456 -0.005908 0.336732 136 109 80
0.336727 0.056474 0.325997 133 115 86
0.341482 0.068936 0.322392 135 116 95
0.349920 0.089352 0.321378 133 110 84
0.358734 0.111596 0.314366 127 109 90
0.363450 0.118899 0.314562 156 144 125
0.372206 0.142115 0.310458 114 101 78
0.374272 0.149404 0.309116 109 105 98
0.377033 0.155113 0.306837 155 174 183
0.376247 0.159338 0.308120 136 144 151
0.379143 0.163463 0.306468 160 176 184
0.333690 0.060743 0.321817 143 112 84
0.348987 0.094131 0.317119 118 118 111
0.358454 0.112111 0.313189 129 103 79
0.363455 0.123947 0.311812 133 116 83
0.364206 0.132385 0.310756 131 119 97
0.366933 0.137382 0.308912 38 41 14
0.368412 0.139090 0.308146 126 106 88
0.369563 0.143185 0.308309 105 93 76
0.370874 0.146151 0.307647 94 82 63
0.371373 0.149184 0.308059 102 85 73
0.374847 0.152466 0.306192 164 196 213
0.375200 0.155074 0.306272 126 137 138
0.375622 0.158987 0.306075 115 119 128
0.378534 0.163521 0.305340 151 166 174
0.379000 0.165780 0.304046 186 215 222
0.379825 0.170058 0.304277 156 172 180
0.385973 0.183685 0.299294 163 173 181
0.295863 -0.030048 0.333097 148 124 93
0.356759 0.116730 0.311061 126 124 111
0.357705 0.118158 0.307914 138 114 90
0.358943 0.122940 0.308406 123 115 100
0.362021 0.131079 0.308667 162 112 75
0.364795 0.136629 0.305750 104 116 106
0.366434 0.139395 0.306702 113 111 83
0.368952 0.146539 0.305894 108 97 86
0.371620 0.154505 0.303483 110 112 106
0.370998 0.157780 0.302831 108 99 75
0.382542 0.179892 0.298885 143 182 193
0.385664 0.184210 0.298123 155 173 188
0.384494 0.189460 0.298395 158 175 186
0.313376 0.014070 0.324068 120 103 76
0.367574 0.154100 0.299828 162 138 118
0.370181 0.158407 0.302086 140 87 50
0.377672 0.179547 0.295847 161 192 174
0.381264 0.184405 0.296485 154 163 164
0.382539 0.188662 0.293237 129 146 144
0.342756 0.091471 0.308274 149 114 89
0.371409 0.172357 0.295063 197 253 255
0.347565 0.119363 0.300930 166 116 78
0.373218 0.183970 0.287189 133 147 103
0.392581 0.234698 0.279650 148 154 151
0.388769 0.228213 0.276877 121 177 203
0.392829 0.239552 0.274518 125 231 255
0.283330 -0.022253 0.319509 129 98 88
0.293275 -0.003668 0.313943 211 195 180
0.369974 0.188809 0.282602 146 165 156
0.381862 0.222059 0.275020 176 142 139
0.400816 0.274263 0.264334 125 181 202
0.381798 0.243523 0.261066 163 142 120
0.513669 0.000107 0.536028 58 80 77
0.514993 0.001703 0.536451 84 97 93
0.512997 0.007381 0.532432 100 102 77
0.508555 0.001784 0.531363 102 119 120
0.509573 0.002664 0.532084 111 111 100
0.504991 0.004825 0.526808 98 97 86
0.503005 0.002264 0.522852 101 99 90
0.502951 0.002965 0.522003 101 103 86
0.544534 0.111325 0.505625 132 154 154
0.497943 -0.005722 0.521947 76 86 82
0.498330 -0.000673 0.523663 80 87 78
0.477414 -0.041698 0.526616 124 120 97
0.479184 -0.038156 0.524273 120 116 103
0.489486 -0.012497 0.521324 81 78 75
0.487373 -0.014584 0.518696 93 93 85
0.498319 0.021235 0.508246 99 99 85
0.458865 -0.064756 0.519583 118 115 113
0.459902 -0.063801 0.518919 107 110 111
0.462267 -0.057228 0.516746 116 117 114
0.493045 0.017745 0.506932 110 110 95
0.496289 0.023478 0.503467 91 101 81
0.451835 -0.076472 0.517178 108 123 121
0.454320 -0.072776 0.518696 113 117 98
0.477319 -0.012888 0.506543 136 104 71
0.534632 0.128371 0.482252 147 140 106
0.472726 -0.012054 0.501128 115 113 113
0.518437 0.094326 0.483870 143 103 73
0.504217 0.070958 0.483695 134 153 163
0.504950 0.072614 0.484362 136 158 167
0.510089 0.081780 0.481954 146 127 94
0.479798 0.018392 0.490211 91 83 68
0.481289 0.019427 0.490608 82 80 64
0.501198 0.071059 0.484146 138 147 162
0.526527 0.132948 0.472790 131 131 103
0.467652 -0.011184 0.493311 91 118 132
0.502358 0.076628 0.476936 146 157 156
0.525728 0.135979 0.469525 131 130 103
0.527228 0.140413 0.466712 173 141 101
0.464607 -0.008854 0.492776 114 98 64
0.496741 0.077803 0.475258 58 46 33
0.465962 0.013881 0.481879 67 69 54
0.488461 0.064012 0.471170 101 98 96
0.525512 0.151539 0.457564 110 111 101
0.469005 0.023101 0.476303 87 96 78
0.471059 0.024409 0.475512 72 58 42
0.520765 0.148170 0.457671 151 143 143
0.522331 0.153815 0.456932 100 108 99
0.465354 0.021829 0.473441 72 78 76
0.467976 0.035499 0.471165 108 111 97
0.492629 0.096384 0.459808 113 86 54
0.455892 0.018579 0.467511 101 112 109
0.459208 0.020206 0.468190 91 94 85
0.349333 -0.020321 0.381073 169 171 163
0.350425 -0.017254 0.380548 162 162 149
0.347397 -0.022491 0.379915 141 117 103
0.348591 -0.020165 0.379934 150 142 128
0.349447 -0.018310 0.379672 173 170 159
0.347209 -0.018373 0.377898 118 128 123
0.319289 -0.042848 0.361337 137 117 96
0.333938 -0.006345 0.353600 151 129 105
0.321190 -0.024426 0.350890 136 113 89
0.298636 -0.078041 0.360277 141 122 101
0.301739 -0.069366 0.359145 136 119 99
0.322271 -0.020246 0.347788 139 118 89
0.332112 0.002897 0.344009 144 134 124
0.307487 -0.042404 0.349960 132 108 82
0.314507 -0.031190 0.347760 115 91 62
0.317753 -0.023424 0.345518 121 101 77
0.328097 0.006902 0.342101 156 154 148
0.328798 0.008202 0.342210 133 137 133
0.340255 0.034274 0.337196 136 114 92
0.301501 -0.055765 0.348532 152 129 101
0.313536 -0.028090 0.345037 136 114 87
0.316052 -0.019118 0.341719 133 114 93
0.323838 0.001437 0.341157 145 128 118
0.328218 0.009801 0.340611 113 106 100
0.308963 -0.035351 0.344355 156 115 88
0.308883 -0.027281 0.342486 141 120 96
0.311318 -0.024113 0.343715 136 116 99
0.313209 -0.020197 0.340639 129 105 74
0.314927 -0.017802 0.342583 120 100 73
0.317713 -0.007563 0.340383 134 116 87
0.320601 -0.001770 0.337618 133 118 100
0.324900 0.011341 0.335883 135 112 85
0.326591 0.014464 0.335238 130 113 94
0.328422 0.016944 0.334294 131 115 97
0.346963 0.055819 0.328259 137 119 102
0.347294 0.058740 0.326875 131 110 85
0.349763 0.066094 0.326605 130 113 90
0.350739 0.070739 0.324135 131 116 98
0.304967 -0.040618 0.341913 136 121 102
0.304908 -0.035650 0.341000 166 145 122
0.305882 -0.034329 0.341712 164 135 107
0.320817 0.009697 0.333525 137 118 97
0.348172 0.068963 0.322796 73 70 45
0.350309 0.078455 0.322513 177 178 162
0.351891 0.079238 0.322714 131 117 96
0.358319 0.100580 0.317270 130 105 80
0.374922 0.140934 0.310523 128 144 146
0.313962 -0.006847 0.334484 121 98 67
0.358279 0.097483 0.316461 138 112 91
0.356275 0.099664 0.315299 125 107 79
0.358111 0.103514 0.314351 175 158 152
0.363869 0.110653 0.313415 107 84 59
0.363060 0.116318 0.311979 138 114 92
0.365929 0.121069 0.312081 129 111 89
0.365967 0.125795 0.311675 136 118 97
0.367823 0.126957 0.309408 128 110 90
0.370869 0.130989 0.310724 116 100 79
0.372068 0.134650 0.308954 96 77 54
0.372680 0.136944 0.308498 101 90 75
0.374196 0.140817 0.307830 116 132 134
0.374440 0.144161 0.307474 110 113 108
0.375686 0.146855 0.307124 128 142 149
0.378324 0.154533 0.305469 155 177 185
0.378867 0.156974 0.305215 155 180 193
0.312547 -0.002222 0.328958 124 97 59
0.316005 0.008144 0.327493 119 110 89
0.328641 0.033478 0.324187 150 120 96
0.332771 0.041864 0.321787 154 119 90
0.343383 0.066179 0.318193 139 121 91
0.349797 0.084249 0.316594 144 108 87
0.350127 0.092304 0.314460 136 108 80
0.353461 0.094757 0.313491 83 88 68
0.365624 0.124908 0.309433 123 103 81
0.366553 0.128097 0.308360 126 114 99
0.369437 0.129995 0.307832 123 110 89
0.369276 0.134663 0.307108 113 97 77
0.371371 0.138019 0.306294 118 104 85
0.372389 0.142031 0.306613 87 79 63
0.373459 0.144188 0.306511 90 92 89
0.375951 0.147914 0.304950 151 180 190
0.375733 0.151629 0.304648 146 168 172
0.377020 0.154675 0.304522 166 178 193
0.379048 0.157954 0.302311 182 202 211
0.379827 0.161522 0.302830 164 181 187
0.383190 0.167684 0.300579 169 182 194
0.383322 0.170147 0.301820 159 173 184
0.320828 0.018966 0.324257 129 128 123
0.367160 0.134437 0.303525 105 106 84
0.369582 0.142031 0.303904 126 129 127
0.371795 0.145211 0.302779 96 93 69
0.373083 0.147157 0.302736 65 171 209
0.372655 0.152255 0.301841 74 50 31
0.381442 0.175330 0.298093 168 164 169
0.382987 0.178455 0.297516 190 183 172
0.386830 0.184463 0.296810 159 182 190
0.388131 0.187456 0.294045 153 175 176
0.334802 0.059078 0.314852 143 113 91
0.379486 0.167243 0.295790 102 113 98
0.386247 0.192143 0.292489 130 159 165
0.365684 0.146892 0.296077 161 131 113
0.367556 0.153719 0.296306 145 126 60
0.377129 0.175001 0.290971 142 145 91
0.381002 0.190100 0.286058 124 168 195
0.337516 0.095039 0.295539 186 179 230
0.398736 0.241707 0.273142 139 158 166
0.374539 0.191654 0.277411 206 164 141
0.390975 0.239034 0.266491 146 136 138
0.385655 0.238089 0.260323 170 136 146
0.523003 0.003560 0.537193 80 82 48
0.518707 0.004856 0.532197 103 100 78
0.515006 -0.000184 0.530665 97 97 76
0.517748 0.004524 0.531908 102 99 74
0.504698 -0.002318 0.521993 97 97 83
0.503548 0.001505 0.521967 103 103 95
0.503903 0.002484 0.522028 102 106 100
0.497960 -0.004835 0.518853 89 83 84
0.500906 0.001404 0.519334 103 87 82
0.503916 0.003521 0.516838 108 105 98
0.484510 -0.033784 0.519616 168 135 99
0.489333 -0.014946 0.515830 81 97 97
0.488987 -0.016165 0.512831 81 88 84
0.497151 0.005637 0.508589 106 100 78
0.463334 -0.066230 0.518490 110 111 113
0.465330 -0.063965 0.516449 117 121 121
0.495216 0.009303 0.504493 99 103 88
0.496184 0.011038 0.504878 97 99 95
0.497593 0.015703 0.505293 108 104 96
0.459723 -0.072095 0.517786 104 117 122
0.461788 -0.068536 0.516419 101 118 115
0.462391 -0.062139 0.517385 110 115 105
0.463739 -0.058892 0.514694 121 115 105
0.494840 0.014213 0.502484 102 111 95
0.495537 0.015970 0.500687 104 102 89
0.452606 -0.079432 0.515576 107 120 117
0.495224 0.016708 0.500054 101 100 82
0.495237 0.019372 0.500353 102 100 88
0.533811 0.113687 0.484175 149 152 130
0.496052 0.032259 0.491047 102 128 134
0.465550 -0.025780 0.498975 116 89 45
0.469984 -0.017441 0.497714 108 115 106
0.471326 -0.013955 0.496442 137 95 65
0.491977 0.038155 0.488604 74 88 81
0.509649 0.075973 0.481797 145 145 143
0.480870 0.014411 0.489840 65 63 77
0.491511 0.038841 0.487278 66 82 84
0.467128 -0.012606 0.492967 88 114 118
0.468181 -0.008100 0.491189 96 96 93
0.482254 0.021464 0.486083 116 110 89
0.498847 0.065868 0.478764 146 140 116
0.486062 0.038190 0.482191 90 97 83
0.485903 0.038784 0.480667 93 93 79
0.499364 0.070363 0.476563 146 135 138
0.531247 0.146995 0.459336 199 185 159
0.471295 0.008417 0.479582 54 40 27
0.526787 0.152030 0.455073 105 115 111
0.487295 0.062786 0.466601 96 70 37
0.486547 0.072290 0.461679 119 98 66
0.458714 0.010259 0.470774 89 112 113
0.469264 0.045204 0.459890 79 88 74
0.490646 0.089898 0.453592 126 99 49
0.313587 -0.062137 0.363238 130 122 108
0.299543 -0.083761 0.356734 144 128 104
0.313771 -0.044426 0.347937 182 158 142
0.302902 -0.059594 0.347894 151 133 112
0.307358 -0.048515 0.343965 147 126 106
0.316791 -0.032020 0.343121 134 112 87
0.317813 -0.023863 0.342140 130 108 85
0.326399 -0.002772 0.337691 128 108 86
0.342389 0.037432 0.331200 136 116 94
0.334842 0.022856 0.332600 147 127 112
0.343931 0.050038 0.328004 128 102 75
0.347001 0.054868 0.325753 115 93 68
0.349363 0.058184 0.324067 150 124 105
0.314944 -0.013315 0.335583 142 117 86
0.334060 0.030497 0.325388 134 112 85
0.351546 0.067153 0.320324 182 187 176
0.353676 0.083140 0.318392 127 112 84
0.357040 0.089255 0.318279 131 110 86
0.359481 0.091055 0.314466 142 123 104
0.358959 0.094675 0.315933 111 88 64
0.363434 0.102990 0.313241 137 123 105
0.372839 0.125616 0.310001 113 101 84
0.374287 0.129912 0.309449 127 133 127
0.304375 -0.035437 0.336622 159 140 121
0.311997 -0.021450 0.333647 136 113 80
0.325985 0.014199 0.328873 125 108 86
0.355969 0.089528 0.313326 129 111 86
0.358253 0.097028 0.312164 129 116 86
0.360404 0.099967 0.311565 138 117 98
0.360796 0.102699 0.313281 134 119 97
0.363860 0.107135 0.311183 131 112 90
0.364529 0.107864 0.311264 144 126 104
0.364129 0.111619 0.309577 124 107 94
0.370795 0.122278 0.308271 120 106 88
0.370147 0.126061 0.307961 132 114 93
0.373609 0.129659 0.307852 108 108 102
0.373905 0.132529 0.306898 110 120 120
0.375242 0.136230 0.306451 126 145 153
0.375626 0.139736 0.305785 148 175 185
0.376505 0.142900 0.306212 151 175 189
0.378981 0.146636 0.303228 162 179 188
0.380962 0.151089 0.302903 164 193 206
0.380393 0.154332 0.304063 169 193 201
0.382713 0.155310 0.302143 161 180 192
0.307023 -0.022091 0.332120 138 109 80
0.355099 0.089790 0.311704 123 114 87
0.355423 0.091674 0.312720 117 93 94
0.364565 0.115605 0.307505 104 84 61
0.366418 0.120453 0.307560 153 132 115
0.369030 0.126123 0.305610 114 92 62
0.370384 0.129502 0.305520 134 118 99
0.371974 0.133183 0.303856 107 100 84
0.372717 0.136398 0.304546 168 176 184
0.376822 0.142515 0.302801 164 188 202
0.377096 0.147397 0.303569 158 182 190
0.378162 0.150018 0.302254 154 183 203
0.379893 0.158267 0.301168 182 191 171
0.381066 0.158792 0.299540 169 192 192
0.385663 0.164689 0.299368 157 176 187
0.315656 0.002471 0.323428 146 107 67
0.346091 0.073828 0.311843 111 97 77
0.349840 0.085823 0.307576 165 129 100
0.358617 0.104030 0.305776 144 117 101
0.367735 0.127500 0.302457 98 93 72
0.368403 0.130867 0.302738 109 92 69
0.370772 0.134991 0.302631 162 108 84
0.371816 0.138693 0.299592 188 153 135
0.372810 0.143666 0.302254 128 109 98
0.374889 0.147980 0.297718 79 88 64
0.378577 0.154656 0.297760 171 192 182
0.378610 0.156929 0.299877 140 154 164
0.380768 0.160430 0.297759 184 175 169
0.387900 0.180956 0.294676 154 172 180
0.391679 0.189193 0.290088 162 177 180
0.316803 0.010533 0.319913 137 117 98
0.353859 0.100712 0.304617 165 107 71
0.368791 0.139197 0.299281 130 110 95
0.376504 0.155924 0.296353 196 166 113
0.378379 0.166362 0.294217 132 144 130
0.381870 0.169218 0.291170 202 180 164
0.384622 0.176452 0.292296 153 168 171
0.332253 0.054494 0.310010 167 115 75
0.368810 0.142919 0.294590 213 206 184
0.369998 0.146690 0.294180 236 230 220
0.374423 0.162663 0.291489 124 119 93
0.383377 0.179891 0.286649 159 141 156
0.403202 0.233596 0.278436 153 166 173
0.413752 0.259981 0.274033 137 175 187
0.373546 0.162471 0.287995 159 134 99
0.386625 0.190108 0.284423 133 168 166
0.393734 0.215537 0.280005 154 177 185
0.375283 0.171015 0.283376 177 170 143
0.389897 0.207600 0.278582 170 179 184
0.392812 0.225259 0.272278 138 147 149
0.402625 0.243500 0.269088 134 164 189
0.349288 0.121416 0.288400 216 216 190
0.377550 0.195704 0.275911 185 161 141
0.377474 0.198598 0.274723 93 111 81
0.381962 0.200373 0.274053 189 157 146
0.395595 0.241808 0.264322 125 138 145
0.385088 0.224663 0.264947 158 141 138
0.525992 0.005097 0.536824 83 83 71
0.519691 0.004273 0.531251 90 97 89
0.519056 0.003689 0.530769 102 100 81
0.515307 0.000326 0.528199 104 96 79
0.501307 -0.004704 0.518066 110 91 62
0.496258 -0.013505 0.514716 81 100 103
0.497155 -0.011969 0.515675 43 64 76
0.499973 -0.005543 0.513792 103 100 89
0.494426 -0.013428 0.514753 69 83 102
0.499996 -0.004256 0.511864 106 110 93
0.499285 0.000895 0.509995 100 103 92
0.507832 0.020588 0.504936 131 168 179
0.508904 0.022254 0.504737 118 156 172
0.488029 -0.018540 0.511336 103 119 118
0.489015 -0.016614 0.511923 83 89 89
0.499099 0.004749 0.507039 101 103 90
0.500828 0.009993 0.505047 81 92 94
0.507196 0.020966 0.504121 118 160 180
0.507288 0.024929 0.502355 104 145 171
0.495969 0.008678 0.504218 92 104 91
0.498174 0.010909 0.505251 108 108 90
0.498958 0.014470 0.504423 107 108 100
0.504630 0.023986 0.501675 105 125 130
0.460473 -0.073149 0.515626 109 127 128
0.461539 -0.071133 0.516027 110 129 124
0.465675 -0.066218 0.513088 115 125 128
0.496491 0.012992 0.500006 101 104 91
0.497328 0.014055 0.499953 102 102 88
0.505208 0.028196 0.498104 124 133 118
0.496168 0.013572 0.497098 103 99 94
0.535804 0.108527 0.481871 107 118 96
0.535447 0.113206 0.481415 128 141 126
0.467287 -0.046723 0.507330 122 122 109
0.469771 -0.041993 0.504042 123 129 116
0.486446 0.001622 0.495492 93 98 89
0.492592 0.016613 0.494022 107 88 60
0.469225 -0.038505 0.501358 115 130 119
0.486181 0.003080 0.495294 82 98 97
0.461365 -0.050648 0.501102 112 135 129
0.473861 -0.015401 0.496058 128 99 97
0.485846 0.006852 0.490260 159 137 115
0.496543 0.034580 0.486615 107 124 116
0.497069 0.039035 0.485444 61 111 134
0.511998 0.075733 0.480479 126 146 159
0.512668 0.078288 0.479392 130 150 160
0.515604 0.080730 0.477369 115 139 154
0.515168 0.084589 0.476664 131 158 144
0.536513 0.130026 0.469468 138 129 108
0.464016 -0.030879 0.494987 155 113 53
0.496279 0.040704 0.482682 67 114 130
0.536039 0.148255 0.462088 236 207 148
0.527102 0.142270 0.455327 88 116 92
0.524797 0.141201 0.453017 100 109 109
0.525419 0.141745 0.451084 112 116 110
0.487652 0.058745 0.464501 88 76 76
0.522580 0.146236 0.450352 106 108 111
0.496914 0.086927 0.454308 106 99 76
0.462401 0.009563 0.465867 93 102 85
0.473317 0.044069 0.456331 90 91 70
0.475991 0.054748 0.453523 86 91 69
0.328668 -0.029397 0.349489 137 115 94
0.301861 -0.082693 0.352033 157 136 116
0.301904 -0.078068 0.354129 134 117 92
0.340901 0.011964 0.337292 143 122 102
0.322118 -0.025505 0.340019 139 113 85
0.307158 -0.052347 0.344931 151 129 107
0.318519 -0.030474 0.340046 123 102 76
0.307450 -0.053103 0.341075 139 121 96
0.311155 -0.042129 0.340750 144 120 88
0.318092 -0.023857 0.338627 131 112 87
0.325671 -0.004738 0.332835 129 113 88
0.344101 0.043994 0.324332 114 94 73
0.350489 0.060644 0.322945 125 103 75
0.353321 0.064170 0.319682 130 113 87
0.309030 -0.042264 0.336382 140 116 89
0.314261 -0.027211 0.333243 140 119 90
0.318758 -0.010554 0.332276 136 125 108
0.338217 0.031374 0.323190 130 111 87
0.345280 0.047869 0.322325 123 93 71
0.347062 0.053048 0.321721 113 116 110
0.365912 0.101540 0.312848 133 112 90
0.370562 0.110533 0.309593 125 105 85
0.376599 0.124470 0.306610 157 181 189
0.376993 0.127404 0.306723 161 182 189
0.321826 -0.000645 0.329141 139 120 100
0.329745 0.023402 0.323129 142 107 71
0.352867 0.074526 0.315896 140 90 57
0.355729 0.080606 0.314058 140 123 97
0.358604 0.088809 0.312984 132 112 94
0.358140 0.090347 0.313275 132 113 90
0.360663 0.095664 0.309893 78 72 27
0.362812 0.098586 0.311151 133 110 91
0.364702 0.102343 0.310062 135 119 98
0.365417 0.104400 0.308200 141 131 116
0.365314 0.108498 0.309071 126 109 91
0.367770 0.110482 0.309538 109 89 69
0.369145 0.115156 0.307023 126 110 91
0.371496 0.119082 0.306034 94 85 74
0.373294 0.120608 0.306425 103 100 92
0.373824 0.124999 0.306281 106 108 100
0.375017 0.127758 0.305789 136 145 148
0.376183 0.131398 0.304968 155 182 194
0.376681 0.134703 0.304727 156 173 178
0.377712 0.138137 0.304087 161 187 197
0.378447 0.140452 0.303193 166 185 194
0.384449 0.152458 0.300814 160 181 191
0.312844 -0.017042 0.328898 127 105 83
0.317039 -0.008586 0.326655 137 124 84
0.320792 0.003951 0.325184 107 119 145
0.356804 0.092260 0.308416 128 109 92
0.362594 0.102369 0.305369 125 106 62
0.364076 0.102965 0.306561 121 122 81
0.365969 0.109025 0.307136 118 105 80
0.365787 0.113601 0.304185 134 104 76
0.366951 0.114563 0.303893 113 93 64
0.368891 0.118403 0.304818 149 119 86
0.369681 0.122507 0.303301 114 96 69
0.371545 0.124738 0.303976 101 95 80
0.370916 0.129707 0.303024 194 175 160
0.373494 0.131716 0.302130 127 126 122
0.376275 0.135339 0.301327 180 189 188
0.376659 0.139208 0.301747 158 187 201
0.377726 0.142603 0.301281 173 180 209
0.383063 0.154210 0.298849 147 199 229
0.384376 0.161483 0.296660 151 178 185
0.390509 0.172376 0.293040 159 172 178
0.370528 0.126034 0.301407 112 95 65
0.368427 0.129418 0.299908 149 105 63
0.372900 0.138692 0.299034 85 98 80
0.376259 0.141641 0.297151 136 185 209
0.376640 0.147732 0.296806 137 158 148
0.378457 0.149154 0.297458 159 166 167
0.379746 0.151461 0.296384 129 161 174
0.383605 0.160191 0.294392 149 169 179
0.385136 0.166396 0.291393 192 180 156
0.384816 0.169117 0.293022 188 173 166
0.387135 0.175908 0.292318 165 183 193
0.359484 0.105600 0.302342 145 120 78
0.370736 0.130558 0.296808 112 101 83
0.378841 0.158522 0.294064 180 162 145
0.373681 0.151049 0.290800 181 141 88
0.380656 0.168627 0.286098 157 157 160
0.393209 0.198761 0.281001 148 179 194
0.305030 -0.009266 0.313867 171 157 153
0.376702 0.167037 0.284937 96 118 125
0.367315 0.148199 0.285671 172 142 117
0.296636 -0.013411 0.307460 169 153 130
0.374231 0.177314 0.274813 255 217 179
0.380572 0.203103 0.269090 129 146 156
0.400422 0.241511 0.261760 90 142 167
0.382163 0.205491 0.264672 139 148 123
0.525381 0.005500 0.528100 96 116 128
0.518005 -0.000532 0.523628 89 92 79
0.519616 0.004587 0.524040 99 128 146
0.505410 -0.012040 0.516207 75 87 76
0.501191 -0.014868 0.516176 72 85 83
0.503804 -0.013384 0.516197 74 86 88
0.504558 -0.008519 0.513996 92 96 89
0.498316 -0.014481 0.512948 96 105 99
0.500844 -0.014003 0.512584 76 97 96
0.501214 -0.003980 0.511929 117 95 80
0.504568 0.001004 0.509355 105 106 90
0.503924 0.001347 0.508265 102 106 91
0.505411 0.005672 0.505232 113 128 124
0.509434 0.021546 0.504492 118 157 172
0.500874 0.004259 0.506546 103 107 93
0.503742 0.004669 0.504691 114 108 111
0.507421 0.019563 0.503296 120 159 173
0.507883 0.024116 0.501759 107 152 174
0.509885 0.026048 0.499620 64 97 109
0.499564 0.007748 0.502518 86 95 92
0.497454 0.008014 0.498495 108 101 92
0.504734 0.022703 0.498053 127 128 118
0.494940 0.008185 0.494782 105 102 85
0.497350 0.011721 0.494210 103 100 91
0.539268 0.116117 0.479659 118 141 96
0.542226 0.125749 0.476562 144 146 82
0.459880 -0.072150 0.505790 116 117 109
0.471790 -0.038359 0.500841 166 115 72
0.494581 0.012117 0.493594 84 98 85
0.495705 0.013599 0.493581 95 98 91
0.542453 0.128369 0.472798 213 165 79
0.464365 -0.060763 0.502454 121 131 127
0.468443 -0.045890 0.497882 90 89 53
0.479424 -0.019163 0.496101 119 96 73
0.488785 0.003108 0.492772 91 102 92
0.488767 0.004394 0.490688 99 106 103
0.500638 0.032549 0.486207 116 145 158
0.500732 0.033990 0.485186 112 140 155
0.500675 0.035019 0.483983 104 139 152
0.474631 -0.008793 0.485243 95 97 90
0.482894 0.009129 0.479821 96 74 79
0.496180 0.045454 0.475190 76 111 104
0.530764 0.131525 0.461216 123 111 81
0.532737 0.139292 0.457440 154 170 164
0.527839 0.129877 0.455174 104 117 106
0.477902 0.017154 0.470354 127 162 132
0.526872 0.141429 0.448976 118 127 119
0.483956 0.039542 0.465483 75 84 80
0.525865 0.146263 0.446843 96 102 77
0.464768 0.012664 0.463241 105 104 97
0.474770 0.045826 0.451992 84 93 92
0.321129 -0.060291 0.356746 142 128 106
0.303686 -0.081824 0.352468 137 118 95
0.304311 -0.078023 0.350799 159 140 118
0.315417 -0.058801 0.348540 134 124 109
0.309353 -0.060458 0.344067 134 117 97
0.315435 -0.039450 0.339636 153 130 107
0.318814 -0.036507 0.337323 149 128 108
0.339847 0.016373 0.329967 136 113 92
0.344362 0.026140 0.327453 135 118 95
0.343553 0.030173 0.327310 138 116 94
0.306171 -0.065598 0.341325 146 123 99
0.319808 -0.029983 0.334739 155 115 77
0.320075 -0.025458 0.335580 126 99 66
0.333248 0.008434 0.329191 153 141 129
0.343287 0.029442 0.324407 125 106 85
0.377165 0.114605 0.311142 149 155 156
0.308601 -0.045712 0.336853 143 124 105
0.319610 -0.020291 0.332853 137 121 102
0.326854 -0.004281 0.326462 153 130 103
0.349849 0.052474 0.319368 116 91 62
0.352996 0.060775 0.318818 137 117 95
0.361255 0.079402 0.312700 137 124 105
0.361735 0.082264 0.312594 137 125 104
0.364722 0.091955 0.310082 134 115 96
0.367182 0.096634 0.310687 124 106 83
0.373120 0.109337 0.306326 95 81 66
0.373736 0.112446 0.306440 115 117 117
0.374753 0.116040 0.306294 123 138 143
0.376262 0.120259 0.305396 152 172 180
0.376597 0.123057 0.305629 152 178 191
0.325957 -0.001343 0.324479 146 122 95
0.351647 0.064421 0.315521 113 89 55
0.355947 0.072959 0.313836 130 106 79
0.357466 0.076138 0.312313 118 103 82
0.358348 0.078113 0.311314 126 123 100
0.359377 0.082268 0.308241 78 82 71
0.363370 0.087693 0.309586 136 121 101
0.365575 0.096847 0.306307 119 95 77
0.366104 0.099019 0.306800 128 107 85
0.367320 0.102413 0.306231 117 108 88
0.368784 0.105506 0.305869 135 118 97
0.369758 0.110169 0.305969 92 61 37
0.372595 0.113814 0.305617 91 82 70
0.373336 0.117043 0.305351 105 99 91
0.374668 0.119928 0.304893 126 139 140
0.376349 0.123311 0.304303 144 160 166
0.377259 0.126459 0.303990 155 170 173
0.378185 0.129804 0.302016 159 190 206
0.389728 0.162401 0.296476 150 168 177
0.320001 -0.006474 0.324658 127 110 96
0.337265 0.039599 0.315503 154 119 84
0.357956 0.088075 0.307451 122 129 112
0.360392 0.090209 0.306995 125 107 94
0.361423 0.092654 0.307763 148 127 95
0.361508 0.097329 0.306030 135 113 73
0.369146 0.109614 0.303797 148 125 114
0.369864 0.114502 0.304107 127 103 83
0.371631 0.116029 0.302353 117 112 99
0.372328 0.121778 0.302079 78 68 52
0.374174 0.122242 0.301024 107 96 93
0.375779 0.126597 0.299968 152 147 135
0.376175 0.129006 0.301295 129 168 194
0.378031 0.133261 0.297499 146 214 245
0.380241 0.142369 0.297815 160 188 191
0.382957 0.147613 0.297212 160 184 193
0.385161 0.151002 0.295014 153 177 187
0.387918 0.157418 0.294031 152 172 184
0.387296 0.160376 0.294599 161 182 187
0.393218 0.172492 0.293636 156 170 176
0.347589 0.068417 0.308195 136 111 86
0.358826 0.095668 0.302440 197 192 153
0.364143 0.107852 0.302641 126 117 88
0.369189 0.118331 0.300458 136 133 134
0.377572 0.141090 0.294928 166 201 212
0.383598 0.153346 0.295066 153 157 158
0.388023 0.165458 0.289025 165 153 152
0.313265 -0.012254 0.317924 153 127 110
0.352926 0.089544 0.302491 171 169 173
0.375695 0.142485 0.290536 200 131 60
0.377152 0.148821 0.292061 119 166 184
0.380714 0.151559 0.290865 146 161 173
0.381651 0.152963 0.291204 122 148 162
0.383249 0.159545 0.290685 183 167 152
0.313709 -0.005958 0.314661 189 138 103
0.333584 0.045269 0.308501 168 120 82
0.361534 0.113892 0.294990 191 172 164
0.373961 0.149479 0.288327 186 150 109
0.377970 0.151399 0.287005 110 201 206
0.379157 0.154639 0.287999 159 158 156
0.398176 0.208391 0.278396 149 164 166
0.383012 0.166649 0.282615 165 176 173
0.384219 0.175838 0.283076 151 170 179
0.387322 0.178600 0.281192 163 169 171
0.333552 0.052792 0.299890 168 139 123
0.389173 0.203354 0.269589 114 178 191
0.391052 0.206642 0.268763 134 159 159
0.394957 0.216842 0.265469 149 142 140
0.410457 0.254414 0.259919 146 168 182
0.414761 0.271131 0.258695 141 185 212
0.401002 0.240436 0.259804 150 173 183
0.526150 0.002813 0.523031 88 99 107
0.518807 -0.001330 0.521451 99 123 140
0.521545 0.003130 0.522409 102 141 149
0.518549 -0.000889 0.520781 85 116 118
0.505358 -0.015092 0.514637 68 82 78
0.506652 -0.007483 0.511532 92 93 81
0.500669 -0.015731 0.510891 91 106 104
0.506542 -0.004311 0.511078 110 109 95
0.506847 0.001769 0.504619 119 145 158
0.512505 0.018630 0.503949 120 158 177
0.512151 0.022827 0.499726 102 151 170
0.507156 0.019496 0.496944 122 155 169
0.504701 0.015238 0.493470 114 151 172
0.506934 0.019311 0.494100 113 154 177
0.507409 0.020783 0.494394 122 160 175
0.499899 0.013383 0.494417 92 93 101
0.503529 0.015531 0.491687 119 159 188
0.483203 -0.026320 0.497205 116 105 73
0.483863 -0.020030 0.495989 114 115 105
0.502687 0.029702 0.486759 115 164 184
0.467166 -0.056729 0.497294 114 131 130
0.504240 0.032040 0.482706 101 169 200
0.465733 -0.056410 0.496131 144 152 140
0.466393 -0.050163 0.495117 118 128 121
0.473066 -0.032823 0.491698 126 93 66
0.541269 0.131181 0.466023 152 144 128
0.478123 -0.019443 0.487034 106 80 58
0.500382 0.035316 0.479024 102 148 170
0.528402 0.133033 0.449545 83 85 73
0.527514 0.137864 0.449356 95 120 115
0.486923 0.047301 0.455750 95 117 130
0.487554 0.056313 0.452754 84 109 116
0.491534 0.064116 0.453206 105 99 58
0.496255 0.085718 0.447832 135 102 56
0.471329 0.028564 0.451303 120 106 89
0.310262 -0.091592 0.359831 136 121 107
0.325456 -0.055950 0.350928 130 113 95
0.315841 -0.066375 0.345434 151 142 130
0.339121 -0.004456 0.337377 142 126 101
0.313586 -0.063050 0.343950 136 118 100
0.339854 0.005716 0.331799 144 119 102
0.311470 -0.061505 0.338266 141 126 110
0.333688 -0.004051 0.331870 127 102 74
0.339611 0.008605 0.326402 137 118 96
0.341710 0.018699 0.326511 119 102 84
0.378326 0.100937 0.311572 154 159 157
0.379615 0.107885 0.313489 153 158 152
0.324763 -0.017896 0.331162 142 114 92
0.329028 -0.010210 0.329263 141 122 99
0.336253 0.002748 0.326166 155 132 111
0.338325 0.012776 0.324098 161 156 140
0.341895 0.015394 0.324681 152 134 115
0.353094 0.043863 0.318797 135 117 93
0.370880 0.093779 0.310013 119 105 90
0.375838 0.103622 0.308765 144 149 148
0.376887 0.108984 0.310181 152 159 161
0.342440 0.024654 0.321829 123 114 101
0.346553 0.034226 0.319120 115 106 85
0.351020 0.048051 0.316992 115 89 65
0.352379 0.051052 0.317607 123 102 82
0.355675 0.057573 0.315458 135 114 90
0.357165 0.064354 0.312851 113 91 71
0.359714 0.068452 0.313298 127 115 96
0.367111 0.092000 0.308901 151 132 112
0.371268 0.097511 0.305996 121 103 83
0.373887 0.101368 0.307804 104 95 78
0.373657 0.105337 0.306127 104 98 89
0.374768 0.108514 0.305313 135 138 135
0.376875 0.110976 0.305135 156 175 182
0.377151 0.114952 0.304465 167 186 193
0.378120 0.117793 0.303926 159 187 199
0.379715 0.123705 0.303897 161 192 206
0.380996 0.124486 0.302482 160 188 198
0.382801 0.127556 0.301267 163 188 198
0.300591 -0.069351 0.333323 149 127 100
0.348799 0.046316 0.314932 136 116 96
0.348592 0.049852 0.314910 135 121 100
0.354545 0.062026 0.311353 161 131 108
0.358244 0.072442 0.312006 134 126 104
0.361897 0.077313 0.308692 127 120 103
0.363978 0.088475 0.306358 117 103 89
0.365987 0.092865 0.306286 122 110 90
0.367895 0.095896 0.305207 114 95 74
0.368612 0.098241 0.305324 104 96 78
0.371324 0.101513 0.304691 94 84 64
0.372391 0.105713 0.305060 97 85 77
0.373521 0.108703 0.304511 107 113 115
0.374934 0.112205 0.303523 106 106 105
0.374847 0.114688 0.304303 127 135 136
0.377133 0.118801 0.302183 157 180 191
0.378167 0.122516 0.302246 152 180 194
0.379094 0.124114 0.301062 153 180 192
0.384329 0.132511 0.299427 163 189 199
0.329496 0.010510 0.315893 157 176 178
0.354918 0.069946 0.309342 138 115 81
0.355780 0.072987 0.306993 154 136 97
0.358980 0.078274 0.305460 152 185 251
0.361157 0.080768 0.305090 128 117 109
0.362127 0.088537 0.305347 132 111 89
0.368686 0.100185 0.303152 94 81 66
0.368645 0.102298 0.301932 155 135 93
0.372311 0.113834 0.299316 120 93 63
0.373685 0.115829 0.299616 104 73 52
0.377501 0.124895 0.299176 144 162 173
0.380212 0.132707 0.296072 147 182 199
0.386798 0.150720 0.294680 152 177 190
0.404008 0.190764 0.285164 157 175 182
0.366313 0.106438 0.297873 112 118 104
0.371622 0.118771 0.298700 172 141 99
0.388043 0.160756 0.288891 149 177 194
0.394711 0.176693 0.286406 154 179 184
0.292903 -0.069696 0.324229 156 132 114
0.344606 0.055008 0.303931 189 113 48
0.371345 0.125952 0.294293 116 107 95
0.380417 0.140758 0.289774 163 179 180
0.381561 0.147392 0.287134 134 214 255
0.398298 0.191755 0.282593 158 180 182
0.359565 0.099719 0.292836 228 207 182
0.378389 0.150307 0.286524 169 171 172
0.427145 0.264696 0.265242 142 167 179
0.372732 0.141694 0.283244 217 159 125
0.374150 0.143269 0.282403 153 108 76
0.392889 0.192036 0.277292 151 171 176
0.359897 0.113941 0.285428 182 182 131
0.387789 0.184434 0.273663 140 168 185
0.424097 0.275839 0.260124 144 164 175
0.382083 0.178213 0.273647 152 151 143
0.389209 0.192161 0.268395 132 165 185
0.392519 0.210801 0.265219 96 172 207
0.413832 0.255874 0.255979 135 174 189
0.387833 0.198416 0.264754 174 162 156
0.399954 0.231242 0.259572 138 155 158
0.528674 -0.032266 0.540661 79 83 66
0.531768 -0.025269 0.543005 80 85 75
0.533735 0.004450 0.525052 101 114 113
0.525122 0.000895 0.521574 99 123 128
0.527819 0.002636 0.521446 92 120 124
0.519486 -0.002795 0.516628 110 127 129
0.518621 -0.002947 0.515407 122 126 122
0.509033 -0.015185 0.510974 93 76 52
0.507396 0.002435 0.502508 113 150 158
0.502352 0.000006 0.498232 110 119 122
0.505300 0.008118 0.497101 111 133 124
0.508503 0.013453 0.493701 129 160 178
0.510128 0.017805 0.494033 115 162 180
0.507845 0.017841 0.492614 115 157 183
0.505877 0.015346 0.489603 130 160 183
0.507028 0.018060 0.488949 107 156 192
0.505644 0.021777 0.487831 94 161 200
0.507989 0.028252 0.486766 117 169 192
0.549456 0.126554 0.469248 170 151 110
0.490737 -0.016527 0.493201 111 104 81
0.507612 0.027026 0.484986 118 181 214
0.548982 0.128034 0.467545 166 156 119
0.504416 0.031769 0.481907 105 194 221
0.478337 -0.029473 0.490653 95 86 54
0.478927 -0.028680 0.486993 79 87 91
0.541144 0.139535 0.456602 52 0 0
0.537954 0.138377 0.450715 176 167 122
0.540460 0.149975 0.446086 181 190 173
0.533246 0.138107 0.444763 107 130 132
0.493788 0.062614 0.453342 120 126 134
0.497249 0.062287 0.451965 131 92 53
0.489262 0.051550 0.452521 74 105 106
0.486661 0.053781 0.449840 88 123 135
0.482328 0.065779 0.437002 123 93 44
0.310723 -0.089373 0.353014 140 121 110
0.311996 -0.087353 0.348201 142 112 82
0.325946 -0.048667 0.342242 146 124 102
0.312709 -0.074879 0.346641 149 123 101
0.315064 -0.067702 0.339918 138 118 94
0.323577 -0.042015 0.336745 151 132 113
0.321173 -0.048640 0.334922 148 129 100
0.323372 -0.040413 0.333706 157 132 100
0.323971 -0.037639 0.332367 141 122 100
0.340296 -0.001727 0.327490 133 118 99
0.341709 0.011242 0.325601 138 118 103
0.351187 0.023461 0.323316 111 102 79
0.379004 0.092400 0.312156 143 154 154
0.330768 -0.011257 0.327250 145 117 97
0.340762 0.008923 0.321258 139 122 101
0.344636 0.013512 0.322518 137 117 98
0.350762 0.035420 0.317929 159 144 121
0.373411 0.090591 0.307378 106 89 71
0.376879 0.092771 0.309292 135 148 150
0.310135 -0.056539 0.330920 136 117 99
0.320347 -0.034030 0.329494 141 114 83
0.326732 -0.016313 0.324674 146 107 70
0.341584 0.020445 0.320075 140 121 97
0.348126 0.034361 0.314815 150 148 126
0.357151 0.053865 0.312626 127 107 92
0.359114 0.059131 0.310290 124 103 81
0.359679 0.064237 0.310367 118 89 73
0.362774 0.073476 0.308728 129 118 100
0.365706 0.078059 0.308665 126 110 91
0.365236 0.080778 0.308059 137 132 113
0.371635 0.086646 0.307148 108 87 71
0.372456 0.090553 0.306234 88 72 53
0.371976 0.093276 0.305382 86 81 70
0.373072 0.097083 0.305320 104 95 83
0.375050 0.099900 0.303872 127 135 136
0.376195 0.103332 0.303960 147 162 166
0.377210 0.106975 0.303703 159 181 194
0.378182 0.110583 0.302979 164 181 192
0.381024 0.113535 0.301114 154 188 204
0.380265 0.117442 0.302690 167 181 188
0.387776 0.129096 0.300757 157 174 172
0.355230 0.058957 0.311624 86 72 54
0.356079 0.061343 0.311108 122 110 90
0.358570 0.066448 0.310512 131 117 105
0.361520 0.071785 0.309072 133 118 105
0.363098 0.073393 0.306398 127 115 100
0.362421 0.077306 0.306217 109 101 80
0.365229 0.081379 0.306062 131 121 101
0.366696 0.083184 0.305867 130 116 98
0.367684 0.088795 0.305355 133 124 112
0.368683 0.090334 0.304630 121 112 102
0.369465 0.093661 0.303699 145 150 138
0.371249 0.096585 0.303084 106 98 81
0.372987 0.100406 0.303171 94 91 83
0.373989 0.103274 0.302570 112 136 139
0.375977 0.107950 0.301225 194 197 220
0.376747 0.111009 0.301529 155 190 211
0.380091 0.114519 0.299803 162 191 204
0.379657 0.117075 0.300445 159 182 191
0.380879 0.119865 0.299456 156 186 202
0.354695 0.064841 0.305612 134 118 110
0.365581 0.087616 0.300023 83 79 62
0.366504 0.091316 0.301277 120 104 81
0.369031 0.093797 0.300920 84 100 92
0.376236 0.115098 0.298104 131 179 200
0.377544 0.122151 0.295931 157 170 191
0.380228 0.122192 0.295259 159 165 163
0.387259 0.138045 0.292531 157 185 196
0.387060 0.141827 0.293912 157 186 195
0.300727 -0.069247 0.325969 142 119 96
0.304230 -0.053084 0.324436 184 130 101
0.359479 0.079795 0.300649 166 156 149
0.369240 0.108154 0.297041 84 91 52
0.377648 0.126278 0.294393 134 168 183
0.377690 0.127868 0.293735 144 169 169
0.381306 0.135895 0.292986 156 181 181
0.385242 0.141545 0.289271 159 193 199
0.361549 0.092305 0.298045 97 133 58
0.378674 0.135656 0.288828 126 175 203
0.380951 0.138914 0.286595 134 190 190
0.382549 0.145689 0.285193 150 169 169
0.322707 0.002934 0.306509 150 120 97
0.354789 0.083736 0.294859 196 193 226
0.376129 0.131120 0.285170 96 124 115
0.374208 0.135341 0.285844 164 145 122
0.380201 0.144197 0.286651 152 180 188
0.378610 0.146289 0.283257 163 159 150
0.391112 0.176917 0.275552 131 173 207
0.405473 0.217144 0.265153 162 171 172
0.413823 0.254903 0.255420 150 173 183
0.393647 0.206334 0.258872 187 167 132
0.534343 0.012009 0.519684 99 119 120
0.539564 0.018439 0.517196 95 110 111
0.543393 0.022252 0.517839 73 96 96
0.530150 0.002641 0.520684 86 118 143
0.535130 0.015096 0.515430 99 115 118
0.513972 -0.032315 0.519912 107 103 103
0.497793 -0.068984 0.524800 113 111 103
0.503156 -0.052266 0.521098 120 108 84
0.513054 -0.018289 0.513208 95 120 113
0.510187 -0.019181 0.511307 76 70 57
0.520364 0.006095 0.508570 113 135 124
0.521216 0.004726 0.505004 109 135 131
0.509085 0.011499 0.493635 101 172 187
0.511779 0.016820 0.491496 112 161 178
0.506419 0.003397 0.491314 95 119 120
0.510760 0.017074 0.489914 107 160 191
0.510716 0.018008 0.489279 87 157 196
0.501585 0.001431 0.490514 109 120 128
0.509801 0.016601 0.487405 62 134 200
0.511443 0.023810 0.485151 77 158 205
0.511299 0.025122 0.485781 94 155 186
0.548329 0.129196 0.464371 140 146 130
0.482414 -0.027458 0.485799 69 90 89
0.483526 -0.022887 0.483034 117 105 84
0.468963 -0.031932 0.477414 136 143 135
0.504232 0.050381 0.461313 134 124 114
0.536311 0.137201 0.445153 115 131 126
0.326110 -0.061987 0.345692 138 122 100
0.315816 -0.076994 0.341318 137 113 86
0.331583 -0.038875 0.336336 112 100 91
0.339293 -0.015033 0.333389 137 120 103
0.356969 0.025923 0.324934 132 120 101
0.308237 -0.084207 0.342070 142 125 96
0.313641 -0.072469 0.340950 146 127 106
0.308828 -0.085385 0.338740 160 123 82
0.324359 -0.047013 0.332370 139 121 98
0.326987 -0.037271 0.331488 155 136 116
0.340583 -0.005547 0.324658 141 122 102
0.343323 0.006572 0.323278 140 120 98
0.308556 -0.073290 0.333436 148 126 110
0.321421 -0.042946 0.328521 150 122 99
0.323551 -0.038881 0.328713 141 118 93
0.349564 0.025783 0.317668 142 117 99
0.362915 0.056537 0.314876 114 99 77
0.370761 0.074792 0.307616 114 100 82
0.376377 0.090775 0.305927 131 153 165
0.305623 -0.073784 0.332965 159 139 132
0.350958 0.032559 0.315623 140 121 99
0.353325 0.041382 0.313385 125 102 76
0.357728 0.056085 0.310089 138 120 97
0.362486 0.062155 0.306757 123 112 90
0.366607 0.072874 0.305532 123 115 97
0.367515 0.076073 0.306553 121 108 90
0.370187 0.078476 0.304767 57 38 22
0.370672 0.082300 0.304507 109 93 77
0.371740 0.085031 0.304204 84 68 52
0.373617 0.088108 0.304005 97 90 84
0.375636 0.092298 0.303743 131 142 145
0.375655 0.095076 0.303578 134 152 157
0.377179 0.098203 0.303119 159 183 193
0.378249 0.102662 0.302744 164 188 203
0.379920 0.105391 0.301640 167 184 191
0.380756 0.108207 0.300346 156 183 198
0.356683 0.052418 0.308655 120 97 66
0.360316 0.060008 0.307204 112 104 76
0.361289 0.061973 0.306917 125 112 85
0.361686 0.065249 0.306465 95 81 64
0.363808 0.068309 0.306415 128 114 99
0.364804 0.072274 0.304907 147 133 111
0.365203 0.075953 0.304397 131 118 106
0.367814 0.079770 0.303861 121 103 87
0.369698 0.085353 0.302594 132 114 99
0.372134 0.090599 0.302175 34 27 15
0.373167 0.091994 0.300892 50 57 56
0.374121 0.096362 0.300490 120 121 110
0.375136 0.098809 0.300178 129 115 114
0.376824 0.102342 0.300577 180 194 221
0.378147 0.105697 0.298127 194 185 186
0.379453 0.109233 0.298746 162 174 186
0.380206 0.111326 0.298462 153 173 180
0.380694 0.117748 0.297311 155 177 185
0.383289 0.122239 0.295924 159 186 199
0.388283 0.128808 0.295451 156 188 204
0.393711 0.145668 0.291255 154 182 199
0.347950 0.040572 0.307655 141 118 91
0.357422 0.060814 0.305325 146 127 101
0.360218 0.071446 0.303889 152 133 116
0.363782 0.073791 0.302468 127 205 217
0.364136 0.078425 0.300407 165 136 122
0.366573 0.081089 0.300488 121 114 95
0.367993 0.086869 0.301300 132 115 86
0.370822 0.094243 0.299520 173 150 119
0.374437 0.102338 0.296524 156 217 249
0.375515 0.107650 0.297674 139 129 113
0.376609 0.109355 0.294187 115 142 167
0.377381 0.113943 0.295965 147 138 119
0.386535 0.139336 0.290328 165 185 193
0.323689 -0.011326 0.313662 143 107 66
0.326631 -0.006602 0.310920 142 117 108
0.360574 0.078784 0.299289 214 192 188
0.365354 0.087807 0.298472 92 57 25
0.366720 0.090716 0.294388 127 176 166
0.369958 0.093985 0.295853 125 108 98
0.379224 0.120950 0.291407 121 160 181
0.384099 0.132047 0.290669 150 181 193
0.397651 0.166795 0.281065 168 186 194
0.380772 0.134305 0.285543 127 162 174
0.355537 0.075711 0.294494 148 121 53
0.356879 0.076345 0.293950 130 120 85
0.387500 0.161299 0.276432 177 191 190
0.421311 0.241849 0.263523 150 169 173
0.425328 0.256101 0.261402 150 172 177
0.383494 0.154025 0.275656 134 157 164
0.386323 0.163528 0.274779 150 166 177
0.387438 0.168947 0.271647 171 168 172
0.387711 0.171043 0.268037 140 155 150
0.423670 0.268426 0.251783 144 170 184
0.408167 0.248996 0.243907 158 168 162
0.540642 0.014258 0.514479 75 65 52
0.548155 0.030172 0.513535 110 114 96
0.513829 -0.035047 0.519446 106 105 99
0.514972 -0.033667 0.519326 98 101 98
0.519705 -0.026591 0.519493 114 115 113
0.540518 0.022162 0.509632 77 67 51
0.498225 -0.071068 0.520874 117 106 97
0.501188 -0.063491 0.519808 122 120 107
0.502682 -0.058571 0.519977 130 129 109
0.505188 -0.049352 0.519018 121 110 89
0.535661 0.018363 0.508624 112 97 51
0.505877 -0.048510 0.516354 115 115 103
0.506377 -0.041327 0.514838 100 104 97
0.524333 0.002955 0.507207 103 135 142
0.530579 0.011121 0.505582 143 114 88
0.521502 0.000096 0.505808 120 125 116
0.519718 -0.003158 0.502460 124 110 83
0.488929 -0.072704 0.512755 113 109 103
0.516551 0.016134 0.491111 83 142 197
0.512184 0.022772 0.482954 87 153 176
0.480924 -0.027361 0.480131 127 110 71
0.519995 0.073939 0.460574 106 94 69
0.535611 0.132112 0.444014 96 114 73
0.512421 0.073789 0.449569 121 105 72
0.532406 0.135227 0.435084 99 123 93
0.316201 -0.087683 0.344235 150 117 90
0.312551 -0.092806 0.343624 167 147 124
0.317540 -0.078673 0.342843 141 122 99
0.323338 -0.069421 0.340280 145 125 110
0.327348 -0.050974 0.336062 154 123 89
0.323025 -0.064107 0.335187 136 125 107
0.324534 -0.054401 0.335063 145 122 98
0.378892 0.076083 0.311588 151 156 152
0.308424 -0.086363 0.336900 168 149 129
0.313223 -0.076376 0.335633 158 133 117
0.325465 -0.052996 0.330559 131 109 83
0.344975 0.003607 0.321814 146 122 100
0.334345 -0.019217 0.323623 145 129 113
0.338933 -0.007522 0.321320 147 130 114
0.347659 0.009501 0.319282 137 116 96
0.350496 0.024381 0.315671 127 107 82
0.357350 0.038075 0.313090 124 104 79
0.371810 0.068297 0.307307 107 98 82
0.373103 0.073052 0.306831 107 99 89
0.376501 0.082101 0.304744 157 174 178
0.376994 0.087615 0.303721 155 175 185
0.377497 0.089605 0.304555 152 176 187
0.320979 -0.050272 0.324359 144 140 147
0.349062 0.016584 0.313631 133 117 98
0.348462 0.019886 0.311251 131 110 80
0.355803 0.041110 0.310337 130 104 76
0.358164 0.044643 0.309419 126 98 86
0.359240 0.047027 0.307100 100 96 87
0.362145 0.053967 0.308499 125 109 89
0.363849 0.057438 0.308294 124 106 87
0.366630 0.064054 0.305438 124 106 85
0.366670 0.067424 0.304668 114 98 76
0.369438 0.071072 0.303679 116 101 81
0.370035 0.074238 0.303925 116 97 81
0.372538 0.076321 0.303859 91 80 65
0.374055 0.080286 0.303130 112 115 112
0.374161 0.083964 0.303332 108 104 98
0.376138 0.086765 0.303191 137 154 164
0.377184 0.090221 0.302065 139 170 185
0.377907 0.094236 0.300816 164 179 192
0.378625 0.097295 0.299338 173 181 194
0.382515 0.105687 0.299097 158 185 197
0.384587 0.106540 0.298568 160 180 192
0.304796 -0.083280 0.327079 177 158 153
0.310855 -0.066223 0.327355 140 121 106
0.314764 -0.056244 0.326047 161 116 85
0.325760 -0.029204 0.320428 134 118 93
0.329823 -0.020857 0.316674 152 117 89
0.350512 0.025697 0.310164 127 113 84
0.359759 0.048335 0.306353 133 114 86
0.359181 0.049620 0.306488 138 115 107
0.360660 0.054639 0.305287 122 102 80
0.361657 0.059482 0.306365 138 121 104
0.363120 0.060334 0.304379 127 108 82
0.363929 0.064331 0.302809 155 121 100
0.364927 0.068296 0.303521 168 154 156
0.366869 0.071203 0.303751 128 123 103
0.367850 0.074854 0.301788 118 97 74
0.370347 0.077137 0.301796 107 80 55
0.371040 0.079820 0.301124 128 117 99
0.372591 0.084969 0.301806 111 95 72
0.373808 0.086629 0.299717 168 216 252
0.374770 0.091240 0.298822 114 119 124
0.375207 0.093702 0.299100 111 166 190
0.377345 0.096864 0.297685 205 170 161
0.379091 0.100960 0.297941 147 172 183
0.380433 0.108840 0.296607 146 176 194
0.383813 0.113278 0.293992 150 172 183
0.307031 -0.068165 0.323086 162 125 97
0.326810 -0.020548 0.317018 133 116 93
0.362062 0.065544 0.302005 122 111 102
0.366315 0.077540 0.297088 145 152 130
0.367625 0.080906 0.298575 181 175 154
0.371074 0.089590 0.296717 79 160 173
0.378154 0.105616 0.293920 148 151 156
0.386449 0.128797 0.288960 153 185 197
0.365327 0.083450 0.295690 116 146 149
0.372924 0.100084 0.293271 155 223 255
0.380713 0.115314 0.289402 146 168 166
0.397354 0.155702 0.281052 161 182 195
0.358485 0.068897 0.294364 184 132 125
0.377411 0.116328 0.285847 118 165 201
0.380500 0.124475 0.286204 156 172 172
0.381880 0.127110 0.286129 121 186 198
0.392653 0.152234 0.278547 157 177 189
0.356870 0.069492 0.291164 122 119 64
0.367927 0.100138 0.286367 199 255 255
0.377759 0.124689 0.281171 167 154 143
0.382978 0.140487 0.279710 154 167 167
0.317507 -0.012905 0.303668 137 94 110
0.380592 0.133167 0.277650 148 148 126
0.389157 0.155897 0.273795 134 221 245
0.396621 0.174678 0.270082 134 187 207
0.317478 -0.009366 0.300882 106 86 49
0.343639 0.061846 0.286618 198 145 83
0.393112 0.181707 0.266508 154 159 148
0.397873 0.190595 0.263629 222 161 129
0.422631 0.249585 0.253546 148 172 186
0.432784 0.273693 0.250148 135 163 174
0.318715 -0.000559 0.292704 197 153 118
0.427827 0.270895 0.248689 149 158 162
0.383140 0.169355 0.259616 138 130 116
0.388705 0.186249 0.258749 131 142 144
0.392731 0.195402 0.254571 141 166 171
0.414332 0.253304 0.244384 153 164 178
0.547681 0.024737 0.512786 81 80 67
0.546780 0.022528 0.509622 80 72 54
0.516319 -0.036939 0.515749 122 125 122
0.498203 -0.076670 0.518804 109 114 109
0.502369 -0.064199 0.515862 108 115 100
0.505943 -0.057179 0.514472 124 122 111
0.507550 -0.049237 0.512352 107 107 100
0.526779 -0.002009 0.507049 103 138 129
0.505553 -0.049259 0.513129 114 105 92
0.507269 -0.045378 0.512276 84 110 102
0.488529 -0.078649 0.514155 114 118 120
0.492382 -0.075942 0.512477 124 123 118
0.506350 -0.039857 0.508127 81 104 94
0.508526 -0.036154 0.507766 82 88 66
0.489829 -0.073348 0.512710 116 118 113
0.513415 -0.012588 0.496116 123 91 76
0.515016 -0.005716 0.497365 144 118 92
0.510274 -0.013620 0.495831 117 106 90
0.520160 0.009497 0.491937 80 147 197
0.501196 -0.006578 0.483374 99 132 156
0.497620 -0.009197 0.480269 113 138 156
0.546592 0.132013 0.448248 89 121 140
0.548220 0.131558 0.447127 108 129 133
0.546871 0.132314 0.446227 118 137 129
0.473083 -0.039346 0.471074 156 150 138
0.487445 0.059905 0.431227 109 98 59
0.319286 -0.093350 0.346182 143 124 101
0.320247 -0.089710 0.345228 140 119 97
0.328324 -0.066731 0.339017 143 125 102
0.315617 -0.092374 0.339170 156 137 122
0.323455 -0.076470 0.338792 135 115 89
0.326578 -0.067927 0.337087 141 124 111
0.325309 -0.062033 0.334738 157 145 129
0.326941 -0.054754 0.331121 154 135 101
0.378641 0.070551 0.310871 153 165 165
0.324983 -0.057265 0.331317 134 108 77
0.332425 -0.034816 0.324662 153 143 117
0.338421 -0.027014 0.323148 141 112 99
0.376708 0.070635 0.308242 148 168 174
0.321410 -0.064162 0.328116 137 116 94
0.332496 -0.031917 0.322314 134 121 77
0.337029 -0.021085 0.322111 145 127 114
0.345906 0.000279 0.316112 131 116 101
0.349709 0.007593 0.315673 130 107 85
0.352936 0.014357 0.313521 137 118 95
0.351850 0.017309 0.312628 141 122 102
0.357445 0.028710 0.311644 138 116 101
0.357616 0.033865 0.310933 151 134 109
0.368212 0.055264 0.305358 89 75 59
0.372739 0.062216 0.305845 98 82 68
0.372898 0.065366 0.305775 105 102 90
0.373356 0.068296 0.304457 106 98 87
0.373827 0.071659 0.304215 124 123 116
0.376282 0.075744 0.302802 150 166 174
0.376800 0.078191 0.302962 146 168 174
0.377836 0.081764 0.302457 154 177 188
0.379427 0.088610 0.301899 169 189 198
0.342746 -0.003043 0.314910 135 114 88
0.347561 0.011814 0.313241 140 120 88
0.350826 0.020488 0.311138 132 122 102
0.352631 0.024033 0.308729 143 121 94
0.357819 0.037417 0.308819 135 117 91
0.359916 0.038959 0.307433 123 106 79
0.360516 0.043936 0.308603 140 124 99
0.360512 0.045794 0.306447 133 114 91
0.362573 0.050396 0.305283 129 114 87
0.364311 0.051758 0.304051 129 111 92
0.365669 0.056258 0.303569 125 111 96
0.366940 0.059215 0.303886 126 111 93
0.367526 0.060725 0.302833 115 125 100
0.370043 0.066073 0.303541 98 84 67
0.371982 0.069182 0.302961 78 60 41
0.373395 0.072108 0.302598 115 110 99
0.373918 0.075619 0.302344 104 100 92
0.375858 0.078613 0.301935 123 143 152
0.377570 0.082404 0.301513 162 186 194
0.378460 0.086135 0.300887 167 191 207
0.379338 0.088234 0.300768 165 181 192
0.382570 0.093918 0.298914 143 180 195
0.382591 0.097634 0.297320 154 178 192
0.335466 -0.011023 0.314006 129 115 101
0.360346 0.042958 0.304487 106 81 58
0.361993 0.046644 0.303952 116 102 77
0.360869 0.049375 0.301730 144 101 66
0.362295 0.053665 0.303159 138 131 97
0.363464 0.055750 0.302167 120 102 79
0.367086 0.059752 0.301689 125 106 84
0.365607 0.062219 0.301412 128 109 91
0.370028 0.072050 0.300199 152 150 124
0.372526 0.076729 0.300008 160 143 109
0.373572 0.080029 0.298651 147 143 136
0.374650 0.082629 0.298912 148 146 142
0.375382 0.085304 0.296470 146 150 145
0.378144 0.090054 0.296797 180 169 164
0.376620 0.091847 0.295328 118 209 255
0.378799 0.095803 0.296958 101 137 133
0.383115 0.106257 0.294661 152 178 192
0.364730 0.063981 0.297682 195 192 171
0.365458 0.066591 0.298450 52 56 51
0.365203 0.068930 0.296100 255 255 255
0.369792 0.078344 0.297380 150 140 112
0.371460 0.081553 0.295254 75 36 15
0.373297 0.084028 0.296299 153 231 255
0.373198 0.086336 0.296070 46 49 55
0.376846 0.094413 0.291884 130 161 158
0.377069 0.096850 0.292276 171 169 164
0.378407 0.103640 0.292202 143 143 129
0.381556 0.112027 0.290102 186 197 219
0.303889 -0.079828 0.320662 161 168 157
0.321209 -0.034615 0.311563 179 139 146
0.363727 0.067229 0.294382 255 224 228
0.364151 0.069808 0.296269 163 171 134
0.372836 0.095329 0.289104 154 177 128
0.379532 0.108547 0.289636 252 203 165
0.382153 0.109894 0.288149 159 171 198
0.380571 0.114349 0.287333 152 183 197
0.384253 0.122106 0.285510 136 170 174
0.385738 0.123664 0.283537 149 169 173
0.388888 0.129593 0.285878 152 189 207
0.366140 0.078615 0.291792 176 237 254
0.371782 0.097065 0.288024 135 106 57
0.389076 0.140195 0.280575 147 174 212
0.374954 0.107354 0.283091 78 182 245
0.381742 0.122293 0.279416 137 166 179
0.390356 0.142360 0.277174 159 187 204
0.405697 0.186698 0.268074 149 175 185
0.379165 0.122945 0.278102 144 153 167
0.381309 0.126907 0.276602 138 169 184
0.388648 0.152317 0.273953 153 168 170
0.390945 0.153789 0.270339 233 160 112
0.397558 0.172249 0.271135 137 147 158
0.363486 0.091920 0.281450 239 187 163
0.387038 0.145167 0.271100 160 160 150
0.390823 0.158854 0.270264 150 161 165
0.392047 0.161470 0.269520 151 143 152
0.348531 0.062659 0.282116 166 118 53
0.420189 0.244964 0.247046 168 209 248
0.383761 0.161998 0.258012 155 122 127
0.410207 0.228564 0.248016 172 210 242
0.403982 0.220679 0.246232 191 156 121
0.372559 0.145417 0.258161 196 156 133
0.546982 0.022534 0.509454 73 73 52
0.522743 -0.033198 0.513969 111 113 108
0.531677 -0.002446 0.508540 124 133 120
0.542107 0.021733 0.503415 92 93 83
0.499980 -0.078432 0.516431 107 113 110
0.499662 -0.076327 0.516871 113 117 113
0.506859 -0.054783 0.513920 124 103 84
0.508889 -0.050217 0.511677 109 110 100
0.512560 -0.044386 0.508882 103 87 73
0.527236 -0.003723 0.504288 112 120 109
0.539494 0.015639 0.500841 116 108 91
0.504184 -0.061752 0.509949 116 125 114
0.505527 -0.058582 0.511052 109 103 82
0.508543 -0.047304 0.509925 104 108 94
0.510184 -0.043837 0.509152 94 94 82
0.507964 -0.045469 0.505929 103 102 98
0.536460 0.023641 0.492655 107 110 91
0.490533 -0.078916 0.509366 129 131 126
0.516419 -0.013490 0.496807 117 115 105
0.519123 -0.008242 0.495629 141 122 98
0.521355 -0.005242 0.494362 146 144 104
0.512278 -0.018270 0.495555 117 100 87
0.516923 -0.010068 0.494793 133 121 110
0.571671 0.159571 0.452455 112 135 127
0.488020 -0.024193 0.471437 129 107 83
0.550930 0.130457 0.444242 109 134 135
0.549870 0.131518 0.444622 117 137 134
0.536958 0.125429 0.437539 107 95 48
0.589419 0.247454 0.415335 223 173 92
0.503119 0.048304 0.443678 85 65 50
0.505955 0.062228 0.439239 111 62 34
0.491337 0.048722 0.436019 85 119 114
0.328101 -0.094825 0.347262 148 125 98
0.325680 -0.081130 0.337649 151 125 108
0.330210 -0.070402 0.335590 142 130 118
0.317403 -0.098012 0.339176 143 122 91
0.317063 -0.096119 0.339116 155 127 95
0.318695 -0.092230 0.336713 127 114 90
0.327741 -0.072255 0.336038 139 125 113
0.329079 -0.068574 0.335156 155 135 111
0.330167 -0.061779 0.333455 149 131 109
0.332215 -0.057725 0.331668 143 122 98
0.325046 -0.070643 0.332020 114 86 55
0.331199 -0.054141 0.328383 142 134 132
0.334199 -0.051810 0.327643 132 108 85
0.334654 -0.044537 0.326303 147 129 111
0.340431 -0.030415 0.323424 141 119 98
0.336540 -0.034885 0.321110 121 104 87
0.344426 -0.012184 0.318461 143 125 105
0.349323 -0.008970 0.318224 120 107 87
0.354939 0.014187 0.311328 123 110 86
0.355712 0.019430 0.312978 127 110 88
0.357388 0.027043 0.309935 128 110 84
0.362420 0.033231 0.307300 136 120 99
0.364115 0.040573 0.306504 132 112 91
0.366027 0.047421 0.306349 133 120 100
0.368758 0.050846 0.304285 118 104 85
0.371760 0.056970 0.303359 83 60 44
0.373355 0.059803 0.302604 108 105 96
0.374248 0.063686 0.303053 117 120 117
0.376174 0.067623 0.302502 148 168 178
0.377617 0.070509 0.302064 150 169 178
0.378203 0.074793 0.301837 154 176 187
0.379190 0.078149 0.300397 160 185 199
0.381472 0.080907 0.300009 158 187 196
0.351380 0.009414 0.309776 124 109 87
0.358284 0.025145 0.307359 133 114 89
0.357307 0.027912 0.308242 139 123 96
0.361419 0.036444 0.304718 130 114 92
0.364498 0.044131 0.305859 141 121 103
0.366302 0.047355 0.302627 130 114 94
0.366503 0.050260 0.303121 127 113 94
0.369150 0.053301 0.302418 108 95 76
0.370397 0.057618 0.302044 91 74 53
0.371746 0.060860 0.302223 77 57 38
0.373078 0.064442 0.301677 71 66 64
0.373633 0.068013 0.300905 100 88 80
0.374532 0.070585 0.299345 112 105 97
0.376946 0.074665 0.300315 146 183 199
0.378033 0.077262 0.299619 158 176 192
0.378436 0.080781 0.299458 160 180 194
0.381164 0.086961 0.298818 179 190 198
0.391525 0.109484 0.291459 147 169 180
0.360400 0.041763 0.301578 117 102 75
0.362749 0.044394 0.301263 148 138 124
0.363005 0.048562 0.301119 91 69 51
0.367124 0.056451 0.298524 124 112 85
0.368487 0.060698 0.297605 154 130 99
0.369927 0.063437 0.295961 174 135 48
0.372129 0.069404 0.297012 77 35 28
0.372801 0.070844 0.298100 103 95 79
0.374405 0.075003 0.295540 112 99 100
0.375857 0.081465 0.296143 136 122 117
0.378100 0.085855 0.295834 176 173 185
0.380391 0.091600 0.294058 158 184 196
0.381283 0.094132 0.292213 141 169 188
0.391932 0.114713 0.288431 170 185 196
0.318217 -0.056339 0.314473 148 115 91
0.329370 -0.030555 0.311338 144 125 103
0.336046 -0.010798 0.306672 136 119 81
0.362802 0.051510 0.298033 108 41 22
0.371349 0.074822 0.293918 136 93 51
0.375657 0.086917 0.290005 151 115 85
0.377510 0.089751 0.291175 190 193 186
0.379988 0.095625 0.290260 175 214 244
0.380863 0.098035 0.290296 172 177 177
0.384626 0.108279 0.287513 131 168 173
0.387803 0.116040 0.285692 172 180 194
0.352208 0.033147 0.299305 142 113 75
0.367261 0.068223 0.291310 139 119 112
0.377744 0.098741 0.287928 145 154 141
0.380321 0.104366 0.286062 179 170 183
0.383677 0.109183 0.284811 140 163 196
0.383623 0.112762 0.283771 155 179 197
0.408960 0.170820 0.274333 163 182 186
0.370592 0.084320 0.284822 212 131 67
0.387367 0.129689 0.278150 149 181 197
0.402811 0.159871 0.274359 160 178 185
0.423816 0.223690 0.261506 155 169 172
0.363436 0.078301 0.281668 146 115 83
0.396218 0.155615 0.270010 165 185 191
0.397937 0.159794 0.267905 110 191 226
0.437024 0.262205 0.251786 137 169 180
0.326457 -0.002918 0.294323 163 139 98
0.340116 0.037539 0.284063 217 164 108
0.361267 0.085556 0.274031 203 136 84
0.389388 0.154734 0.263758 159 182 203
0.395101 0.170779 0.263090 255 179 182
0.398251 0.185966 0.255846 142 146 143
0.412452 0.218568 0.251856 149 173 191
0.432910 0.270750 0.243138 145 181 199
0.340845 0.047462 0.275385 205 145 109
0.408437 0.218530 0.247875 97 171 193
0.414046 0.231360 0.247461 97 195 255
0.391640 0.188348 0.248394 255 206 180
0.403033 0.211829 0.242687 144 162 170
0.543596 -0.011731 0.518636 101 118 114
0.543456 -0.008497 0.516800 105 118 111
0.544141 -0.007098 0.516078 108 120 109
0.554763 0.032953 0.503596 95 97 80
0.554941 0.035485 0.502204 101 114 102
0.525661 -0.033408 0.511037 127 108 79
0.551880 0.032464 0.499167 103 118 102
0.554648 0.035189 0.500898 103 142 141
0.521799 -0.036523 0.508486 86 91 69
0.521287 -0.033973 0.509017 107 102 68
0.534436 -0.009082 0.505537 127 124 109
0.542960 0.015920 0.499448 103 117 100
0.546900 0.028022 0.497651 85 102 83
0.551474 0.032202 0.498128 102 123 109
0.538741 0.013460 0.496786 111 118 98
0.541291 0.015005 0.497523 92 121 103
0.511443 -0.046074 0.505113 168 121 94
0.536324 0.012014 0.495131 95 109 96
0.536207 0.023103 0.492344 108 111 94
0.516025 -0.021899 0.495509 67 94 101
0.497034 -0.066018 0.502226 131 120 101
0.516736 -0.013681 0.491703 117 116 111
0.516936 -0.013150 0.490609 148 124 102
0.562608 0.103537 0.468803 153 183 195
0.485743 -0.081850 0.497914 88 123 132
0.495746 -0.014574 0.468932 114 89 65
0.552005 0.130564 0.443555 115 137 137
0.470074 -0.052926 0.467080 132 147 144
0.479545 -0.032921 0.461459 143 142 132
0.590779 0.251398 0.410591 186 152 102
0.535032 0.123292 0.426285 126 122 48
0.321579 -0.105044 0.340813 142 124 99
0.324861 -0.086577 0.336675 141 119 96
0.330102 -0.075763 0.335907 144 126 109
0.331769 -0.074909 0.333068 142 125 107
0.323944 -0.085719 0.334921 139 115 89
0.325850 -0.080353 0.333284 132 113 89
0.329248 -0.076101 0.333150 132 108 84
0.333105 -0.062193 0.330715 132 113 92
0.357799 -0.004443 0.321466 134 116 95
0.332490 -0.063643 0.328294 128 107 79
0.337966 -0.046901 0.325764 143 130 115
0.344028 -0.031897 0.320233 134 114 103
0.363433 0.014671 0.313709 126 111 89
0.366429 0.020594 0.312422 130 112 88
0.323229 -0.076058 0.325583 139 119 94
0.334886 -0.050757 0.324015 137 114 93
0.335299 -0.044349 0.322673 130 108 83
0.337119 -0.040249 0.321564 134 109 83
0.340263 -0.038405 0.320972 153 127 104
0.342161 -0.026512 0.319467 151 134 118
0.347077 -0.019209 0.316364 138 119 99
0.349806 -0.015495 0.317430 140 123 99
0.353512 -0.002272 0.312602 113 94 74
0.371893 0.042176 0.306140 122 99 76
0.373054 0.045035 0.305125 103 85 67
0.373907 0.048108 0.306366 107 96 83
0.376841 0.056110 0.302937 153 170 178
0.335017 -0.038836 0.317154 138 115 95
0.339952 -0.023548 0.316220 133 120 75
0.345189 -0.021087 0.315729 146 125 112
0.345024 -0.014366 0.315170 128 120 99
0.347186 -0.009443 0.312840 138 112 81
0.349128 -0.008276 0.313221 138 125 106
0.351972 -0.002197 0.311584 137 112 104
0.351981 0.003309 0.309944 139 125 106
0.354284 0.007036 0.309400 141 125 99
0.358969 0.018464 0.308260 130 110 88
0.360657 0.024358 0.306435 133 114 91
0.364250 0.028615 0.306576 134 116 93
0.365251 0.032753 0.305599 144 128 110
0.368076 0.041253 0.304118 120 105 84
0.370678 0.045245 0.302701 96 75 58
0.372258 0.049957 0.302332 99 85 66
0.373001 0.052344 0.301974 89 79 70
0.373823 0.056351 0.301979 113 118 114
0.375821 0.059075 0.301755 142 152 153
0.377629 0.062692 0.301203 160 183 194
0.378147 0.066496 0.300670 140 177 195
0.379831 0.069126 0.300156 157 183 193
0.381517 0.076649 0.297889 167 187 197
0.382656 0.079650 0.297486 157 188 195
0.384995 0.087196 0.296744 155 182 195
0.349007 -0.003265 0.310776 145 112 76
0.355764 0.010317 0.307541 138 115 87
0.359332 0.022013 0.306616 132 115 93
0.359885 0.026668 0.303964 131 119 92
0.361589 0.029584 0.302601 127 107 84
0.363834 0.035952 0.303141 127 111 91
0.364883 0.040327 0.302714 134 116 98
0.367427 0.043118 0.302273 124 106 90
0.368581 0.046792 0.301121 114 107 88
0.369271 0.050120 0.301240 117 99 83
0.371087 0.052784 0.299187 78 53 38
0.371862 0.056376 0.300171 122 100 82
0.373930 0.059674 0.299246 134 149 148
0.374938 0.062192 0.299272 158 205 230
0.376062 0.067339 0.298651 124 199 231
0.376272 0.069369 0.297826 140 153 164
0.379685 0.072183 0.297242 160 182 198
0.387424 0.096754 0.293964 157 182 197
0.392835 0.104841 0.290849 154 178 195
0.341152 -0.014535 0.309894 153 115 87
0.364096 0.047212 0.299134 70 69 85
0.368150 0.053004 0.297942 162 165 166
0.368548 0.056541 0.298116 164 145 152
0.371400 0.059464 0.297468 98 100 88
0.372402 0.063957 0.295382 85 45 27
0.374499 0.066545 0.295310 138 118 96
0.375505 0.069647 0.293524 212 171 158
0.376060 0.072933 0.293548 185 158 177
0.377915 0.077636 0.293942 154 158 174
0.379771 0.081392 0.292405 148 178 188
0.379804 0.083473 0.293105 154 178 190
0.382436 0.090468 0.291700 161 185 193
0.384275 0.093905 0.289198 151 182 199
0.326095 -0.046683 0.311479 149 131 115
0.327373 -0.038337 0.309938 153 136 145
0.353335 0.022301 0.299543 163 114 71
0.367806 0.057342 0.292309 128 173 83
0.370132 0.061782 0.294008 167 145 140
0.371543 0.069305 0.293836 80 34 29
0.372215 0.069987 0.290618 164 206 233
0.379677 0.084183 0.288327 161 152 178
0.379180 0.086060 0.290124 189 161 167
0.380153 0.092469 0.287241 165 159 156
0.382082 0.098877 0.287332 181 155 154
0.386036 0.101951 0.286692 149 178 195
0.389068 0.116405 0.283971 146 179 194
0.384711 0.101001 0.284285 156 174 182
0.396476 0.132495 0.279087 143 185 202
0.404311 0.153839 0.276504 168 188 192
0.387347 0.119746 0.279514 168 172 166
0.311240 -0.065346 0.307681 137 123 113
0.342868 0.014900 0.293821 134 123 103
0.348476 0.027548 0.290174 140 130 111
0.355712 0.050921 0.286355 137 115 96
0.379729 0.105707 0.278244 165 165 158
0.384667 0.112695 0.276725 140 165 174
0.382891 0.115741 0.275250 153 167 164
0.386284 0.120173 0.274865 146 159 154
0.399263 0.154466 0.272152 159 176 183
0.405426 0.167762 0.268225 142 177 195
0.410988 0.189011 0.261465 156 177 188
0.422000 0.219024 0.256964 152 173 184
0.385317 0.131113 0.267221 160 162 164
0.388203 0.140648 0.265994 148 175 149
0.390394 0.144357 0.265692 184 172 167
0.394291 0.154831 0.264986 193 171 159
0.433613 0.253370 0.246619 150 178 192
0.352324 0.055099 0.278134 144 168 186
0.423806 0.250288 0.240049 135 164 181
0.395079 0.184618 0.248852 100 129 115
0.544228 -0.014128 0.516849 108 126 117
0.544372 -0.014227 0.514788 105 121 111
0.532483 -0.033721 0.514211 123 118 111
0.515881 -0.072880 0.517970 108 119 101
0.531325 -0.032519 0.509179 113 98 78
0.541559 -0.001874 0.501843 103 120 108
0.537033 -0.007957 0.503655 85 113 103
0.539554 0.001597 0.500421 105 116 105
0.543539 0.012473 0.498858 104 116 99
0.545537 0.016623 0.498723 104 117 101
0.545992 0.017454 0.497610 101 120 102
0.548067 0.021674 0.495337 94 111 91
0.549161 0.025321 0.496037 102 117 99
0.538196 0.004974 0.497518 108 115 94
0.538619 0.007706 0.495654 97 113 100
0.541528 0.013346 0.496475 102 114 99
0.543278 0.015928 0.496135 101 114 98
0.547715 0.021757 0.494246 98 111 91
0.549036 0.026722 0.493987 113 137 96
0.537784 0.006758 0.494418 91 116 88
0.538086 0.008666 0.494443 88 108 93
0.520938 -0.023301 0.497852 89 80 81
0.494469 -0.087579 0.504533 112 110 117
0.494410 -0.080521 0.500852 100 100 116
0.500893 -0.055086 0.495179 101 100 85
0.521958 -0.002688 0.483690 139 138 96
0.519730 -0.003373 0.484767 151 147 102
0.564641 0.105784 0.462494 127 156 158
0.554027 0.086580 0.466099 91 74 54
0.563821 0.106085 0.462040 135 164 172
0.566734 0.114344 0.460318 151 183 200
0.552447 0.110069 0.447962 155 142 116
0.493501 -0.017163 0.462801 112 111 94
0.544075 0.106335 0.442227 147 148 138
0.476601 -0.046238 0.465212 129 131 116
0.478710 -0.037613 0.460069 142 153 143
0.513960 0.052455 0.446236 146 116 85
0.595542 0.252889 0.409285 153 117 77
0.337327 -0.084592 0.341800 143 120 94
0.370294 -0.004050 0.328855 143 137 124
0.338668 -0.075989 0.338740 143 123 99
0.325158 -0.108265 0.341629 146 127 107
0.333995 -0.077931 0.335917 153 136 117
0.324148 -0.099757 0.338736 140 122 100
0.330599 -0.089296 0.334880 143 124 105
0.330384 -0.086479 0.334826 142 126 107
0.330868 -0.080113 0.333350 145 118 98
0.332819 -0.076304 0.333184 137 118 95
0.336400 -0.074735 0.331831 145 117 97
0.329793 -0.080958 0.331490 141 115 84
0.330095 -0.077729 0.328972 127 114 88
0.333410 -0.070056 0.329224 138 117 98
0.333880 -0.064828 0.328251 146 131 113
0.338984 -0.057289 0.325114 135 123 107
0.320446 -0.099222 0.332652 139 120 97
0.331936 -0.069755 0.327094 136 114 89
0.335138 -0.061988 0.326763 119 89 67
0.334581 -0.061455 0.325197 152 128 102
0.337131 -0.052336 0.323136 142 131 118
0.338524 -0.051615 0.322394 141 121 97
0.341363 -0.044529 0.322543 144 129 110
0.343908 -0.039369 0.321350 145 123 105
0.337503 -0.047429 0.319773 128 109 75
0.339402 -0.043002 0.319302 137 119 96
0.342157 -0.036577 0.318108 141 119 98
0.343722 -0.033143 0.315271 124 103 78
0.347612 -0.027500 0.315719 142 117 96
0.350665 -0.018142 0.313287 140 121 100
0.350490 -0.014049 0.314080 112 98 75
0.352526 -0.009630 0.313565 141 123 106
0.361822 0.011455 0.309070 128 112 89
0.372867 0.041116 0.304884 100 84 69
0.373616 0.043764 0.305665 95 78 64
0.375842 0.046902 0.302574 153 174 182
0.377613 0.051620 0.301635 153 173 184
0.378210 0.054447 0.301446 154 181 196
0.379755 0.056201 0.300575 175 188 203
0.336178 -0.049534 0.317454 136 111 86
0.337672 -0.040518 0.315289 143 127 106
0.345054 -0.023977 0.314797 140 117 97
0.347370 -0.019014 0.312602 131 113 80
0.351981 -0.010087 0.311499 123 107 93
0.352298 -0.004477 0.310137 132 118 84
0.354050 0.000279 0.308322 129 111 86
0.355399 0.003784 0.309988 135 118 96
0.358221 0.008113 0.306895 145 127 106
0.359855 0.011665 0.307717 134 117 96
0.359884 0.012944 0.307225 137 116 97
0.364414 0.020698 0.304225 134 117 93
0.364646 0.024407 0.304707 133 114 92
0.364858 0.026936 0.304994 138 118 99
0.367202 0.029147 0.304127 122 107 87
0.368589 0.034772 0.302727 119 107 91
0.369836 0.037055 0.301338 103 88 70
0.371322 0.040851 0.301700 87 68 49
0.373147 0.044038 0.301196 97 88 73
0.373417 0.047731 0.300917 87 76 64
0.375753 0.050676 0.300656 149 161 168
0.376870 0.054853 0.300658 152 172 184
0.378826 0.056804 0.299888 168 184 193
0.378882 0.060577 0.300707 164 189 200
0.380788 0.064733 0.298322 153 180 191
0.380859 0.067986 0.297900 160 183 194
0.383172 0.070766 0.296958 154 181 194
0.388392 0.084752 0.295049 160 185 194
0.358846 0.013399 0.304141 125 113 92
0.362028 0.020097 0.303515 133 116 94
0.364537 0.031671 0.303201 127 117 100
0.367057 0.033981 0.300485 118 101 81
0.367858 0.037794 0.301001 119 99 81
0.369134 0.041758 0.300421 96 74 57
0.370752 0.043052 0.300343 120 103 92
0.373211 0.047949 0.299323 62 43 24
0.372893 0.051591 0.298187 121 129 129
0.376151 0.057056 0.297187 186 198 208
0.376235 0.061176 0.295640 187 186 185
0.378584 0.063954 0.294919 155 175 182
0.380974 0.066714 0.295000 144 183 207
0.406851 0.136566 0.282559 167 180 183
0.334287 -0.038706 0.308961 131 115 87
0.348239 0.001129 0.303562 156 146 124
0.352245 0.004328 0.301719 137 124 113
0.362036 0.024288 0.299758 129 126 120
0.362380 0.030022 0.300400 122 116 100
0.363254 0.034049 0.300643 128 112 101
0.364209 0.033744 0.297962 112 111 114
0.366640 0.039065 0.296830 167 157 137
0.369069 0.047035 0.294783 216 199 164
0.371024 0.051817 0.295338 63 40 24
0.371398 0.056018 0.295485 147 153 154
0.373884 0.061479 0.292857 192 212 216
0.375626 0.066123 0.291726 172 154 129
0.379290 0.072058 0.289328 163 167 172
0.378977 0.076248 0.290982 169 198 255
0.381881 0.083371 0.288991 141 169 183
0.337334 -0.023862 0.302867 157 131 120
0.362560 0.033847 0.294981 74 184 214
0.367125 0.049959 0.292630 167 149 139
0.368489 0.051720 0.291811 133 102 47
0.371449 0.058612 0.291645 90 112 111
0.379485 0.077021 0.289293 163 158 159
0.379918 0.078040 0.287742 150 176 192
0.379586 0.083738 0.287400 163 171 159
0.381305 0.086867 0.286402 176 171 183
0.385656 0.090703 0.286849 141 169 177
0.376098 0.082859 0.284424 177 165 157
0.396850 0.124804 0.277994 159 188 202
0.398943 0.132338 0.275646 173 178 180
0.374161 0.079849 0.284110 156 114 69
0.383525 0.096702 0.279936 151 172 171
0.425003 0.199788 0.261621 158 173 175
0.384131 0.113118 0.274912 140 177 202
0.386617 0.120551 0.273127 146 146 143
0.325464 -0.028247 0.295922 148 130 103
0.356109 0.044528 0.283465 163 142 103
0.364034 0.069147 0.279199 227 173 119
0.369885 0.081849 0.278682 203 195 190
0.395052 0.144877 0.266119 137 193 214
0.388170 0.129317 0.265058 160 164 154
0.390115 0.139749 0.263120 152 180 192
0.395746 0.149445 0.260767 138 185 212
0.388070 0.136210 0.263355 163 154 164
0.430148 0.242087 0.243272 144 183 196
0.440568 0.268288 0.240827 130 215 222
0.389641 0.151148 0.258516 162 152 144
0.398305 0.166187 0.253486 149 161 177
0.407788 0.186478 0.250937 178 170 162
0.384054 0.145631 0.254026 108 152 176
0.386645 0.169422 0.243980 143 162 175
0.545442 -0.012372 0.511057 103 119 112
0.538794 -0.027909 0.509038 52 70 62
0.545419 -0.013802 0.509574 92 109 106
0.546184 -0.011110 0.508984 99 121 106
0.515988 -0.073977 0.516615 112 114 107
0.533215 -0.032296 0.508271 115 116 107
0.533621 -0.032143 0.508218 122 123 125
0.541634 -0.013292 0.507939 106 124 116
0.542950 -0.006959 0.504494 95 127 113
0.514529 -0.077544 0.513339 99 111 113
0.527385 -0.037962 0.507638 117 137 137
0.531088 -0.035953 0.508054 118 115 114
0.534726 -0.029134 0.506383 85 100 111
0.534475 -0.028784 0.506535 68 90 109
0.543327 -0.005701 0.502634 99 120 108
0.543659 -0.001890 0.499822 103 117 100
0.612187 0.169549 0.471748 93 92 88
0.535513 -0.011253 0.500629 133 133 91
0.542671 -0.003388 0.498722 87 108 106
0.541790 0.005310 0.495901 102 115 98
0.545245 0.014404 0.491935 105 113 95
0.547047 0.019543 0.492958 92 118 97
0.540742 0.008823 0.492529 82 100 78
0.527019 -0.020831 0.492204 91 100 111
0.527516 -0.019950 0.492860 101 111 124
0.606183 0.172689 0.460183 120 132 130
0.503488 -0.061528 0.495362 188 155 132
0.598399 0.168644 0.455201 110 109 106
0.488619 -0.092428 0.498417 119 131 132
0.490005 -0.088613 0.499049 112 119 118
0.523986 -0.007193 0.481502 101 109 77
0.598443 0.169523 0.453301 91 105 104
0.565729 0.105247 0.461875 131 155 147
0.567374 0.106749 0.462282 146 177 186
0.595154 0.170850 0.450618 75 102 109
0.518562 -0.009131 0.479254 114 106 82
0.519128 -0.005037 0.479427 113 105 77
0.555737 0.084626 0.462233 89 95 91
0.560591 0.091740 0.462551 50 95 102
0.564935 0.101280 0.458990 142 164 166
0.565030 0.104185 0.458921 145 173 181
0.566460 0.109509 0.459725 161 192 202
0.603853 0.196078 0.443443 52 68 72
0.562861 0.112893 0.453071 119 159 168
0.561771 0.110583 0.450270 121 151 139
0.532766 0.068936 0.448735 133 119 89
0.494019 -0.025462 0.463429 123 137 123
0.546944 0.106237 0.440545 131 145 140
0.547007 0.106783 0.438796 134 152 146
0.546951 0.106948 0.437973 124 148 117
0.473814 -0.051751 0.460497 127 141 149
0.478540 -0.041933 0.457458 152 168 179
0.517513 0.051114 0.441072 116 125 115
0.331140 -0.093002 0.336534 139 123 107
0.325088 -0.108718 0.334710 143 126 112
0.329062 -0.095195 0.332464 153 132 113
0.331900 -0.090055 0.332287 139 123 105
0.332664 -0.086401 0.332866 141 125 102
0.334510 -0.080888 0.331510 149 127 106
0.335728 -0.079483 0.331377 139 119 100
0.337727 -0.076537 0.331632 142 117 93
0.360893 -0.020599 0.319545 135 119 92
0.325642 -0.101080 0.330860 136 116 87
0.325862 -0.094099 0.331444 139 121 98
0.327037 -0.091364 0.331019 187 147 125
0.330957 -0.082375 0.328044 118 95 64
0.332089 -0.079975 0.330013 147 126 102
0.334335 -0.076599 0.329851 138 121 98
0.337480 -0.072828 0.326715 142 129 114
0.337838 -0.064482 0.325408 133 113 96
0.344478 -0.047083 0.322107 143 130 118
0.326953 -0.086601 0.327959 134 119 93
0.335328 -0.071277 0.324721 134 112 73
0.336918 -0.062698 0.322592 134 100 85
0.340704 -0.056945 0.322512 159 151 135
0.340245 -0.052118 0.321131 129 127 121
0.346968 -0.039635 0.318981 141 129 116
0.336914 -0.054768 0.317398 129 109 90
0.340091 -0.051374 0.317742 78 83 69
0.340032 -0.049002 0.315732 129 110 74
0.347167 -0.033735 0.314035 137 137 127
0.350646 -0.025402 0.313276 125 111 93
0.352515 -0.016412 0.311000 124 109 88
0.355491 -0.011715 0.312872 137 121 100
0.357447 -0.005803 0.308906 143 121 102
0.372365 0.029372 0.303901 95 76 55
0.372864 0.034190 0.304570 106 89 69
0.376029 0.038733 0.301012 149 171 178
0.377538 0.042466 0.300729 156 179 189
0.378238 0.045319 0.300465 153 182 198
0.379771 0.049582 0.299979 161 181 193
0.384106 0.055516 0.299111 136 162 167
0.348134 -0.024562 0.311264 114 95 66
0.355619 -0.007598 0.309307 128 121 103
0.356494 -0.004137 0.307356 138 121 93
0.357953 0.002788 0.304888 113 76 34
0.360104 0.006551 0.305644 137 119 91
0.361630 0.011110 0.305709 135 117 93
0.362292 0.012621 0.304042 133 117 94
0.363928 0.016127 0.303462 137 123 103
0.365735 0.020419 0.303043 121 105 87
0.367356 0.024530 0.303119 123 110 92
0.369205 0.026122 0.301701 116 97 79
0.369326 0.029839 0.301218 124 108 87
0.371678 0.033077 0.301290 99 86 73
0.373033 0.036287 0.300829 93 83 71
0.373918 0.039773 0.299911 110 103 97
0.375522 0.043087 0.299934 133 144 146
0.377099 0.045974 0.299751 146 184 205
0.378664 0.050239 0.298547 160 186 195
0.379361 0.053317 0.298030 171 189 202
0.380880 0.056281 0.297394 156 186 201
0.355249 -0.001272 0.305485 112 115 86
0.357950 0.001908 0.304289 136 115 98
0.359474 0.013184 0.301122 132 131 186
0.363193 0.017292 0.301245 123 112 92
0.363539 0.020555 0.301755 108 95 82
0.367885 0.026025 0.300032 126 103 85
0.367401 0.030059 0.298541 112 102 93
0.368058 0.033145 0.299932 103 86 76
0.370333 0.037486 0.296870 59 48 43
0.372730 0.039561 0.297687 120 114 109
0.373703 0.043795 0.297540 147 155 156
0.374353 0.046893 0.296010 110 132 135
0.375943 0.050550 0.294069 102 195 241
0.377544 0.052740 0.296398 139 147 133
0.381232 0.060005 0.293652 163 184 194
0.381345 0.061975 0.294214 149 180 202
0.343782 -0.018571 0.305129 133 105 97
0.365108 0.030527 0.297595 112 92 76
0.367291 0.035491 0.294740 135 126 101
0.369423 0.039964 0.293943 158 133 104
0.371564 0.048283 0.293648 160 170 168
0.375562 0.058865 0.293022 186 185 115
0.380853 0.070000 0.289135 151 170 174
0.348888 -0.000322 0.298894 142 113 97
0.367493 0.040562 0.291380 209 206 195
0.379674 0.074772 0.286138 154 145 133
0.382821 0.079730 0.282646 134 164 160
0.334948 -0.031540 0.299282 88 85 83
0.349288 0.005032 0.296360 128 124 87
0.355158 0.019070 0.291213 155 138 108
0.379887 0.082873 0.281378 152 153 154
0.384594 0.090552 0.280179 167 172 194
0.388284 0.098732 0.280676 146 178 190
0.403577 0.140595 0.271179 162 174 180
0.412148 0.162941 0.268585 150 169 176
0.345616 0.001498 0.293574 138 122 105
0.378144 0.077859 0.280208 146 143 107
0.383524 0.090994 0.276827 168 154 150
0.410345 0.163799 0.264795 157 174 181
0.370127 0.063862 0.280684 183 181 196
0.403114 0.149064 0.265032 157 167 166
0.405727 0.156819 0.266064 168 185 195
0.410013 0.160727 0.263568 162 173 177
0.454559 0.278288 0.243192 125 150 162
0.360910 0.049963 0.279727 174 162 157
0.362848 0.051466 0.279229 140 127 94
0.368667 0.071749 0.276430 158 172 181
0.389288 0.120676 0.267984 115 176 214
0.389879 0.121964 0.265082 156 177 170
0.399102 0.145143 0.263850 151 184 206
0.402821 0.153261 0.260524 123 192 224
0.442816 0.256155 0.243841 135 165 176
0.430749 0.231745 0.244939 151 178 191
0.432341 0.234063 0.244215 158 179 187
0.353694 0.042221 0.275995 162 141 168
0.393601 0.154843 0.253082 67 111 130
0.441068 0.266340 0.232882 124 167 186
0.425210 0.239208 0.236420 148 149 116
0.400370 0.181170 0.245317 95 121 90
0.546807 -0.017298 0.508501 97 117 110
0.541500 -0.029171 0.508217 60 78 96
0.544820 -0.025235 0.507348 33 50 33
0.546254 -0.012681 0.505104 97 114 103
0.539607 -0.030020 0.506069 68 74 66
0.535499 -0.031180 0.503333 94 85 88
0.537271 -0.029898 0.502786 104 75 90
0.543903 -0.010603 0.501279 84 85 100
0.544327 -0.003976 0.498789 97 116 106
0.545459 -0.001893 0.498659 95 116 108
0.614366 0.163977 0.468488 122 99 67
0.544300 -0.003084 0.497769 95 115 104
0.544536 -0.001030 0.494651 95 116 103
0.612208 0.163485 0.467933 103 113 98
0.613739 0.164811 0.468079 110 104 87
0.529486 -0.032737 0.496536 76 60 63
0.544254 0.002815 0.492363 90 103 90
0.545698 0.006495 0.492284 99 116 96
0.528615 -0.020601 0.490694 79 101 94
0.539985 0.005839 0.488006 77 101 90
0.541874 0.009912 0.487735 76 90 66
0.528371 -0.020515 0.488533 65 85 86
0.529801 -0.008569 0.487468 150 139 96
0.603583 0.168621 0.455726 107 96 85
0.604739 0.170396 0.455846 132 113 105
0.599134 0.163087 0.455695 120 117 111
0.597170 0.167560 0.452376 123 125 118
0.598589 0.167966 0.453257 107 96 92
0.494952 -0.079275 0.488119 121 126 136
0.564290 0.092909 0.461229 98 107 103
0.568673 0.103008 0.459137 158 186 191
0.597960 0.172876 0.447209 99 98 96
0.605317 0.189462 0.442911 98 116 120
0.566707 0.104953 0.455568 147 170 175
0.594120 0.173309 0.445791 91 88 79
0.602658 0.192586 0.440043 95 102 91
0.567790 0.109934 0.451652 129 150 156
0.601818 0.193003 0.439670 82 93 81
0.562664 0.104009 0.451553 129 152 155
0.560093 0.106159 0.446510 136 162 147
0.563457 0.113725 0.447130 132 151 162
0.557539 0.106109 0.444309 133 151 151
0.560514 0.112828 0.443013 119 129 132
0.561898 0.115050 0.444595 134 132 136
0.563867 0.117508 0.442471 122 128 153
0.554389 0.104889 0.444838 120 127 122
0.556843 0.108583 0.442594 92 96 98
0.556571 0.110594 0.439813 70 81 82
0.558594 0.119235 0.439253 92 98 111
0.550057 0.106484 0.437252 132 146 141
0.532271 0.069843 0.439355 116 117 92
0.547512 0.109493 0.435554 122 127 115
0.522385 0.057797 0.439501 117 131 127
0.518831 0.050930 0.435217 125 125 114
0.523574 0.060787 0.434357 130 136 121
0.525407 0.068229 0.432551 122 117 85
0.337037 -0.079841 0.328627 149 125 95
0.341348 -0.075548 0.327855 140 116 90
0.330922 -0.094782 0.327049 151 130 105
0.333013 -0.091012 0.327427 129 117 92
0.336703 -0.080517 0.326670 120 109 84
0.338220 -0.077548 0.326174 149 124 100
0.344304 -0.064503 0.322658 140 120 94
0.339146 -0.066057 0.321811 169 139 120
0.342251 -0.061519 0.320765 126 104 83
0.342382 -0.053110 0.317577 112 93 77
0.346001 -0.049099 0.315779 134 122 108
0.346225 -0.043608 0.317241 149 129 111
0.349219 -0.039589 0.314727 150 136 122
0.365309 -0.001309 0.311196 127 104 81
0.369623 0.006887 0.307970 133 115 92
0.373428 0.017562 0.304458 114 102 88
0.373799 0.025063 0.305257 111 98 82
0.344296 -0.047777 0.315348 125 107 82
0.344108 -0.044575 0.313163 114 96 73
0.348079 -0.037870 0.311298 136 125 125
0.349153 -0.036650 0.314277 140 124 108
0.350272 -0.032823 0.313628 147 134 126
0.350415 -0.027362 0.312197 137 128 134
0.353387 -0.022342 0.310317 140 118 88
0.355794 -0.017647 0.308847 152 130 106
0.359249 -0.011784 0.307454 142 126 104
0.359795 -0.010998 0.306858 139 122 99
0.361940 0.000218 0.305750 136 118 98
0.371532 0.018563 0.302723 109 86 67
0.372444 0.021414 0.302131 89 77 55
0.372761 0.024154 0.302084 92 79 64
0.373912 0.027750 0.301211 122 122 119
0.375801 0.030452 0.300226 134 156 163
0.376971 0.034109 0.300388 149 170 180
0.377301 0.037924 0.299990 156 178 189
0.380702 0.044183 0.298533 152 179 190
0.383395 0.051888 0.296950 154 179 190
0.346918 -0.036420 0.308867 135 108 85
0.354566 -0.015884 0.308235 125 108 81
0.357306 -0.009972 0.306341 126 150 115
0.357716 -0.006134 0.307166 125 111 88
0.360645 -0.001863 0.304422 122 109 83
0.361791 0.002436 0.305672 131 114 91
0.362932 0.005425 0.301868 130 111 93
0.364054 0.009180 0.303475 131 112 92
0.367061 0.011277 0.302599 124 112 93
0.366323 0.013838 0.302417 127 113 94
0.367732 0.018036 0.300900 125 107 87
0.369472 0.021664 0.300852 109 88 70
0.371578 0.025324 0.298996 81 70 48
0.373376 0.028190 0.299842 93 86 77
0.374310 0.031187 0.299624 124 116 105
0.375211 0.035456 0.298800 133 150 165
0.375906 0.037633 0.298613 169 205 222
0.377925 0.041060 0.297501 154 163 175
0.379308 0.045216 0.297478 167 207 233
0.380032 0.046970 0.296510 167 182 178
0.381326 0.050965 0.297087 147 179 195
0.382123 0.054286 0.295657 154 178 192
0.384140 0.058425 0.293036 157 180 196
0.388879 0.072281 0.291679 160 185 197
0.358902 -0.000115 0.301981 172 108 104
0.359634 0.002475 0.301124 150 117 119
0.360439 0.005397 0.301011 164 151 149
0.365550 0.017393 0.298184 133 127 133
0.371456 0.031828 0.296051 85 71 48
0.372622 0.035568 0.295121 111 82 61
0.373283 0.039052 0.295387 131 103 71
0.375228 0.042686 0.294741 159 163 166
0.375821 0.043883 0.294137 200 181 171
0.376939 0.048758 0.293440 179 181 189
0.378195 0.051052 0.291869 171 147 140
0.380919 0.055969 0.294141 157 182 194
0.382748 0.060866 0.291309 159 185 188
0.396595 0.096867 0.284721 145 180 190
0.398456 0.104788 0.283874 151 175 192
0.409912 0.131154 0.279206 166 177 182
0.354236 -0.003379 0.299008 134 113 88
0.360961 0.015405 0.296108 99 65 60
0.365133 0.019885 0.296143 89 85 81
0.363636 0.021475 0.296502 126 133 154
0.366927 0.029543 0.294159 153 148 143
0.371389 0.036229 0.294136 177 199 211
0.369505 0.039499 0.291567 128 153 166
0.374587 0.046484 0.290915 83 60 56
0.375697 0.048969 0.289803 140 199 221
0.379125 0.052596 0.289799 142 185 208
0.379121 0.061124 0.289330 151 175 192
0.380677 0.067094 0.287717 175 188 176
0.391187 0.088624 0.284917 147 175 189
0.401010 0.112008 0.279408 160 181 193
0.406709 0.126106 0.277948 170 183 188
0.363643 0.023378 0.292387 148 121 102
0.381296 0.070524 0.284107 188 171 171
0.384029 0.074881 0.283340 139 164 166
0.383833 0.080572 0.282275 141 166 184
0.394224 0.103773 0.278829 146 173 182
0.415227 0.150972 0.270125 173 193 202
0.391358 0.099964 0.278031 143 179 189
0.417705 0.162690 0.266504 161 173 178
0.366439 0.043961 0.283127 138 112 82
0.386717 0.093779 0.275497 122 203 242
0.411854 0.156680 0.265962 157 174 178
0.419916 0.177778 0.262285 141 169 178
0.385918 0.102389 0.269429 146 171 189
0.363697 0.049823 0.276990 166 140 167
0.411133 0.171910 0.255505 118 161 172
0.384243 0.108150 0.262931 195 166 159
0.415779 0.186010 0.251304 216 240 244
0.423713 0.208881 0.248055 153 177 190
0.432289 0.228344 0.243169 152 185 200
0.451354 0.269657 0.236579 128 159 177
0.370860 0.080965 0.266904 233 183 131
0.391209 0.127364 0.258354 255 198 177
0.431072 0.228556 0.239850 141 182 195
0.438229 0.243273 0.239032 142 170 185
0.445086 0.265052 0.235826 135 169 204
0.386247 0.120256 0.256827 234 195 177
0.401645 0.157869 0.250740 64 125 120
0.443546 0.264621 0.232294 150 166 170
0.409085 0.202929 0.235740 170 149 128
0.521816 -0.079125 0.510067 102 119 104
0.522920 -0.078397 0.511113 107 119 100
0.540142 -0.033738 0.502593 113 65 67
0.548750 -0.017146 0.501537 103 115 106
0.548506 -0.014891 0.501543 100 115 107
0.537233 -0.031537 0.501569 95 75 84
0.538216 -0.030430 0.502018 83 78 87
0.548053 -0.005987 0.495439 97 116 107
0.547408 -0.006620 0.494364 77 102 91
0.551552 0.011502 0.487375 96 93 81
0.613518 0.160987 0.462699 90 70 55
0.540014 -0.005723 0.485681 92 61 75
0.542855 0.005287 0.484362 100 92 59
0.606653 0.163024 0.455680 77 71 82
0.606284 0.168097 0.452731 113 106 92
0.607130 0.169083 0.453433 97 89 87
0.603820 0.168185 0.449870 112 124 130
0.524794 -0.021897 0.481320 139 119 92
0.573875 0.101342 0.461135 152 195 203
0.602381 0.170876 0.447398 82 87 73
0.598508 0.163497 0.446459 113 109 100
0.600013 0.170775 0.444961 113 98 79
0.604840 0.183862 0.442875 119 123 116
0.607899 0.189069 0.440437 106 108 97
0.495642 -0.078287 0.486899 122 130 138
0.570025 0.101122 0.454120 129 138 141
0.570531 0.104329 0.452072 133 150 153
0.598741 0.170762 0.441358 93 101 95
0.601866 0.185236 0.439817 100 95 90
0.568562 0.105730 0.450720 132 136 138
0.567972 0.109384 0.450567 127 147 150
0.600150 0.182348 0.437123 114 115 103
0.601531 0.184227 0.438641 114 116 104
0.604629 0.194712 0.436021 63 90 96
0.567216 0.106715 0.449753 119 126 126
0.567790 0.109995 0.449813 127 151 152
0.563716 0.105572 0.445647 137 130 127
0.561198 0.104983 0.443812 128 137 136
0.562594 0.105133 0.443486 144 142 136
0.561839 0.113031 0.441210 124 129 113
0.556874 0.102359 0.442191 114 120 117
0.558874 0.103408 0.440820 135 135 127
0.559069 0.106128 0.441232 128 138 135
0.561450 0.114786 0.438662 123 142 141
0.539962 0.066636 0.443549 138 141 117
0.559555 0.111435 0.437220 127 146 147
0.525009 0.043727 0.443467 116 137 137
0.525910 0.045092 0.443988 109 132 135
0.531562 0.060517 0.437719 135 140 117
0.485745 -0.039825 0.451203 144 132 110
0.525399 0.055253 0.433755 115 132 125
0.514603 0.052846 0.428070 126 123 110
0.333030 -0.113905 0.334990 141 124 102
0.330569 -0.113207 0.332379 151 130 111
0.342584 -0.077981 0.327664 126 103 94
0.331425 -0.102568 0.330073 141 123 103
0.338723 -0.086219 0.324666 140 125 102
0.341331 -0.077888 0.326796 150 121 96
0.342271 -0.074236 0.324085 136 124 107
0.340232 -0.082907 0.323608 136 119 101
0.341633 -0.074961 0.322376 143 120 100
0.343095 -0.068588 0.321887 143 127 110
0.345424 -0.062698 0.319567 143 128 105
0.489657 0.285668 0.261685 62 73 0
0.334011 -0.084708 0.322645 122 102 76
0.344939 -0.057380 0.315521 148 135 117
0.351060 -0.038780 0.313478 148 138 128
0.353609 -0.037242 0.311488 135 130 119
0.354883 -0.031286 0.311099 137 125 110
0.363219 -0.012573 0.307566 125 109 88
0.373215 0.010170 0.303746 109 98 81
0.372874 0.013004 0.303642 108 92 73
0.339611 -0.069956 0.315273 126 110 86
0.340795 -0.061242 0.315528 102 78 47
0.345683 -0.049957 0.312229 96 71 37
0.348457 -0.043917 0.310834 122 108 85
0.348753 -0.038798 0.311508 128 107 78
0.351689 -0.034431 0.309667 127 110 82
0.354142 -0.031068 0.309040 130 108 80
0.354458 -0.028123 0.308095 120 102 70
0.356170 -0.024571 0.308103 143 123 101
0.357569 -0.020749 0.307325 141 123 107
0.359117 -0.016417 0.306171 142 129 117
0.359854 -0.012283 0.305780 129 115 94
0.361927 -0.007798 0.304475 124 112 96
0.363832 -0.004606 0.304923 129 116 97
0.371064 0.009200 0.302161 108 89 67
0.372466 0.012607 0.302198 99 87 76
0.372770 0.016926 0.300573 83 74 63
0.373459 0.019047 0.300529 116 124 126
0.375377 0.022716 0.299747 148 176 190
0.376776 0.027067 0.299797 153 176 188
0.378457 0.029335 0.299026 163 181 192
0.378828 0.033726 0.298557 169 178 184
0.380066 0.036828 0.297620 155 179 189
0.381374 0.042219 0.297574 156 188 199
0.343734 -0.051307 0.311580 121 102 77
0.354204 -0.024004 0.306772 123 104 80
0.357118 -0.021871 0.305046 120 109 98
0.357100 -0.016766 0.305944 125 110 79
0.361344 -0.006947 0.303246 150 126 100
0.361802 -0.003056 0.302540 158 123 143
0.363703 -0.000167 0.301788 130 114 96
0.366342 0.004010 0.301684 123 107 90
0.366578 0.007104 0.301603 122 111 102
0.368019 0.010024 0.300226 123 104 83
0.369330 0.013222 0.300664 113 97 81
0.372176 0.017598 0.299332 53 36 26
0.372587 0.019658 0.298672 68 47 39
0.373466 0.023769 0.298962 77 66 58
0.374400 0.026228 0.297547 128 123 117
0.375631 0.030033 0.296195 123 126 124
0.379724 0.034325 0.295678 232 192 188
0.379010 0.036687 0.296468 209 171 133
0.380053 0.042630 0.294734 184 187 186
0.382977 0.046880 0.295084 157 190 208
0.386180 0.049792 0.292613 153 179 198
0.389053 0.063490 0.290417 153 180 193
0.392701 0.075272 0.288373 153 178 194
0.361875 -0.003645 0.299124 152 134 121
0.361698 0.001661 0.298538 132 107 83
0.362899 0.003156 0.299372 143 155 158
0.364736 0.010129 0.297017 90 81 72
0.365382 0.014400 0.296084 126 116 97
0.367307 0.017605 0.295345 125 151 167
0.371188 0.020459 0.295899 78 48 38
0.372895 0.028399 0.293446 68 48 34
0.374061 0.030819 0.294334 143 135 118
0.375069 0.034329 0.294561 171 171 145
0.376122 0.036740 0.293305 197 206 197
0.375680 0.040472 0.292092 82 65 83
0.379605 0.043088 0.290017 170 186 192
0.382540 0.052168 0.292315 150 186 209
0.384068 0.055470 0.290630 158 189 202
0.385876 0.061870 0.286442 124 163 184
0.388281 0.071828 0.286256 152 181 191
0.337678 -0.056735 0.305788 125 98 67
0.345216 -0.037035 0.302544 160 103 67
0.369805 0.023960 0.291666 51 34 28
0.371290 0.031862 0.290986 97 74 72
0.370721 0.033431 0.290235 102 102 115
0.372784 0.038298 0.290690 175 162 145
0.376850 0.042316 0.288848 128 121 105
0.381530 0.057573 0.287451 152 168 178
0.384602 0.062763 0.287450 113 175 189
0.385264 0.064855 0.286346 151 177 179
0.386256 0.069647 0.286114 145 178 184
0.389301 0.072570 0.282932 145 181 195
0.407373 0.118835 0.276698 168 184 180
0.422447 0.156597 0.269106 134 165 182
0.352537 -0.010761 0.296733 133 112 85
0.367557 0.025840 0.290446 172 171 194
0.381660 0.061552 0.283725 134 160 140
0.387894 0.082899 0.278780 148 179 193
0.365102 0.024794 0.286918 117 137 207
0.380058 0.058829 0.280837 171 180 182
0.384437 0.080729 0.276662 180 159 164
0.390891 0.090965 0.276413 147 180 193
0.375919 0.064206 0.275913 194 189 181
0.380531 0.071032 0.277410 159 165 188
0.384393 0.085349 0.273161 169 182 179
0.393069 0.104919 0.269930 141 175 205
0.413507 0.150304 0.261575 158 172 176
0.417291 0.161207 0.262766 159 167 171
0.385455 0.090153 0.268631 135 165 179
0.392683 0.103764 0.267781 158 175 161
0.391421 0.105054 0.267341 158 161 166
0.426229 0.191136 0.254477 171 187 190
0.433729 0.207489 0.249232 173 189 204
0.354000 0.023403 0.279922 133 116 79
0.366529 0.054279 0.273431 179 185 183
0.391841 0.116723 0.264191 163 154 132
0.400320 0.131737 0.260407 138 174 178
0.358699 0.035763 0.274104 160 118 136
0.401310 0.138500 0.256799 163 177 185
0.432021 0.216277 0.243552 152 182 193
0.369162 0.066088 0.267038 145 101 74
0.400137 0.147186 0.254066 185 129 108
0.419452 0.196919 0.242560 135 182 201
0.528542 -0.074899 0.509840 116 121 109
0.547164 -0.026006 0.503676 23 15 20
0.550901 -0.016219 0.500940 98 117 106
0.522886 -0.080197 0.509063 109 119 113
0.525062 -0.077137 0.508040 110 118 115
0.542579 -0.034993 0.500571 53 49 54
0.544664 -0.029606 0.498592 120 145 150
0.550721 -0.014292 0.500548 98 114 104
0.540028 -0.031340 0.499874 76 87 86
0.534837 -0.036309 0.497140 66 96 79
0.544750 -0.008264 0.491058 56 90 77
0.611207 0.153992 0.460917 131 103 65
0.620220 0.170381 0.458581 82 70 54
0.616951 0.170695 0.456288 113 122 111
0.616956 0.173044 0.456230 81 77 79
0.543701 0.000638 0.484128 118 102 74
0.545061 0.003191 0.481518 111 110 88
0.542759 0.001527 0.478344 116 111 92
0.606149 0.163599 0.447757 77 98 129
0.605275 0.163896 0.446824 77 118 149
0.608258 0.178478 0.443481 117 141 119
0.572921 0.096382 0.453635 139 152 147
0.574116 0.099362 0.452557 148 154 151
0.598895 0.166397 0.443327 107 91 85
0.603136 0.168723 0.441549 107 107 97
0.572005 0.098218 0.453143 132 149 151
0.571875 0.100434 0.452045 131 145 147
0.570723 0.103598 0.451876 132 152 156
0.596146 0.159315 0.442009 103 97 96
0.598533 0.164252 0.440629 78 79 90
0.602488 0.177001 0.438229 115 124 113
0.567064 0.098968 0.449672 138 147 143
0.570759 0.101975 0.449846 130 144 145
0.570484 0.103899 0.450536 133 148 143
0.599651 0.170181 0.438071 89 93 70
0.565651 0.099240 0.446465 130 141 141
0.567001 0.102044 0.448368 131 139 142
0.567846 0.105400 0.445740 135 147 147
0.565883 0.103292 0.444026 127 137 139
0.565577 0.105383 0.443197 132 141 141
0.563287 0.103520 0.440780 127 138 138
0.563976 0.104656 0.441402 125 135 136
0.592117 0.173934 0.429642 88 96 77
0.562634 0.103334 0.438171 120 136 119
0.561083 0.106448 0.438338 123 138 138
0.532286 0.044470 0.446288 107 138 110
0.542379 0.065996 0.440890 126 132 120
0.557688 0.102118 0.433994 77 83 86
0.558328 0.106671 0.434664 128 146 141
0.560474 0.111381 0.436575 133 145 147
0.530266 0.037056 0.444165 100 144 103
0.530019 0.040677 0.441987 114 115 94
0.556954 0.105251 0.431458 138 117 79
0.587591 0.177964 0.419692 110 108 86
0.533839 0.061809 0.437835 122 137 124
0.522112 0.032380 0.438910 97 110 100
0.518288 0.032529 0.437738 126 142 147
0.524896 0.058401 0.427067 83 105 94
0.526744 0.287794 0.291447 24 35 0
0.334355 -0.107929 0.329776 141 128 107
0.339207 -0.093529 0.327573 132 124 109
0.340965 -0.088678 0.327501 138 125 107
0.335302 -0.103664 0.326788 138 123 98
0.337212 -0.093423 0.322828 137 124 105
0.339499 -0.082031 0.321833 120 105 94
0.340753 -0.078146 0.321124 129 115 95
0.342900 -0.073318 0.318740 95 68 39
0.346266 -0.067633 0.319867 134 122 103
0.364595 -0.020937 0.311558 123 101 78
0.326845 -0.109213 0.322350 156 134 115
0.332937 -0.093791 0.319839 146 119 89
0.339041 -0.081863 0.319291 127 108 81
0.343815 -0.069584 0.317473 164 141 118
0.347621 -0.060654 0.316318 137 124 110
0.348889 -0.057532 0.314088 131 119 104
0.351354 -0.051545 0.312211 136 119 106
0.352038 -0.044901 0.312475 137 126 112
0.361554 -0.021735 0.307488 115 100 76
0.371814 0.000633 0.303409 106 90 74
0.372921 0.005404 0.303253 109 100 89
0.342891 -0.067382 0.314023 112 96 69
0.345510 -0.058962 0.312525 133 116 98
0.347278 -0.056828 0.309812 121 96 72
0.349079 -0.050504 0.308555 122 97 71
0.351824 -0.041739 0.308263 125 104 77
0.355267 -0.037369 0.308979 148 131 108
0.355341 -0.035602 0.306952 115 95 69
0.357487 -0.032133 0.306344 137 122 101
0.357302 -0.029723 0.307560 127 110 96
0.359258 -0.025114 0.305910 135 115 97
0.360518 -0.022111 0.304522 131 116 94
0.360715 -0.017768 0.304748 158 141 127
0.362291 -0.014765 0.303454 124 117 102
0.363980 -0.011938 0.302631 134 119 99
0.366184 -0.009556 0.302877 116 94 69
0.365995 -0.005126 0.301584 123 105 88
0.368757 -0.002093 0.300919 118 101 82
0.370850 0.002148 0.300489 87 78 66
0.372360 0.005004 0.299914 73 64 52
0.373005 0.007977 0.299657 101 96 87
0.373446 0.011693 0.299313 103 109 109
0.374677 0.014788 0.299260 130 146 152
0.376310 0.018363 0.299249 157 182 190
0.377689 0.020855 0.298718 165 190 200
0.379830 0.024629 0.297109 164 177 196
0.380281 0.028721 0.296936 161 185 197
0.382014 0.031274 0.294959 164 175 180
0.383071 0.035485 0.294921 154 180 192
0.383993 0.038709 0.294049 157 177 197
0.386493 0.042197 0.293149 152 176 189
0.386890 0.049257 0.293029 155 177 188
0.360804 -0.019969 0.302447 145 136 119
0.361638 -0.015430 0.302017 129 111 90
0.361637 -0.010977 0.302465 135 120 87
0.363416 -0.007758 0.300778 117 99 78
0.364744 -0.005249 0.300374 128 117 99
0.366957 -0.001733 0.299994 125 105 86
0.368050 0.002164 0.299316 118 97 74
0.369051 0.005848 0.298256 115 100 85
0.371810 0.009793 0.297432 84 46 17
0.372137 0.012080 0.298088 67 42 12
0.373782 0.015327 0.295710 132 136 130
0.374476 0.018446 0.294936 105 120 124
0.375301 0.021393 0.295984 131 173 182
0.379269 0.025566 0.295042 134 185 206
0.378951 0.029097 0.293817 145 181 163
0.380222 0.032408 0.294185 203 188 223
0.380343 0.035177 0.292414 242 157 145
0.382435 0.038727 0.292354 166 171 157
0.382908 0.042551 0.291987 156 181 193
0.383108 0.045286 0.291660 141 173 180
0.346253 -0.046620 0.304494 152 135 110
0.361107 -0.013803 0.298653 247 255 245
0.361715 -0.006230 0.298440 147 120 96
0.364262 -0.002631 0.297406 44 40 49
0.365201 0.000869 0.296788 97 87 87
0.366312 0.005978 0.297675 135 115 89
0.367168 0.010174 0.294919 183 181 194
0.369397 0.012012 0.293106 80 53 38
0.370896 0.020254 0.293517 42 40 23
0.374747 0.021724 0.292422 121 146 151
0.377009 0.037110 0.289850 180 196 202
0.380322 0.039222 0.290148 138 175 164
0.383541 0.045669 0.288860 159 178 186
0.384457 0.050249 0.287575 152 186 181
0.386902 0.055667 0.288662 151 180 191
0.359483 -0.005532 0.292291 124 105 78
0.371018 0.021870 0.288363 217 205 205
0.373571 0.030939 0.289171 201 204 177
0.377219 0.036553 0.286876 165 172 144
0.383021 0.051322 0.283074 134 176 182
0.386336 0.062373 0.283612 154 181 196
0.388479 0.066846 0.282632 140 165 180
0.402905 0.103682 0.277751 164 179 190
0.405724 0.108006 0.276609 160 179 184
0.412439 0.122193 0.273991 163 177 181
0.419932 0.146678 0.268263 175 200 207
0.352569 -0.016315 0.295055 136 109 74
0.364850 0.011825 0.289222 149 109 130
0.369566 0.025612 0.288027 79 145 183
0.372024 0.028327 0.285372 153 154 197
0.386237 0.066317 0.279487 122 186 222
0.408568 0.122432 0.271458 163 170 173
0.413086 0.132598 0.269873 168 187 195
0.434432 0.189246 0.258122 158 176 180
0.364801 0.017052 0.284748 130 140 138
0.384951 0.069561 0.278176 145 165 163
0.389364 0.081974 0.273262 133 206 248
0.385514 0.074023 0.271851 159 169 168
0.391777 0.092891 0.270107 169 188 191
0.396278 0.103781 0.267067 145 180 200
0.409974 0.140319 0.261408 149 170 180
0.413482 0.147828 0.260947 158 167 173
0.433989 0.195603 0.252146 194 191 181
0.387021 0.089288 0.269452 144 177 199
0.407889 0.140714 0.259141 140 183 203
0.411308 0.145682 0.257280 148 164 176
0.411962 0.149187 0.259356 158 160 160
0.414679 0.152100 0.257202 153 168 179
0.360161 0.028651 0.274645 196 171 139
0.408653 0.140884 0.256076 115 146 136
0.443452 0.230291 0.239118 158 174 178
0.446091 0.240044 0.237827 131 185 203
0.451169 0.249140 0.239370 138 168 183
0.367941 0.057915 0.268492 185 183 186
0.386671 0.099729 0.260873 157 182 190
0.443693 0.234177 0.238214 120 176 190
0.445366 0.242888 0.236751 134 179 194
0.385679 0.100318 0.258148 135 166 178
0.385917 0.112746 0.253591 228 184 176
0.434321 0.236253 0.229610 230 170 130
0.551970 -0.027482 0.500219 94 101 83
0.530677 -0.071898 0.505860 113 120 111
0.548194 -0.029444 0.499573 76 95 101
0.522827 -0.084769 0.504929 114 116 104
0.523341 -0.082179 0.505356 112 113 106
0.525388 -0.080831 0.504916 110 110 107
0.546194 -0.030033 0.496006 87 104 108
0.562168 0.014747 0.488309 121 151 156
0.521189 -0.085008 0.502636 117 114 102
0.549353 -0.014247 0.489319 99 104 74
0.558444 0.005966 0.486621 108 143 151
0.620469 0.159314 0.461418 170 172 136
0.621305 0.161709 0.459409 149 102 70
0.621495 0.164302 0.459563 122 96 83
0.514232 -0.092167 0.498780 101 108 87
0.514293 -0.088705 0.500501 113 120 115
0.618283 0.163939 0.458785 101 93 104
0.620389 0.164175 0.457994 126 121 110
0.529974 -0.052386 0.491305 143 128 118
0.615431 0.164537 0.454116 106 95 86
0.549284 0.003438 0.478797 100 137 131
0.551066 0.009364 0.477585 104 127 139
0.614801 0.164493 0.451040 106 109 99
0.614097 0.167411 0.451816 113 114 105
0.540989 -0.006197 0.477130 94 91 63
0.609701 0.159649 0.448690 113 112 99
0.613026 0.163748 0.449568 111 115 111
0.612248 0.168239 0.450395 113 118 101
0.613633 0.169066 0.450266 113 113 100
0.541753 -0.003890 0.476069 103 105 84
0.541682 0.000853 0.476440 105 101 69
0.608120 0.161717 0.446903 117 114 97
0.608409 0.164946 0.446223 132 125 115
0.575380 0.094340 0.455703 94 118 121
0.605301 0.161930 0.443508 117 111 76
0.606339 0.165214 0.445160 107 94 81
0.609090 0.171712 0.444039 111 149 108
0.575144 0.095163 0.452579 134 145 153
0.603938 0.163035 0.441760 122 116 89
0.602852 0.167100 0.441216 119 118 102
0.603256 0.168381 0.441204 118 122 103
0.608114 0.172910 0.439634 122 132 103
0.608362 0.174519 0.439527 100 154 98
0.573708 0.098968 0.451144 136 148 150
0.600147 0.162980 0.436830 107 112 94
0.600883 0.166424 0.439041 116 112 93
0.602585 0.169839 0.436989 121 134 122
0.597327 0.158548 0.436608 36 33 22
0.599080 0.162959 0.436966 119 113 97
0.598681 0.166441 0.436043 126 119 104
0.603092 0.180872 0.433263 110 118 101
0.567012 0.098603 0.443177 119 148 143
0.535888 0.041628 0.442556 108 132 135
0.557926 0.095894 0.433057 117 118 106
0.529455 0.036866 0.438516 88 98 84
0.532221 0.050844 0.437545 86 110 109
0.542914 0.082755 0.428267 87 103 74
0.522727 0.036891 0.434155 108 133 129
0.511852 0.276466 0.278499 40 49 0
0.513503 0.285613 0.277785 57 66 25
0.503007 0.284944 0.264123 41 54 24
0.342078 -0.087052 0.321989 141 122 102
0.346716 -0.078977 0.320475 149 124 106
0.363919 -0.036304 0.312568 132 113 92
0.338283 -0.095754 0.322190 168 134 109
0.343605 -0.084117 0.318355 149 132 115
0.346100 -0.073444 0.317935 135 122 100
0.348275 -0.071875 0.317181 130 118 103
0.345135 -0.072890 0.315905 41 19 0
0.348153 -0.066626 0.313084 133 112 91
0.349953 -0.056458 0.311673 141 127 112
0.355360 -0.047081 0.307772 136 118 93
0.356576 -0.042046 0.307616 136 121 97
0.357233 -0.039171 0.307607 139 123 105
0.372445 -0.006554 0.302292 106 93 76
0.372661 -0.003891 0.302166 95 89 80
0.373530 -0.000014 0.301148 120 128 122
0.375926 0.002285 0.298944 159 180 193
0.377025 0.005055 0.298862 163 191 203
0.377904 0.009973 0.299204 151 168 176
0.379496 0.014626 0.297913 163 185 195
0.353566 -0.046577 0.307246 149 105 73
0.356271 -0.044000 0.305737 113 97 71
0.356353 -0.039594 0.305538 121 103 74
0.357606 -0.036747 0.305237 124 105 75
0.358060 -0.033361 0.304382 127 107 76
0.360055 -0.030309 0.304025 138 107 81
0.361391 -0.027216 0.302756 100 79 59
0.363106 -0.023610 0.302661 129 108 81
0.363795 -0.020777 0.303085 131 117 98
0.365467 -0.016806 0.301363 122 108 88
0.366118 -0.013241 0.299833 127 112 95
0.367300 -0.009642 0.300261 108 100 81
0.369652 -0.006659 0.299542 95 78 56
0.372053 -0.003237 0.299294 93 84 71
0.373057 -0.000013 0.299420 102 101 96
0.373306 0.003921 0.299006 113 119 120
0.374763 0.006807 0.298039 150 178 194
0.375920 0.009987 0.297945 147 164 177
0.377199 0.013485 0.297351 139 168 173
0.379004 0.016869 0.296756 131 175 175
0.379850 0.020680 0.296069 168 188 201
0.381249 0.023426 0.295875 159 175 189
0.383518 0.027047 0.294409 155 180 194
0.383226 0.030584 0.294155 152 183 198
0.385095 0.034528 0.292816 160 183 188
0.356232 -0.032069 0.300345 179 138 104
0.362616 -0.021077 0.298880 102 80 50
0.363339 -0.014592 0.299015 165 160 143
0.364641 -0.012789 0.298913 99 90 86
0.365333 -0.009663 0.298217 113 89 71
0.368383 -0.005229 0.297812 119 104 83
0.369109 -0.003508 0.297446 108 85 66
0.370840 0.001496 0.296961 63 40 29
0.371639 0.003025 0.295424 111 88 72
0.373434 0.006480 0.294907 106 107 114
0.373277 0.010330 0.294670 86 84 82
0.375516 0.013910 0.294822 158 169 195
0.374943 0.016477 0.293128 172 161 150
0.377416 0.019902 0.293528 146 152 152
0.378625 0.023748 0.292858 145 173 183
0.382824 0.030637 0.292712 176 182 193
0.384158 0.033728 0.290512 159 180 158
0.384471 0.035812 0.289742 134 171 212
0.385419 0.042424 0.289370 130 180 225
0.360907 -0.015931 0.296597 142 125 113
0.369067 0.006147 0.291494 110 93 71
0.371136 0.007896 0.291756 131 108 85
0.371253 0.010535 0.293290 85 81 55
0.373023 0.014590 0.291752 136 134 112
0.374029 0.017437 0.290281 143 154 151
0.377840 0.022050 0.289521 117 119 104
0.377949 0.024577 0.290617 173 166 160
0.378777 0.029315 0.290029 202 186 185
0.383295 0.037478 0.286919 177 171 168
0.385405 0.044703 0.287400 157 173 172
0.386086 0.048752 0.285757 154 174 188
0.401570 0.083241 0.277592 156 179 192
0.366256 0.001828 0.289528 203 182 195
0.367904 0.006407 0.291429 103 73 21
0.365782 0.008870 0.289223 215 210 247
0.369727 0.010964 0.289452 151 166 169
0.371364 0.018650 0.289101 187 206 199
0.373008 0.022175 0.287109 146 191 202
0.376918 0.026219 0.285652 138 208 247
0.378332 0.034536 0.285236 126 212 255
0.381064 0.042772 0.282371 179 167 177
0.383812 0.043572 0.283342 173 167 161
0.384494 0.049302 0.285131 137 168 176
0.390085 0.057684 0.281984 129 200 244
0.396328 0.074822 0.278140 145 176 193
0.412406 0.116238 0.269314 147 167 176
0.415651 0.123446 0.267920 145 166 166
0.416384 0.129824 0.268862 152 164 170
0.422996 0.141026 0.267447 152 182 199
0.362526 -0.002210 0.288131 221 234 255
0.368389 0.015161 0.286681 84 146 208
0.370866 0.022015 0.286852 205 189 197
0.378496 0.040575 0.279233 186 180 158
0.384078 0.055897 0.279935 193 174 175
0.386553 0.057733 0.279567 152 172 186
0.410175 0.115220 0.269834 165 178 186
0.417586 0.138585 0.266205 153 171 178
0.362696 0.009584 0.284577 113 89 89
0.378092 0.043425 0.278441 167 165 160
0.404204 0.110621 0.265636 156 176 187
0.407239 0.116177 0.265530 144 169 183
0.433359 0.180603 0.252547 167 185 189
0.360515 0.008815 0.283441 171 149 150
0.386088 0.076409 0.270691 147 160 172
0.374637 0.046000 0.272545 190 182 171
0.379978 0.067985 0.269065 150 155 149
0.410669 0.135648 0.255919 141 147 157
0.430788 0.181942 0.249618 160 159 163
0.433404 0.190316 0.246668 100 185 218
0.444558 0.216849 0.242563 151 181 192
0.447164 0.231990 0.240872 144 170 180
0.350130 -0.002913 0.276512 222 172 137
0.401168 0.121047 0.256534 143 169 181
0.409887 0.140620 0.254476 146 170 183
0.432715 0.197300 0.244244 126 174 202
0.437471 0.205750 0.243496 148 185 195
0.453897 0.248061 0.236102 139 180 186
0.454807 0.252579 0.236243 137 160 171
0.461207 0.268812 0.233303 130 162 177
0.420806 0.174178 0.244676 151 181 189
0.439933 0.218483 0.237665 153 182 190
0.458478 0.261688 0.230528 128 200 218
0.424379 0.186669 0.240085 135 155 151
0.424780 0.187903 0.241587 121 176 203
0.429705 0.215288 0.233299 158 172 176
0.435251 0.221390 0.230717 153 191 203
0.398868 0.155256 0.236103 220 150 121
0.424816 0.223949 0.218584 134 118 93
0.551105 -0.029118 0.497656 67 62 20
0.549345 -0.030121 0.497434 43 14 20
0.552113 -0.027353 0.496896 74 115 131
0.524605 -0.087117 0.501812 111 116 109
0.526631 -0.078921 0.501002 112 112 101
0.528768 -0.076669 0.501834 112 113 104
0.530399 -0.073064 0.498127 114 110 97
0.548826 -0.032776 0.493222 94 116 117
0.522716 -0.086944 0.499803 116 116 108
0.525998 -0.076757 0.499825 110 111 96
0.541939 -0.038233 0.493175 92 86 58
0.544337 -0.034565 0.492452 96 101 95
0.622168 0.158877 0.457221 99 102 108
0.534145 -0.047444 0.491312 127 119 103
0.558913 0.007696 0.480776 106 140 140
0.617641 0.152687 0.455425 176 145 138
0.619119 0.157424 0.456142 148 134 127
0.515621 -0.092411 0.494787 100 101 88
0.552743 0.003526 0.478896 99 121 122
0.615359 0.152623 0.452825 131 125 114
0.615854 0.154566 0.453053 148 106 63
0.616256 0.156616 0.453262 123 102 93
0.617421 0.162058 0.453315 111 80 33
0.511484 -0.093889 0.491429 106 111 99
0.514948 -0.088403 0.491934 104 88 76
0.547975 -0.001211 0.477140 109 136 133
0.550864 0.002168 0.476797 107 130 128
0.551994 0.003132 0.477379 104 162 138
0.554031 0.006332 0.476137 110 141 134
0.612067 0.151313 0.452246 137 135 105
0.613054 0.158576 0.450362 138 123 112
0.541711 -0.009290 0.475799 103 90 74
0.543060 -0.008605 0.474512 105 128 126
0.546344 -0.002090 0.476950 111 128 127
0.608243 0.147468 0.448073 128 116 103
0.608604 0.151789 0.447927 121 111 79
0.610865 0.157529 0.446811 128 122 121
0.612671 0.161885 0.448424 128 111 95
0.542812 -0.005292 0.471003 100 111 111
0.606566 0.147950 0.446453 93 111 97
0.607697 0.151964 0.447184 121 106 82
0.610936 0.156634 0.445480 132 110 51
0.609666 0.160104 0.444797 134 120 99
0.610894 0.162785 0.444787 131 132 105
0.603855 0.149679 0.442540 126 120 92
0.606383 0.152111 0.443494 127 131 82
0.607142 0.156069 0.442610 121 118 91
0.609163 0.163778 0.441236 123 123 100
0.610768 0.170135 0.438597 125 147 134
0.601141 0.157531 0.439595 124 120 101
0.572697 0.095040 0.445512 104 128 133
0.600785 0.164406 0.430268 107 117 92
0.537541 0.036650 0.443390 103 112 108
0.590226 0.159050 0.423266 111 120 107
0.592105 0.166294 0.423676 110 116 102
0.536296 0.044446 0.438291 108 132 131
0.581031 0.153260 0.420338 126 124 76
0.539900 0.058704 0.432488 130 133 110
0.579050 0.155195 0.414955 118 103 63
0.536463 0.058813 0.430063 112 125 107
0.540883 0.079815 0.419963 74 80 35
0.525175 0.045604 0.426335 108 98 80
0.530625 0.071296 0.413155 108 92 85
0.514176 0.285208 0.271793 47 57 0
0.511203 0.282557 0.268886 46 55 22
0.507415 0.276610 0.266692 39 48 13
0.508575 0.278753 0.266512 38 49 15
0.510306 0.284757 0.266606 36 46 18
0.508318 0.283745 0.263584 49 58 26
0.335799 -0.116164 0.326256 142 127 109
0.336816 -0.111578 0.325136 131 115 91
0.338865 -0.106352 0.324418 142 125 102
0.342514 -0.094545 0.320161 135 122 102
0.341326 -0.095757 0.316986 141 113 86
0.341835 -0.092851 0.318027 151 125 97
0.365531 -0.041972 0.308983 131 113 92
0.345603 -0.076000 0.310733 120 99 76
0.347777 -0.070046 0.310817 129 107 84
0.349130 -0.069503 0.311512 138 113 94
0.352360 -0.062543 0.310416 131 115 96
0.356571 -0.051898 0.308046 127 115 94
0.356429 -0.047985 0.307610 136 127 114
0.361085 -0.039449 0.304851 123 121 102
0.361831 -0.034900 0.304530 113 105 95
0.364323 -0.029317 0.303016 127 117 101
0.370853 -0.018777 0.304009 120 103 85
0.372281 -0.015103 0.301112 100 89 73
0.372918 -0.012107 0.300161 115 112 106
0.373590 -0.008690 0.299095 141 153 153
0.375004 -0.005249 0.298679 149 171 178
0.376361 -0.001265 0.298426 157 182 196
0.378072 0.001535 0.297777 172 190 197
0.379643 0.004901 0.297046 168 187 192
0.380301 0.007574 0.295976 157 183 193
0.381075 0.013057 0.296393 164 184 196
0.394315 0.044339 0.290981 148 179 193
0.349857 -0.062983 0.309276 116 94 70
0.352037 -0.057451 0.307642 137 116 90
0.354446 -0.047783 0.304545 180 135 120
0.358673 -0.040432 0.305013 135 124 109
0.360968 -0.038588 0.303187 138 120 99
0.362165 -0.035528 0.302906 128 112 90
0.363706 -0.028472 0.301603 131 118 94
0.364902 -0.023823 0.301453 133 118 96
0.366138 -0.021584 0.300051 119 104 81
0.368822 -0.018050 0.299020 123 104 85
0.369843 -0.014770 0.298790 98 82 66
0.371976 -0.011072 0.298452 100 88 79
0.372733 -0.008058 0.298242 96 94 88
0.373231 -0.004680 0.298155 96 94 88
0.374808 -0.000794 0.296939 133 165 173
0.375875 0.002983 0.295798 122 171 182
0.376568 0.005164 0.295624 177 195 203
0.377116 0.008372 0.295257 116 118 107
0.381343 0.011691 0.294900 178 188 187
0.382097 0.015166 0.293622 173 188 190
0.382528 0.019526 0.293676 154 181 185
0.384356 0.021452 0.291856 164 184 192
0.386118 0.024345 0.291958 157 186 196
0.385894 0.029736 0.290821 157 183 197
0.389808 0.035834 0.288634 158 178 183
0.359203 -0.033474 0.299252 165 143 128
0.359827 -0.030756 0.297881 185 105 53
0.364722 -0.021300 0.297107 110 109 100
0.365426 -0.016263 0.296083 94 67 28
0.369364 -0.010045 0.295791 91 69 50
0.370013 -0.007212 0.293920 68 49 0
0.370891 -0.004726 0.294689 79 28 0
0.372605 -0.000337 0.293744 135 112 82
0.373145 0.002136 0.294813 136 131 114
0.375547 0.005865 0.293142 163 178 178
0.376842 0.010388 0.291785 106 133 145
0.379559 0.011385 0.291622 137 147 138
0.378325 0.014769 0.291889 208 210 200
0.380746 0.019719 0.289629 188 186 182
0.380662 0.022362 0.290553 180 175 179
0.382256 0.026079 0.290127 170 173 182
0.384496 0.030722 0.287680 170 174 164
0.385806 0.032671 0.288300 151 170 175
0.364291 -0.015824 0.293253 160 134 91
0.365733 -0.015039 0.293865 138 117 80
0.365502 -0.010348 0.293054 144 136 120
0.370154 -0.000539 0.290240 119 91 56
0.372040 0.003712 0.292445 124 96 48
0.374260 0.007665 0.290848 137 140 130
0.376624 0.010424 0.288889 167 170 164
0.373977 0.013249 0.288922 101 140 150
0.376891 0.014455 0.287611 200 187 179
0.378595 0.024633 0.286438 174 177 187
0.380945 0.025839 0.287514 179 171 107
0.380619 0.028692 0.285590 164 141 107
0.383765 0.034190 0.285460 143 168 176
0.385781 0.038401 0.282739 153 159 164
0.412710 0.100998 0.274430 165 181 184
0.345777 -0.056391 0.298264 141 124 118
0.368135 -0.000337 0.290279 81 83 40
0.371180 0.006600 0.287853 191 194 196
0.372321 0.013289 0.287226 185 197 205
0.377112 0.023904 0.284086 167 146 148
0.379181 0.035063 0.282478 175 181 169
0.384757 0.038586 0.282701 94 125 155
0.389841 0.057607 0.278897 148 188 206
0.391840 0.064906 0.277837 151 170 174
0.414188 0.115342 0.268655 154 169 177
0.414269 0.117642 0.268327 147 164 171
0.417520 0.124290 0.266394 146 159 164
0.420215 0.128445 0.264077 142 156 167
0.420854 0.130578 0.264357 150 163 169
0.420692 0.132806 0.265888 165 178 184
0.423361 0.136492 0.266126 148 162 169
0.426501 0.149294 0.262632 176 198 202
0.438490 0.173852 0.258368 126 136 144
0.374180 0.022661 0.283773 111 153 179
0.391567 0.065222 0.274157 128 181 227
0.402752 0.088362 0.270702 154 183 197
0.410190 0.108782 0.265842 166 175 184
0.418127 0.128133 0.263447 144 161 168
0.424631 0.144762 0.260633 169 188 195
0.435975 0.168600 0.257510 149 160 163
0.438892 0.181255 0.252850 148 165 174
0.440627 0.186385 0.252869 148 177 185
0.391416 0.071582 0.271218 141 193 217
0.395908 0.080857 0.271264 143 177 197
0.409917 0.118858 0.264057 133 152 153
0.435588 0.178976 0.252617 157 180 192
0.435901 0.182732 0.251895 153 180 191
0.442758 0.199406 0.248475 154 179 189
0.351108 -0.020740 0.285634 138 139 99
0.364999 0.010522 0.278376 140 130 90
0.392408 0.077775 0.268952 146 181 196
0.410416 0.122496 0.258798 181 152 172
0.411684 0.128497 0.259449 121 153 172
0.432714 0.178363 0.250095 151 181 193
0.435867 0.185729 0.251112 125 175 197
0.437648 0.187195 0.247493 51 146 207
0.437122 0.192551 0.248892 160 202 199
0.441503 0.196370 0.246426 153 183 194
0.380973 0.062933 0.267513 159 175 181
0.393759 0.084964 0.262997 138 170 173
0.406699 0.123008 0.257109 122 205 247
0.409067 0.128363 0.255759 113 114 126
0.431040 0.176795 0.248268 151 173 187
0.430849 0.178155 0.248672 155 173 182
0.438321 0.199316 0.244330 151 185 197
0.456622 0.243693 0.235881 148 175 191
0.458797 0.245497 0.236725 143 168 179
0.459167 0.249863 0.235010 140 161 168
0.461542 0.251226 0.234749 141 159 167
0.414673 0.145938 0.249774 122 144 150
0.442181 0.211363 0.240628 160 187 196
0.447116 0.226501 0.238727 148 180 197
0.450489 0.230423 0.235324 149 172 184
0.455836 0.249343 0.231968 176 161 150
0.461678 0.259889 0.229404 57 149 159
0.463986 0.263206 0.229951 130 174 191
0.350570 -0.005449 0.273404 191 171 128
0.352359 0.002922 0.271586 242 174 101
0.410182 0.143802 0.248771 169 105 71
0.434912 0.199323 0.237157 155 177 185
0.439983 0.212994 0.235119 110 179 201
0.377614 0.070975 0.259127 255 209 183
0.427224 0.190039 0.237775 118 174 194
0.439026 0.216190 0.232431 145 152 167
0.361518 0.040221 0.257227 198 166 124
0.360766 0.057052 0.248738 255 193 159
0.556018 -0.028197 0.493793 99 71 75
0.557531 -0.027457 0.493498 107 95 84
0.553487 -0.032419 0.492167 93 80 60
0.554184 -0.029870 0.493486 104 91 74
0.548912 -0.034750 0.491239 99 116 117
0.523657 -0.089445 0.500384 113 118 108
0.524432 -0.085426 0.495964 114 115 104
0.526181 -0.081765 0.497639 113 114 100
0.529384 -0.077833 0.496490 111 111 98
0.530757 -0.075458 0.496072 112 110 96
0.518720 -0.093835 0.495175 100 108 99
0.522984 -0.083468 0.495916 102 110 100
0.539180 -0.041583 0.486131 91 94 92
0.518301 -0.091014 0.490785 107 111 95
0.558456 0.007583 0.477872 107 140 144
0.558721 0.009660 0.477846 83 127 119
0.614534 0.144850 0.452164 251 202 80
0.613423 0.146022 0.452032 199 157 57
0.614830 0.150268 0.452620 180 115 85
0.549682 -0.005492 0.474198 113 141 141
0.551218 -0.003505 0.474553 106 135 137
0.609257 0.135602 0.450392 138 144 138
0.611099 0.144819 0.449125 157 126 69
0.547860 -0.006580 0.473918 112 132 133
0.609433 0.141388 0.448462 132 109 53
0.609224 0.143111 0.447584 147 124 73
0.611251 0.147177 0.447531 125 123 106
0.611553 0.150704 0.447645 120 106 55
0.540106 -0.014202 0.471381 105 118 112
0.544660 -0.005934 0.469482 90 114 131
0.605895 0.143432 0.443427 123 112 83
0.608783 0.151729 0.444689 135 126 74
0.541004 -0.011531 0.467617 106 141 145
0.606162 0.146766 0.442697 129 106 70
0.604972 0.148765 0.442636 123 105 85
0.611379 0.162097 0.438672 126 133 116
0.603604 0.149529 0.438998 128 123 92
0.600494 0.150675 0.436236 125 132 87
0.575604 0.096626 0.443536 118 135 161
0.596942 0.150132 0.433611 121 127 100
0.605006 0.163219 0.431269 113 103 101
0.575952 0.095220 0.439879 143 158 158
0.601296 0.161751 0.427003 109 105 76
0.601023 0.167585 0.426216 107 131 97
0.599138 0.167695 0.421357 127 137 125
0.595713 0.166425 0.418393 151 149 144
0.596248 0.168501 0.418076 117 122 118
0.597039 0.172711 0.418653 109 104 91
0.583926 0.144507 0.419024 121 135 119
0.594708 0.166735 0.417575 114 124 116
0.594299 0.168302 0.416900 113 117 113
0.594207 0.171330 0.415312 112 123 114
0.582311 0.150160 0.416369 110 114 91
0.592381 0.175276 0.414796 110 118 79
0.612658 0.220542 0.405891 80 80 72
0.580568 0.151320 0.414229 100 114 88
0.581984 0.153471 0.413676 114 114 97
0.588045 0.167362 0.409440 104 111 109
0.589399 0.170520 0.410082 95 105 107
0.590485 0.172499 0.410767 101 113 111
0.465153 -0.123901 0.458708 87 96 97
0.544163 0.063809 0.427327 105 107 87
0.578501 0.151281 0.412278 115 108 69
0.580585 0.154204 0.409448 95 97 73
0.588953 0.170373 0.408550 98 105 109
0.588343 0.173834 0.409451 98 109 114
0.592437 0.185190 0.407216 78 72 62
0.534758 0.055921 0.425831 138 115 96
0.530131 0.048635 0.425236 107 109 90
0.458350 -0.123199 0.450609 96 106 101
0.460249 -0.119085 0.448625 94 99 90
0.522142 0.035435 0.424556 91 110 124
0.524306 0.037851 0.423129 81 100 104
0.540827 0.073120 0.416990 86 96 86
0.517491 0.284236 0.267586 35 42 19
0.514523 0.280423 0.266108 29 35 0
0.507481 0.277893 0.265685 41 51 9
0.510808 0.281856 0.264786 43 52 6
0.511037 0.284107 0.264160 44 57 6
0.507734 0.281353 0.262437 52 61 25
0.510117 0.283927 0.263407 41 53 26
0.342491 -0.121271 0.328364 125 114 95
0.338409 -0.116412 0.324193 139 124 103
0.344953 -0.099230 0.319833 136 120 101
0.363049 -0.058432 0.312742 131 113 91
0.501384 0.281777 0.254390 39 49 20
0.350417 -0.077231 0.312446 140 123 103
0.351956 -0.073435 0.310690 92 68 46
0.359480 -0.057778 0.307843 138 122 104
0.362585 -0.054282 0.308992 140 123 97
0.366008 -0.045303 0.307966 129 108 90
0.370461 -0.034228 0.303241 113 103 85
0.370776 -0.030833 0.302927 117 107 89
0.340607 -0.098184 0.313808 147 119 87
0.345702 -0.090630 0.311185 122 108 84
0.347429 -0.085359 0.310351 125 109 79
0.345922 -0.080591 0.310679 134 107 80
0.349498 -0.075258 0.309667 119 97 67
0.352695 -0.066136 0.307892 133 111 92
0.355023 -0.064148 0.306886 128 113 92
0.357489 -0.053215 0.306116 133 121 99
0.360007 -0.050102 0.305085 129 121 103
0.362114 -0.046187 0.303318 130 119 99
0.361771 -0.044577 0.302798 132 124 109
0.365680 -0.037011 0.300997 123 110 92
0.367709 -0.032544 0.300047 121 104 86
0.368455 -0.030276 0.302701 117 93 54
0.370761 -0.025029 0.302853 109 92 67
0.371962 -0.022549 0.299702 79 66 59
0.372568 -0.019784 0.298594 94 95 97
0.373641 -0.016375 0.298340 126 136 138
0.374615 -0.013058 0.297949 154 163 166
0.376387 -0.009775 0.297709 160 176 182
0.377183 -0.006455 0.297134 158 189 204
0.378474 -0.002743 0.296240 154 182 195
0.379748 -0.000426 0.296183 164 187 199
0.381231 0.003339 0.295261 159 183 193
0.381939 0.006607 0.294918 172 188 198
0.383593 0.010746 0.294359 156 183 197
0.346024 -0.078389 0.309096 108 93 76
0.351296 -0.065817 0.307526 117 105 85
0.356782 -0.053335 0.300946 140 116 86
0.357604 -0.050203 0.302352 147 115 78
0.359230 -0.046254 0.302667 140 112 77
0.361770 -0.043860 0.301637 147 131 131
0.362774 -0.040569 0.301225 147 128 101
0.364050 -0.036521 0.300429 133 117 93
0.365201 -0.032548 0.299916 126 111 83
0.366237 -0.029696 0.299538 122 108 85
0.368505 -0.026233 0.298470 110 91 70
0.369108 -0.022734 0.298384 121 107 94
0.371349 -0.019371 0.298096 95 86 75
0.372591 -0.015888 0.297198 67 51 37
0.373079 -0.012390 0.296807 101 90 80
0.374567 -0.009472 0.295680 119 146 157
0.375506 -0.006407 0.297161 120 148 127
0.377894 -0.001781 0.294257 167 191 193
0.380354 0.002648 0.293234 153 191 211
0.381155 0.009228 0.292308 132 164 178
0.382827 0.011565 0.291984 164 188 186
0.383650 0.016504 0.292264 159 192 192
0.386303 0.021809 0.290630 153 182 196
0.392106 0.035535 0.288287 148 180 196
0.357928 -0.043795 0.300388 130 112 81
0.359079 -0.041439 0.295764 158 116 75
0.362549 -0.033878 0.297807 170 110 127
0.363132 -0.028524 0.296901 161 159 155
0.364543 -0.025732 0.297625 106 79 79
0.368861 -0.017285 0.295596 78 64 48
0.370669 -0.011337 0.293178 141 135 127
0.372296 -0.008413 0.292556 133 107 90
0.372585 -0.004948 0.292084 143 142 136
0.374926 -0.002605 0.291689 125 123 111
0.374742 0.002945 0.290843 119 143 147
0.379842 0.010887 0.291093 147 159 168
0.383696 0.018999 0.289770 193 199 206
0.385201 0.025584 0.287709 165 182 186
0.388960 0.037310 0.284208 129 161 176
0.359069 -0.036068 0.295768 115 104 59
0.366501 -0.014966 0.292954 110 98 86
0.367447 -0.012658 0.291916 117 101 77
0.370633 -0.006781 0.290474 185 182 161
0.372801 -0.007147 0.289808 130 142 123
0.372493 -0.002349 0.288483 180 178 180
0.371815 0.001887 0.288204 121 118 108
0.374781 0.003697 0.289060 149 152 149
0.375371 0.008449 0.286305 184 145 124
0.381362 0.017907 0.284649 197 180 173
0.382856 0.020623 0.285820 212 194 166
0.384767 0.023594 0.284025 202 182 194
0.386744 0.027669 0.283946 127 166 192
0.390612 0.045794 0.280014 145 181 202
0.393539 0.052227 0.278570 158 170 175
0.420646 0.116630 0.270830 101 125 141
0.363702 -0.013581 0.289261 253 251 254
0.370364 -0.000924 0.287983 144 109 87
0.370926 0.001565 0.286144 134 171 171
0.374286 0.008088 0.286518 198 193 185
0.375030 0.011081 0.286377 201 167 144
0.379082 0.018640 0.284372 202 166 161
0.382477 0.023043 0.281953 152 180 203
0.384883 0.030843 0.281282 186 203 212
0.385926 0.035643 0.280790 187 188 190
0.414902 0.110055 0.265806 160 173 178
0.415187 0.113292 0.265930 153 173 180
0.416918 0.116061 0.265276 144 152 160
0.419101 0.118700 0.264798 121 144 151
0.422144 0.126055 0.263925 99 112 120
0.423351 0.129551 0.263609 99 113 117
0.424947 0.132946 0.262529 74 92 97
0.428504 0.138655 0.261837 164 197 203
0.436665 0.162703 0.257134 140 159 166
0.440120 0.172239 0.256452 136 143 145
0.446455 0.181275 0.254212 162 180 190
0.381094 0.034570 0.278050 199 194 205
0.390966 0.050230 0.274480 154 179 198
0.390356 0.054913 0.272608 158 147 144
0.391142 0.060523 0.272114 145 175 189
0.394773 0.067111 0.273518 143 181 199
0.406808 0.094055 0.268989 168 181 188
0.413914 0.111096 0.265727 154 170 175
0.415106 0.113207 0.264654 179 190 192
0.416604 0.117424 0.264947 147 182 192
0.417377 0.119758 0.262519 134 173 188
0.419342 0.122579 0.263380 121 133 143
0.422895 0.132015 0.259923 91 112 122
0.440586 0.176378 0.251705 156 149 155
0.441819 0.183524 0.251436 129 148 156
0.443340 0.187233 0.251284 145 165 171
0.447588 0.190994 0.251617 141 160 168
0.383715 0.044367 0.275202 147 164 169
0.391816 0.063973 0.268498 144 177 196
0.398734 0.081631 0.264708 98 163 192
0.404697 0.099610 0.264677 140 173 190
0.410402 0.113551 0.261190 169 175 181
0.428158 0.150228 0.253848 153 178 189
0.436061 0.175396 0.250803 161 174 183
0.438310 0.176813 0.250779 154 161 168
0.440200 0.179672 0.249842 128 142 150
0.439985 0.183309 0.249229 99 114 118
0.443441 0.191524 0.246241 146 168 174
0.444112 0.194341 0.246996 152 175 183
0.446326 0.195285 0.246584 154 182 185
0.446302 0.199126 0.247008 153 184 190
0.447512 0.203268 0.247656 159 180 188
0.458611 0.227602 0.242599 159 178 186
0.379284 0.035366 0.271160 146 155 150
0.387304 0.057555 0.268772 215 188 167
0.418289 0.131694 0.254502 132 146 149
0.419925 0.140030 0.253392 166 192 201
0.440788 0.190562 0.243188 121 163 186
0.441471 0.196458 0.244002 141 179 192
0.444147 0.200293 0.243564 155 190 199
0.452315 0.221137 0.242039 151 174 185
0.459219 0.238467 0.237594 150 168 176
0.432227 0.176001 0.246685 184 151 140
0.453229 0.225438 0.236054 155 183 199
0.456433 0.235753 0.234908 140 166 176
0.460115 0.244138 0.231866 144 175 186
0.461739 0.247979 0.232282 135 155 164
0.462585 0.252186 0.233915 130 143 146
0.464480 0.256962 0.233577 139 162 172
0.348725 -0.023224 0.277578 220 185 168
0.388353 0.074611 0.258833 170 143 134
0.392974 0.084245 0.256266 136 166 164
0.427619 0.170765 0.242742 150 160 172
0.436869 0.190867 0.240047 100 130 145
0.438721 0.199618 0.238487 141 164 171
0.456286 0.241728 0.229740 139 158 159
0.458209 0.246380 0.233248 148 178 189
0.461130 0.258320 0.229026 81 235 250
0.391645 0.090569 0.254504 123 186 215
0.421687 0.159289 0.243459 164 189 193
0.425214 0.169370 0.241466 118 140 163
0.462577 0.261456 0.224486 135 159 164
0.397889 0.114553 0.247373 181 192 212
0.420385 0.163293 0.237755 213 124 126
0.367393 0.041968 0.259334 191 173 153
0.374379 0.062367 0.254290 197 181 166
0.403293 0.144997 0.235349 211 164 147
0.405615 0.149132 0.234069 170 162 151
0.552695 -0.035110 0.490420 98 82 65
0.553303 -0.034854 0.490766 100 84 71
0.557701 -0.030738 0.490585 111 95 84
0.524662 -0.088914 0.495642 109 113 106
0.528880 -0.084483 0.495779 113 115 107
0.529476 -0.080855 0.494042 115 117 102
0.531714 -0.078272 0.491652 111 115 100
0.546510 -0.039226 0.486313 123 111 122
0.564238 0.007601 0.479267 108 141 148
0.522880 -0.092456 0.495047 106 113 106
0.527464 -0.082904 0.492184 109 112 110
0.541035 -0.045731 0.484082 86 96 98
0.517717 -0.094207 0.491245 99 107 85
0.522881 -0.088563 0.490643 113 114 98
0.542305 -0.041650 0.481525 94 112 108
0.517783 -0.088655 0.486497 107 115 100
0.554203 -0.002856 0.474533 114 143 143
0.611338 0.137799 0.450802 240 187 86
0.610994 0.141359 0.448260 166 119 67
0.611850 0.142190 0.444806 118 135 138
0.608452 0.141094 0.444783 137 125 90
0.607998 0.143390 0.442851 138 125 88
0.544347 -0.010164 0.467146 100 130 123
0.546172 -0.007422 0.466772 112 127 122
0.603705 0.143079 0.440008 121 117 101
0.603900 0.142508 0.438461 121 123 102
0.604822 0.146601 0.435268 123 127 90
0.609380 0.160628 0.433903 95 83 69
0.606031 0.152873 0.432959 126 113 103
0.605525 0.154490 0.432405 112 118 93
0.607042 0.158150 0.431797 69 90 83
0.603600 0.154657 0.430241 106 112 108
0.604157 0.160387 0.427963 82 80 97
0.602173 0.155690 0.426628 95 90 88
0.602267 0.159678 0.426789 91 95 90
0.599098 0.156212 0.422971 99 96 84
0.599779 0.159346 0.422777 105 95 67
0.600730 0.165072 0.422840 123 132 122
0.598687 0.164322 0.420491 110 119 107
0.606087 0.178738 0.418603 74 89 98
0.593475 0.154020 0.417480 116 119 107
0.596339 0.166266 0.418052 130 139 127
0.597113 0.167952 0.417982 90 87 86
0.591914 0.155068 0.415412 119 120 105
0.591394 0.156854 0.415847 119 123 107
0.595352 0.166134 0.417009 123 125 122
0.614699 0.213348 0.404347 64 82 70
0.537499 0.034938 0.434898 104 131 117
0.582692 0.146050 0.415468 90 105 96
0.535211 0.030991 0.434273 127 125 132
0.536962 0.039123 0.430809 73 67 60
0.582472 0.146891 0.412581 115 107 79
0.582393 0.147771 0.412425 107 106 76
0.588093 0.160477 0.409532 109 110 103
0.588765 0.161300 0.409254 107 106 96
0.594951 0.176572 0.408998 67 88 97
0.545356 0.059503 0.424606 101 107 90
0.578374 0.146905 0.409297 105 95 50
0.582492 0.153541 0.406774 130 133 76
0.587737 0.167593 0.407169 100 102 98
0.587625 0.168934 0.406550 101 102 100
0.588903 0.171657 0.404757 95 109 110
0.610428 0.219954 0.395692 78 74 66
0.533264 0.037827 0.426205 130 142 128
0.534945 0.041501 0.425197 109 121 133
0.459169 -0.131689 0.451101 84 103 92
0.530279 0.037006 0.423677 97 118 116
0.534865 0.051734 0.420859 113 115 98
0.543837 0.070506 0.418519 71 85 60
0.461619 -0.128044 0.449214 99 101 98
0.525397 0.028989 0.420977 95 108 97
0.525810 0.035522 0.420651 92 112 116
0.454798 -0.133120 0.448748 100 98 90
0.537463 0.069290 0.411765 107 105 91
0.558284 0.131056 0.394943 93 91 61
0.573557 0.168678 0.390702 149 135 94
0.518607 0.281338 0.266719 46 58 22
0.518620 0.281390 0.264620 47 60 21
0.513245 0.281612 0.262845 42 50 21
0.515418 0.281488 0.261872 37 46 20
0.512490 0.280982 0.260873 53 62 26
0.512161 0.282003 0.259302 45 56 18
0.509447 0.282850 0.259099 49 60 0
0.505864 0.279396 0.254220 27 36 0
0.345566 -0.104459 0.316087 171 141 124
0.346885 -0.100235 0.316978 140 121 98
0.365197 -0.059286 0.307513 128 111 85
0.365739 -0.051862 0.307911 123 108 88
0.504275 0.279981 0.252162 45 54 25
0.344105 -0.108489 0.315205 152 130 102
0.343345 -0.101803 0.314493 133 114 95
0.345835 -0.098525 0.312485 129 111 84
0.347030 -0.096734 0.313438 159 141 125
0.350848 -0.088570 0.312286 134 123 108
0.350198 -0.084876 0.311000 153 136 121
0.353427 -0.080597 0.308558 137 121 102
0.354412 -0.079763 0.308661 137 120 101
0.358156 -0.067752 0.307167 134 118 99
0.360735 -0.060460 0.305396 116 106 85
0.370444 -0.040527 0.302854 114 101 81
0.370966 -0.040669 0.301923 119 101 78
0.372343 -0.034769 0.300639 107 101 90
0.372236 -0.031123 0.301194 100 88 76
0.349779 -0.085427 0.309388 138 117 91
0.351636 -0.082853 0.306858 125 104 78
0.351676 -0.078799 0.306938 152 127 77
0.354122 -0.075697 0.306401 101 77 56
0.356367 -0.067833 0.305787 160 138 120
0.359111 -0.061665 0.304427 109 95 76
0.361601 -0.055339 0.302412 146 132 124
0.362886 -0.051416 0.304234 134 117 99
0.363084 -0.048811 0.301117 142 127 107
0.364665 -0.044477 0.301064 136 127 117
0.365837 -0.042454 0.301230 124 108 89
0.367861 -0.037700 0.298892 118 103 82
0.368895 -0.034439 0.298599 101 81 63
0.372064 -0.031141 0.298776 109 104 96
0.372598 -0.027654 0.298282 105 101 97
0.374142 -0.024407 0.297781 133 144 146
0.375057 -0.021467 0.297456 152 172 183
0.376038 -0.017974 0.296539 160 182 193
0.376901 -0.014823 0.296736 169 186 196
0.378855 -0.011301 0.295381 157 188 201
0.379430 -0.007133 0.296321 165 189 199
0.381408 -0.005348 0.293718 170 187 199
0.382573 -0.001559 0.293232 160 183 194
0.384938 0.004346 0.291897 153 185 198
0.436824 0.129678 0.269672 64 61 63
0.491008 0.256741 0.249880 23 32 9
0.361546 -0.050353 0.300795 136 123 108
0.363218 -0.046700 0.300330 137 129 98
0.362401 -0.044634 0.298206 113 107 85
0.365380 -0.038991 0.299222 138 120 103
0.367089 -0.037869 0.297953 117 105 78
0.368005 -0.034005 0.298121 113 91 67
0.369111 -0.029943 0.297646 109 87 69
0.371292 -0.027645 0.296625 82 55 33
0.373377 -0.024046 0.295288 111 94 86
0.373243 -0.019916 0.295264 82 75 67
0.374858 -0.017175 0.294978 137 141 133
0.375322 -0.014529 0.293567 126 145 149
0.378709 -0.010464 0.292661 213 207 206
0.378425 -0.006943 0.292002 221 208 174
0.382382 -0.000368 0.291450 176 177 176
0.381750 0.003631 0.290235 148 203 218
0.383616 0.005663 0.288768 150 180 181
0.383645 0.009182 0.290544 163 153 141
0.431796 0.121131 0.269479 100 108 116
0.435189 0.129740 0.268551 3 9 28
0.435938 0.131118 0.267461 0 0 17
0.354634 -0.063943 0.300137 153 119 81
0.361144 -0.044373 0.297144 116 96 78
0.371336 -0.016243 0.292399 76 59 45
0.372415 -0.013466 0.291133 105 88 72
0.376405 -0.003578 0.290273 177 230 251
0.384250 0.014251 0.286751 175 174 145
0.431949 0.130835 0.265486 12 0 29
0.433272 0.131610 0.266189 0 0 29
0.365904 -0.026045 0.290030 100 105 117
0.369004 -0.019654 0.289148 104 80 57
0.367887 -0.017640 0.289357 130 126 128
0.370318 -0.012225 0.286820 130 113 88
0.373617 -0.010364 0.286990 180 184 172
0.373320 -0.007039 0.286838 163 170 153
0.374706 -0.003200 0.286292 143 165 161
0.376043 -0.000394 0.286326 189 174 162
0.376494 0.004049 0.284182 193 169 160
0.377641 0.006686 0.284226 209 177 178
0.381401 0.010893 0.282367 170 182 190
0.385867 0.023757 0.282083 161 178 179
0.386669 0.028446 0.282140 189 183 186
0.389634 0.037353 0.279815 140 176 188
0.392589 0.043956 0.279167 157 174 190
0.396928 0.054501 0.276661 146 174 185
0.409443 0.078853 0.271772 156 180 190
0.422139 0.115857 0.265613 120 145 161
0.431093 0.129108 0.263894 45 0 38
0.447778 0.174805 0.254539 112 127 139
0.448486 0.175487 0.254288 115 133 141
0.479865 0.253125 0.244707 0 21 5
0.366608 -0.020493 0.285431 185 196 183
0.376685 0.003831 0.282189 145 143 144
0.388409 0.035172 0.279324 171 173 168
0.391666 0.046392 0.275937 154 166 165
0.413550 0.096567 0.265835 160 178 187
0.419867 0.111687 0.265079 139 157 165
0.421005 0.114176 0.263075 136 149 152
0.419999 0.119269 0.263294 113 122 128
0.423781 0.120889 0.263005 58 69 80
0.424524 0.123946 0.262306 59 69 75
0.425256 0.127582 0.260764 56 68 74
0.426202 0.131636 0.260604 73 85 92
0.426448 0.134141 0.260674 77 92 98
0.428125 0.138185 0.259057 144 159 164
0.442475 0.166747 0.255113 153 150 148
0.446059 0.175552 0.253691 99 110 119
0.446423 0.176898 0.253066 95 111 121
0.447546 0.182428 0.251761 127 147 157
0.449607 0.185791 0.252235 123 142 152
0.450334 0.187220 0.250127 121 138 146
0.354246 -0.043448 0.288662 131 113 96
0.362478 -0.019958 0.282118 183 185 177
0.375172 0.012764 0.277069 129 140 118
0.394529 0.056325 0.270963 155 202 224
0.404966 0.080327 0.265723 151 180 195
0.417136 0.111551 0.261286 164 169 173
0.419898 0.113687 0.261538 128 136 138
0.420176 0.118437 0.260360 82 102 118
0.421992 0.124686 0.260172 72 80 88
0.424332 0.129253 0.259349 88 108 113
0.425279 0.130711 0.258628 84 81 92
0.431055 0.145919 0.253532 144 162 168
0.443791 0.175892 0.250986 90 93 100
0.444249 0.176942 0.250709 64 60 79
0.445783 0.181132 0.249810 62 71 81
0.447589 0.183619 0.249007 92 98 107
0.449886 0.187775 0.249103 80 89 99
0.411203 0.104918 0.258713 166 164 174
0.413854 0.110025 0.258008 172 169 174
0.414498 0.110903 0.258230 131 143 155
0.418685 0.123865 0.257133 122 129 128
0.438892 0.173580 0.249437 156 172 180
0.439940 0.175888 0.248407 149 164 172
0.441656 0.178274 0.248378 130 127 142
0.447462 0.191916 0.244991 128 140 144
0.447393 0.194449 0.246562 165 176 188
0.450713 0.200636 0.244919 144 168 175
0.453215 0.211043 0.241614 147 177 189
0.379105 0.028161 0.271007 127 139 112
0.394901 0.070350 0.265321 161 179 188
0.396040 0.076816 0.262651 138 172 186
0.408831 0.107722 0.256722 163 173 183
0.411248 0.113683 0.256714 126 154 163
0.435884 0.171271 0.248631 163 186 194
0.436693 0.173667 0.247302 155 139 152
0.437310 0.175554 0.246728 198 190 181
0.438853 0.179298 0.247177 124 130 127
0.442395 0.189536 0.244554 129 150 162
0.447669 0.199677 0.242673 131 153 160
0.448571 0.206001 0.240120 161 187 195
0.466729 0.249896 0.231825 118 144 156
0.357974 -0.011139 0.273462 169 157 145
0.374003 0.023142 0.268541 188 190 185
0.423049 0.150133 0.246207 128 153 168
0.433833 0.171293 0.244523 193 210 220
0.446977 0.208591 0.237528 171 193 194
0.462157 0.244807 0.231378 143 165 172
0.465152 0.246621 0.230548 134 151 159
0.465987 0.249289 0.230966 121 132 127
0.466849 0.254461 0.230892 119 138 148
0.360682 0.000199 0.268626 154 153 134
0.378886 0.043271 0.263423 223 195 196
0.422756 0.150943 0.243048 128 142 158
0.424182 0.157175 0.244459 128 149 158
0.459206 0.239810 0.229441 153 178 184
0.461549 0.242937 0.229440 153 165 177
0.379908 0.053369 0.256840 148 159 156
0.455574 0.238593 0.227864 137 152 166
0.458124 0.240060 0.227122 171 140 151
0.461908 0.251665 0.222908 172 199 201
0.379573 0.055708 0.256197 154 130 99
0.456274 0.240978 0.223505 132 160 161
0.361911 0.038175 0.251085 195 190 176
0.394952 0.117125 0.236835 174 129 96
0.398863 0.137173 0.227934 173 131 91
0.560474 -0.032444 0.488324 109 110 99
0.554816 -0.033390 0.486370 107 98 84
0.529288 -0.086481 0.488306 108 111 95
0.529238 -0.084301 0.489896 105 107 88
0.531241 -0.079744 0.490450 107 115 107
0.538290 -0.050113 0.480551 118 119 128
0.517975 -0.098673 0.485099 114 123 105
0.517600 -0.091960 0.484121 111 122 114
0.554161 -0.006619 0.468573 110 137 134
0.610724 0.135903 0.444818 166 159 115
0.611248 0.139307 0.442708 152 152 119
0.613710 0.140623 0.443978 161 163 99
0.609693 0.139848 0.440785 140 132 98
0.611043 0.140753 0.439163 145 113 98
0.545524 -0.012728 0.463830 98 119 116
0.546735 -0.012503 0.463572 107 133 131
0.607784 0.135166 0.438577 151 140 127
0.608213 0.140201 0.438679 123 126 108
0.607857 0.143620 0.436999 104 125 88
0.604319 0.136306 0.437778 139 133 95
0.607631 0.142968 0.434804 127 108 98
0.608395 0.152617 0.433406 88 93 80
0.605023 0.153456 0.428652 113 113 110
0.603037 0.152238 0.426711 94 101 92
0.598218 0.147860 0.421703 97 86 83
0.592348 0.154120 0.415568 120 119 102
0.595699 0.159782 0.413369 112 120 106
0.591060 0.155455 0.412587 106 108 98
0.591159 0.156153 0.412645 103 108 98
0.545186 0.056269 0.423402 111 110 93
0.580247 0.142630 0.409541 162 128 71
0.612281 0.217392 0.395263 78 75 62
0.539169 0.045161 0.420669 106 138 149
0.581233 0.147647 0.404317 126 115 59
0.587525 0.164419 0.402719 93 99 73
0.581602 0.152080 0.401808 107 94 57
0.583528 0.159374 0.400940 104 100 76
0.458599 -0.135093 0.446460 103 103 95
0.595911 0.194354 0.391967 93 88 53
0.457430 -0.129211 0.443652 80 98 107
0.565570 0.132239 0.398622 159 119 39
0.528022 0.281576 0.271038 47 62 0
0.521233 0.281091 0.264839 44 55 9
0.518866 0.279631 0.263826 46 56 17
0.518184 0.282180 0.262385 26 35 0
0.513802 0.277397 0.259341 43 52 0
0.513900 0.279264 0.256258 43 52 0
0.510912 0.278632 0.252500 61 71 36
0.346278 -0.118285 0.319021 138 118 97
0.346976 -0.114508 0.318750 133 116 94
0.508060 0.277513 0.251702 53 63 25
0.508608 0.278747 0.249911 70 72 29
0.343360 -0.121198 0.318802 140 123 97
0.349349 -0.110170 0.315438 149 128 99
0.347408 -0.107861 0.314316 144 124 99
0.349076 -0.102932 0.312992 151 123 98
0.506721 0.277663 0.249960 62 71 26
0.506923 0.279434 0.250426 46 56 31
0.349856 -0.096954 0.310848 133 116 92
0.353193 -0.091952 0.310716 138 118 97
0.356561 -0.082272 0.306250 131 115 97
0.356274 -0.079249 0.307013 129 112 93
0.356853 -0.076054 0.306554 130 112 103
0.362708 -0.065175 0.303196 130 109 89
0.365877 -0.059820 0.303622 121 104 83
0.370236 -0.050594 0.302116 108 93 74
0.370205 -0.046584 0.302180 100 89 69
0.372053 -0.043170 0.300236 101 92 77
0.372407 -0.039285 0.299691 105 96 82
0.373669 -0.035670 0.298844 127 140 137
0.503722 0.277668 0.246917 21 28 0
0.349528 -0.095489 0.308414 124 120 96
0.349891 -0.091381 0.307811 139 123 100
0.350970 -0.086219 0.306869 114 94 72
0.354865 -0.077730 0.306424 125 109 85
0.356533 -0.076651 0.305142 129 105 75
0.359696 -0.069571 0.303413 136 120 102
0.359269 -0.065963 0.302895 130 112 100
0.362029 -0.061763 0.302574 128 106 82
0.362380 -0.059036 0.300917 131 114 94
0.363822 -0.055463 0.301410 132 115 98
0.365842 -0.052385 0.299810 130 114 95
0.367251 -0.048272 0.299199 115 98 73
0.367380 -0.046725 0.299424 119 103 85
0.369240 -0.042901 0.298128 89 66 42
0.371395 -0.039164 0.297584 93 82 72
0.372647 -0.035640 0.297278 95 96 92
0.373567 -0.032485 0.297038 126 132 133
0.375083 -0.029527 0.296341 142 157 167
0.376133 -0.026005 0.296153 146 170 178
0.377165 -0.022625 0.295280 147 172 181
0.378144 -0.019268 0.295136 166 185 197
0.379750 -0.015575 0.293335 172 189 191
0.380923 -0.014039 0.292607 163 186 198
0.383690 -0.005483 0.291025 161 186 195
0.433762 0.120544 0.270898 124 136 145
0.437866 0.128123 0.268403 0 44 59
0.489978 0.251007 0.247353 37 44 40
0.358391 -0.067250 0.301106 121 108 87
0.359004 -0.060339 0.299246 127 118 97
0.362937 -0.053788 0.296720 150 129 100
0.365541 -0.048737 0.297501 127 101 73
0.367237 -0.045102 0.296005 121 106 85
0.367659 -0.041842 0.296491 169 149 128
0.369188 -0.039367 0.295698 88 69 48
0.370440 -0.035510 0.295537 66 39 17
0.371504 -0.032326 0.293837 94 68 58
0.372629 -0.028244 0.294632 64 42 18
0.374354 -0.025691 0.292835 171 156 129
0.375346 -0.021382 0.293402 120 130 128
0.376514 -0.019190 0.292122 106 138 143
0.378262 -0.015287 0.291709 166 202 204
0.380807 -0.007990 0.292201 165 186 197
0.382442 -0.006574 0.289325 174 190 186
0.383686 0.001919 0.289593 180 195 212
0.386271 0.003290 0.288721 154 179 190
0.386144 0.008647 0.287493 156 182 195
0.391380 0.017054 0.283957 146 188 211
0.430570 0.115956 0.268287 84 93 109
0.431862 0.118503 0.267574 13 43 53
0.433998 0.122168 0.267646 16 39 52
0.435405 0.125039 0.267264 18 36 42
0.436407 0.128561 0.266787 14 23 35
0.489306 0.254113 0.244310 45 54 35
0.359044 -0.055222 0.297282 125 104 77
0.365677 -0.040001 0.293515 175 164 137
0.367949 -0.036759 0.292703 187 111 128
0.369466 -0.029710 0.292069 75 54 41
0.371673 -0.024989 0.289877 99 69 44
0.374081 -0.017608 0.288955 152 155 123
0.375345 -0.015388 0.290155 127 154 150
0.385086 0.004879 0.285601 167 187 213
0.397334 0.037277 0.277688 150 184 198
0.429225 0.115815 0.265513 11 18 24
0.430894 0.117723 0.265903 2 22 30
0.432753 0.122569 0.264344 14 9 19
0.433421 0.124937 0.264686 9 8 20
0.435035 0.128617 0.264341 13 10 14
0.444834 0.153366 0.259482 154 151 155
0.486260 0.255070 0.244314 51 49 32
0.361369 -0.048539 0.292157 121 107 80
0.366043 -0.035207 0.290350 83 80 41
0.369347 -0.024720 0.286422 164 167 152
0.370707 -0.020487 0.287885 105 97 62
0.372785 -0.014831 0.286822 179 217 255
0.374673 -0.010560 0.285381 133 167 158
0.375334 -0.006481 0.284866 179 175 149
0.377002 -0.004063 0.284398 184 184 180
0.381988 0.002534 0.283718 208 187 181
0.385374 0.012901 0.282051 169 174 185
0.386504 0.021386 0.280317 165 175 180
0.422847 0.110473 0.264253 122 139 144
0.427718 0.115859 0.263918 0 6 7
0.428556 0.119646 0.262432 12 12 13
0.429557 0.121753 0.262966 31 23 33
0.430856 0.125853 0.262872 44 0 26
0.431867 0.128704 0.262664 44 0 29
0.443926 0.162445 0.256005 146 144 141
0.449874 0.173668 0.253490 123 142 151
0.449620 0.175834 0.252459 94 110 117
0.453334 0.177640 0.252666 145 164 167
0.353699 -0.057705 0.290797 111 98 81
0.362107 -0.037564 0.285695 185 194 155
0.364706 -0.029413 0.286944 170 154 140
0.373414 -0.008444 0.282345 140 249 255
0.376573 -0.000879 0.280936 153 161 143
0.383351 0.015381 0.280040 144 171 159
0.388589 0.024790 0.276344 188 193 192
0.393792 0.039113 0.275123 149 177 186
0.394620 0.041795 0.272658 160 179 176
0.404745 0.068142 0.270634 143 172 183
0.411793 0.085871 0.266021 152 181 189
0.421688 0.106735 0.261801 164 174 180
0.422117 0.110500 0.261719 131 156 167
0.422647 0.114074 0.260844 133 148 158
0.423928 0.114496 0.259785 106 122 139
0.426219 0.120099 0.260501 35 42 47
0.426659 0.122949 0.259207 42 52 60
0.436869 0.144577 0.254914 172 180 185
0.444119 0.163383 0.253866 141 133 132
0.447111 0.170780 0.250403 96 73 74
0.446843 0.174907 0.250298 51 53 59
0.448016 0.175698 0.250779 95 112 117
0.450777 0.181065 0.249262 79 72 76
0.451386 0.187808 0.248876 107 130 140
0.452643 0.188795 0.248077 92 125 132
0.455542 0.194420 0.246103 164 185 189
0.352879 -0.045853 0.286154 134 114 91
0.376591 0.006219 0.274752 140 136 119
0.378072 0.009916 0.275721 130 145 153
0.381461 0.022307 0.273716 179 202 202
0.389480 0.033853 0.273295 179 172 177
0.396126 0.051253 0.269599 130 184 207
0.395714 0.052151 0.269436 145 173 189
0.398810 0.060326 0.265818 149 177 193
0.408624 0.084548 0.263029 145 165 183
0.417947 0.103645 0.259495 160 179 187
0.418740 0.110466 0.259825 142 164 174
0.421117 0.112661 0.259300 139 157 170
0.420770 0.116868 0.259743 94 108 113
0.426333 0.126268 0.258041 26 48 45
0.427834 0.131315 0.256028 49 69 77
0.427417 0.132638 0.255997 57 72 65
0.441675 0.164934 0.247872 166 180 185
0.445788 0.174105 0.248843 74 77 88
0.445861 0.177003 0.248134 52 64 74
0.447553 0.180200 0.247456 54 69 74
0.448648 0.184661 0.245870 75 79 81
0.449918 0.187765 0.246154 98 114 121
0.451213 0.189407 0.245614 72 88 99
0.455052 0.196270 0.243896 96 112 124
0.351309 -0.049063 0.284341 189 184 165
0.378290 0.014596 0.273668 159 169 161
0.380104 0.022790 0.269682 184 183 184
0.395842 0.059314 0.263868 211 192 164
0.416655 0.110653 0.257791 156 171 183
0.418982 0.113177 0.256261 165 167 229
0.421406 0.118542 0.256240 103 136 168
0.421654 0.120857 0.254717 81 108 123
0.421462 0.122977 0.254791 119 154 181
0.439049 0.168810 0.246911 169 176 179
0.442149 0.171704 0.245372 127 151 158
0.443421 0.174778 0.244854 127 143 151
0.444309 0.176962 0.246216 118 140 162
0.446046 0.182113 0.246668 77 76 81
0.449295 0.187516 0.244328 125 155 159
0.449245 0.190219 0.243372 91 132 156
0.453828 0.196313 0.242589 82 95 113
0.455156 0.205310 0.241558 141 170 175
0.462504 0.227687 0.237172 166 182 192
0.364850 -0.009871 0.273328 179 206 187
0.366326 -0.006279 0.271908 96 160 194
0.378063 0.018143 0.270283 221 176 153
0.378667 0.020709 0.269979 159 153 136
0.431744 0.160014 0.245720 157 183 193
0.437898 0.163404 0.244729 146 174 205
0.438690 0.172734 0.244177 141 158 158
0.441085 0.174042 0.243857 120 137 152
0.446282 0.190072 0.242017 122 136 139
0.460152 0.225668 0.236170 156 176 184
0.466409 0.233198 0.233432 138 159 166
0.467035 0.241802 0.231040 136 155 162
0.470715 0.249841 0.229421 86 102 109
0.473571 0.254849 0.227810 61 80 85
0.361573 -0.006940 0.271327 200 193 197
0.375394 0.025683 0.265437 153 154 143
0.449781 0.204924 0.233760 82 118 136
0.457888 0.224540 0.232077 144 172 183
0.463057 0.236543 0.230061 149 176 189
0.463654 0.239032 0.227836 147 165 174
0.464962 0.242099 0.228539 135 160 169
0.467172 0.245575 0.228810 116 136 141
0.468535 0.248092 0.228986 92 109 112
0.472927 0.266054 0.224863 90 118 137
0.389467 0.061665 0.258072 227 176 174
0.396298 0.075393 0.254412 201 134 137
0.449149 0.209192 0.233706 89 174 209
0.456043 0.223884 0.230610 152 172 183
0.455432 0.226957 0.227526 155 164 167
0.461775 0.239771 0.228397 158 155 169
0.464411 0.241945 0.226945 118 156 163
0.342295 -0.044967 0.271845 191 160 130
0.381793 0.047801 0.256805 255 207 147
0.405183 0.109597 0.247646 133 159 189
0.460356 0.241325 0.223685 131 158 174
0.454007 0.229221 0.223417 116 152 194
0.412067 0.137160 0.233939 119 180 209
0.413430 0.139764 0.234875 124 166 181
0.391605 0.091067 0.240473 178 162 138
0.388995 0.097612 0.238215 203 185 164
0.558139 -0.036786 0.482575 107 123 120
0.557295 -0.033681 0.482288 111 107 89
0.560788 -0.030238 0.483068 99 99 92
0.530635 -0.093637 0.489789 101 113 105
0.551924 -0.042205 0.480591 100 121 122
0.554062 -0.038747 0.483424 112 104 85
0.529007 -0.093911 0.487270 108 119 113
0.531265 -0.083227 0.487789 113 115 94
0.531772 -0.081018 0.486081 109 116 94
0.533940 -0.079239 0.485219 104 109 86
0.530024 -0.088527 0.485155 105 116 104
0.532044 -0.083269 0.483956 111 118 104
0.616999 0.140436 0.443132 202 160 103
0.613216 0.135923 0.441824 175 159 135
0.615996 0.139774 0.442557 220 185 103
0.606569 0.125132 0.439406 163 154 101
0.611290 0.133887 0.437591 132 127 111
0.607332 0.125034 0.437967 186 158 101
0.607235 0.126101 0.437827 170 132 104
0.609727 0.132114 0.435978 130 114 101
0.608946 0.133126 0.435421 121 113 103
0.611458 0.137767 0.435974 100 121 107
0.603049 0.125203 0.434219 140 124 102
0.606346 0.134641 0.435922 121 126 108
0.605930 0.139239 0.432669 120 102 81
0.602016 0.131278 0.430101 116 114 82
0.601517 0.130869 0.429707 123 121 77
0.608623 0.178451 0.411881 67 76 82
0.617053 0.218318 0.395722 88 81 70
0.580782 0.137691 0.406808 146 121 88
0.535415 0.032870 0.420331 85 92 78
0.539466 0.041446 0.421880 111 136 141
0.581716 0.145883 0.403480 133 107 68
0.469323 -0.119170 0.444857 100 95 78
0.537745 0.044590 0.418618 121 110 88
0.547487 0.066046 0.413482 59 89 44
0.574265 0.128586 0.402950 143 117 77
0.581247 0.147974 0.399706 104 92 56
0.597577 0.191746 0.392174 86 90 64
0.461828 -0.137086 0.443343 99 105 99
0.466152 -0.128189 0.442207 98 106 90
0.580176 0.151876 0.396758 113 99 55
0.598058 0.191568 0.389961 60 91 58
0.461605 -0.136914 0.442576 108 101 100
0.568794 0.127669 0.397927 180 141 95
0.575348 0.153304 0.388460 117 105 60
0.526630 0.281517 0.265717 60 71 17
0.522882 0.276767 0.262769 74 86 0
0.391041 -0.040143 0.313387 165 157 151
0.512219 0.277771 0.251239 58 73 30
0.510044 0.275521 0.250051 54 64 23
0.511467 0.278124 0.250848 56 69 30
0.353320 -0.101541 0.309634 142 123 98
0.357517 -0.097238 0.311058 143 121 92
0.370155 -0.057326 0.303498 128 117 99
0.506537 0.274773 0.246507 41 53 0
0.508291 0.278201 0.247801 65 73 41
0.349551 -0.105509 0.310044 147 125 98
0.350656 -0.102209 0.309181 136 118 91
0.355805 -0.088406 0.305717 151 131 117
0.357722 -0.083512 0.305916 134 117 95
0.360285 -0.076670 0.304880 130 112 89
0.361551 -0.075620 0.303234 130 114 92
0.363316 -0.070459 0.302670 128 109 84
0.366815 -0.060600 0.300367 120 99 74
0.369788 -0.058697 0.302270 110 92 70
0.370461 -0.054542 0.301361 111 96 76
0.371923 -0.051251 0.298275 94 86 80
0.372013 -0.047371 0.299479 109 103 91
0.373385 -0.044870 0.297968 129 136 135
0.374868 -0.040901 0.297136 150 170 178
0.376894 -0.037938 0.295956 158 184 193
0.377944 -0.032981 0.295681 171 191 200
0.379169 -0.032335 0.294922 161 183 193
0.492106 0.244198 0.247738 58 68 62
0.491903 0.244872 0.248005 50 62 56
0.494935 0.255422 0.248763 38 41 5
0.345924 -0.108453 0.309307 146 131 105
0.349180 -0.103535 0.307179 140 122 93
0.353335 -0.093872 0.305218 113 93 67
0.353168 -0.089688 0.304513 128 121 96
0.355583 -0.083033 0.304499 151 120 64
0.357148 -0.081072 0.302848 160 139 150
0.359351 -0.078509 0.302237 115 97 87
0.360732 -0.074009 0.302120 133 110 88
0.359774 -0.071392 0.299504 133 120 102
0.362331 -0.067754 0.301057 142 127 107
0.364553 -0.063674 0.300873 128 107 84
0.365869 -0.060364 0.299421 131 110 86
0.366663 -0.057539 0.298842 123 105 83
0.367150 -0.053752 0.298408 116 99 78
0.371030 -0.049785 0.297549 56 38 23
0.371033 -0.047570 0.296359 88 73 62
0.372271 -0.044129 0.296150 92 84 79
0.372800 -0.040588 0.295888 74 67 65
0.374802 -0.037096 0.295861 139 157 162
0.375751 -0.033770 0.294984 146 167 175
0.377511 -0.031055 0.293855 150 186 196
0.378151 -0.026900 0.292930 157 182 195
0.379023 -0.023742 0.292910 163 192 201
0.380596 -0.019927 0.290801 157 203 199
0.383229 -0.015847 0.290805 160 183 195
0.382855 -0.013576 0.292080 166 187 196
0.386464 -0.007070 0.288163 160 183 195
0.440548 0.126711 0.265779 0 40 44
0.490006 0.243460 0.245927 106 113 106
0.491465 0.245649 0.247034 56 66 56
0.491779 0.249690 0.246245 34 45 31
0.359702 -0.069333 0.297878 137 109 86
0.367147 -0.050041 0.295828 132 118 96
0.368748 -0.047162 0.294774 122 98 71
0.369961 -0.044150 0.294708 118 113 92
0.371244 -0.040310 0.292851 140 138 117
0.372345 -0.037066 0.292456 115 106 88
0.373450 -0.032959 0.290794 172 135 109
0.374004 -0.030542 0.291200 127 115 88
0.376353 -0.026433 0.289675 212 232 211
0.378672 -0.022704 0.290729 154 161 123
0.379193 -0.019897 0.290238 147 174 186
0.380540 -0.016764 0.290213 213 217 227
0.381891 -0.013646 0.289409 160 177 189
0.382732 -0.008803 0.286016 148 172 205
0.383863 -0.007805 0.285848 146 168 145
0.389513 0.003846 0.284736 157 183 194
0.433587 0.116866 0.265223 0 18 31
0.435980 0.120801 0.265917 23 36 38
0.437322 0.123986 0.265370 18 36 37
0.438932 0.127212 0.264610 13 32 38
0.441063 0.128094 0.264187 41 46 51
0.483399 0.238537 0.244974 125 136 133
0.488307 0.244080 0.243701 110 110 101
0.489473 0.247090 0.243402 61 63 57
0.488997 0.250095 0.243896 40 49 41
0.490323 0.252499 0.244721 38 46 36
0.373268 -0.032462 0.289192 170 173 158
0.374296 -0.024981 0.288775 159 155 85
0.373874 -0.024332 0.285994 165 174 160
0.376862 -0.021604 0.285735 120 176 179
0.378310 -0.017053 0.286397 205 196 175
0.377527 -0.013015 0.285022 168 192 205
0.381477 -0.006829 0.284314 175 197 195
0.385374 0.004159 0.281595 170 174 174
0.430553 0.114334 0.264326 0 7 12
0.432044 0.117594 0.263466 0 21 27
0.433656 0.120635 0.263601 6 18 21
0.434476 0.123912 0.261599 0 7 8
0.437100 0.126371 0.262048 6 3 26
0.445671 0.151461 0.257685 145 140 143
0.485393 0.244335 0.241010 98 96 86
0.487102 0.248279 0.239980 110 115 104
0.487159 0.250035 0.240009 91 99 92
0.370256 -0.028124 0.286708 197 163 104
0.371953 -0.024409 0.284658 192 147 114
0.372464 -0.022713 0.284638 166 165 142
0.372393 -0.020229 0.284724 196 204 175
0.374395 -0.015957 0.283887 194 206 201
0.376652 -0.010962 0.283540 187 204 200
0.378848 -0.009245 0.282157 206 188 177
0.382324 0.000317 0.280325 183 179 165
0.385638 0.011924 0.279257 178 164 156
0.387095 0.015195 0.278518 107 158 170
0.387467 0.018408 0.277905 159 189 206
0.392448 0.019643 0.277310 152 180 197
0.429627 0.114866 0.262528 0 9 30
0.430208 0.117886 0.260835 2 5 11
0.431307 0.120954 0.260173 0 5 5
0.435059 0.124668 0.259964 0 29 28
0.442155 0.146974 0.256130 151 153 160
0.483505 0.245475 0.238283 97 110 105
0.484657 0.247952 0.237457 99 93 79
0.485093 0.250018 0.237735 88 100 92
0.361426 -0.044408 0.284811 191 189 174
0.362607 -0.041656 0.283405 153 195 218
0.365190 -0.037168 0.284805 131 117 100
0.371664 -0.019738 0.281497 140 117 106
0.373505 -0.013820 0.281697 102 150 112
0.375382 -0.012806 0.279594 152 194 182
0.376564 -0.009393 0.280343 148 173 166
0.377813 -0.001914 0.277317 137 171 171
0.389428 0.028406 0.273298 197 170 157
0.422826 0.104693 0.258628 140 167 179
0.425102 0.107995 0.258976 135 157 167
0.425124 0.112119 0.258077 129 146 154
0.426493 0.114533 0.257400 113 124 136
0.428154 0.118875 0.257787 51 59 67
0.429402 0.120935 0.259472 0 0 0
0.432203 0.125838 0.255963 0 19 13
0.446968 0.165439 0.248182 89 79 87
0.448884 0.168798 0.249452 88 88 91
0.449676 0.170720 0.248671 103 103 105
0.452723 0.177699 0.248845 133 129 127
0.482860 0.249411 0.234866 90 95 85
0.483388 0.249906 0.235588 104 114 111
0.358758 -0.047357 0.282582 92 137 191
0.361376 -0.036655 0.283206 167 143 106
0.364942 -0.028676 0.280537 167 184 175
0.375565 -0.008854 0.277398 175 186 182
0.377234 -0.001232 0.277371 160 196 166
0.396418 0.050217 0.266455 108 168 208
0.405084 0.069411 0.265770 144 173 182
0.421721 0.107604 0.258665 121 163 170
0.423294 0.111950 0.257587 157 171 158
0.424397 0.115502 0.255936 115 113 131
0.429078 0.129176 0.254880 50 70 73
0.431791 0.130209 0.252678 8 11 18
0.436135 0.140196 0.251945 131 155 162
0.445203 0.165303 0.246643 154 164 171
0.446493 0.169140 0.246985 116 114 122
0.446527 0.172651 0.246461 124 139 151
0.448149 0.176774 0.246504 111 141 142
0.448314 0.178469 0.245810 120 153 169
0.451332 0.182887 0.244682 25 27 36
0.452916 0.185418 0.244144 6 7 29
0.454828 0.188556 0.242586 37 41 65
0.454708 0.194810 0.243263 62 76 91
0.454871 0.195509 0.242841 62 70 86
0.457723 0.199148 0.241453 94 107 117
0.459516 0.201397 0.240304 124 136 136
0.366177 -0.023756 0.276824 146 167 178
0.395690 0.050881 0.266043 186 170 160
0.399944 0.058653 0.263755 134 182 203
0.419378 0.106030 0.254003 155 165 175
0.419163 0.108801 0.253149 168 172 174
0.420008 0.111722 0.255960 138 163 198
0.423862 0.116161 0.252270 134 151 171
0.429421 0.131598 0.251358 77 79 78
0.444084 0.168794 0.244894 151 169 176
0.444773 0.172040 0.243631 146 146 156
0.445801 0.175586 0.243302 139 154 164
0.450416 0.183162 0.241805 49 39 51
0.449858 0.185042 0.242234 0 0 0
0.453539 0.196691 0.238279 38 42 49
0.456199 0.199218 0.239174 71 85 98
0.455477 0.202032 0.237980 72 89 102
0.458106 0.207504 0.238892 147 170 179
0.463566 0.222818 0.235298 161 185 195
0.485606 0.269751 0.228062 8 8 1
0.417305 0.112422 0.251211 171 183 192
0.421757 0.117336 0.250005 132 193 203
0.420299 0.119118 0.249428 114 114 144
0.438668 0.160863 0.241147 159 172 178
0.440878 0.171390 0.242041 116 98 71
0.446299 0.186460 0.239347 34 44 54
0.451901 0.191077 0.237184 52 29 40
0.452754 0.198072 0.235616 25 29 35
0.453865 0.200560 0.238134 84 111 134
0.453307 0.204351 0.235630 107 134 143
0.461414 0.218162 0.234671 153 178 187
0.466326 0.229950 0.230813 147 165 175
0.467072 0.232382 0.231592 149 168 175
0.469287 0.238572 0.227393 144 164 175
0.476531 0.256481 0.225994 62 76 78
0.480457 0.263055 0.224306 56 69 66
0.420190 0.121154 0.247901 110 85 66
0.433331 0.156679 0.242549 149 168 169
0.439751 0.170371 0.238597 178 182 181
0.440789 0.177833 0.237259 237 200 206
0.445882 0.187183 0.235848 11 15 24
0.461751 0.227777 0.228516 137 175 188
0.463850 0.229958 0.229365 138 173 183
0.466288 0.232876 0.227318 145 175 188
0.466539 0.235550 0.226793 125 183 206
0.467434 0.240033 0.227511 141 164 179
0.468903 0.243558 0.226952 118 128 129
0.474909 0.257793 0.221764 66 85 89
0.387988 0.052555 0.256050 137 145 153
0.390835 0.056462 0.253722 220 167 189
0.424928 0.141386 0.242767 216 149 148
0.438667 0.171952 0.236422 172 176 208
0.460935 0.228977 0.226543 135 180 197
0.465697 0.240132 0.224670 168 170 179
0.473258 0.261740 0.222319 70 92 100
0.472391 0.259469 0.218602 52 142 177
0.417973 0.141403 0.235672 206 214 208
0.404371 0.124831 0.229393 153 164 170
0.451208 0.247659 0.208226 186 157 129
0.559893 -0.033080 0.480422 98 105 89
0.558456 -0.035436 0.478846 105 116 105
0.533696 -0.084983 0.481199 111 120 108
0.548004 -0.048432 0.475757 125 136 123
0.617936 0.135617 0.438347 114 146 156
0.610186 0.123036 0.438027 176 160 108
0.612733 0.132410 0.437143 97 88 77
0.609875 0.131353 0.433426 86 71 62
0.610062 0.132142 0.434093 104 85 81
0.603715 0.125052 0.433078 134 105 101
0.609499 0.132634 0.432549 79 78 63
0.603603 0.125455 0.431773 136 103 86
0.606737 0.133996 0.428751 86 85 85
0.616472 0.215589 0.392345 85 78 72
0.543235 0.046625 0.416406 97 122 128
0.542978 0.046731 0.414901 92 119 125
0.464736 -0.138306 0.440410 101 101 95
0.465675 -0.134503 0.441620 111 107 94
0.469884 -0.125914 0.439100 96 105 93
0.568908 0.119522 0.400285 143 118 75
0.581668 0.148239 0.394052 133 104 38
0.599892 0.189934 0.387968 95 94 89
0.471035 -0.120042 0.437160 107 115 115
0.580790 0.147164 0.391165 121 93 40
0.537212 0.058332 0.398917 66 97 106
0.562365 0.127169 0.387948 95 82 57
0.569217 0.143539 0.386147 139 109 78
0.539071 0.102449 0.375690 182 63 50
0.532480 0.273014 0.266783 41 54 0
0.528821 0.274830 0.261298 42 55 0
0.524676 0.276528 0.259614 74 88 0
0.524546 0.277754 0.257111 69 78 0
0.356388 -0.103288 0.310982 143 121 90
0.512811 0.277295 0.247838 56 69 30
0.348986 -0.122264 0.311146 139 117 84
0.349299 -0.119371 0.310478 139 117 91
0.352401 -0.111646 0.311562 142 122 94
0.352839 -0.109551 0.311506 141 121 93
0.356993 -0.095854 0.307571 141 118 89
0.361716 -0.088468 0.306272 136 117 95
0.368995 -0.072257 0.302697 109 95 75
0.370052 -0.068375 0.301988 109 98 80
0.369152 -0.066248 0.302978 111 98 76
0.370024 -0.064035 0.302454 113 104 86
0.379634 -0.039554 0.298324 159 192 196
0.494854 0.236953 0.250713 108 119 123
0.509233 0.273238 0.247327 47 60 15
0.349552 -0.115938 0.308650 132 116 86
0.352443 -0.102293 0.306343 143 126 94
0.356091 -0.095747 0.305067 140 116 87
0.356381 -0.092992 0.304332 126 110 88
0.359919 -0.089884 0.305033 136 120 99
0.361202 -0.082989 0.303385 138 118 99
0.362991 -0.079341 0.302141 131 112 84
0.364119 -0.074340 0.301104 125 103 86
0.365410 -0.073440 0.303602 109 94 54
0.365742 -0.070560 0.299298 128 89 52
0.367289 -0.065060 0.299081 105 83 58
0.370963 -0.063000 0.299675 98 82 65
0.371870 -0.059296 0.298278 100 93 84
0.372210 -0.055894 0.297701 111 111 106
0.373023 -0.052442 0.297247 135 138 139
0.374953 -0.049154 0.296314 152 170 177
0.375907 -0.045721 0.295839 159 181 193
0.376941 -0.042483 0.295139 167 190 200
0.377861 -0.040136 0.294969 167 185 189
0.493700 0.238548 0.249056 120 130 121
0.493865 0.242383 0.246546 91 101 94
0.493408 0.245659 0.246753 60 95 104
0.495660 0.248158 0.246638 52 58 50
0.495945 0.250555 0.246526 40 43 37
0.508161 0.276016 0.243015 50 59 13
0.355989 -0.089493 0.301227 146 123 98
0.358342 -0.084841 0.301383 130 114 102
0.359210 -0.080247 0.300656 145 129 118
0.360770 -0.078744 0.298768 113 92 57
0.362677 -0.075409 0.299343 135 120 99
0.363918 -0.072059 0.298774 125 112 89
0.365876 -0.069606 0.298396 124 103 82
0.366455 -0.064971 0.297702 119 102 80
0.368126 -0.063181 0.297438 106 82 61
0.368968 -0.059036 0.296528 79 52 36
0.371384 -0.055933 0.295342 41 28 24
0.371880 -0.052434 0.296053 56 43 44
0.372474 -0.048597 0.295031 62 55 52
0.374447 -0.045261 0.293875 100 108 105
0.375348 -0.041373 0.294360 140 165 173
0.376778 -0.038903 0.293027 143 174 185
0.377454 -0.034520 0.292335 188 191 209
0.377705 -0.032507 0.292154 184 176 171
0.380135 -0.028127 0.291346 165 185 193
0.382000 -0.023785 0.290447 166 184 192
0.381039 -0.022771 0.290137 159 181 192
0.492292 0.242152 0.245608 105 112 103
0.492620 0.245233 0.245456 78 95 102
0.493858 0.247644 0.242095 141 163 161
0.359387 -0.078675 0.297089 129 119 82
0.361667 -0.070647 0.297440 126 120 104
0.363709 -0.068172 0.293817 141 155 167
0.364431 -0.063074 0.296083 142 123 109
0.368009 -0.057229 0.292478 147 127 148
0.368172 -0.055373 0.293372 134 128 123
0.369573 -0.051177 0.292518 88 69 50
0.371667 -0.047856 0.291865 136 143 121
0.372213 -0.044689 0.292494 133 131 112
0.372856 -0.042609 0.290481 148 138 112
0.373401 -0.038807 0.290037 123 132 102
0.375416 -0.034962 0.288993 140 131 137
0.376431 -0.030817 0.289346 171 194 211
0.380873 -0.023149 0.288529 166 187 201
0.381500 -0.017275 0.286091 160 183 191
0.385558 -0.013390 0.284534 160 191 199
0.390583 -0.000550 0.283767 163 187 205
0.400026 0.025214 0.281115 149 180 196
0.437348 0.115693 0.263545 0 15 20
0.440104 0.123350 0.261325 29 29 33
0.441072 0.125768 0.261641 16 26 30
0.443318 0.127421 0.262796 23 29 31
0.484368 0.233080 0.243260 90 105 106
0.488617 0.239561 0.243017 117 116 108
0.489573 0.243088 0.242662 108 112 105
0.490428 0.246097 0.241657 102 115 117
0.491722 0.248283 0.241428 120 135 135
0.360201 -0.068069 0.294076 131 112 84
0.371527 -0.044461 0.288246 144 152 115
0.371332 -0.042739 0.288789 177 176 167
0.373423 -0.036399 0.287368 173 208 195
0.373735 -0.033263 0.285060 187 168 135
0.375590 -0.031146 0.285102 173 171 164
0.378225 -0.017931 0.283579 186 211 182
0.382388 -0.007699 0.282255 152 195 229
0.385060 -0.003723 0.281219 147 191 212
0.389336 -0.000122 0.281300 169 182 189
0.390412 0.001352 0.280202 163 178 190
0.433752 0.113281 0.261400 0 23 27
0.436250 0.119617 0.260717 17 19 29
0.437133 0.122638 0.260413 0 5 8
0.439205 0.125829 0.259786 7 16 19
0.439786 0.128152 0.260642 0 56 48
0.454724 0.162198 0.251258 162 170 175
0.457156 0.167208 0.251130 110 105 106
0.459383 0.174496 0.251579 137 136 139
0.487489 0.243513 0.239489 117 123 117
0.487826 0.246138 0.239452 115 121 118
0.487824 0.249237 0.239150 96 109 111
0.496206 0.266637 0.235070 0 14 0
0.497315 0.273003 0.234665 37 31 0
0.372431 -0.032841 0.284179 181 156 137
0.373784 -0.030526 0.284818 215 215 200
0.378405 -0.018111 0.280760 149 157 149
0.390274 0.014213 0.275332 201 180 217
0.399988 0.033315 0.271102 149 174 200
0.428449 0.106541 0.259873 125 143 150
0.432715 0.113639 0.259927 0 18 22
0.433335 0.117070 0.258469 5 5 18
0.433609 0.119169 0.257522 0 0 0
0.436097 0.124474 0.257945 0 27 19
0.436078 0.126430 0.255144 29 41 4
0.454190 0.171832 0.248812 122 123 124
0.460519 0.186289 0.246684 116 120 121
0.484979 0.243733 0.237108 110 116 109
0.485508 0.247113 0.236462 108 116 108
0.486141 0.249407 0.235957 119 142 138
0.357479 -0.059268 0.285087 204 185 158
0.366510 -0.035963 0.281967 139 128 102
0.368364 -0.032607 0.280220 197 167 140
0.372445 -0.026457 0.280697 175 183 169
0.374925 -0.020417 0.279933 136 128 102
0.376469 -0.016933 0.277793 176 163 157
0.378272 -0.012735 0.277429 161 173 164
0.381662 -0.000556 0.274172 205 193 170
0.385922 0.006612 0.275294 158 178 180
0.386807 0.009373 0.276053 160 168 177
0.387817 0.014330 0.274292 91 132 131
0.391020 0.020717 0.271941 199 194 163
0.395651 0.032693 0.268144 211 196 204
0.426270 0.105201 0.256539 152 177 190
0.427414 0.111487 0.255952 140 151 158
0.428134 0.113314 0.255613 110 119 129
0.430602 0.117033 0.255831 33 33 40
0.432461 0.119105 0.255196 13 21 21
0.449759 0.164484 0.247658 79 50 52
0.452064 0.170863 0.247054 128 130 134
0.454523 0.176446 0.244418 122 113 108
0.455432 0.179750 0.245020 109 109 109
0.459168 0.181812 0.244590 118 119 114
0.461927 0.197922 0.241521 136 150 152
0.463478 0.199683 0.241115 124 141 142
0.483347 0.244451 0.233775 99 102 95
0.483380 0.247786 0.233099 102 113 105
0.484812 0.249685 0.233752 115 137 128
0.374050 -0.012660 0.274011 158 186 152
0.381575 0.003154 0.273217 171 161 172
0.382287 0.009801 0.270593 172 204 177
0.386651 0.021349 0.269186 95 132 159
0.394748 0.041376 0.265369 169 165 155
0.398512 0.043414 0.263520 137 172 189
0.399528 0.047264 0.265624 143 174 187
0.403697 0.057049 0.264681 133 178 215
0.420082 0.102398 0.256029 159 177 188
0.425222 0.106269 0.255287 152 190 216
0.425574 0.110238 0.254178 153 170 178
0.426748 0.115378 0.253767 149 172 193
0.428638 0.115965 0.252780 134 146 162
0.443557 0.152337 0.246369 155 166 176
0.445654 0.158682 0.244110 158 177 180
0.446602 0.163972 0.245215 153 159 166
0.447793 0.167689 0.243773 97 74 79
0.450886 0.169520 0.243471 81 59 62
0.451654 0.172630 0.243427 76 74 80
0.452500 0.177556 0.244155 99 93 98
0.453749 0.179630 0.244071 108 113 124
0.454892 0.185617 0.241493 63 72 76
0.454622 0.187276 0.241477 0 0 9
0.458812 0.192082 0.238372 0 0 8
0.459456 0.194599 0.239655 40 43 59
0.460494 0.197380 0.239694 76 82 91
0.462973 0.201840 0.238702 121 140 140
0.461535 0.203027 0.237422 132 160 170
0.482019 0.247650 0.231141 92 99 92
0.360907 -0.043252 0.277945 225 178 140
0.386331 0.026618 0.265161 218 188 178
0.389359 0.028213 0.264489 184 169 134
0.389353 0.030857 0.266571 182 171 176
0.394030 0.044460 0.263621 180 188 167
0.422350 0.108666 0.252351 173 180 191
0.422933 0.111883 0.251477 135 168 180
0.432608 0.137642 0.247820 122 128 138
0.443120 0.157975 0.242128 159 175 182
0.443288 0.160745 0.242917 167 176 181
0.445060 0.164039 0.243696 161 173 177
0.447012 0.168211 0.240918 69 45 48
0.447603 0.172184 0.240920 109 129 138
0.448275 0.174770 0.241648 157 177 186
0.451407 0.178499 0.240068 74 59 56
0.452421 0.183742 0.238547 70 63 61
0.456376 0.191715 0.239005 0 0 13
0.457910 0.195006 0.237613 0 0 16
0.458205 0.197797 0.237170 18 19 32
0.460885 0.201648 0.237185 108 117 118
0.460228 0.204339 0.237532 157 169 174
0.479136 0.244794 0.228805 104 117 115
0.377504 0.007459 0.265123 141 156 158
0.393621 0.051027 0.259207 113 119 112
0.404907 0.070472 0.255027 162 178 190
0.413083 0.093228 0.250943 147 163 171
0.419261 0.108384 0.246859 143 191 214
0.437200 0.154528 0.242259 135 182 194
0.440162 0.159153 0.240513 149 163 170
0.439978 0.160372 0.239774 163 168 170
0.445119 0.169550 0.237452 70 23 50
0.450912 0.191331 0.235045 119 144 149
0.459665 0.211126 0.230720 126 142 147
0.463081 0.219844 0.230063 147 171 177
0.467384 0.226586 0.227540 146 164 172
0.469777 0.229858 0.229228 141 159 165
0.470189 0.236233 0.226215 174 150 170
0.470807 0.239378 0.227320 119 141 156
0.478663 0.256021 0.224584 56 72 76
0.389705 0.039824 0.258742 202 199 174
0.417312 0.110064 0.244881 111 159 177
0.418857 0.114900 0.245476 94 148 170
0.434917 0.155310 0.238393 130 166 181
0.438076 0.158783 0.237590 133 170 180
0.461746 0.221099 0.226772 145 168 174
0.463906 0.228160 0.226631 142 181 202
0.466655 0.228625 0.226913 150 178 185
0.468623 0.234803 0.224961 136 161 169
0.471284 0.239018 0.225438 155 172 195
0.470496 0.241941 0.225667 137 130 108
0.474586 0.252575 0.220591 67 95 103
0.363209 -0.020602 0.265924 129 128 104
0.399927 0.067542 0.250998 97 130 134
0.438900 0.168655 0.235392 194 223 212
0.459248 0.213814 0.225710 74 103 110
0.459177 0.219512 0.224735 96 125 152
0.466461 0.232260 0.222964 170 180 238
0.460232 0.228326 0.223374 91 187 227
0.463139 0.234218 0.219489 143 165 177
0.465818 0.240693 0.219278 136 177 199
0.387827 0.061840 0.244278 104 137 114
0.371683 0.032608 0.243699 173 219 225
0.531864 -0.085989 0.476793 115 120 109
0.614345 0.126738 0.432730 117 115 109
0.615825 0.130465 0.435137 173 161 173
0.613047 0.129388 0.431880 94 93 82
0.613488 0.131060 0.431561 120 97 89
0.615605 0.134349 0.432550 214 166 113
0.609303 0.132087 0.429037 70 91 88
0.611758 0.165717 0.407275 100 112 106
0.618574 0.204591 0.396002 61 67 68
0.614467 0.199388 0.392311 77 76 71
0.550077 0.043768 0.414947 87 129 166
0.617462 0.204530 0.389804 81 71 67
0.616400 0.206866 0.390413 89 79 69
0.545983 0.044172 0.413944 95 141 178
0.575966 0.112503 0.403014 100 96 78
0.551355 0.059588 0.409845 85 95 74
0.551504 0.059937 0.410077 67 80 55
0.465049 -0.138909 0.440201 100 100 95
0.543422 0.047868 0.409067 111 94 63
0.462398 -0.139375 0.438250 90 97 105
0.464420 -0.139223 0.439578 94 94 84
0.467249 -0.136075 0.436422 115 100 73
0.467398 -0.131743 0.435825 107 109 91
0.568886 0.116539 0.396380 123 95 32
0.466299 -0.132490 0.433302 117 114 94
0.580885 0.152212 0.383251 117 95 61
0.565696 0.121582 0.388119 103 81 40
0.458885 -0.134420 0.431134 70 107 134
0.560572 0.133225 0.378229 127 114 77
0.561091 0.132476 0.376461 120 107 78
0.540681 0.095879 0.375282 203 105 63
0.539209 0.100133 0.371324 152 94 43
0.529645 0.275781 0.257951 41 53 0
0.366761 -0.090241 0.304551 125 109 84
0.511912 0.265013 0.247580 31 45 0
0.514438 0.272688 0.245595 36 45 0
0.362547 -0.092023 0.306293 134 109 88
0.369817 -0.079686 0.302429 123 110 89
0.371113 -0.071819 0.299689 106 99 85
0.378240 -0.057526 0.297781 161 179 191
0.352622 -0.113653 0.306364 140 122 98
0.354764 -0.104631 0.304708 153 126 96
0.357841 -0.099929 0.304073 140 123 99
0.359601 -0.098156 0.302243 141 122 97
0.362262 -0.087083 0.300058 140 122 99
0.364438 -0.085054 0.299604 125 107 82
0.364907 -0.081181 0.299307 131 104 77
0.366460 -0.077747 0.298021 119 100 79
0.368379 -0.073643 0.296949 105 82 58
0.371584 -0.067821 0.297295 94 86 78
0.372102 -0.063759 0.296881 111 111 109
0.373169 -0.060728 0.296523 141 148 150
0.374459 -0.057586 0.295294 148 172 181
0.375615 -0.053773 0.294823 152 177 186
0.376800 -0.050615 0.294386 163 188 200
0.378882 -0.042996 0.293429 167 190 199
0.494582 0.237854 0.245741 128 137 128
0.496779 0.239439 0.245200 129 146 149
0.498354 0.242014 0.244903 139 145 138
0.510225 0.271931 0.241110 47 58 0
0.358414 -0.091877 0.301290 128 117 97
0.359025 -0.090481 0.298521 131 119 91
0.361468 -0.086071 0.298685 136 118 90
0.362118 -0.084229 0.298977 141 140 130
0.364412 -0.077190 0.296822 118 98 78
0.365999 -0.073217 0.296727 125 104 80
0.367317 -0.070130 0.295276 123 103 77
0.368180 -0.066432 0.294805 152 126 105
0.370032 -0.063246 0.295531 71 42 12
0.371284 -0.059870 0.293871 96 80 61
0.372910 -0.057227 0.293056 103 103 101
0.373409 -0.053681 0.293260 113 111 93
0.375981 -0.050348 0.293470 144 176 182
0.377611 -0.047013 0.292204 162 192 208
0.377884 -0.043658 0.292106 146 194 189
0.378603 -0.040176 0.290453 161 182 196
0.379689 -0.037870 0.290263 157 181 180
0.492157 0.234512 0.243661 113 122 117
0.493554 0.238557 0.243945 118 126 119
0.494057 0.240570 0.243690 112 129 133
0.494345 0.243926 0.242491 110 140 144
0.495762 0.247380 0.242206 116 154 164
0.499944 0.254894 0.239435 37 51 45
0.504538 0.265363 0.237297 12 14 0
0.505520 0.270172 0.238101 30 38 0
0.350460 -0.106805 0.300412 147 119 86
0.354362 -0.095370 0.299082 181 146 120
0.357986 -0.087261 0.295876 176 146 121
0.359145 -0.082942 0.294026 228 236 237
0.360343 -0.079436 0.295140 88 84 106
0.362358 -0.073429 0.294772 106 139 61
0.367792 -0.066889 0.292132 221 227 235
0.368984 -0.063096 0.291464 123 102 90
0.368932 -0.059933 0.291751 128 98 51
0.370859 -0.055801 0.291645 136 125 76
0.372325 -0.053605 0.290261 122 108 82
0.373189 -0.048390 0.289627 164 176 133
0.375145 -0.048477 0.288581 114 149 159
0.377421 -0.044102 0.288986 128 161 174
0.376330 -0.039612 0.286758 147 168 170
0.384806 -0.023278 0.286380 168 187 195
0.395103 -0.001032 0.281291 156 187 202
0.399715 0.016973 0.276621 151 184 207
0.439361 0.115868 0.262636 0 28 31
0.443410 0.124788 0.259179 29 40 43
0.444747 0.127005 0.259937 11 26 31
0.459401 0.162651 0.252678 136 144 148
0.463860 0.174710 0.249995 116 116 116
0.481925 0.220679 0.242525 89 98 93
0.486778 0.228171 0.240368 118 124 128
0.491723 0.241590 0.239786 82 99 103
0.492574 0.244508 0.239645 127 141 149
0.370958 -0.051918 0.287219 180 126 99
0.371611 -0.048296 0.285958 170 169 135
0.374018 -0.043323 0.286534 177 200 195
0.376104 -0.036347 0.284402 161 169 156
0.377446 -0.029899 0.282913 154 170 181
0.383113 -0.014152 0.280811 152 176 184
0.435965 0.112845 0.259007 11 26 30
0.436161 0.115523 0.258143 0 51 51
0.437991 0.117768 0.257545 21 31 34
0.441928 0.124234 0.257750 30 38 41
0.460200 0.172299 0.249104 124 122 122
0.489214 0.241016 0.238695 117 118 115
0.490762 0.245464 0.238213 121 154 149
0.489812 0.247377 0.237029 119 152 168
0.500121 0.263273 0.234293 0 34 0
0.371460 -0.041677 0.283622 188 211 180
0.372231 -0.038783 0.284579 134 168 178
0.374731 -0.036754 0.281821 168 178 166
0.376497 -0.033789 0.281253 144 168 168
0.376262 -0.030259 0.279182 233 223 255
0.378127 -0.025827 0.279886 151 171 185
0.378823 -0.023833 0.277540 162 153 134
0.383278 -0.010013 0.277377 162 185 191
0.384396 -0.009122 0.278506 168 182 184
0.413680 0.058643 0.265824 139 169 181
0.430995 0.106140 0.256213 130 153 158
0.431915 0.108686 0.256034 111 129 142
0.433920 0.112206 0.258202 0 38 40
0.435044 0.114571 0.256029 5 9 34
0.436975 0.117093 0.255455 0 0 0
0.439399 0.125056 0.255102 9 15 3
0.459669 0.172521 0.245978 142 141 134
0.485786 0.239417 0.236295 112 115 111
0.487570 0.245799 0.233947 115 129 128
0.488634 0.248630 0.233449 119 135 131
0.362289 -0.057531 0.283825 232 208 188
0.376669 -0.021523 0.274707 157 144 134
0.379673 -0.015632 0.277025 163 161 145
0.379977 -0.010524 0.273897 164 182 171
0.384538 -0.006804 0.273699 171 181 168
0.385233 0.003582 0.273050 144 173 174
0.389245 0.009542 0.272147 206 181 153
0.393144 0.020333 0.268908 165 192 212
0.395231 0.022060 0.269798 179 179 190
0.399908 0.035128 0.267443 163 199 207
0.428913 0.104821 0.253957 152 169 177
0.429680 0.109492 0.253611 128 148 161
0.430918 0.111828 0.252888 130 135 142
0.433227 0.115478 0.254114 30 30 43
0.434686 0.118082 0.253960 0 0 0
0.450063 0.158440 0.244005 150 158 165
0.452342 0.164435 0.244960 110 85 83
0.452331 0.168587 0.244513 85 54 57
0.456587 0.177069 0.242996 122 116 115
0.462448 0.189938 0.239887 109 111 110
0.473946 0.215202 0.235332 122 138 141
0.483345 0.242631 0.230754 101 109 106
0.486132 0.245702 0.230669 106 124 115
0.358854 -0.059346 0.281463 184 176 157
0.367529 -0.040659 0.276212 208 217 226
0.369407 -0.034899 0.275944 127 125 101
0.379352 -0.008073 0.273071 173 180 187
0.389823 0.015023 0.268299 187 175 180
0.393667 0.023208 0.265409 165 174 175
0.411774 0.068922 0.260146 143 173 188
0.427037 0.105855 0.252139 133 157 164
0.428003 0.108151 0.252335 140 170 187
0.428878 0.113291 0.251762 104 112 115
0.431317 0.115613 0.251855 131 128 145
0.448147 0.158920 0.242600 148 164 171
0.450585 0.165313 0.242414 85 71 77
0.453300 0.169930 0.241283 90 63 64
0.452636 0.171975 0.242416 76 90 83
0.454774 0.175032 0.238638 74 65 64
0.456749 0.179557 0.240354 147 136 139
0.457549 0.182876 0.238661 121 113 120
0.459053 0.187703 0.239897 97 102 105
0.460031 0.189780 0.238181 32 33 33
0.460128 0.191870 0.238890 0 0 0
0.464177 0.196795 0.236945 128 145 153
0.464583 0.198468 0.237205 128 144 151
0.480872 0.237392 0.229439 99 114 116
0.482544 0.239653 0.228620 96 101 92
0.482965 0.243316 0.228976 105 122 120
0.482974 0.245827 0.229009 100 119 115
0.367634 -0.025619 0.271938 181 231 245
0.382071 0.005095 0.268385 151 175 178
0.390419 0.021174 0.263956 120 143 150
0.401704 0.052243 0.258229 170 186 197
0.406104 0.062271 0.256786 169 192 205
0.424619 0.106611 0.249728 139 165 175
0.425560 0.112300 0.249036 116 138 160
0.438775 0.143695 0.244238 138 167 179
0.444628 0.159079 0.242245 153 179 185
0.454433 0.179481 0.236798 77 76 80
0.459936 0.195185 0.236526 0 0 11
0.462783 0.201586 0.234811 60 75 84
0.475299 0.234088 0.228597 88 100 106
0.479436 0.241059 0.226169 98 110 110
0.479189 0.243437 0.226691 73 83 82
0.480847 0.245618 0.224966 127 149 147
0.354557 -0.058884 0.275293 190 145 111
0.372848 -0.007803 0.265579 139 132 114
0.381687 0.006806 0.262926 152 151 144
0.405012 0.062400 0.255196 126 181 216
0.421536 0.104463 0.248102 157 171 178
0.422082 0.105883 0.245946 160 178 173
0.423263 0.113930 0.246452 110 145 151
0.441944 0.154999 0.237980 139 159 168
0.441775 0.157072 0.240248 134 156 166
0.441924 0.162074 0.237101 152 155 141
0.449626 0.173620 0.237068 84 83 87
0.454921 0.188975 0.233599 52 55 60
0.466817 0.217965 0.227095 138 166 178
0.467985 0.219132 0.226663 150 173 182
0.469729 0.221960 0.227432 132 158 165
0.471952 0.228415 0.227698 148 164 167
0.472374 0.234442 0.224044 112 159 170
0.473397 0.237349 0.224448 114 133 139
0.482788 0.256527 0.219781 55 69 70
0.371276 -0.011164 0.263650 193 183 162
0.396398 0.048460 0.254781 182 187 172
0.405606 0.074660 0.251399 129 168 187
0.421733 0.110932 0.243313 197 245 255
0.465041 0.218168 0.223093 73 129 155
0.466339 0.220602 0.226025 161 215 218
0.465995 0.225770 0.223818 140 178 199
0.469898 0.231602 0.221845 152 130 129
0.470306 0.234251 0.224202 131 141 173
0.390648 0.041351 0.251639 255 207 149
0.430251 0.142243 0.236874 185 180 177
0.461102 0.215459 0.224443 88 119 124
0.468991 0.238926 0.219844 163 233 255
0.370834 -0.002708 0.257659 207 182 161
0.419448 0.118652 0.237124 157 179 198
0.434023 0.154974 0.229837 116 144 152
0.468588 0.240221 0.213821 156 221 245
0.391539 0.071796 0.238886 255 225 226
0.404679 0.106073 0.232617 92 156 204
0.464509 0.251341 0.205972 163 179 170
0.567853 -0.033207 0.476562 110 135 118
0.559041 -0.044118 0.475312 108 127 122
0.618902 0.130871 0.434462 189 191 177
0.619205 0.130658 0.433627 183 182 173
0.615080 0.128488 0.431405 90 87 84
0.617223 0.134217 0.428258 114 69 71
0.614694 0.157225 0.410729 95 105 129
0.495236 -0.127436 0.456855 114 133 135
0.612688 0.166137 0.403071 95 91 81
0.614986 0.180260 0.400058 102 89 107
0.622652 0.195236 0.394759 63 71 75
0.617336 0.193709 0.391887 57 64 68
0.551904 0.043333 0.412436 106 133 142
0.550117 0.046444 0.411303 82 102 113
0.575902 0.103957 0.400300 109 95 55
0.548357 0.046260 0.409814 55 119 152
0.587765 0.138480 0.394194 104 104 90
0.607866 0.191013 0.385282 88 79 75
0.469704 -0.138729 0.436116 122 110 88
0.470303 -0.137343 0.435816 119 106 87
0.472805 -0.132391 0.436930 121 112 96
0.474754 -0.130704 0.434787 123 134 134
0.544254 0.041842 0.407522 74 113 129
0.548151 0.046301 0.405655 100 97 82
0.605604 0.188658 0.381354 83 81 71
0.467450 -0.139334 0.434526 111 107 91
0.473420 -0.128329 0.432802 133 130 116
0.573790 0.126562 0.385976 127 109 91
0.567723 0.114816 0.385362 98 72 10
0.570286 0.124803 0.383232 120 111 91
0.564604 0.118047 0.384349 87 60 12
0.565391 0.128982 0.378982 114 101 54
0.563520 0.120980 0.377621 103 91 38
0.532515 0.068963 0.376322 86 96 106
0.358253 -0.114498 0.305507 133 115 91
0.360573 -0.104217 0.304968 142 121 93
0.365872 -0.094131 0.302144 120 102 75
0.367119 -0.090943 0.302011 107 100 68
0.369860 -0.084929 0.301636 123 109 89
0.370288 -0.081765 0.299852 103 92 74
0.371448 -0.079298 0.298436 111 101 91
0.371411 -0.076374 0.298633 104 96 75
0.372165 -0.072587 0.298209 112 108 97
0.498451 0.234444 0.246898 121 134 137
0.501216 0.240688 0.244285 140 152 157
0.512650 0.266762 0.239921 37 33 0
0.512363 0.271128 0.240239 31 36 0
0.359056 -0.105446 0.299976 152 127 97
0.363192 -0.095064 0.300273 124 109 89
0.364703 -0.091794 0.298457 133 112 87
0.364022 -0.086837 0.298138 139 115 87
0.366365 -0.084918 0.297022 124 103 82
0.367616 -0.081994 0.296586 112 91 67
0.369758 -0.078312 0.296833 94 78 62
0.370984 -0.075250 0.296484 92 82 69
0.371893 -0.071880 0.296443 94 91 85
0.373044 -0.068540 0.295511 121 131 130
0.374561 -0.065348 0.294592 159 177 189
0.375374 -0.061901 0.293241 151 176 186
0.376733 -0.059064 0.292794 160 188 200
0.377916 -0.054392 0.292798 166 186 196
0.381658 -0.048901 0.292146 169 188 198
0.495693 0.226507 0.244312 127 138 129
0.497267 0.235882 0.243897 134 145 141
0.498924 0.240145 0.243930 136 147 149
0.502101 0.245619 0.240632 96 110 105
0.503314 0.249596 0.241144 72 75 75
0.506835 0.261376 0.238177 24 28 0
0.511006 0.266005 0.237935 30 29 0
0.357491 -0.106636 0.299662 144 120 96
0.359606 -0.095732 0.297211 143 126 102
0.362377 -0.091608 0.296679 145 121 91
0.362489 -0.088526 0.296628 130 117 104
0.364633 -0.086632 0.295793 119 106 88
0.366782 -0.081512 0.294062 135 106 99
0.367107 -0.078075 0.294106 129 105 88
0.368429 -0.074347 0.294140 95 65 41
0.369812 -0.071281 0.293286 105 81 60
0.370404 -0.068542 0.292376 106 117 106
0.372688 -0.064888 0.292358 77 64 34
0.372780 -0.061177 0.291771 124 99 77
0.375796 -0.058156 0.291029 146 157 156
0.377536 -0.054328 0.290998 180 189 201
0.378095 -0.050091 0.289749 168 193 205
0.379120 -0.048235 0.289182 166 189 194
0.379306 -0.044710 0.289195 160 185 197
0.381699 -0.042357 0.289323 162 182 191
0.382796 -0.039041 0.287767 156 187 198
0.393419 -0.017945 0.283315 166 188 200
0.462692 0.160008 0.254184 92 93 88
0.492253 0.228876 0.240615 112 127 124
0.495367 0.236973 0.240342 126 132 126
0.495045 0.239001 0.241771 117 133 133
0.498022 0.242475 0.242153 121 138 141
0.500466 0.245774 0.239137 102 111 121
0.500663 0.248403 0.238904 63 48 40
0.508204 0.266138 0.235208 19 23 0
0.360955 -0.088184 0.293867 229 230 248
0.362756 -0.081396 0.291202 176 174 201
0.366157 -0.072496 0.288976 255 214 195
0.369116 -0.067515 0.290261 199 206 199
0.370733 -0.065861 0.289603 162 195 215
0.372547 -0.061739 0.289032 143 180 150
0.372867 -0.057683 0.288320 145 137 124
0.373337 -0.053941 0.287360 153 154 128
0.376814 -0.046294 0.286884 164 164 174
0.376159 -0.043299 0.285823 162 177 159
0.380753 -0.039893 0.284644 166 190 193
0.381032 -0.039305 0.286749 171 189 193
0.386373 -0.020914 0.280699 172 187 207
0.393633 -0.009209 0.278659 165 188 201
0.396592 0.001639 0.277140 161 178 191
0.443936 0.114766 0.257593 0 40 52
0.444108 0.119497 0.257033 39 49 49
0.446079 0.123735 0.256848 42 42 43
0.447576 0.124838 0.256458 23 36 41
0.468063 0.176622 0.246546 120 133 139
0.492930 0.235898 0.238076 107 117 119
0.494373 0.239400 0.238589 101 118 126
0.495929 0.242921 0.238474 154 135 154
0.498370 0.249583 0.236023 112 149 147
0.363595 -0.078733 0.288423 164 147 129
0.364088 -0.069874 0.288919 142 165 185
0.369174 -0.063431 0.286527 216 213 215
0.370329 -0.060072 0.286754 173 174 184
0.370626 -0.058773 0.284143 255 227 255
0.376054 -0.043469 0.281814 167 174 164
0.377824 -0.041781 0.281187 168 188 175
0.379635 -0.032686 0.280472 179 171 167
0.381177 -0.029525 0.281708 181 178 200
0.438762 0.111021 0.255859 27 6 28
0.440260 0.113133 0.255681 2 18 24
0.440492 0.115591 0.256162 16 41 38
0.442836 0.120246 0.254503 8 23 29
0.443860 0.123354 0.255697 19 29 33
0.445745 0.127065 0.255707 0 39 41
0.494679 0.247488 0.232135 186 182 231
0.495885 0.249961 0.233604 160 205 226
0.375554 -0.043848 0.280710 138 161 186
0.376491 -0.039684 0.279104 165 173 166
0.378244 -0.034073 0.278670 170 175 194
0.378018 -0.031735 0.276395 169 157 153
0.390755 0.002210 0.271908 174 191 216
0.397935 0.019197 0.269026 154 180 190
0.402169 0.030311 0.266889 152 180 193
0.407160 0.037917 0.264874 151 177 188
0.410967 0.048342 0.263649 146 177 192
0.437452 0.111137 0.254599 0 0 19
0.437088 0.113943 0.252875 18 33 37
0.439314 0.117730 0.253424 0 9 8
0.441608 0.120377 0.253817 48 37 31
0.440362 0.123784 0.253338 0 0 0
0.456816 0.155652 0.246428 88 72 68
0.457688 0.162885 0.243907 127 133 131
0.468693 0.189155 0.240808 122 137 147
0.472578 0.197857 0.239077 144 169 177
0.483312 0.220265 0.235161 109 125 125
0.490798 0.244420 0.230725 109 118 100
0.492126 0.247146 0.231641 131 140 140
0.494291 0.252214 0.232171 176 139 135
0.350464 -0.099030 0.287167 144 123 76
0.365136 -0.058931 0.281103 185 172 177
0.377366 -0.029714 0.276008 163 171 170
0.377111 -0.027791 0.275207 159 173 162
0.378369 -0.022961 0.274786 164 166 157
0.383037 -0.016156 0.274010 162 174 161
0.392977 0.012300 0.267643 167 176 179
0.396621 0.016037 0.267159 147 172 192
0.397202 0.019665 0.266929 147 183 196
0.404010 0.040443 0.264824 140 178 201
0.430657 0.104570 0.251959 143 167 177
0.431776 0.107849 0.251400 138 152 159
0.433603 0.110536 0.250909 115 130 142
0.435604 0.113540 0.250886 34 23 29
0.436107 0.118076 0.252290 0 0 0
0.437435 0.120807 0.251027 95 48 7
0.454137 0.159208 0.245312 139 115 110
0.455252 0.162137 0.241691 88 77 80
0.455684 0.163420 0.242438 111 101 99
0.457459 0.167258 0.242422 135 121 121
0.458667 0.170564 0.240704 119 119 120
0.463585 0.185582 0.237695 129 126 122
0.464745 0.186752 0.236901 116 114 114
0.468554 0.195200 0.236215 102 114 121
0.472584 0.201436 0.235571 97 113 114
0.473454 0.202294 0.235816 126 131 130
0.487287 0.241899 0.229606 115 124 120
0.488650 0.244536 0.229882 116 120 110
0.490927 0.247980 0.229096 67 49 81
0.375911 -0.024262 0.272564 179 147 138
0.379394 -0.016887 0.268393 197 166 151
0.381912 -0.009522 0.268207 132 162 159
0.388559 0.002528 0.267489 177 170 142
0.389286 0.007230 0.267327 178 171 145
0.391159 0.009677 0.267511 164 175 178
0.396188 0.025264 0.264602 156 156 157
0.428998 0.105308 0.250511 126 152 178
0.429473 0.107138 0.250046 157 175 174
0.431435 0.113135 0.247616 149 173 191
0.432734 0.113650 0.247929 137 123 157
0.438488 0.128301 0.244854 59 69 59
0.449824 0.156866 0.239214 130 143 149
0.453305 0.162488 0.240770 117 98 102
0.452655 0.163953 0.241658 81 70 75
0.455686 0.169348 0.239585 101 93 87
0.459777 0.181428 0.237281 124 126 124
0.463094 0.185178 0.236760 126 126 123
0.463068 0.188601 0.236491 134 150 150
0.464422 0.191516 0.234608 142 142 160
0.466397 0.195358 0.235262 111 120 129
0.467490 0.196998 0.234104 115 124 131
0.483364 0.238888 0.227890 98 107 101
0.399467 0.043053 0.256989 150 175 183
0.414611 0.075242 0.250695 150 172 184
0.420241 0.090120 0.248316 152 175 184
0.424511 0.096172 0.247713 163 175 181
0.430306 0.108869 0.246877 144 171 234
0.431691 0.114534 0.245241 190 215 245
0.446314 0.155785 0.238877 135 155 161
0.448172 0.157437 0.239423 154 155 160
0.450487 0.161162 0.237414 153 179 195
0.456609 0.174037 0.235493 83 87 82
0.468330 0.207119 0.227880 78 125 142
0.469402 0.213603 0.227922 141 166 177
0.472411 0.219918 0.226627 136 162 170
0.473326 0.220908 0.226310 149 175 180
0.476149 0.228912 0.226904 86 101 101
0.476290 0.232096 0.225718 85 104 108
0.479351 0.235889 0.227028 89 97 97
0.481433 0.238978 0.225494 106 116 115
0.481934 0.241154 0.224911 110 125 128
0.483818 0.245189 0.224684 79 119 119
0.371645 -0.022674 0.267201 135 138 114
0.373930 -0.014708 0.266620 157 149 127
0.378053 -0.008523 0.265016 181 170 171
0.385502 0.007064 0.261043 229 184 158
0.433461 0.124566 0.240723 186 219 236
0.441977 0.144587 0.237483 156 175 184
0.440178 0.148079 0.238664 136 170 183
0.442849 0.151886 0.237627 117 159 181
0.447911 0.161776 0.234454 168 186 199
0.454131 0.175072 0.233518 57 37 34
0.467323 0.214500 0.226260 123 148 166
0.469051 0.216690 0.226261 135 159 176
0.470484 0.218669 0.225957 146 167 186
0.473354 0.225988 0.224744 146 174 191
0.474756 0.228727 0.222281 119 170 189
0.475325 0.231615 0.221346 115 138 148
0.480925 0.243931 0.222092 0 21 14
0.418965 0.100580 0.241177 155 165 170
0.423795 0.106518 0.241307 133 157 185
0.465338 0.213006 0.225071 107 130 133
0.466368 0.216579 0.224238 93 120 136
0.471451 0.227409 0.221365 115 156 175
0.472547 0.229227 0.220933 120 152 178
0.473976 0.232802 0.221051 151 152 149
0.477858 0.240745 0.219652 170 157 137
0.383298 0.021822 0.252350 201 187 182
0.409097 0.081377 0.243881 130 172 198
0.427848 0.127051 0.236190 33 74 76
0.432824 0.139514 0.232481 143 140 133
0.469059 0.227096 0.217707 132 151 159
0.475580 0.244954 0.215227 145 191 234
0.370253 -0.007297 0.255385 220 199 190
0.375953 0.007707 0.251738 191 170 104
0.392198 0.049734 0.245413 235 205 207
0.435543 0.161035 0.226258 127 166 180
0.375107 0.017526 0.244238 235 191 140
0.393553 0.065287 0.236607 255 226 183
0.621332 0.127880 0.429723 171 167 154
0.615564 0.123807 0.427618 113 116 110
0.614865 0.124981 0.427669 112 113 107
0.617129 0.128551 0.425822 108 122 115
0.617167 0.127912 0.425404 81 79 84
0.618219 0.130990 0.424189 128 110 88
0.617863 0.135241 0.422769 108 55 76
0.502820 -0.125206 0.455652 116 129 123
0.504600 -0.121388 0.455320 121 133 126
0.617111 0.161850 0.402978 78 94 87
0.495223 -0.128490 0.450416 125 135 126
0.615613 0.165036 0.402166 69 81 105
0.607487 0.156941 0.399697 126 99 74
0.581868 0.101447 0.405876 81 55 37
0.611498 0.174018 0.389960 81 77 77
0.576063 0.100013 0.400441 111 85 55
0.591350 0.138412 0.392952 114 109 93
0.611377 0.188715 0.383123 77 71 68
0.475823 -0.138928 0.436023 121 109 91
0.589525 0.141293 0.391884 105 98 85
0.572134 0.099948 0.394512 84 76 73
0.584205 0.137476 0.387620 115 107 82
0.470504 -0.139540 0.432350 111 100 79
0.469867 -0.138005 0.433782 113 100 81
0.471384 -0.135661 0.430388 117 107 84
0.584064 0.138070 0.385599 109 106 88
0.469882 -0.135599 0.429983 125 109 92
0.568147 0.106673 0.388570 180 112 53
0.569289 0.112225 0.387937 130 96 39
0.575410 0.122818 0.386102 125 113 97
0.569752 0.116480 0.382087 106 86 49
0.571538 0.122507 0.381784 125 116 86
0.563193 0.117743 0.376909 96 75 36
0.540011 0.086343 0.371345 199 110 36
0.537934 0.083772 0.367897 193 103 30
0.540111 0.094661 0.367174 158 98 60
0.538500 0.101714 0.361111 210 117 64
0.367578 -0.102997 0.301616 119 97 72
0.508023 0.239968 0.245570 133 129 136
0.518402 0.267406 0.240504 32 36 0
0.356286 -0.120630 0.303311 135 115 85
0.368488 -0.093569 0.301058 110 95 75
0.370507 -0.090422 0.298528 108 97 81
0.371075 -0.087301 0.297731 114 103 88
0.371537 -0.084175 0.297357 119 111 99
0.372167 -0.081033 0.297056 114 120 114
0.373843 -0.078388 0.295832 155 171 177
0.375763 -0.073809 0.295200 158 180 188
0.378920 -0.064311 0.295493 151 181 184
0.498618 0.227400 0.246133 169 192 202
0.503178 0.236608 0.242589 145 167 179
0.507259 0.240445 0.242542 147 155 164
0.505306 0.243156 0.241551 127 146 157
0.509636 0.249263 0.241001 125 123 118
0.514653 0.263194 0.239409 24 30 0
0.516427 0.269585 0.236458 39 43 0
0.358872 -0.111354 0.298713 140 120 96
0.361940 -0.102214 0.299011 140 120 94
0.363036 -0.100757 0.298633 131 116 88
0.365287 -0.096372 0.298699 123 108 87
0.366592 -0.093546 0.296822 116 101 76
0.367586 -0.089985 0.296418 110 97 78
0.368900 -0.087149 0.295592 102 82 59
0.370911 -0.083445 0.295345 89 79 71
0.371470 -0.080231 0.295198 104 100 93
0.372854 -0.077128 0.294470 124 142 146
0.373769 -0.073250 0.293780 143 164 174
0.375458 -0.070066 0.292972 170 195 199
0.376507 -0.066849 0.291945 142 174 185
0.377184 -0.063952 0.293004 157 183 196
0.379261 -0.059796 0.291582 165 183 190
0.495815 0.221981 0.244083 132 146 144
0.495669 0.224536 0.245027 134 141 140
0.499974 0.230054 0.240940 161 180 186
0.500880 0.233959 0.242801 155 166 168
0.501721 0.237954 0.242484 140 159 168
0.503856 0.244029 0.239623 124 131 128
0.509380 0.254615 0.238545 105 101 101
0.361323 -0.103063 0.296803 142 120 90
0.361273 -0.100623 0.294994 141 164 87
0.362109 -0.095111 0.294515 153 138 122
0.365053 -0.092629 0.294086 159 134 111
0.365065 -0.089800 0.294188 125 108 93
0.366779 -0.086671 0.293041 163 150 142
0.368629 -0.082698 0.293130 115 88 67
0.369036 -0.080329 0.293555 80 75 61
0.370909 -0.076650 0.291549 146 164 149
0.372043 -0.072956 0.290922 118 130 120
0.371876 -0.069773 0.290300 128 151 143
0.372805 -0.067102 0.289038 148 148 138
0.375979 -0.061770 0.288282 144 166 174
0.377211 -0.060584 0.291027 162 188 196
0.379071 -0.056927 0.288500 167 186 188
0.378098 -0.053052 0.287610 161 185 201
0.383168 -0.044919 0.286824 163 187 193
0.385678 -0.035745 0.283806 164 181 194
0.494040 0.225712 0.241312 116 120 118
0.495992 0.227828 0.239122 111 115 111
0.496029 0.230469 0.238689 111 106 88
0.498719 0.234270 0.239577 137 149 148
0.496802 0.237067 0.238593 122 154 169
0.502150 0.244399 0.237399 143 141 129
0.502966 0.247208 0.237592 95 149 169
0.507089 0.256894 0.233400 64 66 42
0.508429 0.263400 0.234812 28 40 35
0.364489 -0.085465 0.291359 191 147 144
0.366120 -0.082474 0.290545 196 136 70
0.370859 -0.076090 0.288799 139 132 111
0.371046 -0.072909 0.288886 203 187 170
0.372191 -0.069907 0.287999 146 167 170
0.372822 -0.066898 0.287174 138 152 136
0.373203 -0.061364 0.286971 196 175 129
0.373717 -0.059886 0.285986 176 151 118
0.375106 -0.057040 0.285111 217 192 190
0.381241 -0.039871 0.283222 167 186 172
0.387656 -0.027425 0.281994 168 184 193
0.444845 0.109600 0.256447 13 41 42
0.447669 0.118646 0.255015 71 53 56
0.448442 0.122095 0.254864 58 47 45
0.449844 0.123898 0.254696 29 41 43
0.452779 0.126723 0.253743 0 29 45
0.454125 0.131765 0.251888 127 123 133
0.454606 0.134675 0.252525 131 130 143
0.467112 0.167921 0.246837 117 114 114
0.469730 0.172363 0.248875 121 140 158
0.492347 0.228392 0.237895 108 118 118
0.495443 0.238125 0.234983 108 114 117
0.499076 0.241868 0.233374 163 129 112
0.498912 0.244445 0.233648 129 166 204
0.370812 -0.070125 0.285091 201 255 255
0.374307 -0.050254 0.281374 193 188 166
0.375810 -0.046295 0.280564 189 156 94
0.380836 -0.037498 0.279448 161 158 163
0.383477 -0.031358 0.276931 138 162 174
0.394870 -0.006262 0.274768 157 172 173
0.441149 0.109339 0.254258 0 21 33
0.441604 0.111644 0.254225 2 19 29
0.445741 0.117637 0.253257 34 52 53
0.447420 0.123605 0.253588 0 11 4
0.459350 0.154574 0.245594 75 62 63
0.476327 0.196752 0.238034 140 165 174
0.486796 0.223527 0.236440 102 112 106
0.490263 0.224253 0.234311 118 122 119
0.494356 0.243982 0.231108 94 109 122
0.498695 0.245511 0.231546 134 160 196
0.360499 -0.085408 0.284157 193 175 148
0.393972 -0.004628 0.271729 164 175 186
0.436874 0.104833 0.250370 128 141 149
0.438787 0.109750 0.252673 0 29 34
0.441053 0.111545 0.251498 45 10 17
0.445368 0.124556 0.247670 0 20 21
0.459809 0.160524 0.241493 113 113 112
0.463445 0.169654 0.240139 122 129 120
0.468104 0.181154 0.241878 129 128 122
0.473616 0.193178 0.238135 94 116 123
0.472232 0.196238 0.237671 113 127 131
0.475447 0.199754 0.236108 126 145 153
0.475464 0.202236 0.235358 120 133 142
0.488374 0.232648 0.230643 120 129 132
0.491103 0.240192 0.228454 117 125 125
0.492641 0.242486 0.230053 104 126 128
0.493082 0.245280 0.229944 93 116 122
0.380603 -0.024407 0.270695 150 175 181
0.390375 -0.003047 0.269263 164 184 198
0.391642 -0.001125 0.268404 161 183 187
0.395276 0.011980 0.266363 146 161 166
0.402265 0.027975 0.261570 191 190 201
0.432252 0.100809 0.249567 143 164 177
0.433596 0.102772 0.249309 144 158 168
0.434798 0.105769 0.249180 141 154 165
0.435692 0.109267 0.249124 128 133 138
0.437617 0.112424 0.248310 110 98 100
0.437763 0.115981 0.247035 216 226 239
0.457818 0.155583 0.241412 36 0 26
0.457130 0.160791 0.241330 91 77 75
0.458138 0.163012 0.239499 113 103 100
0.459254 0.166751 0.239033 105 101 105
0.460449 0.168652 0.238464 98 94 99
0.462749 0.174180 0.237696 133 136 133
0.463803 0.181787 0.237216 138 136 126
0.466173 0.183095 0.235218 125 117 122
0.469629 0.193837 0.234243 109 114 116
0.472923 0.199372 0.232760 99 111 118
0.474470 0.202959 0.233489 111 119 126
0.491290 0.242707 0.227545 106 117 123
0.492225 0.245681 0.227723 141 146 149
0.359303 -0.076062 0.277589 191 166 138
0.380447 -0.017586 0.268181 128 181 150
0.393567 0.011702 0.261938 198 181 160
0.399162 0.027627 0.260180 135 199 220
0.430308 0.097655 0.248990 162 174 181
0.431553 0.103950 0.248218 114 159 168
0.433033 0.106650 0.246027 133 168 186
0.434266 0.109538 0.247292 135 151 163
0.453634 0.157765 0.238076 120 130 139
0.454980 0.159535 0.237839 125 130 135
0.456880 0.163080 0.238204 124 129 131
0.461853 0.176449 0.236304 128 132 125
0.463240 0.179097 0.234727 130 135 130
0.464954 0.182263 0.233651 140 130 124
0.467199 0.193914 0.232447 121 123 128
0.468730 0.195673 0.232319 114 134 156
0.472990 0.203533 0.231670 102 114 117
0.483439 0.233548 0.225168 105 114 118
0.485672 0.239153 0.223811 105 105 95
0.385883 -0.000823 0.261069 182 169 177
0.392304 0.011491 0.261442 157 161 168
0.392491 0.015606 0.259240 140 161 171
0.400921 0.032154 0.257840 166 185 194
0.405444 0.046713 0.255768 165 176 182
0.420422 0.082658 0.247568 158 174 184
0.425753 0.096905 0.245133 150 161 169
0.427757 0.101760 0.245267 142 159 157
0.429799 0.104092 0.245732 163 173 181
0.428963 0.107127 0.245216 189 222 214
0.433917 0.115921 0.242034 194 254 255
0.447121 0.148726 0.238875 183 172 170
0.447832 0.150619 0.238283 127 154 168
0.450160 0.153543 0.236740 113 121 131
0.452107 0.155012 0.236095 132 143 151
0.452147 0.160116 0.236074 123 135 148
0.453209 0.164133 0.235565 132 132 141
0.455077 0.170199 0.235018 30 27 33
0.479575 0.226102 0.224098 82 97 98
0.480706 0.229490 0.222337 82 94 97
0.482232 0.233583 0.221579 59 72 75
0.481451 0.237417 0.222578 89 113 116
0.370720 -0.030917 0.264083 164 190 218
0.388554 0.006434 0.258874 157 169 164
0.424399 0.100639 0.242632 169 175 178
0.427748 0.109166 0.239744 175 235 206
0.457030 0.174399 0.230389 54 38 46
0.476515 0.227984 0.220055 127 161 189
0.481341 0.237138 0.219374 34 49 50
0.353539 -0.068965 0.269691 180 189 207
0.380514 -0.002782 0.255162 181 184 179
0.386699 0.014933 0.256170 187 180 173
0.390880 0.021671 0.254245 153 135 114
0.403732 0.058337 0.247387 169 164 156
0.473488 0.226152 0.219025 157 182 194
0.474321 0.228132 0.219486 137 164 180
0.477183 0.231035 0.218742 191 200 203
0.392277 0.033789 0.248707 174 170 176
0.370434 -0.014498 0.256612 255 190 134
0.391029 0.055686 0.235097 177 190 184
0.621004 0.124563 0.427218 139 137 128
0.620157 0.124219 0.424787 117 120 111
0.618602 0.127024 0.423332 111 125 108
0.617094 0.135918 0.418166 65 80 108
0.614019 0.134386 0.413629 60 66 59
0.618502 0.162927 0.399119 82 84 88
0.488849 -0.119674 0.435264 116 102 104
0.594546 0.135822 0.391877 118 109 104
0.614479 0.184719 0.384080 50 78 85
0.572631 0.094255 0.396212 141 88 49
0.578235 0.109637 0.392365 79 94 61
0.588165 0.133552 0.388989 115 105 78
0.621745 0.210843 0.377963 133 107 81
0.548008 0.035893 0.403700 103 110 105
0.577218 0.109863 0.391866 63 56 49
0.609808 0.185988 0.376925 97 86 76
0.472382 -0.141770 0.431957 121 108 90
0.576562 0.108689 0.387593 87 69 45
0.586041 0.136235 0.383823 105 86 61
0.575314 0.111646 0.383778 130 110 75
0.572189 0.113005 0.382251 113 102 63
0.568488 0.113630 0.379368 95 78 27
0.570398 0.121543 0.373808 105 101 94
0.540933 0.080503 0.368091 222 110 30
0.539772 0.083949 0.366058 165 98 48
0.539631 0.087244 0.363712 185 110 48
0.521899 0.051444 0.365210 19 133 218
0.523346 0.265229 0.239672 54 58 44
0.366595 -0.113278 0.301326 117 101 82
0.494635 0.203799 0.249139 173 201 220
0.513232 0.243385 0.241756 127 122 124
0.360187 -0.117718 0.300640 134 115 90
0.362496 -0.116793 0.299744 134 111 84
0.367963 -0.105010 0.298968 112 97 75
0.367862 -0.101110 0.298963 125 108 87
0.370498 -0.099147 0.297390 116 112 102
0.370977 -0.096096 0.296475 114 103 89
0.371572 -0.091592 0.296334 127 128 122
0.372064 -0.089277 0.295864 134 140 137
0.374887 -0.084857 0.294672 162 184 193
0.499825 0.222779 0.243242 197 224 237
0.501528 0.228413 0.242892 170 189 198
0.504209 0.233652 0.241146 166 187 198
0.504686 0.236433 0.241405 157 173 183
0.506514 0.239244 0.241446 140 158 170
0.510249 0.246914 0.239841 141 136 140
0.511741 0.248112 0.239397 136 135 130
0.362735 -0.114070 0.298180 147 122 91
0.362064 -0.110509 0.297285 135 118 97
0.363752 -0.108763 0.298774 136 116 91
0.364642 -0.104828 0.296095 139 114 84
0.366504 -0.101628 0.296484 120 100 74
0.367660 -0.097853 0.295242 117 97 75
0.369179 -0.095460 0.294921 95 76 54
0.370113 -0.091950 0.293849 84 66 47
0.371222 -0.088081 0.293573 98 92 83
0.372734 -0.084751 0.293566 129 139 147
0.374035 -0.081862 0.293152 147 181 190
0.375264 -0.078316 0.292226 162 185 197
0.376151 -0.074731 0.290859 162 188 192
0.377831 -0.071180 0.290756 170 192 202
0.379221 -0.068903 0.290054 170 184 196
0.381412 -0.065431 0.288157 167 190 202
0.386247 -0.053158 0.288277 158 188 209
0.388374 -0.044978 0.284790 162 185 196
0.394123 -0.029594 0.283032 159 187 201
0.500160 0.225641 0.241868 178 197 206
0.503036 0.232222 0.239286 178 199 215
0.503779 0.235898 0.240091 161 179 184
0.505778 0.243691 0.237546 132 135 137
0.507550 0.245441 0.236858 172 181 187
0.511059 0.252536 0.233935 104 100 71
0.511868 0.257901 0.233383 74 76 68
0.361295 -0.103255 0.293274 174 148 103
0.365921 -0.101154 0.293092 129 105 81
0.365281 -0.097205 0.293080 168 151 128
0.366882 -0.095504 0.292511 204 193 156
0.369202 -0.087385 0.290127 178 183 185
0.369829 -0.084039 0.289982 212 205 211
0.371664 -0.081816 0.289316 163 186 149
0.373640 -0.078316 0.289107 148 166 139
0.377263 -0.070663 0.288898 140 207 200
0.376878 -0.068577 0.286859 161 176 182
0.382106 -0.049910 0.284631 170 187 195
0.395528 -0.025606 0.278847 168 191 199
0.454302 0.122439 0.253133 33 42 50
0.492569 0.217834 0.239137 125 130 123
0.495707 0.222592 0.239693 120 123 120
0.498362 0.226969 0.236070 127 145 148
0.503301 0.243639 0.235322 156 175 188
0.507614 0.245841 0.234185 140 252 255
0.509636 0.254181 0.232666 77 93 99
0.509119 0.254738 0.232628 95 90 96
0.364997 -0.090151 0.288156 218 191 168
0.366735 -0.088517 0.290086 207 219 234
0.368215 -0.083447 0.287262 174 186 179
0.370913 -0.078176 0.285826 130 149 146
0.374281 -0.067322 0.285255 143 166 166
0.376260 -0.065424 0.284630 149 187 172
0.378724 -0.061201 0.283084 158 180 184
0.378500 -0.058354 0.281129 98 164 195
0.380135 -0.054607 0.281879 149 179 200
0.382364 -0.048587 0.282613 150 177 190
0.384497 -0.042128 0.280725 155 179 188
0.401922 0.001612 0.274238 159 186 198
0.449356 0.110217 0.253956 29 43 50
0.447284 0.112422 0.255352 46 51 50
0.450246 0.115446 0.253460 51 44 47
0.451204 0.119894 0.252719 68 37 36
0.452712 0.122714 0.252702 40 43 49
0.453889 0.126904 0.250609 15 32 30
0.453561 0.128729 0.250792 47 57 58
0.480374 0.191851 0.239091 146 167 178
0.494199 0.226772 0.235134 97 103 103
0.497281 0.233103 0.232953 119 121 120
0.500179 0.240258 0.233171 111 124 129
0.504512 0.249389 0.231835 135 84 57
0.510914 0.261696 0.229685 72 64 56
0.368765 -0.077874 0.285338 123 167 171
0.370542 -0.070509 0.284050 149 230 255
0.376793 -0.055692 0.282078 169 190 177
0.377032 -0.053508 0.279545 171 200 183
0.387572 -0.029592 0.276053 171 189 200
0.443926 0.107948 0.251268 0 16 23
0.444543 0.109411 0.252120 6 19 22
0.446378 0.113323 0.250157 11 32 36
0.447234 0.115811 0.250796 0 29 33
0.449674 0.121088 0.248538 0 21 26
0.453100 0.127781 0.249245 21 26 26
0.452235 0.129557 0.248920 53 54 58
0.472089 0.173610 0.241845 113 109 106
0.472517 0.176312 0.240470 98 101 109
0.476567 0.186300 0.237201 125 127 125
0.477452 0.189799 0.237073 106 101 108
0.478642 0.194508 0.237808 147 165 170
0.479356 0.196055 0.236730 150 159 166
0.481734 0.202844 0.235041 134 151 154
0.485341 0.212178 0.233199 65 74 67
0.492110 0.223428 0.231953 107 110 106
0.369550 -0.068142 0.279165 149 150 152
0.376087 -0.048868 0.275353 229 204 172
0.377938 -0.045212 0.274789 167 164 173
0.379916 -0.038454 0.275413 142 182 192
0.421655 0.058029 0.256341 146 169 181
0.438077 0.104472 0.249838 119 133 143
0.441933 0.107500 0.249829 44 28 33
0.442883 0.111158 0.248698 24 1 15
0.442630 0.113462 0.249603 0 0 23
0.443251 0.117166 0.247972 0 39 31
0.447975 0.120758 0.248043 0 19 13
0.459523 0.154881 0.240867 99 93 93
0.460145 0.158103 0.240782 100 88 92
0.461944 0.160591 0.240980 104 107 105
0.464802 0.164852 0.238044 118 109 108
0.466059 0.171461 0.239483 109 102 106
0.475030 0.191752 0.236640 92 105 104
0.477218 0.194600 0.235835 123 148 156
0.477447 0.197555 0.234262 118 131 138
0.478880 0.200612 0.233690 127 156 171
0.484852 0.211405 0.231902 67 74 69
0.484599 0.213125 0.229267 37 67 91
0.487370 0.221598 0.230865 106 116 120
0.491119 0.227566 0.227789 102 111 107
0.376580 -0.045117 0.273393 164 191 141
0.377335 -0.043295 0.271889 171 148 149
0.380712 -0.033739 0.271511 139 180 150
0.393994 0.003393 0.264498 104 195 186
0.405417 0.024723 0.259918 151 181 195
0.434752 0.099481 0.247981 156 172 179
0.436398 0.100993 0.247031 152 176 185
0.437396 0.104753 0.247078 132 142 153
0.437236 0.107453 0.246722 127 141 154
0.440141 0.110899 0.246645 86 70 75
0.457201 0.151241 0.239670 59 46 52
0.456959 0.154617 0.238281 85 79 80
0.458536 0.158846 0.239322 83 64 65
0.460450 0.161834 0.238456 118 115 117
0.461562 0.164654 0.237072 109 97 97
0.463535 0.167834 0.235842 87 75 78
0.465034 0.171795 0.235306 129 122 122
0.465996 0.175164 0.234800 141 136 134
0.468163 0.182236 0.232621 115 106 112
0.469194 0.185716 0.233642 120 112 112
0.471296 0.190034 0.232859 110 98 101
0.475884 0.199260 0.232026 102 129 151
0.477800 0.201407 0.231413 125 141 152
0.479205 0.204831 0.229481 113 150 176
0.479995 0.208031 0.229358 109 134 151
0.482680 0.211528 0.229326 50 55 50
0.483232 0.213771 0.229280 40 65 72
0.484319 0.217670 0.228533 107 109 94
0.490941 0.231025 0.226218 107 115 116
0.491922 0.234878 0.225939 107 124 128
0.498169 0.251709 0.221437 175 60 37
0.397036 0.014781 0.259171 159 172 167
0.402334 0.025564 0.258812 158 167 175
0.409587 0.038568 0.255728 154 177 193
0.410746 0.042418 0.254578 149 179 196
0.417838 0.059704 0.251507 143 176 190
0.422269 0.074010 0.251127 155 174 183
0.432125 0.096107 0.246118 160 177 182
0.434756 0.101071 0.244391 134 167 189
0.434488 0.105034 0.245261 144 175 190
0.436864 0.107867 0.244659 137 165 186
0.443529 0.125761 0.240139 0 48 60
0.452195 0.147177 0.235804 131 152 164
0.454700 0.152363 0.236392 123 132 141
0.455046 0.155703 0.237605 109 122 129
0.461790 0.168247 0.234447 66 61 74
0.461397 0.173285 0.233417 118 156 137
0.463984 0.174761 0.232534 112 107 106
0.465390 0.178554 0.233649 138 131 125
0.466628 0.182515 0.231599 116 104 103
0.476325 0.202389 0.227597 77 95 105
0.476911 0.203628 0.228206 76 83 88
0.484757 0.230621 0.223049 101 111 112
0.488220 0.230645 0.223804 97 106 106
0.494158 0.250681 0.222502 137 119 106
0.374984 -0.034848 0.264505 184 209 223
0.431939 0.102765 0.243641 150 163 169
0.432678 0.105287 0.242994 156 168 197
0.441737 0.126187 0.237775 44 52 43
0.444959 0.130245 0.238076 32 45 37
0.451548 0.150206 0.234084 121 143 156
0.456714 0.158627 0.232917 91 89 97
0.455062 0.164372 0.232235 125 162 175
0.459202 0.171678 0.230984 47 36 34
0.464722 0.182543 0.230396 112 99 90
0.465515 0.188157 0.228885 152 119 143
0.469095 0.191284 0.228456 72 25 57
0.483377 0.230473 0.220636 66 79 80
0.483937 0.231866 0.220143 55 69 74
0.388574 0.006267 0.258054 177 177 172
0.398320 0.032405 0.251421 132 159 131
0.405590 0.047051 0.247609 145 163 157
0.428223 0.100329 0.238735 143 164 179
0.449434 0.149306 0.231595 133 137 149
0.450653 0.155671 0.232108 82 88 86
0.454138 0.163843 0.228744 121 141 154
0.457727 0.172984 0.225447 33 16 28
0.459255 0.179521 0.226526 102 95 96
0.472097 0.207223 0.221735 70 87 90
0.478890 0.226005 0.218403 132 171 191
0.484492 0.234867 0.216658 0 12 9
0.487946 0.244324 0.216749 46 144 176
0.488575 0.245075 0.216541 241 226 208
0.383823 -0.003349 0.254602 187 188 167
0.395974 0.031485 0.250753 210 194 187
0.427040 0.102957 0.238646 159 177 183
0.446486 0.155815 0.227722 125 160 170
0.476940 0.225008 0.217853 195 234 243
0.483515 0.242110 0.215380 0 6 8
0.351250 -0.078401 0.266105 145 133 112
0.385474 0.013193 0.250488 216 189 170
0.424941 0.108396 0.234901 101 163 204
0.473548 0.222254 0.215192 53 69 92
0.474237 0.223017 0.214556 67 105 107
0.460067 0.201043 0.216099 8 8 2
0.406521 0.071062 0.234076 171 163 155
0.417978 0.114293 0.223448 170 250 255
0.626362 0.122653 0.426737 138 156 140
0.625000 0.123628 0.423348 138 144 129
0.622733 0.120597 0.423032 143 139 127
0.621848 0.122915 0.422197 136 131 113
0.622127 0.126450 0.422388 99 114 99
0.506087 -0.114418 0.441157 144 128 113
0.500553 -0.118320 0.437177 119 120 109
0.493473 -0.119226 0.431214 108 100 103
0.589423 0.126042 0.389247 132 118 82
0.613004 0.180905 0.378955 81 76 71
0.590232 0.132731 0.385345 108 88 59
0.573720 0.107745 0.380572 136 104 62
0.572218 0.111680 0.379971 96 88 59
0.454310 -0.145663 0.408016 40 100 105
0.539402 0.085030 0.360008 166 89 39
0.537848 0.083624 0.356628 199 109 45
0.525635 0.068413 0.355868 49 134 150
0.534392 0.086873 0.351754 208 137 85
0.531554 0.263271 0.247410 36 36 0
0.367520 -0.113282 0.300274 119 105 82
0.514381 0.243454 0.241850 132 120 121
0.514416 0.246267 0.238808 152 142 163
0.517717 0.249597 0.237098 114 122 127
0.363240 -0.119379 0.297685 135 113 86
0.364544 -0.114992 0.297568 125 101 71
0.367808 -0.114291 0.297917 109 95 74
0.367340 -0.110066 0.296790 104 86 60
0.369590 -0.106464 0.296448 106 101 89
0.370780 -0.103382 0.295652 114 110 101
0.371477 -0.099983 0.295038 133 146 149
0.371684 -0.096880 0.294800 141 152 155
0.374323 -0.093822 0.293241 170 188 199
0.375496 -0.090170 0.293255 166 187 195
0.376523 -0.086694 0.292671 168 193 207
0.380399 -0.078576 0.292065 165 188 203
0.379711 -0.076281 0.290969 168 192 202
0.495899 0.203556 0.243619 168 191 206
0.502470 0.219748 0.243782 183 208 221
0.506071 0.225398 0.239517 181 198 210
0.509065 0.233329 0.239563 158 180 191
0.510431 0.240401 0.237223 138 160 182
0.513060 0.244770 0.236344 149 141 146
0.513606 0.246933 0.236931 133 130 142
0.515933 0.252868 0.234210 110 121 124
0.364735 -0.117229 0.295702 140 105 75
0.364830 -0.111764 0.296037 145 116 83
0.365247 -0.108592 0.293351 144 126 101
0.365969 -0.105511 0.293846 146 125 91
0.369062 -0.102844 0.293083 86 67 57
0.370193 -0.100360 0.293195 96 75 58
0.371308 -0.096860 0.293102 109 101 93
0.373175 -0.092737 0.292491 145 163 168
0.374228 -0.090226 0.291496 152 174 181
0.374614 -0.086581 0.291532 172 188 192
0.375529 -0.083088 0.290685 143 174 189
0.378379 -0.079756 0.289895 152 185 213
0.380500 -0.076009 0.290157 160 189 201
0.381355 -0.072890 0.289397 170 192 198
0.384616 -0.063427 0.288631 159 180 190
0.501498 0.220068 0.237287 149 166 179
0.501828 0.225153 0.235794 179 196 210
0.503092 0.229529 0.237806 169 181 189
0.505984 0.233758 0.236645 164 183 199
0.508639 0.238758 0.235649 167 188 200
0.508824 0.240906 0.237003 164 178 194
0.508942 0.246074 0.233608 162 192 225
0.510234 0.246945 0.234965 224 254 231
0.512257 0.252065 0.234023 101 110 108
0.514345 0.253681 0.232637 149 111 110
0.516118 0.258445 0.232384 108 98 94
0.518178 0.263009 0.230215 93 91 78
0.356815 -0.123478 0.292916 138 125 104
0.363703 -0.109494 0.292541 180 148 114
0.365642 -0.106086 0.291048 248 184 151
0.365641 -0.102653 0.292553 204 132 91
0.366990 -0.098942 0.290659 217 217 211
0.370275 -0.097481 0.290258 163 131 94
0.371387 -0.092953 0.289635 151 150 113
0.371143 -0.088755 0.288493 184 177 158
0.373162 -0.085720 0.287405 149 155 170
0.374022 -0.083992 0.285716 144 147 179
0.381087 -0.066430 0.285964 177 196 203
0.390711 -0.048499 0.281547 174 192 207
0.393119 -0.039061 0.279133 155 183 201
0.499104 0.225863 0.235037 153 170 174
0.501122 0.227609 0.235967 155 171 181
0.504533 0.233624 0.233231 161 175 185
0.507943 0.243884 0.232408 174 201 217
0.508884 0.249564 0.231515 241 207 255
0.514679 0.264492 0.228834 62 56 47
0.365102 -0.099071 0.286891 236 168 159
0.368264 -0.092348 0.284963 237 236 250
0.373052 -0.081051 0.284347 188 210 193
0.372978 -0.078512 0.285123 148 168 126
0.372755 -0.075399 0.283980 106 149 146
0.375516 -0.070299 0.283211 118 156 163
0.377316 -0.068372 0.283552 132 190 200
0.389899 -0.034063 0.277609 174 186 192
0.449981 0.109491 0.252399 38 50 56
0.450761 0.110846 0.253726 45 46 53
0.453037 0.115512 0.252379 40 41 39
0.454060 0.117692 0.250849 49 35 35
0.455150 0.121616 0.251222 35 44 49
0.456704 0.126984 0.247035 3 10 8
0.476019 0.172210 0.239183 117 107 110
0.483170 0.188356 0.237915 148 173 181
0.482433 0.190894 0.238463 153 176 192
0.492693 0.218996 0.233451 121 135 125
0.496634 0.221406 0.231529 162 177 180
0.496580 0.225421 0.232308 121 129 126
0.500973 0.233290 0.232138 143 157 163
0.500786 0.236529 0.231579 142 145 147
0.505183 0.239190 0.230125 133 135 147
0.507154 0.249842 0.227427 125 117 109
0.353784 -0.117691 0.288156 179 185 175
0.363881 -0.091119 0.283407 181 147 97
0.370022 -0.081911 0.282855 188 183 184
0.372465 -0.077671 0.280941 142 199 224
0.381434 -0.050776 0.274680 116 160 153
0.384043 -0.050433 0.276186 147 186 200
0.385362 -0.046441 0.275765 165 181 193
0.394043 -0.017607 0.270973 170 189 198
0.398807 -0.004764 0.269167 171 187 200
0.421512 0.049343 0.258498 152 178 190
0.445735 0.106855 0.250282 0 9 19
0.445855 0.108067 0.250144 8 7 7
0.451589 0.122371 0.248749 0 87 87
0.453514 0.126287 0.248336 0 0 0
0.470276 0.164659 0.240879 123 100 109
0.481395 0.189706 0.235228 115 122 131
0.481497 0.192752 0.236120 160 164 166
0.485352 0.202576 0.233345 149 176 187
0.487313 0.203791 0.233303 166 195 206
0.493317 0.220460 0.230974 121 126 124
0.493973 0.221310 0.231918 123 132 125
0.499828 0.239191 0.226601 92 115 127
0.511675 0.263838 0.223076 32 29 6
0.511491 0.264460 0.224107 71 49 34
0.367058 -0.084588 0.279418 216 221 230
0.377905 -0.056798 0.276101 146 169 157
0.378720 -0.051275 0.274246 224 207 197
0.382770 -0.042367 0.272463 139 179 197
0.402676 0.006379 0.262852 166 188 203
0.418572 0.040583 0.258162 149 172 186
0.440682 0.104101 0.246936 119 126 133
0.444238 0.106209 0.247501 46 25 30
0.444804 0.109595 0.246703 6 4 4
0.451717 0.125314 0.241814 29 28 34
0.466291 0.158898 0.238758 109 69 64
0.465158 0.164560 0.236930 117 92 94
0.478158 0.190035 0.234259 96 92 105
0.480324 0.198998 0.231523 125 139 146
0.483785 0.202948 0.229845 133 170 192
0.491377 0.220822 0.228659 111 116 112
0.492487 0.225972 0.224983 113 129 131
0.377738 -0.051495 0.272684 162 189 198
0.379312 -0.045634 0.269434 145 169 178
0.380843 -0.041116 0.269017 157 179 193
0.383122 -0.031899 0.268751 146 168 171
0.390726 -0.011741 0.264173 159 174 183
0.402026 0.013812 0.260866 158 180 201
0.436503 0.096135 0.245460 159 172 173
0.438926 0.100389 0.244847 151 160 165
0.440083 0.103206 0.245228 129 150 164
0.441164 0.107034 0.243608 132 142 152
0.443163 0.108964 0.243844 75 61 67
0.442724 0.112262 0.244101 66 47 40
0.457562 0.147781 0.237750 72 68 74
0.458253 0.149214 0.237261 56 37 41
0.459956 0.152638 0.236473 54 36 40
0.460985 0.155696 0.236674 80 46 44
0.465070 0.164669 0.236179 124 114 113
0.466002 0.167561 0.234668 119 102 103
0.466531 0.169748 0.234257 127 122 119
0.468764 0.174537 0.232308 114 112 110
0.468374 0.177239 0.233624 118 109 110
0.472103 0.182690 0.231283 114 111 108
0.474175 0.187179 0.228455 105 108 109
0.473363 0.189904 0.231255 109 108 106
0.478210 0.197051 0.229394 111 108 112
0.480053 0.200007 0.229256 128 144 153
0.481887 0.207166 0.227362 118 146 157
0.482897 0.210682 0.227411 112 134 144
0.487248 0.213648 0.226210 42 48 59
0.488926 0.224266 0.224078 98 108 106
0.376004 -0.047822 0.267064 134 163 186
0.402919 0.023520 0.256147 124 216 255
0.423310 0.066478 0.247003 154 177 178
0.436135 0.095729 0.243841 155 176 192
0.436019 0.100528 0.244113 110 169 186
0.436444 0.104961 0.242116 154 147 178
0.439049 0.106817 0.242318 133 140 149
0.440085 0.111644 0.242672 132 126 122
0.455638 0.147770 0.235285 120 132 143
0.455745 0.150890 0.235523 124 131 138
0.459163 0.153419 0.234875 55 28 27
0.461970 0.165155 0.233047 82 71 69
0.463712 0.167543 0.232818 90 79 80
0.466167 0.174844 0.231333 143 119 118
0.468339 0.176969 0.230433 124 106 121
0.469590 0.181389 0.229647 90 81 83
0.468714 0.183090 0.227468 88 71 72
0.471704 0.186661 0.229856 117 125 134
0.472993 0.191303 0.227572 86 88 84
0.480994 0.207983 0.224748 118 149 166
0.479708 0.209431 0.223024 94 114 108
0.487536 0.228795 0.220891 95 101 99
0.487606 0.231480 0.220551 101 135 138
0.493442 0.240361 0.217712 80 106 104
0.382472 -0.027387 0.260713 202 206 194
0.411258 0.044276 0.250478 148 181 202
0.435295 0.104409 0.240051 163 168 184
0.435434 0.108066 0.238317 153 150 165
0.460222 0.160139 0.230434 79 53 63
0.470109 0.185031 0.225313 152 195 163
0.474783 0.200007 0.224603 99 95 103
0.487404 0.232097 0.217824 74 88 85
0.381588 -0.026556 0.259141 198 183 203
0.400549 0.022502 0.250185 133 166 167
0.403823 0.033681 0.246396 111 120 107
0.408488 0.046508 0.246505 157 186 196
0.450007 0.152317 0.228869 166 188 192
0.455420 0.157263 0.227589 13 18 25
0.474586 0.209511 0.218525 77 98 103
0.481624 0.221835 0.217237 77 95 98
0.485418 0.234458 0.215571 46 58 72
0.485340 0.239049 0.214061 82 130 127
0.397562 0.018900 0.248799 117 146 152
0.476649 0.219096 0.217065 74 100 112
0.379331 -0.013221 0.251319 151 190 217
0.381227 -0.008240 0.248911 157 163 154
0.447626 0.153472 0.225510 122 166 182
0.452934 0.163422 0.221824 76 90 107
0.474435 0.217742 0.211398 51 79 91
0.455677 0.175859 0.216659 148 157 166
0.408863 0.096371 0.218931 105 97 72
0.626731 0.120847 0.421389 146 145 122
0.624614 0.121173 0.419767 132 131 116
0.625749 0.181095 0.388956 146 103 110
0.484377 -0.140343 0.433019 116 110 99
0.588549 0.120025 0.385709 96 77 68
0.591688 0.122485 0.386080 111 110 98
0.591725 0.123652 0.386460 109 110 92
0.587863 0.123433 0.382547 114 110 91
0.487324 -0.113773 0.415524 95 114 120
0.489891 -0.110288 0.416750 105 120 111
0.579259 0.121932 0.375454 119 119 109
0.571666 0.106378 0.375652 96 85 56
0.470835 -0.137350 0.411906 61 80 64
0.540952 0.053461 0.372091 121 122 102
0.546181 0.074141 0.366853 181 98 48
0.540645 0.076471 0.361867 177 114 48
0.536270 0.072558 0.357797 199 106 32
0.496222 0.181395 0.250533 179 188 193
0.363991 -0.129965 0.299744 126 101 69
0.368085 -0.124333 0.298192 114 97 75
0.369687 -0.121649 0.297701 123 110 96
0.370317 -0.118000 0.297497 123 119 103
0.370074 -0.113756 0.297480 116 111 97
0.517595 0.242410 0.235655 157 164 173
0.519748 0.245735 0.237257 137 130 136
0.518338 0.249094 0.236518 150 137 128
0.524895 0.259372 0.232996 99 105 110
0.364010 -0.125284 0.296531 137 116 89
0.366198 -0.121814 0.296267 117 93 64
0.368842 -0.118390 0.295869 120 106 85
0.370179 -0.114750 0.294726 73 62 53
0.370424 -0.111907 0.294836 106 101 93
0.371263 -0.108499 0.294436 133 142 143
0.372704 -0.104937 0.293094 155 173 180
0.373602 -0.101172 0.292519 166 189 200
0.374284 -0.098236 0.292346 168 192 205
0.376570 -0.095467 0.291950 171 191 198
0.377224 -0.092623 0.291349 170 190 198
0.378549 -0.087268 0.290074 168 186 197
0.381741 -0.085324 0.291294 168 194 202
0.382385 -0.080302 0.290590 168 192 200
0.387607 -0.069227 0.288805 158 184 198
0.511148 0.228756 0.238050 179 194 200
0.512287 0.237577 0.236634 168 182 194
0.514681 0.237484 0.235232 179 192 197
0.515725 0.243013 0.235129 171 167 166
0.515813 0.245189 0.235047 149 142 143
0.522828 0.259654 0.231603 86 102 87
0.521724 0.262363 0.230298 91 87 86
0.524755 0.264705 0.230868 91 90 90
0.363888 -0.121795 0.294448 164 147 122
0.366023 -0.117096 0.294296 137 107 81
0.366565 -0.115334 0.294131 120 103 77
0.368707 -0.111022 0.291759 118 95 86
0.369840 -0.107308 0.291863 93 64 45
0.370080 -0.104829 0.292143 77 56 40
0.371942 -0.100871 0.290827 126 126 119
0.373745 -0.097586 0.291026 166 187 200
0.375214 -0.095573 0.288989 160 190 212
0.375552 -0.091225 0.288943 159 182 196
0.376718 -0.088169 0.286586 167 179 202
0.378890 -0.085769 0.287295 164 191 207
0.381610 -0.079983 0.288512 168 190 200
0.397320 -0.034505 0.279976 165 188 196
0.490631 0.186689 0.242195 161 176 189
0.503115 0.218686 0.235642 153 164 171
0.512495 0.240885 0.233820 169 181 198
0.514669 0.246996 0.232609 175 189 206
0.516185 0.249255 0.232296 154 172 169
0.518879 0.255989 0.231182 133 115 138
0.518034 0.259617 0.229894 94 104 120
0.521601 0.263850 0.228656 79 84 79
0.362166 -0.125393 0.291934 168 202 188
0.362489 -0.121797 0.292151 154 125 84
0.365226 -0.113220 0.290498 236 179 165
0.368433 -0.106444 0.287360 182 197 183
0.367256 -0.105132 0.288224 255 233 197
0.370779 -0.100749 0.288709 179 184 182
0.371429 -0.096935 0.288327 168 166 164
0.371842 -0.092428 0.286230 175 131 107
0.373542 -0.090200 0.285123 130 155 166
0.377454 -0.077723 0.284649 175 207 212
0.396496 -0.035761 0.275256 167 185 196
0.455205 0.107297 0.252642 43 45 48
0.455146 0.108674 0.250069 32 48 53
0.457229 0.112073 0.250522 52 51 52
0.455742 0.116042 0.251141 29 43 45
0.486670 0.185090 0.238540 161 185 191
0.493332 0.199380 0.236017 159 186 200
0.501004 0.222093 0.233080 163 180 189
0.501087 0.225254 0.232609 171 183 188
0.511803 0.252366 0.227764 136 153 166
0.517891 0.261993 0.226790 99 123 84
0.376518 -0.078275 0.280332 166 165 164
0.381776 -0.069074 0.280344 123 164 198
0.413251 0.008345 0.266443 157 182 192
0.449018 0.106160 0.250013 5 24 29
0.450578 0.107390 0.249115 14 25 27
0.453081 0.109707 0.249411 37 43 47
0.456322 0.114106 0.249165 54 41 45
0.456623 0.117504 0.248636 41 53 54
0.458259 0.121990 0.246846 26 13 5
0.458346 0.125220 0.245782 15 39 32
0.458474 0.126209 0.246074 27 32 44
0.477753 0.167500 0.240610 90 91 99
0.482036 0.182638 0.235516 112 113 119
0.484835 0.188189 0.235598 141 169 184
0.485059 0.190902 0.235659 160 174 177
0.490098 0.198934 0.232262 153 179 193
0.499034 0.221855 0.231411 168 186 193
0.499612 0.223598 0.229329 182 199 208
0.502672 0.227692 0.229805 160 175 184
0.505432 0.234318 0.227952 153 168 179
0.505667 0.238514 0.229043 130 164 178
0.506622 0.239899 0.225734 176 180 186
0.510111 0.247258 0.227265 163 185 211
0.362002 -0.108521 0.281704 194 245 255
0.369006 -0.089041 0.281367 210 226 245
0.373065 -0.080133 0.276765 99 97 75
0.374301 -0.076016 0.280545 155 166 169
0.380040 -0.067894 0.277538 165 186 170
0.389954 -0.040721 0.273756 174 190 200
0.448659 0.105585 0.246979 0 22 30
0.449699 0.106214 0.247557 0 13 19
0.457391 0.125567 0.244564 22 26 34
0.457916 0.126528 0.244853 20 21 28
0.479750 0.180652 0.235749 105 108 110
0.485001 0.188604 0.233664 134 149 161
0.483970 0.191136 0.234203 151 165 168
0.486070 0.194450 0.232648 159 172 182
0.487042 0.197808 0.230600 148 170 180
0.489450 0.206079 0.228744 138 172 198
0.491537 0.211241 0.227867 154 174 182
0.495270 0.218504 0.227235 139 161 172
0.497560 0.223753 0.226284 161 175 180
0.497974 0.228740 0.225926 142 149 144
0.506812 0.243021 0.224940 114 193 225
0.508743 0.248960 0.221670 233 255 255
0.508622 0.254456 0.222238 255 240 228
0.380782 -0.056909 0.273280 107 141 151
0.382464 -0.054350 0.271696 121 136 127
0.442151 0.098886 0.244921 143 155 163
0.443878 0.102184 0.243961 127 137 145
0.447549 0.104908 0.244990 44 35 40
0.447309 0.107823 0.244999 11 0 0
0.447368 0.111119 0.243533 0 36 41
0.453648 0.122278 0.240029 0 23 25
0.456372 0.125101 0.242090 24 40 50
0.467662 0.157848 0.234678 120 66 64
0.479577 0.186873 0.231218 83 89 91
0.482623 0.192554 0.228666 107 110 117
0.483153 0.196154 0.230657 139 143 143
0.483112 0.197184 0.229420 126 152 172
0.486578 0.203879 0.229150 145 190 213
0.488837 0.208349 0.226947 145 172 186
0.489005 0.211766 0.225919 123 149 163
0.490523 0.214399 0.225829 96 115 127
0.496832 0.225410 0.225116 139 150 151
0.498005 0.229181 0.224011 151 152 162
0.353802 -0.110786 0.279962 199 210 242
0.377305 -0.058840 0.271317 119 153 171
0.381018 -0.048679 0.267650 159 185 188
0.385259 -0.034599 0.264667 143 194 214
0.386763 -0.032007 0.266126 101 150 152
0.409790 0.019907 0.256807 158 184 202
0.438136 0.094723 0.243839 144 165 173
0.440659 0.098662 0.243730 152 158 163
0.441650 0.101983 0.241984 137 156 163
0.443337 0.105700 0.241795 117 118 121
0.444810 0.107884 0.241972 72 52 61
0.446481 0.110242 0.242860 0 21 25
0.458461 0.142687 0.234882 125 134 145
0.459293 0.145832 0.235266 55 44 51
0.461011 0.148847 0.234218 39 31 31
0.462398 0.151805 0.234450 51 29 28
0.463353 0.154707 0.235656 60 38 33
0.465547 0.159054 0.232534 83 43 43
0.467090 0.160038 0.231978 91 48 47
0.467236 0.165369 0.231537 97 70 73
0.470012 0.167269 0.231961 119 71 70
0.471792 0.171116 0.231257 114 100 103
0.470134 0.174442 0.230870 134 127 123
0.472749 0.179432 0.230015 113 108 109
0.476083 0.181562 0.228866 97 96 97
0.475549 0.185313 0.228022 106 108 110
0.481521 0.191889 0.227636 88 94 107
0.483890 0.199902 0.226164 113 139 167
0.483423 0.202104 0.225721 64 102 112
0.484428 0.207477 0.225966 81 104 116
0.485695 0.208187 0.224850 137 151 176
0.487655 0.211887 0.225057 104 111 123
0.494248 0.228870 0.220746 114 127 123
0.376289 -0.051627 0.267146 169 143 104
0.381382 -0.041558 0.263289 169 193 170
0.411764 0.033953 0.252036 159 179 191
0.437141 0.093150 0.242661 155 172 177
0.438432 0.096280 0.241519 156 169 185
0.441854 0.101377 0.240021 145 146 161
0.441368 0.104705 0.240696 152 151 167
0.455790 0.140279 0.232340 115 141 155
0.456217 0.142456 0.233053 115 142 155
0.457276 0.144948 0.232735 124 126 142
0.460360 0.150581 0.233140 55 44 44
0.460100 0.151386 0.233503 45 38 33
0.467980 0.171817 0.228348 90 67 70
0.469180 0.175351 0.227388 121 116 117
0.472485 0.182204 0.226218 75 83 87
0.474656 0.185808 0.225970 106 104 104
0.474575 0.190441 0.225645 95 89 77
0.475103 0.191786 0.225707 113 111 115
0.480682 0.204657 0.222570 142 120 122
0.486856 0.214112 0.222208 13 39 36
0.490853 0.226824 0.216568 18 40 20
0.492009 0.231695 0.219150 103 156 164
0.380896 -0.035586 0.258926 141 154 146
0.429640 0.081487 0.241147 152 173 177
0.437213 0.100310 0.239086 157 184 195
0.450636 0.132439 0.230983 16 27 29
0.454454 0.141328 0.231917 135 153 167
0.461093 0.155922 0.228906 40 21 25
0.462978 0.163724 0.226829 67 47 46
0.488722 0.226356 0.215321 0 19 13
0.489349 0.228219 0.215571 0 22 22
0.371724 -0.053656 0.262144 94 101 93
0.407756 0.041636 0.244513 137 171 188
0.431992 0.096023 0.233825 166 184 194
0.436396 0.101543 0.235352 154 181 192
0.463136 0.171592 0.225189 90 88 88
0.483580 0.221397 0.215730 84 111 118
0.485525 0.228205 0.212970 136 144 149
0.389748 -0.000046 0.250055 162 176 179
0.391624 0.003429 0.250377 177 196 189
0.395251 0.012378 0.247469 119 139 142
0.405603 0.032949 0.243510 148 159 162
0.478328 0.211143 0.214397 77 88 97
0.382610 -0.014366 0.248380 204 190 153
0.428701 0.103092 0.228790 94 170 174
0.399547 0.046208 0.234129 86 186 227
0.430934 0.124670 0.220230 179 183 212
0.446510 0.153282 0.215518 36 8 25
0.474121 0.218719 0.204403 27 64 106
0.477288 0.232897 0.202192 192 243 255
0.417083 0.098807 0.216453 204 197 204
0.625280 0.120058 0.418525 133 130 112
0.493949 -0.126456 0.424800 106 112 102
0.588713 0.110012 0.385435 131 107 96
0.489881 -0.128028 0.424864 104 104 101
0.489454 -0.123944 0.418060 85 104 110
0.490268 -0.117815 0.419427 106 110 97
0.614588 0.182392 0.366266 95 94 84
0.621731 0.205858 0.363530 103 111 100
0.486086 -0.129741 0.417454 93 101 94
0.581746 0.119793 0.368916 119 100 77
0.582768 0.129732 0.366743 133 119 85
0.471080 -0.136156 0.410372 94 98 81
0.468857 -0.135271 0.405168 118 106 88
0.533969 0.040045 0.371590 136 127 66
0.543189 0.071951 0.357226 180 128 36
0.512874 0.213785 0.243682 158 176 190
0.529590 0.257317 0.233424 139 131 136
0.368629 -0.131124 0.296547 120 95 63
0.369598 -0.128004 0.296899 117 102 75
0.369738 -0.123024 0.296758 114 101 82
0.370593 -0.120238 0.296253 124 114 97
0.506122 0.207313 0.242149 182 206 219
0.518883 0.238977 0.236816 162 166 172
0.520675 0.244705 0.234999 172 178 184
0.523568 0.250510 0.233190 145 141 148
0.525953 0.258008 0.232085 100 112 110
0.367071 -0.129697 0.295759 113 88 59
0.367305 -0.126637 0.294686 114 92 68
0.369351 -0.122829 0.294181 120 111 95
0.370621 -0.119056 0.293790 107 103 93
0.371002 -0.116408 0.293643 127 127 122
0.371945 -0.113044 0.292574 130 148 153
0.373286 -0.110074 0.291990 156 184 201
0.374032 -0.105293 0.291573 172 190 198
0.375446 -0.102903 0.291032 167 189 197
0.378589 -0.100581 0.289919 171 189 197
0.378472 -0.097347 0.291234 170 188 197
0.380109 -0.094515 0.287361 171 188 198
0.381411 -0.089764 0.287604 174 188 194
0.386224 -0.080792 0.288352 162 189 202
0.494691 0.186829 0.243561 147 172 180
0.517372 0.241232 0.234011 166 174 186
0.517828 0.244580 0.232947 179 197 209
0.523481 0.255224 0.230430 152 130 136
0.525492 0.257148 0.230139 132 131 127
0.525600 0.261405 0.229062 88 120 122
0.527036 0.263319 0.228085 98 109 102
0.365610 -0.128722 0.293139 156 153 127
0.365911 -0.125480 0.292747 166 143 123
0.365779 -0.122936 0.291088 194 184 172
0.367687 -0.119164 0.291632 132 116 109
0.368891 -0.115966 0.291297 116 101 83
0.370812 -0.111220 0.291302 57 83 92
0.372438 -0.109046 0.291201 157 236 255
0.373246 -0.104949 0.289630 170 192 184
0.374659 -0.103027 0.289845 159 196 205
0.376033 -0.100121 0.287762 162 196 214
0.377242 -0.095432 0.287778 159 183 189
0.380091 -0.093195 0.286012 174 185 196
0.380820 -0.087684 0.286207 169 185 194
0.381145 -0.085013 0.286610 175 201 204
0.383784 -0.078401 0.285603 169 185 191
0.511290 0.230603 0.231828 172 190 196
0.521802 0.255161 0.227273 139 161 180
0.366656 -0.115107 0.288204 216 184 219
0.371284 -0.108927 0.286403 143 139 119
0.371636 -0.104077 0.287214 102 132 131
0.373305 -0.099994 0.284914 182 193 189
0.387465 -0.060997 0.279628 157 176 190
0.393105 -0.050931 0.274872 181 192 189
0.458639 0.107862 0.248440 42 42 45
0.460098 0.112244 0.247506 51 44 45
0.460546 0.113549 0.247192 61 48 48
0.480743 0.163378 0.240342 92 85 91
0.481772 0.168781 0.240603 96 95 103
0.490005 0.182164 0.236864 166 178 186
0.489854 0.184637 0.236617 183 186 188
0.491050 0.187712 0.234053 192 203 213
0.503981 0.224224 0.230714 186 208 217
0.506050 0.224974 0.231424 145 176 193
0.507905 0.231716 0.227209 181 187 199
0.510414 0.236031 0.226844 165 180 188
0.513129 0.242147 0.225933 210 227 240
0.515686 0.251373 0.223823 216 255 255
0.517977 0.254728 0.227097 153 163 179
0.365398 -0.110170 0.284009 255 255 255
0.370741 -0.100625 0.283843 156 145 124
0.371344 -0.098185 0.279621 193 182 164
0.376286 -0.084599 0.278994 113 163 205
0.378825 -0.082666 0.279822 150 204 216
0.454889 0.107139 0.248367 38 46 50
0.456731 0.110751 0.247508 22 30 36
0.460341 0.119962 0.245694 23 36 40
0.460192 0.122825 0.245688 13 34 32
0.461198 0.125277 0.243929 21 33 31
0.480937 0.171690 0.235702 101 105 107
0.482180 0.176445 0.235956 101 97 100
0.486948 0.186942 0.233391 141 161 175
0.488510 0.189905 0.233184 162 175 183
0.489913 0.191407 0.232422 157 173 185
0.493652 0.198450 0.230451 156 172 180
0.493493 0.202454 0.231878 118 151 167
0.495828 0.206976 0.229024 164 192 212
0.498643 0.210018 0.229976 157 186 197
0.497446 0.212565 0.230375 157 185 202
0.501830 0.223002 0.229292 182 202 210
0.504731 0.230172 0.226070 179 188 187
0.507105 0.230994 0.226961 182 192 202
0.509969 0.241060 0.225957 134 159 168
0.376736 -0.076049 0.274545 113 182 239
0.389259 -0.041906 0.270172 137 179 193
0.403469 -0.015187 0.263756 169 183 190
0.449455 0.105739 0.244651 0 0 0
0.457291 0.119459 0.243611 61 60 64
0.459747 0.123699 0.242593 31 33 41
0.469288 0.149157 0.236566 100 85 93
0.481990 0.182391 0.232842 101 101 106
0.485127 0.189645 0.229277 106 115 127
0.487454 0.192076 0.229963 102 108 118
0.488213 0.196555 0.230565 172 182 183
0.490631 0.201227 0.228158 117 164 191
0.491330 0.206888 0.227457 148 174 184
0.494828 0.211006 0.227704 149 181 198
0.495006 0.212571 0.227682 151 190 209
0.497444 0.216533 0.224698 153 184 210
0.498081 0.218250 0.223659 158 183 204
0.502202 0.227326 0.225763 162 182 189
0.501630 0.229095 0.223301 144 159 164
0.504409 0.232749 0.224442 155 171 174
0.506976 0.239033 0.222857 206 210 216
0.391227 -0.032670 0.266064 187 211 225
0.407914 0.005375 0.261541 153 178 190
0.412990 0.014746 0.255874 158 181 195
0.421038 0.037016 0.252927 161 178 186
0.430949 0.057304 0.251592 154 182 193
0.432643 0.068260 0.248072 155 179 189
0.445461 0.097653 0.242465 148 160 161
0.448956 0.104025 0.243528 147 0 0
0.449083 0.107576 0.242491 10 7 10
0.449973 0.108698 0.240800 0 26 31
0.455388 0.115846 0.240623 0 46 38
0.454786 0.121351 0.241353 20 23 25
0.455217 0.123693 0.239885 22 39 45
0.463361 0.142090 0.234781 39 28 32
0.465556 0.148222 0.234271 60 41 44
0.466266 0.149765 0.234271 80 67 79
0.468444 0.154717 0.233107 103 75 82
0.469029 0.156459 0.232779 108 75 79
0.477145 0.174444 0.229538 81 73 73
0.482440 0.186461 0.229537 72 67 73
0.483859 0.190833 0.227522 103 117 132
0.489710 0.204990 0.226323 143 138 141
0.492171 0.210923 0.226692 181 223 235
0.492929 0.213137 0.225519 158 185 194
0.495436 0.217233 0.223799 144 155 178
0.511124 0.259940 0.217200 111 85 61
0.413920 0.025798 0.255614 150 181 195
0.442770 0.095267 0.241351 157 168 169
0.443477 0.096591 0.240893 154 168 176
0.445111 0.101526 0.237907 116 144 135
0.445572 0.102325 0.239682 129 138 147
0.446039 0.106919 0.238838 115 106 112
0.452259 0.120303 0.238989 28 21 17
0.459438 0.137444 0.233596 126 145 158
0.459986 0.140762 0.233717 108 122 130
0.462740 0.143321 0.234231 48 33 36
0.463346 0.147914 0.233041 48 30 32
0.463090 0.149832 0.232687 59 24 29
0.467511 0.153967 0.231998 88 63 69
0.468872 0.157800 0.231286 108 68 67
0.470806 0.164791 0.229655 116 84 85
0.473089 0.166940 0.229213 105 79 79
0.473494 0.171016 0.227560 109 80 77
0.473392 0.173810 0.227999 103 101 105
0.476380 0.178044 0.225178 78 79 80
0.476745 0.180841 0.226083 70 71 73
0.478772 0.183033 0.224168 85 92 92
0.486058 0.197943 0.224568 81 99 101
0.489540 0.213863 0.220271 107 113 123
0.492703 0.219281 0.220210 24 38 37
0.492502 0.220007 0.220041 27 36 29
0.502603 0.246066 0.215422 81 97 107
0.360052 -0.103094 0.273733 122 215 255
0.401239 -0.004574 0.255767 155 180 190
0.436511 0.085977 0.239450 152 171 182
0.442503 0.098849 0.237589 158 169 174
0.440510 0.100538 0.238271 139 121 140
0.443893 0.103740 0.238721 142 160 181
0.445850 0.107500 0.236746 46 113 174
0.459500 0.140875 0.232089 107 117 131
0.460438 0.144859 0.229647 95 100 113
0.464706 0.152314 0.229217 72 50 61
0.469356 0.164999 0.226828 124 88 98
0.470544 0.167166 0.227430 119 83 85
0.471981 0.170809 0.225407 98 54 53
0.472113 0.174668 0.226635 102 105 104
0.474838 0.178702 0.224941 52 48 53
0.475490 0.180520 0.224890 59 55 62
0.476044 0.184155 0.223388 147 141 134
0.490007 0.213334 0.219339 86 105 125
0.490178 0.218041 0.217609 27 44 37
0.496717 0.235099 0.216461 77 122 134
0.381307 -0.045886 0.259197 161 176 159
0.409234 0.029780 0.246311 205 187 186
0.440751 0.105174 0.235025 167 216 228
0.461046 0.154026 0.227223 64 41 57
0.464428 0.161267 0.226347 59 35 34
0.487261 0.218493 0.214346 87 89 90
0.489843 0.223003 0.212983 56 59 61
0.489904 0.226091 0.214845 1 23 27
0.385917 -0.025003 0.253018 176 138 102
0.403817 0.016677 0.246942 138 155 157
0.488183 0.228968 0.210456 90 92 55
0.381843 -0.031311 0.253085 169 160 147
0.401447 0.022476 0.241989 141 179 191
0.431247 0.097433 0.230763 132 192 185
0.455202 0.147248 0.222455 151 184 212
0.483964 0.222454 0.210475 120 121 128
0.385132 -0.014609 0.246720 184 188 174
0.389132 -0.005497 0.243968 205 167 139
0.417122 0.061413 0.233042 161 170 170
0.433854 0.103529 0.226792 143 167 179
0.398923 0.039869 0.231321 216 182 155
0.403732 0.053317 0.225172 250 204 202
0.551222 -0.104665 0.469281 101 113 106
0.552020 -0.103151 0.467446 99 117 115
0.544587 -0.110404 0.464237 98 112 117
0.546904 -0.108137 0.464867 104 122 119
0.549177 -0.102934 0.463794 96 121 129
0.544552 -0.109999 0.463267 113 133 136
0.539867 -0.111572 0.461957 104 118 113
0.528726 -0.121579 0.451325 121 135 137
0.524067 -0.124619 0.449864 115 158 167
0.492998 -0.127558 0.422724 114 106 95
0.494380 -0.126158 0.421874 107 103 91
0.589686 0.105612 0.384755 96 72 75
0.630327 0.202745 0.367796 171 147 112
0.492183 -0.128241 0.420838 110 105 93
0.589496 0.108396 0.379748 130 89 75
0.617399 0.175765 0.367345 96 85 75
0.482834 -0.145790 0.419603 112 114 113
0.488381 -0.135076 0.418397 112 109 107
0.489013 -0.127681 0.417614 111 114 110
0.486081 -0.132402 0.415750 115 110 107
0.486409 -0.130800 0.413153 119 120 123
0.488179 -0.128491 0.415637 111 118 117
0.488224 -0.124853 0.415424 111 106 100
0.587348 0.114551 0.374851 130 98 75
0.485228 -0.130807 0.412737 116 115 109
0.488893 -0.116162 0.411129 111 109 95
0.580813 0.110509 0.372322 97 59 37
0.580479 0.111568 0.370786 98 58 26
0.579442 0.118697 0.366401 119 94 67
0.580803 0.122678 0.361944 120 102 80
0.572465 0.111838 0.361514 79 76 69
0.538660 0.053689 0.358896 83 102 92
0.541259 0.056838 0.360591 131 70 11
0.537819 0.054644 0.356780 130 133 108
0.538250 0.073698 0.347225 217 137 53
0.522739 0.234369 0.235271 173 185 194
0.524035 0.238805 0.236027 172 178 185
0.529602 0.256145 0.232716 141 136 145
0.370726 -0.127860 0.295067 115 111 99
0.379972 -0.107593 0.290057 175 183 177
0.389052 -0.088346 0.286735 164 187 195
0.499207 0.183574 0.243498 171 185 190
0.522677 0.238549 0.233934 180 196 204
0.524112 0.248081 0.231755 181 162 168
0.526247 0.248001 0.232090 169 167 174
0.527854 0.259066 0.229330 77 99 94
0.368505 -0.129530 0.292648 119 94 71
0.370386 -0.127529 0.292666 94 97 92
0.370664 -0.125047 0.293105 123 115 108
0.372984 -0.121991 0.291241 153 180 189
0.374850 -0.117283 0.289238 165 192 205
0.374510 -0.114535 0.290006 163 191 202
0.378694 -0.107471 0.289124 176 198 206
0.383373 -0.100510 0.287723 174 189 193
0.470527 0.121457 0.251658 73 94 100
0.496898 0.182473 0.239413 165 183 188
0.514623 0.227646 0.232137 172 187 198
0.522939 0.243520 0.230599 183 197 205
0.522900 0.247959 0.228995 167 183 195
0.525706 0.253830 0.229238 160 149 155
0.527065 0.256969 0.228346 141 140 150
0.367519 -0.127717 0.289671 132 138 131
0.368995 -0.123954 0.290985 95 104 96
0.369916 -0.121891 0.291032 139 169 179
0.371329 -0.116857 0.287899 158 177 178
0.374069 -0.110816 0.286041 158 217 239
0.375255 -0.107578 0.287361 200 206 221
0.376812 -0.104041 0.285286 165 186 210
0.378198 -0.098878 0.286470 168 192 198
0.378925 -0.098165 0.283890 170 198 201
0.383293 -0.084104 0.282410 172 192 203
0.484856 0.163275 0.239763 83 85 91
0.493401 0.177840 0.236945 173 190 199
0.493354 0.180566 0.236144 169 182 190
0.495455 0.183589 0.238419 171 188 193
0.497573 0.192870 0.234384 130 153 167
0.502404 0.201076 0.233761 161 182 195
0.508631 0.218335 0.232856 168 179 190
0.513275 0.232598 0.230183 173 179 191
0.514351 0.232787 0.230882 169 175 181
0.515133 0.236554 0.226473 186 201 214
0.517100 0.241413 0.226759 240 255 255
0.522700 0.249501 0.227018 187 193 216
0.523685 0.256344 0.225423 170 181 192
0.365821 -0.124863 0.289215 246 255 255
0.373163 -0.113297 0.284851 236 237 227
0.371981 -0.110923 0.284834 163 156 150
0.377757 -0.098756 0.281650 139 186 209
0.378921 -0.092093 0.283373 192 213 222
0.401174 -0.041109 0.272839 172 184 191
0.406841 -0.030077 0.270740 171 184 188
0.460509 0.107272 0.247854 33 35 39
0.461606 0.111028 0.246473 53 51 52
0.484766 0.163587 0.237693 107 105 112
0.486341 0.166319 0.236888 78 69 79
0.491295 0.180405 0.235633 153 177 193
0.492181 0.184838 0.234992 161 184 194
0.494512 0.187712 0.232479 150 184 205
0.495288 0.191476 0.232558 163 179 190
0.501449 0.208284 0.229762 157 187 199
0.510973 0.228575 0.228248 177 187 196
0.509435 0.232655 0.225947 194 212 223
0.511370 0.233262 0.227929 174 173 179
0.513245 0.236783 0.223237 175 208 234
0.517131 0.243676 0.222971 196 220 230
0.374912 -0.097644 0.278170 127 151 144
0.375422 -0.092267 0.277791 156 180 186
0.396373 -0.045145 0.268853 182 191 191
0.419715 0.016430 0.261479 157 180 190
0.456763 0.103683 0.243135 0 31 38
0.457883 0.108239 0.246301 43 56 65
0.461945 0.113103 0.244348 76 45 42
0.463996 0.118579 0.243483 23 38 46
0.463602 0.122472 0.242384 0 36 44
0.465255 0.123933 0.242407 19 30 38
0.488716 0.185735 0.231585 112 134 150
0.491880 0.187873 0.231936 125 162 201
0.492292 0.190828 0.232046 156 180 196
0.493009 0.192838 0.228207 97 110 128
0.494407 0.196563 0.229326 136 162 172
0.497370 0.204141 0.227698 144 167 181
0.499613 0.206923 0.228643 148 184 205
0.501055 0.211899 0.228271 161 183 200
0.512814 0.235948 0.222376 176 191 202
0.511267 0.241128 0.221664 214 230 230
0.515500 0.249166 0.220783 180 200 217
0.517965 0.253278 0.218556 197 214 223
0.521080 0.257821 0.219034 255 255 255
0.361314 -0.120204 0.281944 143 127 105
0.394467 -0.040808 0.268171 167 187 195
0.453853 0.104452 0.242970 0 23 28
0.456951 0.108955 0.243211 0 67 101
0.461574 0.122472 0.241653 33 29 31
0.463267 0.123655 0.239434 9 30 27
0.471140 0.145784 0.233604 88 76 83
0.470718 0.149076 0.234340 108 92 95
0.472009 0.150503 0.233361 98 84 92
0.486278 0.178804 0.230595 92 100 108
0.488332 0.185243 0.229705 113 117 133
0.490694 0.191656 0.225977 98 153 140
0.491019 0.193908 0.225520 109 113 126
0.495143 0.202245 0.227205 122 170 193
0.494976 0.204239 0.227625 128 151 165
0.497297 0.209710 0.224888 86 135 157
0.499425 0.219044 0.223791 166 195 215
0.503268 0.226595 0.220294 106 119 128
0.507923 0.235970 0.219937 146 158 165
0.513085 0.245726 0.217014 151 156 164
0.377892 -0.075750 0.272217 168 233 255
0.379443 -0.070188 0.269277 188 215 246
0.382638 -0.059087 0.267358 105 163 186
0.419976 0.028266 0.253095 156 185 202
0.426886 0.039365 0.251538 141 167 183
0.430473 0.050849 0.249365 155 179 194
0.447135 0.092711 0.239481 156 171 179
0.452711 0.105763 0.240407 34 11 17
0.460251 0.122945 0.235126 0 0 2
0.459971 0.128834 0.236137 71 85 84
0.466747 0.137675 0.232886 51 70 69
0.470099 0.145692 0.233685 84 75 83
0.470714 0.148802 0.230931 119 106 118
0.470581 0.150833 0.231386 118 104 113
0.475597 0.164249 0.228580 104 75 77
0.477284 0.168175 0.227221 70 53 56
0.485723 0.187079 0.226370 96 102 114
0.485314 0.188076 0.227119 101 105 117
0.489128 0.199792 0.223703 83 107 122
0.494551 0.209488 0.221854 107 127 145
0.494638 0.212634 0.222704 153 166 186
0.496708 0.216584 0.222291 118 177 208
0.500333 0.222606 0.218865 95 123 134
0.501361 0.226734 0.218889 72 76 82
0.395388 -0.023187 0.259216 193 193 201
0.400811 -0.014316 0.257562 187 204 212
0.415330 0.020168 0.250652 147 178 193
0.444050 0.093574 0.239142 150 171 175
0.446116 0.095673 0.239459 152 164 171
0.448412 0.101373 0.237359 121 127 137
0.453997 0.114444 0.235169 26 34 29
0.460879 0.135776 0.230872 135 157 169
0.464208 0.139108 0.231347 22 43 49
0.466315 0.146450 0.229489 47 20 17
0.468245 0.149507 0.231153 115 124 136
0.469483 0.151512 0.229224 69 60 67
0.472726 0.163580 0.227482 92 66 69
0.475770 0.168496 0.226370 95 70 69
0.477220 0.172195 0.225095 82 52 55
0.479079 0.180817 0.225298 80 84 81
0.480753 0.180796 0.222636 115 125 120
0.495169 0.216716 0.218634 65 166 194
0.499498 0.226948 0.217265 56 59 63
0.378727 -0.061871 0.261047 102 153 156
0.407461 0.010022 0.249895 176 195 198
0.424733 0.049120 0.245507 150 180 179
0.442233 0.094004 0.237039 147 174 183
0.443593 0.097555 0.236327 145 156 160
0.445692 0.101286 0.237210 149 138 124
0.470968 0.157769 0.225250 88 64 81
0.471658 0.163030 0.224787 68 36 43
0.476231 0.172109 0.223022 95 39 42
0.475876 0.174984 0.223568 59 40 33
0.478551 0.180649 0.222407 88 102 104
0.479598 0.184448 0.223148 63 52 50
0.481063 0.189232 0.219975 50 55 52
0.394785 -0.016950 0.251724 81 131 160
0.396145 -0.013500 0.252239 157 138 104
0.433768 0.078219 0.236366 159 174 183
0.462698 0.154494 0.224151 44 0 1
0.470672 0.169102 0.220718 76 28 21
0.388073 -0.024518 0.252981 157 111 82
0.389811 -0.018257 0.249935 156 176 186
0.391896 -0.015220 0.248287 155 195 205
0.439444 0.100135 0.231235 153 172 182
0.389599 -0.020192 0.247815 139 134 135
0.399279 0.002974 0.244293 135 86 47
0.400358 0.013866 0.242713 159 164 167
0.414972 0.040954 0.236936 139 155 139
0.452009 0.136401 0.223534 104 111 106
0.489444 0.227228 0.206325 108 116 128
0.499529 0.251326 0.203329 5 82 108
0.414278 0.048321 0.232631 132 142 127
0.419765 0.063728 0.229142 143 181 199
0.435190 0.100145 0.226432 219 204 195
0.493026 0.241487 0.199618 12 22 27
0.394121 0.009968 0.235708 137 182 198
0.394295 0.014794 0.234532 149 159 180
0.425410 0.095291 0.215141 172 228 249
0.550086 -0.101513 0.457209 108 117 116
0.543508 -0.111459 0.457610 112 130 128
0.543990 -0.108634 0.457248 105 135 147
0.547483 -0.106007 0.456337 108 130 133
0.528751 -0.122119 0.448576 117 136 140
0.524951 -0.124982 0.448068 108 138 150
0.528929 -0.118767 0.445313 109 146 160
0.496665 -0.125985 0.415115 108 109 106
0.591147 0.105791 0.379538 114 92 67
0.592558 0.107777 0.375988 123 100 80
0.484743 -0.145342 0.417470 92 112 108
0.489259 -0.141591 0.418021 107 129 134
0.489976 -0.139052 0.417492 115 115 103
0.491376 -0.133290 0.413577 120 125 123
0.589081 0.110411 0.373674 109 89 60
0.594081 0.119596 0.370917 119 119 96
0.488042 -0.135429 0.414550 92 121 129
0.585762 0.114276 0.367421 119 110 89
0.487344 -0.122955 0.405385 135 136 121
0.585080 0.115409 0.366160 115 95 66
0.475789 -0.138292 0.402455 119 153 188
0.579743 0.116248 0.361944 110 72 30
0.570800 0.105097 0.355150 182 125 86
0.538272 0.054875 0.350654 146 121 74
0.509988 0.169915 0.255282 154 178 188
0.398570 -0.094833 0.294354 179 174 167
0.539220 0.259681 0.231024 140 127 134
0.497979 0.164696 0.246717 171 180 185
0.532117 0.251112 0.229912 165 169 178
0.374201 -0.129503 0.292158 169 192 198
0.375177 -0.125909 0.291843 171 195 201
0.393637 -0.078373 0.285068 161 186 194
0.476099 0.120649 0.250717 107 126 134
0.488158 0.150942 0.245861 147 162 168
0.498873 0.179442 0.240697 179 197 209
0.503722 0.186862 0.239225 182 195 203
0.505234 0.190876 0.240218 178 185 193
0.512608 0.209490 0.233890 171 192 205
0.520793 0.229488 0.231560 176 183 189
0.370885 -0.130512 0.292436 105 134 112
0.373664 -0.126104 0.289018 161 188 202
0.375183 -0.120728 0.290854 166 193 203
0.375465 -0.119323 0.289377 158 183 195
0.377085 -0.115544 0.289171 171 191 197
0.381695 -0.105716 0.288448 173 192 201
0.388882 -0.089988 0.281877 172 185 189
0.389219 -0.087741 0.280791 166 189 200
0.496575 0.176327 0.238768 185 191 203
0.496745 0.178439 0.236723 181 184 184
0.499075 0.181120 0.238179 170 187 194
0.526042 0.245960 0.226390 202 216 225
0.528778 0.253602 0.227012 172 176 182
0.528427 0.254393 0.226584 165 169 176
0.529570 0.258194 0.224025 194 204 212
0.369670 -0.128462 0.286999 127 126 125
0.373351 -0.122463 0.285624 138 178 211
0.374169 -0.119324 0.284697 145 202 213
0.375008 -0.116388 0.285059 131 210 223
0.376420 -0.111744 0.283693 139 193 208
0.378227 -0.107755 0.284617 167 198 214
0.381917 -0.101831 0.283763 181 189 200
0.388675 -0.082930 0.280576 185 185 200
0.397969 -0.057653 0.276375 193 201 205
0.469305 0.117847 0.244986 81 104 104
0.487222 0.157420 0.237940 104 107 114
0.495227 0.176513 0.235687 165 190 198
0.496073 0.178387 0.235237 168 189 199
0.495954 0.181093 0.235135 156 166 187
0.504449 0.202720 0.229775 162 187 199
0.507046 0.203419 0.229819 174 197 210
0.508875 0.213996 0.228655 160 195 211
0.511600 0.221189 0.227757 171 180 189
0.521067 0.242958 0.223359 177 190 199
0.372112 -0.120790 0.284550 176 232 255
0.373312 -0.115602 0.283944 146 226 255
0.374947 -0.111488 0.282661 168 210 208
0.401044 -0.045634 0.269542 158 179 187
0.463081 0.106934 0.242975 41 39 34
0.465271 0.108780 0.244226 33 41 42
0.466543 0.113010 0.242965 38 30 28
0.470223 0.125343 0.241244 27 39 41
0.491620 0.173294 0.232940 89 100 101
0.498090 0.189694 0.232323 147 164 172
0.498848 0.195002 0.229087 148 212 219
0.503270 0.201524 0.228312 137 169 178
0.502578 0.206502 0.227080 85 109 125
0.507167 0.209744 0.227858 107 128 137
0.506337 0.214536 0.226753 131 150 161
0.518606 0.238719 0.221880 197 209 231
0.520852 0.242982 0.222552 182 192 205
0.522396 0.250868 0.219819 217 236 240
0.523911 0.256257 0.219958 169 181 196
0.375216 -0.109110 0.278845 210 208 223
0.375505 -0.099277 0.278390 110 144 138
0.395003 -0.059636 0.271089 163 185 204
0.397745 -0.046581 0.268146 174 192 204
0.418833 0.002908 0.258887 161 180 189
0.459034 0.103170 0.241745 23 45 46
0.464589 0.111852 0.241055 19 35 38
0.467707 0.123408 0.239511 19 35 36
0.469822 0.124363 0.239837 36 40 45
0.490821 0.184352 0.229199 102 122 132
0.494842 0.190512 0.228083 134 159 178
0.495809 0.192886 0.227791 132 163 177
0.497868 0.201343 0.226431 132 159 173
0.505154 0.216725 0.223601 160 185 200
0.512286 0.235046 0.220743 173 190 199
0.521049 0.253611 0.217230 226 229 236
0.367680 -0.118726 0.277805 180 176 217
0.375929 -0.097362 0.275158 112 152 153
0.376969 -0.091710 0.271724 179 191 231
0.379368 -0.085100 0.273116 103 167 203
0.385747 -0.065828 0.268353 179 171 167
0.394141 -0.048653 0.266764 163 203 213
0.410641 -0.010888 0.260182 165 183 190
0.415362 -0.003620 0.258375 164 183 194
0.457758 0.103056 0.240573 0 12 15
0.459557 0.107133 0.239846 0 23 28
0.463322 0.117218 0.239511 15 36 40
0.463790 0.118294 0.235978 24 22 22
0.468766 0.136504 0.233737 53 63 80
0.471178 0.143776 0.233389 73 55 62
0.472844 0.147446 0.232588 105 97 103
0.488879 0.182236 0.228326 100 105 115
0.490110 0.184507 0.226470 113 117 124
0.492588 0.187091 0.225919 116 114 119
0.497914 0.204900 0.221948 178 148 156
0.499411 0.207403 0.221769 71 117 141
0.499883 0.209176 0.221730 104 126 140
0.503738 0.214224 0.222066 131 175 197
0.503880 0.218162 0.220855 139 169 192
0.505215 0.220780 0.220072 138 181 203
0.512276 0.233772 0.218362 140 157 163
0.368335 -0.110571 0.272414 176 255 255
0.369823 -0.101615 0.273549 177 253 255
0.456686 0.104894 0.237591 42 0 0
0.466422 0.135598 0.230573 40 43 49
0.467857 0.136910 0.230776 48 55 66
0.470273 0.143545 0.231143 60 52 60
0.472212 0.147020 0.229996 112 105 114
0.473066 0.150043 0.228526 103 91 100
0.476810 0.154950 0.227301 81 72 77
0.478880 0.160298 0.226830 82 66 71
0.477453 0.163483 0.226711 103 82 88
0.481130 0.170982 0.224794 65 41 40
0.491758 0.189971 0.223129 95 107 119
0.500127 0.212265 0.219017 115 157 176
0.505795 0.222799 0.217106 123 154 174
0.505729 0.228078 0.218163 194 204 236
0.385945 -0.061288 0.263325 147 178 198
0.409834 -0.000080 0.250608 161 182 193
0.421102 0.027035 0.248675 134 164 174
0.446621 0.091350 0.236226 157 168 169
0.447847 0.095484 0.235825 148 168 173
0.449592 0.097082 0.235761 144 161 169
0.450977 0.100420 0.235382 133 142 148
0.452405 0.105189 0.235139 74 63 69
0.454046 0.106211 0.233939 51 33 41
0.465877 0.134347 0.229873 66 75 85
0.464568 0.137149 0.230038 20 16 29
0.470650 0.149318 0.228596 67 55 66
0.471775 0.151614 0.227509 72 61 75
0.472939 0.153365 0.226350 105 85 105
0.474132 0.157945 0.224752 53 34 48
0.473849 0.160887 0.224880 42 17 32
0.479058 0.168025 0.223424 97 72 78
0.478828 0.170075 0.222205 96 52 60
0.481964 0.179451 0.221984 81 84 79
0.446289 0.092501 0.234248 145 173 179
0.446228 0.094238 0.232538 150 181 194
0.447869 0.101398 0.231239 143 171 174
0.449935 0.104060 0.231864 186 211 185
0.451897 0.109894 0.228742 55 47 49
0.461799 0.137979 0.226276 134 159 174
0.471958 0.158717 0.224926 26 30 27
0.472846 0.165702 0.221003 136 99 81
0.475757 0.167948 0.222034 90 62 65
0.478191 0.171050 0.221066 106 45 56
0.491017 0.205503 0.214498 54 58 78
0.390229 -0.032788 0.252740 205 225 253
0.392050 -0.027933 0.250496 250 233 197
0.441944 0.088033 0.232100 159 172 174
0.460976 0.138397 0.225742 120 135 151
0.472683 0.165831 0.219193 169 89 114
0.484400 0.193439 0.213514 39 46 51
0.394044 -0.018782 0.249843 116 121 179
0.410245 0.015341 0.242178 179 175 230
0.418064 0.033542 0.238792 117 168 192
0.435794 0.080156 0.230919 162 176 180
0.441944 0.098275 0.228045 184 171 189
0.401124 0.004999 0.242876 111 176 198
0.398612 0.004535 0.238292 174 167 148
0.415922 0.045563 0.232964 197 216 222
0.481529 0.206888 0.203874 38 49 61
0.423021 0.084412 0.216636 111 163 188
0.549275 -0.105520 0.456747 101 116 114
0.544660 -0.115485 0.456048 107 114 110
0.548175 -0.106745 0.455582 116 126 112
0.543338 -0.115421 0.454117 98 117 116
0.531910 -0.118901 0.444629 87 141 148
0.526072 -0.124078 0.443174 109 122 129
0.596368 0.105055 0.377365 90 76 58
0.495332 -0.130493 0.415409 120 129 119
0.595520 0.103218 0.376176 77 40 36
0.490851 -0.138706 0.414732 116 126 125
0.492116 -0.136715 0.415272 120 128 120
0.591070 0.107561 0.372771 123 97 75
0.591544 0.109086 0.371911 118 107 86
0.485761 -0.144966 0.411261 115 135 123
0.489538 -0.136035 0.410683 108 126 131
0.491631 -0.133117 0.411893 116 125 122
0.589127 0.104162 0.371624 97 68 41
0.585329 0.103436 0.367831 91 63 36
0.585248 0.110595 0.362819 92 56 21
0.488335 -0.125350 0.402151 102 157 154
0.584863 0.110588 0.362512 87 55 27
0.582600 0.113420 0.356717 116 81 32
0.469162 -0.152912 0.399683 40 84 97
0.572010 0.096640 0.356665 129 98 45
0.545298 0.040640 0.364613 157 106 60
0.545305 0.044602 0.363505 139 105 61
0.547668 0.049100 0.360965 128 111 87
0.540621 0.042751 0.355780 117 76 25
0.512152 0.177807 0.248928 180 201 217
0.518031 0.191388 0.243435 173 191 207
0.519708 0.202157 0.241408 167 182 189
0.383288 -0.129205 0.296275 161 145 134
0.532142 0.240429 0.232096 170 180 188
0.504765 0.173960 0.240497 202 213 221
0.511015 0.192979 0.237884 151 172 185
0.518665 0.205911 0.236715 180 195 207
0.534894 0.250167 0.230308 166 186 201
0.375500 -0.133324 0.289277 172 199 210
0.377333 -0.126058 0.289451 167 193 203
0.383246 -0.112406 0.286567 173 196 206
0.405584 -0.060632 0.277076 163 179 187
0.415364 -0.035018 0.273275 167 176 184
0.500394 0.170679 0.237524 183 187 184
0.502875 0.177078 0.236538 170 188 200
0.504279 0.179493 0.235610 175 206 218
0.505409 0.181949 0.237374 167 185 194
0.533212 0.252058 0.227012 166 181 198
0.374774 -0.132422 0.289604 181 199 211
0.375267 -0.130261 0.288178 175 198 208
0.375467 -0.127321 0.287807 162 193 209
0.377766 -0.124245 0.286204 167 185 197
0.383260 -0.110896 0.284399 163 188 198
0.394427 -0.085330 0.280894 168 186 193
0.489641 0.154002 0.240287 113 127 139
0.499239 0.173448 0.234822 164 185 192
0.500271 0.176596 0.234353 170 186 196
0.502055 0.180957 0.235983 162 178 187
0.501876 0.182011 0.233462 152 169 171
0.507691 0.201655 0.231405 171 200 213
0.520890 0.226515 0.228651 174 183 191
0.527687 0.240314 0.225209 175 191 200
0.532197 0.251930 0.222681 195 205 217
0.373130 -0.129217 0.284913 77 135 176
0.378023 -0.112917 0.281254 140 194 206
0.379813 -0.111310 0.283820 161 211 246
0.382090 -0.105015 0.281024 163 187 203
0.388017 -0.090742 0.278078 184 191 194
0.465256 0.100419 0.245727 0 50 56
0.471757 0.117255 0.242057 78 93 104
0.496787 0.174395 0.234330 158 181 193
0.498273 0.177522 0.234217 162 178 185
0.499060 0.181200 0.233078 159 175 182
0.503094 0.194593 0.229818 150 168 181
0.508810 0.199407 0.229006 148 175 188
0.525690 0.244882 0.220867 184 199 210
0.530879 0.253130 0.219554 228 246 253
0.369834 -0.128411 0.284059 68 95 131
0.375449 -0.115481 0.280116 162 177 150
0.377742 -0.111524 0.277426 168 206 217
0.383345 -0.095990 0.275638 221 204 225
0.401758 -0.048311 0.267368 156 178 183
0.465559 0.101174 0.242282 0 3 8
0.465739 0.104352 0.240678 73 49 50
0.467763 0.109436 0.240473 48 30 32
0.471586 0.122786 0.238389 32 31 37
0.471824 0.123410 0.238310 38 39 51
0.491246 0.168313 0.231491 90 90 86
0.492396 0.172581 0.230104 86 86 87
0.493017 0.175486 0.230145 89 88 97
0.497207 0.179315 0.230194 132 157 171
0.501476 0.191375 0.227881 126 156 178
0.501567 0.193255 0.226540 68 129 146
0.503747 0.197214 0.225637 97 129 151
0.505847 0.200428 0.226099 140 174 195
0.506571 0.204468 0.226879 139 170 186
0.507954 0.207397 0.225645 141 163 180
0.507849 0.210247 0.224048 137 171 188
0.510379 0.218631 0.223596 160 198 214
0.518782 0.238029 0.220804 197 204 213
0.522549 0.243376 0.216901 174 188 197
0.371484 -0.119926 0.278190 127 164 180
0.377355 -0.105993 0.277036 166 159 162
0.379819 -0.101679 0.274644 203 241 255
0.384392 -0.086479 0.273964 153 189 187
0.397718 -0.054665 0.267350 170 197 215
0.400423 -0.050288 0.266701 172 187 199
0.411980 -0.021042 0.262986 168 182 194
0.417462 -0.008200 0.257721 160 179 187
0.426849 0.016404 0.255416 154 169 176
0.464079 0.104510 0.240194 60 80 69
0.466697 0.112930 0.240466 0 35 46
0.466936 0.113858 0.238153 66 58 65
0.470581 0.122868 0.237789 21 26 29
0.493789 0.182382 0.225471 97 104 112
0.496316 0.186727 0.224972 116 114 125
0.500012 0.194879 0.222595 160 189 209
0.501508 0.197089 0.225274 37 112 155
0.503316 0.203311 0.222055 74 115 133
0.506183 0.210318 0.221472 122 151 168
0.511321 0.219250 0.220062 139 176 195
0.517909 0.239500 0.217265 158 177 184
0.520026 0.243669 0.216413 201 183 179
0.382308 -0.087854 0.270143 194 183 175
0.421517 0.009673 0.252447 173 185 198
0.431110 0.030960 0.251313 151 168 178
0.459219 0.101797 0.238345 12 7 12
0.459847 0.106094 0.237884 0 0 14
0.464147 0.112267 0.235033 0 22 22
0.466301 0.116548 0.235788 59 64 71
0.466260 0.121172 0.233113 0 43 48
0.476188 0.146435 0.230631 99 84 89
0.492715 0.183450 0.223337 92 100 100
0.508378 0.218854 0.216926 112 131 138
0.508505 0.224282 0.218735 168 194 212
0.511101 0.227804 0.215209 149 171 188
0.512675 0.230287 0.214124 180 213 235
0.514981 0.241686 0.213838 172 186 194
0.518968 0.244059 0.213220 190 201 199
0.397171 -0.046093 0.260016 197 174 197
0.422449 0.019274 0.250223 140 181 200
0.424570 0.027354 0.247679 145 177 196
0.457695 0.102873 0.235503 46 26 36
0.457585 0.109553 0.234058 26 0 0
0.465356 0.121580 0.231729 2 21 27
0.470460 0.133422 0.228459 36 32 35
0.470689 0.134948 0.230078 26 54 63
0.474870 0.145929 0.227058 81 80 88
0.477510 0.152513 0.226575 91 71 79
0.477169 0.155568 0.226030 80 69 78
0.480589 0.161226 0.223315 102 91 104
0.488943 0.175574 0.223139 42 63 70
0.489961 0.183867 0.223037 79 90 95
0.504628 0.220253 0.213189 123 153 166
0.384930 -0.070298 0.261015 156 192 226
0.394313 -0.040107 0.256003 124 157 172
0.411791 0.003392 0.249505 187 192 208
0.414230 0.008294 0.248391 173 187 190
0.450355 0.092510 0.233031 146 167 175
0.451808 0.096072 0.233971 142 160 165
0.453143 0.099433 0.232199 127 154 157
0.454333 0.103624 0.231970 88 81 86
0.455754 0.104929 0.232585 60 43 47
0.471122 0.143173 0.223481 25 36 42
0.472235 0.147418 0.226867 75 63 74
0.475297 0.150263 0.224281 101 82 91
0.475318 0.152288 0.223712 93 85 94
0.476352 0.156900 0.224709 47 30 50
0.480101 0.162644 0.222090 108 94 110
0.480373 0.166433 0.221470 71 57 68
0.481030 0.169498 0.221151 87 61 68
0.486723 0.178171 0.219381 52 59 55
0.493914 0.196642 0.216680 47 42 60
0.501517 0.219661 0.212820 102 112 114
0.503680 0.223155 0.212377 102 117 113
0.435340 0.066012 0.236242 153 166 172
0.445461 0.088717 0.232516 151 165 171
0.447347 0.092757 0.232653 151 168 167
0.453486 0.104811 0.230650 56 16 20
0.455289 0.106653 0.229814 42 0 8
0.473410 0.158844 0.220283 77 101 97
0.478611 0.167138 0.218687 85 54 52
0.480633 0.174400 0.218965 57 24 19
0.482617 0.177783 0.216790 31 33 30
0.482423 0.180130 0.217677 50 52 49
0.488051 0.191652 0.216988 33 35 38
0.432364 0.057398 0.235200 155 178 186
0.444379 0.093665 0.227696 152 175 180
0.469887 0.153770 0.217139 72 67 79
0.477279 0.168027 0.215159 55 6 61
0.486706 0.191497 0.212931 60 68 74
0.389599 -0.036381 0.248289 101 117 121
0.404838 0.001059 0.240035 146 173 187
0.417306 0.026974 0.236236 115 220 255
0.436170 0.074280 0.229446 137 163 176
0.446410 0.101609 0.224816 128 156 176
0.447109 0.104133 0.224700 138 144 148
0.463470 0.143959 0.217979 0 0 0
0.387347 -0.038808 0.245573 161 169 152
0.439278 0.090611 0.223586 166 155 143
0.438939 0.094883 0.218954 144 230 255
0.394644 -0.006934 0.235850 149 164 184
0.542309 -0.120484 0.450719 109 121 121
0.544574 -0.116388 0.449866 54 92 114
0.547575 -0.111723 0.451173 86 94 74
0.545119 -0.112539 0.448519 79 102 118
0.596638 0.102160 0.373089 83 71 39
0.595835 0.106652 0.373472 112 91 53
0.489063 -0.147200 0.413513 126 126 117
0.488575 -0.147691 0.410290 121 128 118
0.488483 -0.144663 0.409750 129 123 117
0.491365 -0.141779 0.409442 113 127 127
0.494186 -0.137049 0.409914 118 126 131
0.589895 0.100212 0.369224 118 73 36
0.591842 0.101676 0.369438 65 59 44
0.488285 -0.145210 0.407540 130 128 127
0.588245 0.107213 0.364679 61 38 22
0.485934 -0.130992 0.395484 124 124 121
0.568160 0.083757 0.356306 164 137 103
0.545829 0.037202 0.359287 151 105 66
0.563083 0.088683 0.348152 122 109 83
0.559144 0.079593 0.348680 132 125 107
0.559679 0.081516 0.345676 121 113 88
0.554847 0.081143 0.346284 151 115 84
0.535940 0.040736 0.345945 152 93 34
0.544436 0.067178 0.340571 157 116 66
0.385628 -0.135178 0.296757 144 133 108
0.496135 0.144311 0.247329 142 159 166
0.505586 0.164090 0.243308 192 202 210
0.494632 0.145291 0.243696 166 172 172
0.529856 0.229106 0.227758 177 182 194
0.376856 -0.132371 0.288308 169 195 204
0.379951 -0.128686 0.287591 168 193 203
0.381488 -0.126137 0.287255 165 189 198
0.494804 0.151726 0.240049 135 152 160
0.500490 0.163915 0.237788 117 120 130
0.503061 0.170567 0.238080 188 206 219
0.504511 0.174530 0.235938 176 189 199
0.535611 0.253475 0.224007 185 193 202
0.378245 -0.127853 0.284474 173 192 186
0.382989 -0.119339 0.282392 163 189 202
0.385524 -0.108947 0.282902 175 194 201
0.387446 -0.105409 0.280118 172 193 199
0.492494 0.153202 0.236100 91 90 89
0.494178 0.155734 0.236135 102 108 109
0.494203 0.157492 0.236151 103 106 108
0.500471 0.169999 0.234274 159 182 190
0.500565 0.172307 0.233131 165 187 198
0.501516 0.175559 0.233515 177 185 189
0.502797 0.179370 0.231661 164 178 187
0.504935 0.180434 0.230877 183 190 199
0.509856 0.195250 0.230802 169 197 217
0.511842 0.198387 0.228430 159 190 205
0.528211 0.234547 0.221912 158 180 196
0.533690 0.250164 0.218847 179 195 202
0.533499 0.250732 0.218620 174 190 197
0.374613 -0.131899 0.285185 123 194 225
0.376613 -0.127283 0.282476 172 220 255
0.378727 -0.123380 0.280340 160 198 192
0.386417 -0.099891 0.278333 171 201 219
0.399222 -0.076959 0.273223 172 180 187
0.473203 0.108781 0.240784 12 23 27
0.478350 0.120598 0.239889 64 66 59
0.478357 0.120589 0.238586 94 97 98
0.496359 0.170344 0.230945 102 99 109
0.500314 0.172807 0.231869 140 163 178
0.500441 0.176846 0.231263 124 140 154
0.502633 0.179465 0.231020 117 149 181
0.505011 0.189067 0.228804 133 172 189
0.506153 0.192649 0.227224 153 188 207
0.509538 0.196536 0.226004 171 204 216
0.511874 0.202901 0.226150 181 202 211
0.516037 0.213694 0.224147 167 199 216
0.523387 0.238071 0.220238 180 193 204
0.526488 0.240435 0.221035 182 194 204
0.528054 0.246344 0.220375 182 196 204
0.531901 0.248703 0.218407 185 201 204
0.375437 -0.127678 0.278697 134 175 199
0.410994 -0.036454 0.265696 169 179 201
0.414000 -0.032637 0.263282 178 186 199
0.420314 -0.009332 0.258751 163 177 185
0.466229 0.100778 0.241506 0 24 26
0.467562 0.101824 0.240672 0 13 17
0.469004 0.107166 0.240171 7 15 20
0.473530 0.113344 0.238707 26 38 43
0.473715 0.116038 0.238717 11 35 44
0.475968 0.122131 0.236084 38 46 47
0.486659 0.150164 0.233459 68 77 75
0.495474 0.173571 0.227748 85 79 81
0.497793 0.181547 0.226665 120 124 139
0.502765 0.187820 0.224126 112 125 143
0.503775 0.189997 0.223338 117 102 116
0.504992 0.193239 0.225580 106 117 130
0.506562 0.195566 0.226024 99 116 131
0.516854 0.219382 0.220266 164 195 207
0.524440 0.244001 0.216627 171 187 196
0.526221 0.246994 0.215201 187 204 213
0.528081 0.248166 0.215151 182 206 223
0.376434 -0.109846 0.273184 150 178 169
0.384103 -0.097641 0.271868 178 233 255
0.384134 -0.095031 0.270669 101 140 146
0.402575 -0.053008 0.263565 169 179 186
0.423128 -0.005054 0.256138 162 183 191
0.464879 0.100818 0.237304 0 10 11
0.465419 0.101793 0.237091 0 24 26
0.468123 0.111675 0.238119 0 13 11
0.469898 0.112846 0.236090 10 26 27
0.472413 0.121781 0.235462 6 19 17
0.471432 0.122673 0.234855 0 0 0
0.484353 0.149289 0.231976 23 40 43
0.484684 0.153538 0.227802 33 43 54
0.508022 0.208200 0.218118 105 128 145
0.509790 0.213344 0.218959 106 150 174
0.510080 0.216185 0.217831 113 157 179
0.514978 0.222724 0.216787 171 197 211
0.522189 0.241236 0.214680 155 171 180
0.521939 0.242537 0.215019 175 182 184
0.378961 -0.101998 0.269473 148 173 183
0.396818 -0.063283 0.262968 183 204 235
0.401423 -0.044607 0.259327 157 132 102
0.428885 0.013858 0.250404 146 166 169
0.461740 0.101271 0.236899 0 18 27
0.460786 0.103616 0.234817 34 0 0
0.467223 0.111023 0.233669 15 17 21
0.467889 0.116999 0.233076 80 101 108
0.474210 0.130511 0.227855 27 40 47
0.492428 0.175931 0.223308 71 87 92
0.496062 0.185313 0.222177 82 97 103
0.504754 0.203909 0.217042 95 103 109
0.513022 0.228777 0.212724 183 202 225
0.520241 0.239281 0.210933 118 135 146
0.388369 -0.070895 0.263505 109 154 170
0.440811 0.050841 0.241355 137 155 164
0.460021 0.101695 0.233403 0 49 53
0.461900 0.104668 0.232298 41 0 13
0.472606 0.132575 0.226486 41 44 48
0.474316 0.132558 0.227527 75 84 87
0.476051 0.145279 0.225353 53 53 64
0.477408 0.148429 0.224185 74 67 77
0.478185 0.151512 0.223585 79 69 81
0.482238 0.157776 0.222672 90 82 89
0.482276 0.160428 0.221422 102 93 104
0.494592 0.183793 0.219333 91 86 94
0.494409 0.188329 0.219433 84 98 113
0.504112 0.214979 0.213984 101 122 137
0.507299 0.221119 0.212446 196 224 252
0.509725 0.223291 0.210872 125 139 147
0.516518 0.241478 0.207461 102 119 136
0.451199 0.087920 0.231337 149 169 179
0.452485 0.091879 0.231491 138 163 174
0.454571 0.095534 0.231823 146 159 165
0.456422 0.099257 0.229976 151 159 165
0.456417 0.101419 0.230254 122 133 139
0.459522 0.105974 0.229275 32 17 21
0.477255 0.147386 0.222026 49 37 51
0.477678 0.151782 0.222286 64 55 71
0.479000 0.153508 0.221026 68 69 94
0.481213 0.159219 0.221244 92 81 96
0.481856 0.161706 0.220366 92 81 93
0.483027 0.165580 0.218119 80 73 84
0.486060 0.169087 0.217312 57 43 55
0.487467 0.176987 0.217394 62 59 59
0.489039 0.177799 0.217272 63 61 58
0.491109 0.190656 0.214591 32 36 33
0.492209 0.193295 0.214487 15 16 19
0.510962 0.234923 0.206289 205 175 131
0.411463 -0.003757 0.244776 148 174 220
0.446788 0.084195 0.230534 153 173 184
0.448981 0.090202 0.230426 140 167 181
0.452065 0.091436 0.228525 126 167 181
0.452601 0.094585 0.227937 118 148 141
0.454178 0.098155 0.228678 166 150 148
0.455264 0.101730 0.226920 172 193 176
0.456350 0.106664 0.228534 17 15 17
0.461099 0.116294 0.222780 8 8 5
0.470895 0.143853 0.220005 8 0 16
0.472646 0.146940 0.221220 37 37 40
0.481930 0.165799 0.216831 94 66 97
0.481912 0.168433 0.217879 96 68 79
0.403015 -0.023191 0.245043 144 155 150
0.412796 0.004731 0.241077 132 168 185
0.442502 0.079259 0.228854 151 165 173
0.445875 0.085722 0.226035 140 159 170
0.451171 0.098989 0.226800 124 120 165
0.469735 0.143506 0.216419 2 0 0
0.388071 -0.047424 0.246062 187 153 122
0.390981 -0.043108 0.247219 129 165 162
0.391310 -0.040592 0.245565 178 175 153
0.403987 -0.009879 0.240727 148 174 187
0.416409 0.020451 0.234030 155 170 169
0.442247 0.082406 0.225499 135 151 155
0.466557 0.142425 0.214943 0 0 9
0.491132 0.205777 0.205416 36 46 45
0.496739 0.218228 0.204090 81 88 94
0.403731 -0.009265 0.238044 154 171 181
0.431066 0.062301 0.226778 142 184 200
0.385540 -0.042031 0.239969 184 177 164
0.435933 0.082498 0.221196 127 173 187
0.397359 -0.004236 0.232559 243 223 208
0.427646 0.067776 0.220193 156 196 215
0.435609 0.091925 0.214971 106 199 216
0.427488 0.080946 0.210949 127 160 196
0.431370 0.090956 0.212071 207 229 231
0.593601 -0.052059 0.455619 105 148 167
0.574739 -0.082695 0.456922 112 119 103
0.573654 -0.081529 0.453904 107 121 114
0.551187 -0.114693 0.448555 76 94 81
0.553344 -0.111010 0.448522 109 117 108
0.548044 -0.115290 0.446340 79 96 91
0.541846 -0.122929 0.446131 110 133 133
0.543807 -0.121902 0.444900 91 107 100
0.540657 -0.123428 0.443083 109 132 131
0.536369 -0.125807 0.441575 114 131 127
0.538005 -0.124993 0.440002 111 128 123
0.527938 -0.109627 0.425804 102 139 125
0.611703 0.115397 0.377843 129 115 75
0.600301 0.094657 0.377806 130 82 45
0.506191 -0.132579 0.412572 94 140 155
0.604168 0.107781 0.370743 126 109 78
0.598106 0.100208 0.371212 119 101 61
0.603335 0.110138 0.368230 106 79 50
0.599955 0.111625 0.365234 97 79 54
0.490501 -0.149811 0.408862 124 121 110
0.493034 -0.143428 0.405434 83 86 71
0.491617 -0.143897 0.405454 126 115 96
0.498444 -0.122494 0.399949 100 176 222
0.588064 0.108540 0.356027 94 64 31
0.490876 -0.128937 0.394426 111 164 181
0.474167 -0.154110 0.394289 74 119 131
0.529493 -0.016692 0.369364 52 48 36
0.548070 0.027224 0.361611 110 119 107
0.575878 0.101940 0.350082 172 122 80
0.548915 0.038879 0.357692 147 141 116
0.512020 -0.046849 0.367472 63 156 255
0.559756 0.067841 0.348461 148 128 101
0.511522 -0.042635 0.365738 58 128 231
0.527495 -0.001264 0.361038 65 55 53
0.541249 0.031554 0.352648 96 60 28
0.562465 0.080178 0.343991 134 113 79
0.543676 0.037773 0.349817 131 106 44
0.549327 0.055720 0.345047 186 133 76
0.563131 0.090573 0.339872 128 108 58
0.384098 -0.134360 0.288488 160 168 167
0.540402 0.245331 0.225274 182 194 200
0.543324 0.254184 0.222912 213 219 219
0.379805 -0.133945 0.285475 166 194 202
0.387095 -0.121628 0.284184 162 182 187
0.396170 -0.101898 0.279562 168 192 195
0.423253 -0.034728 0.269227 157 165 173
0.506012 0.166678 0.233831 171 180 186
0.505915 0.169696 0.233400 181 196 205
0.507241 0.173132 0.232641 187 200 211
0.510502 0.182585 0.231728 165 183 197
0.515059 0.193740 0.228428 168 186 197
0.538391 0.247197 0.219929 169 182 190
0.379690 -0.133294 0.285116 170 188 202
0.395457 -0.094249 0.275217 170 189 199
0.404137 -0.068918 0.272480 167 185 189
0.495293 0.146263 0.236571 102 99 102
0.495448 0.151650 0.233869 94 108 113
0.497638 0.158784 0.232806 111 112 115
0.503464 0.168383 0.233218 177 198 209
0.503629 0.171064 0.231609 151 173 187
0.504717 0.173563 0.231922 173 194 208
0.505833 0.178782 0.230539 169 195 210
0.507985 0.182331 0.228976 128 162 169
0.506898 0.183698 0.228974 143 175 193
0.513218 0.194170 0.226270 105 137 151
0.513880 0.197249 0.229162 169 177 186
0.530727 0.242088 0.219321 174 189 203
0.534302 0.250015 0.218034 181 193 199
0.474116 0.105706 0.239797 0 0 0
0.476680 0.108628 0.238159 56 63 63
0.476969 0.109827 0.238172 65 72 70
0.477957 0.114091 0.236970 30 38 33
0.494344 0.151079 0.232367 104 108 108
0.501049 0.170004 0.227128 93 97 104
0.503019 0.173862 0.228478 116 128 140
0.505853 0.182443 0.229172 147 181 202
0.507519 0.185455 0.227091 159 196 221
0.508968 0.186645 0.226389 124 180 202
0.508318 0.191553 0.224516 131 156 174
0.511248 0.194578 0.226064 103 135 152
0.513781 0.201230 0.223562 122 153 173
0.517672 0.212134 0.221441 162 199 217
0.532870 0.248297 0.216245 180 195 205
0.382043 -0.114851 0.275963 180 185 208
0.426686 -0.002212 0.254450 156 173 181
0.469176 0.101619 0.238038 4 13 15
0.472287 0.105296 0.237993 21 26 24
0.472742 0.107200 0.237069 12 27 29
0.474571 0.111216 0.236148 12 20 21
0.475908 0.114965 0.237093 21 26 24
0.477474 0.119350 0.233461 0 40 47
0.476969 0.121031 0.234538 32 29 29
0.485887 0.141649 0.230816 34 43 43
0.493979 0.155783 0.228613 137 145 151
0.493429 0.158319 0.229497 123 131 134
0.499966 0.168172 0.226735 92 90 88
0.498243 0.170655 0.227024 91 94 97
0.499589 0.177459 0.225079 99 115 130
0.509853 0.194402 0.221260 132 119 121
0.510741 0.196717 0.220682 255 255 255
0.512559 0.201609 0.220302 108 168 198
0.514154 0.209104 0.220383 142 186 202
0.514271 0.211581 0.218635 137 172 185
0.518507 0.219776 0.220216 172 205 224
0.376043 -0.122061 0.272623 233 246 255
0.415259 -0.026557 0.257293 164 186 195
0.417762 -0.020556 0.256386 165 184 194
0.419364 -0.014599 0.253827 161 183 190
0.424919 -0.009718 0.254051 163 179 188
0.428271 0.007920 0.251895 152 171 178
0.465718 0.099584 0.236203 0 7 10
0.466615 0.102059 0.235086 0 74 83
0.475830 0.119922 0.233048 8 18 19
0.475256 0.120995 0.231662 9 16 5
0.497854 0.172404 0.224074 81 80 86
0.498231 0.175562 0.223145 88 93 100
0.502161 0.186020 0.219625 87 86 87
0.519300 0.229730 0.212684 140 188 212
0.404801 -0.047336 0.256067 143 172 185
0.419457 -0.009485 0.252679 159 179 187
0.421737 -0.009843 0.251999 171 183 200
0.421279 -0.005721 0.251099 158 184 191
0.422895 0.000427 0.250588 161 188 195
0.466310 0.102739 0.231837 34 18 27
0.468158 0.108717 0.232582 0 5 7
0.469288 0.111248 0.232700 205 231 255
0.474790 0.121106 0.230152 0 0 0
0.499203 0.184288 0.218820 91 96 106
0.499325 0.185361 0.218380 108 113 111
0.507857 0.207280 0.214715 93 114 136
0.507527 0.210597 0.214071 28 129 183
0.514294 0.217068 0.212930 151 185 208
0.513569 0.220429 0.214072 154 188 212
0.518317 0.229593 0.212354 129 162 179
0.524286 0.245784 0.206079 40 64 83
0.525658 0.248212 0.205874 73 114 141
0.425940 0.007883 0.245335 153 177 186
0.427355 0.016913 0.245753 149 172 182
0.431988 0.023152 0.243857 154 173 180
0.434702 0.031018 0.243581 139 162 172
0.441558 0.046913 0.238106 139 162 170
0.458146 0.095095 0.231037 136 157 160
0.465251 0.103265 0.230029 67 51 25
0.466069 0.104322 0.229936 40 0 29
0.474532 0.130871 0.222886 30 22 28
0.475241 0.132039 0.225749 67 76 74
0.477993 0.144801 0.222832 28 37 41
0.484490 0.157785 0.220647 79 77 87
0.486469 0.160087 0.219042 67 63 71
0.495972 0.179890 0.217192 50 62 69
0.499654 0.192904 0.213149 81 82 90
0.511317 0.218205 0.211243 123 191 244
0.514969 0.229854 0.208530 141 177 188
0.516380 0.239023 0.206618 151 179 201
0.522717 0.245728 0.205756 58 86 110
0.375960 -0.105689 0.263410 172 185 178
0.430356 0.027518 0.240513 157 178 185
0.456231 0.089063 0.229019 148 166 177
0.457660 0.092698 0.229722 139 155 165
0.457865 0.097750 0.228494 148 158 166
0.459473 0.100058 0.227945 135 136 145
0.461847 0.105791 0.224310 63 53 57
0.464917 0.115991 0.225544 32 14 8
0.471957 0.131270 0.224173 48 69 66
0.479762 0.153160 0.219092 92 89 101
0.483394 0.158364 0.217904 41 38 45
0.484025 0.160886 0.218493 90 84 101
0.484587 0.163557 0.216303 55 60 68
0.487006 0.168899 0.217623 55 59 54
0.492609 0.177156 0.214149 72 74 60
0.412645 -0.010975 0.242166 215 215 206
0.414610 -0.000892 0.242734 168 192 207
0.439307 0.059556 0.232153 151 171 179
0.451037 0.082016 0.226802 147 167 175
0.457153 0.106360 0.224234 12 40 49
0.459232 0.107923 0.223727 41 48 52
0.481673 0.158768 0.216469 192 176 189
0.482744 0.159218 0.215134 143 109 156
0.485673 0.175346 0.212282 26 25 24
0.420524 0.018349 0.234329 185 209 221
0.441646 0.071877 0.228023 148 167 183
0.453778 0.098757 0.223956 157 146 156
0.479641 0.163995 0.212838 138 137 155
0.404763 -0.018778 0.240378 158 168 189
0.421272 0.028915 0.231258 238 214 204
0.427508 0.037331 0.229539 131 188 212
0.436480 0.061578 0.224464 130 181 207
0.501649 0.219440 0.198360 57 65 64
0.425529 0.046768 0.225654 112 157 180
0.391820 -0.032368 0.238677 185 195 175
0.391624 -0.031940 0.237217 194 158 113
0.394424 -0.026041 0.234152 164 138 104
0.428562 0.054616 0.222935 106 175 205
0.436363 0.073099 0.217593 68 151 189
0.405772 0.008986 0.225681 121 140 136
0.408711 0.019276 0.220030 81 101 110
0.590082 -0.078318 0.460727 118 126 141
0.585380 -0.081612 0.461940 113 104 98
0.587389 -0.081773 0.460432 103 111 108
0.595533 -0.059482 0.456289 111 148 174
0.579992 -0.081136 0.454298 102 105 89
0.582770 -0.079719 0.456078 106 110 105
0.575283 -0.089665 0.455436 98 120 117
0.578375 -0.082151 0.454459 114 115 102
0.574950 -0.084344 0.450779 101 112 103
0.570701 -0.086589 0.446782 98 118 112
0.571539 -0.085437 0.447965 108 111 108
0.558723 -0.099935 0.444403 88 105 97
0.547821 -0.119843 0.443165 95 94 74
0.547840 -0.113076 0.441446 84 96 88
0.546194 -0.116779 0.441595 94 107 102
0.552283 -0.095752 0.436175 104 119 121
0.541429 -0.125906 0.438698 113 138 142
0.550704 -0.099574 0.432696 104 103 102
0.552361 -0.094301 0.432740 105 116 116
0.535855 -0.127090 0.435917 96 127 114
0.547028 -0.099966 0.431660 112 109 106
0.548243 -0.097768 0.431470 103 108 105
0.551737 -0.093561 0.431804 104 114 114
0.530075 -0.114384 0.424601 97 128 112
0.543493 -0.084515 0.418629 97 113 113
0.544804 -0.073101 0.411122 114 137 131
0.604257 0.083323 0.380679 64 79 84
0.604692 0.088785 0.381121 89 95 87
0.509788 -0.140981 0.420024 112 99 76
0.610523 0.101347 0.377078 149 127 107
0.609848 0.105003 0.376102 135 113 91
0.608718 0.106813 0.375379 132 113 85
0.611231 0.110238 0.375841 122 98 78
0.509510 -0.138208 0.414729 106 116 117
0.610212 0.107666 0.371695 132 119 97
0.507863 -0.137616 0.410749 113 140 136
0.509584 -0.127986 0.411506 115 125 119
0.605944 0.101817 0.370469 125 118 85
0.599029 0.097189 0.368906 62 57 49
0.604005 0.107219 0.369684 120 98 67
0.498580 -0.144163 0.407551 91 137 145
0.498627 -0.142448 0.405682 93 101 97
0.599059 0.096989 0.367093 109 64 40
0.494278 -0.146562 0.406137 86 83 69
0.506024 -0.119039 0.398518 121 144 153
0.600388 0.110405 0.362996 105 79 54
0.589689 0.091943 0.362507 119 60 37
0.584179 0.083686 0.359887 140 118 100
0.585281 0.085440 0.358534 135 104 80
0.480185 -0.152486 0.391493 95 110 102
0.553763 0.027235 0.363690 123 118 100
0.548041 0.022431 0.359081 148 150 137
0.564003 0.060532 0.354306 113 109 64
0.566292 0.069959 0.351741 100 72 53
0.526759 -0.025588 0.364632 64 58 45
0.547602 0.022400 0.358033 134 127 106
0.541832 0.026177 0.349007 96 62 36
0.541338 0.052044 0.338079 123 104 60
0.427002 -0.046959 0.276736 160 173 182
0.388682 -0.129889 0.284303 171 188 200
0.508924 0.163875 0.233193 164 183 192
0.520690 0.191071 0.230798 181 211 224
0.525676 0.204412 0.230927 157 175 183
0.528806 0.209136 0.228803 167 183 193
0.388771 -0.125339 0.283978 163 184 194
0.397329 -0.103194 0.278262 169 188 195
0.400826 -0.096352 0.276130 172 187 191
0.500775 0.151078 0.234346 116 131 135
0.507491 0.162760 0.232698 163 186 194
0.507730 0.165698 0.232630 172 184 192
0.507802 0.170169 0.231629 168 194 211
0.511108 0.175465 0.230401 206 208 231
0.518206 0.191719 0.225719 176 193 203
0.412745 -0.062077 0.268015 166 182 184
0.480004 0.103674 0.239087 56 69 59
0.479153 0.105471 0.238773 111 125 117
0.497497 0.146260 0.232116 102 111 115
0.501405 0.160759 0.229714 90 95 93
0.509572 0.176204 0.228385 172 197 214
0.509582 0.179461 0.227420 140 179 205
0.512556 0.186793 0.224606 110 164 187
0.515942 0.189737 0.226141 207 238 253
0.517975 0.192874 0.225312 185 193 203
0.518074 0.197164 0.225735 115 139 155
0.524586 0.211986 0.221143 161 186 198
0.388496 -0.116821 0.275710 144 151 144
0.477724 0.104226 0.237550 76 83 81
0.477835 0.106830 0.237520 74 84 81
0.478938 0.109121 0.236429 73 74 74
0.479938 0.113194 0.237095 13 20 17
0.482067 0.115584 0.233712 53 56 46
0.485440 0.123646 0.234601 78 89 88
0.487330 0.129550 0.233934 94 107 103
0.495463 0.147428 0.230609 98 101 102
0.497585 0.156256 0.227379 121 127 127
0.503108 0.162015 0.227874 87 86 87
0.502562 0.165595 0.226235 86 92 102
0.504049 0.170782 0.226942 113 134 155
0.511883 0.186538 0.224656 123 176 197
0.517044 0.200499 0.219311 110 150 170
0.527751 0.228209 0.215152 184 194 204
0.535647 0.249085 0.212675 169 190 202
0.422446 -0.021670 0.255076 165 181 185
0.471497 0.101108 0.235801 0 0 0
0.473939 0.104793 0.234519 12 29 27
0.474672 0.107093 0.233192 1 4 4
0.476760 0.109396 0.236005 54 58 56
0.477419 0.113485 0.232346 24 25 24
0.479072 0.116247 0.233091 0 15 13
0.498164 0.164532 0.224906 104 105 102
0.500494 0.169024 0.225890 96 103 106
0.501721 0.168744 0.224617 48 70 71
0.503559 0.176073 0.221062 109 105 122
0.509277 0.189264 0.222484 110 124 139
0.512892 0.195362 0.219270 117 125 137
0.516040 0.206476 0.216438 113 167 186
0.520867 0.218445 0.215942 146 191 208
0.521536 0.220347 0.215341 164 192 209
0.523656 0.223284 0.212758 161 174 194
0.416807 -0.030475 0.254963 167 189 196
0.419227 -0.023560 0.252978 167 182 192
0.421818 -0.018103 0.252006 164 181 186
0.430570 0.004257 0.248849 148 169 177
0.434745 0.012736 0.245866 149 169 177
0.468155 0.096832 0.232125 92 85 80
0.472943 0.100419 0.233074 43 28 24
0.471695 0.103530 0.231122 14 0 0
0.473826 0.107028 0.231905 0 7 4
0.476398 0.111574 0.231189 0 0 0
0.477971 0.114415 0.230079 0 0 0
0.477082 0.117793 0.230656 0 5 0
0.486746 0.144161 0.226638 31 37 37
0.495490 0.160409 0.224053 82 88 86
0.504329 0.184981 0.220612 156 178 197
0.510641 0.196987 0.216051 142 164 164
0.510950 0.200609 0.215670 145 173 188
0.516704 0.211536 0.215633 143 184 201
0.520550 0.217624 0.213146 134 177 198
0.521270 0.218692 0.213008 134 179 210
0.521295 0.223161 0.210361 226 248 255
0.413336 -0.030501 0.253251 167 197 200
0.415342 -0.029056 0.250163 166 195 203
0.416997 -0.026152 0.252480 167 189 198
0.417145 -0.022476 0.250903 163 185 192
0.423888 -0.007513 0.249797 170 189 197
0.425416 -0.000431 0.247661 171 188 204
0.429121 0.003515 0.244855 151 178 186
0.430509 0.008590 0.247395 159 180 189
0.434660 0.016144 0.245642 143 165 175
0.438669 0.025507 0.242457 139 165 174
0.438236 0.032077 0.241464 138 165 174
0.468079 0.101485 0.230036 53 24 31
0.469315 0.103568 0.228846 44 15 27
0.475697 0.119689 0.228370 0 12 10
0.480554 0.134655 0.224925 27 28 32
0.483477 0.137822 0.222003 61 70 72
0.500239 0.182172 0.216942 85 90 103
0.511284 0.205365 0.211701 99 80 96
0.513131 0.210202 0.210432 65 83 98
0.525442 0.241368 0.204139 125 166 195
0.525167 0.246753 0.205159 67 92 109
0.526045 0.247859 0.205336 67 88 107
0.408764 -0.034927 0.250172 160 208 231
0.413023 -0.027153 0.249426 189 204 212
0.416892 -0.019767 0.249536 178 185 203
0.430554 0.014951 0.243642 155 181 186
0.447684 0.059756 0.236357 150 167 178
0.465653 0.102542 0.229362 47 36 41
0.466325 0.104013 0.229330 34 0 30
0.476472 0.129849 0.222675 17 24 30
0.478130 0.131150 0.222101 74 80 83
0.479492 0.134556 0.220856 25 29 30
0.482429 0.141330 0.220239 43 50 54
0.487248 0.154430 0.216484 35 34 48
0.487811 0.159377 0.217781 74 58 65
0.492164 0.165959 0.214509 73 77 78
0.493085 0.166858 0.214276 37 48 49
0.494506 0.174811 0.213578 70 76 68
0.514006 0.220244 0.207272 112 112 136
0.524776 0.246513 0.205035 88 111 121
0.382354 -0.093952 0.256783 140 168 174
0.402866 -0.049200 0.250666 202 208 215
0.427002 0.013232 0.238946 147 170 183
0.428903 0.014026 0.239387 136 175 192
0.451441 0.072305 0.230535 155 175 180
0.455771 0.087413 0.226729 148 168 177
0.460635 0.096260 0.226113 145 159 165
0.461309 0.099007 0.226217 144 147 157
0.465669 0.104785 0.224804 53 63 69
0.468371 0.116101 0.223688 45 32 34
0.475697 0.130353 0.221003 81 79 87
0.476651 0.132033 0.220673 84 99 108
0.479740 0.145540 0.218110 38 46 8
0.483451 0.150395 0.216469 29 29 29
0.485451 0.156031 0.213888 56 52 61
0.488521 0.159802 0.213916 49 41 35
0.487623 0.162614 0.214529 63 53 63
0.487514 0.166379 0.213955 36 43 45
0.491454 0.173900 0.213189 64 61 63
0.493409 0.174318 0.212951 71 71 66
0.505931 0.206466 0.207084 42 46 45
0.522481 0.246138 0.201879 117 139 151
0.376390 -0.101744 0.257640 143 196 248
0.403160 -0.036595 0.245852 253 255 255
0.407138 -0.030779 0.245917 201 202 201
0.417201 -0.006651 0.240293 253 234 226
0.437294 0.041879 0.231025 148 187 207
0.452746 0.083624 0.227028 148 164 171
0.455768 0.090016 0.222467 139 155 165
0.457725 0.096304 0.222336 123 156 153
0.461742 0.102487 0.223112 119 111 118
0.464507 0.115085 0.218988 42 33 34
0.476683 0.140742 0.214422 40 16 18
0.479860 0.149284 0.214380 12 20 22
0.484280 0.159996 0.213333 138 135 151
0.488518 0.171540 0.210878 32 29 26
0.398298 -0.045427 0.243217 127 160 168
0.443302 0.063304 0.226903 149 164 169
0.456367 0.098038 0.219459 173 141 130
0.457566 0.100275 0.218597 116 106 119
0.488608 0.173458 0.208071 40 34 14
0.495466 0.190627 0.203970 54 64 68
0.502088 0.211514 0.199410 44 50 43
0.435862 0.055894 0.224180 112 154 165
0.449095 0.088867 0.218674 136 171 190
0.381132 -0.071194 0.242618 215 196 188
0.421774 0.029413 0.226827 86 150 170
0.389768 -0.042360 0.232872 187 153 121
0.432571 0.066471 0.214036 103 130 138
0.443062 0.089068 0.211939 125 175 195
0.400614 -0.005676 0.224567 180 183 162
0.432037 0.071022 0.209664 96 166 224
0.438290 0.082166 0.210296 121 200 231
0.433958 0.086201 0.204972 68 89 116
0.604441 -0.071130 0.466295 108 153 166
0.601986 -0.068133 0.465934 106 143 173
0.579618 -0.087162 0.453560 111 114 101
0.558222 -0.114452 0.447556 104 119 113
0.560770 -0.110495 0.445434 98 115 115
0.570774 -0.086762 0.445187 115 118 119
0.557236 -0.115365 0.446374 101 116 111
0.560609 -0.104264 0.442333 103 128 134
0.553310 -0.116715 0.442065 76 81 75
0.548929 -0.119782 0.437388 66 66 61
0.548686 -0.115571 0.436823 100 109 103
0.554427 -0.105493 0.435307 108 115 108
0.554688 -0.104447 0.435532 107 118 116
0.556050 -0.092843 0.433441 106 127 129
0.541372 -0.125468 0.437421 76 126 134
0.548761 -0.111874 0.432957 104 109 103
0.549336 -0.110186 0.432385 101 107 98
0.553810 -0.095335 0.430937 100 117 118
0.556135 -0.088752 0.429317 116 133 142
0.546730 -0.113341 0.431914 103 105 105
0.549216 -0.102462 0.428534 101 100 90
0.551019 -0.098942 0.429576 107 111 104
0.546073 -0.084860 0.417128 95 120 116
0.547134 -0.085067 0.416358 98 114 113
0.614625 0.082480 0.386475 116 109 99
0.542877 -0.088704 0.415306 103 119 120
0.550977 -0.070036 0.409463 111 130 139
0.614100 0.083299 0.385479 67 65 56
0.541250 -0.087834 0.412331 116 129 132
0.543839 -0.078668 0.408851 121 137 132
0.546662 -0.073106 0.407785 118 136 140
0.605674 0.082817 0.380731 79 95 87
0.604876 0.082923 0.377437 69 62 34
0.605404 0.088535 0.375210 48 51 34
0.509307 -0.139025 0.412466 98 111 104
0.513581 -0.136556 0.410027 102 130 135
0.604544 0.086840 0.373075 85 79 60
0.605463 0.087930 0.373159 58 74 78
0.609854 0.099940 0.371165 130 117 94
0.609870 0.101608 0.371614 129 114 97
0.603764 0.093783 0.372341 119 88 60
0.606683 0.101821 0.369236 134 125 86
0.608975 0.102446 0.368165 123 114 96
0.608795 0.107258 0.366435 130 119 91
0.599269 0.085964 0.366911 118 89 50
0.605356 0.101205 0.365836 109 101 54
0.607681 0.106642 0.365239 111 105 77
0.596314 0.089979 0.366323 110 82 56
0.603491 0.101867 0.362502 116 110 80
0.600589 0.104052 0.360365 101 73 25
0.506917 -0.119723 0.395275 122 135 137
0.590584 0.083550 0.361440 121 86 49
0.599152 0.103930 0.356232 89 61 26
0.602024 0.110840 0.355558 129 110 100
0.498742 -0.134978 0.394388 114 134 137
0.502407 -0.120856 0.393283 97 124 122
0.502475 -0.119121 0.391716 124 116 99
0.585735 0.080814 0.359256 115 117 71
0.585571 0.082512 0.358638 111 98 75
0.586396 0.084657 0.357905 107 80 62
0.597893 0.109389 0.352651 81 83 60
0.497579 -0.128149 0.392296 118 146 144
0.502767 -0.120809 0.390079 94 108 104
0.502508 -0.119010 0.391547 99 121 115
0.569838 0.050127 0.361523 109 119 115
0.573646 0.055098 0.359346 114 140 138
0.588218 0.088251 0.354897 117 78 55
0.593395 0.105412 0.349776 100 82 59
0.595110 0.108737 0.350446 105 87 56
0.485151 -0.153522 0.393168 73 98 78
0.486108 -0.151695 0.392605 74 71 58
0.479796 -0.154561 0.390766 99 86 75
0.481130 -0.153613 0.389880 96 96 84
0.484223 -0.151432 0.390964 86 73 59
0.569652 0.063956 0.352845 110 108 83
0.480430 -0.153308 0.389640 94 86 67
0.483019 -0.151034 0.387280 90 105 98
0.550607 0.018552 0.360227 120 89 73
0.532806 -0.023985 0.363097 98 105 101
0.550989 0.027712 0.354635 118 89 54
0.564669 0.061523 0.348204 98 98 84
0.567608 0.065957 0.348202 86 91 79
0.526520 -0.025839 0.358650 91 90 77
0.526722 -0.020602 0.357601 71 62 59
0.530779 -0.008228 0.355896 63 58 40
0.556013 0.050117 0.346860 144 107 76
0.571146 0.088271 0.339314 197 128 57
0.540888 0.022767 0.347204 113 102 69
0.544811 0.034249 0.344510 121 114 72
0.543102 0.037422 0.337435 111 104 71
0.544489 0.040608 0.339348 106 110 95
0.544571 0.043847 0.337020 132 117 75
0.542189 0.050754 0.330548 170 113 52
0.482821 0.054702 0.266846 112 117 108
0.517809 0.163820 0.237689 164 166 181
0.402530 -0.109428 0.280039 170 180 186
0.513494 0.159250 0.237732 171 183 194
0.530535 0.200340 0.228824 183 216 231
0.536258 0.216696 0.225444 148 162 178
0.390268 -0.133439 0.281967 171 187 189
0.421279 -0.059225 0.270286 169 183 185
0.483583 0.097233 0.243504 64 79 56
0.510679 0.160753 0.232575 179 192 198
0.513546 0.168508 0.231250 179 188 201
0.513714 0.170057 0.232354 172 186 199
0.391880 -0.129337 0.279995 168 167 156
0.503065 0.150545 0.232821 88 96 96
0.508721 0.161639 0.231613 172 192 201
0.509366 0.163711 0.231426 177 205 224
0.509331 0.167107 0.230418 160 183 192
0.510434 0.171518 0.228903 190 204 214
0.519189 0.188993 0.224017 167 191 206
0.520404 0.191978 0.223811 183 189 207
0.384975 -0.133509 0.280107 164 187 202
0.387354 -0.125449 0.276416 161 183 214
0.391245 -0.124100 0.276859 159 204 212
0.392746 -0.118652 0.274720 169 194 200
0.394613 -0.112702 0.272654 166 197 205
0.402988 -0.090376 0.271923 168 185 189
0.403578 -0.085243 0.269467 177 179 189
0.482171 0.098857 0.238511 71 79 76
0.481018 0.101145 0.236889 111 127 119
0.503739 0.151843 0.230059 86 94 93
0.503884 0.155088 0.228771 87 92 92
0.504341 0.156289 0.229541 85 88 92
0.504817 0.161639 0.227319 79 84 92
0.507875 0.168022 0.226843 127 152 167
0.512062 0.174941 0.225294 113 128 145
0.517152 0.188201 0.223624 160 190 208
0.518078 0.190597 0.224264 171 204 221
0.519714 0.193432 0.221313 135 167 192
0.522081 0.195899 0.221581 136 157 169
0.523091 0.202916 0.219298 127 161 177
0.386073 -0.129428 0.274632 172 191 212
0.478937 0.098749 0.236141 77 82 86
0.479272 0.102091 0.235405 117 123 124
0.480047 0.104049 0.234912 104 109 109
0.481294 0.106786 0.232609 74 58 60
0.484365 0.112956 0.233787 52 61 37
0.482994 0.114968 0.232905 72 77 60
0.502371 0.153280 0.226535 99 105 104
0.501654 0.158462 0.224791 82 87 87
0.504488 0.160274 0.225317 84 85 86
0.502933 0.164323 0.224845 85 86 86
0.505249 0.168163 0.223722 110 117 127
0.509476 0.172131 0.223194 130 144 160
0.513733 0.189362 0.220966 106 133 151
0.516788 0.195896 0.220769 130 162 178
0.517556 0.198542 0.219450 124 158 173
0.521839 0.204385 0.218889 98 139 158
0.522909 0.213014 0.217533 128 178 204
0.417372 -0.042984 0.257653 174 189 209
0.420958 -0.037340 0.255822 167 181 188
0.422236 -0.033289 0.254688 165 184 191
0.422907 -0.029874 0.252843 172 179 184
0.477069 0.101600 0.232844 77 55 50
0.477336 0.106681 0.231518 63 55 56
0.479915 0.108748 0.231562 124 113 116
0.482226 0.110865 0.231446 86 89 90
0.482876 0.119290 0.231677 84 102 98
0.486083 0.125469 0.227759 55 68 64
0.487287 0.127995 0.227675 54 58 53
0.492822 0.145713 0.225239 48 57 58
0.503596 0.165530 0.221368 61 69 75
0.510265 0.182225 0.219498 131 147 163
0.526930 0.220979 0.212576 181 199 219
0.526769 0.225412 0.213953 165 199 217
0.379061 -0.126881 0.270221 174 224 255
0.409073 -0.052787 0.256532 169 185 212
0.414891 -0.037719 0.253470 155 185 203
0.420489 -0.029266 0.253587 165 181 190
0.422399 -0.026501 0.253323 165 183 189
0.420462 -0.023952 0.251527 164 182 193
0.424427 -0.021961 0.250317 166 179 187
0.425188 -0.017656 0.249985 164 177 183
0.426539 -0.014102 0.249676 162 177 184
0.427564 -0.010353 0.248471 163 181 185
0.428768 -0.007175 0.248033 158 175 181
0.430263 -0.004383 0.247568 155 174 182
0.432476 -0.001929 0.246618 146 167 173
0.435109 0.005547 0.244699 142 163 171
0.442017 0.023914 0.241097 138 163 174
0.472364 0.100385 0.230009 71 43 43
0.474400 0.102376 0.230201 47 25 21
0.476243 0.105365 0.230294 56 50 52
0.479094 0.115949 0.228585 63 57 51
0.483393 0.123051 0.227818 37 47 46
0.491408 0.141593 0.222612 97 96 103
0.513763 0.197635 0.215620 102 126 151
0.515446 0.199415 0.213593 102 128 131
0.516354 0.210937 0.211043 39 72 90
0.380943 -0.122463 0.265806 186 194 185
0.416511 -0.035613 0.249576 166 191 202
0.420588 -0.023878 0.248539 162 182 192
0.419888 -0.020714 0.247700 151 175 195
0.423558 -0.017129 0.246952 166 185 197
0.423939 -0.013762 0.246681 156 179 187
0.426363 -0.010710 0.246531 161 181 185
0.428151 -0.007428 0.246172 154 173 177
0.427637 -0.003904 0.246201 160 184 191
0.428986 -0.000271 0.244715 150 174 188
0.432359 0.006653 0.242096 129 161 169
0.436567 0.016999 0.240725 149 166 177
0.438320 0.019024 0.241110 148 167 177
0.440434 0.021741 0.241472 144 166 174
0.440899 0.027179 0.242031 137 164 175
0.470485 0.100648 0.229261 77 44 48
0.472934 0.104199 0.228431 69 37 45
0.472566 0.109417 0.226630 49 24 19
0.483163 0.125693 0.223158 86 104 106
0.481688 0.129347 0.222875 70 82 80
0.483480 0.133252 0.221281 37 43 44
0.483931 0.136981 0.221726 61 72 64
0.485890 0.138781 0.220386 63 78 75
0.495790 0.164283 0.215553 107 128 125
0.517399 0.213740 0.207410 99 128 134
0.521776 0.226996 0.205148 126 170 188
0.404624 -0.059390 0.252812 132 156 165
0.412433 -0.039663 0.248926 133 183 210
0.419192 -0.019119 0.247650 153 180 191
0.422195 -0.016538 0.245245 144 178 212
0.424297 -0.009473 0.245049 136 165 189
0.424778 -0.004124 0.244755 156 184 206
0.427861 0.000133 0.243771 158 185 197
0.431091 0.007847 0.238865 139 178 188
0.434695 0.019438 0.238745 149 169 175
0.438035 0.026639 0.235816 150 168 178
0.439941 0.030767 0.236419 147 167 177
0.441876 0.033843 0.236560 140 162 168
0.449362 0.051227 0.233714 140 162 173
0.449074 0.052930 0.230906 138 162 171
0.450029 0.056653 0.230912 144 164 171
0.461422 0.083458 0.225772 146 168 176
0.462294 0.089876 0.227362 120 140 150
0.463680 0.094292 0.225857 150 165 168
0.469095 0.103572 0.223342 108 113 119
0.472306 0.112309 0.221232 127 130 140
0.478950 0.129061 0.220956 77 88 96
0.480389 0.131152 0.219654 102 105 115
0.480824 0.133928 0.220491 33 36 37
0.483555 0.137938 0.219013 62 70 72
0.484322 0.140055 0.218692 71 76 81
0.492433 0.162467 0.213654 96 101 100
0.514371 0.209526 0.207489 119 103 82
0.523959 0.233076 0.202235 107 141 171
0.430319 0.017250 0.235421 147 190 198
0.435823 0.027910 0.234464 144 179 195
0.438146 0.030544 0.233474 113 165 210
0.439030 0.034730 0.233599 132 159 169
0.442596 0.040484 0.233470 141 163 169
0.444604 0.048340 0.229981 138 161 168
0.445259 0.052177 0.231564 146 166 173
0.447335 0.052544 0.229473 143 161 170
0.453572 0.073430 0.226106 148 170 175
0.464141 0.098059 0.224163 152 157 168
0.468096 0.102752 0.221369 119 117 125
0.470245 0.110972 0.218476 103 116 135
0.470852 0.113089 0.220497 111 110 118
0.482476 0.138227 0.216393 50 51 49
0.483008 0.142044 0.215545 43 31 31
0.484919 0.146752 0.215493 25 26 28
0.489819 0.158191 0.212550 40 36 46
0.489988 0.159741 0.213052 48 47 55
0.494156 0.167188 0.209872 65 55 62
0.496047 0.174565 0.210832 76 81 83
0.510513 0.205703 0.205257 43 51 51
0.415043 -0.020186 0.238778 255 255 237
0.430067 0.024791 0.232600 112 184 218
0.434197 0.032620 0.230587 125 177 211
0.438274 0.034446 0.230984 135 177 199
0.446081 0.053885 0.228056 149 167 176
0.447960 0.065255 0.226239 161 171 180
0.449276 0.066781 0.226635 150 169 179
0.450430 0.071941 0.224977 146 168 175
0.452176 0.072896 0.223237 144 174 183
0.455507 0.083303 0.224332 144 160 164
0.460344 0.089805 0.220493 164 177 182
0.461677 0.096854 0.219483 143 154 162
0.463645 0.099449 0.219585 181 155 159
0.491070 0.164859 0.208176 35 34 36
0.491799 0.167966 0.208466 38 41 46
0.496920 0.185114 0.203857 54 66 89
0.513972 0.226058 0.196670 18 20 30
0.408298 -0.029655 0.240185 99 119 126
0.433772 0.038185 0.228567 136 167 185
0.443817 0.064242 0.223956 152 165 179
0.458885 0.095011 0.218854 187 165 135
0.472882 0.132024 0.211730 113 120 124
0.497753 0.189525 0.202694 71 82 73
0.509837 0.216072 0.197769 5 1 4
0.426081 0.020975 0.227774 248 211 198
0.429347 0.031568 0.226582 141 218 250
0.445898 0.074173 0.219836 135 168 187
0.456045 0.094904 0.213091 200 179 117
0.469287 0.123045 0.209971 143 163 188
0.469106 0.126011 0.208999 147 159 166
0.448330 0.084808 0.213616 134 149 165
0.451902 0.087684 0.213404 198 237 249
0.451504 0.091840 0.214902 229 221 211
0.426125 0.033030 0.219891 255 255 223
0.426378 0.038498 0.221033 255 228 195
0.434817 0.052116 0.217276 139 176 202
0.412503 0.012070 0.222241 99 136 149
0.602178 -0.074273 0.461437 101 144 168
0.599415 -0.074658 0.459353 112 146 161
0.597497 -0.069152 0.453247 89 134 164
0.600160 -0.057196 0.450545 107 150 169
0.590668 -0.072484 0.451605 119 135 139
0.578732 -0.099949 0.452875 104 118 111
0.580707 -0.093340 0.452268 136 129 127
0.595902 -0.057163 0.447974 122 144 150
0.573653 -0.103739 0.448663 99 112 106
0.575739 -0.100710 0.448645 94 117 126
0.553745 -0.120647 0.437876 103 111 109
0.555378 -0.117094 0.438966 106 112 105
0.551476 -0.116664 0.436795 68 74 73
0.556009 -0.104857 0.433919 103 115 120
0.557398 -0.102196 0.433341 89 127 137
0.559025 -0.096675 0.431154 106 127 135
0.547343 -0.125198 0.433578 71 71 61
0.549803 -0.112175 0.431937 102 109 107
0.550365 -0.111000 0.431773 102 111 105
0.554419 -0.105617 0.431857 101 111 107
0.556818 -0.101499 0.429860 101 116 117
0.549658 -0.114786 0.429355 100 111 106
0.550039 -0.110126 0.429328 96 102 99
0.553136 -0.103273 0.428253 90 104 111
0.616596 0.079678 0.383427 125 107 88
0.546395 -0.084679 0.413046 115 138 147
0.542589 -0.085442 0.408488 130 144 142
0.547467 -0.077676 0.407492 118 148 152
0.539774 -0.088567 0.404257 117 134 128
0.540619 -0.087331 0.405249 124 133 130
0.543842 -0.083314 0.405070 126 144 139
0.532599 -0.098637 0.406784 120 146 151
0.588474 0.034750 0.382753 0 0 0
0.614035 0.098248 0.370312 131 121 101
0.613859 0.099736 0.371404 133 120 101
0.513483 -0.138838 0.409097 97 132 132
0.607413 0.084968 0.372121 80 65 33
0.611902 0.099867 0.370238 130 117 99
0.612535 0.100668 0.369675 135 120 102
0.531317 -0.088491 0.398112 91 133 141
0.602909 0.082443 0.368695 125 96 70
0.605106 0.085659 0.369684 103 56 50
0.611662 0.103201 0.366959 130 117 99
0.610950 0.103973 0.366383 130 116 100
0.601251 0.082291 0.366927 105 76 56
0.599378 0.084865 0.365688 99 82 41
0.606540 0.099253 0.363982 127 114 91
0.503320 -0.143106 0.401293 69 119 144
0.599356 0.084018 0.364000 115 82 38
0.501400 -0.147947 0.400987 68 106 132
0.502307 -0.144267 0.401048 74 116 129
0.590370 0.073810 0.362691 153 93 55
0.593497 0.079797 0.359931 118 90 61
0.600430 0.092319 0.359391 129 78 46
0.602730 0.099661 0.357224 77 61 31
0.603814 0.104678 0.355056 117 113 92
0.606455 0.110216 0.358032 120 99 92
0.588826 0.079207 0.359555 118 97 56
0.603284 0.106603 0.353907 130 115 98
0.499902 -0.135898 0.393357 91 117 124
0.501813 -0.131127 0.391021 105 126 123
0.503252 -0.128205 0.389473 101 117 110
0.502495 -0.127209 0.391388 109 126 110
0.505709 -0.120327 0.390678 101 112 104
0.587856 0.079572 0.355007 102 86 56
0.589433 0.084175 0.355865 100 83 57
0.590715 0.086550 0.355632 99 88 56
0.598329 0.102450 0.351053 108 99 70
0.597703 0.104787 0.352232 99 89 72
0.499833 -0.134628 0.391000 88 112 121
0.583348 0.074137 0.356364 158 114 84
0.587413 0.080998 0.352982 115 81 54
0.589508 0.084583 0.353539 96 80 52
0.589854 0.088256 0.351187 88 74 52
0.596497 0.101890 0.348935 95 67 42
0.488424 -0.151677 0.391325 71 103 112
0.490047 -0.144580 0.388506 91 113 120
0.573303 0.058608 0.353539 103 88 63
0.580940 0.072686 0.353995 136 108 69
0.581052 0.073819 0.349648 108 92 46
0.589168 0.090326 0.349967 57 67 65
0.594277 0.106433 0.348554 103 78 44
0.489176 -0.147066 0.385489 101 112 113
0.493413 -0.134562 0.383637 63 137 175
0.567124 0.050793 0.354228 130 128 113
0.571543 0.054290 0.353812 123 99 63
0.577052 0.066552 0.350321 120 99 52
0.483359 -0.153770 0.386825 74 93 100
0.484099 -0.150976 0.386983 74 104 102
0.485645 -0.146917 0.383709 103 113 106
0.486175 -0.144583 0.383419 110 117 114
0.550575 0.010547 0.356273 75 71 55
0.568169 0.051379 0.350366 130 132 107
0.548219 0.017988 0.353605 96 80 60
0.561082 0.045286 0.347835 139 121 111
0.532258 -0.017270 0.356956 54 60 58
0.532755 -0.012818 0.353540 45 61 53
0.543642 0.014416 0.347540 103 72 63
0.564345 0.059795 0.340754 141 119 99
0.519865 -0.035972 0.353247 92 92 68
0.525925 -0.023556 0.352946 91 89 96
0.547163 0.027424 0.342968 155 104 36
0.520776 -0.030171 0.352747 108 97 74
0.464473 -0.154933 0.368546 94 81 49
0.541123 0.030081 0.336461 127 106 51
0.538276 0.040037 0.329730 136 103 56
0.400681 -0.132215 0.289046 153 159 158
0.520522 0.162267 0.234972 160 166 177
0.514825 0.158254 0.233142 176 188 196
0.540692 0.222082 0.223562 134 148 160
0.511990 0.156619 0.230714 162 188 197
0.512092 0.159062 0.231095 174 193 201
0.512416 0.161645 0.231555 182 190 196
0.517950 0.170615 0.230682 175 190 204
0.526948 0.192247 0.224831 162 174 186
0.392886 -0.126187 0.277412 165 185 194
0.410366 -0.087069 0.270817 175 182 186
0.506827 0.146119 0.229656 53 53 49
0.508871 0.155902 0.228369 109 125 133
0.511221 0.157546 0.229419 150 174 186
0.513163 0.165438 0.226335 155 172 181
0.514442 0.170575 0.227624 201 215 231
0.522626 0.191981 0.221657 159 189 205
0.524681 0.196059 0.221477 187 217 237
0.526656 0.201126 0.221692 172 190 202
0.416041 -0.065537 0.262542 167 183 190
0.508008 0.159189 0.225204 91 93 98
0.514664 0.171224 0.224261 97 93 104
0.516360 0.179460 0.220704 118 131 149
0.516311 0.184416 0.221832 153 193 222
0.521425 0.187337 0.221546 198 231 247
0.521064 0.191621 0.221904 161 181 190
0.521452 0.192724 0.219560 212 236 254
0.526547 0.205113 0.217948 166 189 200
0.396205 -0.107321 0.267317 163 202 207
0.407479 -0.082667 0.262506 178 194 199
0.479206 0.097383 0.234165 80 84 88
0.480662 0.101044 0.233069 136 149 148
0.482209 0.103518 0.232752 130 142 140
0.483816 0.107255 0.232596 127 136 120
0.484304 0.109820 0.230874 98 109 107
0.487943 0.113121 0.230421 87 93 74
0.490336 0.121054 0.227431 61 67 61
0.498276 0.144808 0.224413 91 97 92
0.504503 0.152587 0.223200 106 120 129
0.506342 0.154802 0.223850 71 79 86
0.505401 0.160765 0.221637 87 87 92
0.508724 0.167592 0.221810 99 114 121
0.511134 0.172357 0.220324 110 121 136
0.516879 0.183495 0.219178 109 121 139
0.517379 0.186723 0.216948 167 197 210
0.519680 0.192667 0.218436 130 179 205
0.521669 0.197979 0.216071 143 180 197
0.529425 0.218428 0.212671 143 189 206
0.401019 -0.085196 0.262381 172 191 197
0.424095 -0.033981 0.250989 160 187 185
0.426249 -0.028738 0.251332 164 181 187
0.427234 -0.026626 0.250315 158 175 183
0.428538 -0.023336 0.249404 152 171 176
0.429954 -0.019398 0.248744 143 160 166
0.433449 -0.011058 0.246893 144 156 159
0.478289 0.098600 0.231363 79 89 74
0.479716 0.101152 0.231624 87 104 99
0.480284 0.103862 0.229713 119 126 119
0.480920 0.106609 0.229260 109 108 107
0.486310 0.114647 0.226848 149 158 137
0.485224 0.116650 0.227065 179 184 189
0.488953 0.122093 0.227503 33 41 32
0.488761 0.123396 0.226128 35 52 52
0.488697 0.126501 0.226176 39 45 40
0.505541 0.165130 0.221616 73 88 96
0.515309 0.192847 0.215075 143 166 181
0.518080 0.196019 0.211941 83 108 124
0.519229 0.200075 0.212147 150 192 219
0.527567 0.220296 0.211762 138 178 201
0.404291 -0.075522 0.258264 175 190 210
0.404227 -0.072394 0.256759 173 201 223
0.423672 -0.028350 0.250029 163 185 190
0.425448 -0.025570 0.249113 158 181 190
0.426619 -0.022509 0.248781 159 171 181
0.428447 -0.019361 0.248087 148 169 175
0.428957 -0.015882 0.247410 157 175 188
0.430067 -0.012348 0.246706 150 169 174
0.431613 -0.009346 0.245963 146 165 174
0.432314 -0.005525 0.245730 145 165 173
0.433336 -0.002059 0.245910 146 163 169
0.435609 0.001212 0.243714 141 163 173
0.436391 0.003803 0.242815 139 157 168
0.437869 0.006846 0.241801 129 150 157
0.439398 0.011123 0.241439 133 153 165
0.439888 0.015120 0.242074 139 161 175
0.475199 0.094189 0.228341 69 63 48
0.475640 0.101154 0.228477 78 64 59
0.479455 0.107496 0.226522 118 129 125
0.480480 0.110909 0.226468 112 90 91
0.483396 0.120304 0.224224 56 66 69
0.498785 0.157981 0.219618 100 111 106
0.516648 0.194916 0.212002 133 154 158
0.525574 0.220424 0.209496 170 170 179
0.422427 -0.028559 0.245713 173 197 211
0.423791 -0.025640 0.247476 166 184 196
0.424341 -0.021921 0.247331 156 174 188
0.424510 -0.018279 0.247146 177 193 193
0.427547 -0.014198 0.244809 165 191 204
0.427447 -0.011752 0.245166 158 177 190
0.429158 -0.008578 0.245672 154 184 180
0.430843 -0.004689 0.243260 159 154 142
0.431501 -0.002132 0.243533 133 157 157
0.433905 0.001639 0.242136 138 175 183
0.435249 0.004712 0.241538 148 174 179
0.436766 0.007291 0.241322 137 161 171
0.437745 0.012051 0.241720 141 162 173
0.439996 0.016316 0.240762 141 163 175
0.439777 0.018412 0.239912 156 171 183
0.441919 0.020584 0.238787 143 161 173
0.444190 0.024055 0.237232 132 151 162
0.445846 0.032527 0.235237 128 148 155
0.445312 0.033684 0.235275 160 163 163
0.448633 0.039066 0.234977 125 154 163
0.450070 0.041928 0.233478 139 161 167
0.451573 0.047922 0.232569 146 161 169
0.453036 0.052225 0.233601 123 144 148
0.457570 0.058421 0.230533 106 120 123
0.473048 0.101161 0.226554 117 88 69
0.479979 0.112832 0.223696 74 86 73
0.480713 0.113612 0.223542 80 95 79
0.485654 0.128643 0.219489 148 159 161
0.486164 0.131248 0.218650 156 167 171
0.488500 0.139129 0.217846 44 40 40
0.488768 0.141800 0.218268 15 15 23
0.528605 0.232590 0.204148 127 182 206
0.391943 -0.091574 0.253386 156 179 181
0.412757 -0.043018 0.246394 155 198 224
0.417471 -0.029714 0.245629 141 178 186
0.417379 -0.027956 0.244641 174 193 202
0.420690 -0.023142 0.241415 215 231 201
0.427393 -0.006155 0.240479 164 187 194
0.432507 0.001101 0.239522 170 223 217
0.432366 0.005034 0.237897 163 196 214
0.433794 0.008080 0.239557 148 171 182
0.435095 0.010673 0.238935 148 166 175
0.438493 0.015730 0.236409 154 178 184
0.438704 0.017587 0.235892 161 179 183
0.438825 0.021721 0.233927 164 191 220
0.441460 0.024467 0.235481 151 171 178
0.442606 0.029028 0.234085 136 170 182
0.443678 0.031984 0.235043 138 160 168
0.445496 0.036135 0.233266 148 167 174
0.447313 0.038979 0.232861 140 165 177
0.448249 0.041842 0.232191 137 162 174
0.448563 0.044887 0.231070 139 161 167
0.450345 0.048708 0.231669 140 163 170
0.452027 0.052919 0.230583 142 168 177
0.453052 0.056413 0.230421 145 163 167
0.455480 0.065896 0.227909 150 171 177
0.458962 0.073525 0.227997 153 164 168
0.467561 0.093608 0.223715 139 153 158
0.472785 0.106939 0.220174 86 100 119
0.483148 0.126004 0.218410 150 161 172
0.484719 0.130914 0.217808 216 243 255
0.484225 0.137023 0.215937 131 115 128
0.485603 0.139269 0.216942 72 87 95
0.493479 0.156083 0.211616 62 68 75
0.494200 0.159450 0.212582 82 92 94
0.511152 0.199088 0.208114 79 96 107
0.429770 0.002466 0.237631 131 167 191
0.434678 0.013270 0.234047 177 209 235
0.433695 0.015322 0.233619 151 181 208
0.437250 0.018887 0.232795 145 160 171
0.437991 0.026170 0.233151 146 181 208
0.439086 0.029913 0.231628 128 197 206
0.442325 0.031426 0.231680 146 180 195
0.441718 0.036047 0.231359 132 168 184
0.442476 0.038556 0.230067 136 168 182
0.445266 0.043381 0.231744 138 162 171
0.452197 0.060866 0.225764 131 151 165
0.452774 0.066174 0.226328 155 167 174
0.457493 0.072189 0.225996 149 171 174
0.463387 0.086323 0.222231 160 171 178
0.464657 0.093324 0.221278 151 162 169
0.466899 0.100413 0.219477 138 145 150
0.471581 0.108750 0.217905 128 143 153
0.474780 0.114848 0.215285 113 128 139
0.475609 0.118323 0.215340 124 141 144
0.488959 0.150621 0.209266 31 33 35
0.491104 0.154096 0.211119 29 30 43
0.491124 0.156294 0.209843 26 32 42
0.493383 0.159470 0.211024 64 70 74
0.493397 0.164601 0.208502 47 54 56
0.494482 0.166652 0.209221 58 57 58
0.427106 0.000464 0.233384 160 189 207
0.432453 0.015490 0.233008 160 187 189
0.440754 0.040258 0.229234 140 175 190
0.456991 0.078377 0.222483 149 176 188
0.460613 0.083877 0.218518 126 145 150
0.463802 0.094619 0.217307 149 151 159
0.464134 0.096032 0.219346 109 116 112
0.466698 0.099096 0.217228 148 150 154
0.465318 0.103492 0.216224 74 87 86
0.471245 0.109404 0.214538 126 149 176
0.479052 0.127007 0.212208 124 135 138
0.488014 0.154355 0.207379 3 19 23
0.489584 0.156046 0.208352 32 23 30
0.492412 0.166242 0.207687 60 67 73
0.499259 0.187920 0.202426 71 78 74
0.423007 0.000722 0.230779 192 203 217
0.439108 0.044079 0.223441 137 199 217
0.440884 0.047077 0.224814 135 174 189
0.443598 0.050400 0.224253 143 168 181
0.462759 0.097018 0.214340 132 188 216
0.468084 0.109015 0.211559 136 147 174
0.392680 -0.066144 0.238207 190 199 192
0.402339 -0.045772 0.237857 154 171 184
0.435324 0.037203 0.223686 111 171 215
0.457000 0.090666 0.214703 143 174 189
0.466159 0.108111 0.210565 148 198 232
0.410324 -0.015261 0.230677 119 154 168
0.445015 0.067914 0.214302 98 150 175
0.388456 -0.064884 0.233330 182 191 200
0.435938 0.072323 0.203111 80 173 229
0.426366 0.054210 0.202158 188 173 147
0.606038 -0.073434 0.461887 102 150 154
0.605731 -0.076008 0.458691 111 150 165
0.606042 -0.073632 0.461660 105 147 165
0.603447 -0.075129 0.457017 108 146 163
0.594645 -0.080794 0.454635 113 146 160
0.595106 -0.078111 0.451626 110 149 158
0.600895 -0.071262 0.451332 104 148 165
0.591245 -0.083471 0.450482 103 127 134
0.594718 -0.078068 0.450663 115 147 162
0.599061 -0.053983 0.439742 114 131 140
0.575632 -0.102466 0.445425 98 122 134
0.581685 -0.085665 0.442833 106 130 147
0.583418 -0.081743 0.444088 97 108 103
0.589831 -0.070494 0.440441 110 151 166
0.574245 -0.103567 0.442128 101 126 120
0.579720 -0.087352 0.441366 96 113 121
0.571510 -0.104279 0.440295 106 133 148
0.562134 -0.114167 0.438761 104 122 131
0.574226 -0.090258 0.434784 91 113 124
0.570316 -0.090955 0.431621 100 123 125
0.553565 -0.121658 0.436199 106 107 105
0.553759 -0.119341 0.435354 104 108 105
0.564917 -0.095040 0.430662 120 138 150
0.565465 -0.093451 0.430416 114 133 149
0.554125 -0.118887 0.432235 106 107 102
0.563297 -0.099157 0.428407 96 132 139
0.564839 -0.093090 0.426900 106 135 141
0.550886 -0.121845 0.429458 106 113 106
0.556368 -0.104151 0.427929 97 118 120
0.557007 -0.102954 0.427244 103 125 134
0.546031 -0.128040 0.428762 98 115 97
0.547548 -0.120164 0.429707 77 80 74
0.549785 -0.113836 0.427258 96 93 89
0.552002 -0.112735 0.426672 80 83 83
0.552653 -0.108181 0.424529 102 113 110
0.554851 -0.106551 0.425334 102 124 122
0.557671 -0.102079 0.424319 103 122 130
0.617597 0.071942 0.383017 118 108 86
0.616883 0.074096 0.382060 120 105 78
0.616667 0.079257 0.382780 133 113 93
0.542195 -0.091082 0.403757 117 149 161
0.544321 -0.084843 0.401704 111 125 132
0.517194 -0.145038 0.409222 116 119 106
0.520508 -0.142948 0.410514 105 118 113
0.543762 -0.079345 0.401258 128 129 118
0.546393 -0.076517 0.399388 130 133 123
0.514837 -0.146228 0.409406 101 115 97
0.517446 -0.144042 0.407138 80 102 111
0.517186 -0.141192 0.406614 84 101 100
0.542981 -0.080345 0.397346 112 124 132
0.603007 0.069557 0.370281 80 74 46
0.604747 0.080137 0.369471 99 90 48
0.611383 0.092901 0.366231 144 106 55
0.603118 0.077980 0.366372 132 100 61
0.610769 0.095016 0.364650 123 104 79
0.611173 0.095768 0.364524 133 109 78
0.600968 0.077271 0.363566 99 56 39
0.601231 0.080233 0.364713 80 44 37
0.608851 0.097858 0.362397 137 104 57
0.609408 0.101755 0.360186 132 109 71
0.600546 0.082283 0.361933 117 89 44
0.594863 0.076382 0.358723 137 106 65
0.594190 0.078056 0.360227 107 91 69
0.600124 0.094408 0.356403 85 62 44
0.510318 -0.124255 0.390446 122 142 103
0.602686 0.102502 0.352556 119 102 77
0.505430 -0.129873 0.387350 91 98 86
0.507512 -0.127272 0.389373 122 121 106
0.589768 0.078483 0.352952 110 98 81
0.602009 0.103760 0.348262 121 86 57
0.588425 0.080919 0.350699 99 88 71
0.491826 -0.148729 0.387514 90 109 113
0.493840 -0.147741 0.387253 98 113 115
0.493784 -0.142795 0.386974 109 112 114
0.587083 0.077562 0.348594 92 106 107
0.588052 0.083533 0.349210 94 67 45
0.489716 -0.147885 0.384854 104 112 113
0.493023 -0.143995 0.383855 50 116 142
0.573971 0.060270 0.348178 126 121 87
0.485204 -0.151779 0.383104 113 112 115
0.485957 -0.149509 0.382208 112 116 114
0.552228 0.009400 0.356257 55 89 92
0.569104 0.054553 0.347290 118 122 113
0.562113 0.040553 0.346524 144 126 105
0.481838 -0.152655 0.375467 11 42 50
0.531109 -0.030313 0.357851 53 58 49
0.550979 0.023551 0.346897 143 94 43
0.566608 0.055216 0.343132 138 125 108
0.572076 0.068531 0.340183 137 148 146
0.560989 0.046811 0.340808 138 103 70
0.563320 0.057455 0.337931 131 116 113
0.493392 -0.111121 0.362834 53 111 135
0.531098 -0.015463 0.349540 83 58 67
0.491508 -0.107718 0.361390 97 133 153
0.548128 0.030392 0.338547 117 103 69
0.489524 -0.108026 0.360773 55 131 182
0.468661 -0.151075 0.365462 111 123 113
0.546034 0.035135 0.330459 155 126 80
0.518910 0.164071 0.231298 171 192 202
0.537427 0.205137 0.225486 179 192 202
0.547030 0.230906 0.219325 160 171 189
0.407410 -0.104437 0.274447 169 186 186
0.513758 0.155737 0.230128 178 205 222
0.515351 0.157526 0.228803 224 245 255
0.518668 0.165566 0.226325 175 193 205
0.394616 -0.132932 0.274333 164 184 193
0.399551 -0.121223 0.274464 160 181 191
0.399837 -0.120809 0.273490 172 179 180
0.414345 -0.083147 0.267947 180 184 190
0.508278 0.151755 0.227050 57 67 64
0.514183 0.160036 0.225607 132 150 165
0.515724 0.163988 0.224846 147 165 177
0.517225 0.167445 0.224766 141 161 176
0.518035 0.170064 0.225675 144 175 194
0.528671 0.194890 0.218608 177 203 222
0.528823 0.196891 0.219815 184 199 211
0.390928 -0.134962 0.274896 163 187 200
0.408935 -0.088467 0.263942 177 194 189
0.414617 -0.076014 0.263647 177 189 190
0.434933 -0.028288 0.252775 149 155 156
0.443977 -0.007015 0.249745 177 148 164
0.448685 0.000857 0.249878 140 146 150
0.488035 0.103066 0.234930 82 95 74
0.490735 0.109771 0.230289 77 88 63
0.513193 0.162608 0.222801 130 145 154
0.514172 0.163416 0.223552 115 128 136
0.521155 0.185670 0.219119 176 216 236
0.523682 0.190230 0.217756 199 229 243
0.524019 0.192292 0.216680 193 228 243
0.525085 0.194403 0.217449 172 201 219
0.527229 0.197698 0.216560 171 204 228
0.528639 0.202383 0.216296 158 194 215
0.531037 0.205583 0.214005 174 199 219
0.529110 0.208093 0.214227 146 174 187
0.432687 -0.027457 0.251587 152 152 151
0.442184 -0.002873 0.248933 116 166 176
0.482349 0.096325 0.230838 103 116 117
0.483937 0.099315 0.230100 105 117 115
0.484469 0.100882 0.229351 138 151 154
0.505433 0.152446 0.223154 80 88 89
0.510450 0.165746 0.220057 123 136 140
0.515107 0.177116 0.217200 95 156 184
0.518230 0.180475 0.217245 143 201 242
0.520439 0.187182 0.213501 128 149 170
0.525804 0.206736 0.212580 117 150 171
0.418598 -0.055650 0.252785 176 194 204
0.424703 -0.036383 0.252231 165 182 190
0.425893 -0.032398 0.251289 161 182 188
0.426948 -0.030439 0.250091 158 177 187
0.428244 -0.026810 0.249600 151 169 177
0.429614 -0.022914 0.248952 148 160 168
0.430521 -0.021386 0.248108 136 153 159
0.481566 0.097573 0.229690 82 85 84
0.482386 0.099289 0.228559 85 93 88
0.482951 0.101301 0.229175 69 84 75
0.487043 0.115787 0.226146 119 132 125
0.492342 0.126886 0.222427 53 52 45
0.493078 0.128987 0.223198 47 45 37
0.494449 0.132865 0.222651 45 55 37
0.509377 0.162139 0.217300 59 74 76
0.517912 0.192581 0.212226 156 181 197
0.532945 0.220441 0.207425 104 141 166
0.535912 0.234016 0.206391 158 191 209
0.390031 -0.113105 0.261182 200 190 199
0.411589 -0.064605 0.253013 151 176 183
0.424192 -0.038223 0.248396 166 186 190
0.424583 -0.033849 0.246574 175 193 198
0.426101 -0.030196 0.247084 152 180 188
0.426777 -0.026918 0.248591 165 181 188
0.427835 -0.022421 0.244929 155 177 183
0.430425 -0.019261 0.247172 152 166 169
0.432099 -0.014728 0.246211 126 149 158
0.440863 0.000821 0.241726 102 118 124
0.439550 0.007856 0.241083 125 143 156
0.440641 0.009708 0.240458 132 151 160
0.442219 0.014455 0.240241 128 150 157
0.443126 0.015544 0.238514 125 147 154
0.453503 0.042319 0.234507 107 121 123
0.481465 0.103906 0.223943 69 85 68
0.482324 0.106999 0.225556 79 87 76
0.482426 0.110312 0.222818 80 92 72
0.486582 0.116849 0.221040 49 62 54
0.487012 0.121769 0.220222 57 62 42
0.492466 0.134416 0.220633 63 67 62
0.498836 0.147619 0.214816 89 105 107
0.513594 0.180986 0.210412 78 94 106
0.532611 0.234857 0.203494 139 192 216
0.385856 -0.125093 0.261595 190 229 231
0.422689 -0.034694 0.245236 164 187 192
0.424110 -0.030349 0.243538 169 176 202
0.425572 -0.023091 0.243114 166 179 184
0.428445 -0.019455 0.243703 167 192 208
0.432020 -0.009924 0.242768 149 172 176
0.433964 -0.005224 0.240718 164 191 199
0.436609 -0.002246 0.240008 153 172 176
0.439446 0.005981 0.239364 144 159 162
0.441696 0.013591 0.237386 121 145 157
0.441847 0.017218 0.237994 133 158 164
0.444800 0.021152 0.237157 131 152 161
0.444774 0.023727 0.234413 143 161 173
0.445992 0.027780 0.233929 132 147 160
0.446924 0.029315 0.233415 125 151 167
0.449727 0.037599 0.232428 125 160 176
0.451467 0.040134 0.233076 118 139 147
0.454815 0.046265 0.231397 99 119 123
0.458923 0.056885 0.229306 96 109 114
0.460628 0.064394 0.228141 148 156 163
0.477444 0.103452 0.222370 70 74 57
0.481118 0.110607 0.219706 87 98 85
0.481771 0.112891 0.222821 73 88 73
0.486149 0.120684 0.219953 54 62 60
0.485032 0.122686 0.217158 103 117 113
0.491799 0.135032 0.217441 80 97 93
0.492392 0.137081 0.216604 82 94 96
0.494339 0.139519 0.214992 81 92 92
0.493856 0.142858 0.214620 83 92 93
0.496038 0.147905 0.213145 92 100 100
0.496486 0.148683 0.212299 103 115 113
0.522748 0.212067 0.202064 93 98 106
0.420027 -0.030537 0.240606 225 181 208
0.439491 0.014155 0.234728 136 153 165
0.439617 0.016974 0.236349 148 164 179
0.442423 0.024171 0.233702 155 170 190
0.443869 0.026929 0.232725 134 166 180
0.446344 0.031022 0.232761 137 154 166
0.447209 0.033330 0.232326 122 150 163
0.448707 0.039096 0.232216 147 164 170
0.449032 0.041483 0.231343 118 158 181
0.462778 0.072539 0.225836 149 166 174
0.464811 0.074932 0.224428 148 164 180
0.468193 0.082682 0.221981 136 152 160
0.469777 0.089397 0.220867 130 143 147
0.474799 0.101273 0.217674 105 110 116
0.478155 0.109181 0.218754 150 153 123
0.485037 0.124500 0.216268 107 113 114
0.485922 0.128015 0.214705 142 138 126
0.495271 0.147340 0.211343 104 114 118
0.494981 0.152116 0.210027 71 81 85
0.495540 0.154926 0.210048 78 90 95
0.495714 0.157718 0.209599 96 114 116
0.526571 0.229000 0.198970 96 142 166
0.384588 -0.107946 0.253029 172 207 233
0.414390 -0.041790 0.241193 178 188 206
0.420452 -0.023007 0.237308 243 255 255
0.433005 0.009219 0.233459 159 178 184
0.435935 0.011783 0.233670 177 205 219
0.436070 0.015690 0.233105 142 184 197
0.439543 0.021051 0.232510 172 185 202
0.444509 0.032028 0.230018 169 208 230
0.449944 0.049287 0.227609 127 153 162
0.463327 0.081546 0.219265 161 174 180
0.463937 0.085911 0.219065 136 154 162
0.467871 0.095587 0.218258 137 151 162
0.469939 0.096911 0.217179 136 153 162
0.473967 0.101837 0.217607 123 127 125
0.474742 0.104551 0.215873 127 132 136
0.474250 0.108126 0.215744 104 122 134
0.475168 0.110278 0.214553 115 130 137
0.477118 0.118508 0.214667 136 165 155
0.482465 0.125954 0.212797 128 139 142
0.490300 0.150119 0.209660 32 32 31
0.493121 0.152948 0.209759 41 44 54
0.495179 0.154142 0.208827 52 72 74
0.495520 0.158254 0.208107 82 115 125
0.494772 0.160723 0.205843 34 52 78
0.497195 0.164898 0.207599 121 125 125
0.381013 -0.113455 0.250160 157 199 230
0.420295 -0.018991 0.234378 198 219 233
0.445570 0.040188 0.226044 138 151 143
0.450113 0.054243 0.222496 113 133 136
0.459573 0.078869 0.216946 135 150 157
0.462962 0.081642 0.216693 147 159 170
0.463010 0.083867 0.217800 151 171 174
0.464235 0.089241 0.216925 160 166 170
0.465411 0.091843 0.216325 124 149 157
0.468217 0.095559 0.216507 136 158 180
0.467882 0.098814 0.214632 166 177 195
0.470704 0.101590 0.215263 110 112 121
0.474280 0.109537 0.213666 116 134 141
0.473781 0.110601 0.213352 121 133 141
0.473368 0.115178 0.212950 97 111 120
0.479874 0.125837 0.209609 119 132 133
0.481872 0.128821 0.209998 118 131 131
0.494578 0.161734 0.205006 32 31 32
0.496917 0.164586 0.203462 96 126 118
0.500280 0.172443 0.201559 100 115 124
0.515868 0.216542 0.194250 10 15 15
0.454561 0.065172 0.217891 120 140 152
0.461767 0.085857 0.213186 104 132 138
0.466501 0.098565 0.212957 199 186 198
0.469711 0.108981 0.210816 128 138 156
0.507305 0.193748 0.196066 79 95 96
0.464117 0.099744 0.207697 41 59 79
0.501277 0.189927 0.195489 61 71 73
0.604089 -0.075497 0.455368 105 147 163
0.607949 -0.067030 0.451890 108 146 161
0.600142 -0.078351 0.453223 110 147 165
0.606339 -0.069677 0.451073 107 145 163
0.599573 -0.077495 0.450680 108 147 162
0.600879 -0.074783 0.449064 104 149 168
0.600715 -0.071773 0.449079 105 147 166
0.593000 -0.085451 0.449705 112 145 162
0.589236 -0.084271 0.445113 88 97 98
0.579562 -0.102473 0.446247 106 126 136
0.590128 -0.084613 0.442689 102 123 134
0.595977 -0.067874 0.437637 104 146 162
0.600908 -0.055207 0.436495 96 139 163
0.580602 -0.099712 0.441626 92 129 146
0.594093 -0.066562 0.438581 105 148 165
0.595550 -0.059330 0.434901 104 126 143
0.581141 -0.091791 0.440603 102 106 116
0.587547 -0.074900 0.438413 89 114 115
0.585201 -0.076118 0.433871 94 120 125
0.571888 -0.094107 0.431707 107 138 149
0.566844 -0.098814 0.428369 90 117 122
0.565424 -0.100787 0.427085 107 119 109
0.565683 -0.098204 0.425088 110 143 150
0.566563 -0.093449 0.425972 104 144 158
0.550115 -0.125550 0.429011 104 115 110
0.559283 -0.102079 0.425227 103 125 132
0.560638 -0.099812 0.425433 102 124 126
0.564903 -0.097634 0.423533 112 147 159
0.549475 -0.126220 0.427264 103 106 97
0.554199 -0.116352 0.425462 119 98 75
0.555460 -0.106469 0.421937 116 131 128
0.557775 -0.102756 0.423343 106 130 130
0.573678 -0.059607 0.412566 109 133 150
0.617316 0.071971 0.382135 127 105 84
0.544810 -0.088162 0.400125 127 134 147
0.520934 -0.142964 0.409911 114 121 113
0.517823 -0.144470 0.406513 86 106 105
0.517350 -0.141879 0.404646 85 105 103
0.544169 -0.080586 0.393585 117 130 136
0.603246 0.066870 0.369534 93 90 65
0.590491 0.039492 0.370076 24 31 0
0.602063 0.066203 0.364920 100 69 41
0.613887 0.092678 0.361383 128 100 54
0.573182 0.003669 0.375765 0 0 0
0.602444 0.074614 0.364059 90 80 33
0.602412 0.075412 0.361371 127 96 51
0.603512 0.078448 0.361187 124 75 29
0.510588 -0.149074 0.398402 108 105 93
0.595452 0.069164 0.361003 164 125 77
0.610893 0.096471 0.356796 110 87 51
0.515199 -0.127773 0.391160 0 0 0
0.595820 0.067925 0.358802 136 105 55
0.594821 0.071168 0.358315 148 106 72
0.599347 0.083557 0.355715 124 92 47
0.512076 -0.130257 0.389494 0 0 0
0.593036 0.072314 0.356307 150 102 35
0.596007 0.079566 0.354739 113 78 39
0.600393 0.088927 0.352967 125 94 53
0.602231 0.092582 0.350948 102 97 77
0.507877 -0.129174 0.386661 102 111 103
0.596619 0.079823 0.351066 110 82 44
0.603020 0.101396 0.348075 123 98 66
0.504880 -0.134528 0.384119 99 105 96
0.505019 -0.130601 0.384977 114 110 93
0.573198 0.027821 0.357483 124 119 101
0.572512 0.032910 0.354743 113 113 101
0.586883 0.072274 0.349894 137 108 73
0.590412 0.078875 0.349197 110 87 55
0.597892 0.093966 0.346971 112 84 57
0.597297 0.094669 0.345985 106 73 54
0.502732 -0.137644 0.382635 95 107 105
0.589695 0.083113 0.344711 116 83 60
0.494954 -0.144755 0.379520 97 149 165
0.485948 -0.155564 0.380191 78 77 71
0.489118 -0.153214 0.378332 114 134 137
0.576127 0.054486 0.344961 129 125 105
0.575198 0.056665 0.345086 137 120 94
0.485304 -0.154805 0.379131 77 71 62
0.487018 -0.153137 0.377847 100 107 98
0.490961 -0.145416 0.376020 139 168 145
0.568427 0.046590 0.344561 149 127 104
0.486195 -0.152047 0.374740 103 108 119
0.562885 0.039531 0.340489 129 116 96
0.564038 0.043773 0.343343 152 132 94
0.576748 0.070255 0.336458 149 100 43
0.580076 0.078874 0.336277 133 117 76
0.482054 -0.153445 0.372038 79 154 185
0.483786 -0.144737 0.370056 69 142 182
0.551212 0.021916 0.342429 147 108 78
0.549239 0.018128 0.339060 131 112 83
0.550665 0.021283 0.341035 152 101 40
0.493105 -0.111114 0.361452 88 136 167
0.497258 -0.104017 0.358585 26 71 101
0.521213 -0.039959 0.348488 86 80 58
0.547478 0.021587 0.338653 125 111 67
0.555284 0.044897 0.333025 146 139 120
0.493750 -0.106001 0.354794 78 110 133
0.566118 0.067840 0.326878 122 113 96
0.543857 0.020234 0.332606 141 91 45
0.541663 0.022194 0.329028 156 108 60
0.476407 0.026965 0.258700 149 150 155
0.544271 0.195429 0.228303 164 198 207
0.468361 0.018333 0.257342 154 169 173
0.474508 0.030516 0.257630 134 149 151
0.558488 0.242879 0.219323 165 175 183
0.451138 -0.013019 0.255761 164 179 187
0.469536 0.026016 0.251181 137 165 185
0.517296 0.153901 0.229807 175 188 198
0.537787 0.199580 0.222797 189 206 220
0.398516 -0.137253 0.274308 163 188 192
0.456062 0.004290 0.250491 142 150 157
0.498712 0.106008 0.234785 87 98 62
0.516879 0.152579 0.227098 130 154 165
0.517905 0.156050 0.226357 162 185 199
0.518930 0.157425 0.224328 145 155 164
0.519747 0.161461 0.223560 161 180 195
0.526383 0.179694 0.222870 184 173 176
0.551883 0.241067 0.214020 211 215 226
0.397299 -0.134764 0.274058 161 181 186
0.407983 -0.106349 0.268792 163 180 188
0.418597 -0.076564 0.263049 177 185 201
0.444174 -0.022057 0.253282 185 194 210
0.449200 -0.005653 0.250602 153 152 159
0.450175 -0.003180 0.248519 147 159 159
0.458700 0.016749 0.245777 118 138 149
0.515142 0.154334 0.225597 113 135 147
0.516407 0.156781 0.223854 127 146 154
0.516962 0.161246 0.222540 93 108 117
0.518283 0.163236 0.221865 159 177 186
0.532480 0.192929 0.217848 170 193 217
0.404456 -0.106042 0.266235 168 184 194
0.436064 -0.029142 0.251837 154 160 161
0.435957 -0.026996 0.251707 145 145 147
0.438386 -0.024472 0.250208 169 168 178
0.441134 -0.020485 0.249327 125 126 134
0.441339 -0.017745 0.248761 128 171 180
0.444515 -0.013405 0.249229 155 149 157
0.445020 -0.011368 0.248486 151 139 150
0.446805 -0.007788 0.248323 154 150 158
0.447765 -0.003638 0.246921 122 115 120
0.449321 0.000454 0.246461 119 121 126
0.451029 0.004124 0.246493 128 120 122
0.451970 0.006347 0.244225 111 100 105
0.453620 0.011272 0.243843 124 145 154
0.457941 0.018453 0.243577 133 142 154
0.514415 0.155582 0.220349 76 85 99
0.514813 0.160897 0.220275 123 141 150
0.516162 0.162238 0.221496 138 168 184
0.517727 0.171584 0.218349 220 255 255
0.519970 0.174380 0.217121 138 162 174
0.520876 0.177042 0.217398 119 164 181
0.525266 0.187102 0.216690 171 203 223
0.531623 0.199188 0.213307 205 233 255
0.426215 -0.049000 0.251525 166 183 191
0.431911 -0.036454 0.250741 142 153 162
0.435305 -0.029092 0.250566 152 156 157
0.435895 -0.026185 0.249726 143 139 138
0.437447 -0.022428 0.248164 130 130 127
0.438107 -0.019744 0.248882 126 133 138
0.439902 -0.015775 0.247730 127 143 152
0.441471 -0.012828 0.247127 125 142 149
0.442622 -0.010520 0.246064 121 133 142
0.443755 -0.006204 0.244874 115 131 137
0.445524 -0.003166 0.244645 113 133 143
0.446820 0.000021 0.243870 110 136 143
0.449097 0.004154 0.243960 106 94 98
0.449853 0.007027 0.243613 107 96 94
0.483053 0.093301 0.229355 82 104 90
0.485917 0.098677 0.227414 92 113 95
0.485623 0.100062 0.227683 63 74 69
0.520642 0.177083 0.215145 148 191 217
0.524082 0.188125 0.213977 122 178 201
0.523250 0.190905 0.211657 145 191 214
0.527008 0.196771 0.213485 152 181 200
0.535868 0.214226 0.208708 158 173 191
0.536180 0.215996 0.208129 146 175 190
0.539160 0.224899 0.205236 137 170 190
0.430792 -0.032468 0.246846 135 147 157
0.432392 -0.029027 0.246439 121 111 106
0.434559 -0.026365 0.247078 104 82 75
0.435735 -0.023536 0.246539 106 96 92
0.436498 -0.018741 0.245635 85 99 106
0.437452 -0.015783 0.244347 61 71 77
0.438894 -0.012452 0.243147 50 61 67
0.440695 -0.009824 0.242897 67 88 95
0.441915 -0.007556 0.242795 105 123 130
0.480645 0.090055 0.225946 60 61 45
0.484422 0.098140 0.225448 75 88 82
0.485448 0.101120 0.224948 51 62 52
0.506105 0.154302 0.216886 70 75 76
0.523292 0.194772 0.210161 145 177 192
0.528950 0.213091 0.206788 114 165 192
0.417719 -0.063335 0.249942 172 206 218
0.421241 -0.048834 0.246571 175 190 201
0.424746 -0.037203 0.246476 165 187 192
0.427388 -0.034444 0.245840 165 183 188
0.429240 -0.032092 0.244748 158 173 181
0.431010 -0.028272 0.244118 66 49 54
0.431991 -0.026788 0.244078 74 74 78
0.433872 -0.022438 0.242651 60 71 78
0.436064 -0.017482 0.243225 49 61 66
0.436439 -0.015013 0.243303 61 70 76
0.438428 -0.010318 0.240794 45 52 54
0.441933 -0.003928 0.240221 47 60 65
0.441831 0.001652 0.238907 78 100 108
0.447840 0.019532 0.235590 75 95 104
0.450125 0.021745 0.233678 70 90 95
0.485313 0.107196 0.219968 67 86 51
0.487302 0.112949 0.219793 85 110 67
0.487458 0.115042 0.220134 98 109 88
0.490545 0.121447 0.218371 76 80 76
0.492128 0.125747 0.216871 162 181 175
0.497803 0.135370 0.216405 81 95 98
0.504178 0.151999 0.213438 121 130 131
0.504063 0.155563 0.213209 98 109 105
0.514335 0.180486 0.210603 76 84 89
0.421770 -0.045216 0.244753 159 180 192
0.424048 -0.037684 0.243365 154 199 203
0.424695 -0.034503 0.240640 149 165 185
0.428181 -0.026914 0.240529 37 55 76
0.435689 -0.008510 0.237543 113 125 126
0.436816 -0.006152 0.236624 100 118 120
0.441906 0.004874 0.235293 90 107 117
0.445386 0.011368 0.235712 71 92 100
0.446555 0.014900 0.234633 74 95 101
0.450910 0.024487 0.232637 73 91 100
0.452029 0.029056 0.231800 75 93 102
0.452547 0.031108 0.232100 85 102 102
0.453070 0.035306 0.229937 86 102 106
0.456570 0.039171 0.229768 84 98 96
0.455294 0.041674 0.230058 97 115 116
0.456288 0.045809 0.228641 93 112 112
0.458247 0.047812 0.228791 102 115 119
0.459569 0.050971 0.227905 99 113 113
0.460738 0.056342 0.226365 97 111 110
0.464677 0.066159 0.225010 143 151 157
0.481635 0.106275 0.218990 57 70 33
0.483567 0.107683 0.218902 79 93 64
0.484729 0.111828 0.216765 40 51 20
0.486405 0.114120 0.218927 110 122 93
0.493267 0.133682 0.213126 146 158 141
0.491919 0.136736 0.213659 235 251 248
0.496832 0.141542 0.214465 150 171 177
0.502543 0.159754 0.210116 110 120 117
0.419060 -0.048276 0.242744 180 191 189
0.419889 -0.037663 0.239378 181 191 191
0.432354 -0.008452 0.236430 121 124 125
0.441434 0.013615 0.230520 90 98 98
0.449855 0.027700 0.229301 88 104 110
0.448363 0.032748 0.230040 107 124 133
0.450855 0.035808 0.228000 117 135 143
0.453003 0.039499 0.229375 109 125 131
0.459661 0.056121 0.223160 108 118 118
0.460929 0.060229 0.225252 99 110 108
0.466526 0.070910 0.221813 152 163 166
0.477976 0.098742 0.216524 51 58 52
0.487247 0.122401 0.213548 75 86 83
0.488785 0.128895 0.210192 57 58 59
0.493644 0.135170 0.211428 91 98 100
0.493855 0.139848 0.209832 136 151 157
0.494977 0.142143 0.210100 134 148 151
0.496252 0.145957 0.210775 96 112 114
0.496917 0.149567 0.208407 98 117 126
0.496659 0.152695 0.208244 84 99 102
0.517617 0.199752 0.199839 56 67 69
0.518228 0.203411 0.200785 54 59 67
0.437307 0.011346 0.229394 100 120 134
0.445970 0.025087 0.227476 107 124 131
0.450413 0.038730 0.226407 91 124 135
0.450295 0.043762 0.223309 98 129 136
0.452688 0.046435 0.223209 113 131 132
0.453185 0.050632 0.223864 109 122 130
0.455730 0.052994 0.223057 115 130 134
0.465458 0.076592 0.219360 144 160 168
0.469815 0.085297 0.216820 147 167 172
0.470610 0.091145 0.216090 133 149 158
0.472186 0.096930 0.215080 104 130 136
0.473298 0.099888 0.214719 118 130 129
0.475149 0.103199 0.215520 122 129 134
0.476023 0.109935 0.212823 108 112 117
0.480147 0.115106 0.210697 65 68 58
0.486246 0.127574 0.210682 104 117 114
0.492571 0.139958 0.207210 45 52 52
0.496256 0.152957 0.207803 97 108 110
0.497293 0.156531 0.204621 149 176 185
0.499004 0.159380 0.203895 94 102 100
0.465738 0.082790 0.213940 126 156 172
0.468129 0.087575 0.214100 135 154 164
0.468837 0.091864 0.213033 126 137 142
0.470343 0.097517 0.212334 143 153 163
0.474547 0.108532 0.211045 137 163 176
0.483411 0.128395 0.208060 106 123 133
0.497612 0.160601 0.202849 144 189 195
0.499297 0.164363 0.201327 112 135 140
0.505394 0.180888 0.199820 178 184 191
0.440677 0.029880 0.222887 190 195 225
0.454258 0.060205 0.217359 149 164 178
0.456858 0.066300 0.214350 157 159 165
0.459142 0.077523 0.212526 122 162 177
0.465023 0.087290 0.212941 130 126 112
0.465474 0.095212 0.210674 213 210 152
0.471111 0.098694 0.209798 207 204 227
0.494996 0.160808 0.200052 186 177 161
0.502217 0.176905 0.195414 90 112 114
0.402801 -0.056122 0.235264 244 224 251
0.405263 -0.049375 0.231879 168 182 158
0.407553 -0.039845 0.229797 139 165 148
0.468322 0.109617 0.204479 133 136 165
0.603099 -0.073260 0.446353 104 145 160
0.607813 -0.065173 0.446295 107 147 162
0.587873 -0.088902 0.438402 105 141 156
0.597842 -0.066093 0.436036 107 143 160
0.594432 -0.063646 0.431936 91 117 130
0.571824 -0.097675 0.428809 85 144 156
0.568610 -0.095286 0.425481 109 142 154
0.562420 -0.104753 0.424517 93 116 135
0.567765 -0.093163 0.422142 116 131 126
0.605332 0.047288 0.375437 29 0 0
0.593087 0.027537 0.376289 0 0 0
0.519824 -0.146854 0.401986 124 132 122
0.590692 0.021062 0.374667 0 0 0
0.590840 0.024300 0.374957 0 0 0
0.591788 0.026072 0.374151 0 0 0
0.613213 0.092309 0.359902 154 107 50
0.604338 0.066390 0.361581 105 95 65
0.603500 0.071499 0.361728 55 45 37
0.603345 0.074151 0.360347 140 84 45
0.610232 0.086414 0.358236 138 123 98
0.613453 0.092264 0.357656 125 91 54
0.511185 -0.149084 0.397768 98 104 93
0.588340 0.037753 0.363007 55 41 0
0.603005 0.074522 0.358266 139 100 36
0.608618 0.086110 0.355214 130 110 91
0.513626 -0.129137 0.388101 0 0 0
0.597811 0.073378 0.352496 82 69 38
0.597617 0.075654 0.351296 132 95 47
0.573366 0.029247 0.355417 114 116 101
0.573885 0.029663 0.355549 118 102 87
0.566285 0.012210 0.353972 81 109 95
0.572173 0.034480 0.350718 125 97 47
0.591535 0.079837 0.344851 103 76 50
0.501149 -0.136812 0.377891 134 113 78
0.564165 0.015593 0.350569 83 92 40
0.590585 0.080543 0.341096 110 97 57
0.489304 -0.154368 0.377967 108 132 133
0.492327 -0.151140 0.376322 114 129 130
0.557739 0.008615 0.348411 143 128 114
0.487262 -0.155372 0.375593 77 136 146
0.490572 -0.151188 0.375702 110 120 122
0.492837 -0.149701 0.374142 115 130 132
0.534914 -0.035755 0.354914 71 93 102
0.486475 -0.157981 0.373315 66 135 211
0.488419 -0.150738 0.373449 73 121 141
0.489555 -0.146021 0.370621 90 139 166
0.491543 -0.138662 0.368528 105 150 165
0.553090 0.008214 0.345840 136 94 64
0.555143 0.013409 0.342078 150 123 69
0.556464 0.017890 0.344958 145 95 45
0.564923 0.039341 0.341256 137 124 115
0.488557 -0.146568 0.369052 113 160 177
0.489260 -0.138271 0.366836 108 145 156
0.490816 -0.137800 0.367049 111 147 163
0.491633 -0.134184 0.365623 90 144 168
0.575367 0.065622 0.331693 142 121 93
0.576442 0.073120 0.332816 133 110 88
0.489910 -0.136501 0.365161 97 137 156
0.503788 -0.096951 0.355162 41 44 27
0.545899 0.007530 0.336575 123 112 80
0.548851 0.015182 0.336763 138 111 70
0.495727 -0.107253 0.354102 78 98 102
0.494837 -0.106041 0.354818 88 113 123
0.544268 0.025526 0.325454 133 104 59
0.465782 0.007514 0.255509 160 178 185
0.481639 0.046966 0.246454 126 143 158
0.482992 0.050085 0.245508 128 142 152
0.476345 0.040023 0.244544 108 115 68
0.477641 0.045276 0.244590 117 134 139
0.480604 0.047696 0.244617 121 133 140
0.497967 0.090387 0.236437 52 54 27
0.504857 0.105691 0.234647 99 109 72
0.402158 -0.134671 0.272244 163 180 186
0.452624 -0.011168 0.250442 161 181 188
0.453132 -0.009180 0.250389 171 177 183
0.460395 0.011221 0.248265 148 180 195
0.467056 0.020338 0.246511 73 102 72
0.468717 0.027616 0.243958 127 153 170
0.471705 0.030847 0.244615 96 128 109
0.471633 0.034830 0.244222 98 115 67
0.472944 0.037783 0.243934 89 108 65
0.474660 0.039900 0.243750 107 122 82
0.476089 0.043772 0.241700 120 124 133
0.492450 0.083020 0.235727 51 68 58
0.500734 0.104810 0.231827 70 83 50
0.518248 0.151168 0.225602 127 144 155
0.520210 0.154588 0.223171 123 141 154
0.521337 0.158817 0.222509 148 164 176
0.521524 0.160801 0.222929 164 175 186
0.530267 0.177789 0.221548 142 173 183
0.532080 0.182968 0.218784 193 219 239
0.531668 0.184034 0.218661 205 235 254
0.535860 0.192957 0.217334 180 195 208
0.538721 0.197861 0.215208 159 188 203
0.399320 -0.135837 0.272372 164 187 196
0.405553 -0.119578 0.270064 165 183 192
0.446380 -0.020785 0.249228 169 186 200
0.446093 -0.016619 0.251612 162 167 177
0.447900 -0.015461 0.249286 170 158 165
0.449595 -0.011799 0.248720 161 152 159
0.450621 -0.009375 0.248327 168 150 154
0.452520 -0.005038 0.247465 135 115 120
0.454274 -0.001622 0.247389 132 109 115
0.454987 0.000870 0.246534 125 99 108
0.455752 0.004384 0.246303 119 107 115
0.458093 0.008586 0.245749 109 82 94
0.458531 0.009693 0.244196 88 106 114
0.462289 0.018178 0.244331 110 130 137
0.465035 0.025651 0.242393 123 148 163
0.468337 0.031886 0.241560 116 136 142
0.469471 0.035401 0.241425 109 124 134
0.470548 0.037897 0.240443 115 133 143
0.517844 0.151994 0.221521 93 110 120
0.517433 0.154774 0.222076 107 125 132
0.520315 0.157951 0.221004 118 134 142
0.520350 0.161512 0.221315 156 186 203
0.521175 0.165180 0.219269 147 190 211
0.525246 0.175927 0.217580 162 192 211
0.532899 0.191002 0.216618 210 234 253
0.539943 0.205333 0.212682 171 196 209
0.541184 0.209885 0.213542 183 215 237
0.402933 -0.120599 0.263440 147 197 204
0.405605 -0.112719 0.265968 171 187 195
0.438925 -0.037421 0.251496 151 163 171
0.437748 -0.030948 0.250296 157 161 167
0.439311 -0.026416 0.249635 159 170 182
0.441287 -0.024109 0.249106 168 179 187
0.442765 -0.021307 0.248274 163 178 185
0.444965 -0.017924 0.247780 153 170 181
0.446947 -0.014212 0.247664 151 141 151
0.447420 -0.011160 0.247347 146 121 129
0.448510 -0.008080 0.246851 151 144 149
0.450643 -0.004214 0.246004 134 119 126
0.452531 -0.000962 0.245825 124 101 108
0.453238 0.001397 0.244962 117 94 103
0.454740 0.005332 0.244649 106 76 84
0.455823 0.008422 0.243654 97 74 85
0.456404 0.012667 0.241459 106 118 124
0.495230 0.107964 0.228358 146 163 137
0.517903 0.160020 0.216387 94 105 111
0.521652 0.170475 0.215677 129 167 179
0.522502 0.172637 0.213790 139 173 194
0.528762 0.185592 0.213348 158 203 225
0.528445 0.188866 0.212818 157 206 229
0.531094 0.192988 0.212238 173 208 229
0.535020 0.200769 0.209346 192 227 244
0.542105 0.221381 0.207002 154 172 187
0.435675 -0.032943 0.249505 146 149 150
0.437283 -0.029786 0.248190 137 131 126
0.437462 -0.027375 0.247502 130 118 116
0.438404 -0.023712 0.245912 113 101 101
0.440123 -0.020669 0.246971 128 121 119
0.441767 -0.017570 0.244942 111 114 124
0.443405 -0.014065 0.244862 102 109 116
0.445191 -0.010510 0.244138 77 36 45
0.445704 -0.007367 0.244288 109 84 91
0.447786 -0.004814 0.244381 96 64 77
0.448512 0.000618 0.242746 108 115 122
0.450204 0.003035 0.242181 95 74 81
0.451827 0.005884 0.242669 102 79 80
0.454531 0.009168 0.241042 95 85 88
0.454580 0.012169 0.239917 93 105 110
0.455797 0.014971 0.240797 110 128 133
0.459184 0.019756 0.237991 96 109 116
0.488380 0.095960 0.228503 109 126 101
0.521657 0.176840 0.213159 159 190 206
0.524350 0.181948 0.210770 61 126 165
0.527138 0.188668 0.208882 121 174 202
0.532669 0.201699 0.208181 178 214 231
0.398263 -0.121928 0.260435 175 187 192
0.422024 -0.067031 0.251222 188 193 177
0.430411 -0.041360 0.244996 168 187 192
0.431117 -0.037300 0.246812 140 155 163
0.433126 -0.032907 0.245743 125 136 141
0.435342 -0.030169 0.245408 93 81 78
0.435597 -0.027088 0.244349 80 53 46
0.437096 -0.024755 0.246031 113 93 86
0.438481 -0.019940 0.244133 83 87 96
0.439279 -0.017580 0.243466 84 86 91
0.440084 -0.014568 0.242053 69 83 86
0.441721 -0.010285 0.242504 71 80 90
0.443333 -0.007245 0.241517 52 77 82
0.444739 -0.003548 0.241132 83 97 101
0.446434 0.000374 0.239954 69 81 87
0.448435 0.003382 0.240638 87 90 93
0.448997 0.007003 0.236895 42 31 20
0.450262 0.009363 0.236634 54 57 57
0.453470 0.012881 0.237941 77 93 95
0.452508 0.016435 0.236439 54 60 56
0.455622 0.019079 0.236792 69 80 83
0.486719 0.094052 0.224462 134 156 149
0.486482 0.096808 0.223236 75 86 75
0.487562 0.098148 0.223492 91 108 88
0.489925 0.104516 0.222893 95 106 70
0.490836 0.107049 0.221219 129 151 103
0.490466 0.111665 0.221433 111 117 89
0.492950 0.113787 0.219255 97 111 76
0.497837 0.129449 0.217176 77 70 68
0.508541 0.151414 0.212081 14 23 23
0.510540 0.153506 0.213039 14 22 27
0.509866 0.155454 0.212317 43 40 46
0.517809 0.175316 0.211991 111 130 144
0.519364 0.177630 0.209207 110 126 134
0.420522 -0.058467 0.245375 170 182 189
0.429074 -0.038790 0.242888 177 202 213
0.427971 -0.037090 0.242742 147 171 174
0.430334 -0.032797 0.243207 151 160 164
0.432008 -0.029820 0.242618 126 137 151
0.433119 -0.026728 0.243489 47 45 44
0.434787 -0.021952 0.239036 64 73 80
0.437720 -0.021378 0.240488 74 63 61
0.438025 -0.012727 0.238955 55 66 70
0.439954 -0.010885 0.240917 32 40 48
0.441246 -0.005060 0.236450 78 86 90
0.441932 -0.002530 0.237658 72 89 96
0.444878 0.000196 0.237234 59 70 72
0.446079 0.002867 0.236962 40 44 45
0.448344 0.007168 0.234935 59 68 70
0.449738 0.010318 0.234979 49 60 67
0.449839 0.013392 0.234643 60 75 77
0.451632 0.016058 0.232935 59 70 73
0.451286 0.020995 0.233033 69 86 88
0.453728 0.029143 0.231939 71 88 90
0.455890 0.029318 0.230282 71 82 79
0.479290 0.087712 0.222588 91 98 88
0.483740 0.093986 0.220870 103 109 106
0.485102 0.096529 0.219972 50 56 50
0.485459 0.100449 0.218335 42 47 36
0.486977 0.103531 0.218442 21 29 16
0.488042 0.106265 0.218300 46 65 23
0.490244 0.109933 0.218019 42 63 8
0.491558 0.114438 0.218812 104 125 79
0.510985 0.158399 0.210421 56 61 62
0.513665 0.163857 0.209580 59 62 70
0.518042 0.181757 0.206739 113 130 147
0.523912 0.196361 0.202252 29 32 37
0.393317 -0.124330 0.255478 180 192 193
0.394137 -0.115960 0.256123 178 185 188
0.414927 -0.067922 0.245423 161 177 181
0.415555 -0.063935 0.244206 173 192 200
0.426452 -0.036974 0.243058 157 175 184
0.430408 -0.029977 0.240229 117 130 138
0.433196 -0.017019 0.237517 105 118 119
0.440413 -0.004386 0.234399 94 99 107
0.441533 0.000945 0.234189 82 97 107
0.443464 0.002176 0.233189 45 58 63
0.444621 0.006661 0.233433 77 96 105
0.446500 0.011055 0.232208 112 125 136
0.447304 0.013393 0.231899 98 109 112
0.452306 0.020227 0.231440 73 89 92
0.451364 0.024718 0.230392 87 107 113
0.454296 0.028679 0.230454 80 95 99
0.454963 0.030428 0.228546 82 99 114
0.454437 0.034249 0.228271 77 91 94
0.463895 0.055704 0.223685 92 105 101
0.483503 0.100351 0.217120 50 55 41
0.485222 0.104027 0.216328 35 45 20
0.485044 0.106513 0.217385 45 62 28
0.488189 0.111184 0.216106 41 57 14
0.488305 0.114229 0.215420 53 69 28
0.494078 0.132893 0.212266 195 199 201
0.496467 0.133240 0.210070 96 100 106
0.498208 0.137833 0.210148 93 106 111
0.498836 0.139858 0.209696 131 145 150
0.507084 0.157095 0.207423 72 82 87
0.522605 0.196474 0.198926 77 86 92
0.390615 -0.117652 0.250238 171 205 213
0.417930 -0.055512 0.241509 146 156 161
0.418384 -0.047663 0.239101 138 180 181
0.429673 -0.022923 0.235958 99 105 116
0.439612 0.002441 0.232248 101 113 122
0.442292 0.005626 0.231025 101 117 129
0.443213 0.015641 0.229077 117 124 132
0.448797 0.017321 0.228643 43 67 73
0.447841 0.020857 0.228085 95 108 117
0.450223 0.028383 0.226364 97 120 127
0.453070 0.033682 0.226995 97 118 124
0.461022 0.050300 0.222230 77 96 92
0.461253 0.055366 0.222862 104 115 111
0.463703 0.058676 0.221669 115 121 121
0.464204 0.060566 0.222216 106 119 118
0.467816 0.066846 0.221315 124 133 131
0.472830 0.082548 0.215883 150 169 172
0.473477 0.084893 0.215300 135 150 152
0.478045 0.098351 0.214788 59 71 74
0.481885 0.100694 0.215422 39 44 37
0.482867 0.104614 0.214322 46 51 37
0.487266 0.116371 0.211254 56 71 55
0.491687 0.127397 0.209363 65 69 59
0.492307 0.131077 0.209318 77 86 87
0.497363 0.138769 0.208515 122 140 147
0.496270 0.140744 0.206468 114 130 131
0.500244 0.153192 0.205272 76 84 81
0.520924 0.199488 0.198829 64 80 89
0.439868 0.008228 0.227859 107 111 104
0.441803 0.011612 0.227986 129 156 166
0.449335 0.029033 0.224505 126 145 150
0.452677 0.036795 0.223162 113 128 131
0.471727 0.082341 0.215621 150 164 167
0.470769 0.085427 0.212958 131 150 171
0.473969 0.091419 0.211470 125 138 154
0.475483 0.093684 0.212117 122 135 142
0.476551 0.098907 0.210595 83 106 109
0.477855 0.101473 0.210996 86 101 103
0.478161 0.107029 0.210854 106 122 125
0.487200 0.127867 0.207036 89 96 99
0.490724 0.131364 0.204725 112 120 122
0.498344 0.145648 0.204487 121 139 145
0.497712 0.147218 0.204503 120 138 145
0.498960 0.150725 0.203866 121 136 140
0.499360 0.155639 0.201910 113 135 145
0.412541 -0.053967 0.233430 215 223 208
0.414034 -0.048215 0.236088 151 181 207
0.442075 0.015816 0.224428 178 204 247
0.455036 0.047981 0.216955 100 120 118
0.457213 0.055470 0.218942 133 151 156
0.459432 0.062714 0.217699 135 146 148
0.468429 0.083028 0.211636 131 155 168
0.473527 0.096719 0.210322 125 188 167
0.475046 0.099045 0.209888 91 128 119
0.476145 0.101404 0.207635 103 103 89
0.487864 0.130735 0.205176 75 84 86
0.499030 0.161507 0.200780 124 152 164
0.465931 0.084601 0.208319 126 164 185
0.467422 0.089575 0.208554 131 169 181
0.488265 0.136041 0.199560 39 47 36
0.503742 0.176414 0.192354 108 132 139
0.505694 0.180283 0.192418 97 107 114
0.421144 -0.013015 0.223358 113 131 130
0.426978 -0.000213 0.220768 216 234 229
0.479847 0.124100 0.198660 150 171 168
0.505563 0.184685 0.190769 72 86 92
0.469762 0.109304 0.201194 33 27 41
0.473450 0.115887 0.198904 105 99 98
0.497029 0.175859 0.187142 143 149 174
0.602348 -0.061642 0.434795 78 80 100
0.586054 -0.103148 0.437778 105 137 152
0.585588 -0.092932 0.434415 105 142 156
0.578727 -0.105509 0.434894 74 120 137
0.582902 -0.092944 0.431458 105 139 150
0.591370 -0.076417 0.427604 96 132 151
0.580332 -0.088536 0.425657 84 125 132
0.566949 -0.081898 0.407054 98 142 158
0.562166 -0.085021 0.403087 71 103 121
0.567722 -0.067355 0.399405 92 123 142
0.605419 0.046331 0.372633 28 0 0
0.593813 0.022750 0.373038 0 0 0
0.594867 0.026701 0.373784 0 0 0
0.591499 0.020785 0.374063 0 0 0
0.592716 0.021988 0.373281 0 0 0
0.591421 0.025928 0.371143 0 0 0
0.592513 0.029698 0.369568 0 0 0
0.592095 0.037329 0.365395 60 30 0
0.604585 0.065296 0.361294 113 99 68
0.513686 -0.149867 0.393012 105 110 97
0.601586 0.059458 0.357120 123 94 52
0.602952 0.064249 0.355401 83 56 42
0.604039 0.071225 0.357660 135 105 57
0.514886 -0.144424 0.390918 83 70 28
0.586990 0.038342 0.358842 82 60 0
0.598586 0.060166 0.354557 134 121 63
0.600753 0.067975 0.354939 90 67 35
0.508392 -0.151805 0.386965 116 110 92
0.508915 -0.144590 0.386860 119 76 31
0.600064 0.069560 0.351339 87 70 43
0.599093 0.081667 0.345610 112 91 54
0.503221 -0.154418 0.382687 89 151 169
0.581766 0.041201 0.347684 127 108 78
0.509666 -0.122922 0.370661 0 0 0
0.554151 -0.011272 0.352476 106 118 125
0.565471 0.013798 0.351685 81 95 81
0.579926 0.047403 0.345238 73 104 90
0.498149 -0.151332 0.374606 99 132 128
0.565973 0.015158 0.346644 131 127 98
0.567330 0.019140 0.345057 91 67 53
0.558680 0.011595 0.345926 141 124 101
0.556577 0.008590 0.340667 135 132 73
0.557140 0.013379 0.342398 134 100 54
0.576312 0.061392 0.332630 143 121 98
0.554164 0.007669 0.339434 149 98 55
0.556262 0.014642 0.339531 137 89 45
0.576215 0.062677 0.329548 137 113 95
0.577987 0.070789 0.330733 140 136 125
0.552310 0.013601 0.336694 135 100 52
0.552429 0.016907 0.333768 120 98 75
0.480066 -0.149154 0.359390 94 95 79
0.502689 -0.102501 0.349986 72 82 86
0.544717 0.005755 0.332758 101 84 72
0.496829 -0.108352 0.348960 73 79 67
0.560242 0.052632 0.322782 134 106 67
0.497640 0.054268 0.255729 97 107 99
0.480174 0.033236 0.249053 131 155 202
0.474071 0.025090 0.248852 128 163 158
0.483207 0.042394 0.245412 152 175 191
0.483310 0.045522 0.245209 142 162 176
0.485778 0.048767 0.244545 154 177 192
0.487315 0.050533 0.244299 142 169 182
0.470908 0.022602 0.246028 105 120 44
0.472655 0.024716 0.246050 110 138 140
0.475518 0.033531 0.243519 72 123 153
0.477121 0.035181 0.243616 95 135 160
0.478996 0.039509 0.243596 112 132 79
0.480019 0.042749 0.242906 119 132 122
0.481363 0.046035 0.243220 125 139 161
0.483446 0.053203 0.241512 121 136 142
0.497994 0.089091 0.235942 57 67 44
0.506646 0.102959 0.233325 92 90 61
0.505350 0.109078 0.232365 45 51 18
0.540761 0.189698 0.217604 159 173 187
0.403325 -0.137520 0.271704 162 190 199
0.416266 -0.107969 0.268055 155 177 189
0.441829 -0.046954 0.254096 155 157 137
0.447558 -0.035202 0.254381 166 187 198
0.451426 -0.021978 0.251018 168 188 202
0.453532 -0.018071 0.250248 170 190 204
0.461914 0.003194 0.245200 162 198 214
0.461402 0.006616 0.245936 148 142 150
0.463554 0.008827 0.244403 165 120 130
0.464932 0.012773 0.243893 145 161 173
0.467269 0.016594 0.245825 105 130 81
0.468033 0.020174 0.244132 111 136 108
0.469160 0.024167 0.244605 79 104 51
0.471386 0.025990 0.243233 100 123 72
0.472264 0.029021 0.243276 111 134 123
0.474716 0.033320 0.242961 82 124 147
0.475175 0.036246 0.242527 84 116 100
0.476951 0.038714 0.241883 92 116 84
0.478628 0.043239 0.240438 110 123 119
0.479523 0.045115 0.240146 111 116 120
0.503012 0.099686 0.231285 77 87 56
0.521908 0.154261 0.221281 117 146 158
0.525091 0.163076 0.220527 205 195 212
0.545710 0.210724 0.211042 177 195 211
0.448873 -0.019591 0.247616 165 179 188
0.450112 -0.016554 0.247468 170 181 193
0.450632 -0.012088 0.247628 177 167 177
0.452619 -0.009868 0.246142 157 134 143
0.454524 -0.006925 0.245764 155 140 145
0.455969 -0.003155 0.245612 163 149 156
0.456832 0.000701 0.245327 137 127 132
0.459423 0.003962 0.243986 136 150 164
0.460607 0.007748 0.244398 117 96 107
0.461739 0.010779 0.243558 116 124 141
0.462830 0.013205 0.243024 115 136 150
0.465365 0.018020 0.243612 131 151 167
0.466784 0.023822 0.241517 113 131 134
0.467902 0.025817 0.240429 108 119 121
0.470172 0.030542 0.239296 109 130 134
0.470681 0.033615 0.239274 104 123 118
0.472214 0.036203 0.238921 93 109 103
0.474465 0.039339 0.238256 98 122 147
0.476220 0.042969 0.237970 99 107 94
0.477329 0.045614 0.237901 90 83 67
0.522857 0.155900 0.217712 124 137 142
0.522957 0.159522 0.216248 112 137 149
0.524137 0.165108 0.217281 150 175 193
0.526629 0.166879 0.216769 147 171 189
0.526853 0.169746 0.216043 134 160 176
0.526335 0.173176 0.215175 149 184 208
0.538485 0.196302 0.210890 194 227 246
0.541663 0.205186 0.210197 174 202 221
0.546179 0.212653 0.208951 180 203 214
0.419471 -0.089127 0.257803 171 186 190
0.435867 -0.041703 0.249676 122 111 110
0.440729 -0.034916 0.246075 145 130 128
0.441484 -0.031875 0.247866 164 176 180
0.441063 -0.030663 0.247227 158 171 175
0.446284 -0.021776 0.246632 163 183 194
0.446359 -0.019003 0.246074 156 169 185
0.449261 -0.016109 0.244395 144 113 127
0.449699 -0.012888 0.245093 147 111 118
0.451555 -0.009156 0.244124 144 94 107
0.452916 -0.006839 0.243557 133 86 97
0.453800 -0.002162 0.242993 119 66 78
0.454430 0.001474 0.243129 122 80 96
0.456334 0.004497 0.241383 119 72 78
0.456974 0.006795 0.242304 95 66 74
0.461393 0.009998 0.240863 118 114 119
0.461703 0.013883 0.239684 79 111 125
0.462499 0.017454 0.237844 107 126 137
0.463756 0.020209 0.237935 95 112 110
0.464714 0.024306 0.237414 95 106 116
0.466511 0.027662 0.237608 95 110 113
0.467732 0.030695 0.237965 100 118 120
0.469195 0.034351 0.238304 98 111 111
0.470423 0.036548 0.238043 85 98 97
0.472145 0.038975 0.236439 86 107 119
0.519630 0.156039 0.217206 113 130 135
0.520269 0.162777 0.214350 65 85 93
0.522378 0.164457 0.216763 129 156 177
0.525047 0.170976 0.213895 113 139 154
0.526518 0.173806 0.214925 162 190 208
0.530803 0.189123 0.210505 215 253 255
0.534036 0.193025 0.211187 215 242 255
0.540155 0.205068 0.206257 218 207 224
0.543611 0.213556 0.204801 164 201 216
0.542485 0.216716 0.205427 149 188 208
0.431487 -0.052823 0.249726 172 189 196
0.438859 -0.035746 0.245606 106 108 106
0.439363 -0.031862 0.246212 137 135 136
0.440449 -0.029211 0.245126 150 146 150
0.442341 -0.026121 0.243795 161 167 175
0.443710 -0.022478 0.243558 163 172 184
0.444379 -0.018859 0.243049 141 155 167
0.445554 -0.015422 0.243365 131 123 137
0.447704 -0.013031 0.243129 136 75 81
0.448840 -0.009440 0.242573 126 78 88
0.449063 -0.005508 0.241945 164 121 128
0.453511 0.000965 0.238704 98 61 70
0.453670 0.004958 0.239527 101 54 59
0.454775 0.008842 0.238301 91 80 84
0.456256 0.011518 0.237773 98 92 100
0.457770 0.015318 0.236719 98 106 111
0.459203 0.017650 0.237450 98 113 117
0.461176 0.020955 0.236347 92 102 111
0.462681 0.023749 0.236696 85 98 102
0.463976 0.026121 0.236363 84 99 102
0.489586 0.095160 0.224240 92 114 86
0.492282 0.101583 0.222330 113 132 91
0.514796 0.156060 0.214248 65 64 72
0.519300 0.163914 0.212393 87 98 111
0.523097 0.173509 0.212875 127 176 190
0.523030 0.175999 0.210954 121 149 162
0.523857 0.178657 0.209120 116 143 159
0.526451 0.181334 0.211136 125 164 185
0.534772 0.202387 0.207300 254 255 255
0.539465 0.211242 0.204779 172 216 245
0.539886 0.216185 0.204815 202 184 198
0.543421 0.225807 0.201392 168 181 192
0.432342 -0.039939 0.243284 174 191 197
0.434640 -0.037578 0.244756 137 149 155
0.435733 -0.036854 0.242773 134 149 156
0.436630 -0.029829 0.243426 81 85 89
0.437416 -0.028941 0.242287 73 59 53
0.442160 -0.021532 0.241294 122 133 142
0.445441 -0.009448 0.240971 110 96 100
0.451884 0.001861 0.237217 120 83 89
0.452277 0.005459 0.237816 87 70 74
0.452981 0.008022 0.237335 92 86 94
0.455277 0.012089 0.236398 93 116 124
0.455647 0.015098 0.236068 81 96 101
0.456513 0.017220 0.235602 72 82 84
0.488890 0.095766 0.221423 119 130 133
0.490974 0.097414 0.220833 162 178 165
0.491571 0.101798 0.219496 109 129 84
0.492988 0.104907 0.219379 121 151 103
0.493537 0.108548 0.218468 104 143 93
0.494661 0.111736 0.217684 113 136 91
0.496597 0.115481 0.216793 121 147 97
0.497996 0.116937 0.215125 114 135 93
0.500028 0.120865 0.215212 106 124 88
0.511574 0.151631 0.210738 18 26 25
0.514704 0.153830 0.210743 0 0 0
0.515956 0.160290 0.209781 14 15 23
0.520324 0.172642 0.208357 96 113 118
0.526880 0.188368 0.207466 175 182 186
0.540061 0.221302 0.200246 219 255 255
0.431191 -0.037726 0.241123 177 187 198
0.433340 -0.032663 0.241081 167 175 188
0.433802 -0.031422 0.240841 152 165 173
0.436486 -0.028013 0.240240 75 75 84
0.438450 -0.020605 0.237428 129 155 155
0.438530 -0.016148 0.236984 93 105 115
0.441780 -0.014971 0.237676 46 46 57
0.446975 -0.003740 0.234370 64 65 75
0.446379 0.001507 0.234355 58 59 60
0.450612 0.010234 0.232484 53 61 66
0.451874 0.013807 0.232313 54 67 75
0.454130 0.015937 0.231757 43 50 49
0.457433 0.021750 0.229911 56 64 63
0.485695 0.093994 0.220566 138 140 138
0.486341 0.096280 0.219146 65 72 66
0.487365 0.099977 0.217670 61 69 54
0.487969 0.102089 0.217502 45 56 40
0.491292 0.105207 0.216650 103 123 86
0.491979 0.109684 0.215538 48 72 21
0.494129 0.111796 0.216853 140 163 106
0.494783 0.115912 0.216327 91 118 70
0.497740 0.117462 0.214554 120 131 84
0.498912 0.120712 0.214296 94 111 73
0.513118 0.156385 0.207792 15 25 18
0.518623 0.172719 0.205392 119 138 141
0.419972 -0.056506 0.240614 173 188 193
0.429429 -0.034184 0.238640 223 195 250
0.431989 -0.030591 0.235157 178 178 183
0.434047 -0.027650 0.236287 141 156 164
0.436297 -0.020552 0.235754 41 70 86
0.436799 -0.016791 0.234105 57 50 70
0.437886 -0.014379 0.234525 28 45 46
0.439389 -0.009627 0.234167 81 98 100
0.442742 -0.008156 0.232404 98 95 106
0.449038 0.010858 0.231074 43 72 68
0.452954 0.019166 0.230528 73 83 85
0.455368 0.026152 0.229110 62 81 84
0.460602 0.037151 0.224111 69 85 87
0.482037 0.095030 0.215187 52 56 46
0.485489 0.099836 0.215935 48 52 46
0.486005 0.102682 0.214913 38 42 26
0.487562 0.107086 0.214907 31 40 17
0.494848 0.124636 0.209587 27 32 18
0.496088 0.125622 0.209963 49 60 51
0.501311 0.141032 0.207722 40 43 41
0.524511 0.200366 0.197369 57 72 89
0.420889 -0.047013 0.236771 186 196 213
0.438959 -0.004537 0.230417 100 124 95
0.443009 0.004356 0.229123 116 139 156
0.446443 0.006093 0.228050 44 65 61
0.449366 0.015754 0.226009 74 97 108
0.452670 0.027276 0.224417 127 168 179
0.455646 0.033313 0.223454 60 59 55
0.457439 0.037752 0.223293 72 79 80
0.457713 0.038011 0.221071 121 112 141
0.462297 0.044333 0.221362 67 76 81
0.464161 0.053565 0.218615 104 110 111
0.466778 0.055729 0.219247 97 108 105
0.468239 0.059184 0.218957 107 113 111
0.472788 0.077318 0.215844 142 168 170
0.473393 0.078741 0.215820 142 168 167
0.476859 0.084282 0.212722 131 144 143
0.477856 0.088103 0.212132 131 148 150
0.482745 0.092970 0.213339 35 41 37
0.483228 0.097428 0.213272 37 42 30
0.484091 0.100947 0.211880 26 29 20
0.484732 0.104037 0.210715 30 31 11
0.485116 0.105542 0.213796 63 57 0
0.493701 0.124074 0.208407 37 36 27
0.493670 0.127123 0.208462 45 58 54
0.494579 0.130425 0.208824 61 75 71
0.496091 0.133377 0.206232 85 94 93
0.498400 0.136237 0.204375 46 67 71
0.498553 0.139771 0.204252 69 78 78
0.499299 0.146256 0.204206 118 147 155
0.522992 0.201480 0.194507 92 118 130
0.427889 -0.029292 0.233580 144 163 205
0.445231 0.009438 0.225038 143 161 169
0.457757 0.044651 0.217157 75 75 81
0.470177 0.071529 0.214671 143 167 173
0.467955 0.073401 0.214190 142 160 161
0.474689 0.082894 0.212711 140 152 156
0.475875 0.086312 0.213312 127 139 143
0.476061 0.091800 0.210738 117 136 149
0.476660 0.092711 0.211115 122 136 140
0.478276 0.098280 0.210007 98 111 116
0.480831 0.100457 0.209170 63 73 71
0.482714 0.103395 0.209243 45 51 45
0.492296 0.125117 0.205406 9 22 7
0.495187 0.134036 0.202448 105 119 110
0.496000 0.138948 0.204909 46 50 53
0.497090 0.140207 0.203963 88 92 103
0.500126 0.147120 0.201627 124 140 150
0.500446 0.149223 0.200983 138 150 139
0.501358 0.153693 0.199863 122 139 148
0.418609 -0.046167 0.229482 137 161 190
0.445540 0.020092 0.221534 95 96 82
0.469468 0.081443 0.209635 134 158 164
0.474309 0.090670 0.207940 137 147 144
0.475415 0.093266 0.208697 130 175 165
0.477489 0.097098 0.207770 125 151 170
0.491454 0.131036 0.201270 107 132 142
0.492009 0.132477 0.200305 86 101 96
0.494865 0.142455 0.200715 34 45 51
0.500721 0.154685 0.198737 159 172 185
0.502057 0.160255 0.195130 123 135 142
0.465007 0.076549 0.207040 83 73 43
0.470582 0.084656 0.206232 134 167 172
0.469975 0.090151 0.205366 169 167 166
0.474297 0.099673 0.205770 139 182 196
0.487218 0.129478 0.198032 101 104 100
0.504680 0.175449 0.191282 113 134 140
0.422763 -0.017211 0.221847 156 175 177
0.467557 0.083544 0.204567 192 196 199
0.471727 0.094441 0.201628 74 78 68
0.505060 0.175582 0.189433 116 133 140
0.501188 0.175130 0.187994 82 84 76
0.471389 0.108259 0.194642 142 161 184
0.417030 -0.021461 0.213751 189 155 142
0.586031 -0.104245 0.436039 101 133 155
0.592649 -0.072518 0.420827 71 89 94
0.589234 -0.074308 0.419460 66 115 135
0.576571 -0.096504 0.421872 109 132 139
0.580129 -0.090456 0.421951 97 126 129
0.572095 -0.081669 0.407176 96 132 141
0.574311 -0.079277 0.406603 84 96 117
0.575939 -0.077442 0.406942 74 104 120
0.564104 -0.103504 0.408836 101 135 160
0.571487 -0.083046 0.405319 30 60 65
0.567780 -0.085210 0.404673 96 135 149
0.611714 0.054337 0.365323 106 71 40
0.552104 -0.083994 0.386946 26 79 125
0.594128 0.020722 0.371538 0 0 0
0.608997 0.052841 0.364437 97 55 16
0.590648 0.017928 0.365950 0 0 0
0.606766 0.057789 0.360531 81 74 40
0.570007 -0.027262 0.372525 0 0 0
0.570891 -0.025376 0.370405 0 0 0
0.517260 -0.146978 0.389971 125 147 148
0.533010 -0.106012 0.379145 0 0 0
0.591436 0.032924 0.357162 56 41 0
0.598231 0.057420 0.352298 80 82 52
0.604776 0.067701 0.350262 149 101 58
0.603517 0.069141 0.351739 121 91 43
0.602550 0.069544 0.348029 99 72 41
0.512073 -0.141801 0.380545 132 119 89
0.512285 -0.140998 0.379503 133 119 85
0.594287 0.056339 0.347761 126 93 59
0.599188 0.069116 0.345885 105 92 46
0.597386 0.070358 0.345581 110 75 46
0.601871 0.075924 0.346373 110 88 58
0.512399 -0.140729 0.379178 138 115 76
0.600483 0.078910 0.341687 73 59 48
0.565662 -0.001063 0.351195 67 61 39
0.510304 -0.127240 0.370385 0 20 0
0.511749 -0.123185 0.369087 0 0 0
0.513777 -0.121467 0.367366 0 0 0
0.560577 -0.006391 0.348910 103 100 89
0.564709 0.005749 0.347860 108 99 84
0.566807 0.008229 0.345730 117 125 119
0.510486 -0.124518 0.368478 0 0 0
0.550901 -0.024461 0.348321 105 117 118
0.561895 0.002568 0.343348 121 102 67
0.584364 0.062488 0.335184 165 134 70
0.549879 -0.023903 0.346599 106 115 99
0.560866 0.009442 0.342116 154 102 57
0.582849 0.057803 0.332574 127 111 84
0.501097 -0.132388 0.363407 148 162 159
0.554563 -0.001432 0.339199 113 92 58
0.555139 0.003693 0.339828 130 106 65
0.568005 0.033096 0.336661 109 102 88
0.577657 0.059458 0.330968 128 115 89
0.490847 -0.152815 0.363418 71 114 135
0.499100 -0.132104 0.362550 104 150 159
0.546816 -0.016629 0.339593 47 56 43
0.554110 -0.000798 0.338987 111 83 58
0.569065 0.038941 0.333556 133 111 76
0.541049 -0.026855 0.340365 102 125 125
0.554363 0.007595 0.333578 140 104 69
0.576970 0.064301 0.324846 130 127 104
0.505222 -0.106588 0.351063 90 102 109
0.501502 -0.102252 0.348402 78 92 89
0.543379 -0.006643 0.331497 97 76 52
0.543501 -0.001767 0.329675 117 86 58
0.546389 0.003936 0.329384 131 106 84
0.547861 0.008865 0.329311 116 116 89
0.549213 0.012740 0.329596 130 106 76
0.483546 -0.142598 0.350905 112 127 115
0.543506 0.004358 0.326048 143 114 82
0.475825 -0.155720 0.352617 152 120 83
0.480483 -0.146641 0.350354 96 95 74
0.556205 0.040659 0.320192 134 104 74
0.557673 0.044578 0.317848 125 103 72
0.493191 0.015891 0.268371 128 149 158
0.479836 -0.000127 0.265363 131 137 136
0.531259 0.123767 0.241532 83 61 49
0.481903 0.007316 0.259306 135 146 154
0.488117 0.042225 0.245942 154 175 191
0.487974 0.047359 0.244799 140 161 178
0.490605 0.050693 0.243612 157 183 198
0.493174 0.051895 0.242853 156 176 189
0.482337 0.035648 0.243748 175 189 195
0.483370 0.037535 0.243722 153 178 172
0.484819 0.040946 0.242937 151 177 177
0.485315 0.043880 0.242464 168 198 209
0.485700 0.048018 0.242531 164 193 209
0.489058 0.050467 0.242424 149 178 200
0.490231 0.053219 0.240175 123 140 154
0.472757 0.018592 0.243460 135 167 130
0.474356 0.020857 0.242886 118 137 74
0.476031 0.024493 0.242582 113 151 163
0.477029 0.028144 0.243450 115 154 196
0.477676 0.030277 0.241983 94 139 142
0.479947 0.034786 0.241401 122 143 100
0.481837 0.037465 0.241725 131 158 118
0.482751 0.040952 0.241779 124 149 136
0.484272 0.043537 0.240761 141 175 189
0.486086 0.052194 0.238592 123 139 147
0.486601 0.053951 0.238736 116 118 120
0.490088 0.056009 0.238062 102 119 141
0.411942 -0.127234 0.268532 163 179 182
0.458029 -0.008102 0.246520 166 188 204
0.459848 -0.003930 0.244920 202 204 232
0.463597 0.003465 0.244493 164 205 222
0.468121 0.011394 0.243012 164 188 208
0.469315 0.015391 0.242284 135 157 140
0.470687 0.018280 0.241732 113 144 132
0.472145 0.021742 0.241888 107 132 93
0.472271 0.024129 0.240361 103 129 80
0.474514 0.028426 0.241250 89 125 75
0.476139 0.031470 0.239870 87 127 114
0.477435 0.035420 0.239438 79 102 64
0.478254 0.039056 0.238386 118 128 132
0.479544 0.041430 0.238029 113 132 133
0.481462 0.046726 0.236804 85 161 123
0.484086 0.048499 0.236749 114 123 127
0.485074 0.050767 0.236799 125 144 152
0.504232 0.099068 0.229275 91 100 65
0.511807 0.116127 0.224565 64 73 53
0.512310 0.122565 0.223478 50 69 38
0.541593 0.192714 0.210703 168 200 225
0.541952 0.195333 0.211760 193 225 241
0.545028 0.198258 0.210745 183 214 233
0.548415 0.204425 0.209714 166 179 196
0.547474 0.208243 0.210214 162 177 193
0.411861 -0.124835 0.263781 164 184 192
0.412498 -0.121795 0.263817 162 178 186
0.438003 -0.055459 0.249948 155 162 153
0.442246 -0.047660 0.250208 160 164 162
0.441138 -0.043097 0.250736 158 169 172
0.445568 -0.034122 0.246983 170 186 200
0.447992 -0.032724 0.246735 182 197 209
0.451448 -0.021165 0.245844 161 179 194
0.453934 -0.013574 0.246105 170 181 194
0.454844 -0.010464 0.245426 162 150 159
0.456216 -0.007748 0.243372 160 120 129
0.457427 -0.003211 0.243740 157 146 156
0.459934 -0.000966 0.243426 169 183 199
0.460702 0.000530 0.242231 142 154 168
0.461522 0.005732 0.242300 138 146 155
0.464469 0.013281 0.241145 143 157 166
0.467515 0.016122 0.239923 102 129 124
0.468207 0.018266 0.238115 120 146 138
0.469504 0.021798 0.238523 109 138 155
0.470523 0.025696 0.238669 116 128 117
0.472157 0.028836 0.238001 114 132 120
0.473462 0.032514 0.237969 105 141 157
0.474663 0.035849 0.238323 92 134 132
0.478423 0.040663 0.236523 136 143 132
0.482541 0.047947 0.234253 75 120 118
0.520809 0.152140 0.216779 111 124 123
0.522875 0.155707 0.216908 68 101 130
0.526614 0.160766 0.214535 103 122 139
0.527479 0.167228 0.213937 147 184 202
0.530527 0.172817 0.212531 147 174 193
0.532856 0.177138 0.212955 141 174 192
0.534133 0.177912 0.212879 145 178 199
0.535628 0.187085 0.210601 181 202 217
0.537850 0.189688 0.210333 176 206 226
0.539573 0.191823 0.209688 166 194 207
0.541511 0.195972 0.210437 179 214 233
0.543798 0.197217 0.209076 180 211 232
0.546865 0.209947 0.208147 153 185 205
0.552080 0.225727 0.204020 151 167 179
0.440164 -0.043955 0.245466 138 150 149
0.442590 -0.036415 0.245322 140 144 141
0.443573 -0.034838 0.246231 162 169 175
0.444935 -0.031783 0.243726 166 185 203
0.446647 -0.026627 0.244088 178 192 211
0.448697 -0.023096 0.241324 166 191 211
0.447988 -0.020291 0.243948 161 180 195
0.450585 -0.016217 0.243873 170 132 143
0.451477 -0.013242 0.242466 156 128 138
0.453322 -0.011003 0.241866 161 152 160
0.454553 -0.006920 0.241765 147 100 114
0.455716 -0.004836 0.240638 158 118 130
0.458662 -0.002114 0.239451 165 163 174
0.458258 0.002560 0.239600 126 82 95
0.460904 0.006660 0.239525 140 140 144
0.461867 0.010177 0.238212 80 65 98
0.463507 0.010608 0.237360 110 125 138
0.464528 0.016391 0.236854 117 143 156
0.465914 0.019220 0.237233 108 138 153
0.467287 0.022650 0.237185 92 123 130
0.467889 0.025819 0.236850 111 147 166
0.471068 0.028160 0.235554 145 178 185
0.498589 0.101729 0.222176 135 160 110
0.502225 0.105853 0.220340 131 137 104
0.530343 0.173505 0.210461 146 179 200
0.531394 0.173968 0.210285 170 195 218
0.533439 0.183870 0.208147 129 184 217
0.533668 0.186933 0.209633 168 197 209
0.538299 0.194872 0.207070 171 199 238
0.541960 0.204016 0.206138 160 197 220
0.540320 0.205245 0.204156 183 218 255
0.543860 0.213337 0.204322 122 194 228
0.436412 -0.046142 0.243068 171 188 196
0.442279 -0.033029 0.242952 125 119 127
0.442988 -0.030813 0.242655 145 138 157
0.444548 -0.026358 0.242400 164 177 196
0.445653 -0.023165 0.240964 141 167 185
0.446793 -0.019701 0.240091 167 169 182
0.448116 -0.016947 0.240408 152 114 139
0.448758 -0.013592 0.239527 178 110 117
0.452627 -0.007802 0.239045 184 110 125
0.453542 -0.003512 0.238350 126 74 87
0.455784 0.005182 0.237093 140 198 182
0.457320 0.006454 0.237161 56 176 150
0.459326 0.009974 0.236031 89 113 124
0.461297 0.014114 0.234932 152 169 176
0.462984 0.017803 0.234502 150 164 185
0.462905 0.020230 0.235096 170 216 226
0.464581 0.025657 0.233757 51 71 69
0.495115 0.100992 0.220678 151 165 121
0.497928 0.103155 0.219131 132 153 104
0.498499 0.110650 0.218372 91 118 61
0.501262 0.111419 0.215956 72 98 47
0.502448 0.118191 0.216196 111 135 87
0.503891 0.119231 0.215393 94 119 70
0.522236 0.160491 0.210274 51 57 67
0.520667 0.163357 0.209288 54 55 68
0.530318 0.180235 0.206599 95 108 124
0.531463 0.186930 0.204113 130 159 172
0.533466 0.190430 0.204841 152 194 214
0.537841 0.197806 0.203707 139 171 185
0.544496 0.213703 0.201326 179 209 240
0.405152 -0.118659 0.256518 158 178 185
0.428564 -0.059759 0.242880 176 189 197
0.440285 -0.033001 0.241194 76 79 80
0.441117 -0.030545 0.239944 138 119 145
0.441609 -0.027221 0.238890 99 93 100
0.443472 -0.021640 0.239158 181 167 149
0.446416 -0.016850 0.238808 195 161 150
0.454078 -0.002186 0.235415 105 75 93
0.459389 0.018232 0.230126 170 182 202
0.486923 0.087708 0.219074 55 58 45
0.491349 0.095270 0.217294 65 76 72
0.491662 0.096047 0.217152 89 103 87
0.494738 0.101103 0.217518 116 142 93
0.495735 0.105500 0.217635 133 162 114
0.496535 0.106933 0.216396 125 149 101
0.497226 0.110049 0.215559 114 140 91
0.500369 0.117066 0.214169 117 142 91
0.502409 0.120344 0.214030 104 123 77
0.503461 0.122273 0.214556 93 110 78
0.515292 0.156698 0.208270 34 28 34
0.519908 0.166197 0.205329 10 10 22
0.522412 0.170844 0.203866 11 17 35
0.523631 0.177627 0.204746 98 115 125
0.525962 0.181649 0.205252 112 129 137
0.529856 0.185856 0.201701 112 128 140
0.530268 0.190498 0.203448 240 255 255
0.435015 -0.043167 0.239013 184 199 201
0.436497 -0.038615 0.237701 163 176 182
0.436138 -0.036292 0.237673 163 175 180
0.436675 -0.030792 0.236732 126 133 132
0.438439 -0.029525 0.236093 183 176 206
0.441872 -0.014687 0.234623 132 125 109
0.448408 -0.005285 0.233172 62 26 40
0.450436 -0.004863 0.232285 103 43 44
0.462676 0.025918 0.227152 47 53 51
0.465134 0.033059 0.225866 57 65 65
0.486028 0.091245 0.217607 77 87 71
0.488270 0.095207 0.216047 66 68 62
0.490783 0.097217 0.216150 84 85 83
0.490780 0.101563 0.215773 151 169 143
0.492582 0.104082 0.213701 113 130 101
0.496134 0.109982 0.213499 131 150 102
0.498007 0.114951 0.212466 112 143 83
0.499488 0.116975 0.212458 114 135 87
0.500087 0.121225 0.211167 76 94 61
0.500054 0.123519 0.211795 70 90 70
0.502720 0.126843 0.209403 81 90 98
0.510137 0.145683 0.208164 33 32 14
0.512923 0.154339 0.205535 15 22 29
0.519385 0.165119 0.204509 1 3 11
0.520854 0.171586 0.200860 0 1 19
0.522606 0.174341 0.201737 9 15 29
0.527416 0.190977 0.201373 79 100 115
0.431134 -0.037226 0.236451 176 185 184
0.432948 -0.036337 0.236167 235 199 205
0.442158 -0.017393 0.232581 55 16 8
0.447011 -0.003747 0.228310 173 183 201
0.450332 0.007068 0.227005 59 59 59
0.454604 0.018871 0.227269 56 73 87
0.458332 0.029683 0.223397 59 70 71
0.463590 0.036477 0.222150 63 77 76
0.467827 0.047025 0.219522 62 68 69
0.483325 0.093846 0.213276 28 36 42
0.487421 0.095747 0.212890 55 57 54
0.488052 0.097432 0.212276 67 69 66
0.489476 0.100353 0.210113 35 44 36
0.491599 0.107834 0.210721 77 90 54
0.493138 0.112818 0.210708 33 43 0
0.494893 0.115272 0.210589 84 108 70
0.498643 0.119117 0.209461 41 61 37
0.498975 0.125329 0.207918 43 53 44
0.501286 0.129916 0.207083 85 103 109
0.528164 0.194920 0.194463 95 113 126
0.448045 0.008514 0.224803 39 69 70
0.465875 0.044972 0.218784 71 80 82
0.468543 0.058370 0.217353 103 112 105
0.470767 0.062381 0.215339 94 98 86
0.472438 0.064600 0.214619 92 106 105
0.472240 0.068478 0.215029 115 125 123
0.473181 0.073081 0.213946 127 146 148
0.484211 0.095157 0.210535 45 51 41
0.486293 0.099099 0.208645 37 43 32
0.486819 0.101031 0.208481 27 31 20
0.495282 0.122878 0.207766 66 75 56
0.497191 0.125967 0.205014 70 90 90
0.509695 0.154993 0.201067 119 133 139
0.525783 0.197898 0.195541 77 88 95
0.422720 -0.044345 0.231960 89 158 196
0.427158 -0.037265 0.228603 109 132 149
0.429618 -0.032583 0.230639 208 218 190
0.433082 -0.025782 0.229546 202 235 230
0.459640 0.041227 0.217774 42 61 61
0.475732 0.078315 0.210868 132 151 153
0.475773 0.083718 0.209724 135 154 168
0.477157 0.085242 0.211177 148 149 158
0.478918 0.089277 0.206880 121 143 154
0.481515 0.093107 0.208124 112 129 137
0.481687 0.096770 0.205914 129 149 158
0.482991 0.098442 0.205914 107 128 124
0.483291 0.102281 0.207561 124 143 127
0.493082 0.123162 0.203946 58 85 77
0.500085 0.142497 0.198935 89 99 101
0.501901 0.146467 0.198092 117 132 137
0.502887 0.149303 0.197365 111 127 131
0.471438 0.077709 0.207719 150 136 127
0.473652 0.079655 0.206890 146 166 164
0.474397 0.082549 0.207512 154 169 162
0.474460 0.087775 0.207014 139 164 168
0.477077 0.089201 0.206297 127 142 140
0.478931 0.092265 0.206009 128 123 129
0.479453 0.096035 0.205424 114 128 130
0.480260 0.099234 0.206548 59 56 59
0.489425 0.116920 0.200952 0 50 48
0.491502 0.129160 0.200643 73 79 79
0.501302 0.147940 0.197069 166 166 185
0.503107 0.150076 0.196428 75 79 82
0.417861 -0.042438 0.225814 186 176 132
0.464449 0.067388 0.209121 84 94 90
0.469934 0.073997 0.205799 163 184 190
0.470068 0.075919 0.206059 147 169 176
0.470173 0.080664 0.206114 145 167 166
0.472691 0.085716 0.205020 165 184 190
0.478590 0.103418 0.202659 255 255 251
0.500413 0.149387 0.194015 41 48 52
0.509512 0.170432 0.189837 136 156 165
0.507030 0.174984 0.189127 123 140 145
0.504439 0.167430 0.186412 85 106 114
0.504508 0.171646 0.187677 168 184 195
0.503677 0.169920 0.183561 236 255 255
0.504661 0.174932 0.183663 72 86 86
0.463806 0.086734 0.196902 220 255 255
0.502424 0.181646 0.179737 177 214 248
0.574207 -0.114399 0.424602 131 165 177
0.584214 -0.094704 0.419174 102 140 155
0.579099 -0.080403 0.406223 99 135 150
0.580088 -0.079827 0.406702 83 120 137
0.575437 -0.081887 0.403888 85 122 142
0.570042 -0.087333 0.403035 90 119 131
0.573347 -0.083256 0.403077 38 57 68
0.575517 -0.081741 0.403131 102 138 151
0.568896 -0.085937 0.400309 94 130 144
0.569761 -0.085124 0.399546 89 124 140
0.567498 -0.086512 0.398743 95 132 146
0.553318 -0.084305 0.384740 58 122 132
0.597117 0.018060 0.368595 0 0 0
0.597245 0.018336 0.368601 0 0 0
0.594123 0.018106 0.365035 0 0 0
0.608541 0.054115 0.356443 97 91 48
0.590905 0.014803 0.364128 0 0 0
0.594037 0.028144 0.360310 39 33 0
0.606035 0.055087 0.354309 90 78 50
0.593468 0.029985 0.357701 48 2 0
0.605066 0.056725 0.353818 91 82 54
0.516500 -0.150779 0.387057 129 140 132
0.517156 -0.149717 0.386261 130 142 134
0.591271 0.029965 0.355030 36 62 0
0.590504 0.032360 0.354538 0 5 0
0.604458 0.066027 0.348522 143 112 51
0.531665 -0.108542 0.374479 0 0 0
0.604828 0.068163 0.346489 117 99 58
0.605405 0.072448 0.343188 113 76 33
0.511591 -0.153159 0.380749 129 122 77
0.605377 0.071264 0.342358 95 89 48
0.602441 0.072391 0.339762 90 81 62
0.608519 0.090557 0.337881 98 107 71
0.514188 -0.121699 0.367071 0 0 0
0.527920 -0.098027 0.362275 0 0 0
0.525431 -0.098548 0.360464 0 0 0
0.552294 -0.023772 0.346782 96 102 110
0.567290 0.005632 0.343148 141 98 60
0.584786 0.054567 0.333532 112 91 71
0.550580 -0.024400 0.345939 96 115 130
0.559299 -0.002819 0.339994 141 115 70
0.561819 0.000002 0.340978 148 105 64
0.563512 0.004136 0.341929 146 91 58
0.581561 0.053426 0.331422 139 132 133
0.584523 0.055103 0.332376 149 122 82
0.558721 0.006361 0.337220 120 107 70
0.580308 0.052083 0.328287 150 138 109
0.580439 0.055382 0.330387 138 129 120
0.493909 -0.146148 0.361070 50 142 190
0.499407 -0.141255 0.360637 67 136 172
0.542776 -0.028996 0.341006 63 77 59
0.552272 -0.007834 0.338774 111 72 45
0.556636 0.001433 0.335511 133 116 69
0.557175 0.006639 0.334735 120 96 63
0.572576 0.045453 0.328381 133 128 120
0.576622 0.050504 0.325811 127 100 69
0.577629 0.055769 0.327271 139 123 94
0.490813 -0.156847 0.359418 67 113 136
0.491321 -0.155167 0.360117 90 115 113
0.507021 -0.114947 0.352295 68 60 48
0.507706 -0.105805 0.351376 55 89 98
0.542076 -0.029465 0.338842 94 128 83
0.547494 -0.014823 0.335727 94 73 50
0.554401 -0.002371 0.334018 123 93 62
0.555388 0.000852 0.333281 130 106 68
0.571202 0.040605 0.326690 140 117 82
0.571490 0.047046 0.324785 120 113 95
0.576629 0.055739 0.323007 131 124 111
0.504294 -0.116526 0.350598 99 117 113
0.506576 -0.105868 0.348345 106 125 102
0.543536 -0.020709 0.332779 102 74 30
0.545499 -0.016808 0.332723 136 92 48
0.546283 -0.013198 0.332515 122 79 49
0.568439 0.042107 0.323318 127 109 88
0.503961 -0.107446 0.347875 96 105 105
0.503937 -0.105270 0.345523 93 94 102
0.504483 -0.103611 0.345497 81 99 92
0.508347 -0.099816 0.345655 108 82 72
0.537972 -0.029828 0.333099 94 64 36
0.553642 0.011627 0.324251 141 128 95
0.554754 0.015552 0.323585 139 111 65
0.567062 0.046097 0.319267 131 120 98
0.572511 0.057644 0.316355 127 116 82
0.539807 -0.019743 0.328418 126 84 52
0.542475 -0.012953 0.327373 145 113 76
0.538670 -0.011542 0.323355 135 108 69
0.554626 0.030448 0.315016 125 113 86
0.557172 0.035601 0.313392 126 120 98
0.544217 0.148477 0.233899 106 120 115
0.543632 0.148684 0.232504 98 112 120
0.481343 0.006639 0.256164 131 140 140
0.547782 0.168404 0.226619 95 104 90
0.421048 -0.133093 0.274743 155 163 172
0.425161 -0.130050 0.274608 154 172 179
0.472245 -0.002215 0.251423 165 186 203
0.473600 0.003371 0.251007 149 169 198
0.487320 0.034623 0.246311 139 152 161
0.492704 0.050851 0.241966 163 187 207
0.495313 0.051380 0.241466 150 171 185
0.497195 0.053806 0.241351 114 131 136
0.525460 0.126251 0.227249 43 9 1
0.482483 0.030087 0.241592 174 200 210
0.483341 0.034711 0.241919 166 187 201
0.484740 0.036808 0.241281 172 199 212
0.486106 0.040313 0.241092 169 192 182
0.486702 0.041883 0.240320 176 205 208
0.492420 0.050163 0.239864 145 172 197
0.492574 0.053403 0.239144 135 161 175
0.494301 0.056025 0.239299 129 158 169
0.496823 0.059751 0.236715 127 135 140
0.497064 0.061378 0.236875 130 142 145
0.473845 0.017239 0.242036 113 145 124
0.474286 0.019446 0.242272 116 147 102
0.478268 0.022817 0.240580 144 173 120
0.479966 0.026635 0.238920 124 156 116
0.480983 0.029484 0.240719 141 168 131
0.483135 0.033105 0.239823 148 180 189
0.483852 0.036572 0.239712 148 172 167
0.484937 0.039411 0.238359 153 184 190
0.485981 0.042590 0.238144 161 193 200
0.487143 0.050336 0.236345 89 115 136
0.489462 0.054406 0.236088 96 62 63
0.491494 0.058383 0.236662 109 133 131
0.549844 0.200597 0.210861 159 172 183
0.413727 -0.126922 0.263171 164 184 194
0.444585 -0.055243 0.253282 166 170 171
0.445802 -0.050134 0.249301 170 169 157
0.465552 -0.002159 0.242424 162 184 204
0.464254 0.000476 0.243049 162 190 205
0.466825 0.004047 0.242249 161 184 197
0.468016 0.007656 0.240755 156 181 197
0.470170 0.011044 0.240268 165 187 210
0.471436 0.014201 0.240367 154 178 169
0.472491 0.016571 0.240430 133 163 138
0.473996 0.020637 0.239987 117 148 92
0.476072 0.023798 0.239905 141 179 124
0.477601 0.025551 0.236959 111 147 133
0.478204 0.032107 0.236611 168 194 187
0.480320 0.032827 0.236689 109 135 96
0.480545 0.036636 0.236628 98 143 161
0.481959 0.040345 0.236536 126 170 202
0.484815 0.043785 0.235285 158 203 218
0.484694 0.047334 0.234714 103 124 131
0.486629 0.050413 0.232880 105 129 157
0.488813 0.054236 0.234364 100 80 90
0.490386 0.057144 0.232936 100 108 106
0.513078 0.113770 0.221225 69 95 60
0.517255 0.123695 0.221682 98 112 86
0.544091 0.194749 0.209038 173 203 221
0.548933 0.203482 0.208873 168 188 204
0.552983 0.213422 0.206655 163 181 195
0.411784 -0.131245 0.261946 163 180 186
0.437527 -0.062342 0.251426 170 181 182
0.440602 -0.056759 0.247800 173 174 168
0.444069 -0.049209 0.250178 161 157 147
0.447033 -0.034856 0.245544 170 180 189
0.452938 -0.024199 0.245189 162 180 197
0.453024 -0.021803 0.243998 156 185 199
0.460119 -0.005360 0.240199 173 144 156
0.461085 -0.002515 0.240302 170 193 216
0.463499 -0.000179 0.238699 167 193 213
0.463996 0.005253 0.238368 163 173 186
0.466098 0.006533 0.239805 155 178 194
0.468565 0.010095 0.237809 172 197 211
0.469649 0.013165 0.238145 159 200 222
0.470192 0.017923 0.237436 119 159 179
0.470920 0.020497 0.237562 144 185 209
0.472905 0.025591 0.236367 75 152 187
0.474086 0.027212 0.235943 139 180 196
0.477061 0.032066 0.236017 156 177 110
0.477196 0.036890 0.233489 112 73 64
0.482567 0.045190 0.233551 178 138 119
0.482794 0.045961 0.233931 118 108 89
0.486281 0.050191 0.230977 212 195 217
0.487929 0.056457 0.229987 116 59 63
0.512562 0.118471 0.217847 125 157 126
0.515218 0.123079 0.218536 94 100 81
0.536066 0.178217 0.210407 142 172 189
0.535486 0.180582 0.209217 127 173 188
0.539841 0.182814 0.208453 142 154 165
0.539726 0.188003 0.208362 147 192 220
0.541372 0.191060 0.207607 173 190 200
0.543544 0.194545 0.206158 199 218 245
0.545361 0.198965 0.205975 187 216 238
0.545742 0.200378 0.206793 211 238 250
0.409157 -0.131118 0.260099 160 174 186
0.442582 -0.045264 0.243019 140 154 149
0.443138 -0.044076 0.243716 144 153 155
0.445969 -0.034108 0.242317 153 169 188
0.448044 -0.028622 0.241748 160 182 200
0.449721 -0.025572 0.240715 168 193 218
0.454301 -0.014817 0.240073 188 189 206
0.455466 -0.013096 0.239094 167 175 195
0.457144 -0.007569 0.238470 175 173 191
0.459058 -0.005160 0.238753 190 159 172
0.460238 -0.001960 0.237744 154 137 153
0.461689 0.000220 0.236630 161 166 176
0.462549 0.005495 0.237425 131 127 136
0.466204 0.012429 0.234671 77 207 223
0.465842 0.015382 0.235835 104 136 159
0.476895 0.036854 0.232772 106 153 140
0.501972 0.101646 0.218845 109 131 84
0.503549 0.104719 0.220023 110 136 88
0.504212 0.108452 0.220184 62 85 35
0.506290 0.110034 0.217408 87 110 57
0.526177 0.162297 0.209786 76 89 102
0.528108 0.165597 0.207525 15 16 31
0.534672 0.177605 0.206818 139 169 194
0.534406 0.182429 0.205623 127 161 181
0.539394 0.187967 0.205435 177 200 215
0.539407 0.191327 0.202480 124 141 147
0.540670 0.195080 0.206365 159 196 219
0.542585 0.199361 0.203786 193 229 244
0.543892 0.200046 0.202960 208 245 255
0.545276 0.206273 0.201621 211 251 255
0.544986 0.207243 0.200337 202 242 255
0.548124 0.210944 0.200932 149 201 243
0.547366 0.215099 0.201843 233 255 255
0.404540 -0.130415 0.256715 163 172 184
0.443471 -0.036944 0.240292 98 106 106
0.444550 -0.035297 0.240905 131 130 132
0.445206 -0.031551 0.240678 158 183 209
0.447358 -0.029423 0.239980 164 188 204
0.447705 -0.026040 0.238490 172 187 201
0.450657 -0.018901 0.237245 182 208 218
0.453644 -0.012034 0.235479 169 209 215
0.453058 -0.008407 0.236496 181 112 126
0.455953 -0.006113 0.234938 156 140 154
0.459090 -0.002852 0.235160 162 223 216
0.458805 0.000392 0.234980 157 152 170
0.461044 0.003588 0.232694 179 177 190
0.460164 0.009788 0.232964 116 89 88
0.461488 0.011471 0.232575 93 200 211
0.467184 0.022650 0.233083 255 255 255
0.467132 0.026891 0.230269 18 69 58
0.472043 0.028742 0.229105 152 186 213
0.477029 0.048781 0.227049 39 47 46
0.498121 0.096711 0.217740 85 108 54
0.498550 0.098052 0.216507 86 112 60
0.501069 0.104779 0.214677 126 152 100
0.501814 0.110171 0.215627 80 104 48
0.503234 0.110896 0.214900 88 117 57
0.505375 0.116299 0.213634 110 133 85
0.506024 0.117825 0.213910 123 152 95
0.510402 0.126556 0.213298 111 127 117
0.532424 0.182926 0.204088 93 111 123
0.533988 0.185351 0.202574 100 137 160
0.534925 0.188481 0.201030 104 148 162
0.536326 0.190913 0.200044 125 143 160
0.541951 0.209369 0.198474 240 255 255
0.401620 -0.130656 0.253536 177 183 204
0.407572 -0.121140 0.252016 184 195 225
0.424543 -0.075637 0.245340 169 188 196
0.431832 -0.057492 0.243739 179 194 198
0.439857 -0.040828 0.238486 130 139 147
0.439639 -0.037080 0.237488 139 154 164
0.442831 -0.034263 0.237992 79 78 67
0.443479 -0.031228 0.237168 95 102 84
0.450854 -0.011247 0.234497 81 108 102
0.454824 -0.003858 0.232680 125 97 105
0.492074 0.094497 0.215667 65 80 63
0.494131 0.094787 0.214503 67 91 56
0.496676 0.099095 0.215075 108 135 78
0.499028 0.106666 0.213250 99 130 72
0.499744 0.109297 0.214095 116 142 90
0.502189 0.112095 0.214636 71 103 42
0.504160 0.119015 0.211892 107 135 82
0.505198 0.120999 0.211474 76 92 34
0.506059 0.124715 0.210752 105 119 73
0.510043 0.135018 0.209932 3 5 0
0.523077 0.161941 0.204189 28 26 30
0.525428 0.172779 0.202908 8 15 30
0.532769 0.185472 0.199803 26 60 84
0.534351 0.190140 0.199507 145 165 175
0.535433 0.191308 0.199020 105 139 157
0.538354 0.201134 0.196026 111 159 197
0.541121 0.209412 0.195747 205 225 238
0.414883 -0.095324 0.243866 166 180 188
0.421601 -0.080339 0.244468 170 187 193
0.435139 -0.043826 0.236327 172 184 183
0.437125 -0.040266 0.235326 188 166 202
0.438603 -0.037833 0.236416 154 172 176
0.448113 -0.012029 0.233547 154 147 139
0.451815 -0.005630 0.230538 148 209 233
0.460095 0.016039 0.227426 68 84 90
0.484188 0.078898 0.215053 78 91 77
0.491083 0.093652 0.214469 47 59 45
0.492192 0.096060 0.213129 89 100 87
0.495947 0.101011 0.213103 108 131 65
0.495795 0.106984 0.210471 128 144 108
0.498426 0.114195 0.210538 88 112 57
0.500394 0.116935 0.210599 112 137 82
0.502180 0.119938 0.209476 106 130 75
0.502563 0.121681 0.207986 80 91 66
0.514853 0.150953 0.205141 24 27 26
0.521809 0.167123 0.202440 17 26 37
0.522033 0.170261 0.200487 64 66 77
0.522420 0.172828 0.201036 0 8 16
0.526660 0.177465 0.199586 12 17 22
0.527533 0.182908 0.197050 44 51 60
0.533206 0.194657 0.197707 185 209 229
0.434689 -0.040744 0.232666 182 187 187
0.434481 -0.036988 0.232756 218 226 213
0.441683 -0.023569 0.232239 121 51 45
0.444778 -0.014485 0.227924 109 106 115
0.445362 -0.008277 0.227832 80 55 59
0.459297 0.020189 0.223243 39 39 39
0.461421 0.028920 0.222924 58 71 79
0.468193 0.041617 0.218632 63 72 71
0.485351 0.084159 0.209836 36 47 31
0.487741 0.091082 0.211165 32 39 21
0.489028 0.094382 0.210056 61 69 55
0.490315 0.096441 0.210157 46 53 39
0.493532 0.104885 0.208913 89 102 65
0.499616 0.118172 0.208418 129 152 87
0.498931 0.120952 0.206105 16 62 39
0.501180 0.123571 0.205932 41 47 49
0.513750 0.149726 0.201421 0 0 0
0.518663 0.166959 0.198683 108 82 107
0.520553 0.170685 0.199233 13 15 15
0.522641 0.174150 0.196249 33 35 44
0.523747 0.175787 0.196047 48 47 51
0.529492 0.192742 0.195396 137 147 150
0.428664 -0.045844 0.231393 160 179 184
0.435311 -0.033195 0.228332 201 178 188
0.446229 -0.007185 0.225297 70 81 103
0.447437 -0.000516 0.224945 122 137 118
0.472447 0.061682 0.213615 103 110 106
0.474331 0.064645 0.213343 101 112 112
0.476192 0.067504 0.211548 93 100 96
0.475537 0.072425 0.211586 125 134 137
0.477513 0.072466 0.211346 106 116 116
0.479992 0.077414 0.209877 93 112 116
0.486085 0.089086 0.207902 32 38 27
0.487299 0.093808 0.208454 50 57 45
0.487055 0.099269 0.207576 30 36 30
0.488933 0.099958 0.207482 14 20 13
0.496927 0.121644 0.204300 17 25 12
0.499961 0.124091 0.203315 93 110 95
0.502506 0.134175 0.202996 95 114 114
0.517286 0.168278 0.194899 129 150 154
0.519243 0.173117 0.192498 133 160 175
0.468371 0.050929 0.213348 120 116 112
0.477560 0.077487 0.207218 121 141 148
0.479395 0.081772 0.206295 119 141 143
0.479763 0.082809 0.206629 122 137 135
0.480688 0.087785 0.205252 107 124 130
0.482921 0.094842 0.204819 110 132 137
0.484155 0.098232 0.205393 112 120 113
0.487728 0.102034 0.205194 145 162 169
0.497835 0.125834 0.200591 61 76 74
0.498672 0.127148 0.200561 43 57 59
0.499146 0.133366 0.198770 59 72 70
0.502366 0.141296 0.197359 119 142 144
0.504538 0.143830 0.195381 154 169 170
0.421011 -0.057275 0.229084 169 196 243
0.445047 0.010730 0.217070 107 144 160
0.450847 0.020443 0.216854 68 107 110
0.469394 0.062131 0.207576 93 124 138
0.469635 0.065262 0.205489 123 203 255
0.473030 0.074571 0.206315 162 197 208
0.474977 0.078040 0.206597 113 129 133
0.476459 0.081614 0.206391 130 152 158
0.479518 0.084849 0.204045 63 68 74
0.479150 0.087932 0.204633 105 123 133
0.480394 0.091668 0.204794 106 119 123
0.481842 0.093898 0.202887 77 92 100
0.483615 0.098461 0.203101 103 126 157
0.501799 0.142862 0.195282 173 179 177
0.502935 0.144018 0.194797 135 143 139
0.504683 0.148744 0.193380 115 123 124
0.515447 0.177642 0.190905 172 195 198
0.518465 0.184179 0.186768 161 198 209
0.397919 -0.104887 0.235917 173 190 195
0.421013 -0.051903 0.224059 150 190 221
0.427652 -0.036331 0.221603 166 180 176
0.433864 -0.014572 0.216868 185 240 255
0.467634 0.066486 0.206332 98 130 132
0.471005 0.076714 0.204542 102 133 74
0.484987 0.109251 0.199119 29 28 17
0.503721 0.150730 0.191172 255 255 255
0.521879 0.195890 0.182400 158 177 192
0.447167 0.023677 0.211507 51 132 166
0.497427 0.139339 0.189552 19 22 20
0.521315 0.202533 0.178712 158 188 197
0.474519 0.093394 0.195151 154 210 255
0.462704 0.072316 0.196999 255 255 255
0.469178 0.089198 0.191586 211 231 223
0.514692 0.200982 0.171967 78 104 108
0.596034 -0.084247 0.419936 58 92 111
0.592480 -0.086863 0.419461 63 95 112
0.587277 -0.091827 0.418053 96 138 153
0.596929 -0.074604 0.414528 81 118 131
0.597739 -0.072014 0.413726 40 92 99
0.584928 -0.094204 0.416918 99 137 152
0.582962 -0.080285 0.404004 90 124 138
0.582714 -0.077430 0.404924 67 89 98
0.580955 -0.080930 0.403579 83 119 134
0.569302 -0.106080 0.404316 111 141 160
0.575168 -0.087996 0.399916 56 78 97
0.569396 -0.094601 0.398775 102 137 153
0.575867 -0.023841 0.367599 0 0 0
0.577730 -0.021472 0.365743 0 0 0
0.607554 0.050350 0.352817 111 86 35
0.594439 0.028921 0.354951 57 32 0
0.606480 0.053768 0.350540 88 72 54
0.589071 0.017858 0.353134 0 0 0
0.604657 0.056373 0.348733 109 108 79
0.605597 0.064088 0.341149 76 91 64
0.512673 -0.151867 0.377085 122 113 98
0.605190 0.064507 0.340522 106 91 42
0.605463 0.070788 0.340742 84 93 56
0.602016 0.072299 0.336540 108 117 91
0.535043 -0.087862 0.361657 0 74 58
0.538071 -0.084300 0.360691 0 52 53
0.601788 0.073253 0.336128 126 100 53
0.525973 -0.098789 0.360308 0 0 0
0.526637 -0.098681 0.357784 0 0 0
0.587920 0.050023 0.332957 150 142 116
0.563842 0.001113 0.336594 155 127 77
0.505564 -0.134064 0.358492 80 127 144
0.543470 -0.042916 0.344409 66 76 72
0.538768 -0.051250 0.341325 57 68 72
0.539130 -0.048706 0.343199 71 70 57
0.556129 -0.005390 0.333248 138 107 61
0.570637 0.031013 0.327099 143 116 82
0.491629 -0.158573 0.355993 133 157 147
0.491188 -0.155121 0.356935 101 105 92
0.497132 -0.144443 0.357001 53 151 207
0.542189 -0.035009 0.334358 54 58 48
0.545023 -0.026219 0.336154 40 56 59
0.556779 0.001253 0.330183 122 114 78
0.489834 -0.157265 0.353490 155 199 192
0.491484 -0.154432 0.354353 115 123 115
0.492949 -0.150259 0.353478 126 123 110
0.504528 -0.115653 0.348120 116 121 116
0.537530 -0.040933 0.334093 69 66 60
0.539193 -0.037503 0.333244 70 77 70
0.544878 -0.015655 0.330448 128 88 51
0.566933 0.033679 0.322989 133 112 86
0.568641 0.033714 0.321386 131 123 100
0.567738 0.038340 0.321381 131 116 96
0.488979 -0.151604 0.350936 124 198 171
0.536669 -0.037971 0.331000 76 105 79
0.538290 -0.027017 0.329871 71 54 26
0.543499 -0.018549 0.330456 148 118 79
0.543627 -0.017301 0.327635 124 94 56
0.505054 -0.106529 0.342929 113 83 59
0.536049 -0.028448 0.327967 116 65 42
0.539566 -0.022448 0.328186 149 112 68
0.549307 0.007593 0.321546 129 98 70
0.561299 0.029834 0.316837 121 110 87
0.563731 0.037421 0.318379 143 110 71
0.533383 -0.030990 0.324641 132 107 65
0.537070 -0.024621 0.323110 136 114 80
0.538971 -0.020228 0.322719 121 96 59
0.562387 0.035714 0.314157 124 102 69
0.562130 0.041324 0.314634 128 104 76
0.558028 0.038075 0.309057 128 107 79
0.544130 0.143078 0.235393 117 128 124
0.545280 0.147019 0.230922 108 123 120
0.462439 -0.045881 0.261188 135 158 172
0.456693 -0.053675 0.260038 146 164 164
0.468270 -0.023064 0.255251 173 173 176
0.492586 0.029940 0.245750 146 154 164
0.499206 0.049685 0.240677 152 175 193
0.494892 0.049674 0.239391 153 178 197
0.497241 0.050948 0.239198 157 186 204
0.498894 0.056725 0.238711 128 143 153
0.525220 0.124779 0.226781 39 0 2
0.418061 -0.138798 0.267563 157 177 182
0.417868 -0.137352 0.266723 162 182 187
0.482159 0.018122 0.240106 123 149 151
0.485064 0.028755 0.239534 134 155 165
0.487722 0.031636 0.240655 132 140 164
0.488264 0.035742 0.240463 123 142 158
0.495763 0.051305 0.238010 139 168 190
0.497400 0.053464 0.235574 144 175 198
0.497074 0.057545 0.235763 124 133 145
0.415694 -0.138316 0.265017 165 183 192
0.415972 -0.136585 0.266024 164 181 187
0.447466 -0.059785 0.251264 155 168 169
0.447638 -0.054681 0.251470 163 171 177
0.454614 -0.039821 0.248036 159 173 171
0.463904 -0.019878 0.243727 170 187 193
0.478929 0.018240 0.239183 168 194 225
0.480098 0.022311 0.238500 142 170 131
0.481453 0.024719 0.238133 120 151 104
0.484055 0.028870 0.238149 155 185 182
0.484230 0.031315 0.238492 149 180 189
0.485533 0.035504 0.236650 164 192 203
0.485801 0.039731 0.236337 157 189 206
0.487899 0.040799 0.234443 155 181 201
0.492836 0.051454 0.235393 157 207 235
0.494687 0.054935 0.234110 105 119 130
0.497276 0.060632 0.230505 125 140 142
0.414883 -0.139544 0.263810 166 182 185
0.446206 -0.055710 0.247947 167 173 169
0.451475 -0.041173 0.248215 172 180 183
0.463615 -0.012618 0.244553 177 199 209
0.464911 -0.012990 0.242364 170 185 198
0.470945 0.009540 0.238096 159 183 204
0.476273 0.018283 0.237290 174 191 182
0.478708 0.021799 0.235924 161 179 158
0.480300 0.025576 0.236041 134 158 81
0.481264 0.028500 0.234432 113 164 113
0.485657 0.035096 0.234308 144 178 209
0.485426 0.039387 0.233458 161 188 187
0.486554 0.041937 0.233473 155 175 191
0.491920 0.056324 0.228952 83 90 100
0.492707 0.059080 0.229820 111 104 106
0.494477 0.061340 0.228808 112 112 107
0.514671 0.113062 0.220646 72 84 66
0.519996 0.122235 0.218987 85 76 68
0.521428 0.124767 0.218569 68 70 52
0.526648 0.140980 0.214902 0 0 30
0.551086 0.204683 0.206209 172 191 207
0.553773 0.208430 0.205502 168 188 202
0.556099 0.214240 0.203298 161 191 206
0.410853 -0.134003 0.261367 175 189 197
0.438958 -0.069192 0.247485 168 183 188
0.441827 -0.064375 0.248036 173 178 178
0.445424 -0.052996 0.247096 153 168 175
0.450628 -0.042340 0.243488 164 163 142
0.465380 0.000195 0.237585 163 185 207
0.466533 0.002070 0.237544 158 182 201
0.468713 0.004047 0.234725 169 189 212
0.471704 0.010051 0.235367 166 194 211
0.472201 0.017797 0.234554 108 138 49
0.476025 0.023065 0.233395 163 167 210
0.476785 0.025363 0.233293 104 143 110
0.481666 0.039750 0.229227 101 96 103
0.486451 0.046853 0.230355 155 144 168
0.487547 0.049516 0.228389 109 149 137
0.488869 0.053321 0.228763 112 97 91
0.490137 0.056535 0.228372 135 101 105
0.491522 0.059215 0.225898 97 59 54
0.516727 0.122638 0.218821 86 87 87
0.528135 0.149346 0.212170 52 43 47
0.529439 0.157069 0.210508 73 69 50
0.537812 0.177084 0.207310 85 111 133
0.547911 0.202743 0.202868 150 173 230
0.551797 0.209528 0.201387 193 222 242
0.555344 0.217961 0.198278 146 173 190
0.445946 -0.040001 0.241000 140 137 131
0.448286 -0.037052 0.240395 152 172 185
0.450491 -0.033462 0.238426 160 184 196
0.450249 -0.031342 0.238640 162 189 205
0.455256 -0.020107 0.236475 161 185 202
0.456488 -0.017896 0.238505 169 190 213
0.456853 -0.013538 0.237270 162 187 206
0.460864 -0.003253 0.234767 183 156 160
0.463345 -0.000136 0.236624 187 202 231
0.466118 0.002412 0.234322 171 189 209
0.467296 0.006438 0.232924 164 197 224
0.470489 0.011442 0.232263 210 230 255
0.471629 0.021322 0.230371 137 152 160
0.475733 0.023885 0.230670 81 138 159
0.474551 0.025956 0.229749 255 238 244
0.476127 0.028797 0.230454 24 99 169
0.476527 0.035693 0.228374 147 181 185
0.485695 0.055015 0.225852 106 62 55
0.488681 0.056572 0.224805 89 55 54
0.501147 0.089927 0.219005 121 144 102
0.501728 0.092137 0.218900 112 131 94
0.505186 0.103594 0.218284 97 122 75
0.509797 0.117354 0.214850 117 142 92
0.514922 0.126390 0.212981 107 134 93
0.529237 0.161369 0.207297 47 56 67
0.529749 0.165853 0.207216 62 67 84
0.536501 0.180413 0.204939 144 185 214
0.538021 0.183709 0.204673 151 189 209
0.539955 0.187423 0.204506 163 183 201
0.541584 0.190403 0.203003 198 181 182
0.547305 0.204671 0.198257 212 230 255
0.548617 0.206212 0.198689 168 200 216
0.549861 0.210668 0.197159 203 244 255
0.555393 0.218034 0.198102 156 190 207
0.553666 0.224063 0.197145 156 185 201
0.440658 -0.052042 0.238960 171 180 181
0.446350 -0.039323 0.237853 104 110 123
0.447141 -0.036473 0.238632 127 144 152
0.447860 -0.032939 0.237759 159 181 170
0.448910 -0.030909 0.237048 155 199 198
0.449659 -0.026187 0.235363 153 172 183
0.450956 -0.023534 0.236569 165 192 205
0.457126 -0.009293 0.234333 187 194 203
0.458582 -0.006536 0.232986 180 206 224
0.459752 -0.002877 0.233227 208 173 185
0.460275 0.001321 0.232837 202 193 231
0.461487 0.005385 0.231280 102 163 195
0.465055 0.007268 0.231539 117 161 187
0.467508 0.017335 0.227832 176 247 255
0.472164 0.030542 0.227226 172 144 162
0.481734 0.049090 0.223007 87 57 55
0.486045 0.057395 0.223160 72 32 19
0.496364 0.085272 0.216555 102 128 78
0.497395 0.087780 0.216027 117 140 91
0.498245 0.089017 0.215523 105 134 85
0.499425 0.094139 0.214628 90 116 68
0.499936 0.097435 0.215056 73 99 49
0.501846 0.100409 0.215327 143 171 108
0.503789 0.105198 0.213790 128 155 100
0.505471 0.105992 0.212645 119 147 97
0.509073 0.114031 0.211234 84 115 47
0.508580 0.116163 0.211522 109 135 78
0.513597 0.127543 0.208741 103 127 79
0.513815 0.128937 0.208265 99 121 49
0.524035 0.158220 0.205477 47 48 50
0.527182 0.161649 0.203246 61 58 63
0.531637 0.170560 0.202714 78 80 107
0.535647 0.180308 0.201200 84 107 125
0.537303 0.185175 0.201388 121 139 158
0.539218 0.185355 0.201185 139 166 186
0.537149 0.190263 0.199426 128 160 182
0.545947 0.207970 0.198255 192 212 255
0.548750 0.214709 0.194290 155 195 226
0.414853 -0.111495 0.247755 187 204 190
0.442367 -0.038006 0.234848 156 174 160
0.444803 -0.036439 0.235447 67 74 75
0.444262 -0.033551 0.236384 113 127 128
0.451901 -0.016439 0.231877 217 231 255
0.454335 -0.011263 0.233257 185 218 245
0.455171 -0.008783 0.231374 167 167 176
0.464548 0.012725 0.226851 111 180 145
0.471417 0.028634 0.225507 193 195 189
0.491939 0.078631 0.215241 62 80 50
0.492172 0.079275 0.214116 72 88 39
0.493962 0.083838 0.214754 88 108 67
0.494862 0.087596 0.214441 86 106 61
0.496716 0.092185 0.214731 75 96 48
0.497209 0.095076 0.213588 58 84 35
0.499198 0.098391 0.212824 93 119 56
0.500827 0.101438 0.212992 84 108 52
0.502565 0.104585 0.211886 106 131 79
0.502965 0.108101 0.210842 95 121 67
0.504367 0.110760 0.210294 102 123 64
0.506459 0.113608 0.210301 69 94 37
0.507543 0.117748 0.210067 120 145 77
0.507897 0.121809 0.207638 66 95 39
0.510396 0.123561 0.207936 103 128 71
0.511785 0.127518 0.208137 116 137 91
0.512844 0.133203 0.205505 0 9 0
0.525661 0.162024 0.202374 40 39 43
0.527720 0.168193 0.201317 32 38 47
0.529717 0.174525 0.198112 79 93 98
0.534833 0.181569 0.198513 16 16 31
0.533327 0.185652 0.197847 9 23 35
0.534485 0.187470 0.199168 83 126 143
0.536511 0.191687 0.197305 122 143 151
0.538048 0.199393 0.195387 82 150 139
0.545343 0.208122 0.194143 154 209 227
0.428214 -0.068962 0.239506 172 190 203
0.440234 -0.040803 0.233492 160 183 194
0.441008 -0.039076 0.234166 169 179 186
0.442785 -0.033124 0.232345 95 92 93
0.444394 -0.028304 0.230839 70 97 98
0.451982 -0.010280 0.230536 135 250 255
0.487900 0.078469 0.213564 59 73 39
0.490095 0.081962 0.211648 53 71 34
0.491292 0.084040 0.213418 71 85 45
0.493435 0.086568 0.212095 64 91 34
0.494695 0.091403 0.212015 39 55 14
0.495470 0.094697 0.210547 40 69 8
0.496162 0.098339 0.210785 70 94 40
0.499398 0.104343 0.210352 82 113 48
0.501378 0.110377 0.210431 52 85 34
0.506933 0.121321 0.207635 75 103 53
0.514446 0.139213 0.204442 9 3 1
0.516483 0.147578 0.200756 27 27 19
0.518442 0.153251 0.201210 0 10 15
0.521878 0.160095 0.200455 3 1 0
0.522703 0.166598 0.198730 69 78 95
0.526264 0.172059 0.198500 89 95 104
0.528975 0.176973 0.196834 104 124 140
0.532096 0.184804 0.195674 95 106 114
0.543028 0.212686 0.192865 136 191 214
0.439191 -0.035362 0.231585 195 176 194
0.443687 -0.024740 0.230183 89 68 59
0.448174 -0.010163 0.226397 137 117 125
0.473769 0.054710 0.214685 68 77 76
0.488615 0.082331 0.210271 64 82 44
0.489767 0.084529 0.209610 60 76 37
0.490987 0.088289 0.208257 57 68 34
0.490485 0.091803 0.208202 32 41 18
0.492070 0.094839 0.208685 53 59 33
0.493560 0.097472 0.207268 40 50 38
0.503460 0.122844 0.202745 64 78 44
0.503818 0.125131 0.201595 99 116 105
0.511312 0.145957 0.199382 33 43 31
0.514459 0.148398 0.200456 0 0 0
0.516681 0.153863 0.198916 0 9 21
0.518995 0.157682 0.198315 0 18 26
0.520232 0.165662 0.195504 0 0 0
0.522962 0.167059 0.195879 0 0 16
0.523655 0.174386 0.194949 42 45 53
0.529690 0.185583 0.191925 68 82 92
0.538004 0.211133 0.188499 160 192 199
0.443177 -0.023613 0.226009 159 189 207
0.449177 0.000720 0.221427 131 153 146
0.454485 0.007257 0.217907 52 52 49
0.455734 0.012652 0.217550 119 177 210
0.467191 0.035637 0.216080 56 71 77
0.471661 0.050521 0.214319 62 71 70
0.474734 0.052431 0.213069 63 74 70
0.472447 0.054285 0.211384 98 86 64
0.476023 0.061355 0.210020 87 89 92
0.477889 0.066054 0.209465 94 106 101
0.479248 0.069568 0.209324 98 108 107
0.481148 0.072867 0.208315 69 75 72
0.482633 0.079271 0.206862 84 97 97
0.486051 0.082150 0.207247 43 51 39
0.486868 0.085016 0.207207 32 46 22
0.487996 0.088676 0.207452 36 46 32
0.489908 0.092147 0.205406 30 44 22
0.490468 0.094910 0.205732 88 98 65
0.496774 0.107950 0.203397 105 107 96
0.499646 0.121070 0.202603 109 135 129
0.502674 0.126309 0.200988 128 148 146
0.511028 0.143926 0.198521 52 60 54
0.517246 0.164183 0.194118 114 134 141
0.519172 0.167962 0.192941 151 151 164
0.471325 0.056203 0.210844 106 63 49
0.473478 0.060912 0.209541 51 59 46
0.479184 0.073627 0.205671 111 121 129
0.480214 0.075423 0.205254 100 120 126
0.480545 0.080363 0.205178 116 145 155
0.481646 0.082295 0.204820 111 123 133
0.485153 0.089684 0.202563 85 98 103
0.486607 0.091432 0.202970 94 106 113
0.502479 0.129415 0.197040 68 86 82
0.504167 0.135162 0.196571 89 109 114
0.505441 0.139909 0.194868 105 130 137
0.506625 0.142479 0.194970 101 111 121
0.512802 0.160426 0.191374 52 57 61
0.519959 0.176950 0.188409 184 205 212
0.522331 0.180789 0.187151 163 189 201
0.522850 0.184646 0.187043 146 168 175
0.476653 0.074192 0.203971 109 133 159
0.478038 0.075562 0.204676 131 139 177
0.481155 0.086528 0.202459 87 112 121
0.487106 0.099769 0.198693 95 122 121
0.497515 0.125207 0.196699 55 68 60
0.499700 0.134774 0.192872 137 153 144
0.503605 0.137154 0.193099 97 97 108
0.504817 0.139157 0.192927 101 120 127
0.505890 0.142813 0.191312 118 119 119
0.505788 0.146928 0.191217 117 131 138
0.505533 0.149412 0.191640 110 122 125
0.513583 0.163164 0.187891 58 79 87
0.514487 0.165926 0.187991 68 82 91
0.522215 0.183310 0.185640 173 199 212
0.427915 -0.038761 0.221051 158 187 245
0.448895 0.014324 0.212111 202 230 255
0.472120 0.067792 0.201223 222 255 255
0.477748 0.081213 0.199984 74 98 70
0.509311 0.169211 0.181417 89 110 123
0.509912 0.172313 0.181565 109 119 124
0.525406 0.207700 0.172337 133 155 169
0.520650 0.206181 0.172275 123 149 159
0.599344 -0.075567 0.414367 92 124 136
0.601251 -0.073447 0.413618 78 109 124
0.589569 -0.093297 0.415563 95 132 150
0.597360 -0.072456 0.413306 88 107 118
0.591050 -0.089370 0.412690 82 120 137
0.585723 -0.080338 0.403374 89 130 145
0.585622 -0.078437 0.402984 86 125 133
0.580002 -0.083132 0.400519 72 107 121
0.585169 -0.080006 0.400414 72 105 116
0.574248 -0.089142 0.396527 67 95 112
0.575232 -0.087747 0.395250 76 123 106
0.568317 -0.094433 0.395550 99 139 144
0.570197 -0.092160 0.393989 73 108 124
0.565213 -0.083916 0.384423 38 56 51
0.559651 -0.090084 0.382641 38 83 97
0.601205 0.010897 0.362595 0 0 0
0.603278 0.017359 0.362495 41 59 0
0.603580 0.019674 0.359988 35 46 0
0.587091 -0.008823 0.360260 0 0 0
0.598522 0.022324 0.356904 34 59 0
0.586722 -0.007648 0.358786 0 0 0
0.586443 -0.007035 0.358409 0 0 0
0.593836 0.015386 0.353506 0 0 0
0.606868 0.048578 0.348815 120 89 45
0.581298 -0.012448 0.356185 0 0 0
0.591490 0.017132 0.351346 0 0 0
0.591637 0.017689 0.352838 0 0 0
0.609160 0.063630 0.340218 147 134 104
0.605430 0.064857 0.334739 131 134 92
0.605357 0.068334 0.332458 139 137 87
0.535602 -0.094802 0.361858 0 0 0
0.537020 -0.093172 0.358719 0 49 38
0.504235 -0.154796 0.360922 198 143 110
0.540271 -0.052009 0.341620 67 75 71
0.494991 -0.155971 0.354035 129 128 106
0.496344 -0.154647 0.353111 125 126 102
0.541011 -0.043862 0.335317 77 69 75
0.569588 0.025542 0.324286 129 117 72
0.568700 0.028153 0.323751 122 88 67
0.491864 -0.158171 0.354002 134 165 169
0.493797 -0.155165 0.352099 124 127 115
0.494566 -0.153579 0.351285 119 120 108
0.546051 -0.029819 0.329419 60 75 43
0.554111 -0.003328 0.324674 135 116 73
0.491340 -0.158713 0.349753 156 201 228
0.491332 -0.155229 0.348401 131 163 155
0.492824 -0.153241 0.347641 102 118 107
0.538320 -0.037725 0.329354 101 84 81
0.538251 -0.033439 0.328427 54 33 44
0.556474 0.002441 0.322215 141 127 95
0.556295 0.006008 0.323172 136 119 91
0.565150 0.027449 0.320543 133 99 82
0.536224 -0.036652 0.326317 82 70 72
0.549366 -0.010587 0.321805 98 60 35
0.557808 0.016504 0.318921 127 101 72
0.559662 0.018748 0.315339 117 110 89
0.560590 0.021056 0.317347 129 116 88
0.529237 -0.048544 0.324338 95 101 81
0.535508 -0.034404 0.323175 98 77 70
0.537202 -0.027593 0.323736 117 106 76
0.558792 0.023132 0.314296 123 113 89
0.526447 -0.045407 0.322298 62 78 72
0.533777 -0.032471 0.320669 111 106 81
0.534426 -0.028017 0.321074 139 99 65
0.558935 0.026531 0.309750 121 110 87
0.520736 -0.052983 0.322051 82 71 59
0.517523 -0.048652 0.316190 115 80 57
0.546414 0.138591 0.230762 113 130 121
0.564345 0.182125 0.226165 75 109 111
0.545756 0.139313 0.229936 118 137 133
0.545984 0.142709 0.228566 105 124 126
0.545648 0.145593 0.229635 112 125 124
0.553868 0.171498 0.222337 110 128 122
0.427635 -0.130934 0.269830 160 179 195
0.501535 0.049294 0.239205 145 170 184
0.539809 0.137647 0.223451 26 30 28
0.555982 0.183591 0.217753 110 127 129
0.500094 0.050625 0.237042 143 175 191
0.501249 0.051691 0.236740 160 187 205
0.532064 0.126399 0.221931 66 39 2
0.533302 0.129666 0.222434 35 35 2
0.419529 -0.140774 0.267987 161 179 183
0.452743 -0.059862 0.253272 153 162 160
0.483587 0.017278 0.238422 125 149 141
0.484840 0.017890 0.237807 126 168 156
0.494142 0.034997 0.236880 140 143 153
0.495251 0.042770 0.236025 108 78 93
0.498685 0.050139 0.235207 149 177 201
0.499318 0.054276 0.232683 113 130 144
0.532061 0.134153 0.219486 45 15 2
0.540814 0.158728 0.214898 63 54 47
0.416805 -0.138665 0.264514 166 184 188
0.417930 -0.136872 0.264866 166 189 192
0.420218 -0.134825 0.261791 164 181 185
0.449576 -0.063579 0.250702 156 167 171
0.452014 -0.057139 0.248464 161 169 173
0.458598 -0.038916 0.246260 155 170 176
0.459202 -0.032054 0.245526 163 173 189
0.479918 0.015062 0.237062 161 186 205
0.481203 0.017195 0.237000 159 186 203
0.482651 0.020601 0.236015 163 187 202
0.484209 0.023090 0.235876 152 173 160
0.486597 0.025911 0.235027 157 172 157
0.485959 0.031108 0.234749 158 187 205
0.489893 0.035979 0.232655 143 162 185
0.492308 0.039989 0.233987 86 99 126
0.496557 0.057755 0.230010 108 116 127
0.499304 0.061563 0.229826 116 132 138
0.524863 0.125220 0.219695 133 139 131
0.531006 0.135098 0.218165 22 12 2
0.538625 0.157984 0.215232 53 46 0
0.560589 0.209443 0.204453 110 141 158
0.416526 -0.139029 0.261435 167 184 189
0.444146 -0.069149 0.246952 164 181 185
0.447756 -0.057518 0.248932 149 170 171
0.448787 -0.054171 0.246942 155 159 144
0.453032 -0.051830 0.246686 160 165 173
0.464786 -0.016446 0.241169 177 203 210
0.471735 -0.003880 0.236661 152 171 192
0.476809 0.011922 0.233483 153 177 196
0.477287 0.015158 0.235383 167 193 219
0.480120 0.017821 0.234202 168 187 196
0.480701 0.020437 0.234095 171 189 210
0.482671 0.023691 0.233483 138 171 152
0.483173 0.026807 0.234011 115 145 73
0.485483 0.030990 0.233223 153 192 195
0.486001 0.034222 0.231408 146 161 152
0.487038 0.038702 0.232357 149 183 208
0.486422 0.040666 0.230328 159 189 207
0.490145 0.046817 0.229936 115 135 155
0.495506 0.058417 0.225947 89 114 107
0.496563 0.060019 0.228062 116 121 127
0.499986 0.065099 0.224951 93 110 106
0.499299 0.066324 0.224087 101 110 110
0.521060 0.119825 0.218725 82 76 73
0.523633 0.124287 0.217424 75 71 58
0.524457 0.126128 0.216985 77 71 52
0.527966 0.139036 0.212923 19 15 19
0.536705 0.157967 0.211266 67 77 69
0.560790 0.218391 0.198473 169 198 211
0.441824 -0.069343 0.248399 162 176 181
0.452640 -0.039912 0.239944 175 174 167
0.470190 0.005012 0.233218 178 198 222
0.472626 0.007274 0.233341 173 199 222
0.474551 0.010995 0.233269 159 178 191
0.473848 0.013846 0.231856 162 184 201
0.477396 0.019258 0.233120 183 186 218
0.478892 0.021167 0.230288 140 192 219
0.483404 0.032133 0.228600 153 146 71
0.486709 0.037114 0.228423 136 162 173
0.487170 0.041261 0.226099 174 174 193
0.487485 0.042890 0.225599 169 197 223
0.491962 0.049797 0.225889 86 108 106
0.491221 0.057682 0.225466 80 30 37
0.494710 0.061443 0.224038 97 64 59
0.496369 0.065971 0.222103 104 111 110
0.498030 0.066709 0.222180 95 109 108
0.499687 0.073438 0.219843 76 106 79
0.520265 0.121689 0.213144 37 51 51
0.527544 0.139103 0.212111 47 25 24
0.529075 0.148379 0.210586 81 68 66
0.537320 0.162064 0.208385 31 33 4
0.553245 0.204065 0.197876 144 172 190
0.553225 0.209771 0.199369 186 212 237
0.556695 0.211449 0.197700 152 179 207
0.557706 0.214237 0.197063 167 196 215
0.559618 0.218228 0.197966 159 187 202
0.559872 0.222119 0.197447 172 199 217
0.411891 -0.130855 0.254659 166 181 185
0.424540 -0.106496 0.250391 160 177 182
0.434528 -0.082695 0.245196 162 192 214
0.446074 -0.048117 0.239751 152 154 138
0.447743 -0.044535 0.240523 103 108 85
0.449331 -0.040806 0.238584 146 151 124
0.450448 -0.037956 0.238208 159 176 176
0.451596 -0.034324 0.237762 161 182 196
0.452592 -0.030296 0.237593 157 179 202
0.459346 -0.019265 0.234446 179 193 215
0.463289 -0.006336 0.232109 184 196 206
0.476435 0.020698 0.230056 139 180 192
0.477831 0.024442 0.226837 31 40 123
0.485166 0.039621 0.225872 158 149 160
0.486547 0.047788 0.224379 250 220 221
0.489195 0.051769 0.223365 140 169 176
0.490686 0.055324 0.223784 97 87 101
0.497652 0.071469 0.220474 88 99 78
0.499360 0.082441 0.217399 131 147 101
0.504780 0.091695 0.215606 116 134 95
0.518269 0.126844 0.208909 103 125 70
0.520189 0.129623 0.207702 104 125 90
0.538035 0.173438 0.204776 136 161 174
0.541678 0.188263 0.200474 172 197 222
0.549818 0.199818 0.197726 177 198 217
0.549711 0.203854 0.198143 169 187 211
0.549611 0.204889 0.198167 168 184 206
0.552676 0.209178 0.197463 202 229 246
0.553036 0.211645 0.197630 200 223 241
0.555696 0.216381 0.193741 186 224 255
0.559457 0.223983 0.194910 156 198 216
0.409627 -0.130632 0.251590 169 186 186
0.418395 -0.117284 0.248996 162 180 188
0.441411 -0.059058 0.239597 167 180 185
0.446572 -0.046892 0.238552 134 148 137
0.447616 -0.039680 0.236783 94 101 102
0.448760 -0.038230 0.236632 115 132 141
0.450630 -0.033551 0.236794 151 177 194
0.450971 -0.031987 0.236169 155 176 178
0.455583 -0.017955 0.233002 177 193 210
0.458224 -0.015898 0.230000 131 152 161
0.458767 -0.012206 0.232618 161 182 195
0.463892 -0.002643 0.231405 175 191 223
0.464496 0.001087 0.230840 150 167 177
0.483761 0.049886 0.220744 112 33 35
0.484917 0.051630 0.221463 106 44 21
0.496930 0.079309 0.214826 109 132 82
0.497691 0.081723 0.213789 110 135 85
0.499681 0.086197 0.214520 119 147 91
0.501098 0.089548 0.215370 143 172 116
0.502707 0.093208 0.213581 137 156 97
0.503377 0.095806 0.213452 131 152 98
0.505450 0.099888 0.212461 156 179 120
0.505462 0.101659 0.212674 132 158 106
0.508664 0.110159 0.209905 123 145 93
0.510303 0.113663 0.208703 106 131 84
0.509553 0.115188 0.210220 88 115 59
0.513845 0.122382 0.208364 129 153 102
0.516312 0.126338 0.206978 114 139 85
0.517027 0.128768 0.207376 107 128 82
0.517902 0.131140 0.205862 68 79 56
0.532520 0.169822 0.201350 46 47 59
0.535667 0.176711 0.199069 3 0 25
0.542238 0.185075 0.197593 51 80 99
0.544569 0.193146 0.196944 224 255 255
0.544166 0.196168 0.196553 216 233 236
0.547479 0.198241 0.195311 168 195 220
0.547454 0.205170 0.196506 118 149 165
0.554979 0.219465 0.191515 220 233 250
0.441828 -0.047811 0.233741 174 186 185
0.444211 -0.044343 0.233262 148 164 169
0.444511 -0.040871 0.232178 141 152 158
0.446702 -0.036895 0.233498 54 58 53
0.448995 -0.034566 0.232684 206 179 149
0.460598 -0.000310 0.225974 76 176 213
0.462887 0.003233 0.227792 142 169 161
0.472688 0.026781 0.220704 139 189 211
0.487774 0.062629 0.215487 31 30 20
0.493362 0.077205 0.213553 79 100 56
0.494229 0.079185 0.212586 77 98 45
0.496096 0.082636 0.213077 111 134 79
0.497566 0.086651 0.212169 107 133 71
0.500142 0.092451 0.212476 78 110 64
0.501446 0.094933 0.209547 97 122 59
0.503825 0.106451 0.207727 137 202 146
0.506355 0.109559 0.208411 141 168 112
0.509662 0.113321 0.207754 123 151 81
0.509184 0.115508 0.206961 111 133 81
0.511347 0.120953 0.205693 94 128 61
0.511820 0.122610 0.205697 106 133 78
0.513915 0.126999 0.205717 111 133 76
0.515369 0.129414 0.205062 68 82 57
0.517064 0.131791 0.205087 54 74 34
0.529742 0.167661 0.199619 43 40 49
0.533856 0.172261 0.197075 95 98 104
0.535076 0.181452 0.196339 55 70 79
0.537467 0.181899 0.196276 3 0 25
0.542617 0.198060 0.195053 208 255 255
0.551443 0.215372 0.190659 102 119 116
0.550449 0.220082 0.190728 198 238 255
0.552579 0.222051 0.190275 142 191 211
0.430372 -0.075169 0.237479 164 174 185
0.441309 -0.045431 0.232417 176 189 196
0.442205 -0.043569 0.232172 154 171 179
0.443698 -0.041542 0.231385 166 167 183
0.445026 -0.038135 0.229877 196 187 225
0.461537 0.006248 0.221250 66 44 53
0.469605 0.023264 0.219961 235 249 255
0.484823 0.057961 0.213655 31 32 23
0.492342 0.076839 0.211605 70 87 49
0.492333 0.079342 0.211212 59 78 34
0.492945 0.082984 0.209962 44 62 15
0.493772 0.088017 0.209028 63 78 38
0.495034 0.089202 0.210475 70 86 36
0.496876 0.093115 0.208983 37 100 0
0.497462 0.098809 0.207374 34 62 0
0.502964 0.103060 0.205769 79 104 59
0.505024 0.109167 0.206614 153 174 135
0.506049 0.113630 0.206232 16 43 5
0.526651 0.167667 0.196196 36 30 42
0.529241 0.173710 0.193585 88 93 107
0.536948 0.189221 0.193779 22 38 49
0.540982 0.198288 0.191330 217 255 255
0.423274 -0.083930 0.236125 174 205 244
0.436699 -0.051507 0.230276 171 187 184
0.439530 -0.044998 0.229497 173 186 192
0.444701 -0.033645 0.226152 169 187 188
0.490614 0.080607 0.208499 51 70 31
0.490907 0.084493 0.207180 50 67 33
0.491594 0.086480 0.207117 49 63 28
0.493575 0.090601 0.206625 54 72 27
0.495072 0.094302 0.206634 47 62 0
0.499364 0.103094 0.203289 148 171 79
0.502041 0.112314 0.201903 70 87 59
0.504134 0.114489 0.200095 63 75 54
0.505743 0.121186 0.198967 109 126 87
0.507021 0.123367 0.202763 105 115 104
0.523445 0.160609 0.193154 14 3 2
0.523952 0.163032 0.193310 0 0 0
0.528409 0.173363 0.192915 70 74 91
0.533854 0.189136 0.189268 91 104 112
0.546275 0.220643 0.184599 183 232 246
0.432180 -0.049899 0.227821 177 188 187
0.456401 0.009865 0.217158 85 74 64
0.462768 0.026370 0.214540 46 10 7
0.470912 0.040730 0.212458 53 49 44
0.476340 0.049095 0.211140 58 68 66
0.479681 0.062674 0.207146 82 90 89
0.482604 0.071721 0.206888 70 79 74
0.483769 0.074274 0.205385 57 74 74
0.485725 0.077029 0.204238 54 68 65
0.487312 0.081747 0.206995 14 23 0
0.489725 0.085207 0.206178 60 78 24
0.490645 0.091071 0.204671 33 24 6
0.498742 0.106054 0.202061 44 68 10
0.502001 0.112797 0.200422 120 144 110
0.503057 0.116413 0.197830 66 101 65
0.505033 0.122292 0.199149 38 48 25
0.506366 0.125213 0.197246 111 128 120
0.505728 0.126953 0.195621 129 148 149
0.513268 0.141342 0.195560 38 46 49
0.524482 0.171188 0.189304 57 68 81
0.525527 0.173314 0.189114 128 148 164
0.420316 -0.077871 0.230623 160 181 185
0.426636 -0.061893 0.226817 226 205 193
0.476920 0.061081 0.206624 74 78 74
0.480471 0.068538 0.205425 74 93 93
0.482072 0.073983 0.204715 69 92 108
0.482727 0.078550 0.201651 228 203 174
0.488140 0.091264 0.202339 63 64 68
0.493372 0.103742 0.200591 17 15 16
0.505301 0.128908 0.195090 114 130 130
0.505693 0.133231 0.193538 122 136 135
0.506777 0.134672 0.190944 97 117 125
0.515719 0.160000 0.187723 18 21 22
0.519671 0.165391 0.188353 40 43 50
0.525388 0.186492 0.184421 172 200 212
0.447922 -0.002568 0.215266 184 219 253
0.479768 0.073577 0.201708 56 58 45
0.479776 0.075155 0.201809 35 48 44
0.482372 0.078258 0.200522 35 42 32
0.484176 0.083001 0.200542 50 70 93
0.485855 0.085838 0.198670 121 147 164
0.505521 0.135398 0.190086 18 27 23
0.506777 0.142544 0.190579 107 120 119
0.513477 0.159949 0.186477 39 49 54
0.515652 0.163516 0.186079 63 76 86
0.516674 0.164462 0.186287 65 79 87
0.523234 0.179750 0.181805 91 116 122
0.526879 0.192981 0.180073 168 195 210
0.464415 0.042127 0.203852 115 144 155
0.476066 0.073380 0.199321 129 111 168
0.502252 0.135062 0.186158 186 192 137
0.505430 0.144173 0.187389 97 92 99
0.528364 0.195788 0.178428 172 199 214
0.534377 0.213828 0.173677 142 167 175
0.509096 0.162307 0.179676 76 97 106
0.511771 0.168400 0.180065 111 136 149
0.513266 0.174861 0.179033 20 25 35
0.529785 0.211527 0.172944 167 192 207
0.531232 0.211603 0.170477 162 185 205
0.518188 0.184657 0.175342 70 82 92
0.526983 0.207401 0.171202 167 193 208
0.608688 -0.064927 0.414791 97 137 151
0.602038 -0.074172 0.412503 62 77 93
0.600498 -0.075621 0.412223 86 127 141
0.595531 -0.075847 0.403752 98 133 149
0.596110 -0.075195 0.402495 103 127 139
0.597153 -0.071426 0.402081 69 107 118
0.593356 -0.075426 0.401144 57 116 108
0.592572 -0.074439 0.400552 59 106 92
0.586705 -0.080573 0.400505 77 118 136
0.587989 -0.079521 0.400225 75 95 91
0.592306 -0.073616 0.399371 81 113 104
0.586817 -0.078530 0.397699 56 103 123
0.576799 -0.090240 0.396599 84 96 118
0.572173 -0.094241 0.392619 89 113 136
0.565070 -0.083182 0.379969 79 121 143
0.569828 -0.074851 0.379089 86 135 154
0.564116 -0.084308 0.378962 58 105 127
0.602917 0.011023 0.360124 0 0 0
0.603715 0.015840 0.361775 45 52 0
0.603708 0.018868 0.359616 36 58 0
0.565313 -0.078768 0.373652 49 134 157
0.574418 -0.048211 0.367785 0 0 0
0.599151 0.011806 0.358198 0 0 0
0.550750 -0.100202 0.373582 83 125 141
0.573270 -0.050325 0.365449 0 0 0
0.588532 -0.010277 0.358757 0 0 0
0.594473 0.004050 0.356101 0 0 0
0.550114 -0.100875 0.373111 69 137 147
0.591863 0.004925 0.352747 0 0 0
0.592908 0.006042 0.353295 0 0 0
0.594624 0.014089 0.352375 0 0 0
0.595545 0.016159 0.351057 0 0 0
0.581924 -0.013637 0.354643 0 0 0
0.592392 0.007473 0.350572 0 0 0
0.593202 0.008823 0.350124 0 0 0
0.593582 0.015448 0.349975 0 0 0
0.594179 0.017700 0.348479 0 0 0
0.595289 0.020314 0.347312 0 0 0
0.610902 0.058245 0.340883 102 94 70
0.603924 0.039367 0.342331 136 102 37
0.609299 0.060063 0.339711 140 104 77
0.542475 -0.097256 0.363412 0 72 89
0.545617 -0.091890 0.362453 0 0 0
0.547005 -0.088295 0.361979 0 75 36
0.606931 0.057905 0.335333 144 129 89
0.540214 -0.092970 0.357532 0 9 9
0.540936 -0.091442 0.356473 0 0 0
0.536554 -0.095326 0.353614 0 31 68
0.586599 0.025452 0.332704 128 140 122
0.595694 0.046731 0.329481 147 139 113
0.596838 0.049238 0.329421 145 127 81
0.537127 -0.089508 0.350119 8 37 29
0.537577 -0.086393 0.349589 21 16 25
0.538614 -0.084764 0.349169 20 0 3
0.535635 -0.086339 0.347149 19 37 38
0.535448 -0.084295 0.345677 20 36 24
0.581743 0.025387 0.327635 145 132 108
0.501512 -0.157672 0.357171 111 102 99
0.503016 -0.157266 0.356024 116 115 113
0.506634 -0.150614 0.354834 57 107 128
0.571154 0.006941 0.328737 130 109 72
0.501712 -0.157967 0.354594 106 107 96
0.501812 -0.156505 0.355164 103 104 96
0.532223 -0.078372 0.341228 0 0 0
0.543587 -0.057552 0.338205 44 44 42
0.541028 -0.054764 0.337590 45 61 60
0.543191 -0.051951 0.335440 75 70 51
0.569678 0.012331 0.325632 124 109 86
0.496444 -0.155963 0.351562 111 123 115
0.499001 -0.155204 0.353759 125 112 99
0.542401 -0.050557 0.334252 71 70 54
0.570376 0.022294 0.322248 168 119 87
0.496050 -0.156626 0.351050 112 118 111
0.495721 -0.155064 0.350360 112 113 107
0.541268 -0.047660 0.330480 75 88 71
0.566502 0.016432 0.321467 133 109 64
0.567410 0.022854 0.318731 137 115 79
0.494710 -0.152189 0.345785 74 124 140
0.538119 -0.045172 0.327615 64 61 55
0.535343 -0.049792 0.326337 91 74 56
0.537863 -0.040825 0.326422 77 98 92
0.555868 0.004276 0.316658 138 115 83
0.563506 0.020425 0.313715 108 109 87
0.535138 -0.041921 0.323843 88 93 75
0.550231 -0.009111 0.315961 128 101 54
0.555300 0.007723 0.314279 135 111 75
0.555980 0.014703 0.312699 128 89 59
0.532237 -0.040825 0.317428 96 94 78
0.536502 -0.037436 0.318633 93 92 88
0.558826 0.024121 0.305996 117 120 100
0.557167 0.023825 0.303274 132 115 85
0.531754 -0.033512 0.312361 114 109 81
0.460346 -0.104003 0.283535 158 127 101
0.507850 0.024962 0.256600 73 84 76
0.523354 0.058201 0.248316 135 161 168
0.516553 0.053333 0.245548 124 149 161
0.566981 0.173086 0.228412 69 96 93
0.540779 0.119660 0.232792 117 135 132
0.527875 0.088830 0.235333 96 89 97
0.534285 0.102827 0.232807 75 68 66
0.552407 0.151848 0.222942 110 120 124
0.506187 0.043669 0.239168 97 96 104
0.550661 0.153124 0.222006 110 125 121
0.504886 0.050261 0.235963 163 190 207
0.507650 0.054877 0.234332 155 177 188
0.541225 0.137514 0.222262 39 47 42
0.542943 0.139969 0.219517 16 29 3
0.558736 0.176157 0.216066 107 123 116
0.503060 0.049450 0.236000 156 180 200
0.503813 0.050611 0.234484 148 170 189
0.507421 0.057256 0.233273 140 173 185
0.531588 0.125304 0.221651 56 17 2
0.534493 0.129402 0.220256 46 40 2
0.536242 0.133426 0.220112 22 5 0
0.542443 0.146377 0.217638 8 4 0
0.452930 -0.065335 0.249609 169 178 178
0.486087 0.018806 0.236347 139 168 160
0.501706 0.049767 0.232859 120 123 147
0.501475 0.052681 0.232150 122 140 160
0.503393 0.053879 0.230367 115 133 149
0.508116 0.064709 0.229962 163 142 161
0.521646 0.103828 0.223558 66 58 48
0.524158 0.106878 0.222765 59 32 30
0.533151 0.124105 0.219638 46 12 2
0.533990 0.129230 0.218624 54 35 2
0.533398 0.131399 0.219181 51 32 2
0.535966 0.133518 0.216824 39 18 2
0.538919 0.141520 0.216236 27 15 6
0.541695 0.146080 0.215742 63 58 55
0.540874 0.147403 0.215148 44 37 22
0.542162 0.152291 0.214562 60 45 40
0.463370 -0.035299 0.243915 157 170 180
0.484285 0.015558 0.234390 157 181 199
0.484376 0.018949 0.234190 161 185 196
0.484955 0.022134 0.233558 158 182 185
0.487969 0.026840 0.233961 172 186 185
0.496277 0.042804 0.229731 103 112 124
0.495831 0.046034 0.228864 92 112 112
0.498351 0.050873 0.228772 92 99 132
0.502587 0.058992 0.226906 112 135 149
0.503813 0.061702 0.227147 129 147 153
0.505871 0.065899 0.225484 132 93 100
0.505421 0.067831 0.226133 124 59 59
0.537402 0.143067 0.212324 20 24 0
0.537785 0.144622 0.212709 45 31 22
0.448870 -0.063922 0.244946 169 175 180
0.449732 -0.059576 0.246372 143 155 148
0.457007 -0.048185 0.243710 161 164 170
0.456440 -0.045313 0.242890 172 175 184
0.457004 -0.041298 0.241572 164 181 185
0.474059 -0.004664 0.237039 181 194 199
0.481171 0.015954 0.231146 167 192 205
0.483155 0.019310 0.232105 169 190 210
0.484962 0.022071 0.231670 177 207 215
0.486269 0.025436 0.230885 161 186 206
0.486788 0.029647 0.229289 162 177 199
0.490270 0.041743 0.227837 134 147 158
0.498881 0.059212 0.225202 93 109 119
0.502128 0.063221 0.225323 90 116 108
0.502501 0.066415 0.222912 107 108 106
0.504120 0.067601 0.223272 130 125 125
0.523943 0.116607 0.214226 68 67 52
0.526294 0.126259 0.215280 78 76 65
0.530555 0.137451 0.209890 56 38 41
0.539382 0.155985 0.207610 43 34 20
0.540608 0.158682 0.206908 33 34 22
0.543167 0.165654 0.205134 47 44 30
0.478621 0.014622 0.230839 155 182 197
0.479657 0.017146 0.229163 154 171 184
0.481357 0.020321 0.229633 186 227 250
0.482416 0.022126 0.229427 197 218 230
0.484633 0.031078 0.227670 146 149 123
0.486756 0.039064 0.226188 145 168 171
0.491245 0.045916 0.223890 117 122 141
0.497229 0.060278 0.221826 91 62 60
0.499518 0.063789 0.221205 106 91 85
0.500864 0.067111 0.221224 106 107 104
0.522524 0.121246 0.212108 35 44 48
0.528879 0.136545 0.209741 33 23 26
0.530750 0.139523 0.209774 37 22 22
0.532804 0.145819 0.205758 82 88 81
0.536388 0.154794 0.205193 34 28 8
0.538445 0.157920 0.205982 36 32 22
0.538716 0.158933 0.205655 33 35 33
0.543350 0.171807 0.200825 37 40 35
0.557569 0.211430 0.197283 172 205 227
0.559700 0.213088 0.197221 179 178 201
0.560888 0.218032 0.197222 164 203 208
0.562311 0.218765 0.192828 176 210 231
0.418519 -0.123617 0.250975 163 182 190
0.453024 -0.042883 0.236675 167 174 137
0.454393 -0.039901 0.236708 186 183 170
0.459386 -0.026941 0.235896 171 185 200
0.459061 -0.021742 0.233220 169 194 210
0.466290 -0.005892 0.229437 181 205 224
0.467676 -0.002986 0.229412 177 189 207
0.469577 0.002352 0.229894 174 192 212
0.488580 0.043065 0.221337 154 157 170
0.489770 0.048711 0.222833 118 109 131
0.491218 0.050903 0.219529 108 117 131
0.491754 0.053526 0.220576 104 107 118
0.494374 0.060942 0.219656 81 74 60
0.497863 0.063926 0.219260 168 94 103
0.498692 0.067408 0.218500 57 88 69
0.504546 0.084290 0.216934 104 120 79
0.502982 0.086807 0.214683 123 147 95
0.521171 0.121468 0.210014 15 28 30
0.522325 0.127471 0.206102 110 138 96
0.523210 0.130879 0.206395 87 100 77
0.533561 0.158749 0.201469 64 71 67
0.538553 0.168081 0.198962 67 70 64
0.541047 0.169648 0.200622 38 42 38
0.542674 0.172673 0.199990 54 61 64
0.559442 0.216906 0.193881 183 224 253
0.561911 0.218640 0.192562 162 215 227
0.416282 -0.126855 0.250167 166 178 177
0.422757 -0.112294 0.244792 174 187 196
0.424251 -0.105570 0.242917 172 185 191
0.446552 -0.050155 0.234178 162 174 169
0.450106 -0.042887 0.233421 114 117 82
0.451989 -0.039399 0.232981 138 136 64
0.452874 -0.036018 0.232168 193 176 83
0.453977 -0.033326 0.233135 158 171 155
0.458865 -0.022477 0.229947 160 192 208
0.459217 -0.018924 0.229422 156 200 218
0.460893 -0.015572 0.228956 173 186 203
0.464117 -0.012781 0.228341 183 186 195
0.465280 -0.006029 0.229479 170 193 216
0.470195 0.004978 0.226525 143 170 173
0.471131 0.009303 0.224527 94 182 210
0.487865 0.046458 0.218871 137 153 178
0.490310 0.051191 0.218348 158 134 118
0.490701 0.052703 0.218049 166 132 136
0.491394 0.056900 0.216619 119 102 106
0.494426 0.064318 0.215213 81 85 79
0.496308 0.066679 0.215850 88 85 76
0.497899 0.074795 0.212805 57 76 44
0.498246 0.078062 0.213245 105 129 84
0.500884 0.081671 0.212586 106 128 86
0.501681 0.083426 0.212993 118 140 98
0.503331 0.086839 0.211736 146 165 115
0.504810 0.091634 0.211934 134 155 104
0.505437 0.093865 0.211011 119 143 93
0.507422 0.098268 0.209389 116 147 96
0.509726 0.101531 0.209966 134 155 104
0.509434 0.104254 0.208639 130 155 106
0.510599 0.107196 0.208144 132 156 109
0.511573 0.112115 0.208377 106 121 82
0.517069 0.122550 0.206106 104 115 74
0.517952 0.124897 0.205141 112 151 93
0.520398 0.128030 0.205118 94 114 72
0.521252 0.130232 0.205396 104 126 72
0.533893 0.159646 0.200423 61 81 77
0.536131 0.167705 0.197655 74 72 64
0.537411 0.170202 0.196818 55 55 51
0.542270 0.180594 0.194795 15 24 34
0.542687 0.183898 0.194225 18 26 37
0.548629 0.200779 0.194084 186 218 248
0.555558 0.213574 0.190218 190 220 239
0.556149 0.218857 0.191418 210 232 254
0.445246 -0.048370 0.232234 167 182 182
0.445889 -0.046187 0.231002 159 169 176
0.447333 -0.042341 0.231040 116 125 121
0.449416 -0.038862 0.230753 80 76 66
0.451140 -0.036864 0.230342 104 91 8
0.451240 -0.033393 0.228678 143 152 183
0.458213 -0.019518 0.228369 182 201 219
0.459102 -0.015300 0.226779 219 228 255
0.462937 -0.005272 0.227316 172 193 218
0.473921 0.024472 0.219898 100 167 200
0.484932 0.046148 0.215463 95 107 106
0.486968 0.051587 0.214011 61 53 63
0.488219 0.054412 0.215045 97 70 62
0.488745 0.057525 0.213847 59 51 44
0.488459 0.060384 0.212788 32 32 27
0.495799 0.075572 0.211662 56 75 33
0.496134 0.078436 0.211255 61 85 33
0.497131 0.082008 0.210889 98 125 66
0.497706 0.084982 0.209968 64 96 48
0.499141 0.088470 0.208812 57 91 39
0.501966 0.091832 0.208454 93 116 62
0.504518 0.094123 0.208196 108 130 77
0.506530 0.100652 0.206551 115 141 92
0.508068 0.105257 0.207635 101 130 70
0.508853 0.108178 0.205087 103 129 78
0.510401 0.112007 0.206499 116 145 81
0.510949 0.114658 0.206552 62 60 55
0.513164 0.118902 0.203998 108 129 86
0.514136 0.122175 0.204402 91 118 70
0.516366 0.125118 0.203257 124 148 97
0.516882 0.128274 0.203443 99 108 71
0.519028 0.130603 0.202363 89 95 38
0.533398 0.165855 0.196097 53 48 48
0.534857 0.168487 0.195375 89 83 84
0.535192 0.175518 0.194166 98 106 112
0.538826 0.179240 0.192236 90 88 91
0.541114 0.181629 0.193108 21 28 32
0.541241 0.183707 0.193936 15 7 25
0.541966 0.193648 0.191822 203 244 255
0.554517 0.216453 0.185934 130 154 189
0.428568 -0.080669 0.233681 169 181 181
0.436919 -0.066730 0.232023 167 185 188
0.443157 -0.048510 0.231266 178 192 197
0.444196 -0.044453 0.231425 148 172 182
0.445855 -0.038071 0.229601 186 197 208
0.449042 -0.033588 0.227896 103 63 87
0.453372 -0.021720 0.223156 179 188 190
0.459842 -0.005532 0.223182 168 178 182
0.473295 0.023492 0.218293 157 174 164
0.486574 0.054797 0.212781 59 61 54
0.493679 0.075943 0.208727 39 52 16
0.497905 0.082380 0.208097 52 75 15
0.499036 0.089014 0.206940 45 74 15
0.499444 0.091175 0.205603 35 65 0
0.504071 0.102836 0.203609 125 149 96
0.505145 0.105582 0.204005 106 127 71
0.508819 0.111710 0.201679 161 186 149
0.517860 0.130435 0.199606 106 134 85
0.532512 0.172252 0.193586 33 25 39
0.536558 0.180728 0.192390 101 111 113
0.540373 0.194645 0.189581 58 68 82
0.542102 0.195147 0.186001 123 145 159
0.548654 0.208135 0.186395 245 255 255
0.414520 -0.115147 0.238020 175 185 188
0.445913 -0.038226 0.225030 181 193 212
0.492109 0.076952 0.206553 21 32 0
0.491353 0.078397 0.207117 31 43 5
0.493174 0.082871 0.205300 44 58 8
0.498937 0.095538 0.201057 35 66 0
0.506157 0.110577 0.200976 67 100 62
0.506140 0.111565 0.200559 135 149 129
0.506475 0.115480 0.199983 26 20 0
0.523899 0.153760 0.191896 0 29 73
0.523622 0.154338 0.191304 0 14 14
0.524111 0.159640 0.192632 10 3 3
0.525250 0.162623 0.191985 0 0 0
0.528552 0.171784 0.190447 90 96 118
0.477221 0.046720 0.206523 55 62 56
0.477949 0.052548 0.206833 80 84 85
0.481214 0.059799 0.207259 62 73 70
0.484382 0.066448 0.204746 67 77 81
0.484994 0.071165 0.205160 68 79 76
0.486807 0.073603 0.202482 55 71 67
0.494625 0.092993 0.200029 7 18 2
0.500378 0.108875 0.199055 123 172 103
0.502353 0.112032 0.196740 189 215 141
0.505750 0.115429 0.197234 176 204 199
0.508234 0.127352 0.195731 99 103 92
0.513442 0.138950 0.191282 31 41 37
0.529793 0.181035 0.185978 0 36 53
0.530969 0.182536 0.187037 0 0 14
0.431032 -0.058859 0.223058 179 193 196
0.467667 0.035474 0.208301 63 69 57
0.474486 0.053141 0.204449 101 133 138
0.477922 0.057424 0.206080 84 99 99
0.482400 0.067398 0.201661 78 90 97
0.485204 0.068659 0.202195 68 78 78
0.485384 0.073428 0.202003 65 88 85
0.487432 0.075593 0.200524 35 45 44
0.488153 0.081379 0.200757 44 55 52
0.488881 0.085112 0.198014 84 102 108
0.491159 0.087667 0.198189 47 60 51
0.490571 0.089127 0.199249 43 58 65
0.506656 0.127067 0.193334 90 95 112
0.507270 0.130058 0.190882 136 152 146
0.509622 0.132864 0.189658 94 121 130
0.524886 0.171107 0.183976 74 88 90
0.437680 -0.036686 0.218894 204 193 181
0.448774 -0.009727 0.212637 209 247 255
0.480686 0.074146 0.199059 120 94 74
0.507506 0.134738 0.189621 82 95 100
0.516331 0.158649 0.184608 5 17 23
0.529761 0.194453 0.178099 176 205 219
0.422832 -0.066439 0.218599 145 167 176
0.477150 0.068197 0.196373 181 202 255
0.529765 0.191646 0.174937 117 145 140
0.530036 0.193247 0.174673 40 64 75
0.512522 0.164785 0.177255 71 96 99
0.530333 0.208406 0.170433 158 184 197
0.413826 -0.070581 0.215819 196 183 177
0.512408 0.164703 0.176758 74 95 103
0.415820 -0.063377 0.210609 158 173 203
0.508250 0.165703 0.173049 23 29 31
0.511765 0.169099 0.173062 135 161 172
0.600213 -0.072497 0.404528 78 102 128
0.598076 -0.075501 0.402717 95 129 138
0.595419 -0.076782 0.400687 76 126 144
0.586314 -0.083268 0.395945 65 113 135
0.588675 -0.081378 0.393130 84 123 129
0.586771 -0.079421 0.392519 79 126 160
0.582854 -0.081486 0.390760 60 117 143
0.579913 -0.078411 0.383571 78 106 115
0.574472 -0.077834 0.377314 99 136 161
0.570533 -0.082389 0.376838 89 135 155
0.571952 -0.080149 0.376078 92 131 142
0.572789 -0.077458 0.376789 92 133 157
0.567372 -0.086749 0.375265 67 133 148
0.570573 -0.076740 0.372966 88 132 147
0.601578 0.002014 0.358770 0 0 0
0.601888 0.002748 0.358479 0 0 0
0.563911 -0.086056 0.373836 26 48 55
0.566490 -0.081405 0.371688 95 119 131
0.597407 -0.001036 0.358720 0 0 0
0.600834 0.003215 0.358194 0 0 0
0.557272 -0.100142 0.371417 95 130 154
0.558898 -0.095365 0.369985 89 103 112
0.574671 -0.051377 0.363840 0 0 0
0.589591 -0.010943 0.356838 0 0 0
0.587444 -0.010768 0.354038 0 0 0
0.551151 -0.097115 0.364391 0 0 0
0.593559 0.008091 0.349461 0 0 0
0.594496 0.009960 0.348790 0 0 0
0.597332 0.018426 0.345876 0 0 0
0.610011 0.047460 0.342508 156 126 74
0.551521 -0.093013 0.361323 0 85 115
0.562496 -0.066265 0.356444 0 0 0
0.561768 -0.065309 0.356146 0 0 0
0.606199 0.043571 0.339146 159 115 69
0.607451 0.045123 0.337023 138 133 94
0.546573 -0.097231 0.361618 0 80 91
0.548360 -0.092094 0.358668 0 73 94
0.561129 -0.065051 0.355824 0 0 0
0.604200 0.040992 0.336114 152 106 44
0.608241 0.054279 0.334030 136 122 91
0.609082 0.058503 0.334151 122 132 115
0.542805 -0.098983 0.359964 0 104 112
0.547042 -0.084571 0.356393 0 40 101
0.549518 -0.083927 0.357350 0 63 48
0.552649 -0.076036 0.352214 23 18 34
0.588371 0.016637 0.337781 114 69 26
0.603197 0.048346 0.334716 131 109 70
0.606522 0.057122 0.330989 137 132 108
0.537649 -0.108240 0.356349 0 0 0
0.540656 -0.095087 0.355053 0 0 0
0.542657 -0.092347 0.355155 0 0 0
0.587563 0.017336 0.335632 124 81 32
0.598440 0.045039 0.329754 119 105 69
0.605159 0.057152 0.329098 137 139 123
0.539473 -0.094083 0.352621 2 43 29
0.596803 0.046510 0.327210 132 134 118
0.598704 0.048539 0.329320 137 129 74
0.601488 0.055632 0.326752 154 146 114
0.535138 -0.100396 0.349313 0 0 0
0.582837 0.015682 0.330605 173 130 64
0.587891 0.025982 0.329656 129 117 97
0.594883 0.047759 0.326428 148 136 77
0.594813 0.047893 0.326654 138 136 124
0.513386 -0.147962 0.355828 0 0 0
0.532784 -0.098387 0.347410 0 0 0
0.536707 -0.090994 0.346315 0 0 0
0.536333 -0.088366 0.347793 10 21 32
0.506834 -0.149929 0.353758 68 111 138
0.580081 0.025037 0.324870 141 109 70
0.502108 -0.158161 0.352950 108 106 91
0.510072 -0.146968 0.350237 0 0 0
0.510757 -0.145018 0.350279 0 0 0
0.560299 -0.015580 0.328591 143 103 51
0.569592 0.006274 0.323815 151 125 86
0.571639 0.009156 0.324130 123 120 93
0.579360 0.028416 0.322802 129 112 79
0.506519 -0.146233 0.346764 129 158 161
0.496379 -0.158788 0.346264 0 3 9
0.505742 -0.141493 0.344720 126 163 169
0.505239 -0.140104 0.343017 116 156 166
0.496748 -0.157446 0.344767 0 24 44
0.496946 -0.156591 0.344255 0 15 21
0.499858 -0.145811 0.342323 131 166 175
0.567410 0.014825 0.314349 131 114 86
0.538817 -0.043345 0.321480 104 134 119
0.554549 -0.003251 0.315978 131 113 73
0.547111 -0.016191 0.315373 123 80 40
0.549921 -0.011976 0.313644 133 111 74
0.550979 -0.006493 0.314527 96 52 32
0.554683 0.002448 0.313015 128 111 81
0.541574 -0.026382 0.313118 105 80 46
0.553277 -0.002815 0.309584 125 107 80
0.555608 0.017396 0.304792 127 96 61
0.567332 0.037833 0.299628 132 110 83
0.486838 -0.151696 0.329068 110 89 63
0.547310 -0.004511 0.304917 118 90 57
0.489559 -0.135554 0.323615 88 93 74
0.488189 -0.134433 0.321052 86 82 65
0.549568 0.021491 0.295820 129 119 93
0.495728 0.005118 0.250304 139 147 118
0.514857 0.051081 0.242537 115 133 149
0.498768 0.017506 0.245413 103 150 174
0.509339 0.043277 0.241183 99 111 128
0.521049 0.064544 0.236164 95 113 116
0.521141 0.066852 0.234453 151 166 188
0.531868 0.098801 0.231224 110 138 138
0.542913 0.121857 0.225959 94 110 109
0.543222 0.124613 0.227843 108 121 123
0.494800 0.006071 0.245365 102 135 148
0.526252 0.085714 0.232710 123 130 135
0.543072 0.123906 0.225270 97 115 113
0.552839 0.153478 0.219935 113 127 133
0.508314 0.049004 0.233871 152 179 193
0.507922 0.053085 0.234009 140 165 179
0.541776 0.132661 0.218776 3 7 0
0.543335 0.138359 0.218838 42 13 0
0.544843 0.140440 0.218992 15 30 0
0.507165 0.047296 0.231911 193 187 207
0.506866 0.050273 0.231787 147 167 191
0.506611 0.053551 0.230218 140 162 184
0.509405 0.063622 0.229641 130 154 171
0.528494 0.106040 0.220868 44 47 50
0.533445 0.116098 0.218448 56 51 58
0.533536 0.119069 0.221016 71 52 61
0.538680 0.129648 0.218420 18 10 0
0.541383 0.133160 0.217476 7 12 0
0.542471 0.138441 0.217590 43 17 0
0.543200 0.139826 0.216795 26 12 0
0.544232 0.142607 0.215938 24 20 0
0.503158 0.047675 0.229395 62 45 55
0.505064 0.050203 0.228960 93 69 86
0.505790 0.052578 0.229057 116 123 142
0.505763 0.055682 0.226824 78 70 84
0.511169 0.067610 0.223808 134 90 97
0.530110 0.109817 0.218385 79 39 51
0.533012 0.122731 0.216957 79 42 31
0.537954 0.135053 0.215206 35 6 1
0.539982 0.140717 0.214919 42 24 28
0.542732 0.143007 0.212560 87 56 37
0.543833 0.145671 0.213585 8 0 0
0.544701 0.150126 0.214098 9 4 0
0.553999 0.167435 0.209534 35 29 23
0.552739 0.170451 0.208534 26 23 16
0.446416 -0.081476 0.248762 165 177 188
0.455254 -0.060825 0.246005 158 157 157
0.461559 -0.045940 0.243126 157 169 174
0.466291 -0.032281 0.239578 163 170 181
0.484647 0.012344 0.233061 152 180 193
0.485882 0.015342 0.233813 144 166 183
0.504382 0.057862 0.225193 122 139 149
0.505564 0.062058 0.223867 126 140 145
0.506392 0.063991 0.224066 128 148 155
0.507760 0.067265 0.224065 131 73 74
0.537961 0.138051 0.211134 176 150 120
0.538818 0.142243 0.211765 61 32 31
0.538388 0.145952 0.210144 69 52 22
0.542205 0.148079 0.210718 61 78 24
0.542288 0.150944 0.211259 19 0 0
0.544211 0.155585 0.210422 40 54 79
0.422371 -0.138279 0.255677 158 174 174
0.423782 -0.131948 0.252833 165 182 188
0.432076 -0.116056 0.253160 164 176 186
0.434745 -0.103752 0.251209 158 169 176
0.482609 0.010071 0.230970 170 188 215
0.484741 0.013779 0.229464 165 189 205
0.485043 0.017950 0.229657 174 196 212
0.485550 0.020405 0.229890 178 201 216
0.487868 0.024470 0.228815 164 187 199
0.489256 0.028076 0.226964 157 182 201
0.499238 0.053775 0.221637 49 56 71
0.501983 0.059392 0.224209 87 95 123
0.503300 0.061423 0.221700 67 77 87
0.504232 0.064847 0.221546 91 150 168
0.523839 0.115858 0.213031 83 73 65
0.530423 0.128275 0.210899 44 0 0
0.531671 0.131908 0.210362 131 133 135
0.534048 0.134791 0.210121 84 42 46
0.534068 0.137658 0.208984 93 79 82
0.535872 0.139651 0.206505 27 0 0
0.536854 0.145267 0.208866 30 22 10
0.540207 0.151295 0.207677 24 0 0
0.539390 0.154664 0.206826 93 89 63
0.540591 0.158152 0.205610 40 31 25
0.543669 0.164897 0.203935 25 24 20
0.546520 0.166991 0.201692 25 0 0
0.554944 0.183819 0.201211 6 6 10
0.566310 0.220125 0.194250 128 163 180
0.420792 -0.135874 0.253827 164 184 187
0.472275 -0.005070 0.231088 169 192 211
0.474188 0.001881 0.229587 162 182 200
0.478128 0.003960 0.227378 147 161 177
0.481048 0.011547 0.228839 154 181 202
0.482807 0.014801 0.227511 174 201 222
0.483580 0.017834 0.226146 170 196 220
0.484797 0.021152 0.227563 175 186 196
0.485302 0.024907 0.224234 158 170 177
0.493510 0.039220 0.222170 131 154 175
0.492231 0.042778 0.223521 126 124 143
0.502819 0.070020 0.217654 89 53 46
0.504547 0.071922 0.215930 99 31 32
0.506990 0.075732 0.215884 116 126 117
0.522371 0.112040 0.211086 22 35 29
0.522349 0.114288 0.211666 35 56 47
0.525492 0.119291 0.208402 18 28 32
0.525424 0.120396 0.208361 19 29 26
0.528024 0.126868 0.206182 56 59 62
0.528149 0.130778 0.206739 12 28 38
0.531763 0.136369 0.204161 38 0 0
0.531961 0.139980 0.206042 83 91 83
0.533725 0.146790 0.205329 135 103 81
0.540239 0.157980 0.204939 38 30 18
0.542303 0.162864 0.199998 28 35 31
0.542858 0.165758 0.201285 41 42 28
0.542939 0.168040 0.202077 64 69 64
0.546148 0.173407 0.200428 47 38 32
0.549831 0.182010 0.196460 0 19 25
0.562483 0.217562 0.192607 161 192 212
0.562200 0.218733 0.192428 169 195 216
0.419368 -0.129441 0.248198 163 185 187
0.430419 -0.106023 0.245667 161 180 180
0.457565 -0.037089 0.231386 186 187 184
0.458082 -0.030990 0.232035 170 194 208
0.460286 -0.027777 0.232259 173 193 208
0.462750 -0.021721 0.230960 177 195 208
0.475658 0.003876 0.227525 155 173 189
0.474912 0.008964 0.225706 161 168 190
0.482277 0.021819 0.221640 222 255 255
0.483071 0.026831 0.223417 175 167 186
0.487534 0.035957 0.220309 150 167 196
0.489239 0.043449 0.219573 151 160 171
0.497219 0.058231 0.215433 25 16 60
0.498168 0.062476 0.215913 105 108 105
0.500008 0.070639 0.215463 71 86 73
0.503702 0.072616 0.215372 71 46 39
0.506586 0.080431 0.215132 84 94 74
0.517434 0.109998 0.208894 96 124 83
0.521988 0.124837 0.205902 146 164 116
0.523456 0.126945 0.205251 116 134 102
0.524037 0.128554 0.204726 113 118 98
0.527868 0.132814 0.204744 89 106 96
0.529804 0.135860 0.204921 34 0 0
0.531517 0.141021 0.203313 103 113 116
0.534504 0.152062 0.200365 21 19 19
0.535493 0.157080 0.200568 53 51 42
0.540927 0.166519 0.199775 54 61 55
0.543057 0.170195 0.199517 66 62 59
0.547152 0.179660 0.195246 40 38 30
0.549043 0.183443 0.195455 0 8 31
0.561859 0.217630 0.191349 169 199 219
0.562284 0.218959 0.191859 168 196 216
0.446301 -0.055484 0.234046 174 182 182
0.452553 -0.043945 0.231907 120 115 54
0.453241 -0.040515 0.231197 145 135 60
0.455088 -0.036956 0.230344 173 166 82
0.454873 -0.034654 0.229889 167 167 132
0.458124 -0.029393 0.229645 170 195 217
0.459540 -0.028112 0.229451 175 195 213
0.461256 -0.023284 0.228903 166 187 212
0.461303 -0.021714 0.226525 181 207 244
0.465178 -0.013624 0.225703 175 189 203
0.467570 -0.009367 0.225110 178 194 211
0.467932 -0.008801 0.224654 169 189 213
0.469995 -0.003591 0.224734 168 185 210
0.470883 -0.001520 0.224381 165 186 205
0.483978 0.028644 0.219313 190 174 180
0.486748 0.034949 0.218435 148 161 172
0.486949 0.039839 0.217587 156 178 193
0.488990 0.046161 0.217552 134 140 155
0.491220 0.050043 0.217524 137 145 146
0.492185 0.052747 0.214436 114 84 91
0.493170 0.055274 0.214701 86 49 51
0.493421 0.058574 0.214411 84 47 49
0.496451 0.062253 0.214486 56 56 53
0.499059 0.070606 0.214549 73 80 62
0.500607 0.077140 0.211543 69 91 54
0.502954 0.080291 0.210334 78 102 63
0.504060 0.082984 0.210021 97 112 83
0.505642 0.087056 0.208974 109 133 87
0.505987 0.089357 0.209205 106 131 76
0.508310 0.093941 0.206708 108 126 87
0.508565 0.095493 0.207987 104 130 77
0.510719 0.100984 0.207435 122 148 101
0.511428 0.104031 0.207199 133 156 104
0.513866 0.105910 0.205869 137 156 110
0.516719 0.111621 0.203628 119 152 99
0.517122 0.117563 0.203855 21 32 9
0.517816 0.119415 0.204004 22 29 7
0.521011 0.124767 0.205237 108 122 91
0.521997 0.127102 0.203989 126 159 105
0.523915 0.129101 0.202643 99 113 79
0.525727 0.135557 0.199700 60 53 62
0.534261 0.156118 0.199910 45 54 50
0.535998 0.159614 0.195853 39 48 50
0.536867 0.167361 0.196130 55 47 38
0.542031 0.177063 0.193342 79 82 83
0.543581 0.180386 0.193477 51 55 66
0.543742 0.182877 0.193963 15 24 38
0.559228 0.214984 0.187153 155 186 211
0.418954 -0.122120 0.243686 185 191 187
0.420477 -0.114300 0.243034 184 184 198
0.444230 -0.060704 0.233361 170 180 178
0.446643 -0.052488 0.231039 169 181 184
0.447299 -0.049184 0.229735 173 184 190
0.448281 -0.047807 0.229437 151 166 174
0.450701 -0.043340 0.228170 129 132 115
0.451995 -0.040609 0.229471 100 93 49
0.453386 -0.037352 0.229133 176 167 51
0.457118 -0.030978 0.227551 170 167 41
0.456808 -0.026250 0.227477 207 187 187
0.458805 -0.021727 0.227324 161 227 255
0.462494 -0.014306 0.224878 208 187 202
0.465157 -0.009503 0.222655 165 217 231
0.465975 -0.008357 0.224203 177 186 208
0.470317 0.002634 0.221985 136 171 191
0.471850 0.007808 0.221216 114 128 129
0.488511 0.050729 0.213514 104 68 72
0.490542 0.053763 0.212746 85 70 65
0.490438 0.056412 0.213003 72 54 53
0.498151 0.074457 0.209234 61 79 38
0.499903 0.076303 0.209183 77 94 62
0.501360 0.079712 0.209087 71 111 54
0.503645 0.082451 0.207958 94 125 81
0.506945 0.093219 0.206554 123 139 92
0.510021 0.104406 0.203001 137 164 107
0.512243 0.106455 0.203608 146 162 117
0.513600 0.109962 0.202754 85 125 57
0.514723 0.113375 0.201957 85 110 67
0.516127 0.116373 0.202350 76 92 56
0.520090 0.124552 0.201112 32 109 5
0.520828 0.127745 0.200553 245 252 195
0.521240 0.129020 0.199714 187 196 124
0.535261 0.167768 0.192378 28 28 32
0.540594 0.177895 0.191967 107 110 111
0.541705 0.180500 0.192188 81 84 91
0.544059 0.183233 0.191262 31 31 36
0.554094 0.209267 0.186916 140 183 215
0.446317 -0.049299 0.228292 175 184 200
0.447572 -0.044797 0.224737 221 216 189
0.449480 -0.038938 0.227041 127 108 65
0.461915 -0.011297 0.220589 184 218 255
0.496584 0.074177 0.207196 56 74 30
0.496173 0.077571 0.207390 51 70 13
0.498177 0.081161 0.207479 57 85 24
0.511669 0.109081 0.200722 68 93 40
0.513188 0.113300 0.200187 141 172 132
0.514379 0.124737 0.197920 8 10 0
0.520509 0.129102 0.197170 195 255 223
0.523931 0.148089 0.193705 23 11 3
0.525176 0.151193 0.193896 30 19 3
0.537592 0.179139 0.189813 99 110 118
0.542815 0.188761 0.184564 132 143 146
0.543270 0.190802 0.185613 64 68 81
0.448173 -0.038220 0.224197 172 188 194
0.492299 0.074303 0.203566 0 25 0
0.494638 0.078992 0.201594 21 34 0
0.525186 0.154364 0.190308 0 11 18
0.528755 0.159527 0.188495 40 44 35
0.540772 0.190580 0.184443 157 184 191
0.438681 -0.057277 0.223364 171 188 193
0.481847 0.049907 0.205042 54 56 51
0.483220 0.055950 0.204439 54 61 58
0.487241 0.068009 0.201378 54 63 61
0.493807 0.079887 0.199332 12 24 0
0.505010 0.106094 0.195840 143 179 131
0.517629 0.141436 0.190043 32 44 38
0.544515 0.209095 0.178233 183 209 217
0.475188 0.041184 0.204282 49 54 48
0.485563 0.065026 0.201080 75 93 93
0.488236 0.075939 0.199791 47 45 26
0.490006 0.082001 0.196516 31 26 0
0.493508 0.088673 0.196334 41 59 78
0.510052 0.123720 0.190593 255 255 255
0.529737 0.176935 0.180421 92 112 119
0.530634 0.177829 0.180171 85 102 111
0.479866 0.054830 0.199007 126 134 141
0.500297 0.118807 0.187589 13 24 0
0.483375 0.094406 0.181761 57 81 100
0.600398 -0.075716 0.398734 88 127 146
0.601299 -0.074009 0.400594 93 125 133
0.598419 -0.078718 0.396805 81 112 134
0.597133 -0.077621 0.395356 48 97 127
0.591745 -0.081104 0.392837 93 135 153
0.592858 -0.079071 0.392170 88 131 153
0.588825 -0.082470 0.391808 72 109 121
0.577368 -0.083403 0.381007 93 129 142
0.573821 -0.084792 0.378469 89 134 158
0.575861 -0.080245 0.374698 101 130 152
0.578297 -0.074719 0.374713 49 91 102
0.580574 -0.073361 0.375233 33 70 91
0.571323 -0.085548 0.374026 106 136 140
0.575304 -0.080812 0.374295 88 128 161
0.566266 -0.090163 0.371417 55 127 131
0.568339 -0.087614 0.370026 74 110 127
0.571375 -0.079040 0.371620 73 115 156
0.564829 -0.093974 0.369785 108 130 172
0.565772 -0.090699 0.370779 39 104 86
0.568997 -0.081370 0.369632 78 130 102
0.559571 -0.095958 0.369260 96 133 152
0.560308 -0.093903 0.367962 87 116 141
0.591644 -0.015684 0.353321 0 0 0
0.590363 -0.012596 0.352109 0 0 0
0.552440 -0.096391 0.360577 0 0 0
0.554594 -0.091657 0.359335 0 89 98
0.562702 -0.066450 0.356228 0 0 0
0.605494 0.035843 0.336584 157 138 73
0.605540 0.038211 0.336757 138 126 71
0.546968 -0.100174 0.357416 0 131 150
0.548874 -0.097077 0.360293 0 65 151
0.556309 -0.081949 0.354887 0 10 1
0.563605 -0.067598 0.353017 0 0 0
0.565687 -0.059525 0.351999 0 0 0
0.604904 0.038275 0.334090 165 145 101
0.606855 0.044677 0.331885 135 147 110
0.541728 -0.105816 0.357142 0 0 0
0.544039 -0.104030 0.355631 0 116 116
0.545514 -0.100695 0.355983 0 108 119
0.548527 -0.097951 0.355921 0 117 97
0.550079 -0.088175 0.351819 0 68 58
0.600308 0.038831 0.329520 151 140 113
0.541904 -0.096611 0.351001 0 20 26
0.544765 -0.093367 0.349324 0 39 27
0.598513 0.039527 0.325657 147 126 102
0.599564 0.043520 0.326047 140 140 116
0.539635 -0.098713 0.346403 0 0 0
0.585708 0.021337 0.326286 151 140 111
0.596807 0.040193 0.323553 147 142 132
0.518161 -0.142875 0.352103 0 0 0
0.533951 -0.101795 0.344279 0 0 0
0.537910 -0.093456 0.342612 0 0 0
0.582708 0.018667 0.325008 155 124 74
0.592510 0.038626 0.321878 147 125 67
0.512184 -0.148058 0.350617 0 0 0
0.514782 -0.139875 0.348272 163 173 176
0.536379 -0.090647 0.342361 0 0 0
0.510449 -0.148113 0.347782 54 73 71
0.515475 -0.138377 0.346730 119 125 129
0.508711 -0.147663 0.346160 128 171 175
0.506275 -0.141934 0.342069 136 141 136
0.514411 -0.128214 0.338702 174 151 145
0.498080 -0.157682 0.340695 127 135 139
0.498042 -0.156955 0.339526 135 129 120
0.534840 -0.063541 0.321921 116 82 66
0.560984 0.009596 0.307131 132 100 69
0.570399 0.032495 0.305109 136 96 67
0.550872 -0.009646 0.309163 126 101 67
0.489595 -0.136169 0.322167 83 90 72
0.474019 -0.100146 0.281368 145 128 109
0.464748 -0.099002 0.273539 165 160 146
0.516023 0.044825 0.240205 110 143 161
0.543783 0.120181 0.225971 86 103 102
0.551678 0.141101 0.218297 129 140 145
0.557235 0.152346 0.216962 96 105 114
0.509773 0.048933 0.231183 165 193 213
0.537338 0.116634 0.220445 69 71 68
0.539406 0.118315 0.220523 77 73 73
0.542760 0.122627 0.218100 90 80 83
0.545280 0.130713 0.218111 55 62 52
0.545582 0.136917 0.216465 14 10 0
0.548796 0.142260 0.215899 184 173 143
0.550832 0.146228 0.215569 31 45 59
0.554807 0.151972 0.213446 100 114 119
0.555641 0.153638 0.214347 94 104 109
0.562987 0.175378 0.209826 92 116 127
0.506744 0.046757 0.229297 77 46 69
0.508857 0.049035 0.230429 151 169 191
0.510096 0.051255 0.228943 155 178 196
0.511284 0.054403 0.227607 146 179 192
0.512423 0.058733 0.229547 94 139 162
0.516115 0.066129 0.225465 127 43 8
0.516942 0.069050 0.224560 128 69 73
0.528035 0.099769 0.221862 107 117 117
0.533254 0.108594 0.217732 115 81 84
0.534560 0.112381 0.218625 81 78 82
0.539121 0.119603 0.216529 79 80 83
0.537870 0.121985 0.215478 73 54 47
0.540179 0.125936 0.217144 53 39 37
0.539522 0.127642 0.216436 33 0 5
0.543606 0.132196 0.215605 45 42 26
0.544389 0.134064 0.214305 46 58 31
0.544999 0.138686 0.213354 39 27 0
0.555823 0.163403 0.207994 32 22 18
0.557767 0.165081 0.208538 38 27 18
0.556865 0.168675 0.210983 39 34 17
0.560950 0.172263 0.208133 18 19 8
0.560224 0.174908 0.208272 46 43 33
0.562619 0.178123 0.207024 41 51 57
0.564869 0.184916 0.205857 83 106 119
0.457857 -0.070543 0.247657 145 167 180
0.458369 -0.065088 0.245900 147 164 168
0.501375 0.032123 0.229174 136 101 106
0.502890 0.042048 0.228238 98 64 58
0.505553 0.044659 0.228374 145 98 94
0.506257 0.049147 0.227305 102 61 76
0.507933 0.051852 0.226663 130 115 129
0.508754 0.054460 0.224215 112 108 122
0.514023 0.066606 0.222085 142 136 145
0.514365 0.067660 0.222255 138 57 64
0.528028 0.102294 0.216611 58 83 75
0.528954 0.105351 0.215511 41 41 42
0.532191 0.108954 0.215788 101 55 68
0.532535 0.113496 0.216270 73 60 66
0.534336 0.115393 0.216098 102 61 58
0.537494 0.119986 0.214166 89 53 60
0.535852 0.121964 0.214266 85 48 52
0.537584 0.126266 0.215287 84 59 65
0.541534 0.135561 0.211985 73 45 53
0.544183 0.138832 0.212420 31 15 0
0.545061 0.141168 0.210669 32 18 11
0.545982 0.145206 0.209503 81 67 69
0.554725 0.166888 0.207453 28 21 0
0.557042 0.170367 0.205002 20 17 0
0.560732 0.182969 0.203507 13 26 36
0.565013 0.188262 0.202546 15 30 49
0.429489 -0.132607 0.252570 162 178 183
0.461624 -0.056238 0.242872 158 165 172
0.463686 -0.044183 0.240448 176 168 177
0.506817 0.055660 0.224378 118 124 137
0.508102 0.059292 0.222665 148 152 172
0.509895 0.063320 0.221624 134 155 167
0.511269 0.066134 0.221292 140 134 145
0.522271 0.092719 0.215502 92 88 91
0.533260 0.119901 0.213561 74 22 19
0.535315 0.126098 0.211273 94 45 53
0.540060 0.135518 0.208981 128 103 122
0.540463 0.140761 0.207266 81 31 30
0.549644 0.164959 0.203691 10 0 0
0.551159 0.166097 0.203731 19 6 0
0.554846 0.171348 0.203628 28 24 19
0.558101 0.183267 0.201112 14 23 32
0.559729 0.186454 0.200063 4 24 37
0.562545 0.188166 0.200462 12 20 31
0.455791 -0.061687 0.239509 149 162 184
0.481301 -0.000320 0.227388 155 170 178
0.483856 0.007623 0.228754 166 188 204
0.485898 0.011462 0.229185 173 192 206
0.485609 0.013424 0.228695 168 186 206
0.488471 0.019791 0.226360 155 140 146
0.489274 0.024191 0.225628 163 161 176
0.500343 0.047029 0.223748 106 80 89
0.506569 0.057807 0.220377 102 113 130
0.505201 0.060377 0.220662 80 99 101
0.507306 0.062120 0.218634 121 42 9
0.506583 0.066452 0.219210 97 43 39
0.511572 0.076613 0.216150 143 171 178
0.520573 0.091164 0.213757 82 72 74
0.525774 0.111188 0.210986 85 89 83
0.528410 0.114873 0.210513 48 42 51
0.529122 0.117648 0.210220 48 44 48
0.530972 0.119795 0.210162 76 51 54
0.536852 0.133188 0.207992 84 30 40
0.536810 0.137767 0.206400 76 42 38
0.537921 0.140897 0.205873 57 35 36
0.539315 0.143073 0.206419 65 45 33
0.548603 0.163157 0.200956 20 0 0
0.547132 0.166260 0.201095 25 0 0
0.552880 0.169922 0.200695 44 44 19
0.554394 0.181136 0.197894 0 17 19
0.556271 0.183656 0.199237 11 15 23
0.557317 0.187061 0.198936 0 11 33
0.424162 -0.135877 0.250325 162 179 182
0.478852 -0.000016 0.225573 183 205 222
0.481760 0.007241 0.223918 131 153 166
0.485656 0.019705 0.224267 149 139 146
0.494168 0.041735 0.219957 130 131 143
0.498933 0.050522 0.217852 38 25 38
0.498867 0.055163 0.217669 54 46 56
0.507289 0.069964 0.215814 92 0 0
0.510558 0.076280 0.215473 143 162 160
0.525591 0.113675 0.207711 21 30 35
0.526591 0.116262 0.206892 25 40 46
0.530222 0.123581 0.205840 46 11 14
0.531786 0.126179 0.205405 35 31 32
0.531918 0.130193 0.203829 73 78 79
0.532359 0.135529 0.203294 42 0 0
0.533914 0.137215 0.203172 42 15 15
0.535393 0.139896 0.205520 26 0 0
0.539702 0.147640 0.201359 40 0 0
0.540905 0.149156 0.202270 34 0 0
0.542278 0.154401 0.201748 61 35 35
0.542422 0.156703 0.201761 40 31 19
0.543234 0.162808 0.199744 8 19 24
0.545354 0.167861 0.198865 95 0 0
0.550483 0.178151 0.195977 12 13 8
0.552841 0.180732 0.197100 21 22 22
0.554665 0.187840 0.195543 0 2 21
0.421660 -0.131183 0.245953 174 190 191
0.436972 -0.101692 0.241502 156 172 178
0.454056 -0.054312 0.231825 167 170 150
0.457653 -0.046723 0.230475 149 151 84
0.457826 -0.040387 0.231832 183 184 186
0.462642 -0.026335 0.228814 167 194 208
0.473472 -0.012642 0.226496 188 191 175
0.476185 -0.003973 0.225484 149 175 191
0.478857 0.009782 0.222676 139 159 226
0.494983 0.044441 0.218234 135 150 158
0.497218 0.052389 0.214619 75 61 82
0.500263 0.062935 0.214612 106 49 54
0.503598 0.068888 0.212534 76 0 0
0.508009 0.077202 0.211150 90 109 99
0.520653 0.106599 0.206930 54 77 48
0.527182 0.126476 0.202414 82 102 85
0.531548 0.133538 0.202059 85 81 84
0.531566 0.137162 0.201392 179 65 78
0.533784 0.142120 0.201107 68 78 82
0.535554 0.143634 0.200919 7 17 15
0.535902 0.147438 0.198548 46 53 48
0.547882 0.172343 0.194110 24 39 30
0.549090 0.175781 0.194877 0 7 8
0.547121 0.177731 0.195470 66 65 45
0.550864 0.182397 0.193476 41 37 25
0.551276 0.184092 0.192333 47 43 40
0.551998 0.187224 0.193585 0 0 13
0.422402 -0.124666 0.243587 184 193 198
0.439934 -0.082136 0.238042 161 174 179
0.454622 -0.050310 0.230106 148 144 111
0.455943 -0.044698 0.229194 144 134 68
0.455412 -0.042461 0.228730 151 139 49
0.456765 -0.037756 0.227682 183 171 70
0.457392 -0.033768 0.227730 196 185 70
0.462414 -0.030036 0.225516 167 182 193
0.462383 -0.026249 0.224176 186 195 226
0.464182 -0.021906 0.227075 168 192 215
0.465048 -0.017948 0.225157 185 191 207
0.466807 -0.015342 0.224604 168 184 195
0.467985 -0.012996 0.224270 171 185 193
0.470372 -0.007407 0.223896 168 189 207
0.471334 -0.006007 0.224088 169 192 211
0.485920 0.031929 0.216876 134 159 185
0.487763 0.039910 0.214975 145 167 185
0.489560 0.044964 0.213686 103 141 171
0.491962 0.049253 0.213864 118 145 156
0.491932 0.051325 0.213185 166 114 124
0.493786 0.056064 0.212171 80 25 25
0.498612 0.062569 0.213200 114 93 99
0.503516 0.071516 0.209246 99 94 86
0.504307 0.075334 0.209130 75 87 68
0.508323 0.079682 0.207846 89 103 84
0.506950 0.085049 0.208100 81 92 60
0.510205 0.094993 0.205860 107 126 81
0.515020 0.105620 0.203507 121 147 102
0.516982 0.108437 0.202992 128 154 109
0.519077 0.111601 0.201257 109 126 90
0.520136 0.113375 0.200796 99 118 80
0.525220 0.129696 0.200529 114 124 96
0.528419 0.133411 0.200226 0 21 30
0.527640 0.135994 0.199985 16 39 22
0.531112 0.137619 0.198265 25 31 33
0.531240 0.140949 0.195935 22 18 22
0.537310 0.155401 0.195291 47 55 56
0.537517 0.158958 0.193852 35 45 46
0.540750 0.161294 0.195445 74 92 105
0.545732 0.179221 0.191769 34 47 26
0.546912 0.182711 0.189333 98 99 104
0.553865 0.199125 0.188447 45 42 60
0.437668 -0.083053 0.234812 168 181 181
0.449813 -0.054415 0.228883 162 171 178
0.448290 -0.050492 0.227855 175 178 189
0.451837 -0.048385 0.226687 152 161 164
0.453655 -0.042230 0.227512 88 77 26
0.455152 -0.037148 0.223817 139 196 33
0.461696 -0.028089 0.224274 182 193 227
0.461286 -0.024849 0.223490 211 198 241
0.467652 -0.004699 0.219720 235 168 66
0.485093 0.033814 0.214013 155 200 211
0.485573 0.038423 0.212791 223 243 255
0.489005 0.041749 0.211227 173 167 183
0.489996 0.046773 0.212795 130 115 115
0.490317 0.049652 0.211201 170 149 164
0.493146 0.053347 0.211973 105 61 76
0.498914 0.069492 0.206034 36 54 45
0.501137 0.072435 0.206845 62 72 49
0.501747 0.075346 0.207501 72 83 53
0.502756 0.077979 0.206475 42 54 27
0.505170 0.083108 0.206050 99 117 84
0.506230 0.084647 0.204990 82 109 76
0.507728 0.088712 0.204225 77 111 66
0.508255 0.091619 0.204039 112 151 92
0.508662 0.095416 0.201755 95 118 48
0.510352 0.100232 0.200999 91 130 65
0.512184 0.101560 0.199945 108 138 90
0.513726 0.106049 0.201244 124 155 100
0.516296 0.109395 0.200559 129 149 100
0.517388 0.111750 0.200824 127 146 105
0.518244 0.114411 0.200640 74 86 59
0.527302 0.133958 0.196202 41 50 46
0.531076 0.141791 0.194538 21 42 27
0.536822 0.158079 0.192858 57 67 67
0.537101 0.161499 0.190859 29 37 39
0.537056 0.164488 0.191337 23 28 27
0.541829 0.171980 0.190016 10 21 31
0.543295 0.176423 0.190254 3 0 0
0.544286 0.178878 0.187513 0 4 11
0.545145 0.180428 0.187358 0 16 19
0.424715 -0.104632 0.235276 174 189 185
0.448975 -0.046557 0.225951 148 167 177
0.449547 -0.043714 0.224821 182 189 178
0.465079 -0.011740 0.218415 184 118 8
0.486330 0.043021 0.208141 114 118 132
0.488690 0.046825 0.208483 135 137 149
0.488392 0.049067 0.208478 147 158 181
0.493603 0.061598 0.205668 0 27 0
0.496387 0.070663 0.204131 4 25 0
0.496412 0.072708 0.204447 33 39 13
0.498828 0.075413 0.204303 47 63 17
0.500441 0.077683 0.204103 119 121 81
0.499887 0.082543 0.202683 50 67 0
0.503771 0.084732 0.202174 102 131 85
0.505320 0.090738 0.202599 106 138 86
0.510182 0.099975 0.199047 141 166 115
0.513424 0.109353 0.199875 153 186 109
0.515372 0.114202 0.196792 181 205 136
0.516357 0.117410 0.194243 124 145 111
0.519348 0.125713 0.193628 71 85 66
0.532966 0.152704 0.190986 37 47 54
0.534562 0.160870 0.188396 27 22 24
0.534685 0.165965 0.187527 3 0 4
0.545258 0.187352 0.182275 0 6 14
0.545877 0.188267 0.182721 0 0 6
0.547186 0.195725 0.184719 18 17 16
0.419730 -0.111697 0.234184 164 186 179
0.448563 -0.041765 0.221074 198 210 226
0.456656 -0.026487 0.217792 206 139 46
0.494895 0.070254 0.203573 22 31 3
0.495148 0.072847 0.199950 0 22 0
0.496508 0.075436 0.201642 18 27 0
0.509275 0.102672 0.195818 70 98 51
0.512601 0.113892 0.196437 200 224 177
0.516230 0.125301 0.193044 22 38 0
0.546238 0.197974 0.179074 225 247 255
0.444457 -0.042085 0.217709 255 255 255
0.485511 0.058283 0.200617 48 54 51
0.485415 0.059714 0.200823 53 62 56
0.489911 0.066136 0.198432 49 55 53
0.495127 0.079134 0.199759 17 32 0
0.503835 0.100628 0.193593 38 58 39
0.517490 0.132482 0.186056 7 32 1
0.541614 0.186499 0.179325 24 12 13
0.544212 0.199042 0.177305 98 108 117
0.489062 0.064280 0.197685 52 58 57
0.492725 0.077159 0.196291 28 30 51
0.512333 0.123020 0.188691 229 251 240
0.517447 0.138134 0.186384 25 33 29
0.528714 0.173082 0.178943 122 157 166
0.544150 0.208751 0.172801 157 177 178
0.528962 0.172928 0.177061 132 162 171
0.529665 0.175275 0.175610 148 170 182
0.530805 0.179295 0.174702 148 169 181
0.532693 0.181196 0.175589 156 179 190
0.537860 0.189988 0.173830 183 168 176
0.510962 0.139177 0.179585 88 92 88
0.528439 0.178809 0.172640 79 95 103
0.533712 0.186165 0.170938 167 189 200
0.533018 0.188212 0.171044 151 175 187
0.534299 0.192849 0.171394 157 183 191
0.529199 0.189414 0.165811 74 89 97
0.518739 0.171646 0.164032 23 32 36
0.599331 -0.078931 0.396121 74 111 125
0.593320 -0.078252 0.389163 84 118 142
0.589832 -0.065717 0.376345 86 83 99
0.589513 -0.065036 0.375887 71 93 94
0.587817 -0.066467 0.375180 57 87 100
0.575161 -0.086182 0.374498 69 107 129
0.573288 -0.087406 0.372630 95 137 160
0.574559 -0.085852 0.373403 73 113 134
0.577015 -0.083340 0.370921 59 100 115
0.577499 -0.080746 0.371788 71 120 136
0.567516 -0.095432 0.369285 80 127 138
0.569819 -0.091904 0.369261 87 131 152
0.570717 -0.085985 0.369181 93 136 160
0.574199 -0.083506 0.369459 59 102 120
0.562761 -0.097610 0.368897 95 137 155
0.565628 -0.094538 0.368645 84 126 146
0.567015 -0.093037 0.367453 80 119 142
0.570416 -0.086761 0.368326 96 143 160
0.561664 -0.100473 0.364794 83 134 160
0.562610 -0.099067 0.366509 97 141 150
0.564082 -0.094312 0.366412 82 125 134
0.595871 -0.016026 0.349972 0 0 0
0.593444 -0.016009 0.350515 0 0 0
0.593307 -0.015367 0.350048 0 0 0
0.591208 -0.005081 0.341685 113 116 91
0.552644 -0.098444 0.357113 0 89 68
0.589805 -0.006397 0.340203 114 124 78
0.595628 0.011237 0.336224 135 110 90
0.599610 0.021327 0.334572 182 163 127
0.602875 0.024162 0.334299 29 174 191
0.544953 -0.103164 0.354093 0 102 101
0.545485 -0.102531 0.354229 0 115 139
0.557733 -0.078357 0.349068 27 33 22
0.557902 -0.075575 0.347351 43 31 12
0.601227 0.029556 0.332623 149 141 113
0.602259 0.030790 0.330958 143 150 114
0.601806 0.033636 0.329441 152 140 80
0.544997 -0.096014 0.349943 0 0 0
0.558092 -0.075533 0.346879 43 55 11
0.596853 0.024206 0.326968 152 137 109
0.601111 0.030836 0.329161 157 150 136
0.602350 0.034636 0.328242 143 155 132
0.603310 0.037940 0.327715 130 144 122
0.542597 -0.097461 0.348431 0 0 0
0.594037 0.021363 0.328284 146 130 110
0.595447 0.025953 0.326891 155 136 118
0.598364 0.029581 0.326130 148 147 138
0.597786 0.031814 0.325069 145 114 81
0.598055 0.034121 0.323414 169 121 64
0.600830 0.041787 0.324234 135 138 113
0.541686 -0.098082 0.344831 0 0 0
0.552951 -0.074154 0.340408 30 25 25
0.516950 -0.146831 0.350711 0 0 0
0.536845 -0.100820 0.343546 0 0 0
0.542214 -0.090961 0.339964 0 0 0
0.516503 -0.147794 0.350059 0 0 0
0.516664 -0.142641 0.347426 136 136 148
0.516949 -0.140226 0.347082 125 127 145
0.537825 -0.094697 0.340057 0 0 0
0.538958 -0.094041 0.339631 0 0 0
0.541123 -0.089399 0.336596 0 36 29
0.541260 -0.086480 0.337078 0 24 31
0.510306 -0.148423 0.341819 135 146 138
0.555091 -0.028618 0.316836 66 72 50
0.519588 -0.111850 0.328266 135 70 16
0.541125 -0.055549 0.316715 110 109 84
0.552456 -0.022309 0.312329 118 88 39
0.569615 0.021030 0.301900 124 101 67
0.493276 -0.157761 0.329495 129 87 52
0.551781 -0.018550 0.306966 107 102 78
0.559063 0.002916 0.305439 120 93 55
0.492091 -0.156707 0.327050 157 95 52
0.549865 -0.016596 0.305461 104 84 50
0.490080 -0.155551 0.322929 120 95 71
0.487184 -0.156556 0.321733 137 120 90
0.485668 -0.148122 0.318694 191 124 65
0.492147 -0.055557 0.267904 145 117 98
0.464254 -0.115051 0.277115 167 133 117
0.467560 -0.105920 0.273312 145 138 124
0.462418 -0.117752 0.273752 112 100 85
0.461154 -0.113541 0.273440 145 131 123
0.503122 0.013915 0.237634 112 150 164
0.512619 0.039482 0.234025 120 102 89
0.546896 0.127941 0.218384 52 57 53
0.510944 0.038133 0.231212 117 138 152
0.514245 0.046839 0.229644 123 135 146
0.516034 0.051235 0.230404 122 134 137
0.544978 0.120198 0.218347 94 104 101
0.545153 0.123816 0.217378 59 65 64
0.546148 0.126705 0.216541 57 59 50
0.546604 0.130052 0.214244 43 42 32
0.548632 0.131509 0.213867 48 53 54
0.555628 0.151690 0.213507 102 122 135
0.561713 0.167117 0.211076 93 114 118
0.565021 0.176662 0.206863 102 121 132
0.569549 0.182627 0.204594 110 131 137
0.480741 -0.023777 0.238386 162 176 184
0.512289 0.048709 0.228061 182 200 217
0.512534 0.051238 0.226239 193 198 216
0.513806 0.053227 0.225075 162 183 202
0.533885 0.097884 0.218108 79 67 70
0.534675 0.109030 0.216711 147 127 129
0.536841 0.112603 0.217256 74 50 62
0.539008 0.113881 0.214801 82 91 93
0.539647 0.118278 0.213759 84 71 79
0.541992 0.120595 0.214844 80 75 75
0.542187 0.125688 0.214527 69 60 59
0.544630 0.128224 0.213194 54 30 23
0.545608 0.130175 0.212774 41 38 35
0.545364 0.133274 0.212542 28 15 0
0.547027 0.138058 0.212715 18 14 0
0.557223 0.161034 0.207752 29 20 14
0.557475 0.164041 0.207688 42 33 18
0.560533 0.168705 0.208750 53 52 39
0.564357 0.179396 0.206114 53 67 72
0.567261 0.180996 0.204833 98 118 125
0.566578 0.183776 0.204552 77 100 114
0.568722 0.186366 0.203852 108 141 148
0.473549 -0.038930 0.239702 165 185 192
0.504388 0.037913 0.227107 112 78 72
0.510103 0.045102 0.224825 84 72 83
0.508573 0.048035 0.225020 108 67 75
0.509445 0.051339 0.224419 122 88 100
0.511400 0.054300 0.222633 141 148 161
0.513490 0.061201 0.221007 153 168 184
0.515341 0.064801 0.220757 161 167 178
0.515016 0.066781 0.220567 119 64 78
0.530837 0.100948 0.215199 54 62 65
0.531045 0.105190 0.215778 77 46 50
0.533718 0.108421 0.213148 73 22 26
0.533577 0.110697 0.212852 45 4 10
0.535651 0.113912 0.214702 113 40 41
0.537101 0.119245 0.213695 107 70 90
0.539039 0.120949 0.213095 92 61 64
0.539800 0.123713 0.209353 139 131 134
0.542716 0.128259 0.209830 136 121 132
0.541244 0.132666 0.209597 120 86 100
0.545085 0.134193 0.210521 30 12 0
0.545824 0.137964 0.209779 79 64 62
0.547178 0.141020 0.208609 88 75 85
0.547454 0.143903 0.207978 84 57 66
0.555651 0.162190 0.205406 27 17 7
0.556866 0.163401 0.203252 32 24 17
0.557535 0.167549 0.204766 10 4 0
0.565050 0.182589 0.202219 0 4 19
0.564007 0.184321 0.202510 0 25 49
0.568001 0.187047 0.200261 49 55 81
0.429666 -0.138323 0.252227 173 190 193
0.434505 -0.131225 0.251697 163 179 182
0.486377 -0.000594 0.228858 176 183 193
0.506556 0.049173 0.222216 97 53 65
0.506647 0.050863 0.220739 96 51 69
0.510729 0.053087 0.221078 113 53 80
0.510380 0.058000 0.219624 137 129 151
0.512510 0.061095 0.219072 153 155 166
0.513112 0.064579 0.219643 141 167 176
0.519773 0.084592 0.215495 118 117 124
0.524451 0.092398 0.215455 51 56 57
0.532835 0.111395 0.210849 95 33 38
0.535457 0.118168 0.207753 92 43 50
0.537966 0.125450 0.209621 160 141 146
0.539756 0.128402 0.207033 125 72 84
0.540823 0.132362 0.207480 94 51 56
0.541722 0.135984 0.207009 106 86 94
0.542476 0.137067 0.207030 118 88 95
0.546668 0.144158 0.206690 90 79 81
0.552127 0.159406 0.201166 34 40 34
0.552845 0.160894 0.201631 27 21 15
0.553161 0.164546 0.201293 28 18 0
0.553519 0.168094 0.200871 36 27 0
0.561931 0.185781 0.199242 16 25 27
0.565523 0.186681 0.198158 57 64 0
0.428368 -0.135972 0.250355 174 190 193
0.464953 -0.049021 0.235450 174 187 202
0.465494 -0.046323 0.232791 168 174 196
0.467693 -0.042158 0.234377 177 186 197
0.482244 -0.003293 0.227474 165 182 200
0.482977 -0.000895 0.226682 162 177 177
0.485134 0.002425 0.224753 170 155 159
0.485582 0.005415 0.225668 170 162 158
0.488619 0.012606 0.224686 157 148 153
0.489085 0.014418 0.223636 176 160 155
0.506814 0.050292 0.218422 98 36 51
0.513768 0.071547 0.214650 113 71 60
0.521193 0.091557 0.213942 73 77 75
0.537195 0.129630 0.204565 148 136 155
0.537315 0.132204 0.205354 95 19 36
0.538715 0.135672 0.204353 101 60 61
0.548909 0.157323 0.198185 91 90 105
0.551272 0.161583 0.199787 16 12 11
0.552368 0.165696 0.200220 24 18 0
0.555898 0.176075 0.198106 0 14 20
0.558578 0.179034 0.196720 42 49 38
0.558253 0.181716 0.197001 24 35 29
0.558646 0.184871 0.196472 0 2 4
0.426497 -0.133988 0.247877 171 185 189
0.428545 -0.128893 0.244822 170 186 188
0.429227 -0.124712 0.245820 161 179 185
0.460089 -0.055301 0.235316 172 182 198
0.465871 -0.038108 0.229562 173 188 209
0.480238 -0.002787 0.226259 154 164 169
0.479096 -0.001657 0.225266 160 179 191
0.483428 0.001866 0.223773 152 145 146
0.484318 0.006544 0.225493 144 134 136
0.485618 0.009199 0.222919 156 148 151
0.487685 0.011717 0.222679 164 158 154
0.488281 0.015727 0.222917 168 154 153
0.488373 0.020207 0.221710 162 158 149
0.493624 0.027029 0.221332 157 183 197
0.493452 0.028206 0.219051 155 176 189
0.511221 0.069409 0.211926 123 27 20
0.513877 0.076116 0.211616 121 79 79
0.514776 0.079825 0.211154 115 128 128
0.516291 0.080705 0.209922 103 118 131
0.519052 0.087985 0.209825 124 153 162
0.529723 0.116684 0.203872 45 58 63
0.530627 0.119314 0.204930 72 56 60
0.532893 0.126319 0.203833 35 22 26
0.534840 0.128390 0.202662 51 17 17
0.535330 0.132711 0.201169 32 15 19
0.536405 0.135370 0.200550 24 0 0
0.540726 0.139749 0.200960 104 48 59
0.541602 0.143556 0.199373 126 114 118
0.540685 0.145568 0.199666 65 70 61
0.543993 0.151007 0.197127 36 0 7
0.543510 0.155114 0.198282 42 0 0
0.544563 0.158698 0.197113 44 0 0
0.552009 0.170463 0.194002 33 39 33
0.554087 0.176350 0.193957 21 0 0
0.555414 0.177678 0.193919 13 0 0
0.557475 0.185591 0.190723 0 2 16
0.431261 -0.116768 0.241111 157 178 180
0.441323 -0.091228 0.235781 164 182 185
0.461165 -0.044646 0.229351 170 200 234
0.474667 -0.009003 0.222632 128 105 79
0.477892 0.000458 0.220730 135 160 173
0.481337 0.003051 0.220547 138 165 170
0.483058 0.005678 0.220984 138 113 104
0.485071 0.015804 0.219059 178 198 231
0.488871 0.022129 0.216144 178 167 164
0.491815 0.029784 0.218440 164 180 196
0.496049 0.038514 0.214399 172 152 155
0.500714 0.055230 0.212374 87 86 109
0.505892 0.070521 0.209836 82 84 47
0.508030 0.074329 0.210390 84 81 77
0.509567 0.075809 0.209969 105 133 124
0.511003 0.080628 0.208430 81 98 85
0.513115 0.083050 0.209832 97 84 78
0.529706 0.124697 0.199997 37 31 37
0.530819 0.127762 0.199254 52 53 58
0.532744 0.129523 0.200790 65 62 68
0.533812 0.132431 0.199394 105 97 104
0.535199 0.136419 0.197417 86 79 87
0.535936 0.140589 0.197275 92 94 100
0.536089 0.142761 0.197944 103 127 128
0.537670 0.146337 0.197788 64 70 94
0.548930 0.170349 0.193674 27 37 28
0.446314 -0.076739 0.230757 162 177 183
0.457417 -0.045887 0.226998 126 118 69
0.457532 -0.044175 0.227012 180 176 98
0.459936 -0.041462 0.225375 175 190 171
0.460592 -0.038165 0.223764 171 178 134
0.463573 -0.032585 0.222722 170 185 213
0.463734 -0.029783 0.225451 188 183 181
0.465987 -0.025791 0.222456 174 162 153
0.466812 -0.022690 0.222120 173 173 169
0.467499 -0.021133 0.222461 169 177 170
0.470569 -0.018470 0.221581 185 223 255
0.471054 -0.013300 0.220094 172 127 64
0.472460 -0.011224 0.218968 170 133 82
0.473077 -0.006631 0.220399 198 162 146
0.477823 -0.003299 0.219809 158 178 200
0.477015 0.004177 0.217377 150 178 199
0.493013 0.039242 0.212833 127 80 98
0.495726 0.041773 0.211824 110 65 84
0.504086 0.064364 0.207098 124 122 119
0.504441 0.068166 0.206024 68 70 74
0.504844 0.068318 0.206597 123 78 62
0.505996 0.072900 0.208129 89 111 104
0.508616 0.077357 0.206525 93 110 103
0.508619 0.080868 0.205908 60 81 69
0.518963 0.107761 0.201792 104 129 100
0.519893 0.111599 0.200496 115 132 100
0.520880 0.112906 0.199918 111 128 95
0.528183 0.123771 0.198264 52 49 50
0.528644 0.126071 0.197563 56 50 51
0.529084 0.130267 0.195920 40 44 38
0.530563 0.133239 0.197209 46 68 78
0.533071 0.138275 0.193505 20 4 25
0.533819 0.139845 0.195828 49 41 43
0.538155 0.153382 0.193076 35 33 31
0.538664 0.155930 0.192503 16 21 19
0.545008 0.162941 0.190893 35 53 36
0.545922 0.173658 0.190447 63 79 80
0.453543 -0.052401 0.225897 148 169 175
0.454276 -0.049259 0.224728 127 143 148
0.456099 -0.045045 0.224350 49 42 21
0.454998 -0.043572 0.224430 110 117 71
0.461878 -0.028045 0.222875 182 201 240
0.463883 -0.022256 0.221094 185 229 253
0.475209 0.002131 0.218111 176 199 212
0.487816 0.036747 0.211186 153 187 200
0.492229 0.048617 0.208744 51 9 17
0.494893 0.050556 0.207598 112 95 89
0.495693 0.056448 0.208021 59 0 31
0.498577 0.062922 0.204468 179 109 130
0.502039 0.067996 0.205006 83 89 81
0.503018 0.070147 0.205114 85 76 78
0.508524 0.084259 0.201753 34 50 15
0.512336 0.095927 0.199628 106 141 86
0.513113 0.097428 0.199608 109 138 90
0.513705 0.100795 0.199487 118 145 98
0.517926 0.107749 0.198505 145 144 108
0.519875 0.112151 0.199596 113 141 88
0.521443 0.114574 0.196358 86 105 71
0.523320 0.119918 0.194580 21 36 15
0.527703 0.130278 0.196070 12 29 23
0.531532 0.136876 0.192982 53 37 5
0.531759 0.140299 0.194212 30 28 33
0.536614 0.155411 0.190698 29 32 23
0.537983 0.158123 0.190786 40 33 53
0.543021 0.166831 0.186930 32 45 48
0.545039 0.170649 0.186830 89 104 121
0.545708 0.174376 0.187472 98 124 133
0.545655 0.178536 0.187097 0 17 25
0.439171 -0.079356 0.228001 171 185 190
0.449271 -0.053143 0.225144 181 190 193
0.451371 -0.049530 0.224061 159 167 181
0.452982 -0.045231 0.222901 199 196 186
0.453449 -0.039388 0.221367 202 157 134
0.455804 -0.033817 0.218832 123 122 135
0.469136 -0.004233 0.216203 160 162 167
0.490850 0.044370 0.205490 166 198 193
0.493189 0.051354 0.205778 138 127 141
0.500109 0.065784 0.202876 114 96 90
0.499623 0.069835 0.202649 0 22 0
0.502588 0.080229 0.199468 0 36 34
0.510054 0.095096 0.198206 86 128 77
0.511716 0.097069 0.196758 79 104 43
0.516708 0.110603 0.196544 161 214 91
0.518805 0.116524 0.196342 39 55 32
0.521908 0.119423 0.194249 0 3 0
0.527946 0.138723 0.191356 41 56 51
0.528160 0.141786 0.189795 32 59 49
0.534001 0.150957 0.188432 25 22 3
0.535998 0.157963 0.188776 12 15 22
0.542108 0.172218 0.184776 6 12 15
0.446548 -0.056317 0.221139 172 193 200
0.500775 0.080063 0.199321 37 33 0
0.505962 0.094078 0.194080 80 98 57
0.512788 0.105289 0.191842 108 162 34
0.514306 0.112100 0.193123 185 208 163
0.446894 -0.049926 0.218073 171 215 221
0.453330 -0.031517 0.213207 124 138 143
0.480699 0.036179 0.203899 43 43 45
0.495039 0.073734 0.195181 43 50 45
0.503557 0.091342 0.195038 94 115 72
0.506484 0.096577 0.191050 173 192 177
0.506596 0.099244 0.193699 36 72 0
0.510496 0.106805 0.189485 215 229 205
0.543663 0.187669 0.178015 53 47 50
0.488591 0.058402 0.195680 38 55 51
0.490590 0.066891 0.196956 43 34 43
0.491053 0.071068 0.193749 37 37 27
0.523380 0.145140 0.181620 64 71 67
0.531920 0.172997 0.172997 121 145 154
0.532556 0.177510 0.173643 168 195 202
0.533021 0.181765 0.172554 206 230 240
0.532638 0.181583 0.170714 147 176 194
0.534105 0.185573 0.171043 184 213 227
0.534176 0.187843 0.168959 162 185 195
0.536010 0.190599 0.169835 182 203 215
0.529777 0.180532 0.165751 76 92 97
0.534068 0.187704 0.165936 78 101 108
0.538419 0.196114 0.164545 220 244 255
0.529295 0.187830 0.163602 73 96 107
0.516744 0.162859 0.164586 79 97 103
0.516902 0.163904 0.163586 85 113 126
0.529250 0.192680 0.158837 89 96 102
0.529505 0.194547 0.160048 42 107 130
0.515238 0.161896 0.163515 127 150 152
0.576427 -0.089458 0.369543 77 99 125
0.576986 -0.089253 0.369631 75 102 121
0.577514 -0.083740 0.370820 61 93 113
0.575408 -0.091035 0.367943 91 120 144
0.574272 -0.086794 0.367525 69 109 127
0.574983 -0.083821 0.367120 75 83 102
0.568251 -0.092662 0.365512 95 138 159
0.570242 -0.090761 0.364695 107 119 139
0.570725 -0.084936 0.363691 84 126 138
0.562584 -0.100682 0.364144 96 142 165
0.562750 -0.100120 0.364738 97 147 170
0.565395 -0.094010 0.364348 29 78 135
0.570240 -0.085266 0.362699 90 131 156
0.591297 -0.027376 0.347250 0 0 0
0.591515 -0.027176 0.346998 0 0 0
0.595068 -0.017010 0.348448 0 0 0
0.570007 -0.075271 0.353281 0 55 61
0.582971 -0.042670 0.347531 0 0 0
0.569315 -0.063441 0.350107 0 0 0
0.592148 -0.004686 0.336081 124 135 92
0.602609 0.022272 0.332516 152 159 144
0.559694 -0.080437 0.345749 32 30 20
0.561061 -0.076700 0.344517 41 56 34
0.561234 -0.073332 0.345429 41 40 36
0.562848 -0.071942 0.343843 44 20 15
0.588102 -0.010793 0.334113 120 138 133
0.598957 0.013958 0.329779 166 114 100
0.600349 0.019568 0.332668 183 182 157
0.558690 -0.079838 0.345422 27 43 39
0.561118 -0.075487 0.344323 51 45 28
0.560942 -0.073196 0.344426 49 38 35
0.586207 -0.009952 0.332393 130 125 91
0.593146 0.009011 0.331000 137 129 102
0.594066 0.008650 0.329228 154 117 92
0.602933 0.033296 0.327560 139 150 141
0.545830 -0.099973 0.344641 0 103 63
0.557772 -0.073076 0.341407 34 22 33
0.582722 -0.012518 0.331596 122 138 84
0.597361 0.025526 0.324726 145 145 124
0.596520 0.026744 0.323037 141 132 107
0.543021 -0.100945 0.344469 0 0 0
0.545882 -0.098350 0.342224 0 0 0
0.545869 -0.096223 0.341450 0 0 0
0.548287 -0.092257 0.341560 0 0 0
0.554571 -0.078858 0.339069 26 26 13
0.543271 -0.095413 0.336952 0 50 65
0.543026 -0.090146 0.337813 0 0 0
0.545194 -0.089127 0.338040 0 0 0
0.515452 -0.154200 0.345617 132 111 68
0.517910 -0.150627 0.344236 153 138 126
0.539209 -0.100370 0.338243 0 0 0
0.538564 -0.098792 0.337943 0 0 0
0.543075 -0.093669 0.336301 0 23 31
0.544218 -0.090378 0.336509 0 0 0
0.516698 -0.150695 0.343329 108 114 86
0.516771 -0.146630 0.342941 117 109 99
0.519848 -0.139305 0.340231 123 150 167
0.513763 -0.148326 0.341460 110 113 104
0.514061 -0.146072 0.337962 160 154 146
0.567080 -0.011563 0.312927 128 119 99
0.522960 -0.109437 0.328967 142 78 26
0.556169 -0.028547 0.315384 104 88 72
0.566314 -0.005439 0.312398 120 115 103
0.510861 -0.137586 0.329754 147 116 115
0.524280 -0.108288 0.325380 136 67 9
0.518970 -0.109632 0.321533 156 88 29
0.518611 -0.108504 0.318797 146 91 55
0.552355 -0.025744 0.306839 108 84 53
0.495321 -0.152557 0.323776 117 124 112
0.499242 -0.149868 0.325118 108 119 97
0.548157 -0.029956 0.304636 113 82 41
0.493591 -0.152421 0.321594 145 130 114
0.495010 -0.151093 0.323081 123 123 106
0.489213 -0.076987 0.273005 123 106 82
0.474244 -0.097160 0.271481 153 147 135
0.466571 -0.112201 0.271201 163 148 142
0.519055 0.026811 0.242386 127 146 150
0.518760 0.042266 0.231700 98 115 103
0.522121 0.052713 0.229205 105 133 150
0.445282 -0.128262 0.255628 176 179 180
0.515362 0.041976 0.227648 74 59 66
0.516775 0.045899 0.227131 71 57 58
0.537580 0.096430 0.216928 74 69 72
0.540233 0.106162 0.216850 76 79 80
0.564840 0.165364 0.204834 31 50 53
0.567928 0.172184 0.204002 131 143 150
0.570018 0.176322 0.203235 106 129 135
0.569360 0.179033 0.203690 106 126 133
0.459173 -0.086742 0.248349 171 181 160
0.463587 -0.077322 0.244790 155 170 177
0.465866 -0.069037 0.243296 146 174 183
0.511521 0.039084 0.224612 170 124 132
0.514281 0.047231 0.224305 186 193 212
0.514771 0.050536 0.223342 169 176 194
0.515047 0.051843 0.223417 159 181 201
0.516560 0.054565 0.221628 156 176 193
0.534208 0.097906 0.216990 73 62 61
0.535165 0.097658 0.215961 71 64 72
0.536223 0.107166 0.214028 91 43 48
0.538401 0.109022 0.214032 90 77 77
0.542670 0.113474 0.213930 111 117 119
0.541720 0.118637 0.212412 70 65 68
0.545639 0.125343 0.210397 101 102 110
0.548212 0.128907 0.209626 65 65 62
0.548146 0.132305 0.208715 37 26 21
0.550710 0.136335 0.208953 1 0 0
0.564820 0.166700 0.204797 41 43 42
0.564471 0.170651 0.201839 31 33 15
0.565584 0.172742 0.202534 53 59 57
0.568173 0.180180 0.201999 82 94 93
0.568977 0.182576 0.202526 98 112 120
0.572009 0.186227 0.201249 120 138 150
0.571056 0.188707 0.201300 104 131 145
0.573108 0.191472 0.200656 104 132 145
0.574874 0.196248 0.198808 104 127 138
0.434664 -0.137189 0.252736 159 179 175
0.440119 -0.131417 0.251036 159 172 174
0.510024 0.040265 0.222113 143 107 110
0.509396 0.042381 0.223399 136 86 89
0.511296 0.047008 0.222887 114 86 101
0.513098 0.049840 0.221889 156 127 141
0.514154 0.052386 0.220789 204 203 212
0.515300 0.056456 0.220344 154 173 194
0.516259 0.060121 0.219365 141 161 177
0.517599 0.062056 0.218028 176 149 152
0.521055 0.069555 0.218122 132 57 67
0.524350 0.078863 0.217291 208 204 220
0.531259 0.090812 0.215020 116 124 140
0.532128 0.097703 0.214390 59 56 54
0.534785 0.107306 0.211362 75 41 45
0.536401 0.109592 0.210605 36 36 35
0.541530 0.124952 0.209206 122 97 109
0.543880 0.126103 0.208461 115 115 127
0.545476 0.129523 0.208461 86 57 63
0.545489 0.132401 0.207295 116 97 108
0.547500 0.136812 0.205502 80 47 54
0.555474 0.152327 0.204691 115 102 94
0.557252 0.160238 0.201205 56 48 42
0.561853 0.170758 0.200939 8 0 0
0.563115 0.172001 0.200689 4 0 0
0.567898 0.186248 0.198736 19 30 43
0.570949 0.191948 0.196824 77 115 137
0.433270 -0.137137 0.252111 174 187 190
0.489218 0.000093 0.225374 162 176 185
0.508481 0.045434 0.220097 96 53 56
0.510531 0.050228 0.218678 106 43 55
0.510708 0.053155 0.218304 70 52 72
0.512910 0.056266 0.218154 154 140 150
0.514605 0.059617 0.217810 102 153 168
0.515465 0.062869 0.217688 162 166 163
0.525240 0.087878 0.210544 153 160 167
0.532937 0.107549 0.210751 108 89 96
0.537182 0.113962 0.206251 122 32 22
0.536957 0.117109 0.207201 154 119 127
0.538071 0.120914 0.205854 104 57 60
0.540889 0.124075 0.206302 108 66 70
0.542035 0.127007 0.205884 136 87 99
0.543908 0.130928 0.205502 149 129 138
0.544166 0.135257 0.203442 84 64 76
0.545203 0.136203 0.203857 74 46 57
0.546436 0.141616 0.204158 45 3 18
0.548243 0.142252 0.203365 65 25 31
0.553643 0.159218 0.201657 57 48 45
0.554662 0.160611 0.200710 26 32 22
0.559943 0.169412 0.198911 10 4 0
0.566116 0.187328 0.195624 17 32 35
0.484964 -0.002998 0.224541 163 187 198
0.487447 0.003969 0.223299 176 159 159
0.488906 0.007950 0.223767 150 138 137
0.490501 0.010655 0.222641 173 164 159
0.508834 0.050328 0.216135 87 41 53
0.510701 0.058572 0.214847 130 123 136
0.513236 0.061522 0.214760 139 170 185
0.514722 0.066075 0.211801 136 0 30
0.520284 0.080867 0.211546 159 180 195
0.523010 0.087993 0.209627 144 158 173
0.524092 0.088996 0.209364 139 148 164
0.530892 0.103847 0.206469 72 19 19
0.537435 0.120560 0.205217 100 22 33
0.538966 0.125002 0.203203 145 116 123
0.539298 0.127125 0.202559 111 101 109
0.541976 0.131506 0.202425 94 50 58
0.542431 0.132466 0.202544 59 36 37
0.541795 0.139178 0.201389 96 0 26
0.543783 0.141967 0.199577 66 34 48
0.546453 0.143717 0.197990 80 39 35
0.548167 0.148974 0.198564 65 0 6
0.548985 0.150062 0.198623 65 0 4
0.551156 0.154077 0.197902 41 4 7
0.552012 0.158033 0.198124 87 79 79
0.552117 0.160129 0.199359 25 38 31
0.561201 0.175049 0.194854 23 24 16
0.558970 0.177157 0.195999 21 9 5
0.559479 0.182888 0.193659 29 40 10
0.468862 -0.041461 0.228128 164 179 195
0.468021 -0.039243 0.227809 166 183 196
0.479545 -0.011323 0.223047 166 187 202
0.481303 -0.009571 0.222367 162 186 199
0.483078 -0.005390 0.223501 170 182 196
0.483595 -0.000608 0.222173 155 143 144
0.484290 0.001126 0.222493 155 137 132
0.485978 0.004468 0.221366 168 144 141
0.487340 0.007235 0.220890 192 169 169
0.489696 0.012069 0.221692 179 166 163
0.490956 0.014300 0.218807 174 168 163
0.494875 0.024926 0.216969 153 172 183
0.495908 0.026775 0.215553 149 165 180
0.517533 0.080916 0.208742 107 119 125
0.520841 0.087928 0.207347 119 130 138
0.528700 0.105416 0.205184 139 90 100
0.532299 0.113669 0.201431 70 1 5
0.532502 0.117227 0.201145 50 51 55
0.534047 0.121071 0.201155 37 42 44
0.535809 0.124167 0.200276 59 31 38
0.536585 0.127480 0.199696 21 4 6
0.538173 0.132817 0.197818 23 0 0
0.538577 0.134515 0.198353 59 0 0
0.541731 0.137697 0.197864 110 81 99
0.542221 0.140230 0.197865 124 113 121
0.544161 0.145458 0.196663 104 82 85
0.543396 0.148894 0.196627 41 18 16
0.545423 0.151123 0.197202 68 34 41
0.546935 0.154799 0.197106 43 1 1
0.549032 0.157672 0.196355 68 0 0
0.552929 0.168456 0.191878 44 41 15
0.555465 0.173939 0.191892 30 0 0
0.555143 0.178078 0.192226 9 0 0
0.461148 -0.048758 0.226871 163 157 87
0.465575 -0.039198 0.226205 173 189 208
0.469958 -0.029889 0.224212 172 118 46
0.471589 -0.026872 0.222059 171 117 48
0.480519 -0.000794 0.219534 132 164 185
0.483820 0.005628 0.220225 166 155 149
0.484191 0.007528 0.217489 182 160 147
0.490516 0.021250 0.215465 160 157 161
0.512870 0.077343 0.207630 95 91 83
0.514116 0.082196 0.205875 145 133 120
0.515949 0.085095 0.203277 98 53 25
0.519028 0.087781 0.204908 115 129 125
0.529099 0.115031 0.199287 17 36 39
0.529980 0.118397 0.200279 47 71 71
0.531149 0.121845 0.197618 45 43 45
0.532818 0.130275 0.196989 6 45 56
0.537363 0.131393 0.196863 55 26 29
0.537420 0.134329 0.195993 85 83 91
0.537332 0.138024 0.195992 111 98 106
0.543106 0.146103 0.193349 0 1 0
0.542276 0.148740 0.195567 21 0 5
0.552041 0.168196 0.191179 38 27 16
0.554385 0.179234 0.189927 17 0 0
0.459719 -0.047899 0.224791 126 117 66
0.460559 -0.045313 0.223931 154 159 151
0.461599 -0.041422 0.225354 179 190 185
0.462416 -0.038114 0.223009 175 191 186
0.465309 -0.035116 0.222692 175 184 168
0.466377 -0.031519 0.221736 174 152 112
0.467453 -0.028272 0.220716 181 138 123
0.468838 -0.026289 0.218775 150 174 89
0.469461 -0.021178 0.221312 192 175 152
0.472836 -0.019182 0.218754 182 144 87
0.472969 -0.014521 0.217748 177 134 52
0.473772 -0.010846 0.218279 177 132 68
0.475223 -0.008927 0.218517 187 126 82
0.475683 -0.005826 0.216800 177 172 182
0.480159 0.002388 0.218208 145 132 148
0.481173 0.006211 0.217198 163 157 144
0.483956 0.012053 0.212617 159 188 216
0.492465 0.032656 0.211801 155 143 158
0.495586 0.039402 0.209639 113 62 79
0.494486 0.043022 0.209296 147 84 100
0.505196 0.067625 0.205479 124 75 61
0.507848 0.071247 0.205723 102 45 47
0.511293 0.077439 0.202890 72 130 88
0.511849 0.083076 0.203137 83 99 66
0.512576 0.084589 0.202393 53 56 46
0.529599 0.119752 0.196908 63 70 74
0.529714 0.121801 0.196600 56 56 59
0.532329 0.128638 0.195032 24 41 36
0.536153 0.142141 0.192894 16 7 36
0.540787 0.151767 0.191095 47 51 45
0.547624 0.169826 0.188267 36 42 26
0.456056 -0.051118 0.221486 140 150 147
0.457802 -0.046768 0.222081 76 73 60
0.458727 -0.045108 0.222233 118 106 65
0.464130 -0.036323 0.220062 176 185 170
0.463414 -0.031442 0.220372 199 249 230
0.466889 -0.023961 0.219617 138 160 202
0.469051 -0.020913 0.217769 174 167 127
0.470829 -0.014684 0.216863 187 115 36
0.471595 -0.012102 0.216532 161 148 44
0.482508 0.011805 0.211866 165 157 160
0.489054 0.028278 0.210166 174 178 193
0.496463 0.050956 0.205441 73 52 73
0.496632 0.051483 0.205370 98 35 72
0.499704 0.055103 0.204693 103 86 112
0.503668 0.064216 0.204686 34 16 0
0.514295 0.092545 0.196430 71 93 50
0.517495 0.104488 0.195999 108 137 91
0.519789 0.110651 0.194959 78 157 65
0.522501 0.113718 0.194897 95 120 94
0.524186 0.119634 0.194256 26 33 18
0.545739 0.167430 0.183355 38 55 60
0.453012 -0.054902 0.219938 171 181 192
0.455781 -0.049674 0.219137 197 183 165
0.460498 -0.037621 0.216569 241 190 107
0.486132 0.032198 0.205077 151 157 171
0.496903 0.051401 0.202486 114 70 94
0.499269 0.063859 0.201757 131 148 145
0.500422 0.066289 0.200785 76 93 92
0.502521 0.069319 0.201271 124 80 66
0.507181 0.085343 0.196137 29 37 6
0.513246 0.089353 0.195861 53 72 30
0.513947 0.093215 0.195524 83 108 52
0.513539 0.095540 0.195253 102 125 71
0.515343 0.099125 0.195995 78 104 64
0.516679 0.103465 0.195481 110 139 103
0.518553 0.106440 0.193384 103 134 96
0.519459 0.110577 0.194457 84 101 75
0.521720 0.112547 0.191832 77 184 114
0.529424 0.134503 0.188108 74 97 81
0.529973 0.137389 0.188385 113 125 108
0.534924 0.147968 0.185501 7 7 3
0.546862 0.173467 0.181170 27 44 47
0.447648 -0.058191 0.217007 175 212 224
0.472994 -0.001493 0.209320 62 155 216
0.500836 0.071725 0.197860 0 0 0
0.508240 0.088797 0.195697 124 154 96
0.512873 0.097958 0.192751 111 143 99
0.514416 0.103786 0.193006 150 168 129
0.514343 0.106625 0.191378 132 156 118
0.540120 0.167810 0.181042 11 15 14
0.547659 0.187263 0.178355 37 31 33
0.503983 0.084550 0.192818 76 96 0
0.494543 0.065597 0.191524 45 52 51
0.496417 0.071842 0.191328 28 42 39
0.479567 0.038186 0.194193 138 143 130
0.533164 0.171822 0.170295 115 138 148
0.536601 0.180958 0.168677 225 200 178
0.532932 0.170131 0.169440 82 109 119
0.532939 0.171913 0.170014 67 92 103
0.535136 0.176868 0.168492 216 198 206
0.534548 0.179494 0.168865 164 196 214
0.543342 0.197743 0.163880 121 121 126
0.512006 0.131947 0.169784 255 255 255
0.509132 0.132945 0.166200 84 99 123
0.664017 0.093611 0.345401 127 135 162
0.662068 0.091499 0.344815 135 151 145
0.660189 0.097843 0.338555 144 152 144
0.593087 -0.025538 0.346209 0 0 0
0.596550 -0.021910 0.345876 0 0 0
0.570729 -0.076947 0.353149 0 52 61
0.584237 -0.045525 0.344847 0 0 0
0.584978 -0.044631 0.344891 0 0 0
0.587300 -0.039480 0.343939 0 0 0
0.590484 -0.030564 0.345495 0 0 0
0.591796 -0.026964 0.344298 0 0 0
0.597481 -0.018699 0.342207 0 0 0
0.582947 -0.045591 0.344970 0 0 0
0.584921 -0.043470 0.344073 0 0 0
0.585925 -0.039938 0.343065 0 0 0
0.565474 -0.077225 0.345602 84 56 58
0.565921 -0.074679 0.346175 99 16 31
0.569911 -0.069534 0.347000 0 0 0
0.593999 -0.008581 0.334048 125 129 114
0.611856 0.029475 0.328292 141 134 106
0.561618 -0.080048 0.344937 28 28 29
0.562289 -0.078267 0.343591 49 47 36
0.563660 -0.073005 0.344418 52 21 63
0.591920 -0.007176 0.332909 131 138 125
0.555118 -0.094464 0.343359 0 0 0
0.555094 -0.092273 0.343347 0 0 0
0.560668 -0.080511 0.342752 28 28 29
0.589320 -0.009859 0.330514 129 119 68
0.594628 0.008056 0.326939 149 131 113
0.604531 0.026121 0.322919 157 143 124
0.549623 -0.093212 0.341395 0 0 0
0.548490 -0.096113 0.340596 0 0 0
0.549567 -0.092844 0.340610 0 0 0
0.549876 -0.091309 0.339909 0 0 0
0.547118 -0.092571 0.337355 0 0 0
0.548427 -0.090009 0.335149 0 0 0
0.582855 -0.007085 0.321726 145 134 112
0.588438 0.004849 0.320422 230 172 98
0.587267 0.005885 0.317650 143 133 119
0.519388 -0.155407 0.342753 126 113 112
0.518597 -0.150396 0.343052 98 93 87
0.526252 -0.139677 0.343015 0 0 0
0.543912 -0.093938 0.334623 0 39 37
0.544172 -0.093673 0.334521 0 24 28
0.551304 -0.077623 0.328941 0 0 0
0.516314 -0.154847 0.340047 144 141 130
0.517600 -0.151584 0.341747 119 118 104
0.518486 -0.149998 0.340612 54 103 103
0.577561 -0.009879 0.317044 149 111 73
0.578747 -0.005419 0.315666 141 119 91
0.513771 -0.154651 0.338181 130 128 118
0.515605 -0.152136 0.338458 131 131 128
0.518472 -0.140871 0.336042 159 129 113
0.521297 -0.138720 0.336758 140 134 131
0.511956 -0.154978 0.335699 142 142 133
0.513428 -0.150512 0.334741 141 136 126
0.521475 -0.129948 0.334244 160 151 137
0.514282 -0.135542 0.328936 108 119 96
0.524309 -0.107546 0.322808 132 65 27
0.504221 -0.155527 0.326495 115 140 142
0.503740 -0.154085 0.327729 116 141 142
0.522133 -0.108364 0.322094 151 56 12
0.502430 -0.155022 0.324719 114 130 121
0.504518 -0.146655 0.323295 141 126 103
0.504835 -0.136449 0.319526 110 103 99
0.506704 -0.135767 0.319502 95 96 99
0.518465 -0.109031 0.316051 140 121 95
0.499612 -0.138460 0.315123 117 124 128
0.494356 -0.146722 0.314740 120 121 106
0.492430 -0.113137 0.292744 151 112 82
0.513034 -0.057954 0.279679 142 141 137
0.514125 -0.053325 0.278722 143 133 113
0.510279 -0.053786 0.273574 143 150 127
0.514417 -0.046073 0.271741 147 133 117
0.467630 -0.129725 0.275512 90 84 76
0.466597 -0.129266 0.273876 115 100 77
0.468637 -0.119345 0.273017 81 78 63
0.468953 -0.116036 0.271607 95 87 73
0.526105 0.025487 0.242015 131 147 157
0.487979 -0.063196 0.256208 136 141 145
0.525166 0.024246 0.242237 109 129 129
0.488171 -0.035846 0.243652 132 150 163
0.517267 0.033094 0.229256 144 124 81
0.555201 0.134556 0.207772 41 51 51
0.560247 0.147226 0.206726 107 116 121
0.567909 0.164975 0.203971 94 111 121
0.570865 0.175719 0.202447 109 126 134
0.571267 0.177505 0.202222 108 125 132
0.581748 0.202369 0.197120 107 125 134
0.443512 -0.132928 0.252543 167 182 184
0.443664 -0.129597 0.252329 165 176 178
0.516250 0.047129 0.221905 192 194 207
0.517243 0.051250 0.221217 196 211 221
0.542041 0.106005 0.213057 69 76 72
0.544654 0.119107 0.209702 65 59 64
0.547148 0.120925 0.210068 88 96 96
0.547992 0.124939 0.208760 71 79 83
0.548185 0.127524 0.207951 26 39 38
0.551897 0.130034 0.209309 81 87 93
0.559882 0.150209 0.206017 84 89 95
0.560927 0.154208 0.205372 98 102 105
0.565764 0.165184 0.200351 38 26 19
0.566430 0.167972 0.202048 43 41 34
0.567366 0.170758 0.202418 25 35 44
0.570119 0.174666 0.200577 52 69 78
0.570506 0.177812 0.199337 23 35 50
0.571702 0.180006 0.199041 11 29 48
0.574436 0.184179 0.199027 112 134 143
0.575713 0.189190 0.198371 104 128 136
0.576764 0.189780 0.197969 117 140 151
0.577291 0.193547 0.196903 116 128 149
0.578468 0.196337 0.194664 141 175 190
0.438634 -0.134181 0.250789 163 180 181
0.441512 -0.132816 0.249720 166 182 180
0.442217 -0.129187 0.247848 171 183 180
0.512646 0.041343 0.222006 153 121 126
0.513713 0.044626 0.219464 147 105 113
0.515156 0.048720 0.218906 145 99 117
0.516883 0.050782 0.218714 158 159 183
0.518560 0.054607 0.217121 151 170 190
0.518439 0.059360 0.216674 162 169 186
0.519515 0.061252 0.216117 164 126 137
0.537707 0.098524 0.210963 62 58 68
0.539393 0.107640 0.207661 97 65 72
0.544428 0.117820 0.208102 63 59 59
0.545148 0.122765 0.207060 107 113 121
0.546232 0.126168 0.204963 54 6 15
0.548588 0.127423 0.205840 41 44 48
0.551207 0.135302 0.205697 0 6 0
0.551609 0.138694 0.202828 5 0 0
0.558504 0.156024 0.199354 38 28 26
0.558416 0.158002 0.199762 41 32 39
0.562434 0.166762 0.200024 49 34 1
0.563371 0.167795 0.199248 58 51 34
0.566174 0.175950 0.197274 9 17 8
0.437704 -0.137036 0.248831 172 190 194
0.438741 -0.131973 0.246277 173 184 189
0.512738 0.046320 0.216117 110 67 73
0.512817 0.048657 0.216088 108 59 72
0.514589 0.051369 0.214759 77 112 109
0.516048 0.055988 0.215149 218 156 164
0.516387 0.057525 0.214304 205 188 181
0.517415 0.061879 0.214819 146 117 120
0.521519 0.068041 0.211649 134 101 107
0.525190 0.081194 0.210528 147 145 162
0.528089 0.085655 0.209484 140 157 168
0.532734 0.100869 0.206174 60 23 28
0.538201 0.113137 0.207159 135 70 73
0.540294 0.115951 0.204170 163 150 159
0.540600 0.117961 0.203300 222 192 205
0.544609 0.126210 0.203994 179 164 180
0.545527 0.128840 0.203260 207 211 221
0.545804 0.131981 0.202198 202 212 225
0.548181 0.136987 0.200991 73 40 63
0.548834 0.137601 0.201010 70 42 43
0.551323 0.146666 0.199286 138 136 145
0.552272 0.149344 0.199140 173 135 138
0.554468 0.153117 0.198644 61 6 10
0.555566 0.154322 0.198351 62 11 16
0.557252 0.158618 0.198963 64 49 41
0.567298 0.187566 0.193429 8 9 0
0.436768 -0.129938 0.244900 167 182 185
0.446008 -0.107977 0.238416 159 170 172
0.466427 -0.059935 0.233850 155 174 192
0.470806 -0.044517 0.228808 170 184 204
0.473361 -0.037312 0.227509 171 191 207
0.478584 -0.030263 0.225647 178 179 185
0.490795 0.003295 0.221245 157 163 161
0.507550 0.039916 0.216350 136 125 134
0.511382 0.052780 0.213243 111 66 68
0.517285 0.063622 0.212565 97 23 22
0.517302 0.065982 0.210845 156 48 43
0.522703 0.079125 0.208167 184 171 184
0.524552 0.085671 0.208176 156 166 173
0.526125 0.088731 0.208355 159 164 178
0.528295 0.091839 0.205246 172 156 176
0.532626 0.100408 0.205029 89 34 43
0.532442 0.101300 0.205923 74 20 25
0.536498 0.110241 0.201819 80 28 38
0.535904 0.112002 0.200961 153 129 142
0.538749 0.117115 0.203376 173 175 188
0.538297 0.118412 0.201631 194 214 225
0.540705 0.124159 0.202046 148 121 124
0.540849 0.126383 0.199959 127 103 113
0.541365 0.128763 0.200213 167 76 93
0.545438 0.133235 0.198366 92 41 50
0.544957 0.138141 0.199306 64 44 57
0.547767 0.140176 0.198291 100 70 82
0.547736 0.142215 0.197823 114 98 104
0.549112 0.145777 0.197629 83 46 46
0.551659 0.147340 0.196636 102 97 106
0.553592 0.151059 0.196992 71 0 0
0.553168 0.156501 0.194970 63 0 0
0.557118 0.166004 0.192096 5 0 28
0.434651 -0.131576 0.240388 175 190 190
0.437553 -0.124895 0.241387 173 184 188
0.472302 -0.040205 0.226454 170 187 200
0.472743 -0.036861 0.225735 183 193 200
0.474463 -0.032909 0.227023 172 186 195
0.476761 -0.028148 0.225262 171 188 235
0.482619 -0.010954 0.221724 166 185 194
0.486377 -0.001156 0.221229 159 150 146
0.489825 0.007084 0.219278 179 167 158
0.492343 0.009883 0.216505 160 151 130
0.494665 0.021359 0.216494 151 164 171
0.497279 0.023496 0.215694 144 165 176
0.499433 0.025328 0.215170 155 160 179
0.499340 0.029359 0.216260 145 153 176
0.514273 0.067349 0.209313 102 56 60
0.521846 0.079792 0.205347 135 100 103
0.521741 0.084702 0.206947 165 190 195
0.521047 0.086710 0.204335 122 136 143
0.531840 0.108994 0.198810 105 81 86
0.533085 0.114441 0.200630 64 44 49
0.535104 0.116815 0.199623 69 70 80
0.536229 0.119653 0.199525 61 68 77
0.537524 0.122559 0.197538 46 27 31
0.539591 0.126425 0.198648 85 70 80
0.539879 0.129474 0.198528 95 63 63
0.542686 0.132902 0.196120 143 110 106
0.544333 0.137573 0.196516 126 123 131
0.543927 0.139222 0.196839 101 118 133
0.546766 0.143720 0.195735 130 127 128
0.547783 0.147273 0.194234 4 0 17
0.556339 0.164413 0.191729 57 53 63
0.556352 0.165136 0.191700 43 39 47
0.563833 0.188807 0.188285 71 80 70
0.441253 -0.111294 0.234872 170 181 185
0.445359 -0.101526 0.234677 162 178 180
0.459355 -0.059518 0.226980 160 173 160
0.464877 -0.046781 0.223320 165 180 198
0.465974 -0.043140 0.224870 163 187 211
0.469208 -0.037337 0.221629 179 180 172
0.471742 -0.029699 0.220843 173 125 62
0.473257 -0.026134 0.221375 173 127 64
0.475492 -0.021139 0.218734 170 130 76
0.479805 -0.014248 0.219542 174 195 219
0.480419 -0.011668 0.216785 203 186 168
0.483102 -0.005579 0.217876 155 182 206
0.486593 0.002953 0.216114 174 200 204
0.488329 0.008743 0.214990 180 163 158
0.492431 0.014130 0.214131 167 185 197
0.493012 0.019976 0.215456 163 177 189
0.495568 0.025816 0.213246 163 173 189
0.497383 0.030587 0.210674 159 141 151
0.497981 0.037530 0.210560 149 134 146
0.516558 0.072192 0.204204 122 45 34
0.517319 0.076355 0.204232 149 55 52
0.519246 0.084808 0.202853 86 116 125
0.521170 0.085174 0.202453 110 133 139
0.521108 0.089797 0.199961 102 111 109
0.530713 0.111035 0.195965 51 50 50
0.530828 0.114925 0.197450 40 33 38
0.533049 0.117272 0.197414 56 64 69
0.532963 0.120497 0.197345 55 82 88
0.535899 0.122576 0.195430 77 93 97
0.534750 0.126559 0.195097 57 0 63
0.537839 0.130603 0.194471 81 73 84
0.537962 0.132780 0.195422 134 180 194
0.541737 0.137520 0.194162 36 38 26
0.543199 0.144856 0.192492 0 1 0
0.432157 -0.122499 0.234130 164 183 182
0.460941 -0.053888 0.221688 110 122 122
0.462970 -0.049229 0.222696 120 135 129
0.463604 -0.047650 0.220217 169 168 111
0.465371 -0.042512 0.218833 146 169 202
0.465744 -0.038271 0.219705 167 188 183
0.468147 -0.036301 0.220445 170 160 140
0.469242 -0.033117 0.219197 179 125 68
0.470897 -0.029372 0.219141 169 126 68
0.470463 -0.024756 0.217576 219 142 60
0.472760 -0.022298 0.217006 182 123 63
0.474342 -0.020624 0.216914 183 124 60
0.475439 -0.016073 0.216483 175 133 77
0.476979 -0.011791 0.215634 191 149 82
0.479619 -0.009728 0.215088 180 142 65
0.479784 -0.007074 0.215902 172 160 114
0.483604 0.000900 0.212924 161 163 171
0.505166 0.055642 0.205728 43 46 61
0.519455 0.087083 0.199628 76 87 83
0.522137 0.099181 0.195523 31 37 33
0.523562 0.100793 0.195714 30 32 34
0.527379 0.107774 0.194497 19 19 5
0.527544 0.109982 0.194142 24 24 7
0.529943 0.114460 0.192777 31 8 24
0.531865 0.118312 0.194521 55 65 73
0.532032 0.120532 0.193277 55 34 43
0.534789 0.127513 0.192613 34 22 38
0.537016 0.129775 0.192384 48 33 41
0.457529 -0.052331 0.220700 131 147 152
0.460765 -0.048385 0.219677 86 85 55
0.461007 -0.046299 0.219753 112 106 45
0.464981 -0.036853 0.215572 128 255 255
0.471225 -0.023070 0.214663 195 130 48
0.476751 -0.009713 0.212788 182 117 32
0.478926 -0.004758 0.211638 214 199 134
0.480055 -0.003527 0.210826 166 185 202
0.479041 0.002193 0.210922 181 177 153
0.485129 0.012281 0.210762 148 184 211
0.490705 0.021520 0.207724 163 166 184
0.498975 0.051308 0.202746 112 127 142
0.503571 0.053904 0.202569 57 94 117
0.520733 0.099369 0.194476 38 46 37
0.524890 0.107506 0.193303 18 30 9
0.525759 0.111200 0.192079 97 111 95
0.527386 0.114525 0.191713 46 53 47
0.539887 0.147887 0.187601 24 34 32
0.545630 0.163394 0.182892 31 26 20
0.551939 0.176951 0.182881 48 57 59
0.455507 -0.055259 0.218993 148 170 173
0.457113 -0.052554 0.218009 164 168 149
0.456419 -0.049908 0.215363 193 203 235
0.459409 -0.039118 0.216119 162 187 88
0.479585 0.000134 0.208125 189 179 119
0.481636 0.008651 0.207970 151 242 255
0.492831 0.038767 0.201702 150 152 168
0.497106 0.044207 0.200944 87 25 41
0.495700 0.047218 0.199572 0 23 0
0.505056 0.063325 0.197050 113 82 93
0.514608 0.090651 0.194606 74 78 49
0.515241 0.094217 0.194835 79 100 62
0.519432 0.100480 0.191482 62 81 66
0.519134 0.105448 0.191614 86 105 74
0.524586 0.116046 0.188079 65 70 43
0.495127 0.053017 0.197647 21 40 0
0.501962 0.065468 0.196751 72 112 130
0.513797 0.096568 0.191614 210 235 189
0.516538 0.103833 0.187302 211 242 206
0.516402 0.104985 0.188476 75 92 72
0.449723 -0.056959 0.211683 182 196 192
0.516759 0.104857 0.185356 203 234 116
0.491478 0.054772 0.190210 44 43 39
0.494028 0.057998 0.191876 50 40 50
0.493626 0.058145 0.188320 78 66 71
0.508713 0.096384 0.183958 23 21 0
0.482474 0.050331 0.186032 59 37 28
0.529633 0.184452 0.154021 87 102 108
0.665289 0.079712 0.350679 110 110 103
0.666533 0.082718 0.349234 125 125 114
0.663554 0.082657 0.346672 123 114 101
0.664513 0.084443 0.345514 150 146 143
0.664425 0.087528 0.343742 139 136 132
0.662252 0.085633 0.342075 128 124 111
0.663949 0.088388 0.343660 141 135 130
0.660544 0.085988 0.340368 127 125 115
0.659459 0.089437 0.339235 129 131 123
0.658976 0.090081 0.337844 130 131 118
0.658639 0.091701 0.338083 132 141 125
0.655355 0.086430 0.334476 122 113 87
0.655701 0.088904 0.335855 122 128 99
0.594742 -0.029634 0.343347 0 0 0
0.598380 -0.021618 0.343266 0 0 0
0.585149 -0.046658 0.344073 0 0 0
0.593460 -0.029995 0.342129 0 0 0
0.599818 -0.015216 0.340183 0 0 0
0.572163 -0.072245 0.345469 0 0 0
0.585722 -0.041552 0.341397 0 0 0
0.597297 -0.011718 0.335344 99 118 120
0.607143 0.010957 0.332238 103 124 111
0.612898 0.028184 0.328891 135 157 139
0.615045 0.029108 0.331118 153 144 124
0.594280 -0.015799 0.334339 119 102 73
0.595957 -0.013093 0.333265 110 119 102
0.612039 0.025557 0.328086 155 161 144
0.591771 -0.016151 0.332839 145 118 72
0.595205 -0.004862 0.328333 133 129 81
0.597512 -0.002001 0.329207 135 123 98
0.557379 -0.092822 0.343008 0 0 0
0.595610 -0.006438 0.326742 106 120 100
0.606021 0.024336 0.322707 156 143 137
0.552577 -0.093202 0.336715 0 0 0
0.552806 -0.092265 0.336437 0 0 0
0.548781 -0.094207 0.333112 0 36 37
0.551488 -0.091182 0.333050 0 0 0
0.552700 -0.085948 0.333162 0 0 0
0.552784 -0.084933 0.332990 0 0 0
0.527046 -0.138088 0.339229 0 0 0
0.547066 -0.094454 0.330603 0 26 33
0.553426 -0.077650 0.328835 0 0 0
0.588239 0.004276 0.314365 142 120 76
0.518941 -0.155410 0.337870 145 142 135
0.518884 -0.154151 0.337318 143 141 133
0.524071 -0.145357 0.337217 145 142 141
0.524643 -0.143690 0.337720 181 186 189
0.525043 -0.139577 0.336775 112 104 86
0.580248 -0.006442 0.311951 145 136 109
0.581684 -0.001515 0.313299 137 125 106
0.517823 -0.155213 0.336874 128 134 130
0.517965 -0.153591 0.337267 144 146 140
0.578873 -0.009142 0.311407 151 109 79
0.514563 -0.155715 0.333024 138 139 133
0.516787 -0.150337 0.333713 135 140 132
0.505421 -0.156824 0.326443 121 150 138
0.506827 -0.144388 0.322122 145 126 97
0.504040 -0.148764 0.318314 164 108 59
0.500437 -0.154361 0.317933 164 118 75
0.578049 0.086070 0.257785 28 42 55
0.578562 0.091743 0.254532 133 144 142
0.513188 -0.066553 0.277470 138 118 84
0.513540 -0.062346 0.279369 153 138 110
0.512427 -0.061027 0.275611 144 142 127
0.514012 -0.055759 0.271366 129 133 124
0.527742 0.024715 0.242794 140 150 160
0.526997 0.030017 0.238735 111 134 133
0.524864 0.027023 0.235769 138 164 178
0.524587 0.027598 0.233417 145 162 176
0.488695 -0.047436 0.244860 133 146 151
0.578136 0.174096 0.205657 96 131 145
0.582889 0.186792 0.200673 78 100 102
0.585393 0.195655 0.199026 77 97 101
0.570740 0.169518 0.202063 107 134 137
0.572734 0.171636 0.199395 97 117 124
0.578978 0.184327 0.196514 108 117 125
0.579183 0.189809 0.197500 101 116 127
0.584920 0.201165 0.194759 109 130 140
0.446112 -0.131818 0.250762 164 177 185
0.459288 -0.104707 0.244323 159 178 179
0.512247 0.023084 0.222700 139 167 175
0.519810 0.047279 0.220089 150 131 147
0.520593 0.050821 0.217592 161 174 193
0.520520 0.051923 0.217891 151 169 185
0.547290 0.117238 0.206941 66 73 70
0.548023 0.119333 0.206059 78 90 89
0.551502 0.128410 0.205218 27 37 41
0.566364 0.160114 0.198509 178 185 204
0.566772 0.163837 0.198651 158 155 171
0.568722 0.166876 0.199158 87 87 87
0.569463 0.170590 0.198475 68 59 51
0.575331 0.182631 0.196913 79 96 103
0.579799 0.192402 0.194138 151 168 214
0.580303 0.197283 0.193688 153 178 199
0.582104 0.198277 0.193323 107 122 138
0.441096 -0.137908 0.248431 169 187 187
0.444568 -0.131285 0.245656 169 187 198
0.447381 -0.128975 0.245646 164 179 179
0.472513 -0.060016 0.235608 161 180 194
0.513830 0.038323 0.217737 142 126 134
0.514007 0.044509 0.217294 153 117 125
0.517498 0.047944 0.214956 120 54 74
0.518490 0.050657 0.216484 135 114 133
0.520181 0.052677 0.216382 152 188 200
0.522676 0.064115 0.213159 164 186 193
0.543887 0.114434 0.204059 99 103 112
0.545792 0.117412 0.205975 61 72 68
0.547212 0.119266 0.202792 68 79 88
0.548599 0.121826 0.202566 68 73 72
0.550302 0.126878 0.202897 77 85 92
0.554936 0.134339 0.201242 38 19 22
0.553356 0.136879 0.201306 37 54 62
0.560891 0.150816 0.200497 71 65 64
0.560988 0.153319 0.198172 0 0 0
0.562312 0.155279 0.198153 5 0 0
0.565178 0.160523 0.197598 113 124 133
0.565732 0.164600 0.198070 136 133 127
0.567177 0.170277 0.197486 0 9 15
0.569914 0.176356 0.196768 40 33 18
0.576484 0.192427 0.191506 20 29 38
0.441933 -0.136041 0.245824 165 186 194
0.442999 -0.129263 0.245278 164 178 181
0.447445 -0.118044 0.244605 166 175 176
0.473747 -0.053370 0.231254 177 198 215
0.513045 0.038317 0.216502 150 149 161
0.513429 0.040585 0.215443 123 97 111
0.516516 0.048147 0.214381 126 78 86
0.516674 0.050726 0.214032 93 84 79
0.523614 0.064518 0.211017 149 169 191
0.523774 0.066982 0.210456 168 156 169
0.523928 0.069503 0.209795 161 129 136
0.530570 0.083732 0.207456 126 141 149
0.537643 0.104736 0.203721 55 43 43
0.540171 0.107492 0.203810 107 73 78
0.542013 0.108505 0.203422 50 64 64
0.543510 0.113957 0.202061 94 85 96
0.543815 0.115946 0.200982 121 119 121
0.544404 0.119961 0.201555 81 58 68
0.547787 0.124293 0.201546 126 130 140
0.547417 0.126564 0.202071 182 181 193
0.550425 0.136322 0.200133 48 9 5
0.550881 0.137513 0.198496 100 79 78
0.553852 0.140608 0.198558 69 23 34
0.554921 0.144148 0.198660 57 6 14
0.560816 0.162334 0.195298 165 158 151
0.575095 0.191003 0.189059 55 48 46
0.440348 -0.124910 0.241497 167 181 181
0.444721 -0.115794 0.240505 163 177 179
0.479617 -0.034835 0.224070 178 181 201
0.480085 -0.032934 0.223043 168 183 194
0.480705 -0.030731 0.222430 165 183 190
0.482586 -0.027138 0.222939 166 175 184
0.484143 -0.017423 0.222607 175 185 175
0.513847 0.052603 0.211054 204 138 134
0.521492 0.063178 0.208537 179 163 163
0.520894 0.068874 0.207839 148 54 48
0.523108 0.070746 0.206669 164 99 107
0.523579 0.073842 0.206016 153 53 50
0.524914 0.077159 0.206318 166 122 132
0.526047 0.081343 0.204237 162 168 186
0.529954 0.088579 0.205721 147 156 169
0.531439 0.090894 0.203406 166 172 190
0.538292 0.108398 0.201517 134 115 125
0.539269 0.111511 0.200682 146 137 151
0.539532 0.113611 0.199281 122 51 65
0.541124 0.118049 0.199397 147 129 141
0.542819 0.120739 0.198798 118 57 73
0.543280 0.127410 0.197428 156 98 107
0.546870 0.131406 0.197673 94 47 55
0.548776 0.135897 0.196589 109 103 105
0.549207 0.137908 0.196237 159 159 161
0.552638 0.141882 0.195503 204 170 191
0.551537 0.144570 0.196299 71 54 52
0.442748 -0.117507 0.236215 163 177 176
0.472716 -0.043700 0.223865 170 190 203
0.473799 -0.041368 0.224233 174 195 209
0.475079 -0.039857 0.224193 166 184 197
0.476976 -0.035878 0.222128 166 183 200
0.477572 -0.031744 0.221217 173 180 178
0.479337 -0.028559 0.221604 166 181 190
0.481419 -0.024271 0.219972 181 193 202
0.482863 -0.015276 0.218514 171 191 210
0.484347 -0.011216 0.217689 174 192 203
0.489162 -0.004358 0.215382 160 191 212
0.497725 0.019364 0.214802 158 170 187
0.503182 0.029048 0.212618 117 94 108
0.511311 0.050841 0.210246 189 87 88
0.518860 0.068952 0.205735 131 40 43
0.519988 0.071828 0.203263 126 31 27
0.521734 0.074413 0.203517 134 48 45
0.522431 0.078587 0.204901 137 79 85
0.522635 0.081395 0.203935 102 151 158
0.529264 0.094932 0.198424 113 137 153
0.533996 0.105663 0.198158 119 104 117
0.536674 0.111761 0.197696 129 104 121
0.537222 0.116387 0.196668 56 24 30
0.538265 0.118229 0.196652 98 107 113
0.540438 0.121681 0.195678 139 103 107
0.541369 0.126225 0.194729 74 61 68
0.543006 0.127277 0.194801 139 141 144
0.544383 0.133283 0.195581 121 104 106
0.545369 0.136184 0.194231 108 90 98
0.550438 0.146396 0.192282 97 59 63
0.556671 0.162959 0.190384 95 95 93
0.466182 -0.050867 0.222227 141 159 166
0.471704 -0.040738 0.221242 164 189 213
0.472038 -0.037764 0.220587 162 152 118
0.474569 -0.035383 0.218985 150 118 77
0.475812 -0.031031 0.220262 172 172 159
0.476452 -0.028648 0.219234 174 177 140
0.476381 -0.024277 0.217604 162 106 31
0.477769 -0.021281 0.217526 190 150 84
0.481502 -0.013261 0.216720 205 205 238
0.483786 -0.011758 0.216741 178 194 211
0.482906 -0.008433 0.216417 174 158 130
0.492075 0.005370 0.213212 184 188 194
0.518493 0.073597 0.202711 144 57 43
0.519250 0.073670 0.201856 125 44 49
0.523505 0.086209 0.199988 117 136 155
0.524707 0.089766 0.197680 133 148 145
0.523954 0.091393 0.198117 138 114 123
0.528507 0.094472 0.197824 107 129 140
0.532727 0.106634 0.196566 94 80 88
0.531426 0.110216 0.196142 57 49 53
0.533805 0.112838 0.193437 50 39 41
0.535321 0.116164 0.193756 66 42 45
0.537145 0.118471 0.194819 73 81 90
0.538056 0.121353 0.193959 121 134 140
0.539272 0.125861 0.192170 66 64 74
0.539826 0.128976 0.192311 90 105 125
0.541206 0.132012 0.190474 74 57 60
0.548380 0.144874 0.190849 47 57 63
0.437714 -0.114609 0.232609 167 179 177
0.455170 -0.073896 0.225181 159 176 180
0.463050 -0.058004 0.219981 121 133 143
0.464147 -0.053968 0.221695 89 105 100
0.464641 -0.050673 0.219287 110 109 95
0.465692 -0.048363 0.219014 129 154 178
0.467566 -0.044530 0.217434 156 184 187
0.469934 -0.040279 0.218797 187 195 207
0.469724 -0.038050 0.218127 166 166 135
0.471651 -0.032811 0.219365 158 92 31
0.473650 -0.030953 0.217609 154 88 0
0.474784 -0.027011 0.216571 169 99 31
0.476345 -0.022687 0.215764 168 113 60
0.476722 -0.021014 0.216530 178 126 80
0.476316 -0.018472 0.215664 153 112 77
0.478874 -0.012255 0.214150 188 173 127
0.479850 -0.011142 0.213881 183 163 120
0.486502 0.007591 0.210109 163 166 184
0.488915 0.009397 0.212094 183 178 170
0.522221 0.088937 0.196333 114 107 98
0.523625 0.097338 0.195726 35 41 34
0.526726 0.106673 0.193538 12 18 4
0.532115 0.110367 0.192363 51 54 55
0.532227 0.112757 0.192710 50 47 50
0.533407 0.116515 0.192225 54 58 59
0.537107 0.120110 0.191110 0 28 30
0.537322 0.125510 0.191802 10 44 66
0.457961 -0.060098 0.217310 176 187 191
0.459646 -0.056535 0.217765 146 163 165
0.460862 -0.053650 0.218101 128 139 149
0.462515 -0.049452 0.217879 84 88 93
0.463325 -0.047777 0.217322 114 112 116
0.467710 -0.038905 0.215230 39 154 255
0.473043 -0.023475 0.214858 174 149 110
0.478202 -0.010731 0.209272 188 153 117
0.477968 -0.007950 0.209907 193 153 86
0.485848 0.007712 0.209216 158 173 184
0.486710 0.009283 0.206639 159 177 193
0.488244 0.013260 0.206700 174 193 214
0.494363 0.024401 0.203448 146 186 208
0.520711 0.089943 0.194411 72 54 41
0.524520 0.096980 0.192233 42 68 63
0.523086 0.100609 0.190520 38 12 27
0.523109 0.102632 0.190897 15 27 20
0.526705 0.107142 0.192220 32 34 26
0.528099 0.109958 0.190410 67 75 67
0.531814 0.118333 0.189638 9 25 28
0.534070 0.121540 0.188632 64 48 54
0.534726 0.125541 0.187523 25 26 30
0.559610 0.186379 0.177611 1 6 0
0.456424 -0.060026 0.215150 164 175 193
0.456766 -0.056862 0.217073 161 181 193
0.492630 0.027826 0.202822 164 200 216
0.493969 0.030404 0.201865 114 60 26
0.501753 0.051615 0.196631 87 146 172
0.520343 0.096669 0.191370 33 42 24
0.520810 0.099761 0.190251 44 55 35
0.521225 0.103757 0.188316 100 132 93
0.527104 0.113521 0.187541 83 86 77
0.453204 -0.059934 0.214010 161 183 183
0.455970 -0.055239 0.213693 174 195 200
0.460292 -0.041483 0.211177 179 194 216
0.524168 0.111596 0.184711 17 25 7
0.455613 -0.043952 0.207040 181 195 179
0.501234 0.068878 0.186682 40 39 39
0.547909 0.184796 0.165711 1 1 0
0.501160 0.083181 0.180324 0 21 0
0.511623 0.115064 0.173089 123 155 108
0.668290 0.081482 0.344962 130 137 114
0.666422 0.084140 0.343535 142 135 129
0.667075 0.085175 0.341873 148 134 133
0.680876 0.115377 0.338433 149 149 152
0.663880 0.081310 0.340851 133 133 127
0.662769 0.084731 0.341262 128 125 117
0.664583 0.086961 0.342537 141 130 127
0.668107 0.089030 0.339627 135 132 129
0.661652 0.085513 0.339695 126 126 116
0.674793 0.121897 0.332354 146 160 159
0.659244 0.084910 0.335484 130 119 95
0.660327 0.087114 0.335509 133 113 86
0.656217 0.083437 0.332678 113 113 87
0.656248 0.085376 0.334180 121 118 93
0.605735 -0.022350 0.341296 0 0 0
0.600129 -0.021317 0.338075 0 0 0
0.603163 -0.019973 0.337680 0 0 0
0.597877 -0.016499 0.334772 119 116 76
0.595809 -0.006850 0.325232 130 134 134
0.604964 0.015609 0.320882 196 145 105
0.605696 0.020873 0.319112 172 127 97
0.604529 0.017262 0.317210 162 131 114
0.556104 -0.091908 0.331382 0 0 0
0.598479 0.007610 0.316019 160 150 136
0.555579 -0.092102 0.331395 0 0 0
0.594873 0.009300 0.314857 152 137 116
0.594533 0.010407 0.313362 146 129 109
0.645055 0.132394 0.293288 130 116 93
0.519955 -0.155105 0.336416 146 146 132
0.580316 -0.010908 0.312444 146 136 111
0.520096 -0.154917 0.335884 148 143 139
0.516464 -0.155541 0.331781 142 142 136
0.516560 -0.154347 0.331088 138 139 130
0.524920 -0.132480 0.326298 123 134 129
0.524519 -0.132775 0.326229 124 132 127
0.579544 0.004882 0.301881 122 115 99
0.563954 -0.001425 0.289824 115 103 85
0.563274 -0.000852 0.287265 127 136 127
0.502221 -0.132865 0.299440 123 121 97
0.500557 -0.133448 0.298159 113 109 76
0.495611 -0.131633 0.294981 139 111 61
0.514516 -0.071366 0.278642 142 126 101
0.510355 -0.069315 0.272320 113 129 103
0.511827 -0.059053 0.267124 140 144 137
0.509978 -0.054980 0.265689 161 165 164
0.504331 -0.065721 0.266553 130 133 135
0.503229 -0.070523 0.263450 156 169 161
0.510334 -0.041480 0.253982 174 193 202
0.493396 -0.057008 0.246782 150 160 163
0.526282 0.024370 0.235936 142 165 176
0.527014 0.025389 0.236209 129 148 156
0.547312 0.089022 0.219418 114 141 149
0.578420 0.168513 0.202928 100 138 147
0.454458 -0.126891 0.248698 170 182 180
0.572214 0.163236 0.199420 109 120 133
0.573127 0.169060 0.198471 115 132 136
0.580677 0.184747 0.194798 90 112 124
0.475229 -0.068415 0.235581 167 185 192
0.513592 0.020805 0.220117 140 144 156
0.541782 0.097087 0.208345 72 72 78
0.544577 0.096744 0.209683 82 67 69
0.547226 0.108968 0.204906 78 94 102
0.566783 0.157073 0.196883 64 66 69
0.567601 0.158563 0.197568 77 71 72
0.569033 0.163741 0.196440 204 227 235
0.568984 0.164298 0.196788 209 222 234
0.571708 0.167536 0.196964 106 106 91
0.574312 0.171419 0.196826 77 61 48
0.575887 0.175237 0.194373 4 15 17
0.578940 0.182693 0.193589 85 108 121
0.584155 0.196587 0.191525 113 159 180
0.584391 0.197045 0.191141 104 124 126
0.444470 -0.136930 0.245579 172 189 188
0.449411 -0.126938 0.241396 172 185 189
0.450667 -0.122917 0.242538 170 180 173
0.518821 0.043284 0.216641 199 163 168
0.518147 0.047508 0.213970 140 85 93
0.521009 0.048195 0.214157 162 105 113
0.522390 0.051045 0.214607 182 194 204
0.522986 0.054831 0.211152 171 184 186
0.523319 0.058529 0.211666 166 148 170
0.527759 0.066562 0.210286 183 190 199
0.539956 0.091722 0.205752 64 52 59
0.540852 0.098610 0.205229 67 56 60
0.546240 0.108655 0.204168 79 92 99
0.545408 0.113397 0.202849 112 119 121
0.547835 0.117429 0.201967 39 58 56
0.548849 0.120028 0.201806 56 67 69
0.549900 0.122492 0.200673 65 69 75
0.551323 0.125064 0.200522 57 65 66
0.552566 0.128113 0.199708 21 17 17
0.555540 0.131538 0.198743 55 60 62
0.556698 0.135650 0.199399 87 95 100
0.564476 0.149945 0.196949 162 173 166
0.563807 0.152910 0.193926 17 0 0
0.578365 0.190663 0.188120 66 62 58
0.452604 -0.110581 0.238892 160 174 177
0.474045 -0.060676 0.229296 165 179 192
0.510658 0.026587 0.214814 143 154 160
0.518260 0.046889 0.211220 127 92 100
0.519390 0.048266 0.211069 120 46 61
0.522165 0.055669 0.209673 177 159 170
0.523990 0.062830 0.209608 169 182 191
0.525262 0.066429 0.207446 153 145 158
0.525747 0.068309 0.207001 150 108 117
0.528125 0.077259 0.206846 165 185 199
0.533100 0.085792 0.203545 181 180 202
0.543270 0.108684 0.200265 84 53 66
0.545253 0.113581 0.202097 97 102 113
0.546341 0.116408 0.199536 51 40 52
0.547619 0.118354 0.199719 44 51 57
0.549328 0.122874 0.198262 118 95 103
0.551141 0.125961 0.197121 148 149 153
0.552272 0.128608 0.197570 112 121 122
0.554935 0.137115 0.196418 236 229 238
0.555480 0.137839 0.196190 217 218 222
0.563125 0.152148 0.193680 11 0 0
0.577443 0.190529 0.187063 43 37 32
0.443136 -0.134363 0.238884 167 179 180
0.443345 -0.126887 0.238216 175 205 199
0.445375 -0.124659 0.237793 180 200 197
0.450442 -0.114562 0.236976 171 186 187
0.479327 -0.036668 0.223646 165 184 196
0.483132 -0.033595 0.222280 157 182 195
0.512660 0.044684 0.210017 132 147 165
0.515823 0.046557 0.208472 147 142 151
0.516634 0.048710 0.209249 136 159 182
0.521655 0.063610 0.207289 166 165 174
0.524260 0.067194 0.205810 153 129 147
0.524171 0.068741 0.206256 150 116 120
0.524385 0.072312 0.205822 184 68 68
0.527700 0.077113 0.203496 184 188 209
0.527676 0.080280 0.202822 170 168 181
0.535077 0.093618 0.199930 70 69 80
0.535727 0.095018 0.200187 83 74 91
0.540121 0.106942 0.199481 146 108 118
0.540928 0.110513 0.197375 176 165 178
0.541575 0.114164 0.197104 140 59 78
0.544381 0.116531 0.196710 154 146 159
0.544229 0.119578 0.196328 142 108 123
0.546397 0.123829 0.195315 138 101 111
0.548410 0.125690 0.195591 139 121 130
0.548060 0.129196 0.196248 255 255 255
0.550502 0.132483 0.195418 62 26 34
0.552053 0.136672 0.195176 227 234 234
0.552639 0.141320 0.192323 59 33 44
0.552532 0.142761 0.192025 29 34 53
0.476433 -0.038959 0.221117 172 188 196
0.477304 -0.035586 0.220485 160 174 169
0.480595 -0.035283 0.219753 191 186 195
0.484793 -0.020989 0.217741 163 180 193
0.486708 -0.012598 0.217061 147 173 174
0.494192 0.000490 0.213822 166 189 200
0.494393 0.002767 0.212106 179 192 208
0.497067 0.006634 0.210980 161 180 179
0.498737 0.013463 0.211936 174 179 180
0.501174 0.022450 0.211261 150 153 155
0.501874 0.022220 0.211026 153 176 199
0.505785 0.030837 0.209879 103 77 84
0.514198 0.049501 0.206966 120 121 138
0.516406 0.058554 0.203770 99 90 99
0.522711 0.071012 0.202247 131 36 31
0.522241 0.072898 0.202195 137 50 41
0.526648 0.080501 0.201487 133 139 152
0.529424 0.088079 0.200933 160 196 221
0.534154 0.095698 0.198755 50 30 37
0.535645 0.104352 0.194858 152 134 145
0.537558 0.105238 0.195084 214 173 191
0.538676 0.110691 0.195221 171 178 195
0.539962 0.113498 0.194982 102 44 57
0.541445 0.116254 0.194805 80 23 34
0.542853 0.120686 0.191285 125 113 118
0.545179 0.124808 0.193664 108 72 80
0.546104 0.126294 0.192961 185 156 154
0.547236 0.131206 0.191497 198 103 115
0.547438 0.135645 0.192246 150 99 109
0.552105 0.141513 0.191225 120 99 118
0.551919 0.142639 0.191433 103 92 105
0.467291 -0.054633 0.220125 118 129 104
0.468142 -0.052915 0.219726 135 152 147
0.472912 -0.046692 0.219617 180 190 207
0.472485 -0.043616 0.217341 171 184 190
0.475026 -0.035980 0.217581 182 118 22
0.479939 -0.022897 0.214709 173 140 93
0.484080 -0.014949 0.214467 164 195 236
0.485852 -0.011261 0.215572 166 190 208
0.491784 0.001343 0.208971 167 193 204
0.490961 0.003413 0.211245 167 184 198
0.494286 0.013751 0.208833 176 179 186
0.525036 0.086146 0.197244 130 146 154
0.527096 0.087958 0.196596 140 162 168
0.530048 0.091727 0.196110 144 159 168
0.529348 0.094341 0.194875 132 140 146
0.530621 0.097726 0.193523 60 67 70
0.535159 0.104668 0.194604 108 114 119
0.534278 0.106670 0.193884 83 93 90
0.535642 0.111880 0.192245 95 72 82
0.538019 0.113898 0.192846 116 109 116
0.540133 0.117959 0.191436 89 76 86
0.540655 0.119964 0.190678 175 143 160
0.542334 0.124554 0.189681 85 75 82
0.545648 0.131228 0.189914 113 86 93
0.546340 0.132914 0.189715 37 0 2
0.465844 -0.054765 0.218372 106 113 109
0.467380 -0.051930 0.218514 119 146 176
0.467077 -0.049107 0.217350 175 181 200
0.469756 -0.045648 0.216616 172 192 214
0.471346 -0.043074 0.217348 161 191 221
0.478038 -0.028217 0.213879 172 129 82
0.479258 -0.025833 0.213343 165 130 83
0.477521 -0.022773 0.213205 173 143 85
0.480997 -0.019574 0.212270 174 174 166
0.482841 -0.015296 0.211582 181 192 195
0.484055 -0.013680 0.210645 182 195 198
0.489661 -0.001297 0.208389 182 199 207
0.491051 0.001034 0.209071 166 194 216
0.496182 0.020103 0.203801 163 169 188
0.498440 0.027330 0.203637 171 196 206
0.519393 0.079522 0.195739 102 67 55
0.524453 0.088072 0.195347 129 125 122
0.527379 0.094868 0.193110 96 102 98
0.529711 0.096476 0.192277 85 95 95
0.532469 0.106204 0.191823 4 37 39
0.533100 0.107774 0.190900 61 64 64
0.534049 0.110462 0.189303 69 62 69
0.535856 0.115738 0.188489 92 80 82
0.535685 0.118910 0.188981 84 98 93
0.539807 0.126128 0.185301 41 44 60
0.452206 -0.083080 0.221733 155 169 171
0.462242 -0.059296 0.213983 146 151 160
0.463170 -0.054497 0.216406 122 135 142
0.464860 -0.051683 0.216337 73 86 73
0.466503 -0.049998 0.214799 103 137 137
0.474825 -0.029099 0.209609 172 171 170
0.475430 -0.025568 0.211594 171 130 90
0.487022 -0.003385 0.206800 172 183 187
0.486587 0.000958 0.207139 171 187 190
0.500450 0.034919 0.201650 146 164 172
0.524363 0.092179 0.190259 89 46 31
0.524954 0.095809 0.190442 61 70 57
0.527186 0.105482 0.189210 16 29 5
0.531847 0.112797 0.185780 0 4 6
0.456298 -0.064473 0.214959 166 180 188
0.458828 -0.062937 0.213331 156 173 169
0.460665 -0.058215 0.213904 186 174 192
0.462764 -0.055583 0.213570 176 189 189
0.461761 -0.053135 0.210511 240 240 236
0.466601 -0.042031 0.210986 81 163 119
0.483864 0.001902 0.204598 199 231 255
0.521019 0.092008 0.189291 47 53 37
0.522339 0.097832 0.186971 4 11 12
0.528320 0.111864 0.185026 126 131 128
0.448229 -0.084792 0.214926 165 171 175
0.544287 0.154683 0.174627 68 54 3
0.448785 -0.068849 0.210621 165 175 177
0.517562 0.100980 0.180643 183 180 0
0.540757 0.178673 0.157403 69 86 90
0.486344 0.053689 0.176443 40 26 28
0.669182 0.084090 0.342484 142 134 132
0.669934 0.084312 0.341709 141 137 132
0.664257 0.076106 0.339591 105 89 90
0.664186 0.080649 0.340008 136 134 131
0.666866 0.085665 0.339072 136 127 122
0.661322 0.076868 0.337328 155 120 71
0.660335 0.082403 0.335362 100 111 78
0.660020 0.082650 0.334208 117 103 70
0.677614 0.123462 0.325090 142 178 203
0.605949 -0.022912 0.340053 0 0 0
0.603566 -0.027881 0.338417 0 0 0
0.604896 -0.023599 0.338274 0 0 0
0.605633 -0.021232 0.338179 0 0 0
0.671369 0.141329 0.308316 143 149 153
0.602026 -0.023389 0.336619 0 0 0
0.604064 -0.020109 0.335801 0 0 0
0.605394 -0.018466 0.335730 0 0 0
0.588677 -0.046849 0.337001 0 0 0
0.599141 -0.027921 0.331826 129 82 74
0.601089 -0.023282 0.331366 120 113 67
0.589347 -0.044501 0.333180 0 0 0
0.597907 -0.022898 0.329189 121 109 78
0.596134 -0.021853 0.327816 118 110 77
0.599654 -0.004195 0.321884 127 123 87
0.588158 -0.030173 0.322924 46 49 23
0.602944 0.008987 0.316253 157 150 132
0.603477 0.012168 0.316445 153 133 108
0.565804 -0.074546 0.326698 23 26 26
0.589134 -0.022194 0.318543 114 120 111
0.598572 0.006056 0.314031 157 146 127
0.601093 0.011789 0.311727 154 132 104
0.603419 0.016746 0.314268 163 124 86
0.594146 0.004324 0.312802 155 138 116
0.597876 0.005928 0.312469 154 146 129
0.598745 0.007546 0.310331 158 137 107
0.586517 -0.005319 0.308820 140 134 113
0.587154 -0.001998 0.306637 130 111 79
0.582723 -0.008914 0.306455 144 129 107
0.571845 -0.016833 0.299944 134 106 80
0.577716 0.007012 0.294404 122 105 72
0.577836 0.011426 0.286838 136 138 127
0.505866 -0.134652 0.303595 118 109 78
0.505044 -0.136292 0.302700 88 102 66
0.505779 -0.132695 0.300451 114 104 74
0.507379 -0.129484 0.299405 106 106 58
0.508748 -0.128163 0.299471 94 98 50
0.509635 -0.123947 0.299214 114 107 63
0.500686 -0.139743 0.300696 125 105 59
0.506632 -0.128502 0.297792 117 120 88
0.509447 -0.121128 0.297219 100 97 59
0.502329 -0.132047 0.293661 117 108 73
0.502079 -0.124327 0.289848 139 118 78
0.512717 -0.079854 0.278397 135 80 37
0.516208 -0.076060 0.277267 137 125 105
0.580366 0.080641 0.250103 98 128 139
0.512951 -0.077324 0.273993 157 158 151
0.509058 -0.082422 0.271385 142 120 110
0.511595 -0.080129 0.274122 139 130 118
0.511320 -0.077287 0.271629 150 142 132
0.578485 0.083274 0.245294 139 147 156
0.513883 -0.053821 0.263198 165 163 169
0.512817 -0.059053 0.261095 154 157 164
0.504217 -0.071859 0.262154 159 177 185
0.536987 0.031751 0.235092 150 159 171
0.530823 0.016590 0.234966 130 150 155
0.532117 0.024537 0.233931 145 160 167
0.530819 0.023806 0.232539 136 158 169
0.593771 0.182141 0.203527 92 126 126
0.465351 -0.119935 0.251015 173 192 192
0.494074 -0.048027 0.240299 135 149 155
0.496427 -0.046067 0.239877 130 152 150
0.588227 0.177024 0.201194 92 124 126
0.458414 -0.127978 0.248131 173 175 180
0.460140 -0.124904 0.248157 169 179 181
0.455239 -0.130417 0.248551 167 178 179
0.459613 -0.124117 0.245334 175 182 182
0.459777 -0.121418 0.244377 176 183 185
0.463595 -0.114846 0.243250 170 182 184
0.452644 -0.130321 0.243802 172 187 187
0.454532 -0.127838 0.242164 175 184 184
0.476002 -0.078546 0.234453 176 192 206
0.521102 0.033997 0.216744 149 189 212
0.549322 0.107024 0.203743 91 88 96
0.552898 0.114068 0.202257 84 88 90
0.560455 0.127740 0.199744 90 117 125
0.571062 0.158546 0.194926 103 115 123
0.572409 0.161745 0.195235 96 110 116
0.574109 0.163238 0.194549 106 121 127
0.579744 0.175864 0.191405 80 108 120
0.581111 0.182767 0.192101 97 118 130
0.584636 0.186568 0.190265 98 122 133
0.587071 0.192737 0.189892 107 129 136
0.449852 -0.132800 0.242229 171 185 186
0.452607 -0.124764 0.241149 163 178 178
0.454042 -0.118676 0.240344 180 183 168
0.519719 0.035563 0.213276 186 204 229
0.522164 0.045996 0.212296 152 103 120
0.523855 0.047119 0.211761 172 169 179
0.525047 0.050166 0.208825 169 164 175
0.525075 0.052849 0.209588 188 199 210
0.538232 0.083263 0.204666 79 81 80
0.542933 0.094161 0.202988 56 57 59
0.545252 0.097743 0.201853 74 65 69
0.550317 0.110688 0.200285 77 70 55
0.551206 0.114749 0.197903 63 71 71
0.553584 0.119913 0.199598 74 80 81
0.564354 0.149306 0.195091 105 143 159
0.567609 0.153829 0.192755 55 62 62
0.570857 0.160603 0.193168 68 68 73
0.571406 0.163971 0.193908 78 77 78
0.574712 0.172404 0.191267 31 25 27
0.574773 0.174328 0.190950 43 42 33
0.578739 0.181770 0.189644 48 44 39
0.449653 -0.128895 0.240273 158 175 174
0.519101 0.042023 0.208715 120 110 132
0.519664 0.044950 0.209498 131 102 114
0.521231 0.047465 0.209911 144 80 96
0.522992 0.050229 0.208974 247 208 205
0.526846 0.058408 0.206248 161 169 176
0.526167 0.061949 0.208045 181 194 203
0.538110 0.088889 0.201273 193 201 217
0.538477 0.093181 0.200753 51 47 52
0.543800 0.105006 0.198786 84 62 72
0.545071 0.107423 0.199559 99 88 108
0.547731 0.111803 0.197807 70 79 82
0.548090 0.114670 0.196774 48 52 54
0.549891 0.118518 0.197524 79 90 91
0.550764 0.122896 0.195860 171 161 172
0.551101 0.125023 0.196049 160 155 163
0.552101 0.127582 0.195673 93 127 129
0.554170 0.131996 0.194401 34 41 47
0.556618 0.136537 0.195065 241 255 255
0.556776 0.136942 0.192307 219 253 255
0.470382 -0.072777 0.227592 152 169 186
0.468656 -0.068913 0.226134 166 188 198
0.491944 -0.014760 0.215721 170 187 191
0.517509 0.041749 0.207900 108 78 96
0.518190 0.045588 0.207767 124 129 143
0.518739 0.046734 0.207704 137 167 199
0.525359 0.068708 0.202754 122 12 23
0.528069 0.072202 0.201879 224 161 170
0.529457 0.075827 0.202011 168 178 191
0.531560 0.078127 0.199582 163 185 200
0.536364 0.092944 0.198257 73 74 77
0.537834 0.095929 0.196217 108 63 73
0.541565 0.105815 0.196642 102 59 68
0.542743 0.108927 0.195867 180 156 164
0.544490 0.113419 0.195289 107 34 59
0.545773 0.115883 0.194451 157 160 174
0.547185 0.117032 0.192830 237 240 247
0.549245 0.123208 0.194459 171 157 171
0.550022 0.124175 0.194140 195 164 180
0.551656 0.131429 0.191436 190 146 159
0.556605 0.138402 0.192076 178 146 172
0.558017 0.140263 0.189453 88 52 62
0.451884 -0.106332 0.230176 158 168 170
0.469276 -0.069099 0.224943 162 171 182
0.496049 0.000584 0.212731 155 170 179
0.508761 0.033976 0.205936 123 80 77
0.515901 0.047498 0.203420 124 136 156
0.517723 0.050957 0.201104 112 140 165
0.525765 0.073021 0.199952 135 71 69
0.527227 0.074527 0.199673 209 135 142
0.531190 0.079818 0.197859 165 176 190
0.531881 0.086072 0.196138 155 179 196
0.536251 0.100682 0.194382 107 107 122
0.538414 0.103410 0.193975 162 165 182
0.541154 0.109161 0.193397 183 189 205
0.542448 0.111868 0.193444 171 134 151
0.544406 0.115592 0.193266 93 51 75
0.546833 0.122694 0.191807 124 64 82
0.547239 0.126683 0.190735 173 159 160
0.548825 0.129360 0.189971 233 169 197
0.551671 0.132847 0.190076 176 136 143
0.551193 0.134706 0.187775 104 7 25
0.555698 0.144044 0.187792 255 255 255
0.556157 0.144401 0.187107 224 255 255
0.449382 -0.108984 0.226954 165 174 177
0.469129 -0.063578 0.220109 115 132 100
0.472725 -0.056532 0.218877 142 167 185
0.473204 -0.050446 0.216663 164 178 189
0.474963 -0.046593 0.215865 176 181 188
0.474458 -0.044739 0.216314 162 171 171
0.481177 -0.032151 0.212050 161 173 174
0.493373 0.000555 0.208844 176 202 215
0.496732 0.003190 0.207169 154 189 202
0.497206 0.004940 0.207278 181 192 191
0.526726 0.078287 0.195108 120 101 110
0.529326 0.084280 0.195357 129 145 144
0.532110 0.090106 0.192511 134 139 158
0.532273 0.092665 0.192810 133 148 165
0.532921 0.095211 0.193953 178 190 206
0.535585 0.100035 0.191430 93 98 113
0.537273 0.103590 0.192482 130 152 163
0.537947 0.106169 0.191007 116 118 123
0.539755 0.109817 0.191298 205 237 241
0.537660 0.111937 0.189973 84 72 77
0.542189 0.117234 0.190304 80 44 58
0.541475 0.118720 0.189826 106 42 50
0.547310 0.130571 0.188998 176 175 186
0.548902 0.133644 0.185249 173 187 194
0.550187 0.134532 0.185567 159 171 177
0.554586 0.150729 0.181841 225 136 138
0.462348 -0.068446 0.216559 162 178 182
0.467265 -0.059694 0.215118 126 141 146
0.468543 -0.056302 0.215209 81 97 105
0.469577 -0.053001 0.214224 71 85 86
0.471452 -0.050903 0.214793 142 154 161
0.471521 -0.047498 0.213679 191 181 233
0.482206 -0.027741 0.211244 171 174 172
0.482326 -0.024563 0.211223 176 148 108
0.485072 -0.016036 0.210562 171 200 210
0.492176 0.000593 0.206352 178 196 204
0.493861 0.002986 0.204840 164 192 214
0.495710 0.005384 0.205366 170 183 191
0.517443 0.060065 0.197125 127 124 142
0.527239 0.090299 0.189931 83 51 42
0.529568 0.094057 0.190896 114 116 119
0.530036 0.096098 0.190060 105 120 126
0.533700 0.100091 0.190295 67 26 27
0.533739 0.101767 0.188582 18 15 0
0.535588 0.106217 0.187128 66 94 104
0.534586 0.110874 0.188004 74 61 75
0.537086 0.113957 0.187183 53 45 49
0.538663 0.116608 0.186966 229 113 97
0.541040 0.119361 0.185123 72 59 71
0.548767 0.144283 0.181185 20 0 0
0.464202 -0.058796 0.212381 153 166 171
0.466167 -0.058055 0.212931 132 145 158
0.467353 -0.052072 0.212868 83 91 105
0.468398 -0.049565 0.212625 99 107 93
0.474617 -0.039858 0.210961 147 154 224
0.474320 -0.036588 0.211044 117 30 0
0.495820 0.013980 0.201155 166 183 193
0.531565 0.102004 0.187719 7 8 0
0.531540 0.103291 0.187504 10 10 0
0.532322 0.106828 0.185689 5 4 9
0.538528 0.121316 0.182587 66 70 86
0.539893 0.124143 0.183723 43 106 128
0.454777 -0.076327 0.213912 161 177 173
0.463832 -0.057777 0.211432 108 132 137
0.518254 0.074385 0.187110 41 26 9
0.527334 0.096761 0.185570 68 75 75
0.527278 0.102132 0.182251 10 19 20
0.456684 -0.067542 0.208567 164 168 182
0.458735 -0.061193 0.209342 179 195 189
0.461289 -0.057614 0.209236 180 174 195
0.495189 0.030269 0.192295 193 178 208
0.551725 0.164950 0.171447 39 0 0
0.452296 -0.073946 0.207257 165 177 176
0.457591 -0.055224 0.205916 171 178 182
0.434079 -0.111637 0.211923 167 193 216
0.491141 0.027459 0.187088 139 148 169
0.519374 0.110898 0.168723 81 100 99
0.495477 0.063607 0.174904 80 135 150
0.529008 0.164836 0.147212 2 25 21
0.692593 0.110178 0.341048 132 130 132
0.682150 0.103078 0.336869 161 134 123
0.681881 0.105273 0.335846 133 135 132
0.682986 0.108334 0.333720 145 155 161
0.682939 0.109082 0.333359 142 152 157
0.678940 0.103033 0.332025 71 77 77
0.679726 0.106564 0.330963 110 126 140
0.679934 0.110416 0.333004 151 152 149
0.675984 0.104749 0.328920 147 152 153
0.679782 0.116616 0.328778 141 156 159
0.613535 -0.019872 0.340419 0 0 0
0.667795 0.112104 0.316431 144 191 222
0.671949 0.133810 0.307220 137 145 149
0.674311 0.138340 0.305688 137 145 148
0.597642 -0.036535 0.334729 0 0 0
0.601693 -0.033082 0.334081 125 97 31
0.604350 -0.027506 0.332771 0 0 0
0.591020 -0.050455 0.333333 0 0 0
0.597549 -0.036763 0.334143 0 0 0
0.597911 -0.035744 0.334291 0 0 0
0.601019 -0.028977 0.329161 90 80 47
0.590645 -0.050032 0.332918 0 0 0
0.598447 -0.031354 0.328228 107 111 81
0.600152 -0.029781 0.328706 95 75 45
0.588101 -0.047493 0.329945 0 0 0
0.590227 -0.032136 0.324540 49 77 53
0.589428 -0.030283 0.321055 55 55 15
0.604272 0.009107 0.313330 154 142 120
0.606478 0.009797 0.313024 152 138 118
0.589526 -0.024612 0.317879 121 128 104
0.587981 -0.022499 0.316899 123 136 122
0.603630 0.008399 0.311975 155 145 127
0.603549 0.010805 0.310888 149 130 112
0.603785 0.013825 0.306730 157 132 109
0.606530 0.022266 0.304110 151 119 78
0.602229 0.012868 0.305525 143 123 104
0.583440 -0.013319 0.302561 146 125 111
0.583020 -0.011125 0.303506 142 123 104
0.530989 -0.136716 0.320665 120 124 125
0.596104 0.024144 0.295440 129 125 102
0.524966 -0.143514 0.321877 119 132 117
0.526951 -0.139889 0.319231 132 114 98
0.530890 -0.134486 0.318866 129 132 120
0.525640 -0.131900 0.316726 139 117 89
0.531682 -0.119371 0.314498 139 123 90
0.528075 -0.126640 0.311773 111 109 88
0.528654 -0.122156 0.314048 121 116 92
0.541553 -0.087678 0.306811 134 84 54
0.524540 -0.128433 0.310417 141 101 68
0.542145 -0.084802 0.301621 113 105 110
0.539782 -0.086950 0.301525 126 117 97
0.507983 -0.141241 0.302471 112 101 77
0.509133 -0.138269 0.301521 100 84 45
0.506720 -0.137313 0.299909 117 114 75
0.506932 -0.136457 0.299938 95 80 49
0.512381 -0.122474 0.297160 106 101 67
0.504727 -0.137538 0.297737 88 66 21
0.504426 -0.134626 0.295477 122 122 93
0.508670 -0.127004 0.295597 95 95 67
0.506029 -0.119511 0.288086 129 123 96
0.584226 0.080434 0.246896 112 132 140
0.584578 0.092541 0.242375 139 155 162
0.511703 -0.070909 0.264941 147 153 155
0.505274 -0.079896 0.262750 156 163 166
0.506293 -0.076300 0.263579 165 174 179
0.509320 -0.070978 0.259918 169 175 164
0.539493 0.015937 0.238480 118 143 163
0.537979 0.022833 0.236217 141 153 165
0.532184 0.013763 0.234750 122 137 141
0.531519 0.014431 0.234707 105 127 127
0.533082 0.019702 0.231755 167 192 209
0.533083 0.023185 0.232605 144 163 184
0.535924 0.025897 0.232458 139 154 160
0.588192 0.163327 0.201342 119 151 164
0.587594 0.168451 0.199127 124 151 164
0.522913 0.018520 0.221982 122 150 143
0.567746 0.133130 0.202287 91 120 124
0.459887 -0.124623 0.244122 178 185 189
0.518986 0.016379 0.220778 98 138 136
0.464678 -0.112659 0.238072 170 176 177
0.474732 -0.085896 0.232143 156 178 196
0.543225 0.082156 0.205363 85 80 78
0.553800 0.105646 0.201088 60 67 74
0.557158 0.111714 0.199928 70 66 57
0.564383 0.128511 0.197344 76 84 86
0.569430 0.151767 0.193728 88 97 101
0.573353 0.155425 0.192032 61 80 89
0.582034 0.176644 0.188708 80 108 122
0.588060 0.192057 0.185375 121 123 136
0.453569 -0.127614 0.239457 166 179 180
0.455901 -0.125518 0.238244 171 186 189
0.478927 -0.072615 0.228477 154 166 167
0.522984 0.040249 0.209805 177 195 206
0.524969 0.042900 0.208122 178 185 203
0.525620 0.045285 0.209589 185 217 235
0.526441 0.047832 0.207806 174 192 204
0.530213 0.060237 0.207548 190 181 194
0.539894 0.079326 0.204041 73 73 68
0.541172 0.083701 0.202441 92 73 61
0.545267 0.097806 0.200505 82 86 82
0.551077 0.106033 0.196930 88 96 94
0.554192 0.111321 0.197367 102 102 101
0.559499 0.123801 0.194851 98 95 82
0.558744 0.126328 0.195691 66 85 73
0.561839 0.132517 0.196469 116 138 150
0.565498 0.143356 0.191792 86 99 111
0.567169 0.145434 0.192122 61 80 87
0.568912 0.148900 0.192276 56 76 85
0.571277 0.157503 0.191365 60 60 61
0.578948 0.176650 0.187513 82 64 36
0.508216 0.010098 0.213039 138 154 167
0.509844 0.011845 0.213398 165 160 171
0.518873 0.037932 0.207669 133 153 168
0.523277 0.043383 0.206107 145 155 165
0.524420 0.047528 0.206077 151 204 222
0.526285 0.050056 0.205587 159 177 192
0.526801 0.051683 0.206097 170 184 196
0.530363 0.057625 0.204642 183 205 217
0.530274 0.063690 0.201763 173 181 183
0.538949 0.084468 0.200796 89 77 81
0.538235 0.085755 0.199896 155 127 147
0.550425 0.111380 0.195477 10 16 17
0.550006 0.113332 0.195543 48 41 49
0.551038 0.117413 0.194459 52 27 55
0.553581 0.122118 0.192913 48 55 56
0.472435 -0.075073 0.225087 146 160 176
0.484799 -0.042241 0.217602 174 189 208
0.516149 0.036547 0.206014 121 132 132
0.523586 0.047505 0.204292 66 147 164
0.526384 0.060739 0.201940 166 183 190
0.530502 0.073341 0.199592 183 210 232
0.538836 0.088935 0.198006 78 50 56
0.541379 0.094489 0.195402 155 147 156
0.543656 0.101945 0.192200 144 139 153
0.545478 0.105544 0.192328 90 41 57
0.546420 0.111057 0.193440 130 59 78
0.547712 0.112520 0.191938 130 148 164
0.549071 0.118367 0.191272 151 150 166
0.549853 0.119642 0.191644 255 255 255
0.552130 0.123302 0.188778 196 84 103
0.557473 0.136836 0.190086 159 158 168
0.560619 0.141185 0.186471 156 162 175
0.566482 0.159214 0.186527 24 1 0
0.462269 -0.091262 0.225137 158 175 181
0.474247 -0.056219 0.218361 131 159 183
0.478134 -0.051621 0.218689 83 143 161
0.479607 -0.046540 0.216757 103 132 144
0.498018 0.002275 0.208413 173 186 186
0.518178 0.047009 0.200701 127 141 153
0.524397 0.058291 0.199197 132 108 111
0.531716 0.079221 0.196708 160 186 201
0.532112 0.080862 0.195236 175 189 207
0.533771 0.083240 0.193798 170 199 223
0.534463 0.087663 0.192804 165 159 169
0.537488 0.092333 0.191370 14 0 27
0.540953 0.101590 0.191895 164 191 207
0.542288 0.104903 0.190224 133 105 122
0.543361 0.107430 0.190954 141 100 118
0.545349 0.110226 0.190738 198 143 174
0.545344 0.114332 0.190031 105 44 64
0.548655 0.118542 0.189405 255 232 248
0.549931 0.121895 0.189247 134 96 105
0.550481 0.123371 0.188572 177 129 142
0.553550 0.127401 0.187962 255 255 255
0.553328 0.134353 0.186897 129 123 133
0.556158 0.139935 0.185121 96 5 32
0.558362 0.143987 0.185296 207 165 178
0.472816 -0.056721 0.215596 143 162 178
0.474885 -0.052236 0.215092 156 174 190
0.475457 -0.049859 0.214920 139 178 195
0.476061 -0.046581 0.214271 199 175 184
0.479419 -0.041195 0.211762 141 179 195
0.494195 -0.002726 0.206087 170 194 209
0.496798 0.001794 0.206788 168 195 209
0.498757 0.003912 0.205995 160 180 188
0.498802 0.006603 0.204945 161 181 187
0.515788 0.046201 0.196420 57 0 15
0.517624 0.051135 0.196708 91 143 160
0.530152 0.081588 0.192878 154 150 161
0.533638 0.085786 0.192329 143 157 170
0.534213 0.088113 0.191319 193 222 233
0.534018 0.090631 0.191213 156 172 189
0.534607 0.093750 0.191665 160 156 169
0.539123 0.102331 0.189264 141 170 181
0.539178 0.105485 0.188512 82 68 80
0.539213 0.108107 0.187862 72 40 55
0.543500 0.112183 0.187293 225 241 245
0.544718 0.113279 0.187082 255 255 255
0.548658 0.125645 0.184991 79 0 21
0.548925 0.129130 0.185366 6 0 20
0.550792 0.133039 0.185046 207 210 211
0.560766 0.151671 0.180506 175 201 227
0.456785 -0.092485 0.219821 162 178 183
0.461193 -0.081922 0.217070 162 173 177
0.466280 -0.068401 0.214416 151 170 172
0.470273 -0.058794 0.211966 94 112 122
0.471584 -0.054979 0.212824 84 101 108
0.473499 -0.051963 0.213608 162 175 193
0.485710 -0.026005 0.207697 173 174 164
0.488237 -0.014183 0.207466 174 200 220
0.489510 -0.010219 0.206936 171 194 218
0.491668 -0.010313 0.206124 158 183 200
0.491092 -0.003475 0.204030 177 195 237
0.493530 -0.002116 0.204872 187 208 219
0.495578 0.001242 0.204397 182 202 214
0.496356 0.004742 0.204087 175 192 204
0.512938 0.044492 0.193800 39 0 40
0.514363 0.048481 0.195852 40 0 25
0.526690 0.081446 0.189316 72 95 101
0.529304 0.086811 0.189070 98 100 107
0.532023 0.093626 0.187928 89 101 99
0.532921 0.093986 0.188056 109 127 130
0.533810 0.098909 0.186585 8 6 0
0.536357 0.102811 0.186042 38 51 53
0.537013 0.105287 0.186970 49 45 62
0.539090 0.108440 0.186022 94 37 48
0.544472 0.121411 0.183042 89 58 77
0.551285 0.137243 0.181989 91 56 65
0.552894 0.141305 0.178756 94 1 74
0.461724 -0.075840 0.214055 166 177 181
0.463979 -0.069826 0.213478 164 185 188
0.466349 -0.061136 0.210782 151 168 177
0.468191 -0.058715 0.211259 116 134 142
0.470319 -0.055759 0.210944 64 77 82
0.470924 -0.050190 0.208315 170 159 195
0.478099 -0.032840 0.207827 174 189 206
0.499088 0.017703 0.198259 179 178 177
0.511621 0.050868 0.192815 32 36 35
0.511814 0.051948 0.191905 46 0 27
0.531386 0.092984 0.185199 140 102 105
0.531968 0.095237 0.185401 162 160 164
0.531512 0.099495 0.184969 154 175 182
0.534955 0.102311 0.184914 2 0 12
0.542553 0.120689 0.181794 58 64 80
0.464220 -0.060901 0.209700 91 107 120
0.467466 -0.058617 0.208743 98 122 142
0.499164 0.022150 0.194970 169 194 209
0.500251 0.027225 0.193394 222 227 238
0.506667 0.044822 0.190916 126 148 167
0.526928 0.095375 0.181741 61 49 46
0.531609 0.101284 0.182381 48 82 95
0.439233 -0.118488 0.217039 185 186 190
0.460149 -0.065280 0.207014 180 195 198
0.528036 0.096979 0.179613 23 39 44
0.695906 0.114846 0.341339 134 139 145
0.693023 0.109550 0.340977 134 138 141
0.683484 0.098663 0.335830 72 103 82
0.680590 0.100136 0.332450 142 147 148
0.685209 0.108786 0.331625 139 138 173
0.677201 0.095901 0.329402 136 131 135
0.679878 0.101338 0.331587 137 147 161
0.682084 0.102381 0.329289 113 145 151
0.676749 0.095518 0.328568 124 135 142
0.678354 0.102889 0.326745 140 159 147
0.679388 0.106385 0.325734 146 152 156
0.673078 0.098214 0.323552 133 144 144
0.675732 0.103272 0.323128 148 152 149
0.676897 0.106960 0.322036 136 189 190
0.677939 0.110665 0.325189 143 159 161
0.672805 0.098570 0.323391 141 143 147
0.673706 0.101691 0.321438 148 150 152
0.675184 0.103530 0.322147 153 153 153
0.675628 0.106442 0.320623 155 171 177
0.667182 0.101958 0.316163 147 158 158
0.668456 0.105531 0.316174 130 134 141
0.671303 0.111138 0.312895 151 155 145
0.664434 0.104362 0.313257 140 147 154
0.666690 0.110033 0.309678 126 141 145
0.668840 0.117389 0.309243 124 130 135
0.672438 0.131149 0.306265 130 142 146
0.678359 0.144822 0.303035 140 149 150
0.602334 -0.034560 0.331848 92 84 48
0.607924 -0.025770 0.330609 0 0 0
0.609063 -0.024438 0.330934 0 0 0
0.672002 0.130546 0.304167 136 145 147
0.671143 0.133926 0.304604 133 142 147
0.598201 -0.038668 0.329964 118 89 20
0.600329 -0.036245 0.329947 112 100 69
0.601794 -0.033310 0.329858 105 102 45
0.668383 0.131004 0.299887 140 142 141
0.596455 -0.038478 0.326702 114 69 20
0.598090 -0.034707 0.327137 117 101 61
0.598778 -0.031933 0.326584 120 95 52
0.599272 -0.027639 0.325415 100 70 29
0.595937 -0.032991 0.325318 111 101 63
0.597648 -0.032281 0.323969 130 118 77
0.599777 -0.024464 0.321569 89 66 28
0.609926 0.001773 0.317044 174 140 102
0.572690 -0.081462 0.329746 0 0 0
0.599995 -0.020297 0.319325 104 99 60
0.600390 -0.019303 0.318153 94 87 58
0.608479 0.002226 0.314743 152 121 91
0.588143 -0.039285 0.319945 114 98 53
0.588616 -0.037559 0.318152 68 66 55
0.591739 -0.033391 0.318737 60 58 26
0.609118 0.010935 0.309826 165 140 111
0.604624 0.007231 0.309975 155 141 120
0.606308 0.010662 0.309134 157 137 124
0.608921 0.011670 0.307686 156 138 122
0.603849 0.007932 0.306842 153 139 116
0.599594 0.002192 0.305264 150 131 110
0.554657 -0.102118 0.319126 0 0 0
0.555627 -0.099712 0.318101 0 0 0
0.598599 0.003152 0.301378 161 134 102
0.533950 -0.142347 0.322702 130 129 121
0.536423 -0.136847 0.323822 105 110 106
0.535822 -0.135513 0.323104 108 105 88
0.532999 -0.141568 0.322306 124 127 119
0.536506 -0.132134 0.319082 160 112 80
0.595468 0.014007 0.295039 127 103 85
0.533294 -0.133490 0.317450 132 132 109
0.532672 -0.129373 0.316746 129 131 133
0.531810 -0.130210 0.313788 120 127 127
0.531184 -0.127287 0.313740 125 123 119
0.521408 -0.145338 0.313179 126 109 85
0.540755 -0.098840 0.304117 136 130 115
0.542646 -0.098280 0.303531 157 131 106
0.541836 -0.095253 0.300983 119 97 67
0.544856 -0.088546 0.301190 151 92 60
0.542783 -0.085013 0.301008 88 70 64
0.580116 0.004894 0.284929 140 147 143
0.524372 -0.127531 0.306753 123 108 90
0.577084 -0.003530 0.285041 132 137 143
0.510500 -0.140257 0.300711 117 76 37
0.592327 0.077976 0.253211 107 138 156
0.591940 0.084097 0.249575 144 152 160
0.535651 0.014359 0.234986 140 152 168
0.538201 0.019870 0.230585 157 167 180
0.538877 0.023922 0.227441 136 151 153
0.476002 -0.122578 0.249799 144 160 175
0.473268 -0.120213 0.249673 162 167 174
0.473674 -0.118910 0.249025 174 180 188
0.484765 -0.092789 0.241855 177 207 204
0.600220 0.185547 0.196439 96 136 141
0.470405 -0.122484 0.247109 173 187 188
0.483879 -0.090353 0.241264 169 184 190
0.523594 0.005616 0.223571 141 158 156
0.525036 0.015732 0.221975 183 201 168
0.467877 -0.120099 0.244518 173 185 189
0.472150 -0.118201 0.242548 177 185 191
0.467218 -0.123153 0.240829 178 189 204
0.477519 -0.089238 0.234350 165 180 191
0.587478 0.172764 0.191405 123 154 166
0.460722 -0.126979 0.237163 176 189 197
0.500818 -0.031859 0.222244 135 149 167
0.515627 0.011081 0.214557 133 134 130
0.528964 0.042572 0.208596 131 157 176
0.551498 0.097041 0.202361 52 59 54
0.554939 0.104742 0.200815 61 68 75
0.563468 0.125638 0.195217 93 103 96
0.566469 0.134656 0.194583 62 76 78
0.571381 0.144647 0.191340 59 79 84
0.576928 0.152295 0.191452 88 106 113
0.588190 0.184844 0.184765 116 124 127
0.589288 0.187337 0.183398 110 121 136
0.514445 0.011572 0.212795 124 127 141
0.514966 0.014189 0.213405 98 104 107
0.517093 0.017417 0.212846 133 120 117
0.523864 0.034630 0.207520 183 194 204
0.528834 0.044062 0.207410 150 177 191
0.541979 0.075658 0.202406 62 63 57
0.541240 0.077318 0.202787 67 67 65
0.545078 0.085413 0.197996 55 47 55
0.549299 0.095203 0.197331 66 67 65
0.549853 0.097366 0.200044 67 75 74
0.554131 0.108164 0.196884 84 90 86
0.558047 0.120392 0.195097 36 43 32
0.565991 0.134585 0.190713 86 104 110
0.566818 0.138510 0.191332 64 87 88
0.568633 0.144013 0.191496 58 80 82
0.572457 0.150972 0.190425 32 57 63
0.584518 0.179688 0.184884 12 11 24
0.587554 0.184995 0.183946 121 141 151
0.510449 0.010679 0.211048 143 180 190
0.522640 0.040773 0.205813 158 178 191
0.524959 0.041809 0.206343 162 172 188
0.527115 0.048721 0.205040 164 181 195
0.528721 0.051043 0.203858 183 191 209
0.540051 0.083829 0.196854 105 93 111
0.545209 0.090830 0.194560 99 99 106
0.552305 0.107830 0.192720 61 62 60
0.553658 0.112616 0.192983 117 119 121
0.567057 0.142173 0.188866 177 197 212
0.479786 -0.060255 0.221005 174 197 213
0.518208 0.031019 0.202109 131 132 132
0.523153 0.044564 0.200509 138 144 160
0.525234 0.049860 0.200773 144 136 133
0.528673 0.051799 0.200110 214 198 232
0.527713 0.060173 0.199274 172 101 104
0.536173 0.079469 0.194621 161 173 190
0.546530 0.098358 0.191974 89 30 33
0.547211 0.102994 0.191438 50 45 47
0.547150 0.106063 0.191293 64 27 48
0.549815 0.110621 0.190451 72 67 69
0.550473 0.111146 0.190031 92 81 96
0.553542 0.117056 0.187863 141 139 157
0.456857 -0.111112 0.225989 158 169 169
0.476812 -0.061909 0.218218 111 158 171
0.480427 -0.053147 0.214276 104 164 195
0.481222 -0.048254 0.213847 101 160 191
0.519868 0.046270 0.199182 134 138 158
0.528443 0.063264 0.196883 199 155 152
0.533966 0.077638 0.192498 160 178 191
0.535220 0.079976 0.192924 165 184 196
0.535907 0.082149 0.192832 145 175 181
0.542329 0.097029 0.189539 88 25 32
0.542931 0.099175 0.189771 131 59 64
0.543182 0.102546 0.188937 196 197 209
0.546910 0.106470 0.187766 106 60 76
0.546809 0.110210 0.187766 155 99 138
0.548361 0.113147 0.187065 161 73 94
0.549829 0.117696 0.187387 247 250 253
0.551941 0.120036 0.187134 171 184 185
0.553300 0.123733 0.185367 157 157 161
0.554657 0.130968 0.183981 217 229 240
0.555315 0.131985 0.183680 201 216 225
0.561169 0.142787 0.181488 147 94 108
0.474594 -0.059437 0.212597 83 121 129
0.477594 -0.055809 0.213527 116 181 207
0.477601 -0.053769 0.212863 117 177 200
0.479489 -0.051479 0.212495 93 153 190
0.481443 -0.047981 0.211597 56 141 180
0.484052 -0.043158 0.210550 164 189 204
0.483535 -0.040270 0.210647 165 181 191
0.485272 -0.038127 0.210046 172 188 199
0.495246 -0.006685 0.204415 179 195 205
0.500970 0.001274 0.205581 161 182 187
0.500340 0.003299 0.203578 153 182 196
0.517290 0.043844 0.194990 63 0 11
0.518646 0.049953 0.195909 103 104 118
0.532688 0.080249 0.192381 226 196 203
0.535022 0.085139 0.191139 160 213 221
0.536188 0.087397 0.189114 134 139 156
0.540827 0.099562 0.188730 90 74 87
0.543332 0.105078 0.183491 255 243 255
0.545495 0.109503 0.185792 200 199 213
0.548660 0.115909 0.182952 255 255 255
0.552604 0.126864 0.182479 140 114 126
0.558230 0.137027 0.180781 37 2 3
0.473301 -0.059497 0.210827 61 101 127
0.473796 -0.056352 0.211465 108 130 153
0.477996 -0.050903 0.210168 59 141 172
0.478226 -0.046609 0.209330 104 158 184
0.482010 -0.031538 0.206338 165 177 178
0.485823 -0.024159 0.204362 165 176 171
0.490086 -0.019021 0.205680 175 191 204
0.493536 -0.009527 0.204129 153 186 199
0.500642 0.006434 0.198500 191 166 95
0.501702 0.009247 0.198624 182 173 79
0.502576 0.011933 0.198611 178 166 123
0.519321 0.051393 0.191655 104 100 111
0.519926 0.051948 0.191944 114 115 128
0.534571 0.089613 0.185787 135 190 213
0.535498 0.093955 0.184019 38 82 90
0.538459 0.099686 0.184756 193 191 212
0.539389 0.103723 0.185200 76 97 125
0.542602 0.107036 0.183021 80 33 45
0.541344 0.111073 0.181253 41 26 35
0.544650 0.113713 0.182267 93 131 145
0.546374 0.117578 0.181519 156 159 184
0.546608 0.119651 0.182727 197 183 220
0.551319 0.127078 0.178897 111 93 109
0.556564 0.145984 0.178496 22 3 7
0.469916 -0.062407 0.209620 129 150 162
0.469750 -0.059469 0.209498 124 138 152
0.471028 -0.056266 0.209107 61 72 77
0.472591 -0.053578 0.208818 173 179 124
0.475290 -0.050607 0.207304 0 119 186
0.478554 -0.040916 0.206887 148 165 170
0.503538 0.024424 0.195640 178 176 179
0.514979 0.048249 0.189414 39 0 24
0.515076 0.049453 0.189656 43 0 12
0.528443 0.083182 0.183337 109 102 107
0.534647 0.095133 0.181630 147 164 161
0.534094 0.097996 0.182369 17 11 4
0.540621 0.110676 0.180487 97 15 80
0.546763 0.124022 0.178586 73 48 57
0.548162 0.128494 0.175381 13 4 27
0.466799 -0.065233 0.206892 175 181 186
0.467140 -0.061469 0.207472 126 167 176
0.485172 -0.014108 0.198399 147 143 105
0.493374 -0.001733 0.196814 239 111 24
0.503071 0.025006 0.192861 181 188 205
0.505613 0.030608 0.191130 175 155 138
0.507241 0.039576 0.190065 158 171 187
0.543861 0.123185 0.176209 79 95 104
0.510136 0.047460 0.186517 103 124 149
0.469279 -0.043954 0.197569 182 206 224
0.684845 0.081618 0.342864 106 82 71
0.682345 0.081834 0.338267 85 67 65
0.682222 0.083048 0.338218 79 76 83
0.693797 0.110774 0.332195 138 118 131
0.681506 0.082984 0.337465 50 57 66
0.692718 0.109976 0.331359 143 121 123
0.683599 0.101436 0.329524 137 127 140
0.664732 0.057611 0.335415 117 116 110
0.666573 0.060945 0.332410 95 68 35
0.682337 0.098013 0.328246 101 100 116
0.665850 0.061537 0.331302 100 65 28
0.679490 0.100737 0.326241 134 141 145
0.663763 0.063590 0.327714 30 33 32
0.664420 0.063806 0.328099 42 92 88
0.676433 0.101147 0.323340 162 177 196
0.678099 0.101511 0.323039 132 138 147
0.677001 0.105369 0.321571 156 151 152
0.661464 0.066348 0.324663 139 155 163
0.674525 0.100373 0.320396 123 120 145
0.675961 0.102259 0.319482 156 170 168
0.659627 0.069012 0.324454 126 149 135
0.672322 0.100707 0.318715 148 166 164
0.674609 0.107767 0.317275 112 135 160
0.673158 0.105606 0.313341 187 200 202
0.670449 0.108462 0.310264 122 141 156
0.670192 0.110464 0.310551 119 134 134
0.667547 0.108841 0.308389 124 136 141
0.594846 -0.055555 0.328863 0 0 0
0.668097 0.122017 0.298473 133 139 160
0.595087 -0.052947 0.326224 0 0 0
0.594681 -0.051292 0.326013 0 0 0
0.599661 -0.042494 0.324245 113 102 42
0.591075 -0.060319 0.325677 0 0 0
0.590200 -0.055433 0.323475 0 0 0
0.589875 -0.053076 0.325180 0 0 0
0.593545 -0.050600 0.324920 0 0 0
0.595773 -0.040656 0.324361 108 69 20
0.600131 -0.030162 0.322610 128 121 89
0.607634 -0.016641 0.317331 145 121 90
0.607412 -0.014688 0.316836 155 120 87
0.588791 -0.053180 0.322298 0 0 0
0.597365 -0.039010 0.319524 78 76 35
0.600138 -0.022516 0.315627 54 45 17
0.606995 -0.013842 0.315784 123 121 108
0.591367 -0.042764 0.317198 69 64 26
0.592495 -0.038002 0.314644 54 58 45
0.586168 -0.050298 0.315287 76 54 7
0.587891 -0.040645 0.313870 131 101 73
0.575726 -0.069013 0.317932 0 0 0
0.575793 -0.066054 0.315768 0 0 0
0.580828 -0.057389 0.314841 0 0 0
0.585196 -0.044890 0.312637 123 95 49
0.585001 -0.042061 0.312639 132 86 39
0.587914 -0.038476 0.310944 106 88 75
0.603148 0.001541 0.302955 141 128 106
0.600711 -0.000093 0.301061 162 133 110
0.555269 -0.102657 0.319194 0 0 0
0.539727 -0.132238 0.319031 169 98 52
0.551762 -0.110338 0.314768 0 0 0
0.551353 -0.107017 0.314947 0 0 0
0.598560 0.012429 0.291400 134 123 81
0.536653 -0.131667 0.314219 164 112 43
0.538694 -0.125402 0.312057 150 119 84
0.540577 -0.122938 0.311782 164 116 98
0.532837 -0.132167 0.311891 108 125 114
0.537647 -0.126833 0.310298 139 121 113
0.543669 -0.097479 0.302135 146 121 87
0.538787 -0.098142 0.296776 157 51 37
0.541192 -0.094168 0.295943 115 110 107
0.565359 -0.034738 0.285664 142 136 118
0.574292 -0.014531 0.281913 128 155 164
0.527349 -0.101528 0.286570 127 99 81
0.515819 -0.115849 0.281549 122 117 91
0.513398 -0.113768 0.280034 123 125 109
0.592120 0.084242 0.244217 144 165 177
0.539711 0.023599 0.227917 138 151 156
0.476133 -0.126128 0.248966 160 168 166
0.484282 -0.097162 0.242214 171 193 198
0.490437 -0.088529 0.240063 167 176 187
0.522579 -0.009500 0.227276 175 193 207
0.471567 -0.125690 0.242996 172 178 178
0.481221 -0.104416 0.238989 179 192 205
0.520163 -0.009936 0.223487 125 148 164
0.523408 -0.001481 0.222713 97 122 133
0.524623 0.004557 0.222406 92 112 103
0.579051 0.137804 0.197905 94 127 143
0.589201 0.158256 0.195239 110 142 153
0.590062 0.163923 0.195742 109 143 148
0.468188 -0.128801 0.240524 174 182 184
0.469443 -0.125462 0.241820 172 184 182
0.518302 -0.012417 0.221784 120 146 163
0.587614 0.164923 0.193571 109 144 153
0.593083 0.176478 0.189922 111 140 146
0.595356 0.177745 0.190521 94 131 140
0.595196 0.180944 0.188653 107 145 156
0.470013 -0.122176 0.237328 176 190 195
0.479599 -0.095347 0.234227 167 180 187
0.587356 0.165914 0.189992 120 154 166
0.591922 0.180665 0.185763 119 152 163
0.596373 0.184492 0.185680 121 156 164
0.460659 -0.130390 0.236940 174 182 188
0.476939 -0.096152 0.231635 171 184 196
0.564262 0.122013 0.193551 96 92 87
0.566230 0.126722 0.193860 79 87 88
0.571611 0.134441 0.190721 61 78 84
0.590287 0.180912 0.183482 127 159 172
0.591279 0.182400 0.183002 119 157 169
0.457106 -0.132688 0.234233 169 185 186
0.477074 -0.093391 0.227514 165 172 167
0.552414 0.097046 0.194901 92 97 95
0.560580 0.117335 0.191556 52 53 47
0.583593 0.174389 0.182269 63 53 68
0.588683 0.180005 0.181489 92 118 130
0.530920 0.046816 0.200653 157 166 185
0.531479 0.049247 0.200012 151 166 177
0.534451 0.060400 0.197925 166 108 112
0.545352 0.089156 0.194678 109 141 149
0.547418 0.091234 0.194116 70 72 74
0.551647 0.101721 0.193039 64 70 73
0.551714 0.103972 0.192368 71 69 73
0.554914 0.109699 0.189943 131 126 111
0.559834 0.120342 0.187802 49 45 46
0.562970 0.125586 0.189304 67 76 79
0.486008 -0.058742 0.215703 168 184 195
0.486690 -0.048379 0.214331 176 190 205
0.520222 0.028995 0.202692 141 141 147
0.522100 0.032449 0.199152 130 139 153
0.528351 0.043580 0.199377 156 173 190
0.529383 0.046919 0.198019 138 147 159
0.529130 0.050839 0.199092 175 237 249
0.529931 0.054027 0.197206 176 187 195
0.532680 0.060216 0.197616 179 148 151
0.545413 0.094944 0.190040 153 140 155
0.548475 0.097043 0.189541 72 40 47
0.553115 0.110871 0.188739 52 54 51
0.556869 0.113660 0.187318 30 29 28
0.556412 0.117458 0.186171 77 60 42
0.481495 -0.064039 0.214846 165 187 197
0.481977 -0.055093 0.212208 91 174 208
0.483622 -0.050904 0.211672 78 155 183
0.485285 -0.048790 0.211051 128 171 192
0.487736 -0.040435 0.209549 177 190 197
0.523471 0.042332 0.196868 135 139 153
0.526069 0.048112 0.193761 112 116 122
0.533412 0.068872 0.192051 165 184 203
0.535209 0.076002 0.190519 163 178 192
0.537209 0.077515 0.190284 162 188 205
0.542000 0.089447 0.189066 75 20 33
0.542676 0.093716 0.187487 125 108 124
0.545709 0.096985 0.186817 90 17 22
0.546878 0.101990 0.186426 155 143 142
0.547525 0.104984 0.185163 73 44 57
0.551837 0.115246 0.185636 99 127 151
0.553211 0.117325 0.182639 208 210 229
0.476787 -0.063331 0.210268 115 139 146
0.478784 -0.058834 0.211828 89 148 189
0.479984 -0.054360 0.210945 80 155 186
0.482514 -0.051950 0.209063 47 134 173
0.483834 -0.048981 0.209344 77 149 182
0.484453 -0.046986 0.208153 60 132 167
0.499481 -0.014404 0.203752 175 187 194
0.497464 -0.013040 0.203017 182 193 201
0.498650 -0.009828 0.200791 172 165 101
0.518957 0.034337 0.194785 128 105 110
0.520192 0.041153 0.192393 60 0 12
0.523114 0.045025 0.193103 116 122 132
0.528517 0.061570 0.191751 153 112 109
0.535721 0.074211 0.188734 154 179 194
0.534938 0.078643 0.188251 137 154 169
0.537441 0.080048 0.188286 160 187 208
0.540732 0.093341 0.185549 137 155 171
0.542032 0.096351 0.183825 62 0 0
0.542892 0.097318 0.184980 59 0 0
0.545792 0.102551 0.183140 228 237 243
0.545960 0.105288 0.183525 154 132 147
0.546708 0.108834 0.182012 110 134 149
0.550046 0.111337 0.182213 164 98 141
0.550352 0.116361 0.180467 240 232 241
0.551269 0.117659 0.180822 232 227 230
0.553631 0.121619 0.179519 245 255 255
0.468220 -0.078200 0.212561 163 176 181
0.473430 -0.062612 0.208774 124 134 145
0.475698 -0.060887 0.206738 54 77 105
0.477546 -0.056415 0.208045 21 123 174
0.478284 -0.053638 0.206559 63 142 171
0.481186 -0.051260 0.206705 64 124 155
0.481182 -0.046580 0.208865 118 150 164
0.485103 -0.037238 0.206235 166 184 193
0.494355 -0.014112 0.202529 167 187 199
0.496648 -0.011171 0.198893 184 167 98
0.502495 0.002713 0.197320 180 170 98
0.502716 0.007409 0.198645 183 174 105
0.510315 0.021752 0.195525 157 140 111
0.520679 0.051590 0.191567 101 56 69
0.535698 0.084603 0.183030 255 255 255
0.537310 0.092485 0.184450 24 52 62
0.539635 0.095515 0.181712 92 63 71
0.542142 0.097535 0.182792 68 0 0
0.543533 0.103230 0.179972 166 181 201
0.542752 0.105063 0.180503 81 62 77
0.546894 0.109821 0.180086 104 101 111
0.547592 0.118803 0.179429 168 171 189
0.553719 0.125676 0.177549 149 199 215
0.555351 0.135669 0.173823 45 4 5
0.560213 0.148072 0.174617 59 0 57
0.468555 -0.072790 0.208291 163 178 179
0.470293 -0.068856 0.206228 168 185 190
0.472165 -0.063072 0.207844 133 152 158
0.473220 -0.061289 0.206092 138 168 169
0.475639 -0.057096 0.205395 28 88 118
0.475845 -0.055486 0.204114 9 35 58
0.476706 -0.049941 0.204201 59 126 167
0.479516 -0.043203 0.204026 143 162 171
0.492098 -0.012943 0.199783 170 186 183
0.496703 -0.008038 0.197206 174 190 78
0.497965 -0.000547 0.195067 241 200 87
0.501652 0.004796 0.194909 185 162 79
0.508964 0.026713 0.189600 165 169 185
0.507736 0.030108 0.190528 166 169 186
0.532327 0.080579 0.181932 86 110 135
0.531209 0.082357 0.181789 123 91 100
0.535124 0.094615 0.179605 78 91 90
0.538416 0.096457 0.180355 144 104 113
0.474286 -0.050610 0.203726 24 80 111
0.487635 -0.020814 0.197216 174 182 190
0.508816 0.033097 0.187659 139 150 160
0.449718 -0.107941 0.208868 180 181 189
0.505655 0.030742 0.184479 160 161 161
0.506699 0.043072 0.181821 127 122 146
0.508048 0.049569 0.176882 63 92 108
0.683621 0.082443 0.336117 125 83 57
0.694952 0.106981 0.332150 135 131 137
0.696653 0.108017 0.332181 148 138 130
0.682576 0.080758 0.333112 131 100 77
0.683066 0.081895 0.333105 128 113 99
0.687565 0.092697 0.331594 140 126 148
0.692673 0.106101 0.329545 110 103 106
0.682501 0.086023 0.328378 133 127 103
0.666732 0.060561 0.331744 105 80 43
0.687393 0.101206 0.325300 127 72 76
0.687293 0.101964 0.325511 130 83 76
0.663370 0.051216 0.328941 187 179 172
0.666053 0.058565 0.328095 226 184 143
0.666117 0.061534 0.328622 130 100 69
0.665933 0.063566 0.328659 88 81 58
0.662653 0.051515 0.327844 167 148 137
0.661144 0.055002 0.327179 123 112 96
0.664796 0.062789 0.328008 102 91 76
0.665678 0.063565 0.327905 92 88 84
0.660347 0.058028 0.326461 80 85 84
0.663943 0.062717 0.324210 157 173 162
0.660603 0.060493 0.321058 128 118 112
0.677422 0.106507 0.311499 189 222 253
0.677618 0.120065 0.304234 109 121 109
0.669834 0.105407 0.303656 160 163 145
0.670609 0.109301 0.303984 135 149 137
0.610377 -0.030784 0.325238 0 0 0
0.669098 0.105386 0.302730 120 136 142
0.681556 0.140331 0.296497 113 137 141
0.597196 -0.053094 0.327482 0 0 0
0.609823 -0.029552 0.324852 0 0 0
0.669389 0.115345 0.298272 153 161 164
0.592354 -0.063738 0.325413 0 0 0
0.595734 -0.054294 0.324517 0 0 0
0.599926 -0.044353 0.323728 107 97 59
0.668334 0.118870 0.297029 136 142 154
0.591297 -0.062355 0.324463 0 0 0
0.593911 -0.054950 0.321772 0 0 0
0.597604 -0.043003 0.321413 84 86 69
0.607424 -0.016455 0.316076 133 124 93
0.607440 -0.014884 0.315509 130 118 93
0.582476 -0.077974 0.323010 0 0 0
0.588987 -0.063496 0.322084 0 0 0
0.590231 -0.061308 0.320591 0 0 0
0.593091 -0.054907 0.320547 0 0 0
0.596350 -0.043831 0.319763 61 69 37
0.589593 -0.056264 0.317175 78 77 67
0.589321 -0.052335 0.316717 114 91 66
0.601613 -0.019674 0.310660 127 132 116
0.605448 -0.016206 0.308807 158 138 114
0.605872 -0.013776 0.307569 148 128 105
0.580755 -0.066535 0.314532 0 0 0
0.593339 -0.036572 0.311693 129 65 12
0.601509 -0.019299 0.309358 124 127 117
0.601732 -0.017572 0.309724 126 133 129
0.604355 -0.014470 0.307745 136 133 119
0.579130 -0.064076 0.312820 0 0 0
0.581332 -0.061578 0.313912 0 0 0
0.580873 -0.059564 0.313176 0 0 0
0.586137 -0.049170 0.310781 45 52 29
0.587779 -0.042666 0.308836 123 99 50
0.598869 -0.018372 0.306253 115 103 60
0.600210 -0.012446 0.303184 140 118 90
0.580484 -0.058402 0.311301 0 0 0
0.587736 -0.042345 0.306798 125 110 65
0.587765 -0.038771 0.304726 119 89 39
0.587741 -0.035943 0.305928 118 109 87
0.599328 -0.011005 0.301780 161 115 86
0.601012 -0.007929 0.299921 147 116 91
0.539629 -0.146900 0.320831 117 130 127
0.555646 -0.108008 0.315025 0 0 0
0.587132 -0.037255 0.304507 135 99 47
0.586617 -0.035606 0.304274 113 102 69
0.596766 -0.010921 0.300825 166 122 92
0.597050 -0.008013 0.299159 140 117 90
0.597736 -0.005209 0.299108 140 109 82
0.550584 -0.111852 0.312793 0 0 0
0.556267 -0.103851 0.310900 0 0 0
0.586104 -0.027341 0.298964 138 135 97
0.541874 -0.131994 0.312006 140 105 94
0.555643 -0.103588 0.309373 0 0 0
0.537670 -0.138068 0.312602 125 80 45
0.539402 -0.128282 0.310704 130 121 112
0.539154 -0.126783 0.310218 117 113 107
0.538784 -0.130134 0.308526 129 121 108
0.537918 -0.126579 0.308636 127 118 114
0.549853 -0.098576 0.302985 146 126 103
0.538308 -0.125912 0.306113 121 115 116
0.548778 -0.096152 0.300760 129 132 123
0.543034 -0.104177 0.299065 136 117 98
0.543753 -0.099666 0.296771 134 131 119
0.546604 -0.093820 0.298492 112 121 99
0.543648 -0.100656 0.294770 139 127 108
0.543167 -0.099029 0.295590 127 122 104
0.543127 -0.093465 0.294691 134 124 107
0.544701 -0.091535 0.294253 129 107 93
0.546449 -0.088621 0.294814 118 81 67
0.567550 -0.041743 0.284845 120 113 89
0.570173 -0.030617 0.285265 136 129 127
0.572158 -0.024539 0.281728 130 142 138
0.536195 -0.105805 0.294110 122 115 84
0.543687 -0.093599 0.292412 133 121 97
0.570111 -0.026286 0.279014 127 147 144
0.532157 -0.104570 0.287532 116 98 85
0.531190 -0.101895 0.283714 131 109 81
0.596222 0.075315 0.249609 147 168 179
0.524094 -0.100229 0.274282 133 119 104
0.606735 0.105467 0.239225 141 165 171
0.609802 0.112054 0.238570 137 164 179
0.537615 -0.057134 0.265034 140 155 164
0.593286 0.077209 0.240491 120 142 149
0.594125 0.079173 0.240730 103 130 139
0.605958 0.112464 0.233127 179 186 193
0.503915 -0.107371 0.258814 122 120 124
0.502767 -0.103659 0.258227 132 127 133
0.501267 -0.107166 0.256297 125 116 109
0.501940 -0.104939 0.256815 121 118 118
0.497083 -0.103823 0.249953 128 122 110
0.482899 -0.124607 0.248828 147 158 162
0.542555 0.018620 0.225634 130 145 155
0.490944 -0.099281 0.240449 188 182 196
0.533125 0.004488 0.222483 163 183 200
0.484700 -0.108758 0.239606 183 199 209
0.488105 -0.100615 0.237606 173 189 197
0.527432 -0.004456 0.224198 127 161 182
0.528178 0.001557 0.223337 97 145 154
0.529794 0.004249 0.222638 83 118 131
0.592834 0.161875 0.194786 104 137 148
0.600594 0.176625 0.191232 111 145 153
0.481107 -0.110210 0.238730 168 196 209
0.483855 -0.107415 0.238165 171 190 199
0.484851 -0.096982 0.236685 171 181 193
0.518400 -0.022141 0.222059 118 140 153
0.519517 -0.017134 0.221602 126 148 161
0.519559 -0.014578 0.222085 119 142 150
0.528725 0.003179 0.220009 162 189 199
0.591785 0.160644 0.194447 111 141 152
0.597882 0.177557 0.190544 108 143 152
0.470742 -0.128263 0.237438 170 186 192
0.473217 -0.123303 0.238070 182 191 196
0.474326 -0.120673 0.237603 181 194 200
0.477025 -0.112660 0.237811 178 206 218
0.480331 -0.109775 0.236120 164 194 212
0.484423 -0.099732 0.233024 176 187 196
0.487199 -0.092814 0.232424 187 190 197
0.589892 0.160620 0.188236 113 145 157
0.594837 0.174449 0.189730 111 146 152
0.468341 -0.129228 0.236652 167 181 182
0.469063 -0.126078 0.236121 171 186 188
0.471393 -0.123355 0.236640 176 190 199
0.471361 -0.120332 0.234416 186 196 185
0.477662 -0.109623 0.233967 176 199 212
0.481766 -0.096449 0.232064 183 200 205
0.587931 0.158911 0.187328 113 146 159
0.590641 0.167585 0.184624 108 161 174
0.594472 0.175322 0.184684 100 154 155
0.594407 0.178443 0.184394 111 146 153
0.596518 0.180500 0.183610 138 177 193
0.592060 0.175013 0.181609 163 185 196
0.592284 0.179565 0.182715 141 172 188
0.592932 0.181367 0.182530 139 163 171
0.528400 0.031377 0.202848 136 153 176
0.549827 0.084336 0.194460 62 50 50
0.562910 0.116437 0.188555 99 96 85
0.567191 0.125089 0.187578 80 76 79
0.569845 0.129797 0.187746 59 76 78
0.575126 0.144334 0.186754 85 89 86
0.461709 -0.129747 0.229773 177 188 187
0.531038 0.043703 0.200486 167 189 204
0.531770 0.045171 0.199677 165 195 210
0.533041 0.048807 0.198312 158 168 182
0.534704 0.050629 0.196580 192 179 184
0.548755 0.087672 0.190094 108 99 109
0.554307 0.099064 0.189502 62 53 54
0.556169 0.105547 0.187700 101 103 95
0.558894 0.107994 0.187761 71 69 57
0.559526 0.112248 0.186856 79 74 71
0.561324 0.115612 0.187342 43 38 25
0.570429 0.135591 0.182211 78 92 99
0.459340 -0.126261 0.223406 172 190 189
0.484934 -0.063716 0.214851 161 178 196
0.487308 -0.061063 0.214197 156 178 202
0.505432 -0.016126 0.207507 147 173 196
0.522208 0.028170 0.200572 167 173 188
0.525042 0.038694 0.197875 118 135 152
0.528903 0.042199 0.197925 151 180 196
0.531357 0.046554 0.195995 160 162 182
0.531179 0.048460 0.195720 147 188 203
0.532533 0.052283 0.193141 192 125 134
0.534106 0.054706 0.193728 169 138 126
0.545525 0.088208 0.189942 203 208 221
0.553221 0.103511 0.185492 65 55 32
0.555297 0.105215 0.186932 116 114 90
0.556492 0.108105 0.186439 75 80 81
0.459560 -0.120225 0.221428 170 183 178
0.479610 -0.072358 0.215256 142 150 155
0.483737 -0.060774 0.210752 61 136 172
0.486991 -0.054316 0.211507 154 187 210
0.488025 -0.049239 0.209221 161 174 186
0.496068 -0.030526 0.206486 163 183 201
0.496905 -0.027800 0.206983 165 187 204
0.499536 -0.024368 0.206089 163 183 200
0.501117 -0.014134 0.203687 173 194 202
0.505417 -0.006634 0.201729 150 182 203
0.525338 0.041001 0.192559 130 133 140
0.525702 0.043464 0.193512 137 130 135
0.528186 0.047223 0.193839 133 142 151
0.529265 0.048397 0.194232 147 162 178
0.529318 0.054530 0.192614 190 200 200
0.532781 0.059587 0.191504 215 157 153
0.538823 0.078153 0.188658 163 181 202
0.542453 0.088840 0.186008 90 37 44
0.547233 0.090800 0.185640 217 58 77
0.546118 0.091983 0.185051 144 56 54
0.549458 0.096394 0.185298 162 101 108
0.549325 0.098363 0.183651 53 0 0
0.550601 0.103515 0.183586 34 21 7
0.551858 0.105480 0.183247 37 31 30
0.555029 0.114400 0.182161 109 103 105
0.555495 0.117224 0.180776 140 130 122
0.556416 0.119325 0.180527 73 53 49
0.479018 -0.066200 0.210755 113 139 153
0.480427 -0.063317 0.208900 116 155 176
0.482518 -0.059798 0.207516 20 120 167
0.483057 -0.057060 0.207808 47 135 177
0.483247 -0.053301 0.207904 61 154 190
0.484291 -0.050049 0.206880 67 158 197
0.486627 -0.046862 0.206619 108 157 179
0.498428 -0.017075 0.201505 166 193 204
0.500006 -0.013782 0.201136 186 188 195
0.502011 -0.009391 0.198755 172 164 94
0.504049 -0.004943 0.198408 191 179 96
0.503339 -0.003353 0.198996 173 164 82
0.524559 0.042655 0.191824 135 116 125
0.528614 0.057621 0.189561 142 161 173
0.536393 0.072856 0.187530 165 177 192
0.540191 0.085540 0.184701 100 68 78
0.544771 0.094868 0.182776 138 165 179
0.546396 0.096520 0.182164 98 66 78
0.547193 0.101481 0.182331 204 202 209
0.547858 0.103871 0.181437 192 190 189
0.554068 0.114982 0.179505 159 34 85
0.554121 0.116671 0.178654 206 190 186
0.554377 0.120738 0.178657 223 216 222
0.556220 0.123888 0.176835 255 255 255
0.472275 -0.070948 0.207928 166 182 181
0.477878 -0.062704 0.206747 83 90 106
0.479596 -0.059128 0.205069 0 81 119
0.480379 -0.056136 0.204534 9 107 147
0.481549 -0.052640 0.205445 11 112 154
0.483156 -0.048532 0.204786 81 171 207
0.484416 -0.046916 0.204244 86 150 188
0.486906 -0.043848 0.204356 151 179 202
0.496541 -0.018050 0.199420 162 188 208
0.494417 -0.016144 0.198909 178 177 165
0.498838 -0.011997 0.197430 179 168 101
0.500386 -0.010195 0.197725 170 162 96
0.502058 -0.006525 0.196848 184 185 77
0.502915 -0.002595 0.195453 168 165 102
0.503849 -0.000731 0.195733 183 169 94
0.511903 0.020810 0.190882 233 213 165
0.511361 0.025509 0.191671 163 131 91
0.515606 0.028834 0.191200 169 181 162
0.540734 0.091678 0.180020 72 93 104
0.542279 0.093997 0.179942 99 95 106
0.542167 0.097385 0.180299 74 0 0
0.546558 0.103713 0.178128 204 226 233
0.549062 0.108460 0.176307 52 22 34
0.549583 0.110688 0.176887 88 57 70
0.553149 0.121645 0.175116 137 118 137
0.553922 0.123143 0.174903 125 112 128
0.458478 -0.103177 0.209389 193 164 182
0.473037 -0.073377 0.205696 164 182 182
0.474340 -0.066112 0.203653 145 163 169
0.477898 -0.059095 0.204583 0 44 57
0.479410 -0.056966 0.202726 0 127 175
0.495500 -0.011506 0.196178 55 130 16
0.500461 -0.004005 0.194803 255 208 111
0.501447 0.000376 0.193021 203 185 56
0.505359 0.010418 0.189530 170 187 191
0.517660 0.042080 0.187279 91 47 43
0.534766 0.083156 0.177371 92 83 86
0.536801 0.089429 0.180006 206 255 255
0.540417 0.094383 0.178347 138 142 156
0.540181 0.097871 0.177157 81 35 52
0.553566 0.127653 0.173343 177 230 245
0.563440 0.153262 0.168347 136 194 212
0.473556 -0.066749 0.202134 153 184 184
0.487765 -0.028674 0.195440 187 179 155
0.506009 0.018347 0.185284 175 175 153
0.508748 0.023515 0.185195 204 150 87
0.531031 0.080261 0.174964 95 119 130
0.553211 0.129272 0.168670 110 143 182
0.471993 -0.061644 0.197654 118 194 197
0.496298 0.002757 0.189508 212 234 228
0.498742 0.009835 0.182407 192 198 198
0.507661 0.035412 0.177256 182 144 110
0.507386 0.047717 0.170875 207 203 197
0.690553 0.089691 0.332332 90 89 101
0.685471 0.080860 0.330620 142 115 85
0.686148 0.082701 0.328100 175 144 115
0.683233 0.084104 0.326920 126 117 127
0.689590 0.097454 0.326973 72 73 75
0.672976 0.059476 0.328868 205 195 161
0.682184 0.083590 0.325683 118 90 71
0.682578 0.085157 0.326950 128 142 122
0.664185 0.049956 0.327671 156 158 150
0.665783 0.051691 0.326686 166 165 149
0.669150 0.055915 0.327277 148 123 101
0.667465 0.059116 0.327746 188 141 109
0.662923 0.051281 0.326833 161 153 140
0.664408 0.052264 0.325755 158 152 137
0.666363 0.056819 0.325579 133 120 107
0.668169 0.058091 0.324918 134 129 128
0.663055 0.060109 0.321359 139 128 122
0.660787 0.057774 0.320443 139 135 124
0.663630 0.063930 0.316722 138 132 129
0.661785 0.060802 0.316376 142 147 143
0.661626 0.076748 0.308268 121 149 158
0.675129 0.116301 0.297407 131 137 143
0.668527 0.117681 0.292538 156 153 147
0.591485 -0.062799 0.320547 0 0 0
0.584514 -0.077972 0.320787 0 0 0
0.586094 -0.077348 0.319838 0 0 0
0.594220 -0.058242 0.318157 0 0 0
0.595452 -0.054925 0.316207 0 0 0
0.595963 -0.052906 0.316515 0 0 0
0.595758 -0.049987 0.315598 0 0 0
0.590256 -0.057730 0.316680 82 76 54
0.595721 -0.044585 0.315237 74 71 47
0.585375 -0.064776 0.311750 0 0 0
0.588347 -0.057537 0.310415 116 119 115
0.592866 -0.045418 0.309842 123 100 81
0.582314 -0.064287 0.310812 0 0 0
0.587769 -0.057656 0.309970 76 119 144
0.590009 -0.049630 0.308772 102 108 88
0.581475 -0.061584 0.309537 0 0 0
0.588466 -0.043314 0.304510 118 85 40
0.601071 -0.016402 0.300768 149 120 96
0.545142 -0.145587 0.317265 110 105 98
0.588095 -0.042754 0.301250 95 63 6
0.541769 -0.133330 0.311169 123 117 114
0.555726 -0.097976 0.305446 140 111 38
0.594829 -0.005146 0.288901 160 124 83
0.551654 -0.107303 0.301530 151 111 61
0.566527 -0.066462 0.292896 49 68 54
0.550295 -0.100534 0.299662 129 119 116
0.565059 -0.067123 0.292456 107 102 85
0.549169 -0.097613 0.293058 124 115 103
0.543260 -0.099222 0.293257 137 131 120
0.567192 -0.043607 0.284701 129 116 96
0.543225 -0.099088 0.291659 134 128 113
0.535448 -0.095665 0.281371 135 109 96
0.518229 -0.134488 0.284855 102 85 38
0.518733 -0.129255 0.285135 97 81 58
0.526357 -0.118758 0.283157 118 87 51
0.534403 -0.099915 0.279703 123 113 80
0.517054 -0.135502 0.282427 136 126 96
0.516757 -0.130524 0.283698 123 121 83
0.528469 -0.099316 0.276257 135 131 123
0.530001 -0.097203 0.275152 128 123 117
0.599966 0.076022 0.246569 130 153 157
0.529583 -0.096356 0.273495 102 82 86
0.539502 -0.058698 0.263159 140 159 170
0.602857 0.105096 0.231895 113 129 146
0.506424 -0.114082 0.259950 153 144 133
0.504912 -0.108215 0.256992 122 117 116
0.501091 -0.115347 0.255267 122 117 113
0.501579 -0.111742 0.254281 129 122 120
0.502853 -0.108706 0.254480 122 119 118
0.503817 -0.106529 0.254673 119 111 108
0.501745 -0.111715 0.252456 128 125 122
0.502702 -0.108142 0.252345 128 127 132
0.496570 -0.114408 0.250024 112 112 107
0.497658 -0.112317 0.248869 123 116 108
0.496190 -0.102902 0.241660 153 145 148
0.492557 -0.103399 0.241510 158 166 176
0.532995 -0.007146 0.222700 152 190 206
0.532490 -0.000284 0.222470 147 181 195
0.484804 -0.110190 0.238431 184 204 209
0.490957 -0.099484 0.236807 177 190 192
0.529103 -0.009650 0.221994 118 148 165
0.530948 -0.006414 0.220935 144 179 200
0.530339 -0.003457 0.218990 119 155 177
0.532121 0.000086 0.218668 102 135 153
0.484279 -0.110192 0.237479 179 191 202
0.484396 -0.108762 0.236968 173 192 209
0.488004 -0.103460 0.235455 173 180 188
0.490785 -0.097484 0.233296 179 192 200
0.491636 -0.097135 0.233741 179 188 195
0.520687 -0.024281 0.220272 119 144 156
0.521301 -0.020070 0.220364 117 141 156
0.529084 -0.004114 0.219082 130 168 181
0.529625 -0.002840 0.217266 139 175 192
0.599156 0.172081 0.186973 115 149 159
0.476523 -0.124495 0.237677 184 187 195
0.482689 -0.108972 0.232462 170 193 204
0.488038 -0.093969 0.232778 174 169 179
0.500795 -0.063144 0.223648 161 175 187
0.526921 -0.004813 0.216257 136 165 184
0.596372 0.165921 0.186479 119 152 166
0.595959 0.170126 0.184839 123 152 154
0.597010 0.172541 0.184851 114 152 167
0.597950 0.175364 0.185301 118 157 175
0.471476 -0.126968 0.234343 183 187 173
0.475413 -0.121453 0.231539 177 190 196
0.479579 -0.110455 0.231520 174 198 214
0.589609 0.161084 0.184465 128 165 180
0.590367 0.165073 0.183905 121 167 185
0.593513 0.168800 0.184922 112 145 154
0.593828 0.173431 0.183599 130 163 162
0.596374 0.179053 0.182416 138 165 179
0.482975 -0.093317 0.226467 182 195 208
0.500432 -0.054388 0.218081 153 176 190
0.571659 0.123864 0.186569 74 78 76
0.573439 0.129427 0.186234 69 82 84
0.591209 0.165071 0.180638 138 177 186
0.593882 0.172885 0.180852 130 165 180
0.465629 -0.129278 0.230350 175 187 188
0.530328 0.029069 0.200973 144 150 150
0.566811 0.118765 0.186707 62 65 58
0.569385 0.120278 0.185720 69 69 59
0.490141 -0.066208 0.213299 169 188 195
0.526103 0.023218 0.199394 157 174 196
0.531207 0.030797 0.199421 130 141 155
0.533261 0.040742 0.196026 164 188 205
0.534085 0.045166 0.195389 153 177 189
0.534831 0.046663 0.195995 165 182 194
0.536622 0.050006 0.195141 187 183 196
0.556531 0.102178 0.187412 73 75 69
0.560714 0.106992 0.184630 98 85 58
0.561747 0.112032 0.184556 63 55 52
0.568216 0.124868 0.183031 88 89 84
0.483513 -0.074266 0.212353 116 144 161
0.486063 -0.070528 0.214215 147 163 173
0.488080 -0.065218 0.212889 165 176 189
0.530413 0.041597 0.194420 142 164 183
0.533453 0.045398 0.194596 137 170 183
0.551333 0.092276 0.185634 108 92 105
0.553027 0.097766 0.185836 57 56 57
0.556096 0.101252 0.184690 111 120 123
0.556891 0.105136 0.183191 66 59 55
0.557279 0.108551 0.182321 73 65 59
0.485597 -0.060330 0.209167 75 148 184
0.486725 -0.058742 0.207719 43 138 179
0.490639 -0.050395 0.207812 170 191 211
0.498213 -0.033904 0.206332 178 196 206
0.499509 -0.030483 0.204845 160 187 205
0.500998 -0.029863 0.204748 156 182 202
0.504805 -0.014687 0.200499 177 191 212
0.527336 0.041554 0.191658 121 140 147
0.535686 0.058731 0.188002 187 117 116
0.539249 0.068339 0.187017 142 127 132
0.548012 0.086127 0.183658 27 18 40
0.547438 0.089465 0.184743 94 52 65
0.549172 0.091134 0.183254 128 48 61
0.551022 0.094494 0.181324 37 109 114
0.550721 0.097799 0.181779 98 0 0
0.554973 0.099665 0.181692 141 192 228
0.555854 0.114181 0.179042 181 169 172
0.559522 0.113405 0.178609 89 33 22
0.482115 -0.066834 0.205978 94 127 142
0.483160 -0.064427 0.206720 87 136 165
0.483842 -0.060060 0.206174 24 123 166
0.484397 -0.058469 0.206495 45 120 146
0.487642 -0.055273 0.206791 107 175 200
0.488320 -0.052505 0.204925 134 180 209
0.488859 -0.049713 0.202332 147 182 201
0.492597 -0.038297 0.203070 171 188 199
0.494957 -0.035190 0.199575 173 194 194
0.497397 -0.030769 0.200541 163 189 211
0.497003 -0.028794 0.199589 169 188 199
0.500058 -0.016757 0.199335 165 186 194
0.502766 -0.013396 0.196851 175 191 201
0.506469 -0.008604 0.198332 183 194 193
0.524376 0.040525 0.187836 93 0 5
0.525872 0.041355 0.190193 130 121 120
0.527014 0.044956 0.186572 144 100 99
0.539535 0.072322 0.182719 142 170 189
0.540716 0.075118 0.182435 141 150 162
0.543753 0.086901 0.179622 89 41 51
0.545550 0.090290 0.180135 78 19 34
0.546742 0.094333 0.180880 114 127 144
0.547730 0.095756 0.180220 177 155 166
0.549642 0.098899 0.180135 55 0 5
0.553985 0.105353 0.178465 51 51 49
0.553572 0.110961 0.176887 76 72 87
0.554557 0.112528 0.177424 102 72 78
0.479046 -0.067856 0.202862 141 154 169
0.480481 -0.065510 0.205079 135 110 107
0.482386 -0.060433 0.204017 27 103 144
0.487830 -0.044108 0.202467 157 185 203
0.501770 -0.013846 0.196088 175 178 188
0.501862 -0.011702 0.197010 177 177 94
0.503215 -0.006547 0.194833 199 172 94
0.504755 -0.003257 0.194434 188 181 113
0.509403 0.011752 0.190609 180 187 202
0.513972 0.014337 0.191675 176 182 196
0.514420 0.019027 0.190384 162 183 195
0.526181 0.042771 0.185702 116 68 80
0.526171 0.047174 0.187314 78 0 35
0.528027 0.049201 0.185415 119 77 87
0.538384 0.078994 0.180015 95 106 126
0.546957 0.095440 0.177124 149 204 230
0.548778 0.103484 0.175622 228 229 251
0.552845 0.110565 0.175027 164 149 177
0.553535 0.112544 0.173179 127 95 103
0.554222 0.118285 0.173435 45 74 99
0.567093 0.149736 0.167138 131 145 155
0.476515 -0.066864 0.202716 142 157 160
0.477565 -0.064880 0.202456 141 158 164
0.479907 -0.060072 0.200751 61 96 118
0.486589 -0.044416 0.198208 147 181 200
0.486680 -0.040954 0.197613 161 181 193
0.503147 -0.001059 0.192394 185 180 83
0.508715 0.009958 0.188576 175 192 200
0.512920 0.023741 0.186264 172 122 60
0.516961 0.033306 0.184264 215 190 196
0.518556 0.036496 0.184937 155 180 216
0.523029 0.044892 0.184131 158 0 6
0.537761 0.083935 0.177113 127 108 126
0.543579 0.096892 0.174639 73 37 50
0.545698 0.100339 0.172840 99 4 3
0.547162 0.103656 0.174239 226 229 253
0.547139 0.106435 0.173365 202 205 225
0.556447 0.125845 0.168001 155 133 183
0.461536 -0.096366 0.202439 185 168 186
0.478087 -0.059557 0.198872 149 172 180
0.485164 -0.043045 0.196173 148 177 183
0.490666 -0.025543 0.190228 183 191 252
0.503289 0.008633 0.186640 173 183 179
0.507890 0.018076 0.184429 168 181 195
0.510882 0.023635 0.185581 180 137 85
0.512472 0.030427 0.183636 205 117 9
0.518306 0.037714 0.181014 183 179 200
0.535965 0.085071 0.174982 119 209 223
0.536648 0.087504 0.173551 174 137 143
0.540637 0.093674 0.172956 135 169 174
0.513825 0.038069 0.179332 172 120 60
0.505047 0.020447 0.180660 179 216 216
0.512491 0.039288 0.177965 139 130 163
0.489837 -0.004617 0.176967 177 219 255
0.508146 0.042075 0.168536 148 156 147
0.694206 0.084131 0.333166 149 126 128
0.687200 0.079612 0.329359 158 130 95
0.677431 0.058979 0.329997 182 168 127
0.686383 0.080799 0.327465 168 136 104
0.687141 0.084601 0.325322 125 123 105
0.673103 0.055720 0.330182 183 169 142
0.673934 0.057397 0.326171 171 162 144
0.674061 0.060083 0.328277 155 161 139
0.666492 0.049260 0.325233 153 161 146
0.669676 0.051968 0.325588 159 155 148
0.663997 0.051685 0.323161 162 158 153
0.670038 0.058403 0.320637 156 151 147
0.669916 0.060387 0.320357 148 155 154
0.667627 0.060082 0.319403 157 145 140
0.669177 0.060900 0.319035 152 143 139
0.664507 0.061004 0.316885 140 138 135
0.666876 0.062104 0.315523 146 149 143
0.667524 0.066527 0.315292 140 148 141
0.672205 0.077179 0.311767 131 140 145
0.672212 0.077765 0.311449 141 153 151
0.664695 0.062334 0.313256 168 148 132
0.665453 0.068105 0.313916 144 129 137
0.685451 0.115877 0.302354 192 225 227
0.687540 0.124423 0.301250 108 116 119
0.688109 0.124629 0.299465 116 128 130
0.659853 0.068698 0.306500 205 230 235
0.657816 0.069182 0.304622 205 235 245
0.658077 0.071430 0.304195 199 221 228
0.660750 0.076277 0.304303 160 194 197
0.663067 0.080103 0.303565 145 179 176
0.673271 0.111815 0.293027 132 142 142
0.671496 0.113432 0.290258 125 140 143
0.609215 -0.030462 0.312278 108 100 72
0.610200 -0.027448 0.312466 155 128 98
0.669034 0.118428 0.288601 140 152 159
0.596630 -0.053702 0.314937 0 0 0
0.609567 -0.030209 0.310226 156 141 84
0.609538 -0.027036 0.309972 169 132 81
0.666970 0.113717 0.284893 130 140 142
0.607840 -0.025729 0.305772 131 96 52
0.608747 -0.024195 0.305911 155 111 57
0.586414 -0.065968 0.310151 0 0 0
0.589638 -0.057638 0.309222 136 105 62
0.592070 -0.055577 0.309972 126 117 82
0.593125 -0.051864 0.310019 94 104 89
0.593260 -0.047773 0.308563 109 102 89
0.585708 -0.069704 0.308851 0 0 0
0.589774 -0.055114 0.305559 112 100 82
0.589880 -0.052160 0.305189 123 89 54
0.584581 -0.064307 0.306714 0 0 0
0.585071 -0.056027 0.303738 76 66 57
0.587436 -0.054865 0.303676 118 98 83
0.545427 -0.145673 0.316504 118 112 105
0.546844 -0.144848 0.316161 127 123 107
0.545232 -0.144683 0.315362 138 138 126
0.609199 0.017239 0.286468 137 159 163
0.615028 0.024028 0.283706 131 162 163
0.614164 0.025685 0.285530 143 168 168
0.611234 0.024237 0.280686 126 151 156
0.613992 0.027743 0.283134 136 162 164
0.559050 -0.095080 0.300242 121 113 66
0.610843 0.024729 0.280593 127 157 162
0.546972 -0.122141 0.300814 139 144 137
0.552002 -0.107682 0.299244 152 131 90
0.545860 -0.122199 0.300108 165 154 140
0.564345 -0.074979 0.290042 101 96 84
0.545961 -0.116114 0.296026 153 122 101
0.562209 -0.074056 0.288088 116 91 68
0.563439 -0.071018 0.288307 115 106 80
0.566647 -0.060891 0.286388 115 98 79
0.521107 -0.137788 0.284205 123 119 89
0.603421 0.065370 0.249893 124 136 145
0.611621 0.104349 0.233579 159 185 196
0.600927 0.096058 0.230676 141 165 175
0.511823 -0.120772 0.262074 132 145 169
0.508647 -0.115283 0.260620 152 151 150
0.510593 -0.110400 0.260208 139 136 130
0.507745 -0.115992 0.260214 163 153 142
0.504670 -0.122170 0.255593 128 126 114
0.506406 -0.115709 0.254907 146 128 114
0.501374 -0.117281 0.252183 125 120 117
0.502569 -0.111000 0.252069 132 123 122
0.501717 -0.112923 0.251274 128 124 119
0.501878 -0.110527 0.250281 125 128 128
0.498022 -0.115733 0.245888 118 120 109
0.500117 -0.109866 0.248407 115 118 126
0.595668 0.126914 0.203319 179 194 207
0.492343 -0.118734 0.241437 134 141 140
0.497209 -0.107614 0.241055 154 154 158
0.497277 -0.106177 0.241126 153 149 149
0.591759 0.124015 0.200215 185 206 222
0.591946 0.128119 0.201720 164 180 180
0.533135 -0.010093 0.220988 161 183 204
0.489680 -0.106482 0.235235 180 190 201
0.492647 -0.103597 0.232842 179 196 206
0.522417 -0.033306 0.222354 155 172 174
0.529415 -0.011266 0.220539 118 151 168
0.483470 -0.119458 0.233832 184 194 205
0.489014 -0.106184 0.234670 177 186 198
0.491028 -0.102208 0.232848 180 191 198
0.518762 -0.032215 0.219415 175 206 208
0.520626 -0.030215 0.219133 123 144 158
0.521042 -0.026960 0.218894 113 140 159
0.524837 -0.017349 0.218721 122 150 167
0.527477 -0.005960 0.215822 114 140 159
0.531263 -0.004677 0.217092 115 147 169
0.603027 0.171156 0.186794 100 138 145
0.604456 0.174810 0.186710 145 159 163
0.604758 0.177273 0.187130 127 150 154
0.486111 -0.107955 0.230943 178 191 204
0.495168 -0.084209 0.228163 178 188 200
0.562106 0.078627 0.198094 111 128 131
0.563882 0.084776 0.196375 126 141 145
0.599215 0.168374 0.183483 121 144 157
0.600326 0.171678 0.183175 88 127 134
0.601610 0.173321 0.182546 84 115 137
0.484547 -0.105564 0.226618 159 172 172
0.486573 -0.101680 0.227846 168 186 192
0.488345 -0.099005 0.225677 176 196 195
0.506393 -0.047364 0.216875 123 144 160
0.584654 0.141715 0.184636 98 129 140
0.587659 0.148929 0.184140 123 157 167
0.591956 0.159313 0.182390 129 162 176
0.594266 0.160699 0.180881 107 149 160
0.594990 0.167190 0.180384 115 131 136
0.598603 0.169486 0.180740 132 204 227
0.475158 -0.122484 0.228678 174 187 193
0.503871 -0.048900 0.214053 124 152 170
0.591128 0.158732 0.180309 132 169 178
0.591731 0.162260 0.178218 135 172 182
0.592114 0.165057 0.178010 140 178 191
0.593026 0.168163 0.177455 154 176 192
0.594338 0.171916 0.178032 185 209 217
0.475354 -0.120515 0.224332 171 183 192
0.533387 0.026558 0.198020 131 133 139
0.533175 0.028541 0.198340 165 152 144
0.534660 0.032070 0.197156 135 131 127
0.535603 0.035131 0.197086 124 124 135
0.568680 0.110679 0.186263 81 77 64
0.570531 0.120585 0.182569 93 84 75
0.572332 0.120736 0.183216 73 76 72
0.472514 -0.119471 0.220791 168 189 195
0.490799 -0.067685 0.212812 164 183 192
0.501147 -0.047776 0.210789 127 137 139
0.535007 0.040541 0.194393 179 204 226
0.537395 0.043041 0.192402 149 165 181
0.539632 0.051722 0.193473 134 131 148
0.544009 0.060324 0.189522 152 139 156
0.561161 0.104550 0.184629 104 100 85
0.564927 0.110651 0.184366 97 81 62
0.567302 0.114695 0.182156 56 60 57
0.501192 -0.036274 0.204547 159 184 201
0.535984 0.043600 0.190852 187 150 159
0.535389 0.046353 0.189987 180 210 202
0.537843 0.051875 0.191286 151 114 110
0.553307 0.085675 0.182978 56 47 31
0.558247 0.100990 0.181060 51 39 12
0.558849 0.104297 0.181937 107 81 50
0.562083 0.107777 0.180249 82 79 79
0.562391 0.108479 0.181076 4 4 0
0.563675 0.114015 0.178611 103 92 80
0.565022 0.117219 0.180055 88 85 82
0.568460 0.127549 0.176823 59 71 72
0.487949 -0.063258 0.206812 148 192 215
0.489673 -0.059389 0.206043 83 144 169
0.495326 -0.048107 0.204419 182 201 218
0.500394 -0.034862 0.201088 167 193 210
0.529264 0.038884 0.189062 140 120 126
0.531723 0.039521 0.190275 137 158 173
0.533175 0.044964 0.188603 135 169 175
0.534598 0.045827 0.188458 155 189 196
0.535863 0.052259 0.188936 255 117 136
0.548761 0.081528 0.183209 58 0 0
0.548838 0.083440 0.179807 113 79 75
0.549467 0.088110 0.181876 208 213 241
0.552268 0.091939 0.181699 124 75 88
0.553587 0.094506 0.179682 140 126 138
0.555214 0.095708 0.179196 138 124 140
0.557338 0.101391 0.179598 39 28 0
0.564960 0.117835 0.175802 49 48 20
0.566388 0.123370 0.174066 119 133 113
0.484956 -0.068049 0.204894 36 75 97
0.484492 -0.065005 0.204703 95 143 168
0.487379 -0.062222 0.204703 133 178 207
0.486095 -0.060022 0.202833 83 144 182
0.489042 -0.055430 0.203534 134 183 207
0.499478 -0.035573 0.199198 162 181 189
0.529082 0.037763 0.187004 88 69 78
0.528805 0.041474 0.185212 108 65 71
0.530944 0.043265 0.185848 153 46 59
0.533998 0.052755 0.182601 149 186 201
0.538112 0.065524 0.180521 146 147 168
0.540509 0.069049 0.182632 123 130 135
0.540328 0.071251 0.180305 146 161 167
0.541662 0.073372 0.180302 141 129 138
0.545936 0.087664 0.177858 121 155 171
0.549864 0.094120 0.176939 107 118 138
0.556172 0.102940 0.176537 237 224 230
0.558446 0.113576 0.172980 92 91 97
0.560481 0.117962 0.173218 170 146 145
0.564392 0.121797 0.172919 84 60 34
0.468073 -0.102320 0.209303 159 167 176
0.472058 -0.093305 0.207744 162 175 183
0.479909 -0.067728 0.202060 136 157 164
0.484287 -0.066746 0.202723 34 77 93
0.483454 -0.062680 0.199719 9 32 53
0.484979 -0.059490 0.201665 79 146 184
0.487422 -0.055370 0.201074 106 154 212
0.493345 -0.037437 0.197211 167 184 193
0.497783 -0.027837 0.197728 190 196 209
0.506336 -0.009685 0.192633 164 188 214
0.506336 -0.002684 0.191587 166 153 61
0.528134 0.041488 0.184319 95 77 76
0.527528 0.043348 0.184967 91 117 112
0.537077 0.064944 0.179917 156 158 165
0.538517 0.069679 0.180768 161 153 157
0.544772 0.085185 0.176742 68 0 17
0.546313 0.088343 0.175274 172 150 152
0.548579 0.095227 0.175158 201 149 159
0.549753 0.102966 0.174022 194 212 241
0.556538 0.114040 0.170164 89 93 103
0.479640 -0.068938 0.201197 132 162 168
0.481251 -0.063139 0.201073 53 69 82
0.482211 -0.061082 0.199486 38 69 93
0.496941 -0.021877 0.192612 168 187 203
0.515552 0.018717 0.186423 163 184 215
0.519512 0.032783 0.182755 170 177 208
0.523652 0.040684 0.182358 57 0 30
0.539854 0.082954 0.175203 143 156 173
0.543644 0.089984 0.174339 120 58 72
0.544251 0.091119 0.174345 127 22 15
0.546074 0.095780 0.173024 85 77 77
0.549518 0.105365 0.170160 199 201 220
0.503485 -0.001618 0.187162 255 212 179
0.509284 0.010555 0.182234 182 202 233
0.510155 0.016413 0.183588 190 144 85
0.512115 0.018139 0.182400 154 121 70
0.514063 0.022665 0.181770 175 126 53
0.515816 0.029490 0.179034 159 94 42
0.519731 0.032501 0.179738 182 170 166
0.519101 0.036002 0.179955 167 193 211
0.542951 0.089621 0.170421 159 123 128
0.541697 0.093287 0.170711 141 186 202
0.547855 0.102635 0.168533 119 83 108
0.499819 -0.005126 0.183213 105 156 175
0.513591 0.027466 0.178849 173 102 52
0.515150 0.033646 0.179110 158 108 45
0.517568 0.037561 0.176541 156 114 46
0.477989 -0.048100 0.184449 247 240 255
0.494891 -0.002213 0.178927 215 234 255
0.507060 0.021637 0.173550 182 216 251
0.471081 -0.046140 0.177923 250 228 206
0.690982 0.075001 0.329717 186 167 154
0.687258 0.072152 0.324556 176 145 85
0.686404 0.075549 0.325667 185 153 122
0.674803 0.053324 0.324116 161 146 117
0.676235 0.056663 0.324796 148 152 136
0.673956 0.057390 0.322568 151 141 128
0.685752 0.085045 0.315077 95 97 103
0.689219 0.090696 0.315158 72 71 75
0.688484 0.095489 0.314685 71 90 142
0.666136 0.048494 0.321095 141 136 122
0.671428 0.054949 0.318677 158 141 123
0.671381 0.057488 0.320077 161 156 148
0.671254 0.059700 0.318966 161 146 153
0.675563 0.064049 0.318076 179 201 191
0.682989 0.088814 0.314833 102 110 120
0.689044 0.096078 0.313341 78 81 114
0.665656 0.048168 0.320167 169 153 143
0.669425 0.057609 0.316334 130 134 124
0.670703 0.060063 0.316237 155 157 159
0.686865 0.096785 0.309680 111 143 169
0.669299 0.058743 0.313286 171 141 106
0.668994 0.062004 0.314439 137 139 134
0.669154 0.065293 0.312238 131 129 115
0.669642 0.067161 0.312353 136 149 154
0.672294 0.076214 0.310696 144 156 164
0.692509 0.121555 0.302582 208 201 203
0.667806 0.063019 0.311438 181 139 94
0.667705 0.063718 0.310699 155 119 64
0.670698 0.072893 0.308561 175 195 201
0.671339 0.074875 0.309332 166 181 191
0.691656 0.121920 0.301614 196 199 199
0.665842 0.066518 0.306422 185 185 179
0.666302 0.068023 0.307792 194 212 225
0.688286 0.124494 0.299575 104 108 134
0.663224 0.069811 0.303839 212 231 237
0.684338 0.120788 0.296834 91 123 107
0.676187 0.103342 0.294651 166 190 194
0.681259 0.120862 0.293257 175 176 155
0.685148 0.129513 0.290883 128 134 130
0.674707 0.104497 0.292715 136 160 166
0.603472 -0.055159 0.312951 97 153 84
0.594387 -0.067477 0.314290 142 154 155
0.597426 -0.063680 0.313442 106 133 113
0.597346 -0.062859 0.312894 81 127 94
0.600374 -0.058251 0.312081 0 0 0
0.592711 -0.065121 0.310131 66 94 114
0.609246 -0.027253 0.306724 170 136 58
0.591317 -0.067590 0.307872 48 83 93
0.592035 -0.065492 0.308919 40 52 76
0.593078 -0.059124 0.307362 112 82 45
0.593566 -0.058220 0.308006 111 91 60
0.584973 -0.069966 0.307581 0 0 0
0.591560 -0.058557 0.305360 129 96 67
0.591423 -0.056269 0.304842 126 97 67
0.593093 -0.052171 0.304207 124 102 76
0.593864 -0.051228 0.303931 118 102 75
0.599076 -0.041622 0.300206 163 96 42
0.586059 -0.066338 0.303924 134 86 29
0.586011 -0.062584 0.304453 92 93 96
0.589458 -0.058360 0.301892 131 105 81
0.589557 -0.056351 0.302306 123 102 73
0.590346 -0.050413 0.301511 134 108 73
0.592494 -0.047247 0.299699 145 105 80
0.551754 -0.142204 0.313242 129 117 96
0.586859 -0.059592 0.298765 128 88 52
0.551016 -0.143554 0.311225 147 136 135
0.570258 -0.094682 0.303150 85 107 123
0.610048 0.014768 0.283316 139 163 167
0.554150 -0.116959 0.300324 137 123 92
0.571959 -0.073684 0.293767 167 96 58
0.592038 -0.027031 0.286921 132 78 43
0.548012 -0.123465 0.300038 127 121 108
0.551661 -0.116853 0.298832 127 113 89
0.552346 -0.114251 0.298972 147 130 103
0.548078 -0.121076 0.296882 150 121 99
0.550972 -0.115852 0.294711 144 135 115
0.552457 -0.112281 0.294691 140 139 102
0.552333 -0.111318 0.294023 155 123 97
0.553935 -0.106157 0.296143 137 94 59
0.568744 -0.064824 0.287348 125 106 71
0.544893 -0.118667 0.292836 150 125 103
0.556987 -0.092708 0.290156 138 136 126
0.567633 -0.062360 0.283889 118 101 79
0.544894 -0.117801 0.291509 151 125 112
0.545143 -0.115605 0.289112 141 114 75
0.545024 -0.112585 0.288962 149 137 117
0.549304 -0.109184 0.289012 137 130 118
0.561548 -0.074509 0.283718 92 68 72
0.545259 -0.112023 0.286705 122 119 92
0.572679 -0.044615 0.275816 125 140 144
0.572280 -0.040947 0.275002 121 139 149
0.572839 -0.038653 0.275358 119 138 150
0.539989 -0.114471 0.283156 142 103 74
0.534943 -0.117609 0.283987 123 87 34
0.601445 0.063778 0.240020 135 143 151
0.625206 0.127052 0.228595 152 180 192
0.513021 -0.123163 0.261141 150 147 144
0.512765 -0.120503 0.261802 143 142 141
0.509734 -0.125465 0.260705 181 152 119
0.510616 -0.121310 0.259706 145 146 146
0.512069 -0.120742 0.260803 148 148 143
0.509060 -0.124838 0.258106 156 154 146
0.509966 -0.118382 0.258207 159 150 139
0.507174 -0.122923 0.253091 148 150 135
0.501177 -0.123499 0.250445 143 129 118
0.500740 -0.119228 0.249372 129 123 112
0.501834 -0.116042 0.248505 129 133 129
0.502616 -0.113468 0.247087 116 110 101
0.504715 -0.110630 0.244479 130 125 113
0.493052 -0.128314 0.242677 170 161 150
0.498799 -0.116989 0.241185 123 118 112
0.593258 0.119379 0.201661 180 202 212
0.496143 -0.115915 0.239703 127 124 128
0.497602 -0.113382 0.238963 144 143 140
0.497510 -0.109793 0.240693 154 149 146
0.535541 -0.018396 0.224198 169 197 219
0.589397 0.116209 0.201621 174 204 227
0.492979 -0.115673 0.238150 150 154 153
0.520541 -0.043158 0.224860 141 165 180
0.532042 -0.022436 0.221762 179 186 207
0.539051 -0.003947 0.218842 162 190 229
0.489739 -0.118634 0.233588 176 184 187
0.515082 -0.050954 0.222997 147 162 168
0.606060 0.165270 0.185518 181 210 226
0.608466 0.166965 0.185880 177 205 219
0.484853 -0.123117 0.233970 180 189 195
0.485067 -0.120358 0.232088 179 189 197
0.486835 -0.118361 0.232711 184 195 198
0.529817 -0.015467 0.216519 135 162 188
0.483798 -0.125073 0.230743 175 190 203
0.510371 -0.049444 0.217871 132 150 162
0.522449 -0.022200 0.212326 106 134 144
0.599041 0.163746 0.181794 121 152 163
0.601731 0.166056 0.181955 109 143 161
0.477545 -0.129138 0.228473 167 186 200
0.479207 -0.127707 0.228251 168 181 195
0.489928 -0.099227 0.225695 179 193 204
0.593144 0.156346 0.181462 143 179 188
0.597670 0.164694 0.179476 123 137 146
0.477739 -0.119788 0.224097 168 182 193
0.478892 -0.116579 0.224034 176 192 192
0.506771 -0.057050 0.213485 126 150 166
0.520943 -0.015488 0.208005 112 139 156
0.526464 -0.009111 0.205980 119 146 164
0.569634 0.108747 0.185672 78 74 66
0.589076 0.151392 0.177634 130 160 174
0.590948 0.154383 0.176687 143 179 191
0.591567 0.157993 0.177842 141 171 182
0.592112 0.161235 0.177411 134 173 184
0.505900 -0.052877 0.211034 155 172 189
0.535655 0.030319 0.196577 108 109 135
0.563860 0.092686 0.185362 73 83 85
0.567299 0.103831 0.183109 103 108 108
0.572439 0.117198 0.181687 118 119 106
0.589066 0.151159 0.175939 77 102 112
0.590599 0.154534 0.174875 78 104 116
0.591370 0.158196 0.175601 100 136 151
0.593105 0.163548 0.174387 85 113 124
0.593349 0.168624 0.173187 79 113 125
0.538742 0.037534 0.191798 119 124 132
0.541429 0.049343 0.190599 146 137 132
0.555218 0.082178 0.185779 77 67 75
0.562463 0.103675 0.181186 78 89 71
0.566688 0.106652 0.181198 146 123 107
0.574020 0.123354 0.177672 126 120 125
0.576854 0.129505 0.177591 70 75 69
0.590781 0.166927 0.170197 83 116 123
0.497233 -0.056703 0.205898 146 181 196
0.536840 0.038662 0.189779 159 184 198
0.537245 0.042113 0.189046 141 165 180
0.537693 0.044663 0.188784 161 167 177
0.554435 0.085434 0.180323 63 0 0
0.558603 0.093392 0.182240 48 47 40
0.559325 0.096211 0.180117 70 69 65
0.559953 0.099648 0.179226 144 144 128
0.561830 0.102034 0.178145 59 55 35
0.563832 0.104515 0.179168 65 61 56
0.493972 -0.057131 0.202591 181 176 202
0.496366 -0.053132 0.200359 177 193 214
0.499773 -0.046311 0.202488 180 188 205
0.500085 -0.043627 0.199764 164 184 191
0.531067 0.035829 0.186690 84 110 115
0.533695 0.037455 0.187196 135 151 163
0.535199 0.042237 0.187721 156 185 198
0.536091 0.045785 0.185421 154 191 196
0.551713 0.083015 0.178832 128 90 82
0.551838 0.087802 0.178505 65 33 42
0.554573 0.089983 0.179300 92 89 101
0.554766 0.092132 0.178025 108 119 138
0.555896 0.096020 0.178052 99 74 98
0.558015 0.099494 0.177170 105 95 93
0.560794 0.107327 0.176608 124 130 134
0.487075 -0.068824 0.200797 102 127 134
0.490544 -0.060288 0.200927 91 167 198
0.497557 -0.039282 0.197981 160 183 200
0.502320 -0.036302 0.197652 169 203 230
0.500512 -0.035185 0.197856 170 199 223
0.512199 -0.007813 0.189796 171 185 197
0.512536 -0.002418 0.190404 198 194 212
0.529866 0.039630 0.183847 129 67 82
0.532030 0.042978 0.184913 126 106 112
0.536386 0.049204 0.182763 218 167 224
0.542589 0.069597 0.178640 121 125 141
0.549254 0.084272 0.175582 123 109 105
0.550422 0.087183 0.177412 77 49 51
0.551767 0.089385 0.174097 50 3 9
0.553276 0.092843 0.174505 155 168 184
0.555027 0.096070 0.175363 100 55 63
0.556713 0.099282 0.173724 172 141 146
0.560862 0.113055 0.172198 126 127 127
0.484090 -0.069398 0.198655 124 140 153
0.486055 -0.067158 0.199417 69 96 112
0.485029 -0.064672 0.198489 56 84 100
0.488548 -0.058097 0.196660 95 160 203
0.492140 -0.051813 0.198562 173 211 228
0.501361 -0.030540 0.193961 156 178 190
0.508617 -0.014915 0.190409 176 193 211
0.528828 0.040343 0.182969 108 59 75
0.541382 0.071052 0.176447 138 136 141
0.545468 0.080265 0.172837 118 117 116
0.547693 0.085243 0.175268 118 90 92
0.547535 0.086164 0.173159 106 106 100
0.550097 0.089798 0.173824 58 3 7
0.550307 0.094505 0.173111 142 146 160
0.553250 0.096437 0.171641 223 28 45
0.553938 0.100122 0.169473 141 80 92
0.557574 0.113174 0.169058 177 167 171
0.557925 0.116007 0.168431 97 122 106
0.568132 0.136302 0.167122 42 32 0
0.484121 -0.066941 0.197734 121 147 154
0.484203 -0.063237 0.197394 75 73 82
0.485628 -0.059788 0.196708 0 50 82
0.511925 0.003271 0.184331 166 187 195
0.512975 0.008427 0.184952 169 182 185
0.515225 0.008656 0.184500 164 181 188
0.518689 0.018899 0.182247 160 171 176
0.541012 0.077236 0.170685 215 241 253
0.544503 0.079771 0.171610 126 137 145
0.545003 0.081964 0.172221 119 88 93
0.548981 0.095404 0.167366 42 20 32
0.490203 -0.038473 0.188959 157 168 173
0.513924 0.015334 0.180630 167 135 79
0.514006 0.016529 0.180568 173 122 54
0.515081 0.021798 0.179898 167 120 67
0.517295 0.025446 0.177573 143 81 21
0.518155 0.028711 0.175158 156 90 32
0.519002 0.030082 0.174855 137 116 76
0.547831 0.107202 0.161165 35 25 24
0.513959 0.034830 0.169400 145 128 107
0.692056 0.073034 0.324155 213 175 107
0.691266 0.078627 0.319584 151 124 129
0.692686 0.081396 0.319870 232 177 186
0.676332 0.053013 0.323482 145 133 130
0.676070 0.052512 0.320546 147 152 143
0.689507 0.090759 0.315140 73 70 74
0.673629 0.054035 0.318493 163 162 153
0.673629 0.054494 0.318714 160 160 146
0.686350 0.083000 0.310895 131 130 135
0.686847 0.086032 0.312477 115 108 124
0.688287 0.089355 0.309687 129 127 137
0.689076 0.091072 0.309575 152 135 154
0.670375 0.053614 0.313811 195 170 136
0.671328 0.055921 0.313721 154 142 127
0.675932 0.070352 0.311800 168 198 204
0.687124 0.091731 0.309587 133 128 151
0.687581 0.095821 0.309331 110 137 149
0.668965 0.053516 0.312175 150 153 145
0.670347 0.055323 0.312028 144 143 135
0.670366 0.060688 0.311475 142 133 111
0.672115 0.062293 0.308513 183 196 218
0.683312 0.093084 0.305506 107 103 131
0.664359 0.050266 0.311961 119 94 78
0.666146 0.054868 0.311422 148 156 151
0.671227 0.061267 0.308214 182 186 184
0.669847 0.063231 0.307597 158 160 160
0.671855 0.068292 0.308697 138 131 121
0.678864 0.088319 0.302634 103 121 147
0.684730 0.097710 0.301253 83 100 104
0.663168 0.054235 0.307512 174 154 138
0.668313 0.064346 0.305254 163 154 150
0.677368 0.101554 0.295017 183 210 194
0.674321 0.103107 0.291341 191 202 201
0.598955 -0.070534 0.316780 66 72 64
0.596072 -0.072622 0.310268 65 56 47
0.597358 -0.069691 0.311105 52 71 76
0.598926 -0.065397 0.310213 128 144 128
0.600242 -0.063992 0.309468 104 119 103
0.600832 -0.059911 0.309687 80 85 86
0.611543 -0.035067 0.304249 146 121 23
0.610516 -0.033795 0.306422 107 81 17
0.589531 -0.080058 0.312369 251 255 255
0.594765 -0.072048 0.310073 71 80 96
0.594781 -0.070984 0.307619 71 86 98
0.598022 -0.064738 0.309046 113 119 118
0.597967 -0.063206 0.309993 106 120 117
0.600941 -0.060699 0.307845 139 159 151
0.610748 -0.031256 0.301712 125 94 46
0.610960 -0.029873 0.303253 151 115 40
0.588134 -0.077137 0.308112 168 186 186
0.593443 -0.072539 0.306786 72 76 79
0.591988 -0.068366 0.306223 64 103 100
0.587013 -0.076853 0.306817 160 179 176
0.588682 -0.074962 0.303938 181 207 193
0.589353 -0.072494 0.305669 229 255 255
0.592814 -0.060157 0.300914 134 129 116
0.592664 -0.059308 0.300848 133 130 112
0.597220 -0.048695 0.299225 136 114 82
0.599194 -0.043274 0.298838 146 128 105
0.582067 -0.078818 0.301498 155 171 169
0.589926 -0.064455 0.299818 102 71 55
0.591814 -0.060436 0.299630 127 123 110
0.592862 -0.059021 0.299230 127 126 113
0.593730 -0.053645 0.298684 122 93 41
0.597069 -0.044469 0.295981 153 118 52
0.586225 -0.066677 0.296360 151 154 134
0.587266 -0.063938 0.296861 143 136 117
0.588478 -0.061069 0.297839 156 143 142
0.594389 -0.043962 0.294750 122 97 57
0.573110 -0.092759 0.299831 117 171 179
0.574556 -0.091500 0.299377 146 175 198
0.602143 -0.015941 0.286328 132 93 62
0.560614 -0.102145 0.292427 82 34 18
0.548836 -0.127916 0.295418 64 62 40
0.551111 -0.116509 0.294493 138 138 122
0.552306 -0.112358 0.293381 143 130 113
0.554600 -0.110510 0.291864 143 141 123
0.576682 -0.055935 0.284639 128 100 60
0.583000 -0.039361 0.279145 88 69 63
0.545709 -0.131235 0.292260 140 139 110
0.546603 -0.124456 0.291387 157 86 29
0.549379 -0.115608 0.292008 142 110 97
0.553387 -0.110748 0.289330 142 136 113
0.574630 -0.054617 0.277098 129 123 116
0.573926 -0.045263 0.275718 140 151 164
0.577561 -0.043437 0.273391 126 135 140
0.547807 -0.109483 0.285929 132 127 113
0.569691 -0.059335 0.274690 121 119 110
0.576621 -0.041517 0.273144 101 136 112
0.539445 -0.121630 0.284360 120 87 45
0.539917 -0.115796 0.282310 143 117 79
0.565668 -0.061368 0.274464 129 119 104
0.538919 -0.119763 0.280439 126 107 67
0.570676 -0.040420 0.264318 120 135 153
0.628542 0.121655 0.230475 148 163 180
0.536391 -0.084735 0.258377 122 148 173
0.538821 -0.084134 0.259687 119 126 132
0.600911 0.064960 0.232974 120 125 149
0.516670 -0.125996 0.264197 150 152 153
0.592059 0.052047 0.232252 140 161 173
0.591191 0.066067 0.224439 125 137 148
0.505390 -0.130038 0.251713 141 140 141
0.499364 -0.116654 0.240201 125 114 116
0.598459 0.122225 0.200535 176 205 222
0.614987 0.159897 0.192486 165 194 209
0.498182 -0.116796 0.239093 136 129 126
0.535891 -0.028728 0.222416 172 207 255
0.490334 -0.133641 0.237840 179 200 205
0.495808 -0.117292 0.235346 143 146 150
0.533581 -0.027959 0.220819 181 194 220
0.592546 0.120334 0.196321 173 202 221
0.490140 -0.119063 0.232833 178 191 193
0.521626 -0.045678 0.221440 139 172 198
0.526590 -0.033534 0.216787 116 132 151
0.532131 -0.021454 0.214608 94 117 142
0.598239 0.141468 0.189824 175 205 221
0.600949 0.145936 0.189653 173 196 213
0.605156 0.159612 0.184449 188 219 237
0.606984 0.164178 0.184269 185 215 231
0.485034 -0.125114 0.230719 173 191 195
0.489834 -0.118677 0.230633 180 195 196
0.602181 0.151932 0.183722 204 217 217
0.604079 0.158826 0.182362 170 198 210
0.604648 0.159937 0.181579 167 201 219
0.484643 -0.125643 0.229059 170 189 206
0.569491 0.081882 0.194082 93 127 126
0.601352 0.158245 0.178751 174 199 216
0.601838 0.161637 0.178506 135 169 186
0.602233 0.164361 0.180649 96 142 166
0.486547 -0.118141 0.224179 183 189 175
0.566554 0.077289 0.190040 115 139 144
0.567868 0.086623 0.187976 104 131 138
0.588115 0.133775 0.179650 104 135 138
0.593052 0.144997 0.179231 94 119 127
0.593804 0.149633 0.177169 89 125 131
0.599417 0.159052 0.177286 161 195 213
0.600626 0.161879 0.176792 158 189 201
0.480607 -0.123592 0.224246 175 185 195
0.527337 -0.008784 0.202787 116 143 160
0.567332 0.083264 0.187287 102 131 142
0.567359 0.088970 0.186377 116 145 172
0.587368 0.136937 0.179121 116 155 164
0.589708 0.143455 0.175853 123 158 169
0.591214 0.145812 0.176838 119 152 159
0.592532 0.149626 0.176413 118 155 169
0.493708 -0.082395 0.211415 160 185 201
0.522925 -0.013496 0.201666 105 132 150
0.545017 0.040592 0.192636 138 109 102
0.579069 0.125131 0.176040 62 59 59
0.589045 0.148492 0.174597 130 167 179
0.591045 0.154215 0.174746 77 102 115
0.516295 -0.023943 0.198997 119 141 159
0.536347 0.025536 0.194167 59 57 73
0.540465 0.035762 0.189544 80 86 94
0.557012 0.076993 0.183076 32 0 0
0.559094 0.079685 0.182591 64 59 60
0.560831 0.081443 0.181617 62 62 62
0.561855 0.091857 0.180170 76 84 80
0.564621 0.093041 0.180114 68 73 68
0.565339 0.097699 0.178573 58 52 40
0.568612 0.100230 0.179326 71 68 61
0.569559 0.103377 0.177981 64 56 46
0.574627 0.114112 0.176708 125 128 122
0.573475 0.118586 0.176794 94 101 92
0.574257 0.121513 0.176477 66 77 81
0.504569 -0.047625 0.201609 157 195 212
0.537826 0.034326 0.188421 171 196 208
0.538090 0.038421 0.188578 154 175 193
0.539174 0.039879 0.188411 154 189 203
0.541139 0.044383 0.185485 149 144 151
0.555110 0.078813 0.180685 139 97 108
0.556629 0.083416 0.178832 59 10 0
0.561725 0.095330 0.175421 60 62 64
0.564601 0.103027 0.176284 128 135 138
0.572814 0.123211 0.171347 63 77 87
0.491604 -0.072379 0.202181 80 129 158
0.493108 -0.070975 0.202134 86 145 170
0.496661 -0.059988 0.200463 157 183 209
0.499022 -0.053505 0.198639 169 194 215
0.503916 -0.041884 0.195672 163 192 210
0.504426 -0.037562 0.196529 168 193 215
0.516316 -0.014916 0.193443 170 190 204
0.515091 -0.011982 0.194863 153 178 196
0.518510 -0.006665 0.191634 151 179 196
0.537451 0.038226 0.183166 122 141 154
0.536684 0.040270 0.183874 128 144 164
0.538701 0.044197 0.182657 180 200 194
0.553232 0.082612 0.175502 109 89 84
0.554889 0.084423 0.176292 126 100 103
0.557325 0.088314 0.175162 97 119 122
0.555793 0.091080 0.175553 159 166 179
0.560392 0.092970 0.175919 47 0 0
0.559254 0.098503 0.173944 195 192 190
0.489172 -0.069718 0.199934 80 131 153
0.491310 -0.065871 0.197111 129 166 187
0.495080 -0.060282 0.198196 163 194 223
0.509491 -0.020716 0.191933 166 195 206
0.510017 -0.020681 0.189535 162 190 203
0.538070 0.043995 0.181096 227 136 160
0.537693 0.046936 0.181352 169 149 204
0.539942 0.052477 0.179005 144 117 119
0.550577 0.078268 0.174274 96 78 88
0.551385 0.081633 0.174542 109 52 57
0.552673 0.086660 0.174817 103 81 71
0.553003 0.087522 0.173425 91 40 47
0.555607 0.091663 0.173967 155 166 172
0.556265 0.095133 0.172358 146 97 108
0.558103 0.098835 0.173437 196 194 210
0.561666 0.105551 0.171301 88 60 50
0.562643 0.109793 0.169281 71 69 68
0.485573 -0.070800 0.197363 111 126 136
0.488571 -0.066865 0.197152 87 113 131
0.487437 -0.065748 0.196558 24 43 66
0.508418 -0.021975 0.189414 161 188 202
0.507708 -0.013992 0.187389 190 217 212
0.533729 0.047186 0.176094 74 44 66
0.533703 0.047742 0.176571 84 39 37
0.538119 0.055954 0.176443 139 104 113
0.541238 0.058342 0.175198 89 71 88
0.541324 0.062708 0.174736 140 165 149
0.547652 0.078668 0.172566 67 63 66
0.548049 0.081677 0.172989 75 0 12
0.552345 0.090031 0.171294 77 6 27
0.552759 0.092578 0.169927 160 156 162
0.555971 0.099276 0.168943 133 124 131
0.559014 0.105268 0.169540 132 128 128
0.563411 0.118240 0.165041 79 70 70
0.563505 0.123003 0.164587 95 89 95
0.483829 -0.071617 0.196237 155 174 178
0.484106 -0.068910 0.196257 142 163 179
0.487646 -0.062349 0.192915 151 150 156
0.517074 0.013659 0.179674 169 182 187
0.521942 0.022706 0.181081 163 174 184
0.537285 0.058756 0.171356 158 99 96
0.553880 0.099837 0.168250 139 120 130
0.555509 0.107277 0.164954 62 66 75
0.569698 0.138608 0.160096 182 171 153
0.491583 -0.049086 0.188028 153 179 174
0.515651 0.012902 0.179697 151 156 146
0.518956 0.017695 0.178142 165 175 191
0.518602 0.024276 0.175487 169 97 54
0.520490 0.025219 0.175283 164 118 76
0.524226 0.032195 0.174528 151 162 177
0.538586 0.069115 0.169775 128 123 135
0.542866 0.081992 0.166133 102 105 118
0.512108 0.010403 0.174973 166 181 181
0.520049 0.024432 0.173911 145 127 110
0.518554 0.026457 0.175207 151 147 39
0.523120 0.037209 0.168850 146 151 171
0.528262 0.044263 0.170361 48 57 64
0.545197 0.092984 0.161628 68 114 121
0.500634 -0.016723 0.177608 249 227 232
0.545280 0.096167 0.159221 118 124 126
0.544155 0.100807 0.155617 186 176 181
0.553345 0.124217 0.151044 48 2 26
0.504132 0.007466 0.169040 192 188 187
0.691674 0.077416 0.319050 168 164 139
0.694201 0.079346 0.320220 223 180 124
0.687884 0.080276 0.312260 96 103 108
0.674031 0.044229 0.317006 129 134 128
0.686681 0.082116 0.310745 128 132 139
0.688639 0.085241 0.309207 127 146 161
0.689827 0.088322 0.308228 130 134 138
0.690555 0.090158 0.308816 125 128 132
0.674657 0.056860 0.310524 170 166 139
0.675427 0.061845 0.311086 150 157 149
0.688037 0.085719 0.307168 140 167 163
0.687673 0.088667 0.308831 130 128 133
0.669518 0.049383 0.309661 132 136 122
0.673419 0.058416 0.307508 163 166 169
0.672823 0.062799 0.308524 157 152 150
0.668388 0.048720 0.308018 119 112 80
0.673015 0.059206 0.305967 159 183 191
0.672568 0.060917 0.306389 179 165 173
0.668618 0.058833 0.305158 160 175 176
0.670870 0.065215 0.303348 169 185 187
0.683911 0.105597 0.293305 202 185 173
0.678006 0.105924 0.287923 241 246 233
0.675799 0.105765 0.284345 191 207 204
0.604650 -0.065386 0.310045 108 143 165
0.606161 -0.062588 0.311939 98 133 104
0.599639 -0.066328 0.308941 97 123 113
0.600804 -0.064464 0.308369 107 120 119
0.603074 -0.061592 0.307988 142 146 134
0.594968 -0.076208 0.306407 106 91 69
0.596054 -0.073657 0.307641 82 80 78
0.597392 -0.070092 0.304980 82 72 77
0.597924 -0.067311 0.305859 101 96 83
0.599843 -0.062983 0.305865 118 120 110
0.600148 -0.061979 0.304483 96 132 132
0.587679 -0.086549 0.304950 173 179 175
0.590835 -0.079710 0.305884 205 208 209
0.593407 -0.076880 0.305400 121 124 108
0.594203 -0.072949 0.304195 69 75 70
0.595508 -0.070600 0.304385 79 87 90
0.596988 -0.067303 0.304247 114 120 109
0.598750 -0.063714 0.302387 109 114 110
0.599342 -0.061289 0.302575 102 146 141
0.598923 -0.057069 0.300754 116 121 101
0.668818 0.108017 0.274711 150 147 158
0.679398 0.137268 0.269529 141 159 161
0.586711 -0.086398 0.303385 169 174 169
0.588690 -0.079322 0.302698 162 173 169
0.589906 -0.076794 0.302022 135 141 139
0.593436 -0.072064 0.301982 113 115 87
0.594563 -0.070022 0.301199 110 115 121
0.595240 -0.061019 0.299243 102 130 107
0.598035 -0.058067 0.300460 73 118 137
0.599236 -0.055470 0.298925 129 123 107
0.665202 0.108841 0.269891 124 136 136
0.586275 -0.078705 0.299849 143 153 157
0.586899 -0.076358 0.298377 133 153 148
0.587767 -0.072779 0.297830 111 99 99
0.590991 -0.065108 0.297511 118 107 88
0.591078 -0.062593 0.297756 120 106 76
0.597515 -0.054663 0.295419 137 127 103
0.598413 -0.051040 0.295741 147 129 91
0.625882 0.014072 0.283362 154 168 171
0.662961 0.109042 0.266618 127 141 149
0.576906 -0.094520 0.299419 159 198 192
0.576759 -0.092434 0.299235 156 175 182
0.584570 -0.077415 0.298275 134 120 124
0.586900 -0.067830 0.295427 148 146 147
0.588523 -0.065429 0.295691 141 130 116
0.589742 -0.062594 0.294452 136 127 110
0.595625 -0.052877 0.294014 136 117 72
0.575610 -0.093894 0.298778 155 193 201
0.574569 -0.090964 0.296306 114 155 173
0.586435 -0.068320 0.294147 145 143 147
0.588307 -0.060098 0.290271 131 139 136
0.589007 -0.059696 0.290099 134 134 122
0.571271 -0.097114 0.293934 105 69 41
0.587369 -0.060115 0.289129 130 135 128
0.587039 -0.058701 0.289213 115 117 90
0.552831 -0.135726 0.297548 132 124 114
0.567583 -0.100050 0.292686 112 98 79
0.585513 -0.056167 0.287558 109 118 84
0.566524 -0.096815 0.291603 134 111 101
0.575038 -0.076820 0.285551 95 87 71
0.574806 -0.074382 0.284381 91 94 50
0.586590 -0.043087 0.280324 145 89 65
0.551043 -0.126628 0.290795 127 126 107
0.551217 -0.123216 0.292434 135 130 115
0.579464 -0.056468 0.279783 127 152 165
0.546697 -0.135420 0.289920 157 159 153
0.546855 -0.130698 0.291427 136 119 86
0.550961 -0.127500 0.289818 137 130 114
0.563920 -0.093094 0.283102 102 98 99
0.566961 -0.085675 0.281761 107 106 99
0.575310 -0.062357 0.279961 118 116 121
0.578092 -0.056693 0.278521 123 143 151
0.543781 -0.134426 0.287724 161 115 44
0.543889 -0.132197 0.285912 162 134 89
0.573177 -0.064735 0.275953 116 125 125
0.573372 -0.061047 0.273848 116 113 103
0.579508 -0.042332 0.273602 135 150 163
0.543804 -0.128155 0.283276 132 112 68
0.568119 -0.071224 0.275343 104 106 95
0.574865 -0.055859 0.272404 117 106 97
0.576545 -0.045654 0.269048 126 150 161
0.564113 -0.070540 0.270808 107 99 97
0.573767 -0.050826 0.268089 123 127 124
0.568943 -0.052878 0.264942 116 123 133
0.576566 -0.001276 0.243394 152 157 161
0.598541 0.066799 0.228961 157 176 191
0.510193 -0.132101 0.251650 141 136 125
0.506375 -0.137772 0.252531 153 129 106
0.506552 -0.135717 0.252221 143 136 127
0.624824 0.157624 0.198442 183 202 206
0.597975 0.120379 0.193629 182 212 232
0.527934 -0.043488 0.218884 163 191 216
0.527836 -0.038527 0.215060 110 132 161
0.532567 -0.025928 0.213390 120 139 151
0.594621 0.123577 0.189423 183 210 224
0.605357 0.148487 0.182655 190 204 224
0.492404 -0.120039 0.225397 185 193 193
0.525036 -0.040396 0.211638 135 151 180
0.604961 0.157323 0.179864 178 209 222
0.605565 0.159923 0.179891 187 221 232
0.486664 -0.126183 0.224420 164 177 180
0.488123 -0.125456 0.224022 175 185 173
0.489537 -0.120643 0.224242 176 191 192
0.502021 -0.090143 0.217528 183 196 215
0.523358 -0.037722 0.213295 150 171 179
0.572616 0.081431 0.189343 153 186 190
0.580417 0.100188 0.186402 67 73 71
0.593673 0.138347 0.180089 91 121 127
0.595809 0.140095 0.178759 96 120 130
0.598971 0.147530 0.177627 102 131 145
0.600454 0.149998 0.178398 92 119 127
0.602756 0.151325 0.178149 118 144 152
0.601844 0.157583 0.178158 184 204 218
0.603887 0.159465 0.178866 153 198 215
0.500787 -0.091501 0.216612 180 193 203
0.566819 0.079519 0.188223 123 146 153
0.592392 0.134570 0.177465 84 128 133
0.593216 0.138217 0.178887 92 122 128
0.593909 0.140093 0.177372 93 121 129
0.594753 0.142914 0.177758 91 119 128
0.596315 0.146264 0.177765 91 112 122
0.524986 -0.021020 0.200765 105 126 139
0.527324 -0.021039 0.201931 135 158 176
0.567336 0.082630 0.186770 92 119 128
0.584438 0.121306 0.179167 106 142 152
0.587823 0.128881 0.175666 119 160 172
0.587929 0.131485 0.177191 112 145 150
0.590706 0.137847 0.174011 128 162 172
0.590806 0.141550 0.175058 127 164 175
0.593453 0.143992 0.174425 95 127 138
0.595386 0.147629 0.173856 81 114 119
0.567448 0.089693 0.179367 82 87 77
0.569315 0.095801 0.181337 81 79 76
0.573734 0.104583 0.177993 30 47 55
0.576635 0.113590 0.178112 87 93 83
0.577992 0.115628 0.177968 85 94 92
0.581330 0.122672 0.175245 81 99 108
0.582306 0.126496 0.175628 79 83 79
0.505756 -0.055123 0.201154 172 186 208
0.518696 -0.024773 0.196092 110 135 147
0.534347 0.016408 0.190441 59 72 89
0.536629 0.019410 0.191117 51 54 63
0.536633 0.022102 0.190390 44 49 53
0.541081 0.029558 0.186123 83 81 96
0.541366 0.031570 0.187197 92 99 120
0.541658 0.034928 0.187070 103 104 116
0.553019 0.059336 0.182753 17 0 0
0.555258 0.061889 0.182640 36 0 0
0.561162 0.079821 0.179808 54 56 53
0.562166 0.082700 0.180169 71 51 43
0.564900 0.088341 0.177905 87 81 47
0.565322 0.092829 0.178047 96 90 89
0.569867 0.099492 0.177874 101 96 83
0.568834 0.102754 0.176623 60 48 32
0.583793 0.132411 0.172631 73 73 63
0.504554 -0.054093 0.201042 175 196 219
0.504557 -0.051658 0.198945 146 178 194
0.541448 0.035353 0.186200 112 124 137
0.542177 0.040039 0.183126 141 152 167
0.542494 0.042116 0.183652 145 159 172
0.543502 0.045190 0.182813 143 157 175
0.544068 0.048791 0.182282 133 151 163
0.559832 0.081021 0.177498 175 129 120
0.563265 0.089807 0.176336 62 58 44
0.563011 0.091601 0.175808 71 67 59
0.566079 0.096926 0.175495 44 44 28
0.569215 0.102992 0.174507 52 40 28
0.582803 0.138959 0.168699 60 75 72
0.496640 -0.070783 0.199715 48 135 172
0.496762 -0.068071 0.199397 44 129 172
0.498933 -0.064717 0.198655 119 158 189
0.501565 -0.051031 0.195872 178 207 232
0.503659 -0.049098 0.194597 183 214 230
0.505378 -0.044138 0.195826 162 197 221
0.507230 -0.040651 0.195496 156 187 205
0.506897 -0.037679 0.194852 154 192 212
0.514349 -0.023937 0.190279 178 194 209
0.517115 -0.017915 0.191379 135 165 180
0.517306 -0.014339 0.192708 119 142 158
0.540660 0.039470 0.182185 161 180 188
0.539419 0.043065 0.180997 143 209 227
0.543301 0.047496 0.181123 125 139 153
0.545049 0.053482 0.180271 128 120 124
0.554886 0.077793 0.174155 66 70 78
0.556201 0.079742 0.173788 77 32 64
0.555900 0.082257 0.174370 110 93 93
0.558908 0.086686 0.175010 92 87 83
0.565163 0.099439 0.170940 25 16 0
0.565093 0.105996 0.170459 55 53 0
0.572936 0.119903 0.168555 53 65 68
0.578198 0.132135 0.164546 102 84 56
0.492063 -0.069621 0.196853 84 125 142
0.494943 -0.063407 0.196102 164 185 206
0.498153 -0.054759 0.195630 171 191 208
0.499259 -0.049461 0.194397 149 196 224
0.502534 -0.046474 0.193662 161 192 216
0.503628 -0.042844 0.194091 168 198 225
0.504787 -0.040263 0.192694 212 191 210
0.504407 -0.037125 0.192523 190 174 179
0.510679 -0.025278 0.192352 163 185 210
0.538612 0.039197 0.178392 122 126 137
0.539283 0.044277 0.180103 172 195 220
0.542746 0.053086 0.176706 152 165 164
0.544902 0.057616 0.175724 117 96 102
0.544206 0.060699 0.174979 122 105 106
0.551136 0.078263 0.173089 77 51 60
0.555657 0.084633 0.171355 101 96 91
0.562026 0.101748 0.167620 218 214 214
0.562287 0.103562 0.167287 193 180 172
0.564345 0.109259 0.167693 32 1 0
0.572810 0.126775 0.163523 28 19 0
0.573735 0.130505 0.164806 9 4 0
0.486232 -0.074337 0.196020 145 163 170
0.487175 -0.073316 0.196403 122 144 154
0.490054 -0.068890 0.194322 55 79 92
0.492561 -0.066293 0.195713 118 157 179
0.502573 -0.039891 0.190663 152 178 184
0.504442 -0.036844 0.188704 138 179 196
0.507196 -0.029870 0.187652 155 176 190
0.509719 -0.024063 0.186916 181 201 223
0.540942 0.054532 0.175932 150 171 213
0.542655 0.057518 0.172781 135 111 111
0.557235 0.094303 0.168813 185 222 235
0.561855 0.100888 0.166448 218 243 253
0.488918 -0.069501 0.193081 136 163 173
0.492815 -0.050467 0.188780 152 175 191
0.498831 -0.043065 0.189016 134 168 185
0.503765 -0.029887 0.187558 123 163 178
0.510653 -0.011962 0.181757 157 187 189
0.496367 -0.041816 0.187082 160 178 181
0.510515 -0.011734 0.180238 171 183 182
0.512381 -0.001856 0.176586 97 192 213
0.516341 0.010747 0.175058 147 184 186
0.522066 0.018990 0.174900 164 186 197
0.522354 0.019759 0.174806 151 169 186
0.522297 0.025159 0.173979 167 134 100
0.528723 0.039388 0.169944 82 68 84
0.540791 0.065887 0.167492 175 208 255
0.544341 0.074834 0.165345 138 191 229
0.549589 0.090583 0.161927 114 81 82
0.564939 0.120363 0.157621 81 80 77
0.566012 0.130119 0.154680 45 44 46
0.512897 0.010117 0.173729 148 174 218
0.519559 0.016633 0.172664 152 172 190
0.524045 0.028649 0.170305 148 144 159
0.523330 0.032224 0.169768 127 143 149
0.518820 0.031647 0.166996 179 136 107
0.553417 0.108816 0.155513 147 166 176
0.541966 0.086977 0.154669 114 153 151
0.686913 0.060313 0.315614 164 157 149
0.675494 0.043877 0.313758 155 146 127
0.675331 0.045215 0.314479 140 137 105
0.672798 0.042106 0.309790 147 145 123
0.675601 0.050964 0.308188 152 217 254
0.675686 0.054773 0.308638 121 141 116
0.687440 0.082197 0.304511 172 176 172
0.671074 0.047728 0.308878 112 108 92
0.674479 0.051676 0.305863 145 153 162
0.674202 0.054811 0.306430 157 170 168
0.673982 0.057013 0.306604 156 170 168
0.676868 0.059903 0.306093 211 218 223
0.684964 0.080976 0.301187 174 179 174
0.685231 0.084369 0.302130 141 145 145
0.687366 0.088162 0.301839 147 161 172
0.667616 0.047969 0.305246 151 138 105
0.673206 0.055433 0.304927 165 165 144
0.673550 0.057539 0.305316 152 173 164
0.676969 0.065896 0.301240 213 236 230
0.683862 0.081890 0.299713 183 189 182
0.668273 0.048318 0.303408 122 132 136
0.677538 0.073755 0.297001 211 229 238
0.684597 0.092449 0.295039 172 174 165
0.684573 0.094685 0.290659 101 89 89
0.673107 0.088745 0.283413 182 185 202
0.605368 -0.068089 0.309411 105 142 145
0.675834 0.101053 0.282205 99 138 168
0.603303 -0.067050 0.307048 101 144 155
0.603403 -0.065159 0.306262 100 129 128
0.672037 0.094391 0.278178 125 139 150
0.595765 -0.077057 0.304705 125 112 81
0.597361 -0.073527 0.305482 148 131 127
0.600165 -0.071161 0.304474 81 72 78
0.601304 -0.069022 0.302173 89 100 78
0.602036 -0.065321 0.304324 106 155 170
0.594700 -0.076572 0.301443 113 101 90
0.594773 -0.073662 0.301748 69 68 56
0.597850 -0.070803 0.301999 92 81 61
0.599487 -0.068310 0.300139 66 89 86
0.599606 -0.064519 0.301661 113 125 119
0.590298 -0.081287 0.300375 145 160 163
0.592943 -0.076823 0.299773 135 133 125
0.593968 -0.073908 0.300376 78 79 79
0.595134 -0.071105 0.298397 124 123 126
0.596238 -0.068809 0.297606 53 45 57
0.628663 0.015818 0.283561 146 166 168
0.586068 -0.089603 0.298603 164 168 161
0.585577 -0.088401 0.298591 159 158 165
0.589937 -0.081221 0.297451 166 162 149
0.590661 -0.077443 0.297546 138 155 152
0.592199 -0.074976 0.296108 73 60 66
0.593619 -0.070113 0.294588 139 140 138
0.594758 -0.067594 0.294704 116 116 111
0.594546 -0.065241 0.294473 144 142 130
0.597354 -0.055336 0.293859 158 155 133
0.579378 -0.093346 0.298141 151 183 196
0.583142 -0.091406 0.297294 176 186 190
0.584080 -0.087715 0.296794 134 141 135
0.588345 -0.077373 0.295352 119 130 130
0.590785 -0.069490 0.293763 156 145 133
0.592818 -0.066491 0.292630 129 124 117
0.592261 -0.063567 0.291474 134 130 121
0.589113 -0.065565 0.290523 108 102 94
0.591369 -0.062447 0.289787 130 121 111
0.595642 -0.054606 0.287591 114 95 63
0.595413 -0.050592 0.285944 111 104 89
0.596441 -0.046441 0.285989 128 94 70
0.588647 -0.065182 0.287274 64 54 45
0.589157 -0.061222 0.287746 113 114 109
0.588805 -0.060066 0.288440 116 114 99
0.593868 -0.049714 0.285516 126 99 75
0.579881 -0.076723 0.284924 93 105 94
0.566926 -0.105017 0.288341 117 100 46
0.576955 -0.077202 0.286274 84 78 75
0.579464 -0.076338 0.284002 112 100 81
0.586376 -0.058855 0.281362 126 142 151
0.587208 -0.055719 0.279548 130 155 165
0.589048 -0.050194 0.279798 137 154 163
0.550403 -0.133335 0.290555 151 148 135
0.566795 -0.097242 0.284751 106 78 64
0.568096 -0.096200 0.283829 86 72 50
0.578322 -0.066757 0.277888 119 111 115
0.584601 -0.054565 0.278406 141 163 167
0.585032 -0.050537 0.277791 123 157 171
0.547916 -0.136188 0.290551 143 149 138
0.548504 -0.133388 0.287710 154 146 121
0.564139 -0.097551 0.283117 135 109 69
0.564403 -0.093157 0.282087 115 99 96
0.567115 -0.085680 0.279792 116 111 108
0.567939 -0.084664 0.281194 129 106 85
0.572925 -0.074348 0.276857 100 91 84
0.576783 -0.067205 0.277996 118 106 104
0.546808 -0.132343 0.285519 164 142 126
0.547747 -0.131131 0.285731 174 153 128
0.572524 -0.074930 0.276088 98 91 102
0.571964 -0.067816 0.273219 97 100 96
0.573597 -0.066994 0.274044 121 114 111
0.577078 -0.062746 0.273135 99 88 78
0.576518 -0.060725 0.272766 121 106 94
0.577076 -0.057989 0.271660 114 108 104
0.578248 -0.054015 0.271182 106 102 93
0.542261 -0.131297 0.282583 159 133 100
0.562575 -0.092262 0.275595 96 75 69
0.569394 -0.073819 0.274123 105 94 84
0.570518 -0.068700 0.270923 97 90 93
0.573547 -0.063264 0.269691 111 84 63
0.577426 -0.054321 0.270423 114 117 107
0.582131 -0.040306 0.265585 126 155 166
0.557497 -0.092073 0.275073 121 95 71
0.572100 -0.056390 0.266605 129 137 128
0.580179 -0.039544 0.263824 113 140 154
0.539692 -0.132101 0.275481 125 120 83
0.556320 -0.093255 0.271547 120 77 47
0.571218 -0.053515 0.264416 113 125 131
0.571139 -0.052993 0.264158 118 126 131
0.583896 -0.009543 0.251654 117 140 160
0.592858 0.020801 0.241064 141 155 169
0.593710 0.023584 0.241285 132 135 153
0.578640 -0.003518 0.242614 103 126 135
0.626429 0.111372 0.223155 159 186 199
0.576856 0.003769 0.236891 124 147 154
0.601094 0.064216 0.224190 136 154 173
0.595755 0.056291 0.222899 145 157 157
0.510083 -0.136151 0.251092 150 141 132
0.616718 0.145322 0.193009 152 190 220
0.616240 0.147168 0.189888 160 190 205
0.613046 0.148969 0.185675 196 215 222
0.534970 -0.033753 0.215892 174 197 224
0.563273 0.034115 0.201907 129 140 145
0.527690 -0.048745 0.213958 148 179 204
0.533800 -0.030082 0.211307 115 142 144
0.599785 0.128519 0.185604 167 196 210
0.600026 0.130293 0.185434 179 206 218
0.611239 0.153810 0.179699 178 206 221
0.493691 -0.119506 0.225071 183 194 194
0.502090 -0.104485 0.220862 176 176 179
0.503532 -0.103006 0.222854 174 176 185
0.488938 -0.124476 0.223218 162 183 197
0.492469 -0.120316 0.223242 180 191 188
0.502195 -0.092246 0.217235 189 194 210
0.527963 -0.036401 0.207221 95 134 158
0.598184 0.139601 0.176915 89 121 133
0.598190 0.142476 0.177796 90 124 133
0.601648 0.145976 0.176676 107 132 138
0.603262 0.149670 0.177298 106 141 152
0.490654 -0.120890 0.219463 171 185 198
0.493103 -0.119375 0.219639 184 194 191
0.529704 -0.019983 0.201450 104 121 148
0.541093 0.003685 0.198958 184 222 238
0.568956 0.075192 0.185772 100 123 134
0.571213 0.080642 0.185385 94 118 126
0.585050 0.117764 0.178864 99 130 141
0.592501 0.133513 0.177279 98 128 134
0.597738 0.138029 0.176116 85 107 121
0.597609 0.143131 0.176739 88 112 118
0.600749 0.147906 0.173243 96 97 84
0.601507 0.154351 0.174059 89 130 145
0.566527 0.073986 0.184800 109 134 141
0.568300 0.075812 0.184316 121 149 162
0.568711 0.079031 0.184539 98 123 133
0.581810 0.111138 0.179141 93 130 142
0.583938 0.112800 0.176767 94 131 142
0.584676 0.115590 0.177212 100 135 145
0.588056 0.122408 0.175159 106 136 138
0.588649 0.126275 0.174408 125 162 169
0.589590 0.130469 0.173334 140 171 179
0.589858 0.132707 0.173291 136 171 191
0.590954 0.136639 0.173355 135 179 188
0.594753 0.138200 0.172085 49 115 128
0.595586 0.142711 0.172274 106 133 145
0.510338 -0.054265 0.203737 154 187 207
0.555045 0.050207 0.185716 11 0 0
0.562784 0.074733 0.180682 72 63 58
0.567584 0.075439 0.181123 136 155 159
0.566879 0.079138 0.178518 69 61 62
0.568512 0.085060 0.178118 108 112 119
0.570875 0.091429 0.179337 68 75 75
0.571719 0.093430 0.176246 89 100 104
0.574074 0.096439 0.177507 43 66 81
0.575219 0.100272 0.174892 35 43 48
0.576955 0.106474 0.174839 66 60 57
0.584395 0.121647 0.173362 89 127 140
0.588754 0.128143 0.172195 123 159 171
0.589319 0.134517 0.172938 100 127 142
0.591459 0.137035 0.171627 103 139 150
0.556684 0.061107 0.181390 13 0 0
0.563034 0.077904 0.176808 54 27 24
0.564534 0.079792 0.177549 52 58 55
0.568576 0.089490 0.177515 114 114 96
0.571337 0.095154 0.175575 80 89 88
0.570689 0.097920 0.175398 48 30 8
0.504814 -0.054498 0.197089 152 181 203
0.514374 -0.033890 0.193529 97 156 186
0.514528 -0.032443 0.193792 114 161 187
0.539172 0.020810 0.184824 77 74 90
0.541132 0.031209 0.183177 139 151 166
0.544641 0.038407 0.180974 156 182 200
0.562742 0.079392 0.175690 78 0 0
0.563238 0.089824 0.173283 117 79 51
0.495397 -0.074964 0.198773 123 165 178
0.497357 -0.071627 0.197698 71 151 186
0.498363 -0.068202 0.198606 43 132 174
0.501367 -0.062692 0.196412 137 177 207
0.503153 -0.053393 0.194315 177 204 230
0.504140 -0.053351 0.193578 168 207 232
0.507079 -0.050405 0.192694 115 166 191
0.509146 -0.041271 0.192684 180 196 225
0.509208 -0.038983 0.192431 157 193 209
0.514917 -0.025542 0.189726 157 190 209
0.538149 0.033369 0.180315 116 141 157
0.542484 0.039420 0.179474 166 189 210
0.542010 0.042041 0.177883 152 181 188
0.557905 0.073387 0.173385 85 53 50
0.558479 0.078020 0.173202 105 110 120
0.559475 0.080803 0.170973 54 34 38
0.560088 0.085582 0.172392 101 93 92
0.491291 -0.080524 0.196569 118 135 145
0.495761 -0.071757 0.194802 101 153 178
0.494531 -0.067573 0.194035 92 145 170
0.497300 -0.066276 0.193940 112 165 183
0.499850 -0.062445 0.193426 144 171 188
0.500170 -0.058492 0.193933 162 180 202
0.502128 -0.055058 0.193486 167 202 223
0.504574 -0.046799 0.193200 127 173 202
0.511623 -0.030940 0.185978 161 189 213
0.538457 0.035894 0.176186 128 147 158
0.539464 0.039025 0.176250 110 150 157
0.540368 0.043593 0.176813 146 206 224
0.542471 0.045834 0.174614 129 136 137
0.543616 0.048016 0.173621 158 169 183
0.545563 0.054157 0.174465 129 102 107
0.557283 0.082153 0.171301 147 118 145
0.566820 0.102581 0.165486 53 64 60
0.572372 0.118827 0.161516 33 17 0
0.573208 0.123401 0.162728 14 21 0
0.490188 -0.077161 0.192409 138 156 160
0.490547 -0.073864 0.192801 99 124 134
0.493093 -0.070990 0.192854 70 101 117
0.510965 -0.026255 0.186096 170 202 225
0.536333 0.036773 0.175356 126 133 148
0.537929 0.039776 0.173101 128 136 143
0.539238 0.042501 0.173116 128 132 140
0.545198 0.056937 0.172668 119 87 100
0.550726 0.073258 0.169541 64 0 0
0.570797 0.117619 0.159697 56 37 0
0.487058 -0.076508 0.189699 188 210 228
0.487867 -0.073821 0.190077 166 188 188
0.490266 -0.070423 0.191380 138 163 173
0.494076 -0.062085 0.189105 148 172 188
0.513324 -0.016430 0.179000 114 164 192
0.518741 0.000536 0.176805 32 123 175
0.521040 0.006380 0.175915 156 176 196
0.526968 0.021875 0.174925 152 161 179
0.536692 0.039511 0.172027 126 131 147
0.540272 0.051188 0.168011 152 63 49
0.559814 0.105298 0.160299 80 80 91
0.565311 0.114920 0.159630 78 79 84
0.566686 0.116820 0.158012 92 90 96
0.573185 0.132863 0.155005 66 49 3
0.508410 -0.017609 0.178340 170 159 98
0.516807 0.002081 0.175116 116 168 199
0.526619 0.027417 0.169888 144 153 176
0.527553 0.031947 0.169405 137 144 160
0.532340 0.037906 0.167898 66 55 64
0.531997 0.038985 0.167955 60 43 48
0.540387 0.054691 0.165964 198 163 141
0.540225 0.059370 0.163467 74 57 61
0.549249 0.085288 0.160773 88 36 39
0.559818 0.106505 0.157593 98 82 95
0.561277 0.110291 0.157586 103 97 100
0.500918 -0.033132 0.176371 74 99 79
0.524972 0.027654 0.169811 147 152 158
0.530789 0.041462 0.167632 60 77 87
0.546847 0.083263 0.159493 89 42 50
0.523775 0.028570 0.164148 255 170 241
0.525158 0.036388 0.163417 139 182 214
0.530523 0.050487 0.157985 61 47 65
0.509410 0.006153 0.164429 168 165 141
0.698923 0.071181 0.314273 169 175 163
0.687249 0.058813 0.314685 157 148 143
0.676630 0.041586 0.312708 149 139 128
0.682918 0.056616 0.309930 160 149 137
0.677595 0.050278 0.308156 167 165 157
0.678075 0.051839 0.307334 152 170 172
0.688997 0.082682 0.302171 118 140 155
0.675819 0.050027 0.304343 129 130 127
0.675051 0.052237 0.305526 117 118 126
0.673917 0.052599 0.302613 157 167 163
0.675504 0.055706 0.301297 146 153 129
0.685708 0.081189 0.299511 170 158 148
0.684701 0.082478 0.297920 175 168 169
0.673714 0.054689 0.299947 146 157 146
0.674133 0.056381 0.299892 171 172 169
0.673580 0.064056 0.294361 219 220 232
0.675746 0.069585 0.292547 199 208 213
0.682148 0.082067 0.292805 166 165 167
0.675562 0.072207 0.289675 219 223 218
0.685968 0.100206 0.283653 104 125 126
0.662971 0.050591 0.293902 169 170 172
0.680045 0.093950 0.285591 167 162 164
0.682984 0.098073 0.283262 157 156 155
0.683452 0.101191 0.283984 118 120 135
0.682505 0.100254 0.279500 152 148 140
0.672359 0.086314 0.280925 185 209 219
0.675006 0.092014 0.277785 106 109 135
0.680694 0.101661 0.277529 105 106 116
0.673588 0.094529 0.276303 100 92 86
0.673739 0.095854 0.276651 95 94 95
0.657348 0.062419 0.277939 209 222 233
0.671539 0.095614 0.274043 122 128 100
0.591620 -0.093833 0.301306 146 172 146
0.594460 -0.082892 0.299758 194 218 208
0.595700 -0.079179 0.299390 179 192 180
0.598606 -0.074734 0.300424 127 101 85
0.599728 -0.072434 0.298553 72 88 90
0.601709 -0.070687 0.299397 70 76 77
0.655567 0.058174 0.276951 226 246 255
0.666841 0.088498 0.272032 99 116 133
0.588833 -0.093680 0.298704 149 154 160
0.592425 -0.081235 0.297218 130 154 161
0.594130 -0.079301 0.297830 151 158 159
0.595921 -0.076175 0.298051 89 97 109
0.598083 -0.071205 0.296168 75 86 80
0.598278 -0.070397 0.295308 61 76 80
0.627774 0.004723 0.283150 121 131 165
0.665328 0.094052 0.268577 99 130 145
0.587003 -0.091131 0.298144 154 158 155
0.587387 -0.088917 0.298212 168 164 151
0.590794 -0.083776 0.296261 137 151 156
0.592454 -0.080730 0.296539 134 148 158
0.591672 -0.078142 0.295651 114 115 113
0.593087 -0.075440 0.294238 90 86 88
0.595357 -0.070572 0.294085 111 113 109
0.595867 -0.068888 0.292702 127 130 125
0.585370 -0.093219 0.295817 130 125 85
0.589360 -0.084587 0.293607 93 102 99
0.589603 -0.083679 0.292490 65 69 37
0.592060 -0.075844 0.292066 105 106 118
0.593401 -0.070260 0.290958 122 127 122
0.594539 -0.068584 0.290941 133 134 126
0.586425 -0.078895 0.288125 155 122 70
0.591730 -0.069531 0.289460 103 102 67
0.592429 -0.067768 0.288379 141 140 130
0.592639 -0.063748 0.287476 123 125 111
0.582822 -0.078839 0.286964 130 146 111
0.585851 -0.076974 0.287126 101 101 80
0.577648 -0.089840 0.283733 98 98 73
0.582029 -0.076139 0.284244 135 107 65
0.567350 -0.106923 0.286972 141 116 72
0.571454 -0.098478 0.286778 90 42 28
0.578387 -0.083948 0.281760 92 72 62
0.583600 -0.068751 0.278416 124 128 136
0.584577 -0.066423 0.279726 140 142 152
0.587950 -0.058703 0.278650 118 139 151
0.566055 -0.105727 0.285731 130 101 63
0.570609 -0.090605 0.280672 85 80 76
0.570406 -0.089359 0.280417 76 64 48
0.576648 -0.083921 0.279645 83 89 80
0.578862 -0.072365 0.278989 138 139 149
0.582252 -0.064376 0.276021 127 130 131
0.586359 -0.059620 0.276042 110 140 157
0.589775 -0.045905 0.271665 115 127 128
0.549676 -0.134484 0.285842 174 171 141
0.569512 -0.090463 0.279678 104 87 81
0.573307 -0.076070 0.275751 111 103 96
0.576674 -0.071293 0.274138 117 111 102
0.578246 -0.069009 0.274310 115 108 98
0.589399 -0.046471 0.270997 103 121 137
0.567268 -0.090417 0.276825 104 91 85
0.566794 -0.088740 0.276600 101 91 93
0.570912 -0.085479 0.275338 72 76 73
0.573978 -0.073007 0.274635 122 100 90
0.575443 -0.070723 0.272389 117 105 92
0.575992 -0.069670 0.271071 119 110 105
0.563137 -0.090286 0.274200 99 76 55
0.573484 -0.071131 0.269176 117 110 104
0.573423 -0.063774 0.269214 115 92 77
0.582139 -0.041287 0.264419 108 138 153
0.570449 -0.068511 0.267660 96 127 128
0.571414 -0.064796 0.266154 112 128 135
0.566611 -0.064909 0.262023 51 127 179
0.611706 0.050462 0.239047 145 152 165
0.624331 0.081454 0.231127 131 156 171
0.594819 0.017674 0.239913 127 136 149
0.582960 -0.010738 0.243428 118 141 160
0.580985 -0.007788 0.242548 98 122 139
0.580150 -0.005996 0.238557 133 157 176
0.626893 0.110245 0.220476 103 125 133
0.623915 0.112283 0.215798 149 172 204
0.627049 0.113180 0.214430 151 162 180
0.589631 0.054071 0.214503 123 145 154
0.572850 0.025710 0.210264 167 186 211
0.605757 0.124189 0.189242 170 187 196
0.512862 -0.099988 0.223625 189 195 199
0.536827 -0.037300 0.212156 177 209 227
0.564456 0.029650 0.200014 126 150 153
0.613142 0.148823 0.183161 211 228 250
0.508716 -0.102781 0.221790 175 174 173
0.535526 -0.040224 0.211797 188 214 241
0.602053 0.124051 0.181979 176 205 222
0.605012 0.129899 0.183269 178 211 230
0.506219 -0.104121 0.220425 183 190 196
0.602431 0.137317 0.177374 89 132 147
0.494594 -0.121553 0.219058 176 188 192
0.494292 -0.121145 0.219127 177 189 192
0.589261 0.110801 0.179178 91 116 121
0.592381 0.118633 0.179767 124 155 167
0.598179 0.132824 0.177638 115 143 150
0.600862 0.137584 0.175639 98 128 140
0.601888 0.141820 0.174959 107 134 145
0.602363 0.144870 0.175042 47 61 71
0.604857 0.146681 0.176654 122 158 171
0.493872 -0.121833 0.217867 173 185 189
0.538592 -0.014367 0.199598 99 124 142
0.541812 -0.003015 0.196833 187 228 244
0.585903 0.106915 0.177693 107 128 136
0.587667 0.110062 0.175618 88 121 126
0.596994 0.136723 0.174493 103 134 147
0.599942 0.137181 0.174144 106 133 143
0.600201 0.141838 0.174856 125 128 112
0.528634 -0.028498 0.196886 102 124 145
0.570366 0.073866 0.182387 109 133 142
0.571052 0.076824 0.180910 116 139 147
0.583457 0.105496 0.175146 88 123 135
0.584518 0.106460 0.174325 101 137 148
0.584894 0.112384 0.176094 93 131 142
0.589892 0.122969 0.172486 114 152 160
0.591035 0.125159 0.171961 105 135 142
0.592045 0.128653 0.171229 130 172 168
0.593364 0.131175 0.171164 152 189 195
0.596273 0.134412 0.171752 128 161 171
0.601042 0.151038 0.169859 50 204 187
0.527060 -0.026045 0.195598 113 135 158
0.551966 0.036231 0.186865 13 0 0
0.554505 0.037094 0.185012 13 0 0
0.554168 0.042729 0.184355 15 0 0
0.558087 0.053383 0.181621 19 0 0
0.559674 0.054555 0.180696 18 0 0
0.569345 0.073829 0.178962 139 155 162
0.570368 0.078959 0.177312 86 92 95
0.571595 0.085876 0.176883 81 83 85
0.573606 0.090722 0.174646 104 96 92
0.588963 0.123185 0.171347 146 174 177
0.588979 0.126018 0.171717 148 171 173
0.590770 0.133111 0.168939 64 91 97
0.592321 0.137012 0.168345 96 119 128
0.505313 -0.069572 0.202066 159 185 201
0.554873 0.051044 0.178157 8 0 0
0.561763 0.062434 0.178918 98 106 125
0.564891 0.074109 0.174099 49 0 0
0.565794 0.076446 0.175526 86 71 62
0.567178 0.078773 0.175259 112 107 103
0.572034 0.093670 0.173250 79 86 89
0.499832 -0.077221 0.197331 144 180 211
0.508365 -0.056149 0.195493 166 193 212
0.511412 -0.046917 0.193712 66 144 185
0.514934 -0.043203 0.192809 81 140 165
0.544057 0.027261 0.181767 72 73 77
0.544469 0.028596 0.181612 71 66 75
0.545692 0.036879 0.178717 140 174 197
0.561380 0.070516 0.175107 38 0 0
0.564404 0.078277 0.174424 27 0 0
0.566083 0.080006 0.172717 101 102 97
0.567283 0.086278 0.172745 0 5 0
0.570167 0.091767 0.169554 30 36 63
0.571513 0.095273 0.171304 65 68 71
0.498082 -0.076597 0.195529 102 157 179
0.500961 -0.073608 0.195511 86 141 166
0.505359 -0.060934 0.192073 109 143 164
0.506486 -0.056663 0.191859 181 208 230
0.542544 0.032564 0.177544 144 176 189
0.545534 0.036881 0.176311 150 171 183
0.545300 0.039307 0.176011 137 161 174
0.547385 0.041640 0.174708 142 159 171
0.561131 0.073229 0.169897 31 0 0
0.561077 0.081012 0.169629 78 76 89
0.567714 0.090736 0.168067 121 102 70
0.494175 -0.085260 0.195129 125 141 153
0.494118 -0.084289 0.195238 118 139 145
0.494172 -0.080650 0.195139 113 133 144
0.497449 -0.075665 0.192186 84 115 133
0.497581 -0.073080 0.192882 95 123 152
0.498750 -0.069700 0.192299 85 139 167
0.499201 -0.066533 0.193538 111 162 190
0.502343 -0.062386 0.190532 160 205 240
0.503632 -0.059856 0.191083 176 207 243
0.505723 -0.048903 0.189545 159 201 236
0.508378 -0.043109 0.186466 187 206 201
0.511316 -0.039884 0.188934 115 174 197
0.511966 -0.035988 0.184943 46 157 220
0.529941 0.005836 0.178342 115 141 156
0.541530 0.034185 0.174088 116 109 126
0.543109 0.037995 0.173852 112 143 176
0.543086 0.040260 0.174204 127 153 192
0.556363 0.073483 0.169768 74 0 0
0.560047 0.079342 0.166910 70 53 44
0.570269 0.108292 0.161115 15 15 0
0.492364 -0.077975 0.191690 128 133 147
0.495864 -0.071579 0.191282 23 94 134
0.495760 -0.068059 0.190693 92 141 164
0.496053 -0.066837 0.188528 56 115 152
0.502229 -0.058024 0.187056 143 185 209
0.504584 -0.049613 0.186018 79 154 178
0.508860 -0.038462 0.186418 64 128 165
0.513509 -0.026171 0.182988 159 190 202
0.515101 -0.022268 0.181134 148 184 204
0.525255 0.000898 0.175794 159 189 210
0.538529 0.033479 0.173078 96 31 48
0.540523 0.038077 0.171600 112 89 109
0.541910 0.039657 0.171137 162 29 57
0.544617 0.045441 0.170086 118 142 121
0.550476 0.062778 0.165599 84 43 0
0.566838 0.101020 0.162067 32 12 0
0.566014 0.106704 0.159431 186 193 201
0.570468 0.112089 0.160002 32 22 0
0.571499 0.115990 0.159850 27 17 0
0.495927 -0.067441 0.187490 21 49 59
0.496444 -0.067386 0.187251 14 45 68
0.511789 -0.024378 0.180721 177 191 205
0.514438 -0.014660 0.178103 110 174 206
0.519926 -0.001354 0.174796 5 128 187
0.523552 0.002541 0.174328 109 165 187
0.523005 0.004155 0.174123 93 149 170
0.539083 0.041724 0.169807 130 94 122
0.539194 0.044458 0.167929 139 70 72
0.510483 -0.019660 0.174321 184 193 191
0.517009 -0.009420 0.174813 122 174 208
0.519636 -0.003582 0.173521 48 146 192
0.519752 -0.000725 0.173277 63 164 206
0.521162 0.000978 0.172079 40 135 167
0.527281 0.019282 0.167859 167 172 174
0.528839 0.024604 0.167970 140 141 158
0.535349 0.036379 0.165466 51 55 64
0.541736 0.055980 0.161860 160 164 170
0.497316 -0.050225 0.179186 103 146 170
0.518850 0.007003 0.167710 144 177 180
0.524075 0.019611 0.168132 179 190 202
0.527981 0.026786 0.167272 136 141 160
0.533047 0.038552 0.161902 43 96 133
0.554655 0.094433 0.152511 131 57 64
0.560780 0.111991 0.151827 214 188 204
0.477087 -0.089553 0.182794 147 164 170
0.531786 0.039780 0.161705 107 86 115
0.551181 0.087659 0.150691 171 154 161
0.534954 0.067507 0.150124 40 0 0
0.697023 0.071989 0.309689 199 160 156
0.678071 0.044370 0.306133 161 163 158
0.679754 0.045741 0.305305 177 175 165
0.677217 0.048598 0.302698 163 164 158
0.690685 0.076576 0.297676 147 146 144
0.666783 0.021617 0.304457 219 220 232
0.674779 0.046087 0.299367 196 208 218
0.680126 0.067907 0.296018 214 232 239
0.671931 0.060587 0.291134 210 225 241
0.682938 0.088644 0.286638 161 155 149
0.668233 0.058446 0.289190 208 227 237
0.672684 0.064937 0.285925 209 229 247
0.685041 0.097165 0.283148 162 161 155
0.683239 0.098270 0.279387 169 165 167
0.674245 0.083136 0.280054 197 211 228
0.678976 0.093852 0.277251 125 119 130
0.674596 0.088768 0.272656 93 76 91
0.656482 0.053287 0.277674 177 188 203
0.657552 0.061058 0.276819 236 247 255
0.675529 0.100158 0.272138 54 85 150
0.597222 -0.082638 0.299066 75 94 90
0.599727 -0.075653 0.296822 101 95 99
0.602328 -0.073822 0.296902 108 111 106
0.667637 0.086673 0.269978 125 143 137
0.596913 -0.080821 0.296181 170 171 166
0.598712 -0.075709 0.294451 131 136 118
0.599282 -0.072790 0.294070 96 108 106
0.599229 -0.071151 0.294291 58 85 87
0.591976 -0.086441 0.292410 119 128 128
0.594210 -0.082932 0.293426 126 147 192
0.594843 -0.078486 0.292480 113 100 104
0.595711 -0.076297 0.292355 132 149 142
0.598010 -0.072595 0.292068 135 138 128
0.597194 -0.070107 0.291442 97 108 101
0.590794 -0.086417 0.291450 84 82 61
0.591715 -0.082816 0.291104 90 100 104
0.593236 -0.080337 0.288551 74 59 21
0.595260 -0.075865 0.289013 107 97 88
0.595764 -0.072665 0.289058 142 138 128
0.595992 -0.068669 0.289128 137 139 135
0.591739 -0.080151 0.286944 52 42 39
0.592898 -0.075441 0.285814 6 1 3
0.594363 -0.069450 0.287175 145 137 111
0.585166 -0.084318 0.284457 127 122 95
0.587907 -0.082937 0.285340 73 74 85
0.593778 -0.059733 0.281643 137 115 89
0.578561 -0.083565 0.279774 80 50 59
0.584544 -0.078185 0.278444 99 105 110
0.583915 -0.070384 0.277713 128 128 136
0.585279 -0.068014 0.278047 130 133 140
0.575621 -0.085377 0.278162 70 79 82
0.580079 -0.079848 0.274979 106 116 115
0.581456 -0.075791 0.276258 119 121 104
0.582849 -0.073639 0.274879 114 119 118
0.584204 -0.071470 0.274237 107 109 118
0.586450 -0.060139 0.272485 100 131 148
0.590574 -0.048949 0.270684 109 139 157
0.575094 -0.085147 0.273363 56 53 56
0.575430 -0.084525 0.273134 58 58 50
0.580084 -0.072257 0.272581 103 95 90
0.580665 -0.070938 0.273282 105 101 96
0.576925 -0.072772 0.269439 113 105 91
0.637552 0.070952 0.245120 126 150 161
0.568797 -0.084817 0.268748 74 68 60
0.571646 -0.083668 0.268579 88 84 76
0.574882 -0.071364 0.269139 114 113 107
0.584869 -0.047069 0.262087 97 116 131
0.584561 -0.045732 0.262497 87 111 131
0.574875 -0.071192 0.264908 116 129 133
0.573628 -0.069347 0.261900 111 127 133
0.568114 -0.078999 0.264047 82 83 99
0.569754 -0.074392 0.262096 109 110 112
0.569781 -0.071865 0.262158 105 106 113
0.571882 -0.069201 0.261523 114 128 136
0.623460 0.066724 0.235635 127 150 170
0.588239 0.071961 0.194593 154 172 175
0.514476 -0.102270 0.220118 183 188 193
0.538609 -0.043051 0.211047 185 213 245
0.605230 0.127386 0.183144 158 190 210
0.509914 -0.105182 0.218710 180 188 199
0.532593 -0.044377 0.208282 142 161 177
0.599022 0.117836 0.179850 202 208 230
0.603929 0.132560 0.175648 165 199 210
0.603000 0.133328 0.173513 158 189 201
0.602301 0.135575 0.174837 125 161 172
0.583363 0.098503 0.177407 99 132 138
0.586894 0.105208 0.176136 91 122 126
0.587893 0.105997 0.176507 93 118 124
0.591098 0.109736 0.173610 96 121 128
0.591221 0.112774 0.172877 60 130 143
0.591280 0.116288 0.174560 78 98 102
0.594491 0.121604 0.172953 85 127 137
0.596070 0.122578 0.173392 82 111 118
0.598042 0.127140 0.171801 60 94 107
0.599694 0.132442 0.171203 160 195 205
0.518950 -0.058493 0.199181 166 173 185
0.564497 0.050422 0.183247 39 18 0
0.565700 0.056394 0.180601 49 50 39
0.573969 0.072416 0.178674 92 92 75
0.572563 0.075910 0.178330 103 118 113
0.584421 0.101859 0.174183 99 131 144
0.585297 0.104464 0.173158 98 129 140
0.587859 0.107789 0.172021 91 127 140
0.588952 0.108790 0.172116 84 127 143
0.589868 0.113451 0.171908 91 123 136
0.590184 0.116921 0.171147 107 143 156
0.592431 0.120614 0.170415 90 135 147
0.601886 0.141556 0.165784 105 129 145
0.555822 0.038324 0.183162 10 0 0
0.557484 0.042817 0.180332 8 0 0
0.561388 0.048887 0.178709 0 0 0
0.569937 0.068234 0.176171 80 70 58
0.569039 0.069220 0.175327 76 63 51
0.570667 0.074177 0.176062 103 115 118
0.570266 0.079462 0.175081 80 83 77
0.572402 0.082494 0.174539 122 123 115
0.575700 0.085335 0.175245 115 129 130
0.588670 0.114311 0.168886 136 169 180
0.589185 0.117678 0.169495 129 162 172
0.589348 0.120232 0.170103 129 160 169
0.590305 0.124874 0.168228 120 160 173
0.595165 0.132076 0.165708 71 123 123
0.518009 -0.046737 0.195472 108 119 125
0.553641 0.038963 0.177730 2 0 0
0.557025 0.045632 0.176016 36 0 0
0.561534 0.062739 0.174656 78 51 23
0.566559 0.070521 0.173607 45 17 9
0.568303 0.074304 0.173710 118 99 83
0.568838 0.077959 0.172115 126 131 131
0.578989 0.098257 0.169257 56 72 79
0.587290 0.120921 0.165453 58 73 86
0.502326 -0.079658 0.195103 140 177 204
0.510401 -0.057101 0.193639 165 193 215
0.512136 -0.054840 0.193663 155 188 206
0.520137 -0.039780 0.189931 75 127 150
0.526568 -0.019629 0.185807 109 132 150
0.534646 -0.006549 0.184561 107 132 149
0.547509 0.033470 0.177047 132 151 162
0.548137 0.034770 0.177242 112 127 139
0.558406 0.051204 0.174278 53 0 0
0.562922 0.069756 0.170991 59 46 35
0.564825 0.071265 0.171914 45 29 19
0.568262 0.079205 0.170648 139 159 152
0.567781 0.080172 0.168782 81 68 58
0.498247 -0.081792 0.193241 101 132 133
0.500573 -0.078215 0.194150 120 159 172
0.501045 -0.074358 0.193053 107 164 210
0.502346 -0.070354 0.192643 138 193 222
0.504259 -0.069502 0.192108 143 183 207
0.507335 -0.061405 0.191257 116 153 171
0.508585 -0.057718 0.190207 140 181 201
0.510913 -0.050678 0.189850 87 157 188
0.512889 -0.048499 0.188568 88 167 201
0.514773 -0.044778 0.186610 112 177 215
0.516179 -0.038526 0.186970 124 184 215
0.545984 0.033667 0.174661 142 169 183
0.547385 0.035452 0.174267 138 167 178
0.547554 0.038654 0.173781 123 157 173
0.548977 0.040583 0.172312 135 140 156
0.562948 0.077312 0.166655 139 86 0
0.565516 0.080910 0.166274 114 68 36
0.496899 -0.082073 0.190884 104 118 127
0.498282 -0.076878 0.191090 94 127 144
0.500399 -0.071239 0.191289 61 121 150
0.507586 -0.057273 0.188380 164 203 226
0.508540 -0.054173 0.185317 163 195 220
0.511937 -0.042336 0.186740 123 194 220
0.529910 0.002485 0.177407 124 147 163
0.542186 0.030653 0.171918 106 39 50
0.542726 0.032469 0.172702 110 83 102
0.545369 0.036312 0.173181 151 191 219
0.545763 0.037707 0.170636 173 188 212
0.547796 0.042069 0.171927 127 123 129
0.555272 0.064635 0.167175 97 71 0
0.559210 0.070686 0.165539 75 68 71
0.558812 0.072503 0.166976 76 46 37
0.561408 0.080760 0.163802 99 102 96
0.563403 0.082916 0.163830 83 64 62
0.494271 -0.081217 0.188436 151 163 181
0.498699 -0.073570 0.188282 0 80 101
0.498945 -0.070621 0.185233 0 28 47
0.506894 -0.049410 0.183520 12 155 216
0.509590 -0.045838 0.182918 135 173 175
0.513979 -0.032383 0.181130 140 185 223
0.517218 -0.027678 0.180127 141 186 205
0.517713 -0.024541 0.181555 155 188 205
0.519717 -0.015227 0.177404 170 199 239
0.523706 -0.013445 0.177225 144 181 206
0.541145 0.031019 0.170838 98 37 41
0.540638 0.032419 0.169380 100 34 43
0.542238 0.036924 0.171472 97 38 51
0.542958 0.038716 0.169622 113 42 89
0.558607 0.073498 0.164000 76 39 0
0.521888 -0.007092 0.173112 76 155 187
0.525092 0.000467 0.174782 163 187 202
0.526568 0.003663 0.170887 112 156 177
0.528852 0.006855 0.171811 157 183 197
0.537920 0.031572 0.167146 105 46 50
0.539070 0.032116 0.167468 79 40 49
0.547314 0.050552 0.164668 137 153 174
0.576422 0.124398 0.149783 28 19 0
0.521688 -0.004195 0.170866 8 118 166
0.526057 0.011075 0.167703 160 182 191
0.528658 0.016697 0.166113 168 183 197
0.531373 0.021503 0.167197 153 174 187
0.534013 0.028225 0.163393 122 125 137
0.536660 0.035060 0.163980 47 49 48
0.538190 0.036373 0.164684 70 63 70
0.542566 0.044459 0.162745 106 80 95
0.563969 0.105145 0.153072 224 220 234
0.566002 0.108386 0.151777 153 143 153
0.568084 0.109897 0.152103 132 140 136
0.517679 -0.001056 0.168273 145 179 205
0.523658 0.007438 0.166171 163 187 198
0.526019 0.014224 0.165535 178 187 211
0.527676 0.017881 0.165084 158 172 179
0.528275 0.021757 0.163817 187 167 184
0.531720 0.023706 0.163390 138 150 155
0.531488 0.027158 0.163942 128 134 145
0.535312 0.033779 0.162115 7 21 52
0.545674 0.067840 0.155218 126 195 241
0.564395 0.108599 0.149018 172 177 181
0.519411 0.006539 0.164339 206 196 211
0.526086 0.017161 0.162493 231 217 218
0.526631 0.023673 0.158492 219 255 222
0.484444 -0.063203 0.169398 215 207 221
0.549677 0.088970 0.144914 201 223 232
0.515053 0.026499 0.147973 218 163 145
0.683338 0.043727 0.304872 185 150 145
0.687551 0.048846 0.306196 180 173 156
0.681180 0.037462 0.304618 207 214 216
0.680811 0.041256 0.302421 176 175 179
0.686923 0.058700 0.302395 167 170 167
0.676117 0.041991 0.301586 190 203 208
0.671795 0.034998 0.299820 203 212 221
0.670314 0.034326 0.296886 207 217 229
0.669590 0.038997 0.293465 206 229 242
0.671826 0.046020 0.293356 195 210 216
0.678510 0.066192 0.289073 218 235 252
0.681879 0.069665 0.290141 212 220 231
0.666439 0.035408 0.290540 194 209 221
0.673796 0.062959 0.283696 181 202 220
0.664376 0.049903 0.283269 176 199 220
0.671841 0.065351 0.281903 197 216 231
0.665172 0.056905 0.278998 204 228 253
0.662110 0.048778 0.279394 208 224 227
0.665544 0.054301 0.277984 203 223 240
0.671360 0.081690 0.272354 57 80 110
0.602501 -0.075820 0.294185 160 146 145
0.632276 -0.001192 0.279241 163 176 179
0.632013 0.000609 0.278831 161 161 166
0.594329 -0.087835 0.290639 135 164 181
0.595458 -0.084789 0.292426 187 210 206
0.598873 -0.078968 0.291510 140 152 147
0.597833 -0.074182 0.289400 143 135 123
0.630203 -0.001467 0.277116 146 165 171
0.594367 -0.087475 0.288155 102 85 47
0.592079 -0.082582 0.288165 56 58 51
0.594383 -0.080569 0.289077 83 105 106
0.595974 -0.075842 0.287384 56 43 42
0.596369 -0.074522 0.287280 79 49 34
0.590579 -0.087079 0.286531 51 64 87
0.593918 -0.079590 0.284581 30 69 108
0.592171 -0.076910 0.284403 97 77 54
0.586419 -0.089164 0.283545 146 150 128
0.586622 -0.086200 0.283306 113 110 105
0.588398 -0.083567 0.282915 97 94 87
0.590870 -0.076820 0.279635 161 158 160
0.592018 -0.073144 0.282134 52 41 15
0.598084 -0.061293 0.277065 110 141 146
0.659836 0.087672 0.254046 116 143 158
0.586063 -0.085074 0.282044 123 126 109
0.587452 -0.084104 0.280259 123 120 120
0.587570 -0.079345 0.277340 145 128 107
0.590391 -0.076792 0.278459 142 140 131
0.592390 -0.073252 0.278153 151 140 131
0.595994 -0.064100 0.276056 144 161 162
0.596383 -0.060240 0.275627 129 150 147
0.583096 -0.086031 0.277700 133 129 124
0.583529 -0.080726 0.278165 131 121 119
0.585725 -0.079931 0.277726 117 116 109
0.587133 -0.069449 0.275257 123 123 125
0.591666 -0.064315 0.275281 127 134 139
0.593899 -0.061113 0.273903 115 124 134
0.593522 -0.059148 0.274048 103 128 122
0.580468 -0.083278 0.273688 105 93 76
0.581106 -0.082372 0.274340 99 103 105
0.582578 -0.078009 0.274321 117 114 112
0.585132 -0.070565 0.272729 115 118 122
0.587925 -0.069524 0.272969 124 126 131
0.573790 -0.091410 0.272561 85 84 54
0.576002 -0.088381 0.271503 91 77 67
0.579705 -0.082467 0.272635 77 69 70
0.595490 -0.039396 0.264976 134 135 132
0.574278 -0.090453 0.271877 81 77 63
0.574691 -0.085966 0.270202 87 83 64
0.573663 -0.084844 0.269178 76 80 76
0.571674 -0.089480 0.269271 69 68 56
0.574575 -0.079495 0.264071 80 133 157
0.586345 -0.051747 0.259762 95 119 137
0.569333 -0.085002 0.263719 120 122 103
0.584465 -0.049927 0.258300 70 88 108
0.630017 0.062772 0.240176 126 150 170
0.613710 0.052002 0.225802 143 157 165
0.613105 0.051840 0.225263 149 162 168
0.632449 0.105074 0.216262 117 144 152
0.585908 0.009903 0.225551 112 112 128
0.547248 -0.042596 0.217073 210 250 255
0.517393 -0.106047 0.221083 170 180 181
0.574161 0.032386 0.197353 165 176 176
0.536180 -0.046001 0.208474 179 211 235
0.604429 0.119233 0.179344 177 206 224
0.608375 0.121670 0.178812 172 201 218
0.507846 -0.107447 0.215715 182 198 203
0.532680 -0.053504 0.206239 154 180 188
0.600754 0.114776 0.178383 175 202 216
0.604773 0.125675 0.176236 173 196 206
0.582532 0.080307 0.179212 72 99 98
0.594987 0.104647 0.175609 137 169 180
0.595989 0.107112 0.175322 153 184 195
0.596996 0.110908 0.173929 128 162 173
0.598469 0.115772 0.172947 127 161 171
0.599425 0.116166 0.174245 138 169 178
0.604214 0.129387 0.171649 162 197 204
0.605542 0.130885 0.171242 158 188 198
0.531806 -0.040445 0.198236 96 128 150
0.538881 -0.022395 0.197389 103 127 146
0.593323 0.111199 0.171270 54 83 86
0.597669 0.118345 0.170764 88 119 120
0.598410 0.120321 0.172436 82 124 135
0.597512 0.126494 0.169712 81 107 107
0.601241 0.131111 0.170918 149 192 210
0.548226 0.003457 0.188633 88 118 136
0.559153 0.035993 0.182132 15 0 0
0.562878 0.044173 0.180215 27 0 0
0.574280 0.068220 0.177665 78 77 56
0.575045 0.071288 0.177357 88 92 81
0.577472 0.079309 0.175668 71 98 103
0.580671 0.080506 0.174185 101 130 137
0.583716 0.093831 0.171648 104 142 148
0.584034 0.095267 0.171517 104 143 150
0.585072 0.100967 0.171133 114 150 154
0.588073 0.103916 0.170784 95 131 139
0.588576 0.106168 0.171637 92 127 137
0.589827 0.110141 0.170418 96 137 150
0.589290 0.111384 0.169752 125 163 173
0.592416 0.115096 0.169423 77 137 152
0.597818 0.126240 0.169197 65 100 114
0.595850 0.128296 0.166942 71 95 101
0.523940 -0.046404 0.192257 96 118 123
0.560702 0.041926 0.179541 15 0 0
0.560899 0.048144 0.178346 12 0 0
0.570551 0.068950 0.175129 77 71 61
0.573133 0.073240 0.172264 106 108 107
0.585639 0.098612 0.169618 124 162 171
0.584912 0.101494 0.166441 87 130 159
0.587704 0.105241 0.167643 131 163 173
0.588104 0.107794 0.169301 165 193 206
0.590121 0.112778 0.168001 126 168 183
0.593436 0.128055 0.164425 81 102 117
0.532313 -0.016954 0.185681 109 133 150
0.558013 0.045808 0.176572 17 0 0
0.559419 0.049318 0.174182 85 0 0
0.564703 0.058273 0.171918 35 0 0
0.568732 0.072482 0.171777 123 100 85
0.572180 0.075075 0.170322 110 114 112
0.572729 0.078910 0.170786 97 99 110
0.581559 0.098181 0.168505 59 80 88
0.583222 0.102908 0.165720 69 87 91
0.505153 -0.079646 0.194566 115 159 186
0.513199 -0.063050 0.192611 169 202 215
0.511586 -0.060192 0.190362 157 197 201
0.512916 -0.056796 0.190963 174 193 202
0.521483 -0.038714 0.186401 94 131 151
0.533508 -0.007719 0.181146 101 134 147
0.550819 0.030164 0.173877 76 76 80
0.556481 0.043714 0.174534 19 0 0
0.563403 0.059787 0.172026 34 0 0
0.564600 0.063352 0.169657 60 43 35
0.566216 0.066951 0.168883 41 25 12
0.564875 0.069184 0.167990 40 34 0
0.567971 0.073405 0.169164 63 37 6
0.571691 0.078191 0.167925 89 89 77
0.589566 0.119981 0.160582 81 88 84
0.492478 -0.104175 0.194420 156 168 168
0.497146 -0.089226 0.193444 129 148 158
0.503609 -0.077081 0.193123 113 181 190
0.505562 -0.074158 0.188497 115 154 180
0.508487 -0.066296 0.189023 149 187 214
0.510138 -0.062531 0.188537 133 170 193
0.511022 -0.060077 0.189637 171 197 215
0.512038 -0.055515 0.186938 113 166 188
0.514537 -0.048225 0.185686 72 158 183
0.515065 -0.046575 0.185893 82 166 190
0.517636 -0.042936 0.184590 64 166 197
0.549615 0.031761 0.173420 133 144 160
0.549321 0.033220 0.172923 176 194 198
0.557626 0.052287 0.168930 83 73 54
0.564350 0.067277 0.167846 69 52 58
0.566093 0.070048 0.166637 51 33 40
0.565015 0.072605 0.165098 97 53 0
0.568467 0.079100 0.165432 79 58 45
0.570613 0.082624 0.163678 107 86 73
0.500416 -0.078014 0.188310 83 111 130
0.500841 -0.076336 0.188101 51 105 139
0.510962 -0.055499 0.184850 97 163 204
0.512174 -0.052635 0.184615 47 135 171
0.513173 -0.050020 0.184837 77 175 203
0.518923 -0.035658 0.181511 152 185 201
0.520144 -0.033749 0.179931 142 180 197
0.524345 -0.022843 0.177777 148 177 194
0.543169 0.029294 0.170434 103 42 47
0.544393 0.030134 0.170123 105 54 65
0.548502 0.035288 0.169391 152 176 190
0.548530 0.037064 0.168960 139 173 191
0.555775 0.052528 0.167008 78 51 17
0.557582 0.054506 0.166550 73 55 34
0.562459 0.068071 0.162798 22 17 0
0.562653 0.075160 0.161962 48 0 0
0.569313 0.084577 0.161884 144 0 0
0.568303 0.087926 0.158886 43 24 0
0.497837 -0.078260 0.185231 151 172 179
0.500674 -0.074842 0.185843 11 65 90
0.499623 -0.071320 0.184783 24 68 87
0.504072 -0.061896 0.182172 143 195 215
0.513349 -0.043591 0.181345 58 144 198
0.515436 -0.039368 0.180459 72 152 178
0.516795 -0.035352 0.178516 79 136 160
0.519731 -0.027531 0.175273 168 197 203
0.521972 -0.023688 0.176443 155 184 214
0.523799 -0.015525 0.176378 160 179 194
0.542679 0.029684 0.167998 103 31 38
0.542208 0.031158 0.167704 99 34 34
0.544737 0.034153 0.166673 133 2 0
0.546991 0.042973 0.164919 181 163 186
0.549976 0.047057 0.163428 131 134 146
0.563755 0.076970 0.159099 44 0 0
0.565810 0.083435 0.159068 46 0 0
0.496587 -0.077128 0.183629 165 190 196
0.497869 -0.074964 0.183659 139 163 173
0.500913 -0.069945 0.181701 148 194 242
0.512864 -0.040051 0.175754 144 191 186
0.522963 -0.008126 0.172225 111 170 196
0.528311 -0.002344 0.170689 165 190 203
0.527543 0.003449 0.169787 110 153 170
0.534446 0.011462 0.168436 138 162 175
0.540977 0.033517 0.163316 63 0 0
0.547912 0.047545 0.162251 185 147 181
0.571980 0.108078 0.152086 30 18 0
0.574718 0.112578 0.151269 33 29 0
0.509964 -0.040034 0.175358 151 179 185
0.515823 -0.027425 0.171023 164 184 189
0.522383 -0.007261 0.168854 73 154 183
0.523626 -0.004988 0.167699 40 127 166
0.524784 0.000671 0.166765 34 120 154
0.528096 0.004722 0.167779 153 175 188
0.529731 0.009088 0.166157 159 195 204
0.530407 0.011582 0.164785 154 174 184
0.531963 0.015927 0.163117 181 218 224
0.533138 0.020096 0.163596 166 182 192
0.539069 0.029042 0.162257 113 111 123
0.539834 0.035232 0.163015 53 27 34
0.543845 0.046789 0.161221 111 73 80
0.526574 0.011069 0.161108 146 201 225
0.528455 0.016239 0.162057 247 225 255
0.531683 0.017885 0.162357 180 189 208
0.531949 0.022634 0.162318 120 136 145
0.531569 0.026431 0.157801 125 131 143
0.531741 0.029197 0.157694 147 153 173
0.532892 0.034796 0.156972 137 158 177
0.519518 0.003313 0.157093 166 202 211
0.680211 0.035388 0.300002 204 215 223
0.683676 0.041549 0.299049 211 228 233
0.677595 0.039564 0.295430 206 223 232
0.685232 0.064260 0.291252 206 231 251
0.691374 0.084743 0.281060 217 214 218
0.667355 0.034436 0.291406 194 204 219
0.671996 0.044619 0.289900 207 217 216
0.676350 0.059874 0.285612 213 240 255
0.682670 0.087612 0.274344 151 178 208
0.671430 0.064136 0.277437 204 220 232
0.671860 0.064029 0.277644 209 223 226
0.669797 0.064751 0.272161 183 218 243
0.634439 -0.019700 0.284123 162 168 168
0.633723 -0.016455 0.284348 154 165 163
0.636248 -0.014332 0.283353 156 165 164
0.636282 -0.011402 0.283392 150 157 153
0.637432 -0.007907 0.282729 154 159 163
0.631053 -0.016772 0.280411 185 194 194
0.633665 -0.014853 0.281338 178 184 180
0.635826 -0.010070 0.280006 168 180 175
0.635646 -0.007503 0.279867 148 149 166
0.670529 0.074167 0.266758 110 134 151
0.668989 0.076909 0.265069 122 149 165
0.608813 -0.067617 0.285786 185 198 222
0.632885 -0.007289 0.277433 170 189 196
0.633164 -0.003223 0.276565 165 177 179
0.599681 -0.085888 0.287334 73 75 58
0.606502 -0.065739 0.283475 180 188 204
0.631648 -0.005317 0.273902 161 175 180
0.631982 -0.002806 0.274577 155 171 174
0.670634 0.091036 0.259550 130 130 141
0.604896 -0.065606 0.281065 157 187 200
0.605715 -0.063163 0.281268 135 160 172
0.610553 -0.050965 0.277737 156 219 235
0.610565 -0.049991 0.278731 180 196 181
0.614711 -0.040788 0.276315 96 108 119
0.629699 -0.004879 0.271652 154 162 168
0.603495 -0.065807 0.279851 140 166 175
0.605155 -0.060266 0.278363 47 85 150
0.606312 -0.053652 0.275390 155 157 157
0.608593 -0.051910 0.277400 162 179 182
0.628150 -0.000547 0.270386 171 173 171
0.665460 0.088555 0.254166 113 138 152
0.586765 -0.093084 0.281456 149 162 169
0.588264 -0.091536 0.281332 136 140 137
0.588716 -0.087761 0.280040 132 135 129
0.589140 -0.084629 0.279771 131 130 122
0.600511 -0.063120 0.275837 131 141 147
0.601418 -0.061350 0.275689 143 167 176
0.600836 -0.058356 0.277311 121 142 143
0.606989 -0.051526 0.274844 156 172 176
0.607996 -0.046273 0.274420 106 119 121
0.585592 -0.093789 0.278330 133 130 115
0.587451 -0.091422 0.277744 123 127 124
0.587451 -0.086601 0.278493 128 130 116
0.588814 -0.084290 0.278165 132 131 124
0.589127 -0.082026 0.277059 133 134 129
0.590972 -0.076377 0.277337 132 129 125
0.595754 -0.067220 0.274370 122 139 143
0.596436 -0.064669 0.276376 159 169 177
0.596607 -0.061367 0.274395 107 140 155
0.606073 -0.038967 0.268620 137 148 143
0.584946 -0.092841 0.276792 114 108 87
0.584021 -0.089909 0.275916 141 136 128
0.583801 -0.087724 0.276295 145 136 126
0.586151 -0.082685 0.276283 130 132 122
0.593939 -0.066518 0.271705 122 132 143
0.603362 -0.047629 0.268900 117 98 86
0.603823 -0.038869 0.267334 119 133 134
0.604444 -0.038137 0.266815 77 103 121
0.581798 -0.091214 0.272207 106 101 93
0.581552 -0.084024 0.271761 133 135 127
0.583446 -0.081582 0.271523 127 107 98
0.592933 -0.060988 0.269112 89 106 107
0.600240 -0.038255 0.264789 126 119 124
0.660620 0.108143 0.239275 124 145 159
0.580044 -0.090267 0.269668 110 104 82
0.580842 -0.086007 0.268231 126 111 103
0.595101 -0.049010 0.261372 130 133 140
0.575771 -0.085127 0.265068 96 110 139
0.570167 -0.090242 0.262582 43 50 76
0.573193 -0.084017 0.261212 72 105 115
0.568029 -0.089876 0.260812 41 47 65
0.570831 -0.083653 0.257288 116 131 138
0.569248 -0.082463 0.256634 91 106 108
0.628976 0.071517 0.225834 132 156 175
0.591114 0.005244 0.227699 123 133 131
0.584129 0.024121 0.207188 157 186 201
0.548568 -0.046366 0.214388 220 248 255
0.575221 0.029116 0.197554 197 204 208
0.529017 -0.069810 0.206320 164 194 205
0.569596 0.037176 0.183153 16 24 0
0.580006 0.059075 0.180880 95 126 132
0.580199 0.061008 0.179793 127 140 144
0.597543 0.107803 0.174451 173 202 212
0.598359 0.111253 0.173139 149 181 191
0.599771 0.112146 0.173212 172 202 213
0.602557 0.115044 0.171015 175 199 209
0.602265 0.118757 0.169539 166 196 209
0.606384 0.129050 0.169607 150 184 192
0.568081 0.037477 0.183114 29 25 5
0.567524 0.039058 0.182072 46 29 0
0.570407 0.047946 0.182289 40 8 0
0.580249 0.069670 0.176039 91 112 119
0.581509 0.075440 0.175509 89 119 121
0.584186 0.076831 0.174741 81 115 108
0.584065 0.081818 0.175528 84 104 106
0.588314 0.089006 0.172318 85 118 123
0.589965 0.092724 0.170841 90 122 128
0.595281 0.104837 0.171286 115 143 152
0.594158 0.106166 0.171075 87 116 124
0.599449 0.113701 0.169872 92 128 140
0.601164 0.120920 0.167226 53 110 140
0.528908 -0.049342 0.193917 112 137 156
0.532372 -0.039269 0.191319 96 132 163
0.562569 0.036728 0.179268 33 0 0
0.568861 0.047408 0.177652 65 43 0
0.567941 0.050188 0.178439 50 32 0
0.577052 0.067883 0.174845 104 98 78
0.582928 0.078391 0.173076 100 121 123
0.582759 0.083909 0.171132 104 143 146
0.587665 0.093674 0.171206 106 131 128
0.588125 0.096967 0.169371 108 142 147
0.592606 0.106359 0.169724 67 94 100
0.595488 0.113013 0.166928 96 111 118
0.600334 0.128169 0.163340 66 102 114
0.557176 0.026273 0.181112 85 53 0
0.563366 0.041430 0.177962 31 0 0
0.570442 0.054257 0.174788 59 47 30
0.572182 0.064887 0.171655 112 92 69
0.575493 0.073571 0.171883 142 174 196
0.586411 0.095645 0.167424 115 144 152
0.586477 0.097376 0.167097 116 154 163
0.587861 0.101199 0.167339 143 179 188
0.588558 0.104710 0.167093 123 156 166
0.590823 0.109788 0.167182 99 146 169
0.593074 0.115975 0.164225 76 118 139
0.596645 0.122940 0.161389 76 86 106
0.560848 0.047366 0.172418 9 0 0
0.566868 0.060560 0.170007 56 36 24
0.569917 0.063624 0.171878 56 46 90
0.569826 0.067303 0.169709 58 0 0
0.569718 0.067475 0.169657 53 0 0
0.571616 0.071335 0.167935 72 43 36
0.574515 0.075864 0.166527 81 78 64
0.574701 0.077107 0.165937 107 121 136
0.578889 0.084467 0.165976 80 88 92
0.501320 -0.101019 0.195311 162 178 189
0.502779 -0.096533 0.193584 136 169 173
0.501851 -0.091065 0.193328 97 133 146
0.506953 -0.084326 0.190425 111 141 137
0.510728 -0.074866 0.192364 144 176 201
0.517686 -0.054985 0.186840 150 173 182
0.550915 0.029807 0.173241 86 88 87
0.559246 0.042299 0.171772 10 0 0
0.566751 0.060824 0.166008 67 45 34
0.569327 0.070892 0.166622 76 46 34
0.570804 0.071403 0.167074 105 77 54
0.574085 0.076320 0.165698 161 145 127
0.573422 0.077663 0.166202 112 97 93
0.500862 -0.091448 0.189322 115 133 147
0.510695 -0.068899 0.187678 196 225 245
0.514394 -0.061697 0.185392 172 193 208
0.515058 -0.057409 0.185155 166 186 206
0.516423 -0.055344 0.184069 168 181 201
0.517175 -0.050972 0.183551 140 176 201
0.520261 -0.043649 0.183631 56 137 180
0.549342 0.029941 0.169588 141 151 157
0.550661 0.032068 0.170220 159 169 184
0.553173 0.036590 0.168408 123 137 149
0.560497 0.054307 0.165172 109 92 88
0.560446 0.055547 0.165031 83 50 32
0.565360 0.062648 0.165925 59 41 37
0.568924 0.072913 0.164767 70 43 0
0.570105 0.080024 0.162492 90 26 24
0.571841 0.081785 0.162604 107 103 99
0.574976 0.086323 0.160375 43 25 0
0.500980 -0.087987 0.188175 98 133 143
0.504211 -0.081467 0.185910 90 122 131
0.508402 -0.071211 0.185036 151 179 198
0.516829 -0.044870 0.181831 68 165 192
0.517462 -0.043768 0.180345 56 152 191
0.520383 -0.035752 0.179678 154 182 197
0.521422 -0.033677 0.178168 147 182 199
0.524756 -0.024177 0.177530 148 183 197
0.545820 0.026431 0.168336 114 43 59
0.548603 0.030232 0.168282 157 150 167
0.549921 0.033074 0.167525 132 135 151
0.550798 0.036821 0.166186 148 154 171
0.552067 0.039119 0.164720 135 132 130
0.561047 0.059786 0.161031 23 0 0
0.567374 0.076871 0.160357 53 0 0
0.498059 -0.085709 0.186567 148 171 171
0.501983 -0.076845 0.183031 32 62 82
0.502378 -0.074229 0.181579 0 48 71
0.511952 -0.052560 0.178103 196 210 234
0.514982 -0.049878 0.179444 41 120 145
0.515465 -0.047617 0.178099 55 180 215
0.516761 -0.039956 0.177144 171 187 199
0.520597 -0.036920 0.176060 157 193 203
0.521747 -0.034901 0.176338 180 185 186
0.522228 -0.026472 0.175183 141 181 210
0.524142 -0.024185 0.172499 144 177 188
0.525625 -0.019643 0.172978 172 181 194
0.532392 -0.000518 0.168909 165 191 210
0.535006 0.002845 0.171283 131 157 167
0.543404 0.030289 0.164741 105 0 0
0.548864 0.034114 0.164302 198 177 215
0.550581 0.037167 0.163844 230 255 255
0.550553 0.038840 0.162838 237 146 153
0.555983 0.053910 0.162361 51 44 24
0.557893 0.056560 0.160355 149 112 1
0.566662 0.075439 0.157639 143 0 0
0.570450 0.089229 0.155975 37 18 0
0.580679 0.115613 0.150228 35 37 25
0.497041 -0.084836 0.181843 175 199 214
0.497818 -0.080943 0.182452 162 192 196
0.501522 -0.077963 0.180847 137 159 169
0.518202 -0.029157 0.174144 157 164 186
0.520694 -0.027114 0.170226 173 217 234
0.523036 -0.019754 0.172664 141 187 222
0.525523 -0.017189 0.171327 142 179 197
0.527944 -0.008415 0.169486 150 177 195
0.528087 -0.005309 0.168628 158 184 204
0.529461 -0.002593 0.169373 155 182 200
0.533235 0.000620 0.167106 164 191 208
0.532178 0.002170 0.165422 133 172 202
0.534264 0.007448 0.164903 155 179 192
0.536258 0.009072 0.164847 148 175 195
0.542931 0.028170 0.162076 82 31 32
0.542982 0.031198 0.164212 103 0 0
0.547300 0.040691 0.159275 94 0 0
0.578438 0.114172 0.149444 23 20 0
0.508971 -0.048325 0.172976 164 169 151
0.513937 -0.030143 0.170185 157 178 189
0.520396 -0.022397 0.169047 48 131 168
0.522791 -0.014882 0.168013 24 131 169
0.523307 -0.013591 0.167845 40 126 164
0.526009 -0.009691 0.165980 71 137 165
0.530690 0.004984 0.164119 157 183 180
0.531441 0.008256 0.164374 169 182 193
0.534231 0.011186 0.163732 163 177 199
0.534726 0.012854 0.162457 166 172 203
0.535496 0.017235 0.161328 138 151 160
0.537545 0.022880 0.160757 118 128 136
0.538265 0.024612 0.160872 120 132 141
0.516695 -0.018045 0.165440 163 187 202
0.521277 -0.013836 0.165363 132 180 200
0.521675 -0.011615 0.164792 61 141 183
0.523211 -0.008626 0.162564 13 104 155
0.528310 0.007117 0.162052 201 173 174
0.535138 0.025074 0.157047 104 106 117
0.572420 0.116304 0.141947 59 52 46
0.494667 -0.071686 0.169731 155 169 168
0.527131 0.009518 0.157326 110 152 171
0.530278 0.017722 0.156881 140 148 160
0.532927 0.021755 0.155228 156 183 208
0.548304 0.062124 0.151412 197 224 230
0.488797 -0.077461 0.168062 214 233 239
0.525854 0.011473 0.156578 182 220 255
0.685993 0.055885 0.291841 206 204 232
0.692898 0.081902 0.279917 187 194 215
0.672139 0.042950 0.285238 206 217 233
0.677809 0.064669 0.275265 174 189 196
0.682825 0.084764 0.270433 188 234 255
0.637484 -0.021060 0.284054 157 170 169
0.637803 -0.020740 0.283569 171 174 170
0.639433 -0.015846 0.283867 154 158 156
0.641208 -0.014262 0.283802 137 150 127
0.636462 -0.021276 0.282310 176 192 183
0.636913 -0.020272 0.282930 146 152 168
0.636770 -0.013636 0.281726 162 173 175
0.638790 -0.010693 0.281733 151 153 152
0.634713 -0.018568 0.281113 171 175 180
0.637106 -0.010901 0.280773 161 171 166
0.632434 -0.013396 0.276195 184 212 211
0.635604 -0.007964 0.277333 173 201 202
0.668678 0.076100 0.262089 87 121 133
0.632902 -0.005699 0.272837 153 178 176
0.633147 -0.004264 0.272172 155 174 177
0.605194 -0.065812 0.280234 164 180 192
0.610520 -0.050981 0.277137 161 201 191
0.631242 -0.006449 0.269681 152 142 145
0.632273 -0.003993 0.270795 154 174 173
0.650186 0.038305 0.260427 78 121 151
0.604267 -0.066011 0.278114 159 176 181
0.604056 -0.063861 0.277284 163 159 155
0.608746 -0.053770 0.277169 149 145 170
0.614407 -0.041672 0.274035 99 144 171
0.625260 -0.015041 0.267354 151 159 151
0.625410 -0.013297 0.267449 130 135 136
0.600218 -0.069644 0.273449 48 103 109
0.601405 -0.065634 0.274420 142 163 164
0.601113 -0.063635 0.273191 137 150 159
0.606705 -0.055595 0.272847 138 139 144
0.606593 -0.053530 0.272309 136 150 142
0.611487 -0.042581 0.270040 118 127 133
0.624623 -0.012823 0.264655 131 129 139
0.585706 -0.095117 0.277048 130 127 117
0.588020 -0.092496 0.278203 120 126 129
0.590651 -0.087247 0.277142 129 130 125
0.589985 -0.085951 0.276011 127 130 121
0.599337 -0.067535 0.273238 133 164 170
0.599454 -0.065719 0.272954 123 143 134
0.599648 -0.060388 0.271090 156 188 191
0.603157 -0.054571 0.269539 107 116 112
0.609414 -0.039149 0.268106 149 145 134
0.621929 -0.011239 0.263182 134 128 115
0.596287 -0.066689 0.269352 45 65 91
0.596073 -0.065766 0.270092 43 39 54
0.600572 -0.057136 0.265595 87 105 114
0.603224 -0.053840 0.268205 110 116 118
0.602962 -0.051104 0.266178 106 129 146
0.606942 -0.042268 0.264200 179 177 187
0.580794 -0.092717 0.270968 101 103 89
0.599526 -0.056754 0.264737 89 106 124
0.599278 -0.055642 0.264728 72 96 103
0.579945 -0.090787 0.268081 106 100 94
0.582999 -0.085763 0.267904 128 111 99
0.583156 -0.084942 0.268370 123 115 94
0.592406 -0.070475 0.264637 135 154 159
0.659554 0.105553 0.235122 124 145 161
0.577448 -0.095155 0.268019 103 83 93
0.579082 -0.090280 0.267125 99 96 95
0.595066 -0.050170 0.260314 119 126 127
0.659426 0.107505 0.234076 123 144 158
0.658386 0.106542 0.229233 128 148 164
0.659763 0.113970 0.230530 128 147 164
0.627341 0.060450 0.226675 127 152 168
0.628208 0.062870 0.225264 130 155 173
0.629869 0.064876 0.223821 132 154 177
0.627339 0.063236 0.224932 124 147 169
0.627219 0.065801 0.223247 128 156 175
0.617976 0.044872 0.223283 128 154 190
0.617670 0.049122 0.223974 149 162 169
0.589133 0.018408 0.212007 93 105 104
0.549199 -0.050317 0.212613 202 237 255
0.525231 -0.088624 0.209761 176 198 206
0.591491 0.067927 0.181469 159 186 200
0.607789 0.113222 0.177070 186 212 231
0.532637 -0.071324 0.203633 168 191 217
0.539730 -0.049523 0.200938 167 187 203
0.588634 0.072619 0.178008 102 132 134
0.589780 0.074512 0.177468 100 115 129
0.603823 0.104441 0.173372 186 214 230
0.602959 0.106773 0.173296 188 215 229
0.604430 0.113168 0.171475 176 204 219
0.570447 0.037006 0.181603 43 24 0
0.571695 0.037492 0.181977 31 22 0
0.581522 0.059495 0.176971 126 142 141
0.587205 0.072954 0.177800 91 118 122
0.588337 0.075018 0.176711 98 129 127
0.589081 0.078300 0.175908 83 118 111
0.590372 0.081520 0.175051 90 121 123
0.592297 0.082942 0.173381 86 117 126
0.599679 0.105174 0.171993 177 209 220
0.603938 0.114062 0.170151 188 218 227
0.532288 -0.049849 0.194002 103 133 156
0.569562 0.037066 0.181989 40 37 27
0.570293 0.039194 0.179083 41 26 0
0.571337 0.041082 0.177396 44 27 0
0.578379 0.059217 0.175363 94 106 107
0.582676 0.063360 0.175183 117 130 129
0.581004 0.067760 0.173613 94 121 127
0.582241 0.073863 0.173428 69 96 101
0.585993 0.078740 0.171854 88 122 120
0.588893 0.085055 0.171643 82 112 115
0.592352 0.092794 0.170651 84 116 120
0.593423 0.094921 0.169909 88 113 116
0.594002 0.100027 0.170379 116 159 160
0.598055 0.104413 0.170004 130 161 169
0.599285 0.109031 0.168694 171 204 217
0.560421 0.025746 0.179107 62 44 0
0.570423 0.042766 0.176953 58 35 0
0.570570 0.045724 0.175501 44 21 0
0.574080 0.054667 0.171961 73 69 74
0.577617 0.059685 0.173721 103 104 103
0.579333 0.061583 0.172972 100 102 83
0.582923 0.076810 0.171106 96 130 135
0.586591 0.082578 0.168293 96 131 131
0.586802 0.086176 0.168677 100 134 137
0.587472 0.089632 0.168053 112 146 154
0.589892 0.091899 0.167313 110 141 162
0.591522 0.094907 0.166135 110 144 151
0.592648 0.100257 0.165482 137 175 184
0.597080 0.107145 0.164181 122 159 169
0.597928 0.114841 0.164993 49 59 71
0.535037 -0.033413 0.185933 97 130 156
0.561996 0.032415 0.175970 69 43 0
0.570840 0.048284 0.173198 82 0 0
0.571246 0.053112 0.170252 30 0 0
0.573246 0.056308 0.171101 66 26 10
0.573753 0.059664 0.170639 156 131 117
0.575412 0.064178 0.170243 96 48 33
0.578508 0.069962 0.170431 150 174 194
0.583200 0.079896 0.168288 119 155 165
0.584768 0.083984 0.166314 152 180 187
0.585900 0.085959 0.166285 86 130 141
0.586345 0.089730 0.166083 139 175 186
0.587644 0.093225 0.165859 100 136 142
0.587321 0.095768 0.166227 160 184 190
0.588157 0.100605 0.163491 121 155 175
0.592532 0.101295 0.163190 95 124 125
0.594088 0.105527 0.163808 117 153 165
0.593469 0.109300 0.164290 76 109 120
0.511700 -0.083717 0.191445 135 184 227
0.533213 -0.032985 0.183895 96 134 156
0.532896 -0.030429 0.184226 100 136 159
0.561151 0.034234 0.172583 25 11 0
0.566334 0.042104 0.170859 40 8 0
0.565469 0.046397 0.172559 48 57 0
0.568661 0.055406 0.168185 8 0 0
0.570406 0.057304 0.168331 21 13 0
0.573310 0.064322 0.165661 70 36 7
0.573562 0.065881 0.165736 62 38 11
0.573570 0.071300 0.166402 99 78 64
0.575953 0.074053 0.165769 104 104 86
0.577331 0.077626 0.165918 132 67 0
0.589824 0.104828 0.158754 84 103 112
0.507379 -0.085497 0.190820 87 145 170
0.534360 -0.023926 0.181474 99 131 150
0.557953 0.034943 0.169681 40 24 0
0.559748 0.036953 0.169175 45 27 0
0.564658 0.050412 0.165364 56 35 0
0.567974 0.057860 0.165313 33 14 5
0.568109 0.060532 0.164779 68 51 31
0.571972 0.068216 0.164332 89 59 5
0.573171 0.072321 0.164498 199 149 0
0.574146 0.074179 0.164741 94 89 58
0.575783 0.077132 0.161407 255 255 255
0.576537 0.081011 0.162457 53 44 0
0.589037 0.107565 0.156597 59 81 87
0.590858 0.109859 0.156390 69 82 87
0.502443 -0.096137 0.189795 109 129 136
0.503863 -0.088776 0.187945 111 136 146
0.506716 -0.085703 0.187426 83 126 149
0.508968 -0.080902 0.187115 203 195 215
0.513348 -0.069146 0.185528 188 206 231
0.514570 -0.065880 0.184553 173 200 221
0.514204 -0.063146 0.183918 233 230 244
0.518742 -0.052730 0.181893 151 193 191
0.520374 -0.048707 0.180720 136 177 197
0.523048 -0.040234 0.179385 128 171 191
0.552421 0.029737 0.167926 137 134 149
0.551747 0.030917 0.167859 161 144 193
0.561510 0.049822 0.165013 54 48 37
0.563074 0.050955 0.163902 41 27 13
0.564689 0.055008 0.161884 141 127 0
0.566127 0.057742 0.163038 60 28 15
0.567282 0.061366 0.162501 57 50 41
0.574712 0.079146 0.159522 209 223 219
0.575245 0.080762 0.159065 208 200 203
0.587927 0.112927 0.155825 63 71 74
0.504796 -0.084716 0.185406 74 109 122
0.504792 -0.081606 0.183660 71 102 115
0.504753 -0.079372 0.184284 70 105 125
0.509316 -0.072630 0.182056 203 232 255
0.514535 -0.062769 0.179428 255 255 255
0.518273 -0.050723 0.179776 176 193 213
0.521158 -0.039750 0.177582 170 197 210
0.522069 -0.038563 0.176738 172 194 204
0.526912 -0.029992 0.173511 151 186 203
0.551834 0.031248 0.164916 135 123 136
0.551994 0.035641 0.164345 129 149 166
0.559256 0.052579 0.161949 94 71 49
0.561299 0.057962 0.160271 10 14 0
0.564146 0.060470 0.161485 70 55 33
0.568626 0.076408 0.158362 124 0 0
0.571743 0.079174 0.157516 162 109 113
0.500246 -0.086983 0.181134 166 195 211
0.501771 -0.085865 0.182308 150 175 179
0.503798 -0.082379 0.180794 118 134 144
0.502057 -0.078662 0.180515 133 154 162
0.505023 -0.076224 0.178946 0 52 75
0.524527 -0.030848 0.172532 151 187 202
0.526998 -0.023998 0.171281 158 186 199
0.527045 -0.020707 0.171515 148 180 196
0.528526 -0.017533 0.171091 151 176 192
0.530072 -0.014289 0.168806 154 184 198
0.531499 -0.011778 0.167535 156 190 210
0.545848 0.027334 0.162835 95 38 43
0.549555 0.029055 0.162347 133 48 51
0.549960 0.031538 0.162507 103 53 58
0.552600 0.034181 0.161885 117 152 183
0.553158 0.037837 0.162080 120 59 82
0.580813 0.111264 0.150066 40 37 0
0.497206 -0.086314 0.180086 183 203 215
0.499958 -0.082711 0.181261 160 180 190
0.502834 -0.077371 0.179045 1 36 53
0.505137 -0.070987 0.178874 6 89 132
0.527693 -0.016042 0.166917 157 190 208
0.528500 -0.014034 0.166606 134 174 195
0.529106 -0.011320 0.166403 112 163 182
0.533549 -0.000808 0.164441 184 191 199
0.535308 0.003372 0.164137 163 193 208
0.536548 0.006306 0.163942 150 175 189
0.537553 0.008881 0.163631 152 171 187
0.539003 0.012539 0.161118 117 138 147
0.538602 0.016045 0.161689 110 122 129
0.544423 0.021934 0.160457 93 64 69
0.525958 -0.011742 0.166074 87 131 162
0.526808 -0.010936 0.166145 88 150 177
0.531677 0.000583 0.160109 169 197 216
0.538108 0.013553 0.160227 111 121 141
0.538063 0.017267 0.160437 132 146 156
0.549175 0.042023 0.154264 111 89 98
0.520266 -0.018985 0.164259 144 197 221
0.522847 -0.016606 0.163234 224 255 255
0.523844 -0.012647 0.163081 84 161 185
0.525241 -0.009084 0.161998 54 124 162
0.536581 0.017499 0.158103 69 99 113
0.537120 0.019397 0.155094 143 156 167
0.495530 -0.072625 0.169409 125 150 155
0.538651 0.026201 0.152466 158 206 232
0.541280 0.035154 0.149728 31 29 38
0.544374 0.044054 0.149682 176 171 181
0.529540 0.013418 0.150507 85 168 232
0.550929 0.065671 0.141352 57 37 14
0.489145 -0.073536 0.163144 207 194 206
0.520037 0.004612 0.150043 168 217 223
0.673960 0.035428 0.284835 209 223 221
0.687180 0.060280 0.279932 173 199 198
0.669417 0.026643 0.281344 192 201 204
0.690235 0.078218 0.272173 194 213 221
0.690052 0.080975 0.272375 178 203 233
0.685959 0.075451 0.270323 174 195 215
0.687501 0.079671 0.269592 206 223 240
0.689695 0.079876 0.271281 198 209 222
0.642777 -0.027955 0.287599 215 218 217
0.665607 0.027981 0.277217 201 204 210
0.680520 0.063689 0.271722 196 199 170
0.635563 -0.034947 0.282983 169 170 191
0.637524 -0.026290 0.284226 186 195 196
0.639392 -0.023996 0.282553 163 180 191
0.669471 0.046099 0.272256 178 181 168
0.682784 0.083111 0.263932 195 216 232
0.634985 -0.028639 0.282005 176 196 204
0.636134 -0.026346 0.281944 171 197 200
0.638643 -0.022816 0.281795 157 180 186
0.638187 -0.019432 0.281309 162 183 175
0.633348 -0.017966 0.274974 177 182 178
0.641538 -0.001699 0.270398 176 194 236
0.593749 -0.100213 0.282689 160 163 172
0.590804 -0.103790 0.281287 159 170 172
0.605181 -0.073174 0.274321 104 136 183
0.609213 -0.060947 0.272886 128 150 156
0.614960 -0.043461 0.269972 77 77 67
0.632471 -0.003876 0.264935 196 204 198
0.587973 -0.113295 0.279922 124 163 163
0.588245 -0.112549 0.279751 127 147 149
0.589777 -0.107463 0.278934 154 174 174
0.589323 -0.102930 0.278163 176 154 124
0.589362 -0.101627 0.277618 179 159 122
0.600798 -0.071456 0.272857 137 150 160
0.609987 -0.056436 0.269578 122 127 107
0.610476 -0.055728 0.270035 133 141 121
0.615458 -0.040292 0.269633 110 110 116
0.625865 -0.011841 0.264407 128 142 142
0.627261 -0.011743 0.262806 116 126 129
0.600791 -0.070753 0.269978 125 137 116
0.604481 -0.062665 0.269078 128 134 140
0.608751 -0.050479 0.267665 86 73 54
0.601603 -0.062784 0.265893 101 107 128
0.602658 -0.060677 0.265068 123 132 121
0.608933 -0.040071 0.261079 163 145 155
0.624019 -0.008879 0.256312 98 100 96
0.624725 -0.005857 0.255093 130 114 109
0.595548 -0.068032 0.265387 167 186 175
0.600064 -0.057399 0.264313 91 109 122
0.599184 -0.056147 0.262147 95 116 120
0.606052 -0.038863 0.259954 150 148 143
0.616112 -0.013767 0.254759 104 109 114
0.618647 -0.009887 0.251320 111 115 124
0.603235 -0.038927 0.254036 112 112 116
0.654983 0.089395 0.230260 127 150 165
0.656522 0.103019 0.227823 129 151 168
0.661301 0.115252 0.222348 122 140 157
0.605401 -0.007987 0.237998 113 136 155
0.604249 -0.008370 0.236091 118 136 153
0.603989 -0.005678 0.236293 112 141 158
0.629781 0.060176 0.223405 126 150 170
0.646313 0.102251 0.216570 124 144 161
0.600341 -0.007573 0.231243 114 136 150
0.613718 0.031660 0.223372 133 149 177
0.596013 -0.005316 0.228151 112 131 144
0.614232 0.053713 0.210453 148 154 160
0.624577 0.075959 0.207971 136 155 172
0.589974 0.000837 0.214900 136 149 156
0.592598 0.008806 0.213400 119 122 126
0.583018 -0.004535 0.215638 104 133 142
0.550532 -0.057718 0.210304 185 215 235
0.576393 0.011304 0.198922 188 229 221
0.597027 0.059330 0.188273 205 232 253
0.621122 0.120384 0.179952 170 195 200
0.579565 0.033222 0.189160 155 172 156
0.581731 0.034407 0.189992 140 163 176
0.592524 0.063599 0.183957 191 218 235
0.594822 0.064272 0.182699 174 203 219
0.607801 0.099386 0.175748 182 211 228
0.538573 -0.063607 0.201555 191 212 233
0.579526 0.032946 0.184988 121 145 156
0.586901 0.051826 0.180892 166 196 210
0.595438 0.072650 0.177670 172 199 214
0.607301 0.102224 0.175526 199 223 244
0.611217 0.109140 0.173472 189 214 232
0.536449 -0.062967 0.200809 166 188 215
0.540425 -0.055700 0.199133 163 184 209
0.575530 0.034461 0.182906 42 43 46
0.576789 0.036762 0.182599 44 61 56
0.586432 0.055730 0.178702 99 132 139
0.604202 0.102632 0.172853 183 213 229
0.604368 0.106327 0.171540 199 225 246
0.575650 0.034615 0.181067 69 56 64
0.574267 0.036223 0.181001 43 30 0
0.583013 0.053963 0.177037 115 138 138
0.583169 0.056608 0.177589 87 115 120
0.592147 0.078212 0.172219 73 111 102
0.592352 0.080358 0.172533 86 111 114
0.594436 0.083192 0.170235 68 102 112
0.595337 0.089911 0.169977 94 118 125
0.602793 0.104608 0.169486 195 223 239
0.601682 0.107543 0.167809 129 165 176
0.540796 -0.038170 0.188792 87 122 150
0.561870 0.014774 0.180894 96 123 135
0.562794 0.017124 0.180964 103 131 142
0.565921 0.020208 0.178502 100 131 144
0.567115 0.021999 0.178290 117 156 178
0.572023 0.039033 0.177634 40 27 0
0.574107 0.039411 0.175386 45 22 0
0.577186 0.047956 0.174841 47 25 0
0.578903 0.055979 0.174166 71 82 72
0.582667 0.057912 0.173817 106 123 120
0.582711 0.060512 0.173482 82 88 90
0.582959 0.062951 0.173398 124 135 136
0.585952 0.071494 0.169828 103 119 138
0.588534 0.078350 0.171457 85 117 114
0.590675 0.080932 0.168950 77 105 109
0.589810 0.083663 0.169815 80 109 113
0.592968 0.086954 0.167678 49 98 107
0.595028 0.090758 0.168524 78 111 113
0.599643 0.101972 0.165433 134 169 176
0.598873 0.104553 0.166696 143 162 168
0.601209 0.107616 0.166047 125 162 172
0.541306 -0.037124 0.187094 80 117 144
0.553519 -0.001811 0.181686 86 122 144
0.556355 0.003162 0.182262 80 112 129
0.566156 0.025204 0.176928 69 99 119
0.565321 0.027292 0.175066 40 33 0
0.571059 0.039567 0.174744 55 39 31
0.571854 0.040777 0.173754 61 36 0
0.574945 0.045652 0.174383 117 68 0
0.573370 0.047700 0.171925 51 0 0
0.575889 0.049963 0.171068 52 29 0
0.578279 0.058587 0.170166 25 53 61
0.580187 0.060998 0.170605 104 54 10
0.584258 0.071930 0.169298 77 106 110
0.585481 0.074109 0.168848 79 108 114
0.585791 0.079100 0.167785 72 106 120
0.586973 0.081166 0.167272 83 121 127
0.588686 0.084790 0.166553 100 172 191
0.589397 0.087777 0.167266 171 192 209
0.593425 0.095002 0.164288 88 138 158
0.594861 0.098233 0.163224 93 124 137
0.596069 0.099740 0.161757 70 129 121
0.601457 0.113521 0.159285 96 118 127
0.535181 -0.039621 0.184219 95 128 156
0.567487 0.038860 0.170775 51 27 0
0.569743 0.041549 0.171921 54 23 0
0.572321 0.050627 0.171728 51 36 0
0.572085 0.051217 0.168320 26 0 0
0.573361 0.056080 0.168847 43 0 0
0.576472 0.057387 0.167473 60 47 35
0.585678 0.078568 0.165746 40 59 82
0.584231 0.081212 0.165418 104 140 147
0.593553 0.100978 0.161342 93 114 114
0.595716 0.107313 0.160520 100 135 145
0.600006 0.115331 0.157743 73 116 142
0.536162 -0.037376 0.180964 88 123 154
0.562545 0.028954 0.170554 29 19 11
0.563504 0.030751 0.170267 38 19 0
0.566461 0.040900 0.169945 50 28 0
0.569462 0.045191 0.168786 59 0 0
0.570937 0.050259 0.166428 105 63 19
0.571845 0.052868 0.166878 47 29 4
0.572243 0.054325 0.166744 30 10 5
0.573558 0.058479 0.164946 43 27 17
0.574248 0.063205 0.163997 66 33 0
0.575369 0.065384 0.164440 47 43 26
0.586149 0.083558 0.161825 87 109 116
0.590046 0.095907 0.159864 108 132 139
0.595915 0.114434 0.157197 91 114 123
0.557923 0.027562 0.167222 0 0 5
0.560635 0.027072 0.168169 19 13 0
0.565380 0.040441 0.166518 60 22 0
0.567487 0.049316 0.164749 105 50 33
0.571918 0.059176 0.163821 49 0 0
0.573187 0.062309 0.162483 24 22 0
0.574853 0.069576 0.162578 46 0 0
0.579323 0.077920 0.160171 155 101 127
0.506582 -0.093161 0.185868 106 129 131
0.507323 -0.087488 0.184875 88 139 149
0.512368 -0.083977 0.184401 148 175 192
0.512788 -0.074609 0.182540 147 187 219
0.516404 -0.068996 0.184333 173 204 228
0.516295 -0.063278 0.180848 221 227 241
0.519269 -0.059342 0.181973 162 188 204
0.520014 -0.056371 0.179416 166 190 211
0.520639 -0.053714 0.179018 144 180 204
0.531341 -0.034590 0.177516 97 134 153
0.533403 -0.026034 0.174411 86 130 157
0.536445 -0.020390 0.176035 98 132 152
0.553828 0.026525 0.166157 45 34 49
0.565132 0.052021 0.162255 34 23 0
0.565903 0.053264 0.162332 61 52 34
0.568252 0.056129 0.161607 54 38 0
0.570826 0.065179 0.161096 33 9 0
0.576582 0.078453 0.158342 234 238 237
0.576393 0.079238 0.158044 242 231 217
0.508192 -0.087101 0.182871 40 90 124
0.507651 -0.084015 0.181563 81 106 119
0.516012 -0.064041 0.180156 222 246 252
0.519290 -0.059866 0.178316 191 195 210
0.524502 -0.040537 0.174073 195 212 217
0.543392 -0.002400 0.168324 98 126 142
0.548914 0.021484 0.163403 66 65 76
0.552002 0.028551 0.162788 97 42 54
0.553372 0.029359 0.163462 60 34 43
0.564732 0.053201 0.158656 94 92 90
0.503293 -0.083960 0.179444 152 182 192
0.504880 -0.083197 0.178720 144 169 176
0.506234 -0.079939 0.178936 28 80 104
0.524007 -0.039662 0.173378 167 189 204
0.548365 0.022455 0.163228 85 66 74
0.550594 0.029018 0.160106 92 38 42
0.550320 0.030211 0.160309 96 42 44
0.554253 0.033602 0.159530 138 177 199
0.501408 -0.087078 0.179023 163 194 202
0.503687 -0.085070 0.177445 170 197 208
0.502824 -0.081404 0.176198 194 213 226
0.505350 -0.077125 0.177595 124 117 112
0.523630 -0.031681 0.165707 198 241 249
0.527633 -0.027040 0.167629 167 197 230
0.532861 -0.008597 0.163905 163 188 205
0.533892 -0.004364 0.163292 174 195 204
0.536602 -0.002282 0.162501 165 189 204
0.537595 0.001198 0.162139 172 197 212
0.538619 0.005096 0.161416 143 165 180
0.539493 0.007904 0.161925 152 174 186
0.539815 0.012824 0.160262 122 146 153
0.545902 0.021931 0.159109 95 53 60
0.547877 0.024858 0.158836 133 68 66
0.549038 0.028723 0.158691 107 15 17
0.548639 0.033019 0.156427 59 44 52
0.552325 0.037404 0.156680 79 0 1
0.506254 -0.070349 0.172817 110 135 142
0.528954 -0.016501 0.163141 193 216 245
0.531149 -0.005108 0.161388 167 202 229
0.535780 0.003503 0.160850 255 198 201
0.540093 0.015616 0.155742 159 172 196
0.549714 0.031638 0.154134 113 56 84
0.517965 -0.033467 0.162787 144 212 255
0.528066 -0.009550 0.158859 125 175 184
0.533984 0.002396 0.156656 165 199 217
0.538640 0.017131 0.152300 134 154 174
0.540221 0.018273 0.154074 141 167 171
0.539677 0.024239 0.152111 147 160 170
0.542445 0.030146 0.150511 126 90 103
0.543784 0.030669 0.148985 30 51 56
0.545245 0.035865 0.147165 211 220 216
0.546330 0.040735 0.146058 211 227 234
0.689437 0.037766 0.293458 215 224 241
0.687368 0.057669 0.278156 197 199 205
0.687253 0.058027 0.278268 195 203 208
0.669776 0.023712 0.279366 184 198 205
0.670954 0.025883 0.279709 184 199 203
0.644420 -0.032999 0.286110 216 221 217
0.667957 0.029371 0.276525 193 209 210
0.670224 0.030356 0.274976 198 202 208
0.639990 -0.038298 0.285181 93 116 136
0.640054 -0.036657 0.284718 119 146 167
0.666229 0.023638 0.275703 185 201 208
0.665329 0.026950 0.274211 187 198 205
0.669752 0.030709 0.274361 199 204 207
0.679384 0.064314 0.268733 138 132 124
0.686330 0.071239 0.266796 188 204 228
0.687346 0.078588 0.267594 182 203 217
0.687167 0.080635 0.264920 182 207 220
0.640176 -0.032304 0.280539 178 189 195
0.640599 -0.029502 0.281801 173 184 187
0.664160 0.027612 0.273927 188 192 196
0.679045 0.064375 0.268147 133 133 128
0.685722 0.084544 0.261872 98 98 99
0.637207 -0.032102 0.279388 193 208 204
0.685639 0.083819 0.260711 104 100 101
0.633731 -0.024880 0.271977 159 168 178
0.653798 0.025878 0.260070 151 234 255
0.634776 -0.006015 0.264524 155 169 174
0.593195 -0.105819 0.277277 144 193 206
0.617909 -0.047482 0.267812 84 105 122
0.627138 -0.020503 0.264733 173 167 160
0.634803 -0.007339 0.263930 153 167 166
0.653171 0.035608 0.255161 74 125 152
0.588363 -0.112954 0.279597 123 154 156
0.591504 -0.105553 0.278090 172 188 204
0.607554 -0.068294 0.269787 118 138 171
0.627369 -0.016921 0.261655 127 130 132
0.609034 -0.061558 0.265419 140 165 185
0.607667 -0.055716 0.264595 145 148 159
0.625572 -0.015284 0.257343 105 109 115
0.608506 -0.058533 0.262847 167 184 164
0.611018 -0.044172 0.261366 140 121 155
0.625257 -0.016634 0.256023 96 104 113
0.624426 -0.009612 0.255934 106 111 114
0.622254 -0.013153 0.251183 97 108 113
0.626184 -0.008863 0.251812 118 99 108
0.607699 -0.041559 0.253403 110 110 115
0.616635 -0.007806 0.244283 98 113 114
0.608831 -0.008365 0.237307 110 135 152
0.602962 -0.008657 0.232717 120 139 157
0.604975 -0.007365 0.231341 123 140 160
0.620978 0.038446 0.218775 124 156 215
0.646513 0.107800 0.208825 116 134 145
0.598464 -0.009400 0.226657 132 150 167
0.614185 0.030579 0.219936 174 193 205
0.615235 0.048602 0.209810 137 145 152
0.592485 -0.008531 0.217384 117 134 142
0.623293 0.077470 0.202796 117 133 140
0.597820 0.034192 0.200693 141 153 158
0.582763 0.009702 0.201234 218 238 255
0.612828 0.082611 0.188251 250 255 255
0.620436 0.094991 0.184267 163 191 191
0.581463 0.010410 0.197516 214 231 251
0.579525 0.008005 0.196998 198 223 232
0.617031 0.101984 0.181095 191 222 231
0.528357 -0.104087 0.206904 173 196 204
0.583546 0.032497 0.185225 144 163 154
0.608721 0.092767 0.173989 183 215 232
0.613863 0.104607 0.173648 185 211 234
0.580726 0.032797 0.183215 125 151 160
0.593346 0.064919 0.177822 151 171 186
0.597231 0.070334 0.176869 171 200 214
0.612377 0.111386 0.169846 187 218 241
0.578942 0.034980 0.180259 38 29 13
0.581300 0.036776 0.178625 30 16 0
0.588963 0.053641 0.177033 132 172 185
0.596310 0.074827 0.173974 155 180 181
0.578546 0.036095 0.177258 52 35 0
0.585208 0.052426 0.175591 123 157 161
0.595651 0.080534 0.167797 65 106 92
0.606739 0.101911 0.166269 185 215 226
0.609233 0.112358 0.164325 158 192 212
0.541612 -0.044886 0.188839 84 129 157
0.576079 0.040011 0.173041 48 19 0
0.582705 0.049893 0.172984 81 96 94
0.582466 0.053730 0.170488 69 90 93
0.583517 0.057829 0.171419 113 126 127
0.588382 0.070158 0.169665 105 135 142
0.589747 0.072521 0.169786 92 117 120
0.594119 0.078585 0.167304 94 125 128
0.594950 0.081815 0.166577 82 103 101
0.594038 0.085750 0.166703 74 99 95
0.597833 0.088510 0.166556 73 114 118
0.600207 0.092969 0.165506 98 129 137
0.566222 0.014878 0.175806 83 114 127
0.566152 0.021073 0.175083 92 126 143
0.574966 0.040662 0.172641 49 18 0
0.574173 0.042061 0.171407 55 20 0
0.576910 0.050850 0.169165 61 45 31
0.580001 0.053676 0.168569 35 32 31
0.580389 0.055950 0.168630 94 102 93
0.587632 0.072914 0.165325 112 141 144
0.589098 0.076906 0.165923 81 144 142
0.592875 0.087551 0.165143 66 83 109
0.599507 0.100193 0.161442 94 139 139
0.532324 -0.055122 0.183881 100 132 147
0.535933 -0.047229 0.182772 65 120 160
0.537730 -0.043539 0.182871 82 122 152
0.539218 -0.037426 0.183290 74 115 150
0.568976 0.027664 0.170774 54 62 73
0.568399 0.030089 0.169548 32 23 22
0.569284 0.031665 0.169461 0 13 19
0.575013 0.046588 0.168056 53 31 43
0.575760 0.050368 0.167142 137 101 0
0.577115 0.053262 0.167644 50 18 0
0.576481 0.057140 0.165481 42 22 0
0.586918 0.076598 0.162282 131 169 179
0.534974 -0.042609 0.179181 82 128 155
0.563315 0.026597 0.168172 64 39 0
0.565989 0.031209 0.167796 22 17 8
0.566493 0.032720 0.168032 49 31 0
0.567909 0.038526 0.168719 94 48 0
0.571469 0.047548 0.164022 91 39 0
0.573021 0.051248 0.165245 88 54 32
0.573210 0.053479 0.163929 126 93 64
0.575980 0.058127 0.164281 65 30 0
0.576819 0.061208 0.162943 62 14 0
0.576850 0.063353 0.162255 38 0 0
0.585018 0.075177 0.159883 60 82 82
0.584216 0.077084 0.160162 50 62 66
0.587433 0.080371 0.159585 83 102 100
0.590742 0.090580 0.157885 84 110 118
0.590860 0.093831 0.158765 94 124 136
0.593546 0.098165 0.156211 108 129 139
0.593535 0.100914 0.155308 138 158 157
0.523745 -0.064258 0.179529 157 189 202
0.532826 -0.045587 0.176700 81 126 155
0.533856 -0.039954 0.176068 81 117 141
0.536667 -0.035322 0.175366 91 126 158
0.559992 0.023451 0.164623 56 66 66
0.566119 0.034348 0.164795 40 30 0
0.568601 0.045123 0.163273 72 0 0
0.570245 0.048399 0.162351 75 67 0
0.570700 0.050839 0.162925 70 38 0
0.571925 0.055102 0.161593 100 83 63
0.573501 0.057355 0.160609 99 47 20
0.574715 0.061621 0.161198 24 12 0
0.579130 0.067321 0.158282 62 0 0
0.591232 0.100729 0.155014 82 107 113
0.514373 -0.080858 0.180591 172 213 253
0.515688 -0.078066 0.182476 127 186 218
0.515514 -0.074772 0.180840 156 206 247
0.517812 -0.072589 0.180558 184 217 255
0.519995 -0.067982 0.179866 187 203 224
0.520496 -0.065586 0.179814 176 200 222
0.521869 -0.062191 0.177624 161 193 211
0.527092 -0.048194 0.176528 134 171 183
0.533843 -0.029864 0.173976 87 128 158
0.567618 0.050666 0.157872 60 64 116
0.571960 0.056602 0.158917 172 153 225
0.508907 -0.090242 0.181011 162 194 199
0.509404 -0.086421 0.180674 52 101 117
0.509265 -0.085349 0.179769 36 92 115
0.512766 -0.077882 0.180399 146 201 224
0.514677 -0.074497 0.179196 133 179 208
0.518881 -0.064335 0.176682 147 170 184
0.524976 -0.053390 0.175056 150 179 196
0.524494 -0.051813 0.174644 152 183 203
0.526379 -0.048381 0.172404 152 188 210
0.540362 -0.013936 0.168683 97 130 148
0.542681 -0.001783 0.165990 103 131 144
0.555041 0.024845 0.158813 0 2 9
0.565805 0.049317 0.156865 80 97 104
0.565821 0.050874 0.156224 109 123 129
0.567915 0.056840 0.157049 125 71 0
0.509071 -0.083321 0.176963 0 51 73
0.509229 -0.081695 0.175025 0 54 76
0.513662 -0.070098 0.172816 193 207 225
0.521731 -0.052489 0.172312 186 192 199
0.523315 -0.045551 0.172137 176 200 216
0.524869 -0.042012 0.171878 126 179 221
0.526326 -0.041148 0.168379 142 162 171
0.526867 -0.038913 0.169909 157 180 204
0.552943 0.023826 0.156720 0 19 23
0.553509 0.025632 0.156054 77 43 48
0.554711 0.029899 0.158793 94 114 131
0.555879 0.032349 0.156391 92 99 115
0.562535 0.046706 0.154977 125 80 0
0.580155 0.094771 0.146752 41 24 0
0.531908 -0.016794 0.161333 140 174 187
0.534560 -0.012532 0.161111 143 171 187
0.535957 -0.007461 0.160590 161 187 198
0.547813 0.020768 0.156478 57 42 50
0.552496 0.030395 0.155646 53 0 0
0.552517 0.036994 0.153489 90 28 20
0.561875 0.059977 0.149414 55 36 49
0.528705 -0.024831 0.160998 130 167 171
0.535120 -0.006545 0.158874 195 206 197
0.538345 0.001349 0.158832 152 180 195
0.540558 0.007637 0.154417 144 166 176
0.547506 0.019970 0.152907 60 73 83
0.552965 0.037888 0.151067 68 55 65
0.533920 -0.000889 0.153262 190 205 225
0.539142 0.010824 0.152817 139 153 177
0.541040 0.014126 0.153922 143 163 183
0.541979 0.017854 0.151748 140 157 165
0.545049 0.029160 0.148538 68 75 89
0.547354 0.029973 0.149067 76 83 85
0.546958 0.033522 0.145667 118 89 91
0.520815 -0.010779 0.143951 168 219 255
0.689528 0.032154 0.291736 188 175 175
0.675676 0.024914 0.281294 189 200 210
0.672005 0.019001 0.277740 191 202 209
0.671854 0.023870 0.278177 185 202 206
0.673462 0.025176 0.280314 178 192 199
0.680919 0.041577 0.276248 191 165 163
0.645037 -0.037364 0.284233 174 176 174
0.645094 -0.033104 0.285431 228 230 219
0.684667 0.060758 0.270574 189 185 183
0.642844 -0.041105 0.282726 103 135 137
0.645365 -0.038381 0.283471 212 209 200
0.643915 -0.032818 0.283146 194 204 201
0.645667 -0.031477 0.280751 215 209 213
0.683661 0.058201 0.267029 171 162 163
0.639966 -0.039725 0.279857 144 159 159
0.640488 -0.037130 0.279834 120 134 157
0.641574 -0.033231 0.280554 178 194 200
0.639926 -0.035242 0.277251 164 177 169
0.640399 -0.033205 0.277283 164 184 187
0.640629 -0.030553 0.276366 170 190 191
0.633678 -0.038183 0.274834 184 195 204
0.638888 -0.034426 0.275171 151 200 208
0.640140 -0.028629 0.273611 208 245 255
0.631026 -0.040716 0.271790 181 192 200
0.632559 -0.038221 0.273307 164 175 182
0.635115 -0.035292 0.271917 160 172 176
0.630744 -0.041044 0.270877 174 178 181
0.629860 -0.039430 0.270813 177 188 194
0.632995 -0.026915 0.269303 149 144 139
0.641626 -0.007857 0.263857 163 174 177
0.630421 -0.033958 0.266095 99 118 123
0.654537 0.028216 0.254603 82 125 156
0.654331 0.032613 0.255676 78 124 154
0.608823 -0.077413 0.270615 190 210 221
0.609863 -0.073971 0.270169 134 155 173
0.636272 -0.008508 0.260784 147 152 159
0.608365 -0.076059 0.268903 204 223 240
0.609434 -0.072356 0.268307 106 120 131
0.616904 -0.052055 0.262634 105 87 48
0.650434 0.030137 0.250670 93 140 173
0.603554 -0.077540 0.266843 221 187 229
0.605120 -0.072339 0.263767 74 97 100
0.606812 -0.068892 0.266903 185 229 229
0.609918 -0.061558 0.265833 78 103 113
0.595103 -0.087920 0.266050 120 102 87
0.604057 -0.073035 0.263179 114 118 109
0.607444 -0.060364 0.259839 133 132 136
0.625646 -0.012636 0.251823 124 125 131
0.599853 -0.067683 0.258935 105 154 194
0.607578 -0.059310 0.258485 146 154 146
0.610057 -0.049882 0.254066 95 106 107
0.598015 -0.071160 0.256174 103 111 127
0.622435 -0.013359 0.246430 108 111 114
0.606598 -0.050553 0.250904 102 115 123
0.607269 -0.045274 0.250950 74 91 97
0.618967 -0.011787 0.240860 102 104 104
0.618994 0.004975 0.234434 112 124 131
0.640529 0.058276 0.225800 122 152 171
0.643355 0.063351 0.224074 127 158 177
0.630006 0.038036 0.222973 141 155 174
0.587131 -0.056789 0.234371 86 119 145
0.586519 -0.055071 0.235177 80 115 139
0.601911 -0.018392 0.227303 127 149 169
0.601489 -0.018310 0.227066 114 137 155
0.599960 -0.014555 0.227780 111 132 150
0.594089 -0.004770 0.215747 128 145 158
0.592940 -0.004462 0.211076 121 127 144
0.585789 0.001730 0.201911 194 225 219
0.581196 -0.003086 0.198245 219 243 246
0.581060 0.003585 0.194996 207 230 232
0.595200 0.047139 0.183334 198 222 238
0.596631 0.047206 0.184868 194 212 227
0.533110 -0.105804 0.207153 158 175 186
0.584784 0.023592 0.183907 181 197 196
0.586184 0.029743 0.184442 168 187 189
0.595628 0.055467 0.181247 193 214 231
0.549928 -0.051231 0.195222 199 231 255
0.583297 0.027165 0.180968 208 223 215
0.589728 0.042732 0.177569 171 196 201
0.589756 0.045356 0.180056 152 183 193
0.590449 0.050982 0.177614 182 210 221
0.593400 0.052853 0.179140 173 198 208
0.596523 0.064335 0.175293 165 192 198
0.612298 0.101671 0.168001 178 205 216
0.527510 -0.102693 0.201559 182 197 207
0.579064 0.024743 0.180024 184 210 221
0.580339 0.025370 0.178411 179 197 203
0.581517 0.034865 0.178039 25 13 0
0.583180 0.035723 0.175294 0 0 61
0.589489 0.046756 0.176062 156 188 196
0.588513 0.050811 0.174138 161 191 198
0.597883 0.070505 0.171534 153 170 180
0.580833 0.035730 0.176565 22 16 0
0.581575 0.036896 0.173620 21 22 16
0.585113 0.048756 0.172312 88 104 103
0.587169 0.050222 0.172426 104 128 133
0.597345 0.081072 0.166931 79 109 110
0.600146 0.089133 0.166270 113 150 157
0.608816 0.099534 0.163760 174 199 207
0.568098 0.017049 0.175235 99 125 136
0.579023 0.038169 0.172408 102 66 0
0.580311 0.041192 0.172480 23 8 3
0.582240 0.048126 0.169060 40 23 0
0.584328 0.051608 0.169673 68 68 64
0.585512 0.055994 0.167961 91 115 118
0.585667 0.056831 0.168328 81 110 104
0.591838 0.072334 0.166413 141 171 179
0.593184 0.073964 0.165769 137 168 169
0.594790 0.079829 0.166117 87 113 110
0.596157 0.081241 0.165498 71 91 101
0.597422 0.083927 0.164116 82 102 101
0.601754 0.092710 0.163674 94 129 133
0.603402 0.094415 0.161854 93 125 133
0.602829 0.099492 0.162363 98 134 141
0.533656 -0.066293 0.187759 111 138 156
0.556620 -0.005240 0.176803 81 112 138
0.563246 0.004810 0.172933 77 107 121
0.567153 0.010844 0.173947 89 118 135
0.567113 0.015235 0.175076 89 119 132
0.570881 0.024760 0.171143 73 94 113
0.576565 0.041294 0.169792 56 19 0
0.579209 0.046081 0.167157 77 65 94
0.579788 0.048926 0.167625 31 10 0
0.581950 0.056428 0.166573 65 84 100
0.589529 0.067532 0.163995 74 101 109
0.589459 0.071568 0.162762 76 102 109
0.592557 0.076529 0.163024 95 140 141
0.593520 0.079090 0.163518 61 91 88
0.562052 0.003205 0.172315 84 114 131
0.569523 0.022540 0.168604 70 98 111
0.569488 0.025589 0.170112 65 78 93
0.569485 0.029082 0.168690 7 29 37
0.570298 0.031723 0.169205 0 21 7
0.577765 0.046069 0.166097 62 45 16
0.579069 0.049945 0.164733 71 23 0
0.578690 0.052577 0.163755 119 116 113
0.583388 0.057955 0.163385 87 82 75
0.588622 0.073822 0.161710 107 147 153
0.591485 0.080268 0.160589 19 23 23
0.598810 0.097947 0.156397 102 120 121
0.525721 -0.074157 0.181313 157 183 202
0.567542 0.029918 0.165714 0 17 53
0.572835 0.040975 0.163201 62 36 20
0.573931 0.042915 0.163050 72 40 33
0.574356 0.045961 0.160822 46 17 0
0.576488 0.049943 0.160925 116 77 3
0.578510 0.051264 0.161303 112 107 133
0.579336 0.058418 0.160877 28 32 0
0.583842 0.064963 0.158452 62 0 0
0.585471 0.074596 0.159743 73 91 96
0.588018 0.077326 0.157990 93 120 124
0.589948 0.080058 0.156355 68 84 89
0.590336 0.084290 0.155728 62 82 91
0.590093 0.085711 0.156530 78 93 99
0.590558 0.088993 0.156486 58 96 103
0.594462 0.094116 0.155063 139 191 166
0.525397 -0.067139 0.177639 151 189 210
0.534074 -0.046744 0.176411 81 123 155
0.536273 -0.044919 0.174371 82 116 153
0.536283 -0.040399 0.175481 87 123 150
0.567791 0.037969 0.162088 29 12 0
0.569790 0.045218 0.160123 32 0 0
0.571446 0.047887 0.159381 87 28 0
0.577069 0.060980 0.156808 25 0 0
0.580111 0.065925 0.157672 36 0 0
0.519430 -0.080009 0.178905 68 159 206
0.519658 -0.076434 0.175981 67 169 242
0.523826 -0.065387 0.177617 164 192 213
0.528976 -0.051362 0.175588 148 170 176
0.530299 -0.050121 0.175723 136 162 182
0.537748 -0.029759 0.171586 100 130 151
0.562464 0.027420 0.158616 0 6 22
0.569180 0.044631 0.158533 25 0 0
0.518130 -0.076343 0.176273 121 202 244
0.519789 -0.069723 0.173741 91 181 218
0.522865 -0.059101 0.173379 157 173 170
0.528356 -0.052045 0.170524 149 181 201
0.529067 -0.049745 0.170127 164 185 206
0.529439 -0.046735 0.171846 154 184 199
0.541507 -0.015309 0.163259 87 128 141
0.557247 0.024244 0.158965 0 14 27
0.559480 0.026492 0.156930 0 10 19
0.561427 0.029306 0.158021 0 18 31
0.567556 0.047538 0.152078 67 59 55
0.571531 0.051623 0.154030 157 137 101
0.568484 0.055319 0.152797 124 135 162
0.511327 -0.081089 0.173982 0 75 114
0.514823 -0.078424 0.172249 71 187 207
0.528278 -0.048296 0.167755 244 227 235
0.527607 -0.043407 0.168642 168 190 215
0.528062 -0.039702 0.167672 138 175 195
0.536496 -0.022370 0.163510 118 170 195
0.540603 -0.016759 0.162220 95 129 145
0.539728 -0.011322 0.161425 128 160 173
0.554354 0.021529 0.155897 29 39 50
0.553710 0.024387 0.156663 79 44 49
0.565691 0.045701 0.152150 45 38 40
0.520802 -0.057581 0.166442 77 159 196
0.528242 -0.041116 0.164018 123 159 173
0.534310 -0.021999 0.160644 121 172 192
0.537995 -0.012544 0.158865 150 178 194
0.539722 -0.007927 0.157931 149 179 194
0.540236 -0.006306 0.158612 162 198 210
0.547791 0.017422 0.154207 77 97 107
0.549994 0.018910 0.152303 75 89 93
0.553092 0.022150 0.154469 27 46 51
0.551577 0.026335 0.152100 0 4 11
0.556905 0.032779 0.152572 126 115 132
0.573588 0.076196 0.144310 45 34 33
0.525998 -0.038312 0.161323 254 230 243
0.530406 -0.024139 0.158975 144 202 227
0.532171 -0.021250 0.159409 129 179 193
0.534365 -0.019227 0.158432 126 167 186
0.546231 0.014299 0.149854 146 168 182
0.550188 0.023629 0.149933 65 25 32
0.551881 0.025539 0.149152 0 16 28
0.554475 0.036243 0.149395 106 15 15
0.537291 -0.002683 0.150784 178 190 175
0.544426 0.012019 0.150552 150 167 177
0.543364 0.017084 0.149841 115 127 128
0.545508 0.020108 0.148933 95 112 125
0.544064 0.021751 0.145082 198 222 241
0.547171 0.028143 0.142140 126 143 159
0.549891 0.036485 0.142317 147 95 103
0.537487 0.011534 0.146898 153 138 126
0.544265 0.027744 0.139213 184 214 254
0.685441 0.035459 0.276177 163 159 152
0.679305 0.034702 0.274763 169 168 163
0.645041 -0.044381 0.283361 189 163 166
0.644209 -0.042001 0.284023 125 128 118
0.672558 0.016527 0.273359 190 203 206
0.686052 0.057135 0.266126 179 173 166
0.646189 -0.032821 0.280489 199 212 214
0.681066 0.052354 0.265619 164 158 163
0.640298 -0.043657 0.279118 73 117 137
0.638718 -0.042172 0.274334 158 162 161
0.640924 -0.037086 0.276459 156 156 154
0.641266 -0.033427 0.275240 185 213 220
0.634061 -0.048791 0.274130 190 255 255
0.637112 -0.040764 0.271727 204 213 224
0.638898 -0.036703 0.273288 166 180 179
0.640425 -0.034879 0.272100 199 212 230
0.634648 -0.040563 0.270471 192 190 201
0.636220 -0.036466 0.271091 176 175 184
0.656424 0.010532 0.261900 89 111 144
0.654614 0.015089 0.256873 148 137 140
0.643073 -0.011767 0.261057 154 165 170
0.640374 -0.009313 0.260652 163 158 157
0.608727 -0.079698 0.269151 101 162 215
0.609084 -0.079304 0.269769 117 169 219
0.612554 -0.075820 0.267304 191 201 189
0.617881 -0.063580 0.267220 98 102 101
0.618198 -0.063658 0.267481 98 114 106
0.642831 -0.003872 0.257589 170 184 168
0.611026 -0.077535 0.265833 136 154 173
0.610606 -0.074521 0.266502 160 172 177
0.613049 -0.071800 0.264989 175 198 219
0.611516 -0.068385 0.264947 148 154 141
0.610940 -0.067531 0.260261 113 89 75
0.602289 -0.079988 0.259560 104 111 114
0.606721 -0.074699 0.259288 134 130 130
0.601935 -0.079687 0.259394 110 129 143
0.635341 0.003683 0.242656 109 135 140
0.602273 -0.069371 0.253708 95 109 127
0.608704 -0.056406 0.252314 110 118 130
0.609057 -0.052721 0.251336 93 106 113
0.666412 0.089721 0.228756 123 147 163
0.606626 -0.053636 0.248448 107 114 123
0.611420 -0.007754 0.227731 102 97 102
0.620268 0.025087 0.219658 143 146 156
0.587852 -0.054302 0.228200 109 138 160
0.586899 -0.051453 0.229435 110 129 152
0.588925 -0.049416 0.231202 57 86 110
0.586306 -0.053044 0.225538 67 100 130
0.617253 0.022463 0.213675 145 177 183
0.594223 -0.011896 0.212869 128 150 164
0.595060 -0.010431 0.213352 130 141 150
0.585336 0.000855 0.194333 218 249 255
0.585411 0.003318 0.193929 213 246 255
0.593729 0.021902 0.192413 148 161 178
0.610612 0.060526 0.183607 204 234 241
0.624640 0.098694 0.178440 198 229 230
0.587190 0.018129 0.186667 161 182 186
0.597507 0.047233 0.181629 201 226 241
0.599730 0.051652 0.179279 184 209 223
0.584437 0.021378 0.182203 170 192 200
0.593871 0.044145 0.178410 193 215 220
0.597116 0.050357 0.176942 165 178 207
0.582897 0.023067 0.178195 177 191 212
0.592190 0.041850 0.176781 168 195 204
0.592449 0.045569 0.174517 193 225 236
0.594501 0.048604 0.174670 169 196 207
0.595544 0.050906 0.174944 193 211 223
0.596702 0.056064 0.174092 174 195 210
0.608955 0.089053 0.169207 180 201 222
0.552428 -0.045818 0.190395 178 204 233
0.586207 0.035170 0.174985 33 40 40
0.589083 0.042804 0.171861 160 113 0
0.590605 0.046115 0.174364 160 191 197
0.591721 0.048532 0.173107 159 191 201
0.583335 0.029181 0.173768 164 195 210
0.585315 0.036427 0.172392 22 29 19
0.584671 0.041986 0.170615 82 72 67
0.588147 0.047365 0.169607 82 80 67
0.589258 0.049142 0.170797 110 136 138
0.597487 0.069840 0.165686 136 166 174
0.598826 0.071817 0.166201 143 171 177
0.542720 -0.055409 0.183887 92 130 155
0.583323 0.039534 0.168494 84 56 35
0.583758 0.041774 0.168812 98 73 43
0.585976 0.046584 0.167648 43 24 3
0.586821 0.049555 0.168012 90 77 67
0.587195 0.053469 0.167127 62 101 97
0.589770 0.058990 0.166624 97 121 120
0.591484 0.067215 0.164188 77 108 121
0.594501 0.072112 0.164510 136 167 174
0.602378 0.087973 0.162765 105 139 145
0.603668 0.090428 0.161773 103 136 143
0.603245 0.092775 0.161705 108 157 139
0.557098 -0.020026 0.175342 73 113 136
0.558565 -0.013302 0.174780 79 115 141
0.559366 -0.008796 0.174124 83 119 134
0.562433 -0.006622 0.173747 91 118 141
0.565563 -0.000135 0.173881 81 112 129
0.566400 0.005114 0.171825 100 128 145
0.566438 0.007117 0.174052 86 112 129
0.571812 0.021533 0.169633 69 88 97
0.580729 0.040456 0.166389 113 82 59
0.580366 0.042622 0.164915 12 0 0
0.583789 0.049136 0.167129 70 66 59
0.585719 0.050395 0.164986 85 81 37
0.586609 0.056159 0.163980 117 110 113
0.588639 0.059586 0.162948 82 108 114
0.590315 0.064512 0.162352 68 98 104
0.590271 0.066408 0.163261 68 99 96
0.591906 0.070460 0.162103 79 110 122
0.599647 0.087319 0.156380 47 79 73
0.569018 0.013246 0.167969 83 113 126
0.568802 0.016246 0.167821 82 107 120
0.569460 0.020846 0.167635 63 85 93
0.572872 0.024880 0.166102 77 100 114
0.575730 0.038512 0.163604 114 71 24
0.578906 0.042405 0.164984 18 0 0
0.584087 0.050227 0.161821 43 35 3
0.584373 0.053396 0.161175 59 44 40
0.584575 0.057461 0.161904 91 98 95
0.587262 0.061476 0.158612 45 56 61
0.588622 0.064920 0.157740 87 114 113
0.527754 -0.076277 0.179031 165 192 205
0.552601 -0.009299 0.169417 91 115 139
0.561617 0.005583 0.164705 89 113 128
0.566752 0.022736 0.163908 57 75 81
0.568270 0.029908 0.162721 0 8 73
0.571463 0.030929 0.162548 0 8 28
0.574022 0.034722 0.161561 1 4 8
0.574536 0.038425 0.161719 85 54 30
0.574095 0.042325 0.161416 89 71 48
0.578037 0.047146 0.158519 43 1 1
0.579921 0.049767 0.160527 39 1 1
0.581775 0.052929 0.160006 117 101 96
0.584533 0.060527 0.155880 25 0 0
0.585724 0.063848 0.155897 28 0 0
0.586550 0.069786 0.157586 72 97 101
0.587469 0.070482 0.155475 89 102 102
0.589635 0.078271 0.153900 117 129 123
0.528807 -0.071446 0.176539 145 179 197
0.540115 -0.039462 0.170429 98 128 149
0.565965 0.021460 0.161820 61 82 92
0.566448 0.023917 0.160289 57 70 76
0.587367 0.075346 0.153825 57 64 62
0.518283 -0.083078 0.177891 43 147 192
0.520910 -0.077749 0.175498 34 188 233
0.526844 -0.068434 0.174676 147 200 221
0.527987 -0.063802 0.173374 151 185 202
0.531541 -0.057235 0.172576 143 167 179
0.534272 -0.048674 0.171227 99 138 175
0.563752 0.021853 0.158430 56 70 81
0.573112 0.049865 0.154292 154 56 0
0.520250 -0.075479 0.170881 102 179 232
0.527087 -0.060477 0.170672 170 192 210
0.527476 -0.056804 0.169377 159 180 204
0.528854 -0.053855 0.169680 168 194 212
0.529706 -0.051064 0.170355 158 187 204
0.542576 -0.018974 0.163261 93 130 149
0.542712 -0.018277 0.163257 103 136 158
0.544474 -0.013092 0.163081 109 137 152
0.560092 0.023883 0.154197 0 24 39
0.561851 0.029874 0.153819 0 23 30
0.520548 -0.068527 0.171092 142 181 203
0.529676 -0.044328 0.163525 175 171 178
0.533613 -0.040523 0.163830 131 157 175
0.540545 -0.016748 0.161572 96 137 156
0.544879 -0.012424 0.160049 100 129 142
0.556126 0.020858 0.154430 62 79 88
0.571663 0.057190 0.147172 96 107 95
0.531454 -0.035307 0.160280 115 158 179
0.535516 -0.029471 0.159377 136 189 213
0.535222 -0.026100 0.158858 112 165 193
0.536875 -0.022457 0.157184 122 189 219
0.539077 -0.019878 0.157455 83 149 176
0.538260 -0.016258 0.156819 80 157 186
0.555500 0.023934 0.151149 21 34 39
0.527797 -0.037961 0.158331 149 173 168
0.531877 -0.032352 0.158164 81 145 172
0.532917 -0.028015 0.156280 145 182 185
0.533187 -0.025689 0.157395 126 170 188
0.535119 -0.020507 0.157485 101 156 180
0.535606 -0.017406 0.154321 145 176 187
0.549177 0.012536 0.150541 90 130 153
0.550097 0.014780 0.149766 81 102 112
0.551498 0.016695 0.148718 74 87 94
0.551622 0.021287 0.148154 45 31 37
0.552777 0.026004 0.148583 0 3 19
0.546913 0.012559 0.146702 148 166 178
0.546353 0.014267 0.147710 159 187 204
0.549528 0.020335 0.147310 74 94 108
0.555011 0.033880 0.143106 62 88 109
0.537285 0.001401 0.147548 203 215 216
0.681422 0.027477 0.271903 164 166 160
0.646396 -0.046520 0.282044 150 163 179
0.670874 0.005688 0.273665 151 156 156
0.671108 0.008129 0.273852 136 148 157
0.682435 0.035654 0.269078 163 163 154
0.644531 -0.048935 0.278600 190 197 203
0.645829 -0.047556 0.280535 159 180 183
0.683179 0.046909 0.263075 174 178 187
0.642562 -0.048828 0.276870 153 160 176
0.641481 -0.046183 0.276068 120 145 175
0.638323 -0.043314 0.271601 183 220 253
0.655942 0.008673 0.260053 114 101 86
0.635073 -0.040022 0.266843 164 167 178
0.643904 -0.019013 0.260966 151 155 158
0.654187 0.007461 0.257246 124 133 138
0.641469 -0.019290 0.259454 131 141 153
0.643716 -0.015379 0.259243 157 168 168
0.613577 -0.075052 0.265943 186 181 153
0.616559 -0.073148 0.265732 112 122 164
0.638479 -0.020759 0.254686 168 166 166
0.613177 -0.076083 0.263685 45 93 153
0.612407 -0.072888 0.263026 70 95 129
0.612036 -0.072345 0.261706 43 85 131
0.617584 -0.054529 0.258376 149 168 167
0.605970 -0.083199 0.259022 50 55 80
0.607101 -0.078525 0.256771 107 124 144
0.606000 -0.075909 0.258325 122 167 174
0.610074 -0.073727 0.257199 129 162 183
0.614656 -0.056828 0.254489 112 132 144
0.617696 -0.056761 0.254429 128 124 113
0.617657 -0.051766 0.256219 140 134 151
0.601831 -0.071136 0.251948 72 131 168
0.624754 -0.017787 0.240251 110 117 119
0.662609 0.079967 0.222075 124 149 165
0.605427 -0.056575 0.244504 92 117 130
0.651533 0.065518 0.217591 141 156 164
0.655446 0.079205 0.214090 125 153 172
0.608340 -0.009965 0.221311 113 118 131
0.624195 0.029183 0.212044 166 186 217
0.641625 0.076470 0.203517 107 125 136
0.609101 0.000568 0.213086 160 175 180
0.593803 -0.017337 0.210034 89 115 118
0.584686 0.012684 0.181935 221 223 185
0.588319 0.023490 0.180148 183 193 204
0.596438 0.044140 0.175521 187 217 239
0.548118 -0.076733 0.194210 197 234 255
0.592594 0.035887 0.173145 0 12 8
0.595525 0.044121 0.173628 176 204 211
0.594772 0.048774 0.173109 174 199 211
0.598184 0.050837 0.172958 187 212 225
0.583254 0.020731 0.176350 154 198 201
0.586211 0.030150 0.173389 182 208 213
0.587958 0.034636 0.173807 32 43 49
0.591004 0.038424 0.171042 14 4 0
0.590028 0.039965 0.171329 29 12 0
0.592882 0.044693 0.171254 157 191 203
0.593431 0.047240 0.169976 161 191 203
0.596449 0.052880 0.170265 171 209 222
0.599885 0.065607 0.168026 144 169 179
0.553434 -0.049489 0.183196 179 210 226
0.585224 0.030978 0.170442 196 232 253
0.587430 0.036264 0.170828 47 39 16
0.587682 0.037030 0.169622 20 33 36
0.590225 0.041413 0.167683 59 50 42
0.591314 0.045259 0.168411 47 43 32
0.591756 0.047481 0.168685 116 145 157
0.601876 0.072285 0.163788 135 166 172
0.600123 0.073953 0.163125 115 145 147
0.534675 -0.079575 0.187024 108 134 152
0.563818 -0.009075 0.174230 87 114 135
0.580614 0.025860 0.168235 163 191 199
0.581066 0.028086 0.167774 166 199 210
0.586495 0.038597 0.167150 29 25 0
0.587739 0.043155 0.166476 2 5 0
0.587101 0.045236 0.166080 13 8 0
0.590019 0.052939 0.163334 27 57 53
0.591570 0.056416 0.162717 67 83 89
0.591654 0.058069 0.163938 78 107 109
0.595787 0.062773 0.160867 52 102 129
0.594908 0.065932 0.161657 83 118 127
0.597505 0.069476 0.161462 113 147 157
0.540424 -0.065359 0.182474 109 134 152
0.542649 -0.059914 0.181186 88 127 153
0.544669 -0.055428 0.179282 92 130 156
0.545362 -0.050429 0.178851 88 127 149
0.551589 -0.035034 0.177208 54 99 117
0.555014 -0.028832 0.174807 57 89 106
0.558099 -0.024617 0.174264 80 115 139
0.564002 -0.007840 0.172586 88 116 134
0.565661 -0.006590 0.170853 91 120 141
0.566097 -0.002256 0.171034 84 113 133
0.567920 0.003085 0.170586 96 122 137
0.567325 0.006353 0.169998 82 107 124
0.570746 0.013064 0.167738 94 118 130
0.579298 0.028546 0.166108 162 200 211
0.583053 0.040757 0.165970 78 0 0
0.584887 0.040875 0.164636 19 6 0
0.586182 0.046377 0.164483 23 18 0
0.587012 0.049736 0.161923 115 118 112
0.588662 0.055941 0.161927 77 62 66
0.591963 0.062649 0.159062 58 100 121
0.544836 -0.050054 0.177203 86 127 154
0.567968 0.008391 0.166746 67 89 103
0.569678 0.013054 0.166638 88 119 132
0.576202 0.026028 0.163203 47 56 64
0.575742 0.030011 0.161872 0 31 41
0.583804 0.050216 0.160600 66 6 0
0.585121 0.052816 0.160607 32 18 18
0.590307 0.063629 0.157838 77 88 101
0.540679 -0.050310 0.173065 81 116 142
0.566031 0.006001 0.163621 89 115 132
0.568978 0.017649 0.163015 85 113 122
0.568728 0.020145 0.161494 75 98 109
0.571262 0.023718 0.160996 60 76 83
0.571597 0.025821 0.160804 47 61 68
0.576347 0.036894 0.160723 67 35 15
0.581551 0.043406 0.157700 62 34 0
0.589442 0.070923 0.152272 83 112 121
0.590152 0.073623 0.152947 121 129 137
0.530115 -0.073122 0.175218 168 197 218
0.529881 -0.069681 0.174802 155 190 210
0.537676 -0.052630 0.173616 79 115 144
0.567215 0.020870 0.159288 63 88 97
0.569016 0.022438 0.160007 61 77 88
0.570188 0.027079 0.157973 24 33 45
0.570693 0.029157 0.158119 7 15 22
0.589129 0.073992 0.151491 101 121 115
0.525642 -0.077567 0.173919 144 196 224
0.537173 -0.049693 0.169731 112 139 156
0.564161 0.018903 0.158893 74 96 108
0.565566 0.024389 0.155258 37 47 57
0.570802 0.031605 0.154569 2 12 17
0.571454 0.036673 0.154524 128 0 0
0.530863 -0.057373 0.167435 156 182 197
0.543437 -0.023640 0.160685 90 130 146
0.544592 -0.021957 0.160458 82 134 155
0.561808 0.018580 0.154598 73 91 102
0.562396 0.020899 0.154722 68 82 92
0.570095 0.042701 0.150129 41 37 32
0.526854 -0.061053 0.165084 199 172 226
0.530324 -0.049915 0.162613 255 255 242
0.532168 -0.047175 0.163203 162 178 196
0.535881 -0.040914 0.160886 136 189 209
0.544945 -0.016519 0.159572 103 133 141
0.559067 0.015526 0.150823 82 96 105
0.559819 0.019182 0.151853 71 88 102
0.560430 0.021886 0.151441 39 49 64
0.529912 -0.046708 0.161889 184 195 207
0.534065 -0.038724 0.158145 94 159 187
0.536869 -0.029753 0.159155 141 185 207
0.536481 -0.027011 0.156322 122 170 201
0.539657 -0.024765 0.156011 102 159 186
0.540241 -0.021742 0.155452 36 119 162
0.543430 -0.017222 0.154733 127 164 182
0.543129 -0.014769 0.153276 126 157 170
0.543429 -0.008664 0.153727 144 175 191
0.551358 0.007649 0.149205 92 115 132
0.553636 0.013883 0.151005 70 105 109
0.558188 0.019065 0.148235 67 87 97
0.556819 0.021539 0.148393 56 77 87
0.534988 -0.027022 0.154237 196 205 191
0.537163 -0.021925 0.154628 95 169 211
0.540603 -0.019278 0.152357 47 109 135
0.541957 -0.013897 0.150987 122 155 171
0.547425 0.003415 0.147038 145 176 188
0.548886 0.007131 0.146435 142 167 178
0.549748 0.010322 0.147136 130 147 160
0.551870 0.013098 0.148839 80 105 116
0.551979 0.017504 0.147075 68 61 73
0.530493 -0.036875 0.153522 129 191 200
0.539672 -0.011174 0.147666 160 174 184
0.543900 0.000357 0.146527 114 136 92
0.545019 0.003797 0.145551 154 180 190
0.546777 0.006890 0.146301 150 176 191
0.547521 0.009808 0.145753 157 180 191
0.548501 0.011781 0.143070 130 143 158
0.549810 0.015038 0.142051 123 143 152
0.542894 0.005829 0.144074 153 192 228
0.540208 0.004013 0.142881 198 213 233
0.545043 0.014942 0.140178 156 182 207
0.685645 0.025042 0.273582 199 221 231
0.671769 0.002020 0.273594 153 160 157
0.671922 0.006277 0.271595 142 150 161
0.685910 0.045340 0.264099 189 184 179
0.685047 0.045824 0.262899 168 178 170
0.683705 0.044899 0.260389 164 160 144
0.660057 0.015913 0.249895 78 121 151
0.660396 0.017080 0.249620 83 121 156
0.604075 -0.065074 0.241233 82 112 145
0.612359 -0.045252 0.238221 92 106 105
0.617738 -0.037971 0.238640 117 110 121
0.616015 -0.035368 0.238893 111 114 120
0.602301 -0.066805 0.239369 86 118 132
0.602714 -0.063965 0.240255 79 113 129
0.601006 -0.066023 0.238360 62 91 100
0.626867 0.001774 0.224523 125 146 158
0.650651 0.053710 0.217793 120 152 170
0.598617 -0.066015 0.235649 72 99 108
0.620270 -0.002068 0.220728 97 120 125
0.615746 -0.003704 0.220242 131 146 160
0.589789 -0.059009 0.225432 112 161 180
0.587589 -0.061682 0.222916 57 89 116
0.625748 0.023933 0.209482 172 197 203
0.633791 0.066434 0.193212 127 151 164
0.589769 -0.024964 0.205434 112 134 146
0.592237 0.008635 0.187228 196 241 249
0.589617 0.003004 0.184192 234 249 247
0.555730 -0.074361 0.195103 212 251 255
0.597476 0.029545 0.180052 168 193 199
0.552062 -0.076614 0.193370 206 242 255
0.555387 -0.070212 0.192910 179 211 232
0.603499 0.045243 0.174100 178 204 219
0.593330 0.036431 0.171909 2 20 29
0.596894 0.037022 0.172246 108 137 127
0.595874 0.041955 0.170741 183 212 223
0.600895 0.049498 0.170406 174 202 213
0.592053 0.036098 0.168902 28 34 36
0.593998 0.041068 0.169712 115 146 160
0.594870 0.046536 0.167932 145 168 182
0.554806 -0.052761 0.180908 182 207 210
0.554116 -0.050182 0.184032 181 214 233
0.581035 0.017342 0.171420 165 191 198
0.586166 0.029577 0.169354 211 250 255
0.590873 0.036978 0.167625 41 42 46
0.590272 0.041252 0.166666 59 43 0
0.592185 0.042498 0.166375 25 41 35
0.605156 0.071006 0.161865 136 164 167
0.609131 0.082851 0.160452 176 199 218
0.546235 -0.063456 0.182481 113 140 161
0.566600 -0.014966 0.171171 91 124 143
0.584953 0.029609 0.167452 190 238 255
0.588024 0.038503 0.166053 19 24 8
0.588395 0.041106 0.164345 11 1 0
0.594091 0.053712 0.161040 40 56 55
0.596071 0.056242 0.160649 86 113 119
0.598962 0.065496 0.158287 107 135 142
0.600755 0.070137 0.159214 172 204 210
0.603824 0.076464 0.156672 54 92 87
0.607238 0.080524 0.157494 127 157 169
0.546170 -0.056132 0.176634 92 126 151
0.553273 -0.042841 0.173842 61 103 122
0.565429 -0.013021 0.170132 92 123 142
0.566762 -0.009844 0.170626 97 129 147
0.570398 0.001209 0.166879 83 113 129
0.570717 0.004325 0.166610 84 113 122
0.573933 0.007581 0.166311 97 121 137
0.572972 0.009822 0.166834 95 118 130
0.574495 0.014912 0.165487 77 96 112
0.580789 0.024776 0.161871 130 146 155
0.581444 0.027754 0.162107 137 160 168
0.581390 0.029807 0.161437 166 192 202
0.587220 0.042192 0.160968 45 41 39
0.587395 0.043562 0.158672 28 10 0
0.590094 0.051292 0.158183 42 30 22
0.592363 0.053844 0.159839 17 18 31
0.591580 0.057768 0.158126 48 57 50
0.594303 0.060684 0.157690 90 93 70
0.545456 -0.051570 0.172588 80 121 150
0.568167 -0.003776 0.166112 81 114 125
0.570050 0.004415 0.165681 84 105 117
0.571369 0.007688 0.164863 80 105 124
0.572558 0.010079 0.164075 85 111 118
0.573482 0.015412 0.162054 74 89 108
0.576157 0.018574 0.162023 79 105 121
0.576550 0.022638 0.162243 58 77 88
0.576542 0.024508 0.161932 47 56 67
0.579765 0.028899 0.160636 79 93 112
0.585187 0.044173 0.159102 14 13 0
0.589597 0.049934 0.157067 14 15 17
0.589573 0.055324 0.153918 122 114 103
0.589913 0.057898 0.155276 16 28 22
0.592407 0.060601 0.154650 78 124 112
0.557551 -0.018109 0.163746 77 111 136
0.562953 -0.009102 0.164389 94 120 146
0.573851 0.019979 0.160136 96 125 141
0.574256 0.020185 0.158670 91 120 139
0.577029 0.030744 0.158850 0 3 5
0.588733 0.058062 0.154421 2 10 9
0.591648 0.060579 0.152600 2 18 36
0.539633 -0.051429 0.169231 103 128 157
0.569319 0.013038 0.157358 93 112 129
0.571990 0.020061 0.155764 87 112 130
0.571975 0.020616 0.155522 100 113 128
0.575697 0.030223 0.155158 0 2 16
0.576545 0.031205 0.155391 0 0 0
0.582206 0.048011 0.150031 26 1 0
0.584914 0.056841 0.152665 52 0 0
0.566388 0.013220 0.154957 89 109 123
0.568126 0.020060 0.153599 100 114 123
0.572332 0.031355 0.153872 0 0 0
0.572161 0.032183 0.150596 0 0 0
0.528234 -0.068919 0.168295 185 216 234
0.543424 -0.031641 0.161853 97 133 148
0.545008 -0.028657 0.158800 86 142 153
0.562041 0.015002 0.152973 84 103 109
0.564636 0.018595 0.150260 69 90 98
0.568839 0.031834 0.149624 0 0 0
0.538231 -0.042109 0.159759 149 172 188
0.538430 -0.041040 0.158777 161 175 205
0.557031 0.009819 0.151069 79 103 127
0.562541 0.017766 0.148878 82 106 117
0.539440 -0.031621 0.155490 143 187 206
0.541074 -0.028666 0.154022 120 165 191
0.540565 -0.024892 0.154441 90 149 179
0.543925 -0.017644 0.153183 115 152 172
0.544126 -0.016050 0.152567 129 161 180
0.557684 0.011152 0.147058 70 89 100
0.560447 0.018247 0.145913 84 100 114
0.532526 -0.038332 0.152027 149 178 214
0.538239 -0.027931 0.151125 101 134 151
0.539280 -0.020633 0.149391 126 177 207
0.541736 -0.018083 0.150960 101 145 166
0.542958 -0.015447 0.151860 128 166 183
0.545665 -0.008300 0.148116 132 165 181
0.547632 -0.002216 0.145924 144 173 186
0.549947 0.002674 0.145324 140 164 178
0.539752 -0.018547 0.147780 81 135 160
0.541467 -0.013711 0.147757 116 141 158
0.544646 -0.006848 0.143115 149 190 206
0.544957 -0.001212 0.144495 156 210 211
0.548867 0.001549 0.144166 169 177 194
0.549218 0.004611 0.143119 150 145 159
0.552320 0.012694 0.139935 128 146 151
0.553737 0.017112 0.143644 65 27 32
0.538482 0.012394 0.129271 132 210 251
0.681538 0.011974 0.271307 162 158 150
0.682255 0.029011 0.264405 162 166 165
0.642013 -0.041179 0.261772 174 186 192
0.646615 -0.036849 0.261160 184 188 195
0.641875 -0.041333 0.260687 179 184 184
0.641716 -0.036999 0.260474 166 189 198
0.636101 -0.043204 0.258524 196 216 234
0.661314 0.013663 0.248311 70 113 142
0.619366 -0.043448 0.237402 97 103 109
0.635588 -0.005351 0.233707 105 127 143
0.623406 -0.025346 0.233824 66 83 90
0.623897 -0.021901 0.233166 126 126 129
0.603053 -0.069132 0.240536 84 115 133
0.599631 -0.070252 0.237642 70 100 127
0.600211 -0.068834 0.236027 77 108 132
0.633224 0.009520 0.220163 134 145 170
0.597337 -0.069292 0.234725 77 108 130
0.650195 0.058097 0.212657 124 150 172
0.598705 -0.061466 0.228476 42 84 104
0.646491 0.053040 0.208854 126 152 169
0.647096 0.055167 0.210462 124 150 165
0.589651 -0.075627 0.228804 87 101 101
0.596583 -0.062844 0.226106 86 118 143
0.593627 -0.062117 0.225713 69 120 140
0.595708 -0.058611 0.221727 95 130 142
0.594790 -0.057006 0.222312 132 149 173
0.620956 0.005607 0.211434 103 125 117
0.580766 -0.081336 0.220681 51 100 177
0.579093 -0.082359 0.218588 115 148 172
0.636723 0.062204 0.194696 140 165 175
0.583288 -0.065405 0.212346 103 124 144
0.582848 -0.063119 0.210636 54 96 138
0.606772 0.025989 0.187712 162 172 173
0.576900 -0.051388 0.198254 121 156 154
0.558694 -0.077044 0.193621 219 245 255
0.597129 0.022916 0.179102 162 188 197
0.601908 0.029177 0.176859 176 212 232
0.603880 0.041039 0.174095 183 211 229
0.607880 0.047928 0.171601 202 227 243
0.599474 0.033886 0.170849 145 165 156
0.600930 0.040608 0.170773 195 225 228
0.594147 0.035994 0.167011 49 56 57
0.594428 0.037235 0.166418 25 37 33
0.603377 0.055415 0.162061 160 192 204
0.555113 -0.056675 0.180637 186 214 231
0.592753 0.036844 0.165816 38 42 35
0.593152 0.037624 0.164936 31 29 29
0.593931 0.040961 0.163982 38 51 59
0.600174 0.056993 0.160546 159 192 203
0.601622 0.057287 0.159225 153 193 207
0.604872 0.071253 0.158890 96 134 141
0.567455 -0.015081 0.170968 103 133 151
0.591773 0.039416 0.161578 46 28 23
0.592725 0.040506 0.159166 29 37 12
0.596189 0.052853 0.159892 51 61 65
0.599019 0.055057 0.158276 126 163 171
0.600703 0.059800 0.157069 119 161 173
0.601163 0.062650 0.156212 145 175 184
0.601558 0.065404 0.155876 147 183 192
0.603734 0.069101 0.155294 186 218 231
0.604502 0.074549 0.156199 70 99 98
0.604648 0.075189 0.156011 66 81 82
0.546766 -0.063125 0.174478 82 126 156
0.563420 -0.025781 0.168279 83 118 135
0.564769 -0.020939 0.166712 81 114 137
0.564573 -0.017420 0.169217 87 121 140
0.565844 -0.014418 0.167417 84 123 144
0.570751 -0.003415 0.164706 81 113 131
0.572152 -0.000552 0.165094 83 115 133
0.571896 0.002049 0.165314 89 118 135
0.575006 0.005592 0.164991 102 131 145
0.577120 0.010649 0.163694 108 133 145
0.577555 0.012180 0.163411 104 130 140
0.581660 0.023752 0.160231 156 170 178
0.585462 0.028322 0.159371 149 174 179
0.600683 0.061886 0.155127 146 172 168
0.601169 0.069157 0.153615 189 240 248
0.602913 0.075382 0.154184 50 84 79
0.544703 -0.064557 0.172360 87 126 153
0.568406 -0.006650 0.163353 74 94 113
0.569874 -0.001662 0.164620 82 109 122
0.573780 0.010846 0.162096 61 101 108
0.576299 0.014068 0.160790 88 117 140
0.577808 0.016962 0.160762 120 127 139
0.579753 0.020935 0.160544 104 132 139
0.582604 0.026901 0.158982 126 150 157
0.582772 0.029060 0.157626 56 69 84
0.590172 0.048514 0.156744 46 46 52
0.596072 0.068570 0.150806 59 71 71
0.573869 0.015297 0.156684 98 127 145
0.574209 0.017379 0.157283 99 125 145
0.575599 0.020228 0.156211 92 134 125
0.576979 0.024027 0.157218 43 68 83
0.578395 0.028190 0.156358 28 37 45
0.581514 0.033273 0.152383 0 1 22
0.586815 0.046117 0.154107 21 16 0
0.572606 0.016996 0.154504 95 127 144
0.573623 0.020142 0.155413 127 161 180
0.570435 0.016173 0.153264 97 124 139
0.570114 0.017187 0.151672 110 127 142
0.564949 0.011112 0.150880 87 108 123
0.566034 0.016945 0.148449 131 130 148
0.567734 0.018270 0.149424 148 151 148
0.579540 0.048104 0.144247 6 1 0
0.538644 -0.042542 0.157846 178 192 204
0.542535 -0.033432 0.154855 115 149 171
0.564794 0.013586 0.147380 88 116 141
0.564610 0.015319 0.145017 93 114 127
0.574328 0.045363 0.142750 3 1 0
0.538864 -0.037874 0.152411 105 163 205
0.541255 -0.033708 0.152799 133 183 203
0.542579 -0.032210 0.152099 76 129 159
0.543004 -0.026933 0.151134 111 162 181
0.550254 -0.009038 0.148045 0 35 50
0.545091 -0.017121 0.147151 130 155 165
0.548169 -0.011036 0.144400 108 139 158
0.550124 -0.001656 0.144593 144 168 184
0.551552 -0.001285 0.144315 135 157 168
0.559790 0.016288 0.139378 88 112 128
0.559736 0.020701 0.141111 81 102 115
0.564201 0.029646 0.141023 48 47 55
0.544700 -0.011964 0.143819 143 163 179
0.546749 -0.009527 0.144186 121 156 172
0.547575 -0.006678 0.142524 132 156 168
0.549362 -0.002547 0.141875 131 162 170
0.550090 0.000572 0.142015 131 152 160
0.550665 0.003455 0.142439 131 150 163
0.540116 -0.015295 0.140326 170 247 255
0.546494 0.001020 0.138276 154 187 215
0.643855 -0.042720 0.259812 186 188 206
0.663520 0.001684 0.253785 143 154 147
0.643017 -0.043341 0.259967 202 217 235
0.643150 -0.042581 0.258833 175 187 198
0.675487 0.035279 0.242647 96 110 109
0.639829 -0.008026 0.233197 92 116 124
0.635018 -0.008153 0.230974 98 130 133
0.617959 -0.043942 0.234123 78 91 92
0.598388 -0.084221 0.235843 82 103 138
0.631763 -0.002627 0.219737 90 129 162
0.633820 -0.001338 0.221099 83 119 159
0.653486 0.052922 0.213005 122 152 170
0.596524 -0.085002 0.232550 83 113 146
0.596042 -0.083082 0.233473 76 110 150
0.599110 -0.080085 0.232118 13 48 90
0.601121 -0.069678 0.230682 56 105 116
0.605883 -0.059462 0.229344 64 108 122
0.628688 -0.003050 0.220679 99 138 171
0.636976 0.017415 0.216184 139 153 157
0.594609 -0.079636 0.229754 94 124 151
0.598358 -0.069605 0.227394 77 106 138
0.600717 -0.064935 0.226957 66 95 113
0.624731 -0.006001 0.215979 59 98 125
0.647686 0.047377 0.206651 127 152 167
0.646226 0.051988 0.207087 118 148 164
0.650246 0.055272 0.207355 123 151 165
0.591318 -0.083472 0.226035 92 148 133
0.597005 -0.068401 0.225230 25 81 96
0.623200 -0.005092 0.214458 90 130 164
0.590262 -0.082681 0.224283 94 137 169
0.595260 -0.066787 0.221368 64 80 101
0.595772 -0.065346 0.221668 70 97 122
0.596214 -0.061168 0.220806 107 135 158
0.592010 -0.065018 0.218368 87 140 162
0.621689 0.006788 0.206511 120 131 137
0.588898 -0.069354 0.219240 72 113 129
0.590233 -0.063893 0.214964 34 91 129
0.580292 -0.082880 0.216468 101 137 170
0.586073 -0.065235 0.214574 94 119 150
0.612917 -0.000983 0.204164 121 155 187
0.583878 -0.068990 0.210512 80 110 131
0.585112 -0.066289 0.212241 63 100 131
0.580917 -0.068597 0.208184 83 110 137
0.581060 -0.066045 0.208938 82 101 133
0.579402 -0.065135 0.207580 114 142 172
0.576629 -0.068995 0.202112 96 114 137
0.575958 -0.061356 0.199827 100 118 146
0.577063 -0.054737 0.199238 60 107 142
0.574802 -0.059213 0.196338 67 103 158
0.558675 -0.077607 0.192808 216 244 255
0.602813 0.028817 0.174159 178 199 215
0.556355 -0.076301 0.187747 196 224 251
0.600951 0.029997 0.170384 147 167 172
0.603006 0.037727 0.169036 170 193 205
0.603332 0.040239 0.168199 183 210 222
0.603684 0.047834 0.160939 192 206 221
0.604459 0.049359 0.161443 170 199 213
0.556104 -0.060206 0.177756 183 212 234
0.585387 0.010890 0.167632 205 227 243
0.594897 0.037089 0.162933 46 57 57
0.602797 0.055088 0.157542 174 206 218
0.602235 0.057632 0.158370 150 198 219
0.607599 0.060523 0.156993 162 199 214
0.607078 0.068460 0.157109 144 170 171
0.557871 -0.047247 0.172534 82 121 139
0.573249 -0.010714 0.165703 99 131 142
0.581392 0.012275 0.162845 189 214 221
0.584922 0.015098 0.162232 193 216 223
0.586704 0.018622 0.161565 205 213 224
0.588119 0.026969 0.160859 184 212 229
0.595056 0.039270 0.159371 31 42 40
0.595939 0.039072 0.158570 40 51 51
0.600201 0.051405 0.155988 96 120 129
0.602478 0.058978 0.154543 118 152 162
0.602472 0.060627 0.154755 143 180 190
0.604107 0.068184 0.154267 204 227 245
0.547337 -0.067034 0.174183 90 127 154
0.557658 -0.043004 0.171074 85 125 146
0.560262 -0.039329 0.169056 78 116 141
0.563517 -0.032014 0.168629 86 121 142
0.566818 -0.024491 0.168109 92 128 144
0.567964 -0.023464 0.167369 98 132 146
0.568283 -0.018305 0.164874 95 138 159
0.570359 -0.016355 0.165080 87 120 137
0.572487 -0.012193 0.165090 100 133 147
0.575162 -0.001626 0.162631 92 122 139
0.576351 0.001979 0.162825 100 130 146
0.577777 0.004919 0.161439 106 130 147
0.578239 0.007877 0.162125 101 128 139
0.579046 0.011501 0.161288 101 127 133
0.582397 0.015893 0.161557 181 208 217
0.584294 0.018016 0.160040 176 200 208
0.583986 0.023227 0.160267 151 175 181
0.585436 0.024217 0.159441 161 189 194
0.586838 0.028121 0.159174 207 229 231
0.587772 0.031382 0.157619 205 242 255
0.594995 0.042072 0.155232 24 1 0
0.602339 0.058489 0.153108 132 174 178
0.602415 0.061085 0.152698 184 226 236
0.550354 -0.058179 0.169713 81 134 147
0.563138 -0.025423 0.164558 83 123 146
0.565452 -0.021763 0.164687 81 116 135
0.571983 -0.005765 0.159963 70 107 126
0.576756 0.002647 0.160128 141 186 180
0.576226 0.006008 0.159881 91 120 134
0.577294 0.009373 0.159710 94 110 135
0.577998 0.011360 0.156914 48 74 89
0.579339 0.014740 0.157326 62 92 112
0.582135 0.019047 0.155889 124 147 154
0.583489 0.024259 0.155567 96 119 131
0.584866 0.029840 0.156186 38 50 51
0.591944 0.046422 0.151323 10 1 0
0.596144 0.055883 0.151651 123 119 110
0.549051 -0.058104 0.168061 81 122 148
0.559608 -0.029736 0.162062 81 120 145
0.565265 -0.015127 0.160903 84 122 143
0.571721 0.001676 0.154746 103 130 160
0.576145 0.013841 0.155557 109 138 154
0.578401 0.014698 0.155908 62 60 89
0.576856 0.020023 0.154637 101 108 123
0.581006 0.021620 0.154183 103 143 176
0.582517 0.026476 0.152789 61 92 101
0.583501 0.027815 0.153187 40 45 61
0.584860 0.031186 0.152407 0 22 31
0.573834 0.016196 0.152993 86 132 151
0.578561 0.025922 0.150280 45 65 85
0.582341 0.032285 0.149217 0 13 12
0.571665 0.015103 0.150415 90 120 143
0.571889 0.015587 0.149576 104 131 144
0.581809 0.045472 0.144596 11 1 0
0.586280 0.047725 0.144949 21 1 0
0.586242 0.048873 0.145464 22 1 0
0.542918 -0.042919 0.155590 130 152 167
0.546716 -0.027605 0.148305 120 148 171
0.551682 -0.009886 0.146289 0 38 51
0.543553 -0.027882 0.146713 136 179 239
0.545104 -0.023114 0.146831 153 177 192
0.546073 -0.022274 0.146354 139 145 164
0.546679 -0.016594 0.144903 127 151 165
0.562399 0.015982 0.139181 88 111 125
0.548531 -0.010723 0.141430 113 143 161
0.549152 -0.007420 0.141894 134 156 177
0.559128 0.015249 0.137750 107 127 140
0.645602 -0.048273 0.260650 173 170 168
0.622046 -0.048303 0.230924 120 131 145
0.620896 -0.046694 0.230901 108 129 124
0.628585 -0.019736 0.224129 107 134 140
0.606443 -0.070890 0.231395 59 82 111
0.618066 -0.045873 0.225974 101 124 108
0.599318 -0.083563 0.230889 141 127 150
0.599256 -0.080544 0.230481 50 89 130
0.599292 -0.075983 0.229375 105 122 154
0.603584 -0.068028 0.227926 58 108 121
0.626069 -0.017799 0.220107 126 143 157
0.595737 -0.082304 0.228326 40 94 153
0.597850 -0.079667 0.228202 59 112 146
0.597377 -0.076252 0.225916 82 116 131
0.599758 -0.071340 0.226323 78 101 124
0.600635 -0.071255 0.224508 83 107 129
0.632232 0.000851 0.212405 105 149 175
0.631640 0.002800 0.212599 123 164 195
0.591975 -0.085864 0.225385 57 104 134
0.597205 -0.078215 0.224494 58 134 155
0.614984 -0.030517 0.214224 124 134 148
0.620379 -0.015738 0.212221 118 144 172
0.589675 -0.085471 0.222321 74 109 152
0.596816 -0.069160 0.221390 29 63 63
0.597967 -0.066337 0.218972 82 106 132
0.621170 -0.009414 0.210635 95 125 142
0.586903 -0.084330 0.220073 88 119 152
0.590474 -0.075447 0.219590 14 78 107
0.592923 -0.069485 0.216610 55 92 125
0.582897 -0.082844 0.213855 135 169 191
0.615589 -0.008656 0.202498 109 149 180
0.580438 -0.082730 0.212655 108 138 161
0.584553 -0.073554 0.209020 86 106 107
0.586463 -0.069267 0.210291 95 134 152
0.579921 -0.064990 0.199126 81 108 131
0.581247 -0.063792 0.198688 65 107 131
0.601450 -0.014302 0.190648 108 135 147
0.579353 -0.065765 0.197382 79 105 135
0.579609 -0.063119 0.198340 83 117 141
0.579219 -0.058027 0.196295 115 145 198
0.568387 -0.073012 0.190622 232 255 255
0.569181 -0.072110 0.191756 227 255 255
0.603650 0.019420 0.174654 177 208 226
0.609549 0.026075 0.173958 197 225 235
0.609787 0.037378 0.171235 174 195 204
0.599787 0.021824 0.171227 157 185 201
0.607490 0.049369 0.161967 174 201 215
0.605836 0.048422 0.160302 178 203 210
0.607085 0.052238 0.159664 168 198 214
0.607386 0.055163 0.158350 158 194 210
0.557898 -0.061774 0.176450 185 216 233
0.600048 0.039109 0.157309 86 119 130
0.607101 0.056010 0.157823 151 188 203
0.559640 -0.050706 0.170516 94 127 147
0.562016 -0.043126 0.170428 89 130 148
0.563772 -0.040302 0.169190 87 126 142
0.566815 -0.036199 0.167293 103 138 155
0.570903 -0.024425 0.165372 105 139 153
0.574583 -0.018029 0.164762 128 158 174
0.573935 -0.014013 0.164654 111 143 156
0.577867 -0.006552 0.163470 119 153 164
0.580342 -0.002415 0.162475 183 205 220
0.581528 0.000563 0.160723 187 205 214
0.582453 0.002918 0.161211 182 208 221
0.582291 0.007248 0.161657 191 214 222
0.586587 0.007650 0.162171 213 236 249
0.586491 0.012039 0.161165 212 235 250
0.589487 0.024422 0.158203 165 195 208
0.598638 0.039301 0.156226 65 88 97
0.599880 0.041593 0.156651 96 132 148
0.605054 0.056255 0.155134 160 195 204
0.560142 -0.044948 0.169230 86 122 143
0.563120 -0.042757 0.166910 84 125 149
0.564009 -0.033309 0.166214 87 130 150
0.567189 -0.029817 0.165515 99 136 155
0.568277 -0.027220 0.165516 95 132 151
0.570131 -0.023983 0.164238 92 131 146
0.570750 -0.019556 0.164086 91 129 150
0.572033 -0.017438 0.163620 93 131 141
0.573335 -0.013648 0.163989 99 135 147
0.574981 -0.009470 0.161228 85 115 132
0.577049 -0.006548 0.160698 88 122 127
0.575961 -0.003535 0.161538 95 121 138
0.580563 0.001049 0.160213 169 194 204
0.580967 0.002302 0.160069 156 183 194
0.582720 0.005796 0.159205 150 175 182
0.586472 0.017940 0.155196 132 155 165
0.586498 0.018716 0.155024 141 163 173
0.588038 0.023745 0.155479 142 169 179
0.589761 0.026759 0.155558 146 177 187
0.595580 0.041635 0.155365 18 1 0
0.596712 0.043181 0.152126 46 0 0
0.570811 -0.012266 0.160204 93 92 99
0.571210 -0.007908 0.159709 59 106 132
0.576122 -0.000660 0.158506 78 101 116
0.576957 0.004618 0.157904 72 106 126
0.578474 0.010388 0.156047 57 93 108
0.584772 0.016971 0.155305 147 168 177
0.586133 0.020324 0.154143 133 157 167
0.584327 0.024457 0.153190 83 116 135
0.564020 -0.029014 0.160109 85 121 148
0.570917 -0.005511 0.157666 103 132 155
0.576599 0.011282 0.152860 104 141 158
0.581831 0.020279 0.153266 44 66 94
0.583923 0.025551 0.152552 105 132 177
0.585468 0.032442 0.148499 0 17 22
0.574256 0.004797 0.152676 103 130 148
0.576078 0.009783 0.152255 104 134 155
0.566811 0.003710 0.146271 80 106 122
0.570214 0.007276 0.144890 91 120 143
0.572640 0.015008 0.144871 160 137 155
0.565855 0.013173 0.140399 87 110 123
0.669990 0.010709 0.245012 161 185 191
0.671788 0.013311 0.244330 124 154 163
0.663714 0.000998 0.241734 113 127 138
0.652944 -0.026236 0.245029 65 99 106
0.624364 -0.050630 0.232452 103 116 108
0.643310 -0.011028 0.226159 108 132 142
0.623402 -0.050243 0.231073 113 134 147
0.606898 -0.078844 0.231868 16 43 83
0.608090 -0.076397 0.231660 103 120 136
0.642223 0.001930 0.219264 81 117 153
0.607842 -0.077230 0.230667 95 121 143
0.603256 -0.077159 0.225230 91 100 131
0.606972 -0.069759 0.226134 109 117 135
0.636196 0.002031 0.213087 121 158 186
0.638497 0.002773 0.212264 168 197 215
0.598910 -0.080589 0.224048 80 113 146
0.603345 -0.074627 0.222750 48 90 110
0.602832 -0.070412 0.223266 79 118 141
0.623365 -0.028124 0.216171 103 113 127
0.633740 -0.001018 0.210399 118 158 196
0.635370 0.002374 0.211154 134 169 205
0.601890 -0.069496 0.222560 89 122 142
0.630450 -0.005308 0.209776 85 123 131
0.632172 0.001297 0.209561 96 142 171
0.596448 -0.076056 0.219125 99 128 141
0.599663 -0.069042 0.216367 86 108 133
0.616613 -0.029511 0.210873 117 121 141
0.621874 -0.013146 0.208438 111 136 156
0.624902 -0.006845 0.205937 109 126 145
0.591548 -0.081042 0.217740 20 82 157
0.618779 -0.018861 0.207448 138 159 178
0.621379 -0.009209 0.206186 51 108 144
0.592289 -0.069571 0.209119 78 107 128
0.584145 -0.078841 0.209107 25 89 130
0.591667 -0.065639 0.204487 85 98 130
0.581428 -0.071299 0.202048 87 99 127
0.580004 -0.065267 0.196605 84 109 123
0.581096 -0.064167 0.197229 96 143 172
0.577347 -0.069603 0.193989 42 52 67
0.606033 0.022004 0.171072 185 205 233
0.575301 -0.043296 0.174256 200 246 255
0.562557 -0.057940 0.174767 193 224 243
0.569982 -0.042239 0.167800 191 223 240
0.570981 -0.039829 0.167573 194 225 248
0.581192 -0.016068 0.165105 200 226 252
0.602300 0.038590 0.157063 100 131 142
0.563967 -0.045138 0.168251 99 134 154
0.570099 -0.041345 0.167559 185 218 240
0.570251 -0.040728 0.167525 198 228 236
0.570099 -0.033029 0.164324 89 124 135
0.575073 -0.024128 0.162406 119 152 163
0.575050 -0.023276 0.162535 128 156 172
0.576579 -0.018689 0.161398 133 157 165
0.580091 -0.013906 0.163642 221 245 255
0.580507 -0.012098 0.163533 199 232 245
0.581652 -0.008576 0.160448 181 210 224
0.582962 -0.005663 0.160195 181 209 227
0.581788 -0.001214 0.160827 176 201 215
0.583666 0.002142 0.159539 180 211 227
0.586191 0.002985 0.157790 184 210 214
0.588976 0.013668 0.157046 201 226 234
0.567954 -0.033854 0.164564 99 136 150
0.569100 -0.032012 0.164415 99 135 146
0.570401 -0.026219 0.163630 103 147 161
0.571997 -0.025280 0.162660 116 152 167
0.573314 -0.021266 0.162619 118 157 169
0.573876 -0.018591 0.162134 107 146 155
0.576025 -0.014625 0.161850 125 155 165
0.576705 -0.011280 0.160611 110 140 149
0.577952 -0.007546 0.159615 101 132 147
0.581470 -0.004650 0.159344 167 190 202
0.581809 -0.000218 0.159809 177 202 213
0.582349 0.001890 0.159679 178 205 218
0.587806 0.008704 0.156177 190 215 225
0.586875 0.017661 0.155067 127 160 166
0.588210 0.018411 0.154688 165 183 194
0.591203 0.022464 0.154052 197 220 231
0.574840 -0.010504 0.157128 22 68 96
0.577264 -0.007204 0.156181 60 99 115
0.578396 -0.004327 0.155572 77 104 116
0.586403 0.017264 0.154510 155 179 182
0.587302 0.019561 0.153598 177 198 205
0.584855 0.019089 0.149940 104 110 121
0.573398 0.001574 0.150306 97 124 143
0.576619 0.010789 0.147645 103 135 159
0.576965 0.010431 0.146134 135 131 128
0.651409 -0.027163 0.238814 35 89 142
0.651225 -0.022630 0.238588 34 66 100
0.640942 -0.046863 0.241120 135 98 58
0.645475 -0.026252 0.236190 34 77 108
0.655003 -0.002081 0.230976 97 132 150
0.644513 -0.025401 0.231734 35 95 112
0.643525 -0.013056 0.223020 101 109 119
0.629545 -0.032832 0.221393 83 97 106
0.638207 -0.013592 0.220152 86 127 158
0.609576 -0.072491 0.226104 87 107 132
0.634770 -0.016411 0.215396 89 131 160
0.624818 -0.031649 0.216845 98 110 124
0.625556 -0.030378 0.216548 97 109 122
0.626500 -0.027738 0.214095 101 114 129
0.632529 -0.015178 0.214236 90 141 181
0.632458 -0.014382 0.214639 97 137 171
0.634240 -0.006140 0.211298 46 116 155
0.619954 -0.032665 0.210827 108 117 133
0.624523 -0.013432 0.205901 112 143 169
0.612710 -0.036331 0.207541 68 73 89
0.608393 -0.034610 0.199054 125 125 135
0.616176 -0.000662 0.189742 119 141 157
0.601518 -0.035425 0.191323 108 117 119
0.600431 -0.033700 0.191300 130 129 126
0.611316 -0.003217 0.182978 57 72 106
0.609913 0.018492 0.170583 187 225 255
0.585798 -0.017176 0.165165 205 235 253
0.570448 -0.042404 0.167736 193 225 251
0.571130 -0.040793 0.167706 190 221 255
0.581383 -0.019849 0.163209 196 228 251
0.586909 -0.007301 0.160429 186 215 234
0.588596 -0.005245 0.161173 188 219 238
0.590731 0.003336 0.158693 201 225 249
0.592438 0.005886 0.157455 192 234 251
0.569934 -0.042404 0.167488 162 209 227
0.576031 -0.026469 0.162131 133 165 179
0.575849 -0.022840 0.161458 132 163 172
0.581888 -0.012641 0.160462 189 211 224
0.582445 -0.008890 0.159331 187 223 243
0.584293 -0.006712 0.159769 191 222 239
0.593188 0.009936 0.155960 210 238 255
0.575612 -0.022610 0.160944 129 163 172
0.585802 -0.000377 0.156615 141 171 184
0.588383 0.007898 0.155443 171 200 206
0.574705 -0.016334 0.156832 42 87 134
0.643524 -0.029074 0.228432 34 81 125
0.644072 -0.028305 0.229811 34 93 155
0.646812 -0.007544 0.218002 114 114 129
0.627643 -0.031627 0.214922 102 107 129
0.641231 -0.003039 0.209563 90 132 165
0.622425 -0.042621 0.211099 107 107 120
0.628193 -0.027452 0.209795 78 102 117
0.633967 -0.006457 0.205859 34 91 133
0.611890 -0.038770 0.201694 135 126 137
0.608442 -0.042647 0.199444 116 127 141
0.612323 -0.008366 0.180673 84 113 140
0.611678 -0.005962 0.180448 77 105 128
0.586302 -0.018740 0.164166 207 239 255
0.589059 -0.012373 0.163204 208 233 252
0.589696 -0.009397 0.161474 206 240 255
0.642257 -0.013961 0.214183 68 118 159
0.607054 -0.026689 0.184035 117 134 138
