ply
format ascii 1.0
element vertex 10328
property float x
property float y
property float z
property uchar red
property uchar green
property uchar blue
end_header
0.311951 0.148241 0.476615 66 41 17
0.311044 0.147635 0.475974 66 41 17
0.311320 0.148436 0.476030 65 41 17
0.311195 0.149298 0.475760 65 41 20
0.309778 0.147127 0.474978 65 41 17
0.310266 0.147690 0.475291 65 40 18
0.310602 0.148666 0.475350 64 40 18
0.310512 0.149336 0.475053 64 40 19
0.309420 0.147115 0.474606 63 39 16
0.309478 0.147894 0.474508 62 38 17
0.309734 0.148879 0.474538 62 38 18
0.309957 0.149634 0.474480 61 38 19
0.308790 0.147297 0.473814 59 36 14
0.308777 0.147945 0.473707 57 35 14
0.308998 0.149080 0.473768 58 35 15
0.309201 0.149899 0.473663 57 35 16
0.308067 0.147487 0.472859 53 33 12
0.308200 0.148047 0.472946 53 33 12
0.308406 0.149204 0.473025 54 33 12
0.308548 0.150029 0.472928 53 32 12
0.307711 0.147563 0.472451 51 32 11
0.307539 0.148269 0.472153 50 31 11
0.307696 0.149392 0.472162 51 32 12
0.307929 0.150429 0.472133 51 32 13
0.308080 0.151136 0.472103 52 33 13
0.306852 0.148469 0.471299 50 31 13
0.307004 0.149467 0.471357 50 32 14
0.307193 0.150543 0.471290 50 32 15
0.307156 0.151169 0.471126 51 33 15
0.306257 0.148737 0.470459 50 31 14
0.306323 0.149518 0.470475 50 31 14
0.306571 0.150713 0.470539 50 31 15
0.306762 0.151430 0.470556 50 32 16
0.305914 0.149007 0.469802 50 31 14
0.305744 0.149643 0.469583 48 30 13
0.305826 0.150874 0.469586 47 30 14
0.305805 0.151527 0.469352 47 30 16
0.305202 0.149887 0.468769 46 28 11
0.305270 0.150980 0.468884 47 29 12
0.305365 0.151554 0.468826 47 30 13
0.304670 0.150149 0.467938 49 31 10
0.304639 0.151059 0.467869 51 32 12
0.304769 0.151824 0.467921 51 33 13
0.304239 0.150392 0.467219 54 36 14
0.304124 0.151176 0.466981 53 36 15
0.304168 0.152129 0.467002 53 36 15
0.303804 0.151584 0.466127 51 35 16
0.303840 0.152284 0.466002 50 35 15
0.303970 0.153295 0.465745 49 34 15
0.304087 0.154045 0.465547 49 34 16
0.303202 0.152487 0.465172 48 32 14
0.303571 0.153329 0.465115 48 33 14
0.303937 0.154404 0.465104 49 35 16
0.303970 0.154984 0.464911 49 35 17
0.302685 0.152536 0.464486 46 31 13
0.302937 0.153383 0.464367 47 32 14
0.303267 0.154404 0.464180 50 35 16
0.302184 0.152935 0.463620 45 30 12
0.302386 0.153377 0.463576 46 30 13
0.315641 0.146398 0.479823 60 35 13
0.315120 0.146268 0.479405 59 35 13
0.314250 0.145910 0.478807 60 35 15
0.314312 0.146379 0.478773 59 36 15
0.313398 0.145868 0.477989 60 36 15
0.313526 0.146695 0.478051 60 37 16
0.312397 0.145297 0.477112 59 37 15
0.312549 0.145996 0.477283 61 37 15
0.312652 0.146963 0.477361 63 39 16
0.311635 0.145280 0.476474 61 38 16
0.311767 0.146128 0.476678 63 39 15
0.311858 0.147259 0.476714 65 40 15
0.312370 0.147885 0.476901 66 41 16
0.310480 0.144576 0.475532 63 40 18
0.310888 0.145228 0.475872 63 39 17
0.310919 0.146370 0.475966 65 41 17
0.311112 0.147105 0.476082 66 41 16
0.309907 0.144528 0.475036 64 41 18
0.310021 0.145478 0.475142 65 41 17
0.310170 0.146616 0.475243 66 41 18
0.310443 0.147140 0.475347 66 41 18
0.309082 0.144539 0.474251 64 41 17
0.309195 0.145646 0.474409 64 40 17
0.309330 0.146644 0.474459 63 39 16
0.308440 0.144717 0.473518 61 39 16
0.308525 0.145762 0.473589 60 38 15
0.308695 0.146799 0.473649 58 37 15
0.307794 0.144917 0.472727 57 36 14
0.307858 0.145793 0.472791 55 34 13
0.308040 0.146962 0.472828 53 33 12
0.307382 0.145135 0.472065 53 33 12
0.307296 0.145964 0.471950 51 32 11
0.307406 0.147134 0.472054 50 31 10
0.306940 0.146286 0.471072 51 32 12
0.306789 0.147222 0.471044 50 32 12
0.306732 0.147944 0.471134 50 31 13
0.306404 0.147473 0.470073 52 33 14
0.306349 0.148134 0.470106 51 33 14
0.306052 0.147726 0.469482 53 34 15
0.305962 0.148366 0.469236 52 33 15
0.305956 0.149028 0.468781 52 34 15
0.305480 0.148795 0.468394 49 32 14
0.305383 0.149310 0.468273 48 30 13
0.304972 0.148991 0.467687 47 29 11
0.304952 0.149609 0.467443 47 30 11
0.304355 0.149996 0.466733 52 35 13
0.304470 0.150478 0.466440 51 34 13
0.303967 0.150227 0.466005 54 37 15
0.303950 0.150915 0.465732 53 36 15
0.303852 0.151887 0.465551 51 35 15
0.303434 0.151233 0.464800 53 37 16
0.303388 0.152125 0.464914 51 35 15
0.303527 0.152885 0.464732 50 35 15
0.302895 0.151396 0.463898 52 35 15
0.302868 0.152326 0.464036 50 34 14
0.302799 0.153138 0.463785 48 33 14
0.302437 0.151573 0.463115 48 32 13
0.302300 0.152498 0.463063 46 30 12
0.302409 0.153295 0.463115 46 31 13
0.302469 0.154148 0.462871 48 32 14
0.301753 0.151619 0.462212 42 29 11
0.301783 0.152531 0.462190 42 28 11
0.301790 0.153498 0.462289 43 28 12
0.301766 0.154380 0.461983 42 29 13
0.301273 0.152841 0.461160 39 27 11
0.301224 0.153556 0.461348 39 27 12
0.301411 0.154646 0.461450 40 27 12
0.300868 0.153015 0.460591 37 26 12
0.300621 0.153745 0.460518 37 26 13
0.300743 0.154528 0.460368 36 25 12
0.299810 0.153042 0.460115 37 26 14
0.300161 0.153885 0.459665 36 25 13
0.300234 0.154665 0.459552 34 24 13
0.299559 0.154115 0.458728 37 26 13
0.299801 0.154702 0.458806 35 25 12
0.299192 0.154260 0.458150 38 28 13
0.318628 0.145358 0.481763 52 31 13
0.318857 0.146431 0.481525 51 31 14
0.319259 0.147088 0.481609 51 33 14
0.317360 0.145037 0.480924 54 32 11
0.317842 0.145728 0.481139 53 32 12
0.318127 0.146519 0.481154 52 33 14
0.318644 0.147160 0.481320 53 34 15
0.316900 0.145032 0.480385 53 31 12
0.316979 0.145772 0.480568 54 32 12
0.317212 0.146776 0.480595 53 34 14
0.315789 0.144359 0.479567 55 33 13
0.316061 0.145052 0.479809 54 32 12
0.316108 0.146014 0.480026 56 33 13
0.316576 0.146873 0.480200 54 35 16
0.315046 0.144181 0.479028 55 34 14
0.315183 0.145175 0.479212 56 33 13
0.315378 0.145936 0.479430 57 33 13
0.314042 0.143373 0.478334 57 35 15
0.314237 0.144238 0.478498 56 34 14
0.314335 0.145345 0.478647 57 34 14
0.312873 0.142657 0.477423 57 35 16
0.313209 0.143354 0.477679 57 35 15
0.313338 0.144498 0.477832 57 35 15
0.313590 0.145299 0.478102 59 35 15
0.312253 0.142718 0.476881 57 36 16
0.312384 0.143527 0.477019 57 35 15
0.312495 0.144641 0.477138 58 36 15
0.311482 0.142725 0.476203 59 37 16
0.311579 0.143706 0.476297 59 37 16
0.311719 0.144605 0.476466 59 37 16
0.310528 0.142170 0.475372 61 39 16
0.310746 0.142815 0.475547 60 38 16
0.310801 0.143962 0.475644 61 38 17
0.311061 0.144549 0.475955 62 39 17
0.309740 0.142204 0.474638 63 41 17
0.309863 0.143059 0.474827 63 41 18
0.309992 0.143949 0.475018 63 41 17
0.308985 0.142289 0.473912 64 42 18
0.309044 0.143249 0.474109 64 42 18
0.309034 0.143948 0.474176 64 42 18
0.308326 0.142414 0.473166 65 43 18
0.308369 0.143422 0.473309 63 42 18
0.308396 0.144119 0.473414 62 40 17
0.307802 0.142630 0.472372 63 42 18
0.307796 0.143471 0.472428 62 40 17
0.307764 0.144300 0.472539 58 38 15
0.307454 0.142830 0.471677 62 41 18
0.307343 0.143612 0.471593 58 39 17
0.307257 0.144629 0.471688 54 35 14
0.307132 0.145375 0.471372 52 33 13
0.306837 0.143831 0.470697 56 36 16
0.306800 0.144728 0.470684 53 34 14
0.306848 0.145783 0.470678 52 33 13
0.307075 0.146496 0.470622 51 32 13
0.306462 0.144052 0.469888 55 36 15
0.306398 0.144889 0.469729 54 35 15
0.306393 0.145985 0.469702 53 35 16
0.306437 0.146877 0.469602 53 35 16
0.306140 0.145153 0.469000 56 38 18
0.306106 0.146002 0.468826 55 38 18
0.306098 0.147096 0.468788 54 37 17
0.305991 0.147824 0.468716 54 36 17
0.305784 0.146312 0.467992 56 39 18
0.305700 0.147173 0.467871 55 37 17
0.305636 0.148149 0.467935 52 35 16
0.305339 0.147408 0.467011 51 35 14
0.305249 0.148296 0.466925 49 33 13
0.305150 0.149221 0.466899 48 32 13
0.304847 0.148467 0.465943 49 33 12
0.304770 0.149420 0.466051 48 32 12
0.304584 0.150198 0.465822 50 34 13
0.304370 0.148743 0.465096 53 36 13
0.304293 0.149532 0.465113 52 36 13
0.304220 0.150365 0.465234 52 36 14
0.303960 0.148857 0.464452 55 39 15
0.303750 0.149662 0.464260 56 39 16
0.303682 0.150742 0.464343 55 38 16
0.303217 0.149878 0.463409 56 39 17
0.303053 0.150773 0.463565 54 37 15
0.302615 0.150172 0.462510 50 35 14
0.302421 0.150993 0.462641 48 33 13
0.301865 0.150206 0.461675 40 28 9
0.301876 0.151217 0.461767 41 28 10
0.301778 0.151929 0.461795 41 28 11
0.301480 0.150404 0.460998 37 25 9
0.301431 0.151289 0.460915 38 26 9
0.301373 0.152248 0.461000 38 27 10
0.300947 0.151591 0.459953 36 24 10
0.300845 0.152445 0.460124 37 25 11
0.300584 0.153133 0.459944 37 25 12
0.300623 0.151803 0.459261 38 24 11
0.300347 0.152607 0.459136 38 25 11
0.300167 0.153408 0.459231 37 26 12
0.299809 0.152836 0.458155 42 28 13
0.299621 0.153588 0.458376 39 27 12
0.299127 0.153126 0.457421 41 29 12
0.299111 0.153701 0.457725 40 29 12
0.298558 0.153100 0.456625 42 30 14
0.298632 0.153670 0.456898 41 29 13
0.298146 0.153232 0.456057 42 31 17
0.321085 0.145873 0.482469 48 28 12
0.321467 0.146717 0.482531 49 29 13
0.321763 0.147658 0.482384 49 30 14
0.321705 0.148394 0.482124 51 31 16
0.319943 0.145042 0.481920 50 29 12
0.320218 0.145834 0.482123 49 29 13
0.320483 0.146969 0.482127 50 30 13
0.321024 0.147652 0.482189 51 31 14
0.318886 0.144221 0.481251 50 29 10
0.319030 0.145129 0.481542 51 30 11
0.319283 0.146180 0.481706 50 31 13
0.319762 0.147007 0.481827 51 31 14
0.317746 0.143296 0.480629 51 30 10
0.318031 0.144309 0.480851 51 29 10
0.318134 0.145236 0.481065 52 30 11
0.316659 0.142454 0.479861 52 32 12
0.316964 0.143386 0.480170 53 31 11
0.317085 0.144501 0.480337 52 31 11
0.315268 0.140948 0.479214 57 35 15
0.315717 0.141519 0.479438 55 34 14
0.315948 0.142559 0.479457 54 33 14
0.315996 0.143644 0.479611 55 33 13
0.316368 0.144525 0.479814 54 32 12
0.314716 0.140750 0.478824 57 36 15
0.314925 0.141728 0.478867 56 35 15
0.315000 0.142804 0.478955 56 35 15
0.315226 0.143617 0.479128 56 34 14
0.313691 0.140093 0.478121 59 37 16
0.313865 0.140901 0.478155 58 36 16
0.314013 0.141949 0.478267 57 36 16
0.314185 0.142810 0.478460 57 35 15
0.312860 0.140094 0.477419 59 37 16
0.313042 0.141105 0.477547 58 36 16
0.313138 0.142147 0.477623 57 35 16
0.313572 0.142745 0.477998 57 35 16
0.311703 0.139610 0.476329 61 39 16
0.312034 0.140200 0.476689 60 38 16
0.312138 0.141375 0.476777 58 37 16
0.312248 0.142190 0.476887 58 36 16
0.311175 0.139608 0.475865 61 39 16
0.311287 0.140370 0.476009 60 38 16
0.311372 0.141511 0.476101 59 37 16
0.311611 0.142146 0.476315 59 37 16
0.310447 0.139686 0.475137 62 40 16
0.310546 0.140592 0.475282 61 39 16
0.310675 0.141671 0.475433 60 38 16
0.309721 0.139766 0.474380 64 42 17
0.309754 0.140815 0.474487 63 41 17
0.309916 0.141656 0.474723 62 40 17
0.309016 0.139932 0.473550 65 43 18
0.308983 0.141002 0.473734 65 43 18
0.308991 0.141703 0.473841 64 42 18
0.308299 0.140223 0.472742 66 44 19
0.308262 0.141066 0.472982 65 44 19
0.308322 0.141858 0.473057 64 43 19
0.307689 0.140331 0.471969 66 44 19
0.307665 0.141176 0.472090 64 43 19
0.307754 0.142089 0.472193 63 42 18
0.307295 0.140438 0.471314 65 44 19
0.307241 0.141247 0.471168 63 43 19
0.307274 0.142353 0.471309 62 42 18
0.307219 0.143140 0.471153 61 40 18
0.306864 0.141529 0.470291 62 42 19
0.306794 0.142403 0.470268 59 41 18
0.306734 0.143365 0.470327 57 38 17
0.306351 0.142510 0.469276 57 39 17
0.306349 0.143544 0.469357 56 38 16
0.306305 0.144408 0.469337 54 36 16
0.306158 0.142844 0.468644 57 40 18
0.305971 0.143608 0.468384 57 40 18
0.305947 0.144657 0.468483 57 40 19
0.306013 0.145583 0.468361 57 40 19
0.305551 0.143853 0.467533 58 41 19
0.305596 0.144695 0.467505 58 41 19
0.305635 0.145808 0.467566 57 40 18
0.305569 0.146699 0.467332 56 39 18
0.305278 0.144839 0.466645 54 37 15
0.305260 0.145869 0.466480 52 36 14
0.305229 0.146970 0.466539 51 34 13
0.304943 0.146173 0.465609 50 35 12
0.304844 0.147075 0.465541 50 34 11
0.304772 0.147973 0.465624 50 34 12
0.304422 0.146462 0.464698 54 38 15
0.304363 0.147187 0.464664 54 38 15
0.304271 0.148214 0.464832 54 37 14
0.303784 0.147344 0.463790 58 41 18
0.303761 0.148380 0.463961 57 40 17
0.303655 0.149113 0.463912 57 40 17
0.303345 0.147556 0.463019 59 41 18
0.303255 0.148455 0.463031 57 40 17
0.303163 0.149324 0.463163 57 40 17
0.302814 0.148616 0.462073 52 36 14
0.302692 0.149592 0.462192 51 36 13
0.302419 0.148877 0.461214 44 30 9
0.302102 0.149762 0.461307 41 28 9
0.302195 0.150411 0.461395 42 29 9
0.301588 0.148946 0.460280 35 23 7
0.301665 0.149852 0.460450 36 24 8
0.301514 0.150597 0.460440 36 25 9
0.301154 0.150050 0.459477 37 23 8
0.301000 0.150897 0.459625 37 23 9
0.300588 0.150211 0.458629 44 28 11
0.300504 0.151179 0.458719 42 27 11
0.300312 0.152072 0.458629 41 27 12
0.300158 0.150421 0.457917 49 32 13
0.299919 0.151305 0.457750 47 31 13
0.299838 0.152242 0.457955 44 29 13
0.299468 0.151485 0.456878 47 32 13
0.299314 0.152410 0.457081 44 30 13
0.298939 0.151865 0.455987 45 30 12
0.298662 0.152443 0.456246 42 29 13
0.298104 0.151833 0.455358 38 26 12
0.298255 0.152335 0.455761 40 28 13
0.297533 0.151331 0.454806 36 26 14
0.323171 0.145282 0.483246 48 28 10
0.323520 0.146060 0.483277 48 29 10
0.323917 0.146935 0.483245 49 29 11
0.321668 0.143374 0.482912 48 28 10
0.322072 0.144170 0.482986 47 27 11
0.322362 0.145220 0.482973 47 27 10
0.322643 0.146245 0.483011 48 28 10
0.322932 0.147179 0.482904 48 29 11
0.320178 0.141739 0.482230 49 28 9
0.320594 0.142470 0.482351 49 29 8
0.320940 0.143351 0.482466 49 28 10
0.321113 0.144455 0.482462 48 28 11
0.321439 0.145423 0.482527 47 27 12
0.321768 0.146239 0.482619 48 28 12
0.322279 0.147475 0.482555 48 29 13
0.318692 0.139646 0.481964 49 28 9
0.319148 0.140474 0.481955 48 28 9
0.319525 0.141488 0.481878 48 28 8
0.319771 0.142535 0.481885 49 29 9
0.320011 0.143646 0.481914 50 28 10
0.320344 0.144552 0.482051 49 28 11
0.320667 0.145268 0.482177 49 28 12
0.317332 0.138200 0.481368 50 29 9
0.317724 0.138785 0.481514 50 29 9
0.318032 0.139709 0.481478 50 29 9
0.318405 0.140708 0.481410 49 29 9
0.318651 0.141691 0.481322 49 29 9
0.318885 0.142825 0.481318 49 29 9
0.319278 0.143795 0.481445 50 29 9
0.316650 0.138055 0.480848 52 31 10
0.316864 0.138963 0.480865 52 31 10
0.317163 0.139960 0.480815 51 30 10
0.317489 0.140944 0.480720 51 30 10
0.317744 0.141976 0.480650 50 30 10
0.318125 0.142840 0.480832 50 29 10
0.315439 0.137387 0.479877 56 34 13
0.315830 0.138031 0.480166 55 33 12
0.316071 0.139191 0.480176 54 32 12
0.316286 0.140205 0.480076 54 32 12
0.316576 0.141178 0.480039 53 32 12
0.316960 0.142063 0.480093 52 31 12
0.317172 0.142755 0.480088 52 32 12
0.314860 0.137339 0.479373 57 36 14
0.315052 0.138259 0.479456 57 35 14
0.315292 0.139394 0.479499 56 34 14
0.315497 0.140398 0.479457 55 34 14
0.315886 0.141176 0.479578 55 34 14
0.314121 0.137420 0.478673 59 37 15
0.314305 0.138460 0.478766 58 37 16
0.314481 0.139539 0.478814 57 36 15
0.314776 0.140297 0.478943 57 36 16
0.313443 0.137453 0.477998 60 39 16
0.313563 0.138678 0.478088 59 38 16
0.313744 0.139605 0.478210 59 37 16
0.312367 0.137046 0.476908 63 41 17
0.312625 0.137651 0.477219 62 40 17
0.312717 0.138839 0.477286 60 39 17
0.312900 0.139570 0.477454 60 38 17
0.311795 0.137090 0.476310 64 41 18
0.311808 0.137820 0.476423 63 41 17
0.311940 0.138962 0.476545 61 39 16
0.311118 0.137216 0.475542 65 42 18
0.311091 0.137983 0.475668 64 42 17
0.311192 0.138987 0.475769 62 40 17
0.310431 0.137312 0.474846 66 43 19
0.310383 0.138111 0.475011 65 42 18
0.310442 0.139033 0.475094 63 41 17
0.309606 0.137403 0.474019 68 44 19
0.309616 0.138300 0.474166 66 43 18
0.309719 0.139132 0.474240 64 42 18
0.308995 0.137617 0.473169 68 45 19
0.308945 0.138451 0.473252 66 44 19
0.308990 0.139313 0.473376 66 43 19
0.308599 0.137819 0.472550 68 45 19
0.308393 0.138543 0.472420 67 45 19
0.308370 0.139437 0.472560 66 44 19
0.307832 0.138719 0.471571 66 45 19
0.307792 0.139602 0.471696 66 45 19
0.307426 0.138958 0.470755 65 45 20
0.307243 0.139883 0.470824 65 44 19
0.307076 0.140798 0.470679 64 44 20
0.307025 0.139312 0.470044 65 45 20
0.306777 0.139980 0.469865 64 44 19
0.306751 0.141093 0.469908 62 43 19
0.306393 0.140370 0.468968 60 43 19
0.306353 0.141184 0.468954 59 42 18
0.306284 0.142037 0.468912 57 41 18
0.306067 0.141346 0.468032 57 41 18
0.305991 0.142364 0.468030 56 41 18
0.305804 0.143121 0.467876 57 41 18
0.305687 0.142410 0.467111 56 41 18
0.305612 0.143471 0.467079 57 41 18
0.305481 0.144278 0.466879 56 40 18
0.305462 0.142739 0.466397 56 41 18
0.305283 0.143502 0.466156 54 38 16
0.305268 0.144454 0.466105 53 37 15
0.305187 0.145341 0.465882 51 36 14
0.305105 0.143824 0.465283 52 36 14
0.305000 0.144595 0.465116 51 35 12
0.304971 0.145599 0.465134 50 35 12
0.304594 0.144869 0.464225 54 38 16
0.304485 0.145835 0.464267 54 38 16
0.304235 0.146648 0.464179 56 39 17
0.303977 0.146034 0.463425 59 42 19
0.303829 0.146778 0.463511 59 42 19
0.303464 0.146212 0.462548 59 42 18
0.303310 0.147059 0.462664 58 41 17
0.303068 0.146444 0.461725 53 38 15
0.302899 0.147209 0.461703 51 36 13
0.302746 0.148066 0.461660 49 35 12
0.302432 0.147382 0.460678 40 28 9
0.302324 0.148385 0.460765 40 27 8
0.302127 0.149181 0.460630 39 26 8
0.301795 0.147628 0.459817 36 23 7
0.301786 0.148555 0.459995 35 23 7
0.301623 0.149290 0.459905 35 23 7
0.301393 0.147783 0.459170 41 25 9
0.301258 0.148611 0.459083 40 25 9
0.301151 0.149502 0.459144 39 24 9
0.300875 0.148013 0.458494 50 32 11
0.300701 0.148762 0.458168 51 32 11
0.300584 0.149695 0.458379 47 30 11
0.300312 0.149118 0.457292 55 35 13
0.300074 0.149865 0.457326 52 34 13
0.299828 0.150672 0.457284 49 33 14
0.299735 0.150122 0.456420 52 34 14
0.299515 0.150854 0.456488 50 33 14
0.299364 0.150367 0.455573 50 32 13
0.299145 0.151080 0.455598 47 30 12
0.298441 0.151293 0.454826 37 25 10
0.297159 0.149786 0.453565 37 29 15
0.297508 0.150476 0.453962 36 27 13
0.297965 0.151008 0.454232 35 25 11
0.297255 0.150175 0.453452 37 28 15
0.323319 0.141614 0.484007 47 27 9
0.323778 0.142566 0.484008 47 28 10
0.324141 0.143490 0.483903 47 28 10
0.324532 0.144429 0.483849 47 28 10
0.324915 0.145483 0.483689 48 28 11
0.325206 0.146495 0.483473 48 29 12
0.325612 0.147367 0.483225 49 30 14
0.325953 0.148108 0.482881 52 32 16
0.321803 0.139817 0.483427 44 24 7
0.322224 0.140706 0.483501 45 25 7
0.322612 0.141678 0.483614 47 27 9
0.322887 0.142784 0.483596 47 27 10
0.323233 0.143788 0.483505 47 28 10
0.323555 0.144727 0.483460 47 28 10
0.324083 0.145793 0.483437 48 28 10
0.324405 0.146567 0.483447 49 29 11
0.325219 0.147825 0.482779 48 29 13
0.325402 0.148330 0.482463 50 29 14
0.325812 0.149096 0.482262 51 30 16
0.319982 0.137323 0.483047 42 22 6
0.320347 0.137947 0.483124 42 22 6
0.320726 0.138895 0.483075 43 24 6
0.321152 0.139868 0.483074 44 25 7
0.321577 0.140846 0.483086 46 26 7
0.321696 0.141937 0.483009 47 27 8
0.322064 0.142935 0.483102 47 27 9
0.322558 0.143846 0.483228 47 28 10
0.318855 0.136294 0.482380 45 25 7
0.319286 0.137117 0.482599 44 23 6
0.319581 0.138162 0.482672 44 24 7
0.319815 0.139184 0.482608 45 25 7
0.320116 0.140112 0.482532 46 26 8
0.320501 0.141104 0.482463 47 27 8
0.320924 0.142039 0.482525 48 28 8
0.317784 0.135554 0.481822 49 28 9
0.318246 0.136227 0.482024 47 26 8
0.318473 0.137337 0.482102 46 26 7
0.318643 0.138452 0.482121 47 26 8
0.319041 0.139322 0.482190 47 27 8
0.319582 0.140340 0.482174 47 28 8
0.319807 0.141014 0.482113 48 28 8
0.316807 0.134804 0.481219 52 31 11
0.317161 0.135408 0.481378 50 29 10
0.317385 0.136416 0.481476 49 28 9
0.317610 0.137524 0.481568 49 28 8
0.317943 0.138346 0.481744 49 28 9
0.316106 0.134725 0.480640 52 31 11
0.316318 0.135602 0.480765 52 31 11
0.316470 0.136682 0.480791 52 31 10
0.316718 0.137462 0.480920 52 30 10
0.315350 0.134767 0.479931 54 33 12
0.315475 0.135833 0.480005 54 33 12
0.315671 0.136823 0.480103 54 33 12
0.314567 0.134246 0.479148 56 34 11
0.314606 0.134837 0.479191 56 35 12
0.314750 0.135952 0.479299 57 35 13
0.314898 0.136836 0.479394 57 35 14
0.313762 0.134376 0.478307 57 36 12
0.313904 0.135021 0.478465 58 37 13
0.314061 0.136199 0.478615 59 37 15
0.314205 0.136864 0.478735 58 37 15
0.313091 0.134401 0.477664 59 38 13
0.313163 0.135229 0.477754 60 38 15
0.313275 0.136306 0.477856 60 39 16
0.313534 0.136951 0.478071 60 39 16
0.312313 0.134489 0.476847 62 40 15
0.312405 0.135375 0.476944 62 40 16
0.312532 0.136385 0.477059 62 40 16
0.311598 0.134643 0.476087 65 42 17
0.311688 0.135548 0.476157 65 42 17
0.311796 0.136530 0.476267 64 42 18
0.310980 0.134825 0.475252 67 44 18
0.311023 0.135631 0.475335 66 44 18
0.311100 0.136604 0.475472 65 43 19
0.310451 0.135069 0.474503 68 45 19
0.310390 0.135807 0.474508 67 45 19
0.310412 0.136694 0.474664 66 44 19
0.309932 0.135225 0.473761 69 46 19
0.309732 0.135907 0.473643 68 45 19
0.309646 0.136783 0.473821 68 45 19
0.309097 0.136171 0.472778 69 46 19
0.308983 0.137048 0.472982 68 45 19
0.308562 0.136386 0.471944 69 46 19
0.308439 0.137260 0.472095 68 46 19
0.308229 0.138073 0.471922 68 46 19
0.308110 0.136608 0.471164 69 46 19
0.307943 0.137405 0.471193 67 46 19
0.307733 0.138184 0.471175 67 45 19
0.307477 0.137562 0.470329 66 46 20
0.307351 0.138456 0.470429 65 45 20
0.307101 0.137787 0.469516 65 46 20
0.306940 0.138630 0.469404 64 45 20
0.306751 0.139427 0.469406 64 45 20
0.306564 0.138788 0.468486 61 44 19
0.306397 0.139714 0.468530 60 43 19
0.306174 0.139085 0.467703 58 42 18
0.306121 0.139927 0.467601 57 41 17
0.305965 0.140884 0.467534 57 41 17
0.305792 0.140238 0.466717 57 42 18
0.305716 0.141102 0.466735 57 42 18
0.305609 0.141949 0.466599 56 41 18
0.305387 0.141217 0.465756 57 42 18
0.305311 0.142239 0.465728 55 40 17
0.305370 0.143039 0.465487 54 39 16
0.305023 0.141558 0.464943 54 39 16
0.305062 0.142344 0.464739 53 37 14
0.305111 0.143321 0.464664 52 36 14
0.305155 0.144144 0.464701 51 35 13
0.304657 0.142698 0.463964 57 41 18
0.304597 0.143374 0.463739 57 41 19
0.304652 0.144398 0.463973 55 39 17
0.304389 0.145191 0.463691 58 42 20
0.304028 0.143426 0.462948 61 44 21
0.304074 0.144537 0.463009 60 44 21
0.304022 0.145288 0.463100 60 43 20
0.303426 0.143803 0.462089 57 41 18
0.303588 0.144557 0.462083 58 42 19
0.303488 0.145500 0.462171 58 42 18
0.303032 0.143988 0.461587 51 36 15
0.302935 0.144749 0.461127 48 34 13
0.303004 0.145779 0.461227 49 35 13
0.302818 0.146711 0.461043 47 33 12
0.302281 0.145015 0.460419 39 26 9
0.302382 0.145932 0.460477 39 27 9
0.302362 0.146861 0.460459 39 26 8
0.301727 0.145228 0.459587 41 26 9
0.301748 0.146101 0.459523 39 25 8
0.301808 0.147067 0.459691 37 24 8
0.301481 0.146358 0.458647 47 31 10
0.301383 0.147275 0.458738 45 29 10
0.301193 0.148055 0.458591 46 29 10
0.301128 0.146614 0.457951 55 36 12
0.300932 0.147482 0.457812 55 35 12
0.300779 0.148279 0.457852 54 34 11
0.300555 0.147716 0.456876 56 36 13
0.300323 0.148532 0.456829 55 35 13
0.300057 0.149361 0.456713 54 35 14
0.299979 0.148706 0.455929 53 34 13
0.299788 0.149510 0.456010 53 34 14
0.299572 0.148980 0.455051 49 31 12
0.299369 0.149759 0.455151 48 30 12
0.298909 0.149878 0.454291 40 25 8
0.298683 0.150646 0.454390 37 24 8
0.298057 0.150119 0.453467 37 26 11
0.298237 0.150736 0.453889 35 24 10
0.297171 0.149554 0.452499 39 29 14
0.297466 0.149858 0.452878 39 28 13
0.296986 0.149406 0.451989 40 30 14
0.325398 0.141101 0.484783 46 27 10
0.325709 0.141848 0.484721 47 27 10
0.326094 0.142785 0.484569 47 28 10
0.326529 0.143747 0.484457 48 29 11
0.326834 0.144619 0.484243 50 30 13
0.323517 0.138292 0.484464 39 20 4
0.323810 0.138979 0.484444 40 21 5
0.324285 0.140059 0.484480 43 24 7
0.324640 0.140985 0.484540 46 26 9
0.324977 0.142099 0.484460 47 28 10
0.325326 0.143084 0.484320 47 28 10
0.325657 0.144027 0.484211 48 28 11
0.326121 0.145069 0.483966 49 29 12
0.326605 0.146005 0.483655 50 30 13
0.327021 0.146885 0.483392 52 32 15
0.327290 0.147703 0.483023 53 33 15
0.327660 0.148549 0.482756 54 34 16
0.322111 0.136571 0.484072 39 20 4
0.322447 0.137318 0.484100 39 20 4
0.322806 0.138173 0.484143 39 20 4
0.323104 0.139207 0.484134 41 22 5
0.323372 0.140265 0.484100 44 24 7
0.323802 0.141315 0.484199 47 27 9
0.324244 0.142301 0.484219 47 28 10
0.324692 0.143320 0.484087 47 28 10
0.324860 0.143873 0.484048 47 28 11
0.325298 0.144826 0.483844 48 29 11
0.326044 0.146414 0.483397 48 29 12
0.326305 0.147112 0.482990 49 29 13
0.326616 0.147959 0.482768 51 31 15
0.327175 0.148861 0.482493 54 33 16
0.327500 0.149715 0.482198 54 34 18
0.320934 0.135582 0.483477 42 22 5
0.321451 0.136493 0.483701 40 21 4
0.321653 0.137471 0.483722 40 20 5
0.321945 0.138483 0.483690 40 21 5
0.322219 0.139484 0.483683 43 23 6
0.322646 0.140306 0.483768 44 25 7
0.322971 0.141197 0.483555 44 25 8
0.325965 0.148245 0.482472 50 30 14
0.326403 0.149044 0.482274 52 32 16
0.326870 0.149915 0.482045 54 34 18
0.319574 0.133948 0.482837 49 28 8
0.319819 0.134725 0.482924 46 26 6
0.320192 0.135525 0.483110 43 23 5
0.320436 0.136646 0.483208 41 21 5
0.320821 0.137655 0.483352 41 21 5
0.321311 0.138691 0.483303 42 22 6
0.318468 0.133162 0.482146 51 30 12
0.318836 0.133885 0.482401 50 29 9
0.319062 0.134835 0.482541 47 27 8
0.319184 0.135857 0.482602 44 24 6
0.319615 0.136642 0.482751 43 23 6
0.317868 0.133166 0.481728 52 31 12
0.318043 0.133955 0.481810 51 31 11
0.318151 0.135030 0.481982 49 28 9
0.318455 0.135663 0.482171 47 26 8
0.317040 0.133130 0.481113 53 33 13
0.317204 0.134221 0.481307 52 31 12
0.317445 0.134881 0.481578 50 30 11
0.315837 0.132349 0.480182 55 34 12
0.316248 0.133224 0.480502 54 33 12
0.316270 0.134198 0.480684 53 32 12
0.314871 0.131648 0.479416 56 35 11
0.315113 0.132301 0.479650 55 35 10
0.315255 0.133490 0.479800 54 33 11
0.315589 0.134136 0.480159 54 32 11
0.314332 0.131766 0.478843 56 36 11
0.314444 0.132490 0.478987 55 35 11
0.314518 0.133623 0.479095 55 34 10
0.313629 0.131884 0.478061 56 35 12
0.313718 0.132636 0.478236 55 35 11
0.313818 0.133687 0.478363 56 35 11
0.313021 0.132033 0.477355 57 35 12
0.313046 0.132819 0.477471 56 35 11
0.313125 0.133756 0.477663 58 36 12
0.312361 0.132222 0.476530 59 36 12
0.312288 0.132997 0.476618 59 37 13
0.312312 0.133877 0.476800 61 39 14
0.311737 0.132393 0.475743 63 39 14
0.311586 0.133119 0.475745 63 40 15
0.311562 0.134012 0.475958 64 42 17
0.311019 0.133256 0.474943 67 44 17
0.310931 0.134188 0.475110 67 44 18
0.310475 0.133477 0.474110 69 45 18
0.310372 0.134413 0.474255 69 46 18
0.309955 0.133690 0.473247 70 47 19
0.309811 0.134582 0.473287 69 46 19
0.309574 0.135336 0.473134 69 46 19
0.309269 0.134731 0.472387 69 46 19
0.309116 0.135549 0.472501 69 46 19
0.308728 0.134943 0.471514 69 46 19
0.308590 0.135780 0.471661 69 46 19
0.308254 0.135210 0.470665 69 47 19
0.308089 0.136024 0.470785 68 46 19
0.307901 0.135406 0.469947 69 48 20
0.307659 0.136160 0.469898 68 47 20
0.307481 0.136988 0.469946 67 46 20
0.307206 0.136419 0.468953 66 47 20
0.307023 0.137279 0.469006 64 46 20
0.306828 0.136667 0.468175 65 47 21
0.306665 0.137421 0.468008 63 46 20
0.306524 0.138344 0.468055 61 44 19
0.306338 0.137710 0.467180 61 44 20
0.306196 0.138543 0.467100 59 43 19
0.306008 0.139396 0.467015 58 42 18
0.305824 0.138723 0.466220 60 44 20
0.305751 0.139548 0.466293 59 44 19
0.305433 0.138980 0.465391 61 46 21
0.305390 0.139768 0.465338 59 44 20
0.305234 0.140800 0.465271 56 41 18
0.305015 0.140086 0.464399 58 43 19
0.304947 0.141014 0.464371 56 40 18
0.304845 0.141941 0.464261 54 39 16
0.304567 0.141129 0.463431 61 45 22
0.304559 0.142245 0.463494 59 43 20
0.304712 0.142924 0.463567 57 42 19
0.304204 0.141397 0.462636 61 45 22
0.304063 0.142314 0.462645 60 44 21
0.304102 0.143149 0.462593 61 44 21
0.303540 0.142345 0.461795 56 40 18
0.303601 0.143438 0.461811 57 41 19
0.303699 0.144108 0.461745 58 42 19
0.302893 0.142504 0.460798 44 31 12
0.302875 0.143539 0.460980 46 32 12
0.303211 0.144464 0.460968 50 36 15
0.302549 0.142833 0.460041 40 27 9
0.302351 0.143625 0.459983 40 27 9
0.302165 0.144424 0.459956 39 26 9
0.301947 0.143873 0.459108 45 31 10
0.301821 0.144678 0.459227 44 29 10
0.301757 0.145477 0.459049 44 29 10
0.301629 0.144093 0.458384 52 37 14
0.301490 0.144858 0.458255 53 36 13
0.301429 0.145825 0.458312 51 34 12
0.301203 0.145154 0.457357 57 39 14
0.301021 0.146022 0.457292 57 38 13
0.300793 0.146907 0.457103 57 37 13
0.300713 0.146321 0.456335 55 36 13
0.300536 0.147176 0.456367 55 35 13
0.300475 0.146530 0.455567 53 33 12
0.300211 0.147334 0.455448 51 31 12
0.300004 0.148133 0.455493 52 32 12
0.299780 0.147562 0.454565 48 30 11
0.299602 0.148381 0.454696 48 30 11
0.299274 0.147803 0.453715 46 29 9
0.299081 0.148595 0.453838 43 27 8
0.298468 0.148686 0.452921 43 28 11
0.298246 0.149456 0.453042 40 27 11
0.297745 0.148971 0.452077 44 30 13
0.296671 0.148150 0.450978 43 31 15
0.297038 0.148817 0.451271 44 31 15
0.296584 0.148075 0.450667 43 31 15
0.296763 0.148581 0.450662 43 31 15
0.325656 0.137700 0.485246 38 20 4
0.325912 0.138396 0.485207 39 20 4
0.326277 0.139306 0.485145 40 21 5
0.326710 0.140363 0.485136 43 25 8
0.327108 0.141322 0.485065 45 27 9
0.327451 0.142284 0.484917 46 28 10
0.327845 0.143197 0.484719 48 29 11
0.328255 0.144215 0.484468 51 31 13
0.328639 0.145190 0.484193 52 33 14
0.329036 0.146057 0.483856 53 33 15
0.324463 0.136676 0.484878 38 20 4
0.324839 0.137553 0.484959 38 20 3
0.325222 0.138499 0.484976 39 20 4
0.325528 0.139520 0.484938 41 22 6
0.325831 0.140532 0.484928 45 26 8
0.326301 0.141623 0.484885 46 27 10
0.326669 0.142555 0.484749 47 28 10
0.327103 0.143466 0.484606 48 29 11
0.327489 0.144561 0.484279 51 31 13
0.327856 0.145522 0.483874 51 31 13
0.328389 0.146362 0.483563 52 33 14
0.328749 0.147226 0.483234 53 33 15
0.329168 0.148268 0.482828 53 32 16
0.329459 0.148813 0.482627 54 33 17
0.323013 0.134928 0.484382 42 24 6
0.323392 0.135810 0.484542 40 22 5
0.323718 0.136796 0.484629 38 20 4
0.323922 0.137805 0.484639 38 20 4
0.324364 0.138826 0.484633 40 21 4
0.324713 0.139623 0.484658 41 22 6
0.327164 0.145134 0.483815 49 29 12
0.327314 0.145692 0.483443 47 28 11
0.327589 0.146552 0.483212 50 30 12
0.328036 0.147459 0.482975 53 33 14
0.328418 0.148465 0.482670 54 33 17
0.328832 0.149348 0.482313 53 33 17
0.329131 0.150167 0.481921 54 33 18
0.321910 0.133995 0.483858 45 26 7
0.322254 0.134844 0.484086 43 24 6
0.322475 0.135977 0.484174 40 21 5
0.322989 0.137030 0.484308 38 19 4
0.327708 0.148612 0.482468 54 34 15
0.328188 0.149793 0.482123 55 35 19
0.320487 0.132368 0.483202 49 28 7
0.320916 0.133121 0.483403 48 28 6
0.321199 0.134067 0.483521 46 26 6
0.321331 0.135061 0.483555 44 25 5
0.321713 0.135896 0.483792 41 22 5
0.319370 0.131498 0.482432 50 29 8
0.319752 0.132241 0.482840 49 28 7
0.319937 0.133367 0.482950 49 28 7
0.320245 0.134347 0.483042 47 27 6
0.320597 0.135107 0.483024 46 26 5
0.318331 0.130636 0.481896 50 29 9
0.318653 0.131360 0.482095 50 29 9
0.318865 0.132432 0.482322 50 29 10
0.319113 0.133381 0.482537 50 29 9
0.317735 0.130677 0.481422 51 30 9
0.317849 0.131565 0.481550 52 31 11
0.317949 0.132545 0.481762 52 31 12
0.316931 0.130747 0.480820 53 32 10
0.317023 0.131790 0.480969 53 32 12
0.317251 0.132541 0.481155 53 32 13
0.315891 0.130208 0.479790 55 34 12
0.316043 0.130868 0.480125 55 34 11
0.316202 0.131977 0.480298 55 34 12
0.316785 0.133098 0.480332 54 33 14
0.315150 0.130110 0.479305 57 36 12
0.315155 0.131043 0.479504 56 35 12
0.315500 0.131744 0.479854 56 35 11
0.314382 0.130190 0.478561 59 37 13
0.314348 0.131185 0.478787 57 36 12
0.313696 0.130334 0.477839 60 38 14
0.313678 0.131275 0.478056 57 36 12
0.313062 0.130480 0.477037 62 39 14
0.313001 0.131426 0.477252 58 36 12
0.312440 0.130746 0.476156 63 40 14
0.312324 0.131607 0.476305 61 38 13
0.311861 0.130979 0.475213 66 42 16
0.311710 0.131806 0.475406 65 41 15
0.311312 0.131186 0.474389 68 44 17
0.311150 0.131942 0.474559 68 44 17
0.310858 0.132718 0.474422 69 45 18
0.310943 0.131233 0.473805 70 46 18
0.310639 0.132070 0.473700 70 46 18
0.310490 0.132875 0.473827 70 46 18
0.310076 0.132291 0.472766 71 47 19
0.309911 0.133137 0.472901 70 47 19
0.309540 0.132524 0.471847 70 47 19
0.309400 0.133341 0.471972 69 47 19
0.309142 0.134099 0.471841 69 47 19
0.309194 0.132625 0.471196 71 48 20
0.308904 0.133481 0.471080 70 47 19
0.308738 0.134266 0.471205 69 47 19
0.308453 0.133713 0.470200 70 48 20
0.308294 0.134547 0.470323 69 47 19
0.308106 0.133893 0.469451 70 48 21
0.307873 0.134764 0.469422 69 48 20
0.307618 0.135609 0.469364 69 48 20
0.307409 0.135041 0.468493 68 48 21
0.307194 0.135836 0.468548 67 48 21
0.307004 0.135313 0.467635 68 49 22
0.306837 0.136136 0.467564 67 48 22
0.306616 0.136903 0.467395 64 47 21
0.306531 0.136359 0.466660 67 49 23
0.306332 0.137182 0.466729 63 47 21
0.306523 0.138314 0.466608 63 46 21
0.306156 0.136469 0.465884 66 50 24
0.306060 0.137330 0.465744 65 49 23
0.306013 0.138213 0.465769 62 47 21
0.305733 0.137513 0.464956 67 51 25
0.305562 0.138505 0.464816 64 49 23
0.305554 0.139175 0.464972 62 47 22
0.305105 0.138636 0.463935 64 49 24
0.305005 0.139499 0.463984 62 46 22
0.304692 0.138823 0.463164 63 48 24
0.304646 0.139691 0.463037 63 47 23
0.304521 0.140581 0.463062 62 46 23
0.304190 0.139880 0.462149 60 44 21
0.304104 0.140944 0.462214 60 44 21
0.303932 0.141711 0.461895 59 43 21
0.303852 0.140163 0.461446 56 41 18
0.303651 0.141031 0.461296 54 39 17
0.303768 0.141719 0.461711 57 41 19
0.303190 0.141414 0.460447 45 32 12
0.302989 0.142005 0.460323 43 30 11
0.302786 0.141491 0.459466 40 27 9
0.302588 0.142216 0.459582 40 28 9
0.302275 0.143065 0.459394 42 29 10
0.302165 0.142472 0.458636 48 35 12
0.301987 0.143245 0.458742 48 34 12
0.301794 0.142710 0.457805 57 42 16
0.301618 0.143517 0.457791 57 41 16
0.301465 0.144340 0.457698 57 40 15
0.301346 0.143692 0.456856 59 42 16
0.301166 0.144591 0.456849 58 40 15
0.300977 0.145422 0.456601 57 39 14
0.300886 0.144774 0.455882 55 37 14
0.300745 0.145695 0.455879 54 35 13
0.300672 0.145045 0.455213 51 32 11
0.300410 0.145929 0.454985 50 30 10
0.300181 0.146768 0.454969 49 29 11
0.299970 0.146170 0.454085 49 31 11
0.299808 0.146965 0.454235 49 30 11
0.299461 0.146436 0.453181 50 32 11
0.299300 0.147170 0.453378 48 30 10
0.298904 0.146616 0.452296 51 33 12
0.298729 0.147373 0.452471 48 31 11
0.298364 0.148068 0.452341 47 31 13
0.298087 0.147545 0.451522 50 33 14
0.297918 0.148275 0.451733 48 31 14
0.297456 0.147787 0.450692 49 32 14
0.297366 0.148356 0.450973 47 32 15
0.296790 0.147880 0.450049 45 31 14
0.296657 0.148405 0.450050 44 31 14
0.296412 0.147358 0.449389 42 30 13
0.327070 0.136986 0.485524 38 20 4
0.327374 0.137778 0.485558 38 20 3
0.327730 0.138716 0.485545 39 22 5
0.328197 0.139767 0.485399 42 24 7
0.328594 0.140791 0.485309 45 27 10
0.328967 0.141709 0.485167 46 28 12
0.329371 0.142636 0.484996 47 29 13
0.329747 0.143644 0.484799 49 30 13
0.330122 0.144534 0.484436 51 31 13
0.330464 0.145349 0.484131 52 32 14
0.325467 0.135080 0.485057 42 24 7
0.325864 0.136043 0.485155 40 22 5
0.326208 0.137030 0.485282 38 20 3
0.326455 0.138040 0.485360 38 20 3
0.326867 0.139023 0.485334 39 21 5
0.327303 0.139973 0.485268 43 24 7
0.327778 0.141083 0.485195 45 27 9
0.328134 0.142075 0.484994 46 28 11
0.328488 0.142973 0.484817 48 29 12
0.328912 0.143982 0.484629 50 30 13
0.329464 0.145070 0.484083 51 31 13
0.329782 0.145759 0.483732 51 31 13
0.330126 0.146635 0.483372 52 32 14
0.330554 0.147544 0.483006 52 32 15
0.331055 0.148832 0.482623 55 35 17
0.324078 0.133510 0.484476 44 26 8
0.324401 0.134152 0.484791 44 26 8
0.324670 0.135251 0.484862 41 24 6
0.324963 0.136300 0.484961 39 21 4
0.325309 0.137196 0.485069 38 20 3
0.325799 0.138074 0.485153 39 21 4
0.328757 0.145390 0.483879 51 31 12
0.329066 0.146144 0.483349 50 31 12
0.329399 0.147058 0.483086 52 32 13
0.329827 0.147891 0.482716 52 32 14
0.330306 0.148811 0.482431 53 33 16
0.330710 0.149735 0.481865 54 33 15
0.331000 0.150649 0.481645 55 35 16
0.322971 0.132473 0.484084 45 25 7
0.323316 0.133425 0.484220 44 26 7
0.323478 0.134305 0.484467 44 25 7
0.323836 0.135299 0.484646 41 24 6
0.328853 0.147612 0.482658 54 34 14
0.329246 0.148500 0.482480 52 32 15
0.329592 0.149186 0.482148 53 32 15
0.330001 0.150069 0.481847 53 33 17
0.321939 0.131667 0.483664 45 25 7
0.322104 0.132635 0.483828 46 26 7
0.322367 0.133602 0.483923 45 26 7
0.322756 0.134195 0.484076 44 25 7
0.320365 0.130016 0.482700 46 25 6
0.320780 0.130718 0.482989 46 25 5
0.320971 0.131706 0.483286 47 27 6
0.321248 0.132634 0.483520 47 27 7
0.319652 0.129914 0.482400 47 26 6
0.319852 0.130934 0.482664 48 27 6
0.320103 0.131709 0.482935 49 28 7
0.318678 0.129200 0.481664 49 28 8
0.318701 0.130085 0.481986 49 28 7
0.319048 0.131015 0.482276 49 28 8
0.317660 0.128541 0.480790 53 32 10
0.317835 0.129216 0.481156 51 30 9
0.317820 0.130143 0.481439 51 30 9
0.317024 0.128506 0.480321 54 33 11
0.316990 0.129419 0.480550 53 32 10
0.316997 0.130166 0.480701 53 31 10
0.316186 0.128576 0.479590 56 34 11
0.316148 0.129620 0.479815 55 34 12
0.316544 0.130150 0.480252 54 33 11
0.315334 0.128734 0.478831 58 36 12
0.315401 0.129574 0.479195 57 36 13
0.314691 0.128131 0.477987 60 37 13
0.314544 0.128879 0.478184 60 37 13
0.314454 0.129609 0.478404 60 38 14
0.314010 0.128277 0.477181 62 39 14
0.313869 0.129022 0.477391 62 39 14
0.313781 0.129720 0.477639 61 39 15
0.313632 0.128379 0.476690 64 40 15
0.313276 0.129126 0.476576 64 40 15
0.313088 0.129905 0.476810 63 40 15
0.312666 0.129323 0.475690 65 42 15
0.312472 0.130157 0.475864 65 41 15
0.312098 0.129503 0.474767 67 43 16
0.311924 0.130360 0.474952 67 43 16
0.311588 0.129729 0.473917 69 45 17
0.311386 0.130550 0.474105 69 45 17
0.311143 0.129931 0.473186 70 46 18
0.310854 0.130695 0.473232 70 46 18
0.310579 0.131491 0.473258 70 46 18
0.310336 0.130861 0.472304 70 47 19
0.310105 0.131678 0.472446 71 47 19
0.309770 0.131104 0.471318 71 48 20
0.309584 0.131922 0.471527 70 48 20
0.309317 0.131284 0.470561 72 49 21
0.309107 0.132112 0.470616 71 48 20
0.308890 0.132888 0.470649 70 48 20
0.308672 0.132223 0.469707 71 49 21
0.308504 0.133095 0.469893 70 48 20
0.308231 0.132469 0.468850 71 49 22
0.308039 0.133342 0.468971 70 48 21
0.307769 0.134141 0.468774 70 49 21
0.307825 0.132694 0.468105 71 50 22
0.307604 0.133445 0.468000 70 49 21
0.307454 0.134362 0.467996 69 49 21
0.307336 0.133684 0.467131 70 50 22
0.307144 0.134625 0.467009 70 50 22
0.306920 0.135551 0.466906 69 50 23
0.306920 0.134870 0.466242 70 51 22
0.306705 0.135806 0.466206 69 51 23
0.306508 0.136553 0.466033 69 51 24
0.306390 0.136038 0.465352 69 51 23
0.306081 0.136852 0.465249 68 51 24
0.306098 0.136217 0.464343 70 52 24
0.305846 0.137018 0.464380 69 52 25
0.305644 0.137841 0.464306 68 52 26
0.305392 0.137246 0.463299 68 52 25
0.305270 0.138085 0.463442 67 51 25
0.304855 0.137515 0.462547 65 48 23
0.304816 0.138243 0.462627 64 48 23
0.304422 0.137589 0.461758 60 44 20
0.304310 0.138415 0.461778 59 43 20
0.304217 0.139338 0.461744 58 42 19
0.303943 0.138657 0.460782 55 40 17
0.303860 0.139626 0.460935 54 39 17
0.303764 0.140524 0.460715 52 37 16
0.303654 0.138946 0.460053 51 36 15
0.303463 0.139786 0.459771 46 32 13
0.303384 0.140666 0.459871 44 31 12
0.303055 0.140092 0.458881 43 30 11
0.302922 0.140869 0.459070 42 29 10
0.302430 0.141040 0.458099 53 38 15
0.302210 0.141859 0.458251 52 38 14
0.302056 0.141322 0.457254 61 46 20
0.301849 0.142130 0.457336 60 45 18
0.301463 0.142263 0.456346 60 44 18
0.301287 0.143220 0.456368 59 42 16
0.301205 0.142506 0.455524 57 41 16
0.301035 0.143389 0.455388 55 38 14
0.300869 0.144275 0.455375 54 35 13
0.300845 0.143632 0.454521 51 33 11
0.300634 0.144435 0.454455 49 30 10
0.300392 0.145278 0.454483 49 29 10
0.300251 0.144685 0.453583 51 32 12
0.300040 0.145477 0.453741 50 32 12
0.299759 0.144914 0.452691 55 36 14
0.299570 0.145744 0.452902 52 34 12
0.299311 0.145069 0.451912 56 36 14
0.298987 0.145886 0.451915 54 34 13
0.298586 0.146727 0.451770 52 34 14
0.298376 0.146131 0.450992 54 35 14
0.298161 0.146916 0.451212 53 34 14
0.297870 0.146342 0.450165 53 34 13
0.297642 0.147090 0.450342 51 33 14
0.297379 0.146553 0.449287 48 31 12
0.297087 0.147278 0.449507 47 31 12
0.296433 0.146698 0.448549 41 29 12
0.296709 0.147192 0.448930 43 29 12
0.296089 0.146027 0.447997 40 29 13
0.328455 0.136543 0.485686 39 23 5
0.328717 0.137237 0.485803 39 22 4
0.329097 0.138169 0.485796 40 23 5
0.329511 0.139232 0.485624 43 25 7
0.329922 0.140266 0.485438 45 27 10
0.330274 0.141199 0.485322 46 28 11
0.330651 0.142131 0.485108 47 29 11
0.331027 0.143182 0.484860 49 30 12
0.331415 0.144109 0.484500 51 32 13
0.331723 0.144536 0.484270 55 34 13
0.326541 0.133760 0.485290 45 27 11
0.326910 0.134500 0.485413 44 26 10
0.327338 0.135530 0.485486 42 25 8
0.327635 0.136495 0.485523 39 22 5
0.327981 0.137446 0.485668 38 21 3
0.328356 0.138468 0.485689 39 22 4
0.328764 0.139481 0.485505 43 25 7
0.329178 0.140399 0.485418 45 27 10
0.329609 0.141436 0.485268 46 28 12
0.330042 0.142438 0.485066 47 29 13
0.330435 0.143446 0.484858 49 30 13
0.330854 0.144472 0.484351 50 31 12
0.331238 0.145324 0.483783 52 32 12
0.331583 0.146060 0.483544 54 34 14
0.332058 0.147064 0.483282 55 34 17
0.332245 0.147724 0.482918 58 36 19
0.325435 0.132829 0.484791 42 24 7
0.325700 0.133657 0.485012 43 25 9
0.326049 0.134654 0.485195 43 25 9
0.326523 0.135684 0.485298 41 24 7
0.326847 0.136474 0.485364 39 22 5
0.330269 0.145012 0.483970 50 31 12
0.330580 0.145486 0.483512 48 30 11
0.330928 0.146386 0.483189 52 32 12
0.331292 0.147405 0.482864 54 34 14
0.331657 0.148271 0.482488 56 34 16
0.332088 0.149121 0.482116 57 35 18
0.332595 0.150133 0.481919 51 33 18
0.324255 0.132035 0.484322 42 24 6
0.324611 0.132834 0.484503 43 24 7
0.324808 0.133598 0.484710 43 25 8
0.330673 0.147797 0.482533 52 32 14
0.331019 0.148692 0.482265 54 33 14
0.331408 0.149585 0.481783 55 34 16
0.331642 0.150375 0.481445 56 35 17
0.323122 0.131153 0.483687 44 25 5
0.323514 0.131871 0.484083 44 24 6
0.323834 0.132859 0.484331 44 25 7
0.321832 0.129467 0.482940 46 26 7
0.322114 0.130182 0.483218 45 25 5
0.322378 0.131019 0.483517 44 25 5
0.320738 0.128566 0.482353 47 27 8
0.321043 0.129380 0.482682 46 25 6
0.321295 0.130242 0.483003 45 25 5
0.319641 0.127830 0.481670 49 28 8
0.319924 0.128554 0.482038 48 27 8
0.320193 0.129369 0.482402 46 25 6
0.318917 0.127778 0.481272 50 29 8
0.318959 0.128577 0.481593 49 28 8
0.317964 0.127156 0.480398 53 31 9
0.318038 0.127865 0.480767 52 31 9
0.318298 0.128532 0.481180 51 30 10
0.317228 0.127181 0.479852 55 33 9
0.317183 0.127873 0.480171 54 33 10
0.316345 0.127217 0.479153 56 34 10
0.316411 0.127941 0.479556 56 34 11
0.315573 0.127274 0.478389 58 36 11
0.315113 0.126748 0.477592 60 37 12
0.314885 0.127353 0.477640 60 37 12
0.314192 0.127540 0.476866 62 39 14
0.313591 0.127724 0.476120 64 40 14
0.312980 0.127946 0.475170 66 42 15
0.312806 0.128653 0.475374 66 42 15
0.312347 0.128219 0.474214 68 44 17
0.312168 0.128882 0.474489 68 44 16
0.311790 0.128397 0.473416 69 47 18
0.311643 0.129122 0.473603 69 46 18
0.311402 0.128552 0.472695 71 49 20
0.311141 0.129300 0.472705 71 48 19
0.310599 0.129529 0.471808 72 50 21
0.310315 0.130281 0.471785 71 49 21
0.310037 0.129734 0.470839 73 51 22
0.309873 0.130473 0.471020 72 50 22
0.309497 0.129938 0.469986 73 51 23
0.309310 0.130677 0.470132 72 50 22
0.309130 0.130097 0.469409 73 51 23
0.308887 0.130869 0.469220 72 50 22
0.308696 0.131643 0.469323 72 50 22
0.308472 0.131108 0.468317 72 50 22
0.308309 0.131834 0.468424 71 50 22
0.308085 0.131316 0.467603 71 49 21
0.307860 0.132166 0.467463 71 49 21
0.307538 0.132972 0.467335 71 50 22
0.307543 0.132366 0.466663 70 50 20
0.307410 0.133141 0.466449 71 50 21
0.307294 0.134034 0.466339 71 51 22
0.307284 0.133443 0.465856 71 51 21
0.307121 0.134249 0.465561 71 51 22
0.306756 0.134605 0.464713 71 52 22
0.306538 0.135389 0.464717 70 52 23
0.306413 0.134859 0.463849 71 52 23
0.306145 0.135623 0.463790 70 52 23
0.305697 0.135857 0.462872 70 52 23
0.305472 0.136643 0.462925 69 52 24
0.305096 0.136167 0.461946 68 51 23
0.305045 0.136868 0.462023 67 50 23
0.304652 0.136194 0.461276 66 49 22
0.304546 0.137018 0.461318 64 47 21
0.304088 0.137162 0.460375 61 45 20
0.303964 0.138059 0.460422 57 41 18
0.303767 0.137483 0.459493 57 42 19
0.303646 0.138349 0.459455 53 38 16
0.303556 0.139361 0.459258 47 33 13
0.303284 0.138509 0.458443 51 38 16
0.303211 0.139437 0.458543 47 33 13
0.302900 0.138739 0.457804 58 44 20
0.302757 0.139666 0.457617 57 43 19
0.302554 0.140350 0.457609 58 43 18
0.302275 0.139886 0.456673 65 49 23
0.302142 0.140707 0.456802 64 48 21
0.301904 0.140118 0.455961 64 49 23
0.301731 0.140953 0.455850 62 47 21
0.301434 0.141719 0.455734 60 44 19
0.301430 0.141217 0.454957 58 44 19
0.301233 0.142033 0.454895 56 40 16
0.301065 0.142856 0.454757 53 37 14
0.301149 0.142301 0.454126 52 36 13
0.300937 0.143067 0.453945 50 33 12
0.300610 0.143397 0.453048 51 34 12
0.300385 0.144017 0.453086 52 34 13
0.300081 0.143613 0.452114 58 40 16
0.299940 0.144171 0.452314 57 38 15
0.299543 0.143761 0.451316 58 39 15
0.299296 0.144475 0.451407 57 37 14
0.298742 0.144705 0.450491 56 36 14
0.298511 0.145387 0.450640 56 36 14
0.298256 0.144926 0.449608 55 35 13
0.298036 0.145595 0.449762 54 34 13
0.297739 0.145150 0.448725 50 32 11
0.297514 0.145805 0.448913 49 31 11
0.295538 0.142915 0.447986 43 32 16
0.297052 0.145295 0.447782 44 29 10
0.296834 0.145928 0.448047 43 29 10
0.295423 0.142559 0.447747 43 32 16
0.295546 0.143248 0.447718 42 31 15
0.295701 0.143960 0.447507 40 29 13
0.296065 0.145251 0.447230 39 27 12
0.296289 0.145850 0.447507 41 28 12
0.329836 0.136069 0.485692 42 26 9
0.330083 0.136719 0.485733 41 25 8
0.330393 0.137662 0.485818 42 25 8
0.330794 0.138714 0.485721 45 27 9
0.331260 0.139706 0.485420 47 28 10
0.331602 0.140638 0.485225 46 28 9
0.331981 0.141563 0.484973 48 30 11
0.332309 0.142394 0.484728 52 33 14
0.327865 0.133235 0.485379 46 28 11
0.328250 0.134020 0.485505 47 28 12
0.328609 0.134993 0.485619 45 27 11
0.328978 0.135918 0.485655 42 25 8
0.329432 0.136874 0.485766 40 24 6
0.329755 0.137902 0.485876 41 24 6
0.330183 0.138955 0.485707 44 26 8
0.330653 0.139936 0.485465 45 27 9
0.331048 0.140906 0.485328 46 28 9
0.331483 0.141849 0.485066 47 29 9
0.331978 0.142857 0.484692 51 32 13
0.332251 0.143808 0.484320 53 34 15
0.332521 0.144749 0.483896 56 36 17
0.332911 0.145572 0.483661 59 38 20
0.326754 0.132186 0.485042 41 23 6
0.327134 0.133121 0.485242 44 25 9
0.327571 0.134096 0.485457 45 27 11
0.327891 0.135134 0.485561 44 26 10
0.331920 0.145064 0.483520 55 34 13
0.332364 0.145911 0.483243 58 37 17
0.332632 0.146858 0.482975 59 37 19
0.332878 0.147731 0.482648 59 37 20
0.333239 0.148502 0.482157 57 37 20
0.325639 0.131671 0.484419 41 23 6
0.326005 0.132221 0.484767 41 23 6
0.326358 0.133133 0.485057 43 24 8
0.331754 0.146444 0.482953 56 35 14
0.332039 0.147015 0.482720 58 36 16
0.332500 0.148108 0.482382 59 37 19
0.332890 0.148973 0.482015 57 36 19
0.333099 0.149794 0.481510 56 36 19
0.333492 0.150324 0.481071 56 38 21
0.324240 0.129732 0.483654 48 28 9
0.324532 0.130507 0.483771 46 26 7
0.324896 0.131448 0.484084 43 24 6
0.325124 0.132179 0.484447 42 23 6
0.332406 0.150065 0.481415 59 36 20
0.323146 0.128874 0.483149 49 29 9
0.323507 0.129618 0.483406 47 27 8
0.323765 0.130593 0.483675 45 25 6
0.324081 0.131391 0.483809 44 25 6
0.322100 0.127973 0.482613 48 28 8
0.322366 0.128788 0.482902 48 28 8
0.322657 0.129630 0.483191 47 26 7
0.321043 0.127233 0.482040 48 28 7
0.321272 0.127984 0.482348 48 28 8
0.321545 0.128796 0.482655 47 27 8
0.319920 0.126451 0.481267 48 27 6
0.320172 0.127182 0.481652 48 28 7
0.320432 0.127882 0.482057 48 28 9
0.319147 0.126394 0.480830 49 28 6
0.319203 0.127120 0.481153 50 29 7
0.318261 0.125679 0.479936 51 30 7
0.318317 0.126404 0.480305 52 30 7
0.317525 0.125696 0.479358 54 32 8
0.317461 0.126423 0.479655 54 32 8
0.316663 0.125812 0.478620 56 34 9
0.316700 0.126470 0.478991 56 34 9
0.315843 0.125915 0.477914 58 35 11
0.315146 0.126060 0.477152 60 37 12
0.314532 0.126155 0.476358 63 40 14
0.314225 0.126963 0.476348 63 40 14
0.313935 0.126401 0.475565 65 42 15
0.313516 0.127107 0.475489 65 41 15
0.313270 0.126610 0.474649 67 44 16
0.313087 0.127230 0.474808 66 43 16
0.312741 0.126799 0.473691 69 48 18
0.312538 0.127456 0.473889 68 46 17
0.312160 0.127013 0.472851 72 51 21
0.311954 0.127651 0.473016 71 49 20
0.311562 0.127257 0.472007 74 54 23
0.311410 0.127863 0.472182 73 52 22
0.310856 0.128098 0.471268 74 54 24
0.310666 0.128871 0.471417 73 52 22
0.310278 0.128362 0.470340 75 54 24
0.310089 0.129094 0.470510 74 53 23
0.309741 0.128555 0.469494 74 54 25
0.309567 0.129284 0.469677 73 52 23
0.309333 0.128781 0.468787 74 54 25
0.309104 0.129515 0.468799 73 52 23
0.308983 0.130398 0.468525 73 51 23
0.308740 0.129782 0.467824 72 51 22
0.308776 0.130547 0.467802 73 51 22
0.308323 0.129954 0.467065 70 50 20
0.308132 0.130853 0.466970 70 49 20
0.308228 0.131610 0.466683 71 50 20
0.307787 0.131003 0.466042 69 48 19
0.307874 0.131859 0.466009 70 49 19
0.307777 0.132643 0.465839 71 50 19
0.307427 0.131251 0.465356 69 49 19
0.307482 0.131733 0.465222 69 49 19
0.307421 0.132942 0.465094 71 51 20
0.307159 0.133732 0.464900 72 53 22
0.307165 0.132304 0.464425 70 51 21
0.307050 0.133163 0.464197 71 52 21
0.306851 0.133893 0.464275 71 52 22
0.306650 0.133389 0.463322 71 53 22
0.306423 0.134220 0.463308 71 53 23
0.305941 0.134489 0.462413 71 53 23
0.305666 0.135254 0.462397 71 53 23
0.305368 0.134600 0.461407 71 53 24
0.305251 0.135533 0.461563 71 52 23
0.304836 0.134824 0.460608 70 53 24
0.304788 0.135587 0.460750 70 52 23
0.304389 0.135059 0.459989 69 52 24
0.304255 0.135901 0.459954 67 50 23
0.304001 0.136673 0.459881 63 47 22
0.303888 0.136019 0.459066 66 50 24
0.303727 0.136951 0.458972 60 45 21
0.303526 0.137738 0.458807 54 40 18
0.303411 0.137154 0.457970 62 48 23
0.303235 0.138005 0.458067 56 43 19
0.303203 0.137242 0.457315 66 52 26
0.302890 0.138198 0.457159 65 50 24
0.302623 0.139039 0.457092 65 50 24
0.302486 0.138417 0.456325 67 52 25
0.302236 0.139201 0.456385 65 50 24
0.302165 0.138626 0.455556 64 51 25
0.301919 0.139516 0.455375 62 49 23
0.301647 0.140392 0.455174 60 47 21
0.301782 0.139853 0.454535 58 45 20
0.301583 0.140682 0.454377 56 43 18
0.301417 0.141515 0.454180 54 40 16
0.301551 0.140970 0.453556 51 38 15
0.301319 0.141777 0.453404 50 35 13
0.301076 0.142543 0.453263 49 33 11
0.300951 0.142070 0.452522 50 35 12
0.300768 0.142723 0.452666 51 35 13
0.300496 0.142234 0.451676 57 41 18
0.300244 0.142918 0.451790 58 40 17
0.299672 0.143081 0.450875 57 38 15
0.299086 0.143369 0.449975 55 36 13
0.298833 0.144064 0.450088 56 36 13
0.298594 0.143582 0.449098 56 37 14
0.298457 0.144395 0.449013 55 36 14
0.298082 0.143813 0.448195 52 33 11
0.298101 0.144568 0.448252 52 33 12
0.298013 0.145315 0.448172 51 32 12
0.297255 0.144023 0.447202 44 28 9
0.297394 0.144656 0.447524 45 28 9
0.295348 0.142417 0.446731 43 32 16
0.295578 0.143090 0.446975 40 29 13
0.296181 0.144123 0.446602 39 27 11
0.296390 0.144739 0.446795 40 27 11
0.295246 0.142353 0.446108 44 33 17
0.295495 0.142908 0.446187 41 30 14
0.295888 0.144095 0.445943 39 27 11
0.295781 0.144540 0.445347 40 28 12
0.331559 0.136488 0.485681 48 31 14
0.331767 0.137110 0.485650 49 31 14
0.332126 0.138078 0.485510 52 34 16
0.332589 0.138878 0.485221 58 39 20
0.329643 0.133601 0.485506 52 33 15
0.329945 0.134458 0.485619 51 32 16
0.330320 0.135411 0.485666 47 29 14
0.330821 0.136315 0.485678 44 28 11
0.331156 0.137281 0.485683 45 28 11
0.331641 0.138354 0.485591 49 30 13
0.332141 0.139343 0.485245 52 34 16
0.332389 0.140264 0.484971 53 34 16
0.332728 0.141208 0.484696 55 36 18
0.333070 0.142181 0.484368 58 38 21
0.333414 0.143272 0.484040 59 41 23
0.333905 0.143689 0.483605 63 46 27
0.328268 0.131912 0.485065 43 24 7
0.328447 0.132637 0.485229 45 26 9
0.328918 0.133535 0.485459 49 30 12
0.329272 0.134603 0.485620 48 30 13
0.332645 0.142803 0.484270 54 35 18
0.333216 0.143540 0.483907 58 39 21
0.333357 0.144354 0.483455 59 40 21
0.333569 0.145295 0.483082 63 42 22
0.333738 0.146105 0.482889 62 42 22
0.327316 0.131026 0.484246 48 28 10
0.327434 0.131858 0.484729 43 24 7
0.327899 0.132389 0.484913 43 24 7
0.332769 0.144969 0.483177 60 39 18
0.333116 0.145613 0.482934 63 40 21
0.333512 0.146399 0.482572 65 43 22
0.333801 0.147452 0.482140 62 42 22
0.334014 0.148215 0.481695 61 43 23
0.325663 0.129141 0.483688 50 30 11
0.325887 0.130058 0.483867 49 29 10
0.326279 0.130973 0.484083 46 26 8
0.326635 0.131685 0.484455 42 23 6
0.333780 0.148761 0.481507 60 41 21
0.333769 0.149501 0.481153 59 40 20
0.334031 0.150116 0.480610 61 42 21
0.324541 0.128320 0.483214 48 28 9
0.324810 0.129093 0.483453 49 29 10
0.325101 0.129977 0.483682 48 28 10
0.325492 0.130943 0.483915 46 26 8
0.323203 0.126601 0.482614 46 26 6
0.323385 0.127387 0.482807 47 27 7
0.323695 0.128249 0.483080 48 28 9
0.324016 0.129090 0.483287 49 29 10
0.322355 0.126544 0.482311 46 26 6
0.322592 0.127412 0.482620 47 27 7
0.322877 0.128145 0.482886 49 29 9
0.321385 0.125810 0.481643 46 26 6
0.321493 0.126599 0.481992 47 27 6
0.321769 0.127195 0.482318 48 28 7
0.320232 0.124952 0.480763 47 27 6
0.320462 0.125755 0.481199 47 26 6
0.320741 0.126524 0.481633 48 27 6
0.319407 0.124951 0.480337 48 27 6
0.319531 0.125657 0.480695 48 27 6
0.318573 0.124326 0.479493 51 30 8
0.318545 0.125011 0.479824 51 29 7
0.317815 0.124349 0.478900 54 32 8
0.317741 0.125021 0.479212 53 31 8
0.316981 0.124505 0.478149 57 34 10
0.316833 0.125128 0.478423 56 34 9
0.316247 0.124669 0.477321 60 37 11
0.316294 0.125240 0.477804 59 36 11
0.315550 0.124895 0.476647 63 39 13
0.314891 0.125015 0.475801 66 43 16
0.314367 0.125160 0.474983 69 46 18
0.314073 0.125733 0.475082 68 44 17
0.313783 0.125300 0.474033 73 50 20
0.313551 0.125918 0.474211 71 48 19
0.313162 0.125481 0.473085 77 55 23
0.312997 0.126126 0.473297 74 52 21
0.312834 0.125535 0.472510 79 58 26
0.312463 0.126395 0.472390 76 55 24
0.311842 0.126618 0.471618 77 57 25
0.311132 0.126700 0.470805 76 57 26
0.311348 0.127554 0.470354 79 59 27
0.310563 0.126864 0.469913 76 57 27
0.310804 0.127844 0.469726 77 58 26
0.310845 0.128574 0.469402 78 58 26
0.310119 0.127142 0.469021 76 57 26
0.310139 0.127972 0.469047 76 56 26
0.310580 0.128747 0.468746 78 58 26
0.309485 0.128108 0.468237 75 55 25
0.309967 0.129092 0.467963 78 56 25
0.309747 0.129897 0.467929 78 55 23
0.309018 0.128398 0.467419 74 54 24
0.309201 0.129242 0.467288 75 54 23
0.309397 0.130064 0.467232 77 54 23
0.308761 0.128605 0.466657 73 53 23
0.308534 0.129476 0.466493 71 51 21
0.308761 0.130375 0.466298 73 51 21
0.308479 0.131265 0.466107 71 49 19
0.308033 0.129725 0.465533 69 49 20
0.308136 0.130608 0.465500 69 49 19
0.308182 0.131310 0.465404 69 48 18
0.307850 0.129838 0.464753 69 50 20
0.307584 0.130704 0.464669 67 48 18
0.307727 0.131559 0.464599 68 48 18
0.307569 0.132377 0.464501 70 50 18
0.307110 0.130911 0.463791 67 48 19
0.307148 0.131729 0.463739 68 49 19
0.307156 0.132579 0.463697 71 52 21
0.306700 0.131102 0.462992 66 47 19
0.306612 0.131972 0.462917 69 50 20
0.306658 0.132740 0.462779 71 52 22
0.306032 0.132201 0.461951 68 50 21
0.306152 0.132992 0.462026 71 52 22
0.306031 0.133768 0.461862 72 54 23
0.305706 0.132394 0.461235 69 51 22
0.305582 0.133188 0.461152 70 52 23
0.305531 0.133902 0.461341 71 53 23
0.305040 0.133406 0.460237 70 53 24
0.304939 0.134360 0.460350 71 53 24
0.304853 0.135060 0.460091 72 54 25
0.304713 0.133651 0.459526 70 54 25
0.304452 0.134448 0.459513 70 53 25
0.304276 0.135331 0.459330 70 53 25
0.304006 0.134721 0.458576 70 54 26
0.303995 0.135614 0.458505 70 54 26
0.303534 0.135005 0.457569 69 55 28
0.303571 0.135827 0.457514 69 55 27
0.303595 0.136605 0.457529 68 54 27
0.303131 0.135959 0.456672 69 54 28
0.303143 0.136745 0.456656 69 55 28
0.303026 0.137616 0.456631 67 54 27
0.302838 0.136230 0.456030 67 53 27
0.302768 0.137015 0.455683 66 53 27
0.302573 0.137772 0.455828 66 53 26
0.302423 0.137279 0.455064 60 48 24
0.302268 0.138073 0.454938 60 48 23
0.302042 0.138920 0.454662 59 47 22
0.302164 0.138413 0.454074 53 42 20
0.301977 0.139291 0.453847 52 41 18
0.301811 0.140145 0.453667 51 39 17
0.301945 0.139582 0.453031 45 33 13
0.301677 0.140422 0.452917 46 32 12
0.301396 0.141192 0.452824 46 33 11
0.301323 0.140693 0.451986 48 35 12
0.301094 0.141431 0.452122 50 36 13
0.300932 0.140890 0.451235 57 43 19
0.300616 0.141568 0.451189 58 42 19
0.300443 0.140976 0.450496 60 44 21
0.300046 0.141870 0.450351 57 39 16
0.299983 0.142496 0.450619 58 39 16
0.299528 0.142117 0.449404 53 35 12
0.299273 0.142756 0.449506 55 35 13
0.299101 0.142298 0.448609 55 36 13
0.298797 0.142963 0.448598 57 37 14
0.298755 0.143874 0.448383 58 38 15
0.298175 0.142265 0.447359 50 32 11
0.298403 0.143221 0.447751 54 35 13
0.298406 0.144004 0.447831 55 35 14
0.297667 0.142621 0.446843 45 28 11
0.297575 0.143377 0.447035 46 28 10
0.298003 0.144113 0.447184 48 29 9
0.296825 0.142676 0.445950 41 26 10
0.296742 0.143369 0.446240 41 26 10
0.295269 0.142143 0.445461 44 33 18
0.295767 0.142666 0.445442 42 30 13
0.295906 0.143598 0.445511 41 28 12
0.295250 0.141919 0.444902 45 34 19
0.295462 0.142707 0.444808 43 32 16
0.295576 0.143649 0.444766 42 30 15
0.295804 0.144546 0.445049 41 29 13
0.331398 0.133833 0.485497 58 38 20
0.331713 0.134827 0.485508 55 36 18
0.332016 0.135859 0.485453 54 35 18
0.332386 0.136750 0.485300 55 37 20
0.332897 0.137802 0.485080 60 41 24
0.333246 0.138814 0.484887 64 44 26
0.333690 0.139617 0.484563 68 47 29
0.334103 0.140543 0.484260 70 50 31
0.334424 0.141081 0.484013 71 50 31
0.329957 0.132061 0.485096 50 29 10
0.330315 0.133002 0.485366 54 34 16
0.330713 0.134019 0.485541 55 35 18
0.331048 0.134995 0.485623 51 33 17
0.331446 0.135916 0.485586 49 31 15
0.331963 0.137164 0.485382 52 34 18
0.332858 0.139418 0.484972 61 42 23
0.333170 0.139994 0.484725 63 43 25
0.333579 0.140866 0.484423 65 45 27
0.334039 0.141813 0.484085 67 47 28
0.334299 0.142866 0.483678 67 49 30
0.334526 0.143736 0.483259 68 50 31
0.328673 0.130519 0.484315 53 31 13
0.328855 0.131235 0.484479 50 29 10
0.329109 0.131992 0.484831 47 27 8
0.329442 0.132810 0.485351 50 31 12
0.333700 0.143398 0.483462 61 42 24
0.334210 0.144040 0.483013 64 45 27
0.334430 0.144780 0.482715 64 46 27
0.334434 0.145846 0.482332 65 46 27
0.334517 0.146552 0.482139 65 48 28
0.327114 0.128576 0.483851 52 30 11
0.327391 0.129371 0.483953 53 31 11
0.327779 0.130383 0.484135 51 30 11
0.328094 0.131308 0.484325 48 27 9
0.328351 0.132074 0.484540 45 25 7
0.334249 0.146299 0.482139 66 46 26
0.334417 0.146824 0.481939 64 46 26
0.334359 0.148113 0.481368 66 47 25
0.325986 0.127720 0.483396 47 26 7
0.326260 0.128555 0.483640 50 29 10
0.326661 0.129367 0.483819 51 30 11
0.326997 0.130519 0.484050 50 29 10
0.334355 0.148626 0.481059 66 47 25
0.334472 0.148881 0.480869 67 48 27
0.324567 0.126051 0.482722 44 24 5
0.324829 0.126787 0.482903 45 24 5
0.325104 0.127706 0.483185 47 26 7
0.325410 0.128634 0.483475 49 29 10
0.323512 0.125193 0.482192 45 25 6
0.323743 0.125952 0.482490 45 24 5
0.323974 0.126883 0.482760 45 25 5
0.324232 0.127554 0.482984 47 26 7
0.322447 0.124295 0.481547 45 25 6
0.322664 0.125096 0.481916 45 25 6
0.322866 0.125987 0.482278 45 25 5
0.321711 0.124284 0.481188 47 26 6
0.321735 0.125129 0.481548 46 25 6
0.320594 0.123559 0.480318 50 28 6
0.320758 0.124310 0.480732 48 27 6
0.321009 0.125046 0.481173 47 26 6
0.319732 0.123533 0.479840 51 29 7
0.319768 0.124315 0.480250 49 28 7
0.318881 0.123013 0.478826 54 32 8
0.318917 0.123588 0.479276 53 31 8
0.318194 0.123010 0.478212 57 33 9
0.318097 0.123631 0.478637 55 33 8
0.317431 0.123031 0.477458 60 36 10
0.317272 0.123753 0.477834 58 35 10
0.316677 0.123237 0.476731 63 39 13
0.316477 0.123973 0.476939 62 39 12
0.316002 0.123372 0.475917 67 43 15
0.315846 0.124135 0.476194 66 42 14
0.315385 0.123464 0.475135 70 46 18
0.315185 0.124236 0.475398 69 45 17
0.314708 0.123633 0.474387 73 49 20
0.314554 0.124394 0.474659 71 48 19
0.314053 0.123774 0.473502 76 53 23
0.313856 0.124639 0.473720 74 52 21
0.313381 0.123979 0.472614 78 57 25
0.313241 0.124880 0.472856 78 56 24
0.312923 0.124202 0.471847 81 60 28
0.312713 0.125017 0.471939 81 60 27
0.312584 0.125784 0.472005 81 60 27
0.312409 0.124344 0.471109 82 62 30
0.312295 0.125169 0.470956 83 63 30
0.312396 0.125935 0.470918 86 65 30
0.311745 0.125317 0.470101 84 65 31
0.311802 0.126234 0.470094 85 66 31
0.311761 0.127064 0.470188 84 64 30
0.311132 0.125661 0.469197 82 64 30
0.311099 0.126318 0.469317 82 63 29
0.311289 0.127286 0.469203 83 63 29
0.310566 0.125746 0.468537 80 62 29
0.310451 0.126427 0.468424 79 61 28
0.310812 0.127644 0.468396 81 62 28
0.310757 0.128426 0.468323 79 59 26
0.309892 0.126850 0.467717 77 58 27
0.310136 0.127724 0.467580 79 59 26
0.310334 0.128559 0.467528 80 59 26
0.309486 0.127024 0.466855 75 57 26
0.309440 0.127837 0.466792 76 56 25
0.309824 0.128897 0.466674 79 58 25
0.309575 0.129600 0.466557 79 56 24
0.308936 0.128035 0.465934 74 55 24
0.309098 0.128948 0.465846 76 55 24
0.309327 0.129741 0.465638 77 56 23
0.308574 0.128367 0.464957 74 54 25
0.308468 0.129149 0.464955 73 53 23
0.308693 0.130106 0.464793 74 53 22
0.307907 0.129296 0.464135 70 51 22
0.308176 0.130234 0.464207 71 51 21
0.307892 0.131052 0.464003 67 47 18
0.307504 0.129582 0.463244 67 47 19
0.307272 0.130326 0.463364 65 46 17
0.307535 0.131332 0.463343 66 47 17
0.307182 0.129708 0.462532 62 43 16
0.306764 0.130504 0.462385 63 44 17
0.306461 0.131522 0.462239 67 48 19
0.306805 0.132332 0.462087 70 51 21
0.306410 0.130822 0.461444 63 45 18
0.306166 0.131555 0.461464 66 48 19
0.306392 0.132523 0.461569 70 51 21
0.306199 0.130976 0.460717 64 46 19
0.305811 0.131822 0.460625 67 49 21
0.305475 0.132637 0.460551 70 52 23
0.305436 0.132061 0.459693 68 51 21
0.305200 0.132749 0.459817 69 52 23
0.305176 0.132200 0.458936 68 51 22
0.304812 0.133006 0.458893 69 52 23
0.304487 0.133803 0.458843 70 54 26
0.304398 0.133304 0.457962 68 52 24
0.304106 0.133973 0.458048 69 54 26
0.304074 0.133526 0.457061 66 51 24
0.303711 0.134271 0.457099 68 53 26
0.303792 0.135610 0.456939 71 56 28
0.303335 0.134599 0.456193 65 51 26
0.303128 0.135531 0.456225 67 53 27
0.303374 0.136409 0.456151 70 56 29
0.303059 0.134832 0.455373 61 49 24
0.302953 0.135588 0.455288 62 50 25
0.302855 0.136506 0.455339 64 52 26
0.302820 0.135709 0.454502 56 44 21
0.302623 0.136730 0.454315 55 44 21
0.302342 0.137610 0.454149 53 42 20
0.302507 0.137009 0.453426 47 36 17
0.302297 0.137828 0.453317 47 35 16
0.302115 0.138730 0.453200 46 34 15
0.302157 0.137979 0.452451 41 29 12
0.301989 0.138966 0.452385 41 28 11
0.301767 0.139826 0.452357 42 29 10
0.301652 0.139262 0.451440 48 36 15
0.301448 0.140046 0.451618 49 36 14
0.301254 0.139516 0.450645 60 48 24
0.300961 0.140290 0.450712 60 45 22
0.300572 0.141137 0.450441 61 45 22
0.300445 0.140459 0.449761 59 43 20
0.300222 0.141227 0.449925 57 41 18
0.299905 0.140696 0.448833 50 34 12
0.299684 0.141421 0.449009 51 34 12
0.299446 0.140869 0.447938 52 35 12
0.299199 0.141657 0.448100 54 36 12
0.298492 0.140801 0.446943 51 34 14
0.298531 0.141860 0.447241 53 35 13
0.298646 0.142841 0.447310 57 37 15
0.297474 0.140314 0.446147 44 30 12
0.297748 0.140977 0.446305 45 29 10
0.297884 0.141961 0.446609 46 29 11
0.296970 0.140425 0.445542 42 28 11
0.296923 0.141157 0.445677 41 27 10
0.296982 0.142091 0.445825 41 26 9
0.296546 0.140519 0.445032 43 30 12
0.296201 0.141272 0.444948 43 30 13
0.296181 0.142109 0.445177 41 28 11
0.295314 0.140709 0.443872 49 38 21
0.295469 0.141401 0.444150 47 35 18
0.295576 0.142250 0.444226 45 33 16
0.295172 0.140746 0.443508 50 40 22
0.295335 0.141525 0.443447 49 38 20
0.295359 0.142221 0.443565 47 36 19
0.331427 0.131733 0.484991 58 36 17
0.331639 0.132524 0.485183 61 40 20
0.332194 0.133470 0.485303 64 44 24
0.332641 0.134380 0.485225 66 47 27
0.332966 0.135309 0.485065 67 48 29
0.333351 0.136316 0.484814 69 50 32
0.333803 0.137332 0.484586 71 50 32
0.334245 0.138299 0.484489 71 49 29
0.334483 0.139305 0.484177 75 53 33
0.334692 0.140279 0.483845 77 55 36
0.335092 0.141101 0.483523 79 59 39
0.330274 0.130689 0.484486 56 33 14
0.330590 0.131545 0.484862 53 32 12
0.330950 0.132428 0.485215 56 35 16
0.334401 0.140629 0.483938 75 53 35
0.334882 0.141590 0.483524 76 56 36
0.335204 0.142374 0.483100 80 60 41
0.335298 0.143397 0.482648 79 61 43
0.335334 0.144078 0.482447 78 61 43
0.328871 0.128935 0.484041 56 32 13
0.329180 0.129859 0.484275 56 33 14
0.329480 0.130778 0.484431 54 32 12
0.329727 0.131488 0.484547 51 30 10
0.335079 0.143711 0.482348 74 55 37
0.335193 0.144349 0.482255 75 58 40
0.327404 0.127163 0.483509 48 25 5
0.327673 0.127978 0.483733 52 28 8
0.328007 0.128934 0.483921 54 31 11
0.328360 0.129825 0.484091 54 32 13
0.325911 0.125512 0.482893 44 23 4
0.326281 0.126241 0.483112 44 23 4
0.326558 0.127106 0.483363 46 25 5
0.326981 0.128108 0.483638 50 28 8
0.324866 0.124665 0.482368 45 25 7
0.325121 0.125402 0.482644 44 24 5
0.325424 0.126293 0.482904 44 23 4
0.325690 0.127017 0.483123 46 24 5
0.323623 0.123622 0.481836 43 23 5
0.324016 0.124513 0.482116 44 24 6
0.324327 0.125379 0.482420 45 24 5
0.322739 0.122810 0.481236 44 23 4
0.322911 0.123643 0.481555 44 23 5
0.323154 0.124396 0.481878 44 24 6
0.321725 0.122118 0.480518 47 25 6
0.321913 0.122836 0.480800 46 25 5
0.321988 0.123623 0.481082 46 25 5
0.320971 0.122102 0.479959 49 27 6
0.321011 0.122911 0.480247 49 27 6
0.320128 0.122195 0.479290 51 29 7
0.320146 0.122931 0.479599 51 29 7
0.319226 0.121622 0.478224 55 32 9
0.319413 0.122276 0.478481 55 31 8
0.319779 0.123058 0.478421 57 32 9
0.318633 0.121675 0.477708 58 34 10
0.318744 0.122421 0.477748 59 35 10
0.318966 0.123187 0.477717 61 35 10
0.317726 0.121752 0.476927 63 39 12
0.318041 0.122520 0.476955 65 39 12
0.318299 0.123367 0.477231 65 38 11
0.316923 0.121742 0.476254 66 42 15
0.317147 0.122461 0.476417 66 41 14
0.316242 0.121926 0.475518 69 45 17
0.316123 0.122656 0.475709 68 44 16
0.315587 0.122044 0.474698 72 49 19
0.315460 0.122859 0.474893 71 47 19
0.314946 0.122182 0.473915 75 52 22
0.314829 0.123018 0.474159 74 51 21
0.314225 0.122336 0.473041 77 55 25
0.314096 0.123142 0.473241 76 54 24
0.313578 0.122520 0.472168 77 56 26
0.313457 0.123344 0.472358 78 57 26
0.313034 0.122768 0.471322 77 58 28
0.312918 0.123634 0.471497 80 60 28
0.312687 0.123014 0.470592 79 60 30
0.312476 0.123742 0.470538 81 62 30
0.312586 0.124939 0.470453 87 67 32
0.312477 0.125540 0.470363 89 69 33
0.312098 0.124031 0.469686 82 64 31
0.312117 0.124844 0.469609 86 67 33
0.312174 0.125687 0.469582 89 69 33
0.311573 0.125068 0.469039 85 67 32
0.311779 0.125986 0.468601 90 71 34
0.311541 0.126733 0.468545 90 70 33
0.310713 0.125671 0.468152 82 64 31
0.311092 0.126112 0.467847 86 68 33
0.311355 0.126906 0.467650 91 71 35
0.310554 0.125677 0.467267 82 65 32
0.310347 0.126165 0.467090 81 63 31
0.310962 0.127431 0.466817 89 69 34
0.310557 0.128128 0.466688 83 63 28
0.309919 0.126455 0.466177 77 59 28
0.310142 0.127361 0.466180 80 61 28
0.310420 0.128225 0.465911 83 62 28
0.309466 0.126802 0.465506 71 53 24
0.309457 0.127471 0.465176 72 53 23
0.309897 0.128676 0.465043 77 57 24
0.309528 0.129300 0.464849 78 57 24
0.308884 0.127853 0.464387 72 53 24
0.309216 0.128727 0.464179 74 54 23
0.309323 0.129387 0.464182 77 56 24
0.308511 0.128101 0.463528 72 54 25
0.308329 0.128649 0.463580 73 53 25
0.308871 0.129604 0.463534 76 56 24
0.308198 0.128244 0.462803 72 54 26
0.307839 0.128899 0.462631 70 51 23
0.307323 0.129337 0.461788 64 45 18
0.306974 0.129875 0.461703 60 41 15
0.307026 0.129492 0.461040 59 40 14
0.306674 0.130141 0.460864 60 41 15
0.306366 0.130522 0.460020 61 43 16
0.306054 0.131152 0.460020 64 47 18
0.306192 0.130709 0.459258 62 45 18
0.305761 0.131335 0.459167 65 48 19
0.305309 0.131817 0.458311 66 49 20
0.304940 0.132408 0.458195 66 50 21
0.305063 0.131974 0.457486 63 47 20
0.304672 0.132590 0.457371 64 48 21
0.304215 0.133028 0.456488 64 48 22
0.303829 0.133647 0.456411 65 51 25
0.303911 0.133217 0.455646 63 49 23
0.303611 0.133770 0.455638 64 50 24
0.303566 0.133469 0.454907 63 50 23
0.303230 0.134317 0.454729 60 48 22
0.302988 0.135130 0.454560 58 45 22
0.303145 0.134541 0.453975 57 45 20
0.302922 0.135342 0.453755 52 40 19
0.302757 0.136171 0.453556 49 38 18
0.302789 0.135579 0.452856 45 34 16
0.302614 0.136488 0.452776 44 33 15
0.302365 0.137281 0.452648 42 30 13
0.302429 0.136756 0.451930 42 31 14
0.302229 0.137467 0.451871 42 30 14
0.302005 0.138358 0.451740 42 30 13
0.301897 0.137725 0.450934 54 43 23
0.301712 0.138564 0.450967 54 43 22
0.301317 0.137966 0.449932 63 51 28
0.301287 0.138806 0.450133 63 50 27
0.300665 0.138238 0.449068 60 47 23
0.300680 0.138996 0.449185 59 45 22
0.300478 0.139833 0.449220 57 41 19
0.299792 0.138393 0.448080 52 39 18
0.300098 0.139139 0.448346 52 38 14
0.300038 0.140014 0.448434 50 35 11
0.299373 0.138480 0.447585 53 39 19
0.299310 0.139300 0.447618 53 38 17
0.299499 0.140254 0.447666 53 36 14
0.298584 0.139488 0.446907 51 37 16
0.298795 0.140424 0.447018 53 37 16
0.297881 0.139624 0.446073 46 32 12
0.297955 0.140446 0.446380 46 31 12
0.297154 0.139740 0.445169 43 29 11
0.297264 0.140554 0.445650 42 28 10
0.296525 0.140014 0.444397 48 34 15
0.295889 0.140237 0.443612 52 40 20
0.295496 0.140703 0.443513 51 40 20
0.295387 0.140345 0.442823 55 43 23
0.295282 0.141070 0.442962 51 40 21
0.333207 0.132010 0.485084 62 39 18
0.333490 0.132882 0.485002 68 46 24
0.333885 0.133809 0.484809 73 50 28
0.334292 0.134796 0.484520 75 52 30
0.334567 0.135468 0.484299 78 54 32
0.331720 0.130291 0.484435 61 36 17
0.331979 0.131108 0.484690 59 35 17
0.332514 0.131962 0.485010 62 40 20
0.332945 0.133139 0.485070 69 48 27
0.333437 0.134140 0.484914 74 53 32
0.333890 0.134974 0.484659 77 55 34
0.334291 0.135892 0.484334 79 57 37
0.334608 0.136909 0.484128 78 56 35
0.335102 0.137921 0.484001 76 52 30
0.335340 0.138905 0.483724 78 56 34
0.335570 0.139846 0.483442 82 60 39
0.335816 0.140901 0.483048 86 66 45
0.336089 0.141545 0.482712 90 71 51
0.330266 0.128520 0.484039 61 35 13
0.330503 0.129332 0.484217 61 36 15
0.330991 0.130201 0.484425 59 36 16
0.331277 0.131019 0.484590 57 34 15
0.335677 0.141514 0.482979 86 66 46
0.336036 0.142148 0.482466 90 72 52
0.336075 0.142862 0.481996 90 72 53
0.328733 0.126564 0.483564 48 25 5
0.329031 0.127421 0.483732 53 28 8
0.329456 0.128349 0.483963 58 32 12
0.329801 0.129314 0.484196 59 34 14
0.335766 0.143285 0.481659 81 62 42
0.327334 0.124911 0.483035 47 26 7
0.327616 0.125703 0.483250 45 24 5
0.327964 0.126568 0.483470 46 24 5
0.328316 0.127447 0.483689 51 27 7
0.326157 0.123935 0.482526 45 25 8
0.326468 0.124851 0.482808 45 25 7
0.326867 0.125682 0.483117 44 23 4
0.327097 0.126478 0.483337 46 24 4
0.324691 0.122136 0.481953 38 18 4
0.325002 0.122927 0.482096 41 21 5
0.325339 0.123922 0.482313 45 25 7
0.325630 0.124758 0.482591 45 25 6
0.323693 0.121318 0.481454 41 20 4
0.323943 0.122134 0.481696 40 19 3
0.324196 0.123115 0.481873 42 21 4
0.324525 0.123808 0.482050 44 24 6
0.322640 0.120568 0.480756 47 26 6
0.322964 0.121283 0.481024 45 24 5
0.323025 0.122236 0.481232 44 22 4
0.321983 0.120532 0.480289 49 28 7
0.322064 0.121483 0.480505 47 26 6
0.322321 0.122189 0.480827 46 24 5
0.321159 0.120684 0.479522 52 30 8
0.321159 0.121433 0.479677 51 28 7
0.320634 0.120044 0.478996 55 32 10
0.320476 0.120842 0.478741 55 32 9
0.320646 0.121620 0.478827 55 31 9
0.319813 0.121106 0.477998 58 34 10
0.319875 0.121848 0.478064 58 33 10
0.320088 0.122659 0.478303 58 33 10
0.319061 0.121229 0.477268 62 37 12
0.319160 0.121988 0.477379 62 37 12
0.317762 0.120586 0.476107 68 44 15
0.318179 0.121282 0.476427 68 42 14
0.318390 0.122043 0.476654 68 41 14
0.316924 0.119760 0.475314 70 47 17
0.317192 0.120495 0.475656 69 45 16
0.317416 0.121215 0.475897 69 45 16
0.317781 0.122121 0.476071 71 45 16
0.316291 0.119766 0.474653 72 49 19
0.316553 0.120415 0.475033 72 48 18
0.316696 0.121164 0.475259 72 47 18
0.315746 0.119844 0.474074 75 53 21
0.315726 0.120675 0.474348 74 51 21
0.315595 0.121371 0.474429 74 51 21
0.315086 0.119985 0.473388 77 56 24
0.315007 0.120879 0.473573 77 55 24
0.314928 0.121514 0.473665 77 55 24
0.314364 0.120059 0.472554 77 57 26
0.314301 0.120960 0.472719 77 57 26
0.314281 0.121650 0.472909 77 56 25
0.313874 0.120275 0.471812 73 54 24
0.313717 0.121067 0.471757 73 53 23
0.313586 0.121842 0.471889 74 55 25
0.313276 0.121285 0.470895 69 50 20
0.313084 0.122042 0.471048 73 55 25
0.312911 0.121483 0.470131 68 51 20
0.312661 0.122330 0.470110 73 56 26
0.312405 0.122634 0.469227 74 58 28
0.312199 0.123580 0.469135 81 63 32
0.312374 0.124399 0.468936 87 69 35
0.312146 0.123692 0.468371 82 65 34
0.312288 0.124695 0.468089 90 72 38
0.312038 0.125437 0.467923 93 75 40
0.312225 0.124912 0.467379 93 75 43
0.311880 0.125756 0.467139 94 76 41
0.311530 0.126479 0.466992 94 75 40
0.311597 0.126060 0.466352 94 76 43
0.311381 0.126667 0.466233 94 76 42
0.310126 0.125980 0.465837 77 60 30
0.311029 0.127200 0.465378 91 73 40
0.310673 0.127723 0.465216 86 67 34
0.309840 0.126372 0.465156 70 53 25
0.309846 0.127205 0.464608 70 53 24
0.310490 0.128061 0.464415 78 60 29
0.309441 0.127613 0.463716 66 48 20
0.309814 0.128566 0.463520 69 50 20
0.309901 0.128822 0.463283 68 49 19
0.308971 0.127794 0.462878 68 51 23
0.309254 0.128323 0.462755 69 51 22
0.308365 0.128004 0.462050 71 53 25
0.308643 0.128528 0.461998 72 54 25
0.308080 0.127957 0.461351 72 54 26
0.307704 0.128568 0.461197 70 51 24
0.307193 0.129007 0.460309 62 44 18
0.306835 0.129660 0.460186 57 39 15
0.306918 0.129214 0.459550 55 38 14
0.306642 0.129855 0.459424 56 38 14
0.306322 0.130315 0.458599 58 41 16
0.305912 0.130900 0.458514 63 46 19
0.306210 0.130458 0.457828 60 43 18
0.305742 0.131069 0.457713 63 47 19
0.305297 0.131583 0.456825 62 46 19
0.304899 0.132143 0.456664 60 45 19
0.305089 0.131769 0.455963 57 42 17
0.304687 0.132282 0.455885 59 44 19
0.304207 0.132782 0.455036 62 48 22
0.303928 0.133061 0.454291 63 50 23
0.303608 0.133517 0.454134 63 50 22
0.303290 0.134024 0.453284 58 46 21
0.302993 0.134783 0.453048 51 39 18
0.303137 0.134320 0.452416 53 42 20
0.302929 0.135124 0.452267 48 37 17
0.302787 0.135933 0.452108 43 33 15
0.302838 0.135417 0.451466 47 36 18
0.302571 0.136199 0.451315 47 36 18
0.302276 0.136972 0.451169 48 37 19
0.302247 0.136484 0.450476 57 47 27
0.301986 0.137137 0.450504 58 48 27
0.301904 0.136656 0.449705 65 56 33
0.301550 0.137329 0.449626 65 54 31
0.300719 0.136907 0.448340 59 49 25
0.300931 0.137645 0.448779 62 50 26
0.300479 0.136978 0.448028 54 45 21
0.300245 0.137677 0.447968 53 43 19
0.300044 0.138566 0.447908 52 39 16
0.299533 0.137793 0.447150 55 42 22
0.299804 0.138628 0.447672 52 39 18
0.298909 0.138019 0.446387 53 40 20
0.298495 0.138821 0.446323 51 37 17
0.298228 0.138270 0.445508 46 32 14
0.298052 0.138908 0.445765 46 31 13
0.297616 0.138498 0.444662 46 33 14
0.297348 0.139037 0.444817 44 30 12
0.297161 0.138700 0.443822 55 42 19
0.296853 0.139193 0.443883 54 40 18
0.296443 0.139353 0.443063 61 47 23
0.295681 0.139606 0.442257 61 49 27
0.295239 0.139240 0.441559 61 49 30
0.295353 0.139421 0.441575 61 49 30
0.333119 0.129880 0.484777 68 40 18
0.333350 0.130472 0.484840 65 38 17
0.333732 0.131506 0.484833 64 39 17
0.334108 0.132537 0.484662 66 42 19
0.334552 0.133472 0.484395 72 47 22
0.334805 0.134464 0.484161 78 53 29
0.335201 0.135195 0.483868 82 58 35
0.335748 0.136580 0.483567 83 60 37
0.336003 0.137196 0.483407 83 59 37
0.331747 0.128051 0.483989 70 41 18
0.331893 0.128786 0.484139 69 42 19
0.332267 0.129721 0.484315 68 41 20
0.332723 0.130557 0.484561 64 39 19
0.334975 0.135601 0.483916 82 58 36
0.335382 0.136461 0.483677 83 60 39
0.335852 0.137547 0.483479 82 59 37
0.336166 0.138427 0.483157 85 63 42
0.336422 0.139409 0.482863 89 69 48
0.336598 0.140526 0.482452 94 75 55
0.336897 0.141384 0.482042 99 80 61
0.337690 0.142338 0.481855 103 83 63
0.330168 0.126187 0.483633 50 27 7
0.330436 0.126886 0.483748 55 30 9
0.330830 0.127879 0.483934 63 36 13
0.331231 0.128872 0.484159 65 38 16
0.331447 0.129556 0.484243 64 39 18
0.336728 0.141756 0.481920 100 82 64
0.336797 0.142458 0.481448 100 82 64
0.337131 0.143232 0.480754 108 91 75
0.328740 0.124431 0.483148 52 29 10
0.328986 0.125134 0.483326 48 26 7
0.329343 0.126053 0.483537 48 25 5
0.329724 0.126944 0.483684 52 28 8
0.329985 0.127687 0.483838 58 32 11
0.336498 0.142977 0.480960 92 72 53
0.336889 0.143484 0.480489 99 81 62
0.337327 0.144458 0.480203 115 100 85
0.327580 0.123418 0.482732 49 27 10
0.327914 0.124270 0.483001 50 28 10
0.328238 0.125169 0.483229 48 26 6
0.328458 0.125939 0.483433 46 25 5
0.325691 0.120749 0.482143 37 18 4
0.326003 0.121474 0.482226 37 18 4
0.326374 0.122434 0.482347 41 21 5
0.326763 0.123376 0.482572 45 25 8
0.327135 0.124320 0.482808 48 27 9
0.324605 0.119827 0.481696 42 22 5
0.324970 0.120631 0.481919 38 18 4
0.325175 0.121627 0.482043 37 17 3
0.325566 0.122508 0.482190 40 20 4
0.323608 0.118921 0.481093 49 27 8
0.323877 0.119749 0.481327 45 25 6
0.324017 0.120817 0.481537 41 20 4
0.324425 0.121485 0.481821 38 18 3
0.322887 0.118920 0.480587 51 29 9
0.322965 0.119979 0.480815 48 27 7
0.323336 0.120665 0.481151 45 24 6
0.321888 0.118338 0.479739 54 32 10
0.322054 0.118994 0.479982 53 31 9
0.322184 0.119919 0.480235 51 29 8
0.321395 0.118363 0.479219 56 33 10
0.321398 0.119265 0.479202 56 33 10
0.321440 0.120135 0.479174 56 33 10
0.320753 0.119602 0.478350 59 35 11
0.320742 0.120258 0.478413 59 35 11
0.320219 0.119602 0.477392 62 38 13
0.320042 0.120342 0.477656 61 37 12
0.319325 0.119621 0.476679 64 40 14
0.319399 0.120412 0.476975 64 39 13
0.318347 0.118958 0.475771 71 47 18
0.318429 0.119795 0.476120 69 44 16
0.318745 0.120453 0.476602 67 42 15
0.317020 0.118002 0.474964 74 52 21
0.317478 0.118972 0.475251 73 49 19
0.317558 0.119882 0.475484 72 47 17
0.316334 0.117464 0.474314 77 55 23
0.316531 0.118034 0.474574 74 52 21
0.316607 0.119235 0.474733 73 50 19
0.317023 0.119951 0.474991 74 50 18
0.315796 0.117580 0.473706 77 56 24
0.315815 0.118247 0.473800 76 55 23
0.315806 0.119242 0.473986 75 53 22
0.315141 0.117716 0.472929 79 59 28
0.315148 0.118359 0.473041 77 57 26
0.315119 0.119362 0.473210 77 56 25
0.314552 0.117830 0.472183 80 61 31
0.314426 0.118556 0.472173 80 61 29
0.314378 0.119461 0.472375 78 58 27
0.313851 0.118751 0.471279 79 62 31
0.313766 0.119748 0.471391 75 57 26
0.313485 0.119045 0.470508 79 62 32
0.313376 0.119820 0.470450 75 58 28
0.313290 0.120699 0.470560 69 52 21
0.313017 0.120044 0.469574 77 61 32
0.312894 0.120947 0.469621 72 56 25
0.312611 0.121727 0.469351 70 55 25
0.312653 0.121126 0.468736 76 62 32
0.312446 0.122058 0.468561 73 58 29
0.312457 0.122304 0.467818 75 61 32
0.312486 0.123303 0.467710 78 63 32
0.312463 0.124131 0.467379 84 68 36
0.312411 0.124491 0.466681 86 70 39
0.312176 0.125136 0.466443 93 76 44
0.312002 0.125599 0.465694 94 78 46
0.311658 0.126181 0.465531 96 79 46
0.311925 0.125877 0.464896 96 80 49
0.311517 0.126505 0.464772 95 79 46
0.311219 0.127047 0.464005 92 76 44
0.310928 0.127551 0.463640 87 71 40
0.310704 0.128080 0.462904 75 59 30
0.310361 0.128565 0.462636 62 46 17
0.309253 0.127736 0.462347 66 49 21
0.309951 0.128471 0.462151 60 44 16
0.310294 0.128527 0.461937 59 43 15
0.308709 0.127831 0.461662 70 53 25
0.309119 0.128355 0.461319 69 52 24
0.308281 0.127797 0.460502 71 54 25
0.308589 0.128300 0.460522 72 54 25
0.308842 0.128797 0.460601 73 56 26
0.308203 0.127753 0.459920 71 54 26
0.307710 0.128250 0.459748 68 50 23
0.307197 0.128766 0.458861 58 41 16
0.306854 0.129430 0.458790 52 35 12
0.306955 0.129048 0.458161 50 34 11
0.306693 0.129612 0.457962 50 34 12
0.306381 0.130056 0.457136 55 39 16
0.306031 0.130597 0.456995 60 44 18
0.306263 0.130206 0.456362 57 42 18
0.305780 0.130866 0.456194 60 45 18
0.305335 0.131400 0.455303 56 42 16
0.304987 0.131857 0.455134 56 41 17
0.305190 0.131564 0.454529 55 41 15
0.304757 0.132045 0.454422 58 44 18
0.304262 0.132578 0.453604 62 48 22
0.304019 0.132806 0.452846 63 51 24
0.303651 0.133301 0.452623 62 50 24
0.303364 0.133848 0.451745 58 47 24
0.303106 0.134567 0.451596 52 42 21
0.302999 0.134874 0.450838 53 42 23
0.302698 0.135572 0.450757 52 41 23
0.302883 0.135215 0.450030 57 48 28
0.302485 0.135792 0.449940 61 52 31
0.302013 0.136190 0.449069 67 59 35
0.301329 0.136327 0.448230 63 55 31
0.301167 0.136960 0.448410 63 53 29
0.300580 0.136562 0.447364 55 46 23
0.300703 0.137234 0.447770 55 46 22
0.299887 0.136716 0.446639 57 48 27
0.299898 0.137151 0.446997 57 46 25
0.299331 0.136839 0.445856 55 45 25
0.298922 0.137393 0.445878 52 40 20
0.298800 0.137078 0.444837 49 39 19
0.298497 0.137524 0.445050 46 35 16
0.298448 0.137232 0.444166 50 41 19
0.298010 0.137735 0.444063 50 40 18
0.297498 0.138210 0.443238 60 48 24
0.297040 0.138539 0.442411 69 56 29
0.296634 0.138922 0.442468 67 54 28
0.296451 0.138695 0.441494 72 58 33
0.296181 0.139018 0.441814 68 55 31
0.295234 0.137761 0.440662 65 55 37
0.295536 0.138545 0.440738 64 53 33
0.295561 0.139155 0.441153 64 51 31
0.333716 0.129181 0.484399 86 55 30
0.334203 0.130033 0.484538 82 53 27
0.334617 0.131068 0.484418 77 49 24
0.334982 0.132114 0.484185 74 46 21
0.335309 0.133077 0.483954 76 49 23
0.335659 0.133979 0.483737 80 52 27
0.335949 0.134947 0.483486 84 58 35
0.336298 0.136030 0.483208 85 60 38
0.336644 0.136975 0.482942 84 61 39
0.336955 0.137727 0.482668 86 63 42
0.338622 0.141101 0.481911 104 82 61
0.338630 0.141599 0.482001 106 86 66
0.331849 0.126451 0.483684 60 34 12
0.332144 0.127377 0.483847 70 42 19
0.332671 0.128322 0.483982 79 50 25
0.333125 0.129173 0.484128 82 53 29
0.336924 0.137950 0.482637 86 64 43
0.337176 0.138996 0.482309 89 67 46
0.337431 0.140099 0.481920 93 72 51
0.337823 0.141190 0.481619 99 78 57
0.338242 0.141931 0.481585 104 84 64
0.338604 0.142803 0.481108 113 96 78
0.330193 0.123845 0.483199 55 31 12
0.330346 0.124585 0.483317 51 28 8
0.330667 0.125547 0.483511 49 27 6
0.331154 0.126405 0.483690 55 31 10
0.331481 0.127328 0.483858 66 38 15
0.337470 0.141637 0.481413 103 85 66
0.337626 0.142381 0.480850 104 85 67
0.337737 0.143037 0.480488 108 91 74
0.338238 0.143685 0.480128 112 96 80
0.328983 0.122827 0.482917 55 31 12
0.329257 0.123769 0.483110 54 31 12
0.329627 0.124650 0.483301 51 28 8
0.329928 0.125442 0.483457 48 26 6
0.336995 0.142795 0.480553 98 78 59
0.337447 0.143341 0.480162 107 89 72
0.337687 0.144229 0.479842 112 97 82
0.337925 0.144925 0.479414 112 96 81
0.327103 0.120147 0.482364 38 20 4
0.327416 0.120895 0.482409 40 20 5
0.327782 0.121880 0.482520 45 24 7
0.328104 0.122815 0.482737 50 28 10
0.328453 0.123682 0.482986 53 30 12
0.325585 0.118266 0.481875 47 26 8
0.325946 0.119108 0.482095 42 22 6
0.326270 0.120094 0.482233 38 19 4
0.326655 0.121069 0.482313 37 18 4
0.327043 0.121971 0.482421 41 21 5
0.324507 0.117504 0.481257 50 28 9
0.324841 0.118213 0.481548 48 27 8
0.325012 0.119239 0.481780 44 23 6
0.325408 0.120071 0.482002 39 19 4
0.323897 0.117492 0.480879 51 29 8
0.323948 0.118386 0.481139 49 28 8
0.324253 0.119028 0.481451 47 26 8
0.322883 0.116809 0.479981 51 29 8
0.323017 0.117586 0.480265 52 29 8
0.323149 0.118307 0.480586 52 29 9
0.322201 0.116781 0.479413 56 32 11
0.322245 0.117722 0.479603 55 32 10
0.322251 0.118440 0.479695 55 32 10
0.321452 0.116819 0.478625 63 39 15
0.321572 0.117875 0.478738 60 36 13
0.321649 0.118676 0.478877 59 35 12
0.320440 0.116256 0.477603 69 45 20
0.320745 0.116984 0.477826 66 42 18
0.320884 0.118103 0.477888 62 38 15
0.320882 0.118882 0.477976 61 36 13
0.320092 0.116368 0.477227 69 45 20
0.320049 0.117053 0.477017 67 43 19
0.320236 0.118176 0.477100 64 40 15
0.320270 0.119035 0.477265 62 38 14
0.319182 0.116492 0.476175 73 52 25
0.319369 0.117243 0.476269 71 49 22
0.319456 0.118332 0.476418 66 43 16
0.319624 0.119002 0.476629 64 40 14
0.317958 0.115833 0.475214 82 64 36
0.318359 0.116501 0.475452 80 60 32
0.318540 0.117463 0.475579 78 56 27
0.318603 0.118394 0.475742 73 50 21
0.317296 0.115787 0.474672 87 69 39
0.317495 0.116625 0.474760 86 66 36
0.317654 0.117740 0.474990 82 60 29
0.318035 0.118301 0.475417 76 53 23
0.315968 0.114735 0.473861 88 69 38
0.316513 0.115840 0.474054 91 72 40
0.316615 0.116872 0.474218 86 65 32
0.316943 0.117599 0.474506 84 62 29
0.315651 0.115002 0.473499 85 66 36
0.315709 0.115845 0.473497 84 64 33
0.315766 0.116962 0.473629 80 59 27
0.315006 0.115095 0.472645 85 69 39
0.315068 0.116002 0.472678 83 65 35
0.315103 0.117141 0.472815 80 61 30
0.314464 0.115312 0.471929 87 71 42
0.314417 0.116180 0.471757 85 68 38
0.314435 0.117331 0.471914 81 64 33
0.313862 0.116477 0.470838 84 69 39
0.313876 0.117437 0.470968 82 66 36
0.313804 0.118214 0.471022 80 63 33
0.313546 0.116710 0.470207 83 69 39
0.313432 0.117505 0.470030 81 66 38
0.313387 0.118535 0.470136 80 64 35
0.313211 0.117842 0.469358 82 68 39
0.313079 0.118645 0.469178 82 68 40
0.312963 0.119543 0.469213 81 66 37
0.312946 0.118913 0.468415 86 73 45
0.312788 0.119756 0.468266 84 71 43
0.312632 0.120686 0.468062 81 68 40
0.312622 0.120885 0.467310 84 72 44
0.312580 0.121855 0.467039 81 68 40
0.312649 0.122958 0.466888 79 65 36
0.312640 0.122095 0.466250 84 71 44
0.312716 0.123002 0.466160 80 67 40
0.312659 0.123949 0.465937 78 64 36
0.312697 0.124244 0.465234 77 63 36
0.312432 0.124974 0.465038 84 70 41
0.312313 0.125457 0.464388 89 75 46
0.312084 0.125985 0.464057 94 80 50
0.311758 0.126610 0.463297 93 79 49
0.311455 0.127078 0.462883 90 76 46
0.311228 0.127499 0.462259 84 71 41
0.310999 0.127944 0.461580 74 61 33
0.310665 0.128306 0.461289 64 51 24
0.309768 0.128248 0.460623 59 44 17
0.310287 0.128375 0.460541 57 43 17
0.309123 0.128090 0.459817 67 52 24
0.309612 0.128433 0.459588 61 47 20
0.308558 0.127914 0.459099 70 54 26
0.309122 0.128423 0.459038 71 56 27
0.307809 0.128243 0.458217 64 48 22
0.307407 0.128644 0.457486 53 38 14
0.307124 0.129030 0.457098 48 33 10
0.306848 0.129436 0.456491 49 34 13
0.306554 0.129892 0.455736 55 40 17
0.306272 0.130312 0.455434 58 43 18
0.305793 0.130819 0.454691 58 44 18
0.305475 0.131198 0.453925 55 41 15
0.305113 0.131563 0.453707 54 41 15
0.304813 0.131868 0.452999 58 44 19
0.304351 0.132362 0.452109 64 52 26
0.303981 0.132851 0.451865 65 54 28
0.304156 0.132602 0.451242 67 56 30
0.303732 0.133143 0.451159 64 54 30
0.303415 0.133671 0.450334 62 54 31
0.303191 0.134314 0.450158 58 50 29
0.303029 0.134671 0.449369 64 56 35
0.302741 0.135320 0.449305 65 58 36
0.302612 0.134977 0.448450 69 63 41
0.302371 0.135468 0.448556 68 62 39
0.302235 0.135095 0.447707 66 60 39
0.301761 0.135570 0.447664 62 56 34
0.301119 0.135728 0.446790 54 48 26
0.300378 0.135906 0.446032 59 53 31
0.299835 0.136184 0.445251 59 52 31
0.299236 0.136510 0.444384 54 46 25
0.298723 0.136879 0.443554 56 47 25
0.298364 0.137240 0.443315 58 49 26
0.298098 0.137537 0.442655 66 56 31
0.297569 0.137971 0.441815 74 63 37
0.296882 0.138281 0.441053 76 63 36
0.295225 0.137772 0.440196 63 53 34
0.296012 0.138236 0.440144 68 55 32
0.295199 0.137411 0.439475 61 50 32
0.295581 0.137870 0.439599 63 50 29
0.335679 0.129763 0.483729 95 62 30
0.333765 0.126948 0.483579 74 47 22
0.334096 0.127857 0.483864 87 56 29
0.334552 0.128661 0.484082 93 60 31
0.335134 0.129580 0.484032 94 61 31
0.335612 0.130616 0.483812 91 58 29
0.335877 0.131700 0.483640 85 54 25
0.336270 0.132604 0.483358 83 52 24
0.336556 0.133674 0.483117 84 55 27
0.336832 0.134607 0.482801 86 58 31
0.337126 0.135618 0.482511 86 59 33
0.337580 0.136566 0.482294 84 57 32
0.338105 0.137411 0.482034 82 55 29
0.338688 0.138439 0.481898 86 59 35
0.338791 0.139476 0.481885 92 66 42
0.339044 0.140506 0.481689 101 77 55
0.338997 0.141353 0.481569 107 86 66
0.331862 0.124195 0.483205 52 29 9
0.332116 0.124971 0.483350 51 28 8
0.332503 0.125896 0.483519 57 33 11
0.333047 0.126833 0.483666 70 43 19
0.333357 0.127827 0.483821 83 53 27
0.337543 0.136809 0.481953 85 58 33
0.337709 0.137614 0.481933 82 56 31
0.337995 0.138609 0.481670 83 57 32
0.338279 0.139606 0.481492 88 62 39
0.338552 0.140744 0.481328 96 72 50
0.338980 0.141596 0.481071 104 83 63
0.339237 0.142591 0.480647 111 91 73
0.339229 0.143330 0.480334 113 95 77
0.330329 0.122237 0.482937 59 34 15
0.330643 0.123219 0.483095 57 32 13
0.331118 0.124091 0.483228 52 29 10
0.331400 0.125029 0.483399 50 27 7
0.331670 0.125765 0.483540 53 30 9
0.337891 0.140943 0.480984 94 71 51
0.338183 0.142221 0.480213 105 85 68
0.338349 0.142705 0.480139 110 91 75
0.338956 0.143669 0.479979 115 97 81
0.339190 0.144252 0.479731 116 100 84
0.328511 0.119439 0.482494 43 23 6
0.328869 0.120347 0.482529 46 25 7
0.329222 0.121327 0.482645 53 30 11
0.329512 0.122252 0.482881 56 32 13
0.329800 0.123180 0.483046 57 32 14
0.338068 0.142659 0.479568 107 88 71
0.338298 0.144049 0.479524 112 96 81
0.338369 0.144609 0.479304 113 98 83
0.326699 0.116745 0.482139 49 28 9
0.327012 0.117496 0.482240 46 26 8
0.327394 0.118538 0.482343 43 24 6
0.327675 0.119553 0.482408 41 22 5
0.328066 0.120527 0.482466 42 22 6
0.328408 0.121416 0.482534 47 26 8
0.325573 0.115916 0.481500 51 29 9
0.325923 0.116643 0.481802 50 28 9
0.326093 0.117684 0.482000 47 26 8
0.326495 0.118629 0.482210 43 23 6
0.324674 0.115179 0.480916 51 28 8
0.324854 0.115827 0.481140 51 28 8
0.324928 0.116919 0.481344 50 28 8
0.325224 0.117628 0.481613 49 28 9
0.323830 0.115066 0.480308 53 31 10
0.323951 0.116090 0.480563 50 28 8
0.324041 0.116903 0.480783 51 29 8
0.322250 0.113273 0.479577 59 37 15
0.322784 0.114178 0.479728 58 36 14
0.323054 0.115213 0.479864 54 32 11
0.323138 0.116285 0.480023 51 29 8
0.323514 0.116886 0.480347 51 29 8
0.320518 0.110767 0.479250 66 45 20
0.320862 0.111360 0.479303 65 43 19
0.321284 0.112309 0.479297 63 42 18
0.321636 0.113224 0.479304 62 40 17
0.321963 0.114325 0.479269 61 38 15
0.322201 0.115462 0.479298 59 36 14
0.322332 0.116222 0.479418 57 33 12
0.319310 0.109451 0.478824 72 50 24
0.319854 0.110466 0.478872 71 49 23
0.320173 0.111501 0.478802 70 48 22
0.320440 0.112493 0.478697 70 47 22
0.320775 0.113437 0.478655 69 46 21
0.321029 0.114519 0.478542 68 45 20
0.321328 0.115641 0.478563 67 43 18
0.321426 0.116219 0.478576 65 41 17
0.318509 0.108939 0.478268 75 54 28
0.318700 0.109539 0.478209 75 53 28
0.319048 0.110612 0.478170 75 53 27
0.319348 0.111741 0.478050 75 52 26
0.319649 0.112652 0.477971 76 52 26
0.320030 0.113675 0.477948 76 53 27
0.320293 0.114736 0.477792 76 51 26
0.320575 0.115830 0.477794 71 47 22
0.317769 0.108988 0.477483 75 54 28
0.317981 0.109763 0.477487 75 53 27
0.318322 0.110759 0.477436 74 52 27
0.318680 0.111910 0.477254 75 53 27
0.319167 0.112788 0.477181 79 56 30
0.319331 0.113675 0.477032 78 56 29
0.319697 0.114987 0.476992 76 53 27
0.319888 0.115987 0.476997 73 49 24
0.319764 0.116549 0.476655 72 49 23
0.317123 0.109125 0.476727 72 53 27
0.317305 0.109870 0.476746 72 52 26
0.317650 0.110934 0.476636 71 51 26
0.317988 0.112052 0.476488 71 52 26
0.318333 0.112989 0.476379 75 55 29
0.318658 0.113974 0.476267 76 56 29
0.318985 0.115049 0.476278 74 54 27
0.319216 0.116105 0.476264 73 52 26
0.316386 0.109260 0.475886 77 61 35
0.316570 0.110027 0.475903 76 59 33
0.316886 0.111165 0.475827 75 58 31
0.317266 0.112208 0.475738 76 59 32
0.317625 0.113141 0.475644 79 62 35
0.317933 0.114037 0.475587 80 62 35
0.318175 0.115237 0.475494 80 61 34
0.318461 0.115946 0.475639 78 59 31
0.315558 0.109216 0.475103 84 70 44
0.315815 0.110149 0.475110 83 68 42
0.316140 0.111314 0.475023 83 67 41
0.316461 0.112360 0.474916 84 67 40
0.316715 0.113242 0.474877 85 68 40
0.317031 0.114357 0.474744 87 71 42
0.317379 0.115266 0.474777 86 69 40
0.314982 0.109445 0.474363 88 76 50
0.315173 0.110323 0.474311 89 75 48
0.315408 0.111393 0.474289 88 73 45
0.315729 0.112562 0.474179 89 73 44
0.316008 0.113543 0.474166 89 72 42
0.316280 0.114531 0.474066 91 74 43
0.316579 0.115198 0.474117 92 74 43
0.314402 0.109748 0.473542 93 81 54
0.314511 0.110463 0.473520 92 79 52
0.314765 0.111543 0.473503 89 76 47
0.315088 0.112682 0.473443 87 73 44
0.315350 0.113696 0.473242 82 67 39
0.315536 0.114514 0.473254 82 66 37
0.314007 0.110621 0.472716 93 82 55
0.314118 0.111710 0.472613 92 79 51
0.314431 0.112850 0.472630 90 76 47
0.314967 0.113768 0.472329 75 63 37
0.315142 0.114550 0.472258 73 61 34
0.313701 0.111018 0.472053 95 83 57
0.313657 0.111802 0.471723 94 81 54
0.313783 0.112845 0.471648 92 79 50
0.314335 0.113845 0.471621 81 69 42
0.314552 0.114788 0.471374 76 64 38
0.314725 0.115663 0.471166 72 60 34
0.313314 0.112249 0.470920 94 81 53
0.313359 0.112985 0.470685 91 79 50
0.313522 0.113959 0.470667 89 76 48
0.313952 0.115022 0.470624 82 70 42
0.314199 0.115850 0.470333 74 64 37
0.314363 0.116520 0.470107 69 60 35
0.313149 0.113361 0.470070 90 78 50
0.313154 0.114094 0.469781 88 76 48
0.313291 0.115031 0.469640 85 73 44
0.313591 0.116104 0.469695 80 68 40
0.313305 0.117005 0.469577 82 69 40
0.313108 0.115222 0.468953 84 74 46
0.313168 0.116257 0.468733 83 73 44
0.313136 0.117330 0.468760 83 71 43
0.313068 0.118189 0.468617 84 72 43
0.313031 0.116620 0.467997 84 74 47
0.313009 0.117378 0.467813 84 73 46
0.312963 0.118387 0.467698 84 74 46
0.312850 0.119301 0.467494 85 74 47
0.313752 0.120594 0.466733 76 64 37
0.312933 0.118572 0.466847 81 73 47
0.312834 0.119467 0.466663 82 73 47
0.312824 0.120442 0.466573 85 74 47
0.313477 0.121018 0.466269 77 66 39
0.312834 0.120571 0.465786 82 73 48
0.312750 0.121575 0.465553 86 76 50
0.312752 0.122671 0.465401 85 73 47
0.312780 0.123412 0.465331 81 69 42
0.312858 0.122699 0.464623 89 78 53
0.312856 0.123715 0.464486 82 70 44
0.312749 0.124540 0.464315 76 63 36
0.312916 0.123859 0.463648 84 73 47
0.312799 0.124823 0.463550 75 64 37
0.312574 0.125557 0.463258 80 68 41
0.312425 0.126069 0.462511 85 74 46
0.312052 0.126616 0.462193 90 78 50
0.312430 0.126319 0.461644 87 76 49
0.311939 0.126947 0.461532 88 77 48
0.311567 0.127541 0.460850 81 69 42
0.311402 0.127871 0.460439 76 65 38
0.311008 0.128304 0.459827 64 52 27
0.309556 0.127920 0.459122 59 47 21
0.310345 0.128455 0.458992 52 39 16
0.309254 0.127900 0.458308 68 54 26
0.309720 0.128353 0.458096 64 51 24
0.308609 0.128050 0.457510 68 53 26
0.308078 0.128337 0.456870 59 44 20
0.308040 0.128662 0.456377 55 40 16
0.307626 0.129072 0.455793 48 33 13
0.307097 0.129466 0.455053 52 38 16
0.307020 0.129785 0.454520 55 42 19
0.306500 0.130194 0.453902 60 47 22
0.305998 0.130737 0.453110 58 45 19
0.305829 0.130918 0.452445 55 41 17
0.305432 0.131266 0.452280 55 41 17
0.304921 0.131759 0.451400 64 51 25
0.304518 0.132170 0.450584 69 57 30
0.304194 0.132571 0.450374 69 58 33
0.303902 0.133026 0.449603 69 60 35
0.303700 0.133449 0.448926 69 61 37
0.303422 0.134011 0.448660 68 61 39
0.303038 0.134481 0.447887 70 64 42
0.302434 0.134818 0.447028 64 58 38
0.302166 0.135091 0.447060 61 56 35
0.301872 0.134912 0.445958 54 49 32
0.301535 0.135249 0.446336 53 48 29
0.301398 0.135030 0.445458 58 54 36
0.301082 0.135334 0.445299 61 56 37
0.300507 0.135616 0.444540 64 60 41
0.299826 0.135973 0.443646 61 55 36
0.299261 0.136311 0.442778 65 58 37
0.299123 0.136516 0.442078 71 65 45
0.298693 0.136985 0.441927 73 65 43
0.298236 0.137359 0.441125 77 68 45
0.297588 0.137703 0.440315 79 67 43
0.296857 0.137768 0.439502 74 61 36
0.295613 0.137003 0.438646 64 50 28
0.296159 0.137509 0.438931 67 53 29
0.294632 0.135300 0.437838 63 53 35
0.294935 0.136017 0.438157 63 51 31
0.295237 0.136548 0.438354 63 51 30
0.335734 0.128290 0.483437 87 56 25
0.335978 0.129158 0.483414 94 62 30
0.336293 0.129893 0.483246 97 64 31
0.333946 0.125381 0.483193 61 37 15
0.334351 0.126377 0.483377 67 41 18
0.334946 0.127283 0.483587 75 46 19
0.335346 0.128123 0.483640 86 55 25
0.335500 0.128937 0.483715 95 62 31
0.336372 0.130521 0.483222 96 63 30
0.336731 0.131128 0.482961 96 63 30
0.337035 0.132213 0.482743 92 60 28
0.337325 0.133167 0.482432 90 59 29
0.337550 0.134150 0.482142 90 60 31
0.337829 0.135213 0.481786 90 61 33
0.338270 0.136287 0.481812 87 58 31
0.338821 0.137190 0.481688 85 56 29
0.339101 0.137935 0.481536 86 58 31
0.339455 0.139050 0.481160 92 64 38
0.339658 0.139954 0.480919 98 72 48
0.331815 0.121878 0.482817 65 38 16
0.332043 0.122674 0.482925 63 37 15
0.332398 0.123595 0.483039 59 34 14
0.333013 0.124489 0.483142 57 34 13
0.333395 0.125392 0.483298 58 35 12
0.333561 0.126212 0.483461 64 39 15
0.338096 0.136463 0.481395 89 61 34
0.338434 0.137271 0.481139 88 60 34
0.338665 0.137986 0.480881 87 59 32
0.339483 0.139587 0.480795 92 64 39
0.339537 0.140298 0.480728 99 72 49
0.339686 0.141108 0.480628 105 83 62
0.339734 0.141868 0.480431 111 92 73
0.329938 0.119031 0.482529 48 27 8
0.330197 0.119812 0.482571 51 29 9
0.330535 0.120754 0.482689 59 34 13
0.331033 0.121693 0.482833 62 36 15
0.331429 0.122727 0.482984 60 34 14
0.331729 0.123421 0.483076 57 33 13
0.328020 0.116047 0.482291 51 29 10
0.328337 0.116889 0.482376 50 28 9
0.328696 0.117964 0.482438 47 26 8
0.329139 0.118946 0.482497 46 25 7
0.329510 0.119940 0.482563 48 27 8
0.329810 0.120758 0.482632 54 31 11
0.326637 0.114298 0.481959 50 28 9
0.326894 0.115109 0.482096 50 28 9
0.327251 0.116125 0.482177 49 28 9
0.327606 0.117073 0.482312 48 27 9
0.327927 0.118006 0.482381 46 25 7
0.325536 0.113721 0.481002 54 32 11
0.325934 0.114339 0.481447 52 29 9
0.325959 0.115362 0.481655 51 28 9
0.326402 0.116044 0.481988 50 28 9
0.324407 0.112805 0.480442 59 37 15
0.324795 0.113548 0.480699 55 32 12
0.324960 0.114632 0.480912 52 29 9
0.325129 0.115261 0.481127 51 29 8
0.322457 0.109852 0.480217 62 41 18
0.322846 0.110695 0.480192 62 40 18
0.323256 0.111624 0.480179 61 39 17
0.323641 0.112602 0.480219 60 37 16
0.323863 0.113722 0.480275 57 35 13
0.324210 0.114648 0.480476 54 31 11
0.320648 0.107230 0.479853 64 45 19
0.320985 0.107942 0.479965 63 44 18
0.321399 0.108797 0.480011 62 42 17
0.321762 0.109801 0.479952 62 41 17
0.322082 0.110898 0.479919 61 40 17
0.322350 0.111920 0.479868 60 38 16
0.322673 0.112871 0.479840 59 37 15
0.323107 0.113738 0.479893 58 36 14
0.320005 0.107148 0.479448 63 45 20
0.320231 0.108015 0.479613 65 46 20
0.320490 0.109048 0.479600 65 45 19
0.320803 0.110104 0.479551 65 44 19
0.321250 0.111093 0.479567 63 41 17
0.321683 0.112041 0.479567 60 39 16
0.318912 0.106530 0.478562 68 51 25
0.319134 0.107187 0.478919 68 50 24
0.319296 0.108314 0.479019 69 49 23
0.319737 0.109182 0.479157 68 48 22
0.320115 0.109968 0.479185 68 47 21
0.318178 0.106487 0.478111 70 54 28
0.318207 0.107435 0.478279 72 54 28
0.318428 0.108378 0.478306 74 54 28
0.317281 0.105902 0.477133 72 58 33
0.317384 0.106504 0.477392 72 57 32
0.317518 0.107674 0.477536 75 56 30
0.317690 0.108491 0.477523 75 55 29
0.316726 0.106021 0.476552 72 59 34
0.316696 0.106679 0.476657 71 57 32
0.316810 0.107795 0.476790 73 56 30
0.317035 0.108617 0.476784 72 54 28
0.316025 0.106093 0.475782 74 63 39
0.315997 0.106819 0.475813 77 64 39
0.316138 0.107962 0.475916 77 62 36
0.316288 0.108729 0.475924 77 61 35
0.315492 0.106280 0.475056 80 71 47
0.315346 0.106912 0.474922 83 73 49
0.315401 0.108106 0.475040 85 72 47
0.315524 0.108780 0.475117 84 71 45
0.314804 0.107190 0.474107 89 81 58
0.314807 0.108172 0.474226 90 80 55
0.314850 0.108990 0.474199 90 79 52
0.314322 0.107438 0.473260 92 84 62
0.314266 0.108255 0.473312 93 84 61
0.314329 0.109248 0.473422 93 83 57
0.313799 0.108348 0.472433 92 84 61
0.313816 0.109416 0.472535 95 85 60
0.313804 0.110214 0.472384 94 83 58
0.314968 0.113542 0.471688 68 60 36
0.313464 0.108658 0.471653 92 83 60
0.313367 0.109458 0.471457 94 84 59
0.313461 0.110522 0.471526 95 84 58
0.313431 0.111374 0.471283 95 83 56
0.314665 0.113764 0.471153 71 62 38
0.314737 0.114425 0.470850 67 60 36
0.313091 0.109765 0.470620 95 85 60
0.313037 0.110562 0.470434 96 85 59
0.313147 0.111672 0.470515 94 82 55
0.313160 0.112584 0.470297 91 79 52
0.314411 0.114716 0.470401 69 62 38
0.314268 0.115329 0.469973 70 63 38
0.312798 0.110832 0.469667 95 85 59
0.312772 0.111731 0.469511 93 83 56
0.312892 0.112884 0.469564 91 80 52
0.312944 0.113722 0.469372 89 78 49
0.314131 0.115866 0.469506 71 64 39
0.312584 0.112008 0.468755 94 85 59
0.312599 0.112835 0.468539 93 83 56
0.312731 0.113909 0.468533 90 79 52
0.312902 0.114932 0.468462 86 76 49
0.312997 0.115791 0.468248 85 75 48
0.312459 0.113183 0.467865 93 84 59
0.312542 0.113945 0.467639 91 82 57
0.312709 0.114910 0.467474 88 79 54
0.312844 0.116004 0.467346 85 76 51
0.313086 0.117127 0.467044 80 72 47
0.313645 0.117965 0.466699 71 63 38
0.313933 0.118988 0.466659 69 60 34
0.314106 0.119742 0.466530 69 60 33
0.312717 0.116151 0.466472 87 79 56
0.312781 0.117154 0.466203 85 77 53
0.313044 0.118122 0.466147 80 72 47
0.313331 0.119044 0.465948 75 67 43
0.313819 0.120039 0.465921 70 61 36
0.314027 0.120735 0.465641 69 60 34
0.312801 0.118155 0.465395 82 75 51
0.312966 0.119236 0.465226 79 71 47
0.313151 0.120114 0.464983 77 69 45
0.313589 0.121008 0.464788 73 65 41
0.314032 0.121568 0.464487 68 60 36
0.313153 0.121411 0.464232 81 73 50
0.313066 0.122299 0.463812 90 81 57
0.312941 0.123156 0.463734 90 80 55
0.313173 0.122602 0.463134 94 85 63
0.313099 0.123413 0.463054 92 82 58
0.313058 0.124325 0.462699 81 71 47
0.312952 0.125142 0.462566 71 60 34
0.313143 0.124592 0.462119 79 69 45
0.312987 0.125466 0.461802 71 61 35
0.312824 0.126008 0.461100 75 65 40
0.312587 0.126512 0.460745 85 75 49
0.312306 0.127104 0.460115 87 76 50
0.312157 0.127486 0.459652 83 72 46
0.311842 0.127982 0.459109 78 67 41
0.311082 0.128501 0.458364 57 45 23
0.311325 0.128600 0.457931 57 46 24
0.309699 0.127861 0.457622 66 54 26
0.310293 0.128423 0.457409 57 46 22
0.310803 0.128688 0.457090 51 40 19
0.309291 0.127903 0.456902 67 54 27
0.309771 0.128168 0.456634 68 56 28
0.308919 0.128291 0.455864 60 47 22
0.308367 0.128841 0.455041 49 35 14
0.307764 0.129091 0.454337 51 37 17
0.307881 0.129382 0.454027 51 37 16
0.307232 0.129444 0.453754 60 46 23
0.307235 0.129724 0.453246 62 48 24
0.306713 0.130182 0.452418 63 50 25
0.306394 0.130520 0.451841 59 46 22
0.306098 0.130794 0.451456 57 43 20
0.305632 0.131211 0.450738 62 48 23
0.305069 0.131732 0.449850 70 58 30
0.304873 0.132044 0.449440 72 61 33
0.304979 0.131843 0.449032 73 62 34
0.304583 0.132330 0.448926 73 63 36
0.304177 0.132981 0.448125 73 64 39
0.303898 0.133480 0.447828 72 65 41
0.303728 0.133801 0.447190 72 66 43
0.303131 0.134286 0.446379 69 63 43
0.302355 0.134557 0.445433 55 52 35
0.301953 0.134730 0.444959 56 53 37
0.301738 0.134910 0.444644 59 57 40
0.301236 0.135083 0.443863 66 64 48
0.300593 0.135429 0.443004 65 63 47
0.299972 0.135801 0.442112 67 64 46
0.299653 0.136193 0.441481 73 69 51
0.299366 0.136480 0.441128 76 71 52
0.298906 0.136874 0.440434 78 72 51
0.298344 0.137243 0.439533 82 72 49
0.297597 0.137279 0.438705 81 68 44
0.296193 0.135808 0.437559 82 65 37
0.296405 0.136494 0.438011 77 60 33
0.296955 0.137015 0.438328 78 62 36
0.294767 0.134873 0.437397 69 58 36
0.295404 0.135581 0.437476 74 60 35
0.295711 0.136254 0.437965 71 55 30
0.294275 0.133889 0.436747 73 64 44
0.294643 0.134621 0.436975 72 61 40
0.295143 0.135152 0.436808 77 64 40
0.336014 0.127096 0.482989 70 42 17
0.336267 0.127820 0.482938 78 49 21
0.336635 0.128760 0.482762 89 58 27
0.336757 0.129496 0.482771 97 65 32
0.333923 0.123137 0.482718 81 54 30
0.334178 0.124027 0.482830 75 49 27
0.334649 0.124945 0.482936 69 44 23
0.335212 0.125868 0.483068 63 38 16
0.335696 0.126693 0.483084 65 38 14
0.337079 0.129871 0.482469 98 65 32
0.337352 0.130806 0.482326 100 67 33
0.337762 0.131816 0.482021 98 65 31
0.337976 0.132702 0.481844 97 63 30
0.338325 0.133711 0.481462 97 63 32
0.338493 0.134814 0.481092 97 64 34
0.338707 0.135721 0.481015 95 64 36
0.339454 0.136676 0.480950 91 61 34
0.339909 0.137639 0.480845 89 60 32
0.340005 0.138681 0.480454 92 64 37
0.340016 0.139423 0.480579 98 71 47
0.331681 0.119455 0.482497 60 33 12
0.331916 0.120210 0.482571 65 37 14
0.332289 0.121231 0.482681 70 41 18
0.332867 0.122217 0.482753 73 45 21
0.333352 0.123099 0.482823 73 47 24
0.333604 0.123953 0.482942 68 43 22
0.336345 0.130175 0.481044 136 93 50
0.336443 0.130582 0.481080 137 94 51
0.338829 0.135881 0.480653 97 66 37
0.339039 0.136819 0.480433 95 65 38
0.339244 0.137687 0.480150 93 64 38
0.339840 0.138548 0.479819 94 66 40
0.329363 0.115500 0.482410 56 32 11
0.329645 0.116399 0.482436 55 31 10
0.330052 0.117408 0.482457 53 29 9
0.330464 0.118440 0.482488 51 28 9
0.330960 0.119357 0.482528 55 30 10
0.331314 0.120307 0.482615 62 35 13
0.331528 0.121052 0.482715 65 38 16
0.327542 0.112819 0.482164 53 29 9
0.327882 0.113680 0.482238 53 30 10
0.328230 0.114645 0.482291 54 30 11
0.328631 0.115558 0.482335 53 30 11
0.328989 0.116551 0.482394 52 29 10
0.329385 0.117578 0.482462 50 28 9
0.326444 0.111799 0.481804 48 26 7
0.326775 0.112826 0.481987 50 28 8
0.327093 0.113857 0.482114 51 28 9
0.327500 0.114823 0.482217 51 29 10
0.325859 0.111180 0.481353 51 29 9
0.325822 0.111937 0.481148 54 32 12
0.325899 0.113011 0.481260 53 30 10
0.325962 0.113801 0.481241 54 31 11
0.323322 0.108130 0.480540 62 41 17
0.323774 0.109161 0.480535 62 40 17
0.324209 0.110173 0.480542 62 40 17
0.324605 0.111139 0.480544 63 40 18
0.324808 0.112154 0.480590 60 38 16
0.325184 0.112954 0.480812 55 33 13
0.321683 0.105735 0.480138 64 44 19
0.321938 0.106441 0.480291 63 43 18
0.322336 0.107335 0.480394 63 43 18
0.322625 0.108316 0.480361 62 41 17
0.322953 0.109365 0.480347 61 40 17
0.323392 0.110411 0.480332 62 40 17
0.323765 0.111316 0.480327 62 40 17
0.324065 0.112048 0.480369 61 39 17
0.321005 0.105757 0.479760 63 45 20
0.321107 0.106579 0.479983 62 43 18
0.321434 0.107538 0.480118 63 43 18
0.321863 0.108458 0.480170 63 42 17
0.319983 0.105073 0.478751 64 48 24
0.320176 0.105740 0.479226 65 47 22
0.320257 0.106617 0.479464 63 45 20
0.319205 0.105102 0.478287 65 51 25
0.319281 0.105879 0.478657 66 50 25
0.318049 0.104203 0.477390 69 58 33
0.318322 0.105058 0.477669 68 56 30
0.318325 0.105854 0.477968 69 54 28
0.317433 0.104167 0.476928 71 60 36
0.317489 0.105188 0.477100 71 59 34
0.317808 0.106023 0.477333 69 56 31
0.316706 0.104334 0.476204 72 62 38
0.316733 0.105378 0.476430 72 60 35
0.316037 0.104435 0.475351 76 67 45
0.316003 0.105402 0.475566 75 65 41
0.315345 0.104622 0.474488 81 74 53
0.315314 0.105685 0.474650 82 74 52
0.314864 0.104860 0.473732 84 78 58
0.314809 0.105775 0.473767 85 79 59
0.314728 0.106635 0.473806 88 81 60
0.314367 0.105914 0.472870 86 80 60
0.314266 0.106871 0.472965 89 82 62
0.313853 0.106229 0.471964 86 79 59
0.313817 0.107132 0.472093 89 81 61
0.313658 0.107840 0.472012 90 82 61
0.313569 0.106424 0.471278 87 80 60
0.313424 0.107197 0.471108 90 82 61
0.313325 0.108169 0.471138 92 83 61
0.313194 0.108941 0.470920 94 85 61
0.313136 0.107474 0.470319 93 86 65
0.313015 0.108288 0.470119 94 87 65
0.312948 0.109285 0.470166 95 86 63
0.312889 0.110058 0.469930 96 86 62
0.312783 0.108531 0.469322 97 89 68
0.312703 0.109377 0.469200 97 89 66
0.312675 0.110377 0.469232 96 87 63
0.312585 0.111136 0.468946 95 86 61
0.312505 0.109642 0.468462 99 91 69
0.312462 0.110486 0.468255 98 90 67
0.312451 0.111522 0.468242 96 87 63
0.312399 0.112417 0.467974 94 85 61
0.312365 0.110841 0.467522 100 93 71
0.312278 0.111669 0.467295 99 91 69
0.312320 0.112708 0.467154 97 89 66
0.312422 0.113705 0.466983 95 87 63
0.312580 0.114705 0.466779 92 84 61
0.313455 0.116862 0.466448 75 67 43
0.312266 0.112814 0.466320 102 95 74
0.312394 0.113743 0.466142 100 93 72
0.312536 0.114732 0.465987 96 89 67
0.312616 0.115784 0.465839 92 85 63
0.313200 0.116922 0.465591 84 77 54
0.313244 0.117695 0.465498 82 75 52
0.314274 0.119946 0.465255 68 59 35
0.314480 0.120566 0.464960 68 59 35
0.312514 0.115002 0.465147 98 92 72
0.312574 0.115848 0.465025 95 89 68
0.312802 0.116906 0.464844 91 84 63
0.312979 0.117815 0.464716 88 81 59
0.313155 0.118840 0.464569 84 77 54
0.313450 0.119859 0.464410 78 71 48
0.314185 0.120845 0.464208 70 62 38
0.314236 0.121557 0.463985 69 61 38
0.312885 0.117934 0.463900 92 85 64
0.313412 0.120160 0.463764 82 75 52
0.313595 0.120946 0.463431 79 72 50
0.313998 0.121663 0.463241 74 67 44
0.313498 0.122091 0.462597 88 81 59
0.313408 0.122992 0.462164 95 87 66
0.313289 0.123806 0.462110 92 83 60
0.313497 0.123350 0.461655 95 88 66
0.313456 0.124109 0.461475 89 81 58
0.313462 0.125007 0.460997 76 67 44
0.313341 0.125554 0.460422 69 61 37
0.313161 0.126081 0.460005 76 67 43
0.313027 0.126592 0.459460 82 73 49
0.312814 0.127066 0.459063 85 76 51
0.312546 0.127595 0.458446 82 73 49
0.312296 0.127982 0.457822 80 70 44
0.311925 0.128353 0.457392 70 60 35
0.311359 0.128639 0.456585 53 43 21
0.310301 0.128220 0.455987 66 55 29
0.310839 0.128617 0.455907 63 52 26
0.309806 0.128139 0.455193 63 51 25
0.309158 0.128539 0.454350 53 41 17
0.308424 0.128883 0.453647 54 42 19
0.308441 0.128988 0.453399 56 43 20
0.307932 0.129003 0.453145 63 49 25
0.307847 0.129155 0.452619 66 53 28
0.307342 0.129675 0.451854 67 54 28
0.306900 0.130089 0.451038 61 48 23
0.306614 0.130427 0.450726 58 45 21
0.306295 0.130732 0.449963 62 49 23
0.305705 0.131265 0.449142 72 58 30
0.305274 0.131809 0.449041 74 61 32
0.305347 0.131600 0.448600 75 63 33
0.305150 0.131871 0.448263 76 64 35
0.304704 0.132414 0.447435 76 66 39
0.304421 0.132844 0.446826 76 67 41
0.304205 0.133316 0.446466 75 67 43
0.303830 0.133817 0.445672 73 67 46
0.303194 0.134120 0.444812 64 61 43
0.302666 0.134297 0.444187 56 54 39
0.302343 0.134511 0.443828 58 56 42
0.301935 0.134697 0.443226 65 64 50
0.301306 0.135027 0.442343 66 67 53
0.300644 0.135493 0.441376 68 67 52
0.300259 0.135917 0.440955 72 70 55
0.300113 0.136096 0.440447 74 72 56
0.299619 0.136489 0.439738 78 74 56
0.299037 0.136860 0.438898 85 78 58
0.298213 0.136839 0.438080 89 79 55
0.296611 0.135574 0.437262 89 71 44
0.297195 0.136051 0.437510 90 74 47
0.297649 0.136599 0.437802 89 75 49
0.296003 0.135172 0.436842 86 70 44
0.294288 0.133596 0.436451 75 66 45
0.294906 0.134442 0.436271 79 68 45
0.295441 0.134997 0.436498 82 69 44
0.293493 0.131828 0.435600 76 71 54
0.293683 0.132580 0.435506 75 70 52
0.294065 0.133485 0.435560 77 70 50
0.294383 0.133973 0.435557 79 71 50
0.336447 0.126676 0.482525 71 43 21
0.336768 0.127419 0.482393 76 47 23
0.336957 0.128341 0.482386 83 53 25
0.333837 0.120798 0.482374 85 51 25
0.334097 0.121704 0.482432 89 56 30
0.334467 0.122649 0.482500 91 60 34
0.335018 0.123559 0.482543 90 61 36
0.335470 0.124450 0.482606 83 56 33
0.336117 0.125453 0.482490 76 48 26
0.336617 0.126244 0.482238 76 47 25
0.337097 0.127403 0.482019 80 51 27
0.337255 0.128385 0.482027 84 54 27
0.337602 0.129405 0.481809 93 61 31
0.338047 0.130432 0.481513 99 66 33
0.338328 0.131408 0.481287 101 67 33
0.338613 0.132422 0.481017 99 65 31
0.338871 0.133305 0.480716 99 64 30
0.339040 0.134323 0.480431 99 65 32
0.339779 0.135600 0.480212 100 67 37
0.340093 0.136258 0.480305 96 65 37
0.340535 0.137279 0.480169 92 63 36
0.340576 0.138108 0.479832 93 65 37
0.330884 0.115134 0.482389 64 37 15
0.331071 0.115898 0.482369 63 36 13
0.331446 0.116893 0.482355 61 34 11
0.331809 0.117946 0.482358 59 32 10
0.332180 0.118868 0.482383 62 34 12
0.332713 0.119763 0.482426 70 40 15
0.333228 0.120729 0.482483 78 46 21
0.333570 0.121805 0.482576 83 52 26
0.336290 0.128044 0.480356 113 73 38
0.336708 0.129886 0.480548 131 88 46
0.336991 0.130691 0.480331 141 97 52
0.337288 0.131543 0.480055 144 99 53
0.337539 0.132142 0.479761 140 96 51
0.339312 0.134615 0.480009 101 67 34
0.339408 0.135468 0.480001 101 68 37
0.339731 0.136494 0.479697 100 68 39
0.339848 0.137331 0.479481 97 67 40
0.340723 0.138455 0.479413 95 68 41
0.340901 0.139114 0.478908 97 70 44
0.328860 0.112249 0.482272 58 33 10
0.329206 0.113159 0.482317 58 33 11
0.329559 0.114121 0.482358 59 33 12
0.329984 0.115047 0.482407 59 33 12
0.330421 0.115997 0.482412 59 33 12
0.330826 0.116988 0.482424 57 32 10
0.331192 0.118040 0.482419 55 31 10
0.331501 0.118701 0.482447 57 31 10
0.337348 0.131582 0.479718 147 102 55
0.337628 0.132319 0.479463 142 97 51
0.327123 0.109524 0.481878 54 30 9
0.327349 0.110291 0.481946 54 30 9
0.327733 0.111255 0.482073 55 30 9
0.328067 0.112251 0.482207 55 31 9
0.328532 0.113308 0.482291 56 31 10
0.328877 0.114316 0.482316 56 32 11
0.338718 0.136886 0.477757 147 103 55
0.338806 0.137431 0.477714 144 100 53
0.338941 0.138073 0.477166 145 100 53
0.326560 0.109678 0.481422 54 31 10
0.326604 0.110500 0.481482 53 30 10
0.326934 0.111399 0.481943 51 28 8
0.324512 0.106907 0.480647 61 40 16
0.324731 0.107663 0.480704 60 39 15
0.325137 0.108659 0.480744 60 38 15
0.325547 0.109668 0.480770 61 38 16
0.326038 0.110622 0.480911 60 36 15
0.326108 0.111383 0.480997 58 35 13
0.322991 0.105119 0.480359 64 45 20
0.323247 0.105866 0.480526 63 43 18
0.323598 0.106832 0.480600 62 41 17
0.323980 0.107787 0.480619 61 40 16
0.324379 0.108810 0.480645 61 39 16
0.324794 0.109868 0.480645 62 40 17
0.325118 0.110635 0.480635 64 41 18
0.322022 0.104324 0.479682 65 47 22
0.322200 0.105093 0.480057 64 45 19
0.322446 0.105996 0.480364 63 44 18
0.322783 0.106732 0.480516 64 43 19
0.321328 0.104372 0.479281 65 48 23
0.321297 0.105109 0.479600 64 46 21
0.320133 0.103626 0.478277 59 47 23
0.320427 0.104366 0.478759 63 47 23
0.320578 0.105070 0.479158 64 47 22
0.319441 0.103490 0.477801 57 45 23
0.319538 0.104356 0.478166 62 49 25
0.317559 0.099619 0.477755 46 36 20
0.317730 0.100675 0.477345 51 41 23
0.317863 0.101782 0.477004 55 46 27
0.318060 0.102783 0.477113 58 48 28
0.318534 0.103684 0.477163 58 48 27
0.318682 0.104397 0.477494 63 52 28
0.317487 0.101924 0.476571 65 55 34
0.317638 0.102833 0.476663 64 55 34
0.317964 0.103643 0.476707 61 52 31
0.316856 0.102214 0.475718 78 69 47
0.316837 0.102979 0.475878 74 65 43
0.316795 0.103701 0.476073 71 62 40
0.316159 0.102332 0.474846 82 74 54
0.316117 0.103086 0.475002 79 71 50
0.316036 0.103862 0.475181 76 68 46
0.315690 0.102467 0.474194 83 76 56
0.315456 0.103264 0.474150 82 76 56
0.315330 0.104087 0.474293 82 75 55
0.315028 0.103506 0.473297 83 78 58
0.314848 0.104291 0.473369 84 78 59
0.314672 0.103734 0.472524 82 77 57
0.314449 0.104497 0.472493 84 78 58
0.314303 0.105295 0.472477 84 78 59
0.314064 0.104698 0.471569 84 77 57
0.313903 0.105507 0.471673 84 78 58
0.313787 0.104929 0.470865 85 78 58
0.313524 0.105826 0.470690 88 81 61
0.313336 0.106751 0.470592 90 83 63
0.313239 0.106091 0.469751 94 88 69
0.313083 0.106951 0.469706 95 89 70
0.312961 0.107794 0.469622 96 90 70
0.312859 0.107154 0.468814 99 93 74
0.312702 0.108051 0.468792 98 92 72
0.312589 0.108917 0.468640 99 92 70
0.312627 0.107378 0.468033 99 94 75
0.312496 0.108216 0.467866 98 92 73
0.312403 0.109179 0.467891 99 92 71
0.312350 0.110015 0.467727 99 92 71
0.312256 0.109290 0.466972 100 95 75
0.312216 0.110245 0.466842 102 96 76
0.312197 0.111259 0.466690 103 96 76
0.312111 0.110439 0.465977 106 100 81
0.312116 0.111396 0.465802 104 98 79
0.312215 0.112444 0.465668 103 97 78
0.312366 0.113461 0.465464 103 96 77
0.312481 0.114372 0.465319 100 94 74
0.313403 0.116313 0.464893 84 77 56
0.312190 0.112532 0.464859 105 99 80
0.312319 0.113504 0.464675 103 98 79
0.312453 0.114473 0.464552 100 94 75
0.312776 0.115631 0.464323 96 90 70
0.313149 0.116491 0.464232 91 84 64
0.313338 0.117367 0.464291 85 79 57
0.314262 0.119718 0.463557 75 67 44
0.314503 0.120507 0.463460 74 66 43
0.312524 0.114642 0.463709 102 96 77
0.312670 0.115621 0.463622 100 94 75
0.312894 0.116629 0.463457 97 92 71
0.313104 0.117561 0.463386 95 89 68
0.313218 0.118155 0.463476 93 87 66
0.314487 0.120598 0.462818 76 68 46
0.314480 0.121598 0.462544 75 68 46
0.314468 0.122252 0.462305 74 68 45
0.314028 0.121747 0.461769 85 79 58
0.314231 0.122305 0.461589 85 79 57
0.313922 0.122872 0.461009 96 89 69
0.313921 0.123758 0.460570 93 85 64
0.313909 0.124521 0.460292 86 78 57
0.313965 0.125029 0.459809 79 71 49
0.313827 0.125655 0.459311 75 67 45
0.313660 0.126207 0.458785 79 72 48
0.313437 0.126663 0.458359 82 75 52
0.313189 0.127155 0.457794 83 76 52
0.312891 0.127583 0.457029 82 74 50
0.312496 0.127918 0.456652 77 68 44
0.312013 0.128238 0.455906 61 52 28
0.310698 0.128236 0.455193 68 57 31
0.311387 0.128421 0.455189 61 50 26
0.310313 0.128220 0.454521 64 53 28
0.310814 0.128372 0.454418 68 56 31
0.309751 0.128342 0.453891 57 46 21
0.310104 0.128375 0.453507 59 47 24
0.309243 0.128546 0.453499 55 44 19
0.309188 0.128612 0.452794 63 51 26
0.308606 0.128819 0.451986 71 58 32
0.307982 0.129295 0.451135 69 57 30
0.307565 0.129733 0.450358 63 50 23
0.307296 0.130004 0.449959 60 47 22
0.306921 0.130302 0.449395 65 52 26
0.306351 0.130856 0.448453 75 61 31
0.305925 0.131275 0.448116 77 63 33
0.305898 0.131438 0.447609 78 65 34
0.305338 0.131936 0.446810 79 67 37
0.304937 0.132347 0.446100 78 68 41
0.304643 0.132826 0.445702 77 69 44
0.304429 0.133349 0.444982 77 70 48
0.304394 0.133743 0.444423 78 72 51
0.303584 0.133905 0.444202 70 67 50
0.304041 0.133978 0.443901 76 71 53
0.303166 0.134007 0.443675 63 61 46
0.303350 0.134025 0.443138 67 65 50
0.302640 0.134349 0.442499 67 67 53
0.301966 0.134731 0.441685 69 70 57
0.301412 0.135216 0.440760 67 67 54
0.301476 0.135388 0.440136 68 68 55
0.300792 0.135664 0.440501 71 70 56
0.300917 0.135783 0.439878 71 71 57
0.300404 0.136258 0.439062 78 78 63
0.299730 0.136498 0.438229 88 86 67
0.298649 0.135818 0.436908 105 94 72
0.298834 0.136368 0.437425 97 89 67
0.297254 0.135202 0.436544 99 84 60
0.297832 0.135632 0.436823 101 87 63
0.296355 0.134334 0.435891 99 86 62
0.296806 0.134754 0.436247 99 84 60
0.295822 0.134199 0.435489 96 84 62
0.296505 0.134430 0.435506 103 91 69
0.293450 0.131649 0.435073 76 73 57
0.293602 0.132314 0.434971 77 72 56
0.294412 0.133409 0.434802 83 76 57
0.294975 0.133924 0.434930 88 79 59
0.293397 0.131625 0.434695 76 73 57
0.293558 0.132348 0.434264 77 74 58
0.294172 0.133042 0.434302 83 77 59
0.293274 0.132152 0.433505 76 74 60
0.333368 0.117204 0.482079 85 53 26
0.333735 0.118252 0.482063 85 52 25
0.334041 0.119238 0.482092 85 51 23
0.334406 0.120271 0.482131 90 55 27
0.334954 0.121275 0.482128 100 64 35
0.335442 0.122164 0.482140 103 68 39
0.335910 0.123074 0.482087 103 68 39
0.336421 0.124021 0.481931 100 67 40
0.336770 0.125100 0.481832 93 61 37
0.337196 0.126115 0.481570 88 57 33
0.337520 0.127025 0.481244 89 57 31
0.337730 0.128012 0.480989 92 59 32
0.338119 0.129047 0.480842 99 65 36
0.338527 0.130055 0.480582 106 72 39
0.338834 0.131001 0.480382 108 74 40
0.339143 0.131980 0.480138 106 72 38
0.339384 0.132983 0.479926 105 70 36
0.339358 0.133835 0.479938 103 68 34
0.340600 0.135280 0.479363 105 71 40
0.340774 0.135896 0.479536 101 69 40
0.341171 0.136880 0.479326 99 68 41
0.341258 0.137627 0.479094 98 68 41
0.330424 0.111891 0.482211 61 33 11
0.330661 0.112590 0.482228 64 35 12
0.330981 0.113541 0.482262 69 39 16
0.331314 0.114530 0.482296 71 41 18
0.331761 0.115425 0.482278 72 42 18
0.332270 0.116419 0.482224 72 42 18
0.332763 0.117430 0.482190 73 42 18
0.333092 0.118395 0.482211 73 42 17
0.333444 0.119350 0.482253 76 44 18
0.336225 0.126520 0.480045 128 86 48
0.336440 0.127256 0.480044 111 71 37
0.336864 0.128190 0.479850 109 69 35
0.337265 0.129236 0.479748 121 79 40
0.337487 0.130197 0.479610 136 92 50
0.337811 0.131247 0.479453 138 94 51
0.338478 0.132306 0.479157 124 84 44
0.339299 0.132923 0.479089 113 76 39
0.339682 0.134046 0.479398 107 72 37
0.339955 0.135117 0.478970 109 74 40
0.340428 0.136082 0.478931 104 72 42
0.340521 0.136822 0.478550 104 72 43
0.341342 0.138056 0.478698 100 71 44
0.341297 0.138837 0.478355 101 73 47
0.328484 0.108903 0.481968 61 35 13
0.328761 0.109733 0.482071 61 34 12
0.329088 0.110706 0.482164 59 33 11
0.329548 0.111715 0.482232 59 33 10
0.329952 0.112752 0.482294 60 33 11
0.330294 0.113740 0.482329 62 34 12
0.330602 0.114573 0.482368 63 36 14
0.336381 0.126544 0.479660 134 91 52
0.336565 0.127159 0.479578 119 77 41
0.336814 0.127674 0.479438 107 66 33
0.337272 0.129120 0.479212 126 82 42
0.337618 0.130265 0.479119 144 98 53
0.337796 0.131275 0.479089 147 102 55
0.338113 0.132182 0.478872 139 94 50
0.338549 0.133017 0.478567 128 85 42
0.338988 0.134139 0.478226 124 82 41
0.339308 0.135165 0.478060 127 86 45
0.339680 0.135964 0.477930 121 82 43
0.340275 0.136953 0.477615 115 80 45
0.340590 0.137512 0.477835 106 75 47
0.327420 0.108121 0.481615 57 33 11
0.327674 0.108913 0.481858 57 32 10
0.327961 0.109881 0.482018 58 32 10
0.328321 0.110825 0.482127 58 32 11
0.339044 0.135375 0.477412 146 100 55
0.339117 0.136340 0.477332 147 102 55
0.339280 0.137263 0.477085 146 101 54
0.339505 0.138070 0.476690 141 97 51
0.325907 0.106359 0.480775 59 37 13
0.326278 0.107072 0.480851 59 35 12
0.326730 0.108015 0.481115 58 34 11
0.326711 0.109084 0.481349 56 32 11
0.339462 0.138614 0.476180 139 95 47
0.339560 0.138966 0.475876 133 90 43
0.324329 0.104440 0.480517 68 47 21
0.324647 0.105318 0.480657 64 43 18
0.325065 0.106264 0.480711 61 39 15
0.325450 0.107213 0.480757 59 37 14
0.325799 0.108226 0.480820 60 37 14
0.326199 0.109263 0.480892 61 37 15
0.323338 0.103604 0.480015 71 51 25
0.323501 0.104497 0.480332 67 47 22
0.323860 0.105498 0.480593 63 43 18
0.324279 0.106440 0.480634 61 40 16
0.322378 0.102745 0.479340 69 51 24
0.322492 0.103632 0.479671 68 49 23
0.322611 0.104474 0.480014 66 47 21
0.321563 0.102792 0.478809 63 48 23
0.321563 0.103644 0.479144 65 48 23
0.318880 0.098044 0.478549 37 28 13
0.319169 0.098911 0.478454 38 29 12
0.319569 0.099804 0.478173 39 30 12
0.319806 0.100520 0.477910 38 30 13
0.320559 0.102092 0.478010 49 38 17
0.320678 0.102918 0.478309 57 45 21
0.320828 0.103625 0.478689 62 48 24
0.318080 0.097546 0.478204 31 22 11
0.318069 0.098149 0.478130 39 28 14
0.318229 0.099190 0.478218 42 31 15
0.318792 0.100183 0.477978 40 30 14
0.319266 0.101089 0.477644 38 30 13
0.319656 0.102115 0.477522 43 34 15
0.319769 0.102922 0.477858 52 41 20
0.317601 0.098375 0.477274 62 51 34
0.317535 0.099303 0.477382 59 46 28
0.317798 0.100480 0.477408 50 40 23
0.318289 0.101472 0.477208 48 38 22
0.318744 0.102392 0.476967 46 37 20
0.318896 0.103058 0.476942 49 40 21
0.317258 0.098604 0.476542 83 71 51
0.317116 0.099363 0.476413 79 67 45
0.317139 0.100520 0.476430 69 58 37
0.317401 0.101453 0.476425 64 55 34
0.318101 0.102354 0.476644 52 44 26
0.316803 0.099622 0.475661 83 73 52
0.316844 0.100549 0.475416 80 71 51
0.316888 0.101594 0.475539 78 70 49
0.316497 0.100915 0.474414 82 76 56
0.316317 0.101704 0.474604 82 75 55
0.316053 0.101108 0.473658 84 79 59
0.315761 0.101896 0.473674 83 78 58
0.315359 0.102687 0.473612 84 78 58
0.315283 0.102101 0.472766 84 78 58
0.315061 0.102907 0.472914 83 78 58
0.314902 0.102316 0.471906 84 78 58
0.314680 0.103130 0.471983 83 77 57
0.314404 0.103940 0.471875 82 76 57
0.314362 0.103276 0.471034 85 78 57
0.314139 0.104093 0.471147 84 77 57
0.314096 0.103566 0.470247 87 80 60
0.313813 0.104383 0.470163 87 81 61
0.313518 0.105201 0.470084 90 84 64
0.313474 0.104620 0.469156 93 87 68
0.313260 0.105492 0.469243 95 89 71
0.313080 0.106312 0.469087 97 92 73
0.312977 0.105692 0.468308 96 92 73
0.312804 0.106683 0.468351 98 93 74
0.312739 0.105978 0.467466 94 90 71
0.312595 0.106829 0.467398 96 91 73
0.312438 0.107739 0.467376 96 91 73
0.312447 0.107019 0.466541 100 96 78
0.312306 0.107931 0.466419 101 97 79
0.312219 0.108934 0.466348 103 98 80
0.312143 0.109650 0.466132 107 101 83
0.312203 0.108181 0.465566 104 100 82
0.312137 0.109002 0.465381 104 100 82
0.312113 0.110017 0.465342 105 100 82
0.312103 0.110973 0.465149 104 99 81
0.312088 0.110070 0.464456 103 98 80
0.312123 0.111150 0.464303 104 99 81
0.312223 0.112206 0.464209 105 100 81
0.312337 0.113189 0.464003 103 98 80
0.312432 0.114028 0.463832 103 98 79
0.313249 0.115662 0.463703 94 89 70
0.313400 0.115907 0.463616 92 86 67
0.312261 0.112220 0.463306 106 102 84
0.312382 0.113217 0.463186 105 101 83
0.312538 0.114197 0.463003 104 99 81
0.312789 0.115333 0.462834 101 96 78
0.313243 0.116251 0.462676 96 92 73
0.313502 0.116802 0.462348 93 88 69
0.314683 0.120409 0.461773 78 71 50
0.314710 0.121019 0.461903 78 71 49
0.312685 0.114503 0.462215 102 98 81
0.312819 0.115161 0.462050 100 96 79
0.313075 0.116280 0.462058 97 93 75
0.313280 0.116859 0.462039 96 91 73
0.314632 0.120445 0.461393 79 73 52
0.314677 0.121334 0.461095 80 74 53
0.314820 0.122088 0.460830 80 74 53
0.314529 0.121316 0.460362 87 81 63
0.314556 0.122250 0.460297 92 86 67
0.314524 0.123289 0.459739 97 91 72
0.314730 0.123659 0.459157 98 92 72
0.314573 0.124456 0.459078 91 84 64
0.314511 0.125274 0.458621 80 73 52
0.314355 0.125783 0.457968 77 71 49
0.313955 0.126370 0.457765 77 71 49
0.313858 0.126617 0.457082 80 74 52
0.313449 0.127127 0.456311 83 76 54
0.313132 0.127500 0.455808 82 74 52
0.312829 0.127887 0.455213 74 66 44
0.312253 0.128306 0.454400 59 49 27
0.311542 0.128450 0.453584 68 57 33
0.310061 0.128137 0.452994 59 48 25
0.310869 0.128406 0.452839 65 53 29
0.310141 0.128464 0.452052 66 54 30
0.309349 0.128559 0.451230 74 62 35
0.308753 0.128858 0.450410 72 59 31
0.308243 0.129321 0.449697 67 55 26
0.308083 0.129577 0.449257 67 54 26
0.307688 0.129900 0.448685 72 58 29
0.307130 0.130510 0.447765 77 63 33
0.306615 0.130902 0.447455 79 65 34
0.306685 0.131045 0.446958 80 66 35
0.306125 0.131488 0.446138 82 67 36
0.305571 0.131989 0.445261 81 69 40
0.305554 0.132135 0.444771 81 70 41
0.305060 0.132765 0.444306 80 71 46
0.304670 0.133593 0.444159 79 73 50
0.305059 0.133149 0.443553 81 73 49
0.304745 0.133838 0.443318 80 74 52
0.304221 0.134018 0.442513 77 74 57
0.303467 0.134227 0.441756 74 73 58
0.302811 0.134607 0.440887 74 74 61
0.302967 0.134756 0.440104 72 73 59
0.302154 0.134977 0.440371 68 69 56
0.302310 0.135108 0.439803 68 68 55
0.301758 0.135606 0.439136 69 69 56
0.301199 0.136106 0.438386 79 79 65
0.301545 0.136201 0.437907 79 79 66
0.300420 0.136270 0.437519 90 89 73
0.301080 0.136307 0.437344 86 85 71
0.299093 0.135658 0.436505 110 102 83
0.299665 0.135963 0.436706 104 99 81
0.298143 0.134725 0.435753 114 105 86
0.298598 0.135248 0.436136 113 104 85
0.297071 0.133845 0.435203 111 102 83
0.297570 0.134349 0.435551 112 102 83
0.296504 0.133830 0.434754 108 99 80
0.295247 0.133221 0.433640 97 90 72
0.295667 0.133499 0.434112 101 93 74
0.293549 0.131418 0.433447 79 76 62
0.294045 0.132029 0.433368 84 80 65
0.294798 0.132781 0.433565 92 86 69
0.295071 0.133349 0.433566 94 88 70
0.293739 0.131215 0.432917 84 82 68
0.293721 0.131727 0.433077 82 79 66
0.332541 0.113162 0.482023 96 60 30
0.332856 0.113936 0.481986 97 61 30
0.333190 0.114828 0.481945 97 62 31
0.333558 0.115939 0.481909 98 62 33
0.333934 0.116916 0.481874 97 63 33
0.334340 0.117859 0.481818 98 63 34
0.334845 0.118798 0.481718 99 63 34
0.335313 0.119799 0.481682 100 63 33
0.335850 0.120823 0.481576 105 68 35
0.336282 0.121718 0.481419 110 72 38
0.336725 0.122640 0.481248 113 75 41
0.337119 0.123602 0.481116 111 75 43
0.337484 0.124649 0.480852 109 73 43
0.337717 0.125738 0.480622 103 68 39
0.337970 0.126734 0.480240 98 63 34
0.338228 0.127619 0.479978 97 62 32
0.338592 0.128682 0.479808 102 66 35
0.338885 0.129665 0.479701 109 74 40
0.339204 0.130793 0.479644 112 77 43
0.339507 0.131696 0.479435 111 76 42
0.341125 0.134859 0.478802 109 76 45
0.341499 0.135423 0.478750 107 75 45
0.341749 0.136407 0.478550 105 74 46
0.330228 0.109350 0.481929 60 33 10
0.330465 0.110122 0.481995 61 33 10
0.330854 0.111182 0.482067 67 37 13
0.331408 0.112162 0.482106 77 45 19
0.331893 0.113087 0.482131 85 51 24
0.332288 0.114030 0.482129 87 53 25
0.332661 0.114978 0.482100 88 54 26
0.333013 0.116046 0.482069 88 55 28
0.336432 0.125365 0.479474 144 98 54
0.336664 0.126002 0.479448 138 94 53
0.337276 0.126861 0.479365 118 77 41
0.337515 0.127754 0.479225 105 65 32
0.337947 0.128865 0.479010 115 74 38
0.338784 0.129861 0.479155 118 79 43
0.339326 0.130660 0.479154 115 79 43
0.339368 0.131783 0.478725 119 81 44
0.339622 0.132635 0.478478 116 78 40
0.339996 0.133614 0.478396 112 75 39
0.340437 0.134714 0.478201 114 78 44
0.340924 0.135635 0.478147 111 78 47
0.341179 0.136543 0.477787 109 78 49
0.341828 0.137595 0.477885 105 75 47
0.341864 0.138303 0.477550 107 77 50
0.328707 0.107599 0.481623 64 37 13
0.329035 0.108435 0.481719 63 36 13
0.329495 0.109297 0.481676 63 36 13
0.329816 0.110182 0.481648 63 36 13
0.330092 0.111042 0.482123 60 33 10
0.336732 0.126211 0.479202 139 95 54
0.336936 0.126891 0.479044 130 86 48
0.337263 0.127872 0.478800 113 70 35
0.337630 0.128877 0.478669 120 77 39
0.338092 0.129833 0.478416 137 92 49
0.338361 0.130928 0.478214 149 103 56
0.338645 0.131882 0.478186 141 96 52
0.339098 0.132802 0.477822 130 87 45
0.339413 0.133808 0.477644 124 82 41
0.339912 0.134815 0.477483 124 84 44
0.340284 0.135788 0.477278 123 84 46
0.340633 0.136696 0.477080 120 84 48
0.340934 0.137455 0.476689 118 84 50
0.327352 0.105808 0.481006 56 33 9
0.327662 0.106469 0.481230 58 34 11
0.327965 0.107422 0.481468 61 35 12
0.328736 0.108485 0.481322 64 37 13
0.328894 0.109270 0.481343 64 37 14
0.339357 0.134075 0.476939 135 88 44
0.339529 0.134964 0.476871 141 95 51
0.339742 0.135868 0.476585 146 101 55
0.340017 0.136862 0.476350 143 99 52
0.340409 0.137845 0.476114 132 92 48
0.340658 0.138559 0.475825 122 84 45
0.325816 0.104096 0.480427 72 48 22
0.326114 0.104807 0.480598 65 42 16
0.326498 0.105713 0.480733 60 37 12
0.326851 0.106625 0.480863 59 35 11
0.327113 0.107385 0.481023 59 35 11
0.340014 0.138128 0.475555 148 103 50
0.340006 0.139036 0.475126 137 93 45
0.340144 0.139706 0.474753 132 89 43
0.324588 0.103039 0.480160 76 53 25
0.325014 0.103920 0.480415 72 49 23
0.325481 0.104825 0.480588 67 44 18
0.325694 0.105670 0.480715 61 38 14
0.340043 0.139418 0.474550 134 91 44
0.340226 0.140105 0.474396 131 87 42
0.340394 0.140837 0.473973 131 87 43
0.340483 0.141512 0.473453 133 90 44
0.323543 0.102195 0.479589 76 55 27
0.323820 0.102965 0.479937 75 53 26
0.322701 0.101477 0.478826 68 50 23
0.322724 0.102160 0.479225 70 52 25
0.322773 0.102943 0.479513 71 52 25
0.320214 0.097608 0.478528 55 45 27
0.320460 0.098308 0.478513 52 43 24
0.320866 0.099184 0.478324 51 41 21
0.321550 0.100709 0.478224 48 37 16
0.321795 0.101438 0.478397 56 42 19
0.321868 0.102160 0.478694 62 47 22
0.319155 0.096981 0.478213 39 32 21
0.319418 0.097542 0.478471 43 35 20
0.319879 0.098553 0.478491 43 34 16
0.320274 0.099642 0.478171 42 33 14
0.320681 0.100575 0.477815 40 33 14
0.320918 0.101472 0.477949 47 37 16
0.318549 0.097035 0.477517 48 39 25
0.318436 0.097538 0.477864 40 31 18
0.320084 0.101081 0.477631 39 31 12
0.320228 0.101533 0.477626 41 33 13
0.318160 0.097244 0.476933 71 62 44
0.317810 0.097651 0.476695 78 67 49
0.317446 0.098131 0.475919 87 74 51
0.317129 0.098794 0.475883 91 78 55
0.317158 0.099118 0.475012 82 71 49
0.316954 0.099970 0.474772 80 72 51
0.316903 0.099534 0.473955 85 77 54
0.316640 0.100187 0.474034 84 77 56
0.316393 0.099742 0.473232 90 84 63
0.316036 0.100459 0.473106 87 82 61
0.315695 0.101372 0.473036 86 81 60
0.315592 0.100727 0.472279 87 81 60
0.315359 0.101437 0.472336 85 79 59
0.315207 0.100908 0.471410 86 80 58
0.314986 0.101690 0.471472 86 79 58
0.314620 0.101943 0.470609 88 80 59
0.314375 0.102695 0.470567 87 80 58
0.314328 0.102198 0.469770 92 84 62
0.314057 0.102993 0.469639 91 84 62
0.313779 0.103831 0.469453 91 84 64
0.313683 0.103274 0.468651 95 89 68
0.313501 0.104057 0.468729 94 89 69
0.313433 0.103444 0.467977 96 91 71
0.313178 0.104255 0.467824 94 90 71
0.312997 0.105062 0.467784 94 90 72
0.312975 0.104541 0.467013 92 89 70
0.312749 0.105358 0.466961 93 90 72
0.312642 0.106262 0.466736 97 93 75
0.312529 0.105617 0.466083 100 96 79
0.312403 0.106529 0.465891 102 99 81
0.312295 0.107357 0.465689 104 101 83
0.312268 0.106762 0.465068 102 98 80
0.312188 0.107678 0.464893 102 98 81
0.312145 0.108604 0.464739 102 98 80
0.312184 0.107946 0.464104 103 100 82
0.312132 0.108777 0.463963 104 100 82
0.312110 0.109702 0.463769 105 101 83
0.312101 0.110655 0.463663 105 101 83
0.312159 0.109831 0.463072 108 104 87
0.312179 0.110869 0.462879 108 105 87
0.312275 0.111884 0.462581 108 104 86
0.312399 0.112946 0.462420 106 102 84
0.312664 0.114023 0.462385 105 101 83
0.313685 0.116303 0.461866 87 82 64
0.313791 0.116721 0.461843 87 83 65
0.312375 0.112032 0.461910 107 103 86
0.312478 0.112920 0.461786 104 100 83
0.312681 0.113899 0.461643 100 97 79
0.312973 0.114929 0.461362 96 93 75
0.313356 0.116077 0.461233 93 89 71
0.313722 0.116923 0.461023 91 87 69
0.313972 0.117835 0.460757 88 84 66
0.314289 0.118932 0.460519 86 81 63
0.314504 0.119564 0.460534 84 80 60
0.314911 0.121307 0.460267 82 76 58
0.315135 0.121541 0.460259 81 75 54
0.313016 0.115044 0.460627 94 89 72
0.313338 0.115920 0.460487 92 88 71
0.313667 0.116895 0.460259 92 88 70
0.313960 0.117890 0.460083 91 87 69
0.314234 0.118786 0.460023 89 85 67
0.314517 0.119931 0.459798 90 85 68
0.314770 0.121042 0.459642 92 87 69
0.314975 0.121952 0.459388 95 90 71
0.315073 0.122769 0.459020 101 96 78
0.315030 0.121944 0.458633 103 98 80
0.315218 0.123042 0.458566 102 96 78
0.315228 0.124053 0.458247 99 93 74
0.315206 0.124772 0.457808 96 90 70
0.315017 0.125331 0.457291 89 83 63
0.314977 0.125668 0.456846 86 81 60
0.314597 0.126116 0.456351 82 77 56
0.314179 0.126673 0.455534 86 81 61
0.313890 0.127078 0.455066 89 83 63
0.313620 0.127485 0.454469 89 83 63
0.313069 0.128025 0.453731 75 67 47
0.313242 0.128173 0.453261 82 73 54
0.312378 0.128252 0.453017 72 61 40
0.312763 0.128262 0.452652 79 69 49
0.311569 0.128496 0.452326 75 62 39
0.311968 0.128491 0.451914 80 69 47
0.310830 0.128491 0.451364 72 59 34
0.311320 0.128690 0.451087 74 62 36
0.310191 0.128571 0.450442 76 64 36
0.310953 0.128711 0.450412 78 65 38
0.309611 0.128655 0.449658 73 61 31
0.310247 0.128694 0.449661 76 64 35
0.309050 0.128966 0.449116 73 60 30
0.309029 0.129095 0.448555 76 63 33
0.308483 0.129619 0.447904 78 64 34
0.307934 0.130150 0.447110 80 65 34
0.307887 0.130318 0.446587 81 66 34
0.307418 0.130697 0.446175 82 67 35
0.306904 0.131205 0.445310 83 68 37
0.306416 0.131636 0.444700 83 69 38
0.306307 0.131823 0.444169 83 70 39
0.305806 0.132304 0.443595 82 71 42
0.305537 0.132806 0.442951 82 72 46
0.305391 0.133409 0.442519 82 73 48
0.304960 0.133892 0.441742 80 75 54
0.305131 0.134115 0.441123 81 76 54
0.304367 0.134107 0.441037 77 75 58
0.304425 0.134264 0.440409 75 73 56
0.303623 0.134421 0.440545 74 73 59
0.303750 0.134583 0.439966 71 71 56
0.303167 0.135056 0.439161 67 68 55
0.303436 0.135469 0.438466 66 67 54
0.302565 0.135513 0.438519 67 68 55
0.302871 0.135778 0.438134 67 68 56
0.302161 0.135829 0.437990 72 73 61
0.302228 0.136277 0.437519 74 74 62
0.300841 0.136178 0.436733 94 92 77
0.301544 0.136515 0.436679 86 85 72
0.300367 0.135747 0.435939 110 106 92
0.301142 0.136270 0.436107 98 95 81
0.298522 0.134479 0.435335 121 115 98
0.299277 0.134877 0.435314 123 119 103
0.299991 0.135290 0.435393 121 118 103
0.297715 0.133464 0.434592 120 115 99
0.298317 0.133981 0.434788 122 117 101
0.299002 0.134389 0.434733 125 122 107
0.297238 0.133286 0.434083 118 112 98
0.296093 0.132681 0.432889 109 103 89
0.296429 0.133068 0.433458 112 106 91
0.294854 0.131728 0.432577 94 90 76
0.295514 0.132378 0.432745 102 97 82
0.294007 0.131117 0.432339 87 85 72
0.294404 0.131337 0.432269 91 88 74
0.332414 0.110774 0.481776 95 60 29
0.332657 0.111670 0.481846 97 61 29
0.333014 0.112598 0.481841 101 65 32
0.333440 0.113557 0.481788 103 67 34
0.333950 0.114446 0.481696 106 70 36
0.334346 0.115454 0.481589 107 71 38
0.334806 0.116509 0.481446 108 72 39
0.335167 0.117464 0.481342 109 72 40
0.335638 0.118366 0.481136 108 70 38
0.335984 0.119398 0.480951 103 65 33
0.336385 0.120488 0.480727 100 61 28
0.336774 0.121382 0.480562 104 64 30
0.337143 0.122339 0.480392 110 70 34
0.337470 0.123335 0.480203 115 75 39
0.337793 0.124306 0.479920 117 78 42
0.338076 0.125345 0.479705 115 77 42
0.338347 0.126339 0.479557 105 69 36
0.338521 0.127253 0.479480 97 62 31
0.341999 0.135375 0.478140 108 77 47
0.342133 0.135914 0.478036 107 77 48
0.330447 0.107973 0.481550 62 35 12
0.330732 0.108828 0.481726 64 36 13
0.331300 0.109733 0.481814 75 45 18
0.331828 0.110700 0.481870 87 53 25
0.332145 0.111707 0.481950 92 57 28
0.332361 0.112562 0.482017 96 60 30
0.337471 0.125858 0.478903 135 91 51
0.337936 0.126481 0.478824 123 82 44
0.338415 0.127349 0.478695 108 69 34
0.338831 0.128345 0.478639 105 67 33
0.339375 0.129322 0.478612 109 72 38
0.339801 0.130285 0.478383 115 78 43
0.340035 0.131332 0.478027 119 81 44
0.340101 0.132172 0.477774 119 81 43
0.340096 0.133001 0.477745 117 78 40
0.340560 0.134337 0.477534 117 80 44
0.341830 0.135345 0.477452 116 82 49
0.342037 0.136097 0.477253 114 82 51
0.342304 0.137118 0.477358 108 78 50
0.328918 0.105996 0.481223 65 38 13
0.329368 0.107044 0.481244 66 38 14
0.329722 0.107988 0.481295 66 38 14
0.330203 0.108893 0.481267 67 39 15
0.330473 0.109729 0.481352 66 38 14
0.337212 0.125834 0.478618 144 98 55
0.337615 0.126488 0.478268 140 95 54
0.337872 0.127501 0.478024 127 84 45
0.338288 0.128542 0.477842 121 78 39
0.338686 0.129534 0.477644 128 85 44
0.338960 0.130268 0.477446 138 94 51
0.339422 0.131569 0.477300 136 93 50
0.339759 0.132399 0.477187 129 87 46
0.340042 0.133314 0.476927 124 82 41
0.340314 0.134507 0.477006 124 84 45
0.340832 0.135427 0.476900 122 85 47
0.341530 0.136530 0.476687 120 86 51
0.341717 0.137239 0.476374 122 87 51
0.327643 0.104449 0.480645 58 35 10
0.327931 0.105180 0.480957 60 36 11
0.328221 0.106028 0.481194 62 37 12
0.328906 0.107419 0.481082 65 38 14
0.329019 0.107847 0.481098 66 39 14
0.339769 0.133854 0.476543 132 85 42
0.340237 0.134548 0.476097 133 89 47
0.340281 0.135481 0.476023 142 97 53
0.340548 0.136487 0.475592 144 100 52
0.340965 0.137539 0.475444 134 94 49
0.341317 0.138439 0.475176 123 86 48
0.341724 0.139001 0.474805 122 85 50
0.326131 0.102725 0.480042 81 55 26
0.326358 0.103451 0.480236 75 50 22
0.326816 0.104302 0.480472 66 42 16
0.327145 0.105156 0.480662 61 37 12
0.340485 0.136675 0.475005 157 109 56
0.340514 0.137610 0.474860 153 107 53
0.340837 0.138633 0.474505 140 96 50
0.341082 0.139299 0.474565 128 87 46
0.324836 0.101625 0.479703 83 59 28
0.325343 0.102486 0.480001 81 56 27
0.325704 0.103414 0.480261 76 52 24
0.340666 0.139001 0.473931 146 100 52
0.340704 0.139699 0.473692 137 92 46
0.340812 0.140757 0.473279 131 88 43
0.340813 0.141402 0.472926 134 90 44
0.323892 0.100819 0.479061 81 59 28
0.324061 0.101539 0.479489 80 58 27
0.340857 0.141718 0.472411 137 93 46
0.340931 0.142210 0.472003 141 97 49
0.321895 0.097958 0.478405 63 52 31
0.322423 0.098932 0.478448 64 50 26
0.322720 0.099869 0.478334 61 46 21
0.323058 0.100805 0.478655 70 52 24
0.323303 0.101464 0.479062 75 55 26
0.340733 0.142484 0.471509 146 101 52
0.320476 0.096323 0.478196 62 55 43
0.320792 0.097055 0.478454 63 54 37
0.321278 0.097981 0.478450 61 51 31
0.321652 0.099032 0.478157 53 44 24
0.321976 0.100050 0.478082 49 38 18
0.322291 0.100768 0.478359 58 43 19
0.319777 0.096261 0.477912 49 43 32
0.320009 0.096972 0.478369 55 47 33
0.321269 0.100251 0.477863 43 36 17
0.319024 0.096276 0.477014 61 52 39
0.318404 0.096729 0.476117 82 70 51
0.318081 0.096852 0.475479 80 67 44
0.317839 0.097524 0.475173 81 68 44
0.317733 0.098027 0.474388 84 71 46
0.317481 0.098577 0.474360 83 71 46
0.317464 0.098190 0.473667 89 77 52
0.317027 0.098886 0.473487 89 80 56
0.316451 0.099228 0.472587 91 85 63
0.316096 0.099799 0.472598 89 84 63
0.316068 0.099418 0.471727 89 83 62
0.315756 0.099959 0.471796 88 82 60
0.315373 0.100308 0.470898 88 80 58
0.315024 0.100731 0.470025 93 83 60
0.314764 0.101323 0.470077 92 83 60
0.314896 0.100833 0.469261 96 86 62
0.314395 0.101623 0.469135 95 86 63
0.314052 0.102431 0.468912 95 88 66
0.314032 0.101964 0.468159 94 87 66
0.313811 0.102626 0.468214 95 89 68
0.313534 0.102946 0.467319 93 88 69
0.313275 0.103678 0.467192 93 89 70
0.313362 0.103191 0.466545 95 91 72
0.313075 0.103948 0.466410 96 93 75
0.312801 0.104759 0.466229 99 95 77
0.312816 0.104226 0.465584 102 99 82
0.312589 0.105061 0.465386 101 98 80
0.312526 0.105430 0.464618 99 96 78
0.312402 0.106306 0.464360 101 97 80
0.312253 0.107177 0.464238 103 99 81
0.312454 0.106577 0.463660 105 101 84
0.312313 0.107412 0.463472 106 103 86
0.312196 0.108320 0.463277 107 104 86
0.312341 0.107727 0.462637 109 106 88
0.312241 0.108518 0.462571 109 106 88
0.312250 0.109455 0.462311 109 107 89
0.312247 0.110376 0.462143 110 107 89
0.312290 0.109666 0.461562 111 108 91
0.312323 0.110642 0.461463 111 108 90
0.312445 0.111633 0.461170 108 105 88
0.312570 0.112630 0.461023 105 101 84
0.312717 0.113614 0.460835 100 96 79
0.312915 0.114300 0.460659 98 94 77
0.314034 0.117117 0.460147 92 89 71
0.314129 0.117301 0.460137 92 88 70
0.312566 0.111920 0.460438 110 108 90
0.312624 0.112679 0.460280 108 104 87
0.312796 0.113605 0.460154 105 101 83
0.313070 0.114689 0.459936 103 99 81
0.313324 0.115739 0.459651 103 99 81
0.313669 0.116728 0.459559 101 97 79
0.314074 0.117649 0.459377 98 94 76
0.314340 0.118593 0.459129 98 94 76
0.314627 0.119668 0.459036 97 94 75
0.314975 0.120774 0.458741 99 94 76
0.315255 0.121407 0.458560 93 89 70
0.315564 0.122684 0.458461 86 81 62
0.313481 0.116019 0.458947 112 108 89
0.313622 0.116650 0.458798 111 106 88
0.313911 0.117608 0.458658 110 105 87
0.314286 0.118575 0.458460 108 103 85
0.314555 0.119624 0.458394 108 103 85
0.314919 0.120657 0.458185 107 102 84
0.315231 0.121681 0.458005 108 103 85
0.315461 0.122653 0.457869 106 101 82
0.315651 0.123624 0.457385 106 101 82
0.315661 0.124464 0.457330 103 97 78
0.315846 0.123990 0.456842 110 104 85
0.315784 0.124838 0.456716 101 95 76
0.315727 0.125421 0.456244 93 88 68
0.315340 0.125941 0.455621 88 82 63
0.314893 0.126393 0.455008 86 80 62
0.314779 0.126697 0.454486 88 81 63
0.314351 0.127253 0.453832 92 86 67
0.313893 0.127726 0.453412 95 88 69
0.313869 0.127982 0.452812 97 89 68
0.313278 0.128354 0.452037 95 85 64
0.312683 0.128473 0.451348 94 83 61
0.311991 0.128726 0.450465 86 74 49
0.310707 0.128528 0.449918 79 66 39
0.311206 0.128713 0.449715 82 69 42
0.310131 0.128563 0.449296 75 63 34
0.310483 0.128688 0.448913 78 66 37
0.309877 0.128909 0.448113 80 67 37
0.309227 0.129381 0.447258 83 69 38
0.308736 0.129814 0.446697 83 68 38
0.308669 0.130013 0.446154 84 70 38
0.308176 0.130484 0.445494 84 69 37
0.307640 0.130972 0.444669 85 70 38
0.307695 0.131149 0.444116 85 71 39
0.307134 0.131375 0.444365 84 70 38
0.307149 0.131503 0.443740 85 70 39
0.306559 0.132054 0.442916 84 71 41
0.306235 0.132512 0.442309 83 72 43
0.306033 0.132896 0.441865 83 72 44
0.305697 0.133524 0.441164 81 73 47
0.305509 0.133925 0.440909 81 74 49
0.305137 0.133847 0.440721 79 73 51
0.305173 0.134010 0.440212 77 71 49
0.304564 0.134556 0.439319 70 67 50
0.303943 0.135030 0.438818 67 66 52
0.304201 0.135351 0.438267 67 66 50
0.303696 0.135938 0.437508 68 68 54
0.303946 0.136198 0.437068 69 69 54
0.303025 0.136389 0.436932 72 72 59
0.303245 0.136535 0.436496 72 71 59
0.302158 0.136717 0.436210 83 82 70
0.302583 0.136751 0.435872 80 79 67
0.300945 0.135643 0.435108 113 111 98
0.301567 0.136271 0.435222 103 101 87
0.302123 0.136800 0.435208 94 92 79
0.299800 0.134700 0.434523 127 125 112
0.300526 0.135244 0.434650 123 120 108
0.298875 0.133745 0.433928 126 124 110
0.299517 0.134296 0.434066 128 127 113
0.297896 0.132954 0.433418 122 119 106
0.298540 0.133323 0.433500 124 122 110
0.296515 0.132431 0.432438 111 106 93
0.297072 0.132696 0.432741 116 112 99
0.295582 0.131371 0.431819 98 94 81
0.296112 0.132007 0.432137 106 101 88
0.294958 0.131058 0.431421 92 89 76
0.332565 0.109280 0.481449 86 53 25
0.332973 0.110254 0.481548 89 55 24
0.333516 0.111249 0.481564 89 55 25
0.334023 0.112195 0.481579 89 55 24
0.334462 0.113074 0.481520 90 56 24
0.334846 0.113959 0.481411 94 59 26
0.335231 0.115104 0.481128 100 65 30
0.335575 0.116132 0.480786 105 68 33
0.335827 0.117082 0.480556 108 70 34
0.336124 0.118012 0.480300 109 70 35
0.336489 0.119062 0.480067 108 68 35
0.336776 0.120094 0.479939 104 65 31
0.337084 0.121096 0.479774 101 62 27
0.337359 0.122069 0.479658 107 67 31
0.337647 0.122914 0.479544 115 74 37
0.338012 0.124070 0.479308 122 81 43
0.338295 0.124784 0.479177 121 81 44
0.342786 0.135644 0.477390 112 85 58
0.330490 0.105846 0.481044 63 37 13
0.330694 0.106547 0.481148 63 37 13
0.331037 0.107438 0.481286 66 39 15
0.331667 0.108385 0.481435 77 47 21
0.332054 0.109292 0.481575 86 54 26
0.332201 0.109995 0.481690 91 57 28
0.336690 0.119178 0.479494 113 73 38
0.336918 0.120066 0.479347 115 75 39
0.337189 0.121086 0.479183 112 72 35
0.337476 0.121952 0.479028 110 69 32
0.337837 0.122988 0.479044 115 74 37
0.338226 0.123977 0.478860 121 81 42
0.338581 0.125007 0.478727 121 81 44
0.338926 0.125984 0.478437 117 78 42
0.339086 0.126953 0.478157 111 72 37
0.339493 0.127965 0.477846 104 66 32
0.339859 0.129076 0.477694 108 70 35
0.340234 0.129968 0.477443 116 78 42
0.340576 0.130870 0.477196 120 82 44
0.340757 0.131768 0.477074 121 82 45
0.342280 0.135223 0.476870 121 86 53
0.342484 0.135743 0.476541 123 89 55
0.342705 0.136572 0.476379 122 90 56
0.329012 0.103934 0.480558 72 43 18
0.329165 0.104730 0.480844 69 41 16
0.329670 0.105550 0.480972 68 40 15
0.330112 0.106546 0.480941 67 40 15
0.330337 0.107559 0.481006 68 40 16
0.330661 0.108276 0.481065 69 41 17
0.337649 0.125703 0.477945 148 100 56
0.338152 0.126284 0.477559 145 99 55
0.338517 0.127051 0.477389 136 93 51
0.338823 0.128133 0.477152 126 83 44
0.339153 0.129128 0.476818 126 82 42
0.339475 0.129981 0.476598 136 91 49
0.340062 0.131139 0.476560 133 91 49
0.340396 0.131943 0.476437 129 88 47
0.340372 0.132837 0.476400 126 84 43
0.342312 0.136001 0.476102 128 92 55
0.342479 0.137033 0.475848 126 91 54
0.342507 0.137686 0.475612 121 86 50
0.327922 0.103051 0.480158 67 41 14
0.328261 0.103800 0.480562 65 39 13
0.328553 0.104508 0.480779 65 39 14
0.340223 0.132136 0.475831 139 94 51
0.340426 0.133096 0.475687 132 88 44
0.340694 0.134067 0.475436 131 86 44
0.340986 0.135083 0.475144 138 94 50
0.341127 0.136069 0.474813 145 100 54
0.341338 0.137168 0.474721 139 98 52
0.341653 0.138137 0.474603 128 91 52
0.326394 0.101233 0.479567 90 63 31
0.326616 0.102051 0.479806 85 58 28
0.327152 0.102933 0.480058 75 49 21
0.327428 0.103718 0.480297 66 41 15
0.341012 0.136219 0.474369 156 108 59
0.341164 0.137166 0.474022 153 106 57
0.341205 0.138106 0.473931 146 102 55
0.325134 0.100322 0.479205 90 65 31
0.325632 0.101087 0.479538 89 63 30
0.325916 0.101860 0.479818 87 60 29
0.341099 0.138477 0.473288 152 106 56
0.341128 0.139430 0.472777 146 101 52
0.341285 0.140256 0.472575 137 92 46
0.323911 0.098687 0.478309 87 65 34
0.324138 0.099478 0.478625 87 64 31
0.324375 0.100193 0.478985 86 63 30
0.341061 0.139626 0.472277 149 103 53
0.341249 0.140416 0.472052 141 96 48
0.341193 0.141386 0.471704 140 95 47
0.340951 0.142146 0.471579 144 99 50
0.322126 0.096580 0.478207 72 62 43
0.322479 0.097527 0.478260 70 58 36
0.322960 0.098570 0.478196 69 53 30
0.323446 0.099493 0.478228 72 54 26
0.323576 0.100156 0.478525 77 57 27
0.341159 0.141737 0.470934 147 101 51
0.340932 0.142272 0.470806 149 103 53
0.321163 0.095799 0.477911 68 61 48
0.321537 0.096556 0.478290 70 60 43
0.322486 0.098883 0.477880 54 45 25
0.322611 0.099368 0.477905 55 43 22
0.340721 0.142775 0.469762 155 108 58
0.320276 0.095219 0.476905 54 48 38
0.320290 0.095532 0.477400 55 49 39
0.319674 0.095337 0.476325 65 59 46
0.319345 0.095683 0.476527 66 58 45
0.319271 0.095480 0.475715 77 68 51
0.318845 0.095880 0.475517 78 67 47
0.318574 0.096471 0.474829 80 67 44
0.318360 0.097041 0.474460 83 69 44
0.318082 0.097333 0.473821 89 75 50
0.317582 0.097768 0.472942 92 82 57
0.317200 0.098286 0.472866 92 83 59
0.317269 0.097923 0.472093 92 83 60
0.316871 0.098438 0.472003 92 84 62
0.316378 0.098859 0.471159 89 82 60
0.316063 0.099230 0.470441 89 80 58
0.315759 0.099631 0.470224 90 81 58
0.315418 0.100061 0.469468 94 84 59
0.314956 0.100502 0.468552 97 86 61
0.314601 0.100998 0.468535 96 86 63
0.314570 0.100626 0.467654 89 79 56
0.314269 0.101253 0.467648 89 81 59
0.313962 0.101650 0.466810 80 74 54
0.313704 0.102343 0.466702 89 84 65
0.313735 0.101864 0.465997 85 80 62
0.313461 0.102629 0.465871 94 90 73
0.313106 0.103411 0.465767 101 97 80
0.313194 0.102942 0.465043 99 96 79
0.312944 0.103715 0.464859 99 95 79
0.312699 0.104546 0.464729 99 96 79
0.312894 0.103988 0.464089 88 84 68
0.312754 0.104877 0.463877 95 92 75
0.312618 0.105729 0.463701 101 98 81
0.312807 0.105250 0.463126 97 94 77
0.312683 0.106079 0.462989 104 101 84
0.312523 0.106865 0.462729 108 104 87
0.312530 0.107187 0.462063 108 105 88
0.312397 0.108060 0.461752 110 107 90
0.312335 0.108922 0.461673 111 108 91
0.312462 0.108298 0.461113 113 110 93
0.312445 0.109186 0.460921 115 112 95
0.312472 0.110200 0.460633 114 111 94
0.312542 0.111190 0.460538 112 109 92
0.312589 0.110391 0.459989 115 113 96
0.312647 0.111374 0.459866 114 111 94
0.312794 0.112325 0.459447 115 112 94
0.312979 0.113316 0.459245 114 111 93
0.313142 0.114361 0.459127 113 109 90
0.313315 0.115206 0.459038 112 108 90
0.313165 0.113362 0.458648 118 114 96
0.313329 0.114414 0.458557 117 113 94
0.313557 0.115452 0.458402 116 111 93
0.313864 0.116379 0.458115 117 112 93
0.314173 0.117336 0.457880 117 112 94
0.314506 0.118276 0.457776 116 111 92
0.314886 0.119339 0.457395 118 112 93
0.315151 0.120376 0.457229 117 111 92
0.315387 0.121316 0.457097 116 110 91
0.315637 0.122361 0.456985 115 109 90
0.315398 0.120458 0.456703 121 115 96
0.315640 0.121387 0.456567 120 113 94
0.315876 0.122295 0.456416 121 114 95
0.316067 0.123387 0.456335 119 112 93
0.316268 0.124474 0.455864 114 108 88
0.316322 0.125079 0.455550 109 103 82
0.316218 0.124798 0.455290 104 98 78
0.316110 0.125566 0.455007 91 86 66
0.316235 0.126010 0.454410 86 81 61
0.315555 0.126192 0.454739 86 80 61
0.315637 0.126506 0.454002 86 80 61
0.315120 0.127007 0.453192 90 82 62
0.315285 0.127289 0.452672 91 83 62
0.314683 0.127675 0.452255 98 89 68
0.314112 0.128257 0.451356 107 96 75
0.313494 0.128439 0.450687 106 95 73
0.313659 0.128548 0.450025 111 99 77
0.312624 0.128768 0.449950 98 86 63
0.313039 0.128814 0.449530 105 93 69
0.311883 0.128844 0.449018 91 78 52
0.312410 0.128949 0.448702 99 86 61
0.311216 0.128893 0.448273 87 74 46
0.311853 0.129019 0.447967 96 83 56
0.310682 0.128952 0.447427 88 75 47
0.311103 0.129158 0.447129 93 80 52
0.309942 0.129224 0.446720 88 74 45
0.310304 0.129467 0.446195 91 78 49
0.309400 0.129571 0.446184 87 74 43
0.309486 0.129749 0.445577 90 76 45
0.309000 0.130305 0.444795 89 75 43
0.308453 0.130731 0.444172 88 74 41
0.308434 0.130904 0.443667 90 75 42
0.307919 0.131310 0.443115 89 74 41
0.307347 0.131870 0.442290 88 73 42
0.307412 0.132092 0.441623 89 74 43
0.306775 0.132245 0.442033 85 72 43
0.306852 0.132538 0.441283 86 73 43
0.306363 0.133147 0.440478 83 72 44
0.306463 0.133259 0.439828 85 73 45
0.306045 0.133412 0.439942 81 71 45
0.305878 0.133672 0.439563 79 70 44
0.305403 0.134304 0.438816 73 67 44
0.305231 0.134736 0.438301 71 66 44
0.304961 0.135215 0.437764 69 65 45
0.304512 0.135761 0.436910 68 66 49
0.304266 0.136068 0.436581 68 67 51
0.303897 0.136320 0.436046 70 68 53
0.303352 0.136637 0.435207 77 74 60
0.301866 0.136071 0.434299 110 108 95
0.302617 0.136798 0.434332 96 93 80
0.300343 0.134708 0.433894 129 128 116
0.300958 0.135133 0.433770 126 124 112
0.301797 0.135746 0.433826 117 115 103
0.302353 0.136442 0.433672 112 108 96
0.299561 0.133609 0.433110 129 129 117
0.300115 0.134144 0.433333 130 130 118
0.300774 0.134691 0.433273 130 129 117
0.298473 0.132670 0.432607 125 124 112
0.299084 0.133191 0.432757 127 126 114
0.297090 0.132170 0.431865 116 112 100
0.297754 0.132330 0.431898 121 118 106
0.296164 0.131076 0.431214 104 99 87
0.296841 0.131617 0.431354 112 108 96
0.297531 0.132190 0.431352 118 115 103
0.295674 0.130799 0.430661 99 94 82
0.334394 0.109919 0.481239 84 51 25
0.334663 0.110689 0.481142 82 50 23
0.332590 0.107098 0.480963 83 51 24
0.332977 0.107892 0.481155 85 52 24
0.333394 0.108776 0.481321 83 50 22
0.333905 0.109752 0.481392 80 47 20
0.334409 0.110840 0.481307 78 45 18
0.334805 0.111728 0.481128 77 45 18
0.335137 0.112686 0.480966 76 44 16
0.335549 0.113615 0.480663 77 44 16
0.335823 0.114670 0.480386 79 46 16
0.336101 0.115692 0.479946 85 50 19
0.336238 0.116686 0.479782 96 59 25
0.336312 0.117533 0.479755 106 67 31
0.336670 0.118773 0.479463 113 73 37
0.330699 0.104288 0.480573 66 39 13
0.330958 0.105092 0.480729 64 37 12
0.331413 0.106043 0.480887 66 39 14
0.331976 0.106974 0.481024 75 46 20
0.332271 0.107794 0.481170 82 50 23
0.335869 0.114833 0.479413 81 47 21
0.335963 0.115602 0.479380 80 46 16
0.336317 0.116774 0.479098 94 57 23
0.336455 0.117667 0.479121 107 68 31
0.336738 0.118758 0.478947 117 77 39
0.337123 0.119747 0.478667 123 82 43
0.337461 0.120736 0.478431 124 83 43
0.337783 0.121767 0.478220 121 79 40
0.338166 0.122608 0.478002 116 74 36
0.338640 0.123638 0.477885 116 75 37
0.339027 0.124694 0.477715 122 82 44
0.339377 0.125642 0.477478 123 83 46
0.339673 0.126621 0.477205 120 81 44
0.339864 0.127617 0.477044 113 74 38
0.340193 0.128807 0.476920 108 69 34
0.340485 0.129641 0.476784 115 76 39
0.340822 0.130671 0.476675 121 82 45
0.341148 0.131519 0.476538 121 83 45
0.342756 0.135407 0.475882 129 94 57
0.329233 0.102557 0.480160 78 48 21
0.329464 0.103302 0.480400 76 47 20
0.329998 0.104212 0.480637 72 43 17
0.330361 0.105160 0.480759 68 41 16
0.330383 0.105855 0.480590 71 43 18
0.338361 0.125748 0.477059 149 102 55
0.338879 0.126865 0.476599 148 102 56
0.339394 0.127816 0.476360 137 93 51
0.339865 0.128694 0.476330 123 81 41
0.340716 0.129648 0.476328 116 77 40
0.340782 0.130745 0.476042 127 86 47
0.340929 0.131513 0.475709 129 88 48
0.342635 0.135430 0.475763 131 94 57
0.328210 0.101783 0.479649 75 45 17
0.328466 0.102432 0.480019 72 44 17
0.328737 0.103147 0.480389 73 44 18
0.339333 0.129001 0.476154 135 89 45
0.340358 0.131121 0.475518 141 96 52
0.340671 0.131678 0.475207 139 95 51
0.340935 0.132637 0.474890 136 92 48
0.341122 0.133873 0.474541 134 88 45
0.341452 0.134752 0.474282 138 93 49
0.341557 0.135602 0.474189 145 100 55
0.341640 0.136454 0.474123 144 101 56
0.326876 0.100705 0.479228 92 64 31
0.327434 0.101511 0.479531 84 56 25
0.327674 0.102301 0.479819 77 49 20
0.341370 0.134975 0.473946 145 98 52
0.341515 0.135823 0.473699 154 105 59
0.341547 0.136714 0.473458 155 107 59
0.325430 0.099079 0.478576 99 72 35
0.325892 0.099773 0.478919 97 69 34
0.326301 0.100424 0.479216 94 67 33
0.341627 0.137131 0.472667 159 111 60
0.341568 0.137970 0.472457 157 110 58
0.341447 0.138810 0.472076 155 109 57
0.324012 0.097248 0.477936 88 66 36
0.324265 0.098059 0.478091 93 68 36
0.324775 0.098839 0.478464 97 71 35
0.341446 0.139197 0.471495 155 108 56
0.341456 0.140077 0.471275 150 103 54
0.341515 0.140852 0.471064 146 100 51
0.322430 0.095525 0.477718 80 68 49
0.322814 0.096162 0.477909 80 65 43
0.323419 0.097040 0.478006 83 64 37
0.323633 0.098271 0.477947 76 57 30
0.323820 0.098900 0.477903 75 56 27
0.341329 0.140213 0.470436 156 108 59
0.341357 0.141134 0.470216 153 106 56
0.341201 0.141923 0.470142 153 106 56
0.321761 0.095177 0.477377 71 65 52
0.341245 0.141488 0.469461 156 108 59
0.340962 0.142254 0.469322 156 109 59
0.340701 0.143166 0.469163 157 110 59
0.320891 0.094894 0.476613 57 52 44
0.321192 0.094971 0.476972 62 58 49
0.340737 0.142675 0.468554 157 110 59
0.340619 0.143090 0.468231 157 110 60
0.320126 0.095002 0.475806 69 61 49
0.340566 0.143286 0.467646 158 111 59
0.319741 0.095140 0.475142 82 72 55
0.319405 0.095503 0.474753 87 75 54
0.319079 0.096112 0.474062 87 73 49
0.318882 0.096339 0.473380 91 76 51
0.318488 0.096703 0.473112 93 79 54
0.318005 0.097142 0.472311 93 83 58
0.317487 0.097575 0.471415 90 81 58
0.317061 0.098041 0.471338 90 82 60
0.317296 0.097736 0.470728 87 78 56
0.316909 0.098165 0.470541 86 77 55
0.316466 0.098715 0.469741 86 76 52
0.315960 0.099321 0.469518 92 81 56
0.316079 0.098966 0.468877 88 77 52
0.315777 0.099426 0.468910 93 81 56
0.315783 0.099106 0.468184 90 78 53
0.315333 0.099678 0.467991 91 79 55
0.314760 0.100173 0.467096 75 66 42
0.314412 0.100742 0.467068 75 66 45
0.314537 0.100426 0.466315 61 53 33
0.314178 0.100946 0.466220 66 58 39
0.313843 0.101390 0.465397 76 70 54
0.313527 0.102083 0.465232 92 87 71
0.313662 0.101612 0.464615 79 73 58
0.313363 0.102371 0.464376 83 78 63
0.313072 0.103197 0.464185 82 77 62
0.313252 0.102707 0.463583 61 57 42
0.313066 0.103480 0.463392 70 66 51
0.312938 0.104358 0.463204 83 80 64
0.313098 0.103760 0.462638 74 71 56
0.313009 0.104670 0.462523 90 88 73
0.312974 0.105616 0.462149 102 99 84
0.313003 0.105943 0.461553 104 102 87
0.312772 0.106704 0.461279 108 106 90
0.312577 0.107567 0.461111 113 110 94
0.312811 0.107063 0.460637 111 109 93
0.312723 0.107863 0.460402 114 111 95
0.312664 0.108768 0.460127 115 112 96
0.312656 0.109586 0.459993 116 114 97
0.312763 0.108967 0.459533 115 113 96
0.312789 0.109962 0.459265 116 114 96
0.312928 0.111012 0.458878 118 115 97
0.313009 0.111911 0.458740 118 115 97
0.313115 0.111192 0.458295 120 116 98
0.313198 0.112052 0.458232 120 116 98
0.313376 0.113005 0.458036 120 116 98
0.313631 0.114037 0.457693 121 116 97
0.313930 0.115103 0.457389 121 116 97
0.314185 0.116073 0.457203 122 115 97
0.314444 0.117086 0.457079 122 116 97
0.314692 0.118010 0.456961 122 115 97
0.314958 0.118809 0.456826 122 115 97
0.315803 0.120471 0.456490 123 116 97
0.315879 0.120667 0.456442 123 116 97
0.314458 0.116198 0.456740 124 118 99
0.314713 0.116989 0.456622 124 117 99
0.315022 0.117916 0.456452 123 117 99
0.315304 0.119066 0.456330 123 117 98
0.315566 0.120069 0.456187 123 116 97
0.315912 0.121020 0.455956 123 116 97
0.316287 0.121980 0.455639 124 117 97
0.316622 0.123021 0.455476 124 116 97
0.316914 0.124015 0.455190 124 116 97
0.317062 0.124471 0.454769 124 117 97
0.316706 0.124412 0.454665 115 108 88
0.316515 0.125124 0.454489 100 94 74
0.316541 0.125969 0.454085 85 81 61
0.316592 0.125369 0.453623 86 81 60
0.316450 0.126308 0.453428 87 81 60
0.316595 0.126830 0.452859 89 82 61
0.315874 0.126824 0.452961 90 82 61
0.316070 0.127187 0.452312 93 85 63
0.315521 0.127619 0.451607 98 89 67
0.315776 0.128036 0.451001 102 92 69
0.314722 0.128114 0.451059 108 97 76
0.315072 0.128335 0.450561 110 99 78
0.314172 0.128242 0.450487 113 101 80
0.314461 0.128594 0.449900 116 105 84
0.313795 0.128903 0.448973 116 104 80
0.313004 0.129095 0.448115 109 97 72
0.312366 0.129172 0.447367 106 92 67
0.310946 0.129039 0.446668 97 83 55
0.311647 0.129294 0.446604 103 89 62
0.310956 0.129502 0.445779 99 86 57
0.310387 0.129838 0.444931 99 85 55
0.310739 0.130069 0.444538 103 89 59
0.309737 0.130219 0.444327 97 83 52
0.309997 0.130409 0.443792 102 88 56
0.309100 0.130504 0.443882 95 80 47
0.309285 0.130807 0.443129 99 84 51
0.308773 0.131193 0.442378 97 81 48
0.308141 0.131602 0.441899 93 77 45
0.308164 0.131841 0.441288 94 78 46
0.307634 0.132349 0.440605 91 76 45
0.307172 0.132802 0.439959 89 74 45
0.307087 0.133028 0.439458 89 74 45
0.306594 0.133466 0.438923 86 73 44
0.306187 0.134002 0.438132 84 71 43
0.305925 0.134357 0.437654 81 69 43
0.305650 0.134796 0.437068 79 68 42
0.305233 0.135346 0.436269 74 65 43
0.304955 0.135641 0.435922 71 64 43
0.304695 0.135987 0.435310 69 64 45
0.304112 0.136446 0.434509 72 67 50
0.303423 0.136760 0.433650 89 84 68
0.301425 0.135081 0.433040 129 128 116
0.302120 0.135589 0.432996 123 121 109
0.302821 0.136516 0.433014 111 107 94
0.303314 0.136865 0.432822 102 97 82
0.299894 0.133450 0.432577 131 131 120
0.300551 0.133933 0.432458 134 134 123
0.301284 0.134597 0.432533 134 133 122
0.299017 0.132492 0.431931 128 127 116
0.299647 0.132932 0.431967 131 130 120
0.300370 0.133520 0.431952 135 135 125
0.298485 0.132157 0.431162 122 119 107
0.296828 0.130750 0.430486 108 102 90
0.297392 0.131273 0.430618 111 106 94
0.297994 0.132032 0.430832 116 112 100
0.296454 0.130581 0.429963 106 100 88
0.295863 0.130848 0.429679 105 100 87
0.334077 0.106535 0.481004 89 55 24
0.334269 0.107303 0.481022 89 56 26
0.334521 0.108273 0.480997 90 57 28
0.334891 0.109249 0.480802 89 57 28
0.335211 0.110221 0.480611 88 56 28
0.332969 0.105541 0.480450 87 55 26
0.333364 0.106526 0.480715 88 55 26
0.333646 0.107376 0.480617 89 56 28
0.333870 0.108123 0.481283 87 54 25
0.334285 0.109054 0.481162 87 54 27
0.335280 0.110513 0.480552 88 56 29
0.335530 0.111237 0.480361 87 55 29
0.335862 0.112279 0.480059 87 55 29
0.336137 0.113245 0.479618 86 54 28
0.336227 0.114228 0.479431 86 53 26
0.336340 0.115459 0.479417 83 49 19
0.336430 0.116134 0.479184 87 52 20
0.330974 0.102855 0.480121 65 36 12
0.331223 0.103702 0.480317 64 36 12
0.331782 0.104566 0.480430 69 41 16
0.332425 0.105542 0.480471 80 50 23
0.332997 0.106453 0.480239 85 54 26
0.333355 0.107274 0.480104 88 56 28
0.335918 0.113402 0.479001 90 57 28
0.336107 0.114397 0.478982 93 59 30
0.336286 0.115426 0.478806 94 59 29
0.336515 0.116382 0.478467 100 64 31
0.336872 0.117364 0.478107 107 70 34
0.337187 0.118373 0.477882 117 77 39
0.337599 0.119434 0.477617 124 84 44
0.337938 0.120379 0.477483 127 86 46
0.338233 0.121338 0.477373 127 85 45
0.338529 0.122268 0.477217 123 81 42
0.338901 0.123386 0.477061 116 75 36
0.339288 0.124438 0.476915 120 79 40
0.339612 0.125381 0.476781 125 85 46
0.339842 0.126223 0.476706 126 86 49
0.329642 0.101032 0.479726 79 49 19
0.329879 0.101924 0.479981 77 47 19
0.330334 0.102750 0.480190 72 43 17
0.330537 0.103568 0.480365 69 41 15
0.337761 0.119355 0.477162 126 85 44
0.338146 0.120208 0.476948 129 87 47
0.338494 0.121247 0.476812 129 87 48
0.338812 0.122176 0.476642 127 86 46
0.339142 0.123260 0.476513 121 80 41
0.339461 0.124217 0.476319 120 79 39
0.339791 0.125247 0.476191 125 84 44
0.340062 0.126239 0.476023 129 87 48
0.340353 0.127275 0.475815 127 86 48
0.340731 0.128321 0.475557 122 82 44
0.341060 0.129259 0.475395 120 80 42
0.341386 0.130289 0.475182 125 85 47
0.341611 0.131172 0.474816 129 88 50
0.342050 0.131706 0.474416 129 89 51
0.328794 0.101070 0.479365 80 50 20
0.329047 0.101799 0.479842 78 48 20
0.341341 0.130494 0.474371 136 93 51
0.341393 0.131377 0.474525 134 92 50
0.341654 0.132273 0.474144 135 92 51
0.341702 0.133470 0.473786 136 91 48
0.341834 0.134370 0.473727 133 89 47
0.327396 0.099515 0.478405 93 63 29
0.327710 0.100166 0.478794 90 61 27
0.328033 0.100860 0.479172 85 55 23
0.341955 0.133478 0.473185 140 94 50
0.341938 0.134462 0.473199 139 94 49
0.341966 0.135314 0.472831 150 103 56
0.341838 0.136208 0.472753 157 109 60
0.326114 0.098509 0.478053 104 74 37
0.326748 0.099268 0.478402 98 68 32
0.342036 0.135558 0.472111 156 107 58
0.342007 0.136539 0.472002 160 111 60
0.342009 0.137557 0.471506 159 111 58
0.341829 0.138319 0.471454 158 111 58
0.324512 0.096961 0.477461 98 73 41
0.325114 0.097592 0.477629 105 77 42
0.325529 0.098244 0.477994 105 76 39
0.342121 0.137832 0.470853 159 111 58
0.341893 0.138664 0.470681 157 110 57
0.341646 0.139423 0.470461 157 109 58
0.323090 0.094959 0.477106 71 58 40
0.323663 0.095728 0.477216 79 62 37
0.324227 0.096453 0.477337 91 69 39
0.341964 0.138958 0.469862 158 110 58
0.341591 0.139749 0.469729 158 110 59
0.341376 0.140725 0.469574 157 109 59
0.322461 0.094693 0.476644 66 59 47
0.341504 0.140035 0.468923 159 111 59
0.341328 0.140882 0.468874 158 110 59
0.341306 0.141600 0.468650 158 110 60
0.321417 0.094573 0.475827 60 55 48
0.321974 0.094517 0.475951 65 60 53
0.341175 0.141094 0.467932 159 110 59
0.341078 0.141951 0.467798 159 110 59
0.340733 0.142814 0.467647 159 111 60
0.320982 0.094609 0.475103 67 60 48
0.321049 0.094623 0.474522 72 63 47
0.340827 0.142303 0.466999 159 111 59
0.340586 0.143012 0.466777 158 111 59
0.320234 0.094889 0.474752 81 72 54
0.320268 0.095051 0.474087 86 74 52
0.340406 0.143400 0.465947 158 110 59
0.340305 0.143792 0.465299 159 111 59
0.319830 0.095595 0.473351 91 76 51
0.340144 0.143621 0.465125 159 111 59
0.340253 0.143782 0.465110 159 111 59
0.319386 0.095985 0.472660 92 78 53
0.319045 0.096254 0.472269 92 80 55
0.318669 0.096509 0.471609 90 80 55
0.318112 0.097003 0.470754 86 76 54
0.317775 0.097369 0.470133 79 70 49
0.317484 0.097676 0.469749 73 64 42
0.317111 0.098039 0.469033 68 57 36
0.316502 0.098455 0.468219 77 65 41
0.316047 0.098729 0.467394 75 64 39
0.315652 0.099100 0.467199 76 65 40
0.315337 0.099417 0.466448 70 59 35
0.314856 0.099917 0.465586 78 70 50
0.314433 0.100462 0.465499 72 65 46
0.314669 0.100088 0.464811 88 81 63
0.314278 0.100660 0.464716 73 67 51
0.313993 0.101155 0.463868 68 63 48
0.313665 0.101785 0.463591 63 59 44
0.313542 0.102167 0.462839 68 64 48
0.313247 0.102977 0.462700 62 58 43
0.313495 0.102405 0.462042 73 68 53
0.313312 0.103205 0.461926 72 68 54
0.313241 0.104211 0.461689 87 83 69
0.313192 0.105089 0.461623 97 94 80
0.313367 0.104411 0.460987 91 88 73
0.313296 0.105402 0.460766 101 98 84
0.313155 0.106160 0.460554 107 105 90
0.313451 0.105685 0.459940 105 102 87
0.313220 0.106509 0.459901 109 106 91
0.313053 0.107342 0.459589 111 109 93
0.313149 0.107630 0.458986 114 111 95
0.313079 0.108495 0.458704 117 115 97
0.313136 0.109496 0.458322 119 116 99
0.313059 0.110329 0.458374 120 117 99
0.313373 0.109793 0.457753 121 118 100
0.313370 0.110670 0.457688 121 118 100
0.313588 0.111675 0.457338 122 117 99
0.313813 0.112641 0.457010 122 117 99
0.314000 0.113659 0.456831 123 117 99
0.314136 0.114703 0.456842 123 117 99
0.314358 0.113772 0.456341 124 118 100
0.314500 0.114699 0.456290 124 119 100
0.314775 0.115717 0.456153 124 118 100
0.315064 0.116635 0.455963 125 118 100
0.315414 0.117615 0.455744 125 118 100
0.315805 0.118636 0.455430 125 119 100
0.316203 0.119589 0.455247 125 119 100
0.316549 0.120650 0.455121 125 118 99
0.316908 0.121553 0.454859 125 118 99
0.317204 0.122657 0.454618 125 118 98
0.317521 0.123565 0.454256 125 118 98
0.317947 0.124036 0.453870 126 118 98
0.317339 0.123878 0.454106 124 117 97
0.317520 0.124292 0.453866 124 116 96
0.316826 0.126122 0.452739 88 82 61
0.316903 0.126715 0.452392 89 83 61
0.316834 0.127191 0.451752 93 86 63
0.316936 0.127579 0.451205 96 88 65
0.316255 0.127657 0.451402 99 90 67
0.316545 0.128073 0.450632 103 93 69
0.316925 0.128555 0.450023 105 95 71
0.315931 0.128495 0.450033 110 99 76
0.316301 0.128992 0.449479 111 101 77
0.315019 0.128891 0.449264 121 110 88
0.315705 0.129240 0.448891 119 108 86
0.316454 0.129603 0.448855 114 103 80
0.314428 0.129062 0.448542 123 111 88
0.314962 0.129301 0.448040 128 116 92
0.313631 0.129252 0.447672 120 107 82
0.314165 0.129440 0.447220 128 114 88
0.312889 0.129345 0.446836 116 103 77
0.313525 0.129553 0.446428 128 114 88
0.312370 0.129450 0.446196 114 100 74
0.312865 0.129665 0.445669 124 110 84
0.311634 0.129693 0.445374 109 94 67
0.312108 0.129860 0.444842 118 103 77
0.310635 0.129727 0.444330 106 92 62
0.311408 0.130141 0.444024 112 98 69
0.310820 0.130511 0.443320 110 95 65
0.311122 0.130770 0.442626 116 100 71
0.310007 0.130919 0.442588 107 92 59
0.310476 0.131000 0.442146 112 97 65
0.311188 0.132675 0.441893 105 93 64
0.311202 0.133097 0.441612 100 91 65
0.309354 0.131139 0.442063 103 87 54
0.309775 0.131350 0.441432 107 91 58
0.310805 0.133405 0.440884 103 93 66
0.311169 0.134114 0.440719 101 92 67
0.309110 0.131725 0.440683 101 85 52
0.310516 0.133462 0.440433 103 93 66
0.308492 0.132176 0.439879 97 80 48
0.308648 0.132332 0.439216 97 81 49
0.307798 0.132599 0.439609 93 77 46
0.307973 0.132757 0.438919 94 77 46
0.307419 0.133214 0.438114 91 76 45
0.307026 0.133645 0.437557 90 75 44
0.306825 0.133913 0.436977 90 75 45
0.306358 0.134392 0.436345 89 74 44
0.305908 0.134935 0.435531 87 72 44
0.305693 0.135174 0.435176 85 71 44
0.305354 0.135501 0.434629 82 69 44
0.304869 0.136028 0.433788 78 68 45
0.304245 0.136472 0.433178 79 72 52
0.304271 0.136519 0.432620 84 76 56
0.302660 0.135522 0.432128 128 125 114
0.303249 0.136313 0.432040 117 113 100
0.303910 0.136612 0.431983 99 92 75
0.301217 0.132720 0.431449 136 136 128
0.301458 0.133410 0.431683 136 137 129
0.301892 0.134328 0.431774 137 137 127
0.302534 0.135017 0.431611 134 132 122
0.303144 0.135789 0.431432 129 125 114
0.300411 0.132770 0.431161 135 134 125
0.300779 0.133287 0.431131 138 138 128
0.299232 0.131678 0.430554 121 117 105
0.299975 0.132560 0.430531 133 131 120
0.300533 0.133007 0.430368 138 137 127
0.298061 0.130960 0.429764 104 97 86
0.298582 0.131506 0.430025 109 104 92
0.296993 0.130478 0.429448 107 100 88
0.297490 0.130566 0.429071 104 97 85
0.297153 0.130747 0.428563 110 103 90
0.334265 0.105382 0.480606 87 55 24
0.334514 0.106009 0.480600 85 53 24
0.334890 0.106899 0.480474 84 53 25
0.335203 0.107845 0.480350 87 55 26
0.335531 0.108834 0.480178 88 57 27
0.335776 0.109857 0.480075 87 56 26
0.333492 0.105298 0.480232 90 57 27
0.334011 0.105968 0.480258 89 57 27
0.334294 0.107015 0.479889 90 58 29
0.335933 0.109176 0.479720 88 57 28
0.336031 0.109969 0.479731 88 57 27
0.336264 0.110934 0.479450 86 55 25
0.336374 0.111888 0.479078 86 55 25
0.336400 0.112784 0.478919 86 55 25
0.331182 0.101616 0.479713 67 37 13
0.331491 0.102280 0.479766 68 39 14
0.332110 0.103212 0.479862 77 46 21
0.332712 0.104103 0.479868 86 54 26
0.333083 0.105091 0.479762 88 56 28
0.333564 0.106108 0.479613 90 58 29
0.333954 0.106889 0.479607 92 60 30
0.336301 0.112292 0.478580 92 60 27
0.336400 0.112968 0.478465 90 58 26
0.336649 0.113992 0.478201 93 60 28
0.336929 0.114984 0.477843 98 63 31
0.337177 0.116030 0.477505 105 69 35
0.337414 0.117005 0.477226 113 75 40
0.337533 0.117984 0.477185 118 78 41
0.337911 0.119322 0.477108 125 84 44
0.329880 0.099727 0.479142 81 51 20
0.330144 0.100464 0.479487 77 47 17
0.330790 0.101320 0.479694 70 40 14
0.330959 0.102130 0.479904 67 38 13
0.337693 0.117155 0.476800 114 77 41
0.337834 0.118046 0.476725 121 81 43
0.338065 0.119066 0.476598 126 85 45
0.338370 0.120028 0.476392 130 88 48
0.338713 0.120960 0.476169 132 90 49
0.339055 0.121926 0.475960 133 91 50
0.339441 0.122961 0.475693 132 90 50
0.339796 0.123990 0.475441 130 88 48
0.340130 0.124952 0.475230 130 89 48
0.340438 0.125877 0.474971 133 91 50
0.340716 0.126977 0.474855 133 91 51
0.341076 0.128011 0.474657 133 91 51
0.341356 0.128977 0.474542 128 87 47
0.341589 0.129863 0.474486 128 87 48
0.341860 0.130691 0.474367 131 90 51
0.329363 0.099803 0.478777 84 53 21
0.329340 0.100282 0.478928 85 54 22
0.340695 0.126142 0.474473 138 95 53
0.340958 0.126962 0.474299 137 94 53
0.341275 0.127866 0.474151 136 94 53
0.341541 0.128896 0.474043 133 91 51
0.341818 0.129881 0.473918 132 90 51
0.342117 0.130875 0.473665 135 94 54
0.342202 0.131906 0.473321 139 96 55
0.342384 0.132723 0.472952 139 97 55
0.328016 0.098953 0.477950 91 59 25
0.328487 0.099581 0.478303 88 57 23
0.342054 0.132016 0.472802 149 103 56
0.342300 0.132986 0.472639 145 100 55
0.342480 0.134023 0.472265 142 98 54
0.342582 0.134935 0.471983 145 100 55
0.326848 0.097977 0.477478 108 76 39
0.327422 0.098647 0.477829 98 67 31
0.342353 0.134321 0.471364 158 109 57
0.342392 0.135080 0.471496 154 106 56
0.342391 0.136115 0.471069 159 110 59
0.342321 0.137029 0.470816 161 113 59
0.325088 0.096721 0.476916 111 83 48
0.325834 0.097087 0.476947 116 85 48
0.342457 0.136530 0.470373 162 113 60
0.342368 0.137314 0.470169 162 113 59
0.342241 0.138083 0.469878 161 113 58
0.323558 0.094860 0.476519 68 53 34
0.324159 0.095442 0.476341 83 63 37
0.324868 0.096168 0.476451 105 79 46
0.342219 0.138441 0.469227 162 113 59
0.342004 0.139181 0.468984 160 112 59
0.323272 0.094426 0.475879 65 53 39
0.324055 0.095052 0.475831 80 61 38
0.341831 0.139587 0.468239 159 111 58
0.341483 0.140270 0.468068 158 109 58
0.322221 0.094104 0.474953 64 59 52
0.322651 0.094150 0.475311 67 60 50
0.341614 0.139812 0.467515 157 109 57
0.341358 0.140514 0.467294 157 108 57
0.341249 0.141393 0.467204 158 110 59
0.321889 0.094153 0.474506 64 57 46
0.321519 0.094399 0.474226 69 60 46
0.341170 0.140873 0.466449 155 107 56
0.341031 0.141700 0.466239 157 108 58
0.340783 0.142466 0.466148 158 110 59
0.321113 0.094675 0.473475 83 71 50
0.340805 0.142009 0.465439 156 108 58
0.340585 0.142817 0.465323 158 110 58
0.320528 0.095218 0.472620 91 77 52
0.340357 0.143097 0.464446 158 110 59
0.340112 0.143728 0.464432 159 112 59
0.320046 0.095524 0.471815 90 77 52
0.319533 0.095896 0.471745 90 78 53
0.340090 0.143386 0.463681 159 112 60
0.340007 0.143884 0.463459 160 113 61
0.319373 0.096013 0.470927 88 77 53
0.318787 0.096490 0.470012 79 69 46
0.318375 0.096893 0.469186 64 54 33
0.317962 0.097307 0.469093 59 49 29
0.318135 0.096985 0.468370 65 55 35
0.317729 0.097401 0.468353 61 50 29
0.317181 0.097760 0.467565 68 57 34
0.316590 0.098176 0.466654 76 65 40
0.316205 0.098422 0.465770 87 76 51
0.315837 0.098813 0.465757 83 73 49
0.315431 0.099172 0.464923 89 81 60
0.314991 0.099711 0.464089 91 84 66
0.314628 0.100203 0.463925 88 83 66
0.314467 0.100526 0.463135 88 83 66
0.314216 0.101009 0.462392 90 86 69
0.313937 0.101510 0.462071 88 84 68
0.313773 0.102005 0.461462 81 77 61
0.313603 0.102662 0.461076 77 74 58
0.313628 0.103080 0.460541 81 77 62
0.313591 0.103948 0.460189 88 84 69
0.313564 0.104923 0.459992 98 95 80
0.313730 0.104342 0.459437 96 93 77
0.313701 0.105133 0.459426 101 98 83
0.313638 0.106069 0.459020 109 106 90
0.313382 0.106855 0.458854 113 110 94
0.313822 0.106396 0.458369 117 114 98
0.313568 0.107129 0.458270 117 114 98
0.313543 0.108111 0.457761 121 118 101
0.313395 0.108917 0.457829 121 118 101
0.313729 0.108403 0.457235 122 119 101
0.313696 0.109250 0.457150 123 119 101
0.313912 0.110300 0.456700 124 120 101
0.314144 0.111298 0.456390 124 119 101
0.314249 0.112164 0.456294 124 119 100
0.314584 0.112347 0.455858 124 119 100
0.314698 0.113312 0.455816 125 119 101
0.315026 0.114364 0.455505 126 120 101
0.315353 0.115289 0.455265 126 120 101
0.315700 0.116233 0.455023 126 120 101
0.316124 0.117247 0.454846 127 120 101
0.316406 0.118159 0.454682 126 120 100
0.316736 0.119267 0.454488 126 120 100
0.317075 0.120244 0.454236 126 119 99
0.317461 0.121193 0.453978 126 119 99
0.317817 0.122156 0.453772 126 118 98
0.318008 0.123142 0.453723 126 118 98
0.317953 0.122243 0.453308 125 118 96
0.318105 0.123355 0.453294 124 117 96
0.318239 0.123967 0.453160 124 117 95
0.317166 0.128008 0.450033 100 92 68
0.317174 0.128348 0.449597 103 94 70
0.317375 0.128002 0.449137 100 91 68
0.317114 0.128893 0.449099 106 96 72
0.317132 0.129425 0.448594 108 98 73
0.316142 0.129513 0.448470 117 106 83
0.316747 0.129762 0.448126 113 102 78
0.317054 0.130295 0.447465 111 100 75
0.315506 0.129546 0.447592 128 115 91
0.316095 0.129980 0.447164 120 107 82
0.316623 0.130370 0.446939 114 101 75
0.314803 0.129663 0.446739 134 120 93
0.315393 0.129952 0.446323 133 118 91
0.314212 0.129766 0.445937 138 123 95
0.314711 0.129949 0.445522 143 128 98
0.313587 0.129862 0.445125 138 123 96
0.314065 0.129997 0.444760 145 130 101
0.312850 0.130031 0.444236 132 117 91
0.313324 0.130224 0.443857 140 124 97
0.312039 0.130307 0.443502 123 107 80
0.312510 0.130415 0.443134 131 115 88
0.311663 0.130484 0.443039 119 103 75
0.311789 0.130678 0.442403 123 107 79
0.311232 0.131063 0.441584 119 103 74
0.311456 0.132960 0.441206 105 94 68
0.310593 0.131375 0.440865 114 98 67
0.311308 0.133156 0.440507 109 97 69
0.311200 0.134154 0.440297 103 94 68
0.309833 0.131787 0.440178 106 90 58
0.310177 0.131900 0.439687 108 92 60
0.310753 0.133478 0.439649 107 95 67
0.311128 0.134300 0.439484 105 95 69
0.311441 0.134648 0.439165 106 96 71
0.309080 0.132064 0.439544 101 84 52
0.309448 0.132234 0.439001 103 86 54
0.310189 0.133800 0.438815 104 91 63
0.310443 0.134127 0.438566 106 93 67
0.308855 0.132624 0.438195 99 82 50
0.309912 0.134336 0.437711 100 87 61
0.308296 0.133056 0.437510 96 80 48
0.308333 0.133223 0.436988 98 81 49
0.307636 0.133395 0.437025 94 78 47
0.307734 0.133587 0.436433 95 79 48
0.307188 0.134149 0.435584 95 78 47
0.306705 0.134573 0.434950 94 77 46
0.306593 0.134829 0.434505 94 77 46
0.306185 0.135210 0.433892 94 76 46
0.305634 0.135685 0.433088 91 74 46
0.305743 0.135812 0.432453 95 76 47
0.305264 0.135969 0.432564 89 73 48
0.305063 0.136209 0.432076 90 75 51
0.303661 0.136328 0.431314 117 111 97
0.304347 0.136527 0.431265 101 91 72
0.301383 0.132594 0.431117 138 139 130
0.301888 0.133114 0.431103 138 140 132
0.302547 0.133843 0.431114 137 139 130
0.303136 0.134941 0.431010 131 130 120
0.303630 0.135827 0.430844 123 118 106
0.304173 0.136392 0.430637 112 105 89
0.300599 0.131661 0.430370 131 129 120
0.301006 0.132193 0.430583 135 135 126
0.301634 0.132734 0.430670 139 140 132
0.299017 0.129248 0.429697 114 106 95
0.299335 0.130410 0.429728 118 112 101
0.299994 0.131407 0.429751 126 122 111
0.300303 0.132264 0.429685 132 129 119
0.300759 0.132854 0.430106 137 136 127
0.298243 0.128885 0.429546 106 96 85
0.298498 0.129446 0.429422 108 99 88
0.298980 0.130527 0.429255 112 104 93
0.299763 0.131235 0.429155 124 118 107
0.300147 0.132039 0.428970 128 124 113
0.297830 0.129961 0.428915 104 95 83
0.298104 0.130446 0.428771 104 96 84
0.335103 0.105712 0.479943 75 44 19
0.335498 0.106580 0.479824 72 42 17
0.335789 0.107484 0.479756 73 43 17
0.335972 0.108411 0.479674 79 48 20
0.333913 0.103798 0.479330 87 55 26
0.334386 0.104748 0.479507 86 55 27
0.334641 0.105557 0.479463 87 56 29
0.334675 0.106425 0.479278 93 62 34
0.336087 0.107573 0.479275 71 42 16
0.336252 0.108521 0.479278 76 45 18
0.336567 0.109627 0.478879 82 52 23
0.336628 0.110480 0.478644 89 58 28
0.336780 0.111476 0.478245 96 65 33
0.336857 0.112195 0.478132 95 64 31
0.331791 0.100971 0.479111 77 46 19
0.332319 0.101877 0.479192 83 52 24
0.332899 0.102800 0.479242 88 56 27
0.333349 0.103682 0.479391 90 58 27
0.333784 0.104700 0.479208 92 60 31
0.334213 0.105778 0.479165 96 64 34
0.336837 0.111968 0.478054 97 66 33
0.337080 0.112555 0.477817 96 64 32
0.337301 0.113626 0.477424 93 61 28
0.337543 0.114630 0.477011 92 59 27
0.337727 0.115566 0.476705 96 60 27
0.337683 0.116417 0.476789 106 69 34
0.330409 0.099324 0.478743 82 52 21
0.331021 0.100008 0.479018 77 46 18
0.331350 0.100785 0.479245 72 42 16
0.338015 0.115773 0.476251 94 59 26
0.338002 0.116651 0.476312 105 68 32
0.338256 0.117639 0.475984 116 77 39
0.338501 0.118688 0.475709 126 85 45
0.338797 0.119668 0.475406 132 90 49
0.339130 0.120593 0.475107 137 94 53
0.339433 0.121579 0.474982 140 97 55
0.339721 0.122604 0.474876 140 97 55
0.340051 0.123729 0.474727 139 96 54
0.340352 0.124652 0.474603 139 96 55
0.340551 0.125314 0.474530 137 95 54
0.329946 0.099348 0.478174 87 55 23
0.330166 0.099736 0.478257 89 57 25
0.339688 0.121731 0.474449 143 99 57
0.339958 0.122542 0.474329 143 99 57
0.340253 0.123606 0.474223 143 99 56
0.340575 0.124588 0.474032 142 99 56
0.340802 0.125602 0.473922 143 99 56
0.341134 0.126553 0.473689 142 99 56
0.341512 0.127654 0.473469 142 99 57
0.341853 0.128610 0.473240 140 98 56
0.342187 0.129545 0.473002 139 97 56
0.342417 0.130586 0.472806 140 99 58
0.342574 0.131519 0.472645 142 100 58
0.328469 0.097733 0.477054 101 68 33
0.328691 0.098398 0.477504 92 60 25
0.329210 0.099019 0.477823 87 55 21
0.342381 0.130893 0.472141 149 104 59
0.342568 0.131640 0.472038 148 104 59
0.342737 0.132680 0.471816 147 104 59
0.342899 0.133725 0.471485 147 103 59
0.343115 0.134389 0.471239 146 103 59
0.327148 0.097044 0.476636 114 81 43
0.327685 0.097566 0.476998 107 74 38
0.327977 0.098112 0.477437 99 67 31
0.342403 0.132811 0.470885 162 113 61
0.342608 0.133739 0.470833 158 110 60
0.342700 0.134653 0.470735 157 109 59
0.342591 0.135560 0.470410 159 110 58
0.326120 0.096083 0.475935 126 92 53
0.326518 0.096617 0.476355 120 87 49
0.342638 0.134843 0.469821 163 113 61
0.342663 0.135890 0.469669 163 113 60
0.342587 0.136833 0.469360 164 114 60
0.324896 0.095369 0.475455 113 85 53
0.325488 0.095784 0.475741 123 92 56
0.342641 0.137131 0.468742 165 115 60
0.342476 0.137949 0.468466 163 114 59
0.323710 0.094445 0.475136 79 62 43
0.324361 0.094964 0.475088 98 75 48
0.342440 0.138281 0.467763 161 113 59
0.342192 0.138969 0.467550 159 110 58
0.323314 0.094156 0.474437 80 66 48
0.324019 0.094602 0.474357 95 75 51
0.341984 0.139433 0.466785 156 108 57
0.341591 0.139951 0.466563 156 107 56
0.322337 0.093930 0.474161 67 58 45
0.322488 0.094053 0.473538 79 66 47
0.341387 0.140369 0.465798 153 105 54
0.341120 0.141224 0.465501 153 105 54
0.321844 0.094396 0.472828 90 76 53
0.341173 0.140671 0.464978 151 103 51
0.340973 0.141460 0.464763 152 105 54
0.340808 0.142226 0.464719 156 109 58
0.321253 0.094781 0.471977 95 80 54
0.340763 0.141731 0.463926 151 105 55
0.340567 0.142487 0.463778 154 108 58
0.320637 0.095113 0.471156 92 79 53
0.340301 0.142920 0.462982 156 110 60
0.340103 0.143630 0.462854 159 114 62
0.320406 0.095252 0.470502 90 78 52
0.319956 0.095576 0.470218 87 75 51
0.340146 0.143120 0.462302 156 111 62
0.339981 0.143893 0.462101 159 114 63
0.339938 0.144532 0.461662 159 115 63
0.319441 0.095969 0.469394 73 62 39
0.339948 0.144745 0.461041 157 115 64
0.318907 0.096389 0.468542 67 57 34
0.318353 0.096696 0.467736 80 69 47
0.317879 0.097097 0.467720 79 68 46
0.318068 0.096803 0.467003 87 75 51
0.317651 0.097131 0.466946 85 73 49
0.317107 0.097501 0.466066 90 78 52
0.316517 0.097982 0.465187 92 81 56
0.316299 0.098172 0.464494 87 76 53
0.315935 0.098617 0.464289 80 71 48
0.315579 0.099170 0.463460 79 72 52
0.315292 0.099571 0.462915 86 80 61
0.315006 0.099979 0.462431 90 85 66
0.314678 0.100563 0.461680 89 85 67
0.314460 0.101008 0.461289 85 81 64
0.314298 0.101525 0.460747 79 75 58
0.314143 0.102096 0.460299 82 79 62
0.314106 0.102613 0.459851 87 83 67
0.313986 0.103368 0.459387 89 86 69
0.314035 0.103899 0.458964 94 91 74
0.314109 0.104702 0.458636 104 100 84
0.314202 0.105595 0.458227 114 111 95
0.314250 0.106055 0.457874 119 116 99
0.314123 0.106756 0.457455 121 118 101
0.314067 0.107562 0.457070 121 118 101
0.314164 0.107936 0.456650 122 119 101
0.314202 0.108871 0.456295 125 121 103
0.314440 0.109946 0.455869 125 121 103
0.314494 0.110778 0.455831 126 121 103
0.314784 0.110958 0.455386 125 121 102
0.314944 0.111888 0.455265 126 121 102
0.315271 0.112948 0.454959 126 121 102
0.315546 0.113967 0.454699 126 121 101
0.315869 0.114915 0.454490 126 120 101
0.316272 0.115905 0.454198 126 120 101
0.316628 0.116882 0.454048 126 120 100
0.317007 0.117836 0.453780 126 120 100
0.317387 0.118907 0.453564 126 120 99
0.317688 0.119884 0.453529 126 120 100
0.317851 0.120866 0.453457 125 119 99
0.318107 0.121679 0.453364 126 119 99
0.317634 0.119155 0.453089 125 119 99
0.317834 0.119807 0.453002 125 118 98
0.318077 0.120768 0.452955 124 118 97
0.318354 0.121787 0.452854 124 117 96
0.318749 0.122807 0.452574 124 117 96
0.319114 0.123732 0.452370 124 117 96
0.317469 0.127909 0.448997 99 91 68
0.317567 0.128437 0.448731 100 91 68
0.317867 0.129179 0.448007 101 92 68
0.317649 0.129700 0.447569 104 94 69
0.317630 0.130237 0.447024 106 95 70
0.317149 0.130657 0.446462 110 98 71
0.317383 0.131534 0.445729 110 97 70
0.317702 0.132136 0.445534 111 99 72
0.315797 0.130225 0.445866 129 114 85
0.316342 0.130747 0.445613 120 104 76
0.317017 0.131390 0.445311 113 97 69
0.317479 0.132340 0.445096 111 97 70
0.315261 0.130208 0.445043 141 124 95
0.315919 0.130667 0.444666 127 110 80
0.316471 0.131253 0.444620 120 102 73
0.314634 0.130205 0.444200 148 131 102
0.315284 0.130598 0.443937 142 124 95
0.313989 0.130423 0.443353 147 131 103
0.314627 0.130547 0.443121 151 134 105
0.313281 0.130571 0.442469 142 125 97
0.312582 0.130781 0.441690 136 119 90
0.312961 0.130867 0.441243 140 123 94
0.311919 0.131107 0.441122 127 110 81
0.312263 0.131191 0.440657 130 114 84
0.311512 0.131555 0.440017 122 106 76
0.311890 0.133237 0.439747 114 101 73
0.312254 0.133404 0.439368 116 103 75
0.310922 0.131894 0.439173 114 98 67
0.311289 0.133403 0.439036 111 97 69
0.311642 0.133714 0.438767 112 99 72
0.311849 0.134831 0.438572 105 96 71
0.312252 0.135255 0.437942 105 97 73
0.310226 0.132335 0.438350 109 92 60
0.310505 0.133010 0.438115 109 93 62
0.310976 0.134040 0.438034 108 95 67
0.311510 0.134860 0.437809 107 97 71
0.311979 0.135446 0.437672 108 99 74
0.309590 0.132608 0.437762 104 88 56
0.309928 0.132724 0.437333 108 91 58
0.310415 0.134360 0.437234 104 90 63
0.310855 0.134874 0.436907 108 94 68
0.309033 0.132896 0.437280 101 84 53
0.309143 0.133127 0.436615 103 86 54
0.310065 0.134672 0.436573 101 88 61
0.310362 0.134781 0.436356 103 90 63
0.308574 0.133594 0.435732 102 84 52
0.308671 0.133880 0.435042 105 86 54
0.308011 0.133987 0.434994 101 82 50
0.308023 0.134192 0.434473 102 82 50
0.307320 0.134364 0.434706 97 79 48
0.307452 0.134588 0.434005 100 80 47
0.306974 0.135102 0.433168 100 78 46
0.307095 0.135303 0.432562 102 79 45
0.306377 0.135494 0.432689 98 77 45
0.306466 0.135611 0.432155 99 77 44
0.305845 0.136011 0.431484 97 77 47
0.305187 0.136337 0.430526 103 87 63
0.303892 0.134851 0.430560 123 121 110
0.304332 0.135478 0.430199 117 112 99
0.304604 0.136231 0.430151 111 102 84
0.299867 0.131428 0.428658 124 119 108
0.300121 0.132113 0.428527 128 123 112
0.335572 0.105551 0.479465 69 40 17
0.335844 0.106206 0.479359 69 41 16
0.334154 0.102557 0.478749 86 53 24
0.334420 0.103307 0.478944 82 51 23
0.334931 0.104428 0.478977 80 52 25
0.335589 0.105110 0.479115 75 48 23
0.336077 0.106244 0.478992 78 51 24
0.336396 0.107058 0.478864 78 50 23
0.336805 0.108220 0.478511 79 51 23
0.337006 0.109199 0.478247 83 53 24
0.337327 0.110202 0.477870 90 60 29
0.337584 0.111030 0.477533 95 64 33
0.331873 0.100223 0.478789 82 50 21
0.332477 0.100597 0.478531 93 59 29
0.333103 0.101477 0.478666 95 61 30
0.333681 0.102342 0.478814 90 57 26
0.333782 0.103078 0.479076 88 56 25
0.337498 0.111680 0.477442 98 67 36
0.337750 0.112123 0.477120 99 69 37
0.337927 0.113218 0.476697 102 70 37
0.338112 0.114271 0.476300 100 67 34
0.338149 0.114937 0.476117 97 63 30
0.331016 0.099050 0.478334 84 52 22
0.331652 0.099601 0.478219 87 54 24
0.332252 0.100232 0.478432 90 57 26
0.338365 0.115305 0.475773 100 65 32
0.338541 0.116244 0.475515 99 63 29
0.338776 0.117292 0.475134 105 67 30
0.339011 0.118335 0.474796 115 75 37
0.339138 0.119272 0.474682 127 85 45
0.339273 0.120140 0.474644 136 93 52
0.330216 0.098136 0.477031 88 55 23
0.330436 0.098803 0.477411 88 55 23
0.330950 0.099388 0.477731 92 59 27
0.339232 0.118575 0.474223 113 73 34
0.339376 0.119308 0.474203 124 82 42
0.339548 0.120284 0.474121 136 93 52
0.339840 0.121245 0.473933 142 98 56
0.340212 0.122289 0.473636 144 101 58
0.340547 0.123333 0.473394 146 102 59
0.340853 0.124272 0.473112 147 103 59
0.341110 0.125240 0.472925 147 103 58
0.341446 0.126344 0.472732 147 103 58
0.341825 0.127380 0.472585 147 103 60
0.342117 0.128287 0.472453 146 103 60
0.342399 0.129294 0.472319 144 102 60
0.342629 0.130163 0.472187 143 101 60
0.328993 0.097417 0.476672 100 67 33
0.329490 0.097956 0.477006 92 60 26
0.329675 0.098634 0.477452 89 56 23
0.341326 0.125392 0.472292 149 105 59
0.341570 0.126144 0.472194 148 104 58
0.341948 0.127265 0.472032 149 105 60
0.342276 0.128192 0.471882 148 104 61
0.342562 0.129213 0.471699 147 104 61
0.342774 0.130286 0.471495 147 105 62
0.342805 0.131227 0.471273 150 106 62
0.342941 0.132305 0.471046 150 106 61
0.327796 0.096529 0.476106 115 80 42
0.328402 0.097066 0.476469 107 73 38
0.342201 0.130381 0.470373 166 118 65
0.342478 0.131402 0.470380 163 116 64
0.342696 0.132421 0.470371 160 113 63
0.343011 0.133343 0.470368 154 109 62
0.326727 0.095721 0.475483 126 91 51
0.327220 0.096095 0.475802 121 86 47
0.342302 0.131610 0.469629 170 121 67
0.342421 0.132464 0.469459 169 120 66
0.342525 0.133478 0.469311 167 118 65
0.342658 0.134466 0.469122 166 117 64
0.342743 0.135480 0.468926 166 116 63
0.325458 0.095100 0.474934 130 98 61
0.326128 0.095300 0.475057 130 96 56
0.342688 0.134531 0.468340 169 120 66
0.342779 0.135622 0.468168 169 119 65
0.342799 0.136642 0.467985 166 117 63
0.342711 0.137403 0.467799 165 116 62
0.325115 0.094802 0.474371 125 96 61
0.342796 0.136815 0.467200 167 117 64
0.342629 0.137733 0.467054 163 114 61
0.342397 0.138509 0.466884 159 111 59
0.323688 0.094346 0.473692 93 74 50
0.324344 0.094491 0.473666 111 87 56
0.342576 0.138008 0.466237 162 113 61
0.342322 0.138784 0.466124 158 110 59
0.323331 0.094196 0.472951 96 77 51
0.324058 0.094326 0.472970 106 83 53
0.342170 0.139168 0.465360 155 107 58
0.341825 0.139714 0.465106 153 105 55
0.322650 0.094282 0.472064 104 85 56
0.341423 0.140245 0.464280 150 102 52
0.341034 0.140858 0.464156 149 102 50
0.321951 0.094468 0.471252 102 85 54
0.341192 0.140485 0.463531 148 102 51
0.340909 0.141140 0.463365 147 102 51
0.340832 0.141955 0.463148 150 104 56
0.321340 0.094711 0.470468 96 80 51
0.340643 0.141544 0.462558 145 102 54
0.340614 0.142320 0.462444 150 105 58
0.320943 0.094929 0.470004 92 76 48
0.320646 0.095154 0.469463 84 70 42
0.340463 0.141776 0.461729 142 100 54
0.340503 0.142583 0.461648 149 106 60
0.340287 0.143393 0.461291 155 112 63
0.320105 0.095515 0.468762 73 60 35
0.340209 0.143870 0.460761 157 114 65
0.340116 0.144562 0.460401 157 115 65
0.319579 0.095822 0.467947 78 65 40
0.340092 0.144843 0.459609 157 116 66
0.340029 0.145308 0.459539 155 114 65
0.318957 0.096197 0.467159 86 74 48
0.318547 0.096442 0.466451 90 77 50
0.318141 0.096716 0.466107 92 79 51
0.317789 0.096953 0.465417 95 82 53
0.317168 0.097447 0.464554 95 83 56
0.316767 0.097857 0.463877 85 74 49
0.316561 0.098185 0.463422 69 59 36
0.316240 0.098735 0.462810 67 59 38
0.315960 0.099181 0.462253 75 68 47
0.315735 0.099555 0.461748 78 72 52
0.315380 0.100167 0.461076 82 77 59
0.315237 0.100562 0.460583 83 78 60
0.314983 0.101123 0.460049 80 75 58
0.314769 0.101686 0.459649 80 77 60
0.314740 0.102215 0.459195 89 86 69
0.314638 0.102868 0.458683 96 93 76
0.316510 0.106053 0.458181 110 106 91
0.316946 0.107232 0.458252 111 107 92
0.317176 0.107847 0.457717 117 113 98
0.317310 0.108611 0.457412 120 117 101
0.314578 0.103435 0.458255 98 95 78
0.314620 0.104352 0.457786 108 104 87
0.314648 0.105124 0.457584 115 111 95
0.316564 0.106888 0.457465 116 113 97
0.316919 0.108006 0.457345 118 115 99
0.317175 0.108649 0.457250 120 116 101
0.317951 0.110733 0.456606 124 119 103
0.314823 0.105544 0.457201 117 114 97
0.314732 0.106438 0.456649 120 117 99
0.314665 0.107412 0.456023 121 118 100
0.314797 0.108446 0.455530 124 120 102
0.314958 0.109429 0.455225 125 121 102
0.315111 0.109816 0.454910 126 121 102
0.315226 0.110539 0.454787 125 121 102
0.315500 0.111531 0.454482 126 121 102
0.315777 0.112554 0.454170 126 121 101
0.316350 0.113699 0.453940 127 122 102
0.316714 0.114507 0.453860 127 122 103
0.317041 0.115411 0.453744 128 122 103
0.317391 0.116403 0.453496 127 122 102
0.317708 0.117525 0.453044 126 120 101
0.317876 0.118341 0.452944 126 120 100
0.318895 0.121335 0.452465 126 120 100
0.317982 0.118774 0.452717 125 119 99
0.318241 0.119449 0.452558 125 119 98
0.318587 0.120413 0.452347 124 118 97
0.318983 0.121450 0.452206 124 118 98
0.319329 0.122617 0.451983 124 117 97
0.319441 0.123169 0.451695 124 117 96
0.318389 0.129403 0.446859 98 90 65
0.318398 0.130059 0.446528 99 90 65
0.318584 0.130650 0.446292 99 91 66
0.317941 0.130590 0.445988 103 91 65
0.318163 0.130880 0.445468 101 88 62
0.317889 0.132060 0.445355 109 98 71
0.317537 0.131454 0.444823 105 90 62
0.317786 0.132402 0.444483 107 92 65
0.318099 0.133275 0.444208 109 95 68
0.316040 0.130975 0.444096 123 104 75
0.316676 0.131705 0.444082 115 97 68
0.317348 0.132465 0.443728 105 88 61
0.317742 0.133397 0.443708 110 94 66
0.318068 0.134152 0.443317 109 94 66
0.318339 0.134887 0.442781 107 92 64
0.315614 0.130845 0.443432 133 114 85
0.316223 0.131660 0.443146 119 99 71
0.316799 0.132532 0.442861 108 89 61
0.317180 0.133444 0.442693 111 93 65
0.317657 0.134369 0.442521 111 93 65
0.318055 0.135135 0.442326 109 92 65
0.315025 0.130779 0.442508 148 130 100
0.315896 0.131525 0.442313 127 108 79
0.316201 0.132130 0.442164 121 102 73
0.316857 0.133491 0.442063 114 94 66
0.317186 0.134304 0.441991 116 97 68
0.314358 0.130874 0.441683 150 132 103
0.313616 0.130966 0.440895 145 128 98
0.313003 0.131226 0.440083 138 122 90
0.312332 0.131636 0.439348 130 114 83
0.312734 0.131821 0.438953 133 118 86
0.311604 0.131987 0.438730 121 105 74
0.311973 0.132143 0.438233 124 108 77
0.312421 0.133760 0.438086 118 105 77
0.312619 0.134227 0.437739 115 104 76
0.311218 0.132477 0.437555 117 100 68
0.311801 0.133862 0.437324 115 100 71
0.311951 0.134500 0.437285 109 99 73
0.312402 0.135319 0.436946 109 100 74
0.310594 0.132901 0.436732 113 96 63
0.311109 0.134099 0.436672 112 97 67
0.311279 0.134775 0.436334 111 97 69
0.311890 0.135564 0.436080 111 99 73
0.312136 0.136112 0.435468 110 99 73
0.310090 0.133190 0.435971 111 93 60
0.310410 0.133483 0.435532 114 95 61
0.310701 0.134981 0.435618 107 92 64
0.311285 0.135530 0.435237 111 97 70
0.312015 0.136134 0.435303 109 98 72
0.309301 0.133566 0.435307 108 89 56
0.309586 0.133710 0.434817 111 92 58
0.310545 0.135207 0.434988 108 92 63
0.310885 0.135561 0.434755 109 94 65
0.308751 0.133804 0.434851 107 86 54
0.308894 0.134139 0.434105 109 87 54
0.308310 0.134572 0.433332 107 84 50
0.308557 0.134835 0.432764 110 85 50
0.307689 0.134984 0.432916 104 81 46
0.307897 0.135177 0.432325 107 81 46
0.307281 0.135574 0.431630 105 79 43
0.306687 0.135964 0.430732 104 78 45
0.305872 0.136031 0.429835 106 88 63
0.305040 0.135416 0.429739 112 104 89
0.305133 0.135890 0.429754 110 99 80
0.337268 0.105616 0.477992 108 79 45
0.334798 0.102036 0.478178 101 67 35
0.335166 0.102830 0.478256 99 67 36
0.335718 0.103811 0.478241 99 69 39
0.336331 0.104814 0.478266 99 70 40
0.336849 0.105703 0.478256 100 71 40
0.337207 0.106620 0.478058 104 75 44
0.337529 0.107708 0.477784 108 80 48
0.337847 0.108784 0.477521 105 76 44
0.338130 0.109768 0.477204 104 74 42
0.338364 0.110718 0.476855 105 74 41
0.338581 0.111403 0.476580 105 75 41
0.333281 0.100122 0.477926 105 69 35
0.333991 0.101031 0.478121 104 68 34
0.334391 0.101747 0.478270 99 64 32
0.338495 0.111899 0.476496 104 73 40
0.338698 0.112777 0.476000 107 77 42
0.338787 0.113846 0.475520 111 79 44
0.338899 0.114468 0.475384 109 76 42
0.332364 0.099313 0.477446 99 65 31
0.332723 0.099711 0.477740 103 67 33
0.338943 0.114205 0.475189 113 80 44
0.338946 0.114878 0.475048 111 78 43
0.339153 0.115790 0.474654 111 76 41
0.339314 0.116875 0.474295 108 72 36
0.339224 0.117739 0.474293 106 67 31
0.330773 0.097801 0.476604 87 55 23
0.331311 0.098344 0.476890 87 55 23
0.331619 0.098941 0.477231 91 58 26
0.339582 0.117225 0.473692 115 77 42
0.339516 0.117994 0.473734 112 73 36
0.339690 0.118954 0.473360 117 77 38
0.339897 0.119949 0.473079 131 89 47
0.340153 0.120947 0.472928 142 98 55
0.340460 0.122009 0.472808 146 102 59
0.340757 0.123083 0.472636 148 104 60
0.340995 0.123965 0.472517 149 105 61
0.329764 0.096931 0.476059 96 63 30
0.330236 0.097421 0.476420 91 59 26
0.340138 0.120126 0.472356 134 92 50
0.340311 0.120827 0.472292 141 98 55
0.340612 0.121913 0.472109 148 103 59
0.340901 0.123005 0.471981 150 106 61
0.341169 0.123960 0.471829 151 106 62
0.341420 0.124898 0.471639 151 107 61
0.341768 0.125982 0.471402 150 106 60
0.342120 0.127035 0.471200 151 106 61
0.342442 0.127941 0.470978 150 106 62
0.342753 0.128957 0.470863 149 106 63
0.342934 0.129933 0.470669 150 108 64
0.343110 0.130555 0.470562 150 108 65
0.328587 0.096108 0.475484 113 77 40
0.329227 0.096553 0.475790 102 68 33
0.341681 0.127251 0.469888 166 117 66
0.342057 0.127973 0.469947 162 115 65
0.342345 0.129010 0.469965 161 115 65
0.342572 0.129993 0.470056 160 114 65
0.342892 0.130985 0.469796 158 113 65
0.343080 0.131872 0.469984 156 112 65
0.327476 0.095303 0.474751 127 90 49
0.328006 0.095637 0.475071 123 86 46
0.341422 0.127228 0.469530 171 121 67
0.341587 0.128077 0.469355 171 121 68
0.341794 0.129064 0.469172 171 122 68
0.342010 0.130073 0.469081 171 122 68
0.342211 0.131175 0.468993 171 122 68
0.342394 0.132259 0.468777 170 122 67
0.342497 0.133078 0.468614 170 121 67
0.326864 0.094966 0.474320 131 94 52
0.341950 0.130190 0.468263 172 123 69
0.342143 0.131188 0.468033 171 123 68
0.342328 0.132227 0.467900 171 122 69
0.342478 0.133233 0.467807 171 122 69
0.342627 0.134268 0.467730 171 122 68
0.342728 0.135230 0.467523 170 121 67
0.325823 0.094562 0.473610 130 97 57
0.326427 0.094637 0.473704 131 96 54
0.342417 0.133355 0.466981 172 123 70
0.342525 0.134230 0.466765 173 123 70
0.342670 0.135330 0.466663 171 122 68
0.342779 0.136424 0.466596 168 119 65
0.342781 0.137193 0.466435 165 116 63
0.325137 0.094339 0.472909 122 93 56
0.342604 0.135575 0.465820 170 122 68
0.342651 0.136428 0.465578 168 119 66
0.342657 0.137458 0.465612 164 116 63
0.342474 0.138301 0.465483 161 112 61
0.323787 0.094119 0.472142 107 84 51
0.324442 0.094109 0.472114 111 85 50
0.342527 0.137615 0.464694 165 117 64
0.342345 0.138556 0.464586 160 112 61
0.342099 0.139345 0.464434 153 106 57
0.323417 0.094084 0.471311 109 87 52
0.323988 0.093999 0.471186 110 85 49
0.342191 0.138752 0.463642 159 112 62
0.341940 0.139495 0.463595 151 105 56
0.322821 0.094139 0.470541 104 83 49
0.341551 0.139954 0.462774 147 102 54
0.341145 0.140579 0.462799 146 101 53
0.322162 0.094350 0.469785 94 74 42
0.322265 0.094362 0.469209 88 68 35
0.341386 0.140154 0.462043 144 99 52
0.340986 0.140767 0.461907 143 99 53
0.340831 0.141857 0.461767 143 101 55
0.321419 0.094683 0.469631 89 72 42
0.321505 0.094701 0.468840 84 66 36
0.340712 0.141245 0.461000 139 97 53
0.340564 0.142153 0.460802 140 98 55
0.340485 0.142928 0.460691 150 109 62
0.320821 0.095040 0.467987 81 65 37
0.340600 0.141456 0.460169 136 95 54
0.340551 0.142172 0.459988 137 96 56
0.340656 0.143235 0.459920 152 112 65
0.340593 0.143996 0.459641 156 116 66
0.320187 0.095380 0.467167 77 62 35
0.340422 0.144444 0.458928 156 117 68
0.340140 0.145127 0.458710 156 116 67
0.319669 0.095727 0.466422 80 65 38
0.340317 0.144729 0.458092 156 116 68
0.340023 0.145390 0.457898 155 115 67
0.319251 0.096043 0.465824 90 76 47
0.318995 0.096240 0.465314 94 79 49
0.339759 0.145785 0.457010 153 115 68
0.339614 0.146151 0.456410 152 115 69
0.318511 0.096566 0.464676 96 82 52
0.339464 0.145970 0.456315 152 115 69
0.339486 0.146007 0.456310 152 115 69
0.317934 0.097045 0.463833 96 83 55
0.317541 0.097433 0.463241 90 79 52
0.317332 0.097740 0.462759 78 67 42
0.316997 0.098303 0.462079 82 73 50
0.316762 0.098747 0.461531 91 83 62
0.316501 0.099218 0.461036 92 85 65
0.316209 0.099790 0.460397 93 87 68
0.316053 0.100206 0.459928 93 88 69
0.315762 0.100786 0.459371 94 89 71
0.315684 0.101243 0.458854 96 91 74
0.315533 0.101838 0.458575 97 93 76
0.315656 0.102619 0.458004 107 104 87
0.316481 0.105268 0.458061 110 105 90
0.317014 0.105745 0.457678 115 112 96
0.317352 0.106633 0.457642 116 112 96
0.317735 0.107688 0.457348 119 116 100
0.318394 0.108616 0.457013 121 117 101
0.318393 0.109546 0.456859 124 120 104
0.318601 0.110402 0.456691 125 121 105
0.318896 0.111668 0.456466 125 121 105
0.319248 0.112575 0.456462 126 121 105
0.315311 0.103233 0.457807 108 105 88
0.315483 0.103891 0.457222 113 109 93
0.315546 0.104553 0.456717 114 111 94
0.316560 0.106165 0.457321 118 115 99
0.316783 0.106750 0.456852 121 117 102
0.317174 0.107769 0.456561 123 119 103
0.317571 0.108718 0.456365 124 120 104
0.317968 0.109673 0.456302 125 121 105
0.318234 0.110601 0.456374 124 120 104
0.318571 0.111761 0.456343 124 120 103
0.319013 0.112511 0.456241 126 121 105
0.315534 0.105082 0.456536 116 112 95
0.315521 0.105961 0.456034 120 116 99
0.315749 0.106625 0.455522 123 120 102
0.316784 0.107978 0.456022 125 121 105
0.316997 0.108834 0.455832 125 121 105
0.317391 0.109696 0.455805 125 121 105
0.317780 0.110537 0.455401 127 123 106
0.315466 0.107117 0.455359 124 120 102
0.315603 0.108077 0.454843 127 123 105
0.315710 0.108848 0.454462 129 124 105
0.315757 0.109374 0.454267 130 124 105
0.316010 0.110202 0.453966 130 124 105
0.316210 0.111075 0.453717 129 123 105
0.316619 0.112111 0.453394 130 124 105
0.317141 0.113257 0.453321 131 125 106
0.317468 0.114053 0.453143 131 125 106
0.317846 0.114974 0.452907 131 125 106
0.318192 0.115856 0.452652 131 125 105
0.318323 0.117073 0.452420 130 123 103
0.318735 0.118036 0.452159 130 123 103
0.319214 0.119003 0.451883 130 124 104
0.319584 0.119956 0.451728 131 124 104
0.319824 0.120496 0.451634 132 125 105
0.320838 0.122196 0.451094 135 127 106
0.318516 0.118420 0.452204 128 121 101
0.318810 0.119231 0.452060 127 120 100
0.319248 0.120082 0.451783 127 120 100
0.319674 0.121048 0.451507 128 121 101
0.320169 0.122044 0.451185 129 122 101
0.320355 0.122921 0.451045 128 121 100
0.320380 0.123758 0.450977 127 120 99
0.318839 0.130065 0.445843 97 88 64
0.318828 0.130516 0.445664 97 88 63
0.318891 0.130121 0.445488 94 84 61
0.318949 0.130806 0.444890 94 84 59
0.319250 0.131303 0.444143 91 80 56
0.318314 0.131412 0.444413 94 80 54
0.318652 0.131867 0.443770 90 76 51
0.318037 0.132255 0.443175 87 70 46
0.318393 0.132985 0.442968 90 74 49
0.318764 0.133941 0.442742 95 81 55
0.318678 0.134807 0.442476 101 86 60
0.319009 0.135576 0.442241 105 90 62
0.317158 0.132559 0.442421 94 74 48
0.317754 0.132873 0.442150 86 68 43
0.317525 0.134401 0.441947 106 87 60
0.318339 0.135236 0.442076 105 89 62
0.318657 0.136099 0.441626 104 88 61
0.319040 0.136799 0.441128 100 84 57
0.315339 0.131013 0.441748 145 127 97
0.315825 0.131598 0.441673 132 113 84
0.316497 0.132507 0.441599 112 92 65
0.316921 0.133157 0.441313 102 82 56
0.317301 0.134413 0.441402 108 89 61
0.317639 0.135195 0.441099 107 88 61
0.318205 0.136207 0.440781 105 87 60
0.318839 0.137142 0.440430 99 82 56
0.319287 0.137660 0.440326 95 79 54
0.314900 0.131033 0.441191 151 133 103
0.315428 0.131485 0.440793 144 126 96
0.316083 0.132346 0.440452 128 109 80
0.316666 0.133354 0.440368 114 94 68
0.316926 0.134198 0.440243 116 97 69
0.317594 0.135468 0.440219 105 85 58
0.317895 0.136262 0.439977 105 86 59
0.318252 0.136987 0.439889 103 84 57
0.318724 0.137738 0.439671 98 81 54
0.314332 0.131131 0.440445 149 131 101
0.314813 0.131427 0.440044 149 131 100
0.315751 0.132038 0.439970 139 121 91
0.313501 0.131316 0.439595 144 126 94
0.314105 0.131569 0.439200 147 129 97
0.313321 0.131469 0.439064 141 125 92
0.313440 0.131800 0.438462 140 123 90
0.312817 0.132269 0.437601 132 116 83
0.313036 0.132495 0.437040 133 116 82
0.313047 0.134021 0.437209 121 108 79
0.312028 0.132635 0.436774 124 107 74
0.312535 0.132765 0.436403 128 111 76
0.312797 0.134295 0.436539 120 107 77
0.313016 0.135094 0.436431 109 99 73
0.313082 0.135810 0.435965 109 100 74
0.311534 0.132861 0.436416 120 102 69
0.311750 0.133151 0.435792 122 104 70
0.312226 0.134457 0.435715 118 103 73
0.312580 0.135290 0.435565 117 105 76
0.312779 0.135876 0.435293 115 103 76
0.311092 0.133602 0.435020 119 100 65
0.311455 0.134650 0.434965 115 99 68
0.311726 0.135343 0.434746 115 100 70
0.312320 0.136260 0.434573 112 100 73
0.310429 0.133836 0.434396 117 98 62
0.310931 0.134438 0.433966 118 99 64
0.311240 0.135501 0.433807 114 97 66
0.311682 0.136356 0.433662 114 99 70
0.309664 0.134240 0.433577 115 93 58
0.310106 0.134486 0.433069 118 96 61
0.310557 0.135647 0.433008 115 95 63
0.310941 0.136261 0.432694 114 95 65
0.309108 0.134513 0.433203 113 89 54
0.309364 0.134890 0.432414 115 91 55
0.310413 0.136018 0.432200 116 95 62
0.310543 0.136340 0.432141 116 95 63
0.308708 0.135281 0.431776 113 86 50
0.309214 0.135521 0.431255 119 91 55
0.308010 0.135641 0.431122 111 83 46
0.308484 0.135840 0.430582 118 89 52
0.307346 0.135917 0.430533 109 81 46
0.307663 0.136105 0.429863 116 88 54
0.306440 0.135866 0.429236 111 93 70
0.307092 0.136163 0.429123 116 94 65
0.337459 0.104636 0.477677 113 82 46
0.337602 0.105151 0.477656 115 84 48
0.337602 0.106005 0.477788 113 84 49
0.335325 0.100816 0.477388 115 80 42
0.335454 0.101509 0.477601 114 79 43
0.335981 0.102375 0.477635 115 81 46
0.336570 0.103368 0.477630 114 83 48
0.337053 0.104263 0.477734 112 81 46
0.337604 0.105546 0.477621 116 86 50
0.337998 0.106170 0.477357 121 91 54
0.338365 0.107184 0.477156 122 92 56
0.338662 0.108301 0.476897 120 91 56
0.338893 0.109259 0.476580 120 90 55
0.339123 0.110193 0.476266 120 88 53
0.339339 0.111092 0.475988 118 87 51
0.334084 0.099651 0.477250 113 77 40
0.334803 0.100574 0.477501 114 78 40
0.334884 0.101286 0.477807 111 75 40
0.339423 0.111529 0.475740 120 88 51
0.339511 0.112351 0.475395 118 86 50
0.339606 0.113358 0.474848 118 86 49
0.339964 0.113790 0.474339 122 89 51
0.332735 0.098264 0.476375 94 61 30
0.333087 0.098848 0.476745 106 71 37
0.339528 0.113872 0.474637 117 85 48
0.339624 0.114431 0.474306 118 85 48
0.339755 0.115427 0.473813 118 83 46
0.339745 0.116214 0.473592 118 82 45
0.331507 0.097323 0.475960 86 55 24
0.332082 0.097885 0.476261 88 55 25
0.339919 0.116645 0.473161 119 83 45
0.340008 0.117605 0.472748 122 83 45
0.340069 0.118568 0.472458 124 84 45
0.340057 0.119331 0.472423 127 86 46
0.330473 0.096524 0.475382 94 62 28
0.330956 0.096935 0.475731 90 58 26
0.340245 0.118721 0.471955 127 87 47
0.340280 0.119594 0.471847 131 90 49
0.340505 0.120591 0.471542 139 97 54
0.340805 0.121630 0.471225 146 103 59
0.341071 0.122685 0.471085 150 106 62
0.341345 0.123696 0.470932 151 107 62
0.341601 0.124658 0.470786 152 108 62
0.341927 0.125725 0.470662 152 108 62
0.342221 0.126509 0.470408 152 108 63
0.329331 0.095665 0.474705 118 82 44
0.329902 0.096098 0.475041 105 70 35
0.341194 0.122572 0.470480 148 105 61
0.341470 0.123554 0.470303 149 106 62
0.341484 0.124621 0.469940 154 109 62
0.341774 0.125680 0.469755 157 112 64
0.342158 0.126668 0.469731 156 111 64
0.342452 0.127541 0.469834 155 110 64
0.342789 0.128691 0.469883 153 110 65
0.343060 0.129322 0.469855 153 111 67
0.328097 0.094991 0.474086 128 91 49
0.328716 0.095230 0.474290 126 89 48
0.340791 0.123879 0.469235 155 110 63
0.340933 0.124770 0.469153 160 114 64
0.341120 0.125832 0.469109 166 118 66
0.341311 0.126917 0.468952 169 120 67
0.341487 0.127890 0.468735 170 121 68
0.341701 0.128839 0.468553 171 122 69
0.341853 0.129582 0.468485 172 123 69
0.327655 0.094686 0.473552 128 91 49
0.340958 0.125895 0.468238 164 117 66
0.341166 0.126915 0.468001 168 120 67
0.341350 0.127898 0.467820 170 121 68
0.341595 0.128919 0.467792 171 122 69
0.341791 0.129896 0.467693 172 123 69
0.342007 0.130939 0.467479 172 123 69
0.342215 0.131961 0.467289 172 123 69
0.326390 0.094309 0.472787 123 89 49
0.326960 0.094376 0.472886 124 88 48
0.341309 0.128219 0.467068 170 122 69
0.341443 0.128885 0.466962 171 122 69
0.341617 0.129866 0.466733 172 123 70
0.341864 0.130963 0.466553 172 123 70
0.342121 0.132049 0.466511 172 123 70
0.342302 0.133027 0.466413 172 123 70
0.342419 0.133987 0.466152 173 124 71
0.342539 0.134724 0.466099 173 124 71
0.325958 0.094120 0.472123 111 80 43
0.341828 0.131309 0.465837 172 123 71
0.341952 0.132024 0.465666 172 123 71
0.342120 0.133047 0.465410 172 124 71
0.342280 0.134036 0.465359 173 124 71
0.342444 0.135126 0.465287 172 123 70
0.342524 0.136145 0.465055 169 121 67
0.325128 0.093958 0.471360 105 76 40
0.342128 0.134123 0.464607 174 125 72
0.342262 0.135158 0.464313 173 124 70
0.342368 0.136248 0.464216 169 121 67
0.342439 0.137228 0.464087 167 119 65
0.342368 0.137945 0.463829 165 118 65
0.323709 0.093945 0.470529 109 85 48
0.324336 0.093878 0.470569 109 82 45
0.342202 0.136309 0.463349 170 121 67
0.342235 0.137309 0.463111 167 119 66
0.342180 0.138291 0.463147 163 116 64
0.342050 0.139094 0.462946 155 109 60
0.323306 0.093972 0.469999 103 79 43
0.323800 0.093864 0.469645 103 77 41
0.342091 0.137645 0.462379 166 119 66
0.341981 0.138427 0.462207 162 116 64
0.341863 0.139277 0.462148 153 107 58
0.322974 0.094052 0.469544 95 72 38
0.322962 0.094064 0.468897 90 67 33
0.341764 0.138705 0.461452 161 115 63
0.341639 0.139556 0.461246 150 104 56
0.341428 0.140201 0.461210 142 98 52
0.322301 0.094296 0.468230 85 64 33
0.341460 0.139895 0.460434 145 100 54
0.341045 0.140544 0.460318 139 95 52
0.321541 0.094624 0.467275 76 56 29
0.340765 0.141003 0.459477 134 93 52
0.340708 0.141902 0.459260 136 96 56
0.340878 0.142770 0.459092 147 108 65
0.321005 0.094962 0.466466 64 46 21
0.340618 0.142061 0.458538 139 100 61
0.340847 0.142812 0.458337 146 108 65
0.340780 0.143861 0.458181 154 116 68
0.320457 0.095408 0.465693 67 50 25
0.320563 0.095506 0.465059 74 56 28
0.340665 0.144143 0.457396 153 115 68
0.340326 0.144770 0.457221 153 115 68
0.319953 0.095705 0.465301 84 68 40
0.319915 0.095814 0.464796 89 73 44
0.339998 0.145144 0.456482 151 113 67
0.319299 0.096220 0.463950 96 81 49
0.339663 0.145590 0.455619 147 111 67
0.339589 0.146008 0.455872 150 113 68
0.318702 0.096729 0.463053 96 82 53
0.339251 0.145765 0.454646 147 113 70
0.339335 0.145951 0.454598 147 113 70
0.318256 0.097108 0.462673 94 81 53
0.318218 0.097322 0.462128 89 76 50
0.317748 0.097984 0.461352 91 81 57
0.317324 0.098834 0.460349 92 85 63
0.317021 0.099440 0.459754 92 85 65
0.316894 0.099814 0.459259 90 84 65
0.316606 0.100408 0.458728 92 86 68
0.316478 0.100950 0.458228 98 94 77
0.318289 0.105369 0.457326 104 99 83
0.318392 0.105719 0.457301 103 99 83
0.319009 0.107963 0.457187 107 103 87
0.316413 0.101464 0.457923 100 96 79
0.316524 0.102318 0.457473 109 105 89
0.316652 0.103066 0.456998 118 115 98
0.317845 0.105313 0.457056 114 110 94
0.318127 0.106100 0.456843 116 112 96
0.318730 0.107044 0.456871 112 108 92
0.319014 0.108204 0.456468 119 116 99
0.319173 0.109072 0.456260 123 119 103
0.319794 0.109895 0.455854 124 120 104
0.320108 0.111119 0.455481 128 124 108
0.320518 0.112159 0.455389 129 124 108
0.316423 0.103631 0.456711 120 117 101
0.316469 0.104300 0.456125 122 119 102
0.317705 0.106519 0.456343 125 121 105
0.317802 0.107413 0.455912 126 123 106
0.318181 0.108416 0.455680 127 123 107
0.318668 0.109292 0.455663 127 123 107
0.319025 0.110150 0.455224 130 125 109
0.319833 0.110948 0.455241 130 125 109
0.320330 0.112144 0.455066 131 126 110
0.320558 0.112580 0.454881 131 126 110
0.316280 0.104829 0.455879 121 118 101
0.316347 0.105504 0.455374 124 120 103
0.316331 0.106232 0.454914 126 122 105
0.317320 0.107894 0.455612 128 124 107
0.317776 0.108587 0.455268 129 125 108
0.318091 0.109374 0.455049 130 125 108
0.318302 0.110417 0.454907 130 125 108
0.316326 0.106729 0.454610 128 124 107
0.316402 0.107589 0.454187 130 125 108
0.316595 0.108555 0.453687 133 127 109
0.317027 0.109129 0.453300 136 130 111
0.315987 0.108112 0.452727 106 100 76
0.316318 0.109057 0.453232 123 117 96
0.316703 0.109626 0.453176 127 121 101
0.317123 0.110620 0.453092 134 128 109
0.317412 0.111703 0.452869 135 129 110
0.317851 0.112803 0.452736 136 130 111
0.318180 0.113603 0.452589 136 130 111
0.318562 0.114646 0.452349 137 130 111
0.318940 0.115604 0.452130 136 129 111
0.319168 0.116730 0.451897 136 129 110
0.319509 0.117732 0.451664 137 130 110
0.319966 0.118461 0.451450 135 128 110
0.320427 0.119523 0.451235 139 132 112
0.320754 0.120496 0.451050 140 132 112
0.320855 0.121669 0.450975 136 128 108
0.321268 0.122461 0.450720 138 130 109
0.316194 0.109000 0.452513 104 99 76
0.316444 0.109884 0.452374 105 100 77
0.316630 0.110775 0.452268 106 102 78
0.316623 0.111654 0.452394 116 111 88
0.319634 0.118703 0.451279 127 124 107
0.320594 0.121089 0.450860 138 130 109
0.320854 0.121719 0.450752 138 130 109
0.321132 0.122775 0.450649 135 127 107
0.321366 0.123705 0.450418 134 126 105
0.319868 0.130793 0.443933 92 84 60
0.319852 0.131207 0.443781 91 82 58
0.319563 0.131681 0.443209 89 78 52
0.319492 0.132127 0.442813 89 76 50
0.319676 0.133295 0.442662 89 77 52
0.318747 0.132201 0.442853 84 70 45
0.319108 0.132670 0.442205 86 71 45
0.319406 0.133608 0.442065 86 72 47
0.319660 0.134148 0.441644 86 72 47
0.318505 0.132968 0.441633 83 66 41
0.319049 0.133418 0.441189 86 69 44
0.319422 0.134600 0.441304 84 70 45
0.319631 0.135420 0.440774 84 69 45
0.317811 0.133053 0.440811 86 67 43
0.318537 0.133364 0.440632 86 68 43
0.319333 0.136625 0.439573 84 67 42
0.319609 0.137854 0.439704 89 73 49
0.316184 0.132579 0.439969 126 107 78
0.316644 0.133223 0.439703 112 93 65
0.316771 0.134062 0.439556 120 101 73
0.319024 0.136625 0.439201 83 65 41
0.319085 0.138088 0.438861 91 73 48
0.319216 0.138568 0.438732 90 72 47
0.315380 0.131788 0.439424 145 127 95
0.315833 0.132316 0.439241 137 119 87
0.316363 0.133174 0.438967 125 106 75
0.316745 0.133998 0.438726 118 99 69
0.316923 0.134833 0.438439 120 101 72
0.317681 0.136323 0.438487 109 90 64
0.317884 0.137010 0.438035 108 89 63
0.318466 0.137988 0.438016 98 79 54
0.318816 0.138558 0.437777 92 74 50
0.314782 0.131787 0.438633 147 129 97
0.315424 0.132218 0.438231 142 123 90
0.316073 0.133100 0.438183 134 115 82
0.316555 0.134146 0.437992 127 109 77
0.316867 0.134888 0.437855 123 104 73
0.317814 0.137087 0.437561 110 92 65
0.318126 0.137892 0.437409 107 88 62
0.314185 0.131891 0.437786 145 126 92
0.314716 0.132185 0.437414 144 124 90
0.313652 0.132136 0.437073 139 119 85
0.313831 0.132362 0.436639 139 118 83
0.312820 0.132405 0.436390 134 115 80
0.313176 0.132758 0.435861 134 113 78
0.313467 0.134528 0.435653 124 109 77
0.312551 0.133174 0.435195 129 109 73
0.312813 0.133485 0.434663 129 109 73
0.313273 0.134923 0.434812 125 109 77
0.313367 0.135849 0.434700 114 102 74
0.313611 0.136425 0.434257 110 99 72
0.311808 0.133574 0.434564 124 105 69
0.312227 0.133839 0.434147 126 106 70
0.312606 0.135160 0.434039 123 106 73
0.313018 0.136326 0.434160 118 105 76
0.313231 0.136907 0.433751 116 104 75
0.313588 0.137613 0.433177 113 101 73
0.311477 0.134331 0.433444 123 103 68
0.311860 0.135283 0.433147 121 102 69
0.311964 0.136235 0.432950 119 101 70
0.312770 0.137106 0.432811 120 105 75
0.313416 0.137787 0.432624 118 104 74
0.310783 0.134667 0.432644 123 101 66
0.311240 0.135394 0.432431 122 101 67
0.311572 0.136240 0.432220 118 99 68
0.312163 0.137079 0.432006 120 102 70
0.312683 0.137693 0.431829 118 102 71
0.310198 0.134942 0.432155 121 98 63
0.310495 0.135381 0.431527 124 101 66
0.310948 0.136475 0.431493 119 98 65
0.311371 0.136895 0.431054 120 99 67
0.309844 0.135758 0.430870 124 98 63
0.310272 0.136104 0.430374 129 104 69
0.309126 0.136064 0.430160 125 96 61
0.309612 0.136385 0.429657 130 103 69
0.308368 0.136308 0.429356 124 97 64
0.308934 0.136639 0.428895 130 105 72
0.307677 0.136370 0.428543 125 103 74
0.308260 0.136781 0.428125 131 109 80
0.338023 0.104267 0.477141 122 90 52
0.338371 0.104908 0.476960 127 96 58
0.338759 0.105694 0.476755 130 99 61
0.335539 0.100697 0.477202 117 81 43
0.336128 0.101224 0.476917 119 84 46
0.336647 0.102002 0.476985 120 86 48
0.337305 0.102963 0.477008 122 89 52
0.337850 0.103813 0.477066 122 90 52
0.337988 0.104737 0.477185 124 92 54
0.338650 0.106067 0.476813 128 98 60
0.339047 0.106817 0.476567 129 99 62
0.339388 0.107969 0.476266 130 100 64
0.339620 0.108885 0.475935 131 101 64
0.339865 0.109857 0.475595 131 100 63
0.340059 0.110752 0.475293 130 99 61
0.334737 0.099347 0.476573 111 76 39
0.335433 0.100179 0.476792 114 79 41
0.335896 0.100740 0.476824 117 82 44
0.340096 0.111327 0.475143 129 97 59
0.340284 0.111990 0.474774 128 96 58
0.340390 0.113025 0.474269 126 93 55
0.340509 0.113618 0.473851 127 94 55
0.333283 0.097957 0.475848 86 54 25
0.333820 0.098479 0.476106 98 65 32
0.334436 0.098881 0.476241 105 70 36
0.340407 0.114166 0.473663 125 92 52
0.340448 0.115099 0.473134 124 89 49
0.340562 0.115596 0.472753 124 89 48
0.332138 0.097011 0.475288 83 52 24
0.332744 0.097486 0.475567 80 49 22
0.340505 0.116242 0.472458 124 88 48
0.340499 0.117177 0.471936 127 89 49
0.340337 0.118008 0.471903 127 88 48
0.331102 0.096144 0.474661 101 69 36
0.331686 0.096579 0.474950 90 58 29
0.340617 0.117506 0.471442 132 93 52
0.340575 0.118271 0.471340 130 91 50
0.340638 0.119246 0.470865 129 90 48
0.340732 0.120263 0.470749 132 93 50
0.340889 0.121062 0.470632 139 98 55
0.330009 0.095316 0.473991 126 89 50
0.330581 0.095739 0.474360 115 80 45
0.340830 0.119469 0.470248 129 91 49
0.340925 0.120250 0.470180 128 89 47
0.341067 0.121374 0.469870 134 94 52
0.341269 0.122349 0.469624 140 99 56
0.341480 0.123418 0.469449 145 103 60
0.341733 0.124386 0.469352 149 106 61
0.342042 0.125332 0.469276 152 108 63
0.342245 0.126125 0.469158 153 109 64
0.328627 0.094774 0.473545 128 91 49
0.329322 0.094911 0.473556 127 90 49
0.340549 0.121619 0.468837 131 91 47
0.340683 0.122485 0.468914 136 95 50
0.340723 0.123524 0.468853 148 105 59
0.340936 0.124428 0.468748 155 111 64
0.328355 0.094459 0.472864 120 84 43
0.329042 0.094566 0.472981 122 85 45
0.340395 0.122585 0.468075 128 89 47
0.340486 0.123550 0.467821 135 95 52
0.340628 0.124589 0.467802 150 108 62
0.340813 0.125620 0.467685 160 116 67
0.341007 0.126702 0.467457 166 119 67
0.341159 0.127428 0.467327 169 121 68
0.327565 0.094167 0.472140 107 72 35
0.340474 0.124586 0.466947 136 96 54
0.340611 0.125673 0.466723 152 110 63
0.340828 0.126755 0.466668 165 120 69
0.341087 0.127764 0.466606 168 121 69
0.341302 0.128771 0.466385 170 121 69
0.341480 0.129736 0.466144 171 122 70
0.341642 0.130381 0.466083 172 123 70
0.326561 0.093962 0.471413 99 68 33
0.327094 0.093985 0.471464 100 67 32
0.340479 0.126040 0.465979 153 110 64
0.340604 0.126814 0.465759 164 120 70
0.340833 0.127762 0.465564 168 122 70
0.341047 0.128690 0.465427 170 122 69
0.341320 0.129708 0.465369 171 122 70
0.341581 0.130785 0.465321 172 123 71
0.341797 0.131876 0.465099 172 124 71
0.341964 0.132710 0.464886 173 124 72
0.325916 0.093817 0.470672 102 72 36
0.340902 0.128813 0.464733 171 124 71
0.341140 0.129671 0.464548 172 124 71
0.341363 0.130815 0.464294 173 125 72
0.341576 0.131866 0.464080 174 126 73
0.341799 0.132880 0.464084 174 126 73
0.341955 0.133900 0.463931 174 126 73
0.342095 0.134922 0.463701 173 125 72
0.325109 0.093722 0.469869 110 81 44
0.341478 0.132146 0.463324 175 128 74
0.341561 0.132928 0.463103 175 128 74
0.341693 0.133875 0.462887 175 127 73
0.341917 0.134986 0.462890 173 125 72
0.342066 0.136077 0.462803 171 122 68
0.342119 0.136927 0.462569 169 121 66
0.324400 0.093736 0.469081 102 74 37
0.341608 0.134212 0.462169 176 128 74
0.341699 0.135046 0.461992 173 126 72
0.341816 0.136098 0.461802 171 123 69
0.341918 0.137137 0.461829 168 121 67
0.341941 0.137975 0.461672 165 119 65
0.323716 0.093835 0.468368 91 64 30
0.341689 0.136402 0.461066 171 123 69
0.341701 0.137168 0.460840 169 121 67
0.341732 0.138186 0.460813 165 119 66
0.341630 0.139056 0.460709 158 112 61
0.322980 0.094026 0.467488 80 56 25
0.341518 0.138357 0.459886 166 120 67
0.341407 0.139293 0.459831 156 111 62
0.341187 0.140104 0.459672 141 96 52
0.322330 0.094232 0.466654 78 56 27
0.341146 0.139436 0.458897 155 110 63
0.340968 0.140313 0.458841 140 96 54
0.321649 0.094547 0.465833 79 58 32
0.340768 0.140649 0.457975 140 97 56
0.340680 0.141587 0.457861 139 100 61
0.340929 0.142601 0.457680 145 107 65
0.321191 0.094915 0.465018 74 55 28
0.320772 0.095400 0.464860 72 53 26
0.340609 0.141764 0.457027 140 101 63
0.340737 0.142607 0.456826 145 109 66
0.340746 0.143569 0.456778 150 113 68
0.321079 0.095060 0.464262 77 57 29
0.320617 0.095462 0.464180 81 63 34
0.340330 0.142799 0.455956 146 109 68
0.340595 0.143825 0.455911 148 111 67
0.340374 0.144568 0.455857 148 110 65
0.319999 0.095932 0.463270 91 74 44
0.340335 0.144091 0.455119 144 108 66
0.339963 0.144837 0.454937 145 109 66
0.319464 0.096439 0.462491 90 74 46
0.319358 0.096668 0.461962 86 71 44
0.339457 0.145152 0.454046 145 111 69
0.339191 0.145869 0.454090 147 114 71
0.318952 0.097082 0.461515 92 78 52
0.338934 0.145447 0.453169 147 114 74
0.338867 0.145997 0.453419 148 117 75
0.318512 0.097691 0.460738 98 88 63
0.318535 0.097952 0.460168 98 88 64
0.338697 0.145580 0.452604 148 117 76
0.338623 0.145849 0.452454 149 118 78
0.318066 0.098548 0.459721 97 88 66
0.317770 0.099087 0.459212 92 84 64
0.317655 0.099484 0.458677 86 80 60
0.317380 0.100093 0.458146 87 82 63
0.317299 0.100630 0.457601 95 89 72
0.317128 0.101195 0.457323 94 89 72
0.317296 0.101929 0.456903 100 96 79
0.317396 0.102907 0.456413 116 112 96
0.318707 0.105129 0.456366 108 104 88
0.318723 0.105762 0.456127 115 111 95
0.319349 0.106778 0.456062 110 107 91
0.319671 0.107821 0.455815 115 112 96
0.319994 0.108774 0.455563 120 116 100
0.320323 0.109594 0.455486 121 117 101
0.320515 0.110749 0.455110 127 122 106
0.320853 0.111736 0.455076 128 123 107
0.317283 0.103472 0.456240 122 118 102
0.317364 0.104009 0.455725 124 121 105
0.317572 0.104426 0.455061 127 123 107
0.318289 0.106379 0.455883 126 122 106
0.318566 0.106900 0.455309 127 123 107
0.318784 0.108014 0.454897 130 125 108
0.319036 0.108820 0.454957 129 124 108
0.319816 0.109930 0.455048 128 123 107
0.320203 0.111005 0.454755 130 125 109
0.320735 0.111887 0.454551 129 125 109
0.320932 0.112550 0.454271 130 126 110
0.327660 0.128832 0.451081 155 143 120
0.327659 0.129106 0.451060 155 143 120
0.328061 0.130375 0.450539 161 148 121
0.316889 0.104620 0.455404 125 122 105
0.317065 0.105090 0.454744 128 124 107
0.316921 0.105772 0.454253 130 125 108
0.318592 0.108936 0.454728 131 126 109
0.325447 0.125820 0.450561 140 132 116
0.326095 0.127406 0.450284 143 133 113
0.327396 0.128663 0.450736 154 142 119
0.327672 0.129744 0.450511 159 146 122
0.327922 0.130370 0.450446 160 147 121
0.328080 0.131353 0.450082 163 148 120
0.316955 0.106296 0.453984 131 126 109
0.317152 0.107201 0.453581 135 129 111
0.317445 0.108293 0.453246 137 130 113
0.317686 0.109233 0.452973 138 131 113
0.318141 0.110155 0.452758 139 132 114
0.318560 0.111151 0.452616 140 132 114
0.318962 0.112277 0.452486 139 132 114
0.319281 0.113086 0.452310 139 132 114
0.319610 0.114155 0.452148 139 132 114
0.320014 0.115040 0.451896 138 131 113
0.320377 0.115971 0.451729 139 132 114
0.320528 0.116947 0.451777 138 131 113
0.325284 0.125667 0.450453 140 132 116
0.325800 0.126983 0.450207 142 132 113
0.325811 0.127458 0.450222 142 132 113
0.316081 0.105611 0.452803 113 108 85
0.316163 0.106336 0.452775 118 112 89
0.316325 0.107393 0.452586 114 109 87
0.316649 0.108413 0.452345 111 106 83
0.316790 0.109289 0.452357 111 105 83
0.317655 0.110444 0.452876 138 131 113
0.318083 0.111473 0.452645 139 132 114
0.318535 0.112418 0.452398 140 133 115
0.318894 0.113291 0.452249 140 133 115
0.319441 0.114338 0.451872 139 132 114
0.319679 0.115175 0.451711 132 126 109
0.320062 0.116114 0.451599 139 132 114
0.320413 0.117083 0.451430 143 135 116
0.320515 0.118167 0.451299 132 126 111
0.316704 0.108566 0.451860 105 101 77
0.316771 0.109410 0.451971 105 101 77
0.317067 0.110128 0.451707 103 100 76
0.320467 0.131240 0.442966 95 86 62
0.320149 0.131453 0.442843 95 84 58
0.320415 0.132034 0.442256 95 85 59
0.319896 0.132458 0.441577 94 79 52
0.319913 0.132794 0.441151 95 79 51
0.320050 0.134080 0.441120 90 75 49
0.319316 0.132871 0.441258 92 75 47
0.319493 0.133393 0.440622 92 75 47
0.319885 0.134202 0.440373 91 75 48
0.320132 0.135190 0.440225 89 74 48
0.320282 0.136083 0.439715 88 73 47
0.319150 0.133609 0.440112 91 73 47
0.319526 0.133960 0.439810 92 75 48
0.320135 0.135393 0.439500 92 75 48
0.320020 0.136503 0.439190 86 70 45
0.320318 0.137248 0.438911 86 71 46
0.320301 0.138033 0.438784 84 70 46
0.319651 0.136705 0.438819 85 67 43
0.319727 0.137672 0.438147 84 66 43
0.319982 0.138182 0.437851 83 66 43
0.318950 0.137680 0.437624 86 67 44
0.319377 0.138611 0.437353 83 66 43
0.319719 0.139029 0.436571 83 65 43
0.315602 0.132614 0.437720 139 119 85
0.315972 0.133145 0.437597 134 115 81
0.316425 0.134001 0.437465 129 110 77
0.316875 0.135047 0.437383 124 106 74
0.317160 0.135806 0.437059 121 102 71
0.317932 0.137331 0.437200 107 89 63
0.318130 0.137875 0.436872 106 88 61
0.318755 0.138764 0.436609 94 76 51
0.319323 0.139351 0.436180 85 67 43
0.315194 0.132543 0.437153 140 119 85
0.315552 0.133115 0.436859 137 116 81
0.316117 0.134012 0.436561 132 111 77
0.316498 0.134894 0.436342 128 108 74
0.316885 0.135770 0.436221 124 105 73
0.318029 0.138187 0.436155 110 92 64
0.318271 0.138810 0.435606 107 89 61
0.318758 0.139459 0.435483 98 80 53
0.314386 0.132603 0.436214 136 114 78
0.314947 0.133225 0.435962 135 113 76
0.315513 0.134110 0.435556 133 110 74
0.316005 0.134887 0.435403 132 109 74
0.316675 0.135969 0.435632 121 101 69
0.318038 0.139006 0.435011 106 87 59
0.313831 0.132857 0.435485 132 109 73
0.314149 0.133359 0.435159 131 108 71
0.314743 0.134184 0.434717 130 106 69
0.315234 0.135047 0.434484 130 107 70
0.313475 0.133611 0.434424 128 105 69
0.314132 0.134458 0.434056 124 102 65
0.314203 0.135213 0.433770 122 101 67
0.315049 0.135765 0.433834 125 100 66
0.312882 0.134037 0.433746 127 105 69
0.313364 0.134657 0.433362 124 101 66
0.313693 0.135412 0.433117 122 101 66
0.314178 0.136014 0.432825 118 97 62
0.312325 0.134252 0.433194 126 104 69
0.312485 0.134882 0.432588 124 102 67
0.313032 0.135642 0.432290 122 100 65
0.313391 0.136269 0.431908 119 97 63
0.313590 0.137898 0.431825 118 101 69
0.314062 0.138337 0.431415 105 89 60
0.311801 0.135226 0.431850 125 103 69
0.312303 0.135904 0.431543 123 100 67
0.312693 0.136908 0.431378 122 100 68
0.313172 0.137853 0.431202 120 100 68
0.313608 0.138624 0.430895 117 98 65
0.311215 0.135572 0.431269 127 104 71
0.311576 0.136047 0.430823 126 103 70
0.312087 0.136966 0.430634 122 100 68
0.312603 0.137612 0.430429 121 98 68
0.310872 0.136350 0.430130 130 106 73
0.311388 0.136847 0.429605 129 106 74
0.310169 0.136651 0.429392 133 108 74
0.310762 0.137178 0.428892 133 109 78
0.309387 0.136946 0.428569 134 109 77
0.309972 0.137431 0.428125 136 113 82
0.310493 0.137875 0.427788 136 114 84
0.308830 0.137065 0.427926 136 113 83
0.309344 0.137508 0.427498 139 118 88
0.338904 0.103725 0.476354 124 95 58
0.339152 0.104509 0.476311 127 98 61
0.339441 0.105420 0.476179 130 101 64
0.339782 0.106126 0.475954 131 103 67
0.336887 0.100841 0.476232 111 78 42
0.337374 0.101638 0.476311 117 86 49
0.337983 0.102587 0.476358 122 91 54
0.338423 0.103400 0.476510 123 94 56
0.339777 0.106657 0.475937 132 104 68
0.340094 0.107579 0.475604 134 106 70
0.340307 0.108524 0.475281 136 108 71
0.340526 0.109490 0.474888 137 108 70
0.340594 0.110274 0.474683 136 107 68
0.335444 0.098994 0.475878 100 66 32
0.336119 0.099797 0.476102 102 68 33
0.336540 0.100369 0.476199 107 74 38
0.340757 0.110674 0.474415 136 106 67
0.340889 0.111536 0.474086 134 104 64
0.341054 0.112615 0.473605 133 101 61
0.341146 0.113294 0.473281 131 100 60
0.334431 0.098032 0.475401 94 62 32
0.335084 0.098542 0.475636 99 66 34
0.341174 0.113778 0.473047 131 99 59
0.341214 0.114594 0.472583 130 96 56
0.341269 0.115295 0.472138 130 95 54
0.332608 0.096813 0.474762 85 54 26
0.333392 0.097132 0.474812 86 55 27
0.341218 0.115869 0.471772 131 96 54
0.341153 0.116681 0.471289 134 97 56
0.331675 0.095898 0.474061 112 78 45
0.332355 0.096300 0.474227 101 69 38
0.341159 0.117147 0.470799 139 101 58
0.341014 0.117867 0.470435 142 103 59
0.340875 0.118736 0.470313 136 98 55
0.330666 0.095039 0.473308 126 89 49
0.331254 0.095421 0.473637 122 87 50
0.340963 0.118159 0.469696 151 112 65
0.340912 0.118962 0.469581 146 107 62
0.340921 0.120031 0.469361 138 99 56
0.341052 0.120911 0.469240 127 88 47
0.330075 0.094685 0.472877 121 84 44
0.340778 0.120100 0.468563 154 115 70
0.340656 0.120986 0.468395 146 107 64
0.328910 0.094246 0.472106 105 69 32
0.329455 0.094347 0.472247 108 71 34
0.340651 0.121460 0.467681 151 113 70
0.340538 0.122272 0.467347 142 105 63
0.340438 0.123162 0.467234 132 94 52
0.328360 0.094063 0.471457 102 67 32
0.340676 0.122596 0.466610 148 112 70
0.340470 0.123419 0.466524 136 99 57
0.340391 0.124349 0.466323 129 91 50
0.340462 0.125258 0.466144 136 95 52
0.326933 0.093846 0.470740 105 73 38
0.327595 0.093882 0.470728 108 75 40
0.340363 0.124427 0.465530 131 94 53
0.340358 0.125485 0.465391 135 96 52
0.340418 0.126562 0.465233 157 115 67
0.340617 0.127434 0.465025 168 123 71
0.326540 0.093671 0.469902 109 77 42
0.327159 0.093727 0.470060 110 78 42
0.340204 0.125640 0.464499 134 94 52
0.340212 0.126593 0.464332 152 111 65
0.340466 0.127636 0.464281 167 122 71
0.340722 0.128575 0.464072 172 125 72
0.340981 0.129597 0.463900 174 126 73
0.341164 0.130570 0.463683 174 127 73
0.325870 0.093545 0.469144 108 77 41
0.340037 0.126784 0.463458 152 112 66
0.340221 0.127606 0.463295 164 121 72
0.340479 0.128581 0.463052 172 126 74
0.340715 0.129550 0.462926 175 128 75
0.341008 0.130686 0.462894 175 128 75
0.341251 0.131719 0.462846 175 128 75
0.341382 0.132696 0.462587 176 128 75
0.341448 0.133427 0.462437 176 129 75
0.325189 0.093510 0.468410 100 70 33
0.340567 0.129744 0.462204 175 129 76
0.340782 0.130700 0.461973 176 130 77
0.340953 0.131720 0.461773 176 129 76
0.341148 0.132761 0.461739 176 129 75
0.341356 0.133763 0.461742 176 129 74
0.341508 0.134788 0.461482 174 127 72
0.341626 0.135630 0.461319 172 125 71
0.324389 0.093557 0.467656 96 68 33
0.340786 0.131985 0.461064 175 130 77
0.340884 0.132774 0.460870 175 129 76
0.341051 0.133772 0.460662 175 129 74
0.341287 0.134863 0.460626 173 127 72
0.341516 0.135965 0.460590 171 124 69
0.341549 0.136801 0.460344 170 122 68
0.323666 0.093645 0.466829 96 69 35
0.340896 0.133911 0.459998 174 129 74
0.341068 0.134917 0.459763 173 127 72
0.341234 0.135958 0.459500 171 124 70
0.341357 0.136989 0.459490 170 122 68
0.341388 0.137940 0.459376 167 121 67
0.322926 0.093826 0.465905 97 71 38
0.341094 0.137111 0.458539 169 122 68
0.341101 0.138054 0.458422 166 120 67
0.341059 0.139043 0.458421 160 116 66
0.322347 0.094041 0.465229 97 73 41
0.340793 0.138280 0.457516 162 117 65
0.340780 0.139152 0.457462 155 111 64
0.340756 0.140089 0.457479 146 103 60
0.321741 0.094385 0.464369 93 71 41
0.340572 0.139237 0.456690 150 108 62
0.340585 0.140288 0.456552 145 103 61
0.340585 0.141364 0.456472 140 101 62
0.321324 0.094793 0.463699 87 67 38
0.321044 0.095115 0.463323 84 65 36
0.340413 0.140578 0.455714 141 101 61
0.340349 0.141463 0.455562 139 102 64
0.340433 0.142559 0.455663 145 108 68
0.340588 0.143263 0.455405 147 110 68
0.320713 0.095550 0.462616 86 67 38
0.340104 0.141700 0.454749 143 107 69
0.340054 0.142620 0.454601 147 110 71
0.340281 0.143508 0.454455 144 109 68
0.340070 0.144282 0.454264 142 107 66
0.320267 0.096071 0.461951 81 64 37
0.320129 0.096349 0.461482 77 60 35
0.339712 0.142813 0.453648 147 110 71
0.339873 0.143653 0.453457 143 108 69
0.339758 0.144462 0.453613 143 108 68
0.319717 0.096858 0.460853 84 70 46
0.339530 0.143780 0.452856 145 109 70
0.339196 0.144668 0.452732 145 111 72
0.319352 0.097368 0.460211 96 84 60
0.319211 0.097696 0.459723 90 80 56
0.338753 0.145088 0.451881 147 115 75
0.338508 0.145835 0.451822 149 119 79
0.318828 0.098316 0.459074 93 84 62
0.318846 0.098681 0.458377 99 91 70
0.329373 0.123935 0.454045 148 153 137
0.338358 0.145296 0.450949 148 117 77
0.338249 0.145795 0.451014 149 119 80
0.318402 0.099253 0.458053 89 82 63
0.318628 0.099671 0.457383 85 78 60
0.337848 0.145834 0.449977 150 122 84
0.318023 0.099825 0.457673 85 78 60
0.318146 0.100355 0.457094 94 88 70
0.318249 0.100871 0.456437 93 88 72
0.325947 0.119224 0.453415 154 151 130
0.325899 0.119469 0.453494 154 151 130
0.327470 0.122881 0.453204 143 145 129
0.328154 0.123649 0.453033 144 146 130
0.318006 0.101508 0.456276 93 89 72
0.318135 0.102604 0.455768 108 105 88
0.318192 0.103259 0.455519 117 114 98
0.319052 0.104961 0.455917 105 101 85
0.319416 0.105491 0.455467 111 107 92
0.319925 0.106352 0.455266 113 109 93
0.320308 0.107399 0.455050 116 112 96
0.320480 0.108364 0.454957 119 115 99
0.320991 0.109381 0.454644 121 116 101
0.321040 0.110164 0.454653 125 120 104
0.325590 0.118781 0.453201 151 147 126
0.328819 0.128158 0.451047 154 142 119
0.329109 0.128944 0.451040 156 144 119
0.329563 0.129476 0.450990 158 144 119
0.329988 0.130645 0.450773 160 145 118
0.318223 0.103698 0.455208 121 118 102
0.318076 0.104259 0.454691 125 122 105
0.319433 0.106673 0.454731 125 121 105
0.319582 0.107507 0.454261 128 124 108
0.319930 0.108454 0.453971 129 124 108
0.320679 0.109408 0.454218 125 121 106
0.320964 0.110428 0.453996 127 123 107
0.321154 0.111531 0.453676 130 125 109
0.321192 0.112274 0.453441 131 126 111
0.327735 0.127300 0.450415 146 135 115
0.328059 0.128271 0.450707 152 140 118
0.328501 0.129051 0.450677 156 144 120
0.328804 0.129995 0.450383 160 146 121
0.329169 0.130939 0.450181 162 147 120
0.329571 0.131494 0.449945 163 148 119
0.317816 0.104781 0.454114 128 124 107
0.317742 0.105526 0.453527 133 127 111
0.318861 0.107930 0.453287 135 129 113
0.319309 0.108454 0.453249 135 129 114
0.319981 0.109585 0.453204 134 128 113
0.319945 0.110595 0.452706 137 131 114
0.320349 0.111344 0.452572 136 131 114
0.321075 0.112261 0.453197 132 127 112
0.326048 0.125318 0.450288 138 130 115
0.326431 0.126670 0.450194 142 133 114
0.326925 0.127183 0.450066 144 134 114
0.327397 0.127898 0.450100 148 136 115
0.327845 0.129537 0.450456 158 145 121
0.328247 0.130401 0.450259 160 147 120
0.328540 0.131349 0.449706 164 149 121
0.329012 0.131738 0.449211 166 150 121
0.316761 0.104251 0.452726 117 116 96
0.316905 0.104972 0.452842 125 122 102
0.317399 0.105884 0.452948 132 127 109
0.317750 0.106856 0.452871 134 129 112
0.318313 0.107859 0.452858 137 131 114
0.318637 0.108819 0.452548 138 131 114
0.319084 0.109772 0.452522 138 131 114
0.319486 0.110727 0.452431 138 132 115
0.319796 0.111787 0.452270 138 131 114
0.320087 0.112824 0.452039 138 131 113
0.320655 0.113694 0.451350 133 126 110
0.320875 0.114662 0.451494 132 126 109
0.321332 0.115642 0.451491 139 132 114
0.321774 0.116630 0.451220 139 132 114
0.322231 0.117594 0.451003 133 127 111
0.322488 0.118231 0.450746 144 136 118
0.325519 0.125448 0.449906 136 128 114
0.326699 0.127479 0.449567 145 134 113
0.328432 0.132142 0.448540 168 151 123
0.316427 0.105080 0.452561 110 108 86
0.316563 0.105962 0.452272 109 106 84
0.316927 0.107042 0.452113 111 108 85
0.317058 0.107810 0.452126 114 110 88
0.320344 0.113936 0.450846 113 110 96
0.320543 0.114501 0.450879 113 111 98
0.327948 0.132473 0.447798 168 152 123
0.316657 0.106246 0.451267 78 85 63
0.316692 0.107162 0.451438 92 93 71
0.317038 0.108039 0.451465 106 102 78
0.317514 0.109109 0.451076 107 102 78
0.317654 0.109615 0.451128 110 104 81
0.318555 0.111313 0.450381 107 105 83
0.318403 0.111740 0.450354 107 105 84
0.319971 0.114734 0.449833 116 119 105
0.321150 0.132028 0.441458 97 89 65
0.321387 0.132167 0.441022 98 89 65
0.320601 0.132171 0.441179 99 87 60
0.320814 0.132536 0.440629 100 87 59
0.320314 0.133149 0.440008 99 82 53
0.320482 0.133600 0.439518 99 82 53
0.320506 0.134715 0.439539 96 80 52
0.319982 0.133378 0.439413 98 80 51
0.320089 0.134013 0.439166 97 79 50
0.320571 0.134896 0.438880 98 81 52
0.320608 0.135998 0.438449 96 79 51
0.320652 0.136948 0.438222 91 75 49
0.320592 0.136435 0.437911 96 79 50
0.320443 0.137252 0.437605 91 74 48
0.320624 0.137958 0.437450 88 72 47
0.319897 0.137712 0.437348 87 69 45
0.320281 0.138354 0.436832 87 70 45
0.320459 0.139072 0.436297 86 69 45
0.319888 0.139487 0.435702 85 67 43
0.318385 0.139114 0.435005 110 91 62
0.319187 0.139662 0.434976 92 73 47
0.319674 0.140315 0.434309 87 69 43
0.315963 0.134922 0.434949 129 105 69
0.318093 0.139070 0.434269 111 91 61
0.318542 0.139748 0.434012 104 84 54
0.319175 0.140103 0.433869 94 75 46
0.315556 0.135163 0.434333 128 104 67
0.315782 0.135591 0.434203 127 103 66
0.317645 0.139045 0.433526 118 97 64
0.317907 0.139692 0.433181 111 90 58
0.318194 0.140263 0.432786 108 86 54
0.314908 0.135282 0.433532 124 99 62
0.315239 0.135951 0.433167 122 96 60
0.315599 0.137111 0.432854 122 97 62
0.316050 0.138081 0.432486 126 102 66
0.317473 0.140156 0.432292 115 92 58
0.317469 0.140377 0.431983 113 90 55
0.314310 0.135563 0.432791 119 95 59
0.314748 0.136114 0.432595 119 95 58
0.315343 0.137194 0.432433 122 97 61
0.315827 0.138070 0.432182 122 98 62
0.316242 0.138961 0.431835 121 96 61
0.317052 0.140218 0.431644 118 94 60
0.317000 0.140570 0.431348 116 91 57
0.313706 0.135843 0.432062 118 94 59
0.313710 0.136155 0.431875 118 94 59
0.314351 0.138655 0.431023 101 86 56
0.313142 0.136736 0.430948 117 94 61
0.313715 0.137797 0.430683 115 91 59
0.313983 0.138491 0.430478 110 88 57
0.314418 0.139337 0.430002 100 81 51
0.314935 0.139965 0.429550 111 86 52
0.312518 0.136955 0.430138 119 96 65
0.312936 0.137773 0.429922 116 93 63
0.313454 0.138571 0.429642 112 88 58
0.314079 0.139468 0.429218 107 83 51
0.314562 0.140055 0.429086 103 80 48
0.311909 0.137244 0.429361 124 102 71
0.312362 0.137821 0.429054 119 97 67
0.312971 0.138636 0.428618 112 90 61
0.313549 0.139473 0.428477 106 83 55
0.313960 0.140156 0.428328 104 80 50
0.311491 0.137503 0.428909 129 107 76
0.311662 0.138013 0.428317 127 105 76
0.312362 0.138841 0.427812 119 98 70
0.312741 0.139235 0.427602 114 94 67
0.310880 0.138227 0.427510 134 113 84
0.311560 0.138937 0.427062 128 109 82
0.311910 0.139455 0.426659 125 107 81
0.310034 0.137810 0.427216 140 121 93
0.310421 0.138237 0.426938 138 119 91
0.311038 0.139109 0.426373 134 116 90
0.311339 0.139734 0.425922 133 115 90
0.339423 0.103306 0.475853 110 86 53
0.339826 0.104066 0.475686 110 86 54
0.340200 0.105013 0.475544 119 94 61
0.340610 0.105801 0.475273 125 101 69
0.337605 0.100423 0.475517 103 74 41
0.338162 0.101187 0.475583 106 79 46
0.338729 0.102161 0.475675 109 83 50
0.339257 0.102839 0.475682 104 80 48
0.340602 0.106411 0.475177 130 106 73
0.340790 0.107112 0.474807 135 111 77
0.340914 0.108099 0.474437 140 115 81
0.341106 0.109045 0.474079 144 118 81
0.341029 0.109888 0.474141 141 113 75
0.336179 0.098581 0.475157 114 82 48
0.336867 0.099366 0.475377 107 75 41
0.337328 0.099963 0.475440 103 73 40
0.341438 0.109342 0.473623 146 121 84
0.341342 0.110092 0.473652 143 116 78
0.341560 0.111168 0.473222 141 112 73
0.341655 0.112162 0.472790 139 110 70
0.341457 0.112912 0.472896 136 106 65
0.335195 0.097604 0.474681 115 83 50
0.335708 0.098196 0.475029 115 83 50
0.341880 0.112476 0.472278 142 112 72
0.341766 0.113268 0.472170 140 109 69
0.341706 0.114188 0.471779 139 107 66
0.334103 0.096755 0.474058 109 76 44
0.341775 0.114402 0.471113 144 112 70
0.341586 0.115314 0.470934 142 108 65
0.341412 0.116278 0.470785 141 104 62
0.332138 0.095629 0.473487 123 88 53
0.333037 0.095958 0.473453 121 86 52
0.341584 0.115626 0.470097 145 111 68
0.341370 0.116522 0.469983 145 109 64
0.341094 0.117400 0.469871 148 110 64
0.331930 0.095122 0.472808 124 88 50
0.332764 0.095406 0.472831 130 93 56
0.341280 0.116754 0.469153 145 110 64
0.341087 0.117589 0.468982 149 111 64
0.340937 0.118516 0.468793 154 115 67
0.330852 0.094530 0.472110 112 75 38
0.331577 0.094667 0.472061 116 79 42
0.341025 0.117845 0.468109 150 113 67
0.340972 0.118732 0.468007 155 117 70
0.340899 0.119700 0.467827 157 119 72
0.340806 0.120541 0.467712 158 120 75
0.329338 0.094153 0.471457 102 67 32
0.330091 0.094222 0.471383 108 72 36
0.340981 0.118965 0.467211 158 120 73
0.340930 0.119787 0.467034 158 121 74
0.340880 0.120812 0.466871 159 122 76
0.340814 0.121760 0.466703 155 119 75
0.329036 0.093949 0.470690 115 80 45
0.329641 0.093990 0.470692 118 83 47
0.340929 0.121054 0.466051 160 124 79
0.340862 0.121993 0.465925 158 122 77
0.340764 0.122890 0.465741 151 116 73
0.328454 0.093776 0.469968 116 83 47
0.340814 0.123106 0.465033 154 118 75
0.340615 0.123972 0.464741 142 107 66
0.340305 0.124850 0.464611 130 93 53
0.326882 0.093515 0.469179 107 75 39
0.327635 0.093612 0.469159 106 73 37
0.340619 0.124347 0.464103 140 105 64
0.340344 0.125136 0.463794 134 97 56
0.340129 0.126059 0.463614 138 99 56
0.326580 0.093422 0.468454 102 70 34
0.327192 0.093411 0.468311 97 64 29
0.340245 0.125538 0.462943 134 98 57
0.340011 0.126328 0.462826 142 104 60
0.340053 0.127470 0.462729 161 119 71
0.340257 0.128304 0.462520 170 125 74
0.325999 0.093340 0.467653 105 73 37
0.339929 0.126587 0.462014 145 107 64
0.339858 0.127407 0.461876 157 117 70
0.340122 0.128525 0.461860 169 126 75
0.340350 0.129474 0.461722 173 128 76
0.340587 0.130494 0.461467 176 130 77
0.340722 0.131281 0.461255 176 131 78
0.325262 0.093336 0.466863 111 79 42
0.339670 0.127602 0.460963 156 118 72
0.339757 0.128434 0.460771 166 125 77
0.340048 0.129435 0.460727 171 128 78
0.340365 0.130552 0.460643 174 130 78
0.340574 0.131620 0.460599 175 130 77
0.340700 0.132643 0.460338 174 129 76
0.340838 0.133292 0.460174 174 130 75
0.324474 0.093387 0.466088 111 80 42
0.339598 0.128596 0.460091 165 126 79
0.339821 0.129439 0.459913 169 128 80
0.340032 0.130569 0.459607 172 130 80
0.340235 0.131634 0.459507 173 130 78
0.340463 0.132674 0.459465 172 129 76
0.340676 0.133662 0.459413 171 126 73
0.340860 0.134693 0.459182 170 125 70
0.341010 0.135628 0.458924 171 124 71
0.323761 0.093527 0.465263 110 80 42
0.339899 0.131000 0.458941 173 132 81
0.339955 0.131722 0.458661 172 131 79
0.340153 0.132638 0.458435 171 129 77
0.340316 0.133607 0.458275 165 121 69
0.340603 0.134733 0.458262 165 119 67
0.340854 0.135860 0.458227 169 123 71
0.340935 0.136748 0.458080 169 122 70
0.323141 0.093802 0.464435 109 81 45
0.340099 0.133769 0.457539 160 116 65
0.340293 0.134765 0.457299 159 115 64
0.340492 0.135826 0.457168 166 120 70
0.340646 0.136918 0.457218 168 121 70
0.340688 0.137846 0.457154 165 118 66
0.322561 0.094146 0.463645 105 80 47
0.340266 0.135987 0.456429 165 120 71
0.340303 0.136880 0.456195 166 120 70
0.340388 0.137963 0.456241 163 118 67
0.340442 0.138997 0.456159 153 110 63
0.340411 0.139791 0.455850 145 102 59
0.322016 0.094466 0.463165 100 77 46
0.321984 0.094606 0.462588 100 79 48
0.340089 0.137178 0.455479 165 120 70
0.340122 0.138031 0.455271 162 117 67
0.340223 0.139017 0.455225 152 109 62
0.340296 0.140081 0.455216 144 102 60
0.340274 0.140947 0.455010 137 100 62
0.321446 0.095144 0.461897 100 81 53
0.340024 0.139048 0.454396 148 104 60
0.339994 0.140166 0.454170 140 100 60
0.339974 0.141268 0.454205 143 106 68
0.339832 0.142044 0.453919 150 112 73
0.321093 0.095630 0.461258 98 81 54
0.320910 0.095964 0.460814 93 77 52
0.339685 0.140462 0.453235 141 103 64
0.339651 0.141343 0.453161 147 109 70
0.339595 0.142357 0.453222 149 112 73
0.339911 0.143224 0.453234 145 109 70
0.320531 0.096541 0.460084 90 76 54
0.339363 0.141518 0.452280 150 112 70
0.339291 0.142451 0.452265 148 111 70
0.339433 0.143473 0.452271 145 110 71
0.339350 0.144190 0.452140 146 110 72
0.320207 0.097006 0.459595 95 84 62
0.320073 0.097368 0.459092 89 79 57
0.329455 0.120025 0.454812 158 158 143
0.329723 0.120707 0.454727 154 155 141
0.338953 0.142595 0.451311 146 111 70
0.338962 0.143565 0.451337 146 111 70
0.338984 0.144329 0.451434 145 111 71
0.319712 0.097978 0.458501 80 71 49
0.319693 0.098471 0.457869 93 84 64
0.329109 0.120291 0.454319 157 158 142
0.329303 0.120859 0.454349 153 155 140
0.329868 0.122359 0.453770 148 150 136
0.329725 0.123131 0.453751 147 151 136
0.338611 0.142877 0.450561 146 111 70
0.338508 0.143643 0.450387 144 110 70
0.338417 0.144652 0.450444 146 115 76
0.319288 0.099050 0.457521 97 89 69
0.319332 0.099489 0.456946 91 84 65
0.328660 0.121256 0.453227 148 151 136
0.329041 0.122335 0.453075 144 147 132
0.329190 0.122918 0.452866 141 144 129
0.337997 0.143880 0.449423 145 112 74
0.337951 0.144889 0.449505 149 119 81
0.337838 0.145715 0.449572 151 122 85
0.319001 0.100092 0.456468 97 91 74
0.319007 0.100534 0.455901 98 93 76
0.326238 0.117727 0.452943 154 151 129
0.326436 0.118491 0.453121 154 152 131
0.326765 0.119286 0.453242 155 155 135
0.327671 0.120696 0.452433 143 142 127
0.327885 0.121357 0.452809 145 146 131
0.328185 0.122262 0.452904 142 144 129
0.328797 0.123396 0.452584 139 139 124
0.329338 0.124014 0.452253 138 136 120
0.330676 0.128438 0.450938 156 143 119
0.330934 0.129136 0.450870 157 144 118
0.337537 0.143920 0.448831 147 116 79
0.337515 0.145047 0.448605 154 125 89
0.337520 0.145695 0.448993 153 125 89
0.318776 0.101172 0.455569 92 87 71
0.318901 0.102205 0.455053 103 100 83
0.318811 0.102844 0.454891 113 110 94
0.320328 0.105050 0.454794 108 104 88
0.320496 0.106045 0.454744 113 109 94
0.320753 0.107108 0.454519 117 112 97
0.321113 0.107945 0.454162 120 115 100
0.321347 0.109150 0.454244 121 116 100
0.324868 0.115729 0.452668 145 138 121
0.325969 0.117835 0.452517 146 140 122
0.325828 0.118395 0.452869 150 146 125
0.329425 0.126800 0.450564 148 137 116
0.329372 0.127649 0.450637 152 140 118
0.329801 0.128540 0.450662 156 143 120
0.330220 0.129390 0.450542 159 145 119
0.330588 0.130545 0.450348 160 145 118
0.331082 0.131354 0.450126 162 146 117
0.337155 0.145353 0.447790 158 132 97
0.337161 0.145686 0.447774 158 132 97
0.318986 0.103246 0.454494 118 114 99
0.318909 0.103914 0.453970 123 120 104
0.320091 0.106456 0.454202 123 119 104
0.320411 0.107176 0.453751 126 121 106
0.320802 0.108041 0.453532 126 121 106
0.321116 0.108990 0.453277 127 122 107
0.321387 0.109984 0.453046 129 124 109
0.321307 0.111145 0.453038 132 127 112
0.323821 0.114338 0.452147 139 132 116
0.325326 0.118586 0.451358 129 124 109
0.325778 0.119354 0.451268 129 123 108
0.326288 0.120314 0.451198 147 143 132
0.327727 0.124705 0.450394 140 132 117
0.327947 0.125534 0.450284 142 133 116
0.328431 0.126746 0.450134 145 134 114
0.328778 0.127586 0.450266 150 138 116
0.329271 0.128539 0.450221 156 143 120
0.329505 0.129651 0.450385 159 146 120
0.329948 0.130801 0.450125 161 147 119
0.330365 0.131508 0.449601 164 148 119
0.331007 0.131989 0.449156 164 147 117
0.318632 0.104507 0.453459 127 123 107
0.318518 0.105142 0.452886 132 127 110
0.319723 0.107373 0.452847 134 128 113
0.319987 0.108210 0.452535 135 129 114
0.320410 0.109121 0.452485 134 128 113
0.320883 0.110129 0.452354 135 129 113
0.321211 0.111208 0.452576 134 128 113
0.321439 0.111868 0.452456 135 130 115
0.322645 0.113308 0.451618 130 123 107
0.322519 0.113561 0.451656 129 122 107
0.324566 0.117642 0.450959 123 119 103
0.325014 0.118472 0.450936 126 122 107
0.326884 0.124961 0.449910 137 129 114
0.327385 0.125825 0.449757 139 129 112
0.327664 0.126877 0.449577 143 132 113
0.327887 0.127433 0.449677 147 135 114
0.329613 0.131922 0.448903 167 150 121
0.330139 0.132298 0.448353 167 150 121
0.316892 0.104159 0.452596 118 117 96
0.317621 0.104630 0.452289 121 119 99
0.318074 0.105492 0.452275 129 125 105
0.318538 0.106348 0.452125 133 127 109
0.319055 0.107386 0.451972 136 129 112
0.319304 0.108382 0.451796 137 130 113
0.319767 0.109279 0.451803 141 134 118
0.320123 0.110320 0.451741 142 135 119
0.320283 0.111531 0.451673 142 135 118
0.320830 0.112328 0.451034 128 122 107
0.321428 0.113318 0.450923 118 113 100
0.321573 0.114076 0.450924 119 114 101
0.326016 0.125014 0.449683 135 129 115
0.326638 0.125805 0.448565 133 124 107
0.327035 0.126727 0.448923 138 128 108
0.328807 0.132227 0.448105 168 152 122
0.329364 0.132610 0.447599 168 151 121
0.317174 0.104857 0.451916 111 109 88
0.317384 0.105605 0.451456 106 103 80
0.317767 0.106597 0.451246 109 104 80
0.318264 0.107484 0.451039 118 109 85
0.318739 0.108406 0.451028 119 110 89
0.319147 0.108980 0.450921 121 110 89
0.320926 0.112532 0.450382 115 110 96
0.320788 0.113253 0.450622 114 110 96
0.321052 0.114558 0.450740 115 112 100
0.322203 0.116150 0.449391 118 118 106
0.322660 0.116778 0.449494 121 122 109
0.328301 0.132445 0.447643 168 152 123
0.328755 0.132741 0.446769 169 152 122
0.316731 0.106175 0.451154 79 83 61
0.317240 0.106823 0.450598 92 90 65
0.317636 0.107627 0.450555 100 95 70
0.317985 0.108566 0.450632 109 101 75
0.318699 0.109684 0.450071 108 105 83
0.318767 0.110528 0.449940 119 116 97
0.319221 0.111728 0.449564 113 112 93
0.319482 0.112325 0.449644 115 112 96
0.320047 0.113569 0.449473 116 118 103
0.320230 0.114432 0.449731 116 117 104
0.328437 0.132771 0.446085 169 153 123
0.318472 0.111034 0.449516 128 125 108
0.321670 0.131704 0.441181 96 89 67
0.321777 0.132290 0.440777 97 89 66
0.321629 0.132555 0.440025 101 89 62
0.322200 0.132949 0.439629 99 89 63
0.321116 0.132827 0.439558 102 87 57
0.321341 0.133356 0.438952 102 86 56
0.320669 0.133889 0.438290 101 83 51
0.320926 0.134667 0.438090 101 83 52
0.321112 0.135443 0.437749 101 83 52
0.320017 0.134070 0.437573 101 81 49
0.320364 0.134637 0.437200 101 82 49
0.321103 0.135768 0.437202 101 82 51
0.321167 0.136705 0.436961 99 81 51
0.321283 0.137668 0.436474 96 79 50
0.321363 0.138314 0.436318 94 78 50
0.319561 0.134572 0.436983 100 80 48
0.321020 0.138161 0.436357 93 76 48
0.321264 0.138954 0.435853 93 76 49
0.321455 0.139447 0.435312 94 77 49
0.320485 0.139582 0.435159 90 72 46
0.320968 0.139681 0.434703 94 76 48
0.321234 0.140433 0.433967 96 77 49
0.320046 0.139693 0.434745 90 71 45
0.320326 0.140177 0.434034 92 73 46
0.320690 0.140633 0.433875 92 73 46
0.319203 0.139357 0.433157 98 76 44
0.319562 0.140044 0.433184 96 75 45
0.317680 0.138913 0.432662 116 92 56
0.318447 0.139581 0.432545 107 83 49
0.318835 0.140080 0.432331 103 80 46
0.317594 0.138952 0.432369 118 94 57
0.317816 0.139693 0.431799 111 86 50
0.318207 0.140282 0.431491 107 82 46
0.317294 0.139841 0.431088 112 86 48
0.317535 0.140524 0.430789 108 81 44
0.316550 0.140190 0.429982 112 85 49
0.316847 0.140692 0.429921 108 81 44
0.315900 0.140150 0.429273 110 83 47
0.316272 0.141025 0.429014 105 77 43
0.316048 0.141648 0.428815 106 79 46
0.314487 0.139808 0.428933 104 81 48
0.314823 0.140388 0.428815 105 81 48
0.315563 0.141160 0.428481 106 79 45
0.315768 0.141703 0.428180 101 74 40
0.313582 0.139684 0.427971 103 81 54
0.314104 0.140552 0.427883 101 77 48
0.314758 0.141268 0.427519 98 74 43
0.315143 0.141855 0.427297 99 73 40
0.313064 0.139641 0.427343 109 89 63
0.313642 0.140484 0.426917 103 82 56
0.314255 0.141335 0.426708 99 77 49
0.314680 0.142056 0.426374 95 71 43
0.312356 0.139775 0.426566 120 102 77
0.313090 0.140474 0.426031 112 95 73
0.313823 0.141294 0.425947 103 84 60
0.311715 0.140029 0.425757 129 113 88
0.312461 0.140537 0.425331 122 107 86
0.340155 0.101933 0.475071 66 50 30
0.340320 0.102659 0.475126 69 52 31
0.340765 0.103558 0.475190 79 61 37
0.341130 0.104513 0.475011 92 73 48
0.341377 0.105422 0.474696 107 87 61
0.338310 0.100037 0.474810 92 68 41
0.338862 0.100798 0.474834 80 58 34
0.339504 0.101662 0.474996 77 57 34
0.339689 0.102559 0.475282 83 63 36
0.341398 0.106067 0.474435 116 96 68
0.341484 0.106673 0.474057 123 103 74
0.341529 0.107664 0.473593 137 115 85
0.341546 0.108456 0.473462 146 123 90
0.336900 0.098068 0.474411 127 96 61
0.337623 0.098966 0.474638 113 84 53
0.338099 0.099556 0.474692 100 74 46
0.341809 0.107984 0.473066 139 118 88
0.341734 0.108743 0.473112 147 124 91
0.341942 0.109657 0.472741 149 125 90
0.342105 0.110737 0.472317 148 122 85
0.342119 0.111667 0.472182 145 117 78
0.335939 0.097167 0.473984 130 96 59
0.342372 0.111096 0.471729 149 124 87
0.342289 0.111952 0.471636 146 120 82
0.342214 0.112837 0.471225 147 118 79
0.342021 0.113601 0.471117 147 116 76
0.334884 0.096367 0.473330 135 99 61
0.342258 0.113092 0.470495 148 120 81
0.342029 0.113913 0.470385 148 117 76
0.341825 0.114721 0.470180 147 116 73
0.333787 0.095633 0.472688 133 96 58
0.334412 0.095927 0.472898 138 102 63
0.342065 0.114279 0.469575 147 116 74
0.341811 0.115076 0.469431 145 114 70
0.341597 0.115932 0.469293 144 111 67
0.332627 0.094907 0.471981 124 88 50
0.333267 0.095203 0.472226 127 90 52
0.341746 0.115443 0.468632 142 111 67
0.341448 0.116237 0.468412 143 110 65
0.341185 0.117050 0.468237 145 110 64
0.331348 0.094380 0.471277 118 81 45
0.331975 0.094501 0.471320 123 86 49
0.341360 0.116551 0.467547 143 110 66
0.341188 0.117345 0.467419 148 113 68
0.341071 0.118239 0.467247 154 118 72
0.330971 0.094136 0.470603 123 87 50
0.341225 0.117667 0.466613 153 118 74
0.341108 0.118462 0.466544 156 121 76
0.341006 0.119371 0.466300 159 123 78
0.340944 0.120228 0.466199 160 124 78
0.329477 0.093778 0.469906 123 89 51
0.330118 0.093851 0.469885 124 90 51
0.340968 0.119579 0.465443 163 128 84
0.340927 0.120562 0.465402 163 127 82
0.340919 0.121564 0.465239 163 127 82
0.329144 0.093675 0.469202 116 82 44
0.329696 0.093683 0.469190 120 86 48
0.340863 0.120682 0.464546 163 129 86
0.340877 0.121655 0.464429 162 127 83
0.340893 0.122680 0.464268 160 125 80
0.340899 0.123450 0.464107 155 120 77
0.328491 0.093645 0.468375 102 68 32
0.340753 0.121894 0.463650 160 125 81
0.340858 0.122767 0.463438 160 125 82
0.340872 0.123778 0.463261 153 118 76
0.340754 0.124535 0.462994 142 108 68
0.327682 0.093509 0.467612 105 71 36
0.340791 0.123998 0.462430 153 119 78
0.340604 0.125004 0.462252 140 106 65
0.340308 0.125644 0.462060 137 102 62
0.326483 0.093272 0.466969 112 79 42
0.327077 0.093291 0.466846 112 79 43
0.340506 0.125331 0.461481 140 107 67
0.340212 0.126049 0.461307 142 107 67
0.339906 0.126876 0.461176 149 112 69
0.326073 0.093247 0.466136 116 82 44
0.326724 0.093219 0.466102 115 81 43
0.340190 0.126364 0.460507 146 111 70
0.339835 0.127065 0.460354 151 114 71
0.339567 0.128013 0.460344 161 122 77
0.325381 0.093288 0.465326 119 85 46
0.339637 0.127457 0.459549 154 118 75
0.339469 0.128274 0.459415 161 124 80
0.339656 0.129334 0.459305 168 128 81
0.339774 0.130255 0.459073 170 130 81
0.324598 0.093439 0.464507 120 89 50
0.339306 0.128383 0.458468 161 127 84
0.339350 0.129331 0.458324 166 129 84
0.339557 0.130474 0.458333 170 131 83
0.339752 0.131554 0.458182 171 132 81
0.339948 0.132485 0.457932 170 130 78
0.324021 0.093635 0.463701 119 91 56
0.339139 0.129485 0.457527 166 131 86
0.339208 0.130481 0.457314 170 132 84
0.339434 0.131564 0.457306 171 132 82
0.339681 0.132592 0.457268 170 130 79
0.339876 0.133578 0.457126 161 118 68
0.340084 0.134587 0.456875 157 112 62
0.340278 0.135396 0.456706 163 118 69
0.323292 0.093935 0.463149 112 87 55
0.323473 0.093991 0.462638 112 89 61
0.338959 0.130708 0.456586 169 133 85
0.339044 0.131643 0.456311 170 133 84
0.339213 0.132623 0.456277 169 130 81
0.339466 0.133611 0.456216 159 118 69
0.339835 0.134702 0.456154 156 112 64
0.340068 0.135739 0.455954 163 118 70
0.340104 0.136555 0.455719 166 120 71
0.322830 0.094399 0.462015 104 83 56
0.338877 0.131980 0.455654 170 134 85
0.338761 0.132558 0.455362 168 131 83
0.339072 0.133618 0.455187 159 119 72
0.339450 0.134674 0.455105 156 113 68
0.339741 0.135762 0.455030 162 117 71
0.339905 0.136790 0.455007 164 119 70
0.339977 0.137694 0.454823 162 118 69
0.322291 0.094959 0.461189 103 86 61
0.322316 0.095215 0.460537 94 79 57
0.331956 0.118601 0.456462 161 154 134
0.339228 0.134762 0.454427 157 115 71
0.339440 0.135822 0.454125 160 117 71
0.339549 0.136785 0.453926 161 118 70
0.339712 0.137860 0.453923 156 112 66
0.339847 0.138835 0.453825 145 103 59
0.339851 0.139668 0.453646 137 97 55
0.321620 0.095487 0.460737 100 84 59
0.321793 0.095644 0.460195 95 81 59
0.331792 0.118741 0.456208 161 155 134
0.332206 0.120382 0.455664 160 155 138
0.339298 0.137039 0.453153 159 116 69
0.339356 0.137834 0.452909 149 108 63
0.339524 0.138867 0.452823 140 100 57
0.339571 0.139930 0.452841 140 101 60
0.339541 0.140826 0.452594 147 108 67
0.321339 0.096294 0.459415 98 86 67
0.321436 0.096570 0.458838 97 87 70
0.331832 0.121558 0.454805 155 153 137
0.331851 0.121853 0.454402 153 151 135
0.339264 0.139022 0.452014 142 102 60
0.339278 0.140040 0.451872 147 108 65
0.339265 0.141071 0.451898 149 111 67
0.320967 0.097120 0.458448 96 86 68
0.321056 0.097701 0.457718 92 83 64
0.329648 0.118882 0.454467 161 161 144
0.329691 0.119872 0.454382 156 157 142
0.330332 0.120568 0.454272 151 152 138
0.331009 0.121601 0.454117 151 150 135
0.331357 0.122044 0.454231 152 150 135
0.338996 0.140321 0.450986 151 112 67
0.338954 0.141233 0.450987 150 113 69
0.338861 0.142069 0.450975 146 111 69
0.320501 0.097689 0.458025 84 75 55
0.320595 0.098230 0.457383 93 84 65
0.328650 0.118027 0.453457 163 164 145
0.329254 0.119032 0.453897 161 162 144
0.329450 0.119778 0.453915 156 158 142
0.329935 0.120657 0.453464 147 150 136
0.330163 0.121716 0.453271 146 148 133
0.330348 0.122569 0.453132 145 146 130
0.338595 0.141400 0.449998 148 112 70
0.338491 0.142350 0.450048 146 111 70
0.338311 0.143179 0.449824 143 109 69
0.320276 0.098799 0.456941 104 96 77
0.320180 0.099190 0.456408 100 92 73
0.328054 0.118110 0.452975 159 161 142
0.328169 0.119040 0.452925 156 158 140
0.328775 0.119986 0.452919 154 156 139
0.329124 0.120861 0.453049 147 150 135
0.329428 0.121998 0.452857 141 145 130
0.329816 0.122865 0.452408 140 140 124
0.330104 0.123550 0.451951 138 136 119
0.331959 0.127768 0.451024 155 142 119
0.332277 0.128551 0.450882 157 143 117
0.332559 0.129248 0.450764 159 144 117
0.338072 0.142457 0.449044 143 109 69
0.337967 0.143465 0.449144 143 111 73
0.338001 0.144220 0.449078 147 116 79
0.319905 0.099806 0.455888 98 92 74
0.319864 0.100280 0.455330 100 95 78
0.325791 0.114563 0.452513 150 144 126
0.325639 0.114932 0.452742 150 144 126
0.326766 0.116391 0.452556 151 147 128
0.326870 0.117217 0.452576 148 145 126
0.327330 0.118048 0.452681 152 151 132
0.327990 0.119038 0.452572 152 152 135
0.328134 0.120171 0.452221 139 137 123
0.328475 0.120997 0.451915 136 134 120
0.328915 0.121818 0.451864 135 134 119
0.329580 0.122936 0.451702 139 135 120
0.329760 0.123985 0.451747 139 135 118
0.330946 0.127282 0.450632 152 140 118
0.331313 0.127974 0.450760 155 143 119
0.331581 0.128907 0.450687 158 144 118
0.331994 0.129835 0.450391 159 144 117
0.332474 0.130655 0.449933 161 145 116
0.337583 0.142717 0.448147 142 111 73
0.337527 0.143624 0.448266 147 117 81
0.337492 0.144406 0.448219 153 123 88
0.319584 0.100899 0.454891 94 90 73
0.319646 0.101686 0.454334 103 99 83
0.319429 0.102492 0.454303 113 110 94
0.320627 0.104724 0.454490 108 103 88
0.325101 0.114453 0.452156 145 138 121
0.325174 0.115142 0.452538 147 141 123
0.326359 0.117377 0.451869 138 132 115
0.326514 0.118224 0.451334 131 125 111
0.326966 0.119362 0.451194 133 127 113
0.327345 0.119989 0.451278 135 130 116
0.328054 0.121107 0.451346 130 125 112
0.328482 0.121843 0.451251 129 123 109
0.328921 0.124272 0.450343 140 131 116
0.329222 0.125044 0.450264 142 132 116
0.329799 0.126112 0.450036 145 135 115
0.330146 0.127156 0.450125 150 138 117
0.330550 0.128043 0.450165 156 143 120
0.330851 0.128904 0.450310 158 144 120
0.331360 0.130116 0.450168 160 145 118
0.331747 0.131079 0.449717 162 146 117
0.332129 0.131686 0.449171 163 146 116
0.337240 0.142992 0.447463 148 118 82
0.337117 0.143590 0.447301 153 125 90
0.337146 0.144745 0.447384 159 132 97
0.319709 0.102775 0.453839 116 112 97
0.319722 0.103575 0.453348 122 118 102
0.321099 0.106921 0.452730 123 117 101
0.321235 0.107721 0.452704 125 119 103
0.321408 0.108613 0.452665 125 120 104
0.321789 0.110137 0.452213 133 128 112
0.323485 0.112725 0.451683 137 128 110
0.324024 0.113439 0.451603 134 128 113
0.324384 0.114159 0.451879 139 132 116
0.325178 0.116758 0.450521 123 120 103
0.325656 0.117559 0.450938 130 125 110
0.325952 0.118377 0.451027 131 125 111
0.326484 0.119367 0.451115 132 126 112
0.326524 0.120182 0.451220 140 136 123
0.327751 0.122870 0.449785 143 138 126
0.328321 0.124332 0.450027 138 130 115
0.328734 0.125247 0.449769 139 130 113
0.329079 0.126281 0.449620 143 132 113
0.329500 0.127104 0.449539 149 137 116
0.329864 0.128157 0.449810 157 143 121
0.331286 0.131646 0.449298 165 148 118
0.331477 0.132154 0.448676 166 148 118
0.331846 0.132565 0.448055 166 147 117
0.336788 0.143729 0.446575 156 129 96
0.336784 0.144848 0.446500 162 137 103
0.336691 0.145558 0.446177 165 140 107
0.319457 0.104125 0.452873 125 121 106
0.319404 0.104757 0.452258 128 123 107
0.319670 0.105344 0.451794 131 123 106
0.320362 0.107067 0.452120 132 126 110
0.320671 0.107830 0.451907 132 126 110
0.321017 0.108802 0.451756 132 125 109
0.321322 0.109727 0.451630 134 128 111
0.321891 0.110789 0.451018 129 122 106
0.322354 0.111653 0.450782 130 122 107
0.322849 0.112640 0.451030 127 120 105
0.324772 0.116775 0.450543 123 121 105
0.324951 0.117482 0.450294 128 125 111
0.325564 0.118176 0.450236 131 128 114
0.327455 0.122999 0.449658 142 138 126
0.327673 0.124342 0.449458 134 127 114
0.327970 0.125445 0.448936 134 125 109
0.328444 0.126370 0.448968 140 129 110
0.328761 0.127081 0.449276 148 136 115
0.330769 0.132570 0.447886 167 149 119
0.331271 0.132880 0.447385 166 147 117
0.336455 0.145101 0.445585 165 141 108
0.336532 0.145426 0.445921 165 142 108
0.318390 0.104127 0.451682 117 118 99
0.318890 0.105032 0.451765 128 125 106
0.319316 0.106028 0.451571 133 126 109
0.319686 0.106904 0.451378 134 126 109
0.320221 0.107917 0.451277 136 127 109
0.320637 0.108859 0.451199 139 131 113
0.321040 0.109830 0.450925 141 133 117
0.321631 0.110736 0.450779 135 127 112
0.321724 0.112064 0.450340 116 110 96
0.322094 0.112829 0.450608 119 113 100
0.321977 0.113576 0.450478 115 112 100
0.322892 0.115068 0.449415 122 121 108
0.323323 0.115961 0.449255 124 125 113
0.323690 0.116740 0.449483 124 124 111
0.324385 0.117446 0.449724 133 132 119
0.327271 0.125492 0.448498 132 123 107
0.330061 0.132870 0.447154 168 149 119
0.330471 0.133153 0.446607 167 149 118
0.318040 0.104388 0.451109 109 110 89
0.318072 0.105170 0.450659 102 102 80
0.318194 0.105978 0.450401 101 99 76
0.318909 0.107295 0.450690 126 119 100
0.319074 0.108087 0.450728 124 114 93
0.320381 0.110095 0.449680 145 138 126
0.320646 0.110460 0.449556 145 138 126
0.321320 0.111716 0.449887 113 109 95
0.321356 0.113023 0.449168 115 116 102
0.321661 0.113726 0.449277 117 117 103
0.322424 0.115080 0.449081 120 120 108
0.322670 0.115872 0.449262 119 120 107
0.322880 0.116655 0.449425 123 124 112
0.329170 0.132945 0.446273 168 151 121
0.329770 0.133283 0.445997 168 150 119
0.318065 0.106494 0.450048 98 96 72
0.318575 0.107299 0.449797 102 99 76
0.318883 0.108098 0.449491 105 102 79
0.319066 0.109161 0.449259 104 103 83
0.319494 0.110117 0.449242 131 126 110
0.319592 0.111087 0.449272 116 114 95
0.320693 0.112287 0.449054 116 117 103
0.320641 0.112890 0.449211 115 116 102
0.328772 0.133116 0.445425 169 152 121
0.329185 0.133438 0.445193 170 152 120
0.318358 0.107568 0.448953 96 97 76
0.318478 0.107988 0.448926 89 93 71
0.328370 0.133144 0.444599 171 153 122
0.328808 0.133455 0.444452 171 153 121
0.322696 0.132996 0.439127 99 89 63
0.322993 0.133432 0.438633 100 89 62
0.322018 0.133320 0.438367 104 88 56
0.322419 0.133573 0.438102 104 89 58
0.321760 0.134118 0.437348 104 86 53
0.321943 0.134581 0.436581 106 87 52
0.321228 0.134598 0.436712 104 84 50
0.321452 0.135300 0.436329 103 84 50
0.321660 0.136285 0.436025 103 83 50
0.321732 0.136998 0.435838 102 83 51
0.321895 0.136535 0.435477 103 84 50
0.321825 0.137166 0.435432 102 83 50
0.321907 0.138721 0.434942 99 82 51
0.321943 0.139139 0.434674 99 82 51
0.321788 0.139593 0.434129 99 81 50
0.321862 0.140295 0.433712 99 80 49
0.322236 0.141246 0.433245 97 80 50
0.320950 0.140143 0.433535 97 77 47
0.321529 0.140681 0.433061 99 80 48
0.321931 0.141395 0.432809 97 79 48
0.319491 0.139329 0.432562 101 77 43
0.320194 0.140200 0.432581 99 77 44
0.320925 0.140759 0.432254 101 79 46
0.321366 0.141665 0.432029 99 79 47
0.321499 0.142276 0.431575 99 79 46
0.319308 0.139491 0.432241 102 77 42
0.319516 0.140063 0.431780 102 77 42
0.320257 0.140659 0.431371 102 78 43
0.320827 0.141604 0.431279 102 79 45
0.321063 0.142427 0.431015 100 78 45
0.318489 0.139789 0.431491 106 79 44
0.318860 0.140345 0.431080 105 78 43
0.319334 0.140564 0.430506 105 78 41
0.318264 0.140703 0.430282 109 81 45
0.318659 0.140774 0.429840 107 78 42
0.317474 0.140816 0.429458 111 83 45
0.317964 0.140996 0.428988 109 79 42
0.316749 0.140949 0.428577 108 80 43
0.317238 0.141205 0.428168 108 77 41
0.316242 0.141068 0.428045 107 79 43
0.316506 0.141465 0.427378 104 75 39
0.315173 0.141303 0.426736 98 74 41
0.315853 0.141730 0.426657 103 75 39
0.313995 0.140735 0.426250 102 83 58
0.314557 0.141151 0.426102 100 80 53
0.315243 0.141930 0.425947 100 75 43
0.315468 0.142464 0.425293 100 76 44
0.313444 0.140834 0.425514 111 96 75
0.314091 0.141304 0.425408 106 89 66
0.314623 0.142063 0.425170 103 83 57
0.315206 0.142758 0.424886 99 78 49
0.313074 0.140894 0.424972 118 104 85
0.313571 0.141291 0.424646 116 102 84
0.314096 0.141697 0.424284 115 102 84
0.341889 0.102179 0.474924 71 59 44
0.342080 0.102625 0.474812 75 62 47
0.340763 0.101339 0.474800 65 53 39
0.341218 0.102229 0.475019 67 53 37
0.341653 0.103243 0.474848 76 61 44
0.342000 0.104135 0.474493 88 72 53
0.342041 0.105047 0.474117 99 81 59
0.339215 0.099402 0.473799 70 54 39
0.339637 0.100501 0.474117 60 46 32
0.339975 0.101065 0.474502 61 46 32
0.342118 0.105553 0.473635 105 87 65
0.341962 0.106350 0.473329 114 96 72
0.341926 0.107227 0.473021 129 110 84
0.337552 0.097763 0.473746 122 91 57
0.338226 0.098578 0.473908 102 76 49
0.338830 0.099498 0.473863 77 57 37
0.339190 0.100165 0.473779 61 44 29
0.342025 0.107386 0.472523 137 118 93
0.342114 0.108384 0.472121 150 130 101
0.342293 0.109361 0.471840 151 130 98
0.342375 0.110281 0.471718 150 127 93
0.336634 0.096868 0.473281 137 103 63
0.337302 0.097271 0.473425 130 97 60
0.342404 0.109383 0.471211 157 138 107
0.342486 0.110440 0.471054 151 130 96
0.342521 0.111485 0.470721 150 126 90
0.342438 0.112313 0.470640 148 122 84
0.335547 0.096088 0.472640 140 104 63
0.336087 0.096389 0.472882 141 105 63
0.342545 0.111709 0.470031 150 127 92
0.342429 0.112579 0.469917 149 123 85
0.342269 0.113428 0.469657 147 119 80
0.334442 0.095374 0.471936 126 90 49
0.335031 0.095654 0.472149 135 99 58
0.342288 0.113720 0.468969 146 119 79
0.342096 0.114480 0.468677 144 115 74
0.333213 0.094707 0.471168 127 91 51
0.333840 0.094973 0.471410 119 83 44
0.341966 0.114979 0.467938 143 114 74
0.341676 0.115654 0.467673 142 112 70
0.332646 0.094401 0.470585 128 92 53
0.341563 0.116033 0.466956 143 112 72
0.341370 0.116770 0.466707 145 113 71
0.331566 0.094000 0.469846 123 88 50
0.332098 0.094113 0.469971 123 87 49
0.341583 0.116309 0.466218 144 114 75
0.341314 0.117086 0.466026 148 116 76
0.341167 0.118021 0.465810 157 123 81
0.330947 0.093791 0.469189 120 85 47
0.341085 0.117405 0.465177 151 119 80
0.341004 0.118179 0.464996 159 126 86
0.340907 0.119085 0.465068 165 130 89
0.340995 0.119894 0.464794 165 131 88
0.330110 0.093645 0.468465 114 80 44
0.340814 0.118461 0.464245 159 126 87
0.340771 0.119271 0.464085 166 132 92
0.340757 0.120328 0.464044 164 130 88
0.340823 0.121235 0.463828 161 127 83
0.328775 0.093696 0.467629 111 76 41
0.329377 0.093674 0.467673 114 79 44
0.340711 0.119631 0.463298 167 134 94
0.340654 0.120473 0.463119 164 131 90
0.340631 0.121478 0.462942 156 122 81
0.340724 0.122475 0.462778 158 124 81
0.340809 0.123335 0.462571 158 124 81
0.328420 0.093545 0.466837 117 83 48
0.328999 0.093570 0.466888 121 87 51
0.340489 0.121615 0.462016 153 121 82
0.340475 0.122513 0.461879 152 120 81
0.340654 0.123534 0.461827 155 122 81
0.340752 0.124447 0.461699 149 116 76
0.327726 0.093346 0.466152 113 79 43
0.340258 0.122757 0.461077 148 117 80
0.340359 0.123508 0.460836 151 120 83
0.340523 0.124651 0.460830 148 117 77
0.340404 0.125515 0.460755 143 110 70
0.326976 0.093212 0.465396 111 77 38
0.340246 0.124866 0.459895 148 118 80
0.340210 0.125817 0.459899 145 114 74
0.340028 0.126553 0.459736 148 114 73
0.325747 0.093228 0.464767 121 87 47
0.326322 0.093206 0.464501 118 85 47
0.339923 0.125970 0.458934 146 117 78
0.339740 0.126878 0.458902 150 118 78
0.325176 0.093348 0.464060 123 92 55
0.325586 0.093350 0.463600 126 97 64
0.339418 0.127100 0.457943 152 122 83
0.339245 0.128012 0.457956 159 127 86
0.324672 0.093506 0.463483 124 96 63
0.324825 0.093578 0.462922 125 101 74
0.339110 0.127370 0.457142 153 125 86
0.339014 0.128167 0.457059 160 130 90
0.338977 0.129177 0.457043 165 132 89
0.339009 0.129972 0.456904 168 132 87
0.324210 0.093889 0.462153 116 96 73
0.338682 0.128353 0.456152 159 131 93
0.338674 0.129231 0.456132 164 134 92
0.338776 0.130336 0.456100 169 134 89
0.338856 0.131196 0.455897 170 134 87
0.323688 0.094339 0.461332 100 83 62
0.323829 0.094595 0.460614 98 83 66
0.338419 0.129325 0.455283 165 136 96
0.338521 0.130358 0.455118 169 137 94
0.338634 0.131514 0.455151 170 135 88
0.338679 0.132424 0.454983 169 132 85
0.323130 0.094747 0.460869 103 87 66
0.323145 0.094994 0.460264 96 83 64
0.332673 0.118167 0.456656 157 152 134
0.332841 0.118798 0.456310 157 152 134
0.338239 0.130702 0.454405 170 139 97
0.338180 0.131559 0.454056 170 137 93
0.338420 0.132529 0.454096 167 131 87
0.338677 0.133552 0.454027 160 122 78
0.338997 0.134620 0.453812 158 117 74
0.339208 0.135632 0.453577 159 117 72
0.339286 0.136355 0.453368 161 118 72
0.322632 0.095586 0.459503 86 74 57
0.322809 0.095920 0.458838 90 80 65
0.332446 0.119007 0.455817 159 153 134
0.332815 0.120022 0.455410 157 152 134
0.332783 0.120501 0.454892 158 154 137
0.337782 0.131688 0.453208 169 138 96
0.337983 0.132494 0.453038 165 132 90
0.338375 0.133542 0.452878 160 123 81
0.338647 0.134595 0.452775 158 120 77
0.338933 0.135706 0.452766 159 118 73
0.339097 0.136687 0.452707 158 116 70
0.339187 0.137661 0.452440 148 107 63
0.339357 0.138388 0.452311 143 103 59
0.322134 0.096097 0.459046 96 86 70
0.322223 0.096417 0.458492 96 87 72
0.332414 0.121035 0.454703 156 153 137
0.332586 0.121694 0.454228 153 150 133
0.337643 0.132730 0.452378 163 130 89
0.337727 0.133147 0.452217 159 125 85
0.338426 0.134708 0.452018 158 120 78
0.338586 0.135697 0.451769 158 119 75
0.338770 0.136745 0.451688 154 114 70
0.339006 0.137764 0.451660 145 105 61
0.339124 0.138714 0.451569 145 104 62
0.339109 0.139447 0.451352 149 109 66
0.321795 0.097012 0.457885 97 88 72
0.321757 0.097391 0.457328 95 86 69
0.330149 0.117402 0.453900 162 161 144
0.330488 0.118379 0.453953 153 153 138
0.330894 0.119507 0.453751 151 152 138
0.331085 0.120190 0.453728 150 150 135
0.331525 0.121012 0.453587 148 147 132
0.331987 0.121847 0.453635 149 146 130
0.334225 0.127155 0.452129 155 141 117
0.334548 0.127868 0.452067 158 143 117
0.334771 0.128581 0.451815 160 144 117
0.338512 0.136749 0.450970 151 111 68
0.338792 0.137726 0.450723 146 106 64
0.338859 0.138781 0.450631 150 110 67
0.338887 0.139779 0.450626 152 113 68
0.321395 0.097991 0.456845 97 89 70
0.321466 0.098447 0.456209 107 99 80
0.328695 0.116916 0.453219 166 166 147
0.329349 0.117524 0.453239 160 160 142
0.329626 0.118458 0.453077 154 154 139
0.330052 0.119463 0.452907 146 148 134
0.330459 0.120362 0.453031 145 147 133
0.330883 0.121277 0.452770 144 144 128
0.330829 0.122225 0.452497 142 140 123
0.333253 0.126478 0.451525 153 141 118
0.333448 0.127212 0.451665 155 142 118
0.333809 0.128191 0.451568 158 143 117
0.334226 0.129045 0.451244 160 144 117
0.334461 0.129846 0.450774 161 145 117
0.338591 0.138936 0.449770 152 114 70
0.338531 0.139944 0.449616 153 116 72
0.338458 0.140932 0.449607 149 113 71
0.321005 0.099015 0.455823 102 94 75
0.321182 0.099476 0.455166 94 87 67
0.328249 0.116785 0.452501 151 149 132
0.328633 0.117615 0.452608 154 154 137
0.329047 0.118567 0.452416 149 149 133
0.329419 0.119594 0.452296 140 140 126
0.329782 0.120562 0.451942 138 137 123
0.330246 0.121469 0.451846 139 137 122
0.330458 0.122332 0.451963 141 138 122
0.332456 0.126626 0.450866 152 140 118
0.332475 0.127461 0.451079 155 142 118
0.332877 0.128502 0.451096 157 143 117
0.333289 0.129425 0.450746 159 144 116
0.333850 0.130229 0.450345 161 145 116
0.334060 0.130909 0.450005 162 145 114
0.338164 0.140234 0.448620 149 114 73
0.338111 0.141164 0.448722 146 111 71
0.337971 0.141968 0.448565 144 110 70
0.320544 0.099594 0.455496 94 88 69
0.320695 0.100081 0.454853 95 89 71
0.326245 0.113948 0.452082 145 139 122
0.326748 0.114788 0.451906 137 133 117
0.327208 0.115873 0.452087 144 141 123
0.327596 0.116749 0.452130 145 142 124
0.328061 0.117665 0.451934 142 140 123
0.328397 0.118740 0.451668 137 135 120
0.328781 0.119771 0.451469 135 132 118
0.329179 0.120566 0.451389 135 132 119
0.329663 0.121508 0.451317 135 131 117
0.330095 0.122541 0.451221 138 133 117
0.330063 0.123359 0.451438 140 136 119
0.330778 0.124589 0.450060 141 132 115
0.331197 0.125583 0.450008 146 135 116
0.331522 0.126522 0.450358 149 138 117
0.331576 0.127460 0.450473 153 141 118
0.331877 0.128455 0.450393 158 144 119
0.332762 0.129875 0.450315 159 144 117
0.333075 0.130607 0.449969 161 145 115
0.333517 0.131334 0.449414 161 143 113
0.333857 0.132040 0.448773 162 142 111
0.337907 0.140478 0.447934 148 114 75
0.337715 0.141239 0.447774 144 110 72
0.337600 0.142146 0.447836 141 109 72
0.320375 0.100711 0.454398 97 92 75
0.320363 0.101224 0.453804 98 94 77
0.325366 0.113183 0.451730 142 136 119
0.325675 0.113964 0.451819 140 134 118
0.325910 0.114758 0.451776 134 130 115
0.326639 0.115618 0.451598 135 132 115
0.326868 0.116927 0.451001 133 127 113
0.327289 0.117882 0.450989 133 128 113
0.327698 0.118878 0.450815 132 127 113
0.328186 0.119865 0.450969 132 127 113
0.328599 0.120744 0.450908 131 127 113
0.328995 0.121734 0.450533 136 131 118
0.329066 0.122403 0.449895 142 137 124
0.329706 0.123759 0.450038 137 130 115
0.330011 0.124718 0.449806 139 130 113
0.330385 0.125560 0.449823 143 133 114
0.330797 0.126907 0.449815 150 138 117
0.331000 0.127479 0.449732 154 141 119
0.332833 0.131895 0.448932 163 145 114
0.333298 0.132546 0.448394 160 140 108
0.333540 0.133065 0.447890 159 138 104
0.337240 0.141492 0.446875 140 109 74
0.337111 0.142390 0.446990 146 116 81
0.337283 0.143506 0.447110 152 124 89
0.320462 0.101646 0.453163 100 95 79
0.320265 0.102368 0.452986 110 105 89
0.320207 0.103197 0.452613 118 113 97
0.321253 0.106674 0.452304 123 117 101
0.324118 0.112182 0.451141 130 124 110
0.324515 0.113067 0.451306 132 127 113
0.325076 0.114106 0.451043 132 127 112
0.325314 0.114904 0.450650 129 123 108
0.325603 0.116165 0.450144 129 126 112
0.326187 0.117086 0.450337 132 128 113
0.326615 0.117997 0.450305 130 127 112
0.327205 0.118700 0.450102 130 128 113
0.328250 0.122401 0.449959 142 137 125
0.328700 0.122929 0.449530 139 134 120
0.329012 0.123906 0.449354 134 127 113
0.329418 0.124886 0.449224 136 127 110
0.329683 0.125819 0.449160 140 129 111
0.330073 0.126797 0.449344 149 136 116
0.332309 0.132236 0.448448 165 147 116
0.332586 0.132875 0.447948 163 143 111
0.333080 0.133241 0.447492 161 140 107
0.336819 0.141738 0.446209 147 118 84
0.336672 0.142496 0.446081 153 125 92
0.336732 0.143577 0.446138 157 131 97
0.336739 0.144203 0.445899 161 136 103
0.320202 0.103603 0.452101 120 114 98
0.319958 0.104336 0.451692 123 117 101
0.319831 0.105231 0.451606 129 122 105
0.320983 0.106950 0.451346 126 120 103
0.321207 0.107414 0.451148 126 119 102
0.321457 0.108389 0.451009 127 120 103
0.321661 0.109482 0.450901 129 122 105
0.322144 0.110726 0.450817 125 119 104
0.322976 0.111507 0.450494 124 117 103
0.323503 0.112208 0.450728 126 121 107
0.323788 0.113364 0.449871 119 114 101
0.324318 0.114247 0.449983 121 116 103
0.324976 0.115301 0.449774 123 120 106
0.325170 0.116217 0.449829 126 124 109
0.325514 0.117110 0.449785 128 125 111
0.325823 0.117866 0.449885 124 121 107
0.328614 0.124015 0.448484 129 123 109
0.328687 0.124975 0.448602 132 124 108
0.329018 0.125762 0.448790 136 126 108
0.331833 0.133167 0.447119 165 145 113
0.332275 0.133470 0.446653 166 146 113
0.336273 0.142714 0.445133 160 134 102
0.336367 0.143530 0.445120 162 137 104
0.336330 0.144527 0.445093 165 141 108
0.319061 0.103775 0.450971 115 115 95
0.319642 0.104596 0.450921 119 116 96
0.320049 0.105596 0.450850 127 120 102
0.320449 0.106629 0.450695 130 122 103
0.320927 0.107428 0.450483 129 122 103
0.321353 0.108478 0.450479 131 123 104
0.321577 0.109610 0.450116 134 126 109
0.321994 0.110545 0.449945 138 131 116
0.322325 0.111365 0.450019 125 118 103
0.322566 0.112109 0.450251 121 116 102
0.323474 0.113359 0.449362 122 118 104
0.323551 0.114524 0.449050 122 122 110
0.323945 0.115344 0.449120 123 123 111
0.324294 0.116228 0.449260 123 123 109
0.331084 0.133436 0.446271 167 148 116
0.331556 0.133694 0.445882 168 149 116
0.335897 0.142936 0.444378 164 139 108
0.336021 0.143839 0.444194 165 142 110
0.335936 0.144654 0.444167 166 143 113
0.318784 0.103975 0.450480 106 107 87
0.318734 0.104716 0.450050 100 100 78
0.318799 0.105474 0.449755 98 98 76
0.320043 0.106727 0.449782 124 118 100
0.319983 0.107426 0.449656 124 117 99
0.320615 0.109620 0.449458 145 139 126
0.321398 0.110563 0.449205 125 121 107
0.321768 0.111692 0.448872 114 113 100
0.322178 0.112559 0.448829 117 116 103
0.322546 0.113413 0.448667 121 120 108
0.322996 0.114509 0.448765 120 120 108
0.323082 0.115291 0.448942 121 122 110
0.330376 0.133572 0.445522 169 150 118
0.330950 0.133919 0.445100 170 151 117
0.335526 0.144623 0.443260 166 146 116
0.318963 0.106049 0.449514 99 98 76
0.319017 0.106944 0.449015 93 95 73
0.319316 0.107831 0.448859 100 100 79
0.319703 0.108812 0.448620 105 107 88
0.320303 0.109667 0.448666 121 119 103
0.320958 0.110700 0.448570 115 115 100
0.321018 0.111610 0.448747 115 116 102
0.329765 0.133718 0.444780 170 152 119
0.330223 0.134065 0.444299 171 152 118
0.335180 0.144718 0.442590 166 148 120
0.318718 0.107017 0.448514 81 88 68
0.318929 0.107723 0.448413 67 80 60
0.328880 0.133731 0.443825 172 153 121
0.329542 0.134141 0.443448 173 153 120
0.328390 0.133881 0.443055 173 154 121
0.328874 0.134242 0.442591 174 154 121
0.328103 0.134053 0.442366 174 154 121
0.328370 0.134354 0.441924 175 155 122
0.323517 0.133732 0.438122 97 88 63
0.323896 0.134146 0.437814 96 88 63
0.323112 0.133667 0.437579 104 91 61
0.323714 0.134169 0.437328 101 90 63
0.322627 0.134110 0.436831 108 91 57
0.322791 0.134376 0.436319 109 91 57
0.322248 0.134968 0.435703 107 87 52
0.322299 0.135850 0.435265 105 86 52
0.322673 0.136597 0.435064 104 86 54
0.321824 0.135504 0.435269 106 86 50
0.322115 0.136008 0.434766 106 86 51
0.322420 0.136774 0.434536 105 86 52
0.322349 0.138682 0.434247 101 84 53
0.322441 0.138848 0.434136 102 84 52
0.322498 0.139294 0.433417 101 84 51
0.322347 0.139918 0.433075 102 83 50
0.322218 0.140396 0.432558 102 83 49
0.322328 0.141239 0.432341 101 82 49
0.322607 0.141872 0.431917 101 82 49
0.321517 0.140754 0.431909 103 82 47
0.321666 0.141443 0.431410 103 82 47
0.322150 0.141941 0.431294 103 82 48
0.320419 0.140895 0.430905 103 78 42
0.321074 0.141668 0.430707 104 80 44
0.321463 0.142334 0.430482 104 81 45
0.321655 0.143131 0.430270 104 81 45
0.319968 0.140881 0.430100 104 78 40
0.320563 0.141371 0.429757 105 79 41
0.321125 0.142493 0.429777 104 80 43
0.321269 0.143408 0.429846 104 81 44
0.319336 0.140926 0.429284 107 77 39
0.320028 0.141277 0.429006 106 78 39
0.318694 0.141021 0.428384 108 76 39
0.319217 0.141397 0.428204 108 76 39
0.317984 0.141210 0.427599 107 75 37
0.318188 0.141753 0.427016 106 73 36
0.317230 0.141545 0.426985 105 74 36
0.317788 0.141931 0.426513 105 73 35
0.316511 0.141851 0.426292 103 74 36
0.317047 0.142350 0.425850 103 73 35
0.317380 0.142750 0.425343 104 74 35
0.315854 0.142011 0.425702 100 74 40
0.316268 0.142567 0.425141 101 74 38
0.316766 0.142954 0.424694 103 75 37
0.315003 0.141959 0.424442 109 92 69
0.315681 0.142606 0.424331 105 83 54
0.316326 0.143118 0.424194 103 78 43
0.314654 0.141960 0.423889 116 103 85
0.315234 0.142347 0.423560 116 101 81
0.342099 0.100842 0.474664 80 72 61
0.342376 0.101687 0.474764 80 70 56
0.342665 0.102708 0.474520 88 76 61
0.342949 0.103183 0.474152 101 88 72
0.341034 0.099977 0.474145 75 69 59
0.341361 0.100660 0.474518 72 64 53
0.342821 0.103766 0.474027 99 85 68
0.342792 0.104573 0.473500 104 89 71
0.339880 0.099197 0.473570 71 61 48
0.340296 0.099808 0.473914 67 60 49
0.342723 0.105208 0.473023 106 91 72
0.342651 0.105910 0.472528 113 97 76
0.338264 0.097554 0.473002 108 81 51
0.338899 0.098209 0.473215 88 67 45
0.339381 0.098927 0.473459 73 58 43
0.342550 0.106966 0.471797 138 121 98
0.342533 0.107918 0.471232 157 141 115
0.337300 0.096598 0.472548 134 101 61
0.337927 0.097093 0.472740 119 89 55
0.342637 0.108341 0.470853 162 146 120
0.342582 0.109065 0.470589 162 145 117
0.342588 0.110047 0.470272 157 139 108
0.342712 0.111365 0.470173 150 127 92
0.336164 0.095829 0.471894 138 103 61
0.336729 0.096116 0.472114 140 105 64
0.342661 0.110274 0.469606 156 138 110
0.342613 0.111224 0.469375 151 131 100
0.342640 0.112203 0.469160 149 127 92
0.334992 0.095206 0.471167 111 75 36
0.335563 0.095424 0.471350 122 87 47
0.342638 0.111549 0.468539 144 125 96
0.342622 0.112324 0.468430 145 124 91
0.342504 0.113212 0.468229 146 123 88
0.342352 0.114062 0.468030 147 121 83
0.334446 0.094821 0.470615 117 82 43
0.342455 0.113492 0.467476 143 120 86
0.342232 0.114323 0.467249 143 117 81
0.333357 0.094335 0.469860 126 91 52
0.333971 0.094476 0.469919 131 95 57
0.342096 0.114766 0.466476 137 112 77
0.341907 0.115509 0.466218 139 111 75
0.332638 0.094036 0.469171 111 76 39
0.341799 0.115897 0.465487 133 106 70
0.341522 0.116560 0.465346 140 111 73
0.331619 0.093756 0.468469 112 78 43
0.332172 0.093839 0.468435 110 76 41
0.341258 0.116146 0.464525 118 94 61
0.341281 0.116769 0.464531 132 104 68
0.340987 0.117631 0.464348 148 117 80
0.331008 0.093622 0.467755 118 83 49
0.341040 0.116960 0.463686 122 96 64
0.340913 0.117910 0.463594 142 112 77
0.340786 0.118788 0.463528 159 127 89
0.330189 0.093543 0.466955 123 89 54
0.340679 0.118144 0.462752 135 105 72
0.340542 0.119010 0.462626 153 121 85
0.340545 0.120072 0.462501 164 132 93
0.328860 0.093381 0.466067 118 84 48
0.329421 0.093430 0.466180 121 87 51
0.340211 0.119205 0.461605 148 119 83
0.340286 0.120213 0.461614 161 130 92
0.340374 0.121284 0.461549 156 125 87
0.340332 0.122041 0.461332 151 120 83
0.328495 0.093284 0.465421 109 75 39
0.329073 0.093275 0.465424 111 77 42
0.339905 0.119481 0.460927 151 122 87
0.339877 0.120263 0.460628 159 131 95
0.340057 0.121379 0.460635 157 128 92
0.340104 0.122357 0.460657 148 118 82
0.340242 0.123564 0.460318 149 120 83
0.327811 0.093304 0.464663 108 74 38
0.339572 0.120565 0.459902 160 134 99
0.339622 0.121381 0.459676 159 132 98
0.339753 0.122469 0.459742 146 119 84
0.340027 0.123389 0.459705 145 117 81
0.340104 0.124366 0.459528 150 121 84
0.327093 0.093360 0.463824 119 88 54
0.339338 0.121777 0.458990 157 131 97
0.339336 0.122492 0.458680 146 122 88
0.339565 0.123517 0.458582 143 117 83
0.339753 0.124639 0.458576 149 122 86
0.339856 0.125514 0.458498 146 118 81
0.326367 0.093405 0.463001 126 101 74
0.338946 0.122807 0.457888 141 119 86
0.339193 0.123634 0.457737 142 118 85
0.339369 0.124612 0.457600 150 125 91
0.339505 0.125766 0.457584 149 122 86
0.339393 0.126558 0.457502 148 121 84
0.325654 0.093547 0.462197 125 106 87
0.339151 0.125110 0.456765 155 131 97
0.339046 0.125794 0.456622 154 130 96
0.339026 0.126862 0.456714 149 123 87
0.338949 0.127611 0.456492 154 127 89
0.325054 0.093861 0.461479 112 96 79
0.325314 0.094067 0.460949 103 89 75
0.338481 0.125932 0.455743 155 134 103
0.338585 0.126978 0.455756 152 129 95
0.338599 0.127889 0.455801 153 128 92
0.324435 0.094224 0.460986 94 79 62
0.324615 0.094440 0.460459 90 76 62
0.333577 0.116346 0.456253 154 151 133
0.333675 0.116916 0.456052 153 150 132
0.333988 0.118475 0.456089 154 152 135
0.337386 0.125474 0.454665 146 131 104
0.337835 0.126078 0.454904 154 136 107
0.338056 0.127041 0.454902 156 135 104
0.338188 0.128121 0.454982 155 132 97
0.338227 0.129135 0.454812 163 136 98
0.338311 0.129800 0.454655 168 139 99
0.323983 0.094947 0.459694 99 87 73
0.333102 0.116420 0.456072 156 152 132
0.333439 0.117491 0.455836 148 144 127
0.333618 0.118501 0.455817 150 146 129
0.333550 0.119280 0.455158 158 151 133
0.334094 0.120138 0.454893 157 151 134
0.336732 0.125523 0.454051 140 125 100
0.337044 0.126139 0.454177 150 134 107
0.337311 0.127170 0.454127 158 139 111
0.337551 0.128129 0.454028 159 139 108
0.337877 0.129148 0.453983 164 140 104
0.338066 0.130225 0.453837 169 141 101
0.338105 0.131123 0.453518 170 139 98
0.323490 0.095457 0.459004 92 81 67
0.323461 0.095762 0.458477 91 81 67
0.332305 0.115818 0.455222 159 151 131
0.332401 0.116368 0.455120 153 146 127
0.332952 0.117566 0.455119 145 139 122
0.332988 0.118655 0.454827 139 134 117
0.333256 0.119559 0.454668 142 137 121
0.333538 0.120296 0.454504 155 150 134
0.335894 0.125396 0.453411 143 129 106
0.336148 0.126451 0.453463 148 133 108
0.336492 0.127448 0.453332 158 141 114
0.336792 0.128289 0.453114 161 143 114
0.337268 0.129283 0.453045 165 144 110
0.337631 0.130420 0.452921 168 142 104
0.337790 0.131436 0.452823 169 139 99
0.337946 0.132357 0.452620 165 133 92
0.338096 0.133097 0.452436 160 125 85
0.323033 0.096338 0.457891 96 87 72
0.323208 0.096596 0.457254 95 87 72
0.331440 0.115877 0.454360 147 143 125
0.331623 0.116408 0.454359 147 144 127
0.332562 0.118763 0.453776 138 134 119
0.332765 0.119671 0.453884 139 135 119
0.333072 0.120629 0.453793 150 146 129
0.332981 0.121477 0.453882 150 147 130
0.334955 0.124763 0.452674 153 142 120
0.335100 0.125507 0.452803 151 139 117
0.335336 0.126632 0.452846 151 136 112
0.335647 0.127604 0.452714 158 142 116
0.336101 0.128546 0.452469 161 144 116
0.336568 0.129425 0.452267 164 145 114
0.337090 0.130546 0.452066 167 144 109
0.337327 0.131548 0.452013 168 141 102
0.337633 0.132495 0.451930 162 131 92
0.338002 0.133443 0.451771 158 124 83
0.338205 0.134478 0.451523 157 120 78
0.338343 0.135401 0.451249 159 120 77
0.322497 0.096839 0.457524 97 89 73
0.322648 0.097145 0.456897 100 92 76
0.330303 0.116010 0.453488 156 154 135
0.330566 0.116941 0.453388 146 145 129
0.331019 0.117981 0.453263 145 145 131
0.331632 0.118876 0.453083 143 141 127
0.331962 0.119824 0.453162 143 141 125
0.332190 0.120749 0.453185 146 144 128
0.332497 0.121425 0.453228 148 144 127
0.334206 0.124715 0.452044 153 143 122
0.334273 0.125781 0.452174 153 141 119
0.334552 0.126789 0.452323 154 140 116
0.335038 0.127856 0.452272 159 143 117
0.335359 0.128823 0.451906 161 144 116
0.335816 0.129605 0.451588 164 146 116
0.336377 0.130642 0.451255 166 145 112
0.336784 0.131599 0.451054 165 140 104
0.337212 0.132577 0.450916 158 129 91
0.337593 0.133361 0.450754 155 123 84
0.337949 0.134528 0.450611 156 121 79
0.338180 0.135650 0.450611 156 119 77
0.338361 0.136659 0.450355 148 110 69
0.338636 0.137474 0.450180 146 107 65
0.322268 0.097757 0.456414 103 95 77
0.322217 0.098206 0.455814 110 102 82
0.330020 0.116140 0.452815 151 150 133
0.330065 0.117115 0.452782 148 147 132
0.330466 0.117995 0.452702 143 143 129
0.330914 0.119134 0.452583 140 140 126
0.331150 0.119999 0.452426 142 141 126
0.331223 0.120978 0.452327 143 140 124
0.333434 0.124913 0.451274 151 142 121
0.333418 0.125867 0.451458 153 141 119
0.334884 0.129237 0.451316 161 145 117
0.335070 0.129928 0.450955 163 146 117
0.335492 0.130731 0.450563 164 145 113
0.336191 0.131646 0.450117 161 139 104
0.336742 0.132349 0.450110 156 131 94
0.337498 0.133552 0.449977 152 121 82
0.337724 0.134585 0.449786 155 121 81
0.337823 0.135638 0.449495 152 117 76
0.338133 0.136592 0.449361 146 111 70
0.338402 0.137617 0.449311 147 110 69
0.338442 0.138596 0.449240 151 114 71
0.321876 0.098817 0.455243 109 100 80
0.321743 0.099226 0.454800 101 93 72
0.328584 0.115354 0.452023 143 141 125
0.328906 0.116211 0.452054 144 143 127
0.329251 0.117221 0.451980 144 143 128
0.329516 0.118314 0.451738 138 137 123
0.330031 0.119216 0.451597 140 139 125
0.330508 0.120152 0.451487 140 137 124
0.330705 0.120967 0.451421 139 136 121
0.330594 0.121948 0.451127 137 132 117
0.331731 0.123032 0.450514 140 133 116
0.332179 0.123952 0.450424 141 134 117
0.332682 0.125044 0.450471 146 138 118
0.332691 0.125834 0.450615 149 138 118
0.334759 0.131120 0.449828 162 144 112
0.335400 0.131831 0.449308 158 137 104
0.335884 0.132298 0.449009 149 127 92
0.337636 0.135900 0.448701 147 112 70
0.337652 0.136228 0.448689 144 109 68
0.338121 0.137722 0.448333 149 114 73
0.338111 0.138686 0.448282 151 116 75
0.338089 0.139600 0.448304 150 115 74
0.321470 0.099812 0.454168 91 84 64
0.326160 0.112998 0.451856 151 144 125
0.326547 0.113594 0.451880 138 134 118
0.327453 0.114573 0.451527 139 136 119
0.327932 0.115396 0.451657 141 138 121
0.328262 0.116407 0.451460 139 136 120
0.328684 0.117423 0.451109 136 133 118
0.328991 0.118293 0.451098 135 132 118
0.329398 0.119382 0.450841 134 130 117
0.329790 0.120223 0.450780 135 132 118
0.330132 0.121320 0.450492 135 131 117
0.330566 0.122052 0.450123 138 132 118
0.331100 0.123296 0.450114 137 130 115
0.331362 0.124179 0.450185 140 132 115
0.331749 0.125203 0.450120 144 135 116
0.332086 0.125933 0.450265 146 136 116
0.334267 0.131518 0.449165 162 143 112
0.334601 0.132113 0.448755 156 136 104
0.335017 0.132569 0.448237 150 129 96
0.337762 0.138842 0.447364 148 116 77
0.337723 0.139878 0.447428 147 114 76
0.337597 0.140711 0.447304 144 110 73
0.321348 0.100234 0.453549 96 89 68
0.321040 0.100743 0.453234 98 92 73
0.326058 0.112935 0.451740 144 138 121
0.326228 0.113501 0.451535 134 130 115
0.327158 0.114670 0.451124 138 134 117
0.327280 0.115787 0.450507 135 130 115
0.327501 0.116504 0.450654 134 129 115
0.327977 0.117636 0.450484 131 126 112
0.328318 0.118456 0.450250 130 127 112
0.328901 0.119421 0.450386 131 128 114
0.329269 0.120319 0.450334 132 129 115
0.329615 0.121734 0.450204 139 134 121
0.330000 0.122347 0.449558 137 131 118
0.330351 0.123306 0.449418 135 127 113
0.330467 0.124252 0.449278 135 127 111
0.330643 0.125106 0.449482 140 131 112
0.334019 0.132609 0.448271 156 135 103
0.334351 0.133054 0.447664 158 136 102
0.337452 0.139170 0.446724 148 117 80
0.337318 0.140024 0.446497 143 112 76
0.337249 0.140948 0.446617 140 109 74
0.320851 0.101264 0.452560 97 91 72
0.320685 0.101906 0.452192 100 95 77
0.324840 0.111916 0.450962 130 125 111
0.325111 0.112529 0.450833 130 125 113
0.325539 0.113807 0.450142 126 121 107
0.326017 0.114764 0.449847 128 123 109
0.326434 0.115579 0.449942 134 130 116
0.326792 0.116768 0.449818 129 125 111
0.327303 0.117524 0.449733 126 123 108
0.327580 0.118494 0.450016 130 128 114
0.329390 0.122855 0.449140 134 128 114
0.329727 0.123588 0.448656 130 123 109
0.329967 0.124345 0.448722 132 124 109
0.333552 0.133490 0.447059 162 141 106
0.334068 0.133925 0.446623 165 142 105
0.336857 0.140291 0.445608 141 112 78
0.336733 0.141165 0.445724 146 117 84
0.336542 0.141910 0.445548 153 126 93
0.320673 0.102292 0.451580 105 99 80
0.320550 0.103091 0.451286 114 108 90
0.320439 0.103856 0.450914 119 113 94
0.323524 0.110175 0.449609 127 122 109
0.323593 0.110975 0.449722 127 122 109
0.324101 0.112063 0.449568 120 114 101
0.324506 0.112843 0.449462 119 114 101
0.325009 0.113900 0.449519 122 118 105
0.325328 0.114886 0.449344 124 121 107
0.325738 0.115796 0.449384 124 121 106
0.329174 0.123944 0.448314 128 121 107
0.332829 0.133709 0.446306 167 147 112
0.333368 0.134387 0.445926 169 146 110
0.333730 0.134791 0.445311 169 144 105
0.336437 0.140514 0.444897 149 121 88
0.336292 0.141279 0.444691 155 128 96
0.336219 0.142176 0.444800 158 133 101
0.336230 0.143122 0.444425 164 139 107
0.319916 0.103623 0.450377 114 112 91
0.320231 0.104213 0.450292 119 113 94
0.320483 0.105226 0.449996 124 117 97
0.320824 0.106349 0.449846 130 121 101
0.321256 0.107253 0.449649 131 122 101
0.321658 0.108130 0.449470 127 119 98
0.322181 0.109123 0.449430 134 127 110
0.322792 0.110087 0.449611 132 127 114
0.322940 0.111013 0.449066 121 118 105
0.323664 0.112215 0.448702 119 117 104
0.323833 0.112963 0.448831 120 118 105
0.324189 0.114024 0.448740 122 121 109
0.324645 0.114903 0.448914 123 123 110
0.332089 0.133920 0.445448 170 151 115
0.332727 0.134415 0.445123 171 150 113
0.333250 0.135003 0.444856 171 146 108
0.335848 0.141531 0.443739 161 136 104
0.335779 0.142414 0.443870 164 139 108
0.335905 0.143352 0.443864 165 142 110
0.319351 0.103729 0.450054 106 107 86
0.319595 0.104379 0.449452 103 102 81
0.320187 0.105225 0.449384 112 108 87
0.320531 0.106346 0.449260 116 111 93
0.321055 0.107273 0.449145 129 121 101
0.321462 0.108274 0.448858 133 125 106
0.321710 0.109219 0.448613 131 125 108
0.321971 0.110245 0.448404 119 117 102
0.322427 0.111107 0.448534 115 113 99
0.322848 0.112223 0.448214 121 120 108
0.323108 0.113101 0.448335 120 120 107
0.323400 0.113783 0.448525 121 121 110
0.331497 0.134125 0.444650 171 151 117
0.332038 0.134442 0.444274 173 152 116
0.335467 0.141763 0.443035 166 143 110
0.335355 0.142518 0.442907 168 145 113
0.335487 0.143514 0.442948 167 145 115
0.335364 0.144349 0.442808 166 146 116
0.319612 0.105538 0.448752 97 98 76
0.319632 0.106548 0.448381 95 97 76
0.320071 0.107452 0.448174 103 104 84
0.320554 0.108380 0.447997 105 107 89
0.320983 0.109275 0.448054 109 110 94
0.321280 0.110245 0.448238 116 116 102
0.321987 0.111339 0.447232 118 118 101
0.330863 0.134290 0.443872 172 152 118
0.331433 0.134621 0.443438 173 153 117
0.334982 0.142578 0.442129 171 150 119
0.334997 0.143595 0.441978 168 148 119
0.335034 0.144504 0.442117 167 148 120
0.319220 0.105931 0.447762 97 97 78
0.319295 0.106623 0.447733 75 82 63
0.319526 0.107491 0.447572 71 80 60
0.320436 0.108701 0.447099 115 113 93
0.330164 0.134397 0.443050 174 154 119
0.330650 0.134682 0.442571 176 155 119
0.334561 0.143825 0.441119 168 150 122
0.334561 0.144319 0.441102 167 149 123
0.329412 0.134548 0.442175 176 156 121
0.329955 0.134807 0.441760 177 156 120
0.334241 0.144076 0.440511 168 151 125
0.334204 0.144264 0.440209 168 151 125
0.328648 0.134570 0.441447 177 157 122
0.329260 0.135005 0.441011 178 156 120
0.328319 0.134809 0.440723 177 157 121
0.328606 0.135179 0.440229 178 156 119
0.328068 0.135322 0.439748 177 156 118
0.324604 0.133383 0.437306 99 92 67
0.324618 0.133801 0.437152 99 92 66
0.324278 0.134181 0.436710 104 93 65
0.324815 0.134662 0.436308 104 95 68
0.323528 0.134363 0.435870 112 95 61
0.323104 0.134834 0.435277 112 93 58
0.323154 0.135536 0.434692 110 91 57
0.323342 0.136266 0.434501 108 91 58
0.322682 0.135983 0.434250 109 88 53
0.322978 0.136585 0.433888 109 89 55
0.323258 0.137299 0.433665 108 89 56
0.323454 0.139145 0.433381 100 86 58
0.324136 0.139298 0.432823 105 90 63
0.322791 0.136886 0.433249 109 88 52
0.322920 0.137378 0.433070 109 88 53
0.323076 0.139232 0.432979 102 85 54
0.323414 0.139476 0.432603 104 87 56
0.322971 0.139885 0.431908 105 85 51
0.322863 0.140502 0.431454 105 85 50
0.323125 0.141649 0.431161 103 84 50
0.322456 0.140868 0.430815 106 85 48
0.322929 0.141737 0.430945 104 84 50
0.321902 0.141372 0.430068 107 84 46
0.322119 0.142100 0.429827 107 84 46
0.322536 0.142476 0.429318 107 85 48
0.321208 0.141538 0.429198 107 81 42
0.321607 0.142217 0.429311 107 82 44
0.320360 0.141515 0.428495 107 78 39
0.320946 0.141781 0.428062 109 80 41
0.319379 0.141035 0.427887 109 77 39
0.319731 0.141408 0.427621 109 78 39
0.320418 0.141914 0.427426 110 79 40
0.318792 0.141229 0.427505 109 76 38
0.319003 0.141770 0.426772 109 76 38
0.319369 0.142113 0.426187 111 79 40
0.318400 0.142173 0.426094 108 75 37
0.318671 0.142447 0.425651 109 77 38
0.317843 0.142305 0.424863 112 79 40
0.318055 0.142776 0.424965 109 76 38
0.318478 0.143661 0.424562 107 75 37
0.317019 0.142500 0.424488 108 79 41
0.317254 0.142853 0.424335 107 78 39
0.316155 0.142763 0.423755 109 86 56
0.316671 0.142993 0.423418 109 85 52
0.315704 0.142610 0.423163 117 101 78
0.316355 0.143046 0.422735 115 95 69
0.342426 0.099693 0.474003 94 91 83
0.342703 0.100298 0.474315 91 86 77
0.343329 0.101240 0.474261 102 95 83
0.343455 0.102295 0.473938 113 103 89
0.343592 0.102941 0.473591 115 103 89
0.341684 0.099432 0.473777 90 85 77
0.341945 0.100058 0.474327 86 80 72
0.343585 0.103462 0.473326 116 103 88
0.343554 0.104276 0.472818 118 104 87
0.340677 0.098798 0.473101 80 74 63
0.340952 0.099205 0.473575 80 76 66
0.343412 0.104879 0.472467 114 100 82
0.343396 0.105513 0.471919 121 107 87
0.343308 0.106186 0.471462 133 117 96
0.338764 0.097431 0.472412 98 74 48
0.339428 0.097845 0.472377 85 67 47
0.340049 0.098427 0.472685 77 65 52
0.343575 0.105800 0.471150 136 121 101
0.343235 0.106571 0.471146 143 127 105
0.343128 0.107432 0.470587 159 144 122
0.337873 0.096406 0.471769 128 99 62
0.338544 0.096932 0.471942 110 84 54
0.339277 0.097369 0.471876 92 71 48
0.343128 0.107898 0.470184 165 150 127
0.343032 0.108673 0.469768 164 150 126
0.336656 0.095657 0.471224 131 98 58
0.337341 0.095940 0.471263 134 102 63
0.343051 0.109046 0.469189 160 146 123
0.342891 0.109818 0.468893 150 136 111
0.342738 0.110726 0.468719 145 128 101
0.336260 0.095310 0.470594 111 78 40
0.337084 0.095568 0.470511 119 87 50
0.343000 0.110168 0.468105 139 126 102
0.342811 0.111000 0.467973 133 117 90
0.342714 0.111836 0.467653 130 112 84
0.342678 0.112729 0.467563 139 118 87
0.335117 0.094741 0.469848 126 91 53
0.335794 0.094952 0.469950 116 82 44
0.342770 0.112122 0.467095 125 107 79
0.342603 0.112999 0.466740 129 108 78
0.342518 0.113942 0.466445 134 111 78
0.333730 0.094254 0.469146 121 87 49
0.334425 0.094422 0.469128 131 96 58
0.342582 0.113320 0.465995 124 104 75
0.342352 0.114191 0.465782 126 103 72
0.342133 0.115021 0.465653 127 103 69
0.333362 0.094088 0.468431 112 78 41
0.333968 0.094216 0.468388 114 80 43
0.342304 0.114674 0.465050 123 101 69
0.342036 0.115294 0.464806 122 99 67
0.332677 0.093853 0.467707 122 88 54
0.341908 0.115709 0.464051 122 99 67
0.341516 0.116142 0.463893 121 97 65
0.331595 0.093551 0.467096 126 92 57
0.332151 0.093637 0.466954 128 94 59
0.341179 0.116652 0.463106 122 97 66
0.330988 0.093414 0.466214 124 90 54
0.331698 0.093497 0.466308 126 93 57
0.340971 0.116971 0.462322 126 100 68
0.340679 0.117639 0.462114 127 100 68
0.330129 0.093279 0.465427 117 83 47
0.340453 0.117969 0.461192 128 104 72
0.340227 0.118643 0.461227 135 108 75
0.328954 0.093179 0.464927 109 75 41
0.329346 0.093203 0.464681 113 80 45
0.340262 0.118102 0.460405 129 106 76
0.339922 0.118935 0.460356 137 112 80
0.339623 0.119776 0.460212 152 126 91
0.328324 0.093309 0.464196 114 81 47
0.328751 0.093309 0.463939 119 86 53
0.339513 0.119233 0.459412 138 115 86
0.339343 0.120103 0.459515 153 129 96
0.339296 0.120981 0.459196 161 137 103
0.327585 0.093455 0.463343 122 92 61
0.327995 0.093441 0.463079 123 93 62
0.339230 0.119414 0.458711 144 123 94
0.338929 0.120181 0.458552 153 132 102
0.339054 0.121360 0.458565 159 136 103
0.339024 0.122088 0.458223 152 129 97
0.339328 0.123007 0.458005 143 120 87
0.326884 0.093500 0.462468 128 105 82
0.327356 0.093542 0.462123 127 104 81
0.338390 0.120405 0.457586 156 137 110
0.338521 0.121466 0.457613 159 140 111
0.338732 0.122511 0.457553 145 124 93
0.338903 0.123380 0.457300 140 118 87
0.339282 0.124358 0.457096 149 125 93
0.326325 0.093591 0.461774 126 109 93
0.326658 0.093703 0.461330 126 110 96
0.337848 0.120636 0.456730 159 142 117
0.337972 0.121579 0.456719 161 144 119
0.338275 0.122517 0.456694 145 127 99
0.338623 0.123549 0.456576 138 119 90
0.338934 0.124573 0.456456 149 127 97
0.338848 0.125332 0.456111 154 132 100
0.325826 0.093794 0.461315 119 105 92
0.325961 0.094042 0.460685 114 101 88
0.334601 0.115027 0.456782 148 145 128
0.334354 0.115556 0.456712 152 150 132
0.337252 0.120765 0.455903 157 142 120
0.337367 0.121637 0.455757 161 146 124
0.337657 0.122589 0.455779 149 133 109
0.338091 0.123565 0.455703 135 119 93
0.338306 0.124739 0.455619 147 129 101
0.338444 0.125394 0.455706 152 133 103
0.325440 0.094460 0.459860 98 86 72
0.333944 0.114941 0.456304 153 150 131
0.334029 0.115891 0.456408 152 149 131
0.336717 0.120681 0.455190 155 142 122
0.336959 0.121767 0.454966 163 149 130
0.337092 0.122664 0.454934 156 142 120
0.337384 0.123769 0.454836 135 121 98
0.337593 0.124867 0.454907 142 126 100
0.337725 0.125790 0.454704 151 134 106
0.324808 0.094862 0.459062 98 87 74
0.324808 0.095069 0.458420 105 95 82
0.333252 0.115271 0.455620 153 147 129
0.333300 0.116203 0.455511 147 142 126
0.333627 0.117070 0.455415 142 137 121
0.333812 0.118214 0.454785 136 130 114
0.336307 0.121857 0.454170 163 151 134
0.336440 0.122840 0.453982 160 148 128
0.336597 0.123931 0.454110 143 131 109
0.336811 0.124905 0.454191 137 122 98
0.324141 0.095271 0.458690 102 92 78
0.324297 0.095514 0.458013 99 90 75
0.332279 0.115555 0.454767 150 146 127
0.332610 0.116216 0.454937 148 143 125
0.333205 0.117289 0.454126 139 134 118
0.333525 0.118280 0.454238 134 129 113
0.333724 0.119049 0.454349 133 127 111
0.335471 0.122229 0.453114 160 150 133
0.335613 0.123005 0.453250 159 149 129
0.335771 0.124119 0.453356 152 140 119
0.336115 0.124814 0.453586 142 130 108
0.323869 0.096100 0.457364 94 86 71
0.323788 0.096451 0.456853 92 84 68
0.331619 0.115605 0.454202 148 144 126
0.331698 0.116256 0.454063 146 143 126
0.332890 0.117526 0.453606 136 132 117
0.332792 0.118342 0.453675 138 134 118
0.334621 0.121530 0.452508 153 144 127
0.334807 0.122162 0.452535 155 147 129
0.334896 0.123179 0.452511 156 147 129
0.335022 0.124162 0.452712 154 144 123
0.323415 0.096978 0.456271 101 93 77
0.330659 0.115939 0.453146 146 144 129
0.331399 0.116677 0.452571 140 138 124
0.331395 0.117628 0.452708 142 142 128
0.331676 0.118376 0.452783 143 142 127
0.334151 0.122557 0.451608 148 141 123
0.334174 0.123354 0.451804 152 144 125
0.334231 0.124164 0.451893 153 144 124
0.322998 0.097553 0.455976 108 101 83
0.323039 0.097896 0.455292 113 104 85
0.329801 0.114792 0.451977 145 143 128
0.330276 0.115597 0.452039 142 140 126
0.330757 0.116627 0.452251 140 138 125
0.331121 0.117507 0.452188 141 140 127
0.331571 0.118680 0.451449 142 139 125
0.331870 0.119425 0.451371 142 139 125
0.332263 0.120406 0.450987 140 136 122
0.332954 0.121632 0.450876 140 134 119
0.333155 0.122482 0.451026 143 136 119
0.333530 0.123557 0.450965 146 139 121
0.333674 0.124339 0.451027 149 141 121
0.336827 0.132644 0.449579 146 120 84
0.337259 0.133374 0.449458 146 117 79
0.337489 0.134395 0.449193 154 122 81
0.337579 0.135244 0.448908 153 119 79
0.338123 0.136503 0.448801 146 111 70
0.322635 0.098514 0.454628 113 104 82
0.322484 0.098877 0.454101 110 100 77
0.329104 0.114176 0.451541 142 140 125
0.329116 0.114891 0.451592 141 140 124
0.329583 0.115832 0.451472 141 140 125
0.329891 0.116810 0.451241 140 137 123
0.330460 0.117798 0.451134 140 137 124
0.330825 0.118748 0.450943 141 138 125
0.331262 0.119682 0.450846 139 136 122
0.331564 0.120692 0.450764 138 134 120
0.331983 0.121637 0.450421 138 133 118
0.332210 0.122658 0.450572 139 133 117
0.332702 0.123795 0.450580 144 136 118
0.333060 0.124548 0.450416 145 138 118
0.336198 0.132610 0.448807 141 118 83
0.336788 0.133396 0.448461 147 120 83
0.337191 0.134459 0.448292 153 122 82
0.337413 0.135534 0.448229 147 114 73
0.337837 0.136482 0.448080 146 112 72
0.337946 0.137394 0.447907 148 114 74
0.322117 0.099419 0.453491 102 92 69
0.327681 0.113402 0.450639 140 136 120
0.328179 0.114007 0.451172 139 136 120
0.328562 0.115068 0.450865 136 132 117
0.328961 0.115941 0.450711 137 134 120
0.329180 0.116976 0.450712 136 133 118
0.329798 0.117963 0.450221 133 130 116
0.330139 0.118943 0.450112 134 131 117
0.330464 0.119865 0.449966 134 130 116
0.330814 0.120842 0.450117 135 131 117
0.331319 0.121902 0.449887 138 132 117
0.331599 0.122639 0.449979 137 131 115
0.335583 0.132847 0.448024 147 125 90
0.336149 0.133465 0.447576 154 130 93
0.336760 0.134448 0.447283 154 125 85
0.337142 0.135496 0.447206 147 116 74
0.337578 0.136456 0.447051 147 114 74
0.337675 0.137529 0.447059 149 116 78
0.337654 0.138431 0.446992 149 117 78
0.321878 0.099870 0.452874 102 93 69
0.321629 0.100278 0.452503 103 95 71
0.326754 0.112285 0.449929 132 127 113
0.327294 0.113151 0.450328 135 131 116
0.327530 0.114141 0.450100 136 132 117
0.327814 0.115112 0.450122 136 132 118
0.328187 0.116121 0.450119 134 130 115
0.328573 0.117334 0.449561 126 122 107
0.329153 0.118068 0.449548 126 122 107
0.329461 0.119065 0.449575 127 123 108
0.329768 0.119764 0.449831 131 129 114
0.330598 0.122515 0.449180 134 127 113
0.330813 0.123307 0.448894 132 124 110
0.330914 0.123673 0.448854 132 124 110
0.335088 0.133194 0.447393 156 134 98
0.335465 0.133672 0.446853 161 137 100
0.336245 0.134297 0.446640 159 133 94
0.336821 0.135310 0.446567 148 118 77
0.337412 0.136822 0.446333 149 117 77
0.337335 0.137592 0.446086 148 117 80
0.337309 0.138592 0.446157 146 116 79
0.337292 0.139360 0.446146 146 116 79
0.321357 0.100802 0.451765 104 95 71
0.321047 0.101367 0.451540 100 93 71
0.325016 0.109684 0.449672 121 116 103
0.325219 0.109998 0.449721 123 118 105
0.326120 0.112306 0.449595 128 123 109
0.326352 0.113226 0.449481 127 123 108
0.326800 0.114347 0.449426 129 125 111
0.326835 0.115073 0.449463 127 123 108
0.327744 0.116586 0.449376 124 120 105
0.328069 0.117148 0.449113 121 117 101
0.328600 0.118307 0.448938 120 115 99
0.328690 0.119082 0.449148 121 117 100
0.330545 0.123631 0.448472 129 122 108
0.334786 0.134069 0.446258 166 142 104
0.335117 0.134406 0.445725 167 142 102
0.337059 0.137972 0.445389 146 116 80
0.336935 0.138702 0.445221 144 115 78
0.336855 0.139627 0.445342 143 114 79
0.321011 0.101758 0.450838 105 98 76
0.320797 0.102538 0.450496 111 105 84
0.323713 0.108983 0.449084 125 121 108
0.324098 0.109577 0.449351 125 120 107
0.324472 0.110486 0.449133 125 120 106
0.324752 0.111556 0.448956 120 115 102
0.325300 0.112431 0.448980 122 118 106
0.325563 0.113395 0.448916 123 120 107
0.326271 0.114605 0.449152 123 119 105
0.333998 0.134485 0.445433 170 147 109
0.334378 0.134928 0.445060 168 142 102
0.336506 0.138994 0.444333 146 118 82
0.336342 0.139899 0.444361 148 121 87
0.336119 0.140640 0.444181 153 128 96
0.320738 0.102923 0.449814 116 110 89
0.320523 0.103708 0.449574 119 113 92
0.322165 0.105976 0.448847 109 104 82
0.321988 0.106751 0.449009 118 110 88
0.322118 0.107559 0.449070 114 106 85
0.323043 0.108760 0.448890 142 135 122
0.323358 0.109907 0.448296 114 112 98
0.323747 0.110668 0.448295 116 114 101
0.324125 0.111676 0.448290 119 118 106
0.324570 0.112568 0.448347 121 120 109
0.324887 0.113367 0.448594 123 122 110
0.333342 0.134575 0.444653 172 149 111
0.333802 0.135113 0.444257 172 146 107
0.334142 0.135654 0.443798 170 143 103
0.336103 0.139118 0.443509 153 127 91
0.335888 0.140042 0.443376 155 130 96
0.335789 0.141040 0.443470 160 136 104
0.320467 0.104078 0.448903 115 110 88
0.320572 0.105030 0.448665 113 109 88
0.320958 0.105999 0.448441 120 114 94
0.321412 0.107062 0.448405 130 121 99
0.321745 0.107948 0.448111 126 119 101
0.322097 0.108858 0.447919 120 118 102
0.322779 0.109809 0.448150 118 114 98
0.323229 0.111011 0.447976 121 119 105
0.323373 0.111626 0.447826 121 120 108
0.332579 0.134787 0.443907 173 151 113
0.333134 0.135061 0.443417 174 150 111
0.333690 0.135813 0.443309 171 145 105
0.335444 0.140331 0.442452 165 142 106
0.335345 0.141250 0.442589 167 144 110
0.335403 0.141959 0.442716 168 145 113
0.320120 0.105241 0.448212 98 98 78
0.320513 0.106070 0.447750 102 102 83
0.320858 0.107074 0.447574 108 108 89
0.321299 0.107922 0.447499 115 113 95
0.321772 0.108897 0.447349 119 118 101
0.322171 0.110070 0.446940 119 118 102
0.322122 0.110889 0.446975 118 118 101
0.331877 0.134897 0.443104 175 153 115
0.332420 0.135248 0.442685 176 153 114
0.332792 0.135950 0.441962 177 152 112
0.335127 0.140493 0.441779 168 145 109
0.334899 0.141337 0.441674 172 149 115
0.334822 0.142384 0.441709 173 152 120
0.334803 0.143094 0.441359 171 152 123
0.319578 0.105318 0.447219 94 94 75
0.319797 0.106191 0.447062 64 74 55
0.320226 0.107218 0.446749 74 82 63
0.320638 0.108071 0.446667 102 102 83
0.321102 0.109024 0.446547 119 114 94
0.331138 0.135011 0.442279 177 155 117
0.331763 0.135442 0.441829 178 154 115
0.334352 0.141564 0.440709 176 154 120
0.334467 0.142482 0.440790 174 154 123
0.334453 0.143368 0.440721 170 152 123
0.330379 0.135174 0.441350 179 156 118
0.330966 0.135578 0.440986 180 156 116
0.333885 0.141777 0.439895 178 156 123
0.334100 0.142503 0.439783 175 155 125
0.334092 0.143543 0.439793 170 153 125
0.329734 0.135292 0.440653 179 156 118
0.330352 0.135741 0.440177 180 156 117
0.333796 0.143687 0.438836 169 153 127
0.333860 0.144203 0.439025 168 153 128
0.329152 0.135486 0.439871 179 156 118
0.329689 0.135878 0.439410 180 156 117
0.333519 0.143946 0.438012 168 154 129
0.328486 0.135599 0.439116 178 155 117
0.329059 0.136054 0.438625 179 155 116
0.328328 0.136224 0.437852 178 154 115
0.328068 0.136598 0.436997 178 153 114
0.325035 0.133157 0.437211 100 94 69
0.325849 0.133983 0.436115 105 97 72
0.325137 0.134218 0.436025 106 97 69
0.325124 0.134427 0.435765 108 97 68
0.324265 0.134467 0.435369 113 97 64
0.324635 0.134657 0.434927 114 98 65
0.325126 0.136179 0.434135 110 96 65
0.324036 0.135137 0.434285 115 96 62
0.324243 0.136098 0.433803 113 95 62
0.324698 0.136444 0.433323 114 96 63
0.323744 0.136409 0.433274 113 94 59
0.323954 0.137193 0.432895 112 93 60
0.324092 0.137835 0.432634 111 92 60
0.324540 0.139343 0.432549 106 92 65
0.323263 0.136656 0.432769 113 91 56
0.323452 0.137450 0.432255 112 91 56
0.323838 0.138055 0.431931 112 92 58
0.324241 0.139452 0.431897 109 92 61
0.323452 0.137753 0.431482 114 92 56
0.323558 0.138261 0.431375 113 91 55
0.323657 0.139566 0.431092 110 89 55
0.323316 0.140230 0.430863 108 86 51
0.323459 0.139912 0.430515 110 88 53
0.323183 0.140556 0.430276 108 86 50
0.322608 0.140957 0.429467 109 86 48
0.322626 0.141361 0.429140 109 86 48
0.322128 0.141492 0.428464 110 85 46
0.321456 0.141786 0.427649 110 82 43
0.320038 0.141733 0.426784 112 80 41
0.320727 0.141949 0.426764 112 82 42
0.319804 0.141788 0.426631 112 80 41
0.320029 0.142214 0.425990 113 81 42
0.318773 0.141993 0.425371 115 81 42
0.319302 0.142473 0.425178 115 81 42
0.319793 0.143091 0.424567 117 83 45
0.318489 0.142181 0.424968 115 81 42
0.318745 0.142652 0.424485 116 82 43
0.319318 0.143586 0.424205 114 81 42
0.319675 0.143995 0.424004 115 81 43
0.318071 0.142816 0.423664 116 83 44
0.318552 0.143084 0.423220 120 85 46
0.317395 0.143117 0.422930 113 85 49
0.317784 0.143348 0.422376 116 86 51
0.316734 0.143269 0.422367 114 93 65
0.317266 0.143846 0.421735 114 91 62
0.344503 0.100247 0.473674 96 90 82
0.342977 0.099277 0.473454 99 97 90
0.343642 0.099848 0.473592 103 99 90
0.343828 0.100805 0.473577 121 114 103
0.343911 0.101982 0.473333 128 119 105
0.343998 0.102778 0.473219 124 113 100
0.342429 0.098892 0.473074 98 95 87
0.343453 0.099735 0.472892 122 117 106
0.343668 0.100989 0.472610 136 128 115
0.343748 0.101918 0.472474 138 128 113
0.343908 0.102964 0.472443 135 123 107
0.343956 0.103858 0.472271 131 118 100
0.341465 0.098371 0.472418 86 80 71
0.342207 0.098450 0.472358 96 92 83
0.343610 0.101941 0.471755 142 130 114
0.343871 0.102880 0.471566 140 127 111
0.343998 0.104082 0.471412 136 122 104
0.343932 0.105036 0.471225 133 119 100
0.340130 0.097656 0.471581 88 72 54
0.340790 0.097981 0.471862 82 72 58
0.343895 0.105328 0.470514 145 131 112
0.343778 0.106196 0.470216 153 140 120
0.343675 0.106957 0.469948 162 149 128
0.339015 0.096768 0.471043 115 92 63
0.339733 0.097221 0.471078 103 84 61
0.343922 0.106438 0.469394 163 152 133
0.343711 0.107311 0.469339 167 155 135
0.343573 0.108106 0.469037 166 154 133
0.338005 0.095973 0.470473 127 98 63
0.338745 0.096380 0.470378 127 102 70
0.343577 0.108528 0.468469 163 152 131
0.343398 0.109241 0.468063 155 144 123
0.336766 0.095288 0.469853 113 81 45
0.337482 0.095572 0.469734 117 87 51
0.343338 0.109766 0.467469 150 138 117
0.343159 0.110516 0.467138 140 127 103
0.335449 0.094681 0.469099 139 105 66
0.336299 0.094979 0.469056 138 106 67
0.337150 0.095305 0.469010 140 109 72
0.343196 0.110811 0.466483 141 128 104
0.342995 0.111635 0.466234 133 117 92
0.342878 0.112489 0.466018 126 109 81
0.335108 0.094490 0.468364 132 99 60
0.335794 0.094691 0.468227 142 109 70
0.343000 0.111887 0.465427 138 123 98
0.342916 0.112737 0.465255 132 115 88
0.342803 0.113640 0.465062 130 111 82
0.333683 0.094074 0.467707 120 86 51
0.334497 0.094251 0.467605 119 85 49
0.342825 0.113069 0.464319 136 118 91
0.342697 0.113966 0.464224 132 112 84
0.342414 0.114763 0.464126 129 107 77
0.333336 0.093919 0.466991 128 95 60
0.333961 0.094044 0.466831 130 97 61
0.342597 0.114278 0.463394 135 115 86
0.342333 0.115086 0.463282 132 110 79
0.341979 0.115783 0.463198 128 104 72
0.332775 0.093708 0.466198 126 92 57
0.333582 0.093877 0.466121 126 93 58
0.342284 0.115382 0.462426 136 114 82
0.341880 0.116006 0.462408 133 109 76
0.331390 0.093396 0.465528 122 88 52
0.332094 0.093512 0.465389 126 92 57
0.341499 0.116508 0.461558 134 110 77
0.341106 0.117008 0.461262 130 107 75
0.330940 0.093295 0.464696 122 88 53
0.331535 0.093379 0.464444 127 94 59
0.340868 0.117316 0.460573 130 107 76
0.330324 0.093245 0.463917 121 88 55
0.340438 0.117787 0.459730 130 108 78
0.340120 0.118325 0.459657 130 108 78
0.329616 0.093313 0.463110 117 85 53
0.340358 0.117836 0.458927 134 114 85
0.339890 0.118559 0.458866 135 114 85
0.328863 0.093416 0.462316 114 84 54
0.339401 0.119027 0.457962 141 122 95
0.338903 0.119569 0.457772 148 129 102
0.328134 0.093554 0.461461 117 92 69
0.338960 0.119268 0.456948 143 127 102
0.338612 0.119687 0.457100 149 132 106
0.327467 0.093729 0.460729 126 107 90
0.338455 0.119374 0.456119 143 128 106
0.338095 0.119834 0.456280 149 133 111
0.326867 0.093977 0.459871 128 113 97
0.337409 0.120210 0.455502 151 138 118
0.326267 0.094323 0.459116 123 110 94
0.326517 0.094369 0.458575 130 116 97
0.337083 0.119696 0.454424 142 131 114
0.336852 0.120359 0.454724 151 139 121
0.336884 0.121239 0.454897 161 148 129
0.325514 0.094697 0.458733 104 92 77
0.325717 0.094801 0.458093 115 103 86
0.336028 0.119929 0.453191 142 133 117
0.336159 0.120559 0.453747 148 139 122
0.336069 0.121656 0.453680 161 151 134
0.325137 0.095326 0.457291 113 103 86
0.333249 0.116922 0.453674 137 134 118
0.335510 0.120724 0.452889 147 139 123
0.335607 0.121722 0.453098 157 149 132
0.324782 0.095771 0.456791 106 97 79
0.324656 0.096127 0.456287 100 91 73
0.334775 0.120044 0.451828 141 136 120
0.334921 0.120880 0.452168 145 138 122
0.334827 0.121808 0.452156 149 142 125
0.324255 0.096740 0.455629 97 88 70
0.324306 0.097062 0.455022 104 94 76
0.331347 0.115695 0.452337 142 141 127
0.331885 0.116150 0.452105 141 138 125
0.332678 0.117093 0.451648 143 140 125
0.332888 0.118065 0.451667 142 138 123
0.333248 0.118966 0.451544 141 138 123
0.333793 0.119822 0.451265 140 136 122
0.334189 0.120931 0.451467 141 136 120
0.334388 0.122066 0.451558 145 139 121
0.323852 0.097625 0.454613 114 103 83
0.330478 0.114449 0.451768 145 143 128
0.331141 0.115280 0.451573 143 140 126
0.331643 0.116181 0.451273 143 140 127
0.331791 0.117245 0.451129 142 139 125
0.332178 0.118338 0.451125 141 138 124
0.332435 0.119174 0.450908 140 137 123
0.332941 0.120142 0.450884 140 136 122
0.333155 0.121114 0.450889 140 135 120
0.333633 0.121758 0.451216 142 136 120
0.323469 0.098132 0.453989 116 105 81
0.323271 0.098445 0.453501 115 103 77
0.329559 0.113653 0.450848 142 139 125
0.329870 0.114405 0.450996 143 141 126
0.330289 0.115362 0.450871 142 139 125
0.330803 0.116525 0.450566 139 137 123
0.331173 0.117376 0.450474 139 137 123
0.331459 0.118364 0.450559 139 136 123
0.332044 0.119318 0.450532 138 135 121
0.332508 0.120339 0.450443 139 135 121
0.332487 0.121053 0.450427 138 134 120
0.322887 0.098953 0.452792 113 100 72
0.327417 0.109793 0.450293 126 121 108
0.327717 0.110555 0.450208 135 131 119
0.328853 0.112812 0.449986 136 132 118
0.328952 0.113579 0.450224 137 133 119
0.329102 0.114648 0.450388 137 133 119
0.329382 0.115347 0.450599 140 137 123
0.330323 0.116754 0.449933 135 132 118
0.330406 0.117523 0.449896 135 132 119
0.330735 0.118553 0.449765 136 132 119
0.330826 0.119534 0.449532 136 133 119
0.337291 0.135752 0.446549 146 114 72
0.337449 0.136071 0.446598 146 114 73
0.322540 0.099384 0.452151 113 100 70
0.322285 0.099713 0.451728 112 100 70
0.326387 0.109158 0.449725 113 108 94
0.326637 0.109785 0.450109 117 112 99
0.327060 0.110678 0.449849 131 126 114
0.327346 0.111806 0.449642 132 128 114
0.327909 0.112727 0.449541 133 128 114
0.328030 0.113743 0.449848 134 130 115
0.329329 0.116862 0.448894 122 117 102
0.329488 0.117597 0.449135 123 119 103
0.336348 0.134539 0.446177 159 132 92
0.336901 0.135441 0.446007 148 118 77
0.337236 0.136351 0.445839 149 118 77
0.337237 0.137162 0.445684 148 118 79
0.321933 0.100249 0.451061 111 100 71
0.325570 0.109143 0.449443 118 114 100
0.325851 0.110069 0.449451 125 120 106
0.326473 0.110876 0.449096 128 123 109
0.326783 0.111819 0.449081 127 122 108
0.327019 0.112912 0.449045 126 121 107
0.327086 0.113784 0.449012 125 122 107
0.328629 0.116894 0.448783 120 116 99
0.328952 0.117587 0.448721 121 116 99
0.335806 0.134618 0.445448 164 138 98
0.336459 0.135328 0.444941 157 129 89
0.336882 0.136355 0.444821 153 123 83
0.336934 0.137423 0.444882 146 116 79
0.336866 0.138166 0.444779 147 118 81
0.321724 0.100652 0.450490 110 100 72
0.321472 0.101217 0.450037 111 102 76
0.324410 0.108386 0.448616 124 120 107
0.324841 0.109233 0.448741 123 119 106
0.325249 0.110169 0.448537 122 118 104
0.325510 0.111053 0.448444 121 117 104
0.325915 0.112058 0.448606 122 117 104
0.326281 0.112693 0.448744 121 117 103
0.335220 0.135021 0.444707 167 140 100
0.335688 0.135469 0.444109 165 137 97
0.336523 0.136448 0.443980 154 124 84
0.336497 0.137465 0.443791 147 118 80
0.336448 0.138476 0.443954 148 119 83
0.321384 0.101726 0.449375 112 104 81
0.321117 0.102357 0.449048 114 108 85
0.322453 0.105460 0.448456 90 90 70
0.322459 0.106136 0.448471 94 93 72
0.323523 0.107485 0.447778 119 113 98
0.323698 0.108122 0.448215 136 130 116
0.324121 0.109378 0.447916 114 112 99
0.324446 0.110286 0.447859 117 116 104
0.324769 0.111130 0.447903 119 118 107
0.325105 0.111913 0.448211 121 120 109
0.334281 0.135332 0.443704 171 145 105
0.334847 0.135754 0.443454 168 140 100
0.335220 0.136174 0.442700 166 137 96
0.336043 0.137665 0.442857 152 124 86
0.335968 0.138647 0.442991 154 128 91
0.335859 0.139400 0.442998 156 130 94
0.321110 0.102871 0.448507 115 109 87
0.321016 0.103507 0.448137 116 110 89
0.320993 0.104549 0.447844 118 112 91
0.321242 0.105805 0.447718 123 116 96
0.321716 0.106842 0.447557 123 116 96
0.322566 0.107495 0.447318 105 105 91
0.322905 0.108160 0.447214 104 106 92
0.323239 0.109221 0.446764 126 123 107
0.324367 0.111517 0.446204 126 124 108
0.333719 0.135392 0.443066 174 149 110
0.334144 0.135949 0.442735 170 144 103
0.334705 0.136426 0.442221 167 140 98
0.335605 0.137934 0.442104 158 131 93
0.335502 0.138699 0.442035 161 135 97
0.335445 0.139664 0.442203 163 139 102
0.321221 0.104676 0.447241 123 116 95
0.321245 0.105759 0.447214 116 112 92
0.321499 0.106701 0.446999 116 113 94
0.321984 0.107586 0.446786 120 117 99
0.322349 0.108583 0.446417 127 122 103
0.322641 0.109530 0.446486 128 124 105
0.324103 0.111292 0.446102 126 123 106
0.333020 0.135586 0.442322 176 152 113
0.333450 0.136169 0.441982 174 148 107
0.334079 0.136725 0.441520 170 143 101
0.335039 0.138888 0.441146 167 141 103
0.334994 0.139938 0.441321 169 145 108
0.334893 0.140683 0.441286 171 148 112
0.320105 0.105091 0.446574 80 85 66
0.320406 0.105890 0.446235 71 79 60
0.320914 0.106880 0.446135 74 82 64
0.321252 0.107689 0.445920 96 98 79
0.321784 0.108680 0.445660 122 117 97
0.322105 0.109615 0.445491 123 118 97
0.322671 0.110124 0.445254 121 117 96
0.332242 0.135776 0.441396 179 155 115
0.332760 0.136268 0.441098 178 152 111
0.333442 0.137040 0.440637 174 147 105
0.333544 0.137581 0.440139 172 145 104
0.334480 0.139130 0.440239 172 146 107
0.334465 0.140051 0.440324 173 149 111
0.334418 0.140972 0.440476 175 152 117
0.320500 0.107063 0.444899 36 55 37
0.320327 0.107551 0.444707 36 55 37
0.331600 0.135889 0.440657 180 155 115
0.332114 0.136401 0.440142 179 153 112
0.332782 0.137079 0.439799 176 150 108
0.333215 0.137652 0.439755 174 147 105
0.333880 0.140115 0.439364 176 152 113
0.333866 0.141268 0.439521 177 155 120
0.334024 0.142236 0.439285 176 156 125
0.320330 0.107713 0.444242 36 56 37
0.330895 0.136077 0.439796 180 155 115
0.331360 0.136492 0.439442 179 153 112
0.332054 0.137051 0.439045 178 151 109
0.333362 0.140382 0.438475 177 154 115
0.333527 0.141421 0.438528 177 156 122
0.333793 0.142336 0.438435 174 156 126
0.333747 0.143196 0.438422 171 154 127
0.330241 0.136219 0.439084 180 155 115
0.330725 0.136637 0.438635 179 153 112
0.331356 0.137135 0.438245 178 151 109
0.332944 0.140629 0.437748 178 155 116
0.333031 0.141173 0.437657 177 156 120
0.333458 0.142418 0.437508 173 155 126
0.333431 0.143461 0.437541 169 154 129
0.333417 0.144102 0.437364 167 154 131
0.329577 0.136373 0.438255 179 154 114
0.330132 0.136763 0.437868 179 153 112
0.330626 0.137287 0.437352 178 151 109
0.333143 0.142679 0.436702 171 155 127
0.333123 0.143446 0.436616 169 154 129
0.333222 0.144104 0.436905 167 154 132
0.328867 0.136503 0.437465 179 154 114
0.329322 0.136910 0.437045 178 152 111
0.329987 0.137423 0.436649 178 151 109
0.332743 0.143515 0.435815 166 152 128
0.327829 0.136789 0.436286 178 153 113
0.328674 0.137097 0.436193 178 151 110
0.329276 0.137561 0.435838 178 150 108
0.326059 0.133850 0.435876 109 100 74
0.326583 0.133874 0.435447 113 104 78
0.328226 0.137321 0.435451 178 150 109
0.328584 0.137738 0.435004 178 149 108
0.326080 0.134273 0.435120 114 103 75
0.325462 0.134679 0.434347 118 102 70
0.325699 0.135502 0.433667 117 100 69
0.325906 0.136036 0.433573 114 98 69
0.324773 0.135140 0.433838 117 98 64
0.325097 0.135752 0.433387 117 99 65
0.325361 0.136417 0.433028 115 98 65
0.326022 0.137775 0.432427 109 94 67
0.326082 0.138138 0.432303 109 94 67
0.324502 0.136329 0.432981 116 97 62
0.324784 0.136825 0.432360 117 97 63
0.325181 0.137306 0.431867 118 98 63
0.325679 0.138774 0.431994 110 94 66
0.325923 0.139196 0.431289 113 96 66
0.324235 0.137190 0.431686 118 96 60
0.324537 0.137961 0.431381 116 95 61
0.324859 0.138903 0.431145 114 95 62
0.325325 0.139421 0.430907 115 96 64
0.323739 0.137595 0.431223 116 94 58
0.323978 0.138279 0.430815 116 93 58
0.324261 0.139001 0.430315 116 94 58
0.324721 0.139683 0.430274 116 95 62
0.324047 0.139205 0.429756 117 93 57
0.323923 0.140164 0.429400 114 91 55
0.323791 0.140814 0.429164 113 90 54
0.323342 0.140746 0.429001 111 88 51
0.323573 0.141005 0.428464 113 90 52
0.322951 0.141357 0.427653 114 88 49
0.321712 0.141059 0.426820 115 86 46
0.322284 0.141398 0.426776 115 87 48
0.320829 0.141390 0.425950 118 86 47
0.321482 0.141600 0.426074 117 86 47
0.320844 0.141808 0.425324 120 86 47
0.320287 0.142311 0.424498 122 87 48
0.320293 0.142993 0.424331 120 85 47
0.320450 0.143568 0.423943 120 86 47
0.319571 0.142586 0.424003 123 87 48
0.319856 0.143082 0.423625 123 87 47
0.319782 0.143815 0.423743 119 84 46
0.319212 0.143105 0.422709 124 88 47
0.318499 0.143423 0.421883 118 88 51
0.318008 0.143823 0.421217 114 89 57
0.318164 0.144109 0.420654 114 91 61
0.344219 0.099789 0.473427 98 94 86
0.344427 0.100249 0.473504 105 99 90
0.342894 0.098889 0.472361 105 102 93
0.343520 0.099615 0.472182 117 112 101
0.343673 0.100531 0.472045 132 124 110
0.341863 0.098165 0.471670 92 85 73
0.342588 0.098628 0.471608 100 94 83
0.343437 0.099467 0.471463 113 105 93
0.343571 0.100744 0.471308 133 122 107
0.343490 0.101666 0.471040 141 129 113
0.343680 0.102798 0.471004 143 130 113
0.343854 0.103613 0.470819 142 128 111
0.340567 0.097608 0.470887 97 82 62
0.341329 0.097989 0.470889 97 85 68
0.341998 0.098390 0.470644 103 92 76
0.343385 0.101830 0.470205 147 134 117
0.343382 0.102722 0.470027 151 138 122
0.343709 0.103873 0.469918 149 136 119
0.343867 0.104843 0.469746 153 140 122
0.343856 0.105765 0.469539 160 148 130
0.339412 0.096835 0.470376 123 101 74
0.340175 0.097272 0.470257 115 97 73
0.340906 0.097796 0.470006 115 99 78
0.342968 0.102143 0.469374 159 147 131
0.343229 0.102731 0.469272 157 145 129
0.343542 0.103823 0.469025 158 147 131
0.343727 0.104937 0.468856 163 153 136
0.343827 0.105935 0.468779 166 157 139
0.343922 0.106922 0.468590 168 159 141
0.343930 0.107655 0.468409 169 159 139
0.338396 0.096021 0.469737 122 95 62
0.339106 0.096475 0.469616 126 103 72
0.339846 0.096989 0.469472 128 108 81
0.343724 0.105928 0.467964 170 162 146
0.343816 0.106961 0.467715 170 163 146
0.343869 0.107978 0.467642 169 160 141
0.343758 0.108775 0.467481 164 154 135
0.338086 0.095748 0.468984 136 108 73
0.338772 0.096137 0.468845 137 112 79
0.343784 0.108070 0.466838 169 161 143
0.343744 0.109110 0.466629 163 153 132
0.343522 0.109980 0.466434 154 143 120
0.336735 0.095046 0.468238 151 120 81
0.337481 0.095378 0.468209 153 124 87
0.343720 0.109449 0.465880 161 151 129
0.343499 0.110271 0.465674 154 142 119
0.343307 0.111066 0.465414 147 134 109
0.336268 0.094802 0.467492 137 106 68
0.337030 0.095107 0.467430 148 118 80
0.343369 0.110583 0.464868 155 145 121
0.343237 0.111414 0.464672 147 134 109
0.343010 0.112208 0.464506 140 125 99
0.335124 0.094356 0.466912 126 93 57
0.335710 0.094548 0.466725 127 95 59
0.343177 0.111730 0.463881 146 133 109
0.342924 0.112490 0.463734 140 125 99
0.342760 0.113354 0.463597 137 119 92
0.334587 0.094147 0.466090 133 101 66
0.335361 0.094392 0.466058 139 108 72
0.342739 0.112760 0.462915 141 127 103
0.342588 0.113666 0.462794 138 120 93
0.342478 0.114526 0.462696 136 116 86
0.333272 0.093774 0.465475 119 86 51
0.333905 0.093920 0.465371 118 86 51
0.342309 0.113908 0.461898 140 123 97
0.342257 0.114824 0.461864 138 118 88
0.342001 0.115613 0.461672 137 114 83
0.332782 0.093635 0.464631 127 94 59
0.333446 0.093794 0.464595 121 89 55
0.342047 0.114929 0.460982 141 122 93
0.341836 0.115807 0.460840 139 117 86
0.332049 0.093477 0.463849 126 94 60
0.341469 0.116179 0.459948 139 119 89
0.341256 0.116770 0.459927 135 114 83
0.330804 0.093329 0.463336 117 85 53
0.331381 0.093427 0.463085 115 84 53
0.341203 0.116352 0.459112 141 122 93
0.340924 0.117033 0.459085 136 116 87
0.330297 0.093402 0.462641 108 77 46
0.330715 0.093521 0.462242 103 73 44
0.340457 0.117421 0.458237 135 117 90
0.340181 0.118058 0.458260 135 116 89
0.329519 0.093495 0.461700 105 75 46
0.330072 0.093595 0.461343 108 79 51
0.340193 0.117598 0.457399 135 119 95
0.339873 0.118290 0.457314 135 119 94
0.328834 0.093604 0.460877 107 80 55
0.329339 0.093732 0.460467 111 85 58
0.339421 0.118732 0.456396 137 122 99
0.328156 0.093761 0.460100 120 98 76
0.328688 0.093904 0.459718 121 96 70
0.338397 0.117974 0.455165 129 119 101
0.338809 0.118871 0.455498 135 123 103
0.338561 0.119358 0.455644 141 128 108
0.327513 0.093957 0.459381 130 112 90
0.327936 0.094079 0.458987 130 109 84
0.338286 0.118116 0.455013 129 120 102
0.338205 0.118917 0.454740 135 124 106
0.338009 0.119474 0.455007 142 131 112
0.326956 0.094148 0.458908 133 118 97
0.327220 0.094341 0.458283 134 117 93
0.337449 0.119194 0.453963 135 126 109
0.337402 0.119606 0.454423 142 131 114
0.326608 0.094751 0.457417 130 116 92
0.336647 0.119216 0.453110 139 131 115
0.336455 0.119839 0.453409 140 131 115
0.325943 0.095205 0.456700 125 113 90
0.326134 0.095381 0.456170 127 114 88
0.335257 0.117610 0.452069 142 137 123
0.335683 0.118269 0.452259 141 136 121
0.335899 0.119298 0.452438 142 136 121
0.335797 0.119980 0.452602 142 135 119
0.325555 0.095860 0.455640 118 106 83
0.334035 0.116630 0.451540 144 139 125
0.334457 0.117490 0.451670 142 138 124
0.334845 0.118333 0.451704 141 137 122
0.335036 0.119491 0.451810 141 136 121
0.335266 0.120162 0.452160 142 136 121
0.325201 0.096413 0.455107 109 98 76
0.325096 0.096788 0.454571 110 98 77
0.331753 0.112970 0.451289 147 144 131
0.332251 0.113729 0.451464 147 144 131
0.332583 0.114650 0.451551 147 144 130
0.332892 0.115717 0.451553 143 140 127
0.333237 0.116637 0.451507 143 139 125
0.333712 0.117693 0.451514 142 138 123
0.334047 0.118636 0.451427 142 138 123
0.334351 0.119546 0.451358 141 136 121
0.324667 0.097413 0.453874 115 102 79
0.324768 0.097634 0.453099 118 104 77
0.330670 0.111980 0.450852 146 143 129
0.330966 0.112945 0.451068 146 143 129
0.331312 0.113888 0.451039 145 142 128
0.331767 0.114873 0.451003 144 141 127
0.332043 0.115893 0.451062 143 140 127
0.332269 0.116851 0.450619 141 138 125
0.332580 0.118425 0.450426 141 138 125
0.324048 0.097931 0.453499 117 104 79
0.324165 0.098033 0.452915 117 103 76
0.329158 0.110187 0.450225 144 139 127
0.329510 0.111020 0.450372 144 140 126
0.329857 0.112088 0.450553 142 139 125
0.330219 0.113035 0.450693 143 140 126
0.330718 0.113959 0.450658 142 139 126
0.331071 0.115052 0.450464 142 139 126
0.331299 0.116061 0.449974 139 137 124
0.331803 0.116973 0.450105 140 138 125
0.332032 0.117718 0.450223 142 139 126
0.323625 0.098566 0.452082 119 103 72
0.327975 0.109289 0.450125 122 117 104
0.328363 0.110321 0.450188 138 134 121
0.328715 0.111181 0.449964 139 135 121
0.329000 0.112269 0.449955 137 133 119
0.329221 0.113027 0.450152 137 134 120
0.330770 0.116241 0.449713 139 136 123
0.323240 0.098995 0.451468 119 104 70
0.323004 0.099273 0.450994 119 104 70
0.326969 0.108579 0.449449 114 110 96
0.327138 0.109112 0.449879 111 106 92
0.327769 0.110705 0.449660 133 128 115
0.328029 0.111354 0.449559 134 130 116
0.328434 0.112032 0.449561 134 130 116
0.322633 0.099747 0.450329 118 103 71
0.325975 0.107977 0.448558 125 121 107
0.326207 0.108394 0.449032 120 115 101
0.326276 0.109761 0.448450 126 121 107
0.326616 0.110675 0.448585 126 120 106
0.327088 0.111540 0.448559 124 119 104
0.322348 0.100204 0.449674 116 103 72
0.322079 0.100701 0.449235 114 103 75
0.324742 0.106814 0.447667 119 115 102
0.325111 0.107794 0.448024 125 121 107
0.325427 0.108769 0.447929 120 116 103
0.325850 0.109825 0.448043 121 117 104
0.325946 0.110483 0.448006 121 118 105
0.335951 0.135832 0.443590 164 135 95
0.336226 0.136299 0.443463 158 128 88
0.321919 0.101243 0.448627 113 104 79
0.321737 0.101876 0.448214 113 104 81
0.324060 0.107077 0.447512 116 111 94
0.324367 0.107778 0.447487 121 117 103
0.324739 0.108879 0.447639 116 113 100
0.325252 0.109754 0.447728 118 115 103
0.335560 0.135913 0.443122 165 136 95
0.335753 0.136469 0.442785 158 130 89
0.335907 0.137195 0.442558 154 125 85
0.321753 0.102345 0.447749 112 104 83
0.321587 0.103055 0.447299 117 109 88
0.323412 0.106459 0.447135 103 103 86
0.323283 0.107063 0.446710 107 108 92
0.323724 0.107912 0.446438 118 117 102
0.324067 0.109139 0.446128 125 123 109
0.324487 0.109945 0.446040 126 124 109
0.324579 0.110809 0.446015 127 125 109
0.335162 0.136671 0.441990 162 135 93
0.335466 0.137501 0.441835 158 131 91
0.335454 0.138182 0.441715 161 135 97
0.321597 0.103545 0.446823 123 114 93
0.321583 0.104168 0.446668 126 116 95
0.321888 0.105228 0.446309 128 119 98
0.322292 0.106283 0.446148 128 120 99
0.322661 0.107165 0.445958 120 117 99
0.323086 0.108117 0.445755 127 122 104
0.323568 0.109178 0.445618 128 123 103
0.323703 0.109882 0.445754 130 124 104
0.334595 0.137048 0.441293 166 139 98
0.334824 0.137681 0.440998 165 138 98
0.334961 0.138344 0.440955 166 140 101
0.320661 0.105470 0.445774 71 79 60
0.321506 0.106545 0.445159 65 76 58
0.321946 0.107271 0.445165 92 96 76
0.322484 0.108246 0.445149 121 117 97
0.322778 0.109270 0.445095 121 118 96
0.333642 0.137180 0.440363 173 146 105
0.334127 0.137888 0.440236 171 144 103
0.334345 0.138612 0.440065 172 146 106
0.321003 0.106679 0.444428 38 56 38
0.321610 0.107298 0.444494 68 78 58
0.322099 0.107880 0.444290 78 86 67
0.332906 0.137349 0.439481 176 149 107
0.333370 0.138039 0.439386 175 148 106
0.333736 0.138877 0.439251 175 149 108
0.333806 0.139540 0.439149 175 150 110
0.320731 0.106813 0.443792 36 55 37
0.320601 0.107446 0.443825 36 55 37
0.332303 0.137447 0.438737 178 150 108
0.332771 0.138074 0.438606 177 150 107
0.333134 0.139076 0.438394 176 150 109
0.333235 0.139793 0.438295 177 152 111
0.331750 0.137530 0.438007 178 151 108
0.332133 0.138095 0.437696 178 150 107
0.332580 0.139122 0.437563 177 151 109
0.332785 0.140156 0.437498 177 153 113
0.333256 0.141324 0.437196 176 156 122
0.333290 0.142023 0.437041 173 156 125
0.331052 0.137603 0.437243 178 150 108
0.331531 0.138290 0.436909 178 150 107
0.331948 0.139216 0.436638 178 151 109
0.332354 0.140356 0.436543 177 154 114
0.332825 0.141198 0.436384 176 155 120
0.332985 0.142243 0.436331 172 155 125
0.332985 0.142991 0.436068 169 154 127
0.330343 0.137781 0.436358 178 150 108
0.330886 0.138411 0.436053 178 150 107
0.331368 0.139324 0.435722 178 151 108
0.331872 0.140228 0.435617 177 152 112
0.332495 0.141269 0.435432 175 155 121
0.332619 0.142337 0.435313 170 153 125
0.332596 0.143214 0.435272 166 152 127
0.329605 0.137877 0.435520 178 150 108
0.330182 0.138532 0.435119 177 149 107
0.330793 0.139293 0.434863 176 150 107
0.331286 0.139877 0.434932 176 150 109
0.332367 0.142467 0.434447 168 152 125
0.332328 0.143236 0.434210 165 151 128
0.327036 0.133993 0.435045 116 106 80
0.328987 0.137989 0.434778 177 149 107
0.329627 0.138666 0.434245 176 148 106
0.330299 0.139015 0.434293 177 150 108
0.332090 0.143506 0.433568 163 151 130
0.326803 0.134379 0.434524 119 107 79
0.327245 0.134783 0.434207 120 109 81
0.328561 0.138277 0.434025 177 148 106
0.328996 0.138804 0.433508 176 148 106
0.329473 0.139202 0.433320 176 149 107
0.326360 0.134493 0.433836 124 108 77
0.326505 0.135092 0.433339 124 108 76
0.326431 0.135836 0.433110 118 103 73
0.328728 0.139112 0.432770 176 148 106
0.328983 0.139274 0.432744 175 148 107
0.325996 0.135546 0.433015 121 104 71
0.326138 0.136231 0.432454 121 103 70
0.326284 0.137123 0.432121 117 100 68
0.326395 0.138301 0.432048 108 94 68
0.325693 0.136712 0.431704 122 102 67
0.325904 0.137277 0.431439 121 102 67
0.326317 0.138490 0.431442 114 97 67
0.326393 0.139287 0.431131 112 96 67
0.326890 0.139950 0.430655 112 96 67
0.324966 0.137096 0.431239 122 100 64
0.325321 0.137624 0.430733 122 101 65
0.325591 0.138293 0.430341 122 100 65
0.326120 0.139498 0.430306 118 99 66
0.326704 0.140112 0.430216 115 98 67
0.324893 0.138074 0.430299 121 98 62
0.324993 0.138738 0.429829 120 98 62
0.325400 0.139574 0.429527 120 98 63
0.326037 0.139870 0.429382 122 100 66
0.324439 0.139018 0.429137 121 97 60
0.324737 0.139715 0.428901 120 97 60
0.324811 0.140457 0.428232 121 97 60
0.324415 0.140869 0.427761 119 95 57
0.323846 0.141166 0.426859 120 94 56
0.324230 0.141415 0.426706 121 96 58
0.323001 0.141149 0.426221 121 93 54
0.322362 0.141352 0.425407 123 92 53
0.321702 0.141735 0.424579 124 91 51
0.321796 0.141965 0.424058 125 91 51
0.321107 0.142120 0.424207 125 90 50
0.321212 0.142296 0.423589 126 91 50
0.320724 0.142710 0.422762 127 91 51
0.321695 0.145498 0.422037 115 85 49
0.320100 0.143144 0.422010 126 91 51
0.320335 0.143326 0.421460 126 92 54
0.321668 0.145541 0.421584 116 85 49
0.321960 0.146084 0.421462 115 86 50
0.319343 0.143415 0.421284 121 91 54
0.319655 0.143552 0.420841 121 91 56
0.318657 0.143681 0.420728 115 90 58
0.318914 0.143856 0.420103 115 91 62
0.318955 0.144283 0.419383 114 93 68
0.343719 0.099530 0.471527 113 106 95
0.342898 0.098846 0.470927 104 95 82
0.343392 0.099465 0.471000 113 104 90
0.343594 0.100515 0.470658 130 118 102
0.343726 0.101102 0.470533 134 122 106
0.342244 0.098744 0.470230 111 99 83
0.342703 0.099538 0.469963 127 115 98
0.343184 0.100594 0.469918 138 125 108
0.343276 0.101457 0.469769 146 134 117
0.341113 0.097976 0.469374 128 112 91
0.341756 0.098588 0.469291 129 116 97
0.342304 0.099589 0.468978 146 134 116
0.342645 0.100637 0.468879 156 145 127
0.342785 0.101657 0.468904 159 148 132
0.343038 0.102655 0.468699 162 151 136
0.343338 0.103727 0.468487 165 155 140
0.343606 0.104736 0.468237 168 160 144
0.340031 0.097122 0.468801 136 117 91
0.340723 0.097781 0.468595 142 125 102
0.341415 0.098522 0.468358 146 132 112
0.341945 0.099621 0.468185 158 146 127
0.342057 0.100671 0.467929 166 157 140
0.342363 0.101706 0.467894 168 160 145
0.342714 0.102704 0.467834 169 162 147
0.343081 0.103733 0.467673 170 163 148
0.343460 0.104834 0.467575 170 163 148
0.343601 0.105785 0.467364 170 163 148
0.343766 0.106720 0.467130 169 163 146
0.339055 0.096291 0.468159 155 132 99
0.339758 0.096891 0.467963 156 135 106
0.340417 0.097556 0.467868 158 140 115
0.341240 0.100215 0.466962 162 153 136
0.341581 0.100739 0.467162 166 158 141
0.341972 0.101744 0.467018 166 159 144
0.342321 0.102649 0.466904 168 161 147
0.342755 0.103689 0.466728 169 163 149
0.343113 0.104753 0.466497 170 164 149
0.343349 0.105776 0.466415 169 163 148
0.343571 0.106795 0.466418 168 162 146
0.343681 0.107798 0.466267 168 160 142
0.343747 0.108563 0.466049 166 158 138
0.337963 0.095571 0.467443 157 129 93
0.338687 0.096003 0.467336 162 137 103
0.339380 0.096531 0.467347 167 144 113
0.343128 0.105898 0.465660 169 163 147
0.343281 0.106809 0.465417 168 162 145
0.343457 0.107809 0.465262 167 160 142
0.343592 0.108906 0.465240 165 157 136
0.343600 0.109839 0.465002 160 151 128
0.336666 0.094921 0.466758 126 97 61
0.337422 0.095272 0.466663 137 109 73
0.338144 0.095643 0.466612 147 121 86
0.343287 0.108083 0.464527 169 162 144
0.343326 0.109019 0.464200 167 160 142
0.343391 0.110115 0.464156 161 152 131
0.343215 0.110936 0.464064 154 144 121
0.336243 0.094725 0.466058 135 105 69
0.336896 0.095004 0.465880 137 108 73
0.343215 0.110105 0.463307 162 155 136
0.343087 0.111092 0.463243 153 144 123
0.342965 0.111961 0.463157 145 133 110
0.334974 0.094226 0.465380 133 102 67
0.335676 0.094488 0.465288 140 109 74
0.342853 0.111358 0.462388 154 145 126
0.342727 0.112230 0.462331 148 137 116
0.342588 0.112986 0.462275 144 130 106
0.334552 0.094083 0.464683 117 85 52
0.335159 0.094290 0.464502 120 89 56
0.342472 0.112372 0.461422 152 142 122
0.342379 0.113301 0.461431 146 133 110
0.333023 0.093665 0.463835 129 97 63
0.333883 0.093896 0.463835 127 95 63
0.342197 0.112654 0.460734 152 143 123
0.342032 0.113567 0.460462 147 135 112
0.341898 0.114581 0.460423 145 128 101
0.332629 0.093610 0.463227 123 93 61
0.333204 0.093743 0.462946 124 95 65
0.341669 0.113917 0.459517 147 135 113
0.341545 0.114702 0.459476 146 131 106
0.341493 0.115604 0.459502 143 125 97
0.332050 0.093606 0.462442 114 85 56
0.332539 0.093742 0.462082 114 87 61
0.341189 0.114854 0.458496 145 132 110
0.341134 0.115835 0.458641 143 127 101
0.340999 0.116577 0.458472 140 122 95
0.331404 0.093703 0.461642 106 79 52
0.331923 0.093853 0.461280 112 87 62
0.340788 0.115840 0.457713 143 129 107
0.340698 0.116716 0.457719 139 124 99
0.330735 0.093783 0.460770 114 87 60
0.331275 0.093914 0.460472 119 93 67
0.340244 0.116185 0.456738 140 129 108
0.340226 0.117062 0.456827 136 122 100
0.340101 0.117829 0.456751 134 120 98
0.330010 0.093929 0.459924 116 90 61
0.330487 0.094103 0.459517 119 93 64
0.339634 0.116438 0.455840 137 128 110
0.339640 0.117146 0.455872 133 122 102
0.339638 0.118016 0.455985 133 120 99
0.329340 0.094115 0.459179 122 97 67
0.329832 0.094295 0.458784 124 98 67
0.338770 0.116474 0.454924 136 128 112
0.339000 0.117308 0.455013 131 122 104
0.339138 0.118170 0.455140 130 120 101
0.328603 0.094279 0.458483 130 106 76
0.329102 0.094455 0.458073 132 107 74
0.338001 0.116553 0.454342 134 128 112
0.338243 0.117464 0.454413 130 123 106
0.338429 0.118291 0.454378 129 120 103
0.327971 0.094508 0.457731 134 113 83
0.328403 0.094689 0.457246 136 114 81
0.336949 0.115998 0.453245 142 137 122
0.337432 0.116602 0.453580 137 132 116
0.337621 0.117686 0.453617 134 127 111
0.337725 0.118449 0.453652 132 124 108
0.327302 0.094779 0.457051 134 116 87
0.327598 0.094984 0.456509 135 117 85
0.336281 0.115911 0.452728 143 138 123
0.336490 0.116822 0.452861 141 135 121
0.336769 0.117881 0.452924 138 132 117
0.337047 0.118626 0.453032 138 131 116
0.326920 0.095381 0.455759 132 116 85
0.335188 0.115242 0.451961 146 142 128
0.335457 0.115946 0.452154 144 139 125
0.335614 0.117010 0.452218 142 138 123
0.335883 0.117896 0.452362 141 136 121
0.336265 0.118612 0.452475 140 134 120
0.326382 0.095856 0.455066 127 112 83
0.326511 0.096085 0.454510 128 112 80
0.333138 0.112429 0.451572 153 150 136
0.333424 0.113050 0.451539 151 148 135
0.333872 0.114067 0.451514 149 146 132
0.334292 0.115158 0.451559 146 142 129
0.334525 0.116178 0.451684 144 139 126
0.334951 0.117152 0.451815 143 138 124
0.325925 0.096541 0.454054 122 107 78
0.331635 0.110611 0.450969 151 147 134
0.332035 0.111372 0.451061 150 146 133
0.332490 0.112347 0.451413 151 147 134
0.332834 0.113268 0.451410 149 146 133
0.333051 0.114355 0.451294 147 144 131
0.333461 0.115175 0.451387 145 142 128
0.325473 0.097100 0.453304 120 105 77
0.325281 0.097396 0.452790 119 104 75
0.330545 0.109781 0.450428 149 145 132
0.330948 0.110519 0.450655 148 145 131
0.331268 0.111456 0.450950 148 145 131
0.331613 0.112387 0.451196 147 144 131
0.332359 0.113753 0.450823 146 143 130
0.332301 0.114565 0.450784 145 142 129
0.324858 0.097782 0.452204 120 103 73
0.329427 0.108955 0.449977 137 133 120
0.329761 0.109625 0.450214 146 142 129
0.330070 0.110582 0.450400 146 142 129
0.324341 0.098292 0.451373 122 104 71
0.328298 0.108167 0.449499 120 115 102
0.328728 0.108711 0.449848 123 119 106
0.328900 0.109568 0.450128 137 133 121
0.323971 0.098670 0.450827 124 105 70
0.323802 0.098882 0.450390 125 106 71
0.327373 0.107438 0.448554 128 124 109
0.327563 0.107929 0.449045 122 117 102
0.323357 0.099358 0.449707 124 107 72
0.326658 0.107428 0.448231 129 125 111
0.326813 0.107845 0.448719 123 119 104
0.322925 0.099852 0.449053 122 106 74
0.322741 0.100247 0.448507 120 106 77
0.325642 0.106588 0.447114 132 128 114
0.325744 0.107335 0.447526 129 124 111
0.325954 0.108180 0.447600 121 117 104
0.322524 0.100830 0.447951 116 105 80
0.322415 0.101420 0.447490 112 103 80
0.324943 0.106728 0.446712 121 118 103
0.325062 0.107245 0.446997 126 122 108
0.325993 0.109535 0.445842 128 123 109
0.326352 0.110218 0.446046 132 124 109
0.326865 0.111549 0.445518 130 130 114
0.326827 0.112023 0.445590 130 130 114
0.322314 0.101988 0.447143 110 102 81
0.322276 0.102682 0.446568 115 107 88
0.322609 0.103149 0.446032 121 112 94
0.323792 0.105741 0.445864 116 114 98
0.324037 0.106635 0.446014 113 113 98
0.324158 0.107617 0.445890 124 121 105
0.324886 0.108758 0.445780 127 123 108
0.325321 0.109523 0.445738 128 125 111
0.325848 0.110439 0.445534 128 126 110
0.326091 0.111402 0.445462 129 127 110
0.326626 0.112035 0.445433 131 130 114
0.322076 0.103273 0.446363 123 113 94
0.322349 0.103830 0.445975 126 117 98
0.322619 0.104816 0.445630 130 121 101
0.322966 0.105910 0.445399 123 117 98
0.323423 0.106655 0.445278 108 109 91
0.323751 0.107702 0.445169 116 114 96
0.324254 0.108713 0.445269 127 123 105
0.322508 0.106158 0.444780 81 89 70
0.322708 0.106903 0.444433 74 83 64
0.323030 0.107793 0.444563 79 87 67
0.323485 0.108511 0.444716 80 87 69
0.321580 0.106119 0.443851 42 59 41
0.322135 0.106906 0.444139 66 77 58
0.323172 0.109102 0.443323 39 57 38
0.323246 0.109626 0.443486 39 57 38
0.321089 0.106259 0.443325 36 55 37
0.320939 0.106964 0.443362 36 55 37
0.321951 0.107839 0.442575 37 55 37
0.331986 0.140247 0.435015 176 151 112
0.332281 0.141071 0.434850 175 154 119
0.332460 0.141871 0.434681 172 154 123
0.330989 0.139545 0.434398 175 149 108
0.331536 0.140142 0.434266 174 149 110
0.332032 0.141204 0.434070 173 153 119
0.332268 0.142156 0.433943 169 152 124
0.332172 0.142859 0.433744 166 151 127
0.330406 0.139427 0.433744 176 149 108
0.331026 0.140235 0.433337 174 150 112
0.331607 0.141218 0.433013 173 152 119
0.331887 0.142252 0.432980 168 151 124
0.331910 0.143080 0.433018 165 150 127
0.327828 0.134856 0.433619 127 114 85
0.328242 0.135452 0.433164 128 115 87
0.328609 0.136179 0.432814 127 115 87
0.329745 0.139544 0.432929 175 148 107
0.330428 0.140346 0.432498 174 150 111
0.331067 0.141230 0.432187 173 152 118
0.331427 0.142228 0.432038 169 152 125
0.331564 0.143150 0.432086 164 150 127
0.327391 0.135033 0.433148 129 113 83
0.327654 0.135561 0.432521 132 117 87
0.328133 0.136141 0.432088 133 119 90
0.329186 0.139678 0.432213 175 148 107
0.329773 0.140448 0.431659 174 149 111
0.330287 0.141130 0.431385 174 152 115
0.331069 0.142570 0.431275 168 152 127
0.331157 0.142938 0.431297 166 152 128
0.326987 0.136069 0.431856 129 112 80
0.327270 0.136407 0.431295 133 116 86
0.329527 0.140851 0.430844 175 151 112
0.329691 0.141158 0.430749 175 151 115
0.326311 0.136467 0.431265 128 108 74
0.326634 0.136888 0.430736 131 112 79
0.326392 0.137839 0.430648 125 105 70
0.326221 0.137359 0.430268 130 109 75
0.326258 0.138056 0.429838 128 107 73
0.326469 0.138730 0.429489 127 106 71
0.326741 0.140116 0.429511 121 102 68
0.325995 0.138483 0.429205 129 107 72
0.326110 0.139078 0.428836 128 106 71
0.326421 0.140149 0.428768 124 103 68
0.326769 0.140672 0.428319 126 105 71
0.325580 0.139592 0.428481 125 102 66
0.325785 0.140351 0.427865 126 103 67
0.325800 0.140812 0.427328 128 104 69
0.325094 0.140611 0.426979 128 103 68
0.325533 0.140875 0.426655 131 107 73
0.324422 0.140798 0.426273 128 102 66
0.324647 0.141205 0.426363 127 101 65
0.323781 0.140990 0.425667 129 100 64
0.324057 0.141166 0.425044 134 105 71
0.323069 0.141327 0.424962 127 96 59
0.323337 0.141518 0.424417 131 101 65
0.322463 0.141619 0.424314 128 95 56
0.322661 0.141917 0.423677 129 97 60
0.322102 0.142390 0.422888 128 95 57
0.322337 0.142660 0.422295 128 97 61
0.322778 0.144468 0.422416 123 92 54
0.322962 0.144656 0.422138 123 92 54
0.321405 0.142776 0.422284 128 94 55
0.321688 0.142946 0.421825 128 95 58
0.322465 0.145033 0.421657 120 90 53
0.322738 0.146249 0.421152 116 87 51
0.323066 0.146872 0.420863 117 89 52
0.321040 0.143320 0.421188 127 95 58
0.321846 0.145421 0.420787 120 89 52
0.322281 0.146088 0.420741 117 88 52
0.323086 0.146977 0.420499 117 89 53
0.320351 0.143663 0.420326 123 94 61
0.321632 0.145569 0.419992 120 91 54
0.321818 0.145936 0.419946 119 90 54
0.319647 0.143953 0.419475 115 93 66
0.319887 0.144244 0.418905 113 93 68
0.319233 0.144234 0.419108 114 94 69
0.319658 0.144618 0.418526 113 94 71
0.341316 0.098643 0.467808 156 142 121
0.341733 0.099515 0.467732 162 151 132
0.339939 0.097121 0.467297 165 146 117
0.340453 0.097735 0.467276 164 147 121
0.340965 0.098552 0.467092 160 147 124
0.341422 0.099636 0.467005 161 151 131
0.341430 0.100612 0.466825 161 153 135
0.341749 0.101760 0.466502 161 154 138
0.342198 0.102849 0.466296 164 158 144
0.342550 0.103719 0.466198 168 162 148
0.342933 0.104633 0.466034 170 164 149
0.338927 0.096176 0.466615 158 135 102
0.339557 0.096795 0.466564 162 142 111
0.340112 0.097635 0.466219 159 142 114
0.340486 0.098625 0.466064 151 138 113
0.340731 0.099692 0.466092 146 136 115
0.341050 0.100834 0.466053 147 139 122
0.341409 0.101770 0.465885 151 144 129
0.341791 0.102708 0.465694 158 151 137
0.342221 0.103719 0.465548 166 160 146
0.342613 0.104752 0.465324 170 164 150
0.342860 0.105682 0.465110 170 164 149
0.343019 0.106648 0.464836 170 164 148
0.343203 0.107429 0.464672 169 162 145
0.337865 0.095490 0.465973 138 112 77
0.338541 0.095922 0.465832 147 123 90
0.339314 0.096655 0.465656 154 133 101
0.339829 0.097813 0.465359 156 139 110
0.340035 0.098607 0.465200 155 142 115
0.340104 0.099752 0.465128 150 140 120
0.340400 0.100871 0.465019 146 138 121
0.340810 0.101821 0.464924 135 128 112
0.341173 0.102739 0.464647 133 126 112
0.341684 0.103771 0.464501 157 150 137
0.342151 0.104757 0.464335 169 163 149
0.342481 0.105724 0.464251 171 166 152
0.342760 0.106732 0.464118 171 165 150
0.343046 0.107719 0.464027 170 164 147
0.343153 0.108645 0.463766 169 163 146
0.337387 0.095270 0.465225 151 124 89
0.338088 0.095677 0.465035 157 132 98
0.339638 0.099823 0.464222 151 142 122
0.339927 0.100979 0.464109 158 150 133
0.340188 0.101960 0.464024 148 141 126
0.340511 0.102960 0.463929 125 118 104
0.341069 0.103865 0.463648 145 139 126
0.341602 0.104785 0.463477 166 160 147
0.341967 0.105799 0.463267 169 165 152
0.342313 0.106788 0.463158 170 165 153
0.342624 0.107746 0.463008 169 165 151
0.342895 0.108849 0.463008 169 163 148
0.342995 0.109899 0.462807 164 158 142
0.336132 0.094678 0.464642 138 108 74
0.336830 0.095026 0.464463 146 119 84
0.339406 0.100135 0.463548 145 136 117
0.339734 0.101003 0.463381 158 151 133
0.339894 0.101967 0.463155 161 154 139
0.339978 0.103025 0.463053 140 134 121
0.340231 0.104045 0.462978 132 126 114
0.340926 0.104932 0.462589 152 147 134
0.341336 0.105865 0.462299 154 149 138
0.341772 0.106817 0.462245 162 158 146
0.342148 0.107813 0.462142 166 162 150
0.342462 0.108888 0.462022 166 162 149
0.342700 0.109971 0.461992 163 158 144
0.342826 0.110895 0.461900 158 151 135
0.335614 0.094494 0.463845 126 96 64
0.336328 0.094834 0.463678 131 103 71
0.339753 0.103110 0.462195 158 153 140
0.339756 0.104142 0.462106 143 138 126
0.340176 0.105086 0.461894 140 135 123
0.340738 0.105889 0.461590 133 129 117
0.341227 0.106975 0.461466 148 144 133
0.341535 0.107881 0.461258 160 156 145
0.341959 0.108869 0.461110 162 158 147
0.342271 0.109990 0.461030 162 157 145
0.342479 0.111008 0.461007 159 154 139
0.342523 0.111881 0.460974 154 147 129
0.334340 0.094042 0.463140 136 107 77
0.335041 0.094321 0.462991 140 111 82
0.339522 0.104562 0.461361 153 148 136
0.339586 0.105256 0.461028 145 141 129
0.340006 0.106117 0.460720 123 118 108
0.340423 0.107061 0.460535 135 131 121
0.341046 0.107893 0.460590 156 152 141
0.341581 0.108960 0.460459 162 157 147
0.341778 0.110155 0.460129 162 157 146
0.341952 0.111059 0.459916 158 154 140
0.342163 0.112138 0.459976 153 147 130
0.342008 0.112915 0.459844 149 141 121
0.333820 0.093949 0.462350 128 102 75
0.334387 0.094188 0.462057 137 112 88
0.339231 0.105265 0.460192 149 145 133
0.339536 0.106340 0.459946 120 116 105
0.339944 0.107134 0.459884 133 129 119
0.341578 0.111200 0.459288 157 153 140
0.341715 0.112154 0.458992 153 148 133
0.341705 0.113271 0.459079 148 139 120
0.333188 0.093964 0.461572 113 89 68
0.333769 0.094209 0.461201 117 96 78
0.341415 0.112515 0.458254 152 147 133
0.341311 0.113421 0.458164 149 141 124
0.341201 0.114347 0.458175 146 135 115
0.332551 0.094077 0.460769 116 93 72
0.333108 0.094344 0.460339 120 100 83
0.340841 0.113627 0.457277 148 143 127
0.340777 0.114636 0.457356 145 136 118
0.340661 0.115332 0.457241 144 133 113
0.331792 0.094181 0.459915 124 100 76
0.332721 0.094422 0.459866 123 103 84
0.340244 0.113842 0.456339 147 142 128
0.340204 0.114727 0.456457 144 138 121
0.340155 0.115601 0.456511 142 133 115
0.331097 0.094348 0.459038 128 103 74
0.337660 0.110079 0.455731 146 144 134
0.339520 0.114116 0.455416 147 143 130
0.339526 0.114831 0.455527 144 139 124
0.339590 0.115872 0.455696 141 133 116
0.330432 0.094524 0.458303 131 106 74
0.337087 0.110120 0.455247 147 145 134
0.337395 0.110642 0.455204 153 150 140
0.338760 0.114193 0.454606 148 144 130
0.338845 0.114948 0.454726 144 138 124
0.338911 0.115986 0.454884 139 132 117
0.329747 0.094689 0.457560 137 112 77
0.330265 0.094942 0.457025 143 119 83
0.336358 0.110092 0.454579 148 145 134
0.336786 0.110859 0.454561 152 149 138
0.338044 0.114140 0.453899 148 144 130
0.338154 0.115140 0.454009 142 137 123
0.338212 0.116046 0.454164 139 132 117
0.329116 0.094881 0.456819 140 117 81
0.329514 0.095103 0.456301 143 120 83
0.335282 0.109151 0.453787 140 136 124
0.335939 0.110171 0.454108 147 144 133
0.336933 0.113297 0.453216 153 150 136
0.337223 0.114254 0.453281 150 145 131
0.337381 0.115348 0.453358 144 138 124
0.337551 0.115989 0.453622 141 135 121
0.328350 0.095157 0.456032 139 118 82
0.328752 0.095387 0.455513 142 120 83
0.335296 0.111411 0.452506 155 151 138
0.335733 0.112451 0.452544 155 151 138
0.336079 0.113338 0.452655 153 150 136
0.336310 0.114475 0.452638 149 145 131
0.336554 0.115348 0.452814 144 139 125
0.327607 0.095496 0.455347 135 117 82
0.327958 0.095703 0.454848 138 118 81
0.332622 0.106836 0.452567 151 147 134
0.333097 0.107756 0.452412 149 145 133
0.333471 0.108264 0.452455 148 143 131
0.334253 0.110827 0.451854 154 149 137
0.334675 0.111585 0.451995 154 150 137
0.334865 0.112570 0.452011 153 150 136
0.335168 0.113640 0.452035 151 148 134
0.335432 0.114615 0.452099 148 144 130
0.327330 0.096077 0.454158 134 114 78
0.331880 0.106103 0.452067 151 146 133
0.332211 0.106947 0.452075 154 149 136
0.332510 0.107625 0.451917 154 149 137
0.332727 0.108779 0.451507 154 149 136
0.333111 0.109754 0.451494 153 149 136
0.333449 0.110710 0.451426 154 150 137
0.333696 0.111820 0.451446 153 150 136
0.334042 0.112810 0.451569 152 149 135
0.334486 0.113786 0.451632 150 147 133
0.334754 0.114497 0.451664 149 145 131
0.326757 0.096498 0.453426 128 109 74
0.326952 0.096721 0.452858 130 109 73
0.331507 0.106288 0.451603 156 151 138
0.331602 0.106926 0.451364 156 151 139
0.331770 0.107959 0.451058 156 151 139
0.332010 0.108905 0.451010 154 150 137
0.332272 0.110025 0.451009 152 148 135
0.332647 0.110846 0.451029 152 148 135
0.333016 0.111926 0.451276 152 148 135
0.326153 0.096879 0.452963 123 106 74
0.326258 0.097092 0.452332 125 106 71
0.330760 0.107051 0.450338 153 148 135
0.331004 0.108160 0.450351 152 148 135
0.331055 0.109191 0.450438 152 148 135
0.331568 0.110090 0.450690 151 147 134
0.331947 0.110906 0.450667 149 145 132
0.325639 0.097541 0.451559 123 104 69
0.329773 0.107620 0.449386 134 129 116
0.330037 0.108275 0.449762 138 134 121
0.330248 0.108993 0.450210 149 144 131
0.325110 0.098020 0.450751 123 103 68
0.325185 0.098130 0.450194 124 103 67
0.328828 0.106874 0.448631 139 134 119
0.328976 0.107493 0.449123 132 127 113
0.329207 0.108158 0.449587 127 123 110
0.324564 0.098374 0.450379 124 104 68
0.324579 0.098552 0.449783 125 104 68
0.328036 0.106898 0.448268 138 134 119
0.328156 0.107328 0.448708 132 127 112
0.324074 0.099112 0.449000 125 105 71
0.326912 0.106093 0.447339 136 132 118
0.327176 0.106665 0.447704 136 133 118
0.327625 0.108051 0.447082 124 121 108
0.327737 0.108290 0.447023 121 118 106
0.328907 0.110735 0.446460 126 124 108
0.329275 0.111313 0.446554 124 120 105
0.323720 0.099511 0.448517 124 105 73
0.323550 0.099912 0.447956 120 103 74
0.326163 0.106132 0.446908 130 126 113
0.326583 0.106806 0.446916 126 123 109
0.327282 0.107833 0.446705 120 118 106
0.327449 0.108291 0.446724 117 116 104
0.327626 0.109965 0.445978 126 125 111
0.328255 0.110681 0.445952 129 128 114
0.328579 0.111778 0.445877 132 130 116
0.328745 0.112512 0.446095 132 130 116
0.323277 0.100527 0.447407 120 107 82
0.323301 0.101126 0.446840 118 107 85
0.323684 0.101707 0.446283 120 111 91
0.324985 0.105070 0.445912 109 107 93
0.325366 0.106150 0.446222 109 108 94
0.326150 0.108258 0.445395 127 126 112
0.326586 0.109078 0.445580 128 126 113
0.326970 0.109943 0.445425 128 128 114
0.327480 0.110965 0.445280 132 131 116
0.322950 0.101688 0.446608 113 105 85
0.323160 0.102271 0.446098 118 110 91
0.323374 0.103252 0.445628 122 115 97
0.324061 0.104470 0.445495 117 115 98
0.324290 0.105227 0.445750 114 112 97
0.324539 0.106315 0.445355 115 115 100
0.325086 0.107129 0.444928 124 121 105
0.325720 0.108241 0.444925 127 125 109
0.326028 0.109173 0.445073 128 127 111
0.326468 0.110022 0.445062 128 127 112
0.326750 0.111012 0.445090 131 129 113
0.323032 0.103773 0.445589 126 118 99
0.323306 0.104559 0.445374 126 119 101
0.323612 0.105406 0.445271 124 119 101
0.324036 0.106448 0.444705 89 94 77
0.324281 0.107156 0.444721 91 96 79
0.325536 0.108424 0.444300 134 125 106
0.325703 0.108765 0.444311 108 107 90
0.325647 0.110213 0.443438 42 59 41
0.322824 0.106004 0.444086 65 76 58
0.323334 0.106544 0.443865 45 61 44
0.323794 0.107058 0.443636 43 60 41
0.325364 0.110411 0.443015 41 58 40
0.321865 0.104882 0.443011 36 55 37
0.322266 0.105731 0.443225 37 56 38
0.322688 0.106595 0.442968 38 56 38
0.323071 0.107708 0.442833 38 56 37
0.323326 0.108489 0.443115 39 56 38
0.321593 0.104990 0.442672 36 55 37
0.321953 0.105694 0.442413 36 55 36
0.322074 0.106856 0.442443 37 55 36
0.322355 0.107872 0.442456 37 55 37
0.322676 0.108516 0.442275 38 56 37
0.331043 0.141643 0.431688 173 153 122
0.331183 0.142089 0.431574 171 153 124
0.328134 0.135805 0.431961 140 126 99
0.328550 0.136291 0.431758 139 125 99
0.330526 0.141608 0.431107 174 153 119
0.330781 0.142204 0.430998 171 153 124
0.330877 0.142893 0.430735 168 153 128
0.327750 0.136461 0.431125 139 123 95
0.329835 0.141517 0.430313 175 152 117
0.330362 0.142296 0.430192 172 153 123
0.327415 0.136999 0.430498 138 121 93
0.327296 0.137342 0.429964 139 122 95
0.326983 0.137860 0.429395 138 119 91
0.327272 0.138510 0.428852 137 120 92
0.327615 0.139129 0.428437 138 121 95
0.326539 0.138351 0.428948 135 115 85
0.326765 0.138888 0.428357 138 118 89
0.327043 0.139689 0.427889 135 116 86
0.327389 0.140467 0.427487 130 111 81
0.326425 0.139343 0.427862 139 118 87
0.326598 0.139878 0.427461 139 118 88
0.326788 0.140714 0.427060 135 114 83
0.327093 0.141783 0.426365 139 117 86
0.325643 0.140370 0.426533 138 115 85
0.326111 0.140881 0.426186 142 120 92
0.327074 0.141969 0.426000 143 121 92
0.325130 0.140660 0.425911 139 115 84
0.325499 0.140987 0.425311 150 130 105
0.324865 0.141325 0.424636 149 126 100
0.325355 0.141786 0.424132 159 141 121
0.324170 0.141723 0.423882 145 120 91
0.324575 0.141925 0.423395 157 136 113
0.323403 0.142101 0.423213 137 108 75
0.323718 0.142342 0.422712 144 118 89
0.322828 0.142363 0.422771 131 101 66
0.323094 0.142725 0.422033 135 108 76
0.323492 0.144224 0.422090 129 99 64
0.323647 0.144531 0.421654 131 102 68
0.322485 0.143066 0.421345 131 103 70
0.322862 0.143345 0.420783 137 112 83
0.323226 0.144844 0.420921 128 100 67
0.323602 0.145627 0.420247 129 104 73
0.323787 0.146930 0.420299 122 95 61
0.321797 0.143429 0.420603 130 102 69
0.322206 0.143602 0.420146 134 109 80
0.322621 0.145160 0.420133 126 98 64
0.322812 0.146099 0.419984 121 94 60
0.323368 0.146892 0.419792 122 95 62
0.324124 0.147339 0.419558 129 104 73
0.321018 0.143741 0.419928 125 99 68
0.321477 0.143943 0.419423 127 103 75
0.321943 0.145478 0.419599 122 95 60
0.322324 0.145936 0.419227 122 97 64
0.322940 0.146831 0.419025 122 97 64
0.320734 0.144293 0.418686 118 97 72
0.321010 0.144759 0.418004 117 98 75
0.320193 0.144730 0.418150 114 95 73
0.320338 0.145147 0.417582 114 97 76
0.320268 0.145607 0.417017 113 99 80
0.338801 0.096177 0.465058 159 137 104
0.339216 0.096722 0.465090 158 138 106
0.339540 0.097625 0.464961 155 138 108
0.339832 0.098620 0.464680 154 141 114
0.338342 0.095914 0.464463 163 140 107
0.338905 0.096713 0.464252 164 145 112
0.339126 0.097733 0.464244 155 139 109
0.339518 0.098691 0.464055 144 130 105
0.339356 0.099325 0.463762 136 126 104
0.337262 0.095306 0.463797 146 120 87
0.337942 0.095780 0.463551 157 133 100
0.338482 0.096713 0.463265 163 144 111
0.338670 0.097738 0.463229 161 146 117
0.339002 0.098724 0.463137 144 132 107
0.339106 0.099777 0.463112 131 122 102
0.339470 0.100897 0.462920 151 144 127
0.339705 0.101784 0.462663 163 157 142
0.336690 0.095089 0.463033 144 118 87
0.337481 0.095709 0.462618 156 133 102
0.337892 0.096942 0.462442 168 150 120
0.338205 0.097748 0.462295 168 154 127
0.338580 0.098731 0.462166 159 148 125
0.338753 0.099855 0.462181 136 127 108
0.339071 0.100933 0.462159 146 139 122
0.339443 0.101935 0.462011 163 158 143
0.339575 0.102876 0.461846 165 160 147
0.339711 0.103586 0.461595 161 156 143
0.335456 0.094569 0.462386 148 122 96
0.336184 0.095006 0.462070 155 132 107
0.336866 0.095526 0.461899 164 142 116
0.337404 0.097009 0.461665 170 155 128
0.337777 0.097606 0.461599 169 156 131
0.338091 0.098976 0.461218 158 149 128
0.338277 0.099878 0.461136 142 134 116
0.338471 0.100980 0.461145 146 140 124
0.338880 0.101995 0.461021 161 156 142
0.339114 0.102957 0.460920 167 162 148
0.339441 0.104023 0.460800 163 158 146
0.339548 0.105092 0.460495 151 147 135
0.339942 0.106372 0.460190 118 114 103
0.340126 0.106727 0.460147 123 119 108
0.340793 0.108027 0.460078 156 151 141
0.341323 0.108965 0.460053 162 157 147
0.341531 0.109931 0.459726 162 157 146
0.334825 0.094466 0.461596 139 117 96
0.335550 0.094947 0.461139 146 127 109
0.337417 0.099030 0.460349 146 137 118
0.337683 0.099991 0.460176 132 125 108
0.337966 0.101061 0.460157 145 139 124
0.338326 0.102010 0.459977 153 148 134
0.338714 0.102967 0.459904 154 149 136
0.338954 0.104095 0.459827 157 153 140
0.339235 0.105176 0.459752 149 145 133
0.339396 0.106186 0.459548 124 120 109
0.339802 0.107186 0.459521 133 129 119
0.340296 0.108027 0.459315 153 148 139
0.340770 0.109047 0.459145 161 157 147
0.341156 0.110092 0.458989 159 156 145
0.341391 0.111027 0.458869 157 153 141
0.341447 0.111756 0.458572 154 151 138
0.334227 0.094513 0.460790 122 104 88
0.334882 0.094943 0.460330 130 114 101
0.337119 0.099511 0.459737 130 123 105
0.337179 0.100245 0.459398 122 115 99
0.337403 0.101134 0.459230 133 127 112
0.337847 0.102085 0.459081 139 134 120
0.338180 0.103046 0.458945 134 130 116
0.338453 0.104248 0.458978 148 144 130
0.338869 0.105191 0.458856 149 146 134
0.339034 0.106199 0.458659 124 121 110
0.339310 0.107258 0.458694 129 126 116
0.339743 0.108099 0.458443 148 144 135
0.340164 0.109142 0.458177 157 154 145
0.340562 0.110139 0.458023 157 155 145
0.340967 0.111158 0.458042 156 154 142
0.341184 0.112130 0.457919 153 150 137
0.341229 0.112792 0.457701 151 147 133
0.333546 0.094603 0.460009 125 107 92
0.334184 0.095054 0.459549 132 118 105
0.336927 0.101208 0.458546 129 123 108
0.337339 0.101812 0.458603 136 131 116
0.337771 0.103326 0.458207 125 121 107
0.337835 0.104154 0.458063 130 126 112
0.338240 0.105278 0.457850 145 143 129
0.338586 0.106262 0.457886 128 126 114
0.338784 0.107267 0.457784 117 113 104
0.339281 0.108163 0.457566 140 136 127
0.339641 0.109198 0.457293 151 148 140
0.340090 0.110274 0.457260 154 153 143
0.340321 0.111191 0.457124 154 152 141
0.340650 0.112243 0.457119 152 150 137
0.340765 0.112987 0.457095 150 146 133
0.332751 0.094713 0.459171 126 107 87
0.333499 0.095259 0.458693 122 107 91
0.336596 0.103925 0.456894 130 125 110
0.337137 0.104390 0.457177 117 113 99
0.337500 0.105432 0.456966 132 129 116
0.337918 0.106413 0.456952 136 134 121
0.338240 0.107412 0.456831 112 109 99
0.338577 0.108275 0.456680 116 113 104
0.338994 0.109324 0.456509 141 138 129
0.339343 0.110400 0.456388 150 148 138
0.339683 0.111369 0.456317 150 149 138
0.339950 0.112424 0.456234 149 147 135
0.340093 0.113276 0.456214 148 145 132
0.332098 0.094838 0.458298 133 112 86
0.332784 0.095326 0.457868 128 110 87
0.333464 0.097055 0.457408 124 114 98
0.333424 0.097280 0.457233 124 114 98
0.336236 0.103761 0.456431 132 127 111
0.336510 0.104534 0.456327 122 118 103
0.336876 0.105472 0.456233 121 118 104
0.337155 0.106533 0.456068 135 132 120
0.337531 0.107474 0.455916 119 117 106
0.337872 0.108506 0.455796 109 106 96
0.338111 0.109606 0.455753 137 135 125
0.338465 0.110600 0.455659 151 149 139
0.338902 0.111541 0.455494 152 151 140
0.339218 0.112604 0.455371 151 149 137
0.339456 0.113514 0.455375 149 146 133
0.331459 0.094995 0.457540 141 118 87
0.332144 0.095416 0.457081 139 119 90
0.332788 0.097153 0.456682 128 117 97
0.332940 0.097408 0.456672 127 116 98
0.335396 0.103721 0.455524 128 122 106
0.335820 0.104657 0.455609 129 124 109
0.336184 0.105672 0.455525 122 118 105
0.336397 0.106758 0.455284 130 127 115
0.336811 0.107696 0.455190 118 115 104
0.337143 0.108578 0.455084 114 111 101
0.337291 0.109602 0.455266 137 135 124
0.337720 0.110744 0.455048 153 151 140
0.338188 0.111733 0.454737 155 153 142
0.338503 0.112617 0.454691 154 152 139
0.338705 0.113573 0.454607 151 147 134
0.330833 0.095194 0.456731 146 123 88
0.331416 0.095589 0.456232 148 126 92
0.332446 0.097272 0.456224 130 118 97
0.332515 0.097499 0.456172 130 118 97
0.334229 0.102984 0.454687 121 115 97
0.334693 0.103886 0.454932 125 119 102
0.334962 0.104939 0.454845 130 124 109
0.335377 0.105943 0.454811 124 120 106
0.335720 0.106850 0.454682 128 124 112
0.336105 0.107870 0.454522 123 119 108
0.336334 0.108852 0.454453 128 125 114
0.336463 0.109851 0.454424 143 140 129
0.337079 0.110866 0.454210 152 149 138
0.337463 0.111906 0.453913 154 151 139
0.337794 0.112856 0.453878 153 149 137
0.338115 0.113548 0.454037 151 147 134
0.330192 0.095331 0.455946 147 124 86
0.330803 0.095741 0.455491 150 128 92
0.333160 0.102235 0.454012 132 124 104
0.333656 0.102925 0.454309 124 116 98
0.333925 0.104015 0.454344 125 119 102
0.334247 0.105043 0.454241 135 129 114
0.334496 0.106132 0.454109 135 130 117
0.334904 0.107126 0.454018 133 128 116
0.335363 0.108009 0.453901 129 125 114
0.335524 0.109090 0.453781 137 134 122
0.336021 0.110139 0.453637 146 143 131
0.336394 0.111035 0.453438 153 149 138
0.336725 0.112059 0.453304 155 152 139
0.337100 0.112833 0.453382 154 150 137
0.329457 0.095575 0.455155 146 123 85
0.329939 0.095879 0.454589 149 125 88
0.333004 0.102142 0.453908 134 125 105
0.332884 0.103063 0.453518 134 125 107
0.333097 0.104078 0.453536 136 129 113
0.333395 0.105296 0.453512 141 135 120
0.333673 0.106330 0.453398 143 138 125
0.334078 0.107273 0.453261 140 135 123
0.334495 0.108273 0.453112 139 134 122
0.334787 0.109240 0.453022 143 139 127
0.335146 0.110290 0.452788 150 146 134
0.335679 0.111230 0.452829 156 152 139
0.336096 0.112017 0.452831 157 153 140
0.328664 0.095889 0.454381 142 120 82
0.329225 0.096174 0.453868 146 123 85
0.332295 0.103323 0.452624 144 136 117
0.332439 0.104307 0.452640 142 135 118
0.332582 0.105467 0.452701 144 139 124
0.332951 0.106579 0.452670 149 145 132
0.333232 0.107451 0.452533 148 143 131
0.333613 0.108462 0.452313 149 144 131
0.334033 0.109443 0.452197 150 145 132
0.334460 0.110353 0.452106 152 148 135
0.334927 0.111053 0.452255 154 150 137
0.327992 0.096234 0.453744 138 115 77
0.328484 0.096482 0.453226 143 119 80
0.331772 0.103590 0.451815 147 138 119
0.331806 0.104439 0.451847 142 135 119
0.331916 0.105694 0.451949 150 144 130
0.332065 0.106650 0.451848 154 149 136
0.332580 0.107644 0.451793 154 149 136
0.333114 0.108532 0.451823 153 148 135
0.333673 0.109672 0.451728 153 148 135
0.333878 0.110116 0.451689 154 149 136
0.327806 0.096801 0.452518 139 115 76
0.331093 0.103822 0.450966 140 132 113
0.331107 0.104622 0.451083 142 135 119
0.331256 0.105838 0.451177 153 148 134
0.331475 0.106835 0.451101 156 151 138
0.331803 0.107577 0.451019 156 151 138
0.327165 0.097153 0.451649 135 111 73
0.327468 0.097357 0.451000 141 116 76
0.330558 0.104016 0.450253 148 141 123
0.330401 0.104771 0.450211 151 145 128
0.330530 0.105914 0.450337 154 149 134
0.330852 0.107008 0.450281 154 149 136
0.330848 0.107600 0.450026 150 145 132
0.326432 0.097500 0.450887 130 107 70
0.326815 0.097597 0.450347 136 111 73
0.329811 0.104867 0.449324 156 150 134
0.329874 0.106018 0.449414 152 147 132
0.330149 0.107063 0.449402 143 138 125
0.330450 0.107597 0.449612 143 138 125
0.325811 0.097841 0.450354 127 105 68
0.326045 0.097934 0.449783 131 107 70
0.329201 0.105023 0.448441 156 150 134
0.329273 0.106113 0.448606 148 143 128
0.329468 0.106898 0.448951 139 135 121
0.325417 0.098348 0.449108 128 106 70
0.328427 0.105197 0.447710 150 145 129
0.328446 0.106174 0.448024 145 141 125
0.324912 0.098865 0.448364 124 103 69
0.325000 0.099088 0.447762 121 99 68
0.327640 0.104632 0.446865 138 133 118
0.327664 0.105359 0.447073 139 135 120
0.327611 0.106236 0.447005 137 133 119
0.327880 0.107465 0.446750 128 125 112
0.329289 0.109394 0.445807 117 113 98
0.329499 0.110286 0.446083 121 120 105
0.329796 0.111059 0.446098 113 112 98
0.324447 0.099680 0.447309 109 90 63
0.324682 0.100225 0.446570 106 89 67
0.326634 0.104800 0.445748 124 119 105
0.326845 0.105616 0.446206 124 121 108
0.327212 0.106501 0.446276 127 125 112
0.327538 0.107437 0.446373 127 125 113
0.328104 0.108589 0.445302 129 129 116
0.328485 0.109476 0.445510 130 128 115
0.328867 0.110400 0.445678 131 127 113
0.329227 0.111124 0.445867 132 127 113
0.323961 0.100305 0.447048 114 99 75
0.324232 0.100788 0.446539 116 102 81
0.324459 0.101713 0.446057 121 109 91
0.324962 0.102528 0.445507 123 115 99
0.325378 0.103970 0.445502 115 112 97
0.325761 0.104673 0.445685 112 109 95
0.326205 0.105565 0.445830 113 111 98
0.326574 0.106752 0.444860 114 116 103
0.326927 0.107744 0.444917 126 126 113
0.327347 0.108634 0.445032 131 131 117
0.327760 0.109637 0.444951 133 132 118
0.327981 0.110427 0.445058 134 132 118
0.323918 0.102273 0.445836 122 114 97
0.324307 0.102960 0.445482 121 115 99
0.324734 0.103859 0.445259 119 116 100
0.325445 0.104302 0.444980 121 118 104
0.325520 0.105958 0.444419 104 107 92
0.325844 0.106822 0.444489 110 112 96
0.326226 0.107803 0.444489 109 111 95
0.326306 0.108650 0.444614 137 131 114
0.326988 0.109666 0.444790 131 130 115
0.325023 0.105148 0.443842 48 65 49
0.324837 0.105876 0.443895 61 74 57
0.325303 0.106910 0.443714 57 70 53
0.325638 0.107985 0.443700 56 69 52
0.326176 0.109080 0.442953 42 59 41
0.325822 0.109760 0.443206 42 59 41
0.324251 0.106299 0.443267 40 58 40
0.324479 0.106956 0.442922 40 57 39
0.325884 0.109305 0.442671 42 59 41
0.325606 0.109819 0.442686 41 58 40
0.322213 0.104832 0.442694 37 56 37
0.322473 0.105424 0.442570 37 56 37
0.323809 0.107172 0.442780 39 57 39
0.322293 0.105567 0.442351 37 55 37
0.327797 0.140622 0.427125 133 117 90
0.327455 0.140937 0.426624 141 123 96
0.327593 0.141581 0.426101 147 130 105
0.327708 0.142183 0.425909 147 127 99
0.326694 0.141180 0.425721 150 133 109
0.327123 0.141780 0.425570 150 132 108
0.327421 0.142359 0.425379 152 134 109
0.326222 0.141275 0.425120 158 143 124
0.326490 0.141840 0.424805 159 143 124
0.326820 0.142570 0.424376 159 143 124
0.325668 0.141503 0.424539 160 142 122
0.325778 0.142056 0.424018 162 146 128
0.326358 0.142876 0.423612 163 149 132
0.326818 0.143715 0.423240 163 149 132
0.325039 0.142266 0.423194 162 145 126
0.325623 0.143045 0.422875 165 150 132
0.326110 0.143825 0.422575 166 151 134
0.324385 0.142483 0.422372 158 139 117
0.324878 0.143131 0.421971 163 147 129
0.325431 0.144031 0.421660 166 152 134
0.325901 0.144885 0.421210 168 154 138
0.326149 0.145775 0.420880 169 154 139
0.323811 0.142847 0.421641 148 127 102
0.324168 0.143273 0.421173 154 136 114
0.324875 0.144163 0.420795 161 146 128
0.325315 0.144953 0.420606 165 151 133
0.325931 0.145646 0.420730 170 155 138
0.323443 0.143476 0.420503 146 126 101
0.324077 0.144348 0.420125 149 131 109
0.324222 0.145314 0.419944 144 124 100
0.322841 0.143818 0.419750 141 121 96
0.323458 0.144430 0.419285 147 130 109
0.323621 0.145531 0.419360 137 117 90
0.323843 0.147013 0.419176 129 105 75
0.324168 0.147390 0.419013 132 109 80
0.322091 0.144148 0.419026 131 111 86
0.322653 0.144597 0.418552 136 119 97
0.323013 0.145700 0.418620 134 113 87
0.323357 0.146659 0.418235 132 113 87
0.324090 0.147255 0.418130 138 120 95
0.321564 0.144384 0.418527 123 104 79
0.321797 0.144870 0.417876 122 105 83
0.322352 0.145337 0.417346 126 110 90
0.322749 0.146546 0.417892 126 108 83
0.321105 0.145256 0.417137 115 99 79
0.321700 0.145548 0.416666 116 102 83
0.320654 0.145638 0.416777 114 100 82
0.321047 0.145927 0.416101 114 102 85
0.338529 0.096531 0.462775 163 142 110
0.337717 0.096016 0.462189 165 143 113
0.338079 0.096462 0.462212 166 146 116
0.338416 0.098459 0.461705 167 156 132
0.336440 0.095395 0.461348 162 143 122
0.337030 0.095866 0.461394 168 149 125
0.337380 0.096622 0.461176 170 154 131
0.337668 0.097851 0.461056 167 156 133
0.337974 0.098557 0.461072 163 153 131
0.335932 0.095351 0.460728 148 132 116
0.336467 0.095938 0.460483 155 141 124
0.336859 0.096812 0.460254 158 145 127
0.337158 0.097841 0.460326 158 148 128
0.337357 0.098683 0.460210 150 141 121
0.337486 0.099755 0.459933 128 120 103
0.335293 0.095344 0.460032 134 121 109
0.335857 0.095990 0.459651 140 128 116
0.336306 0.096894 0.459424 145 135 122
0.336476 0.097974 0.459465 145 137 122
0.336692 0.098910 0.459421 139 132 115
0.336986 0.099902 0.459261 123 116 100
0.337791 0.102384 0.458679 135 130 116
0.338027 0.102666 0.458709 134 129 115
0.334610 0.095486 0.459258 133 121 110
0.335204 0.096120 0.458874 138 127 117
0.335546 0.096984 0.458728 139 130 119
0.335824 0.098108 0.458686 139 132 119
0.336121 0.099037 0.458619 135 129 114
0.336528 0.100089 0.458475 122 116 101
0.336808 0.101247 0.458273 130 125 110
0.337254 0.102178 0.458121 139 135 120
0.337567 0.103049 0.457893 130 127 112
0.337737 0.103749 0.457791 118 115 100
0.333899 0.095670 0.458389 121 107 93
0.334415 0.096449 0.458040 124 114 100
0.334642 0.097270 0.458050 125 118 105
0.335140 0.098321 0.457820 130 124 111
0.335457 0.099169 0.457643 130 125 112
0.335880 0.100244 0.457521 126 121 107
0.336138 0.101280 0.457416 128 123 108
0.336594 0.102266 0.457245 138 134 119
0.336976 0.103166 0.457111 134 130 115
0.337142 0.103933 0.457002 121 117 102
0.333163 0.095747 0.457544 126 109 88
0.333555 0.096454 0.457410 126 112 94
0.333897 0.097591 0.457278 123 114 99
0.334404 0.098428 0.456947 125 117 103
0.334855 0.099344 0.456804 125 119 106
0.335188 0.100353 0.456690 123 118 104
0.335523 0.101479 0.456613 121 115 100
0.335878 0.102370 0.456432 132 127 111
0.336269 0.103331 0.456276 131 127 111
0.336478 0.104149 0.456242 126 122 106
0.337161 0.105238 0.456374 119 117 103
0.332538 0.095841 0.456738 138 119 91
0.332862 0.096607 0.456595 134 118 95
0.333226 0.097807 0.456478 126 116 98
0.333740 0.098601 0.456197 124 116 100
0.334133 0.099472 0.456019 123 117 102
0.334499 0.100540 0.455928 119 112 97
0.334788 0.101591 0.455801 116 110 93
0.335238 0.102586 0.455659 125 120 103
0.335581 0.103369 0.455573 124 119 103
0.336086 0.104342 0.455771 128 123 107
0.331867 0.095951 0.455976 147 126 94
0.332267 0.096852 0.455749 140 124 96
0.332563 0.097917 0.455710 130 119 98
0.333028 0.098704 0.455468 130 121 103
0.333443 0.099650 0.455304 128 121 103
0.333820 0.100740 0.455160 124 117 100
0.334161 0.101770 0.455074 126 118 101
0.334596 0.102659 0.455015 125 118 101
0.334901 0.103337 0.455020 122 116 99
0.331223 0.096095 0.455159 151 131 96
0.331785 0.096884 0.454848 150 132 100
0.331868 0.097872 0.454898 139 126 101
0.332350 0.098829 0.454635 143 133 112
0.332742 0.099776 0.454496 142 133 113
0.333136 0.100883 0.454402 138 129 109
0.333435 0.101931 0.454339 133 125 106
0.333757 0.102696 0.454338 125 118 99
0.330506 0.096195 0.454352 152 129 93
0.331183 0.096889 0.453861 155 135 102
0.331346 0.097939 0.453898 150 134 105
0.331769 0.098932 0.453749 152 141 115
0.332158 0.099892 0.453594 152 142 118
0.332502 0.100942 0.453452 148 138 115
0.332726 0.102024 0.453381 138 129 108
0.332983 0.102613 0.453487 133 125 104
0.329837 0.096469 0.453488 152 128 91
0.330430 0.096922 0.453024 158 135 100
0.330869 0.098053 0.452857 159 141 108
0.331185 0.099004 0.452767 160 146 116
0.331586 0.099850 0.452620 160 148 119
0.331956 0.101070 0.452478 152 141 115
0.332197 0.102142 0.452526 142 133 110
0.332234 0.102828 0.452506 144 135 115
0.329193 0.096740 0.452720 151 126 87
0.329706 0.097039 0.452268 157 133 95
0.330494 0.098413 0.452059 163 144 109
0.330621 0.099064 0.451869 164 147 114
0.331165 0.099961 0.451754 164 150 117
0.331420 0.101075 0.451552 157 145 115
0.331597 0.102204 0.451582 147 137 113
0.331680 0.103135 0.451694 148 138 118
0.328532 0.096982 0.452011 148 122 82
0.328975 0.097202 0.451557 154 128 89
0.330271 0.099300 0.451173 165 148 113
0.331100 0.101269 0.450859 159 147 116
0.331034 0.102285 0.450712 150 140 114
0.331063 0.103306 0.450920 143 134 114
0.327877 0.097210 0.451441 144 118 79
0.328200 0.097435 0.450762 149 123 83
0.330445 0.102511 0.449855 150 141 116
0.330352 0.103482 0.449988 152 143 124
0.327536 0.097709 0.449941 145 120 80
0.329757 0.102724 0.448927 157 149 127
0.329740 0.103653 0.449116 159 151 132
0.329707 0.104361 0.449118 158 151 134
0.326948 0.097996 0.449137 141 117 79
0.327085 0.098228 0.448487 145 121 85
0.329141 0.102847 0.448110 155 148 127
0.329085 0.103778 0.448285 159 152 134
0.329115 0.104506 0.448334 158 152 136
0.333331 0.113764 0.445905 85 90 75
0.333665 0.114326 0.445885 91 95 78
0.326259 0.098315 0.448470 136 113 78
0.326563 0.098461 0.447967 140 117 83
0.328630 0.103114 0.447297 143 135 117
0.328492 0.103873 0.447474 148 142 125
0.328612 0.104611 0.447679 153 148 131
0.331833 0.111722 0.445691 81 88 73
0.332406 0.112568 0.445674 85 90 74
0.332916 0.113473 0.445697 84 90 74
0.333017 0.114132 0.445998 89 93 77
0.325687 0.098647 0.448013 131 109 76
0.325873 0.098936 0.447361 130 106 77
0.327797 0.103234 0.446422 127 119 103
0.327776 0.104001 0.446700 133 127 112
0.327889 0.104731 0.446928 138 133 118
0.329466 0.108403 0.445556 118 114 99
0.329661 0.109020 0.445562 111 109 94
0.330225 0.109757 0.445550 99 99 83
0.330882 0.110735 0.445575 87 91 75
0.331349 0.111467 0.445526 90 92 77
0.325401 0.099490 0.446816 111 89 65
0.325469 0.100112 0.446218 105 85 65
0.325787 0.100781 0.445708 108 90 74
0.327035 0.103305 0.445544 119 110 96
0.327176 0.104257 0.445790 125 119 105
0.327354 0.105138 0.445648 124 121 108
0.327422 0.105880 0.445710 125 124 111
0.328258 0.107476 0.444858 116 118 105
0.328595 0.108183 0.444912 116 117 104
0.329174 0.108988 0.445040 97 102 88
0.329561 0.109697 0.444997 78 86 72
0.325077 0.100687 0.446104 108 92 73
0.325473 0.101337 0.445740 113 98 81
0.325779 0.102315 0.445396 118 107 92
0.326084 0.103388 0.445273 117 109 95
0.326393 0.104262 0.445408 119 114 100
0.326882 0.105374 0.445257 121 119 106
0.326913 0.106392 0.444553 115 118 104
0.327639 0.107280 0.444481 109 113 99
0.328137 0.108198 0.444399 101 107 93
0.328385 0.108971 0.444491 99 105 90
0.328880 0.110220 0.443436 49 66 50
0.329199 0.110830 0.443314 51 67 51
0.325468 0.104035 0.444928 123 118 104
0.325546 0.104222 0.444895 124 119 105
0.326066 0.105649 0.443969 91 101 85
0.326612 0.106366 0.443835 77 90 74
0.327116 0.107239 0.443740 69 81 66
0.327312 0.108176 0.444052 86 94 79
0.328465 0.110339 0.442928 50 66 50
0.328634 0.110810 0.442807 51 67 50
0.325175 0.105087 0.443733 44 62 46
0.325470 0.105603 0.443342 46 63 47
0.325993 0.106468 0.443327 45 63 47
0.326536 0.107479 0.442994 43 61 44
0.326760 0.108620 0.442610 43 60 43
0.326636 0.109143 0.442180 44 60 43
0.324746 0.105013 0.442383 56 76 56
0.324903 0.105501 0.442422 55 74 55
0.326299 0.109132 0.442409 43 59 42
0.326511 0.109142 0.441934 44 60 42
0.326156 0.145114 0.421154 169 155 140
0.326623 0.145837 0.420898 167 155 140
0.327070 0.146560 0.420541 168 156 141
0.325012 0.144438 0.420451 162 147 129
0.325396 0.145102 0.420352 165 151 134
0.326213 0.146242 0.420304 169 156 140
0.326332 0.146682 0.419971 170 156 140
0.324430 0.144482 0.419800 156 141 122
0.324781 0.145125 0.419577 159 145 127
0.324937 0.145836 0.419090 160 146 128
0.326404 0.148122 0.418429 168 157 142
0.326825 0.148710 0.418263 170 159 145
0.326988 0.149295 0.418049 171 161 148
0.323880 0.144602 0.419135 152 137 119
0.324218 0.145252 0.418767 154 140 122
0.324768 0.146186 0.418475 158 145 128
0.325147 0.147005 0.418165 161 149 131
0.325821 0.148118 0.417724 165 154 138
0.326280 0.148758 0.417717 167 156 142
0.326413 0.149382 0.417415 169 158 144
0.323571 0.145519 0.417995 147 132 113
0.324091 0.146374 0.417707 151 138 119
0.324543 0.147135 0.417318 155 143 126
0.325313 0.148006 0.417219 161 151 134
0.325759 0.148706 0.417144 163 153 138
0.322866 0.145758 0.417082 133 118 98
0.323456 0.146447 0.416685 141 127 109
0.323979 0.147034 0.416681 147 135 118
0.322268 0.145871 0.416229 119 106 88
0.322814 0.146330 0.415912 125 112 94
0.321825 0.146055 0.415501 114 104 89
0.322045 0.146393 0.414933 115 106 91
0.321915 0.146574 0.414498 115 107 94
0.330822 0.097285 0.452742 161 140 105
0.330918 0.097624 0.452485 162 142 108
0.330157 0.097385 0.451906 163 140 103
0.330609 0.097929 0.451667 165 145 109
0.330373 0.098617 0.451460 164 145 109
0.331031 0.100106 0.451334 165 151 117
0.331177 0.100513 0.451113 166 152 119
0.329541 0.097490 0.451118 161 137 98
0.330132 0.097953 0.450726 167 145 108
0.330293 0.098870 0.450652 166 147 111
0.330595 0.100044 0.450730 165 151 116
0.330950 0.100957 0.450504 163 150 118
0.330918 0.101810 0.450207 156 145 117
0.328840 0.097642 0.450322 157 131 92
0.329432 0.097995 0.449861 165 141 102
0.329968 0.099267 0.449790 166 148 111
0.329947 0.100056 0.449750 165 150 114
0.330480 0.101118 0.449555 163 151 118
0.330516 0.101918 0.449476 156 146 118
0.328148 0.097887 0.449484 152 127 88
0.328626 0.098136 0.449002 158 134 96
0.329593 0.099463 0.448889 165 147 111
0.329412 0.100193 0.448713 164 149 115
0.329805 0.101176 0.448600 164 152 122
0.329937 0.102131 0.448534 160 151 125
0.327638 0.098025 0.449066 149 124 86
0.327933 0.098387 0.448292 153 129 93
0.328919 0.100301 0.447884 159 143 112
0.329188 0.101275 0.447747 159 146 118
0.329388 0.102300 0.447803 155 146 122
0.333840 0.113307 0.445434 72 81 65
0.334048 0.113998 0.445602 84 89 72
0.327255 0.098676 0.447611 147 123 90
0.327682 0.099052 0.447058 148 125 95
0.328380 0.100590 0.447043 148 129 102
0.328470 0.101468 0.446973 145 130 106
0.328778 0.102541 0.447049 142 131 111
0.332131 0.110536 0.445262 109 104 86
0.332555 0.111271 0.445362 93 94 77
0.332927 0.112250 0.445317 79 85 69
0.333390 0.113007 0.445082 70 79 62
0.326597 0.099029 0.446981 138 113 85
0.327072 0.099504 0.446431 136 111 87
0.327754 0.100770 0.446254 134 113 91
0.327681 0.101608 0.446277 130 113 94
0.327955 0.102644 0.446418 130 119 101
0.330852 0.108694 0.444973 103 99 81
0.331097 0.109541 0.445033 76 83 67
0.331426 0.110402 0.444958 65 75 60
0.331905 0.111098 0.444479 54 69 54
0.332705 0.112283 0.444383 56 70 54
0.332799 0.112907 0.444450 57 70 54
0.326354 0.099948 0.446025 118 94 74
0.326657 0.100736 0.445530 117 97 80
0.327155 0.101783 0.445409 119 102 87
0.327303 0.102775 0.445548 120 108 93
0.329206 0.107827 0.444281 59 73 59
0.329635 0.108672 0.444379 52 68 54
0.330191 0.109716 0.444076 51 66 52
0.330673 0.110613 0.444027 53 68 53
0.331261 0.111507 0.443724 55 70 54
0.331680 0.112439 0.443424 57 71 54
0.331802 0.113030 0.443031 58 73 54
0.326487 0.102286 0.445215 114 102 88
0.327823 0.106312 0.443585 53 70 55
0.328271 0.106998 0.443624 57 72 58
0.328782 0.107719 0.443642 54 70 55
0.329164 0.108756 0.443402 48 65 50
0.329496 0.109756 0.443309 50 66 51
0.329878 0.110764 0.443132 54 69 53
0.330370 0.111718 0.442841 56 71 54
0.331131 0.112497 0.442881 57 72 54
0.331561 0.113159 0.442703 58 73 54
0.327084 0.105293 0.443072 62 83 67
0.327253 0.106028 0.443162 60 80 63
0.327689 0.107004 0.442986 49 67 51
0.328333 0.107803 0.442586 47 63 47
0.328586 0.108895 0.442598 48 64 48
0.328505 0.109862 0.442638 50 66 49
0.329170 0.111015 0.442402 55 70 53
0.329775 0.111842 0.442134 57 72 54
0.329867 0.112511 0.441751 58 72 53
0.326584 0.105501 0.442051 72 94 74
0.326693 0.106151 0.442371 60 80 62
0.326942 0.107218 0.442365 57 76 58
0.327384 0.107989 0.442042 49 66 49
0.328101 0.108910 0.441685 49 65 48
0.328304 0.109903 0.441663 52 68 50
0.328760 0.110894 0.441513 56 71 53
0.329329 0.111930 0.441285 57 72 53
0.329666 0.112468 0.441199 58 72 53
0.324889 0.105452 0.441599 56 76 55
0.326175 0.106700 0.442086 59 79 59
0.326406 0.107415 0.442008 60 79 60
0.327032 0.108360 0.441295 46 62 45
0.327177 0.109074 0.440990 47 64 46
0.327965 0.109900 0.441047 52 68 50
0.328311 0.110509 0.440925 56 71 53
0.326661 0.108445 0.440511 46 62 44
0.326751 0.108823 0.440572 47 63 45
0.327474 0.112641 0.438842 52 69 49
0.327557 0.113100 0.438829 52 69 49
0.327145 0.148871 0.418164 171 160 147
0.327345 0.149261 0.417952 171 161 149
0.325792 0.148091 0.417442 164 153 138
0.326506 0.148920 0.417316 168 158 145
0.327091 0.149383 0.417111 170 163 152
0.324850 0.147420 0.416679 157 147 132
0.325369 0.148011 0.416558 159 150 137
0.326009 0.148815 0.416452 163 155 142
0.326616 0.149330 0.416193 164 159 148
0.323659 0.146704 0.416023 140 127 110
0.324438 0.147131 0.415893 149 138 123
0.325223 0.147732 0.415895 155 148 135
0.323336 0.146422 0.415227 130 118 102
0.323982 0.146696 0.415243 139 127 111
0.322740 0.146368 0.414527 120 110 96
0.323022 0.146776 0.413914 121 112 99
0.322322 0.146706 0.414174 117 109 96
0.322855 0.146832 0.413727 120 112 100
0.329705 0.098352 0.449313 168 146 109
0.330227 0.098777 0.449159 171 151 115
0.330305 0.099296 0.448640 171 153 117
0.329196 0.098426 0.448633 163 141 104
0.329670 0.098918 0.448359 168 147 112
0.329913 0.099524 0.448047 169 150 116
0.328721 0.098567 0.448097 160 137 102
0.328985 0.099004 0.447531 162 140 107
0.329409 0.099872 0.447270 161 141 111
0.334204 0.113033 0.445160 58 70 55
0.328285 0.099296 0.446861 151 128 99
0.328877 0.100138 0.446488 149 127 101
0.329011 0.100572 0.446125 144 123 100
0.332824 0.111082 0.444914 74 81 65
0.333001 0.111755 0.444830 55 69 54
0.333799 0.112976 0.444717 56 69 53
0.327748 0.099676 0.446366 141 116 91
0.328044 0.100335 0.445940 137 114 93
0.328317 0.100885 0.445753 134 114 93
0.331487 0.109171 0.444777 76 81 66
0.332183 0.111434 0.444104 55 69 54
0.332454 0.112022 0.443998 56 70 54
0.327440 0.100646 0.445490 128 107 89
0.327657 0.101183 0.445339 128 108 91
0.331864 0.111415 0.443732 56 70 54
0.332172 0.112080 0.443599 57 71 54
0.330887 0.111555 0.442320 58 72 53
0.331333 0.112353 0.442224 58 72 53
0.331622 0.112990 0.442514 58 73 54
0.327673 0.105501 0.443025 64 84 68
0.330405 0.111746 0.441644 58 72 53
0.330666 0.112445 0.441460 58 72 52
0.330787 0.113240 0.441246 58 72 52
0.326627 0.105288 0.441898 75 98 77
0.326624 0.105552 0.441749 68 89 69
0.327519 0.107168 0.441250 61 80 61
0.327853 0.107850 0.441447 55 73 55
0.327883 0.108629 0.441278 52 68 51
0.328914 0.110805 0.440659 56 72 52
0.329398 0.111757 0.440569 57 72 52
0.329986 0.112577 0.440669 57 72 51
0.330296 0.113406 0.440486 57 71 51
0.327333 0.107064 0.440877 62 81 62
0.327591 0.107866 0.440861 61 79 60
0.327783 0.108858 0.440462 52 69 51
0.328547 0.109815 0.440285 55 71 52
0.328747 0.110599 0.439966 56 72 52
0.329064 0.111838 0.439941 56 72 52
0.329335 0.112699 0.439730 56 72 51
0.329640 0.113628 0.439676 56 71 50
0.326646 0.107342 0.439763 45 62 44
0.326779 0.108050 0.439946 48 65 47
0.327242 0.108750 0.439785 54 71 52
0.327994 0.110133 0.439110 55 71 51
0.328242 0.110866 0.439032 55 71 51
0.328399 0.111869 0.438987 54 71 50
0.328628 0.112874 0.438998 54 71 50
0.328909 0.113790 0.438919 54 71 49
0.326965 0.108881 0.438790 50 67 48
0.327434 0.110191 0.438625 52 70 49
0.327588 0.110846 0.438655 52 70 49
0.327861 0.112123 0.438570 52 70 49
0.327973 0.112784 0.438605 52 70 49
0.327362 0.149393 0.416384 168 166 157
0.325852 0.148000 0.415737 156 151 141
0.326417 0.148573 0.415575 158 155 146
0.327022 0.149341 0.415565 163 161 153
0.327527 0.150140 0.414873 161 161 153
0.325005 0.146994 0.415026 144 135 121
0.325631 0.147513 0.415099 151 144 131
0.326365 0.148176 0.415055 155 152 142
0.326864 0.148956 0.414887 158 156 148
0.327553 0.150679 0.414487 160 160 152
0.323783 0.146413 0.414556 132 121 106
0.324537 0.146661 0.414442 135 124 110
0.325252 0.147084 0.414177 139 129 117
0.323493 0.146326 0.414137 127 117 104
0.323840 0.146630 0.413717 126 117 104
0.323142 0.146821 0.413397 122 114 103
0.328470 0.108774 0.439810 55 71 52
0.328575 0.109334 0.439690 55 71 52
0.327390 0.107807 0.438976 65 84 62
0.327773 0.108575 0.438881 54 71 51
0.328108 0.109577 0.438836 54 71 51
0.328355 0.110433 0.438879 54 71 51
0.326999 0.108002 0.438650 52 70 49
0.327172 0.108800 0.438639 50 68 48
0.327503 0.109564 0.438451 53 70 50
0.327259 0.149407 0.414778 159 158 150
0.327524 0.150031 0.414673 160 160 152
0.325952 0.147527 0.414291 147 139 128
0.326572 0.148166 0.414238 152 147 137
0.327211 0.149032 0.414171 153 151 142
0.327651 0.150105 0.414022 154 154 144
0.327884 0.150804 0.413938 156 155 146
0.325031 0.146737 0.413926 131 121 109
0.325680 0.147251 0.413989 141 132 120
0.324511 0.146968 0.413387 128 118 106
0.326940 0.148238 0.413530 147 142 131
0.327449 0.148902 0.413567 148 144 134
0.328092 0.149883 0.413572 147 146 136
0.328365 0.150481 0.413469 150 149 140
