ply
format ascii 1.0
element vertex 11880
property float x
property float y
property float z
property uchar red
property uchar green
property uchar blue
end_header
-3.462756 0.962016 3.402313 163 159 144
-3.457748 0.969947 3.399579 160 157 141
-3.448497 0.981986 3.395571 165 164 146
-3.462279 0.956192 3.393794 165 153 134
-3.456496 0.967122 3.387173 165 153 135
-3.444621 0.980103 3.379909 161 151 136
-3.433019 0.989378 3.376760 161 155 144
-3.449254 0.960449 3.377515 170 155 132
-3.437248 0.975043 3.370743 168 158 140
-3.429796 0.982054 3.367023 172 164 149
-3.458518 0.955540 3.408298 153 144 128
-3.451622 0.966595 3.405282 148 140 125
-3.437756 0.980123 3.400679 145 137 120
-3.458168 0.948413 3.402190 164 153 135
-3.446824 0.965088 3.398026 144 133 117
-3.433402 0.978304 3.390929 140 130 115
-3.418139 0.991949 3.382951 155 152 142
-3.408338 0.994485 3.379966 169 169 160
-3.023746 1.421266 3.207495 0 0 0
-3.009558 1.440629 3.197950 1 0 0
-2.995859 1.454214 3.192103 0 0 0
-3.450446 0.942973 3.387322 172 158 135
-3.441448 0.948833 3.379423 170 155 131
-3.431626 0.965121 3.371411 167 154 135
-3.413224 0.979654 3.368353 170 165 154
-3.403947 0.986832 3.368729 178 177 167
-3.013205 1.416651 3.188316 177 152 112
-3.005611 1.432063 3.188949 141 121 88
-2.993623 1.444903 3.182603 137 115 81
-2.983688 1.457275 3.179599 109 88 61
-2.972022 1.473279 3.176289 0 0 0
-3.428405 0.942684 3.367707 174 157 131
-3.418559 0.952643 3.361585 174 159 135
-3.408598 0.963582 3.356575 172 165 150
-3.013178 1.406372 3.175831 173 148 101
-3.001344 1.423914 3.173346 173 147 104
-2.989344 1.436293 3.166287 174 148 105
-2.981561 1.446176 3.164112 176 149 105
-2.964361 1.456102 3.149952 180 153 105
-3.019924 1.384098 3.162930 166 136 92
-3.014122 1.392663 3.158746 170 142 96
-2.999090 1.409343 3.152802 169 139 97
-2.987163 1.424734 3.149163 171 141 98
-2.975535 1.436286 3.143387 174 145 100
-2.963758 1.451823 3.144052 180 154 105
-3.028566 1.357856 3.151439 164 135 89
-3.020435 1.370040 3.148413 163 133 88
-3.010270 1.386638 3.147306 164 134 91
-2.997664 1.400745 3.138058 162 132 90
-2.983271 1.416404 3.131624 166 135 92
-2.971208 1.427387 3.126561 171 140 95
-2.958998 1.437854 3.119653 175 144 97
-3.039038 1.332029 3.138912 49 31 22
-3.028351 1.346706 3.137507 102 79 54
-3.020181 1.359597 3.134148 116 91 62
-3.008867 1.376913 3.126241 109 84 57
-2.995492 1.392207 3.118155 103 79 54
-2.980982 1.407288 3.112874 114 88 60
-2.964893 1.421520 3.108518 128 101 69
-2.955262 1.430523 3.103777 132 104 69
-2.942474 1.440649 3.097293 120 97 62
-3.033561 1.323944 3.124231 138 110 69
-3.026209 1.335859 3.121363 124 97 65
-3.017249 1.349619 3.115900 124 97 66
-3.005659 1.367369 3.107751 132 102 68
-2.992584 1.383524 3.102191 135 105 70
-2.978839 1.397292 3.096555 135 105 69
-2.963536 1.410454 3.091042 143 112 74
-2.951215 1.419952 3.086307 143 112 73
-2.936200 1.439994 3.085458 0 0 0
-3.031727 1.314191 3.110523 164 133 85
-3.025339 1.322216 3.106435 164 132 86
-3.012606 1.340961 3.097588 164 131 85
-3.001084 1.355954 3.089988 165 132 86
-2.988904 1.371014 3.084193 166 133 87
-2.974064 1.385256 3.077939 168 134 87
-2.957029 1.400556 3.075277 169 135 89
-2.947834 1.409036 3.071691 173 141 94
-3.028334 1.302589 3.092412 162 129 84
-3.020988 1.313460 3.088605 163 130 84
-3.010083 1.331687 3.081770 165 132 85
-2.998074 1.345662 3.070794 167 134 86
-2.985850 1.361114 3.068149 167 134 86
-2.971067 1.374403 3.062308 168 135 87
-2.951868 1.389602 3.056421 169 136 89
-2.942477 1.399202 3.052168 177 147 98
-3.035445 1.276771 3.077189 165 135 86
-3.026163 1.291370 3.075733 164 132 85
-3.018863 1.303579 3.068528 165 133 86
-3.006922 1.322538 3.062792 167 134 86
-2.994724 1.336688 3.055163 168 135 87
-2.981067 1.349913 3.050067 169 135 87
-2.966117 1.364808 3.046851 168 134 87
-2.948818 1.377293 3.039074 170 136 89
-2.937528 1.389007 3.035681 177 147 97
-3.043548 1.248577 3.064641 166 135 85
-3.032756 1.264371 3.060183 159 127 84
-3.023864 1.279159 3.057532 154 121 80
-3.014797 1.293681 3.050149 148 116 77
-3.002869 1.309377 3.040418 142 111 74
-2.990120 1.324860 3.036255 153 121 80
-2.975242 1.339024 3.030248 154 121 82
-2.960308 1.352910 3.027067 162 126 82
-2.945386 1.367763 3.025376 166 130 84
-3.041544 1.238604 3.049554 151 121 80
-3.031430 1.255375 3.047793 130 101 68
-3.021293 1.271329 3.038814 94 71 50
-3.011683 1.283896 3.033666 82 62 46
-2.999292 1.299626 3.025815 81 61 46
-2.985964 1.315840 3.020435 93 70 49
-2.970738 1.329401 3.015956 94 72 52
-2.953946 1.344131 3.011765 109 83 59
-2.943468 1.355037 3.009368 124 95 61
-2.931295 1.361805 2.998308 0 0 0
-3.050150 1.215259 3.040422 153 124 82
-3.040099 1.228380 3.035234 132 105 72
-3.028819 1.244523 3.026372 114 88 61
-3.017991 1.261368 3.019668 113 88 61
-3.007932 1.275656 3.016941 128 99 68
-2.994879 1.290753 3.011202 146 114 76
-2.980069 1.305562 3.005843 159 126 81
-2.964002 1.320919 3.001756 160 127 81
-2.950346 1.332559 2.998066 150 118 77
-2.941240 1.339286 2.994176 171 139 86
-3.060655 1.185188 3.027735 73 56 38
-3.047386 1.203870 3.023580 108 85 60
-3.036783 1.217773 3.018902 134 108 76
-3.026139 1.233095 3.011665 150 121 82
-3.013689 1.249240 3.005576 167 134 87
-2.999302 1.263506 2.998352 169 135 87
-2.988013 1.276270 2.993530 169 134 86
-2.973764 1.290023 2.989136 169 135 86
-2.960727 1.305194 2.987377 169 134 86
-2.949119 1.318678 2.983950 173 140 89
-3.057260 1.181394 3.019128 134 108 74
-3.045690 1.193669 3.010141 171 142 96
-3.032144 1.208324 3.002354 173 143 98
-3.019762 1.222881 2.993875 172 140 94
-3.006864 1.238374 2.988042 171 138 90
-2.994242 1.251644 2.983442 169 135 86
-2.982445 1.264477 2.977265 170 136 87
-2.970451 1.276311 2.973488 169 134 85
-2.958163 1.299166 2.974663 174 142 90
-3.039750 1.183653 2.991910 175 147 100
-3.026414 1.196901 2.982956 172 141 96
-3.014599 1.211126 2.977012 172 140 93
-3.001964 1.227284 2.972389 172 139 91
-2.989604 1.240982 2.966900 171 138 89
-2.977362 1.254815 2.962133 171 139 88
-2.967789 1.269612 2.963661 170 136 86
-3.035613 1.176853 2.978102 172 141 95
-3.024417 1.187902 2.971114 172 142 95
-3.010908 1.203907 2.965684 172 140 93
-2.997736 1.216965 2.958143 172 139 91
-2.984657 1.233069 2.953690 170 137 89
-2.976839 1.241404 2.950027 167 133 85
-3.017170 1.171307 2.943121 0 0 0
-3.002798 1.197031 2.947167 121 95 60
-2.993713 1.208456 2.944642 118 92 58
-2.984686 1.217745 2.938445 63 45 29
-2.970491 1.235961 2.936468 19 3 1
-3.011022 1.177624 2.939969 0 0 0
-2.997161 1.195247 2.932547 0 0 0
-3.004403 1.506111 3.305469 167 137 103
-2.993383 1.519139 3.300467 166 139 101
-2.983439 1.529260 3.298104 172 145 102
-3.028371 1.471260 3.308040 20 14 9
-3.016558 1.483732 3.298286 67 55 41
-3.003676 1.499899 3.296284 95 75 55
-2.992445 1.513080 3.291481 90 71 52
-2.980127 1.526228 3.285359 104 83 60
-2.969823 1.538831 3.282174 116 95 66
-2.956841 1.549104 3.266752 0 0 0
-3.020793 1.460341 3.286317 171 153 125
-3.013424 1.475158 3.286975 152 134 106
-3.002236 1.490966 3.279272 135 114 87
-2.989962 1.505616 3.274622 130 108 80
-2.976983 1.518455 3.269088 131 108 78
-2.962280 1.531219 3.262914 138 113 80
-2.954311 1.547539 3.264747 0 0 0
-3.028701 1.433881 3.274047 169 153 121
-3.021253 1.450264 3.272284 166 147 117
-3.012634 1.465356 3.267779 160 140 109
-3.000169 1.482151 3.260048 152 129 97
-2.988803 1.495114 3.253727 160 136 100
-2.974657 1.508362 3.247748 164 138 97
-2.958019 1.522183 3.242997 168 139 96
-2.947140 1.528272 3.235235 172 141 95
-3.446068 0.954569 3.441262 160 150 132
-3.436438 0.969490 3.436348 152 143 127
-3.423729 0.983971 3.430455 150 143 127
-3.410645 0.995260 3.422982 152 147 134
-3.042586 1.402571 3.261907 30 6 2
-3.030354 1.424106 3.261546 108 87 66
-3.021674 1.439428 3.255041 96 76 57
-3.010943 1.457188 3.249227 85 67 51
-3.000090 1.472073 3.241915 81 63 46
-2.986589 1.486328 3.236587 88 68 50
-2.971468 1.499791 3.229868 108 85 62
-2.955059 1.513626 3.227328 136 107 74
-2.943482 1.523609 3.223078 152 120 81
-3.445470 0.946277 3.426818 147 134 118
-3.438252 0.963522 3.420654 142 127 108
-3.425877 0.978318 3.415974 144 132 114
-3.408758 0.993024 3.410538 152 145 131
-3.396964 0.997849 3.407876 166 163 151
-3.036289 1.399199 3.248688 146 126 96
-3.029789 1.412854 3.245578 146 125 94
-3.019753 1.431245 3.237091 153 130 96
-3.008892 1.449526 3.230748 153 130 95
-2.997281 1.464982 3.225008 155 130 96
-2.984369 1.479711 3.221667 158 132 96
-2.969901 1.491640 3.216259 161 133 95
-2.953681 1.502571 3.210648 168 136 92
-2.939977 1.512426 3.206218 172 142 95
-3.444773 0.938021 3.412223 157 145 129
-3.435773 0.956815 3.405019 137 122 102
-3.418722 0.966474 3.400281 138 126 108
-3.405378 0.988088 3.389780 153 149 138
-3.395011 0.988350 3.387806 167 165 157
-3.044314 1.373287 3.230441 22 17 12
-3.036187 1.387685 3.229236 96 78 58
-3.028834 1.404152 3.223058 113 92 68
-3.018660 1.420835 3.214965 114 93 68
-3.006758 1.438108 3.208118 121 97 71
-2.994670 1.452792 3.203190 131 105 76
-2.980398 1.466428 3.198519 136 107 77
-2.964496 1.479133 3.192593 139 108 77
-2.948641 1.491127 3.187794 142 112 78
-2.932135 1.503556 3.183946 147 116 79
-2.921512 1.512237 3.181142 166 133 85
-3.435432 0.928025 3.393563 168 154 132
-3.431590 0.936367 3.381350 169 153 128
-3.399827 0.975910 3.369597 168 164 157
-3.391039 0.978599 3.372434 173 172 166
-3.040851 1.365347 3.221220 150 126 89
-3.035227 1.378983 3.215950 140 115 81
-3.026019 1.395332 3.206544 148 121 85
-3.016819 1.412037 3.199410 139 113 80
-3.005132 1.427874 3.193418 132 105 74
-2.991859 1.444180 3.187098 122 96 68
-2.977021 1.458849 3.180287 128 102 73
-2.963450 1.470844 3.174673 122 96 68
-2.947800 1.483249 3.170608 111 86 61
-2.929368 1.495795 3.168782 112 86 61
-2.918449 1.502870 3.165668 115 88 59
-3.425521 0.919435 3.380858 172 155 129
-3.421498 0.928514 3.371620 170 154 129
-3.411596 0.942114 3.361988 168 151 125
-3.395621 0.960235 3.358585 167 159 145
-3.385518 0.968193 3.358267 175 174 165
-3.037607 1.354103 3.202416 161 132 89
-3.031972 1.370009 3.197170 161 132 90
-3.023898 1.386689 3.188276 164 134 92
-3.013089 1.402013 3.182032 165 135 93
-3.000718 1.417637 3.176346 166 136 95
-2.986650 1.433183 3.168897 169 139 96
-2.972666 1.447576 3.164379 170 139 95
-2.958527 1.461267 3.159694 172 141 97
-2.942892 1.473026 3.154742 174 142 98
-2.926471 1.485265 3.152928 171 139 96
-2.916095 1.495289 3.152059 178 148 100
-3.411102 0.919678 3.357794 174 157 129
-3.401217 0.933230 3.350248 171 154 126
-3.388382 0.946120 3.344154 172 160 141
-3.380584 0.958221 3.346264 178 177 164
-3.043864 1.327927 3.185816 160 130 85
-3.037946 1.343125 3.187937 160 129 85
-3.030176 1.361302 3.177816 162 131 87
-3.022416 1.376844 3.172179 162 130 88
-3.012217 1.391103 3.167091 163 132 89
-2.997188 1.408875 3.160330 166 136 93
-2.984692 1.421116 3.154919 166 135 92
-2.969340 1.437361 3.146342 169 138 93
-2.952915 1.452312 3.139748 171 139 94
-2.936818 1.463277 3.135374 172 140 95
-2.922888 1.474781 3.135313 175 143 97
-2.909246 1.486851 3.135512 178 147 99
-3.397061 0.921776 3.341469 176 160 131
-3.387478 0.931784 3.334660 177 164 137
-3.051578 1.304234 3.178807 164 135 88
-3.044905 1.316617 3.175205 160 129 85
-3.037219 1.335621 3.166973 159 128 84
-3.029800 1.352190 3.157310 159 126 83
-3.021011 1.369444 3.155495 161 129 86
-2.968545 1.428826 3.131308 169 136 91
-2.953507 1.441758 3.124564 170 137 91
-2.938468 1.452602 3.119898 173 141 94
-2.919158 1.464566 3.117363 174 142 97
-2.905405 1.477268 3.117322 181 153 105
-3.229242 1.084251 3.239174 184 163 124
-3.217347 1.104642 3.237976 39 23 21
-3.207160 1.110910 3.231527 148 125 86
-3.178159 1.141702 3.215395 74 50 39
-3.167381 1.158946 3.212606 89 67 44
-3.061187 1.274620 3.164768 163 137 92
-3.052421 1.294104 3.162552 146 118 78
-3.044617 1.309230 3.156373 123 98 66
-3.037564 1.327043 3.147905 109 84 57
-3.031525 1.340693 3.143601 114 89 62
-2.956917 1.420393 3.103499 104 78 54
-2.947181 1.432825 3.103724 126 97 69
-2.935283 1.442176 3.099896 142 112 77
-2.914992 1.453665 3.097312 150 120 83
-2.898398 1.464951 3.094196 174 144 97
-3.264034 1.036885 3.248001 112 98 82
-3.257871 1.041715 3.242446 167 151 125
-3.244635 1.056913 3.235211 179 162 133
-3.228937 1.074331 3.228451 177 154 117
-3.215939 1.090865 3.223194 90 71 55
-3.205173 1.102026 3.216992 149 125 92
-3.190438 1.120626 3.212663 163 137 99
-3.179321 1.132038 3.205833 98 77 57
-3.166199 1.147668 3.200689 133 110 76
-3.151596 1.160651 3.191710 167 138 94
-3.141832 1.171996 3.188174 121 100 65
-3.059799 1.269350 3.151072 90 67 46
-3.050856 1.282374 3.147103 98 74 52
-3.042736 1.300607 3.138056 102 79 55
-3.034840 1.318174 3.130986 101 78 56
-3.029421 1.330523 3.130250 85 62 43
-2.942120 1.425255 3.088032 126 97 67
-2.929520 1.432975 3.083334 136 106 73
-2.910329 1.444292 3.081384 116 89 63
-2.897823 1.454060 3.080799 87 66 48
-3.259752 1.028740 3.232420 65 53 46
-3.253389 1.035217 3.227406 156 140 114
-3.239014 1.050272 3.218476 178 159 129
-3.227670 1.064172 3.212991 153 129 96
-3.214533 1.080408 3.207681 91 71 55
-3.200799 1.094651 3.200727 163 137 103
-3.187324 1.111041 3.196294 116 93 69
-3.175829 1.124002 3.189191 103 81 61
-3.163648 1.136132 3.184086 161 133 93
-3.149762 1.152189 3.178242 124 100 69
-3.135018 1.165843 3.169339 107 86 62
-3.124499 1.178347 3.167048 157 132 91
-3.091549 1.214634 3.146546 138 103 67
-3.086930 1.222095 3.149967 115 85 57
-3.069797 1.240308 3.140801 136 107 69
-3.060869 1.255295 3.137262 142 112 72
-3.050338 1.272016 3.130192 156 124 80
-3.039971 1.290889 3.120776 160 126 81
-3.030615 1.308501 3.113015 160 126 82
-2.948737 1.400320 3.071109 171 135 86
-2.939807 1.411167 3.071761 170 134 88
-2.924930 1.422785 3.070222 171 138 92
-2.905257 1.433698 3.066978 174 144 98
-2.895747 1.441643 3.066726 180 151 104
-3.248463 1.028190 3.214337 153 139 112
-3.232468 1.043000 3.202606 173 152 120
-3.224462 1.053623 3.198915 126 104 76
-3.210082 1.069664 3.191628 118 97 73
-3.196642 1.084705 3.185665 154 131 97
-3.183843 1.098697 3.177859 97 76 57
-3.171733 1.113982 3.173776 155 129 94
-3.158337 1.127880 3.167647 127 101 71
-3.143324 1.144512 3.160369 93 73 53
-3.134653 1.155875 3.157912 132 109 78
-3.122456 1.169277 3.154245 172 146 100
-3.106814 1.185591 3.146187 168 139 92
-3.089767 1.203832 3.136871 169 141 93
-3.079537 1.219920 3.135260 166 137 89
-3.070390 1.228719 3.127649 166 135 89
-3.058556 1.244973 3.118797 164 133 88
-3.047422 1.265203 3.112199 162 130 84
-3.036948 1.282997 3.101948 159 126 81
-3.028115 1.296909 3.094087 159 124 80
-2.934601 1.399996 3.054818 169 134 88
-2.919540 1.411455 3.051867 173 139 92
-2.902124 1.420574 3.050478 174 142 96
-3.221893 1.048643 3.186095 31 15 14
-3.189619 1.078733 3.170949 89 66 48
-3.181479 1.088861 3.166467 119 97 69
-3.165464 1.106818 3.158406 137 115 80
-3.153493 1.119861 3.150032 93 70 52
-3.142540 1.132136 3.148173 154 129 91
-3.131472 1.144977 3.144861 173 147 101
-3.115283 1.161132 3.134229 171 143 96
-3.101228 1.173827 3.124956 171 144 97
-3.087454 1.192046 3.119030 169 140 94
-3.077094 1.205267 3.115003 163 133 88
-3.066446 1.222261 3.108177 155 124 82
-3.056559 1.237203 3.101375 152 120 79
-3.045220 1.254484 3.092622 151 120 79
-3.036053 1.272096 3.086339 158 126 81
-3.027483 1.285680 3.081063 160 126 82
-2.941460 1.382601 3.046252 169 134 87
-2.929371 1.389504 3.038212 169 134 88
-2.912983 1.400530 3.036156 171 136 89
-2.900798 1.411594 3.036107 176 146 99
-3.160904 1.097903 3.141163 9 0 0
-3.108205 1.151359 3.113428 148 124 84
-3.095578 1.167702 3.105944 101 79 55
-3.085833 1.181187 3.102523 102 80 56
-3.075744 1.196540 3.096029 106 84 60
-3.065781 1.214725 3.087976 110 85 57
-3.054882 1.230737 3.082179 131 103 68
-3.044260 1.245859 3.075598 146 115 76
-3.033735 1.261687 3.069538 153 119 79
-3.026523 1.268919 3.060845 122 86 61
-2.940336 1.364469 3.023084 159 121 79
-2.924547 1.377511 3.021753 164 127 83
-2.909189 1.387509 3.022492 168 133 87
-2.894501 1.400075 3.017871 183 155 104
-3.103856 1.139699 3.093627 130 108 79
-3.094060 1.154362 3.089761 136 114 83
-3.081314 1.172059 3.082946 146 121 86
-3.073289 1.189068 3.078976 156 127 86
-3.063628 1.204112 3.071345 160 130 88
-3.053765 1.219993 3.064712 162 131 88
-3.042128 1.236523 3.057310 150 117 78
-3.034115 1.245731 3.049243 117 92 62
-2.946007 1.340482 3.006741 94 70 50
-2.936094 1.354740 3.007716 115 87 60
-2.921164 1.365274 3.004537 126 98 67
-2.902686 1.374758 3.002648 145 112 75
-3.100851 1.133093 3.082718 170 146 108
-3.092230 1.144879 3.075776 170 145 105
-3.081365 1.160882 3.067242 167 140 98
-3.069384 1.178932 3.057511 165 135 93
-3.060592 1.193711 3.050234 154 124 86
-3.051068 1.207259 3.045339 136 108 76
-3.041834 1.222643 3.039777 129 102 75
-2.953364 1.320403 2.997496 143 106 63
-2.944689 1.328341 2.992927 166 131 83
-2.931884 1.342875 2.993742 143 112 74
-2.911789 1.352378 2.989646 140 109 72
-2.900112 1.363024 2.991210 103 79 56
-2.889125 1.377227 2.991019 20 2 0
-3.096130 1.120533 3.062888 172 149 108
-3.087177 1.134499 3.055068 162 135 95
-3.077758 1.152479 3.047764 156 128 87
-3.067383 1.171047 3.041504 125 98 67
-3.058560 1.185436 3.035199 102 79 55
-3.048573 1.199040 3.027505 99 75 54
-3.039665 1.210123 3.023170 90 67 47
-2.965203 1.290928 2.986265 168 132 84
-2.953035 1.302425 2.981502 167 132 84
-2.939010 1.317037 2.981428 169 134 85
-2.919854 1.328283 2.978736 167 131 84
-2.907137 1.341917 2.979133 173 141 91
-3.099727 1.100607 3.049321 71 50 37
-3.093113 1.113504 3.048787 120 98 69
-3.083617 1.125201 3.040481 85 68 51
-3.074034 1.142624 3.032342 83 66 50
-3.064963 1.159283 3.023604 112 90 63
-3.055130 1.173339 3.016247 146 119 83
-3.043488 1.187729 3.009967 153 125 87
-3.031394 1.201878 3.004397 168 136 92
-2.976273 1.258756 2.976292 164 127 80
-2.960528 1.280823 2.972654 167 132 83
-2.949792 1.291313 2.970131 168 133 84
-2.933551 1.304067 2.966472 168 133 84
-2.914763 1.314468 2.963194 168 132 84
-2.904220 1.325170 2.961239 172 135 85
-3.088450 1.102596 3.030396 133 111 80
-3.079353 1.114885 3.023981 140 117 84
-3.070562 1.131292 3.016153 152 125 89
-3.059602 1.150288 3.007455 167 138 95
-3.047820 1.166040 3.000314 170 140 95
-3.037118 1.179068 2.994923 170 138 94
-3.026799 1.187242 2.984860 169 137 92
-2.971419 1.251506 2.961007 167 131 83
-2.957313 1.267695 2.958554 167 131 82
-2.941983 1.281271 2.955760 167 131 82
-2.924990 1.292820 2.953483 167 131 82
-2.911839 1.303683 2.951390 169 133 84
-3.085267 1.091337 3.017635 176 153 110
-3.074645 1.107081 3.009381 172 145 103
-3.063458 1.119844 2.997808 170 140 97
-3.053883 1.137667 2.990526 169 139 94
-3.043769 1.155073 2.984819 171 140 94
-3.030882 1.169974 2.976628 170 137 91
-3.018935 1.181860 2.967362 171 139 93
-3.010039 1.195070 2.964456 168 135 90
-2.992519 1.209593 2.952513 138 106 75
-2.977561 1.227413 2.947318 119 91 65
-2.966166 1.242644 2.945693 129 101 68
-2.952621 1.255014 2.942298 118 92 63
-2.933429 1.267541 2.938732 118 91 63
-2.918542 1.277615 2.936890 128 99 67
-3.077626 1.081369 2.994626 177 153 106
-3.069558 1.095463 2.990384 172 143 98
-3.059159 1.108355 2.983415 170 140 94
-3.048553 1.125470 2.974155 167 136 92
-3.035924 1.142867 2.965080 164 132 89
-3.027277 1.156345 2.959252 152 121 81
-3.014510 1.173479 2.953364 139 109 74
-3.002326 1.187528 2.947659 122 95 65
-2.987758 1.202862 2.941884 101 76 55
-2.974973 1.215059 2.936098 96 74 55
-2.960789 1.227656 2.931147 98 77 56
-2.942998 1.242166 2.927971 112 88 62
-2.928439 1.253823 2.927127 109 84 60
-2.919473 1.266822 2.927672 35 18 10
-2.907698 1.281830 2.925494 0 0 0
-3.062588 1.084670 2.972428 171 142 96
-3.052041 1.098440 2.965697 152 124 83
-3.041761 1.113377 2.957928 127 99 67
-3.032351 1.129374 2.952316 109 83 56
-3.021178 1.144114 2.944747 100 75 52
-3.006671 1.159456 2.937810 124 95 65
-2.992002 1.175232 2.932645 145 114 79
-2.979258 1.190115 2.928473 155 122 81
-2.964492 1.203624 2.924472 162 128 84
-2.951541 1.216119 2.922310 167 133 86
-2.939255 1.230013 2.920787 171 138 90
-2.928301 1.241184 2.918362 175 143 93
-3.057510 1.073393 2.952974 14 0 0
-3.048140 1.090580 2.953850 81 57 39
-3.036111 1.103257 2.947219 120 95 63
-3.023371 1.117825 2.939795 156 124 81
-3.011960 1.131514 2.933480 166 134 86
-2.997661 1.143950 2.925549 168 134 86
-2.983374 1.161795 2.918821 172 141 90
-2.969113 1.175671 2.912841 173 141 91
-2.958605 1.187795 2.910234 174 142 92
-3.004022 1.128240 2.921692 175 144 94
-2.989935 1.140687 2.914580 172 140 91
-2.984644 1.149308 2.913115 173 142 92
-2.846211 1.885897 3.481129 117 107 94
-2.851814 1.870550 3.468450 108 92 73
-2.847108 1.878583 3.471801 91 85 74
-2.859314 1.843849 3.455056 112 94 73
-2.853650 1.854537 3.456858 94 83 67
-2.848822 1.867160 3.458600 98 94 81
-2.859860 1.833625 3.447117 101 84 65
-2.853498 1.844850 3.448041 73 68 57
-3.000415 1.618583 3.458819 169 148 122
-2.989979 1.633881 3.454060 179 162 127
-2.978433 1.645079 3.450088 180 159 125
-3.008510 1.597913 3.449936 172 156 127
-3.001041 1.610154 3.449942 173 155 126
-2.991427 1.626943 3.444176 180 162 127
-2.975046 1.642421 3.437092 183 164 127
-3.004528 1.587743 3.431179 172 152 119
-2.998624 1.601045 3.429562 176 157 122
-2.985862 1.616798 3.427115 172 150 117
-2.971051 1.631565 3.419682 180 158 121
-2.963599 1.639671 3.418765 184 166 126
-3.001497 1.577635 3.417829 171 152 117
-2.992750 1.589864 3.412771 170 146 110
-2.980227 1.605399 3.407562 173 150 114
-2.965381 1.619971 3.400550 178 154 117
-2.954972 1.627987 3.395123 176 152 113
-3.007319 1.555408 3.405666 173 152 115
-3.000083 1.566788 3.401290 167 144 108
-2.988432 1.578681 3.393490 141 117 85
-2.976421 1.593897 3.389515 121 99 73
-2.962632 1.609587 3.385109 113 91 67
-2.950934 1.623975 3.379322 51 41 30
-3.005171 1.546347 3.387856 81 65 46
-2.996194 1.555007 3.382557 103 82 59
-2.987255 1.569849 3.377684 102 80 57
-2.973288 1.585450 3.372959 124 100 72
-2.957539 1.599329 3.368166 155 128 93
-2.948517 1.604127 3.360359 174 147 108
-3.013391 1.518092 3.376252 141 122 93
-3.005365 1.530970 3.373323 141 120 89
-2.995495 1.546723 3.366994 157 130 95
-2.982959 1.559612 3.361157 164 137 97
-2.968919 1.573700 3.353694 167 138 98
-2.956515 1.586190 3.350950 169 140 99
-2.943954 1.598119 3.344929 175 149 104
-3.012404 1.506409 3.360455 167 146 113
-3.003570 1.522638 3.355020 167 144 109
-2.992756 1.537282 3.347001 168 142 104
-2.980867 1.552585 3.342260 169 142 101
-2.967782 1.564482 3.337978 169 140 99
-2.953118 1.580152 3.335389 171 143 100
-2.936168 1.594837 3.328194 173 145 101
-3.023817 1.480858 3.350901 169 149 116
-3.013301 1.496289 3.344983 167 144 112
-3.002190 1.513470 3.335913 168 143 106
-2.990863 1.528110 3.327481 170 143 103
-2.978610 1.545062 3.324183 170 142 100
-2.964216 1.557159 3.320328 172 144 100
-2.948930 1.570696 3.315196 172 142 98
-2.935788 1.581487 3.311610 175 146 101
-2.923632 1.592295 3.309622 177 150 105
-3.038738 1.438891 3.338676 166 150 121
-3.031675 1.454476 3.335008 158 139 110
-3.022736 1.471174 3.327681 146 127 99
-3.013442 1.489021 3.319908 148 126 96
-3.003682 1.504048 3.314235 158 135 100
-2.991226 1.519356 3.307485 163 137 100
-2.978089 1.533710 3.302063 169 143 103
-2.962138 1.549090 3.298198 170 143 100
-2.947225 1.560326 3.293398 171 143 100
-2.931230 1.573429 3.291859 173 144 100
-2.920242 1.580679 3.287297 177 148 104
-3.039531 1.429686 3.325687 72 56 44
-3.032893 1.446485 3.322606 92 75 57
-3.024556 1.463669 3.311157 88 70 52
-3.014773 1.482698 3.306246 94 75 57
-3.005503 1.496686 3.302063 85 69 53
-2.987890 1.518303 3.296563 107 85 62
-2.976140 1.529648 3.289321 115 94 68
-2.962481 1.540284 3.281529 114 92 67
-2.945630 1.552744 3.275596 107 87 63
-2.928260 1.565328 3.273552 113 91 65
-2.914778 1.575453 3.272603 125 102 71
-2.902514 1.582998 3.263823 135 130 130
-3.038328 1.421414 3.313599 156 137 108
-3.030938 1.438122 3.302668 156 138 110
-3.022096 1.456618 3.294019 160 142 114
-3.014061 1.468434 3.289448 139 122 96
-2.958742 1.533301 3.264926 111 90 67
-2.945963 1.543785 3.259457 119 96 69
-2.926336 1.556181 3.255856 114 90 64
-2.909060 1.565943 3.251903 121 95 66
-2.899604 1.575511 3.253136 156 136 112
-3.042246 1.396323 3.296331 162 143 112
-3.035415 1.411717 3.293485 160 140 110
-3.029973 1.429979 3.280909 165 146 116
-3.022415 1.443362 3.277991 160 141 113
-3.011299 1.464298 3.277864 136 118 95
-2.955697 1.524308 3.250415 139 115 83
-2.940064 1.534737 3.241651 169 138 94
-2.923501 1.542546 3.237968 167 134 91
-2.908855 1.551719 3.236402 171 138 92
-3.435669 0.945980 3.448078 152 141 125
-3.424708 0.960958 3.445293 142 130 112
-3.409861 0.974647 3.441444 142 130 111
-3.393772 0.988213 3.434907 144 135 119
-3.383281 0.992141 3.430819 150 141 129
-3.043182 1.383837 3.278726 122 101 80
-3.037396 1.404777 3.271332 123 100 75
-3.030123 1.419583 3.266252 123 100 77
-2.937410 1.524328 3.225417 162 129 88
-2.919573 1.535832 3.221879 169 136 90
-2.900750 1.546672 3.220339 172 140 93
-3.435194 0.934647 3.437960 159 151 138
-3.389210 0.990655 3.424429 147 140 127
-3.384080 0.992323 3.415208 161 157 146
-3.046898 1.359800 3.267011 147 129 104
-3.043355 1.377589 3.262987 139 120 94
-3.037689 1.393544 3.253327 140 120 92
-2.932759 1.516266 3.208826 169 136 90
-2.917179 1.525366 3.203442 170 138 91
-2.897010 1.535514 3.199676 171 139 92
-2.887257 1.543388 3.199514 177 147 98
-3.431481 0.924136 3.421171 162 155 142
-3.378906 0.982526 3.396635 168 167 159
-3.052566 1.334921 3.251606 63 46 34
-3.047215 1.350565 3.250787 101 84 64
-3.042664 1.369366 3.241201 103 86 65
-3.038329 1.383006 3.243113 144 123 96
-2.925903 1.506440 3.185880 129 102 72
-2.912993 1.515052 3.181962 135 106 72
-2.892246 1.526734 3.181398 129 102 70
-2.882352 1.532864 3.181118 141 111 75
-3.423554 0.915321 3.403502 167 157 138
-3.384715 0.967017 3.372709 165 162 156
-3.375393 0.971598 3.381276 169 168 161
-3.051224 1.327650 3.242068 141 115 78
-3.046953 1.340872 3.236401 141 115 80
-3.041116 1.359999 3.226519 138 114 83
-3.035718 1.367978 3.219241 156 128 88
-2.920444 1.497628 3.169051 104 80 57
-2.909588 1.505738 3.165735 115 88 61
-2.890278 1.516786 3.164892 101 77 57
-2.877670 1.521164 3.160624 151 121 81
-3.416181 0.907738 3.385943 169 155 132
-3.414329 0.914405 3.376113 170 154 128
-3.379880 0.955528 3.360267 155 150 141
-3.371372 0.960312 3.363903 167 165 158
-3.212203 1.120005 3.293784 184 161 120
-3.049378 1.316871 3.224369 159 129 86
-3.043735 1.333140 3.216059 159 129 86
-3.038380 1.348338 3.209708 159 129 88
-2.916375 1.486222 3.149617 171 140 95
-2.907325 1.497707 3.152649 169 137 91
-2.884422 1.506066 3.148176 173 141 94
-3.409863 0.901092 3.371612 173 158 131
-3.404836 0.909242 3.360150 172 155 128
-3.396929 0.924541 3.352116 167 147 116
-3.379429 0.943069 3.345305 167 155 135
-3.368180 0.949590 3.347699 166 161 151
-3.290639 1.021375 3.315242 63 50 41
-3.279788 1.036332 3.310715 139 124 104
-3.267189 1.051867 3.305736 180 163 132
-3.254359 1.067646 3.301196 181 163 128
-3.241173 1.080694 3.293127 179 157 121
-3.230880 1.095798 3.289696 180 158 122
-3.215446 1.114646 3.283350 179 157 119
-3.205360 1.125988 3.278200 86 68 54
-3.192210 1.140379 3.273711 166 144 108
-3.176803 1.156683 3.266418 173 146 104
-3.166250 1.168568 3.261452 132 106 74
-3.151586 1.183183 3.254335 105 84 62
-3.137211 1.196325 3.246494 169 141 94
-3.122333 1.211547 3.239473 146 119 78
-3.107984 1.227929 3.231373 55 41 32
-3.100592 1.232126 3.228262 131 106 73
-3.055049 1.290101 3.208438 157 127 83
-3.050543 1.303803 3.208218 159 128 83
-3.043602 1.324596 3.196666 159 128 84
-3.038547 1.338048 3.196090 157 126 84
-2.911913 1.473594 3.128407 173 140 94
-2.902739 1.486590 3.135107 174 142 95
-2.879892 1.497435 3.134462 174 141 95
-2.869752 1.503951 3.134787 179 149 99
-3.394178 0.900852 3.349963 170 152 121
-3.385461 0.911470 3.340833 168 146 112
-3.373622 0.927685 3.335434 168 148 117
-3.361263 0.937514 3.335683 166 155 137
-3.312155 0.983795 3.312267 158 150 130
-3.300222 0.999771 3.307778 137 125 107
-3.293008 1.012564 3.301769 138 127 108
-3.280186 1.031796 3.295736 92 79 64
-3.269119 1.044547 3.288710 166 151 128
-3.253552 1.058527 3.282236 175 157 128
-3.240226 1.075685 3.277531 178 157 123
-3.231445 1.088131 3.271577 179 156 119
-3.217268 1.107561 3.263619 169 146 110
-3.205815 1.120037 3.256866 79 63 50
-3.192698 1.134860 3.254320 168 146 110
-3.178073 1.149078 3.247222 169 140 98
-3.165973 1.162596 3.241878 100 75 53
-3.152981 1.175824 3.235332 124 98 70
-3.135350 1.189535 3.233297 162 131 89
-3.121357 1.204728 3.225729 103 79 56
-3.108023 1.218921 3.218527 88 70 52
-3.095437 1.231015 3.214516 161 132 89
-3.078605 1.248227 3.205103 163 132 85
-3.070032 1.260424 3.200697 162 132 86
-3.058737 1.279553 3.195736 160 130 84
-3.051962 1.298353 3.186525 159 128 84
-3.044694 1.317492 3.186093 159 128 85
-2.898075 1.475186 3.116395 175 144 99
-2.877562 1.485676 3.117054 177 146 100
-2.866577 1.489758 3.109889 185 158 109
-3.384997 0.891337 3.336807 175 158 123
-3.377668 0.903208 3.329729 172 150 114
-3.364464 0.917491 3.324331 169 147 112
-3.355792 0.925035 3.320681 169 148 117
-3.321045 0.957777 3.301244 154 144 124
-3.309212 0.975073 3.294225 150 142 122
-3.299597 0.991109 3.288458 116 101 83
-3.291733 1.004807 3.281104 151 140 118
-3.280384 1.022211 3.273712 139 127 109
-3.268888 1.037709 3.268269 105 92 76
-3.255217 1.051735 3.262983 176 159 133
-3.241818 1.066569 3.256160 177 156 123
-3.231860 1.079680 3.250990 177 153 116
-3.215665 1.099627 3.241540 118 96 73
-3.206807 1.110559 3.239423 103 82 62
-3.192615 1.126146 3.231342 177 153 113
-3.180466 1.140003 3.228375 165 138 100
-3.164676 1.156544 3.220667 90 69 51
-3.151128 1.167573 3.216848 157 127 86
-3.134096 1.183870 3.211847 150 121 82
-3.119743 1.196972 3.208962 74 59 46
-3.107428 1.211192 3.201759 124 102 73
-3.092890 1.224373 3.198584 165 136 93
-3.078852 1.238363 3.192351 163 132 88
-3.067563 1.253312 3.184415 159 128 85
-3.060142 1.270602 3.173653 160 129 87
-3.052573 1.289106 3.170805 158 128 85
-2.893910 1.464003 3.095663 159 129 89
-2.874929 1.473266 3.096500 170 141 100
-3.326824 0.936053 3.289077 163 146 111
-3.317369 0.947891 3.283892 107 89 72
-3.308124 0.962818 3.277739 148 135 114
-3.298904 0.980900 3.272626 131 117 97
-3.288579 0.996192 3.263316 108 93 75
-3.276975 1.015700 3.255578 163 151 130
-3.266129 1.029647 3.250789 81 68 56
-3.254625 1.042676 3.243519 151 136 115
-3.241875 1.059215 3.241422 176 157 128
-3.228429 1.076134 3.235463 171 145 108
-3.214614 1.093520 3.229279 104 84 64
-3.203230 1.105266 3.222588 128 105 82
-3.188279 1.119888 3.214094 160 132 95
-3.179328 1.134077 3.214672 114 91 68
-3.165186 1.148455 3.206350 107 86 63
-3.148110 1.159589 3.201094 152 123 85
-3.134444 1.173556 3.194310 105 85 61
-3.119645 1.187628 3.188818 86 70 56
-3.105823 1.201400 3.184523 156 129 91
-3.091341 1.216519 3.178209 163 133 90
-3.077725 1.229467 3.172777 159 128 86
-3.066303 1.244903 3.165701 135 105 71
-3.058886 1.263249 3.159614 115 90 62
-3.051631 1.277363 3.155618 104 80 54
-2.899839 1.444198 3.081791 100 76 52
-2.888889 1.453969 3.080666 110 87 66
-2.867776 1.464728 3.082321 112 89 66
-2.857788 1.470791 3.079310 101 86 59
-3.323906 0.931338 3.280778 155 139 106
-3.314113 0.938672 3.270251 110 91 69
-3.305214 0.952150 3.265245 146 131 110
-3.295361 0.967498 3.256981 139 126 104
-3.285000 0.986408 3.247373 96 82 64
-3.272648 1.005447 3.239026 168 155 132
-3.262377 1.017898 3.232543 103 89 73
-3.250156 1.033973 3.227087 123 108 89
-3.238626 1.045546 3.220791 165 144 117
-3.199576 1.095974 3.206051 131 102 67
-3.193198 1.105111 3.205539 149 122 82
-3.167730 1.121848 3.181231 154 122 89
-3.149706 1.132155 3.190223 115 93 65
-3.140110 1.146260 3.184971 99 80 64
-3.130382 1.162238 3.178411 83 68 55
-3.119893 1.178717 3.170559 130 107 78
-3.105449 1.192594 3.162980 166 137 94
-3.091336 1.209301 3.157677 162 131 87
-3.079264 1.220443 3.153793 148 118 78
-3.066660 1.237078 3.147817 121 92 61
-3.057558 1.249995 3.144619 122 95 64
-2.893814 1.434219 3.065742 166 132 89
-2.884201 1.444389 3.067864 173 142 101
-2.866541 1.452039 3.066319 165 136 94
-3.307892 0.934818 3.257339 113 99 77
-3.297013 0.947116 3.249179 167 152 127
-3.288077 0.955674 3.240474 127 112 90
-3.277951 0.973509 3.233089 99 84 66
-3.266299 0.990935 3.224181 167 150 122
-3.254833 1.009475 3.217236 74 63 51
-3.246469 1.021192 3.210193 124 108 86
-3.232896 1.034996 3.202532 167 145 114
-3.219783 1.048224 3.193742 95 76 60
-3.204147 1.065589 3.186934 121 96 71
-3.192183 1.078354 3.180288 134 110 83
-3.182159 1.090985 3.174455 98 75 57
-3.159675 1.107991 3.173903 109 88 64
-3.150320 1.122101 3.173713 101 79 56
-3.133376 1.135840 3.166662 94 74 52
-3.123640 1.149848 3.158865 133 110 80
-3.114701 1.167791 3.153671 164 136 96
-3.100977 1.184215 3.147782 162 131 89
-3.086462 1.200000 3.141141 157 127 86
-3.074641 1.210028 3.137312 151 122 83
-3.059636 1.221921 3.133604 144 115 78
-3.060784 1.242505 3.133124 163 128 85
-2.892793 1.419640 3.049255 171 138 94
-2.877410 1.430078 3.051465 176 146 101
-2.862600 1.437534 3.049999 180 152 107
-3.276451 0.954679 3.227010 67 50 37
-3.271726 0.962804 3.222338 115 94 71
-3.256355 0.979329 3.211879 167 145 111
-3.243901 0.993648 3.202621 84 67 54
-3.233753 1.006361 3.196013 147 124 93
-3.224263 1.022832 3.191531 158 132 98
-3.211190 1.038317 3.183551 85 68 52
-3.199505 1.052870 3.176978 158 132 95
-3.185965 1.071497 3.170224 107 86 64
-3.174064 1.085144 3.162120 141 117 86
-3.161546 1.099305 3.155930 113 92 69
-3.149449 1.112315 3.151054 116 94 69
-3.135491 1.128453 3.146998 161 135 100
-3.124856 1.140990 3.141789 169 141 100
-3.110408 1.156370 3.137309 166 136 95
-3.094279 1.174148 3.130777 159 132 92
-3.082522 1.184802 3.126519 151 124 86
-3.067821 1.198371 3.123266 135 110 75
-3.055317 1.207263 3.117140 143 117 77
-2.899994 1.398286 3.034174 167 132 86
-2.889156 1.407360 3.034105 169 136 91
-2.873174 1.418330 3.035616 175 145 100
-2.861441 1.429326 3.036626 183 156 111
-3.226890 0.996821 3.190507 157 133 94
-3.212679 1.013478 3.182691 110 89 65
-3.201849 1.027449 3.175731 113 92 67
-3.190505 1.041987 3.170546 150 124 87
-3.177290 1.057477 3.162153 106 86 63
-3.163586 1.070893 3.151581 123 101 75
-3.152461 1.088552 3.143751 150 130 101
-3.143185 1.101581 3.139990 165 144 113
-3.127879 1.115779 3.132599 161 140 106
-3.116040 1.131253 3.124964 151 128 93
-3.104471 1.145198 3.119320 128 105 76
-3.091810 1.161233 3.114016 116 94 68
-3.077027 1.176136 3.112096 106 87 62
-3.060400 1.185640 3.111043 116 96 70
-2.896372 1.389105 3.019460 164 131 84
-2.885760 1.398151 3.021697 169 134 88
-2.866679 1.406450 3.020440 176 144 97
-3.143705 1.074536 3.136438 171 154 124
-3.132727 1.091174 3.127118 163 144 116
-3.119337 1.103216 3.116491 125 107 82
-3.110214 1.118330 3.109051 104 85 65
-3.102006 1.134649 3.100921 105 86 65
-3.091640 1.150547 3.094419 105 85 64
-3.069346 1.167426 3.103116 97 81 66
-2.891475 1.375616 2.999370 122 95 71
-2.882653 1.385160 3.004261 162 128 86
-2.862537 1.391732 3.002786 167 135 91
-3.121507 1.083608 3.105836 163 144 118
-3.115762 1.094687 3.100707 162 144 117
-3.109499 1.112554 3.092651 165 144 111
-3.101511 1.126644 3.085299 164 142 108
-3.095374 1.142042 3.086794 135 112 85
-2.899774 1.349515 2.985883 135 101 69
-2.889600 1.363799 2.988502 117 89 63
-2.871519 1.373108 2.989483 99 76 57
-2.856416 1.385936 2.984323 0 0 0
-3.116624 1.069241 3.088310 172 157 132
-3.112075 1.082558 3.084405 170 153 127
-3.105310 1.101426 3.075633 170 149 117
-3.096761 1.115269 3.066189 165 142 107
-2.899094 1.340665 2.978195 169 133 86
-2.883684 1.350270 2.977432 170 135 89
-2.866389 1.360640 2.977737 170 137 90
-3.113541 1.060622 3.072314 174 159 132
-3.108169 1.071777 3.067297 157 137 110
-3.101461 1.092517 3.059523 139 117 88
-3.093492 1.107226 3.052842 114 92 68
-2.906500 1.313483 2.961605 166 128 80
-2.892167 1.327053 2.963625 169 133 85
-2.877876 1.335106 2.963091 171 136 88
-2.867959 1.347123 2.966002 174 141 92
-3.108452 1.050559 3.057095 109 91 68
-3.103154 1.062742 3.050865 87 71 53
-3.096229 1.080102 3.040050 114 95 72
-3.087928 1.095601 3.032429 128 108 82
-3.077940 1.102869 3.021009 167 141 102
-2.903610 1.301845 2.949376 166 129 81
-2.886013 1.312809 2.950208 170 134 85
-2.870333 1.324689 2.948832 177 146 94
-3.104858 1.040193 3.040343 153 138 114
-3.099917 1.053099 3.036892 151 133 105
-3.091323 1.068613 3.028055 167 146 113
-3.082523 1.086864 3.015580 172 149 110
-3.074302 1.098954 3.011189 170 143 103
-2.910948 1.280172 2.936933 122 95 68
-2.898345 1.288105 2.935620 133 104 73
-2.881260 1.297457 2.935526 143 110 75
-3.099824 1.026522 3.018282 174 156 119
-3.092902 1.041493 3.016980 172 151 115
-3.085095 1.057518 3.007886 172 148 110
-3.077627 1.076751 2.999811 172 145 104
-3.068733 1.088318 2.993212 171 142 100
-2.922377 1.251314 2.924671 138 108 75
-2.907086 1.263898 2.924069 121 93 65
-2.888742 1.277260 2.924295 101 78 59
-2.878723 1.284770 2.921832 74 56 40
-3.087198 1.032689 3.001962 172 151 115
-3.079530 1.045083 2.993341 172 149 111
-3.070943 1.063533 2.983307 172 144 102
-3.061253 1.080224 2.974284 170 141 97
-3.049947 1.090727 2.964200 154 120 82
-2.943718 1.208911 2.918837 160 123 79
-2.930500 1.226514 2.917523 166 130 85
-2.912468 1.239741 2.914815 169 133 86
-2.895899 1.252892 2.914476 170 135 87
-2.886962 1.263798 2.914396 173 139 89
-3.081529 1.023468 2.984318 175 155 116
-3.072524 1.034256 2.974313 163 138 98
-3.064001 1.051090 2.967095 134 108 76
-3.055086 1.069702 2.961145 118 92 64
-3.043844 1.086329 2.953125 113 90 64
-3.030949 1.098760 2.944185 145 116 79
-3.019309 1.112747 2.938727 157 125 84
-3.004322 1.128856 2.931311 164 129 83
-2.992589 1.142022 2.925788 166 130 83
-2.980609 1.156679 2.920336 166 130 83
-2.967080 1.172706 2.916935 166 131 84
-2.952102 1.190081 2.911568 168 134 87
-2.938373 1.199594 2.907402 164 129 85
-2.920859 1.209847 2.902996 163 129 86
-2.906254 1.222697 2.903111 168 133 86
-2.895107 1.238360 2.904548 175 143 91
-3.066223 1.026492 2.962174 82 63 45
-3.056929 1.040364 2.954385 73 57 43
-3.045945 1.057064 2.945084 95 75 53
-3.035443 1.074068 2.939421 132 106 74
-3.025457 1.086767 2.933172 165 133 89
-3.010578 1.102096 2.925087 167 132 86
-2.997642 1.116895 2.919549 167 133 85
-2.984848 1.129877 2.913683 167 131 84
-2.970257 1.145339 2.907017 167 132 84
-2.956874 1.159608 2.902387 163 128 82
-2.943234 1.172926 2.898546 146 113 75
-2.929977 1.185048 2.895764 136 104 71
-2.916291 1.198871 2.893328 137 107 71
-2.901343 1.213962 2.887994 27 0 0
-3.061079 1.018829 2.948249 76 59 40
-3.051365 1.029078 2.941761 165 136 89
-3.038698 1.046782 2.934598 126 99 66
-3.026297 1.058449 2.925204 108 85 59
-3.015196 1.074108 2.917746 110 86 60
-3.002504 1.084932 2.911121 144 113 77
-2.987868 1.102685 2.907777 165 131 85
-2.975627 1.117340 2.903083 166 132 86
-2.962600 1.132279 2.897308 168 135 87
-2.949422 1.146613 2.892580 169 135 86
-2.937442 1.160359 2.890103 154 122 78
-2.929850 1.178277 2.882940 0 0 0
-3.018109 1.052670 2.914253 166 137 84
-3.008556 1.064860 2.909483 80 59 39
-2.994935 1.080024 2.899879 76 58 39
-2.985860 1.089784 2.898854 163 129 86
-2.957546 1.121075 2.888167 174 144 92
-2.839092 1.871154 3.496955 118 100 77
-2.842016 1.881862 3.489329 100 91 77
-2.842784 1.863410 3.478840 120 103 78
-2.839726 1.873077 3.476036 79 75 67
-2.848523 1.835956 3.462444 126 107 77
-2.844530 1.850311 3.461216 82 73 60
-2.839238 1.862268 3.463836 72 70 63
-2.970496 1.674101 3.506888 0 0 0
-2.864194 1.814467 3.445547 131 111 82
-2.854052 1.823537 3.447054 84 71 56
-2.843063 1.837030 3.450253 48 47 43
-3.006279 1.617640 3.508035 86 78 66
-2.996653 1.632982 3.504246 101 85 69
-2.986194 1.648248 3.501228 86 70 55
-2.972499 1.662701 3.496304 112 94 75
-2.960810 1.671836 3.491606 167 148 122
-2.865819 1.781722 3.443170 131 110 82
-2.860694 1.799091 3.440666 94 80 61
-2.852148 1.815677 3.440032 53 49 43
-3.015101 1.595606 3.498932 173 162 143
-3.006140 1.610364 3.496597 168 154 135
-2.998181 1.626101 3.492175 165 150 129
-2.986797 1.642832 3.484975 166 146 121
-2.973910 1.655313 3.476613 174 152 121
-2.958115 1.667661 3.474417 177 154 120
-2.944483 1.677616 3.465571 183 163 129
-2.933049 1.686968 3.460704 180 158 131
-2.864631 1.774193 3.439469 108 92 71
-2.853874 1.787373 3.434666 52 46 41
-3.022931 1.568665 3.484252 172 160 137
-3.014329 1.584727 3.483407 166 151 130
-3.007692 1.602728 3.476226 167 150 127
-3.000497 1.616584 3.470371 170 152 126
-2.987546 1.631908 3.464364 170 148 120
-2.974869 1.648603 3.460792 173 150 119
-2.958698 1.659992 3.450774 177 154 118
-2.941766 1.671351 3.449100 179 155 119
-2.927410 1.683054 3.447343 184 165 133
-3.020669 1.559901 3.470841 166 150 126
-3.014855 1.577928 3.463833 166 149 126
-3.008504 1.590718 3.457807 168 150 125
-2.995795 1.608513 3.451470 167 146 117
-2.983789 1.624389 3.448635 168 147 116
-2.969941 1.638049 3.439794 172 148 115
-2.955997 1.651953 3.435037 176 153 117
-2.939192 1.661559 3.431417 178 153 115
-2.921436 1.673586 3.425686 184 161 124
-3.020197 1.551441 3.456863 164 146 122
-3.012103 1.569529 3.446721 165 147 121
-3.005641 1.582142 3.441840 165 146 117
-2.993100 1.598302 3.435807 165 143 112
-2.981880 1.610684 3.427349 168 144 110
-2.968377 1.628088 3.423247 170 147 113
-2.951494 1.642248 3.418334 176 152 115
-2.934642 1.653067 3.414258 178 154 117
-2.920544 1.662360 3.412259 181 157 121
-3.022267 1.524457 3.438024 160 140 114
-3.015988 1.539023 3.438505 162 142 114
-3.008919 1.558397 3.429175 164 144 116
-3.001917 1.570962 3.425713 165 143 113
-2.989434 1.589337 3.413947 167 140 105
-2.978342 1.602680 3.409267 164 137 102
-2.962986 1.619715 3.404892 164 138 103
-2.947059 1.632334 3.396304 158 132 97
-2.932831 1.642903 3.394817 144 118 88
-2.916577 1.654143 3.392823 138 116 88
-2.904049 1.663950 3.392983 127 107 83
-3.017072 1.514738 3.418318 159 141 115
-3.014123 1.529472 3.420184 159 140 113
-3.007623 1.545980 3.411960 157 138 110
-2.995831 1.561630 3.402412 145 122 93
-2.990756 1.571991 3.402418 143 121 93
-2.956945 1.611313 3.384212 93 72 53
-2.943396 1.622589 3.380514 95 74 55
-2.927537 1.634044 3.377855 98 78 58
-2.911706 1.643191 3.375447 109 89 68
-2.902259 1.653309 3.374664 43 32 26
-3.020336 1.504668 3.409031 111 95 75
-3.013702 1.521406 3.402329 114 96 73
-3.005798 1.539294 3.397226 118 97 74
-2.997247 1.556305 3.394865 116 92 65
-2.990259 1.566194 3.391826 118 92 66
-2.955013 1.600422 3.370951 138 110 80
-2.940245 1.612593 3.365996 166 138 98
-2.924940 1.623743 3.364418 167 139 99
-2.908501 1.633631 3.362364 173 144 102
-2.894085 1.636980 3.351282 182 157 111
-3.026030 1.479047 3.398687 121 106 84
-3.021039 1.494365 3.391268 126 109 87
-3.015038 1.510294 3.383848 125 108 85
-3.008100 1.526772 3.381552 104 86 65
-2.948308 1.588622 3.349887 168 138 97
-2.935157 1.600671 3.346005 171 141 97
-2.920323 1.610416 3.344996 172 142 99
-2.901138 1.622514 3.341512 174 145 101
-2.889490 1.628122 3.332447 176 146 103
-3.032664 1.453340 3.381939 166 151 125
-3.026909 1.468625 3.381010 162 145 120
-3.021048 1.485632 3.372486 167 150 123
-3.013609 1.503642 3.369232 164 145 116
-2.946545 1.584608 3.340984 167 139 98
-2.933802 1.592741 3.331609 170 141 98
-2.916297 1.603134 3.325276 173 144 100
-2.899372 1.614486 3.325650 175 146 102
-2.887310 1.620230 3.319905 176 147 103
-3.038751 1.428197 3.371100 167 155 127
-3.032568 1.444267 3.372834 162 146 121
-3.028523 1.460218 3.363506 163 144 118
-3.021390 1.474611 3.355663 163 143 115
-2.928027 1.583776 3.313807 171 140 97
-2.912290 1.595553 3.310169 173 143 98
-2.896678 1.604431 3.307758 176 145 99
-2.883516 1.612969 3.303782 179 151 104
-3.040664 1.419128 3.353460 152 136 114
-3.037288 1.434910 3.349558 156 140 115
-3.030707 1.449891 3.349957 162 145 119
-3.019794 1.470169 3.343548 161 142 113
-2.925602 1.576530 3.299854 171 140 96
-2.909760 1.586350 3.292937 171 140 96
-2.893113 1.594606 3.287817 174 144 98
-2.875973 1.602350 3.283162 178 149 102
-3.044754 1.393018 3.341561 155 142 113
-3.043438 1.408043 3.341177 116 98 81
-3.039593 1.424715 3.335259 112 95 76
-3.033136 1.441487 3.335364 98 83 67
-2.917151 1.570614 3.279744 127 97 69
-2.905066 1.577911 3.271774 112 90 66
-2.890418 1.586742 3.271350 119 95 67
-2.874861 1.594302 3.269973 122 101 77
-2.862086 1.600844 3.260489 0 0 0
-3.044660 1.383602 3.329384 157 138 110
-3.041748 1.401953 3.324234 151 132 106
-3.040380 1.412532 3.320567 148 131 105
-2.901171 1.570210 3.256548 101 80 60
-2.887656 1.575639 3.252462 116 92 66
-2.870595 1.584208 3.251708 128 104 75
-3.419151 0.942843 3.478383 162 153 136
-3.410209 0.958632 3.470382 153 144 128
-3.397003 0.972948 3.464120 152 145 130
-3.387674 0.983858 3.458153 156 152 138
-3.044957 1.373547 3.310929 157 138 109
-3.041446 1.389776 3.305012 156 136 108
-2.896337 1.554490 3.236339 169 134 89
-2.882776 1.563183 3.235755 173 140 92
-2.866588 1.573633 3.236814 173 141 97
-3.420894 0.937085 3.466071 153 143 126
-3.411569 0.956636 3.462694 146 133 115
-3.397272 0.971152 3.457492 145 135 119
-3.382987 0.983692 3.449382 152 142 126
-3.371620 0.989498 3.442141 161 155 140
-3.048348 1.348028 3.300507 148 129 103
-3.045424 1.365277 3.293536 147 128 103
-3.040942 1.379805 3.291607 142 122 100
-2.892413 1.546899 3.220735 168 133 88
-2.879048 1.554517 3.218593 173 140 93
-2.862492 1.563907 3.219450 175 142 95
-3.420327 0.924075 3.448524 159 151 140
-3.366396 0.984662 3.424572 164 159 148
-3.049784 1.337118 3.284492 149 131 106
-3.046447 1.354693 3.278261 146 127 103
-2.888632 1.536981 3.202381 166 131 85
-2.874939 1.545205 3.200895 170 136 89
-2.858115 1.553241 3.201866 175 144 97
-3.413422 0.911616 3.432288 155 148 136
-3.363014 0.973054 3.407025 164 163 155
-3.053466 1.310227 3.272249 130 112 85
-3.050123 1.327788 3.264952 119 101 79
-3.046871 1.339484 3.258160 103 86 67
-2.883506 1.530753 3.186646 137 111 76
-2.870324 1.535966 3.181813 122 97 69
-2.854380 1.543423 3.182173 133 110 83
-3.410101 0.902193 3.414237 148 143 130
-3.356922 0.962965 3.388470 163 163 156
-3.245478 1.072037 3.340814 177 153 109
-3.231082 1.091211 3.333394 179 155 112
-3.221570 1.101093 3.329672 179 155 113
-3.205690 1.121154 3.322803 149 122 89
-3.195535 1.133843 3.317099 112 93 71
-3.182773 1.147716 3.310909 179 155 116
-3.169084 1.162801 3.304739 171 143 101
-3.153563 1.179459 3.298764 111 83 58
-3.147146 1.189183 3.294804 172 146 98
-3.128512 1.208833 3.286973 118 94 61
-3.109434 1.227088 3.280159 161 134 88
-3.105299 1.232076 3.278484 108 83 58
-3.091969 1.247972 3.272978 110 89 66
-3.053540 1.302133 3.258275 128 102 71
-3.049811 1.319313 3.249646 120 97 69
-3.044047 1.331312 3.245512 114 96 77
-2.879598 1.518152 3.169567 93 71 54
-2.866614 1.525229 3.165429 105 83 62
-2.851344 1.530781 3.164511 115 93 71
-3.403961 0.894770 3.394459 146 139 124
-3.352347 0.954753 3.372992 156 156 149
-3.288614 1.011012 3.345935 170 147 110
-3.279163 1.024335 3.338904 166 144 107
-3.269918 1.037836 3.335266 171 148 110
-3.258497 1.054318 3.329772 174 150 111
-3.247497 1.070470 3.320861 177 153 114
-3.235749 1.085110 3.315271 177 152 112
-3.223762 1.099749 3.311704 177 153 113
-3.210550 1.118986 3.305716 167 143 107
-3.199862 1.131827 3.301118 94 77 60
-3.186752 1.145664 3.294054 172 149 112
-3.170995 1.162646 3.286989 170 141 98
-3.159314 1.175300 3.284640 120 92 65
-3.147129 1.187063 3.276979 112 88 64
-3.130848 1.200792 3.274880 121 98 69
-3.115901 1.216037 3.267169 156 127 84
-3.100866 1.232748 3.263395 71 54 42
-3.090709 1.245088 3.256549 137 113 78
-3.076245 1.256869 3.249760 160 129 87
-3.063654 1.274422 3.243329 160 130 85
-3.054480 1.290188 3.238745 158 128 84
-3.048625 1.306491 3.233211 156 126 84
-2.874600 1.505028 3.149665 171 136 88
-2.860767 1.513175 3.150469 171 137 91
-2.848274 1.520881 3.150604 176 145 98
-3.395619 0.887930 3.379425 164 152 130
-3.394827 0.891827 3.365043 168 151 123
-3.348299 0.944984 3.355940 139 135 127
-3.313607 0.967975 3.341093 155 140 112
-3.303986 0.984327 3.336332 154 135 106
-3.295811 1.002408 3.329269 150 134 109
-3.286365 1.020167 3.326557 107 91 75
-3.274563 1.033404 3.322248 149 127 101
-3.260956 1.047965 3.313532 167 145 111
-3.250183 1.063690 3.304256 173 151 116
-3.237877 1.077524 3.297497 174 152 116
-3.228734 1.092904 3.295385 175 152 114
-3.211743 1.117046 3.294138 178 155 120
-3.201926 1.129299 3.287746 75 59 47
-3.188223 1.142899 3.280978 172 148 111
-3.173040 1.159320 3.275228 164 135 92
-3.165404 1.168530 3.270762 142 111 79
-3.147074 1.185029 3.263148 107 84 63
-3.131434 1.195820 3.254070 149 117 79
-3.117965 1.210227 3.247005 133 105 71
-3.105049 1.224803 3.241842 68 53 42
-3.092253 1.237916 3.235094 140 114 79
-3.076111 1.252560 3.231160 162 131 86
-3.066870 1.263912 3.225452 160 129 83
-3.054528 1.281897 3.219680 156 125 81
-3.043790 1.295836 3.218083 154 121 78
-2.870383 1.491735 3.128987 172 140 94
-2.855711 1.503754 3.134347 175 142 95
-2.842176 1.509405 3.133125 177 145 99
-3.387481 0.880398 3.366754 165 150 123
-3.385313 0.887483 3.350988 169 150 119
-3.378840 0.898737 3.341455 168 145 110
-3.356269 0.922749 3.332030 159 135 102
-3.344308 0.934106 3.338125 141 132 118
-3.324776 0.943181 3.331240 145 133 110
-3.314946 0.960719 3.325291 145 131 109
-3.306658 0.981351 3.322552 150 135 112
-3.300265 0.998189 3.318432 151 139 118
-3.259027 1.045030 3.301439 164 143 116
-3.256189 1.052475 3.296929 166 144 116
-3.149503 1.141786 3.259149 133 103 76
-3.143529 1.154894 3.262558 125 98 76
-3.133560 1.165535 3.243608 122 95 69
-3.120554 1.183126 3.236757 117 93 67
-3.114867 1.202447 3.232161 96 76 56
-3.103386 1.220847 3.227709 74 58 46
-3.089091 1.234088 3.218563 160 130 87
-3.078389 1.243825 3.214329 162 131 87
-3.065570 1.257727 3.212236 158 126 83
-3.052762 1.274111 3.206620 155 123 82
-3.028724 1.282113 3.206939 148 115 71
-2.867395 1.483890 3.119009 173 141 96
-2.852639 1.492888 3.117731 177 146 99
-2.838362 1.499723 3.119279 178 146 99
-3.376218 0.881170 3.340535 169 148 113
-3.366458 0.892766 3.327155 168 142 102
-3.357780 0.906657 3.322841 163 135 94
-3.343633 0.923172 3.322620 153 131 101
-3.326894 0.936633 3.314974 147 131 109
-3.317303 0.954922 3.308500 148 134 113
-3.307233 0.970397 3.302678 141 128 109
-3.144648 1.127587 3.236041 128 112 117
-3.137372 1.139775 3.237461 119 96 71
-3.133759 1.163600 3.229016 117 92 67
-3.122958 1.175623 3.222739 115 95 77
-3.114132 1.189220 3.222926 97 78 58
-3.105236 1.205415 3.211249 76 66 56
-3.090017 1.220351 3.203817 153 125 88
-3.076165 1.238819 3.200088 160 128 85
-3.056831 1.247024 3.195596 143 117 80
-3.035999 1.258556 3.194584 140 110 69
-2.863022 1.474522 3.099102 163 132 92
-2.848725 1.480225 3.097939 180 149 102
-2.833065 1.486637 3.099436 183 154 107
-3.366491 0.875287 3.326840 171 148 108
-3.358042 0.884293 3.320178 167 140 97
-3.349466 0.897284 3.311599 165 134 88
-3.337428 0.912745 3.304588 161 131 89
-3.327321 0.929267 3.296155 159 135 100
-3.318784 0.941749 3.290175 112 95 75
-3.311037 0.957416 3.290576 138 127 110
-3.154903 1.102226 3.226923 127 104 84
-3.145405 1.117367 3.227356 132 113 95
-3.134238 1.129207 3.221502 111 90 63
-3.127232 1.147684 3.214337 119 95 69
-3.119657 1.166398 3.206387 82 67 53
-3.107564 1.181807 3.201924 77 65 49
-3.094604 1.196270 3.191688 125 103 75
-3.083240 1.208225 3.186827 142 114 79
-3.066986 1.225588 3.183080 141 113 77
-3.051080 1.238100 3.179406 122 99 69
-3.040610 1.247658 3.173818 131 105 68
-2.858561 1.461277 3.080241 94 75 61
-2.844131 1.472236 3.083734 132 107 77
-2.831352 1.477447 3.084810 158 131 88
-3.350217 0.876111 3.306012 170 144 99
-3.339691 0.886836 3.295987 165 134 87
-3.328581 0.901526 3.288642 160 128 83
-3.321353 0.919441 3.278450 160 133 94
-3.313652 0.932546 3.269911 85 66 48
-3.159422 1.089204 3.221658 125 97 73
-3.142659 1.104972 3.210407 127 108 93
-3.137029 1.122877 3.199133 99 80 60
-3.123213 1.136313 3.194088 99 80 61
-3.116614 1.151327 3.188597 82 66 48
-3.103833 1.165741 3.177296 118 102 78
-3.093918 1.189450 3.175572 149 126 93
-3.077029 1.202208 3.167517 140 113 80
-3.060696 1.212309 3.161771 120 96 68
-3.048061 1.227936 3.159990 123 96 65
-3.035872 1.242964 3.155835 138 111 75
-2.854413 1.453818 3.066491 160 129 90
-2.840878 1.458274 3.066703 148 121 86
-2.824929 1.464974 3.065534 90 75 48
-3.325235 0.889360 3.274904 166 136 88
-3.313326 0.907900 3.264289 156 126 85
-3.306241 0.920907 3.256439 109 85 60
-3.294781 0.935809 3.245903 142 125 99
-3.285338 0.946267 3.237978 133 116 91
-3.151335 1.079437 3.198152 128 107 92
-3.140515 1.095337 3.191277 117 96 72
-3.131011 1.109278 3.182476 107 84 61
-3.120962 1.124042 3.176487 107 86 65
-3.109312 1.142321 3.166382 130 107 79
-3.095267 1.156982 3.159202 137 110 78
-3.084584 1.172870 3.154347 139 116 83
-3.067428 1.182014 3.149276 125 102 74
-3.055458 1.197897 3.146956 116 95 68
-3.044584 1.214526 3.146278 134 108 73
-3.030196 1.227636 3.137475 142 116 81
-2.862262 1.430467 3.050240 174 143 99
-2.849784 1.437570 3.052334 176 145 103
-2.834355 1.442431 3.051933 180 152 110
-3.305848 0.897063 3.254787 165 134 88
-3.293321 0.910580 3.244464 107 82 56
-3.283231 0.926368 3.235258 148 127 96
-3.272247 0.940544 3.226401 123 100 74
-3.261975 0.952473 3.219781 147 122 90
-3.251180 0.967216 3.211091 166 141 106
-3.237010 0.984914 3.201462 98 78 62
-3.158463 1.052576 3.183750 127 105 83
-3.140246 1.088679 3.169131 119 98 74
-3.130826 1.101126 3.164248 119 99 74
-3.117194 1.118259 3.159908 131 109 84
-3.106991 1.135641 3.151255 137 116 86
-3.093841 1.139095 3.147067 137 114 83
-3.077286 1.160596 3.141448 130 108 78
-3.064899 1.175477 3.135035 113 93 68
-3.053248 1.187906 3.130820 127 103 70
-3.042869 1.200664 3.128292 122 101 72
-2.859279 1.416753 3.035766 173 140 96
-2.845664 1.425851 3.037825 177 147 103
-2.833329 1.434015 3.038720 185 158 114
-3.264720 0.930251 3.221745 168 145 108
-3.254070 0.944586 3.213676 172 150 113
-3.240553 0.961496 3.207345 166 141 103
-3.228258 0.977015 3.197791 108 86 65
-3.216036 0.989778 3.189834 133 108 77
-3.203032 1.002634 3.182569 98 78 59
-3.190746 1.016436 3.174979 113 92 67
-3.176608 1.030710 3.168144 125 102 73
-3.167415 1.043490 3.161008 106 85 66
-3.153644 1.058359 3.151966 137 112 84
-3.141283 1.074507 3.148000 154 131 102
-3.125367 1.088835 3.149614 136 116 90
-3.114088 1.104696 3.139365 127 110 87
-3.097736 1.121735 3.136192 109 91 71
-3.084650 1.138506 3.131802 92 78 60
-3.074582 1.150354 3.128479 99 83 63
-3.063743 1.165466 3.123468 106 87 64
-3.056130 1.174172 3.111476 133 113 84
-2.854768 1.406475 3.022250 171 138 93
-2.840264 1.414081 3.022399 178 148 102
-2.828876 1.421539 3.021541 179 147 104
-3.167601 1.023703 3.165801 109 88 65
-3.157629 1.036535 3.158038 131 104 76
-3.147680 1.053785 3.147540 158 136 105
-3.134691 1.068820 3.135658 160 142 117
-3.124197 1.079992 3.130845 145 128 105
-3.109255 1.095607 3.126249 119 102 81
-3.092413 1.110510 3.122625 100 84 65
-3.081369 1.123497 3.117040 97 82 65
-3.076662 1.141413 3.116057 85 73 58
-3.051900 1.154517 3.114902 111 94 76
-2.850998 1.391824 3.001751 169 137 93
-2.837485 1.400533 3.006717 174 143 100
-3.129747 1.036152 3.120591 167 157 136
-3.125391 1.055372 3.122013 162 148 128
-3.119552 1.073276 3.112181 162 146 125
-3.114380 1.088504 3.109022 146 128 104
-3.090828 1.094689 3.116864 104 93 82
-2.858084 1.371901 2.986359 95 74 58
-2.846974 1.380615 2.990834 99 77 60
-2.831917 1.390393 2.992834 106 83 57
-3.122145 1.044896 3.106052 167 155 135
-3.116864 1.062545 3.095359 169 154 132
-3.112266 1.071844 3.087756 167 151 129
-2.855768 1.359685 2.975681 169 135 88
-2.839855 1.368754 2.978482 152 121 82
-2.828282 1.375514 2.982661 96 78 63
-3.124041 1.022045 3.092317 167 155 137
-3.117409 1.034677 3.087250 169 156 135
-3.112572 1.052483 3.076458 168 153 130
-2.865278 1.331361 2.961326 169 133 86
-2.853743 1.340834 2.962739 171 136 89
-2.837313 1.353619 2.967961 169 134 87
-3.119937 1.007013 3.071320 161 149 131
-3.115094 1.022785 3.069218 142 128 109
-3.109766 1.040904 3.061381 104 88 69
-3.103993 1.051664 3.055814 93 77 59
-2.872815 1.318198 2.956859 169 133 87
-2.858767 1.321384 2.949407 170 134 87
-2.844685 1.329699 2.951069 176 142 93
-3.116156 0.999011 3.057407 82 69 52
-3.111242 1.013362 3.051933 95 80 61
-3.105261 1.032176 3.043938 126 110 88
-3.099102 1.041988 3.039487 145 128 105
-2.868458 1.296608 2.933145 109 84 62
-2.856908 1.306685 2.935714 149 118 82
-2.839906 1.313556 2.936427 163 129 86
-3.112994 0.990714 3.043311 148 134 115
-3.106708 1.003267 3.037886 160 145 122
-3.098300 1.020760 3.027450 168 150 121
-3.093681 1.031496 3.022919 169 148 117
-2.878554 1.277471 2.922922 116 90 70
-2.864938 1.282727 2.922347 118 92 67
-2.851523 1.292799 2.923590 97 76 58
-2.838068 1.305625 2.920703 0 0 0
-3.106564 0.978114 3.023126 169 154 127
-3.100566 0.990659 3.020634 168 151 123
-3.093876 1.010173 3.009474 170 150 118
-3.086974 1.020523 3.002155 170 148 115
-2.886471 1.247681 2.911318 165 129 84
-2.873449 1.263960 2.913727 171 137 88
-2.860956 1.268729 2.912496 172 138 90
-2.847707 1.281566 2.913068 130 93 58
-3.094625 0.982698 3.002279 169 150 120
-3.088302 0.998693 2.992787 171 151 117
-3.080973 1.011636 2.986009 169 148 113
-3.071250 1.024659 2.975557 150 125 92
-2.907853 1.209477 2.900740 139 109 84
-2.896766 1.219987 2.900527 161 127 86
-2.881395 1.231916 2.900350 168 134 89
-2.867922 1.241543 2.900690 173 140 91
-3.087625 0.972958 2.983487 168 150 120
-3.081634 0.987926 2.978521 152 131 101
-3.073316 1.005629 2.969820 120 98 70
-3.065036 1.015733 2.962869 94 75 55
-3.054686 1.028865 2.952010 81 66 51
-2.919702 1.179501 2.889699 113 88 64
-2.907737 1.195111 2.891553 138 108 76
-2.890012 1.207899 2.890779 144 115 81
-2.873447 1.222556 2.891906 126 99 71
-2.864407 1.228278 2.884687 0 0 0
-3.084154 0.967157 2.973015 81 67 50
-3.075566 0.975948 2.965904 81 65 47
-3.066823 0.990881 2.955493 83 66 47
-3.056255 1.008246 2.946404 128 104 73
-3.044150 1.020767 2.937724 158 129 90
-3.033009 1.035053 2.930022 160 129 87
-3.022292 1.047492 2.921886 147 114 73
-3.012251 1.059285 2.915912 114 85 61
-2.966574 1.109898 2.897587 165 129 85
-2.953894 1.123022 2.894103 166 130 84
-2.938275 1.139826 2.888790 171 137 89
-2.926820 1.154187 2.886329 164 130 84
-2.913743 1.168133 2.883941 140 107 71
-2.897486 1.180754 2.881076 102 79 58
-2.885783 1.192875 2.882875 144 117 80
-3.066806 0.969580 2.950881 154 133 99
-3.057845 0.981081 2.943852 160 135 97
-3.047417 0.993931 2.935831 167 136 93
-3.033476 1.009165 2.926331 167 133 87
-3.022418 1.025419 2.919371 167 133 86
-3.014113 1.042381 2.913688 165 132 85
-3.002336 1.057055 2.906508 147 116 76
-2.988601 1.071017 2.899207 104 80 55
-2.975852 1.087937 2.894373 127 99 69
-2.959873 1.099899 2.889234 167 134 89
-2.944868 1.113085 2.884812 170 135 88
-2.929860 1.126828 2.882162 172 137 89
-2.917414 1.142953 2.880576 173 140 91
-2.904923 1.158167 2.877190 175 143 94
-2.889711 1.171541 2.872940 128 100 58
-2.877515 1.185725 2.869500 0 0 0
-3.037198 0.985030 2.921471 172 144 98
-3.029020 0.995698 2.914856 173 142 94
-3.014214 1.013668 2.907630 170 136 88
-3.002864 1.029010 2.902905 169 135 87
-2.989796 1.043338 2.896671 170 137 89
-2.978712 1.059549 2.891300 161 129 86
-2.964854 1.072269 2.884780 97 75 53
-2.951386 1.088387 2.880950 133 104 74
-2.941061 1.098845 2.878149 174 143 95
-2.831108 1.861257 3.502869 88 79 65
-2.831531 1.868060 3.498066 46 47 49
-2.830487 1.852334 3.490244 90 78 61
-2.828532 1.859391 3.483779 54 52 51
-2.974165 1.656599 3.539511 187 177 154
-2.963554 1.670363 3.534985 184 170 147
-2.953693 1.680522 3.529006 188 173 144
-2.836402 1.827753 3.470636 113 92 65
-2.828876 1.840491 3.475444 77 68 56
-2.829807 1.854786 3.469674 80 82 67
-2.995510 1.619093 3.534189 174 163 148
-2.987439 1.634658 3.531173 173 160 143
-2.978324 1.651131 3.524338 172 155 134
-2.965698 1.666253 3.518912 147 129 107
-2.952368 1.679843 3.515332 117 97 75
-2.937496 1.689408 3.511001 83 68 52
-2.925396 1.700545 3.508960 35 28 23
-2.833460 1.814422 3.458356 68 57 45
-2.829558 1.828621 3.459118 41 39 38
-3.016483 1.580819 3.526826 49 41 32
-3.009616 1.594774 3.524775 113 98 81
-3.002023 1.614665 3.519964 134 121 104
-2.994248 1.628313 3.517750 152 136 115
-2.982882 1.647026 3.513440 136 115 92
-2.969347 1.663180 3.505982 89 73 57
-2.951864 1.676684 3.497243 124 108 87
-2.937775 1.685857 3.495426 154 138 116
-2.921984 1.693747 3.488368 183 168 144
-2.860322 1.778112 3.445328 137 114 85
-2.844951 1.789563 3.450527 125 101 71
-2.834439 1.804813 3.446294 53 48 41
-3.017654 1.572066 3.514776 131 121 106
-3.012213 1.590922 3.508531 143 131 116
-3.008143 1.605289 3.505469 150 136 120
-2.950144 1.671217 3.477891 176 152 118
-2.934127 1.680722 3.475576 177 156 128
-2.917781 1.690278 3.468651 181 162 137
-2.903512 1.696107 3.463951 183 168 146
-2.868846 1.733227 3.448409 150 127 99
-2.863858 1.752752 3.444398 139 117 88
-2.856615 1.764614 3.438349 113 95 75
-2.841509 1.781813 3.435792 57 53 49
-2.834161 1.790459 3.437376 40 39 38
-3.023208 1.546312 3.501759 163 153 138
-3.019153 1.562168 3.499339 164 153 138
-3.012613 1.581244 3.490815 161 147 130
-2.933663 1.676735 3.456515 178 156 123
-2.913432 1.684982 3.449506 180 160 132
-2.900472 1.692085 3.446616 183 166 142
-2.889279 1.699720 3.446178 188 175 153
-2.869446 1.726671 3.442834 163 142 109
-2.859937 1.739993 3.437469 150 131 103
-2.847070 1.754014 3.432330 140 126 104
-3.023546 1.536421 3.486764 161 147 129
-3.018686 1.553636 3.482221 160 145 126
-2.931814 1.667032 3.443180 178 151 111
-2.914581 1.676453 3.432301 180 156 121
-2.898012 1.684863 3.429276 182 163 135
-2.882638 1.692248 3.428658 186 170 147
-3.027590 1.511680 3.475698 164 150 128
-3.022887 1.525569 3.470520 162 146 124
-3.017232 1.542229 3.465020 162 143 119
-2.910762 1.666016 3.411238 180 157 121
-2.895225 1.675063 3.410139 184 165 133
-2.879654 1.680963 3.409348 187 169 141
-3.023699 1.501617 3.459384 160 143 120
-3.021411 1.516526 3.453831 160 143 118
-3.015830 1.535319 3.448908 158 139 113
-2.904390 1.657186 3.393361 107 87 68
-2.892749 1.664937 3.392601 131 110 85
-2.876260 1.672396 3.392833 136 116 91
-3.022753 1.493087 3.443450 160 146 124
-3.019355 1.506814 3.436747 158 141 115
-2.899150 1.648312 3.377823 96 77 59
-2.888129 1.654376 3.375922 113 91 67
-2.871572 1.662318 3.375424 120 97 71
-3.026650 1.464318 3.426961 157 147 130
-3.023240 1.481483 3.423533 139 126 107
-3.019590 1.497154 3.419844 141 124 104
-2.896226 1.640456 3.365032 171 142 100
-2.882807 1.645079 3.361823 175 146 103
-2.867204 1.651377 3.360204 179 150 105
-3.027767 1.456176 3.413204 89 76 62
-3.025267 1.470497 3.407561 98 84 67
-3.021775 1.487963 3.406619 74 60 46
-2.893173 1.623263 3.340943 173 143 100
-2.875180 1.634521 3.341694 177 148 103
-2.862166 1.638831 3.340074 178 149 104
-3.033205 1.432115 3.401748 117 106 91
-3.030993 1.443842 3.396491 153 141 121
-3.026938 1.461463 3.391685 155 141 121
-2.871180 1.625711 3.322798 176 146 102
-2.860872 1.632764 3.324852 178 150 104
-3.039413 1.404751 3.387511 157 147 127
-3.036562 1.419931 3.383774 152 139 119
-3.031284 1.437847 3.382718 158 142 121
-2.884179 1.605396 3.307038 173 140 94
-2.867397 1.616831 3.307299 174 144 99
-2.855958 1.622707 3.306359 178 148 102
-3.040833 1.397088 3.373556 152 139 120
-3.038912 1.411480 3.367250 156 142 121
-3.030164 1.428707 3.364261 157 139 119
-2.866578 1.606847 3.289665 171 140 97
-2.851628 1.611091 3.286419 175 144 100
-3.045241 1.368251 3.358304 158 146 121
-3.042075 1.386722 3.356249 149 133 111
-3.041470 1.400025 3.352329 145 127 105
-2.859294 1.596992 3.269264 106 87 68
-2.849997 1.602314 3.271804 127 103 73
-2.831382 1.608098 3.261554 22 7 7
-3.044784 1.360655 3.344698 154 138 113
-3.041917 1.374396 3.339168 153 136 111
-2.857965 1.586266 3.253413 130 109 88
-2.844794 1.590155 3.251289 117 92 66
-2.826949 1.600036 3.250601 30 12 12
-3.409383 0.936201 3.485762 159 148 130
-3.396192 0.951240 3.480636 147 137 123
-3.383416 0.964689 3.472429 145 138 125
-3.371452 0.974225 3.468319 153 148 135
-3.050727 1.338203 3.330577 155 140 111
-3.045230 1.349407 3.326339 153 135 108
-3.042038 1.364707 3.322771 154 134 105
-2.867599 1.562741 3.236364 173 141 95
-2.851059 1.575302 3.236152 174 141 94
-2.840917 1.580302 3.237052 175 143 97
-3.406466 0.925673 3.476964 156 144 125
-3.392009 0.945170 3.474820 144 129 110
-3.381052 0.962469 3.466983 144 132 116
-3.366477 0.975331 3.459002 151 146 133
-3.357317 0.980106 3.450580 166 163 152
-3.048843 1.324688 3.315502 148 129 100
-3.046772 1.339829 3.310891 148 129 102
-3.041892 1.356639 3.312393 150 128 101
-2.849080 1.566178 3.220898 173 141 94
-2.834861 1.570880 3.220113 176 145 98
-3.405184 0.914158 3.459342 159 151 138
-3.351478 0.973849 3.434638 168 167 158
-3.057228 1.296119 3.304810 139 117 88
-3.051349 1.312451 3.299487 146 126 99
-3.047597 1.328436 3.293056 144 124 100
-2.843637 1.553742 3.200160 172 138 92
-2.833276 1.558379 3.201037 175 144 98
-3.401252 0.900702 3.440565 132 129 121
-3.346019 0.962416 3.416312 160 161 153
-3.220253 1.089927 3.359315 181 157 113
-3.203103 1.108711 3.353677 180 158 116
-3.197926 1.117368 3.349566 144 122 89
-3.184778 1.133049 3.344180 174 151 113
-3.171439 1.147231 3.338482 176 152 113
-3.157187 1.163839 3.332088 170 146 108
-3.143204 1.181005 3.324688 102 83 65
-3.132771 1.190705 3.321779 139 116 84
-3.120070 1.208480 3.315256 76 62 51
-3.104105 1.224451 3.308345 157 134 99
-3.091123 1.240565 3.302574 81 63 48
-3.080777 1.253597 3.299742 152 128 92
-3.066922 1.270577 3.294698 155 131 94
-3.056593 1.286937 3.288704 145 124 93
-3.052212 1.304210 3.284515 144 125 98
-2.839682 1.544143 3.183012 107 91 77
-2.830430 1.550377 3.186631 122 98 70
-2.809585 1.559871 3.179039 131 122 117
-3.396943 0.893126 3.423802 92 95 92
-3.341398 0.953820 3.398042 153 154 147
-3.267077 1.025238 3.366463 170 147 104
-3.257085 1.039415 3.361734 169 142 98
-3.247831 1.053471 3.355974 171 144 98
-3.236270 1.071958 3.349714 174 147 103
-3.223534 1.086037 3.345878 172 146 101
-3.212206 1.102396 3.341789 175 150 108
-3.199411 1.120020 3.335210 137 112 83
-3.190109 1.131252 3.329387 138 116 90
-3.174716 1.149239 3.324413 174 150 111
-3.161368 1.163519 3.318793 160 135 96
-3.147917 1.177651 3.311475 114 89 62
-3.135840 1.189256 3.306808 121 98 71
-3.122909 1.204708 3.299888 92 76 59
-3.108186 1.221192 3.293331 155 128 90
-3.094922 1.236423 3.288397 78 60 44
-3.084119 1.249049 3.282620 131 109 78
-3.069432 1.263009 3.277766 157 129 91
-3.059677 1.276033 3.273722 152 126 88
-3.046657 1.294260 3.264287 138 113 81
-3.033885 1.306757 3.259908 132 112 85
-2.835173 1.533759 3.167835 97 78 62
-2.823667 1.535301 3.166482 119 95 70
-3.389993 0.883524 3.402194 94 97 92
-3.336067 0.945721 3.380326 136 136 128
-3.297726 0.973270 3.364951 156 133 93
-3.292247 0.985177 3.360770 159 132 90
-3.283133 1.001723 3.353957 158 132 90
-3.274036 1.017488 3.350778 160 133 91
-3.262391 1.034343 3.348676 163 136 93
-3.251083 1.051866 3.343579 168 140 96
-3.241539 1.066006 3.336892 171 143 99
-3.228272 1.083597 3.331507 172 145 102
-3.132038 1.180637 3.286527 104 83 60
-3.121159 1.195619 3.282254 102 83 64
-3.106774 1.214332 3.275392 120 98 70
-3.095046 1.227008 3.269675 73 59 47
-3.083233 1.242307 3.263633 128 104 73
-3.069583 1.255998 3.259694 156 126 87
-3.056855 1.270346 3.251820 156 127 85
-3.039429 1.285624 3.247481 139 112 77
-3.028020 1.297766 3.242660 141 116 80
-2.835014 1.520563 3.152925 173 140 96
-2.818586 1.525759 3.153983 176 144 98
-3.383202 0.878014 3.386956 141 132 115
-3.330343 0.935398 3.364937 105 100 92
-3.314740 0.942432 3.355145 133 122 102
-3.304892 0.962674 3.352092 146 124 91
-3.295434 0.978325 3.350090 150 125 87
-3.289977 0.992341 3.347012 153 127 90
-3.143474 1.141657 3.277703 129 102 71
-3.139750 1.154307 3.275233 117 94 71
-3.130023 1.170133 3.268293 113 94 80
-3.118267 1.184108 3.262994 100 79 60
-3.103550 1.199414 3.256570 113 89 61
-3.096499 1.218828 3.256001 68 54 41
-3.079450 1.236404 3.248199 127 104 77
-3.066688 1.248119 3.243893 155 126 88
-3.050128 1.257098 3.235065 145 115 79
-3.036516 1.273271 3.228660 141 110 73
-3.026856 1.290952 3.223160 144 115 75
-2.840645 1.497121 3.131848 176 144 97
-2.827984 1.509918 3.136736 175 142 96
-2.813136 1.513351 3.135512 179 149 103
-3.377630 0.873457 3.373650 163 145 114
-3.372377 0.871786 3.365294 161 140 107
-3.329151 0.932208 3.349869 111 105 92
-3.319046 0.939511 3.343920 133 121 103
-3.307446 0.956755 3.342459 140 125 102
-3.304015 0.968812 3.338088 142 124 97
-3.143686 1.130124 3.257664 124 100 74
-3.135521 1.147255 3.258669 115 93 69
-3.126777 1.160576 3.252114 114 89 61
-3.113405 1.173715 3.246184 100 79 57
-3.098046 1.188435 3.239648 120 96 67
-3.046099 1.249494 3.219342 139 112 76
-3.034498 1.263553 3.210475 138 110 74
-3.025333 1.274541 3.207441 144 113 72
-2.824430 1.498086 3.119756 177 145 99
-2.810027 1.503829 3.122495 181 152 105
-3.366272 0.868434 3.347985 163 138 98
-3.322914 0.932860 3.330490 132 119 103
-3.144334 1.116735 3.243890 121 98 73
-3.131543 1.135981 3.242333 119 98 71
-3.121239 1.150954 3.236770 117 95 69
-3.109191 1.165433 3.233055 105 86 62
-3.095448 1.175444 3.227147 115 92 65
-3.051693 1.232432 3.204186 122 100 67
-3.041659 1.242179 3.201269 122 102 71
-3.031203 1.251050 3.196982 135 111 76
-3.011961 1.272666 3.195593 148 121 83
-2.832944 1.482991 3.105232 178 145 99
-2.819100 1.486179 3.100805 182 152 107
-2.807567 1.492706 3.105276 183 153 108
-3.356424 0.864658 3.332242 165 137 94
-3.351810 0.871907 3.322533 163 134 90
-3.150882 1.096244 3.238270 122 102 78
-3.141289 1.112174 3.233136 119 99 74
-3.130171 1.126976 3.224090 113 92 67
-3.117634 1.138142 3.222236 115 94 69
-3.105886 1.153918 3.217296 110 91 70
-3.098896 1.173011 3.214270 106 81 55
-3.042611 1.216025 3.183615 99 85 58
-3.037737 1.229899 3.186744 109 92 64
-3.031278 1.241108 3.181454 121 100 68
-2.828744 1.469815 3.082275 114 95 75
-2.817252 1.476314 3.085783 157 128 90
-2.802317 1.479996 3.088664 179 149 104
-3.346581 0.854478 3.319684 164 134 86
-3.341754 0.864674 3.308630 164 135 88
-3.335336 0.876324 3.300190 160 127 79
-3.327257 0.890614 3.291618 157 121 75
-3.151546 1.088733 3.219610 123 102 78
-3.137313 1.099081 3.213552 118 98 74
-3.125737 1.113476 3.206861 113 92 68
-3.113534 1.127644 3.205270 119 97 72
-3.105401 1.140506 3.194147 115 92 64
-3.062008 1.193008 3.173865 95 82 61
-3.043439 1.201654 3.169820 106 91 67
-3.033401 1.217933 3.169991 115 95 65
-3.024033 1.230454 3.162663 131 106 71
-2.824488 1.459506 3.068595 132 106 81
-2.810830 1.462375 3.068974 129 103 75
-2.800586 1.472664 3.071204 30 15 14
-3.331252 0.856445 3.296427 164 133 82
-3.325174 0.865883 3.286851 164 131 81
-3.317135 0.882757 3.276544 159 124 75
-3.309979 0.892249 3.264265 160 127 78
-3.155239 1.061275 3.204379 129 110 84
-3.144799 1.073344 3.200234 118 97 73
-3.130054 1.089191 3.194607 119 100 76
-3.121539 1.106869 3.188103 114 92 67
-3.107021 1.115764 3.183313 120 98 72
-3.093462 1.128657 3.178428 125 103 78
-3.072687 1.160666 3.157655 128 107 78
-3.053781 1.178696 3.159419 115 97 70
-3.041382 1.189401 3.153766 116 92 63
-3.032100 1.205181 3.151328 131 106 72
-3.018194 1.217698 3.147252 138 112 74
-2.818362 1.444245 3.055700 178 149 107
-2.808491 1.449259 3.055661 184 156 113
-3.314913 0.861583 3.276373 165 132 81
-3.308646 0.870074 3.266923 166 133 83
-3.295865 0.884673 3.254185 164 133 85
-3.282767 0.900558 3.241575 128 100 70
-3.276593 0.912343 3.235933 109 84 64
-3.261037 0.929617 3.227430 153 124 90
-3.150772 1.048910 3.191071 123 103 78
-3.142302 1.064977 3.182138 122 101 77
-3.130658 1.078395 3.179351 118 99 73
-3.115818 1.096093 3.172014 123 102 76
-3.101396 1.096724 3.169344 135 116 91
-3.093668 1.115238 3.159258 121 107 84
-3.075597 1.137164 3.147583 92 80 64
-3.062635 1.152151 3.146418 112 95 68
-3.052962 1.168260 3.145585 117 96 67
-3.039303 1.179111 3.139948 132 105 71
-3.028843 1.192807 3.141072 149 123 87
-2.827599 1.423166 3.036659 177 146 101
-2.814675 1.431294 3.041944 179 149 105
-2.801250 1.436260 3.039769 186 158 113
-3.295560 0.865795 3.254553 175 150 102
-3.287967 0.876747 3.248609 171 143 100
-3.275476 0.895149 3.240450 152 124 89
-3.265961 0.907733 3.234072 150 125 93
-3.254763 0.922115 3.227989 157 132 97
-3.242570 0.936082 3.219671 159 134 97
-3.227377 0.949576 3.210949 161 134 97
-3.210908 0.963991 3.201154 121 93 63
-3.198932 0.975459 3.193233 97 74 54
-3.186616 0.989742 3.186301 94 70 52
-3.175922 1.001886 3.180882 103 78 61
-3.161303 1.019241 3.173489 120 95 70
-3.148458 1.035394 3.170216 134 109 82
-3.137070 1.052261 3.166241 138 117 90
-3.126540 1.068465 3.160249 141 121 94
-3.111677 1.082369 3.155601 135 115 89
-3.097825 1.098310 3.146474 113 98 78
-3.085904 1.111504 3.139861 90 78 61
-3.074771 1.128673 3.135699 88 78 61
-3.059383 1.143695 3.133893 97 82 61
-3.047929 1.157592 3.129662 119 97 69
-3.044476 1.168328 3.123010 136 110 75
-2.826812 1.415253 3.028451 176 144 98
-2.813472 1.418634 3.025427 180 150 104
-2.797585 1.425800 3.025657 189 163 114
-3.188239 0.975696 3.190599 126 101 62
-3.184428 0.981891 3.187325 131 102 65
-3.169887 1.001058 3.177048 138 111 74
-3.156942 1.016613 3.171673 126 99 73
-3.144716 1.029339 3.163225 139 114 88
-3.134121 1.042652 3.151730 151 132 107
-3.122988 1.059037 3.145358 146 128 103
-3.109553 1.072270 3.140658 127 110 86
-3.094894 1.089324 3.134674 100 86 69
-3.083814 1.103670 3.130014 97 82 64
-3.073783 1.116025 3.126745 100 86 68
-3.063209 1.133910 3.121529 94 81 62
-2.820499 1.399332 3.007104 178 147 99
-2.806317 1.403880 3.009968 179 147 100
-3.130288 1.018510 3.144574 154 142 122
-3.126911 1.031839 3.136461 157 143 124
-3.123682 1.045524 3.127257 156 141 122
-3.106263 1.066079 3.128541 129 113 91
-3.087097 1.085634 3.123700 100 88 74
-3.087789 1.091874 3.117380 117 100 77
-3.067998 1.113686 3.107586 128 110 87
-2.826831 1.375467 2.987483 87 71 57
-2.817023 1.387873 2.993222 118 95 72
-2.803655 1.393859 2.995307 153 124 84
-3.126500 1.004772 3.123092 159 147 130
-3.124477 1.021896 3.119111 163 150 132
-3.122871 1.035662 3.112861 165 151 134
-2.825742 1.366057 2.977773 143 113 78
-2.812971 1.372574 2.980155 130 104 73
-2.799948 1.381741 2.985992 98 86 73
-3.125019 0.996965 3.106168 164 153 135
-3.120195 1.010220 3.100539 165 152 134
-3.118560 1.026972 3.097114 163 151 133
-2.830859 1.340085 2.964672 170 133 86
-2.821628 1.347271 2.964393 173 138 90
-2.810646 1.361200 2.971920 175 141 94
-3.122128 0.984514 3.088785 164 154 138
-3.119096 1.000130 3.083489 163 151 134
-3.115302 1.015791 3.080511 167 155 137
-2.829749 1.328389 2.951930 173 137 90
-2.817227 1.336082 2.954027 176 141 93
-3.124095 0.962967 3.079482 163 156 138
-3.120497 0.974753 3.073154 133 120 102
-3.116398 0.988702 3.064827 107 93 75
-2.837915 1.304630 2.934797 116 90 73
-2.827774 1.314560 2.937406 150 120 84
-2.811955 1.320530 2.941527 166 134 94
-3.122225 0.954505 3.065500 85 71 67
-3.116645 0.963822 3.055899 130 119 100
-3.111995 0.979866 3.048686 143 131 112
-3.105523 0.989553 3.035784 169 156 133
-2.849783 1.280216 2.921072 135 104 80
-2.836084 1.289891 2.921982 138 107 75
-2.824858 1.300422 2.927182 98 76 60
-2.806151 1.314238 2.924920 0 0 0
-3.116473 0.942148 3.047810 163 157 139
-3.110915 0.953917 3.040282 161 150 133
-3.105766 0.967775 3.032611 164 150 129
-2.844699 1.265454 2.911718 165 130 86
-2.834362 1.277161 2.913923 166 131 86
-2.819102 1.288328 2.916251 179 144 95
-3.106066 0.945466 3.024739 162 152 134
-3.099645 0.958023 3.013820 165 150 129
-3.094391 0.975767 3.006145 166 149 123
-2.850403 1.240854 2.899336 169 134 91
-2.839605 1.251642 2.903554 173 138 91
-2.825140 1.262416 2.901136 131 93 55
-3.098990 0.931571 3.004038 164 153 134
-3.093981 0.947244 2.996171 165 152 128
-3.087874 0.964829 2.988390 162 144 117
-2.873817 1.204327 2.887284 171 138 94
-2.861571 1.214211 2.889654 165 133 89
-2.849394 1.226707 2.892379 158 124 85
-2.837279 1.239649 2.892980 156 123 77
-3.094923 0.923499 2.990610 120 105 87
-3.088784 0.938975 2.982187 107 90 71
-3.081717 0.953411 2.972988 98 81 61
-3.074131 0.966850 2.965070 93 76 58
-2.903973 1.151848 2.884477 152 113 71
-2.887330 1.172403 2.878482 120 90 66
-2.870030 1.188010 2.879445 125 100 73
-2.855955 1.200368 2.881191 174 142 96
-2.844442 1.213218 2.884709 178 144 95
-3.088896 0.914921 2.977426 152 144 123
-3.081307 0.927861 2.968307 118 103 81
-3.072719 0.942475 2.958062 130 111 86
-3.066203 0.958104 2.950661 151 131 100
-3.054361 0.973600 2.940996 159 135 99
-3.041144 0.986450 2.930897 167 134 89
-3.033240 0.993661 2.925636 167 134 94
-2.922515 1.123140 2.881244 170 134 87
-2.907797 1.137340 2.879085 171 136 88
-2.893895 1.146587 2.875835 170 136 88
-2.877870 1.164605 2.873518 161 128 85
-2.863681 1.178091 2.872652 85 64 48
-2.852209 1.183955 2.869852 62 48 34
-3.070872 0.922270 2.953691 153 133 105
-3.063906 0.932873 2.944640 100 81 62
-3.056276 0.948988 2.937799 128 107 79
-3.045924 0.962023 2.927702 153 127 90
-3.034487 0.975128 2.922172 170 139 96
-3.021662 0.991506 2.913344 170 137 91
-3.010153 1.003716 2.906669 169 135 88
-2.995939 1.020388 2.899293 169 134 86
-2.982065 1.035330 2.894387 168 133 86
-2.968917 1.046972 2.888013 170 135 89
-2.955564 1.064152 2.881700 140 110 76
-2.941296 1.080953 2.877007 99 76 56
-2.927476 1.095835 2.875053 167 136 92
-2.913913 1.108815 2.872873 172 140 93
-2.899820 1.127714 2.871948 173 140 91
-2.890495 1.137200 2.869065 176 144 94
-3.045782 0.936122 2.926094 98 77 56
-3.036488 0.950984 2.917611 82 66 49
-3.024201 0.966844 2.910482 156 129 92
-3.013300 0.978071 2.904301 175 145 100
-3.000537 0.995143 2.898224 172 140 94
-2.986055 1.009842 2.891939 171 139 92
-2.973004 1.027226 2.886982 171 139 93
-2.962985 1.037836 2.883901 171 139 93
-2.946725 1.055120 2.877925 168 135 89
-2.932283 1.068758 2.871896 92 72 51
-2.919713 1.083666 2.868473 133 107 75
-2.905601 1.096011 2.865691 180 151 102
-3.027629 0.944051 2.907194 12 0 0
-3.013650 0.958840 2.897538 81 62 40
-2.823128 1.845129 3.510351 80 74 62
-2.821080 1.827592 3.505249 120 99 74
-2.821242 1.838912 3.503768 69 62 53
-2.973858 1.635066 3.554090 164 150 132
-2.967234 1.649936 3.550181 167 149 131
-2.955941 1.666874 3.543441 173 155 133
-2.942123 1.681488 3.540224 176 155 126
-2.928628 1.693937 3.533386 172 149 115
-2.914479 1.703131 3.529827 161 136 104
-2.823369 1.816511 3.488139 110 92 65
-2.814604 1.824792 3.484449 44 43 42
-2.996666 1.594267 3.550520 163 151 139
-2.989454 1.612891 3.548479 163 148 134
-2.980676 1.628491 3.547906 170 155 137
-2.973279 1.644105 3.541980 167 150 131
-2.958853 1.667726 3.533830 172 151 127
-2.943564 1.682835 3.525954 161 136 106
-2.928896 1.692862 3.519376 110 89 69
-2.909580 1.701994 3.512337 95 78 63
-2.899088 1.706943 3.509258 124 105 85
-2.824228 1.790484 3.470733 124 99 69
-2.818626 1.806357 3.470861 64 56 46
-2.815337 1.817594 3.471600 38 37 36
-3.012407 1.554330 3.542230 161 151 127
-3.008471 1.572502 3.539390 149 136 118
-3.003222 1.589864 3.539029 158 146 131
-2.996677 1.603540 3.536008 165 154 139
-2.923177 1.691408 3.499287 152 132 109
-2.911611 1.697005 3.495787 172 156 133
-2.894362 1.703419 3.490522 174 159 137
-2.878724 1.708605 3.484385 174 157 135
-2.830611 1.782317 3.458722 124 101 72
-2.817173 1.793048 3.455759 48 44 39
-3.016873 1.546584 3.529373 114 100 85
-3.013613 1.563372 3.527475 101 86 70
-2.907183 1.694045 3.478100 179 161 137
-2.894290 1.699044 3.471464 179 164 144
-2.876633 1.707712 3.467272 173 158 138
-2.862510 1.723393 3.455779 156 135 110
-2.852725 1.737466 3.452678 146 124 98
-2.839466 1.754756 3.448868 144 123 96
-2.824316 1.770755 3.440721 83 77 69
-2.818826 1.780636 3.444444 49 49 46
-3.021617 1.523032 3.517965 163 154 140
-3.019451 1.537548 3.516704 160 150 137
-2.891180 1.696791 3.455945 180 165 144
-2.878662 1.703437 3.449039 178 164 143
-2.860352 1.715919 3.442702 171 155 133
-2.849497 1.727666 3.437701 167 151 130
-2.835080 1.746205 3.435067 160 147 127
-2.826288 1.757617 3.434760 137 129 114
-3.027355 1.499217 3.506663 162 154 141
-3.024022 1.509656 3.503514 159 149 136
-3.020436 1.529498 3.497941 158 146 132
-2.872819 1.694701 3.429184 184 168 147
-2.854275 1.703984 3.428881 186 172 151
-2.844739 1.711543 3.431403 189 177 156
-3.025647 1.488159 3.490842 158 148 134
-3.023518 1.500768 3.488555 158 146 130
-3.021117 1.517168 3.482366 158 143 125
-2.870011 1.684261 3.410939 185 166 139
-2.852634 1.690482 3.411888 188 169 142
-3.022776 1.478575 3.475838 158 147 132
-3.022241 1.490845 3.470836 159 145 126
-2.865159 1.674436 3.393450 134 115 95
-2.848308 1.680070 3.393157 133 110 85
-2.835493 1.688113 3.396279 198 172 130
-3.021660 1.467509 3.459313 157 146 131
-3.019649 1.479381 3.454257 156 143 125
-2.860443 1.664897 3.377275 127 104 80
-2.843157 1.671023 3.377359 122 97 70
-2.828963 1.673762 3.371782 188 155 100
-3.023546 1.442117 3.440632 162 153 139
-3.021955 1.456004 3.438974 154 144 129
-3.021098 1.472413 3.437204 156 144 127
-2.856084 1.653706 3.363337 177 146 102
-2.840499 1.659784 3.361848 181 150 105
-3.025721 1.433534 3.427486 126 114 98
-3.024817 1.446034 3.426194 117 104 88
-2.853529 1.642245 3.342669 177 147 103
-2.834198 1.648595 3.341889 180 150 105
-2.822387 1.655204 3.341457 187 161 113
-3.030936 1.406730 3.414861 134 124 107
-3.031115 1.422162 3.414193 107 96 82
-2.848892 1.630866 3.324288 176 146 101
-2.831316 1.640267 3.325400 180 151 105
-2.816236 1.646680 3.323239 187 161 113
-3.037523 1.379635 3.400936 132 121 104
-3.036112 1.394928 3.402135 107 96 82
-3.034275 1.413352 3.397864 117 106 90
-2.845043 1.623569 3.309760 175 144 100
-2.827363 1.630387 3.308575 178 148 103
-3.038633 1.371889 3.388859 155 144 125
-3.038614 1.385931 3.383728 148 134 116
-2.837805 1.614015 3.288364 173 142 99
-2.822152 1.619450 3.289619 179 149 104
-2.811083 1.627999 3.293716 186 159 111
-3.040840 1.345025 3.372387 153 138 116
-3.039618 1.360617 3.373304 153 140 119
-3.039239 1.376797 3.372215 153 138 118
-2.835583 1.604705 3.273059 119 96 71
-2.820283 1.609024 3.272694 129 105 77
-2.805718 1.612858 3.272740 103 81 61
-3.042769 1.334822 3.360323 152 137 113
-3.038853 1.347772 3.355993 150 135 112
-2.831212 1.594864 3.255913 93 75 61
-2.816146 1.596316 3.255169 112 89 69
-2.801711 1.602259 3.256347 36 19 18
-3.391863 0.940282 3.487183 152 141 120
-3.376002 0.953745 3.478580 150 137 115
-3.046226 1.308856 3.343270 149 132 105
-3.044149 1.322302 3.344372 151 134 108
-3.041631 1.339703 3.339326 149 131 106
-2.827120 1.579323 3.238989 172 138 93
-2.812492 1.586458 3.241339 178 147 100
-3.389819 0.918300 3.482679 144 130 111
-3.378625 0.934920 3.481922 141 125 104
-3.367256 0.949430 3.475955 141 127 107
-3.349537 0.963817 3.467343 153 146 133
-3.341466 0.968888 3.457907 171 170 161
-3.056375 1.281170 3.333590 150 132 102
-3.049064 1.297300 3.331256 148 128 99
-3.045849 1.314070 3.326720 148 128 100
-2.822334 1.571500 3.222318 172 139 94
-2.808210 1.574845 3.224961 177 145 100
-3.389168 0.904849 3.469982 159 151 138
-3.335439 0.956112 3.454483 164 163 156
-3.338409 0.963833 3.444068 171 170 163
-3.078790 1.240082 3.330083 144 126 100
-3.069097 1.254346 3.323815 145 125 97
-3.059139 1.272173 3.319478 145 124 95
-3.051821 1.287764 3.317746 145 124 95
-3.045291 1.303469 3.311833 140 120 94
-2.816827 1.561782 3.204014 176 145 99
-2.802891 1.563116 3.205679 176 146 99
-3.384494 0.892139 3.450876 141 136 124
-3.332954 0.952997 3.427179 157 157 149
-3.240344 1.039241 3.385544 173 148 101
-3.232993 1.053936 3.380503 174 148 103
-3.225813 1.070496 3.373635 176 151 108
-3.208592 1.084660 3.371282 173 149 106
-3.198931 1.102248 3.364235 170 145 105
-3.186045 1.116392 3.361325 146 119 91
-3.175353 1.129803 3.355004 172 149 115
-3.160446 1.145027 3.351108 172 150 114
-3.148330 1.160222 3.345839 165 142 108
-3.134716 1.175687 3.339569 118 96 72
-3.122149 1.187858 3.334711 115 95 72
-3.109941 1.203527 3.328273 98 81 66
-3.094932 1.221888 3.322100 145 124 97
-3.083784 1.236868 3.318326 101 82 65
-3.073152 1.250894 3.312807 135 114 87
-3.061575 1.267057 3.305164 146 124 93
-3.048970 1.278962 3.299674 137 119 93
-3.039556 1.290264 3.294487 130 114 91
-2.810789 1.548801 3.188783 92 76 59
-2.799735 1.555134 3.191174 103 84 64
-3.377648 0.882408 3.433975 104 105 98
-3.326740 0.944756 3.409068 147 149 141
-3.275962 0.988424 3.383230 164 132 82
-3.269534 1.004048 3.380977 163 133 86
-3.258956 1.013947 3.379573 160 130 82
-3.248006 1.031953 3.373443 160 131 83
-3.237037 1.048743 3.369070 163 134 87
-3.225120 1.064017 3.365864 166 137 91
-3.214940 1.078922 3.361903 168 140 95
-3.201742 1.104294 3.352852 166 137 99
-3.190832 1.115287 3.348396 121 92 71
-3.175826 1.130181 3.342566 162 136 101
-3.169480 1.141675 3.336874 171 145 110
-3.130226 1.170440 3.326109 103 83 65
-3.121880 1.180323 3.322748 108 92 68
-3.105947 1.196218 3.312765 111 87 62
-3.093816 1.213189 3.306284 108 92 72
-3.081831 1.224506 3.301815 90 77 63
-3.048663 1.262778 3.286203 142 120 88
-3.043601 1.269596 3.281435 137 115 84
-3.031812 1.283596 3.274196 114 98 73
-3.018952 1.297986 3.270405 112 93 68
-2.806394 1.538145 3.172502 96 80 65
-2.793843 1.539439 3.171945 110 89 68
-3.369881 0.874283 3.413419 119 114 103
-3.320437 0.935548 3.390268 119 117 109
-3.298795 0.942931 3.383743 143 120 85
-3.291113 0.960307 3.375153 149 121 81
-3.283104 0.975939 3.373206 153 121 75
-3.273660 0.994009 3.370370 154 122 74
-3.263926 1.015429 3.365596 156 126 79
-3.257366 1.024381 3.363828 159 130 83
-3.153976 1.130518 3.312438 147 123 94
-3.138260 1.142791 3.309827 143 121 97
-3.126950 1.156356 3.303781 121 100 72
-3.115683 1.170310 3.298400 116 96 72
-3.104013 1.184465 3.295532 104 85 64
-3.090636 1.204738 3.288914 99 83 63
-3.074251 1.221386 3.283841 115 95 68
-3.045183 1.249476 3.267697 134 113 80
-3.038801 1.257693 3.263461 131 109 78
-3.025385 1.273524 3.257698 115 97 69
-3.013937 1.286720 3.251376 122 97 65
-2.803402 1.525601 3.156509 175 143 98
-2.790879 1.529263 3.158598 179 149 103
-3.367494 0.870510 3.397596 145 133 110
-3.356387 0.865377 3.390329 160 131 89
-3.318085 0.929846 3.378011 100 94 84
-3.306421 0.938444 3.368651 128 114 90
-3.297494 0.957743 3.361789 145 118 79
-3.147851 1.119026 3.300198 146 122 92
-3.134476 1.128253 3.290473 141 117 86
-3.123543 1.146672 3.285546 122 99 74
-3.112687 1.157327 3.280097 120 98 71
-3.100820 1.172664 3.275428 117 94 66
-3.045958 1.242969 3.249398 131 108 80
-3.035125 1.246115 3.244984 127 106 75
-3.020666 1.262309 3.238784 125 102 69
-3.009523 1.278450 3.231217 133 105 68
-2.799339 1.512936 3.140301 176 145 99
-2.790747 1.520420 3.144095 185 158 109
-3.362165 0.863833 3.381162 160 139 102
-3.357545 0.864152 3.377410 158 133 95
-3.317286 0.929206 3.357930 116 112 98
-3.314199 0.933898 3.356539 127 117 101
-3.157338 1.079585 3.286123 153 128 95
-3.144593 1.105502 3.278786 146 122 88
-3.131135 1.118759 3.271904 137 113 82
-3.118100 1.135219 3.268436 126 103 73
-3.108673 1.146494 3.265237 123 102 75
-3.098355 1.158765 3.255383 124 101 73
-3.037702 1.229671 3.234815 123 102 73
-3.029521 1.237328 3.229183 122 101 70
-3.018639 1.252738 3.224044 127 103 70
-3.000758 1.270361 3.219167 139 111 72
-2.809386 1.500779 3.127855 176 143 99
-2.795344 1.500725 3.124333 178 147 102
-2.783338 1.506825 3.124560 187 160 113
-3.349968 0.857039 3.359719 159 128 82
-3.153759 1.078587 3.270660 147 123 90
-3.138497 1.098922 3.266727 139 117 84
-3.126287 1.108668 3.258351 131 109 79
-3.115025 1.125201 3.254856 126 104 76
-3.103112 1.138097 3.248495 122 103 78
-3.086608 1.152523 3.252511 138 115 85
-3.027723 1.229672 3.213636 107 92 67
-3.015667 1.241588 3.209324 119 96 65
-3.002780 1.257347 3.209382 136 109 68
-2.801135 1.484088 3.104015 176 144 101
-2.793349 1.489381 3.109020 179 148 104
-3.342509 0.853081 3.339367 160 127 77
-3.343014 0.856112 3.325393 162 130 81
-3.155839 1.062033 3.259181 145 120 88
-3.148349 1.069859 3.253369 140 117 87
-3.139106 1.087011 3.248940 137 113 82
-3.125171 1.101122 3.242494 126 101 73
-3.113700 1.115882 3.236525 119 98 72
-3.106383 1.126339 3.230190 118 99 73
-3.033444 1.210994 3.198753 102 86 63
-3.023603 1.217636 3.196255 104 88 64
-3.013104 1.225970 3.193196 111 88 58
-2.801830 1.479807 3.091060 154 127 99
-2.789339 1.477571 3.088796 170 140 100
-3.336492 0.847018 3.323691 162 129 79
-3.332107 0.849987 3.314176 161 128 77
-3.163969 1.034125 3.243061 145 122 92
-3.154119 1.044554 3.239817 139 117 88
-3.146114 1.059707 3.236279 135 112 82
-3.133725 1.073640 3.230741 133 109 80
-3.120004 1.089494 3.222993 126 104 76
-3.109093 1.103944 3.216453 123 100 73
-3.090928 1.137400 3.206237 125 104 78
-3.043979 1.178292 3.182335 78 69 54
-3.029464 1.193068 3.181386 90 78 59
-3.016394 1.205100 3.176656 107 88 63
-3.006537 1.218235 3.172338 121 96 64
-2.792580 1.462880 3.073931 106 87 72
-2.784307 1.465509 3.075487 100 78 63
-3.321680 0.843622 3.299314 163 130 78
-3.316172 0.851846 3.287608 160 127 77
-3.164612 1.023760 3.218897 138 112 87
-3.151189 1.031035 3.222901 134 112 83
-3.140324 1.046820 3.216744 136 111 82
-3.130765 1.063142 3.212095 129 108 80
-3.116002 1.077916 3.204651 131 110 83
-3.106813 1.105074 3.198492 121 104 82
-3.086091 1.123548 3.192634 124 104 80
-3.049745 1.152111 3.172071 100 89 73
-3.037484 1.169656 3.167997 86 76 59
-3.026636 1.180172 3.164859 92 79 60
-3.014546 1.192071 3.160974 112 91 64
-3.000673 1.204210 3.153553 129 102 66
-2.787496 1.449765 3.059885 182 153 109
-2.781052 1.452521 3.060883 184 154 107
-3.312999 0.838930 3.288085 165 133 82
-3.303868 0.848021 3.276608 164 132 83
-3.293070 0.858266 3.267406 159 128 80
-3.284372 0.870364 3.260062 155 124 77
-3.158293 1.017210 3.215147 138 115 88
-3.150134 1.020613 3.205477 131 110 84
-3.135882 1.039180 3.201090 131 108 81
-3.124529 1.053737 3.194683 131 109 82
-3.113541 1.068993 3.191939 133 110 82
-3.112554 1.084825 3.190383 130 106 78
-3.081618 1.105343 3.169100 104 90 71
-3.060057 1.121730 3.162470 101 88 69
-3.047605 1.141234 3.158620 99 86 66
-3.034063 1.156502 3.154976 101 86 65
-3.024068 1.166897 3.148284 107 87 62
-3.015764 1.185345 3.149857 116 92 61
-2.800311 1.422966 3.037787 179 148 103
-2.787565 1.435146 3.046727 183 154 110
-3.288761 0.852611 3.260774 172 144 100
-3.275475 0.867057 3.256044 160 131 88
-3.264694 0.885023 3.247024 156 130 91
-3.250363 0.898940 3.240115 155 131 95
-3.237406 0.913214 3.234275 154 130 93
-3.226026 0.925584 3.226731 157 131 94
-3.210678 0.939406 3.218563 156 128 90
-3.193857 0.953166 3.208549 135 105 69
-3.184524 0.963415 3.203445 100 71 50
-3.169003 0.977768 3.197494 101 74 55
-3.155700 0.993088 3.192040 121 93 70
-3.144153 1.008762 3.188054 131 104 79
-3.134371 1.025866 3.180186 139 116 90
-3.123146 1.041357 3.178395 140 117 90
-3.111489 1.057136 3.171058 139 119 93
-3.092481 1.075513 3.158516 124 105 83
-3.080452 1.086820 3.156429 101 88 71
-3.069644 1.099406 3.153576 93 81 65
-3.057750 1.115728 3.149137 88 76 61
-3.045306 1.133161 3.144363 95 81 62
-3.032211 1.145938 3.140592 109 91 66
-3.025102 1.155076 3.133853 121 93 58
-2.795161 1.416914 3.029838 178 146 100
-2.783832 1.422325 3.031143 182 152 106
-3.177588 0.968028 3.196461 129 103 61
-3.170412 0.978868 3.191396 115 85 60
-3.154937 0.991016 3.186839 132 103 70
-3.142157 1.007187 3.177667 138 114 87
-3.132826 1.019616 3.167700 144 125 101
-3.118819 1.035990 3.163404 144 124 99
-3.105821 1.048764 3.155697 143 122 96
-3.090136 1.063314 3.149007 119 100 76
-3.077887 1.078880 3.144938 101 85 65
-3.068738 1.091532 3.141679 96 81 62
-3.055673 1.105677 3.135708 88 77 62
-3.038120 1.115734 3.135619 103 87 64
-3.033825 1.138998 3.124288 104 88 72
-2.791118 1.404608 3.013068 181 149 101
-2.781100 1.407382 3.015321 182 150 101
-3.129864 0.991329 3.155235 149 135 117
-3.126935 1.006138 3.152862 149 134 116
-3.119097 1.020828 3.143334 151 134 114
-3.103083 1.039470 3.144924 141 121 95
-3.084114 1.054125 3.136232 120 98 74
-3.078085 1.070623 3.130933 117 99 78
-2.786053 1.390962 2.997515 152 123 87
-2.777334 1.396959 3.001780 183 152 103
-3.127781 0.981231 3.139492 152 140 124
-3.124260 0.997085 3.134759 154 141 124
-3.121197 1.006567 3.122004 157 144 128
-2.796317 1.371183 2.979934 145 113 80
-2.785315 1.375540 2.984502 112 89 66
-3.126285 0.970720 3.123205 156 145 130
-3.123035 0.984953 3.115051 158 146 130
-2.802291 1.345269 2.965976 171 133 87
-2.790806 1.355378 2.970115 177 143 96
-2.781079 1.367638 2.976536 178 143 94
-3.127595 0.946721 3.111431 159 151 136
-3.124148 0.957618 3.106389 159 149 134
-3.121019 0.972438 3.097416 158 148 133
-2.801196 1.332588 2.955852 177 142 94
-2.789166 1.340129 2.958659 178 144 95
-3.126039 0.936717 3.095495 158 152 138
-3.121881 0.948600 3.088970 158 148 134
-3.119334 0.965026 3.082575 151 141 128
-2.809284 1.310339 2.936768 111 87 72
-2.795903 1.319147 2.940603 163 131 90
-2.787004 1.325087 2.943886 180 148 99
-3.121488 0.927026 3.076255 158 152 138
-3.118311 0.937966 3.071532 151 142 129
-3.116128 0.952385 3.062424 136 126 113
-2.804886 1.295645 2.926238 120 95 73
-2.795020 1.307604 2.932333 98 78 61
-2.780156 1.309992 2.923753 0 0 0
-3.116999 0.915122 3.059145 157 149 137
-3.113514 0.927389 3.055966 155 145 132
-3.108595 0.945769 3.044336 156 144 130
-2.816009 1.270316 2.912097 142 108 75
-2.804471 1.283150 2.917382 157 126 86
-3.114674 0.911235 3.049071 159 151 138
-3.108704 0.914957 3.037777 159 150 138
-3.104080 0.933347 3.029485 158 147 133
-2.825338 1.245129 2.902200 172 138 91
-2.812805 1.256186 2.904145 163 130 87
-2.797503 1.269938 2.905304 48 28 19
-3.108873 0.897732 3.030191 160 155 144
-3.103410 0.905326 3.020683 160 153 141
-3.098574 0.920590 3.010704 160 150 135
-2.830775 1.220431 2.892807 173 138 92
-2.820509 1.231484 2.894952 177 143 95
-2.812549 1.242561 2.897262 180 147 100
-3.103902 0.885645 3.015323 163 159 146
-3.098098 0.899392 3.005617 145 138 127
-3.094367 0.912719 2.994478 120 109 96
-2.842885 1.193802 2.879534 166 133 93
-2.827477 1.204900 2.883693 177 144 96
-2.816826 1.219113 2.886626 180 146 97
-3.090450 0.890656 2.990474 156 148 135
-3.087816 0.904273 2.982808 148 139 123
-3.081483 0.916392 2.971717 137 127 108
-2.879633 1.141412 2.873036 171 136 87
-2.861196 1.156165 2.871770 174 139 92
-2.850601 1.167367 2.871305 132 105 73
-2.836487 1.183283 2.873427 124 98 70
-2.826836 1.193526 2.876297 179 149 101
-3.077436 0.893111 2.969633 161 149 132
-3.070351 0.910424 2.957782 159 143 119
-3.060767 0.921333 2.943577 144 123 98
-2.899642 1.101228 2.871540 168 134 89
-2.885154 1.113909 2.869555 172 138 91
-2.873793 1.127093 2.868194 173 139 91
-2.860718 1.144045 2.869397 174 141 93
-2.846281 1.156773 2.868668 172 139 92
-2.834131 1.168028 2.864154 73 43 31
-3.067274 0.887576 2.949859 165 150 123
-3.060038 0.896350 2.944400 163 142 115
-3.050515 0.911930 2.934096 160 134 99
-3.040464 0.925445 2.923408 149 122 85
-3.030615 0.940762 2.915789 88 71 52
-3.020024 0.950998 2.908486 77 60 46
-3.002776 0.970413 2.899323 169 138 95
-2.987820 0.985587 2.895481 169 136 93
-2.975991 0.999152 2.891645 169 136 91
-2.960828 1.015104 2.885831 170 137 92
-2.948733 1.029637 2.880404 171 138 92
-2.934818 1.042623 2.875376 171 138 92
-2.920162 1.059539 2.870866 131 103 70
-2.908110 1.075358 2.867533 96 74 56
-2.893328 1.088567 2.866109 163 132 90
-2.880612 1.102469 2.865657 174 142 94
-2.868020 1.113406 2.863710 176 141 92
-3.051766 0.889796 2.932685 166 142 105
-3.039391 0.904313 2.923878 166 138 99
-3.028184 0.915827 2.914287 165 136 95
-3.018680 0.929633 2.906420 142 113 75
-3.005212 0.946864 2.898242 82 65 48
-2.994619 0.961369 2.892970 129 104 75
-2.980858 0.975322 2.888547 173 142 97
-2.966280 0.989784 2.884550 173 142 96
-2.952375 1.004032 2.880992 175 144 97
-2.941330 1.020474 2.877261 173 140 94
-2.927504 1.033304 2.873831 173 140 93
-2.911633 1.048638 2.868103 166 133 88
-2.898408 1.074563 2.856875 2 0 0
-3.004873 0.927820 2.898129 160 127 81
-2.997627 0.936365 2.892105 103 78 52
-2.982980 0.954938 2.883420 75 59 44
-2.977951 0.959738 2.883198 143 116 82
-2.812021 1.840181 3.514365 0 0 0
-2.935033 1.665189 3.569689 167 150 125
-2.926412 1.677292 3.565287 166 147 121
-2.915182 1.693664 3.559095 173 149 116
-2.897799 1.706725 3.552113 174 148 111
-2.887293 1.715466 3.548886 177 152 111
-2.812030 1.818199 3.513917 68 62 53
-2.812732 1.826866 3.505246 44 45 41
-2.972487 1.610531 3.568887 153 143 125
-2.964905 1.629045 3.564708 139 124 109
-2.955176 1.643001 3.565069 153 136 121
-2.941162 1.661445 3.561487 166 148 126
-2.932680 1.677039 3.554438 169 147 121
-2.920817 1.693241 3.546103 172 149 116
-2.905281 1.705731 3.537198 168 141 107
-2.886793 1.713838 3.531926 160 129 94
-2.871967 1.718069 3.528349 162 131 95
-2.813524 1.789164 3.501560 131 115 82
-2.810101 1.804001 3.499413 82 71 56
-2.809235 1.817808 3.492478 40 40 38
-2.998681 1.557183 3.569211 161 151 139
-2.994605 1.572306 3.566115 154 143 133
-2.988887 1.590003 3.563261 150 138 127
-2.977995 1.608466 3.562674 141 125 112
-2.974834 1.619576 3.557565 145 132 119
-2.899755 1.707425 3.522349 76 63 52
-2.888044 1.711010 3.514437 114 95 76
-2.868150 1.715492 3.513521 152 128 100
-2.812306 1.781060 3.486265 127 107 79
-2.807849 1.797802 3.482697 65 59 51
-2.806993 1.810932 3.480225 45 46 43
-3.004737 1.548608 3.556402 161 151 136
-3.001017 1.563071 3.556007 156 144 130
-2.884493 1.706524 3.498226 169 151 129
-2.866977 1.711607 3.493058 166 148 126
-2.852767 1.716640 3.488146 162 145 121
-2.821460 1.756828 3.465269 142 123 93
-2.814439 1.770845 3.469673 126 105 77
-2.804470 1.782809 3.463631 39 38 37
-3.013530 1.523326 3.542265 147 137 126
-3.010570 1.538761 3.543737 132 119 105
-2.867238 1.710735 3.476703 169 152 132
-2.848687 1.717457 3.469549 154 135 113
-2.837920 1.727738 3.463926 148 127 103
-2.825064 1.748510 3.461262 139 118 93
-2.807930 1.762013 3.450024 106 100 90
-2.805099 1.770879 3.452460 64 65 59
-3.019200 1.500068 3.532425 161 154 142
-3.016537 1.511829 3.530426 157 148 137
-2.836435 1.718882 3.438228 177 163 145
-2.818404 1.736819 3.439256 173 161 144
-2.811271 1.749280 3.441645 157 150 134
-3.022372 1.471968 3.517361 159 151 140
-3.020138 1.484645 3.517860 158 150 140
-3.019877 1.501520 3.512450 158 149 138
-2.840376 1.699757 3.427151 185 165 139
-2.827960 1.707488 3.429686 190 176 153
-2.818289 1.721125 3.436350 186 172 153
-3.022491 1.465154 3.504875 157 149 138
-3.020580 1.475115 3.505018 156 147 136
-2.838148 1.693437 3.415514 186 166 138
-2.823264 1.697387 3.416848 191 173 146
-3.019807 1.453413 3.490186 157 149 136
-3.019522 1.464491 3.486306 155 145 133
-2.834901 1.682004 3.394557 122 96 75
-2.819033 1.686177 3.397000 144 117 90
-3.017812 1.442550 3.471436 156 147 135
-3.017789 1.453906 3.469575 155 146 134
-2.832352 1.672397 3.380834 103 81 62
-2.814522 1.676876 3.379591 115 92 68
-2.802113 1.681847 3.377445 91 75 51
-3.020627 1.415172 3.457185 156 147 135
-3.017872 1.429948 3.455843 155 146 133
-3.020489 1.446332 3.450502 159 149 136
-2.827959 1.662452 3.363991 176 142 98
-2.811547 1.667636 3.364135 181 152 107
-2.798804 1.670124 3.360976 190 164 118
-3.021990 1.405621 3.442511 156 147 134
-3.022644 1.421465 3.439546 154 144 130
-2.821755 1.651061 3.346033 180 149 105
-2.805368 1.656520 3.345237 183 154 111
-2.794269 1.661967 3.347073 187 160 117
-3.028661 1.381841 3.428667 158 150 134
-3.027490 1.394934 3.425572 152 142 128
-2.817893 1.639846 3.326243 179 147 103
-2.802534 1.647289 3.328669 182 153 110
-2.789883 1.653616 3.331457 188 162 119
-3.031868 1.371804 3.416459 132 122 107
-3.032111 1.389330 3.413754 106 93 81
-2.815227 1.632261 3.310995 177 145 101
-2.799300 1.636671 3.311929 182 154 111
-2.785660 1.642075 3.312943 189 164 121
-3.034206 1.346189 3.404213 153 142 124
-3.034174 1.360894 3.401488 153 141 123
-2.810547 1.621245 3.295798 173 140 98
-2.792957 1.623477 3.293044 182 153 108
-3.040233 1.320647 3.386989 152 140 120
-3.036300 1.334663 3.388654 151 138 119
-3.035157 1.350233 3.385117 152 139 120
-2.803421 1.605997 3.273554 86 68 53
-2.790886 1.613443 3.278051 131 106 76
-3.039148 1.309910 3.375426 149 134 112
-3.038511 1.324849 3.370987 149 135 113
-2.799946 1.596723 3.262265 95 76 59
-2.788785 1.597740 3.260382 101 79 62
-3.367452 0.916680 3.503059 161 153 135
-3.359604 0.926908 3.500090 157 146 127
-3.347794 0.942511 3.493348 152 142 124
-3.335115 0.954658 3.488348 159 153 139
-3.044695 1.283424 3.362141 147 131 107
-3.042535 1.297489 3.360393 146 130 106
-3.039861 1.315010 3.357024 147 129 106
-2.795370 1.585401 3.244526 173 142 99
-2.782566 1.590053 3.248497 171 141 99
-3.374690 0.907776 3.492645 158 146 127
-3.360947 0.924927 3.496690 152 139 120
-3.349245 0.939770 3.490636 148 135 116
-3.332667 0.956302 3.478732 162 158 146
-3.324211 0.958748 3.472270 179 180 172
-3.054371 1.257950 3.348597 146 128 103
-3.049234 1.272825 3.347557 146 128 102
-3.046717 1.292397 3.345010 147 129 101
-2.792007 1.575274 3.230212 174 142 97
-2.781064 1.577556 3.227886 181 151 104
-3.372527 0.893663 3.477956 161 151 135
-3.324442 0.945774 3.461835 162 162 155
-3.325316 0.954114 3.453485 175 174 167
-3.165696 1.111866 3.385437 185 173 144
-3.160192 1.126212 3.376649 180 165 135
-3.146612 1.139533 3.373026 176 160 132
-3.130852 1.157358 3.364648 165 148 119
-3.118130 1.172074 3.357992 130 112 91
-3.107869 1.184949 3.353636 118 101 83
-3.096725 1.201616 3.347063 146 129 103
-3.082645 1.216925 3.342743 142 126 103
-3.069033 1.235382 3.341377 142 124 102
-3.060589 1.251331 3.338682 144 125 100
-3.051657 1.265633 3.330802 144 124 98
-3.036573 1.280353 3.323649 147 129 104
-3.020862 1.290071 3.310940 123 110 91
-2.786600 1.565377 3.209674 172 140 96
-2.775421 1.564400 3.209174 162 129 90
-3.367754 0.885486 3.459820 158 149 133
-3.317834 0.934042 3.442189 149 148 138
-3.318508 0.942740 3.436722 160 161 153
-3.241873 1.018486 3.397089 168 141 92
-3.235733 1.028660 3.395134 170 144 97
-3.221920 1.044426 3.391447 168 141 95
-3.207175 1.063164 3.388212 174 149 106
-3.195931 1.078339 3.384562 174 151 111
-3.186019 1.093506 3.379927 176 154 117
-3.174426 1.110088 3.374174 173 150 119
-3.161359 1.123211 3.369737 170 150 120
-3.148431 1.140113 3.363787 166 146 115
-3.135698 1.156014 3.358804 159 140 112
-3.122423 1.169610 3.353129 131 112 90
-3.109382 1.182639 3.347870 117 100 82
-3.098115 1.197218 3.341677 124 106 89
-3.083384 1.215986 3.335408 137 119 97
-3.070507 1.227705 3.328793 135 116 94
-3.056976 1.240164 3.322662 139 120 95
-3.044542 1.253036 3.318902 140 121 94
-3.030419 1.269745 3.310264 134 119 96
-3.017455 1.282961 3.303460 129 115 93
-2.781400 1.553235 3.195793 95 82 71
-2.772436 1.560025 3.196664 106 89 76
-3.362651 0.878160 3.441319 156 144 123
-3.313901 0.925696 3.432572 143 141 130
-3.311203 0.933689 3.418384 142 144 135
-3.267223 0.976175 3.395882 159 125 74
-3.257283 0.992618 3.392516 157 124 72
-3.248853 1.005984 3.389012 156 124 74
-3.235570 1.026880 3.387048 157 126 78
-3.227311 1.044680 3.380903 161 131 84
-3.140718 1.130466 3.347508 150 129 101
-3.130202 1.142665 3.343393 148 126 96
-3.115569 1.158768 3.336184 117 97 76
-3.104655 1.171245 3.332231 119 96 72
-3.094142 1.187112 3.321679 118 95 70
-3.083343 1.208249 3.316089 111 94 71
-3.070186 1.226891 3.308387 113 95 69
-3.041657 1.237503 3.310140 134 117 91
-3.043240 1.238275 3.307162 150 131 102
-3.025503 1.260699 3.291498 128 109 82
-3.014917 1.271274 3.287047 121 103 77
-3.001806 1.292228 3.281432 122 103 75
-2.777853 1.539000 3.177560 102 86 73
-3.358526 0.871942 3.424696 154 140 116
-3.345795 0.869047 3.419805 159 136 100
-3.305449 0.924830 3.398670 111 103 89
-3.290189 0.937171 3.390193 142 113 72
-3.280823 0.951279 3.387964 148 114 67
-3.267463 0.975470 3.387525 152 116 64
-3.261625 0.983918 3.387371 152 117 65
-3.136938 1.118978 3.323925 146 123 91
-3.124131 1.130905 3.319773 137 114 85
-3.111840 1.144595 3.313959 121 103 77
-3.103667 1.158554 3.310142 124 104 77
-3.028715 1.240943 3.277042 138 118 90
-3.022102 1.248155 3.273494 126 107 78
-3.007935 1.262370 3.266518 119 99 72
-2.997516 1.274026 3.259955 123 99 69
-2.773660 1.528695 3.163040 175 144 100
-2.764207 1.536459 3.170201 172 138 93
-3.353288 0.865967 3.404931 158 139 107
-3.342960 0.861753 3.403653 161 134 93
-3.306084 0.924372 3.387971 99 90 76
-3.296768 0.930082 3.384877 127 108 84
-3.144422 1.084910 3.312308 149 125 92
-3.132355 1.105254 3.309623 147 123 90
-3.116580 1.119298 3.300087 133 111 80
-3.106349 1.136445 3.293972 127 106 77
-3.095999 1.151082 3.289616 123 104 80
-3.087457 1.163920 3.279989 138 116 85
-3.023002 1.227374 3.259613 121 102 77
-3.018150 1.236791 3.256018 123 104 76
-3.005156 1.252526 3.250024 119 96 67
-2.989864 1.267789 3.240969 132 106 72
-2.786390 1.511379 3.142906 174 140 95
-2.771686 1.515884 3.147131 180 149 103
-3.339893 0.856401 3.386461 157 128 84
-3.159778 1.052469 3.301330 149 128 99
-3.153771 1.062141 3.294792 152 131 100
-3.139418 1.077305 3.294147 148 125 92
-3.128435 1.097679 3.289167 143 119 84
-3.116589 1.111967 3.284338 135 111 80
-3.108617 1.125138 3.279016 132 107 76
-3.094697 1.138725 3.271200 133 107 73
-3.082797 1.149064 3.264130 138 118 89
-3.013777 1.228027 3.240552 118 101 73
-3.000590 1.238673 3.234122 119 97 68
-2.780472 1.500452 3.129523 177 146 101
-2.767229 1.503963 3.131585 181 151 105
-3.331712 0.848909 3.368904 156 122 73
-3.151537 1.039766 3.285403 146 128 97
-3.150000 1.053161 3.286257 148 126 96
-3.139303 1.070703 3.281724 147 124 93
-3.125658 1.087265 3.275797 138 112 81
-3.112234 1.098365 3.270272 136 111 79
-3.100050 1.112535 3.265003 132 107 78
-3.010416 1.207944 3.234896 111 95 67
-3.007582 1.218819 3.224498 98 85 65
-2.999464 1.230285 3.219809 123 98 68
-2.777529 1.487601 3.113433 176 144 100
-2.762033 1.491390 3.115488 183 155 109
-3.326456 0.843412 3.349631 156 120 68
-3.158715 1.038581 3.275556 149 126 100
-3.143142 1.043526 3.269497 141 119 91
-3.135580 1.058485 3.264705 139 116 86
-3.122434 1.073851 3.261185 139 115 84
-3.107781 1.091469 3.252379 131 105 73
-3.100181 1.103311 3.249002 125 103 75
-3.095757 1.116700 3.238805 120 102 74
-3.013983 1.194227 3.211463 99 86 65
-3.005459 1.206091 3.205944 104 87 64
-2.997460 1.218710 3.199850 119 94 63
-2.773224 1.477530 3.096594 165 136 99
-2.756674 1.477444 3.096984 180 151 108
-3.319486 0.835223 3.332762 159 124 71
-3.312439 0.833382 3.324933 158 122 67
-3.146910 1.024189 3.254565 144 119 92
-3.142867 1.034550 3.248501 138 116 88
-3.130916 1.049435 3.246089 140 115 85
-3.114954 1.065093 3.241947 138 115 85
-3.102334 1.084609 3.229117 130 106 76
-3.097654 1.099404 3.233699 126 101 70
-3.021293 1.170607 3.196851 91 80 63
-3.014375 1.182143 3.192125 96 82 62
-3.001682 1.196247 3.187278 110 90 64
-2.990647 1.209110 3.184910 123 97 65
-2.766075 1.464362 3.081046 103 83 67
-2.755987 1.471084 3.085740 122 94 67
-3.322577 0.832833 3.317132 162 129 75
-3.310535 0.830031 3.309981 160 126 72
-3.148969 1.016204 3.237059 132 109 79
-3.137905 1.024208 3.230049 134 111 81
-3.128610 1.036838 3.227829 137 113 85
-3.117390 1.051725 3.220026 135 113 83
-3.106583 1.070648 3.220217 129 107 81
-3.046421 1.122928 3.191687 137 116 83
-3.029843 1.141733 3.184716 131 107 74
-3.020317 1.157108 3.177319 87 77 60
-3.008779 1.168513 3.177287 96 81 61
-2.996435 1.185834 3.168829 120 96 66
-2.983599 1.197550 3.165697 121 96 62
-2.762226 1.451588 3.065456 167 139 100
-2.755066 1.460097 3.072076 120 96 70
-3.300460 0.827551 3.293173 164 131 80
-3.291504 0.834262 3.284215 159 128 80
-3.277935 0.846488 3.274228 153 121 74
-3.261404 0.856799 3.271462 150 118 72
-3.243959 0.873370 3.264998 146 117 73
-3.232256 0.887286 3.260151 146 118 75
-3.217234 0.902979 3.254301 145 116 76
-3.145749 1.004790 3.217174 130 107 79
-3.134632 1.013213 3.216713 132 111 85
-3.123003 1.030234 3.207645 131 107 79
-3.113655 1.045776 3.203091 136 115 86
-3.100301 1.060344 3.198196 137 114 86
-3.083768 1.067292 3.194142 141 122 94
-3.061133 1.090502 3.182637 134 114 86
-3.054544 1.103035 3.177826 125 105 77
-3.044820 1.113798 3.175716 132 110 78
-3.030247 1.129677 3.170261 105 90 68
-3.018270 1.146635 3.166434 105 88 65
-3.006385 1.162068 3.161936 114 93 66
-3.000621 1.173130 3.156946 126 100 67
-2.767759 1.429270 3.047842 178 147 102
-2.760140 1.436063 3.050111 184 154 108
-3.288450 0.833863 3.274769 170 143 96
-3.274671 0.844700 3.268808 161 131 86
-3.263146 0.858376 3.264143 154 124 80
-3.249147 0.874284 3.256828 152 124 83
-3.234725 0.889297 3.249463 153 127 88
-3.222005 0.903098 3.244024 153 126 87
-3.209366 0.914326 3.237791 154 127 89
-3.195287 0.930386 3.228000 150 121 82
-3.182592 0.944662 3.218298 127 96 63
-3.168852 0.958502 3.211853 117 88 59
-3.156807 0.971520 3.206821 118 89 62
-3.144506 0.985667 3.200845 125 97 71
-3.131565 0.997338 3.198947 133 110 85
-3.117532 1.016306 3.186100 138 117 93
-3.103254 1.029847 3.183341 142 121 95
-3.090267 1.046883 3.179330 143 122 96
-3.075704 1.063719 3.179352 138 117 89
-3.066350 1.075149 3.171458 122 103 79
-3.051753 1.089400 3.165259 114 95 71
-3.041139 1.104331 3.160093 111 92 68
-3.026391 1.122562 3.156825 119 97 70
-3.014241 1.140361 3.151689 119 97 67
-3.010526 1.149166 3.150202 118 98 76
-2.761042 1.416295 3.033121 181 150 104
-2.756892 1.424676 3.037987 184 155 108
-3.166036 0.962244 3.204227 133 104 61
-3.161258 0.970301 3.200186 125 94 59
-3.133298 0.982869 3.191880 135 114 89
-3.130168 0.992980 3.185782 137 118 96
-3.112786 1.009297 3.181029 136 117 93
-3.100123 1.021015 3.170572 137 118 92
-3.086567 1.038372 3.167134 138 117 89
-3.073558 1.054885 3.160330 129 108 81
-3.059917 1.069044 3.156331 122 100 74
-3.054118 1.082905 3.151304 103 85 65
-3.040481 1.095144 3.147439 107 89 67
-3.024521 1.112765 3.141909 127 101 72
-2.778896 1.403165 3.019898 177 141 95
-2.760048 1.407604 3.022381 183 151 103
-2.751761 1.410886 3.025567 183 151 103
-3.127989 0.968556 3.173742 139 123 105
-3.126587 0.981518 3.166331 141 126 109
-3.109683 1.001076 3.168806 141 123 100
-3.099203 1.025509 3.155691 145 126 102
-3.080318 1.033695 3.152180 140 119 92
-3.072557 1.045282 3.145827 132 107 81
-3.061700 1.060430 3.137848 116 94 71
-2.771988 1.385763 2.995991 111 86 69
-2.761828 1.390787 3.002301 155 127 91
-3.126714 0.956542 3.155443 144 131 115
-3.124565 0.971466 3.149792 146 133 117
-2.764925 1.372924 2.988484 106 85 67
-2.757729 1.379989 2.991302 87 67 53
-3.125464 0.940574 3.142232 146 134 118
-3.122373 0.958508 3.133613 148 137 122
-2.777187 1.347536 2.973817 163 124 80
-2.764381 1.360327 2.977487 165 132 90
-2.751867 1.370108 2.981756 162 130 91
-3.125749 0.921855 3.126789 148 137 121
-3.122747 0.932387 3.122526 148 137 123
-3.121344 0.950663 3.116107 151 141 126
-2.770108 1.335290 2.960822 176 141 94
-2.764082 1.344069 2.966026 183 150 105
-3.123193 0.912941 3.111596 150 141 127
-3.119992 0.923490 3.104848 150 140 128
-3.120113 0.940394 3.097921 152 144 131
-2.783603 1.314282 2.940050 127 92 67
-2.769460 1.320507 2.946223 167 135 94
-2.757599 1.329036 2.951108 186 158 106
-3.118013 0.901472 3.091614 149 140 128
-3.116547 0.912990 3.086719 150 141 129
-2.777415 1.300823 2.932833 100 82 67
-2.766714 1.310152 2.938472 89 69 57
-3.114327 0.890458 3.073920 151 143 131
-3.113092 0.902348 3.070044 151 141 130
-2.783291 1.273842 2.916475 114 90 70
-2.775369 1.287593 2.923638 168 135 91
-3.110204 0.882289 3.059180 152 144 133
-3.107997 0.891979 3.053243 151 142 132
-3.105615 0.904153 3.039018 152 144 134
-2.797864 1.249972 2.903734 174 141 94
-2.784859 1.260820 2.908558 142 113 79
-2.776577 1.273644 2.909071 8 0 0
-3.105096 0.869486 3.041146 154 148 137
-3.101591 0.878987 3.036883 152 144 134
-3.101403 0.895882 3.026934 151 144 134
-2.800991 1.224839 2.895551 176 141 94
-2.791776 1.235016 2.898953 179 147 98
-2.781082 1.246357 2.903004 182 151 102
-3.101917 0.861348 3.029587 156 151 139
-3.096390 0.871481 3.021810 153 146 137
-3.094737 0.886076 3.010303 151 144 135
-2.812421 1.198620 2.882061 180 148 100
-2.801675 1.210249 2.886255 179 146 98
-2.793328 1.226636 2.888755 186 159 107
-3.089477 0.864383 3.004239 153 147 138
-3.086632 0.875580 2.995527 152 145 136
-2.824389 1.174095 2.872177 96 75 58
-2.807506 1.188139 2.876872 160 132 93
-2.795455 1.198259 2.879729 186 156 107
-3.082280 0.854765 2.988622 159 153 143
-3.076900 0.866622 2.980157 154 145 135
-3.072587 0.881164 2.967518 154 140 125
-2.859469 1.121640 2.867813 173 137 87
-2.842169 1.133935 2.867335 175 140 93
-2.830211 1.152221 2.867479 175 142 96
-2.817776 1.163853 2.870339 113 94 70
-2.806411 1.176224 2.865124 0 0 0
-3.068820 0.854591 2.964112 155 146 134
-3.064487 0.872708 2.951702 157 141 119
-3.053461 0.887089 2.938360 158 131 101
-2.900909 1.059336 2.867755 89 72 55
-2.879446 1.081026 2.863600 154 123 84
-2.866125 1.093712 2.864573 173 138 91
-2.854787 1.108780 2.863946 176 141 92
-2.838257 1.119327 2.865137 175 142 94
-2.826812 1.130999 2.860948 181 151 103
-3.062124 0.852146 2.948892 96 83 73
-3.054010 0.858924 2.940504 112 95 75
-3.045134 0.876489 2.929801 155 131 98
-3.033705 0.893899 2.920398 167 138 100
-3.022120 0.906311 2.913185 165 133 91
-3.012359 0.918312 2.905449 159 124 82
-2.995730 0.934930 2.896724 134 100 66
-2.981881 0.953378 2.889650 81 66 53
-2.965752 0.969014 2.884869 169 136 94
-2.953990 0.983489 2.881382 172 140 96
-2.940692 0.995274 2.879311 174 141 96
-2.928822 1.009444 2.876452 172 140 95
-2.914186 1.022452 2.871258 164 130 87
-2.900369 1.038049 2.867663 147 113 76
-2.883727 1.054462 2.864548 108 86 63
-2.874802 1.069182 2.861477 93 74 54
-2.862770 1.078374 2.860988 170 137 92
-3.045006 0.857632 2.927875 56 45 33
-3.033434 0.869290 2.920297 125 101 72
-3.020721 0.876325 2.911730 154 128 94
-3.008825 0.891226 2.905213 171 144 101
-2.997394 0.907910 2.898146 165 133 89
-2.984511 0.924378 2.891122 150 118 77
-2.970883 0.936992 2.885042 81 64 48
-2.960089 0.955208 2.880255 123 100 72
-2.948834 0.966062 2.878187 173 143 100
-2.933984 0.984083 2.875521 176 146 101
-2.922897 0.998025 2.871447 178 149 103
-2.904204 1.015215 2.866620 128 105 71
-2.965458 0.937809 2.874646 0 0 0
-2.948280 0.947024 2.868583 3 0 0
-2.922064 1.669080 3.591807 168 157 128
-2.913736 1.678423 3.591471 166 157 134
-2.903103 1.690536 3.585905 173 151 114
-2.888160 1.705570 3.578877 173 145 102
-2.934700 1.645181 3.580519 150 137 120
-2.926200 1.657950 3.582731 135 121 107
-2.918641 1.674803 3.581038 153 134 115
-2.904131 1.691073 3.575568 169 141 105
-2.891487 1.704342 3.565901 173 141 99
-2.876569 1.713947 3.560615 172 140 97
-2.860888 1.720286 3.553301 170 136 96
-2.802847 1.790647 3.525681 123 108 87
-2.805447 1.802069 3.521745 76 68 56
-2.977514 1.570911 3.589442 168 162 154
-2.968846 1.588343 3.581519 101 84 76
-2.963456 1.599493 3.578353 139 126 108
-2.952067 1.617294 3.577620 118 104 92
-2.941645 1.633929 3.577405 130 114 105
-2.933031 1.654575 3.569915 154 137 120
-2.875074 1.715817 3.544722 171 140 99
-2.859441 1.721707 3.538315 172 142 102
-2.845099 1.724375 3.533153 164 134 98
-2.800112 1.783436 3.515627 77 68 55
-2.799991 1.793609 3.510231 39 38 36
-2.993720 1.547547 3.579431 164 156 141
-2.984879 1.565959 3.580617 146 133 119
-2.974871 1.581748 3.579228 137 127 116
-2.967291 1.594131 3.575809 113 96 85
-2.851428 1.720092 3.522800 160 132 101
-2.843344 1.720189 3.514987 161 137 108
-2.803628 1.753558 3.499973 142 122 87
-2.800165 1.772206 3.500034 99 84 65
-2.795840 1.785108 3.492714 47 48 46
-3.000967 1.525465 3.570242 164 157 145
-2.996279 1.539642 3.571075 160 151 140
-2.992602 1.555143 3.570217 132 120 108
-2.840361 1.717338 3.498876 158 139 114
-2.822662 1.724788 3.490541 146 127 103
-2.808793 1.742437 3.484724 132 113 90
-2.795137 1.758751 3.479734 96 88 76
-2.792565 1.772210 3.475931 46 46 44
-3.011279 1.503702 3.553409 166 161 148
-3.004836 1.514378 3.557372 158 150 140
-3.003414 1.531167 3.555192 150 140 131
-2.837432 1.718287 3.479236 151 132 110
-2.826734 1.723924 3.476846 146 126 103
-2.815111 1.738296 3.474765 134 114 92
-2.791230 1.755297 3.462970 123 120 109
-2.791843 1.763255 3.463883 75 73 69
-3.009038 1.490415 3.544166 160 152 142
-3.008435 1.503740 3.544482 159 151 141
-2.801932 1.727229 3.446503 183 170 152
-2.796362 1.739206 3.450659 173 164 148
-3.012946 1.465368 3.527904 158 150 140
-3.013172 1.474876 3.529558 157 149 141
-2.809859 1.702944 3.431323 192 168 135
-2.802454 1.711508 3.437073 192 176 151
-3.015441 1.457165 3.512956 158 149 138
-3.013093 1.466406 3.518552 158 151 141
-2.807808 1.696045 3.418287 189 163 130
-2.796757 1.697182 3.420129 191 166 129
-3.013725 1.428350 3.501183 158 149 138
-3.014768 1.441686 3.499358 155 147 136
-2.805249 1.684959 3.400195 122 94 72
-2.792918 1.687416 3.402979 144 116 86
-3.013397 1.420981 3.488948 158 150 139
-3.014342 1.431710 3.482240 157 149 137
-2.800469 1.677095 3.386940 87 68 54
-2.787417 1.678784 3.386027 93 74 57
-3.013527 1.408542 3.469961 157 149 138
-3.015569 1.422124 3.465857 154 145 134
-2.797043 1.667289 3.368218 165 130 89
-2.785035 1.671240 3.369375 185 156 112
-3.018484 1.380535 3.457470 158 150 138
-3.016427 1.395578 3.454469 157 148 136
-2.790897 1.654350 3.345218 184 155 113
-2.780682 1.658551 3.348995 188 161 120
-3.025496 1.358475 3.443425 161 154 139
-3.022768 1.373552 3.440659 157 149 135
-3.022146 1.387889 3.438940 157 146 133
-2.775212 1.649351 3.333204 188 162 121
-3.029685 1.330523 3.430335 158 149 132
-3.026875 1.347619 3.428909 155 146 131
-3.024736 1.360818 3.429553 152 142 129
-2.786485 1.634295 3.312354 183 153 110
-2.772194 1.639992 3.317684 186 158 116
-3.032006 1.322515 3.416892 153 143 125
-3.029535 1.338517 3.414671 151 140 124
-2.781355 1.621574 3.293458 159 124 90
-2.770056 1.626968 3.298470 183 153 110
-3.033455 1.311605 3.399826 148 136 117
-3.028735 1.325088 3.403239 149 136 119
-2.774837 1.610169 3.279387 100 80 64
-2.765676 1.616874 3.285220 145 117 84
-3.037285 1.286604 3.390537 147 133 113
-3.035735 1.298567 3.385672 147 133 112
-2.772493 1.597998 3.265137 102 80 63
-2.761307 1.601767 3.267974 127 111 101
-3.362108 0.913339 3.506509 165 159 139
-3.353404 0.923874 3.503160 157 145 127
-3.340294 0.939970 3.497281 154 143 126
-3.330394 0.951651 3.492053 160 154 141
-3.043394 1.260896 3.376668 144 129 107
-3.041674 1.276306 3.373778 144 129 107
-3.039967 1.291215 3.370741 145 130 108
-2.782077 1.579893 3.248797 177 145 99
-2.765554 1.589477 3.252251 172 142 100
-2.755202 1.592098 3.252911 184 154 104
-3.358678 0.898580 3.500431 166 154 135
-3.346207 0.911558 3.499994 162 152 135
-3.331824 0.928009 3.492870 161 154 140
-3.323213 0.944432 3.484284 165 163 153
-3.319116 0.954279 3.476694 181 182 174
-3.054493 1.233211 3.364578 142 128 107
-3.049294 1.251528 3.364532 143 128 106
-3.045416 1.267600 3.362503 143 127 104
-2.762994 1.578239 3.236415 177 144 99
-3.353565 0.886965 3.486741 166 154 135
-3.337674 0.897257 3.486113 163 153 136
-3.324055 0.916281 3.478305 161 155 142
-3.318021 0.933583 3.468146 162 162 154
-3.311647 0.942824 3.457816 178 180 173
-3.170220 1.089116 3.396970 184 171 143
-3.161127 1.102486 3.392683 184 170 144
-3.149773 1.120302 3.385150 179 165 138
-3.134914 1.134188 3.381053 174 159 133
-3.121249 1.148972 3.374454 165 151 124
-3.109348 1.164689 3.366136 148 133 109
-3.099548 1.179065 3.361179 148 133 107
-3.081498 1.190373 3.359699 142 127 106
-3.069398 1.210680 3.354818 140 125 105
-3.059735 1.229471 3.352945 142 126 105
-3.046256 1.237997 3.345860 140 125 103
-3.029672 1.247542 3.334833 137 122 99
-3.022522 1.261194 3.327817 142 127 102
-3.005827 1.279861 3.321947 127 114 94
-2.757402 1.565611 3.215385 160 127 88
-3.347365 0.880554 3.470056 163 151 129
-3.336418 0.883977 3.467906 162 149 129
-3.317344 0.907238 3.461192 155 146 130
-3.311770 0.923036 3.450771 155 153 142
-3.304998 0.931463 3.441291 168 169 161
-3.230001 1.010754 3.406186 166 136 86
-3.220815 1.023921 3.403569 167 139 92
-3.208527 1.036738 3.399886 165 138 94
-3.193097 1.055555 3.398480 174 151 113
-3.181794 1.070272 3.394951 175 154 120
-3.170773 1.084559 3.391928 174 156 127
-3.159020 1.101362 3.386849 173 156 129
-3.147033 1.113926 3.382678 168 151 125
-3.133423 1.130296 3.375596 161 143 117
-3.117620 1.147872 3.368683 150 133 111
-3.108242 1.161041 3.362247 142 125 106
-3.096111 1.174894 3.357491 137 121 103
-3.083012 1.189541 3.352504 140 124 103
-3.067146 1.205694 3.345181 138 122 100
-3.056969 1.217443 3.340531 138 122 99
-3.042736 1.231937 3.331423 139 122 97
-3.029170 1.245014 3.324793 136 119 95
-3.016786 1.257696 3.321375 136 122 99
-3.006082 1.272917 3.314573 135 121 98
-2.770737 1.541588 3.198461 55 49 45
-2.755008 1.554702 3.203596 78 67 60
-3.346700 0.874332 3.448962 161 146 120
-3.334095 0.873489 3.449059 161 145 119
-3.318845 0.890587 3.449444 156 142 114
-3.303410 0.913537 3.435386 150 144 129
-3.299460 0.919986 3.425344 146 140 125
-3.264314 0.956324 3.405379 157 121 68
-3.252885 0.971399 3.404287 156 122 69
-3.245813 0.982712 3.402313 156 121 69
-3.232280 0.999068 3.402295 156 122 70
-3.220903 1.018799 3.398864 155 124 75
-3.210373 1.026763 3.399213 159 127 78
-3.128118 1.119420 3.354763 147 128 102
-3.116295 1.133839 3.352051 147 126 98
-3.102217 1.149059 3.346393 134 116 91
-3.095214 1.161719 3.340257 127 105 79
-3.087189 1.176857 3.335038 119 98 73
-3.027369 1.219551 3.311774 137 117 88
-3.021576 1.231742 3.309838 137 117 88
-3.011701 1.247729 3.301180 133 114 85
-2.999826 1.257975 3.294082 143 115 78
-2.763395 1.537740 3.185546 73 63 57
-2.751802 1.539075 3.183140 87 72 62
-3.342357 0.865781 3.427715 163 143 110
-3.330675 0.866149 3.429543 159 138 104
-3.293902 0.904175 3.421550 144 115 83
-3.292359 0.913737 3.410856 125 108 84
-3.280176 0.926411 3.401539 144 108 62
-3.266247 0.945064 3.401048 149 111 59
-3.257503 0.962180 3.398890 151 113 60
-3.242986 0.968675 3.402210 152 114 59
-3.126020 1.095333 3.341373 147 128 101
-3.119512 1.102817 3.338482 146 125 96
-3.109986 1.120998 3.329659 133 113 84
-3.098504 1.136749 3.323120 127 107 80
-3.095273 1.151243 3.317587 121 104 75
-3.026068 1.209606 3.293783 137 115 84
-3.015293 1.224102 3.290949 135 114 85
-3.007202 1.236328 3.281249 126 106 77
-2.996193 1.251311 3.274764 122 100 71
-2.983690 1.263211 3.270981 126 105 73
-2.757882 1.523795 3.167015 166 130 88
-2.748414 1.529371 3.170501 170 138 94
-3.325243 0.858903 3.411655 157 130 89
-3.284426 0.916085 3.398613 137 106 66
-3.129531 1.080128 3.324640 147 123 93
-3.117795 1.094658 3.314960 145 122 87
-3.105338 1.110909 3.310078 134 112 82
-3.100459 1.124390 3.312122 128 108 81
-3.091686 1.142761 3.306111 110 99 79
-3.022701 1.199871 3.277950 139 116 84
-3.011778 1.208871 3.272070 136 112 80
-3.002019 1.226909 3.266809 127 105 74
-2.990054 1.243140 3.263164 120 98 69
-2.753642 1.514511 3.153681 176 143 98
-2.745973 1.516436 3.153644 184 154 107
-3.319582 0.850622 3.393689 155 122 75
-3.141381 1.051557 3.307641 149 128 99
-3.128390 1.070603 3.307651 145 122 89
-3.115112 1.084249 3.295956 138 113 82
-3.102361 1.099861 3.295048 132 109 79
-3.017831 1.191818 3.263102 137 114 80
-3.010372 1.199874 3.254941 134 110 77
-2.998644 1.214419 3.249478 121 101 71
-2.986284 1.230930 3.245508 137 107 70
-2.751916 1.501092 3.136709 179 148 102
-2.741127 1.505557 3.136525 189 162 114
-3.313547 0.843059 3.377244 154 118 67
-3.141578 1.034869 3.301487 146 126 97
-3.137876 1.049021 3.293410 148 127 97
-3.123217 1.060339 3.289912 140 118 90
-3.113716 1.077800 3.284216 140 115 84
-3.097012 1.089545 3.278467 137 112 80
-3.014096 1.179788 3.244636 138 114 81
-3.006715 1.186570 3.240293 140 113 77
-2.995808 1.204707 3.234980 119 99 71
-2.980777 1.220326 3.230653 134 106 70
-2.747211 1.488924 3.119098 182 152 107
-2.736207 1.493097 3.124299 186 156 109
-3.308048 0.834863 3.359597 154 116 64
-3.301188 0.832821 3.356314 154 117 62
-3.146426 1.030051 3.279275 144 125 96
-3.131727 1.033898 3.281159 141 120 90
-3.122207 1.048314 3.274477 139 115 85
-3.111921 1.064380 3.268256 138 114 83
-3.098833 1.081959 3.260660 137 110 74
-3.023001 1.152740 3.232060 138 114 81
-3.010441 1.165187 3.229447 138 114 81
-3.002015 1.180797 3.221395 119 100 71
-2.990458 1.194622 3.216022 118 96 67
-2.979045 1.205773 3.210132 130 106 71
-2.743063 1.476366 3.102755 174 145 107
-3.308926 0.828984 3.339620 156 120 66
-3.299216 0.827028 3.339696 155 118 63
-3.144593 0.994760 3.269983 144 120 93
-3.136644 1.010599 3.267278 139 118 90
-3.128519 1.021725 3.261220 138 115 87
-3.117927 1.038089 3.254505 139 114 83
-3.106899 1.051618 3.249982 145 120 87
-3.031600 1.129689 3.219799 143 119 85
-3.020276 1.141168 3.214892 142 117 83
-3.006790 1.159402 3.208129 112 95 69
-2.999479 1.171384 3.200888 103 86 63
-2.986939 1.185045 3.198790 120 97 66
-2.973931 1.199901 3.189525 129 104 68
-2.749460 1.458181 3.080819 89 72 60
-2.740726 1.465473 3.087801 125 102 77
-3.308134 0.823642 3.325695 159 123 68
-3.293365 0.820835 3.318107 159 124 70
-3.143150 0.985374 3.251484 136 113 86
-3.134425 0.998669 3.247236 136 113 86
-3.126184 1.011672 3.245234 135 113 86
-3.113956 1.027894 3.236641 138 112 82
-3.101579 1.044431 3.229877 144 122 92
-3.044906 1.100328 3.209824 145 121 87
-3.034013 1.115469 3.203625 142 117 84
-3.014991 1.129920 3.195845 128 106 76
-3.004424 1.147077 3.188460 102 87 65
-2.996841 1.161279 3.188760 101 86 64
-2.982485 1.173599 3.176236 125 100 67
-2.973543 1.192106 3.169865 125 99 63
-2.747967 1.447925 3.069591 146 118 84
-2.736032 1.450084 3.072507 151 123 86
-3.284979 0.817353 3.300669 164 133 80
-3.275941 0.821901 3.296458 160 127 78
-3.261112 0.836903 3.288452 148 113 65
-3.247600 0.851030 3.281514 145 110 64
-3.231932 0.868161 3.275384 142 110 67
-3.219128 0.881705 3.270833 140 109 68
-3.208826 0.895693 3.263328 141 111 70
-3.192399 0.908661 3.260091 137 107 70
-3.175756 0.925393 3.253036 105 75 50
-3.164282 0.941044 3.247000 120 91 61
-3.156002 0.951530 3.243166 124 95 64
-3.140663 0.971236 3.236366 124 97 69
-3.129334 0.986826 3.232298 128 104 79
-3.121798 1.001982 3.228110 133 112 85
-3.097242 1.015504 3.216182 139 119 93
-3.076523 1.044128 3.207219 149 129 100
-3.067580 1.058493 3.200922 142 122 93
-3.050555 1.078187 3.190634 136 114 87
-3.038653 1.094570 3.191278 136 114 83
-3.029139 1.106837 3.184715 131 109 77
-3.014348 1.121612 3.180391 119 99 72
-3.003570 1.137841 3.176484 116 96 69
-2.992786 1.147566 3.170590 129 104 71
-2.987886 1.165075 3.169882 128 102 65
-2.741732 1.432930 3.056625 181 149 102
-2.732786 1.439411 3.062469 188 157 108
-3.274365 0.823789 3.284992 165 136 89
-3.259197 0.832908 3.280731 161 130 85
-3.245321 0.849421 3.272416 157 128 83
-3.232691 0.864663 3.265687 156 128 86
-3.221395 0.880982 3.259329 154 127 87
-3.206119 0.894550 3.255170 153 126 87
-3.197291 0.907209 3.250195 149 123 84
-3.182992 0.923894 3.242814 128 98 64
-3.169421 0.938183 3.235923 111 81 55
-3.156244 0.953678 3.229678 127 97 64
-3.146267 0.967012 3.224338 122 94 63
-3.127129 0.980043 3.215190 126 103 79
-3.117198 0.990568 3.210460 132 112 87
-3.101774 1.001902 3.203566 132 112 88
-3.085694 1.022716 3.194528 139 119 91
-3.071739 1.037956 3.191312 140 120 91
-3.064979 1.051790 3.185406 135 115 87
-3.050164 1.068211 3.178729 130 109 81
-3.039370 1.082542 3.176558 127 105 77
-3.026215 1.097879 3.170764 130 105 74
-3.012737 1.115100 3.166855 127 102 71
-2.995097 1.128794 3.161702 134 106 71
-2.997679 1.146388 3.157594 128 102 68
-2.741786 1.417330 3.040786 180 148 102
-3.124536 0.971381 3.200536 132 113 91
-3.114008 0.979622 3.195820 136 117 94
-3.098930 0.998896 3.189468 134 114 90
-3.086593 1.012610 3.186546 137 116 90
-3.072512 1.027428 3.178199 136 114 86
-3.058537 1.044653 3.170660 133 110 82
-3.047819 1.058330 3.168500 133 108 79
-3.037807 1.073571 3.162382 133 106 73
-3.022171 1.081931 3.160097 133 107 75
-3.008383 1.104021 3.152711 139 110 75
-3.004843 1.115233 3.146671 137 109 72
-2.746340 1.401465 3.024247 182 151 104
-2.737177 1.402621 3.026493 184 154 106
-3.124332 0.944367 3.185348 134 117 98
-3.126258 0.958362 3.181849 134 118 100
-3.097150 0.979509 3.185172 153 130 102
-3.089908 0.994508 3.175199 137 117 92
-3.085205 1.005960 3.164928 137 115 89
-3.068864 1.018572 3.162061 134 111 84
-3.057759 1.033098 3.154394 131 107 79
-3.039089 1.047885 3.153042 138 110 79
-3.036870 1.059670 3.144280 141 111 76
-2.741418 1.389382 3.009446 159 131 93
-2.732959 1.390580 3.012914 181 150 104
-3.123463 0.936008 3.168741 138 123 105
-3.125245 0.946027 3.164247 139 125 108
-2.753901 1.366532 2.989700 93 76 65
-2.741562 1.373020 2.996913 93 74 61
-2.728856 1.383109 3.002960 70 44 39
-3.121649 0.923316 3.152815 141 127 110
-3.123575 0.936631 3.151874 142 130 113
-2.747326 1.355786 2.979983 166 132 90
-2.737951 1.359962 2.984587 162 131 91
-3.119704 0.910162 3.136535 143 130 114
-2.755427 1.330179 2.963395 176 141 94
-2.746150 1.338640 2.969039 178 144 96
-3.118486 0.887925 3.122827 143 132 118
-3.117783 0.900004 3.120080 144 133 119
-2.752644 1.317933 2.948894 169 136 93
-2.743060 1.321190 2.954466 185 154 103
-3.114676 0.877991 3.107099 145 135 121
-3.114057 0.889861 3.102589 147 136 123
-2.750734 1.305008 2.940441 104 83 66
-2.737624 1.311475 2.946364 163 131 88
-3.110731 0.867417 3.089869 146 137 124
-3.111160 0.880740 3.085694 148 138 125
-2.757994 1.279196 2.924279 150 118 83
-2.749445 1.289078 2.931442 170 136 91
-3.107265 0.859281 3.073402 149 140 129
-3.105518 0.869226 3.068664 148 139 127
-2.765315 1.255082 2.910390 147 118 82
-2.756793 1.265139 2.916508 80 64 51
-3.100922 0.845094 3.053737 151 143 133
-3.100529 0.859089 3.052015 151 144 133
-2.775948 1.229810 2.901867 177 143 96
-2.762315 1.239669 2.904178 181 149 102
-3.093993 0.850429 3.033264 150 142 132
-3.092055 0.862578 3.023765 151 144 135
-2.783612 1.204447 2.888995 179 146 99
-2.774674 1.215226 2.891774 181 149 102
-2.760947 1.226259 2.896883 185 157 106
-3.087476 0.842371 3.017976 153 146 135
-3.086356 0.852587 3.008058 151 144 136
-2.806327 1.169490 2.872921 72 61 50
-2.793100 1.180946 2.875366 138 112 81
-2.782112 1.187621 2.879472 177 145 101
-2.772971 1.202956 2.884180 189 161 110
-3.079074 0.833034 3.004272 153 146 138
-3.076883 0.842363 2.993967 153 146 138
-2.829183 1.126869 2.870151 170 134 90
-2.815196 1.138187 2.868722 175 143 98
-2.803150 1.153933 2.868787 148 119 83
-2.787837 1.170088 2.872544 85 71 58
-2.775999 1.174363 2.870547 85 66 47
-3.074188 0.824335 2.992175 160 155 145
-3.067135 0.833968 2.977670 154 146 137
-3.065056 0.843972 2.965603 149 142 130
-2.848293 1.087271 2.864751 174 140 94
-2.836072 1.097021 2.865533 173 140 94
-2.824503 1.112931 2.864057 176 144 98
-2.812684 1.127795 2.866039 178 147 100
-2.799492 1.135344 2.867498 179 147 100
-3.059106 0.825672 2.961861 158 150 138
-3.055948 0.837943 2.951603 148 138 122
-3.050100 0.847915 2.938384 110 91 69
-2.900687 1.017997 2.870496 95 72 57
-2.888686 1.028210 2.867374 107 81 60
-2.871565 1.044661 2.863665 142 114 79
-2.860549 1.060714 2.862484 83 66 52
-2.848532 1.072227 2.861272 140 112 79
-2.836014 1.088363 2.862260 178 147 100
-2.820357 1.100141 2.861553 179 148 101
-3.053113 0.821074 2.951278 162 153 137
-3.044012 0.828606 2.940063 159 146 124
-3.037429 0.841079 2.929713 129 110 83
-3.027170 0.855747 2.919055 78 61 45
-3.016446 0.869952 2.911476 120 95 69
-2.993044 0.889801 2.900185 157 120 78
-2.993794 0.892205 2.899845 159 125 81
-2.978304 0.911066 2.890724 160 124 84
-2.963808 0.928706 2.883851 87 66 48
-2.948386 0.944546 2.878727 78 62 49
-2.935716 0.959461 2.877647 171 141 99
-2.919355 0.975409 2.876272 174 143 98
-2.908861 0.988286 2.872854 174 143 98
-2.892483 1.006601 2.868819 141 111 76
-2.880456 1.019800 2.865718 109 86 61
-2.864249 1.037289 2.862757 156 128 88
-2.855437 1.045899 2.860156 104 84 57
-2.840149 1.059477 2.852860 0 0 0
-3.025346 0.835688 2.920364 163 138 99
-3.015582 0.847140 2.913094 89 71 50
-3.004417 0.863360 2.905252 94 73 52
-2.992118 0.874677 2.898674 151 124 88
-2.981900 0.889037 2.894991 164 133 88
-2.969124 0.906846 2.888194 161 128 87
-2.954906 0.921114 2.882073 119 90 62
-2.941037 0.935875 2.877484 76 61 47
-2.928103 0.949526 2.873215 142 118 83
-2.912874 0.963882 2.871281 180 152 106
-2.912452 1.659646 3.604883 118 108 107
-2.907113 1.673832 3.599558 143 135 131
-2.891704 1.687477 3.596286 160 140 117
-2.877138 1.699849 3.590907 168 137 96
-2.863696 1.712433 3.583044 134 94 63
-2.850504 1.717034 3.580633 171 138 90
-2.921710 1.636235 3.593473 98 83 77
-2.919758 1.648740 3.593957 113 102 93
-2.915642 1.666707 3.592801 115 107 111
-2.891846 1.694029 3.582136 169 137 97
-2.879518 1.699702 3.579941 164 130 87
-2.864560 1.713238 3.573171 155 115 78
-2.850115 1.721365 3.560126 144 106 73
-2.833837 1.725414 3.556302 152 110 75
-2.798217 1.780889 3.530353 100 84 68
-2.983888 1.534360 3.609854 182 175 162
-2.965887 1.559227 3.599354 114 92 83
-2.961652 1.572934 3.592721 160 151 136
-2.944645 1.594198 3.586146 119 107 98
-2.933540 1.607737 3.584078 123 113 103
-2.928374 1.621883 3.586667 119 103 95
-2.906763 1.629239 3.578717 145 134 118
-2.844035 1.721226 3.547695 162 125 88
-2.833273 1.723992 3.538254 167 134 96
-2.817700 1.727599 3.537910 177 147 106
-2.792300 1.755718 3.526481 140 113 85
-2.794500 1.770146 3.525147 80 70 59
-2.989272 1.524325 3.598755 170 163 153
-2.982753 1.541549 3.594216 169 161 149
-2.972108 1.559919 3.592454 130 116 102
-2.963172 1.573894 3.586993 138 127 114
-2.947443 1.583508 3.586921 104 90 80
-2.929211 1.597019 3.584064 116 104 100
-2.915716 1.611892 3.577480 134 126 117
-2.830212 1.721645 3.523714 161 135 103
-2.813791 1.723005 3.521682 159 134 102
-2.796942 1.747158 3.509678 136 114 88
-2.790957 1.763624 3.507086 83 74 62
-2.786609 1.771831 3.499148 53 56 50
-2.996187 1.500492 3.586255 168 164 152
-2.993775 1.516651 3.581707 163 155 146
-2.990034 1.529977 3.581021 164 156 146
-2.826825 1.717938 3.507462 157 134 106
-2.813315 1.722354 3.505156 148 125 100
-2.798136 1.740319 3.499843 136 115 91
-2.783321 1.755282 3.488499 96 90 82
-2.782339 1.763142 3.484096 30 31 28
-2.996471 1.492685 3.566994 160 153 143
-2.996465 1.505741 3.569248 160 151 143
-2.782260 1.744196 3.471324 159 151 134
-2.782600 1.758504 3.471998 62 54 52
-2.997883 1.478974 3.552584 161 154 144
-2.786121 1.716380 3.454848 193 169 135
-2.782026 1.726659 3.458374 190 175 149
-2.998469 1.455242 3.536263 161 154 143
-2.998871 1.464249 3.538094 159 152 142
-2.784300 1.707736 3.443482 185 159 123
-2.771937 1.710763 3.447305 149 118 85
-3.002310 1.445704 3.524115 156 149 140
-2.780747 1.696690 3.426617 192 167 127
-3.005856 1.423207 3.507625 160 153 142
-3.001315 1.431054 3.510835 158 151 140
-2.775215 1.686490 3.408735 136 108 81
-2.766830 1.689646 3.409009 148 120 85
-3.004590 1.411822 3.497171 158 150 140
-2.773367 1.676452 3.387384 108 86 67
-2.761048 1.678127 3.387700 149 123 85
-3.007908 1.384409 3.483641 160 154 142
-3.006739 1.397183 3.481387 158 150 139
-2.769401 1.668742 3.370811 189 161 117
-2.756441 1.670029 3.376232 196 172 128
-3.013859 1.360188 3.472159 163 156 143
-3.011891 1.373801 3.466422 158 150 139
-3.009380 1.389553 3.469846 156 149 137
-2.764888 1.658980 3.356250 190 164 122
-2.753914 1.660288 3.360365 193 168 127
-3.015615 1.349612 3.455155 156 148 136
-3.015204 1.361079 3.451677 156 148 135
-2.760390 1.648084 3.337667 190 164 124
-2.750220 1.652395 3.342958 194 169 129
-3.021960 1.324804 3.442762 153 144 129
-3.018742 1.337510 3.442092 154 145 131
-2.756176 1.637830 3.321508 189 163 122
-2.744387 1.636716 3.318451 197 177 134
-3.025213 1.300554 3.436361 155 146 125
-3.024209 1.313200 3.428953 150 138 122
-3.021361 1.330138 3.425944 150 139 124
-2.752664 1.624695 3.302939 179 148 106
-2.738715 1.626545 3.306621 190 162 112
-3.030928 1.270232 3.417250 148 136 117
-3.028330 1.286622 3.417089 149 137 118
-3.029393 1.302367 3.412926 148 135 117
-2.746813 1.612875 3.289625 116 92 70
-2.737183 1.616046 3.287929 68 55 38
-3.034095 1.264169 3.403816 147 135 114
-3.033774 1.277041 3.399846 146 132 112
-2.758612 1.599113 3.274893 89 74 62
-2.744335 1.598161 3.271624 115 91 72
-3.041326 1.235262 3.393552 146 132 111
-3.040320 1.252320 3.387881 145 130 109
-3.039491 1.267186 3.387760 145 130 108
-2.750920 1.583604 3.253683 173 139 93
-2.741447 1.589009 3.258671 174 143 99
-3.344020 0.897976 3.504105 174 167 149
-3.335791 0.905687 3.499093 172 165 149
-3.325476 0.916556 3.495354 174 170 156
-3.317727 0.931635 3.491313 175 174 162
-3.052396 1.208489 3.380984 144 130 107
-3.047961 1.228333 3.376923 141 126 106
-3.043944 1.245842 3.377326 141 126 106
-2.746940 1.574567 3.238805 171 135 91
-2.740537 1.576639 3.240314 179 147 100
-3.343261 0.887227 3.490531 168 158 139
-3.333193 0.896437 3.486419 166 157 141
-3.318152 0.906721 3.480704 171 166 152
-3.310660 0.920458 3.475247 176 175 165
-3.159851 1.084548 3.401875 184 172 146
-3.144767 1.095961 3.399152 181 168 144
-3.133237 1.111042 3.393887 177 163 139
-3.120839 1.122919 3.388796 169 154 129
-3.107785 1.142145 3.380021 158 143 119
-3.096354 1.156584 3.374566 151 137 115
-3.081838 1.168806 3.372459 143 131 110
-3.067629 1.185268 3.369976 139 125 106
-3.056810 1.204320 3.368627 139 125 105
-3.048056 1.216706 3.359884 138 124 104
-3.030043 1.229333 3.345167 136 122 100
-3.023932 1.237359 3.342094 139 125 101
-3.009378 1.255262 3.336218 140 127 105
-2.986543 1.268848 3.333800 125 114 94
-2.744152 1.560137 3.217840 106 77 60
-2.734132 1.563752 3.222293 151 118 83
-3.337323 0.879139 3.475529 168 158 136
-3.328600 0.886937 3.470449 165 154 134
-3.318091 0.895164 3.464739 164 156 139
-3.304735 0.912323 3.457981 171 169 158
-3.218120 1.003504 3.412038 164 131 80
-3.206194 1.012981 3.412814 168 140 92
-3.190961 1.027803 3.409653 169 143 101
-3.181146 1.043058 3.406553 173 150 114
-3.166473 1.059961 3.402913 175 157 127
-3.152930 1.071955 3.400716 174 158 133
-3.141744 1.087172 3.395688 169 153 129
-3.129865 1.100753 3.390066 161 144 120
-3.114743 1.117632 3.382625 153 137 113
-3.104133 1.133562 3.376602 147 131 110
-3.089584 1.147806 3.371607 142 128 109
-3.080584 1.162855 3.366948 139 126 107
-3.066862 1.181771 3.361200 139 125 105
-3.053051 1.195807 3.352668 137 123 102
-3.038787 1.210126 3.345444 138 124 102
-3.025643 1.223909 3.340044 138 123 100
-3.015377 1.237043 3.335617 136 122 100
-3.003749 1.249428 3.329871 136 123 100
-2.989622 1.266915 3.327002 129 116 95
-2.738771 1.547710 3.209342 62 53 49
-2.734263 1.555839 3.211500 79 65 57
-3.322511 0.876805 3.450225 162 148 123
-3.310660 0.889168 3.445374 158 144 120
-3.300093 0.901181 3.439479 159 148 128
-3.254126 0.948177 3.412756 162 128 72
-3.238122 0.957526 3.412682 156 120 65
-3.228318 0.976319 3.410017 155 119 66
-3.213864 0.984959 3.410365 156 121 71
-3.202747 1.005127 3.407894 155 123 73
-3.195478 1.021105 3.404803 159 129 82
-3.107207 1.112128 3.364174 144 127 103
-3.100127 1.123793 3.359292 140 123 99
-3.087382 1.138934 3.356700 135 118 95
-3.071018 1.146655 3.350251 138 120 98
-3.054578 1.162484 3.343867 137 120 96
-3.042131 1.175808 3.335861 133 115 92
-3.027985 1.199006 3.330552 134 116 91
-3.016998 1.213750 3.320586 134 115 89
-3.008673 1.226496 3.316496 136 117 89
-2.997108 1.238348 3.312773 138 118 89
-2.980679 1.251698 3.310171 142 118 85
-2.735171 1.535471 3.189144 82 69 61
-2.722848 1.534728 3.188504 97 81 65
-3.318284 0.869110 3.435602 160 140 109
-3.304474 0.876240 3.428072 156 132 96
-3.291463 0.892525 3.424459 148 123 89
-3.279700 0.904752 3.414783 141 110 69
-3.260984 0.914914 3.410969 150 111 61
-3.249138 0.934627 3.408838 150 112 58
-3.236798 0.951526 3.408532 150 112 57
-3.225752 0.957370 3.411236 152 114 58
-3.115966 1.083840 3.348963 144 125 96
-3.105421 1.097099 3.346203 144 123 92
-3.093824 1.112493 3.336695 131 112 84
-3.051745 1.147681 3.327855 136 118 96
-3.040029 1.163661 3.322647 136 116 94
-3.022723 1.183146 3.312836 136 116 92
-3.015078 1.202698 3.302134 134 113 83
-3.004953 1.214270 3.295985 133 112 81
-2.991814 1.227533 3.292205 135 112 82
-2.974700 1.235408 3.283619 137 111 78
-2.733602 1.524896 3.173579 164 133 92
-2.721480 1.532128 3.183297 172 132 75
-3.313138 0.859306 3.416797 156 130 89
-3.295335 0.864582 3.413494 153 122 78
-3.280637 0.875470 3.411053 150 114 67
-3.273553 0.894324 3.411395 145 107 59
-3.268463 0.907503 3.406166 146 106 55
-3.124753 1.054278 3.330547 147 126 96
-3.117321 1.071331 3.329806 140 120 92
-3.103618 1.088548 3.328272 140 119 90
-3.091968 1.098925 3.317146 134 113 85
-3.022405 1.165002 3.292579 137 118 94
-3.011373 1.191580 3.286469 135 113 83
-3.003399 1.204241 3.281101 134 110 77
-2.988063 1.216417 3.277067 133 109 79
-2.975644 1.226904 3.271811 132 106 74
-2.741613 1.505930 3.151658 176 145 99
-2.728834 1.511662 3.159654 182 151 104
-3.307972 0.849515 3.399476 154 120 72
-3.290076 0.854899 3.400646 152 117 68
-3.284167 0.864675 3.406482 154 120 73
-3.124032 1.043748 3.322206 145 125 96
-3.113016 1.060049 3.317566 140 120 91
-3.102427 1.075298 3.306391 138 116 86
-3.085037 1.094352 3.300403 132 112 85
-3.017614 1.161607 3.282614 137 116 89
-3.006231 1.182241 3.268975 137 113 81
-2.996583 1.192129 3.266409 137 111 77
-2.985974 1.209857 3.258600 137 110 75
-2.973729 1.219456 3.255088 140 112 73
-2.737151 1.496560 3.140938 179 146 100
-2.724334 1.500286 3.144662 185 155 108
-3.303455 0.839761 3.381623 153 117 65
-3.289299 0.840610 3.383056 150 112 60
-3.120085 1.035990 3.304506 140 120 94
-3.112523 1.051717 3.300894 136 115 88
-3.098781 1.066321 3.295822 138 117 86
-3.082643 1.084305 3.295480 134 113 81
-3.012391 1.150940 3.258373 139 115 86
-3.001595 1.169405 3.251694 139 115 82
-2.992619 1.180175 3.249220 135 111 78
-2.981819 1.197278 3.242581 137 110 74
-2.975324 1.211381 3.239427 139 110 69
-2.731918 1.486169 3.126342 181 149 103
-2.720228 1.489287 3.130266 183 152 105
-3.299351 0.831891 3.366802 153 116 63
-3.286308 0.831647 3.364391 150 113 59
-3.116634 1.012947 3.294721 138 118 91
-3.117287 1.020159 3.289241 135 114 88
-3.112716 1.041421 3.282446 138 113 83
-3.099325 1.060216 3.276325 142 114 78
-3.021448 1.122675 3.249430 141 121 93
-3.011425 1.144926 3.244002 137 114 84
-2.998180 1.159469 3.237387 140 114 81
-2.991652 1.173545 3.228809 128 106 75
-2.977813 1.188679 3.226035 134 108 74
-2.969403 1.202097 3.228519 141 118 79
-2.727004 1.474084 3.109436 175 144 104
-2.720372 1.479335 3.114150 189 160 112
-3.296793 0.824992 3.354348 154 116 64
-3.279434 0.823830 3.346302 152 115 61
-3.264911 0.822464 3.340000 147 112 58
-3.167316 0.938673 3.297762 134 104 68
-3.150476 0.953761 3.288508 129 101 70
-3.143874 0.965482 3.287350 134 108 76
-3.134180 0.978201 3.284066 135 110 80
-3.121058 0.997058 3.277013 134 112 85
-3.116141 1.010568 3.272462 134 112 86
-3.109181 1.030292 3.263131 137 111 81
-3.091164 1.048217 3.252041 142 117 84
-3.044210 1.081828 3.244408 144 122 92
-3.030014 1.100368 3.241620 142 118 88
-3.021358 1.115552 3.231468 142 118 86
-3.010806 1.133703 3.224271 138 115 82
-2.995162 1.147675 3.217028 129 107 76
-2.986891 1.164126 3.208401 129 106 73
-2.970899 1.174724 3.207503 133 107 71
-2.963330 1.194444 3.210119 136 108 69
-2.723163 1.461662 3.094369 123 98 75
-2.715526 1.466053 3.097331 159 126 86
-3.273547 0.816065 3.326973 155 120 66
-3.260425 0.821427 3.324055 148 112 61
-3.246292 0.832878 3.317132 140 103 55
-3.230081 0.849847 3.309053 138 101 57
-3.216617 0.865735 3.302368 135 100 57
-3.203763 0.880991 3.297764 133 99 57
-3.190372 0.897355 3.292068 129 95 58
-3.181084 0.910793 3.288775 116 83 52
-3.168130 0.927309 3.284588 125 92 57
-3.155151 0.945035 3.279691 131 101 66
-3.145534 0.956649 3.274797 131 104 71
-3.130019 0.976477 3.266732 131 106 77
-3.119854 0.989102 3.261695 130 107 80
-3.114698 1.001066 3.255780 132 111 85
-3.098656 1.018539 3.244636 133 110 81
-3.079567 1.027364 3.246956 141 118 91
-3.048428 1.062049 3.229412 140 116 90
-3.038652 1.076521 3.219794 141 116 87
-3.031787 1.089207 3.218225 142 118 87
-3.019164 1.104750 3.213642 140 115 82
-3.005606 1.121408 3.205084 132 110 79
-2.993659 1.136832 3.199135 128 105 74
-2.982130 1.149286 3.193478 134 107 72
-2.729865 1.435791 3.071958 151 115 72
-2.720627 1.446099 3.077557 142 114 81
-3.274478 0.812676 3.311832 160 126 73
-3.262435 0.821733 3.307215 151 116 65
-3.248501 0.830806 3.301419 149 113 64
-3.234502 0.847358 3.296449 143 108 60
-3.220745 0.862876 3.290292 141 108 62
-3.207877 0.877696 3.284748 141 109 65
-3.195324 0.893297 3.278753 139 107 66
-3.184648 0.906171 3.271635 132 101 63
-3.172501 0.922059 3.266198 111 80 50
-3.161200 0.937483 3.259707 128 98 62
-3.149310 0.953629 3.254475 128 100 67
-3.136435 0.969892 3.249305 124 98 70
-3.116566 0.979175 3.241684 125 104 79
-3.106052 0.992570 3.234678 130 110 84
-3.087107 1.002985 3.233086 130 109 84
-3.075412 1.019794 3.223697 136 114 87
-3.059492 1.038284 3.214545 140 119 92
-3.045702 1.052296 3.215342 134 114 87
-3.034806 1.068255 3.204362 136 114 86
-3.025310 1.082710 3.200630 136 111 80
-3.016339 1.099277 3.193387 135 111 78
-3.003595 1.116224 3.188744 129 106 75
-2.988892 1.133851 3.185082 137 110 75
-2.973231 1.145373 3.180504 140 111 70
-2.967937 1.147945 3.165177 136 105 65
-2.729389 1.427664 3.060993 174 140 93
-2.718715 1.431929 3.063740 181 148 100
-3.239107 0.843129 3.282821 155 123 78
-3.222091 0.862067 3.275267 155 126 82
-3.209780 0.877391 3.268743 154 126 85
-3.115984 0.953863 3.224175 125 105 83
-3.114283 0.969102 3.224822 127 107 83
-3.100555 0.982111 3.218389 134 114 89
-3.088378 0.997303 3.212504 132 112 86
-3.073614 1.014063 3.206589 136 114 86
-3.061262 1.030217 3.202711 136 114 86
-3.048756 1.042054 3.198825 135 113 86
-3.036446 1.057845 3.191615 134 111 83
-3.026425 1.072233 3.183378 129 106 77
-3.014193 1.089402 3.180258 135 109 76
-3.001106 1.104671 3.174716 138 110 74
-2.982856 1.121537 3.173382 142 113 77
-2.972732 1.137144 3.167427 139 111 73
-2.725029 1.415763 3.048329 179 146 98
-2.714244 1.420920 3.052687 181 149 101
-3.118120 0.948906 3.213571 128 109 86
-3.113253 0.959011 3.212517 131 113 91
-3.103583 0.973455 3.204947 139 119 96
-3.086556 0.990647 3.200256 134 113 87
-3.072225 1.004914 3.192123 137 114 86
-3.058425 1.019726 3.188402 136 113 83
-3.044587 1.035554 3.180966 137 112 82
-3.031805 1.048712 3.174409 138 110 78
-3.020675 1.064283 3.172721 131 105 74
-3.010352 1.077715 3.166494 138 112 76
-3.002202 1.094953 3.155459 141 111 77
-2.721306 1.400414 3.032697 182 150 103
-3.117984 0.917369 3.196407 137 121 99
-3.119297 0.936486 3.197388 134 116 95
-3.090429 0.977788 3.182088 138 118 91
-3.068523 0.995256 3.176380 141 120 92
-3.052111 1.012114 3.171883 139 115 84
-3.037369 1.026157 3.163300 139 112 80
-3.034196 1.033762 3.158872 142 117 87
-2.726898 1.377009 3.012325 87 77 67
-2.721966 1.386988 3.015812 161 133 95
-3.116540 0.908285 3.183209 138 123 102
-3.119165 0.922412 3.178333 136 120 101
-2.722401 1.369766 3.003315 93 76 63
-2.716120 1.375687 3.003808 48 35 30
-3.113383 0.900287 3.168057 139 123 105
-3.117220 0.910938 3.162438 138 123 106
-2.722198 1.353887 2.988039 159 128 89
-3.112231 0.890896 3.151494 140 127 110
-3.114207 0.898549 3.143429 141 128 112
-2.727843 1.331174 2.972072 176 142 95
-2.719860 1.338829 2.977498 183 151 102
-3.110917 0.881727 3.131548 141 129 115
-3.111948 0.890757 3.129413 142 130 116
-2.739747 1.310940 2.953338 124 86 58
-2.727478 1.317161 2.958577 177 143 98
-3.109406 0.873733 3.114510 143 132 119
-3.109814 0.881804 3.118853 143 132 118
-2.732263 1.297117 2.944165 97 79 66
-2.724759 1.305021 2.949177 103 83 64
-3.104776 0.862039 3.097449 144 134 122
-2.743360 1.271943 2.927119 135 103 79
-2.730962 1.283285 2.935666 158 127 88
-3.100779 0.851248 3.078974 147 138 127
-2.752230 1.250123 2.914529 93 74 60
-2.740566 1.258801 2.919719 97 77 61
-2.728652 1.267614 2.925930 178 146 97
-3.095731 0.840958 3.061442 149 141 131
-3.094434 0.849641 3.055842 150 141 131
-2.760741 1.219263 2.902408 179 146 96
-2.751647 1.232581 2.905962 177 145 99
-2.739808 1.244495 2.911234 161 130 87
-3.089997 0.830435 3.048409 151 144 134
-3.088056 0.838551 3.041903 150 142 133
-2.769461 1.199045 2.891639 179 147 101
-2.758444 1.207711 2.894835 181 149 102
-2.745671 1.219891 2.900208 183 153 105
-3.082903 0.819594 3.034451 152 145 136
-3.082286 0.829446 3.025090 151 143 133
-2.764876 1.183638 2.883059 164 132 94
-2.757465 1.194037 2.886771 185 156 107
-3.075967 0.807397 3.018139 157 150 141
-3.073917 0.822222 3.007699 154 147 138
-3.072239 0.828457 2.995204 150 145 137
-2.788072 1.146024 2.869343 165 130 89
-2.777265 1.158460 2.872928 104 85 65
-2.763249 1.170452 2.877494 110 88 68
-3.065496 0.812474 2.991142 157 151 142
-3.066014 0.821643 2.984336 156 149 140
-2.806635 1.103273 2.867732 176 144 98
-2.797633 1.119864 2.867776 178 146 100
-2.785330 1.136397 2.868913 177 145 100
-2.771388 1.143764 2.869921 177 144 94
-3.057522 0.801758 2.978389 158 152 142
-3.054955 0.811724 2.968245 155 146 135
-2.843086 1.053895 2.864164 74 63 51
-2.831652 1.067272 2.862814 143 118 85
-2.820427 1.076296 2.864267 177 146 102
-2.806757 1.091262 2.864558 181 151 105
-2.794645 1.104675 2.862862 185 157 110
-3.043234 0.803464 2.953814 156 145 130
-3.039674 0.817883 2.942538 156 143 125
-3.030831 0.828300 2.930730 155 138 111
-2.917517 0.957893 2.878716 155 120 79
-2.907408 0.967993 2.876218 174 143 98
-2.895942 0.978850 2.872623 172 140 95
-2.880386 0.994277 2.870028 136 109 76
-2.864943 1.008359 2.867132 105 84 62
-2.853210 1.025996 2.865871 158 129 92
-2.842975 1.038833 2.863648 130 103 72
-2.825164 1.053100 2.861699 63 53 43
-2.814833 1.062032 2.860930 159 126 92
-3.027787 0.810227 2.931189 156 138 116
-3.017902 0.821938 2.921500 158 133 99
-3.006569 0.836597 2.912245 124 99 69
-2.993454 0.848434 2.904172 74 58 42
-2.980740 0.864263 2.897961 103 81 60
-2.967786 0.877553 2.893035 159 129 90
-2.952825 0.892705 2.888794 158 125 85
-2.938323 0.908281 2.882663 145 112 75
-2.924602 0.922337 2.878660 83 66 49
-2.912259 0.939226 2.874445 112 91 67
-2.901521 0.953876 2.874020 176 145 103
-2.889679 0.968917 2.871538 176 145 100
-2.873873 0.984766 2.867924 147 117 79
-2.859493 0.999903 2.857763 0 0 0
-3.008790 0.813793 2.915765 159 130 92
-2.997041 0.828105 2.908344 164 135 92
-2.986212 0.842895 2.902302 82 63 45
-2.974241 0.857697 2.895233 78 61 45
-2.958711 0.872576 2.890809 149 120 83
-2.946968 0.884669 2.888035 164 132 89
-2.931991 0.903435 2.880699 166 133 88
-2.918117 0.921708 2.870015 23 11 8
-2.996114 1.523732 3.662472 175 170 155
-2.902076 1.634303 3.617565 139 123 92
-2.901424 1.650467 3.616244 112 103 100
-2.890864 1.665586 3.617720 135 126 124
-2.879234 1.681517 3.612822 160 153 150
-2.866652 1.695553 3.604474 167 141 112
-2.853150 1.706811 3.594216 139 99 66
-2.837027 1.715707 3.589359 164 127 79
-2.997043 1.516667 3.649707 174 168 156
-2.984351 1.528354 3.643201 174 165 151
-2.976293 1.536145 3.634878 177 169 154
-2.911200 1.631974 3.603297 84 69 66
-2.903009 1.636070 3.607676 101 88 78
-2.844620 1.709552 3.582953 125 95 71
-2.834097 1.718552 3.573697 112 73 51
-2.823936 1.722746 3.564314 136 96 67
-2.807509 1.729569 3.561914 31 0 0
-2.999442 1.499587 3.641361 172 167 157
-2.992293 1.509591 3.630506 168 161 153
-2.984635 1.524356 3.624797 173 165 154
-2.969375 1.538024 3.618324 175 164 150
-2.958405 1.550212 3.610763 165 154 138
-2.947745 1.566176 3.600918 157 147 133
-2.932218 1.587996 3.591042 133 123 110
-2.922619 1.601392 3.586934 123 117 107
-2.908373 1.616087 3.592035 128 116 102
-2.898786 1.620729 3.582587 140 131 117
-2.832959 1.718771 3.556790 125 93 67
-2.817692 1.722519 3.551247 139 101 73
-2.805102 1.725816 3.543143 174 145 105
-2.787695 1.749310 3.532560 140 115 88
-2.788347 1.759087 3.531986 91 78 66
-2.989924 1.503433 3.614673 164 158 151
-2.985413 1.517450 3.611476 169 162 153
-2.974374 1.535140 3.607940 174 164 152
-2.958232 1.551386 3.603622 152 139 124
-2.942428 1.560451 3.598384 145 132 119
-2.929863 1.577395 3.590814 133 120 109
-2.917346 1.592678 3.586151 129 119 109
-2.905196 1.603650 3.583179 128 119 109
-2.812379 1.719735 3.534908 165 135 105
-2.802049 1.722633 3.530379 157 129 98
-2.785827 1.737572 3.523365 154 129 100
-2.781176 1.750810 3.515135 132 117 97
-2.987558 1.493046 3.597578 164 159 151
-2.985288 1.504071 3.591812 162 155 147
-2.778135 1.729615 3.506865 177 151 116
-2.774960 1.738720 3.500080 172 153 124
-2.986184 1.481779 3.580018 160 154 146
-2.986430 1.500011 3.580608 165 159 149
-2.773146 1.719868 3.485828 189 161 121
-2.769841 1.726698 3.483134 191 169 136
-2.983450 1.457798 3.567861 161 156 145
-2.985815 1.466855 3.563005 159 152 144
-2.774541 1.713414 3.458703 185 153 113
-2.765045 1.715950 3.466198 182 153 111
-2.984983 1.446590 3.549319 158 152 144
-2.986730 1.457179 3.549583 159 152 144
-2.771108 1.704983 3.448530 164 129 89
-2.761409 1.705735 3.450077 144 114 80
-2.988311 1.420978 3.535190 161 156 146
-2.988916 1.434895 3.534498 158 152 143
-2.767519 1.695193 3.432302 190 163 122
-2.759670 1.695997 3.432247 197 173 131
-2.988827 1.413362 3.523174 159 153 143
-2.990166 1.423007 3.522946 158 151 141
-2.761528 1.683039 3.413713 113 87 68
-2.752267 1.685451 3.415188 140 112 81
-2.996280 1.387125 3.505898 162 156 146
-2.992654 1.399335 3.506872 159 152 143
-2.759509 1.674999 3.396554 104 80 62
-2.748243 1.675418 3.396888 138 111 82
-2.997850 1.375900 3.493286 159 152 142
-2.997227 1.388354 3.496093 159 152 143
-2.754570 1.661470 3.374280 185 154 111
-2.744491 1.664583 3.380039 194 169 128
-3.002669 1.349554 3.478235 159 151 140
-3.000217 1.360970 3.479680 158 150 139
-2.745260 1.651724 3.363634 189 163 125
-2.739916 1.654612 3.363219 194 169 129
-3.006600 1.323206 3.470935 158 153 142
-3.006616 1.337188 3.467814 157 149 138
-2.737635 1.644691 3.346466 193 168 127
-3.011614 1.297562 3.458635 157 150 137
-3.012765 1.313863 3.454889 155 147 134
-3.007885 1.329438 3.457685 154 146 135
-2.741929 1.634093 3.332477 187 157 113
-2.731384 1.632291 3.328532 191 165 123
-3.018711 1.287943 3.440989 152 143 127
-3.015527 1.301766 3.444332 152 142 128
-2.737653 1.620843 3.308721 161 122 86
-2.728570 1.621542 3.311957 164 133 95
-3.023787 1.264745 3.429136 151 140 124
-3.021629 1.276130 3.429827 151 139 123
-2.730671 1.606982 3.293786 92 74 62
-2.722919 1.611878 3.298874 110 87 65
-3.031111 1.237851 3.416410 149 137 119
-3.028264 1.252912 3.416054 148 135 117
-3.025242 1.268217 3.417105 147 133 115
-2.727227 1.595284 3.276766 121 95 73
-2.716479 1.596782 3.281861 115 91 67
-3.039730 1.213945 3.404064 146 132 114
-3.037041 1.227308 3.402902 146 133 114
-3.033840 1.241586 3.400264 147 130 110
-2.723947 1.584680 3.262423 178 146 101
-2.719122 1.592400 3.268858 201 173 114
-3.047507 1.187333 3.394280 143 131 110
-3.043402 1.202727 3.391843 142 128 110
-3.039115 1.217215 3.387198 141 127 108
-2.719767 1.572130 3.244580 178 146 101
-3.058937 1.161199 3.382358 136 124 105
-3.054554 1.178467 3.381965 138 124 106
-3.046592 1.193187 3.377785 139 126 107
-3.028710 1.207073 3.366966 141 128 108
-3.015784 1.221544 3.353572 143 130 108
-3.003004 1.228151 3.353029 145 129 105
-2.996196 1.245155 3.344395 144 129 106
-2.728524 1.552277 3.221897 55 46 44
-2.714434 1.560492 3.230696 140 112 82
-3.179684 1.017414 3.415692 171 145 102
-3.167913 1.033190 3.410844 172 151 115
-3.153595 1.049071 3.406646 173 155 126
-3.139841 1.064367 3.402646 171 154 128
-3.127820 1.077357 3.397640 165 149 122
-3.115914 1.092337 3.392581 159 142 117
-3.101316 1.109667 3.384769 149 133 109
-3.089138 1.123047 3.380041 142 128 106
-3.077696 1.139780 3.375648 138 124 105
-3.063872 1.153309 3.376112 135 122 105
-3.053127 1.168352 3.370774 136 124 107
-3.037476 1.183288 3.364413 137 125 106
-3.021485 1.197828 3.357373 140 127 107
-3.013385 1.213667 3.346182 141 127 105
-3.000971 1.223673 3.343359 142 126 102
-2.988866 1.237263 3.338027 142 127 103
-2.725861 1.539895 3.214357 52 43 42
-2.714077 1.550782 3.217796 69 59 54
-3.227123 0.955023 3.416175 155 118 65
-3.213254 0.965869 3.416999 157 123 72
-3.200597 0.981231 3.413583 156 124 74
-3.186279 0.994067 3.410973 158 127 79
-3.174198 1.008269 3.409860 163 134 89
-3.161154 1.023524 3.406537 167 143 104
-3.148446 1.038844 3.403390 167 147 116
-3.133849 1.055069 3.399071 161 143 117
-3.120492 1.072302 3.391384 153 134 109
-3.102501 1.082021 3.381400 145 127 102
-3.095546 1.097171 3.378239 139 122 99
-3.086855 1.113469 3.368489 138 122 99
-3.070810 1.128099 3.364545 134 119 97
-3.056152 1.142528 3.357045 136 120 98
-3.042143 1.153977 3.348570 135 117 93
-3.031326 1.169355 3.344132 135 117 93
-3.019266 1.187879 3.336960 135 118 93
-3.005900 1.202238 3.332069 137 118 92
-2.995633 1.215871 3.325378 138 119 92
-2.985526 1.228599 3.317128 142 122 94
-2.972828 1.246196 3.318546 144 123 92
-2.721547 1.531046 3.197019 60 49 46
-2.710666 1.534206 3.197725 85 76 66
-3.250654 0.912179 3.414997 152 116 64
-3.237267 0.923887 3.412722 150 114 62
-3.223333 0.939769 3.412380 150 113 60
-3.208156 0.956856 3.410941 150 114 62
-3.193855 0.970930 3.410080 152 118 68
-3.106459 1.079008 3.357366 142 122 93
-3.094876 1.087312 3.352323 140 121 93
-3.084461 1.103158 3.348262 133 115 87
-3.057084 1.119998 3.351672 133 119 98
-3.047181 1.137930 3.338610 138 122 98
-3.028785 1.157239 3.329991 136 119 93
-3.014685 1.175437 3.319531 136 117 91
-3.001390 1.193048 3.311606 135 115 87
-2.989662 1.208477 3.307513 135 115 86
-2.977220 1.217782 3.299651 138 115 85
-2.972270 1.234402 3.297235 142 121 89
-2.714370 1.520175 3.181775 108 86 68
-2.707373 1.520660 3.181216 130 103 76
-3.273406 0.871101 3.410098 150 115 66
-3.257369 0.884284 3.410078 150 113 60
-3.244809 0.896982 3.412402 149 111 59
-3.229662 0.913064 3.410389 150 112 59
-3.219119 0.925957 3.407467 150 112 58
-3.114903 1.048815 3.340892 144 123 95
-3.102607 1.064229 3.339039 138 119 92
-3.092783 1.076656 3.335472 136 116 89
-3.078272 1.091967 3.333878 136 117 88
-3.010636 1.162548 3.301368 137 118 90
-2.997362 1.182052 3.295458 135 114 86
-2.987653 1.194376 3.291397 136 114 85
-2.975059 1.207228 3.284223 136 113 83
-2.962166 1.220100 3.277978 139 114 81
-2.712716 1.507544 3.164883 179 147 102
-2.701465 1.507383 3.166272 187 160 110
-3.279185 0.850529 3.399244 152 116 65
-3.264841 0.862037 3.402218 150 113 61
-3.253169 0.868977 3.405104 151 112 60
-3.115819 1.014821 3.336755 143 122 93
-3.106741 1.036886 3.328990 139 118 91
-3.100865 1.052828 3.325202 135 115 89
-3.092155 1.065749 3.316033 136 117 89
-3.077684 1.083741 3.316428 135 112 85
-3.007089 1.154056 3.285441 138 117 89
-2.991615 1.170465 3.279186 137 115 86
-2.982265 1.185670 3.275458 138 115 85
-2.974890 1.198362 3.270013 135 111 79
-2.708180 1.496029 3.150989 184 153 106
-3.275101 0.840822 3.386057 149 112 60
-3.260039 0.845845 3.388070 148 110 58
-3.162546 0.948590 3.344729 142 112 70
-3.150333 0.960516 3.335459 143 114 75
-3.139448 0.976894 3.330993 143 116 82
-3.128913 0.989960 3.325824 141 117 86
-3.114486 1.009222 3.323357 140 118 89
-3.106152 1.024441 3.316673 136 115 89
-3.099424 1.042412 3.310328 136 116 89
-3.083282 1.061724 3.302377 135 114 84
-3.010690 1.115917 3.272034 144 121 95
-3.002996 1.144727 3.267141 135 115 88
-2.988444 1.163124 3.261832 137 114 85
-2.977514 1.173124 3.256025 138 115 84
-2.968568 1.189060 3.249304 137 113 79
-2.960541 1.208477 3.245437 144 114 72
-2.706357 1.483829 3.134312 183 152 106
-3.271176 0.831431 3.370028 148 110 58
-3.256771 0.834035 3.369545 145 107 56
-3.170500 0.924717 3.331728 131 99 59
-3.158928 0.940497 3.327059 135 103 64
-3.150544 0.956038 3.324004 138 109 71
-3.139727 0.972142 3.317154 140 113 78
-3.130236 0.984956 3.310512 137 112 82
-3.116129 1.002642 3.301509 136 113 85
-3.105617 1.013848 3.298955 132 112 87
-3.096481 1.032761 3.295948 133 113 86
-3.008667 1.117559 3.257715 140 120 91
-2.996367 1.135579 3.250951 136 115 87
-2.984627 1.152532 3.244298 137 114 84
-2.977770 1.162214 3.239798 136 113 81
-2.966499 1.173444 3.235518 136 111 78
-2.715324 1.470598 3.120759 180 148 101
-2.703195 1.472447 3.119238 186 156 109
-3.268026 0.822513 3.352759 149 113 60
-3.254548 0.827468 3.349204 144 107 56
-3.238010 0.836789 3.343205 134 96 49
-3.222988 0.849867 3.337816 125 86 45
-3.207643 0.866680 3.329026 117 81 44
-3.194173 0.883096 3.326314 111 76 42
-3.184723 0.898690 3.320286 111 77 45
-3.170994 0.917580 3.315502 122 89 53
-3.162471 0.931586 3.310102 128 96 59
-3.152121 0.949403 3.300566 131 102 67
-3.142204 0.963476 3.295243 134 106 73
-3.130753 0.979398 3.290269 136 112 80
-3.109498 0.995227 3.284031 130 109 83
-3.102102 1.002755 3.282589 130 110 84
-3.083425 1.013648 3.278142 137 116 89
-3.071695 1.034818 3.268116 140 116 87
-3.055389 1.049278 3.264905 145 123 92
-3.040539 1.068674 3.258776 147 122 93
-3.031584 1.076962 3.251916 146 124 95
-3.019425 1.093239 3.244245 142 118 88
-3.006958 1.106285 3.239975 137 116 88
-2.996018 1.124531 3.233112 136 114 84
-2.983718 1.138254 3.226567 134 112 82
-2.970083 1.154737 3.224429 134 110 79
-2.966687 1.171570 3.220553 128 102 70
-2.707610 1.452987 3.097744 96 74 61
-2.699260 1.458745 3.103741 138 108 78
-3.265090 0.814992 3.337417 153 119 66
-3.253469 0.822586 3.330729 146 110 60
-3.239576 0.832526 3.326873 140 103 55
-3.224531 0.847988 3.321988 134 97 53
-3.210301 0.864487 3.314852 130 95 53
-3.197346 0.879857 3.310162 126 92 52
-3.186541 0.894651 3.304458 121 88 52
-3.177609 0.908067 3.297298 119 86 52
-3.165536 0.926180 3.291654 129 96 58
-3.157405 0.936943 3.285761 134 101 62
-3.123334 0.973082 3.268467 118 93 69
-3.106152 0.982821 3.267909 126 106 80
-3.094681 0.997219 3.261767 131 111 85
-3.080238 1.005843 3.260271 130 108 83
-3.066211 1.020402 3.249202 133 110 81
-3.052287 1.037847 3.245469 141 117 87
-3.038360 1.054594 3.233575 134 112 82
-3.027129 1.071062 3.232017 137 114 85
-3.016175 1.080380 3.228639 135 114 85
-3.004565 1.096902 3.221949 136 113 84
-2.992265 1.113280 3.214168 133 111 82
-2.980450 1.125618 3.210560 132 109 80
-2.973973 1.144250 3.208621 127 105 77
-2.962290 1.154301 3.198393 139 112 76
-2.702724 1.440888 3.084053 134 107 76
-2.695489 1.444265 3.087691 94 73 53
-3.251400 0.818071 3.318027 155 122 72
-3.238190 0.830444 3.311975 149 115 67
-3.223366 0.844308 3.306602 147 116 69
-3.213866 0.856850 3.300440 145 113 68
-3.198769 0.875862 3.295382 142 112 70
-3.183697 0.895328 3.289377 137 107 66
-3.108066 0.956361 3.252551 123 103 79
-3.106207 0.970291 3.251329 124 104 80
-3.093046 0.984026 3.244426 131 112 87
-3.077670 0.995138 3.241249 129 108 83
-3.061852 1.010732 3.233181 134 112 84
-3.049278 1.028486 3.226379 135 112 83
-3.035510 1.042774 3.219228 129 109 83
-3.023845 1.059731 3.213818 130 108 81
-3.012361 1.070421 3.212136 132 109 81
-3.000598 1.088386 3.205287 134 110 80
-2.987500 1.103288 3.201212 134 110 79
-2.974069 1.124344 3.194379 143 113 79
-2.961772 1.131905 3.183129 139 112 78
-2.701950 1.427268 3.070000 180 147 99
-3.108504 0.946718 3.237039 126 106 83
-3.103098 0.958314 3.233222 128 110 87
-3.090645 0.976244 3.230824 134 115 90
-3.077566 0.989078 3.222466 131 111 86
-3.059225 1.005811 3.217389 136 114 85
-3.044906 1.021509 3.212630 135 111 81
-3.033955 1.035127 3.205877 134 111 82
-3.020871 1.048822 3.199590 133 109 80
-3.011180 1.064868 3.195975 134 110 80
-2.999673 1.078590 3.191483 138 112 79
-2.992173 1.096597 3.187279 128 108 79
-2.972463 1.113437 3.179421 144 113 78
-2.967150 1.125403 3.177184 146 116 76
-2.707294 1.405492 3.054272 172 137 91
-2.700500 1.413258 3.057077 179 146 99
-3.108964 0.919566 3.224561 133 116 92
-3.109542 0.934904 3.224030 128 109 88
-3.102431 0.946024 3.218425 139 121 98
-3.074771 0.980870 3.206146 135 116 91
-3.058270 0.996820 3.206100 139 117 88
-3.043493 1.013231 3.196772 137 114 84
-3.027430 1.025117 3.189709 135 111 80
-3.022630 1.039337 3.185557 139 114 82
-3.009861 1.051080 3.186115 134 109 78
-3.001550 1.066467 3.172724 138 111 78
-2.703333 1.395128 3.040416 182 150 103
-2.694207 1.402380 3.047704 184 152 104
-3.108046 0.912208 3.211628 134 117 97
-3.109733 0.922482 3.209439 133 115 94
-3.053627 0.987394 3.184379 139 118 90
-3.035615 1.005710 3.174358 139 114 85
-3.026793 1.025563 3.172616 142 119 89
-2.700469 1.381703 3.025037 152 126 91
-3.109447 0.905086 3.192734 136 119 99
-3.111447 0.912846 3.191088 136 119 100
-2.708161 1.363567 3.007248 96 80 68
-2.700473 1.364102 3.009502 81 67 57
-3.106774 0.892339 3.176505 138 122 103
-2.704633 1.349408 2.995906 152 121 87
-2.696959 1.354993 3.001183 150 122 88
-3.103008 0.879859 3.159271 139 125 108
-2.712063 1.322637 2.978123 175 140 92
-2.704517 1.332818 2.982867 181 148 102
-3.100222 0.869714 3.143727 139 126 111
-2.706955 1.311630 2.965235 174 142 100
-2.703885 1.323507 2.973668 186 156 104
-3.096623 0.856122 3.127333 140 129 115
-2.717983 1.291137 2.948562 90 77 68
-2.709947 1.296861 2.953714 98 78 64
-3.093637 0.844865 3.109957 141 130 118
-2.727811 1.264831 2.931426 125 92 71
-2.716663 1.277649 2.940186 160 127 89
-2.703970 1.280476 2.945752 166 134 87
-3.089997 0.834679 3.093257 144 134 122
-2.722868 1.252068 2.924233 96 77 63
-2.715600 1.259831 2.930522 133 102 74
-3.085060 0.823606 3.075378 145 136 127
-2.731963 1.224382 2.910663 177 143 95
-2.723874 1.236229 2.915832 145 116 80
-2.709796 1.249051 2.915107 0 0 0
-3.080151 0.815498 3.058493 148 140 131
-2.740166 1.200143 2.899340 177 143 96
-2.729574 1.210432 2.903071 183 151 104
-3.074725 0.807238 3.040384 149 142 134
-2.747174 1.178646 2.886301 183 152 105
-2.739817 1.186243 2.891785 182 150 102
-2.725409 1.198585 2.896468 186 158 107
-3.068089 0.799873 3.022941 152 145 137
-3.065999 0.808737 3.013986 154 147 138
-2.756785 1.150052 2.877902 83 70 57
-2.746333 1.166064 2.881850 125 101 77
-2.735198 1.170369 2.886316 186 156 109
-3.060228 0.789229 3.008405 155 149 140
-3.058468 0.797437 3.000032 155 148 139
-2.791998 1.097463 2.871976 177 147 100
-2.778912 1.107263 2.871022 180 148 103
-2.768261 1.128112 2.871599 180 149 104
-2.757109 1.139014 2.874249 142 113 80
-3.052303 0.777939 2.992346 157 151 141
-3.049245 0.790053 2.982639 154 147 137
-3.045302 0.795273 2.970022 150 143 132
-2.816210 1.060628 2.864883 88 70 59
-2.807122 1.064174 2.865294 156 128 95
-2.792939 1.081289 2.868308 181 150 105
-2.776734 1.098684 2.869418 182 152 107
-3.042013 0.783955 2.968624 158 150 137
-3.037635 0.789979 2.958997 158 148 133
-2.851117 0.998458 2.870239 95 77 59
-2.837364 1.014118 2.868504 176 146 103
-2.824695 1.028337 2.867091 151 120 83
-2.814032 1.044199 2.866635 75 62 51
-2.803541 1.057605 2.865248 129 103 75
-3.032397 0.771349 2.956679 161 154 138
-3.027179 0.783651 2.946427 157 145 127
-3.019433 0.793214 2.932087 157 140 118
-3.010827 0.805842 2.923398 148 124 95
-2.949399 0.876183 2.894088 119 87 59
-2.940946 0.887962 2.888994 160 127 89
-2.922326 0.906815 2.883104 140 105 70
-2.913191 0.916288 2.880093 80 66 51
-2.898346 0.930473 2.876024 93 75 58
-2.886777 0.941343 2.875827 154 125 90
-2.871654 0.958137 2.874457 174 144 100
-2.860917 0.975544 2.871993 146 116 79
-2.844648 0.992466 2.868360 95 74 54
-2.839483 1.001799 2.867282 177 147 104
-3.013116 0.777270 2.930717 164 147 119
-3.010943 0.791177 2.926638 155 135 107
-2.999261 0.803705 2.917810 150 123 89
-2.986671 0.817498 2.910222 155 126 87
-2.971912 0.831114 2.901614 108 86 60
-2.960453 0.846590 2.896990 71 56 43
-2.947143 0.861650 2.891515 104 79 57
-2.936222 0.875638 2.889178 138 109 75
-2.921319 0.894996 2.884117 162 128 87
-2.909321 0.907819 2.880424 105 81 58
-2.891217 0.923396 2.876178 71 57 45
-2.881473 0.931879 2.874604 132 108 79
-2.960444 0.822503 2.897199 182 151 95
-2.953011 0.836808 2.892186 27 16 12
-2.996450 1.515900 3.694965 141 137 131
-2.989935 1.526246 3.692234 148 142 135
-2.980305 1.535139 3.688158 173 161 137
-2.876725 1.664352 3.630530 181 179 172
-2.862358 1.673974 3.628945 177 171 164
-2.849804 1.686353 3.624190 176 161 142
-3.004903 1.492714 3.682874 157 155 142
-2.999518 1.507608 3.681113 147 140 134
-2.989976 1.522858 3.675623 156 146 136
-2.975795 1.532095 3.670409 163 150 131
-2.961910 1.541536 3.663068 170 152 125
-2.891867 1.627459 3.625330 142 128 105
-2.888337 1.640460 3.627434 138 125 113
-2.877363 1.657995 3.628734 158 147 139
-2.862275 1.675154 3.622824 165 154 148
-2.848504 1.691127 3.617825 166 141 117
-2.835954 1.701161 3.607521 128 89 60
-2.823859 1.709189 3.597669 112 73 49
-2.809529 1.716585 3.591258 175 132 80
-3.001335 1.482174 3.668314 161 158 147
-2.998365 1.499750 3.664989 157 150 142
-2.989982 1.515442 3.656851 161 152 143
-2.977755 1.529479 3.652191 166 154 139
-2.961733 1.536687 3.644289 166 151 131
-2.945279 1.546539 3.642365 168 149 123
-2.890724 1.617978 3.617369 136 121 101
-2.890778 1.626636 3.615413 124 108 94
-2.816245 1.707445 3.591163 103 72 52
-2.807248 1.719007 3.577602 116 78 54
-2.793219 1.722417 3.571700 145 109 71
-2.998554 1.479018 3.660762 167 164 153
-2.992222 1.488349 3.646387 163 157 149
-2.989019 1.499412 3.640372 162 155 148
-2.980083 1.521704 3.637100 167 157 147
-2.957848 1.538917 3.631172 168 155 137
-2.943654 1.546474 3.623106 167 154 135
-2.927985 1.555197 3.616034 167 153 135
-2.912230 1.568625 3.610487 163 150 131
-2.898251 1.584926 3.603955 150 136 117
-2.890433 1.605966 3.599585 131 119 105
-2.885713 1.615215 3.591823 139 127 112
-2.803788 1.719834 3.561853 116 76 55
-2.787784 1.722528 3.555102 150 114 81
-2.776189 1.726748 3.545002 174 138 95
-2.985173 1.480830 3.632567 162 157 149
-2.982970 1.486130 3.622958 161 155 148
-2.944919 1.548068 3.609340 167 155 139
-2.931211 1.555938 3.605566 166 156 141
-2.917339 1.567508 3.599604 162 151 138
-2.904343 1.582415 3.594239 149 138 125
-2.895672 1.596999 3.588142 133 124 113
-2.876255 1.612653 3.585298 145 127 110
-2.790979 1.719756 3.541533 162 131 97
-2.770040 1.726035 3.528616 187 159 118
-2.978249 1.469325 3.615207 167 164 152
-2.978890 1.478823 3.610307 161 155 147
-2.763569 1.722636 3.513397 191 160 115
-2.755831 1.723980 3.511861 181 140 95
-2.973235 1.455373 3.592981 159 151 143
-2.975622 1.466653 3.593034 160 154 146
-2.760509 1.715651 3.499280 183 145 96
-2.752774 1.715365 3.492716 189 157 111
-2.973461 1.449922 3.576975 158 152 143
-2.974974 1.458494 3.576705 159 153 145
-2.747178 1.709095 3.473068 168 136 94
-2.974150 1.437154 3.562696 157 151 142
-2.974814 1.450745 3.563378 158 153 145
-2.742361 1.699676 3.457175 149 118 82
-2.974799 1.411417 3.544187 158 152 143
-2.975490 1.422442 3.547764 157 150 142
-2.739062 1.690998 3.441304 193 164 122
-2.977293 1.405118 3.533952 158 151 142
-2.734041 1.680110 3.424212 127 101 75
-2.982195 1.376156 3.516170 161 155 145
-2.979859 1.387371 3.519605 158 152 143
-2.729268 1.670173 3.405974 147 117 87
-2.984678 1.350460 3.506451 162 158 147
-2.984725 1.364241 3.505124 159 153 144
-2.725117 1.658710 3.389321 196 173 134
-2.991290 1.337510 3.489291 159 153 143
-2.986743 1.351801 3.496277 159 152 143
-2.722260 1.647973 3.372082 195 169 129
-2.996226 1.314497 3.477694 159 153 142
-2.994754 1.324907 3.477994 157 151 140
-2.718895 1.638069 3.354645 195 169 128
-3.001029 1.287550 3.465030 155 147 135
-2.999485 1.302967 3.466832 156 149 137
-2.712504 1.624425 3.335529 178 150 112
-3.010811 1.263950 3.452156 156 148 135
-3.006571 1.278630 3.454432 155 146 133
-3.003715 1.292710 3.454831 154 145 132
-2.711732 1.615632 3.320809 123 95 73
-3.012960 1.255644 3.441615 152 142 128
-3.011925 1.265764 3.442155 151 142 128
-2.708376 1.603125 3.303957 89 73 61
-3.022063 1.228970 3.427893 149 138 122
-3.018064 1.241160 3.432404 150 139 124
-2.705744 1.584238 3.284495 109 88 74
-2.704716 1.590418 3.286996 118 94 72
-3.030453 1.201340 3.415855 146 134 116
-3.026546 1.216247 3.419789 146 133 117
-2.708698 1.579402 3.269626 162 127 89
-2.700630 1.580439 3.272049 172 139 95
-3.037949 1.177799 3.405639 143 129 111
-3.034379 1.191341 3.406432 142 129 111
-3.020731 1.210597 3.389811 145 134 117
-2.702760 1.565826 3.252547 167 133 91
-2.698545 1.571328 3.258039 176 143 98
-3.045762 1.150893 3.394534 140 126 106
-3.042024 1.168490 3.396449 140 127 108
-3.023594 1.179674 3.380872 141 127 106
-3.013497 1.197471 3.374175 144 132 111
-2.996699 1.213670 3.363344 149 135 111
-2.977749 1.235566 3.356104 155 141 118
-2.699001 1.554323 3.236463 134 108 79
-2.691073 1.555651 3.240141 185 153 101
-3.144979 1.036715 3.410593 177 162 129
-3.128274 1.056706 3.403400 172 156 129
-3.113376 1.074184 3.397256 167 151 123
-3.102924 1.086294 3.392462 159 144 117
-3.095300 1.093230 3.387736 153 136 110
-3.077164 1.114746 3.383425 139 126 102
-3.056572 1.127818 3.382747 132 117 98
-3.051319 1.141456 3.385177 133 120 102
-3.036835 1.156728 3.377747 137 124 104
-3.021429 1.174906 3.372091 142 127 104
-3.006441 1.189086 3.364921 145 131 107
-2.999208 1.206446 3.355509 144 130 107
-2.986163 1.209664 3.353550 146 129 105
-2.975196 1.229057 3.350509 149 133 108
-2.704408 1.528544 3.224829 53 47 46
-2.697713 1.542597 3.226611 70 61 55
-3.189375 0.968674 3.417833 162 133 81
-3.175212 0.987024 3.413619 162 134 87
-3.163962 1.001877 3.409104 165 138 94
-3.151321 1.016493 3.404822 165 141 103
-3.137766 1.031446 3.400409 163 143 110
-3.124799 1.047280 3.394793 157 138 108
-3.112000 1.061119 3.389018 151 132 102
-3.100232 1.075029 3.382892 143 126 99
-3.084905 1.091203 3.376017 135 118 96
-3.070138 1.104087 3.373132 130 115 94
-3.055076 1.116613 3.372040 130 115 94
-3.044766 1.132043 3.366080 133 117 95
-3.030807 1.145044 3.357979 133 115 91
-3.018385 1.161798 3.352333 136 117 92
-3.003411 1.178518 3.347331 138 120 93
-2.991588 1.194310 3.342713 140 120 93
-2.979692 1.205489 3.338269 140 120 92
-2.968536 1.221308 3.328836 142 123 94
-2.960736 1.232399 3.321423 144 124 96
-2.703126 1.519689 3.205620 54 45 43
-2.696676 1.528074 3.208350 68 61 56
-3.220403 0.918554 3.415695 153 116 65
-3.210406 0.930792 3.413472 151 115 64
-3.197901 0.945645 3.410790 150 115 64
-3.184985 0.961248 3.408464 152 119 70
-3.170766 0.977829 3.404373 155 124 78
-3.157433 0.990978 3.399252 158 129 86
-3.143770 1.006420 3.393422 158 133 95
-3.130512 1.021044 3.387540 154 132 97
-3.119156 1.035562 3.381846 148 126 94
-3.105714 1.049315 3.373755 142 121 92
-3.092891 1.064642 3.368729 136 117 90
-3.075666 1.077902 3.361923 127 110 88
-3.062906 1.089740 3.361568 126 110 88
-3.047283 1.108640 3.354106 132 116 93
-3.035896 1.123770 3.346165 134 117 93
-3.024835 1.133868 3.340228 134 115 90
-3.013248 1.147798 3.335010 135 116 90
-3.000436 1.166102 3.329558 136 116 91
-2.986188 1.181925 3.321867 138 118 91
-2.977275 1.193770 3.314989 139 117 88
-2.964727 1.207968 3.311180 141 118 88
-2.698458 1.511761 3.193138 68 56 52
-2.693128 1.513591 3.188667 105 82 64
-3.241301 0.880379 3.409806 152 114 64
-3.231334 0.891168 3.409504 151 114 63
-3.218130 0.907497 3.409716 150 115 63
-3.201779 0.919462 3.403272 148 113 62
-3.189758 0.935594 3.398975 146 113 63
-3.176024 0.948646 3.394445 148 116 70
-3.164125 0.963489 3.388257 149 120 75
-3.151366 0.979345 3.381308 151 123 84
-3.138919 0.996150 3.376424 150 125 88
-3.126036 1.011066 3.369866 147 124 90
-3.114951 1.022766 3.361275 143 121 90
-3.102062 1.040631 3.356190 139 118 89
-3.086678 1.053687 3.351771 131 112 87
-3.072712 1.062896 3.349848 126 109 85
-3.058501 1.079831 3.341666 133 114 89
-3.043271 1.096623 3.335931 131 113 89
-3.031014 1.114203 3.330232 133 114 90
-3.020996 1.118317 3.325462 133 113 87
-3.008151 1.138508 3.319226 133 113 88
-2.996805 1.155273 3.311895 134 114 87
-2.983196 1.171691 3.304562 135 114 87
-2.970591 1.185071 3.300266 137 114 85
-2.959424 1.195985 3.295627 138 115 85
-2.693048 1.497900 3.170236 178 145 99
-2.692076 1.505570 3.175941 172 140 97
-3.250528 0.856697 3.399924 153 117 66
-3.240397 0.868354 3.402377 150 114 64
-3.225222 0.880019 3.400471 148 112 62
-3.210388 0.894151 3.396279 143 108 58
-3.195810 0.909710 3.389002 141 105 57
-3.182049 0.923597 3.381899 141 108 62
-3.171318 0.938980 3.375395 142 111 66
-3.160633 0.952836 3.370166 144 114 71
-3.149595 0.969411 3.362528 146 118 79
-3.136095 0.986534 3.354934 146 121 87
-3.124900 1.001080 3.348851 145 121 89
-3.111842 1.015809 3.340065 143 120 89
-3.098372 1.030306 3.337415 136 115 88
-3.085283 1.039463 3.337527 128 110 85
-3.068847 1.050829 3.332641 127 109 84
-3.055666 1.068172 3.323432 132 113 87
-3.040240 1.086260 3.317458 133 114 90
-3.026333 1.103715 3.312059 133 114 89
-3.017411 1.116600 3.306578 135 115 89
-3.005767 1.131990 3.301957 135 114 87
-2.991826 1.147305 3.294104 136 114 87
-2.977342 1.161467 3.289448 139 117 86
-2.967670 1.175127 3.281379 138 114 84
-2.955881 1.187823 3.283199 134 109 75
-2.690347 1.487575 3.156657 180 147 100
-2.686126 1.493484 3.161650 188 161 111
-3.247797 0.847539 3.389819 151 115 64
-3.235550 0.855850 3.388664 147 111 60
-3.219210 0.869259 3.385085 140 103 55
-3.206100 0.884849 3.378297 133 97 51
-3.190502 0.899900 3.374099 136 102 57
-3.181018 0.915523 3.364038 133 100 57
-3.170496 0.927885 3.358783 137 104 63
-3.158467 0.946290 3.350399 140 110 69
-3.148750 0.961486 3.345182 143 115 77
-3.134314 0.977867 3.336204 144 119 84
-3.125392 0.986657 3.329454 142 119 86
-3.111032 1.012046 3.331565 142 120 89
-3.088660 1.019807 3.323926 127 108 82
-3.080616 1.026932 3.324288 124 104 79
-3.067294 1.043815 3.315209 131 111 86
-3.050054 1.060118 3.306840 132 113 86
-3.038806 1.078471 3.300266 133 113 87
-3.025371 1.090088 3.297587 134 113 86
-3.014233 1.105498 3.290173 133 113 86
-3.002221 1.120843 3.283528 134 114 87
-2.988667 1.136565 3.277520 136 114 87
-2.973424 1.151080 3.270864 139 117 87
-2.968095 1.161760 3.267983 137 112 82
-2.957087 1.179095 3.258479 140 116 83
-2.686949 1.475398 3.142527 182 150 103
-3.243987 0.837498 3.373011 147 111 60
-3.232515 0.845245 3.371818 139 102 54
-3.214114 0.859490 3.367577 131 94 50
-3.200393 0.874659 3.359939 127 91 51
-3.189572 0.890678 3.353922 127 93 53
-3.179938 0.904895 3.346815 128 95 56
-3.169150 0.921215 3.340485 133 102 62
-3.159948 0.937765 3.337191 135 105 66
-3.149386 0.953207 3.334158 140 111 72
-3.129462 0.977750 3.326160 142 118 85
-3.122767 0.985095 3.322921 140 117 83
-3.088578 0.991492 3.311913 127 106 78
-3.090164 1.005847 3.308720 125 106 81
-3.075985 1.018582 3.303508 127 107 81
-3.062106 1.034102 3.297589 132 110 81
-3.046798 1.050666 3.290273 136 113 83
-3.035346 1.067719 3.283107 136 113 83
-3.022638 1.082799 3.277049 136 114 86
-3.009819 1.091711 3.270866 135 112 83
-2.999211 1.108398 3.267002 135 114 86
-2.984539 1.125654 3.260302 137 114 86
-2.966572 1.140175 3.253744 140 117 86
-2.964233 1.152245 3.251057 136 113 83
-2.686672 1.463204 3.123540 185 155 107
-3.240639 0.830743 3.356796 143 106 58
-3.232566 0.837158 3.353752 136 98 52
-3.216410 0.850216 3.347550 123 85 46
-3.202876 0.866197 3.340015 112 77 44
-3.190231 0.884182 3.333540 108 75 45
-3.179224 0.900800 3.329719 117 86 52
-3.170151 0.912253 3.325411 122 91 54
-3.092891 0.983071 3.294596 125 104 79
-3.086402 0.996441 3.291582 128 108 83
-3.073522 1.010578 3.284909 132 111 83
-3.058695 1.025855 3.279632 134 112 83
-3.043802 1.042201 3.271796 138 115 84
-3.031696 1.056926 3.267574 136 112 82
-3.019340 1.068902 3.259370 136 112 82
-3.008917 1.083412 3.253928 136 113 83
-2.995446 1.097120 3.248921 136 113 84
-2.980896 1.112780 3.241417 137 114 84
-2.964735 1.127234 3.239582 139 114 82
-2.959709 1.135654 3.231595 135 110 78
-2.693480 1.444529 3.102742 80 68 58
-2.683818 1.452835 3.110053 138 111 82
-3.218036 0.845230 3.334124 132 96 51
-3.208017 0.856344 3.330152 125 89 47
-3.096669 0.956584 3.279268 124 104 80
-3.097729 0.969899 3.278195 124 103 79
-3.076891 0.995343 3.267036 128 107 81
-3.073026 0.998950 3.268189 131 110 83
-3.056243 1.016163 3.259742 134 111 82
-3.038845 1.032461 3.251472 136 113 83
-3.025743 1.045999 3.244923 133 110 81
-3.013421 1.060172 3.240788 135 112 83
-3.003874 1.070372 3.237881 138 114 84
-2.988630 1.087623 3.230384 138 114 84
-2.975738 1.105716 3.226049 138 115 83
-2.971656 1.121268 3.223782 136 112 83
-2.685873 1.433290 3.092636 99 79 62
-2.681940 1.437664 3.098416 84 70 59
-3.098423 0.944896 3.266007 126 107 82
-3.097893 0.964044 3.263136 124 103 80
-3.065706 0.987813 3.248035 129 109 84
-3.049665 1.003581 3.238542 137 115 85
-3.037071 1.023207 3.239601 135 112 82
-3.023504 1.036699 3.227957 133 111 83
-3.012328 1.052060 3.228226 133 112 84
-2.996658 1.060833 3.221995 139 115 84
-2.987031 1.075910 3.211804 137 114 84
-2.973616 1.094404 3.213397 140 114 82
-2.683772 1.422537 3.080160 165 133 94
-2.678827 1.427868 3.084789 171 138 88
-3.097624 0.920520 3.254030 132 115 90
-3.099906 0.932304 3.248899 130 111 88
-3.062345 0.982677 3.228576 132 112 87
-3.050718 0.991078 3.226386 141 119 93
-3.034284 1.012567 3.221060 137 114 85
-3.017479 1.027789 3.214613 137 113 84
-3.006252 1.045261 3.212034 135 111 82
-2.992776 1.058236 3.202567 139 114 84
-2.978897 1.067299 3.197850 142 115 79
-2.684734 1.404239 3.062094 180 147 99
-3.100066 0.914760 3.235673 133 115 93
-3.100420 0.923158 3.237205 131 113 92
-3.040288 0.988094 3.215292 139 116 87
-3.024118 1.004341 3.207242 137 113 83
-3.014237 1.026277 3.199218 135 112 84
-2.998433 1.038998 3.196093 140 116 83
-2.992337 1.042953 3.192035 138 112 82
-2.986164 1.060114 3.183508 138 114 82
-2.687899 1.387986 3.044305 181 149 102
-2.681396 1.392663 3.051264 181 150 102
-3.098622 0.903586 3.221366 135 118 97
-3.099348 0.914868 3.223135 132 115 94
-2.682845 1.375921 3.033760 153 126 90
-2.675214 1.378353 3.041967 185 152 105
-3.096389 0.888976 3.205253 137 121 102
-2.683639 1.358014 3.018703 87 72 61
-2.672069 1.369053 3.022696 0 0 0
-3.095367 0.877068 3.188569 139 123 104
-2.687237 1.342531 3.002719 178 147 101
-2.683135 1.346878 3.007185 153 125 89
-3.091966 0.866570 3.172425 138 123 105
-2.686924 1.324867 2.989623 180 148 100
-3.087772 0.854513 3.156351 137 124 108
-2.693737 1.303768 2.967489 169 137 98
-2.686767 1.308473 2.976336 183 152 103
-3.084564 0.838000 3.141286 141 129 113
-3.084732 0.843749 3.137192 138 125 111
-2.691245 1.291601 2.961877 106 85 68
-3.081684 0.826302 3.120769 142 133 118
-3.080271 0.832111 3.121428 138 126 113
-2.696772 1.269229 2.946732 164 131 89
-2.691788 1.275680 2.951148 160 128 85
-3.078672 0.815643 3.105510 146 138 123
-3.077303 0.823176 3.105185 140 129 117
-2.705475 1.240705 2.928174 86 73 65
-2.698714 1.251569 2.935506 130 101 76
-3.075287 0.808220 3.091004 146 138 126
-3.073377 0.812618 3.087602 141 132 122
-2.705974 1.227694 2.920972 153 123 86
-2.696336 1.241187 2.924149 45 38 31
-3.069983 0.796922 3.072955 147 140 130
-3.068266 0.801317 3.068604 143 135 127
-2.722577 1.192385 2.906565 173 136 87
-2.715085 1.200717 2.908797 179 146 98
-2.709158 1.216433 2.912347 185 154 104
-3.063502 0.783827 3.054628 153 147 137
-3.064044 0.792318 3.052298 146 139 131
-2.723539 1.176645 2.895827 181 149 101
-2.714570 1.190916 2.902613 182 149 101
-3.059192 0.775400 3.039538 153 147 138
-3.058419 0.783448 3.032301 149 142 135
-2.741975 1.144176 2.883391 72 61 53
-2.730061 1.156338 2.887000 137 114 85
-2.722804 1.165136 2.890733 183 153 104
-3.051163 0.775686 3.014028 153 146 137
-2.760986 1.099417 2.877742 179 145 100
-2.750333 1.113356 2.877204 182 151 106
-2.740779 1.132652 2.878596 126 103 76
-2.735488 1.139770 2.879364 86 72 59
-3.042970 0.767884 2.998192 153 147 138
-3.042689 0.775769 2.990200 154 146 136
-2.775836 1.071723 2.873064 183 153 109
-2.763891 1.088134 2.874562 184 155 109
-2.750092 1.102980 2.874406 186 159 113
-3.036855 0.761132 2.986488 157 150 141
-3.032306 0.767476 2.974308 157 148 135
-2.820887 1.006988 2.872407 176 146 103
-2.807296 1.020482 2.871633 161 128 87
-2.797741 1.030828 2.872879 85 69 55
-2.786943 1.049647 2.870462 117 96 74
-2.775230 1.059949 2.871798 186 159 114
-3.021823 0.759726 2.960162 156 146 131
-3.017919 0.765700 2.949666 156 145 128
-2.868193 0.937559 2.879200 160 130 92
-2.856983 0.945062 2.878952 174 144 101
-2.843414 0.964073 2.876484 139 111 75
-2.831015 0.981980 2.873996 96 76 56
-2.820171 0.995336 2.872965 174 145 104
-2.805077 1.004724 2.874039 186 161 110
-3.013364 0.753802 2.948945 157 145 129
-3.007171 0.764177 2.938834 156 140 118
-2.995825 0.775299 2.928509 151 127 100
-2.983461 0.789804 2.918516 147 118 84
-2.972621 0.804629 2.912668 145 115 81
-2.959017 0.820041 2.904213 135 106 72
-2.945539 0.829881 2.901128 88 66 47
-2.931342 0.848520 2.895266 76 60 46
-2.919707 0.862040 2.892392 105 83 62
-2.904382 0.878707 2.889179 162 129 89
-2.893131 0.897597 2.884531 129 99 69
-2.880854 0.911063 2.882156 79 63 49
-2.868508 0.925943 2.878297 111 91 68
-2.986678 0.772976 2.921252 161 136 100
-2.974788 0.787692 2.915281 145 114 81
-2.966152 0.799291 2.909492 149 119 82
-2.952937 0.814658 2.903279 154 122 82
-2.941173 0.825562 2.899264 119 91 62
-2.925208 0.840208 2.895440 71 57 46
-2.914346 0.853176 2.891778 145 117 84
-2.976901 1.526329 3.714155 122 107 101
-2.989243 1.508391 3.709038 124 116 114
-2.979498 1.525069 3.705783 135 124 118
-2.966207 1.534919 3.699234 164 142 112
-2.950012 1.544297 3.690863 172 144 102
-2.861648 1.650965 3.643520 172 155 131
-2.849829 1.667194 3.638050 157 141 128
-2.837492 1.682443 3.630451 164 135 105
-2.821445 1.691599 3.627350 113 70 53
-2.997805 1.487087 3.695216 130 123 119
-2.997646 1.502168 3.694178 118 107 105
-2.976292 1.525702 3.688099 150 133 118
-2.965113 1.529157 3.681545 157 136 110
-2.949401 1.539257 3.675568 164 137 100
-2.932820 1.549384 3.666412 167 137 95
-2.886508 1.601964 3.642913 167 136 91
-2.878693 1.613573 3.640843 164 132 90
-2.874834 1.631351 3.638731 161 137 109
-2.861053 1.647412 3.641263 159 133 106
-2.834650 1.687457 3.624723 162 122 85
-2.819526 1.695305 3.619383 104 66 47
-2.806396 1.704136 3.609055 92 57 42
-2.795463 1.712012 3.601618 172 129 79
-2.995456 1.475960 3.679509 149 143 135
-2.989006 1.484941 3.672150 156 148 137
-2.969284 1.501746 3.668684 157 143 123
-2.957567 1.517236 3.662404 154 135 112
-2.949405 1.534588 3.657670 161 139 111
-2.932500 1.548756 3.651181 165 140 104
-2.916178 1.560404 3.643930 165 138 101
-2.905458 1.571522 3.637360 165 138 101
-2.891707 1.588656 3.632822 162 133 96
-2.883601 1.607276 3.629879 156 129 95
-2.807461 1.700747 3.595761 130 128 133
-2.788319 1.712835 3.587257 99 61 46
-2.777490 1.716968 3.578723 155 117 74
-2.988146 1.468714 3.667459 158 152 143
-2.982491 1.474394 3.656162 157 151 142
-2.966285 1.490976 3.650099 159 148 133
-2.953377 1.509427 3.647851 158 141 117
-2.938975 1.520335 3.643139 163 146 120
-2.932156 1.546343 3.634275 163 147 126
-2.918972 1.556200 3.625879 163 148 127
-2.905865 1.567264 3.619710 159 145 127
-2.893270 1.582834 3.613303 149 135 117
-2.884155 1.595215 3.607210 136 123 107
-2.863272 1.604519 3.602259 145 129 111
-2.771489 1.717369 3.565855 145 101 69
-2.764018 1.720150 3.554129 130 97 66
-2.974720 1.468626 3.641165 158 152 143
-2.964542 1.477497 3.633622 159 152 141
-2.953487 1.490098 3.637077 165 156 141
-2.901955 1.565841 3.606831 159 149 135
-2.888481 1.583159 3.602506 143 131 116
-2.753246 1.717877 3.541701 147 115 80
-2.966923 1.460979 3.622729 159 153 144
-2.965497 1.468776 3.620723 160 153 144
-2.748597 1.714785 3.525220 178 140 92
-2.741086 1.712984 3.518342 191 158 107
-2.962609 1.450146 3.601349 157 150 141
-2.961331 1.457564 3.605552 157 150 141
-2.742874 1.706851 3.509971 176 136 86
-2.737653 1.708315 3.501130 192 161 113
-2.960842 1.438265 3.586766 156 150 140
-2.962061 1.450001 3.587930 156 149 140
-2.729059 1.700525 3.480780 148 119 82
-2.959190 1.423599 3.574274 156 149 140
-2.725259 1.693273 3.467087 143 109 74
-2.961719 1.403113 3.554274 155 149 140
-2.959520 1.411579 3.561989 154 148 140
-2.718939 1.683424 3.451973 189 159 117
-2.963057 1.391181 3.543125 156 150 141
-2.716050 1.673972 3.433189 123 96 71
-2.968305 1.367604 3.527218 159 154 144
-2.965450 1.376658 3.532058 158 151 142
-2.711855 1.663429 3.415233 135 106 78
-2.970957 1.340096 3.514216 159 152 142
-2.970039 1.352847 3.516624 158 152 143
-2.707516 1.651041 3.397165 200 177 137
-2.977928 1.327894 3.501030 159 153 143
-2.975844 1.343608 3.503293 160 155 146
-2.704210 1.639206 3.381167 192 164 123
-2.982342 1.306035 3.489115 158 151 140
-2.979450 1.315902 3.489666 157 150 139
-2.700075 1.628721 3.362995 193 164 122
-2.989716 1.279136 3.474271 156 148 136
-2.985063 1.293146 3.480657 157 150 138
-2.696876 1.617736 3.345254 156 125 93
-2.999192 1.257456 3.463913 157 149 136
-2.993906 1.267744 3.465657 155 147 135
-2.693408 1.607245 3.330688 101 79 63
-3.004773 1.230818 3.451372 155 147 131
-2.999189 1.243841 3.454673 153 144 130
-2.995686 1.256567 3.457702 153 144 132
-2.690702 1.595361 3.313398 82 67 57
-3.011196 1.203568 3.441649 152 142 125
-3.008500 1.218778 3.440773 150 139 125
-3.008483 1.233736 3.442377 153 143 128
-2.686679 1.582026 3.295576 121 94 72
-3.026092 1.182942 3.423093 147 135 118
-3.017935 1.191588 3.428334 148 136 119
-2.689240 1.567972 3.278954 127 98 74
-2.683563 1.572377 3.281695 159 127 90
-3.032627 1.155728 3.412916 148 136 115
-3.026051 1.167568 3.416805 146 132 114
-3.023694 1.183439 3.418855 145 132 115
-2.687270 1.559857 3.264871 142 110 81
-2.679124 1.559457 3.265669 154 123 86
-3.033038 1.143045 3.406442 144 129 109
-3.027276 1.158085 3.409922 144 129 112
-3.015410 1.166850 3.386357 145 131 110
-2.991856 1.188980 3.380803 153 141 119
-2.679699 1.544824 3.246656 120 89 67
-2.678806 1.548839 3.245257 178 145 96
-3.041929 1.120041 3.394856 139 124 103
-3.039172 1.131008 3.396243 139 124 105
-3.022882 1.150511 3.386779 141 128 107
-3.003523 1.165073 3.379636 147 130 105
-2.992276 1.182319 3.374680 150 134 111
-2.679373 1.534807 3.234132 77 64 56
-2.673091 1.539414 3.238359 137 110 77
-3.049474 1.093737 3.382036 134 117 94
-3.043314 1.108667 3.381029 132 117 96
-3.029686 1.127496 3.372529 136 121 96
-3.016336 1.138625 3.364233 135 118 92
-3.005328 1.153178 3.360305 139 121 95
-2.988786 1.171655 3.355716 141 121 93
-2.975469 1.179436 3.347923 143 124 96
-2.967710 1.191287 3.351746 143 121 89
-2.676025 1.522038 3.220155 69 62 56
-3.057310 1.069482 3.367260 128 110 86
-3.052832 1.083150 3.367605 128 111 88
-3.033631 1.100216 3.358655 133 116 92
-3.021523 1.113776 3.355684 137 119 93
-3.012539 1.123369 3.351224 138 119 93
-2.997813 1.139850 3.344338 138 118 91
-2.983125 1.157281 3.339836 140 120 92
-2.971795 1.174342 3.328905 141 121 91
-2.959165 1.183247 3.324284 141 120 91
-2.948113 1.195775 3.319766 144 121 87
-2.682716 1.502166 3.202446 53 45 42
-2.674187 1.504711 3.196830 95 74 59
-3.063247 1.042609 3.357407 126 106 80
-3.060832 1.056833 3.357952 126 107 83
-3.048326 1.071763 3.349164 126 108 84
-3.029489 1.089650 3.342897 132 113 87
-3.018357 1.101760 3.335563 133 114 88
-3.010593 1.113168 3.331723 136 115 88
-2.993992 1.129834 3.328016 136 116 89
-2.980867 1.147157 3.317635 135 116 89
-2.968292 1.163850 3.314899 137 115 88
-2.954782 1.178453 3.307529 141 117 87
-2.672924 1.496709 3.185330 161 130 90
-3.212342 0.874686 3.397544 155 122 71
-3.200726 0.888624 3.394349 152 119 70
-3.190548 0.903667 3.391352 151 119 71
-3.181855 0.911083 3.385210 151 118 70
-3.070360 1.015996 3.346540 127 106 78
-3.068057 1.031237 3.346573 124 104 79
-3.059927 1.045057 3.337473 124 106 81
-3.042782 1.063372 3.330977 129 110 83
-3.027121 1.079028 3.324102 132 112 85
-3.017522 1.094202 3.322072 132 112 84
-3.000783 1.104681 3.316903 136 114 86
-2.990792 1.120811 3.309607 138 116 88
-2.975328 1.134566 3.302890 140 118 88
-2.960971 1.152895 3.297846 140 115 86
-2.950157 1.170903 3.292590 143 118 87
-2.937973 1.173913 3.285871 141 115 79
-2.668245 1.476029 3.168026 136 105 84
-2.669640 1.483762 3.169636 181 150 104
-3.209968 0.865018 3.384946 151 118 70
-3.197730 0.880012 3.380795 148 116 69
-3.190909 0.891974 3.379851 146 114 70
-3.180803 0.905911 3.377466 148 117 71
-3.076541 0.991968 3.332103 128 107 76
-3.074989 1.008394 3.335228 125 104 78
-3.069022 1.020188 3.327624 125 105 79
-3.056368 1.038151 3.320384 128 109 81
-3.039418 1.056969 3.318491 131 112 86
-3.023462 1.071233 3.310802 135 113 84
-3.009834 1.083623 3.306979 135 112 83
-2.998140 1.096470 3.300584 138 115 85
-2.986477 1.110598 3.294071 137 115 86
-2.972892 1.125012 3.287019 139 117 88
-2.959901 1.143788 3.280380 143 119 88
-2.948105 1.156272 3.279209 141 119 88
-2.941640 1.168922 3.273959 138 112 78
-2.670565 1.470108 3.151911 172 140 98
-2.663113 1.466633 3.148564 186 158 109
-3.203977 0.865916 3.374447 146 114 68
-3.080443 0.983672 3.319358 126 105 78
-3.079007 0.996465 3.321535 125 105 79
-3.063437 1.017252 3.313305 130 109 82
-3.049130 1.028964 3.307107 135 113 84
-3.035721 1.046087 3.304807 136 114 83
-3.018952 1.060577 3.293774 138 114 84
-3.006410 1.074372 3.286098 138 115 86
-2.997423 1.084575 3.282386 138 115 85
-2.980585 1.096953 3.276994 138 116 87
-2.966181 1.114403 3.271172 140 117 87
-2.958234 1.130897 3.271987 142 119 87
-2.668037 1.454690 3.131666 183 151 104
-3.082345 0.956277 3.304482 126 106 82
-3.083255 0.970305 3.306719 125 104 79
-3.061908 0.996846 3.302215 133 112 84
-3.059150 1.004978 3.296179 135 113 86
-3.044153 1.018465 3.291262 134 112 82
-3.027910 1.033458 3.281251 141 116 84
-3.013735 1.046847 3.276699 139 116 85
-3.001646 1.061746 3.269081 139 116 85
-2.994932 1.074392 3.263402 138 115 84
-2.979053 1.085599 3.259802 138 115 85
-2.964385 1.102934 3.253801 143 119 88
-2.953904 1.118923 3.245520 142 118 86
-2.945932 1.131460 3.251244 141 115 79
-2.664618 1.442958 3.118554 142 115 84
-3.086223 0.949609 3.291960 125 105 81
-3.087317 0.959988 3.292186 124 104 80
-3.062993 0.989548 3.282838 135 114 86
-3.057468 0.999805 3.280222 141 122 95
-3.041441 1.004708 3.273425 133 112 81
-3.025944 1.023357 3.263074 141 117 85
-3.009124 1.036126 3.258087 142 118 88
-2.994902 1.051606 3.249377 140 117 85
-2.988627 1.063015 3.246606 140 117 87
-2.968035 1.076531 3.240738 144 119 87
-2.960916 1.093388 3.230097 141 116 82
-2.669466 1.422420 3.099819 85 70 59
-2.664239 1.428765 3.105020 84 67 55
-3.088500 0.922062 3.276045 129 109 85
-3.087150 0.934526 3.279247 127 107 83
-3.007986 1.026672 3.232000 138 117 85
-2.993366 1.041723 3.235028 143 121 92
-2.983337 1.050135 3.231512 146 119 84
-2.665027 1.411987 3.088286 143 112 81
-2.662909 1.417900 3.091226 124 97 65
-3.087366 0.915921 3.266148 131 112 88
-3.091631 0.925237 3.260796 131 112 89
-2.995586 1.022455 3.230252 146 122 92
-2.988271 1.049011 3.216638 141 116 81
-2.665274 1.397670 3.072847 179 145 98
-3.087198 0.904619 3.248672 133 115 93
-2.665725 1.383140 3.057307 179 145 99
-3.085305 0.889512 3.232112 135 119 100
-2.666770 1.363829 3.040240 111 88 69
-2.665102 1.373191 3.046805 178 145 99
-3.080421 0.866341 3.220506 140 126 106
-3.083590 0.875628 3.215738 137 122 103
-2.667098 1.349129 3.027758 93 76 62
-3.081357 0.857793 3.202682 142 129 109
-3.081106 0.864634 3.198945 138 123 104
-2.669942 1.327643 3.007459 176 142 96
-2.667522 1.335601 3.013191 174 143 97
-3.075697 0.846464 3.183548 139 124 108
-3.079500 0.855107 3.182173 139 124 106
-2.669905 1.318189 2.999151 180 147 100
-3.075354 0.837983 3.167432 140 128 110
-3.072860 0.842624 3.165980 137 123 108
-2.679686 1.298320 2.978183 151 118 91
-2.672168 1.300412 2.983140 180 147 100
-3.071270 0.828843 3.150763 137 125 110
-3.072508 0.833296 3.147034 136 123 108
-2.675046 1.283401 2.970082 103 82 68
-2.672409 1.290576 2.969311 73 48 33
-3.067022 0.817436 3.134443 137 125 110
-3.070756 0.823767 3.127666 137 124 110
-2.679407 1.258336 2.954291 156 121 81
-2.674549 1.266488 2.959355 157 124 83
-3.063821 0.807036 3.116085 138 127 115
-3.065183 0.811017 3.109129 139 129 116
-2.681190 1.245552 2.943205 154 122 87
-3.059403 0.796764 3.099324 141 131 120
-3.063909 0.803559 3.092449 140 130 118
-2.687869 1.220079 2.928331 137 110 78
-2.681153 1.230575 2.932762 68 57 48
-3.054415 0.785785 3.083936 143 134 125
-3.058163 0.793002 3.079061 141 133 125
-2.697030 1.195637 2.916192 178 144 95
-2.690477 1.205872 2.921594 180 147 98
-3.050488 0.776135 3.066765 145 138 129
-3.052700 0.781617 3.062071 143 135 127
-2.705022 1.168544 2.904881 178 145 97
-2.699345 1.181860 2.908537 180 147 98
-3.045791 0.765963 3.049408 146 140 132
-3.048200 0.772635 3.042777 146 139 131
-2.725792 1.131081 2.890960 63 54 47
-2.712809 1.146054 2.893760 136 112 82
-2.707873 1.156837 2.898543 181 149 102
-3.041080 0.756407 3.033919 149 143 134
-3.039755 0.760337 3.025172 148 141 133
-2.733379 1.104097 2.884843 182 151 107
-2.723296 1.121690 2.886786 131 106 76
-2.716585 1.132908 2.885736 43 34 30
-3.033548 0.754058 3.008337 150 143 135
-2.761128 1.059979 2.881513 183 153 109
-2.747514 1.078949 2.882935 183 153 109
-2.738631 1.092080 2.881464 186 158 112
-3.025280 0.746384 2.990177 153 146 136
-3.026820 0.756465 2.980671 155 147 137
-2.965084 0.815626 2.955224 128 109 83
-2.789449 1.009602 2.879621 169 135 92
-2.781832 1.021054 2.879529 95 77 59
-2.769684 1.040095 2.877825 112 93 71
-2.761762 1.052631 2.878628 186 158 114
-3.017085 0.739438 2.978059 154 147 136
-3.014746 0.744557 2.967452 154 144 131
-2.965982 0.793994 2.945884 119 98 72
-2.956191 0.809168 2.939598 125 98 71
-2.941793 0.823107 2.939760 119 95 69
-2.842225 0.938683 2.884006 166 135 97
-2.827899 0.949178 2.883507 153 123 84
-2.815231 0.970568 2.880611 86 67 51
-2.803470 0.987790 2.879639 176 146 105
-2.794446 0.998015 2.879664 179 149 105
-3.003487 0.740322 2.954007 152 141 125
-2.995293 0.749153 2.940859 149 130 108
-2.986337 0.766396 2.928755 144 119 93
-2.966991 0.781438 2.935771 126 101 75
-2.952635 0.793886 2.930241 120 92 66
-2.940681 0.815230 2.929072 124 103 93
-2.929760 0.826514 2.904644 72 55 41
-2.913554 0.841475 2.900820 65 52 41
-2.902137 0.853245 2.897896 96 78 58
-2.889094 0.867605 2.894635 163 130 89
-2.876137 0.885582 2.891318 146 112 76
-2.864037 0.897197 2.888396 95 73 52
-2.853333 0.917161 2.885586 102 82 62
-2.841253 0.928979 2.885959 155 125 90
-2.994004 0.731977 2.941417 150 137 119
-2.985716 0.738555 2.932384 128 110 89
-2.974928 0.758351 2.926435 140 113 84
-2.963967 0.774528 2.920191 141 110 78
-2.953687 0.788559 2.914511 134 102 70
-2.937437 0.803931 2.908853 136 103 70
-2.925210 0.819718 2.903743 116 89 61
-2.912081 0.834141 2.900664 71 56 44
-2.901290 0.846279 2.897279 88 70 51
-2.987548 0.715912 2.916443 81 79 77
-2.980896 0.727072 2.913398 60 57 53
-2.970238 0.738762 2.910043 59 55 51
-2.984911 0.707988 2.902477 81 79 78
-2.975815 0.716886 2.896095 57 54 53
-2.964776 0.730998 2.893730 54 51 50
-2.983357 0.695900 2.885199 102 101 100
-2.972734 0.711422 2.880844 83 81 80
-2.961879 0.722426 2.877584 104 103 102
-2.985461 0.669888 2.868994 75 74 72
-2.981821 0.684160 2.866567 67 66 66
-2.971311 0.700222 2.860709 68 66 66
-2.956960 0.711697 2.856865 82 81 82
-2.982882 0.664275 2.855552 120 120 117
-2.977722 0.674187 2.850865 85 85 85
-2.969344 0.690042 2.843204 65 66 66
-2.953818 0.701143 2.839417 72 73 72
-2.978434 0.651874 2.833688 148 147 145
-2.975892 0.662945 2.833993 129 129 127
-2.965658 0.680972 2.824704 98 99 98
-2.948956 0.693012 2.820128 101 102 101
-2.937303 0.698938 2.817848 101 101 101
-2.974884 0.641611 2.821579 101 99 100
-2.972624 0.653486 2.816628 100 100 100
-2.963614 0.671083 2.808742 80 80 82
-2.942453 0.684609 2.803246 70 70 70
-2.934133 0.690823 2.803937 77 76 75
-2.970955 0.634073 2.807556 100 102 102
-2.968327 0.643916 2.800156 99 100 101
-2.960340 0.661689 2.792091 90 90 91
-2.943016 0.675340 2.787061 98 99 99
-2.930355 0.682271 2.786199 112 113 113
-2.961797 0.633650 2.782969 142 142 143
-2.955189 0.648419 2.773118 123 124 125
-2.938387 0.662688 2.767265 103 104 106
-2.925503 0.671302 2.767380 111 112 113
-2.954684 0.623635 2.763282 91 92 94
-2.947918 0.637492 2.757060 65 65 67
-2.932241 0.654106 2.751486 57 57 59
-2.921072 0.666536 2.751067 69 68 69
-2.948496 0.615750 2.748514 64 63 65
-2.942442 0.623756 2.742940 50 50 52
-2.925850 0.644389 2.735699 46 46 48
-2.914021 0.656876 2.729110 60 59 61
-2.905696 0.660178 2.724141 76 76 78
-2.942390 0.607787 2.732163 77 76 77
-2.936176 0.614042 2.726165 71 71 73
-2.922898 0.631526 2.716284 73 74 76
-2.911811 0.643710 2.712629 106 106 108
-2.898626 0.652313 2.710445 132 132 134
-2.928387 0.608379 2.709102 144 145 146
-2.920486 0.619073 2.702405 142 143 146
-2.908683 0.635470 2.698209 152 153 155
-2.894063 0.642481 2.691217 157 158 160
-2.922172 0.604114 2.697443 159 159 160
-2.912757 0.610210 2.687490 152 153 156
-2.902420 0.621200 2.680331 153 153 157
-2.889746 0.634886 2.675817 157 157 160
-2.905846 0.604233 2.671796 162 163 163
-2.896330 0.615589 2.665938 157 158 160
-2.882497 0.627044 2.656267 148 148 150
-2.873810 0.635153 2.652404 122 123 123
-2.888916 0.609143 2.650733 149 150 149
-2.879311 0.618924 2.644277 103 103 105
-2.866561 0.631283 2.637752 74 74 74
-2.871688 0.608843 2.627046 67 67 67
-2.862008 0.619586 2.621198 65 65 65
-2.971414 1.510815 3.726226 142 140 132
-2.966504 1.521727 3.722747 116 95 83
-2.957683 1.530765 3.720956 152 118 86
-2.943454 1.541062 3.714633 180 153 105
-2.985975 1.486448 3.715995 143 139 135
-2.977876 1.500851 3.719525 123 114 112
-2.970379 1.516340 3.718767 114 106 101
-2.953636 1.535215 3.705894 163 134 97
-2.940313 1.539672 3.702586 170 138 93
-2.923777 1.551998 3.693212 178 148 99
-2.858878 1.627812 3.658398 170 136 89
-2.845354 1.645065 3.653036 128 93 63
-2.836393 1.657135 3.648666 93 68 50
-2.823038 1.672618 3.641461 99 69 51
-2.809615 1.684903 3.635398 114 76 51
-2.985767 1.477374 3.707906 153 145 137
-2.969575 1.491890 3.705544 111 98 85
-2.955172 1.504214 3.699907 145 123 98
-2.949188 1.526014 3.689098 154 130 99
-2.940024 1.538953 3.683610 164 134 94
-2.922988 1.548611 3.678265 169 135 90
-2.905538 1.559610 3.669830 168 135 89
-2.893303 1.572337 3.663419 169 136 90
-2.877729 1.588642 3.657619 166 131 85
-2.870232 1.606694 3.652319 165 130 85
-2.860086 1.622611 3.651132 163 127 81
-2.852854 1.637258 3.650979 164 128 83
-2.819359 1.676550 3.635651 70 57 47
-2.802284 1.684857 3.632116 82 49 39
-2.792116 1.694073 3.622465 92 57 42
-2.779141 1.702229 3.612163 118 77 52
-2.982605 1.462901 3.688633 144 136 128
-2.966903 1.477418 3.683566 115 104 92
-2.955125 1.493966 3.677669 148 130 107
-2.944990 1.506521 3.671346 156 137 111
-2.931374 1.521301 3.667501 159 137 107
-2.920736 1.553631 3.662055 166 132 88
-2.907997 1.560290 3.657059 165 132 89
-2.894882 1.571431 3.652372 165 133 89
-2.887020 1.583697 3.648048 164 131 87
-2.875814 1.604132 3.641636 162 126 85
-2.773077 1.705482 3.597065 109 71 51
-2.762925 1.706914 3.588911 127 86 57
-2.975074 1.455155 3.670204 152 146 137
-2.961400 1.466665 3.663552 145 136 125
-2.954491 1.480150 3.660518 141 131 117
-2.938351 1.494463 3.653639 155 136 111
-2.924879 1.509287 3.648623 155 137 113
-2.757527 1.707958 3.577002 127 80 55
-2.748461 1.711262 3.564443 82 47 33
-2.969733 1.451241 3.659571 150 144 137
-2.962737 1.456212 3.650065 153 146 137
-2.951196 1.469773 3.642698 154 146 134
-2.933995 1.488917 3.639463 158 139 116
-2.918560 1.496991 3.637285 156 138 113
-2.741754 1.710963 3.550629 95 60 38
-2.731810 1.712403 3.537864 74 25 0
-2.954337 1.449627 3.633349 156 150 139
-2.950522 1.460466 3.629932 158 151 140
-2.733141 1.706147 3.535535 129 84 47
-2.729264 1.707283 3.528071 157 112 66
-2.948580 1.441807 3.612466 155 149 139
-2.947573 1.450431 3.617093 156 150 139
-2.721806 1.699113 3.509327 179 143 95
-2.946734 1.428238 3.596510 154 147 138
-2.714569 1.693126 3.490538 155 121 79
-2.947591 1.413688 3.580006 154 147 137
-2.709429 1.683721 3.474872 125 88 55
-2.948392 1.394339 3.562941 154 148 139
-2.946777 1.403279 3.570319 154 147 138
-2.702419 1.674004 3.456845 173 141 99
-2.948606 1.381280 3.552681 156 149 139
-2.698441 1.665886 3.443698 137 104 72
-2.953088 1.357975 3.537182 159 153 143
-2.950861 1.367405 3.541613 157 151 141
-2.694672 1.654293 3.423821 140 110 78
-2.962785 1.335712 3.521202 160 153 142
-2.954971 1.342527 3.525952 158 151 142
-2.691352 1.642678 3.407468 180 151 112
-2.963034 1.319001 3.511980 158 150 140
-2.687616 1.629744 3.389431 165 133 95
-2.967704 1.295818 3.499654 158 151 139
-2.967132 1.309388 3.502301 158 150 139
-2.685206 1.620847 3.372611 164 132 91
-2.975613 1.270957 3.484795 157 149 137
-2.970173 1.283618 3.492474 157 149 138
-2.681945 1.610635 3.356179 113 89 69
-2.984138 1.246913 3.471019 155 147 134
-2.978949 1.258273 3.476807 156 148 136
-2.678186 1.598701 3.340286 89 67 55
-2.992339 1.220632 3.459343 153 144 130
-2.986219 1.233188 3.464945 153 144 131
-2.673999 1.585897 3.323657 86 67 55
-3.000965 1.193932 3.449511 153 143 127
-2.994819 1.207146 3.452029 152 142 127
-2.672385 1.574123 3.305242 103 79 60
-3.010052 1.171473 3.435786 152 141 123
-3.002865 1.182594 3.439830 150 139 123
-2.669566 1.562773 3.288519 107 81 60
-3.020677 1.145240 3.422553 152 140 118
-3.010843 1.157129 3.427610 149 136 117
-3.011502 1.174771 3.427594 148 136 118
-2.662336 1.545875 3.281461 89 68 55
-2.668579 1.553510 3.272455 90 67 50
-3.028602 1.122305 3.413465 150 137 114
-3.019962 1.133768 3.416557 147 134 113
-3.013068 1.146981 3.420005 147 133 115
-2.665188 1.535718 3.253982 95 69 55
-2.664305 1.540901 3.256275 116 85 57
-3.037042 1.098496 3.402106 148 133 108
-3.027212 1.108089 3.405549 144 128 107
-3.023037 1.120115 3.407290 143 128 109
-2.663399 1.524185 3.239198 79 63 53
-3.040526 1.063808 3.394765 146 130 101
-3.036814 1.085668 3.393490 141 124 101
-3.032979 1.098905 3.396680 142 125 103
-2.660420 1.511339 3.226308 70 59 53
-3.046051 1.058198 3.380871 136 117 92
-3.038455 1.071051 3.386072 137 119 96
-3.016566 1.091230 3.372011 137 119 94
-3.009494 1.101903 3.362583 138 120 94
-2.995798 1.115686 3.362167 141 122 95
-2.983272 1.134247 3.353314 142 121 94
-2.963906 1.145315 3.348678 143 122 93
-2.669570 1.496121 3.212384 48 44 41
-2.658685 1.497543 3.209215 93 70 56
-3.052368 1.031658 3.369197 132 112 85
-3.052204 1.046169 3.369027 130 110 85
-3.013418 1.082256 3.355172 136 116 89
-3.000123 1.091955 3.342649 138 117 87
-2.992231 1.106728 3.343004 139 120 91
-2.981769 1.122468 3.336196 141 122 95
-2.967511 1.134763 3.329225 143 122 93
-2.657879 1.487717 3.191782 138 106 76
-3.060963 1.007218 3.355637 128 105 76
-3.056437 1.024552 3.362080 130 109 82
-3.009439 1.071520 3.335511 134 111 82
-3.001108 1.083778 3.327761 139 116 85
-2.982499 1.096006 3.321285 137 116 88
-2.966476 1.111732 3.317049 144 123 92
-2.959369 1.128257 3.314095 146 122 89
-2.650260 1.462303 3.174245 61 46 41
-2.654550 1.474993 3.175277 122 88 60
-3.065770 0.985137 3.341334 127 105 76
-3.063810 0.995843 3.347387 126 103 74
-2.999702 1.059954 3.326486 141 114 82
-2.996880 1.075745 3.317010 140 116 84
-2.985064 1.092082 3.310248 141 118 85
-2.970893 1.102745 3.303627 143 118 86
-2.958253 1.122852 3.297927 143 119 87
-2.653179 1.456779 3.159223 98 74 58
-2.652349 1.463943 3.161046 122 93 62
-3.067720 0.974594 3.332529 128 106 79
-3.001520 1.052473 3.303774 140 115 83
-2.990924 1.065873 3.297757 145 119 86
-2.982042 1.074417 3.293365 143 118 85
-2.967604 1.093783 3.287009 143 116 85
-2.651091 1.447167 3.144775 147 115 80
-2.649393 1.455125 3.151410 55 21 22
-3.071809 0.949919 3.315207 126 107 82
-3.070080 0.956970 3.319510 126 106 81
-2.649615 1.432326 3.126934 150 117 83
-3.072968 0.937146 3.303976 127 108 84
-2.647980 1.419165 3.113853 111 89 67
-3.075678 0.913582 3.286154 131 111 87
-3.074579 0.923639 3.292637 127 108 86
-2.649891 1.402286 3.095579 124 97 72
-2.647156 1.408818 3.101814 91 71 57
-3.074936 0.906109 3.275867 131 112 90
-2.648702 1.390534 3.084379 174 139 95
-3.074948 0.891208 3.258358 134 117 96
-2.649132 1.373779 3.066128 175 141 96
-3.071928 0.877524 3.243045 136 120 100
-2.651387 1.353030 3.048722 90 73 60
-2.649437 1.363927 3.056430 154 119 85
-3.073723 0.861189 3.226282 140 127 106
-3.069603 0.865177 3.225384 137 122 103
-2.651942 1.339383 3.035553 95 76 62
-3.067748 0.848852 3.209512 141 128 108
-3.066200 0.855409 3.211682 138 123 104
-2.653759 1.316267 3.018742 172 136 92
-2.651654 1.325597 3.022326 173 141 96
-3.066666 0.841425 3.195487 141 127 110
-3.063483 0.842916 3.191841 138 123 107
-2.654502 1.308902 3.008284 178 144 99
-2.644965 1.313695 3.018748 183 153 102
-3.059776 0.828702 3.178637 139 127 111
-3.060450 0.834322 3.175497 137 124 108
-2.656244 1.291760 2.992883 176 143 98
-3.057287 0.817201 3.158059 137 125 110
-2.658834 1.273114 2.979361 97 76 62
-2.656297 1.282539 2.982215 136 108 72
-3.053114 0.804764 3.143800 138 126 112
-2.663154 1.247287 2.962601 154 116 75
-2.660130 1.258034 2.968069 153 120 80
-3.051207 0.795329 3.125650 140 129 115
-2.664109 1.236298 2.953252 153 119 84
-3.048314 0.786096 3.108847 141 131 120
-2.672662 1.209877 2.936335 131 104 74
-2.666648 1.221685 2.941837 71 61 52
-3.043338 0.775065 3.091716 143 134 124
-2.680989 1.185844 2.925267 176 141 93
-2.674429 1.198696 2.931699 173 138 91
-3.039012 0.765099 3.075344 145 137 128
-2.690242 1.157721 2.914565 177 142 95
-2.683294 1.172813 2.918215 179 145 96
-3.032655 0.754029 3.060565 146 138 128
-2.696843 1.136260 2.903269 143 118 84
-2.693608 1.147640 2.907186 181 148 101
-3.028543 0.746443 3.041630 147 139 131
-3.026266 0.747518 3.033731 146 138 130
-2.948500 0.837777 3.002865 101 85 63
-2.924049 0.866819 2.992777 103 84 62
-2.718175 1.094344 2.894289 182 150 107
-2.707457 1.111151 2.897386 124 100 74
-2.701730 1.120316 2.895638 49 36 31
-3.026326 0.737999 3.021735 154 148 138
-3.021320 0.740958 3.019296 147 140 132
-2.946808 0.817781 2.986210 89 76 58
-2.936653 0.829590 2.983482 87 71 53
-2.926559 0.840673 2.977648 96 79 57
-2.914877 0.854331 2.970583 95 75 53
-2.744623 1.052337 2.889109 185 155 111
-2.732077 1.069521 2.891627 183 153 109
-2.723609 1.084044 2.890885 184 156 111
-3.017536 0.727821 3.014267 157 153 142
-3.014432 0.733099 3.001873 150 144 136
-2.963367 0.785864 2.974830 103 88 68
-2.945450 0.809442 2.974067 106 88 68
-2.933958 0.820566 2.968052 84 69 53
-2.924233 0.832607 2.966839 81 67 51
-2.913502 0.850908 2.965261 101 83 63
-2.772956 0.999023 2.888632 172 138 94
-2.767342 1.011648 2.887719 104 84 63
-2.753096 1.031009 2.886266 110 91 70
-2.746548 1.043635 2.887185 187 160 115
-3.005789 0.727321 2.984832 152 145 135
-3.002717 0.732208 2.973821 153 144 130
-2.955029 0.777713 2.955749 107 89 67
-2.937052 0.798590 2.954689 107 87 64
-2.926596 0.813618 2.948422 109 88 64
-2.917546 0.821984 2.946661 97 78 57
-2.909199 0.837634 2.944135 116 95 69
-2.822540 0.931798 2.891589 157 125 88
-2.812319 0.940941 2.891315 141 111 76
-2.799575 0.959572 2.888733 82 64 50
-2.788811 0.976019 2.887799 173 144 104
-2.781033 0.992861 2.886275 178 149 104
-2.996069 0.720181 2.972145 152 144 133
-2.995161 0.725893 2.961127 150 140 127
-2.979190 0.747429 2.942177 142 114 85
-2.961219 0.760377 2.953702 100 82 63
-2.949084 0.773969 2.946418 109 89 66
-2.939017 0.789219 2.939812 111 86 61
-2.926977 0.802574 2.934568 116 91 71
-2.909021 0.817932 2.931594 110 83 56
-2.899276 0.826506 2.933720 120 99 72
-2.882122 0.846140 2.906388 85 69 54
-2.872375 0.858521 2.902456 158 125 87
-2.860084 0.874781 2.899520 139 107 72
-2.849584 0.886838 2.896965 87 65 48
-2.836816 0.907240 2.894828 122 96 69
-2.826075 0.922045 2.892970 155 124 89
-2.814224 0.934307 2.890391 171 144 96
-2.986000 0.718180 2.944697 125 115 103
-2.976353 0.731324 2.936345 114 97 80
-2.961209 0.749425 2.928956 95 78 64
-2.947601 0.762785 2.924905 105 84 65
-2.935851 0.774997 2.921252 115 88 63
-2.922347 0.791650 2.916335 114 85 59
-2.909396 0.807085 2.911629 122 92 63
-2.896689 0.819501 2.908608 93 71 51
-2.886539 0.839031 2.904571 86 69 51
-2.874265 0.851856 2.902036 173 140 94
-2.986226 0.695306 2.933124 131 130 127
-2.986823 0.708967 2.926566 100 97 96
-2.973045 0.724422 2.921530 59 54 52
-2.957414 0.738781 2.916486 55 49 47
-2.942208 0.749071 2.912302 58 53 52
-2.984766 0.684361 2.915942 136 135 133
-2.986203 0.697127 2.910252 120 119 118
-2.967435 0.714624 2.903349 45 43 43
-2.946732 0.727336 2.897763 36 34 33
-2.941421 0.735057 2.891691 57 56 53
-2.983841 0.674264 2.898215 132 130 129
-2.984147 0.689757 2.893816 118 116 116
-2.954246 0.718843 2.880118 78 77 77
-2.936885 0.727786 2.880321 97 96 94
-2.981499 0.663183 2.880552 69 67 69
-2.977491 0.677453 2.870781 50 49 51
-2.947749 0.714976 2.861515 87 87 86
-2.932876 0.715992 2.859446 83 83 84
-2.979046 0.653481 2.862760 85 84 85
-2.976791 0.667388 2.859744 63 62 64
-2.941982 0.704214 2.843340 57 58 58
-2.929782 0.707531 2.842179 72 73 73
-2.975417 0.642099 2.847127 117 117 116
-2.973614 0.653729 2.841582 128 126 124
-2.938523 0.694407 2.827107 71 72 70
-2.923217 0.698775 2.822412 93 93 92
-2.971253 0.631914 2.829076 109 109 110
-2.933578 0.684807 2.806816 61 61 61
-2.921305 0.689236 2.806242 69 69 68
-2.905327 0.695757 2.812533 105 103 105
-2.966834 0.623474 2.813018 115 116 117
-2.915480 0.682591 2.791458 95 97 96
-2.900209 0.684216 2.787927 127 129 127
-2.959100 0.613240 2.793576 143 144 144
-2.959655 0.620129 2.785614 146 145 145
-2.911936 0.673945 2.768257 91 91 92
-2.897171 0.675809 2.770807 99 99 100
-2.950902 0.602732 2.779761 83 84 86
-2.952563 0.610762 2.771490 85 85 88
-2.912961 0.658601 2.754796 44 44 44
-2.892477 0.668748 2.752160 65 64 65
-2.945908 0.596592 2.770357 62 63 67
-2.944473 0.601796 2.756383 60 61 63
-2.915998 0.644113 2.736017 36 37 38
-2.910060 0.648729 2.739704 38 38 39
-2.889638 0.658434 2.734834 54 53 55
-2.935930 0.593673 2.737400 89 91 94
-2.932898 0.603065 2.722491 95 98 104
-2.904233 0.641048 2.721265 41 40 41
-2.887946 0.654453 2.715455 109 110 111
-2.872231 0.656495 2.712082 140 141 142
-2.927266 0.586165 2.721877 143 144 146
-2.926447 0.596684 2.713593 141 143 145
-2.883105 0.649106 2.698352 158 160 161
-2.867031 0.651617 2.695203 155 156 157
-2.919950 0.578742 2.710926 157 158 159
-2.914685 0.585984 2.699597 151 151 154
-2.909414 0.602266 2.687673 142 142 148
-2.901759 0.609612 2.677481 140 143 147
-2.878192 0.642491 2.678472 157 157 160
-2.862732 0.646048 2.675137 140 140 141
-2.849242 0.650421 2.669925 108 107 109
-2.905322 0.579658 2.685694 154 154 156
-2.900271 0.589507 2.675848 144 145 149
-2.890812 0.607723 2.664675 133 134 139
-2.883678 0.617761 2.658935 122 123 128
-2.862493 0.637682 2.656488 77 75 79
-2.845180 0.646203 2.654120 64 64 63
-2.831579 0.650346 2.644800 81 80 77
-2.896454 0.572816 2.673736 156 156 157
-2.891212 0.581198 2.663214 152 153 155
-2.884815 0.596736 2.649522 123 125 128
-2.874905 0.612407 2.643080 57 57 59
-2.857294 0.625126 2.640916 38 38 40
-2.842792 0.639088 2.635345 56 56 56
-2.828640 0.646839 2.632065 64 63 62
-2.881944 0.578741 2.649511 141 144 146
-2.875594 0.585698 2.640805 80 81 84
-2.863612 0.597597 2.631133 38 38 40
-2.849887 0.613740 2.623429 37 37 39
-2.833167 0.629386 2.620059 33 33 35
-2.818809 0.643682 2.612276 84 83 85
-2.811465 0.649054 2.612218 127 129 129
-2.864716 0.580304 2.625734 59 59 61
-2.857417 0.587136 2.616912 56 56 57
-2.845937 0.604629 2.610473 41 42 43
-2.832545 0.620987 2.598997 67 68 70
-2.822164 0.631849 2.596176 116 117 119
-2.807518 0.644112 2.595658 161 162 164
-2.794267 0.653465 2.587801 170 171 171
-2.836262 0.595007 2.593016 74 75 77
-2.826502 0.605271 2.585928 129 130 133
-2.815590 0.623187 2.581826 159 160 164
-2.801812 0.632392 2.574556 155 157 162
-2.787787 0.648205 2.569054 159 159 163
-2.771992 0.660089 2.559876 137 138 139
-2.817504 0.603050 2.576407 157 157 162
-2.807828 0.611657 2.566982 160 161 164
-2.795206 0.624230 2.559596 158 159 162
-2.782173 0.641147 2.551318 157 159 160
-2.768801 0.654030 2.546361 90 90 92
-2.753745 0.667355 2.538702 81 79 80
-2.743014 0.678474 2.534075 160 160 160
-2.732145 0.688013 2.527242 108 106 103
-2.790578 0.616158 2.546564 166 167 168
-2.776882 0.632407 2.538454 121 122 125
-2.765770 0.643549 2.532956 67 68 69
-2.752051 0.658325 2.524881 99 99 100
-2.740277 0.670062 2.520887 145 146 147
-2.724993 0.685814 2.512040 70 70 70
-2.711015 0.698680 2.503637 153 154 154
-2.700866 0.709692 2.499515 160 162 162
-2.629247 0.787507 2.464403 127 128 119
-2.609216 0.813750 2.458511 155 157 155
-2.747844 0.650951 2.514220 149 151 150
-2.734606 0.664702 2.507059 151 152 151
-2.721421 0.679471 2.498874 78 79 79
-2.710237 0.690221 2.492785 151 153 154
-2.693446 0.708337 2.485347 102 102 103
-2.681829 0.718689 2.477773 100 102 102
-2.672531 0.731649 2.476741 153 156 156
-2.646712 0.756327 2.460814 100 99 95
-2.636306 0.777292 2.464735 69 70 66
-2.615293 0.802551 2.457195 154 155 152
-2.719697 0.668924 2.482952 0 0 2
-2.952376 1.515207 3.734910 108 73 54
-2.944591 1.525809 3.733499 162 121 80
-2.931350 1.534516 3.723393 180 147 100
-2.974907 1.479257 3.722103 176 169 157
-2.962450 1.492897 3.725392 105 92 83
-2.955097 1.503178 3.727408 89 81 71
-2.925827 1.535610 3.712119 175 141 93
-2.910530 1.543731 3.704142 180 146 97
-2.898094 1.554075 3.693669 182 151 102
-2.849091 1.609091 3.671948 172 137 87
-2.843207 1.620705 3.667699 171 135 85
-2.831531 1.634525 3.662705 146 108 70
-2.821150 1.648476 3.657989 102 72 51
-2.807549 1.663540 3.650438 110 78 57
-2.796303 1.675986 3.644396 133 95 59
-2.971743 1.470039 3.712955 152 141 130
-2.959698 1.478887 3.713800 95 82 72
-2.947787 1.491472 3.710287 123 102 78
-2.931760 1.501349 3.711084 152 134 109
-2.905540 1.545443 3.691857 174 138 88
-2.893332 1.556275 3.681551 173 138 90
-2.880423 1.567573 3.674205 173 139 91
-2.867795 1.580706 3.668612 171 136 88
-2.857134 1.599168 3.666608 169 132 83
-2.844369 1.611750 3.664826 165 126 76
-2.804672 1.664805 3.645953 82 56 46
-2.788660 1.675115 3.640138 90 54 45
-2.777686 1.686042 3.629388 93 55 38
-2.769098 1.695368 3.617875 105 65 44
-2.756914 1.704807 3.613145 0 0 0
-2.968018 1.455210 3.698301 144 135 126
-2.954864 1.469825 3.692853 103 91 79
-2.938086 1.482739 3.687313 136 116 92
-2.929261 1.494427 3.683411 162 137 104
-2.914480 1.507525 3.676801 166 141 105
-2.758150 1.694193 3.610175 98 60 42
-2.746401 1.698122 3.595517 123 78 51
-2.963533 1.443029 3.680240 147 139 131
-2.946841 1.460844 3.673022 127 117 105
-2.937603 1.473904 3.668636 131 121 106
-2.923556 1.483937 3.663781 153 134 107
-2.912023 1.503218 3.656344 161 142 112
-2.740648 1.699395 3.584412 105 67 46
-2.732551 1.701551 3.575612 102 64 40
-2.955115 1.439357 3.667062 147 141 131
-2.946863 1.446077 3.657205 147 140 129
-2.935213 1.456704 3.651017 148 139 126
-2.920264 1.477354 3.650916 154 136 112
-2.906505 1.491435 3.644238 143 127 101
-2.723910 1.700880 3.558419 140 101 66
-2.940759 1.439693 3.641470 154 146 135
-2.933363 1.448526 3.642802 155 147 135
-2.719640 1.697085 3.542563 122 80 51
-2.712111 1.696684 3.539459 152 112 70
-2.934594 1.431379 3.623205 152 144 134
-2.924971 1.436103 3.629732 154 146 135
-2.706254 1.689449 3.520634 133 96 63
-2.931954 1.418107 3.607096 155 148 137
-2.699745 1.682288 3.504531 121 83 52
-2.931063 1.404331 3.591016 154 148 137
-2.694395 1.674371 3.483992 126 91 59
-2.933913 1.386297 3.572981 154 147 136
-2.929951 1.393567 3.579580 153 145 135
-2.687279 1.664532 3.466830 171 139 98
-2.693976 1.676916 3.468800 47 9 0
-2.933753 1.372832 3.563014 154 147 136
-2.684434 1.656901 3.452482 133 100 69
-2.675770 1.655782 3.453400 111 81 51
-2.937583 1.347501 3.546181 159 152 142
-2.934710 1.359328 3.552018 157 150 139
-2.679349 1.644821 3.433967 132 99 68
-2.677943 1.649454 3.431413 2 0 0
-2.950342 1.325197 3.528637 162 155 143
-2.941180 1.334463 3.536265 158 151 141
-2.678376 1.633893 3.416740 165 130 90
-2.679060 1.640329 3.408646 25 0 0
-2.948128 1.309039 3.520108 159 151 141
-2.939412 1.321340 3.528280 159 151 140
-2.674248 1.622185 3.399182 157 123 85
-2.954073 1.287221 3.507694 157 149 137
-2.945929 1.294239 3.511898 156 147 136
-2.670790 1.611809 3.382594 111 83 59
-2.961478 1.262767 3.493542 156 147 135
-2.958541 1.276374 3.499368 157 149 137
-2.665711 1.600072 3.364895 116 90 64
-2.969782 1.236433 3.481179 157 149 136
-2.964247 1.247168 3.485770 157 148 135
-2.663334 1.589986 3.348745 147 113 77
-2.980121 1.212221 3.468268 157 149 133
-2.972358 1.224025 3.473556 157 148 134
-2.659575 1.577531 3.331360 117 91 68
-2.985183 1.186270 3.457996 154 142 126
-2.980477 1.198816 3.461003 155 144 129
-2.657519 1.563556 3.313324 76 60 52
-2.995944 1.162513 3.444391 154 141 123
-2.988558 1.172469 3.448972 152 140 123
-2.654130 1.554370 3.299183 116 91 66
-3.003953 1.136815 3.433738 155 144 121
-2.997263 1.147740 3.436913 153 140 119
-2.992976 1.162747 3.436921 152 138 119
-2.651745 1.534857 3.282690 109 81 59
-2.653370 1.543742 3.283872 130 100 71
-3.010428 1.108922 3.423807 153 139 115
-3.006303 1.125053 3.426538 151 136 114
-2.998345 1.137358 3.429176 150 135 116
-2.650364 1.525629 3.262405 118 89 65
-2.647406 1.530736 3.267733 150 119 79
-3.021842 1.086071 3.412551 151 135 109
-3.014439 1.100771 3.415098 149 133 110
-3.009262 1.112054 3.418575 147 132 111
-2.648023 1.512755 3.249550 90 70 56
-2.646804 1.521954 3.252993 165 126 83
-3.028747 1.059422 3.403086 148 131 103
-3.022642 1.074697 3.403618 145 128 103
-2.646042 1.502602 3.235880 69 60 53
-3.034482 1.032309 3.390816 143 125 95
-3.031983 1.048184 3.391388 141 122 96
-3.019994 1.057996 3.401110 145 126 101
-2.993770 1.107309 3.370098 139 119 94
-2.972338 1.127787 3.359017 142 122 96
-2.644516 1.490235 3.219746 113 89 68
-3.042350 1.009606 3.378220 141 120 89
-3.039740 1.021829 3.378914 137 117 88
-3.033607 1.036725 3.385159 137 117 92
-2.970261 1.113005 3.339585 141 120 93
-2.643064 1.477480 3.201137 153 121 86
-3.047310 0.996636 3.366954 132 106 73
-3.042495 1.013012 3.372372 136 113 84
-2.968200 1.108807 3.333354 147 122 92
-2.958113 1.111815 3.320015 147 122 93
-2.633980 1.454409 3.186691 144 106 74
-2.638056 1.464589 3.185393 152 120 83
-3.053555 0.977230 3.354239 122 96 66
-3.051942 0.985616 3.358461 125 99 67
-2.974623 1.080696 3.312244 143 118 88
-2.962012 1.097324 3.310588 145 120 90
-2.947966 1.116414 3.305839 147 121 88
-2.640687 1.449744 3.168625 76 63 55
-2.633103 1.453532 3.174651 91 74 56
-3.054069 0.962299 3.342738 127 105 77
-2.636495 1.437328 3.153681 120 94 69
-2.636557 1.446619 3.152760 32 12 15
-3.058518 0.940713 3.326344 126 106 82
-3.056620 0.948192 3.329878 127 107 82
-2.635375 1.423190 3.140523 174 140 95
-3.059975 0.925892 3.313551 126 107 83
-2.634748 1.408957 3.121436 164 132 90
-3.061557 0.905567 3.296228 129 110 87
-3.058672 0.912989 3.302858 128 109 86
-2.634963 1.390615 3.103611 121 94 69
-2.633428 1.399556 3.109933 91 71 57
-3.061832 0.895547 3.283827 132 113 90
-2.634752 1.380371 3.092626 171 137 93
-3.059923 0.880398 3.268097 135 117 96
-2.634706 1.363351 3.075812 177 141 97
-3.063770 0.861114 3.245643 140 125 104
-3.058125 0.865538 3.252028 137 120 100
-2.635521 1.344219 3.059666 109 87 67
-2.635351 1.353930 3.065130 166 130 90
-3.056994 0.851822 3.236109 138 124 104
-3.056431 0.855653 3.236124 137 121 102
-2.636618 1.330336 3.046103 93 74 61
-2.626457 1.342390 3.052846 30 18 21
-3.054460 0.841389 3.219251 140 125 106
-3.053479 0.843981 3.217678 138 122 104
-2.636810 1.309816 3.031503 174 139 95
-2.636850 1.316361 3.032996 164 134 91
-3.052065 0.830356 3.200768 140 125 107
-3.045184 0.830748 3.203379 137 123 105
-2.638456 1.297623 3.018197 177 143 97
-3.047299 0.820089 3.183845 138 125 109
-3.042621 0.823303 3.189515 137 124 107
-2.638804 1.268741 3.000005 134 106 83
-2.641824 1.281998 3.003270 174 138 92
-3.045218 0.808166 3.168482 138 125 110
-2.643421 1.263159 2.991449 106 82 65
-2.643503 1.273976 2.991403 154 124 80
-3.041489 0.797179 3.152885 137 125 111
-2.648709 1.237670 2.972581 153 115 76
-2.647002 1.249335 2.977807 145 111 74
-3.036219 0.785257 3.136768 137 125 112
-2.651365 1.226517 2.962258 149 116 81
-3.033476 0.774962 3.118322 139 128 116
-2.657251 1.197598 2.947508 127 101 72
-2.653692 1.214432 2.952230 82 69 57
-3.029543 0.764478 3.101171 141 131 120
-2.665611 1.176704 2.936111 176 142 93
-2.662417 1.190572 2.940088 173 138 91
-3.024922 0.754748 3.085524 143 133 124
-2.674288 1.147677 2.923773 179 145 97
-2.668621 1.162557 2.928780 180 147 97
-3.020403 0.745696 3.069034 145 136 127
-2.684085 1.105528 2.916542 66 55 48
-2.682942 1.127671 2.913631 148 122 87
-2.678663 1.137864 2.918138 182 149 101
-3.016612 0.736406 3.050231 147 139 129
-3.005442 0.734132 3.047672 147 140 131
-2.933183 0.831180 3.006250 95 80 61
-2.904384 0.857188 3.003956 103 85 60
-2.702463 1.085385 2.904833 184 153 108
-2.695554 1.101774 2.906440 122 98 73
-2.685601 1.113224 2.904428 15 2 0
-3.009923 0.728695 3.034372 149 141 132
-3.006050 0.728971 3.028383 147 139 130
-2.930633 0.810495 2.999585 89 75 56
-2.920601 0.824134 2.990172 84 68 51
-2.910391 0.832588 2.985193 85 69 52
-2.894033 0.838435 2.980713 85 64 45
-2.729058 1.040028 2.899591 185 155 111
-2.716392 1.058833 2.902688 183 154 109
-2.708727 1.073784 2.901927 184 155 110
-3.006367 0.722241 3.021206 150 143 134
-3.001202 0.720803 3.010841 149 141 133
-2.939352 0.776597 2.987410 105 90 68
-2.930342 0.799333 2.982632 87 72 54
-2.917709 0.812591 2.976928 81 65 48
-2.908583 0.825730 2.973344 80 65 48
-2.899687 0.840424 2.967310 96 77 55
-2.768950 0.977690 2.900932 166 127 85
-2.758933 0.990077 2.898351 173 139 95
-2.752232 1.001893 2.897366 100 80 61
-2.738316 1.021437 2.896518 115 95 74
-2.732079 1.033112 2.898067 186 158 114
-2.991464 0.716874 2.992189 150 142 133
-2.945317 0.760033 2.974560 96 80 62
-2.938647 0.775510 2.967177 98 80 64
-2.926076 0.787821 2.960913 99 81 60
-2.914139 0.805243 2.960192 97 77 55
-2.903567 0.813683 2.956083 94 74 52
-2.889776 0.826021 2.956319 103 82 58
-2.798247 0.920051 2.906056 171 137 93
-2.798608 0.929433 2.901700 149 117 81
-2.785297 0.950619 2.898396 82 65 52
-2.774686 0.965538 2.897540 170 142 103
-2.764951 0.981109 2.896535 179 150 105
-2.984923 0.710881 2.975851 148 141 130
-2.981124 0.713929 2.971077 147 138 126
-2.965354 0.739518 2.960227 127 112 94
-2.947511 0.749866 2.961942 94 77 59
-2.935774 0.768936 2.954628 94 75 56
-2.925248 0.778646 2.950316 103 82 59
-2.908832 0.794216 2.943760 104 81 58
-2.899189 0.805336 2.933153 107 80 57
-2.881113 0.808965 2.929752 87 66 50
-2.866873 0.835083 2.916443 85 68 52
-2.858712 0.848776 2.911149 154 123 87
-2.844837 0.866298 2.908737 127 98 68
-2.835152 0.876660 2.906772 78 61 46
-2.822351 0.896424 2.903875 126 100 72
-2.809858 0.913336 2.902231 164 132 93
-2.798569 0.929698 2.897295 139 112 73
-2.978592 0.696017 2.955350 120 117 114
-2.978111 0.706056 2.955615 125 118 108
-2.962239 0.721073 2.951175 107 92 76
-2.948498 0.739438 2.939901 99 85 70
-2.932089 0.754845 2.934690 87 72 60
-2.922392 0.768070 2.930261 104 79 59
-2.907358 0.783661 2.923140 104 77 54
-2.895003 0.796782 2.921453 118 88 61
-2.882436 0.809994 2.917880 102 75 53
-2.870579 0.828986 2.914094 84 67 51
-2.860453 0.841421 2.911502 174 141 94
-2.979694 0.688492 2.940060 128 126 124
-2.974203 0.703482 2.941438 97 95 90
-2.953992 0.717566 2.930310 66 62 57
-2.945236 0.723652 2.924421 68 63 56
-2.929331 0.744331 2.919407 50 44 46
-2.916246 0.754555 2.920202 74 66 55
-2.909580 0.769122 2.919501 128 98 65
-2.977259 0.673578 2.925038 140 136 134
-2.951546 0.706225 2.913930 53 54 52
-2.941631 0.720337 2.900099 43 41 41
-2.927081 0.728679 2.901588 39 36 36
-2.917832 0.741720 2.905388 70 68 66
-2.975271 0.660152 2.908116 137 135 133
-2.941855 0.706406 2.899634 65 65 61
-2.920377 0.724570 2.884761 86 83 81
-2.970703 0.641689 2.895977 82 84 84
-2.973715 0.649845 2.893495 80 79 80
-2.913013 0.714226 2.865974 83 83 83
-2.965851 0.631215 2.880988 73 73 75
-2.971115 0.639475 2.875530 69 70 71
-2.910065 0.704242 2.851009 61 62 61
-2.899076 0.701940 2.844676 87 86 85
-2.962498 0.620858 2.864275 105 108 108
-2.965088 0.625904 2.858177 99 100 101
-2.905937 0.696346 2.831027 84 85 84
-2.896577 0.695541 2.828129 117 115 114
-2.959627 0.613314 2.849324 118 121 121
-2.960961 0.617395 2.838917 110 112 114
-2.904483 0.686477 2.811257 62 64 64
-2.891621 0.686958 2.813130 83 81 81
-2.954686 0.607713 2.824126 134 135 136
-2.901698 0.680817 2.799082 72 73 73
-2.892839 0.682024 2.793853 96 96 96
-2.949261 0.599508 2.804319 137 137 137
-2.884760 0.674172 2.777656 84 83 82
-2.941790 0.592614 2.787297 75 76 78
-2.940398 0.597021 2.775471 62 63 65
-2.882593 0.664636 2.759815 50 50 50
-2.863525 0.662830 2.751662 72 71 68
-2.932860 0.583749 2.770805 69 69 71
-2.935302 0.589145 2.763521 62 63 65
-2.874498 0.654347 2.741062 43 42 43
-2.864224 0.660225 2.735708 77 76 77
-2.926574 0.576480 2.760559 86 88 92
-2.926988 0.579430 2.748104 104 105 108
-2.873115 0.654668 2.724794 56 55 55
-2.856682 0.654410 2.718527 100 99 101
-2.917677 0.573217 2.731024 148 149 151
-2.851305 0.651051 2.701326 130 130 132
-2.840107 0.650575 2.697983 128 129 129
-2.909122 0.568079 2.714816 157 157 159
-2.905106 0.570406 2.706314 153 154 157
-2.852927 0.645860 2.689661 115 116 116
-2.837888 0.648733 2.679400 94 92 94
-2.897318 0.567168 2.692608 152 153 155
-2.893627 0.575776 2.676619 151 153 155
-2.829673 0.641481 2.665230 44 42 45
-2.821759 0.650353 2.656168 73 71 71
-2.886725 0.562236 2.678378 155 156 156
-2.884302 0.568731 2.668546 147 149 151
-2.878278 0.578927 2.652338 94 98 102
-2.829548 0.634987 2.643677 31 30 33
-2.814028 0.648613 2.639122 58 57 58
-2.803672 0.651529 2.629842 76 74 75
-2.872329 0.566096 2.653059 123 125 128
-2.866504 0.571690 2.640526 72 74 78
-2.823974 0.629043 2.628474 26 24 27
-2.815571 0.639414 2.623196 44 43 45
-2.798501 0.650872 2.614068 128 128 130
-2.783929 0.655754 2.611736 149 149 151
-2.855158 0.566589 2.630986 68 69 72
-2.850758 0.583362 2.619009 43 43 45
-2.839967 0.594504 2.607795 31 32 35
-2.795980 0.648621 2.597152 155 156 159
-2.786596 0.652217 2.588764 152 153 157
-2.762563 0.663786 2.585793 121 122 125
-2.752430 0.669933 2.580754 83 82 85
-2.837518 0.571229 2.608321 66 67 68
-2.831978 0.587459 2.595241 79 79 82
-2.826187 0.597081 2.586946 110 111 114
-2.792900 0.637000 2.575294 139 143 148
-2.781599 0.650932 2.574053 143 145 149
-2.765214 0.662478 2.567456 109 109 113
-2.751105 0.671525 2.564744 73 72 74
-2.734115 0.684690 2.557387 146 146 146
-2.719436 0.693284 2.551634 110 110 108
-2.597814 0.826016 2.496674 126 113 110
-2.586395 0.845369 2.490656 87 77 77
-2.576281 0.859081 2.487423 101 92 90
-2.563172 0.875833 2.483237 97 85 88
-2.552323 0.889081 2.476010 121 107 109
-2.537974 0.904536 2.471825 123 108 110
-2.525675 0.918966 2.465410 128 116 117
-2.515457 0.930696 2.461531 69 67 71
-2.498559 0.948058 2.457165 92 93 95
-2.827048 0.567502 2.596534 99 100 102
-2.821503 0.578690 2.586876 132 133 137
-2.811863 0.587878 2.576245 150 151 155
-2.801191 0.604466 2.564227 148 149 153
-2.794083 0.614499 2.557389 160 162 164
-2.781875 0.635908 2.556023 133 138 142
-2.763062 0.658145 2.552426 74 74 76
-2.750330 0.666708 2.545824 66 65 66
-2.736488 0.681424 2.541535 112 112 113
-2.721024 0.692437 2.536411 78 77 78
-2.704993 0.705668 2.529990 95 96 97
-2.690583 0.718302 2.522253 131 133 133
-2.677327 0.728795 2.516340 89 87 91
-2.662128 0.743226 2.511836 113 114 117
-2.651343 0.758757 2.503467 65 64 65
-2.637707 0.775830 2.498682 61 61 60
-2.627437 0.789011 2.493689 106 97 94
-2.612835 0.806780 2.486710 113 101 103
-2.602144 0.822364 2.483948 109 98 98
-2.592313 0.836194 2.477822 69 64 66
-2.577577 0.854059 2.471363 77 72 73
-2.567552 0.871802 2.462541 70 67 69
-2.556855 0.884353 2.457195 127 121 122
-2.539045 0.899262 2.454709 126 116 120
-2.527063 0.913730 2.447519 132 126 128
-2.513905 0.924817 2.443849 66 66 69
-2.494916 0.941577 2.437603 108 111 115
-2.482596 0.950399 2.434515 159 164 167
-2.802240 0.581944 2.567911 149 151 153
-2.792817 0.593482 2.555428 150 152 154
-2.784097 0.609605 2.544819 145 147 149
-2.772597 0.624424 2.535199 91 91 94
-2.758847 0.641792 2.527121 64 64 66
-2.746955 0.652654 2.522549 78 79 81
-2.734910 0.672606 2.518008 115 117 119
-2.724386 0.687150 2.518060 71 70 72
-2.709403 0.701028 2.510047 119 119 120
-2.695852 0.712969 2.504313 117 119 121
-2.681965 0.724910 2.501960 70 70 71
-2.664934 0.742582 2.495582 118 120 122
-2.650350 0.755207 2.488063 69 69 71
-2.641837 0.766533 2.482876 49 48 50
-2.627225 0.787291 2.477458 91 88 88
-2.614594 0.800569 2.469195 112 108 111
-2.605726 0.817905 2.463167 133 130 131
-2.593456 0.829730 2.457192 95 92 94
-2.580188 0.845058 2.450285 90 90 91
-2.566505 0.859833 2.446790 64 63 65
-2.554836 0.878190 2.442582 104 103 105
-2.539242 0.889520 2.436257 131 131 134
-2.522026 0.902550 2.429524 129 130 134
-2.508416 0.913947 2.426257 69 70 74
-2.495145 0.930884 2.423921 119 122 125
-2.479096 0.942421 2.421104 153 157 161
-2.780931 0.587128 2.545980 116 117 119
-2.772602 0.600326 2.536492 100 101 103
-2.762861 0.612056 2.528064 66 67 69
-2.750995 0.630400 2.517508 71 71 72
-2.744002 0.645268 2.513177 118 119 121
-2.732527 0.659437 2.505522 136 137 138
-2.717532 0.675387 2.495396 77 77 77
-2.704686 0.689792 2.490164 144 146 147
-2.691262 0.706517 2.484902 89 90 91
-2.680873 0.718193 2.481065 87 88 89
-2.665438 0.735199 2.474043 141 143 145
-2.651229 0.750079 2.469775 98 99 102
-2.641649 0.759091 2.464710 63 63 63
-2.627405 0.779454 2.457285 83 82 84
-2.613896 0.791433 2.454129 119 119 122
-2.599815 0.806991 2.449295 131 130 134
-2.588146 0.818775 2.442552 109 108 110
-2.572904 0.834046 2.437429 93 94 95
-2.556274 0.846696 2.432568 72 72 75
-2.541234 0.860600 2.427172 62 62 64
-2.527914 0.876631 2.423258 129 132 136
-2.514981 0.889408 2.419645 129 133 137
-2.501803 0.903334 2.415696 81 81 83
-2.489673 0.917458 2.411270 146 150 150
-2.478048 0.930196 2.409841 160 164 166
-2.740883 0.621026 2.509338 117 117 118
-2.730333 0.632051 2.501737 148 150 152
-2.720004 0.644312 2.492736 124 125 127
-2.709082 0.659712 2.484166 85 85 86
-2.696550 0.676992 2.476545 140 142 144
-2.685552 0.695863 2.471481 73 74 75
-2.673967 0.707666 2.465558 111 113 114
-2.659872 0.722745 2.459947 153 156 158
-2.644667 0.738860 2.452117 104 106 109
-2.635435 0.746567 2.450583 60 60 63
-2.617508 0.760613 2.444007 51 52 53
-2.604997 0.778216 2.438781 111 111 116
-2.589051 0.792371 2.432393 144 146 149
-2.576984 0.805460 2.429960 118 119 121
-2.563206 0.819967 2.428293 86 87 89
-2.551310 0.833713 2.425440 131 134 136
-2.699931 0.652752 2.476814 99 100 100
-2.686147 0.666486 2.468643 111 113 115
-2.674049 0.681205 2.461301 78 79 81
-2.664448 0.694732 2.456042 138 140 141
-2.651828 0.706169 2.449621 156 158 160
-2.635268 0.723646 2.440917 119 120 123
-2.624466 0.736407 2.437058 57 56 58
-2.610448 0.752864 2.429473 68 68 67
-2.598250 0.767207 2.428645 115 116 117
-2.582970 0.781716 2.427741 146 147 152
-2.945648 1.495147 3.744413 61 43 40
-2.937526 1.504712 3.744279 121 80 58
-2.927795 1.514334 3.742768 172 133 87
-2.918381 1.525174 3.731126 186 155 109
-2.954828 1.467135 3.733562 145 139 133
-2.946480 1.481542 3.737941 126 114 106
-2.939116 1.495283 3.737969 106 97 87
-2.908685 1.523593 3.723262 184 153 106
-2.897365 1.535287 3.709370 184 153 105
-2.889391 1.543766 3.702672 188 160 112
-2.827801 1.610864 3.676232 174 137 88
-2.813787 1.625260 3.671942 173 135 87
-2.804738 1.636197 3.668158 158 122 82
-2.791214 1.652765 3.660260 155 116 79
-2.780489 1.667277 3.652939 127 96 56
-2.953427 1.458295 3.726294 158 149 140
-2.946384 1.471396 3.721953 100 89 78
-2.935325 1.485123 3.718729 111 94 74
-2.918813 1.492735 3.713760 147 125 99
-2.885678 1.532036 3.701014 184 153 107
-2.876990 1.543610 3.690329 183 151 104
-2.863276 1.556261 3.680923 180 148 100
-2.852511 1.569224 3.676363 176 142 94
-2.837224 1.585396 3.674632 173 138 91
-2.826934 1.603036 3.672918 169 131 82
-2.814850 1.619633 3.670926 165 125 76
-2.799772 1.643487 3.660556 95 66 54
-2.787287 1.654069 3.655700 87 62 51
-2.777130 1.665272 3.649196 105 63 48
-2.762291 1.674287 3.638527 96 55 39
-2.750978 1.683942 3.627317 147 104 66
-2.953032 1.429624 3.706908 170 167 151
-2.954606 1.443866 3.708506 152 144 137
-2.936732 1.463957 3.699327 115 98 82
-2.923865 1.473236 3.696148 144 121 93
-2.912980 1.486118 3.690347 161 137 104
-2.906715 1.502889 3.686135 167 143 111
-2.862595 1.539035 3.683088 182 151 105
-2.854849 1.552079 3.678339 182 150 104
-2.849679 1.554715 3.675857 180 148 101
-2.742563 1.684050 3.617481 131 91 61
-2.734427 1.690655 3.603542 133 90 59
-2.957664 1.432602 3.702207 170 167 152
-2.948207 1.431631 3.688924 150 141 132
-2.934259 1.450704 3.682497 131 119 104
-2.920353 1.458213 3.676292 133 122 108
-2.911293 1.476531 3.670080 154 135 109
-2.896232 1.491163 3.665778 158 140 113
-2.723955 1.690018 3.596877 133 92 61
-2.718353 1.695175 3.584246 132 92 59
-2.941765 1.430043 3.676866 147 139 129
-2.929542 1.433984 3.665078 147 139 129
-2.921596 1.446720 3.660021 148 139 126
-2.903136 1.467335 3.661582 152 136 114
-2.897942 1.485134 3.651095 160 143 117
-2.707952 1.692471 3.573558 180 144 95
-2.699433 1.691929 3.559632 193 175 120
-2.926848 1.430783 3.651511 150 142 132
-2.917798 1.441194 3.650187 154 146 134
-2.700197 1.687174 3.557373 176 137 87
-2.697836 1.687574 3.546076 186 151 103
-2.918534 1.422803 3.630949 153 146 135
-2.918107 1.429261 3.636391 153 145 134
-2.692209 1.680306 3.529651 188 152 105
-2.915929 1.409948 3.616139 154 148 138
-2.684849 1.673488 3.511216 134 100 67
-2.916573 1.395526 3.600029 154 148 139
-2.680318 1.665831 3.493727 162 125 83
-2.918872 1.376122 3.581108 155 148 138
-2.915332 1.384163 3.589054 155 148 139
-2.674172 1.656089 3.474556 191 164 121
-2.917240 1.363841 3.571996 157 150 139
-2.670438 1.647881 3.460481 121 95 69
-2.670010 1.653236 3.461118 137 108 72
-2.922519 1.339067 3.554675 160 153 144
-2.920655 1.347826 3.558552 159 152 142
-2.666169 1.635573 3.441526 144 111 78
-2.660391 1.640973 3.447062 0 0 0
-2.933955 1.313910 3.538223 164 158 147
-2.926492 1.325865 3.543757 160 153 144
-2.661169 1.621850 3.425391 195 170 130
-2.933069 1.300540 3.528222 159 152 142
-2.929527 1.315270 3.534629 158 151 142
-2.661224 1.612181 3.406113 187 157 117
-2.937516 1.277726 3.515800 159 151 140
-2.935434 1.287778 3.519177 158 150 139
-2.655674 1.601562 3.392029 166 132 93
-2.947506 1.252785 3.499971 157 149 137
-2.939768 1.264496 3.507023 158 150 138
-2.650289 1.589552 3.374624 107 82 60
-2.953595 1.227996 3.489801 158 150 136
-2.947425 1.240162 3.494829 158 150 137
-2.647867 1.579005 3.360096 152 119 83
-2.962178 1.201943 3.476763 156 146 131
-2.956248 1.215451 3.481837 156 146 133
-2.944343 1.223619 3.488974 156 148 135
-2.643046 1.565499 3.342252 136 109 80
-2.975952 1.177101 3.463580 157 146 128
-2.964518 1.189747 3.468966 155 144 128
-2.953182 1.197657 3.476780 156 147 132
-2.641239 1.554995 3.326255 72 58 52
-2.985822 1.152535 3.451848 145 127 112
-2.973318 1.163875 3.456244 153 141 124
-2.967334 1.177255 3.463495 152 139 123
-2.634762 1.530575 3.311097 119 91 67
-2.639297 1.543255 3.307754 134 108 77
-2.987445 1.127172 3.441579 158 144 118
-2.982258 1.139641 3.445362 153 138 117
-2.975940 1.155030 3.449254 151 136 117
-2.635608 1.524474 3.293975 149 117 82
-2.636545 1.531650 3.293446 179 147 101
-2.992425 1.100314 3.434229 157 141 114
-2.991879 1.114292 3.434340 153 136 114
-2.983375 1.128129 3.438810 152 137 116
-2.632114 1.515048 3.276846 165 132 91
-2.635513 1.521600 3.275649 181 152 106
-3.006644 1.078970 3.421114 153 135 108
-2.998813 1.091097 3.424325 151 133 109
-2.991499 1.100691 3.428017 151 135 112
-2.634648 1.504148 3.262102 84 70 58
-2.631211 1.511024 3.260266 120 94 66
-3.014057 1.051371 3.408682 147 127 99
-3.007020 1.065598 3.413518 148 129 102
-3.009347 1.080853 3.413845 149 132 108
-2.634453 1.493183 3.244074 66 58 53
-3.024047 1.028190 3.400321 147 127 97
-3.015539 1.038829 3.400356 144 124 97
-2.979327 1.063352 3.388468 148 129 101
-2.960012 1.089255 3.381650 145 125 100
-2.943228 1.108998 3.376559 144 123 96
-2.630261 1.477586 3.227059 115 93 70
-3.033107 1.003636 3.385458 142 120 87
-3.024295 1.014615 3.388826 138 117 88
-3.014851 1.028423 3.394947 141 119 93
-2.976952 1.055363 3.377502 146 124 99
-2.953813 1.082370 3.365503 143 122 97
-2.945260 1.095459 3.364876 145 123 99
-2.931142 1.101652 3.350804 142 121 95
-2.631931 1.460244 3.206151 147 108 75
-2.625974 1.465390 3.212850 181 148 103
-3.033088 0.988616 3.376022 134 108 76
-3.025695 1.003302 3.382328 137 115 85
-2.971810 1.047328 3.360133 141 117 88
-2.962267 1.051325 3.349297 144 119 87
-2.953662 1.066012 3.349755 135 117 91
-2.935232 1.088108 3.342196 143 120 94
-2.627126 1.448907 3.191850 132 92 62
-2.624691 1.454159 3.194004 183 152 106
-3.037561 0.967777 3.363768 126 99 67
-3.035938 0.975501 3.368378 126 100 68
-2.959898 1.050172 3.343559 141 118 92
-2.945847 1.061927 3.331355 141 120 92
-2.932099 1.071416 3.320995 143 120 89
-2.918584 1.093437 3.319528 143 120 88
-2.622039 1.439236 3.179345 97 80 65
-2.623044 1.446925 3.182361 128 102 70
-3.037462 0.953065 3.353125 126 103 75
-2.976396 1.013677 3.331406 145 124 95
-2.966527 1.027099 3.330706 144 121 92
-2.954647 1.037739 3.321560 146 124 97
-2.936687 1.055530 3.312377 140 116 89
-2.928613 1.064528 3.306486 140 117 90
-2.916006 1.079041 3.302662 145 120 91
-2.621814 1.424997 3.162902 126 99 71
-3.043313 0.931378 3.335297 127 107 83
-3.041925 0.939354 3.339617 125 105 81
-2.976979 1.000467 3.319721 145 119 95
-2.935148 1.043686 3.295664 140 119 93
-2.924006 1.053206 3.288190 139 117 89
-2.622912 1.414730 3.150351 177 143 97
-3.044914 0.916716 3.321826 127 108 84
-2.620131 1.397286 3.131365 175 141 95
-3.047271 0.896384 3.304694 130 111 88
-3.044985 0.903769 3.310781 128 109 86
-2.619418 1.381309 3.116230 98 78 63
-2.619700 1.392015 3.120476 120 96 68
-3.046195 0.886977 3.293656 132 113 91
-2.619576 1.366751 3.103656 166 134 93
-3.045976 0.873373 3.277757 134 116 95
-2.615106 1.339896 3.085403 176 140 97
-2.620502 1.353203 3.086789 181 147 100
-3.042710 0.858053 3.261433 137 120 100
-2.620027 1.334952 3.071603 138 111 80
-2.622336 1.346221 3.076378 179 147 100
-3.044301 0.844757 3.245705 139 124 104
-3.041092 0.845870 3.243301 136 120 102
-2.621996 1.316785 3.056394 90 74 62
-2.619883 1.335886 3.057571 24 13 16
-3.039327 0.832368 3.228230 139 124 106
-3.037782 0.834094 3.225733 137 122 104
-2.626006 1.302864 3.040828 160 127 88
-2.623951 1.308415 3.042881 151 122 84
-3.034921 0.819722 3.210324 139 124 107
-3.032313 0.824477 3.212729 138 123 106
-2.625584 1.285942 3.027853 173 138 92
-3.032458 0.811469 3.194865 139 126 109
-3.028322 0.813633 3.194648 136 123 107
-2.626946 1.262370 3.011289 154 121 86
-2.628731 1.272876 3.014202 174 137 90
-3.028285 0.799982 3.177462 138 125 109
-3.023073 0.800684 3.179308 138 124 107
-2.630655 1.235798 2.998570 103 75 54
-2.630362 1.254067 3.002469 106 82 63
-3.026032 0.788253 3.159480 137 125 111
-2.635191 1.228455 2.985019 152 115 77
-2.633603 1.239272 2.988634 135 104 71
-3.021592 0.776984 3.142872 138 128 115
-2.638386 1.200408 2.970423 85 72 61
-2.638847 1.212500 2.972688 127 96 71
-3.016950 0.766845 3.126930 141 131 119
-2.645475 1.188052 2.957910 121 96 68
-2.640142 1.204550 2.957668 28 25 21
-3.012616 0.756602 3.110336 143 133 122
-2.651691 1.162909 2.947109 177 143 95
-2.648779 1.179443 2.950710 175 142 93
-3.009521 0.747280 3.092649 144 136 126
-2.660141 1.137197 2.935235 179 145 98
-2.655781 1.153995 2.938809 178 145 97
-3.006315 0.738889 3.075108 145 137 129
-2.990469 0.732824 3.072926 147 140 132
-2.673548 1.099630 2.923767 71 60 50
-2.667827 1.118279 2.927253 154 127 90
-2.667449 1.130391 2.925887 185 155 105
-2.999718 0.729034 3.058788 147 141 133
-2.992495 0.728047 3.057199 147 140 132
-2.917720 0.823571 3.016947 90 75 59
-2.900113 0.839717 3.010306 99 80 62
-2.696171 1.059689 2.919098 183 154 113
-2.689392 1.075009 2.915808 183 153 107
-2.681739 1.089493 2.917965 126 101 74
-2.997017 0.720736 3.042981 153 148 138
-2.990294 0.721447 3.039590 148 141 133
-2.915967 0.800869 3.004866 80 66 49
-2.908227 0.813442 2.999648 82 66 49
-2.898407 0.822258 2.992668 79 62 46
-2.886096 0.834848 2.992774 99 75 52
-2.715217 1.028615 2.911847 185 156 111
-2.702775 1.050619 2.913426 184 154 109
-2.696331 1.063398 2.912022 184 153 109
-2.994773 0.715806 3.029188 152 144 134
-2.983613 0.712717 3.019820 151 143 134
-2.932876 0.777411 2.987811 102 85 66
-2.915919 0.788289 2.989059 89 72 53
-2.905144 0.805847 2.986230 82 64 46
-2.894840 0.817920 2.976030 84 67 48
-2.888249 0.829270 2.966443 101 85 65
-2.744999 0.980518 2.908916 172 138 95
-2.736950 0.993568 2.908277 95 76 59
-2.723755 1.011121 2.908433 115 95 75
-2.718731 1.024209 2.907256 187 160 115
-2.974818 0.708165 3.002468 152 143 133
-2.966230 0.709210 2.994786 148 134 117
-2.931584 0.753754 2.979894 97 83 65
-2.922935 0.766584 2.977991 91 74 57
-2.911992 0.778805 2.973863 96 76 54
-2.902736 0.795147 2.970938 99 77 55
-2.888169 0.806977 2.962551 101 79 54
-2.885190 0.822096 2.958077 125 101 75
-2.792199 0.907004 2.916388 169 136 94
-2.785442 0.921883 2.910731 160 128 88
-2.769267 0.942269 2.909418 84 65 51
-2.758984 0.957934 2.908634 171 142 102
-2.751569 0.972283 2.906722 179 149 104
-2.972980 0.703198 2.980343 146 138 126
-2.962740 0.703964 2.983392 147 137 123
-2.945753 0.719323 2.971546 133 108 81
-2.936030 0.744223 2.970198 95 80 62
-2.922924 0.756035 2.964583 91 74 57
-2.909036 0.770519 2.959444 104 81 57
-2.897291 0.784964 2.955220 109 82 56
-2.883433 0.797007 2.945215 114 87 60
-2.870036 0.808259 2.936228 80 60 46
-2.852679 0.823417 2.927751 88 70 54
-2.841949 0.839444 2.922988 166 133 93
-2.829746 0.857548 2.920024 129 98 68
-2.819020 0.869954 2.917863 74 58 46
-2.806982 0.888798 2.913826 137 112 81
-2.798021 0.903080 2.912303 172 140 98
-2.966699 0.690311 2.964264 123 119 115
-2.958176 0.695570 2.968176 118 109 99
-2.942596 0.712084 2.958572 105 88 72
-2.932619 0.730871 2.948741 92 80 67
-2.913652 0.743973 2.946446 81 66 56
-2.905167 0.756462 2.940076 90 69 53
-2.890190 0.775061 2.933933 101 75 54
-2.879828 0.790416 2.932455 123 92 63
-2.867974 0.802659 2.929811 91 68 48
-2.859704 0.820173 2.922872 85 67 50
-2.849124 0.830567 2.921564 173 138 93
-2.961248 0.677331 2.951835 133 130 127
-2.953579 0.683117 2.957527 110 109 107
-2.938658 0.702361 2.943186 61 59 56
-2.926280 0.710463 2.936634 96 92 84
-2.912754 0.733687 2.930966 44 39 42
-2.907804 0.746441 2.925309 59 55 51
-2.962277 0.665147 2.934044 142 139 137
-2.935466 0.694342 2.922724 60 60 59
-2.913219 0.705975 2.915716 38 36 34
-2.911039 0.719629 2.911504 33 30 32
-2.906103 0.734883 2.908076 70 68 65
-2.958645 0.650324 2.917809 140 137 136
-2.902652 0.715298 2.895296 79 77 74
-2.906115 0.727226 2.892749 76 77 83
-2.955621 0.638743 2.904162 87 86 88
-2.898444 0.705094 2.875904 76 74 73
-2.898905 0.712683 2.871020 124 121 125
-2.958885 0.623024 2.877049 97 99 100
-2.951442 0.626988 2.886359 85 86 88
-2.893284 0.693516 2.858984 61 61 61
-2.890383 0.695491 2.848499 101 102 102
-2.953250 0.614931 2.866023 122 123 120
-2.948150 0.616532 2.868849 110 110 112
-2.886180 0.683786 2.842396 95 96 95
-2.887923 0.690537 2.837499 126 127 127
-2.942799 0.605997 2.849894 108 108 111
-2.881405 0.673143 2.824406 72 71 73
-2.882315 0.680570 2.817676 90 89 87
-2.938702 0.598031 2.833126 130 132 133
-2.879897 0.665669 2.813865 42 40 43
-2.876726 0.671660 2.802911 55 53 54
-2.933015 0.589303 2.814293 120 121 121
-2.868175 0.660759 2.792105 54 52 52
-2.926604 0.583295 2.796537 76 77 80
-2.913731 0.582365 2.791214 84 86 88
-2.861897 0.650910 2.772027 47 46 46
-2.852177 0.656202 2.759694 91 85 72
-2.921657 0.576901 2.777768 85 86 88
-2.914068 0.575917 2.776376 98 99 104
-2.857267 0.643960 2.752598 36 33 35
-2.848863 0.654203 2.746616 78 72 67
-2.918492 0.571046 2.763907 127 128 128
-2.909548 0.569114 2.760586 141 142 144
-2.850124 0.640263 2.738341 32 29 30
-2.841287 0.644468 2.725230 48 46 46
-2.902777 0.564142 2.739640 156 157 158
-2.841104 0.640260 2.710416 39 37 39
-2.827965 0.647381 2.707060 79 78 78
-2.895423 0.559024 2.721352 159 159 160
-2.887411 0.557511 2.716533 154 154 156
-2.828449 0.633969 2.693535 27 26 31
-2.823094 0.640728 2.687441 55 52 56
-2.812398 0.646155 2.677029 95 95 91
-2.896227 0.557297 2.708955 159 160 159
-2.883212 0.555330 2.702751 148 150 152
-2.818190 0.638250 2.674532 45 42 47
-2.802980 0.642109 2.665535 86 84 88
-2.874262 0.553156 2.684104 146 147 148
-2.867383 0.554407 2.677229 126 129 131
-2.818524 0.631839 2.654721 28 28 31
-2.795871 0.641600 2.647916 66 65 70
-2.787136 0.646353 2.642752 98 97 98
-2.858458 0.553485 2.660433 103 105 109
-2.851753 0.558734 2.651288 69 73 80
-2.779024 0.645406 2.631742 72 69 77
-2.772272 0.650404 2.619817 87 87 89
-2.757924 0.660207 2.610205 101 103 99
-2.852011 0.552196 2.646626 99 101 102
-2.844499 0.556229 2.637354 94 96 100
-2.833126 0.559762 2.626487 112 113 121
-2.764549 0.654614 2.605659 86 85 90
-2.751333 0.659588 2.595629 59 59 62
-2.737568 0.667923 2.587485 57 57 59
-2.722678 0.677061 2.582682 121 120 121
-2.551726 0.873269 2.505856 132 112 107
-2.540069 0.891508 2.500230 133 113 111
-2.527451 0.906613 2.494861 121 103 105
-2.515801 0.920004 2.489493 114 98 102
-2.504120 0.932856 2.484337 60 59 63
-2.491460 0.949531 2.477821 71 72 73
-2.476535 0.961026 2.472083 130 134 138
-2.836743 0.555253 2.625851 124 125 125
-2.826122 0.559901 2.612313 114 117 119
-2.738834 0.663281 2.576316 35 36 40
-2.723340 0.678853 2.571814 97 96 98
-2.708514 0.690679 2.560044 81 79 82
-2.691941 0.702327 2.554195 104 103 104
-2.682919 0.712400 2.547186 146 146 149
-2.600520 0.805159 2.510408 126 109 106
-2.588735 0.821637 2.504918 105 89 89
-2.579108 0.835653 2.500707 61 53 57
-2.567195 0.854579 2.497260 78 66 68
-2.555261 0.868221 2.494899 83 67 74
-2.542483 0.884566 2.489143 100 78 87
-2.530243 0.902458 2.482879 102 79 86
-2.520493 0.919002 2.477856 113 95 100
-2.508649 0.929235 2.470854 51 52 55
-2.487485 0.944532 2.461411 49 51 57
-2.477170 0.958498 2.455668 139 144 148
-2.461229 0.968068 2.452680 150 157 164
-2.446325 0.976062 2.445117 125 132 141
-2.816750 0.556053 2.603507 143 144 145
-2.806520 0.564408 2.589674 140 142 145
-2.803097 0.572301 2.579499 148 150 152
-2.710260 0.693883 2.548333 66 66 68
-2.698036 0.701901 2.544150 83 82 86
-2.680076 0.714315 2.537233 123 125 128
-2.665246 0.727826 2.527279 107 108 113
-2.652764 0.740900 2.520157 93 93 98
-2.641486 0.750393 2.513606 40 39 41
-2.626316 0.767489 2.509371 37 36 37
-2.614298 0.786440 2.508088 94 80 80
-2.603095 0.801200 2.499515 93 78 82
-2.591427 0.819926 2.496130 96 78 82
-2.585074 0.834659 2.491554 58 50 54
-2.573202 0.851184 2.485900 67 55 60
-2.564363 0.861442 2.482500 74 63 68
-2.500371 0.930947 2.451902 40 43 45
-2.489371 0.941037 2.448806 41 44 51
-2.478484 0.951772 2.440142 122 127 133
-2.461666 0.961752 2.432012 130 137 145
-2.447850 0.972461 2.432313 97 102 110
-2.429304 0.981815 2.423315 75 79 83
-2.796903 0.561716 2.582566 151 153 154
-2.792537 0.570532 2.570378 133 135 137
-2.781976 0.577142 2.557833 83 84 87
-2.639882 0.752299 2.503105 29 27 30
-2.631331 0.761932 2.498456 21 20 23
-2.496732 0.910750 2.422231 48 50 55
-2.484030 0.927434 2.422522 69 74 88
-2.472757 0.939980 2.418084 132 136 144
-2.457868 0.953732 2.416135 88 92 98
-2.441431 0.963217 2.413664 49 51 55
-2.427883 0.976075 2.407231 74 77 81
-2.773486 0.577613 2.552765 74 74 77
-2.765485 0.587883 2.541326 67 68 71
-2.751695 0.600084 2.529131 54 55 57
-2.543137 0.837721 2.430791 48 48 50
-2.529613 0.852604 2.427620 57 57 61
-2.517053 0.869343 2.420498 106 108 112
-2.501885 0.880577 2.418611 94 99 107
-2.491751 0.897156 2.413978 67 68 73
-2.477964 0.912630 2.410076 103 107 116
-2.466345 0.928015 2.406773 122 127 134
-2.452800 0.939426 2.402544 61 63 68
-2.436943 0.955723 2.398698 52 55 58
-2.418580 0.968248 2.389730 98 103 106
-2.411268 0.976428 2.393536 132 141 145
-2.742203 0.596520 2.522137 89 90 91
-2.732632 0.609907 2.513793 112 113 116
-2.720875 0.622125 2.503437 148 149 152
-2.711656 0.633048 2.492198 129 130 133
-2.612233 0.749095 2.444436 31 32 33
-2.594105 0.768991 2.435504 64 69 73
-2.581713 0.783931 2.430718 123 127 131
-2.565967 0.798614 2.426015 106 108 110
-2.550404 0.812309 2.426554 85 86 89
-2.539966 0.829429 2.425949 103 104 107
-2.524585 0.842465 2.424875 58 58 60
-2.511281 0.858383 2.419747 113 115 118
-2.496905 0.871254 2.416744 119 123 127
-2.480875 0.887956 2.410054 79 81 83
-2.471176 0.899369 2.404701 123 126 130
-2.454831 0.920260 2.397841 83 85 89
-2.443732 0.929568 2.390983 65 67 68
-2.431257 0.942817 2.385583 69 72 74
-2.417926 0.959189 2.383122 90 95 98
-2.705402 0.616375 2.496513 165 167 169
-2.699770 0.627721 2.488255 141 143 144
-2.687704 0.639794 2.478846 71 71 73
-2.680764 0.654070 2.470333 72 72 73
-2.662937 0.671335 2.458793 78 76 81
-2.651572 0.683705 2.453932 119 119 124
-2.639592 0.700554 2.446241 139 142 145
-2.626476 0.716860 2.438711 83 84 86
-2.616233 0.724172 2.438573 25 25 26
-2.604066 0.740076 2.436889 27 28 29
-2.586551 0.758392 2.428997 75 75 80
-2.573287 0.773421 2.427803 145 147 150
-2.560913 0.789079 2.426280 134 136 139
-2.548998 0.796198 2.425430 74 76 75
-2.663271 0.649970 2.464047 73 73 76
-2.654679 0.664196 2.455784 138 139 138
-2.642383 0.677243 2.449631 166 167 169
-2.634396 0.690274 2.444432 157 158 161
-2.617573 0.707649 2.436769 108 110 112
-2.609378 0.716551 2.432487 50 50 53
-2.593657 0.736290 2.426437 69 68 69
-2.933928 1.485339 3.750123 131 117 113
-2.921977 1.495362 3.750294 133 103 79
-2.913273 1.504039 3.745558 193 163 124
-2.940583 1.459410 3.742194 124 112 111
-2.932190 1.472226 3.747483 130 121 116
-2.921002 1.483931 3.748534 129 114 106
-2.902867 1.497923 3.739244 189 169 139
-2.898950 1.511708 3.728323 190 164 124
-2.889732 1.526375 3.715942 193 167 124
-2.799776 1.615269 3.679820 112 91 72
-2.786249 1.626123 3.677857 89 79 68
-2.774809 1.639549 3.671932 108 95 80
-2.937242 1.447371 3.735958 145 139 134
-2.930874 1.460909 3.734538 116 107 97
-2.914928 1.473720 3.727126 111 99 86
-2.903255 1.490393 3.719100 173 157 134
-2.883483 1.503890 3.714568 189 168 135
-2.877949 1.520268 3.702381 188 162 122
-2.867887 1.531798 3.692713 189 163 120
-2.859696 1.541546 3.686985 186 157 114
-2.838175 1.566506 3.678145 178 147 101
-2.826522 1.578688 3.677093 173 141 98
-2.811469 1.592155 3.678693 170 139 99
-2.798830 1.607987 3.680358 156 131 103
-2.787187 1.624823 3.674090 68 55 48
-2.773779 1.639884 3.666433 94 78 68
-2.760319 1.652826 3.655728 128 87 64
-2.748828 1.661501 3.646210 124 87 61
-2.743598 1.673943 3.635580 34 12 19
-2.937175 1.431363 3.721232 149 140 135
-2.922075 1.454255 3.712303 124 107 88
-2.911104 1.466581 3.703511 147 123 94
-2.902254 1.477245 3.699222 158 131 99
-2.887219 1.492727 3.695265 175 152 118
-2.868722 1.510282 3.695869 187 165 131
-2.858358 1.524338 3.684724 185 162 125
-2.847010 1.540954 3.676762 182 156 116
-2.835635 1.553212 3.672492 177 149 108
-2.817138 1.565746 3.669367 165 140 108
-2.810105 1.576072 3.673112 165 138 103
-2.739556 1.667660 3.635211 103 66 48
-2.729498 1.670947 3.627349 142 105 71
-2.720460 1.678173 3.614621 93 59 44
-2.945359 1.423057 3.707491 171 167 153
-2.930463 1.422488 3.699574 150 142 135
-2.915714 1.435701 3.693308 149 139 125
-2.906524 1.454613 3.686739 147 131 110
-2.894127 1.468761 3.680406 159 139 110
-2.882397 1.480823 3.672036 157 139 114
-2.847324 1.515625 3.674997 183 165 138
-2.837644 1.526979 3.665924 178 160 132
-2.824533 1.539336 3.659853 170 151 125
-2.814219 1.552712 3.656260 160 139 113
-2.804810 1.568207 3.639225 150 132 112
-2.709807 1.678720 3.603569 155 115 77
-2.701023 1.683191 3.590805 123 85 55
-2.924983 1.421765 3.687658 148 141 132
-2.915377 1.425074 3.677597 152 144 134
-2.905347 1.440596 3.670805 149 139 126
-2.893761 1.456705 3.671985 151 134 110
-2.878034 1.472017 3.659229 156 141 116
-2.797727 1.564807 3.628012 156 138 117
-2.692195 1.684184 3.580365 144 110 75
-2.684684 1.684864 3.574310 121 93 60
-2.907534 1.422605 3.662439 155 149 139
-2.904241 1.431689 3.657446 154 146 135
-2.894985 1.449276 3.657998 157 138 112
-2.688782 1.678705 3.562258 166 122 71
-2.681396 1.677956 3.559424 177 138 90
-2.901748 1.413205 3.640522 156 149 139
-2.899648 1.417689 3.644579 154 147 138
-2.677258 1.670833 3.537632 188 154 108
-2.900134 1.400165 3.623958 156 149 140
-2.671209 1.663130 3.521291 144 107 67
-2.899895 1.386026 3.609615 156 150 141
-2.665659 1.653063 3.504277 170 135 93
-2.902945 1.366052 3.588960 159 152 143
-2.898715 1.373772 3.596814 157 151 143
-2.661601 1.644462 3.486991 192 164 120
-2.901027 1.355721 3.580854 159 153 144
-2.655585 1.634537 3.472727 122 97 70
-2.907249 1.329468 3.562706 165 159 149
-2.902778 1.338055 3.566664 162 156 146
-2.651169 1.622054 3.452446 142 111 80
-2.919761 1.308633 3.546995 165 161 149
-2.907550 1.317653 3.552035 162 156 147
-2.649484 1.611250 3.435806 195 171 134
-2.916461 1.290656 3.534853 161 154 144
-2.909961 1.302574 3.542988 161 155 146
-2.645970 1.598470 3.418679 193 166 126
-2.920716 1.270064 3.525075 159 151 141
-2.914512 1.276955 3.528363 160 152 142
-2.901053 1.288927 3.532228 163 156 146
-2.640924 1.589068 3.403474 189 162 120
-2.932331 1.245108 3.509810 160 152 139
-2.922189 1.254408 3.513821 158 150 139
-2.911462 1.264124 3.522201 159 152 142
-2.637922 1.579174 3.385853 132 102 74
-2.930484 1.231351 3.502080 157 148 136
-2.925648 1.241387 3.504709 157 148 138
-2.635244 1.566872 3.368033 137 107 75
-2.938753 1.206785 3.488503 156 147 133
-2.930621 1.214768 3.493820 155 145 133
-2.632819 1.555676 3.350964 149 121 87
-2.946180 1.180619 3.476305 155 144 128
-2.939688 1.191494 3.481497 156 146 131
-2.629150 1.537840 3.338478 72 61 54
-2.628129 1.543642 3.334398 78 61 53
-2.955416 1.155040 3.463464 156 143 124
-2.950109 1.169933 3.469731 154 141 124
-2.627087 1.527102 3.318692 117 90 67
-2.625943 1.532810 3.319525 128 105 78
-2.964452 1.131150 3.451373 155 141 120
-2.955385 1.144616 3.458594 155 141 122
-2.625151 1.518017 3.303025 169 136 96
-2.626376 1.526628 3.307442 181 151 105
-2.973998 1.105503 3.441524 154 138 115
-2.966841 1.120114 3.445040 154 139 118
-2.622022 1.504656 3.285633 157 126 90
-2.995410 1.072004 3.427940 156 140 113
-2.981129 1.080450 3.431752 152 134 109
-2.975888 1.091893 3.434503 152 136 113
-2.625578 1.480673 3.272804 56 47 45
-2.621199 1.495234 3.274505 89 71 59
-2.989505 1.056184 3.420597 148 129 103
-2.985394 1.067302 3.426178 152 134 107
-2.623323 1.471413 3.257139 55 47 45
-2.619596 1.480778 3.255647 70 62 56
-2.998777 1.028432 3.407632 144 124 96
-2.990751 1.041546 3.409767 145 126 99
-2.971330 1.058972 3.400027 146 128 101
-2.955509 1.067481 3.394383 146 124 95
-2.946913 1.087841 3.389183 146 125 97
-2.940009 1.105188 3.382321 144 123 95
-2.924085 1.119327 3.375048 143 122 92
-2.621460 1.463686 3.243024 66 55 52
-2.616221 1.466099 3.237092 114 90 68
-3.021979 0.995965 3.390321 143 122 90
-3.008034 1.005544 3.395785 140 119 89
-2.999571 1.018553 3.400625 141 121 93
-2.979380 1.033217 3.389605 142 121 94
-2.967668 1.050812 3.379667 141 119 89
-2.954910 1.061155 3.374492 143 119 89
-2.947174 1.075218 3.372108 143 122 92
-2.930340 1.092274 3.366348 141 122 94
-2.918234 1.108923 3.358010 141 121 92
-2.615135 1.448027 3.223001 169 134 95
-2.615206 1.457161 3.222885 180 148 104
-3.014907 0.980190 3.383530 135 111 80
-3.009159 0.994771 3.389779 138 116 86
-2.986361 1.007494 3.377172 139 119 91
-2.979644 1.023386 3.369136 144 122 94
-2.967429 1.036555 3.365679 143 121 90
-2.954712 1.050180 3.362353 141 117 87
-2.939375 1.062255 3.353115 141 118 88
-2.927138 1.080333 3.351333 140 117 89
-2.912263 1.096642 3.342129 141 117 88
-2.614491 1.440674 3.206152 178 144 102
-2.612820 1.446534 3.205389 190 164 116
-3.022129 0.955019 3.368328 131 105 70
-3.018159 0.967668 3.374662 130 106 76
-2.996264 0.983300 3.372636 136 114 85
-2.988894 0.994693 3.359960 141 121 96
-2.973965 1.013689 3.355298 142 121 91
-2.960383 1.027819 3.351572 142 119 88
-2.948128 1.042597 3.345402 143 119 89
-2.933934 1.053944 3.336033 141 118 87
-2.924025 1.070129 3.332335 141 119 89
-2.911035 1.088528 3.325687 142 118 87
-2.609290 1.428284 3.189505 128 102 77
-2.612547 1.437425 3.186384 112 85 61
-3.021978 0.946213 3.360391 125 101 72
-3.012811 0.952328 3.367349 130 104 75
-2.995797 0.970084 3.354487 133 114 89
-2.987418 0.989902 3.346243 140 119 92
-2.970712 1.003885 3.340231 143 121 90
-2.955077 1.017573 3.331719 143 119 87
-2.945671 1.032488 3.326276 143 120 88
-2.933515 1.043230 3.323027 142 119 86
-2.920593 1.060780 3.315822 140 117 88
-2.905079 1.078562 3.308036 142 119 87
-2.608920 1.413966 3.173619 119 94 69
-3.026110 0.920738 3.342232 126 106 80
-3.023610 0.927910 3.346702 126 105 79
-2.980019 0.980763 3.331399 141 120 92
-2.962794 0.998050 3.323082 147 125 95
-2.960284 1.015316 3.313615 142 120 93
-2.942658 1.018769 3.309591 145 126 98
-2.924894 1.036146 3.301635 139 119 92
-2.916305 1.051836 3.300927 135 113 83
-2.609971 1.392925 3.157661 144 110 78
-2.609542 1.401695 3.159136 178 144 99
-3.025405 0.910722 3.332427 126 105 81
-2.607787 1.382570 3.142316 147 116 81
-2.608975 1.388823 3.140100 182 150 101
-3.032355 0.886408 3.311104 130 111 88
-3.026469 0.893429 3.318420 129 109 85
-2.607718 1.371928 3.126493 100 79 64
-2.604117 1.380514 3.126748 4 0 0
-3.029916 0.878712 3.301567 132 113 90
-3.020744 0.878771 3.307853 131 113 90
-2.617439 1.349148 3.108604 128 101 76
-2.607829 1.356486 3.112425 171 139 95
-3.026871 0.863680 3.286334 135 117 95
-2.607960 1.336721 3.095547 181 149 102
-2.610965 1.349049 3.099087 183 151 103
-3.025136 0.849843 3.270924 137 120 100
-2.608688 1.325503 3.082919 149 121 86
-3.027922 0.832649 3.251279 141 128 107
-3.022342 0.837422 3.255023 138 122 103
-2.610214 1.297675 3.065120 90 74 62
-2.610902 1.306963 3.066075 81 67 57
-3.027018 0.823097 3.235598 142 129 109
-3.019602 0.824438 3.236549 138 123 105
-2.611679 1.291286 3.053108 154 122 84
-2.612845 1.300780 3.052938 146 117 82
-3.018513 0.809805 3.220166 140 126 108
-3.015403 0.813832 3.221748 138 124 107
-2.616627 1.264497 3.034712 169 130 85
-2.614848 1.274437 3.038640 172 137 91
-3.014928 0.799843 3.206143 143 133 115
-3.013170 0.805579 3.204185 137 124 109
-2.615280 1.252823 3.023710 157 122 86
-2.615624 1.265168 3.027848 175 139 92
-3.012175 0.790140 3.185090 139 127 112
-3.007397 0.793311 3.190059 137 125 110
-2.620282 1.229473 3.010178 87 72 62
-2.618465 1.238295 3.009824 92 73 57
-3.008376 0.780590 3.168945 137 126 112
-3.003999 0.781513 3.170893 136 124 110
-2.622185 1.219505 2.997263 148 114 77
-2.623075 1.229075 2.995970 154 119 78
-3.005639 0.770798 3.152016 138 128 115
-2.997297 0.768087 3.151759 137 126 114
-2.628530 1.190905 2.982092 87 72 60
-2.627514 1.204448 2.985833 130 98 72
-3.000991 0.760600 3.136149 140 131 120
-2.993759 0.759564 3.136745 139 130 119
-2.635391 1.163993 2.967871 172 136 88
-2.632519 1.177171 2.971651 131 102 71
-2.626151 1.192042 2.967036 0 0 0
-2.997339 0.750825 3.118039 141 132 122
-2.990871 0.750403 3.119027 139 131 122
-2.642959 1.140420 2.958840 176 142 95
-2.641345 1.153036 2.957577 177 144 96
-2.636433 1.170432 2.960843 184 154 102
-2.993074 0.740686 3.100879 145 138 128
-2.987671 0.741451 3.101906 143 135 127
-2.650179 1.118085 2.947210 179 146 101
-2.647942 1.129855 2.949597 179 146 99
-2.646990 1.147626 2.947721 181 148 99
-2.991708 0.731866 3.085368 148 142 133
-2.982468 0.731851 3.083300 146 139 131
-2.661160 1.087662 2.938554 79 65 55
-2.656592 1.108627 2.939283 160 132 93
-2.984499 0.719377 3.060946 155 150 139
-2.978338 0.723803 3.065309 149 142 134
-2.897267 0.819912 3.029338 98 83 59
-2.879388 0.839389 3.023758 108 87 63
-2.685224 1.047484 2.930388 182 150 104
-2.674400 1.068272 2.929709 177 145 100
-2.668815 1.079499 2.930767 104 82 62
-2.970911 0.715987 3.046111 151 143 135
-2.905953 0.789837 3.016539 106 90 71
-2.893481 0.805028 3.007200 88 71 53
-2.881728 0.815806 3.001985 88 68 51
-2.867896 0.823892 2.997467 125 104 81
-2.706826 0.999640 2.928017 132 110 94
-2.701046 1.021878 2.925839 183 153 108
-2.691054 1.042534 2.922985 185 155 109
-2.965121 0.709431 3.026997 154 147 136
-2.953031 0.710030 3.027216 155 146 134
-2.910515 0.765210 3.003758 109 87 63
-2.900991 0.779396 2.998231 96 76 55
-2.888492 0.796059 2.993457 90 72 52
-2.880068 0.809403 2.985195 89 70 50
-2.874496 0.825691 2.991477 91 64 41
-2.740957 0.954243 2.923908 172 141 101
-2.731682 0.970651 2.920992 168 135 93
-2.722864 0.983793 2.921343 87 70 57
-2.711550 1.001183 2.921094 130 106 81
-2.962392 0.704964 3.012409 154 147 135
-2.950214 0.705951 3.008094 153 142 128
-2.933770 0.708862 3.000451 155 137 114
-2.923814 0.742935 2.984066 96 80 62
-2.910191 0.757069 2.988043 109 87 63
-2.899629 0.768853 2.985602 106 82 58
-2.883389 0.785830 2.976663 109 85 59
-2.875829 0.800361 2.974309 100 77 55
-2.864059 0.808182 2.967474 120 99 77
-2.786878 0.884814 2.930532 176 145 102
-2.781426 0.897562 2.926146 175 144 101
-2.767850 0.914944 2.924439 161 131 91
-2.754661 0.933920 2.922668 83 66 53
-2.746092 0.949105 2.920090 173 144 103
-2.945462 0.702029 2.987447 148 133 113
-2.930911 0.709399 2.984531 142 118 95
-2.915309 0.729074 2.975384 110 85 65
-2.905983 0.744819 2.972057 108 84 61
-2.890908 0.756274 2.967485 113 85 59
-2.874784 0.772521 2.960722 115 86 63
-2.867323 0.785257 2.951913 119 89 60
-2.852855 0.798337 2.944244 75 58 44
-2.840306 0.814091 2.939530 116 91 65
-2.827433 0.832256 2.936493 165 131 91
-2.814166 0.848864 2.933382 108 83 60
-2.804234 0.864088 2.929883 73 59 47
-2.793683 0.879087 2.925974 137 113 83
-2.788186 0.893890 2.919570 181 155 106
-2.942787 0.692879 2.968998 106 96 86
-2.928735 0.703474 2.967308 105 87 71
-2.914930 0.717057 2.960938 88 72 60
-2.902249 0.733996 2.956792 86 68 55
-2.892050 0.748825 2.951370 87 66 51
-2.877644 0.765769 2.948074 116 87 59
-2.868457 0.783035 2.941995 132 100 67
-2.859269 0.796894 2.936734 80 61 44
-2.949814 0.671422 2.952165 134 132 129
-2.938685 0.680044 2.957855 93 91 92
-2.924102 0.692516 2.951077 59 55 56
-2.913795 0.707218 2.944254 44 39 38
-2.900365 0.723423 2.939086 57 53 51
-2.945943 0.660935 2.939595 138 136 135
-2.931639 0.665792 2.942148 122 121 122
-2.918289 0.682667 2.937350 64 64 67
-2.906543 0.700310 2.922906 43 40 41
-2.896388 0.709002 2.919322 67 65 64
-2.940878 0.647783 2.923935 133 131 130
-2.926226 0.652978 2.926087 111 110 111
-2.909972 0.671261 2.922512 76 76 77
-2.896255 0.688645 2.913622 102 101 100
-2.895690 0.701949 2.905546 99 99 97
-2.937180 0.636259 2.907824 81 80 82
-2.924462 0.640797 2.908464 65 64 67
-2.890500 0.676738 2.894326 81 80 80
-2.888996 0.690169 2.885176 89 88 88
-2.931825 0.625222 2.892360 105 103 104
-2.918756 0.628790 2.891278 104 101 102
-2.896348 0.657844 2.890746 47 50 51
-2.886945 0.665162 2.875903 66 65 66
-2.884803 0.679277 2.870858 70 70 70
-2.929273 0.614830 2.875023 138 137 136
-2.913912 0.618933 2.874115 129 127 127
-2.879245 0.655677 2.856232 107 107 108
-2.878708 0.670165 2.854719 112 112 113
-2.923547 0.603984 2.856285 120 119 120
-2.910108 0.607909 2.856875 106 103 107
-2.876271 0.645177 2.843336 74 74 75
-2.872268 0.660351 2.835419 102 102 103
-2.868952 0.668186 2.821268 88 86 82
-2.921402 0.595354 2.840210 95 96 98
-2.907519 0.599086 2.842447 80 80 83
-2.882187 0.623136 2.829233 37 38 36
-2.876900 0.634027 2.829254 36 36 36
-2.869603 0.650302 2.825702 48 47 48
-2.864787 0.662090 2.811096 64 62 61
-2.916542 0.586638 2.821195 85 87 88
-2.902988 0.590374 2.820038 68 69 72
-2.869294 0.630394 2.806632 33 32 32
-2.865934 0.636042 2.802356 37 37 36
-2.857304 0.652950 2.792220 59 57 56
-2.914007 0.581165 2.803344 75 76 79
-2.898025 0.581413 2.801966 83 85 88
-2.886447 0.585392 2.795249 95 97 100
-2.866622 0.623388 2.793922 33 33 33
-2.858521 0.626385 2.784197 34 32 32
-2.852723 0.643001 2.777181 56 54 54
-2.912205 0.576225 2.791232 90 93 95
-2.897679 0.574361 2.785279 134 135 136
-2.878875 0.580013 2.782194 144 145 147
-2.849887 0.620815 2.772021 41 37 38
-2.843914 0.630964 2.762127 49 46 47
-2.839082 0.642737 2.751989 74 72 66
-2.890047 0.567033 2.766203 152 153 154
-2.876286 0.570784 2.766676 150 151 153
-2.838560 0.622835 2.746870 33 32 32
-2.828907 0.637762 2.735334 59 58 57
-2.886184 0.560697 2.747082 154 154 155
-2.875002 0.561427 2.746347 144 145 148
-2.830524 0.614514 2.730282 30 29 28
-2.824485 0.627454 2.718298 38 37 37
-2.813947 0.636545 2.711145 71 69 68
-2.884319 0.555823 2.731174 159 158 159
-2.872762 0.554876 2.727320 139 139 141
-2.815822 0.617667 2.702015 28 27 27
-2.804112 0.631681 2.693787 86 84 87
-2.865051 0.550541 2.710278 107 108 110
-2.851209 0.553248 2.707789 70 70 71
-2.809438 0.610710 2.695627 27 25 25
-2.798260 0.626857 2.686353 112 111 115
-2.791001 0.632491 2.673483 140 139 143
-2.860976 0.548071 2.694902 106 106 108
-2.850117 0.549317 2.687934 80 81 85
-2.832036 0.555186 2.681507 53 56 59
-2.781976 0.632118 2.658817 126 126 130
-2.772575 0.636379 2.650126 130 130 132
-2.767169 0.646433 2.638596 101 94 102
-2.844327 0.548262 2.669675 90 92 96
-2.830778 0.549552 2.662852 102 103 109
-2.762752 0.635501 2.642807 94 92 96
-2.757226 0.641649 2.629540 39 37 38
-2.742665 0.653820 2.618839 67 64 63
-2.844678 0.547055 2.654242 102 104 103
-2.829299 0.548736 2.647011 137 139 141
-2.814678 0.551951 2.642211 148 150 154
-2.746367 0.640416 2.617682 22 22 23
-2.735797 0.649236 2.605891 27 26 26
-2.721556 0.662452 2.594375 53 51 53
-2.712788 0.672542 2.588470 123 123 124
-2.548748 0.856660 2.515227 131 111 103
-2.542258 0.865028 2.512355 127 105 104
-2.527201 0.881832 2.507834 116 93 97
-2.515499 0.900251 2.505710 110 89 96
-2.503551 0.916610 2.501921 107 94 100
-2.490006 0.929357 2.495395 47 45 51
-2.478554 0.942124 2.491011 51 51 53
-2.464223 0.958653 2.478613 85 88 98
-2.452022 0.966223 2.473653 139 146 152
-2.437150 0.975060 2.470422 163 172 178
-2.820923 0.547658 2.633367 153 154 155
-2.809153 0.550318 2.623196 151 152 154
-2.796443 0.556825 2.621211 142 144 148
-2.703199 0.673351 2.580735 107 107 109
-2.693845 0.681701 2.573987 77 75 78
-2.680047 0.694934 2.563160 95 95 96
-2.667363 0.707661 2.554065 125 126 128
-2.654046 0.718685 2.548196 111 113 114
-2.595615 0.783334 2.523556 127 112 108
-2.589642 0.796247 2.520034 125 109 107
-2.573870 0.813651 2.514026 95 77 82
-2.565962 0.826854 2.512193 52 47 50
-2.550953 0.847511 2.513163 78 67 71
-2.539906 0.855375 2.507875 72 57 68
-2.527711 0.873590 2.504515 100 78 87
-2.481491 0.936915 2.467896 26 29 35
-2.462460 0.959406 2.460377 63 73 90
-2.451755 0.970642 2.460902 153 160 168
-2.434155 0.978003 2.455086 98 102 112
-2.423127 0.984332 2.447366 79 84 89
-2.804695 0.549702 2.611121 154 155 156
-2.790591 0.554462 2.597139 149 150 152
-2.777245 0.556117 2.594698 120 121 124
-2.664663 0.710237 2.547333 117 116 119
-2.650961 0.719983 2.542600 129 129 132
-2.638650 0.732454 2.534167 98 97 100
-2.623984 0.743239 2.522809 30 29 31
-2.612070 0.761703 2.521708 45 42 44
-2.602634 0.777130 2.520808 91 81 81
-2.585662 0.796155 2.512594 97 80 85
-2.582873 0.808860 2.508849 91 68 77
-2.431326 0.970979 2.437630 31 33 41
-2.416755 0.982039 2.433503 60 64 71
-2.404076 0.987923 2.425975 119 124 132
-2.787429 0.555369 2.588430 149 150 151
-2.775002 0.558864 2.578169 104 105 108
-2.764330 0.566317 2.573662 40 40 43
-2.620036 0.746620 2.514232 22 22 23
-2.622529 0.752625 2.508727 18 18 20
-2.430406 0.963620 2.418848 24 27 32
-2.411123 0.978399 2.415862 44 47 53
-2.400066 0.985881 2.412128 135 143 150
-2.385458 0.990802 2.406121 175 183 190
-2.772149 0.562434 2.565194 73 72 74
-2.765770 0.567563 2.562121 60 61 63
-2.748469 0.576409 2.551307 45 46 48
-2.479824 0.865792 2.427808 86 93 102
-2.469377 0.886194 2.418641 43 46 53
-2.469706 0.900771 2.412962 77 81 90
-2.438375 0.934190 2.399179 22 24 28
-2.424526 0.949771 2.398599 20 23 27
-2.410709 0.963390 2.394112 32 36 44
-2.395567 0.977991 2.391379 135 143 152
-2.382098 0.985243 2.388966 163 172 180
-2.366874 0.990952 2.380591 107 115 123
-2.742194 0.580092 2.535972 74 75 75
-2.729878 0.587071 2.530658 91 91 94
-2.717488 0.596181 2.522304 143 144 148
-2.702264 0.608373 2.510033 145 146 151
-2.531609 0.800407 2.432852 83 85 88
-2.521860 0.815419 2.431205 106 106 110
-2.511517 0.834495 2.430435 58 59 61
-2.496852 0.850369 2.426139 104 107 112
-2.485287 0.865555 2.421418 103 108 113
-2.468984 0.881712 2.414588 71 73 77
-2.459267 0.893266 2.408748 104 108 114
-2.445408 0.909281 2.400617 77 80 85
-2.432533 0.921329 2.394119 38 39 43
-2.416615 0.935386 2.385835 48 51 55
-2.405649 0.953789 2.381067 68 73 81
-2.392380 0.966816 2.377871 133 141 151
-2.375857 0.977432 2.372175 149 157 165
-2.363889 0.984006 2.367985 67 73 88
-2.699978 0.606192 2.503076 170 171 172
-2.684517 0.619832 2.492909 150 151 153
-2.673379 0.629470 2.485607 75 75 78
-2.662267 0.640322 2.479102 52 55 56
-2.639598 0.660015 2.466007 81 75 87
-2.633906 0.668938 2.462852 98 94 104
-2.593764 0.713269 2.444862 23 24 24
-2.585156 0.727859 2.441912 26 26 28
-2.567188 0.748183 2.436017 77 76 82
-2.557327 0.763889 2.434039 146 149 152
-2.546071 0.778625 2.432329 141 143 146
-2.534489 0.793506 2.431831 86 88 92
-2.409048 0.927458 2.379973 95 96 103
-2.399605 0.938950 2.373461 147 153 159
-2.385527 0.952896 2.366379 149 157 164
-2.369605 0.969209 2.362140 146 154 160
-2.360694 0.980289 2.361150 75 80 82
-2.656131 0.640232 2.471394 84 85 86
-2.644447 0.654508 2.462920 118 117 120
-2.630862 0.669352 2.455621 163 165 167
-2.618882 0.680340 2.450007 160 162 164
-2.603188 0.697622 2.442575 101 102 105
-2.595287 0.707927 2.439694 45 45 48
-2.579526 0.726538 2.432455 73 73 73
-2.571415 0.738790 2.431161 75 74 76
-2.916412 1.467564 3.750204 143 134 129
-2.907014 1.477174 3.747795 142 130 122
-2.895935 1.487956 3.740982 184 169 147
-2.887122 1.497204 3.730202 194 177 148
-2.784994 1.612229 3.683965 170 164 160
-2.924261 1.440587 3.736147 130 124 121
-2.914760 1.448603 3.740550 136 127 122
-2.898781 1.464357 3.736277 119 111 107
-2.886253 1.478325 3.728467 143 131 120
-2.880984 1.490875 3.718826 187 170 146
-2.869674 1.502126 3.707236 192 175 145
-2.806459 1.571613 3.678876 164 143 111
-2.794989 1.583217 3.683692 157 144 131
-2.783419 1.599280 3.684596 164 156 149
-2.771488 1.613888 3.679730 170 163 157
-2.757598 1.628915 3.670405 181 168 154
-2.743255 1.639892 3.659823 179 148 110
-2.734885 1.650611 3.651761 120 76 54
-2.920797 1.429002 3.726544 156 148 141
-2.906182 1.434630 3.726838 161 151 145
-2.892442 1.455349 3.717433 152 138 121
-2.880278 1.466984 3.714742 130 118 107
-2.870022 1.482781 3.708078 176 159 139
-2.860249 1.497355 3.692053 185 167 141
-2.851040 1.507631 3.683344 185 169 144
-2.801910 1.562415 3.669580 138 119 99
-2.795195 1.568072 3.675705 129 111 92
-2.729245 1.636799 3.656718 192 159 117
-2.725565 1.647974 3.646027 141 100 72
-2.714384 1.658018 3.630385 151 112 79
-2.706924 1.666654 3.623568 46 14 15
-2.915719 1.419568 3.707102 159 153 145
-2.901228 1.424076 3.704334 165 157 150
-2.889810 1.440138 3.697693 172 162 148
-2.884144 1.458443 3.702110 165 149 132
-2.860090 1.473371 3.696104 172 157 139
-2.848253 1.488899 3.680742 180 167 147
-2.841182 1.502878 3.673982 178 164 142
-2.830704 1.515454 3.663578 176 161 140
-2.815533 1.531655 3.656950 164 148 125
-2.800472 1.547320 3.656245 142 128 111
-2.790254 1.555427 3.652125 146 130 111
-2.700063 1.656206 3.623558 125 82 58
-2.698404 1.663214 3.610611 137 101 71
-2.682745 1.681503 3.598103 114 91 68
-2.672241 1.685579 3.601621 81 71 57
-2.899527 1.420012 3.686702 162 156 147
-2.887048 1.429052 3.682008 165 157 146
-2.881548 1.442761 3.677167 176 167 152
-2.830520 1.497950 3.666045 162 151 135
-2.822170 1.509752 3.659787 159 148 132
-2.809634 1.524649 3.653441 148 135 119
-2.799966 1.535768 3.649860 135 122 107
-2.781595 1.551908 3.640095 156 138 119
-2.689447 1.658059 3.602516 164 131 94
-2.680957 1.670227 3.591444 139 110 81
-2.669390 1.679242 3.585433 68 58 48
-2.893790 1.416529 3.669475 161 155 146
-2.886784 1.419531 3.669836 162 156 146
-2.669888 1.660579 3.579782 157 132 102
-2.663107 1.672208 3.569308 142 113 82
-2.889159 1.406491 3.648786 160 154 144
-2.882315 1.407793 3.651745 158 152 143
-2.661486 1.659905 3.548761 190 157 113
-2.884107 1.391445 3.631564 157 151 142
-2.878231 1.397461 3.638221 157 151 143
-2.657051 1.650248 3.532014 163 126 84
-2.879897 1.378375 3.619992 155 149 140
-2.651215 1.629439 3.518513 190 158 111
-2.653573 1.640339 3.516414 184 152 107
-2.889074 1.357900 3.597724 160 154 144
-2.879838 1.364275 3.605331 158 151 142
-2.652109 1.626728 3.510756 191 155 109
-2.648638 1.629910 3.498009 195 169 127
-2.885998 1.349713 3.588746 160 153 144
-2.876070 1.350603 3.592556 162 155 146
-2.643477 1.619983 3.483569 128 102 74
-2.894996 1.319563 3.568754 168 165 154
-2.884644 1.330765 3.574546 164 157 147
-2.639778 1.608706 3.464564 134 106 77
-2.891961 1.309244 3.557653 164 159 150
-2.881931 1.314999 3.563140 164 158 149
-2.638056 1.591929 3.453559 188 162 123
-2.637065 1.597386 3.447315 195 172 134
-2.897847 1.286126 3.545141 164 158 148
-2.890371 1.293703 3.548449 164 157 147
-2.632673 1.578391 3.437669 190 164 125
-2.634048 1.585477 3.429632 194 169 130
-2.905558 1.259533 3.528431 163 157 145
-2.897200 1.269820 3.533865 161 155 144
-2.630252 1.571084 3.419341 191 166 126
-2.628253 1.575680 3.412749 194 170 130
-2.905498 1.246494 3.519572 160 152 140
-2.898408 1.258462 3.525036 160 153 142
-2.626729 1.559409 3.400416 162 127 92
-2.626024 1.564655 3.395501 168 136 97
-2.913033 1.223555 3.507324 158 149 135
-2.906355 1.234344 3.511568 158 149 137
-2.623777 1.547610 3.382593 124 98 75
-2.624754 1.555374 3.378523 135 108 77
-2.921598 1.199022 3.494563 156 146 130
-2.915859 1.206777 3.497078 155 145 131
-2.620516 1.536465 3.364396 141 111 83
-2.622077 1.545464 3.361874 166 136 97
-2.931150 1.173929 3.480505 156 143 126
-2.920796 1.182815 3.486093 154 142 125
-2.616678 1.525086 3.345874 108 84 65
-2.619862 1.535522 3.343306 90 68 56
-2.940585 1.148406 3.467612 156 142 122
-2.928548 1.155143 3.473952 155 141 120
-2.615775 1.516106 3.330589 143 113 81
-2.617845 1.529238 3.329848 116 95 71
-2.947486 1.124422 3.458675 155 141 119
-2.938341 1.135096 3.462167 155 140 118
-2.924597 1.142599 3.468555 152 135 114
-2.614839 1.504827 3.312573 170 136 96
-2.957034 1.096889 3.445740 155 139 116
-2.947039 1.111987 3.451289 154 139 116
-2.933282 1.118848 3.457473 150 134 112
-2.610903 1.493536 3.296608 174 145 102
-2.963871 1.069294 3.438583 150 134 108
-2.959255 1.082915 3.440348 152 136 112
-2.946457 1.094628 3.443366 151 134 111
-2.618375 1.475291 3.277092 56 47 46
-2.607591 1.481313 3.284906 106 85 65
-2.973534 1.046215 3.428422 146 128 101
-2.965377 1.058933 3.432829 147 129 104
-2.947509 1.068906 3.426845 144 126 102
-2.936240 1.080847 3.420319 143 125 99
-2.922588 1.101245 3.409346 144 124 99
-2.912887 1.122075 3.401647 146 124 97
-2.894815 1.131397 3.401466 144 122 93
-2.895122 1.145206 3.395905 144 120 89
-2.609084 1.459591 3.265604 64 54 49
-2.604496 1.466694 3.265266 79 70 60
-3.065493 0.911404 3.458931 151 126 87
-3.055879 0.923367 3.454581 151 128 90
-3.043949 0.936381 3.448776 150 127 91
-3.031237 0.951641 3.442995 148 128 94
-3.017326 0.966273 3.438847 144 122 90
-3.008958 0.975168 3.432671 143 124 91
-2.992067 0.995643 3.428357 141 121 90
-2.981124 1.019455 3.416447 139 120 93
-2.971358 1.033180 3.416658 140 122 97
-2.959707 1.048668 3.409712 142 124 98
-2.947750 1.060241 3.404160 141 121 93
-2.936380 1.077144 3.399041 143 123 94
-2.920762 1.094117 3.390232 141 121 93
-2.906564 1.107915 3.385655 140 120 92
-2.893641 1.125515 3.379292 144 122 94
-2.882491 1.136138 3.372964 143 120 89
-2.874977 1.150376 3.369145 137 114 82
-2.604341 1.449784 3.250538 113 91 70
-2.605605 1.456430 3.245557 119 94 69
-3.114922 0.840928 3.465966 150 120 73
-3.104774 0.857224 3.459365 147 119 75
-3.092731 0.871789 3.455559 147 120 79
-3.080822 0.884787 3.451112 146 120 81
-3.068383 0.900547 3.446775 147 122 83
-3.052411 0.919202 3.440598 148 125 88
-3.041024 0.931259 3.432041 145 123 89
-3.029310 0.944553 3.426956 143 121 88
-3.013789 0.962001 3.424617 142 121 89
-3.000697 0.977492 3.421415 139 119 88
-2.988437 0.993579 3.407616 136 116 88
-2.980895 1.008298 3.405857 137 118 92
-2.966301 1.025287 3.397954 139 119 92
-2.951787 1.040584 3.388244 139 118 89
-2.944673 1.053230 3.384484 138 117 88
-2.931211 1.065491 3.383022 140 120 91
-2.916317 1.080259 3.374662 134 115 88
-2.903695 1.099456 3.370692 134 115 90
-2.886161 1.113961 3.362543 140 117 89
-2.877060 1.128975 3.354680 143 118 87
-2.866113 1.133298 3.350288 138 117 85
-2.602261 1.439246 3.233363 181 149 106
-2.603918 1.449458 3.234401 187 157 108
-3.132939 0.803938 3.456518 154 123 74
-3.125502 0.818227 3.456159 151 120 73
-3.114437 0.834970 3.452055 147 117 73
-3.104019 0.850915 3.448453 146 118 76
-3.090083 0.865509 3.444127 144 117 78
-3.078201 0.878189 3.437577 143 117 80
-3.064135 0.891144 3.427630 142 117 81
-3.051291 0.907566 3.425081 142 118 85
-3.040112 0.924532 3.423487 142 119 87
-3.026809 0.936410 3.416797 141 119 87
-3.010323 0.951761 3.408790 142 121 89
-2.998468 0.967692 3.399109 135 112 84
-2.990649 0.981365 3.393500 136 115 86
-2.977071 0.997405 3.388310 137 118 92
-2.964488 1.013941 3.377379 141 120 90
-2.951535 1.029495 3.373789 140 117 87
-2.939133 1.043033 3.367323 140 117 87
-2.927580 1.056432 3.363227 137 116 88
-2.914015 1.070299 3.359289 135 114 86
-2.901366 1.088650 3.351783 135 114 87
-2.882974 1.101480 3.350650 139 116 87
-2.873996 1.115805 3.338731 141 117 86
-2.868700 1.131365 3.334180 141 116 80
-2.599608 1.425934 3.218285 183 151 107
-3.132902 0.793410 3.444061 149 118 70
-3.123600 0.809151 3.441776 149 118 73
-3.113034 0.824663 3.435620 145 117 75
-3.099214 0.840183 3.429315 141 114 75
-3.085804 0.854427 3.422806 141 115 77
-3.073841 0.868511 3.420779 141 116 79
-3.062950 0.882289 3.418002 141 117 82
-3.048302 0.896866 3.412006 142 119 84
-3.033370 0.912400 3.407817 143 120 86
-3.019113 0.930295 3.404415 142 120 88
-2.998724 0.959792 3.380916 132 110 81
-2.986968 0.970975 3.380087 135 115 87
-2.972500 0.988733 3.370348 137 115 88
-2.957231 1.004026 3.365726 141 119 89
-2.949684 1.017219 3.356707 140 116 85
-2.934463 1.033329 3.348976 142 117 86
-2.922432 1.046559 3.349283 138 115 86
-2.910839 1.064005 3.340991 136 114 86
-2.894878 1.078057 3.335640 136 115 88
-2.879700 1.090443 3.327735 139 117 87
-2.872351 1.106483 3.322541 141 117 85
-2.861277 1.116813 3.322432 140 114 80
-2.596602 1.414566 3.201334 178 149 105
-3.138599 0.771758 3.436514 153 123 72
-3.130891 0.786922 3.430282 148 118 71
-3.122055 0.800831 3.428538 148 118 73
-3.108951 0.814857 3.421898 142 113 70
-3.095485 0.831329 3.416249 141 114 74
-3.082138 0.847257 3.412113 140 114 77
-3.071428 0.858434 3.408163 141 115 79
-3.050059 0.881635 3.403889 144 121 84
-3.006314 0.938617 3.364974 126 100 70
-2.996726 0.943266 3.368327 130 107 78
-2.983081 0.961683 3.363871 131 112 84
-2.969961 0.978192 3.354972 134 114 85
-2.955557 0.994470 3.349237 138 116 85
-2.943167 1.009034 3.343853 140 116 85
-2.930500 1.023421 3.338824 140 116 86
-2.916620 1.037234 3.331075 136 112 83
-2.904562 1.051229 3.323146 136 114 85
-2.890152 1.067367 3.316758 137 115 86
-2.877985 1.082651 3.312726 139 116 86
-2.870589 1.094766 3.305716 139 114 82
-2.860287 1.108690 3.300223 138 113 80
-2.594738 1.391455 3.187716 93 77 68
-2.596744 1.403804 3.185269 125 98 73
-3.127293 0.775267 3.419652 149 119 71
-3.116762 0.789933 3.413597 146 116 70
-3.101706 0.801955 3.405224 145 116 72
-3.090728 0.819932 3.405088 143 115 74
-3.075992 0.835642 3.400944 144 117 77
-3.005069 0.923022 3.353618 125 104 76
-2.990872 0.930815 3.357513 131 109 80
-2.977720 0.946455 3.345720 130 110 84
-2.963494 0.968412 3.338104 133 111 83
-2.952307 0.985881 3.329081 136 114 86
-2.940121 0.997902 3.323977 137 114 85
-2.927059 1.009869 3.317051 136 112 82
-2.914695 1.027148 3.312236 133 111 83
-2.902540 1.041366 3.305094 133 113 85
-2.886000 1.056558 3.300042 136 114 85
-2.874092 1.072577 3.293778 138 115 85
-2.870576 1.080629 3.287462 132 108 76
-2.593418 1.381382 3.169474 140 111 82
-2.596084 1.392467 3.172567 152 123 86
-3.007715 0.901111 3.337260 125 104 80
-3.003543 0.906406 3.340042 127 105 79
-2.981503 0.922120 3.330145 141 121 96
-2.968471 0.938668 3.325841 136 114 88
-2.961063 0.955825 3.320404 138 115 87
-2.946263 0.969843 3.312036 137 113 86
-2.934856 0.987015 3.305554 136 113 85
-2.919144 1.001166 3.295968 136 113 85
-2.910113 1.015454 3.295877 134 113 86
-2.896681 1.029204 3.289949 133 113 85
-2.882964 1.043851 3.282190 136 114 84
-2.872079 1.059484 3.279191 138 113 82
-2.861457 1.065045 3.268172 130 106 73
-2.594252 1.372522 3.154146 166 135 94
-2.599711 1.386224 3.154953 189 162 111
-3.009637 0.886372 3.323223 128 107 84
-2.970048 0.924429 3.320954 140 115 92
-2.955881 0.944434 3.301974 142 118 92
-2.942707 0.960464 3.295633 139 115 88
-2.931383 0.978926 3.289777 139 117 91
-2.915958 0.991942 3.285045 139 116 87
-2.906729 1.003685 3.279404 136 113 85
-2.893540 1.021139 3.270902 136 113 82
-2.879609 1.035562 3.272442 135 110 77
-2.594448 1.356228 3.138069 105 83 67
-3.012911 0.866609 3.305576 133 114 91
-3.010061 0.875874 3.312644 130 111 88
-2.922553 0.973381 3.278215 138 114 84
-2.912091 0.990630 3.269297 139 115 88
-2.899403 1.001778 3.267041 137 111 81
-2.890380 1.011049 3.261635 138 113 83
-2.877062 1.027888 3.256053 137 111 77
-2.595820 1.335909 3.121925 165 134 94
-2.595360 1.347194 3.125721 163 132 91
-3.008913 0.857783 3.295655 135 116 94
-3.000120 0.857945 3.298961 134 115 94
-2.596407 1.324515 3.107358 181 149 101
-3.007140 0.843003 3.279627 136 119 99
-2.596580 1.311080 3.093156 138 112 81
-3.004680 0.829415 3.262780 137 122 103
-2.598991 1.293545 3.080050 93 77 64
-2.599558 1.299946 3.078697 75 61 53
-3.002749 0.816905 3.245674 139 124 107
-2.599532 1.277941 3.065078 145 115 80
-3.006120 0.804154 3.226664 141 128 110
-3.000135 0.807101 3.229202 139 125 108
-2.604786 1.254653 3.047208 174 140 94
-2.601721 1.265617 3.052996 179 146 99
-3.001924 0.791855 3.207645 144 135 117
-2.994311 0.796555 3.213416 138 126 111
-2.605190 1.240176 3.035415 158 122 88
-3.000904 0.787419 3.195905 141 131 115
-2.991460 0.784462 3.194666 138 126 112
-2.606935 1.219649 3.023215 97 77 63
-2.607222 1.229515 3.022365 101 80 61
-2.992843 0.772143 3.179008 141 131 116
-2.984843 0.772587 3.177810 138 127 114
-2.613386 1.190995 3.006557 137 102 73
-2.611269 1.209593 3.010165 152 118 79
-2.988839 0.761541 3.161285 143 134 121
-2.984191 0.763690 3.160711 139 129 117
-2.617761 1.166583 2.999116 87 66 49
-2.616181 1.181320 2.996258 97 78 62
-2.616738 1.196298 2.994260 164 129 85
-2.986121 0.750565 3.142922 148 142 128
-2.977607 0.753535 3.145938 140 131 121
-2.623137 1.157014 2.983627 164 129 84
-2.620312 1.170391 2.982659 115 89 61
-2.983619 0.742865 3.126336 147 141 130
-2.973573 0.744704 3.128535 143 134 125
-2.638758 1.117563 2.969001 175 139 95
-2.633610 1.129712 2.969242 177 143 96
-2.628152 1.144496 2.974006 176 141 94
-2.966991 0.734855 3.109588 146 139 130
-2.641159 1.103554 2.960005 181 149 104
-2.637180 1.119577 2.962728 179 148 102
-2.962697 0.726088 3.091666 149 142 134
-2.655937 1.065999 2.951475 90 74 59
-2.651067 1.080176 2.951095 99 80 64
-2.647013 1.096365 2.950639 176 147 103
-2.957335 0.719444 3.072491 151 145 136
-2.945736 0.718942 3.070249 154 146 139
-2.678187 1.025468 2.944850 181 147 98
-2.671716 1.039656 2.943416 182 150 103
-2.662412 1.058175 2.944046 171 138 94
-2.656490 1.070862 2.941671 64 44 34
-2.953858 0.713284 3.052494 154 147 138
-2.942495 0.714422 3.054545 153 145 137
-2.887591 0.779694 3.028181 132 112 86
-2.877004 0.796374 3.015162 114 95 69
-2.852506 0.815647 3.008569 130 110 85
-2.700289 0.986323 2.941252 102 74 59
-2.694652 0.995878 2.939565 166 138 102
-2.689368 1.014623 2.937122 184 155 109
-2.680475 1.033663 2.932749 186 157 110
-2.952646 0.707995 3.037699 156 149 139
-2.938874 0.709693 3.033192 155 145 132
-2.894868 0.755743 3.013252 120 98 73
-2.888136 0.772739 3.008297 114 93 69
-2.871801 0.781903 3.000840 106 85 62
-2.859597 0.795437 2.996708 105 82 61
-2.852967 0.807648 2.990942 129 108 84
-2.737118 0.928498 2.940717 85 73 60
-2.730359 0.943980 2.936557 166 137 97
-2.718923 0.960507 2.936101 149 119 84
-2.709997 0.976668 2.934876 73 63 53
-2.702864 0.994532 2.928721 159 130 94
-2.933615 0.706343 3.012920 155 143 126
-2.923144 0.708636 3.008673 153 136 115
-2.907371 0.714782 3.002824 148 127 105
-2.897140 0.749644 3.000417 121 96 69
-2.881994 0.762140 2.994797 115 90 63
-2.869373 0.777167 2.987465 116 90 63
-2.859009 0.792165 2.987479 102 77 53
-2.848943 0.801132 2.984438 116 92 67
-2.796949 0.842500 2.953288 81 65 51
-2.787340 0.859981 2.945880 82 65 51
-2.778079 0.874764 2.943306 166 136 98
-2.767677 0.892148 2.939322 176 145 102
-2.753627 0.908968 2.938980 167 137 96
-2.742874 0.926468 2.933841 82 66 51
-2.738620 0.938593 2.929715 154 127 93
-2.932211 0.703390 3.001367 155 142 122
-2.921505 0.708907 2.996160 150 131 108
-2.904078 0.718605 2.988530 144 116 87
-2.890474 0.734101 2.980695 130 98 71
-2.878505 0.746774 2.974842 125 94 65
-2.864692 0.762616 2.968636 127 96 67
-2.853833 0.774305 2.962478 111 83 58
-2.838177 0.792533 2.957278 76 58 45
-2.827657 0.806305 2.956182 131 100 71
-2.813816 0.825585 2.951114 164 130 89
-2.801628 0.842115 2.947125 95 75 56
-2.793745 0.858205 2.940940 73 59 46
-2.784331 0.867333 2.938074 146 118 81
-2.918162 0.694512 2.963247 94 90 77
-2.904066 0.720156 2.970835 153 124 82
-2.891094 0.734133 2.967456 126 96 65
-2.879966 0.746668 2.962592 119 90 62
-2.870076 0.758811 2.957882 137 107 73
-2.856751 0.777073 2.951928 154 122 77
-2.844796 0.791882 2.945810 37 25 21
-2.922558 0.676172 2.952323 105 107 110
-2.910608 0.692111 2.953846 90 83 76
-2.907560 0.695982 2.952135 79 72 67
-2.920640 0.665953 2.940983 125 126 126
-2.908785 0.678266 2.937786 102 102 103
-2.901777 0.687730 2.935612 87 85 83
-2.914508 0.656228 2.925113 120 122 121
-2.905552 0.666397 2.921007 115 115 115
-2.897120 0.678952 2.918751 128 128 127
-2.911455 0.644793 2.908226 75 75 75
-2.902030 0.656532 2.907094 87 86 87
-2.890380 0.669637 2.898805 90 90 89
-2.907827 0.635184 2.893683 90 89 90
-2.895414 0.645220 2.889019 79 79 80
-2.885751 0.658206 2.881330 76 76 76
-2.903918 0.623240 2.876127 138 138 138
-2.890842 0.633732 2.873060 115 115 116
-2.881064 0.648534 2.866145 116 117 117
-2.899148 0.611901 2.857068 109 108 110
-2.886766 0.621696 2.854613 92 91 94
-2.875048 0.638091 2.847455 95 95 96
-2.868318 0.648512 2.838782 96 95 96
-2.895028 0.604769 2.843927 74 73 75
-2.883153 0.614781 2.839018 46 45 47
-2.867387 0.629697 2.826431 48 47 47
-2.863490 0.638941 2.827567 54 53 52
-2.890890 0.594021 2.825749 76 76 77
-2.880889 0.600218 2.819512 52 51 52
-2.863490 0.617894 2.814677 49 47 46
-2.853803 0.631635 2.808336 60 58 57
-2.884977 0.583687 2.804354 99 99 100
-2.876418 0.591433 2.802901 76 77 79
-2.860010 0.608131 2.797462 52 51 51
-2.849139 0.617156 2.789072 62 61 61
-2.842456 0.628923 2.781834 80 76 74
-2.883155 0.575847 2.789600 150 151 150
-2.871244 0.582747 2.786696 135 136 138
-2.854099 0.594319 2.782444 97 97 98
-2.845583 0.610656 2.776385 65 64 64
-2.835381 0.622233 2.766777 86 82 78
-2.865487 0.573567 2.767863 139 140 142
-2.849295 0.582935 2.765712 109 111 112
-2.836667 0.599073 2.759722 67 66 67
-2.831366 0.613798 2.753577 50 47 48
-2.861132 0.565809 2.751461 125 126 128
-2.845597 0.572448 2.747219 79 79 82
-2.833439 0.584996 2.746421 51 50 51
-2.825734 0.601671 2.735467 35 35 35
-2.812014 0.617780 2.729798 65 64 62
-2.856021 0.558374 2.734404 94 94 96
-2.846823 0.562964 2.729654 60 60 62
-2.831666 0.575580 2.726739 37 35 37
-2.819466 0.590485 2.718558 34 33 34
-2.808209 0.612256 2.716590 45 44 44
-2.795464 0.617497 2.703412 107 107 108
-2.852680 0.551807 2.718474 79 79 81
-2.842812 0.556901 2.713508 58 57 59
-2.828783 0.565274 2.708179 39 38 39
-2.813389 0.582662 2.705077 29 29 31
-2.796870 0.599442 2.699955 73 73 76
-2.787876 0.611485 2.689787 148 149 151
-2.781327 0.623709 2.678938 163 164 165
-2.834150 0.550883 2.693703 61 62 64
-2.822519 0.557098 2.690272 57 58 60
-2.804931 0.570073 2.688707 71 71 75
-2.791221 0.582727 2.684494 137 137 141
-2.777973 0.602751 2.674699 148 148 153
-2.770004 0.616085 2.667502 157 157 160
-2.761793 0.625884 2.654965 149 150 152
-2.819947 0.550983 2.673880 104 105 108
-2.803225 0.558283 2.669639 151 151 155
-2.785235 0.572176 2.663912 154 154 160
-2.771807 0.588558 2.658970 144 147 151
-2.757544 0.606111 2.653266 139 141 144
-2.749232 0.620549 2.646666 112 111 114
-2.745620 0.631323 2.635862 44 42 43
-2.733879 0.645599 2.625253 68 67 63
-2.817308 0.547019 2.656490 163 163 164
-2.801728 0.550258 2.648973 158 159 161
-2.782119 0.563085 2.647971 155 156 160
-2.767891 0.576129 2.645069 149 151 155
-2.762133 0.585913 2.636299 130 135 139
-2.739382 0.616150 2.635064 31 28 31
-2.732574 0.624492 2.621450 20 20 21
-2.721336 0.638953 2.610769 31 30 30
-2.710278 0.652370 2.600926 60 58 61
-2.702824 0.661936 2.596312 134 135 135
-2.527492 0.859960 2.519399 140 126 123
-2.516249 0.873279 2.514567 138 124 126
-2.500303 0.891068 2.511274 130 118 124
-2.488862 0.905167 2.510402 136 131 135
-2.478099 0.916661 2.507489 105 103 110
-2.461687 0.931467 2.501710 51 53 58
-2.447381 0.949591 2.492046 82 86 93
-2.434924 0.960103 2.483455 96 101 110
-2.427175 0.970612 2.476535 121 130 138
-2.796966 0.549029 2.633996 158 158 160
-2.781511 0.554406 2.626749 154 155 158
-2.767517 0.556429 2.623002 157 157 160
-2.744911 0.582164 2.610492 30 30 34
-2.725372 0.613643 2.612018 21 21 22
-2.714226 0.626659 2.604923 23 22 23
-2.700618 0.643685 2.595737 62 62 66
-2.690138 0.656541 2.588506 136 136 137
-2.678598 0.670981 2.578620 71 69 71
-2.668568 0.684473 2.569066 100 98 100
-2.659197 0.696665 2.562455 154 154 156
-2.575293 0.793598 2.524239 133 122 121
-2.561749 0.805992 2.520034 107 99 100
-2.551871 0.816646 2.518740 54 52 56
-2.534594 0.837195 2.517000 79 72 74
-2.525174 0.849602 2.513956 102 89 94
-2.510116 0.863826 2.509172 114 100 109
-2.492532 0.879086 2.505871 125 119 126
-2.479151 0.894358 2.504065 129 127 133
-2.473319 0.903610 2.501611 131 131 137
-2.443009 0.939968 2.485198 27 26 41
-2.430900 0.953761 2.475628 37 41 48
-2.419053 0.970002 2.466818 66 70 80
-2.403824 0.978508 2.456385 109 115 122
-2.391981 0.982583 2.451742 183 193 195
-2.779305 0.551599 2.611966 155 156 157
-2.763927 0.556265 2.603473 110 110 113
-2.746099 0.573085 2.600279 37 37 41
-2.735562 0.580386 2.595988 31 30 32
-2.680326 0.649589 2.580498 131 130 135
-2.671484 0.663632 2.573257 47 44 47
-2.661414 0.680892 2.564573 79 77 80
-2.649593 0.698303 2.555173 105 106 108
-2.638189 0.709295 2.547891 92 92 95
-2.622761 0.721216 2.540835 108 109 113
-2.614135 0.731926 2.532253 41 40 44
-2.598577 0.749703 2.529196 47 46 47
-2.585583 0.769047 2.526247 111 102 101
-2.572375 0.784384 2.518565 111 100 104
-2.557373 0.798490 2.518992 118 112 116
-2.544075 0.809869 2.512266 38 37 40
-2.526727 0.821164 2.505010 36 34 40
-2.520157 0.833933 2.507397 50 49 54
-2.419452 0.968279 2.446765 22 24 37
-2.403203 0.979084 2.445849 69 74 85
-2.389689 0.986553 2.436030 157 165 172
-2.377258 0.990688 2.426910 178 185 191
-2.763126 0.556397 2.590947 83 83 86
-2.748058 0.566940 2.583091 41 41 44
-2.734325 0.574563 2.578868 40 41 43
-2.604074 0.730718 2.524423 27 26 29
-2.591988 0.742726 2.520785 22 22 25
-2.559568 0.773606 2.512183 107 97 102
-2.388968 0.986319 2.420439 141 148 157
-2.374578 0.990827 2.414124 160 168 176
-2.357693 0.995557 2.407564 118 124 133
-2.745108 0.563916 2.568512 57 57 59
-2.736845 0.572570 2.563436 45 45 47
-2.713922 0.581009 2.553640 96 96 99
-2.703005 0.589610 2.545942 152 152 156
-2.691030 0.599656 2.542194 132 135 140
-2.526146 0.787124 2.466279 34 35 36
-2.522253 0.795358 2.468001 28 29 29
-2.501244 0.813569 2.456739 59 60 66
-2.490489 0.829189 2.450865 94 96 105
-2.480840 0.843856 2.445209 111 115 124
-2.469296 0.858904 2.438541 103 109 118
-2.455494 0.869373 2.433777 57 58 63
-2.446461 0.884220 2.427086 53 55 62
-2.430551 0.893747 2.423568 71 75 84
-2.370832 0.989202 2.390591 153 161 170
-2.357469 0.993320 2.392192 51 56 67
-2.343538 0.999046 2.390145 62 69 74
-2.717669 0.581758 2.538855 124 124 128
-2.703128 0.590893 2.532115 165 166 168
-2.688327 0.601162 2.523612 158 160 163
-2.669829 0.608900 2.517376 159 160 162
-2.659687 0.620650 2.511697 51 52 54
-2.578970 0.712922 2.473486 26 26 28
-2.530732 0.763202 2.457409 172 174 177
-2.527195 0.776952 2.456661 85 86 90
-2.520574 0.789796 2.449043 81 82 85
-2.510541 0.808981 2.445351 77 77 80
-2.497419 0.827576 2.441392 85 86 90
-2.486265 0.842318 2.435646 120 124 128
-2.473948 0.858081 2.430583 120 124 129
-2.456045 0.875075 2.422700 75 76 78
-2.445490 0.884337 2.418094 102 105 110
-2.428230 0.897910 2.410692 83 87 92
-2.418514 0.907103 2.401320 50 52 56
-2.401413 0.925510 2.388679 43 46 52
-2.392132 0.942556 2.380786 70 74 86
-2.384954 0.948340 2.378243 93 97 108
-2.372324 0.968519 2.373269 103 115 127
-2.352794 0.984516 2.373195 26 29 39
-2.337288 0.993773 2.369724 56 61 69
-2.689229 0.602605 2.508169 174 177 175
-2.673303 0.612460 2.505127 145 146 148
-2.660300 0.622936 2.496991 72 72 74
-2.644113 0.635466 2.489399 85 86 89
-2.629206 0.647715 2.482769 83 85 89
-2.616803 0.661678 2.475978 129 131 136
-2.600878 0.673466 2.470174 155 158 161
-2.586649 0.693151 2.465628 58 58 61
-2.580184 0.705129 2.461692 32 33 35
-2.569669 0.722630 2.454323 34 35 37
-2.556262 0.738764 2.449798 94 94 100
-2.543465 0.756247 2.447015 162 165 168
-2.534795 0.771565 2.442986 147 149 153
-2.416052 0.915079 2.387483 79 79 77
-2.400525 0.919504 2.386070 105 108 112
-2.385712 0.930654 2.377425 131 134 139
-2.373139 0.942003 2.369705 127 131 138
-2.360615 0.959330 2.360226 85 90 101
-2.347643 0.971628 2.358409 32 36 44
-2.333437 0.985595 2.355342 64 69 74
-2.633401 0.648649 2.471416 126 128 127
-2.619712 0.663236 2.464129 172 174 175
-2.606823 0.675287 2.459670 166 168 170
-2.591947 0.689490 2.454792 115 117 120
-2.583727 0.702151 2.448913 49 49 50
-2.570081 0.718527 2.442381 74 74 74
-2.563674 0.733136 2.437729 79 80 80
-2.351432 0.949643 2.354624 78 82 88
-2.342411 0.962085 2.349541 64 68 75
-2.329701 0.971561 2.346828 68 73 80
-2.897226 1.449664 3.739170 174 173 162
-2.889402 1.458218 3.734765 145 136 131
-2.879865 1.468564 3.730429 110 105 103
-2.779757 1.576763 3.685755 127 117 104
-2.769213 1.584022 3.686836 109 100 96
-2.753065 1.601254 3.680494 164 157 153
-2.742478 1.614755 3.673928 188 172 152
-2.733730 1.624891 3.666436 193 171 137
-2.898683 1.437159 3.729755 174 168 158
-2.885954 1.448541 3.723015 173 165 155
-2.872386 1.461437 3.713676 153 143 131
-2.864186 1.471348 3.707360 144 129 116
-2.790479 1.549936 3.672956 76 61 71
-2.774658 1.561330 3.680287 108 95 84
-2.766292 1.574452 3.685245 113 96 89
-2.739242 1.597097 3.675294 178 170 165
-2.731823 1.609826 3.670018 189 165 134
-2.724187 1.624023 3.659221 192 166 125
-2.712387 1.634615 3.646167 179 147 109
-2.705368 1.647501 3.634622 181 148 105
-2.890087 1.424985 3.711499 179 173 165
-2.879992 1.431019 3.705046 183 177 168
-2.863881 1.451309 3.700842 184 174 163
-2.853377 1.463788 3.692810 179 167 151
-2.841834 1.477855 3.683280 182 170 152
-2.829464 1.491557 3.673920 159 147 133
-2.791528 1.518569 3.667293 103 90 76
-2.784357 1.537018 3.665661 111 100 89
-2.774578 1.548795 3.669199 114 103 91
-2.701786 1.630080 3.639128 180 150 116
-2.692065 1.639233 3.624987 154 120 89
-2.690494 1.650812 3.616236 114 80 56
-2.653551 1.687220 3.608734 98 86 70
-2.643044 1.692074 3.611679 31 29 26
-2.884360 1.419499 3.696123 173 167 159
-2.874136 1.425127 3.691861 175 169 161
-2.856634 1.437502 3.688869 179 171 163
-2.843321 1.455109 3.686152 177 167 155
-2.832076 1.470545 3.680783 119 107 95
-2.823292 1.485368 3.674354 125 113 101
-2.807702 1.500638 3.667024 110 100 90
-2.797338 1.513680 3.661933 108 97 87
-2.784657 1.528895 3.658141 108 102 96
-2.683895 1.633502 3.617144 145 112 81
-2.680960 1.642539 3.606907 158 129 92
-2.661463 1.661571 3.591785 154 129 100
-2.650249 1.675286 3.593423 99 88 71
-2.639196 1.681201 3.591424 56 57 50
-2.881584 1.414432 3.682203 169 166 155
-2.868161 1.415221 3.674552 166 159 151
-2.854870 1.420978 3.675790 168 162 154
-2.666776 1.635016 3.590288 151 126 99
-2.659021 1.651241 3.583627 157 132 102
-2.645041 1.667102 3.576173 134 125 106
-2.637825 1.673663 3.582173 82 82 71
-2.864322 1.404577 3.658511 162 155 147
-2.850608 1.412384 3.664773 161 153 146
-2.643623 1.639932 3.563779 171 153 135
-2.645658 1.650026 3.558705 188 165 135
-2.874246 1.388489 3.638702 161 156 145
-2.862960 1.387106 3.640808 159 152 143
-2.641366 1.630119 3.547610 193 176 150
-2.644514 1.638441 3.543494 192 168 132
-2.863889 1.372468 3.625321 157 151 141
-2.859451 1.377135 3.630114 158 150 141
-2.641850 1.619875 3.526493 197 172 134
-2.645220 1.631901 3.525997 196 169 125
-2.862169 1.358112 3.610359 160 152 142
-2.853658 1.366124 3.619988 158 151 141
-2.636965 1.609390 3.512857 197 172 134
-2.638757 1.617393 3.505327 200 178 138
-2.871734 1.338592 3.590747 163 157 147
-2.861875 1.345153 3.596831 160 153 144
-2.632875 1.599516 3.496350 136 108 80
-2.635193 1.609032 3.490888 144 117 86
-2.865805 1.327736 3.581962 164 157 148
-2.861444 1.333963 3.588520 163 156 146
-2.629271 1.588923 3.479058 141 111 81
-2.630631 1.597237 3.471967 139 113 83
-2.874300 1.298855 3.561851 169 164 154
-2.865112 1.310358 3.567775 165 159 150
-2.626263 1.578590 3.460834 192 165 125
-2.627145 1.587680 3.457110 197 174 133
-2.871486 1.286139 3.551403 165 158 149
-2.864156 1.296628 3.558473 164 158 150
-2.623838 1.567255 3.443867 191 165 127
-2.621249 1.571598 3.435954 197 174 135
-2.880361 1.265161 3.538326 163 156 145
-2.871531 1.270499 3.541687 164 157 147
-2.619215 1.555928 3.427751 194 169 131
-2.619160 1.565009 3.419493 197 177 137
-2.887690 1.237856 3.524815 163 157 143
-2.877964 1.251054 3.529480 163 155 143
-2.867710 1.261045 3.530291 165 158 148
-2.616430 1.547001 3.407049 189 163 123
-2.899649 1.211704 3.510775 160 152 137
-2.888529 1.225271 3.514585 159 150 136
-2.876285 1.235602 3.519141 160 150 137
-2.614901 1.538048 3.393967 129 101 76
-2.612243 1.549562 3.387438 1 0 0
-2.907033 1.189938 3.499693 158 147 128
-2.895099 1.201861 3.501754 156 145 128
-2.885865 1.210766 3.508933 158 147 130
-2.610697 1.525256 3.375480 155 125 89
-2.902470 1.177595 3.489539 154 141 121
-2.895413 1.186572 3.493486 155 141 122
-2.608086 1.512188 3.357318 154 123 88
-2.911754 1.152488 3.476075 151 135 114
-2.902052 1.162965 3.481818 153 137 116
-2.604959 1.492255 3.346414 101 80 73
-2.606284 1.502700 3.343280 132 103 75
-2.923191 1.127144 3.464476 154 138 114
-2.910818 1.138071 3.469756 152 135 112
-2.600196 1.481169 3.334779 123 98 79
-2.602000 1.489578 3.328427 146 118 84
-2.941218 1.086853 3.452357 156 141 115
-2.930750 1.100392 3.454275 154 138 113
-2.920287 1.115645 3.458753 152 135 112
-2.906884 1.124948 3.460679 149 130 108
-2.876298 1.142342 3.434673 150 131 102
-2.865808 1.164295 3.426227 153 139 119
-2.596410 1.468896 3.313098 175 142 99
-2.599994 1.478025 3.309119 179 149 105
-3.019910 0.968316 3.484078 160 138 101
-3.012084 0.979504 3.477502 155 134 100
-2.999038 0.993800 3.473211 153 132 99
-2.986113 1.008919 3.469216 153 132 101
-2.972557 1.023900 3.462819 150 130 100
-2.959713 1.038978 3.459063 148 131 102
-2.950309 1.058663 3.448632 145 129 103
-2.939844 1.073169 3.447153 147 130 106
-2.930568 1.087144 3.448725 148 130 106
-2.879092 1.131586 3.423924 150 130 106
-2.595632 1.459957 3.294162 86 72 62
-2.597037 1.470328 3.294829 137 111 78
-3.071522 0.894381 3.491980 157 130 85
-3.058706 0.913082 3.485887 154 127 85
-3.046549 0.927145 3.483857 154 127 86
-3.035096 0.942575 3.478602 150 126 89
-3.022218 0.958466 3.473511 148 125 91
-3.010269 0.973276 3.469201 146 124 92
-2.995225 0.988953 3.462028 144 122 92
-2.983466 1.001652 3.457340 142 121 92
-2.970279 1.017377 3.450494 140 121 94
-2.961200 1.033238 3.441521 140 122 97
-2.949909 1.051659 3.438661 142 125 100
-2.936798 1.062982 3.436537 144 127 103
-2.921693 1.076824 3.426494 141 122 96
-2.908435 1.094521 3.422074 143 123 96
-2.895269 1.110616 3.415807 143 122 93
-2.881342 1.122521 3.407252 143 122 94
-2.871150 1.133644 3.408815 145 124 93
-2.594818 1.447221 3.275981 77 64 57
-2.597101 1.459227 3.273557 89 77 64
-3.100422 0.847061 3.489178 149 117 71
-3.092815 0.857373 3.486314 149 117 72
-3.083216 0.874294 3.482150 148 119 75
-3.072808 0.891465 3.477363 148 120 78
-3.061735 0.906518 3.472330 146 119 80
-3.048035 0.923764 3.467093 146 121 83
-3.035351 0.939231 3.458780 143 119 85
-3.022722 0.954416 3.454849 141 119 87
-3.011741 0.966311 3.448350 140 118 86
-2.995505 0.981550 3.441779 139 118 89
-2.982866 0.994367 3.436112 139 119 90
-2.971056 1.010906 3.429223 140 121 94
-2.961202 1.026034 3.425519 141 124 98
-2.950863 1.041345 3.418844 142 125 99
-2.932769 1.054862 3.412983 143 124 97
-2.922796 1.067020 3.407588 142 123 95
-2.905977 1.084287 3.399416 139 120 92
-2.893037 1.096340 3.397040 138 118 92
-2.879631 1.113072 3.389122 140 118 90
-2.870532 1.124388 3.382666 141 117 87
-2.857824 1.137923 3.376986 140 116 84
-2.592093 1.437829 3.261169 144 116 83
-3.123550 0.803789 3.484942 150 117 68
-3.116419 0.818027 3.481925 146 111 64
-3.107709 0.836783 3.478256 146 113 66
-3.098315 0.852784 3.470346 144 114 69
-3.085544 0.869544 3.462266 142 114 73
-3.074009 0.887307 3.457274 142 116 76
-3.062614 0.899492 3.452900 141 115 78
-3.050134 0.912635 3.446240 141 117 82
-3.035595 0.931018 3.441391 138 115 83
-3.023331 0.944466 3.436576 136 114 83
-3.006459 0.955676 3.428434 136 115 86
-2.991245 0.971442 3.423114 138 118 89
-2.980350 0.986139 3.417128 140 121 93
-2.969908 0.998281 3.413337 142 124 97
-2.962903 1.011528 3.406184 145 127 100
-2.933728 1.034014 3.406832 141 123 95
-2.925503 1.049819 3.397737 140 122 94
-2.917824 1.060213 3.391161 141 122 95
-2.900655 1.071901 3.382221 137 117 89
-2.888383 1.089198 3.377838 136 116 88
-2.874243 1.101485 3.373639 137 117 90
-2.863876 1.117070 3.369281 139 116 86
-2.856537 1.131504 3.370584 142 117 84
-2.590206 1.424783 3.244375 183 152 107
-3.133209 0.780134 3.475666 151 118 71
-3.127058 0.796621 3.473815 148 115 67
-3.119332 0.813298 3.468142 145 111 64
-3.111142 0.831605 3.460011 143 112 66
-3.095516 0.852512 3.450206 143 113 71
-3.086637 0.863903 3.449401 143 115 76
-3.072441 0.879070 3.442682 140 113 76
-3.060628 0.889016 3.433763 139 114 78
-3.047794 0.902275 3.427089 138 114 82
-3.031664 0.919871 3.422122 135 112 82
-3.017683 0.933049 3.415763 135 113 84
-3.001378 0.946530 3.413380 137 115 86
-2.987247 0.962159 3.406635 141 120 91
-2.979812 0.973141 3.401418 139 121 93
-2.964729 0.983747 3.398532 143 124 96
-2.950293 1.001099 3.383884 147 126 94
-2.909755 1.029950 3.372910 143 120 91
-2.912838 1.044037 3.367581 141 119 90
-2.897225 1.061841 3.368518 137 115 87
-2.884173 1.080253 3.360684 137 115 86
-2.871154 1.091633 3.354772 134 114 87
-2.860757 1.106154 3.351965 140 117 86
-2.849778 1.116015 3.346476 142 118 84
-2.588061 1.401737 3.227960 180 148 102
-2.589394 1.415400 3.230154 184 154 109
-3.140985 0.755474 3.465203 154 122 72
-3.134076 0.771453 3.463576 149 116 68
-3.129990 0.787582 3.454665 145 112 64
-3.122878 0.807198 3.450755 145 112 65
-3.077215 0.852519 3.423201 137 111 75
-3.067014 0.864196 3.418879 138 113 78
-3.053050 0.878320 3.414623 137 112 78
-3.040187 0.890928 3.411792 137 113 81
-3.025796 0.906539 3.404914 138 115 84
-3.012936 0.920752 3.400694 138 115 86
-2.995169 0.935958 3.397027 141 120 89
-2.985367 0.950068 3.391977 139 119 90
-2.980021 0.960601 3.383608 136 119 91
-2.960084 0.978527 3.380261 139 118 90
-2.947854 0.993196 3.368806 143 122 91
-2.929616 1.006348 3.357731 147 127 96
-2.914929 1.020760 3.353899 139 117 86
-2.904375 1.036416 3.355058 139 118 89
-2.894756 1.051639 3.352172 140 117 87
-2.879234 1.067982 3.345168 137 116 87
-2.867324 1.084160 3.338195 137 118 89
-2.854830 1.095346 3.335132 139 116 86
-2.839563 1.106057 3.334466 142 115 81
-2.586475 1.394364 3.211006 170 138 101
-2.587368 1.402147 3.212462 185 154 109
-3.137658 0.748869 3.451655 150 117 67
-3.133833 0.758695 3.447386 147 113 64
-3.127571 0.779107 3.436588 141 109 60
-3.114938 0.792079 3.423397 140 108 62
-3.102191 0.806437 3.417663 139 109 67
-3.086622 0.826034 3.415710 138 109 70
-3.075009 0.838528 3.409921 138 111 73
-3.059251 0.855077 3.405013 139 113 78
-3.048628 0.866041 3.401851 139 114 79
-3.031746 0.880495 3.397666 139 116 83
-3.015033 0.892585 3.391127 142 119 86
-3.002473 0.906531 3.388818 140 118 86
-2.987834 0.925736 3.384218 140 119 88
-2.981586 0.937945 3.376372 136 115 87
-2.972599 0.954275 3.368873 135 115 86
-2.956081 0.971515 3.363848 135 113 83
-2.938902 0.983528 3.355839 140 117 86
-2.931075 0.998352 3.348097 141 118 87
-2.913257 1.012395 3.345046 141 117 86
-2.902600 1.026173 3.340400 142 118 87
-2.891023 1.043229 3.333749 136 115 84
-2.876082 1.057316 3.329115 136 114 85
-2.863412 1.075110 3.322590 140 117 87
-2.851056 1.084899 3.316773 139 115 84
-2.843678 1.099228 3.312037 138 112 76
-2.583180 1.384056 3.197757 140 114 85
-2.586690 1.393045 3.196077 144 117 82
-3.133205 0.738723 3.434724 151 117 67
-3.128258 0.747936 3.429815 145 112 63
-3.120686 0.766408 3.420668 142 110 62
-3.108380 0.782333 3.414114 139 107 62
-3.093575 0.797513 3.407730 139 109 66
-3.079186 0.810926 3.401563 139 111 71
-3.065975 0.825839 3.397710 140 113 75
-3.051572 0.839318 3.393425 141 115 78
-3.036948 0.852806 3.391354 141 116 80
-3.022433 0.868435 3.387645 142 118 83
-3.009797 0.882741 3.383241 144 120 86
-2.986522 0.918213 3.359298 127 105 78
-2.979013 0.924662 3.362113 133 111 83
-2.964175 0.940703 3.353368 133 111 83
-2.950454 0.958230 3.347330 136 113 83
-2.935649 0.975628 3.339299 140 115 82
-2.924147 0.990930 3.332100 139 115 82
-2.910232 1.003722 3.328001 137 113 81
-2.899589 1.017374 3.320648 135 112 82
-2.885222 1.030616 3.316389 135 112 83
-2.870932 1.045787 3.311479 134 112 83
-2.857723 1.061886 3.304243 137 114 84
-2.846567 1.071291 3.297760 137 112 81
-2.830175 1.080565 3.293052 128 101 69
-2.583421 1.371449 3.179387 130 103 76
-2.574810 1.379184 3.190241 12 0 0
-3.119065 0.741570 3.414017 151 120 73
-3.109465 0.752522 3.407493 146 115 69
-3.096895 0.769310 3.401016 143 112 67
-3.083952 0.782104 3.396109 143 114 72
-3.068339 0.799665 3.390235 145 118 78
-3.057652 0.813090 3.386993 145 119 79
-3.046826 0.825144 3.385738 145 118 81
-3.035957 0.834993 3.379635 147 122 85
-2.992963 0.892104 3.339380 126 105 80
-2.984931 0.901362 3.346053 127 105 80
-2.971215 0.910361 3.341856 133 111 83
-2.958276 0.927581 3.336100 134 112 84
-2.943252 0.946578 3.328953 137 113 84
-2.931676 0.961886 3.322429 139 115 84
-2.918973 0.976108 3.316625 138 114 84
-2.904205 0.992004 3.311219 137 113 82
-2.891387 1.004808 3.304813 135 112 83
-2.878920 1.020358 3.298446 134 111 83
-2.865380 1.035442 3.291654 134 112 84
-2.853934 1.049389 3.284215 137 112 82
-2.840411 1.060162 3.283501 137 112 80
-2.582256 1.342320 3.166795 103 79 69
-2.582768 1.356238 3.165400 148 119 87
-3.084481 0.771539 3.388372 153 125 80
-2.990432 0.881490 3.330823 127 106 82
-2.976917 0.893957 3.333862 131 110 84
-2.961457 0.910715 3.323870 143 123 95
-2.952952 0.919973 3.320717 135 114 87
-2.937767 0.933524 3.313393 138 115 86
-2.924978 0.951070 3.307156 138 114 84
-2.912931 0.965941 3.297298 137 112 82
-2.902883 0.981972 3.296357 135 111 81
-2.887542 0.993607 3.286364 133 111 83
-2.875956 1.008481 3.281880 137 112 81
-2.860978 1.024508 3.279021 137 112 81
-2.846337 1.031437 3.273658 138 112 79
-2.839007 1.047379 3.275883 131 103 71
-2.582515 1.336399 3.149454 135 106 76
-2.583380 1.347181 3.150835 96 75 59
-3.002645 0.864279 3.315383 137 117 90
-2.990121 0.866536 3.316291 131 112 89
-2.947984 0.911642 3.307560 142 123 99
-2.940552 0.927737 3.299290 138 117 90
-2.923361 0.943652 3.290407 138 117 90
-2.907587 0.956182 3.288178 139 115 86
-2.897874 0.974522 3.282821 135 111 83
-2.885230 0.986224 3.274192 136 112 82
-2.875232 1.002452 3.270753 137 111 80
-2.861079 1.019147 3.263915 136 109 78
-2.583634 1.326100 3.136771 172 139 95
-2.586310 1.338319 3.135406 176 144 96
-2.993086 0.846822 3.299294 135 117 95
-2.987727 0.854320 3.305486 132 114 92
-2.920093 0.935305 3.276151 141 118 92
-2.908023 0.950775 3.268823 137 112 87
-2.893130 0.961362 3.263719 140 115 88
-2.883444 0.969440 3.265036 140 115 84
-2.874530 0.984911 3.253377 140 115 84
-2.582549 1.298628 3.121484 163 132 103
-2.585004 1.310790 3.122447 180 147 100
-2.989363 0.837501 3.288247 137 120 100
-2.978731 0.838836 3.290296 134 117 99
-2.584963 1.292919 3.108216 122 93 74
-2.585338 1.299446 3.106226 151 122 86
-2.985856 0.824410 3.272436 138 123 105
-2.978274 0.829974 3.279033 136 119 100
-2.588120 1.277763 3.091388 99 81 66
-2.585867 1.289497 3.077995 0 0 0
-2.983682 0.812116 3.255166 140 126 109
-2.588603 1.254717 3.077032 170 137 94
-2.588754 1.265260 3.076506 141 114 79
-2.981225 0.801306 3.237572 140 127 111
-2.592646 1.241803 3.062839 173 139 94
-2.595352 1.259865 3.063278 180 146 100
-2.977326 0.790662 3.221207 140 127 112
-2.592727 1.216633 3.049278 141 111 79
-2.594982 1.228217 3.047752 168 133 92
-2.974235 0.779495 3.204495 141 129 115
-2.599362 1.192837 3.036935 123 94 68
-2.597623 1.207409 3.036676 101 79 61
-2.596989 1.222800 3.030300 69 54 39
-2.967391 0.769028 3.187332 141 130 117
-2.603585 1.181567 3.022001 154 119 81
-2.602521 1.197967 3.023619 159 122 80
-2.964087 0.758788 3.169211 143 133 121
-2.608676 1.158904 3.008495 101 79 60
-2.608317 1.171503 3.006457 93 75 58
-2.959132 0.748593 3.151256 143 135 124
-2.614464 1.132125 3.001437 164 126 82
-2.614162 1.143765 2.996359 170 134 88
-2.606609 1.161644 2.998089 63 41 33
-2.954538 0.739823 3.134327 145 138 128
-2.937576 0.739901 3.127343 149 142 135
-2.626938 1.107786 2.982782 176 143 96
-2.622485 1.121251 2.984443 177 143 95
-2.949795 0.732867 3.117275 148 141 133
-2.936447 0.737013 3.115696 149 142 135
-2.634789 1.080504 2.974632 167 136 97
-2.632639 1.095139 2.972176 182 151 104
-2.626717 1.115252 2.970781 185 157 107
-2.946191 0.726599 3.100853 152 146 138
-2.932874 0.727233 3.097300 153 147 139
-2.651529 1.037041 2.967936 176 141 94
-2.648858 1.054440 2.963050 121 97 71
-2.640527 1.074518 2.964504 112 89 69
-2.639181 1.087801 2.961783 182 153 106
-2.944376 0.717820 3.080455 155 150 141
-2.933005 0.721138 3.077918 155 148 140
-2.676215 0.996081 2.964974 181 148 102
-2.670556 1.011811 2.957915 181 150 103
-2.661396 1.032067 2.958191 182 150 103
-2.656607 1.048253 2.954741 181 149 100
-2.926473 0.715333 3.059328 156 149 138
-2.914383 0.716208 3.055518 156 146 132
-2.700357 0.959185 2.956873 84 70 57
-2.691343 0.977452 2.952968 141 117 87
-2.683909 0.992962 2.952545 185 156 111
-2.675822 1.010565 2.949417 184 154 106
-2.923069 0.708893 3.043355 159 152 139
-2.910218 0.713603 3.037876 154 141 123
-2.897030 0.718051 3.030347 150 134 111
-2.754949 0.874003 2.970474 179 149 103
-2.747474 0.888233 2.966155 178 146 100
-2.739318 0.902206 2.958009 171 140 98
-2.728639 0.921091 2.953347 99 82 64
-2.715552 0.938124 2.952638 158 129 91
-2.707897 0.953702 2.948681 130 104 74
-2.689845 0.965314 2.946041 0 0 0
-2.908220 0.710573 3.019776 155 137 113
-2.891256 0.719310 3.012481 151 129 101
-2.879001 0.729353 3.002888 130 103 76
-2.861313 0.744264 2.998828 118 90 61
-2.846319 0.759614 2.992462 81 62 46
-2.832765 0.773924 2.987762 81 62 48
-2.822175 0.789459 2.980816 134 105 74
-2.814742 0.803075 2.973876 161 129 86
-2.800207 0.820457 2.968606 147 113 76
-2.790870 0.836902 2.963463 80 63 49
-2.773634 0.853591 2.961537 115 94 69
-2.765835 0.868403 2.960137 171 140 100
-2.755001 0.884758 2.955965 179 148 104
-2.745344 0.902957 2.948945 180 150 106
-2.731440 0.918879 2.941874 52 33 24
-2.904399 0.707896 2.998656 164 147 112
-2.894163 0.719919 2.998819 148 123 92
-2.878188 0.731554 2.994682 138 107 74
-2.864561 0.743486 2.990197 142 110 73
-2.852037 0.758009 2.983187 108 83 57
-2.841232 0.770315 2.979012 74 57 43
-2.827057 0.787458 2.973448 111 87 61
-2.818204 0.802621 2.966872 162 130 88
-2.805051 0.822887 2.960011 154 121 81
-2.797250 0.832271 2.955705 85 56 45
-2.826577 0.577523 2.742512 66 64 67
-2.817307 0.577924 2.729612 69 69 66
-2.806520 0.586132 2.720277 66 65 64
-2.814692 0.566527 2.714260 66 65 66
-2.800956 0.577655 2.706175 77 78 78
-2.790637 0.588848 2.698676 138 138 141
-2.798091 0.568655 2.690197 148 149 150
-2.786263 0.580961 2.686017 170 171 173
-2.771783 0.591921 2.677607 173 175 177
-2.761183 0.604414 2.667858 170 172 173
-2.791434 0.560339 2.672221 172 173 174
-2.777209 0.572324 2.670329 172 173 174
-2.762761 0.584293 2.661834 167 169 171
-2.754615 0.594574 2.656133 164 165 167
-2.744405 0.608927 2.646918 124 125 128
-2.732639 0.621207 2.637867 61 58 59
-2.775972 0.559173 2.651418 171 173 173
-2.757966 0.573761 2.645479 165 167 169
-2.748005 0.586409 2.643159 149 150 153
-2.735668 0.600674 2.636306 63 63 65
-2.720762 0.613042 2.625546 42 42 42
-2.712089 0.624382 2.619540 48 48 47
-2.494706 0.878555 2.516498 163 164 165
-2.474599 0.895370 2.512630 169 170 171
-2.461224 0.909664 2.507306 112 115 122
-2.448495 0.923709 2.502815 78 82 90
-2.434012 0.937517 2.495333 91 97 105
-2.426639 0.949481 2.490413 72 72 77
-2.416082 0.959815 2.484643 108 117 119
-2.768535 0.556239 2.632031 166 168 168
-2.756962 0.564797 2.629533 144 145 147
-2.743927 0.573757 2.625466 81 81 83
-2.731206 0.588592 2.621644 41 40 42
-2.716623 0.603457 2.611763 35 35 35
-2.702923 0.619547 2.606356 48 47 48
-2.692216 0.633354 2.597653 105 105 107
-2.681346 0.647206 2.589319 154 155 155
-2.669118 0.660587 2.581771 86 85 87
-2.536550 0.815602 2.521203 70 71 68
-2.522971 0.829837 2.516732 91 85 86
-2.511183 0.840382 2.514883 142 136 137
-2.497912 0.855234 2.510464 148 143 148
-2.483904 0.871529 2.505189 144 140 146
-2.468633 0.885501 2.502515 151 151 155
-2.455399 0.898222 2.500625 95 96 103
-2.439897 0.913550 2.495282 70 75 82
-2.427128 0.929916 2.489521 83 87 96
-2.419046 0.941774 2.481098 39 40 46
-2.403174 0.961252 2.473070 72 75 83
-2.393646 0.969139 2.463144 137 143 149
-2.755705 0.559148 2.614882 104 106 109
-2.740549 0.569396 2.609612 52 52 54
-2.725921 0.579516 2.600901 54 54 57
-2.712068 0.592682 2.595353 41 41 42
-2.695590 0.611033 2.592983 68 67 70
-2.683795 0.626007 2.587464 137 138 141
-2.673475 0.640515 2.582011 140 141 143
-2.662285 0.653304 2.573435 59 58 60
-2.648697 0.668221 2.564496 90 89 91
-2.636226 0.681801 2.555352 107 107 108
-2.626233 0.693745 2.549561 65 64 66
-2.612606 0.711550 2.541664 122 124 125
-2.594539 0.727590 2.535330 64 64 64
-2.583049 0.745884 2.530005 58 58 58
-2.571253 0.755456 2.526085 128 125 125
-2.557688 0.770770 2.520446 139 136 138
-2.545250 0.788765 2.517253 126 125 127
-2.533027 0.799632 2.512367 54 53 57
-2.519017 0.815151 2.509186 59 59 62
-2.504767 0.828670 2.504508 120 119 122
-2.491908 0.846831 2.498968 139 137 143
-2.475482 0.861625 2.494107 155 154 158
-2.460167 0.870175 2.490281 159 160 164
-2.447894 0.882807 2.483762 68 70 75
-2.430663 0.898988 2.476238 51 54 64
-2.422470 0.909801 2.470628 69 73 81
-2.408404 0.931705 2.464844 26 28 32
-2.396518 0.951624 2.464575 45 47 55
-2.386711 0.966180 2.456201 136 144 151
-2.375960 0.977105 2.445733 172 180 186
-2.366126 0.984612 2.434668 178 185 191
-2.741374 0.560143 2.591465 69 68 69
-2.722158 0.574660 2.587355 58 58 59
-2.708232 0.585037 2.579825 60 61 63
-2.691026 0.598449 2.576100 141 142 145
-2.678229 0.611328 2.571426 153 155 158
-2.663898 0.623618 2.565805 140 141 143
-2.652039 0.639415 2.560864 58 58 60
-2.638405 0.658765 2.554769 99 99 101
-2.627251 0.674999 2.547685 96 95 98
-2.615946 0.684180 2.541834 65 64 66
-2.603568 0.702047 2.535653 102 103 105
-2.590775 0.716192 2.528526 63 63 66
-2.580063 0.730806 2.523795 50 50 51
-2.563038 0.745000 2.518532 115 115 115
-2.550498 0.763535 2.510375 123 121 126
-2.537994 0.776204 2.506639 131 131 135
-2.524415 0.790835 2.499583 58 58 61
-2.512893 0.801242 2.497495 63 64 66
-2.496794 0.820846 2.487226 103 102 108
-2.487505 0.833596 2.482765 136 136 143
-2.470403 0.849362 2.478085 163 165 169
-2.456356 0.861366 2.472070 139 142 145
-2.445484 0.872379 2.466237 58 59 62
-2.427559 0.892153 2.462133 59 63 72
-2.417629 0.902582 2.454804 79 84 91
-2.402228 0.925031 2.454867 24 26 31
-2.386967 0.929261 2.436002 33 38 42
-2.375713 0.952810 2.439760 74 79 90
-2.366759 0.967955 2.434784 129 139 149
-2.355825 0.984084 2.427402 146 155 164
-2.347615 0.991155 2.416417 96 101 112
-2.720564 0.572244 2.568724 71 73 71
-2.707380 0.581640 2.564300 103 104 105
-2.694263 0.591808 2.559955 160 161 163
-2.677607 0.603254 2.550933 159 161 164
-2.660955 0.614427 2.546139 139 140 142
-2.648760 0.627007 2.543196 62 62 63
-2.630081 0.644147 2.535003 122 123 124
-2.619000 0.660198 2.532533 84 84 86
-2.610748 0.669880 2.527858 55 56 57
-2.593770 0.688829 2.520520 102 103 106
-2.581991 0.707523 2.513012 47 48 50
-2.574399 0.718751 2.508238 35 35 37
-2.554515 0.737398 2.500308 84 82 89
-2.544776 0.748705 2.494160 119 120 126
-2.530727 0.764589 2.490572 144 146 150
-2.520560 0.779739 2.481569 79 80 84
-2.508027 0.793231 2.474962 96 98 100
-2.496634 0.811855 2.469698 89 90 95
-2.486211 0.825998 2.465772 147 149 154
-2.472170 0.843483 2.460675 153 156 161
-2.460347 0.857154 2.455839 128 132 137
-2.446917 0.868053 2.447722 62 63 66
-2.432078 0.882370 2.441031 84 87 93
-2.417231 0.895978 2.434992 89 94 100
-2.400551 0.906301 2.431971 41 41 44
-2.391958 0.920809 2.434800 26 29 32
-2.367204 0.950141 2.426831 118 127 136
-2.339401 0.988539 2.402320 21 24 34
-2.325535 0.994419 2.396380 34 38 45
-2.688832 0.590055 2.541584 174 175 176
-2.675612 0.601017 2.535046 171 172 173
-2.661619 0.611860 2.529942 135 136 138
-2.650126 0.620849 2.522103 67 67 68
-2.631171 0.636144 2.516764 136 137 139
-2.618134 0.649894 2.514542 80 82 84
-2.604090 0.661853 2.506101 109 111 112
-2.591250 0.677007 2.503045 145 148 150
-2.578866 0.693621 2.492914 72 73 76
-2.571020 0.707812 2.488007 39 39 40
-2.552236 0.726495 2.481068 73 73 77
-2.544187 0.739340 2.476545 132 134 138
-2.531910 0.757312 2.469484 164 167 170
-2.522755 0.772590 2.466551 108 110 114
-2.509720 0.790808 2.459526 105 107 107
-2.501550 0.804311 2.455354 90 91 92
-2.432984 0.880695 2.427746 125 128 133
-2.414816 0.896374 2.418906 73 76 80
-2.403517 0.902373 2.415076 52 54 57
-2.384321 0.914865 2.403988 78 81 87
-2.372931 0.920033 2.397686 128 131 138
-2.337556 0.987757 2.379779 17 19 27
-2.323161 0.989880 2.376156 21 25 32
-2.307868 0.999295 2.371397 48 53 60
-2.653030 0.617442 2.511138 75 75 79
-2.635653 0.633906 2.501510 113 114 118
-2.619777 0.647526 2.496118 81 82 85
-2.608883 0.658671 2.488660 137 139 140
-2.594901 0.672742 2.483193 160 162 164
-2.581194 0.688179 2.477076 90 91 94
-2.569233 0.700177 2.471460 66 67 68
-2.555450 0.718619 2.466739 64 64 66
-2.547416 0.734279 2.461932 135 137 140
-2.538607 0.750304 2.458220 169 171 174
-2.387846 0.912132 2.393350 140 143 145
-2.368942 0.924579 2.383682 131 134 139
-2.360151 0.931491 2.375530 119 123 129
-2.345738 0.946954 2.362533 26 27 35
-2.334819 0.968493 2.357005 20 24 31
-2.321798 0.980844 2.356393 23 28 35
-2.301664 0.989340 2.354034 29 34 41
-2.291746 0.999331 2.354189 67 73 81
-2.348414 0.932321 2.368616 89 93 99
-2.343938 0.942208 2.361571 39 42 51
-2.328320 0.956499 2.353732 34 39 45
-2.312524 0.971429 2.348119 38 43 50
-2.298645 0.983946 2.346709 42 49 56
-2.290535 0.992645 2.344923 91 100 106
-2.752323 1.584209 3.687249 135 125 128
-2.745780 1.588741 3.685453 173 167 161
-2.734955 1.602384 3.679481 191 175 151
-2.760555 1.554838 3.682271 141 127 114
-2.747980 1.565521 3.684225 162 147 132
-2.735695 1.584156 3.680650 177 161 144
-2.720434 1.597343 3.671106 190 169 140
-2.710278 1.606687 3.661625 192 169 133
-2.702922 1.618587 3.655180 195 174 140
-2.626823 1.696531 3.623341 93 87 78
-2.616515 1.701295 3.627050 0 0 0
-2.786968 1.499176 3.679330 170 161 133
-2.780270 1.508477 3.676875 111 100 85
-2.769015 1.527825 3.674063 114 102 90
-2.758007 1.541782 3.677133 135 120 112
-2.745902 1.550505 3.680120 165 146 131
-2.700343 1.605422 3.651745 193 170 135
-2.691242 1.615394 3.640106 193 174 144
-2.685974 1.627325 3.630157 181 156 125
-2.637869 1.680246 3.611890 161 140 110
-2.627050 1.687790 3.614347 88 79 65
-2.845875 1.432838 3.685659 181 174 165
-2.830513 1.444951 3.684148 155 145 134
-2.818599 1.457533 3.682345 104 90 77
-2.803742 1.470395 3.679577 110 100 87
-2.791875 1.491329 3.676588 104 91 78
-2.782657 1.505777 3.672040 79 66 58
-2.776747 1.517529 3.669261 110 104 93
-2.683455 1.610285 3.632706 189 171 144
-2.676508 1.621019 3.619482 156 131 104
-2.670987 1.629971 3.607366 162 138 98
-2.632732 1.664055 3.600143 154 131 102
-2.625174 1.679136 3.598296 73 68 59
-2.851602 1.413601 3.675563 170 165 155
-2.839903 1.422011 3.676594 171 165 157
-2.826383 1.431863 3.679348 147 139 129
-2.814115 1.447141 3.678972 101 90 77
-2.665950 1.614086 3.608842 140 117 91
-2.661538 1.622102 3.595351 154 131 104
-2.646991 1.637616 3.584321 151 128 102
-2.632809 1.652216 3.583905 143 124 100
-2.624028 1.666484 3.580814 60 58 53
-2.848728 1.399537 3.659664 163 158 148
-2.835301 1.405301 3.665745 163 156 147
-2.657166 1.604117 3.590490 160 136 109
-2.652333 1.615638 3.582847 160 135 110
-2.639907 1.629480 3.571348 163 142 119
-2.625298 1.647439 3.569219 149 138 121
-2.617649 1.653828 3.574032 85 78 68
-2.842877 1.384814 3.646597 158 151 143
-2.830975 1.391637 3.652695 157 149 142
-2.633682 1.620308 3.553676 192 175 152
-2.630566 1.631557 3.557853 187 173 152
-2.852093 1.365476 3.625137 156 149 140
-2.841612 1.371368 3.631572 159 152 143
-2.633396 1.593769 3.542830 199 177 145
-2.634925 1.607710 3.539847 198 178 150
-2.848263 1.354979 3.615521 162 155 144
-2.838938 1.356595 3.617487 159 152 143
-2.631084 1.588465 3.532472 200 178 145
-2.631355 1.595958 3.522760 200 179 144
-2.840688 1.340039 3.600532 162 155 145
-2.834361 1.346586 3.607554 158 151 142
-2.626744 1.575499 3.512461 129 104 81
-2.626688 1.586491 3.505460 148 122 92
-2.853614 1.318738 3.583525 168 162 152
-2.841379 1.325822 3.587754 164 157 146
-2.828268 1.335607 3.596491 162 155 144
-2.623802 1.565109 3.496818 120 93 70
-2.622657 1.574973 3.488539 142 114 84
-2.847136 1.305311 3.570230 167 161 152
-2.836431 1.311085 3.573761 166 160 150
-2.621684 1.553129 3.477342 190 161 120
-2.620634 1.565157 3.472120 192 167 125
-2.857987 1.282045 3.553883 166 159 150
-2.844056 1.289886 3.558298 167 160 151
-2.831143 1.301970 3.567068 171 164 153
-2.616187 1.544037 3.458725 189 162 122
-2.617492 1.553764 3.452836 191 165 126
-2.868149 1.258377 3.540957 168 162 151
-2.853347 1.267706 3.545510 167 161 150
-2.840918 1.275429 3.549253 169 161 151
-2.613387 1.532036 3.444770 189 162 121
-2.613242 1.542407 3.438816 192 167 128
-2.863482 1.242762 3.532100 166 158 146
-2.849389 1.254597 3.536154 165 157 146
-2.608206 1.521094 3.426083 185 158 116
-2.609327 1.532771 3.417842 193 170 128
-2.871105 1.218988 3.517567 160 150 135
-2.859644 1.229724 3.522734 163 153 139
-2.845298 1.240992 3.527113 162 152 140
-2.604271 1.510874 3.409837 132 103 76
-2.605150 1.522150 3.403592 121 98 73
-2.876642 1.192616 3.505325 159 147 125
-2.867768 1.204672 3.507335 158 146 127
-2.855800 1.215328 3.511401 158 146 127
-2.602103 1.501853 3.393238 142 113 81
-2.603225 1.513643 3.386516 130 105 77
-2.888455 1.172067 3.489446 154 139 117
-2.876877 1.181105 3.494086 155 140 118
-2.864767 1.189437 3.497591 155 140 117
-2.598189 1.488488 3.374203 151 119 86
-2.600711 1.501944 3.369057 170 139 99
-2.894489 1.145905 3.477552 155 140 115
-2.884028 1.156371 3.479867 154 138 113
-2.873613 1.165628 3.483858 154 137 111
-2.595753 1.479669 3.356326 113 86 65
-2.597257 1.492290 3.352112 112 87 62
-2.907752 1.120316 3.465587 157 141 113
-2.896027 1.134180 3.468443 154 137 112
-2.880147 1.143993 3.472371 152 134 109
-2.871562 1.154997 3.476143 152 134 109
-2.593057 1.469511 3.343633 154 124 88
-2.593999 1.477980 3.329332 178 150 102
-2.960750 1.022674 3.486834 162 146 114
-2.920609 1.070547 3.467171 152 137 110
-2.915063 1.091909 3.457962 152 135 108
-2.903440 1.105005 3.458092 149 131 107
-2.888446 1.121406 3.461606 151 132 106
-2.874803 1.128440 3.451561 148 132 109
-2.863401 1.137748 3.442821 151 132 104
-2.848482 1.153030 3.436590 150 132 106
-2.590442 1.457216 3.322407 182 152 107
-3.036979 0.930275 3.502654 163 138 95
-3.023813 0.946463 3.498473 160 136 96
-3.011006 0.960026 3.497446 160 136 98
-3.001354 0.974679 3.490949 157 134 99
-2.988359 0.990435 3.485870 155 132 99
-2.976247 1.005225 3.480505 152 130 99
-2.961207 1.022133 3.473501 148 128 99
-2.949777 1.036319 3.468333 147 128 101
-2.936364 1.049781 3.463431 145 128 102
-2.924217 1.066736 3.458260 144 127 103
-2.912113 1.081798 3.454618 145 129 105
-2.896016 1.095509 3.452086 144 127 104
-2.881120 1.111717 3.443860 144 129 106
-2.870439 1.123784 3.436316 149 133 107
-2.861129 1.138219 3.433475 150 132 104
-2.850952 1.152146 3.427618 154 140 119
-2.586960 1.446956 3.307194 113 92 71
-3.071015 0.873223 3.504027 153 124 77
-3.058651 0.891223 3.500775 153 124 79
-3.048564 0.906187 3.497058 153 124 80
-3.038419 0.923074 3.496202 154 127 85
-3.027001 0.938715 3.493152 154 127 87
-3.016201 0.954887 3.489145 154 130 93
-2.997125 0.976358 3.481259 149 125 90
-2.989549 0.990127 3.468734 145 123 92
-2.963517 1.012350 3.458009 144 125 98
-2.945881 1.023536 3.455892 147 127 102
-2.936738 1.040667 3.449758 144 126 102
-2.921735 1.058670 3.443626 144 128 103
-2.910637 1.071551 3.436923 141 123 98
-2.893751 1.083641 3.432159 141 122 96
-2.879198 1.098556 3.424104 141 121 94
-2.866811 1.112879 3.417136 143 121 93
-2.857331 1.123745 3.414165 143 121 91
-2.846611 1.137397 3.405270 145 119 85
-2.585435 1.427842 3.301107 79 67 59
-2.585987 1.433900 3.289327 86 71 61
-3.100573 0.820462 3.505786 150 118 72
-3.093917 0.834300 3.500213 148 115 69
-3.083413 0.851849 3.499727 147 115 68
-3.073375 0.871766 3.495717 148 117 71
-3.063538 0.887936 3.491708 148 118 74
-3.052523 0.910123 3.483878 150 121 80
-2.976210 0.974991 3.443957 144 125 100
-2.968906 0.983855 3.445621 145 126 101
-2.954261 1.001286 3.437797 144 127 102
-2.942819 1.016255 3.433467 146 131 105
-2.925080 1.029430 3.429759 147 132 106
-2.915097 1.036206 3.428304 151 136 109
-2.889336 1.076458 3.410997 139 121 94
-2.878753 1.089028 3.409355 140 121 94
-2.863332 1.103321 3.400419 139 118 89
-2.852457 1.117821 3.393397 141 120 90
-2.839880 1.128157 3.394719 143 119 85
-2.581609 1.415352 3.275228 163 127 86
-2.584177 1.425807 3.273048 146 118 84
-3.123946 0.782496 3.501672 150 122 81
-3.117336 0.794161 3.497653 148 115 70
-3.107132 0.811331 3.495356 144 110 62
-3.099163 0.830214 3.492245 145 109 62
-2.981998 0.946158 3.436559 147 130 103
-2.979290 0.956521 3.433419 144 127 100
-2.964120 0.975478 3.428272 144 126 100
-2.949097 0.988334 3.423695 146 128 102
-2.932777 1.005295 3.420163 154 136 111
-2.923056 1.014502 3.409747 153 136 112
-2.872931 1.079701 3.386762 137 117 89
-2.856448 1.093682 3.382238 137 115 85
-2.846537 1.108357 3.377358 137 116 87
-2.837862 1.118903 3.374976 139 117 85
-2.578923 1.403513 3.258464 176 143 99
-2.581680 1.414439 3.255238 183 152 106
-3.139994 0.742064 3.495310 153 123 80
-3.134347 0.757058 3.493143 151 122 79
-3.128799 0.774154 3.488811 149 116 70
-3.125096 0.789969 3.486548 149 114 67
-2.983675 0.939058 3.422322 141 123 96
-2.974046 0.946358 3.415445 144 124 96
-2.958421 0.961897 3.414151 146 127 100
-2.943770 0.970575 3.403291 153 132 105
-2.935559 0.990799 3.412890 152 135 108
-2.871169 1.068990 3.370502 141 118 89
-2.855400 1.084999 3.365011 136 115 87
-2.842425 1.096735 3.358989 136 115 85
-2.831570 1.107411 3.355040 138 115 82
-2.578588 1.392748 3.241908 179 147 103
-2.578522 1.402291 3.238723 185 155 110
-3.140521 0.734102 3.481157 154 124 75
-3.136194 0.748101 3.475908 151 117 71
-3.133650 0.764300 3.472264 152 118 70
-2.982270 0.929691 3.398569 142 123 94
-2.971119 0.935987 3.403389 142 122 95
-2.952422 0.954182 3.397738 145 125 97
-2.937993 0.975353 3.395738 149 128 102
-2.864721 1.060873 3.351417 137 118 89
-2.851499 1.073944 3.349931 137 114 83
-2.839732 1.086737 3.339831 139 117 86
-2.828887 1.095493 3.337536 139 116 83
-2.576996 1.383115 3.224326 180 149 105
-2.577777 1.394133 3.221200 190 164 117
-3.136287 0.723855 3.467060 152 119 69
-3.135883 0.735650 3.459952 149 113 64
-2.993108 0.904964 3.385634 140 119 89
-2.976551 0.915652 3.385583 143 121 89
-2.967168 0.925933 3.384842 143 122 91
-2.951353 0.941975 3.386034 147 124 94
-2.860481 1.048099 3.335996 137 115 85
-2.848160 1.061707 3.330012 138 113 81
-2.837173 1.075261 3.324606 138 115 84
-2.822926 1.083163 3.322499 138 112 78
-2.574211 1.370927 3.208281 142 117 86
-3.131506 0.715344 3.449335 152 119 67
-3.128993 0.726056 3.442022 149 114 64
-3.123221 0.739981 3.428445 146 113 64
-3.035106 0.835620 3.388587 142 114 77
-3.026469 0.847728 3.385850 144 118 81
-3.015081 0.860360 3.383747 144 119 83
-3.002250 0.877365 3.380938 144 120 87
-2.986411 0.891054 3.376814 142 119 87
-2.972490 0.905362 3.370702 141 118 85
-2.965342 0.914131 3.366939 140 118 88
-2.867704 1.021854 3.319942 139 116 87
-2.858043 1.035221 3.317534 136 113 83
-2.844921 1.050692 3.313834 136 113 82
-2.832109 1.065937 3.308048 137 113 82
-2.822489 1.076170 3.303899 137 111 76
-2.802981 1.092884 3.303796 133 106 72
-2.571628 1.344821 3.191061 109 87 72
-2.572886 1.355584 3.192596 107 87 68
-3.126249 0.707482 3.438230 154 120 69
-3.120965 0.717600 3.426850 151 119 69
-3.114314 0.728693 3.417872 148 117 70
-3.101077 0.740359 3.407299 145 114 70
-3.093732 0.752911 3.402363 144 113 68
-3.073602 0.772353 3.394147 143 114 73
-3.057152 0.789374 3.388376 144 116 76
-3.048616 0.808963 3.386858 145 117 79
-3.038197 0.821679 3.382861 145 118 81
-3.020661 0.835243 3.378149 145 119 82
-3.005687 0.848371 3.374090 145 119 83
-2.992338 0.862656 3.370238 143 118 83
-2.976950 0.877736 3.367025 144 119 84
-2.966609 0.894693 3.355349 135 112 83
-2.959464 0.902439 3.352683 137 116 88
-2.946032 0.916436 3.342125 137 115 87
-2.929649 0.935088 3.338748 139 117 88
-2.919360 0.950899 3.329731 141 118 87
-2.911444 0.963940 3.322974 142 116 84
-2.891516 0.981599 3.316858 143 117 85
-2.881785 0.996928 3.313115 142 120 88
-2.864387 1.010073 3.305533 136 114 83
-2.852293 1.023770 3.300945 134 111 81
-2.839883 1.039922 3.294515 133 110 81
-2.823381 1.052316 3.289134 136 110 80
-2.819451 1.067001 3.288937 133 107 74
-2.571426 1.337580 3.180819 150 122 89
-2.573275 1.347397 3.178420 160 130 90
-3.114879 0.708898 3.415858 158 129 81
-3.103398 0.722338 3.406027 155 127 82
-3.093477 0.737333 3.399538 151 122 78
-3.082998 0.750289 3.393049 150 120 78
-3.067529 0.766696 3.386273 150 122 81
-3.055643 0.781127 3.381248 150 123 84
-3.039867 0.794592 3.376719 148 122 84
-3.027052 0.807568 3.371779 149 123 86
-3.014576 0.823507 3.368278 150 125 87
-3.002282 0.835779 3.365931 150 124 86
-2.986360 0.853461 3.361053 145 120 83
-2.975775 0.872136 3.335923 129 107 82
-2.964019 0.879179 3.337552 132 111 86
-2.952960 0.891128 3.330443 138 118 94
-2.940370 0.909764 3.326881 136 115 89
-2.923529 0.927203 3.318594 138 116 87
-2.910520 0.941780 3.316023 139 115 84
-2.898836 0.955706 3.307991 141 115 84
-2.885506 0.969530 3.303022 140 115 84
-2.875759 0.988178 3.299481 138 114 84
-2.862555 1.001559 3.290187 137 113 82
-2.848475 1.016335 3.283822 137 112 80
-2.836026 1.029809 3.279792 133 108 77
-2.574006 1.325065 3.162298 153 120 83
-2.572012 1.339852 3.160115 41 29 20
-3.081149 0.732203 3.389039 163 139 98
-3.061870 0.752176 3.380514 160 136 96
-3.050305 0.765060 3.375406 159 136 97
-2.972073 0.862576 3.320916 131 111 88
-2.960434 0.868804 3.327294 132 113 90
-2.943385 0.882660 3.316137 148 129 105
-2.936841 0.902606 3.314554 139 120 94
-2.922640 0.915856 3.307087 139 118 90
-2.909574 0.933441 3.297944 139 116 86
-2.898250 0.948498 3.290271 137 113 82
-2.884617 0.963533 3.287001 136 112 82
-2.872953 0.976861 3.282022 138 114 84
-2.860542 0.990175 3.279735 137 112 80
-2.845556 1.007665 3.275896 135 110 79
-2.832027 1.024387 3.268270 134 108 77
-2.825239 1.032135 3.267295 131 105 71
-2.575427 1.301171 3.144855 178 144 98
-2.575184 1.311093 3.146453 173 140 95
-2.966125 0.850057 3.310747 135 117 96
-2.932756 0.887643 3.305981 143 125 99
-2.917639 0.910478 3.289965 143 122 94
-2.902782 0.925286 3.285088 141 118 88
-2.889300 0.939162 3.278216 137 112 82
-2.877792 0.955790 3.272872 139 114 84
-2.867725 0.964091 3.269441 138 113 83
-2.854608 0.977558 3.262511 137 110 77
-2.574798 1.293813 3.134871 176 142 100
-2.577328 1.301212 3.130583 181 150 101
-2.979076 0.830856 3.289218 136 121 103
-2.964699 0.836952 3.293903 137 122 103
-2.575790 1.279929 3.119621 124 96 73
-2.576382 1.291463 3.114526 173 141 93
-2.974434 0.819693 3.273560 138 123 107
-2.962250 0.823187 3.277857 139 125 109
-2.577749 1.256583 3.105978 97 78 65
-2.578161 1.266376 3.102731 101 81 63
-2.968761 0.808256 3.258566 139 127 111
-2.957136 0.810557 3.262073 141 129 114
-2.586061 1.226731 3.090081 150 109 70
-2.579802 1.244724 3.091047 147 116 81
-2.581821 1.256933 3.085476 122 92 69
-2.963217 0.796047 3.242625 141 129 115
-2.953096 0.799868 3.248519 142 130 116
-2.583251 1.215994 3.074346 177 142 98
-2.584094 1.231679 3.075216 175 141 96
-2.957603 0.786701 3.229147 142 131 119
-2.948669 0.786354 3.227103 142 131 120
-2.585203 1.193156 3.063257 92 73 61
-2.586046 1.208291 3.061242 147 118 83
-2.954228 0.776555 3.212655 142 133 121
-2.944769 0.778069 3.211416 144 134 121
-2.597825 1.166132 3.051259 121 84 58
-2.590836 1.183136 3.050219 119 91 65
-2.589008 1.199793 3.047626 80 61 47
-2.952189 0.766745 3.193736 144 135 122
-2.943598 0.768617 3.193246 145 136 124
-2.594953 1.157779 3.036481 146 112 77
-2.596056 1.171863 3.035170 162 126 83
-2.948093 0.756230 3.173892 147 139 126
-2.937361 0.758905 3.176653 146 137 127
-2.604030 1.131864 3.020807 151 113 73
-2.599933 1.144767 3.023347 125 96 68
-2.598555 1.163379 3.018242 115 84 56
-2.945882 0.746557 3.155641 146 139 128
-2.932597 0.750211 3.158613 148 140 131
-2.610785 1.107410 3.011763 173 137 89
-2.607707 1.122318 3.012422 168 132 85
-2.605303 1.140715 3.009108 168 134 87
-2.941451 0.738436 3.141473 148 141 132
-2.927847 0.741373 3.138792 151 144 135
-2.622455 1.079650 2.999863 176 142 96
-2.617662 1.095991 2.998384 177 143 95
-2.613502 1.113068 2.997642 174 138 91
-2.937669 0.728987 3.121366 154 149 140
-2.924842 0.736231 3.121907 152 146 137
-2.912780 0.738355 3.120165 153 146 138
-2.630516 1.056633 2.988882 127 95 69
-2.627982 1.071978 2.985921 169 137 96
-2.622047 1.090187 2.984834 185 156 106
-2.918846 0.727331 3.102940 157 152 143
-2.908930 0.730515 3.102678 156 149 140
-2.660562 0.998452 2.988732 177 143 94
-2.651934 1.014037 2.982497 176 141 93
-2.643684 1.031895 2.979443 163 131 89
-2.635724 1.049758 2.982258 95 78 61
-2.631573 1.060122 2.977706 99 76 55
-2.917299 0.722714 3.086233 157 151 143
-2.902480 0.723849 3.082434 158 149 137
-2.673754 0.977146 2.975682 182 151 106
-2.668564 0.987107 2.974864 182 151 104
-2.659928 1.004869 2.975519 181 150 103
-2.653231 1.024799 2.968947 181 150 102
-2.913001 0.715589 3.073824 162 158 146
-2.899816 0.719086 3.064359 157 144 129
-2.885039 0.722425 3.058863 158 142 119
-2.717731 0.905338 2.983890 170 136 92
-2.709459 0.918854 2.978554 139 108 76
-2.699588 0.935660 2.974615 132 106 76
-2.692819 0.950025 2.971515 88 72 58
-2.682145 0.967257 2.968088 143 118 87
-2.674198 0.984011 2.964572 187 159 112
-2.896101 0.715962 3.045638 156 143 121
-2.879876 0.722051 3.041329 150 130 103
-2.865939 0.729975 3.034081 116 94 70
-2.848615 0.743405 3.026598 74 60 45
-2.834718 0.755312 3.021526 89 66 51
-2.823159 0.770454 3.015735 148 114 85
-2.808810 0.787934 3.007960 148 114 75
-2.797906 0.800056 3.002432 153 117 76
-2.780573 0.818482 2.996282 76 62 49
-2.771203 0.834932 2.989533 71 57 45
-2.758552 0.850383 2.985612 170 142 101
-2.749140 0.867028 2.981042 179 149 104
-2.739586 0.881904 2.976704 179 149 103
-2.728080 0.898923 2.973093 180 150 105
-2.716068 0.915710 2.967986 112 89 66
-2.706722 0.931700 2.964804 167 137 94
-2.880466 0.720851 3.025697 150 129 99
-2.867231 0.729077 3.019493 91 72 53
-2.854271 0.742031 3.012302 111 87 58
-2.838471 0.755697 3.008564 85 64 47
-2.826491 0.768897 3.003034 122 95 67
-2.814896 0.785175 2.995710 166 133 89
-2.800908 0.800669 2.992150 163 130 87
-2.787180 0.816373 2.987450 111 86 60
-2.777371 0.834130 2.979545 72 60 48
-2.764987 0.847373 2.975850 133 109 78
-2.756888 0.864055 2.970960 183 154 108
-2.837773 0.759456 2.989715 54 37 26
-2.827780 0.766276 2.987956 27 5 3
-2.447379 0.890312 2.497727 82 83 87
-2.433703 0.907044 2.495725 124 129 129
-2.419604 0.921681 2.487912 123 128 133
-2.408388 0.937225 2.484190 70 71 73
-2.398622 0.944472 2.477630 66 69 74
-2.452828 0.875458 2.491359 168 170 170
-2.443844 0.882565 2.487690 71 72 75
-2.428367 0.897535 2.482299 103 106 110
-2.412732 0.914821 2.475367 96 99 107
-2.403988 0.922434 2.472850 57 59 61
-2.384991 0.940634 2.464077 95 99 101
-2.377374 0.953940 2.457117 154 162 167
-2.365146 0.964056 2.447900 169 178 184
-2.648459 0.632790 2.559243 64 63 65
-2.632491 0.649697 2.549233 157 157 157
-2.614914 0.667621 2.539780 68 69 72
-2.598671 0.687055 2.534078 144 146 143
-2.559471 0.730983 2.514678 73 73 74
-2.441263 0.873948 2.473509 68 69 71
-2.425068 0.886877 2.465033 116 120 123
-2.407191 0.903636 2.457858 78 78 83
-2.398972 0.913174 2.452908 47 48 50
-2.377992 0.927697 2.447146 102 108 113
-2.369302 0.944153 2.444575 136 145 153
-2.356207 0.957516 2.436682 147 156 165
-2.343562 0.972048 2.427853 112 117 128
-2.335333 0.981507 2.422275 58 62 72
-2.641869 0.631659 2.547308 65 65 65
-2.631361 0.644133 2.543205 128 129 130
-2.616807 0.656499 2.532718 113 114 115
-2.604834 0.668758 2.528123 70 71 72
-2.592312 0.682762 2.521407 152 154 155
-2.578364 0.700350 2.516808 97 97 100
-2.566445 0.713229 2.511522 71 71 72
-2.553195 0.727808 2.502683 105 105 104
-2.405989 0.897399 2.442681 79 80 84
-2.395031 0.904632 2.437569 55 55 57
-2.374138 0.920198 2.432865 108 112 116
-2.361754 0.933558 2.427803 134 143 150
-2.352680 0.944324 2.424869 133 142 151
-2.335575 0.961044 2.420557 52 57 67
-2.323746 0.977879 2.409310 23 27 34
-2.317465 0.989487 2.401687 32 36 44
-2.304230 0.996749 2.392477 61 68 73
-2.616271 0.650800 2.524932 111 112 112
-2.603166 0.659306 2.515706 59 59 63
-2.588964 0.677962 2.510101 164 166 167
-2.575840 0.692750 2.503958 104 105 106
-2.561537 0.709738 2.499481 73 74 74
-2.389615 0.903079 2.422480 61 61 62
-2.376934 0.911764 2.416204 123 126 130
-2.357594 0.924522 2.409727 136 142 149
-2.349080 0.930156 2.408843 131 138 145
-2.326131 0.952852 2.405261 20 22 28
-2.312156 0.966692 2.400148 17 20 26
-2.305547 0.981106 2.391337 15 19 25
-2.291812 0.992645 2.379442 24 29 36
-2.284573 1.002006 2.372653 64 70 79
-2.357353 0.918805 2.396236 142 146 151
-2.341374 0.926578 2.387357 96 99 107
-2.328217 0.934560 2.379837 24 26 34
-2.316380 0.944921 2.371428 17 21 27
-2.294191 0.990389 2.362666 18 23 29
-2.273490 0.997267 2.356283 49 54 61
-2.263091 0.999173 2.350669 230 217 214
-2.329285 0.935483 2.367046 47 51 57
-2.313576 0.947961 2.360815 33 37 43
-2.301639 0.961372 2.353511 29 33 39
-2.287722 0.976375 2.347002 43 48 54
-2.270288 0.991228 2.347802 77 78 82
-2.262100 0.997797 2.350116 255 255 255
-2.734903 1.558872 3.684391 179 160 139
-2.722878 1.571917 3.680767 189 169 142
-2.711555 1.586202 3.674022 193 174 144
-2.702134 1.596746 3.665713 196 176 143
-2.615948 1.696656 3.626792 192 181 166
-2.601824 1.699304 3.630258 94 86 74
-2.768423 1.504203 3.682537 129 119 104
-2.754049 1.517815 3.682508 126 113 99
-2.743684 1.533288 3.683369 168 154 137
-2.727533 1.547395 3.680254 180 162 142
-2.712024 1.564183 3.673394 191 171 142
-2.701294 1.575165 3.666225 194 173 142
-2.693341 1.591870 3.655644 197 178 148
-2.684889 1.603062 3.644158 196 181 157
-2.612227 1.686973 3.620023 134 116 92
-2.600455 1.690542 3.619332 63 58 50
-2.801500 1.450603 3.682612 148 139 123
-2.789517 1.462349 3.680888 92 80 68
-2.776304 1.482001 3.681221 112 98 84
-2.762599 1.493978 3.682050 95 82 70
-2.750082 1.503089 3.681704 141 132 116
-2.690960 1.571226 3.654367 194 178 152
-2.681869 1.581006 3.644318 186 171 149
-2.674712 1.597690 3.631985 158 141 120
-2.671148 1.608185 3.625441 150 133 110
-2.622379 1.661131 3.601576 152 130 102
-2.607875 1.669247 3.605578 116 101 80
-2.596786 1.678421 3.604356 51 49 44
-2.824095 1.414102 3.675341 170 166 152
-2.811776 1.425504 3.678160 94 83 72
-2.795385 1.441370 3.680192 132 121 107
-2.785216 1.451966 3.679142 87 72 61
-2.670469 1.577151 3.633684 119 104 85
-2.663792 1.585912 3.623393 139 120 102
-2.658343 1.600799 3.611118 157 137 115
-2.647526 1.611076 3.601624 162 143 117
-2.631555 1.628672 3.590332 155 134 107
-2.617090 1.648023 3.594264 151 131 102
-2.604427 1.659781 3.591123 60 55 48
-2.591179 1.667711 3.597820 52 53 47
-2.817314 1.401673 3.667777 151 144 135
-2.804294 1.410283 3.670849 79 69 59
-2.795567 1.423213 3.673315 86 72 60
-2.647914 1.593972 3.595120 157 136 118
-2.639500 1.606953 3.591965 158 138 115
-2.625524 1.622476 3.591135 154 132 108
-2.609381 1.635616 3.574769 92 85 75
-2.605977 1.645781 3.579082 59 58 53
-2.827188 1.382650 3.652628 163 158 147
-2.816330 1.388778 3.655208 161 153 145
-2.803171 1.395934 3.658015 163 154 145
-2.629253 1.595167 3.567024 189 177 160
-2.620626 1.610603 3.563915 179 168 150
-2.612331 1.622885 3.567202 146 135 118
-2.824894 1.369583 3.637140 160 153 143
-2.809793 1.372787 3.640628 161 154 146
-2.631215 1.566843 3.556977 197 181 157
-2.628638 1.583333 3.555655 199 185 165
-2.627412 1.596834 3.551596 199 186 166
-2.820291 1.356523 3.622784 159 152 144
-2.806102 1.361763 3.626413 160 152 144
-2.627360 1.561569 3.547539 200 183 157
-2.627088 1.573967 3.539063 202 184 156
-2.828772 1.335866 3.600813 164 156 144
-2.817394 1.342801 3.607575 162 156 146
-2.801557 1.350924 3.612508 161 152 145
-2.623062 1.548487 3.523711 111 88 66
-2.622758 1.563721 3.521155 148 124 98
-2.623557 1.577797 3.518801 208 186 147
-2.824918 1.320747 3.587060 164 156 146
-2.813508 1.329013 3.593504 163 154 145
-2.622072 1.538759 3.513137 136 108 81
-2.619907 1.552684 3.503342 143 116 87
-2.615892 1.565875 3.499873 25 0 0
-2.821267 1.309615 3.576375 167 160 149
-2.808760 1.313075 3.579218 167 159 148
-2.618022 1.529489 3.492874 191 163 121
-2.617032 1.541649 3.486723 193 166 125
-2.612647 1.549588 3.471586 200 181 136
-2.831786 1.286426 3.559273 169 164 153
-2.814965 1.294200 3.563548 169 161 150
-2.803664 1.300468 3.565750 165 152 138
-2.614271 1.518843 3.477576 188 161 120
-2.613262 1.530750 3.469217 191 164 122
-2.836438 1.261850 3.548078 174 168 155
-2.823615 1.271763 3.548886 171 164 153
-2.813388 1.281626 3.554404 172 165 155
-2.611752 1.509913 3.461205 188 161 120
-2.609010 1.521712 3.452888 191 165 124
-2.834773 1.247798 3.535826 168 159 146
-2.821994 1.258656 3.539994 169 160 149
-2.605405 1.498079 3.441811 186 156 113
-2.604539 1.508326 3.433459 190 162 118
-2.843991 1.225619 3.523241 163 153 137
-2.827716 1.235202 3.526997 165 155 140
-2.599583 1.487372 3.424151 127 100 72
-2.600726 1.499673 3.418103 134 107 78
-2.852058 1.200411 3.510860 164 153 130
-2.837195 1.210916 3.512130 161 149 128
-2.824900 1.222252 3.517134 163 149 130
-2.596927 1.477220 3.407834 133 102 73
-2.597443 1.489165 3.402223 152 121 85
-2.846197 1.186227 3.497316 158 141 114
-2.834049 1.196061 3.501910 160 143 118
-2.592475 1.467167 3.388597 138 111 85
-2.592858 1.477052 3.382634 160 131 93
-2.856648 1.162886 3.483239 156 138 109
-2.842465 1.169563 3.485583 157 138 109
-2.589581 1.455970 3.373137 134 105 76
-2.590033 1.468230 3.367087 95 69 50
-3.164972 0.780085 3.616875 161 155 136
-3.160207 0.783900 3.611517 160 153 134
-3.147221 0.795718 3.605288 162 157 142
-2.867457 1.139083 3.470132 155 137 107
-2.851967 1.149749 3.474076 154 134 105
-2.839893 1.160467 3.479660 156 136 106
-2.587721 1.447816 3.355093 160 128 89
-2.587168 1.457328 3.351138 172 140 94
-3.172631 0.756175 3.605624 168 163 145
-3.165161 0.768291 3.600035 160 153 136
-3.155272 0.779940 3.594782 155 147 131
-3.143463 0.793709 3.588955 159 155 143
-2.975138 0.987748 3.506245 169 148 112
-2.964491 1.002978 3.500764 167 148 113
-2.951702 1.018613 3.495027 165 146 114
-2.937664 1.033231 3.489137 163 145 114
-2.924975 1.047361 3.482309 160 141 112
-2.913424 1.060963 3.476127 158 141 111
-2.898305 1.074653 3.470249 156 138 108
-2.882900 1.097700 3.460278 149 130 101
-2.873243 1.110915 3.458247 149 129 100
-2.859751 1.126060 3.459862 152 131 101
-2.848781 1.134045 3.463497 153 132 101
-2.583314 1.434822 3.337581 176 144 100
-2.584259 1.445455 3.331160 185 156 110
-3.160581 0.760168 3.586217 157 148 131
-3.151127 0.774293 3.581542 151 143 128
-3.138603 0.788704 3.575353 156 151 140
-3.031890 0.907017 3.517080 161 134 90
-3.022920 0.921880 3.512609 159 131 89
-3.007095 0.938736 3.513276 163 137 98
-2.998669 0.954207 3.508119 162 137 99
-2.991024 0.969140 3.502281 162 137 100
-2.977700 0.984275 3.497055 157 134 99
-2.964994 0.999370 3.491843 153 131 99
-2.952268 1.014057 3.485620 150 129 99
-2.936504 1.029083 3.480530 148 128 100
-2.924203 1.043840 3.473287 147 128 102
-2.912113 1.057035 3.468505 146 127 102
-2.897230 1.073265 3.461512 147 127 102
-2.883114 1.086682 3.456937 147 128 102
-2.871538 1.101419 3.452811 147 128 101
-2.859504 1.114200 3.448084 148 129 102
-2.846209 1.125742 3.442031 149 129 99
-2.842351 1.144420 3.431768 148 125 93
-2.579241 1.425241 3.321598 118 96 72
-2.580467 1.435601 3.316101 119 96 69
-3.157093 0.752353 3.570655 158 151 134
-3.146701 0.762714 3.563097 149 140 124
-3.136509 0.775538 3.557481 146 139 126
-3.122765 0.787254 3.550861 153 150 140
-3.068024 0.852707 3.516081 155 128 84
-3.054207 0.867440 3.515472 155 127 84
-3.046302 0.878548 3.512875 155 125 83
-3.037682 0.897342 3.508786 154 123 79
-3.029991 0.912197 3.506421 154 124 79
-2.944047 1.006273 3.466306 150 131 105
-2.931937 1.018691 3.462152 148 130 103
-2.918472 1.033957 3.457045 146 127 101
-2.906774 1.045120 3.453168 144 125 99
-2.894298 1.062075 3.447481 145 124 96
-2.878326 1.073909 3.445268 143 120 91
-2.870227 1.095838 3.428126 141 121 93
-2.851180 1.107421 3.426133 145 122 91
-2.843241 1.118689 3.419815 145 120 90
-2.832437 1.128504 3.417855 145 120 86
-2.816769 1.150878 3.415867 137 112 79
-2.576653 1.413572 3.301919 111 89 69
-2.577170 1.422122 3.294500 127 99 69
-3.149607 0.740582 3.552593 155 146 127
-3.143560 0.752127 3.544707 149 138 119
-3.131450 0.766396 3.537063 141 129 114
-3.118485 0.778446 3.531765 140 129 113
-3.104864 0.786813 3.525382 143 131 106
-3.090744 0.810235 3.514216 147 119 80
-3.082101 0.825893 3.508954 146 115 72
-3.071045 0.844222 3.509371 147 116 72
-3.061616 0.860759 3.508463 148 116 73
-2.954280 0.963135 3.457107 151 134 108
-2.953390 0.979643 3.453357 148 130 107
-2.938603 0.992748 3.448480 147 131 108
-2.924844 1.004928 3.444203 147 130 105
-2.916314 1.016941 3.440223 145 128 104
-2.905763 1.029707 3.436738 152 136 110
-2.889119 1.048256 3.434818 149 132 106
-2.875394 1.061670 3.429608 153 132 102
-2.869605 1.082620 3.413248 141 120 93
-2.846833 1.095986 3.407812 138 114 83
-2.832616 1.109599 3.403925 137 113 80
-2.827179 1.119948 3.402540 138 113 81
-2.809265 1.131583 3.396075 128 106 75
-2.573861 1.403366 3.286677 171 140 99
-2.576804 1.416664 3.281095 176 143 97
-3.139035 0.743056 3.527251 150 131 103
-3.130942 0.761522 3.515607 146 127 100
-3.120291 0.774997 3.511257 142 119 86
-3.106613 0.787723 3.510512 139 113 79
-3.096688 0.801762 3.508951 144 113 72
-2.973127 0.944297 3.443948 150 132 105
-2.959771 0.949928 3.438592 148 131 104
-2.950167 0.964577 3.434528 148 130 105
-2.933825 0.979535 3.431298 148 130 104
-2.919260 0.995264 3.427590 151 134 108
-2.908099 1.001098 3.425625 145 123 95
-2.902342 1.019056 3.411279 155 138 110
-2.843324 1.083417 3.388543 135 112 81
-2.830485 1.097623 3.384999 135 111 79
-2.817659 1.107241 3.381712 135 109 76
-2.806176 1.116841 3.374490 132 105 69
-2.571583 1.390022 3.270591 178 146 102
-3.136935 0.736127 3.506402 152 125 85
-3.131760 0.753982 3.501127 149 123 86
-3.123666 0.768947 3.503211 143 117 84
-2.962205 0.928126 3.435421 146 131 104
-2.955196 0.940578 3.424080 147 129 102
-2.942508 0.955543 3.419716 149 129 102
-2.929542 0.966707 3.415571 151 132 105
-2.914705 0.979494 3.408409 151 131 104
-2.862772 1.065989 3.384729 141 119 91
-2.834882 1.073034 3.373996 131 107 75
-2.826314 1.085039 3.368603 134 110 79
-2.814140 1.099553 3.371009 133 107 73
-2.799159 1.109573 3.359573 135 107 70
-2.568418 1.376121 3.253198 182 151 106
-3.133939 0.711253 3.498298 155 127 81
-3.135256 0.730306 3.490121 152 122 76
-3.129514 0.746617 3.487837 148 119 80
-2.962216 0.920825 3.421007 140 125 100
-2.956727 0.927662 3.410273 146 126 95
-2.941956 0.945675 3.406496 146 126 98
-2.924844 0.957164 3.400657 150 130 102
-2.899905 0.983329 3.400153 146 123 96
-2.855511 1.051971 3.359314 141 118 90
-2.835909 1.064605 3.358839 138 111 77
-2.821892 1.078562 3.356545 139 113 81
-2.814407 1.089672 3.349154 138 110 76
-2.797832 1.097278 3.349771 138 109 70
-2.566269 1.357470 3.238487 182 153 107
-2.567772 1.368334 3.237692 184 154 108
-3.130663 0.717631 3.473455 151 118 70
-2.960836 0.911943 3.395080 148 126 94
-2.950234 0.919799 3.392409 146 124 93
-2.938061 0.930217 3.393266 145 125 96
-2.917529 0.950239 3.389456 145 125 97
-2.910095 0.956446 3.389369 143 122 95
-2.853692 1.039263 3.343293 140 117 87
-2.831717 1.057138 3.340625 138 110 77
-2.819344 1.066167 3.335732 136 109 74
-2.804705 1.080782 3.332886 135 109 74
-2.791654 1.088526 3.326253 134 108 74
-2.565173 1.350255 3.224761 161 134 96
-2.566886 1.357621 3.217011 154 125 90
-3.125672 0.706904 3.454323 153 119 69
-3.119916 0.707954 3.443986 153 120 70
-2.956395 0.896872 3.381432 147 123 91
-2.948942 0.908971 3.374354 146 123 91
-2.936906 0.926127 3.378419 149 127 92
-2.919157 0.935731 3.376564 148 124 99
-2.863422 1.009875 3.329881 142 118 88
-2.843880 1.028349 3.327440 137 114 84
-2.828423 1.042834 3.321742 134 109 77
-2.818121 1.057251 3.317195 136 111 78
-2.801897 1.066547 3.312006 134 108 73
-2.564816 1.336099 3.206136 105 85 69
-2.565919 1.350624 3.203005 81 64 53
-3.116667 0.695389 3.439711 156 124 73
-3.116004 0.704855 3.430714 153 120 71
-2.995844 0.841458 3.369884 144 117 80
-2.981579 0.861668 3.369842 145 119 83
-2.971526 0.870344 3.364562 144 118 82
-2.957283 0.885733 3.360652 141 117 84
-2.945199 0.897067 3.358963 143 120 89
-2.939866 0.910320 3.351358 140 120 91
-2.919572 0.931051 3.342593 142 119 90
-2.902225 0.949572 3.332654 144 117 83
-2.888326 0.966109 3.325333 146 120 88
-2.874888 0.976407 3.325607 145 119 87
-2.867527 0.983368 3.319913 146 119 86
-2.851860 0.999827 3.316435 140 116 85
-2.837558 1.016919 3.309934 136 112 82
-2.821057 1.030150 3.305303 130 107 76
-2.809652 1.044556 3.302473 129 106 75
-2.801227 1.059522 3.296548 134 108 72
-2.788592 1.076467 3.287406 135 107 72
-2.567159 1.309586 3.194822 176 142 98
-2.565486 1.323919 3.190575 178 147 101
-2.566621 1.340891 3.189459 177 144 99
-3.109253 0.687522 3.431648 160 129 80
-3.103337 0.697227 3.419026 158 127 80
-3.094689 0.711748 3.407199 157 129 85
-3.083437 0.727074 3.399896 149 121 79
-3.071996 0.740711 3.393401 148 121 79
-3.056084 0.755598 3.387415 147 120 81
-3.043294 0.771904 3.381299 148 122 85
-3.026657 0.786027 3.376109 149 124 87
-3.018597 0.799471 3.371913 149 124 87
-3.005979 0.815385 3.368045 150 123 86
-2.990430 0.831336 3.362205 148 121 83
-2.977699 0.845203 3.359244 146 117 79
-2.961609 0.859180 3.355628 143 114 77
-2.949513 0.875199 3.345423 137 114 83
-2.941827 0.886211 3.339798 140 119 91
-2.927302 0.902671 3.330410 136 117 91
-2.915671 0.919944 3.324948 139 117 89
-2.903727 0.935984 3.321754 144 123 95
-2.888528 0.948229 3.313427 143 116 86
-2.869640 0.965101 3.308897 142 116 86
-2.861703 0.982676 3.305766 138 114 83
-2.846668 0.992070 3.301015 139 114 83
-2.829935 1.005953 3.295073 134 111 82
-2.820389 1.019257 3.292652 130 108 78
-2.810042 1.029780 3.285967 131 106 72
-2.794199 1.042043 3.283797 130 102 67
-2.565191 1.301530 3.176358 175 141 96
-2.566668 1.313840 3.174641 177 144 98
-3.094274 0.692091 3.409926 171 146 103
-3.087714 0.702028 3.402603 168 145 103
-3.074749 0.717701 3.393524 165 140 100
-3.060617 0.733200 3.389317 157 134 94
-3.047911 0.747563 3.379319 163 142 105
-3.035841 0.760816 3.377526 158 135 99
-3.024016 0.775173 3.372461 158 136 99
-3.009617 0.790471 3.366274 158 135 99
-2.996532 0.802925 3.362869 157 132 96
-2.983352 0.818140 3.358987 153 126 88
-2.968461 0.831643 3.354250 150 121 83
-2.945451 0.864452 3.330030 135 115 91
-2.934881 0.879713 3.325840 141 122 98
-2.926017 0.892277 3.321218 137 119 93
-2.908264 0.908113 3.314349 141 119 90
-2.894095 0.925194 3.307976 140 118 88
-2.883294 0.938682 3.300217 140 115 85
-2.868302 0.952259 3.295568 140 113 82
-2.856500 0.961619 3.290062 138 113 83
-2.845521 0.980881 3.287023 138 112 79
-2.829859 0.995381 3.281884 133 109 78
-2.815435 1.011495 3.277927 132 107 76
-2.803764 1.032349 3.271323 133 105 71
-2.566912 1.292193 3.159766 177 144 96
-2.568303 1.306021 3.158396 179 147 98
-2.953840 0.845089 3.312004 138 122 101
-2.944319 0.850494 3.315678 138 121 101
-2.907858 0.901638 3.298729 143 123 94
-2.888845 0.915664 3.294871 140 116 85
-2.873116 0.927836 3.288866 138 112 81
-2.862427 0.943086 3.283518 137 112 83
-2.854009 0.952472 3.278412 139 113 82
-2.839983 0.969779 3.272244 140 113 79
-2.823379 0.983322 3.267118 135 110 81
-2.806908 0.997303 3.259907 139 114 85
-2.564020 1.263838 3.145689 168 135 90
-2.566779 1.276903 3.144615 179 145 100
-2.950843 0.835941 3.297992 140 126 108
-2.938587 0.837294 3.300232 140 127 112
-2.877353 0.900284 3.278649 141 124 105
-2.566500 1.256188 3.135083 110 86 68
-2.568127 1.267670 3.130156 120 95 69
-2.945225 0.821621 3.280410 143 132 117
-2.932713 0.825281 3.284066 145 134 120
-2.570203 1.228295 3.116241 104 83 67
-2.569931 1.245348 3.115065 110 85 64
-2.568594 1.257528 3.110115 104 83 57
-2.941306 0.809209 3.263422 146 136 122
-2.929216 0.811902 3.265207 148 139 127
-2.572671 1.217412 3.104669 168 133 89
-2.572332 1.233902 3.101560 161 129 88
-2.937206 0.798300 3.248285 146 136 124
-2.924716 0.801092 3.249221 149 140 129
-2.577525 1.194475 3.091024 149 111 71
-2.575548 1.207790 3.087109 176 143 96
-2.577014 1.223409 3.085268 184 152 102
-2.935233 0.787669 3.232993 145 137 126
-2.920946 0.792019 3.235334 148 141 132
-2.585130 1.167781 3.073671 66 57 48
-2.580576 1.182451 3.073035 92 72 60
-2.578129 1.196773 3.072818 145 116 81
-2.929395 0.776491 3.214543 148 140 129
-2.916686 0.780074 3.216146 149 142 133
-2.584080 1.158476 3.061868 156 122 82
-2.584007 1.172061 3.062780 117 92 66
-2.927482 0.766647 3.198214 148 140 130
-2.912015 0.769326 3.197907 149 143 135
-2.589369 1.132528 3.047607 137 106 78
-2.589753 1.147301 3.047437 159 124 84
-2.589695 1.162133 3.045291 171 136 88
-2.920998 0.757251 3.180301 150 143 134
-2.908551 0.759933 3.180608 153 147 139
-2.594412 1.122363 3.035978 148 115 77
-2.593739 1.137198 3.033150 116 88 62
-2.914796 0.749914 3.163927 154 148 139
-2.904323 0.752643 3.164948 155 148 140
-2.608269 1.080544 3.028904 173 137 90
-2.603862 1.096458 3.026270 171 135 87
-2.601035 1.111359 3.024378 171 135 87
-2.914178 0.743168 3.146234 155 148 140
-2.899244 0.745481 3.143875 157 150 141
-2.885593 0.747561 3.135073 159 150 140
-2.618294 1.052204 3.015067 180 149 102
-2.613768 1.071830 3.013956 177 143 96
-2.609831 1.088601 3.011823 176 141 94
-2.909457 0.731543 3.125151 161 157 147
-2.897848 0.738474 3.126449 159 151 141
-2.882737 0.744171 3.125489 158 149 138
-2.628413 1.031831 3.003922 93 75 61
-2.623562 1.047921 3.003417 155 126 90
-2.619696 1.065056 3.001708 178 146 100
-2.891867 0.732435 3.107307 160 151 138
-2.877399 0.737281 3.107855 162 149 132
-2.654149 0.988243 2.997911 179 147 98
-2.642610 1.008266 2.996379 180 147 100
-2.635993 1.023414 2.995465 144 113 76
-2.627011 1.038828 2.987753 31 22 18
-2.889665 0.726399 3.087498 159 150 135
-2.872732 0.732202 3.085608 159 143 120
-2.859800 0.739195 3.083817 161 140 113
-2.682723 0.936776 2.997778 83 68 53
-2.672796 0.951760 2.996165 166 139 99
-2.663537 0.970239 2.993324 182 152 106
-2.658493 0.983284 2.989480 182 151 104
-2.652155 0.999277 2.984204 184 154 106
-2.872986 0.727359 3.064517 159 141 113
-2.854747 0.736221 3.063354 148 125 92
-2.841699 0.743537 3.058868 108 85 63
-2.823567 0.756665 3.048376 155 128 90
-2.811093 0.772182 3.041530 167 134 93
-2.744478 0.852203 3.012401 174 142 98
-2.734022 0.865325 3.008438 175 143 98
-2.722162 0.880669 3.003298 177 146 100
-2.712749 0.895422 2.999128 176 145 99
-2.700647 0.914409 2.992757 162 128 88
-2.692915 0.930543 2.987248 120 96 69
-2.680508 0.947245 2.984439 100 82 62
-2.676451 0.959707 2.980168 178 148 106
-2.867539 0.724550 3.051387 164 146 110
-2.858014 0.731886 3.046135 113 91 66
-2.840493 0.743924 3.038457 73 56 42
-2.827287 0.755566 3.033329 135 107 74
-2.814190 0.771749 3.028177 165 132 91
-2.801005 0.785930 3.022843 159 125 85
-2.787928 0.799534 3.015047 148 116 76
-2.776622 0.813988 3.009406 75 60 47
-2.760828 0.831915 3.004682 101 78 59
-2.753657 0.844680 2.998296 170 141 100
-2.739292 0.865162 2.994980 178 147 102
-2.728407 0.880173 2.990084 179 148 101
-2.718584 0.894218 2.984412 185 157 110
-2.712483 0.906627 2.980626 181 152 108
-2.829765 0.755726 3.018147 117 91 60
-2.820568 0.767924 3.015145 174 144 96
-2.812500 0.778521 3.010611 170 139 94
-2.782890 0.810042 2.996631 87 52 38
-2.338643 0.940779 2.421041 131 138 146
-2.329356 0.951534 2.419190 49 52 60
-2.312953 0.966612 2.413625 52 55 62
-2.301512 0.975756 2.405632 51 56 61
-2.334478 0.932144 2.408794 105 109 118
-2.322987 0.942311 2.405654 36 39 46
-2.305976 0.957368 2.399143 35 39 45
-2.293802 0.971934 2.392757 33 37 43
-2.283650 0.985083 2.384302 37 42 46
-2.275178 0.994175 2.379586 77 80 84
-2.332231 0.927014 2.397406 90 94 100
-2.318987 0.934776 2.389435 38 41 46
-2.303100 0.946631 2.382976 30 34 40
-2.283344 0.958457 2.378760 49 52 56
-2.274217 0.969441 2.372492 46 50 56
-2.263971 0.991846 2.362628 64 67 72
-2.260836 0.997281 2.354831 109 110 113
-2.301921 0.942229 2.370454 50 53 59
-2.288038 0.955940 2.365005 36 40 46
-2.275215 0.968482 2.359002 47 51 55
-2.263491 0.985579 2.353597 69 69 71
-2.586832 1.699839 3.634354 100 91 78
-2.573817 1.700884 3.637567 86 78 68
-2.739701 1.511648 3.685251 127 110 99
-2.729056 1.521502 3.682891 179 169 156
-2.715042 1.539041 3.676697 187 172 154
-2.704637 1.552976 3.671074 193 176 153
-2.694220 1.566798 3.665786 199 184 162
-2.593873 1.676444 3.620006 157 145 113
-2.585435 1.687374 3.624540 90 80 64
-2.571153 1.694376 3.628687 54 49 44
-2.773687 1.459951 3.681525 166 154 131
-2.761305 1.469321 3.681641 89 75 65
-2.747997 1.482837 3.682396 130 118 103
-2.734595 1.500339 3.681690 130 117 106
-2.720040 1.514044 3.676761 172 161 149
-2.707304 1.528161 3.671185 185 174 160
-2.694204 1.540475 3.662797 170 155 135
-2.686379 1.555991 3.655486 166 151 130
-2.675596 1.569734 3.643642 149 133 115
-2.664823 1.581709 3.633696 5 0 0
-2.590751 1.661957 3.613009 144 120 89
-2.581091 1.672361 3.608247 57 54 48
-2.571489 1.684201 3.615976 38 33 38
-2.794156 1.419363 3.678112 154 140 118
-2.780689 1.432410 3.678455 136 125 111
-2.771234 1.444853 3.679666 100 86 74
-2.757090 1.459666 3.678754 110 95 83
-2.742138 1.469832 3.678106 90 75 66
-2.732464 1.481527 3.675643 89 78 68
-2.685196 1.533073 3.651156 90 75 61
-2.676097 1.545694 3.643679 109 90 74
-2.667777 1.561431 3.632783 148 132 115
-2.658083 1.576106 3.622216 167 151 135
-2.640381 1.586424 3.615269 167 150 129
-2.627494 1.599393 3.609614 154 132 108
-2.608002 1.610979 3.606298 147 123 98
-2.598628 1.635153 3.602042 143 118 88
-2.586323 1.650575 3.599587 66 58 50
-2.580845 1.663082 3.599557 44 44 43
-2.804053 1.396079 3.665691 161 154 141
-2.792425 1.405320 3.669720 85 74 64
-2.780619 1.414124 3.671986 99 86 74
-2.766725 1.429161 3.674239 119 108 94
-2.655725 1.553424 3.619421 191 179 165
-2.646264 1.564462 3.613733 181 167 153
-2.636849 1.578603 3.609653 162 144 126
-2.625065 1.596453 3.601667 155 134 110
-2.608911 1.612606 3.596318 124 105 84
-2.595394 1.624757 3.585467 52 48 46
-2.589528 1.636726 3.587959 50 50 47
-2.800577 1.384063 3.653788 167 160 150
-2.790346 1.393530 3.659313 165 157 147
-2.772649 1.398565 3.657284 169 160 151
-2.638802 1.553709 3.596994 195 183 168
-2.628095 1.565834 3.586400 192 180 165
-2.618233 1.582727 3.580499 174 162 146
-2.607800 1.602852 3.577431 135 124 110
-2.602608 1.614156 3.575002 69 63 58
-2.800654 1.370159 3.641045 163 157 147
-2.782899 1.378290 3.642484 166 158 150
-2.771213 1.389920 3.648585 174 166 158
-2.631359 1.546040 3.575410 204 192 176
-2.628136 1.559804 3.569887 201 190 172
-2.625484 1.575810 3.566819 197 187 171
-2.807461 1.348709 3.622840 169 165 152
-2.796222 1.358477 3.627622 164 158 149
-2.778574 1.366413 3.626466 165 157 150
-2.628602 1.536716 3.558795 199 183 162
-2.626511 1.551471 3.552089 203 188 165
-2.624660 1.563048 3.548278 205 192 168
-2.800601 1.339894 3.608712 165 158 147
-2.790088 1.348150 3.612033 164 155 146
-2.774099 1.356042 3.613047 165 156 147
-2.624230 1.525677 3.544165 135 116 93
-2.621928 1.539864 3.536069 144 123 100
-2.620135 1.552911 3.533335 200 181 147
-2.800555 1.326096 3.592271 165 158 147
-2.785629 1.334956 3.596112 164 154 143
-2.770333 1.343958 3.596155 157 146 134
-2.622973 1.514886 3.528589 143 115 86
-2.619985 1.530117 3.518485 153 126 93
-2.794171 1.315001 3.580996 157 146 134
-2.778430 1.321245 3.580584 140 128 115
-2.619486 1.503417 3.508301 192 165 122
-2.616108 1.517882 3.499150 192 165 123
-2.802441 1.294016 3.564628 159 147 132
-2.788667 1.302925 3.567409 131 117 104
-2.773600 1.310056 3.567455 112 100 87
-2.614881 1.492986 3.489057 190 161 117
-2.612164 1.507605 3.483012 190 162 119
-2.809330 1.267362 3.548619 176 169 158
-2.799194 1.276853 3.552127 174 166 155
-2.782669 1.291024 3.557808 169 160 145
-2.609920 1.483501 3.473290 190 161 116
-2.607439 1.498439 3.467233 191 163 120
-2.806760 1.253811 3.540228 158 149 137
-2.792508 1.259143 3.542108 126 116 103
-2.605982 1.471799 3.458181 188 159 114
-2.603013 1.486570 3.446729 189 161 116
-2.816664 1.229531 3.525874 167 156 138
-2.800199 1.241302 3.530385 167 156 139
-2.790388 1.247924 3.532923 146 133 121
-2.598588 1.463146 3.440295 143 119 88
-2.597442 1.476079 3.432132 139 113 83
-2.591048 1.486479 3.421855 2 0 0
-2.823246 1.207675 3.512973 165 151 128
-2.811093 1.217371 3.514539 165 151 129
-2.798328 1.223560 3.516868 167 153 131
-2.594540 1.452825 3.423003 116 93 70
-2.593398 1.465984 3.415243 135 108 78
-2.591348 1.476290 3.405862 176 149 105
-2.832455 1.183048 3.496672 161 142 113
-2.821492 1.191129 3.500129 161 144 116
-2.807112 1.200809 3.502854 162 145 119
-2.590562 1.440064 3.404432 153 119 84
-2.589387 1.454384 3.396911 158 127 90
-2.830206 1.169730 3.485907 160 139 107
-2.814475 1.177084 3.487900 162 140 109
-2.587074 1.430352 3.386498 169 135 91
-2.585288 1.444416 3.380978 144 113 77
-3.174997 0.744043 3.637519 165 159 143
-3.170198 0.756495 3.630477 159 151 135
-3.161640 0.771167 3.624371 153 143 126
-3.147609 0.785817 3.616820 149 139 122
-3.130931 0.796415 3.612149 156 151 140
-2.838155 1.147471 3.473534 157 136 103
-2.826941 1.153452 3.473831 158 136 104
-2.810417 1.164187 3.476297 161 140 107
-2.583559 1.421066 3.372595 178 146 100
-2.582837 1.434676 3.365049 180 147 100
-3.173936 0.733812 3.625967 166 161 143
-3.169098 0.747706 3.616639 161 153 136
-3.162796 0.764766 3.608490 156 147 130
-3.148840 0.782171 3.602292 147 139 123
-3.132383 0.793206 3.598072 150 146 136
-3.118529 0.798521 3.595392 160 160 156
-2.964441 0.982556 3.510917 169 147 112
-2.949793 0.995638 3.507457 169 148 113
-2.937016 1.010295 3.502763 170 149 114
-2.921401 1.024443 3.496976 170 149 116
-2.914717 1.036949 3.491090 167 147 113
-2.908987 1.049186 3.484113 165 142 110
-2.846231 1.123114 3.458518 155 133 102
-2.835085 1.133541 3.461979 156 135 102
-2.818961 1.141259 3.462507 159 137 105
-2.579587 1.409662 3.354320 173 140 95
-2.578983 1.422024 3.346945 184 154 107
-3.163623 0.737937 3.599870 160 152 136
-3.160245 0.752445 3.593172 157 149 132
-3.153111 0.767901 3.587964 145 137 118
-3.128824 0.786222 3.579082 139 133 122
-3.112982 0.793307 3.577155 147 145 140
-3.009895 0.911976 3.521376 163 138 98
-2.999344 0.929760 3.518440 162 137 99
-2.985704 0.945389 3.515421 164 140 103
-2.973797 0.957987 3.512437 163 140 105
-2.959088 0.975004 3.508566 162 140 105
-2.946476 0.988543 3.504312 161 139 105
-2.933621 1.003734 3.498132 158 136 104
-2.920228 1.018671 3.490880 157 135 103
-2.906435 1.031980 3.483657 155 133 102
-2.894650 1.047709 3.477491 155 133 102
-2.882156 1.060994 3.469936 154 131 100
-2.870534 1.075929 3.462328 150 128 99
-2.857650 1.089807 3.456625 150 128 99
-2.844213 1.104629 3.452107 151 129 98
-2.830691 1.119716 3.449010 153 132 100
-2.814028 1.129244 3.451847 159 136 106
-2.573098 1.400673 3.337674 128 105 77
-2.575233 1.413710 3.330692 129 105 76
-3.155847 0.728957 3.583888 160 154 138
-3.153980 0.741652 3.574434 156 148 132
-3.149128 0.753103 3.567212 149 141 124
-3.125880 0.777144 3.559495 135 127 114
-3.108455 0.785394 3.557879 135 132 125
-3.097718 0.790750 3.557500 157 158 152
-3.043019 0.862926 3.519901 156 128 87
-3.036313 0.873706 3.518086 157 129 87
-3.020826 0.888596 3.516764 157 129 88
-3.008447 0.902479 3.516356 158 130 90
-2.991841 0.916950 3.516051 159 132 95
-2.930853 0.998630 3.477244 153 134 107
-2.918622 1.009136 3.469636 149 128 101
-2.904384 1.023390 3.467287 142 121 93
-2.891081 1.039280 3.462148 140 120 94
-2.879909 1.053400 3.455242 145 123 95
-2.863956 1.066544 3.451494 145 121 90
-2.845658 1.080366 3.452607 147 122 94
-2.837815 1.098091 3.435689 149 124 90
-2.827350 1.112528 3.427676 147 122 88
-2.816900 1.124209 3.425781 148 121 87
-2.804086 1.139341 3.421498 145 118 84
-2.570959 1.389774 3.319452 122 97 73
-2.572279 1.401650 3.311016 118 93 69
-3.149623 0.719442 3.566984 162 156 138
-3.145916 0.731932 3.556350 156 147 129
-3.143270 0.744610 3.549507 150 136 117
-3.120611 0.775123 3.549335 135 125 114
-3.104327 0.780184 3.535894 134 125 113
-3.095709 0.782257 3.535437 126 121 111
-3.076731 0.805338 3.519750 140 121 94
-3.066634 0.817274 3.516209 146 122 91
-3.054670 0.831356 3.516248 149 121 83
-3.042599 0.850164 3.516605 151 122 82
-3.028372 0.861093 3.516829 153 125 86
-2.942543 0.964914 3.463313 152 135 111
-2.924938 0.983041 3.458536 148 131 106
-2.910472 0.995562 3.453907 144 127 104
-2.896488 1.010793 3.448572 138 119 94
-2.887809 1.022651 3.443697 139 121 96
-2.878259 1.043622 3.440076 144 127 100
-2.836827 1.087608 3.415036 139 114 82
-2.821238 1.105120 3.411090 136 113 80
-2.811808 1.110828 3.405944 132 109 77
-2.801142 1.126136 3.398702 134 109 75
-2.568328 1.379011 3.301322 177 144 100
-2.569415 1.391371 3.293911 178 146 101
-3.142575 0.712374 3.553051 161 156 134
-3.138312 0.722896 3.540671 154 140 116
-3.138460 0.730847 3.532077 153 135 106
-3.104900 0.778419 3.521952 132 110 88
-3.089534 0.783298 3.522794 101 92 84
-3.078420 0.792922 3.517482 129 115 97
-3.061670 0.806352 3.515918 143 124 99
-2.956668 0.931796 3.453337 152 135 108
-2.946454 0.946167 3.449964 154 135 108
-2.935612 0.953494 3.446176 153 135 108
-2.922140 0.971395 3.440546 151 133 107
-2.906038 0.985581 3.432648 148 130 105
-2.897320 0.996243 3.432143 145 125 99
-2.885503 1.010510 3.427413 144 124 99
-2.864650 1.022263 3.417303 134 116 91
-2.831519 1.076175 3.399315 136 112 80
-2.816757 1.092452 3.392667 131 108 77
-2.807455 1.098599 3.389387 132 108 74
-2.797185 1.116951 3.381963 134 108 73
-2.566827 1.369016 3.285046 178 145 101
-2.566811 1.382099 3.280030 180 149 104
-3.132027 0.712273 3.524189 154 132 98
-3.134565 0.723339 3.518140 152 129 94
-2.948024 0.914905 3.438702 152 136 110
-2.943490 0.930596 3.434143 151 134 108
-2.930373 0.946158 3.428383 152 132 105
-2.915938 0.961271 3.421433 149 130 103
-2.901750 0.975905 3.418266 151 133 107
-2.890779 0.988729 3.418235 149 128 100
-2.875757 0.993016 3.404646 150 129 99
-2.826897 1.066741 3.379455 133 109 77
-2.810840 1.079665 3.373684 135 110 76
-2.803865 1.091984 3.372666 133 107 75
-2.795645 1.106105 3.366945 131 105 69
-2.564512 1.359963 3.267047 180 150 104
-2.563223 1.373063 3.264079 185 157 110
-3.126572 0.703387 3.506849 154 124 79
-3.128733 0.711871 3.501309 152 121 78
-2.948822 0.911425 3.425224 149 133 107
-2.940325 0.919167 3.421660 149 131 103
-2.923630 0.937122 3.413484 147 127 98
-2.911043 0.950071 3.407207 149 129 101
-2.899351 0.963937 3.407821 148 128 101
-2.824269 1.056503 3.364503 139 110 75
-2.808530 1.073469 3.358407 138 111 75
-2.798123 1.080365 3.357631 137 111 77
-2.788193 1.097501 3.348722 136 106 67
-2.562887 1.345012 3.248074 181 150 104
-3.120373 0.693828 3.491917 155 125 77
-3.122032 0.700342 3.483757 153 122 75
-2.947107 0.904124 3.410052 143 126 101
-2.936684 0.910427 3.401827 148 127 98
-2.921940 0.925467 3.399133 146 126 99
-2.907268 0.940898 3.395258 146 126 98
-2.896440 0.953357 3.388306 151 130 101
-2.818956 1.046924 3.347663 140 111 75
-2.806674 1.063377 3.342185 137 111 76
-2.796023 1.069978 3.339877 135 110 75
-2.787178 1.085490 3.332484 135 108 71
-2.560648 1.323290 3.238989 123 99 72
-2.559549 1.333127 3.233874 152 124 89
-3.117909 0.686513 3.474700 158 130 80
-3.114202 0.688567 3.466620 155 123 75
-2.947868 0.885967 3.388224 148 126 95
-2.932155 0.898592 3.383867 147 124 94
-2.920244 0.910240 3.380173 147 129 103
-2.903346 0.933192 3.371407 138 121 94
-2.883839 0.950704 3.369585 155 134 105
-2.830657 1.021540 3.335118 136 112 79
-2.812505 1.035487 3.331638 136 110 77
-2.800644 1.051352 3.326182 135 110 76
-2.789155 1.060155 3.320471 134 109 75
-2.779895 1.076152 3.312197 134 106 66
-2.558539 1.312421 3.221807 131 105 78
-2.559920 1.322656 3.216035 119 95 72
-3.107480 0.681653 3.447836 159 128 78
-2.946232 0.865725 3.379768 149 126 92
-2.938933 0.874728 3.373066 146 123 90
-2.927210 0.886571 3.370376 146 123 92
-2.911090 0.900020 3.363719 137 122 101
-2.859883 0.969393 3.332841 145 119 87
-2.860076 0.977780 3.333076 146 123 94
-2.838057 0.991268 3.323492 143 120 89
-2.824583 1.006656 3.318363 136 112 82
-2.808810 1.022607 3.312868 130 107 77
-2.795550 1.036874 3.306471 132 108 76
-2.785075 1.050821 3.301995 136 108 74
-2.775905 1.065034 3.296054 134 106 70
-2.559378 1.301026 3.204222 177 144 100
-2.560331 1.314582 3.200222 183 151 103
-3.096894 0.676403 3.432823 166 139 92
-3.090470 0.685536 3.422846 162 134 90
-3.079503 0.698607 3.412957 155 127 84
-3.066590 0.719163 3.401413 156 128 81
-3.042917 0.744372 3.392128 150 125 88
-3.022587 0.765984 3.383605 152 126 90
-3.012692 0.779494 3.379839 148 121 85
-3.000702 0.792156 3.374792 148 122 84
-2.991605 0.803129 3.371773 147 118 80
-2.976953 0.818401 3.366159 144 113 76
-2.961480 0.837448 3.361112 144 116 79
-2.947356 0.847639 3.356541 143 115 77
-2.936037 0.863407 3.352007 144 117 82
-2.924014 0.873297 3.348075 144 121 91
-2.911205 0.886441 3.340682 141 123 99
-2.901382 0.904678 3.333423 140 123 95
-2.880652 0.924541 3.327239 147 128 100
-2.866688 0.943931 3.321592 150 131 106
-2.853727 0.957900 3.314375 142 113 79
-2.850870 0.967602 3.312229 142 118 86
-2.835998 0.979491 3.307715 137 114 84
-2.817372 0.996967 3.303456 133 112 85
-2.801267 1.013150 3.300745 128 106 77
-2.795866 1.021404 3.292505 128 102 71
-2.785147 1.039755 3.282623 136 109 73
-2.771737 1.050898 3.281623 145 115 83
-2.563162 1.275206 3.185722 175 141 94
-2.560087 1.291151 3.188380 177 144 98
-3.085500 0.680639 3.416396 175 154 113
-3.073031 0.695397 3.408568 166 142 102
-3.063094 0.706430 3.403387 162 138 97
-3.049767 0.722445 3.395948 158 134 96
-3.035436 0.738611 3.389172 157 134 97
-3.021344 0.752841 3.383737 157 134 98
-3.009884 0.768607 3.378105 156 132 96
-2.997732 0.781127 3.373570 157 132 97
-2.983077 0.796008 3.368204 153 125 91
-2.969389 0.809769 3.362379 144 115 82
-2.956154 0.824073 3.359241 148 119 82
-2.942168 0.842701 3.349709 149 123 83
-2.930391 0.860744 3.336354 139 119 91
-2.919634 0.865191 3.334014 141 123 99
-2.908015 0.883148 3.329484 139 121 97
-2.895524 0.896000 3.321891 144 127 102
-2.882932 0.913793 3.315612 146 124 94
-2.865951 0.926427 3.308528 146 122 93
-2.851075 0.940870 3.305226 143 119 88
-2.839723 0.955465 3.298064 137 114 84
-2.829243 0.970984 3.295049 135 112 83
-2.818220 0.989283 3.289877 132 110 80
-2.803290 1.004234 3.286533 128 105 75
-2.788310 1.017092 3.278669 133 107 74
-2.783954 1.033662 3.274717 128 98 58
-2.762334 1.042491 3.274641 141 113 80
-2.560007 1.266873 3.174494 176 142 96
-2.559780 1.279521 3.173218 177 144 97
-2.925619 0.851839 3.319841 141 126 106
-2.916876 0.855029 3.321899 144 129 110
-2.914573 0.873539 3.317749 140 122 96
-2.886040 0.888840 3.307422 146 128 106
-2.872264 0.906682 3.302243 143 125 99
-2.861623 0.919418 3.297893 142 118 89
-2.849444 0.937679 3.289271 140 114 82
-2.841252 0.949689 3.282973 136 111 80
-2.828068 0.960994 3.280993 138 115 84
-2.811302 0.978875 3.273078 134 110 77
-2.792881 0.995104 3.270505 133 111 82
-2.790122 1.007890 3.257365 134 110 80
-2.780072 1.020466 3.253025 135 109 78
-2.560520 1.257987 3.154230 168 136 93
-2.561173 1.267771 3.155258 183 152 103
-2.922917 0.838519 3.301630 145 134 118
-2.907685 0.843236 3.306578 150 139 125
-2.853749 0.911116 3.274259 140 123 102
-2.855517 0.920668 3.270670 141 127 104
-2.560660 1.230695 3.147129 91 72 60
-2.561495 1.246659 3.143722 104 81 64
-2.557584 1.257308 3.134822 0 0 0
-2.918018 0.825600 3.284898 148 138 126
-2.907050 0.830842 3.291077 151 141 127
-2.563418 1.221961 3.129489 118 90 68
-2.562469 1.233756 3.129282 135 106 74
-2.917347 0.813807 3.268750 150 141 130
-2.901209 0.816585 3.272222 154 147 134
-2.568179 1.196440 3.116219 169 132 87
-2.566709 1.209765 3.116038 169 135 90
-2.912219 0.803284 3.254175 152 144 133
-2.898689 0.806887 3.255743 154 147 136
-2.570443 1.182338 3.100315 169 134 89
-2.570510 1.196015 3.099530 178 144 96
-2.922542 0.783231 3.235632 158 155 142
-2.906108 0.791239 3.237844 153 146 137
-2.892570 0.796945 3.239144 158 151 140
-2.574716 1.159650 3.087892 92 73 59
-2.573666 1.174566 3.087429 120 93 70
-2.916919 0.782064 3.226110 150 145 136
-2.902681 0.781605 3.219321 154 148 139
-2.888755 0.784936 3.216205 156 151 142
-2.580300 1.130244 3.075864 159 124 83
-2.578532 1.150308 3.074168 137 107 74
-2.579061 1.165410 3.075352 87 75 62
-2.897901 0.770907 3.201881 155 149 141
-2.885504 0.776978 3.203146 158 152 143
-2.586133 1.107952 3.061608 166 128 83
-2.585300 1.119472 3.061449 161 124 83
-2.584887 1.139185 3.060257 168 133 89
-2.895083 0.762309 3.184059 156 150 142
-2.879948 0.763960 3.181862 161 154 145
-2.598155 1.083239 3.051807 167 128 84
-2.592205 1.101074 3.050802 162 126 83
-2.590389 1.113298 3.046595 134 102 70
-2.891023 0.754126 3.166113 158 152 143
-2.873817 0.758584 3.165566 160 152 142
-2.606673 1.059125 3.042704 172 136 89
-2.602416 1.073090 3.040378 172 136 88
-2.598993 1.088393 3.038037 171 136 88
-2.887349 0.748386 3.150751 160 153 143
-2.872242 0.751601 3.147267 162 154 142
-2.854830 0.755677 3.140307 165 153 136
-2.615499 1.032510 3.032985 176 143 96
-2.613310 1.048045 3.028314 177 143 96
-2.607515 1.063579 3.025502 179 146 96
-2.601014 1.082184 3.023681 180 151 98
-2.883092 0.738892 3.132941 166 160 147
-2.869602 0.744894 3.129157 163 152 137
-2.851299 0.752581 3.126522 166 151 130
-2.636258 0.989620 3.025662 180 147 97
-2.629695 1.006209 3.021016 133 104 72
-2.622921 1.023684 3.018011 113 90 67
-2.618608 1.039812 3.013770 177 146 101
-2.866954 0.740230 3.109802 164 150 128
-2.850767 0.747242 3.106939 164 145 118
-2.833502 0.755982 3.100075 165 140 104
-2.662567 0.946386 3.021659 183 152 106
-2.654924 0.966791 3.015113 179 148 101
-2.645995 0.982289 3.011800 180 147 99
-2.634973 1.004242 3.010613 169 136 90
-2.628340 1.015606 3.006909 109 79 52
-2.618951 1.032104 3.001271 0 0 0
-2.862469 0.734590 3.097373 167 155 129
-2.848664 0.741940 3.084760 164 141 107
-2.833062 0.750887 3.083945 154 128 93
-2.815903 0.760788 3.075429 139 112 78
-2.802052 0.773428 3.068656 161 129 88
-2.790119 0.784985 3.062964 142 111 78
-2.777694 0.796251 3.058714 80 64 49
-2.745628 0.833787 3.044377 175 144 101
-2.735996 0.848919 3.038771 174 141 95
-2.727208 0.862004 3.033280 173 141 95
-2.712290 0.878555 3.026768 175 143 96
-2.697657 0.896059 3.021046 176 146 99
-2.687755 0.911994 3.015675 136 107 73
-2.675167 0.929617 3.014998 107 85 64
-2.668368 0.943817 3.010571 175 146 103
-2.660284 0.961559 3.004490 184 155 108
-2.650507 0.975460 2.998214 185 157 109
-2.845600 0.740182 3.072240 161 136 98
-2.831406 0.747577 3.064400 102 81 57
-2.818987 0.758893 3.058692 157 128 89
-2.806848 0.771223 3.051958 168 137 94
-2.789394 0.785569 3.050592 153 122 82
-2.778249 0.798046 3.042961 92 71 51
-2.761145 0.815462 3.037841 84 67 51
-2.751360 0.830081 3.028573 165 135 94
-2.740760 0.846693 3.024710 176 145 100
-2.728984 0.861698 3.019308 177 147 100
-2.717408 0.876532 3.015608 176 145 99
-2.704185 0.896722 3.008261 178 148 102
-2.693513 0.910495 3.005144 169 135 91
-2.685278 0.921744 3.001339 99 77 59
-2.671492 0.932940 2.999330 10 0 0
-2.829178 0.743344 3.050205 0 0 0
-2.792512 0.785584 3.034365 173 142 96
-2.780143 0.798263 3.027128 115 89 61
-2.770521 0.811352 3.023696 77 63 49
-2.754452 0.826518 3.018120 137 113 79
-2.739712 0.846504 3.010336 185 160 111
-2.559115 1.698806 3.641144 115 104 88
-2.568113 1.677907 3.629226 133 111 85
-2.557475 1.689754 3.631301 73 69 61
-2.732146 1.474886 3.682743 37 22 25
-2.720945 1.491169 3.678866 94 84 76
-2.711364 1.504585 3.676595 185 181 170
-2.696694 1.519154 3.667881 192 184 171
-2.690941 1.529489 3.664121 194 186 173
-2.569447 1.650576 3.623765 118 92 70
-2.563473 1.665365 3.618482 90 78 63
-2.553822 1.677674 3.620883 70 68 59
-2.756114 1.438220 3.677993 105 88 79
-2.741473 1.448277 3.676716 151 138 124
-2.729393 1.465919 3.675314 135 123 111
-2.716740 1.478333 3.673718 122 109 96
-2.702489 1.492248 3.668441 125 113 100
-2.689941 1.507633 3.659909 119 104 89
-2.682821 1.523529 3.652599 108 93 78
-2.671235 1.535102 3.641475 170 157 141
-2.620986 1.582268 3.620621 168 150 125
-2.606210 1.591162 3.622873 145 127 104
-2.595183 1.606326 3.619309 140 119 93
-2.582721 1.625209 3.612989 117 94 70
-2.571980 1.640082 3.608290 66 57 48
-2.563548 1.654536 3.608001 50 48 45
-2.766599 1.414098 3.671870 106 94 81
-2.750928 1.424149 3.671993 122 110 96
-2.735133 1.436186 3.671774 114 101 86
-2.722668 1.450710 3.670396 101 86 72
-2.690516 1.487167 3.656477 108 95 86
-2.680622 1.494598 3.649934 191 183 173
-2.670867 1.510955 3.639425 197 188 175
-2.664448 1.531543 3.629291 196 183 168
-2.654608 1.541053 3.620556 196 185 172
-2.637558 1.559338 3.609543 186 175 161
-2.625326 1.575182 3.611499 163 148 131
-2.609855 1.586772 3.608086 144 127 107
-2.595244 1.598989 3.602959 101 90 77
-2.582681 1.618453 3.600034 54 48 43
-2.576624 1.630108 3.598707 39 36 35
-2.774178 1.386660 3.654115 176 170 160
-2.763674 1.401136 3.660848 171 162 151
-2.740804 1.412140 3.658698 180 171 160
-2.729757 1.421075 3.655596 170 161 149
-2.662501 1.499815 3.624158 204 192 176
-2.654035 1.515282 3.617106 204 193 179
-2.645302 1.530810 3.608187 202 192 179
-2.636620 1.549989 3.599634 196 185 171
-2.622251 1.569205 3.595523 178 166 151
-2.614348 1.579592 3.592850 165 152 134
-2.602140 1.595309 3.588339 110 101 85
-2.773250 1.377783 3.643455 173 166 157
-2.753098 1.389728 3.644818 176 168 160
-2.735880 1.398168 3.642208 180 172 163
-2.656746 1.493487 3.606457 199 186 167
-2.645938 1.505615 3.598535 204 192 175
-2.638168 1.519577 3.591839 206 196 181
-2.633428 1.535229 3.582213 205 194 178
-2.626975 1.549663 3.580476 206 197 181
-2.768752 1.367007 3.628514 171 163 154
-2.748561 1.376361 3.630124 177 169 160
-2.734333 1.389065 3.630028 180 171 163
-2.652913 1.479718 3.591054 190 174 154
-2.641474 1.492099 3.581646 191 173 153
-2.634027 1.507366 3.573313 197 182 162
-2.630272 1.524791 3.566278 201 188 170
-2.775784 1.352734 3.622912 174 169 157
-2.765343 1.354440 3.612200 171 162 152
-2.745417 1.364516 3.610985 172 162 151
-2.731585 1.375711 3.612185 170 159 149
-2.644057 1.473976 3.573911 106 91 75
-2.636852 1.482349 3.566123 102 85 68
-2.630361 1.498893 3.560129 130 111 89
-2.626208 1.514845 3.552626 141 120 99
-2.770931 1.336568 3.597662 168 158 143
-2.758851 1.343064 3.596488 160 147 131
-2.739508 1.352913 3.593816 158 142 125
-2.726405 1.362705 3.592228 139 120 102
-2.642044 1.461733 3.558198 106 85 66
-2.634876 1.473570 3.551129 127 104 79
-2.628242 1.490796 3.542109 150 124 92
-2.624047 1.503602 3.534277 161 133 98
-2.766308 1.325113 3.582162 149 136 117
-2.754060 1.331062 3.580941 143 128 108
-2.733866 1.341947 3.578224 150 132 108
-2.722939 1.351688 3.574308 125 104 83
-2.638672 1.448719 3.536210 190 162 119
-2.630132 1.464132 3.530296 192 165 122
-2.624130 1.483124 3.521948 193 166 123
-2.620788 1.493190 3.515686 193 167 123
-2.773422 1.298237 3.562212 179 170 157
-2.763288 1.312661 3.566548 116 104 90
-2.747370 1.320722 3.566295 109 96 80
-2.732633 1.331122 3.563523 108 91 74
-2.630645 1.438421 3.517470 192 165 120
-2.625582 1.451020 3.513013 191 164 120
-2.618773 1.472204 3.503245 191 163 118
-2.614652 1.482199 3.496137 190 161 117
-2.772426 1.282257 3.551708 179 171 155
-2.757810 1.296739 3.554105 169 159 142
-2.743291 1.306222 3.553672 161 149 131
-2.728643 1.320571 3.553180 141 126 105
-2.628735 1.428959 3.502398 188 158 114
-2.621943 1.442075 3.497997 190 162 118
-2.614345 1.457902 3.489059 190 162 117
-2.609960 1.472162 3.480095 189 160 115
-2.780353 1.262385 3.542960 114 104 94
-2.768206 1.269900 3.544085 124 112 98
-2.749428 1.280877 3.545481 128 115 95
-2.615238 1.432876 3.481645 188 160 115
-2.609536 1.446146 3.470778 188 159 114
-2.605467 1.460363 3.461982 189 161 116
-2.787553 1.235955 3.526181 170 158 139
-2.775460 1.246320 3.531470 148 135 116
-2.760004 1.256346 3.533649 131 114 92
-2.607855 1.425015 3.462804 149 125 92
-2.602285 1.433718 3.454636 146 122 89
-2.598650 1.451625 3.444808 146 120 86
-2.797650 1.211790 3.512671 169 156 130
-2.785385 1.223244 3.516334 170 155 131
-2.766764 1.230645 3.517070 174 157 131
-2.602140 1.413876 3.445430 81 66 55
-2.596433 1.423701 3.438527 102 83 66
-2.593881 1.439987 3.429089 115 92 68
-2.795132 1.199468 3.500861 167 149 119
-2.776805 1.210261 3.504071 169 150 121
-2.765061 1.221509 3.508804 171 152 125
-2.598881 1.406284 3.427964 159 124 79
-2.591960 1.413748 3.422746 180 150 105
-2.589311 1.428979 3.412828 177 146 100
-2.801145 1.176803 3.487016 165 144 111
-2.789367 1.186928 3.490166 168 146 113
-2.772275 1.196598 3.491090 170 148 114
-2.588360 1.403958 3.404619 183 152 104
-2.585852 1.422003 3.396407 173 141 96
-3.168656 0.734927 3.643329 153 145 131
-3.160906 0.746872 3.642582 148 140 126
-3.143582 0.762971 3.636877 147 135 116
-3.131642 0.777367 3.628698 146 134 115
-3.117486 0.790312 3.620032 157 150 139
-3.109816 0.795490 3.615004 174 173 165
-2.810197 1.153434 3.473659 166 144 108
-2.800125 1.162512 3.474473 165 144 111
-2.781025 1.171277 3.474916 168 147 113
-2.768475 1.184696 3.479323 170 147 114
-2.590591 1.383301 3.393814 184 152 103
-2.584053 1.395565 3.388603 183 151 104
-2.581569 1.410063 3.380275 183 152 104
-3.166201 0.725813 3.632709 156 147 132
-3.164867 0.733901 3.620531 157 148 132
-3.127530 0.765517 3.626221 145 133 114
-3.114163 0.789015 3.613255 163 159 147
-3.104526 0.795645 3.602214 173 174 170
-2.807654 1.139951 3.461824 163 141 108
-2.795235 1.150766 3.463128 163 141 108
-2.779064 1.159599 3.462534 155 132 102
-2.578436 1.384132 3.368770 177 145 98
-2.576837 1.397634 3.360389 183 152 105
-3.159706 0.717648 3.613167 159 153 138
-3.159065 0.724697 3.607045 160 152 136
-3.095132 0.790741 3.584638 165 165 162
-3.089223 0.792033 3.579450 172 174 171
-2.983203 0.921413 3.522311 169 147 110
-2.968950 0.932410 3.520272 168 147 111
-2.959344 0.949026 3.516289 168 145 111
-2.948120 0.963153 3.512240 169 147 112
-2.934287 0.978347 3.507216 167 144 110
-2.919921 0.993532 3.501277 166 142 106
-2.905034 1.008429 3.494893 166 141 105
-2.892460 1.021967 3.487797 163 137 102
-2.880750 1.032145 3.482898 155 129 96
-2.864955 1.047655 3.475119 135 109 81
-2.854316 1.063733 3.467403 126 103 77
-2.841879 1.076676 3.462062 151 126 91
-2.825904 1.095969 3.453511 156 133 98
-2.814443 1.113482 3.451308 158 135 101
-2.804365 1.124031 3.450448 156 133 102
-2.787825 1.136760 3.452807 147 123 95
-2.573104 1.373880 3.353564 128 102 74
-2.571986 1.388333 3.346092 130 105 75
-3.149937 0.704749 3.599157 143 140 128
-3.149558 0.713446 3.592248 152 147 134
-3.092870 0.782730 3.567847 138 137 133
-3.084408 0.785028 3.563061 159 160 157
-3.019833 0.865443 3.522859 160 137 100
-3.003727 0.878647 3.520386 161 138 104
-2.991685 0.893722 3.518640 163 139 103
-2.979257 0.908042 3.518681 163 140 104
-2.963875 0.923889 3.516370 165 141 106
-2.949353 0.938710 3.513420 166 144 110
-2.933543 0.954413 3.507293 168 144 109
-2.926910 0.961710 3.504437 167 145 110
-2.911061 0.982356 3.496064 163 139 102
-2.898223 0.999915 3.482871 149 124 91
-2.885471 1.015222 3.478160 140 113 82
-2.876759 1.027166 3.473344 127 102 78
-2.862281 1.043320 3.467905 121 98 74
-2.848573 1.055891 3.461372 112 90 67
-2.834739 1.069804 3.456641 122 95 70
-2.823449 1.087276 3.450521 141 115 87
-2.812241 1.098717 3.444019 152 125 92
-2.798330 1.114606 3.438067 135 112 84
-2.787050 1.125737 3.432151 129 107 87
-2.569611 1.364217 3.337124 145 114 79
-2.569252 1.377659 3.328025 135 107 76
-3.140757 0.706654 3.574884 147 140 127
-3.137054 0.712909 3.559604 156 147 127
-3.079852 0.778249 3.544637 109 109 110
-3.054840 0.811649 3.521074 142 126 104
-3.038425 0.822889 3.519831 153 133 103
-3.025408 0.836348 3.518913 155 131 98
-3.012777 0.853425 3.519807 156 132 98
-2.999864 0.869914 3.518552 157 134 102
-2.911806 0.968693 3.470139 148 129 102
-2.895635 0.989937 3.462172 147 128 104
-2.883450 1.002492 3.457693 131 111 86
-2.873384 1.017203 3.453051 128 107 81
-2.862145 1.030241 3.447833 136 113 98
-2.834406 1.047323 3.444895 106 84 61
-2.823054 1.057071 3.438359 98 81 63
-2.803358 1.096005 3.419011 126 107 79
-2.794004 1.103973 3.416225 122 102 73
-2.781987 1.115987 3.411074 127 105 78
-2.567430 1.355946 3.316835 177 144 98
-2.566514 1.366871 3.308860 178 147 101
-3.131340 0.698366 3.558908 158 146 124
-3.131766 0.705088 3.546932 157 140 112
-3.072928 0.772631 3.530310 66 67 71
-3.062792 0.779648 3.520928 110 107 107
-3.050250 0.798693 3.518695 145 129 109
-3.032681 0.808786 3.517187 150 130 106
-3.018028 0.827071 3.517356 152 133 106
-2.918733 0.945015 3.452039 153 133 108
-2.904122 0.961076 3.448220 153 135 110
-2.892045 0.976068 3.444338 143 124 98
-2.880396 0.991063 3.438469 134 113 86
-2.869647 1.001179 3.434762 128 110 85
-2.855611 1.014427 3.428096 119 104 82
-2.796031 1.082602 3.400635 129 107 77
-2.790253 1.089755 3.398629 126 104 73
-2.778633 1.104334 3.391719 131 106 71
-2.755202 1.115567 3.387245 134 110 78
-2.570012 1.334854 3.311891 179 144 98
-2.563857 1.343483 3.301194 178 145 99
-2.563348 1.356632 3.294657 179 148 102
-3.124525 0.691179 3.545325 158 141 110
-3.124467 0.697533 3.532095 156 133 96
-3.058361 0.765657 3.518318 103 106 105
-3.054797 0.771582 3.517319 126 125 124
-2.935602 0.906938 3.445444 156 139 113
-2.928076 0.923666 3.442825 155 139 111
-2.916614 0.932436 3.436742 153 136 111
-2.903659 0.950695 3.430458 152 133 106
-2.885201 0.964165 3.427393 145 125 98
-2.875402 0.975879 3.423615 139 116 90
-2.862914 0.989074 3.417458 130 112 86
-2.854123 1.003166 3.402061 127 106 79
-2.791869 1.069079 3.383101 137 113 83
-2.787324 1.084832 3.377666 131 108 74
-2.770327 1.091541 3.378468 144 114 79
-2.756741 1.112495 3.363646 141 115 80
-2.561455 1.334825 3.283145 179 147 100
-2.561124 1.347304 3.278417 179 147 102
-3.118582 0.689583 3.517767 156 130 88
-2.933109 0.902152 3.437261 151 134 109
-2.926967 0.913078 3.428454 152 135 110
-2.911103 0.924344 3.418924 151 132 107
-2.898752 0.937664 3.416954 146 127 100
-2.882776 0.955426 3.411551 146 125 98
-2.868779 0.969517 3.407155 145 120 90
-2.851713 0.979628 3.398549 132 111 85
-2.792774 1.063701 3.370455 137 115 86
-2.782721 1.072059 3.363496 138 112 77
-2.771399 1.088845 3.362202 138 110 72
-2.744684 1.100998 3.356823 143 117 81
-2.563119 1.310647 3.267463 159 123 78
-2.559837 1.326431 3.264461 181 149 102
-2.558559 1.336236 3.258847 183 153 105
-3.112015 0.683001 3.499387 158 129 84
-3.109244 0.686221 3.485371 155 126 79
-2.930819 0.894494 3.421115 147 131 104
-2.919393 0.902090 3.406395 153 131 102
-2.908018 0.918438 3.407162 143 126 99
-2.896578 0.930524 3.402393 144 125 98
-2.881873 0.946579 3.396394 147 126 99
-2.866821 0.954996 3.393002 141 119 91
-2.863776 0.972771 3.382148 141 121 94
-2.837439 0.983688 3.382622 130 107 80
-2.787225 1.052688 3.353009 137 115 83
-2.778851 1.063635 3.345885 134 111 78
-2.764996 1.074644 3.344167 139 113 77
-2.751983 1.099323 3.336323 137 112 77
-2.555638 1.296026 3.250842 110 89 72
-2.556825 1.313749 3.248204 150 122 85
-2.555131 1.322425 3.240314 167 134 91
-3.101932 0.673957 3.484280 160 133 88
-3.099735 0.675128 3.475138 160 132 86
-2.925147 0.882499 3.395156 153 131 101
-2.913876 0.890467 3.390622 148 127 98
-2.903950 0.905013 3.387406 140 123 99
-2.890046 0.920955 3.384322 142 125 101
-2.874083 0.938736 3.377936 146 126 99
-2.862620 0.950729 3.374197 144 121 93
-2.851695 0.956473 3.365746 144 124 96
-2.799274 1.026271 3.340971 135 111 80
-2.785672 1.040405 3.333903 134 110 79
-2.774461 1.054034 3.330772 135 111 78
-2.762217 1.063293 3.325548 135 109 74
-2.743565 1.083807 3.324467 139 113 77
-2.555598 1.285338 3.236941 166 132 89
-2.555480 1.299963 3.231150 144 115 82
-2.549427 1.318264 3.231890 3 0 0
-3.093453 0.665928 3.475233 164 140 96
-3.091229 0.669188 3.458556 165 138 92
-2.924177 0.867377 3.380662 147 125 94
-2.909845 0.882185 3.374898 146 125 96
-2.900692 0.890995 3.374251 140 122 98
-2.884075 0.908522 3.367457 137 121 98
-2.863635 0.925322 3.362585 140 122 97
-2.821684 0.980761 3.331854 139 120 93
-2.809785 0.996196 3.328683 137 119 92
-2.793414 1.013329 3.321120 131 108 78
-2.779718 1.028508 3.316679 131 107 75
-2.766876 1.042255 3.314542 138 112 79
-2.755224 1.053408 3.305040 140 112 73
-2.555912 1.277243 3.219965 176 142 95
-2.554812 1.290342 3.212873 179 147 99
-3.087356 0.669498 3.442194 168 143 97
-3.074702 0.676406 3.432994 168 143 101
-3.058492 0.684478 3.426910 165 141 101
-3.044171 0.693522 3.423799 163 139 104
-2.930785 0.842791 3.359570 141 111 75
-2.921935 0.853302 3.356689 146 119 84
-2.905869 0.867002 3.355677 143 121 91
-2.890332 0.879243 3.351903 143 126 100
-2.879000 0.892846 3.345916 146 130 106
-2.862579 0.914835 3.339385 156 141 115
-2.848595 0.926480 3.330408 156 142 121
-2.845918 0.941408 3.324804 151 128 100
-2.830081 0.954260 3.321300 139 120 94
-2.816062 0.972214 3.315627 135 115 88
-2.802670 0.985998 3.310421 137 116 88
-2.792108 1.000387 3.305872 130 109 82
-2.778571 1.014746 3.299498 129 106 76
-2.766848 1.030659 3.296975 135 110 75
-2.751578 1.040205 3.292366 142 114 81
-2.558656 1.248304 3.206761 174 138 91
-2.557152 1.268934 3.200598 174 141 94
-2.554039 1.280623 3.195649 179 148 99
-3.070783 0.674063 3.424684 179 159 120
-3.060665 0.686586 3.418187 169 146 107
-3.047240 0.698539 3.412267 166 144 106
-3.032960 0.711711 3.405860 162 139 102
-3.018428 0.727199 3.396733 162 140 106
-3.005816 0.741214 3.391910 161 138 104
-2.993581 0.756895 3.385819 160 136 101
-2.980773 0.769868 3.380673 159 134 99
-2.966776 0.785096 3.372755 134 108 80
-2.953296 0.801056 3.368406 141 110 80
-2.942539 0.816205 3.364902 148 117 82
-2.928707 0.832226 3.358639 149 119 81
-2.916726 0.844624 3.353783 148 118 81
-2.901864 0.861779 3.343921 148 125 95
-2.888844 0.869514 3.336342 150 133 112
-2.875739 0.886663 3.329176 152 137 116
-2.862037 0.901620 3.322397 150 135 112
-2.850761 0.916237 3.318019 148 128 102
-2.840122 0.931162 3.314356 145 123 95
-2.825938 0.947017 3.303283 138 118 92
-2.813155 0.961021 3.303967 134 112 84
-2.800846 0.977412 3.296435 131 111 84
-2.787525 0.991221 3.291556 126 105 77
-2.775299 1.006279 3.284818 129 106 74
-2.763008 1.020151 3.285241 138 112 75
-2.751743 1.033188 3.283368 137 109 70
-2.558074 1.243130 3.194003 172 137 90
-2.555852 1.257419 3.186936 176 143 95
-2.552558 1.268402 3.180467 184 156 105
-2.900544 0.851917 3.321233 150 136 117
-2.886133 0.860858 3.323214 155 142 126
-2.872462 0.878126 3.316044 153 140 120
-2.857567 0.896069 3.312741 148 134 112
-2.846568 0.909899 3.301527 143 125 100
-2.835232 0.924185 3.301286 140 120 93
-2.822992 0.937930 3.297532 140 118 90
-2.810700 0.949117 3.291957 133 113 87
-2.798036 0.969937 3.283586 128 108 82
-2.781282 0.984083 3.275335 132 111 82
-2.764535 1.001293 3.270163 129 106 76
-2.555387 1.231551 3.171340 166 132 90
-2.555430 1.244988 3.169408 177 144 96
-2.900335 0.841950 3.307225 153 142 127
-2.879517 0.848790 3.306161 159 150 138
-2.866306 0.868771 3.299321 154 143 125
-2.855908 0.886858 3.294124 147 134 114
-2.842501 0.897276 3.288109 140 123 99
-2.829462 0.904165 3.287251 144 134 114
-2.558189 1.206011 3.161568 81 68 57
-2.557355 1.222672 3.159196 101 80 62
-2.554201 1.233943 3.152304 71 52 41
-2.896309 0.829905 3.290100 156 148 137
-2.874914 0.837310 3.290835 159 151 141
-2.560148 1.196452 3.145857 128 99 71
-2.559263 1.209010 3.141037 127 98 69
-2.898201 0.809675 3.268357 158 152 139
-2.891636 0.818910 3.273841 157 150 139
-2.871632 0.825906 3.273681 160 152 143
-2.565575 1.171307 3.131973 159 123 80
-2.565064 1.185333 3.127830 170 135 88
-2.562674 1.201969 3.129840 166 130 86
-2.895305 0.801387 3.257519 158 152 141
-2.885820 0.807642 3.256447 157 150 140
-2.866811 0.814330 3.257116 160 152 143
-2.568431 1.142637 3.118455 161 122 78
-2.566794 1.160314 3.117596 167 131 85
-2.566897 1.176212 3.113928 173 138 91
-2.891501 0.791223 3.240976 160 156 146
-2.881891 0.797772 3.239150 158 152 144
-2.863282 0.803866 3.238471 161 154 146
-2.571186 1.131880 3.104358 129 100 73
-2.570078 1.149042 3.101003 136 106 75
-2.567800 1.166189 3.100218 169 135 88
-2.887267 0.780874 3.222785 160 155 146
-2.875946 0.786140 3.221132 156 150 141
-2.858871 0.793916 3.224216 147 140 131
-2.576596 1.106424 3.092834 106 84 64
-2.575079 1.123068 3.089345 119 93 69
-2.572865 1.140432 3.090632 86 66 54
-2.882486 0.770405 3.204695 164 160 150
-2.873512 0.777386 3.205049 163 157 148
-2.854109 0.783102 3.206396 157 150 140
-2.587838 1.079585 3.081614 159 119 77
-2.582645 1.098157 3.078606 165 129 84
-2.580052 1.113680 3.077386 168 133 86
-2.880608 0.766382 3.195768 166 163 152
-2.871133 0.766780 3.185357 166 160 151
-2.850920 0.774400 3.187928 167 160 151
-2.597257 1.055027 3.070577 168 131 84
-2.592136 1.076497 3.064404 166 130 85
-2.588274 1.092009 3.064246 165 127 83
-2.863197 0.761221 3.170481 162 154 143
-2.846602 0.766138 3.168275 140 129 114
-2.832334 0.770717 3.162882 122 109 93
-2.608420 1.030012 3.061193 172 136 88
-2.602916 1.050653 3.053630 172 136 89
-2.598025 1.063834 3.051205 173 139 90
-2.858329 0.754304 3.153093 169 161 146
-2.847061 0.759399 3.146853 167 155 138
-2.828660 0.767630 3.145685 164 148 124
-2.812727 0.775124 3.136371 163 138 105
-2.623646 0.992016 3.052830 136 103 69
-2.618464 1.005544 3.049722 154 121 82
-2.615661 1.023686 3.039973 175 141 94
-2.606048 1.045391 3.042791 177 142 94
-2.854329 0.748657 3.138056 173 164 145
-2.844746 0.754552 3.131075 169 156 135
-2.826753 0.763487 3.127907 168 149 122
-2.812737 0.771458 3.124998 162 137 104
-2.795537 0.778769 3.113913 121 93 70
-2.653220 0.948151 3.049788 174 140 92
-2.644126 0.964589 3.045831 174 140 91
-2.631267 0.984857 3.041395 168 134 89
-2.622998 1.003192 3.035534 107 83 60
-2.617213 1.014494 3.034480 159 128 87
-2.839907 0.750806 3.116435 169 150 119
-2.828889 0.758225 3.110156 168 146 114
-2.811205 0.766562 3.102428 149 124 90
-2.793480 0.778476 3.100247 103 80 59
-2.777985 0.791786 3.092072 90 72 55
-2.766285 0.801420 3.085433 149 120 87
-2.751525 0.819809 3.078858 175 145 99
-2.738941 0.833265 3.073157 174 141 92
-2.723900 0.852218 3.066383 173 138 88
-2.712291 0.864212 3.060466 175 141 90
-2.699717 0.880074 3.055606 170 136 88
-2.686489 0.896097 3.049826 141 111 75
-2.674422 0.912655 3.043287 102 81 60
-2.666036 0.928546 3.038760 169 140 96
-2.655550 0.950015 3.035364 177 145 98
-2.646196 0.969421 3.030165 178 145 97
-2.638753 0.978930 3.027912 178 146 97
-2.812433 0.764212 3.086164 135 110 79
-2.796598 0.775076 3.081616 120 96 67
-2.783762 0.787512 3.074060 91 73 53
-2.767519 0.801345 3.069641 94 75 55
-2.755055 0.815909 3.060154 166 137 95
-2.742779 0.832861 3.057784 174 142 95
-2.729207 0.848769 3.050580 174 141 93
-2.717627 0.864087 3.044482 174 142 94
-2.707173 0.877616 3.040369 174 142 94
-2.691231 0.895403 3.034793 174 142 95
-2.681846 0.909911 3.029292 98 78 58
-2.671181 0.924274 3.024772 97 79 58
-2.771318 0.799110 3.055879 83 71 57
-2.755963 0.815070 3.047499 137 109 76
-2.727196 0.849087 3.037007 180 152 104
-2.723607 0.853020 3.032461 182 156 107
-2.545366 1.696526 3.644118 155 152 144
-2.545618 1.669177 3.636977 146 124 96
-2.540198 1.681106 3.637577 105 98 85
-2.565934 1.623461 3.635221 127 107 83
-2.557190 1.636525 3.632157 109 92 74
-2.547281 1.653483 3.628646 90 80 68
-2.543124 1.669808 3.627942 85 82 73
-2.703475 1.463424 3.672399 34 25 20
-2.696788 1.480964 3.670094 47 39 32
-2.598930 1.593235 3.624088 129 111 91
-2.585835 1.605987 3.628062 132 115 92
-2.575379 1.615875 3.624384 106 91 74
-2.560134 1.633489 3.620378 79 71 61
-2.552972 1.647493 3.616480 59 55 49
-2.735191 1.424644 3.677022 0 0 0
-2.725488 1.432855 3.668449 98 84 69
-2.711774 1.446042 3.666616 111 98 85
-2.699317 1.460324 3.663303 132 120 107
-2.687797 1.474567 3.657671 161 148 136
-2.678240 1.488231 3.649816 202 195 186
-2.670290 1.500240 3.643457 209 204 194
-2.590064 1.597137 3.615847 111 100 87
-2.578994 1.610126 3.610649 63 53 49
-2.732827 1.410543 3.656937 187 181 170
-2.721621 1.421508 3.656675 187 179 167
-2.707120 1.434294 3.654787 186 177 165
-2.692056 1.447620 3.649852 195 188 178
-2.679573 1.461730 3.641872 197 188 178
-2.669290 1.478569 3.634230 203 193 179
-2.659523 1.492575 3.625378 207 197 181
-2.728171 1.398863 3.642310 185 178 168
-2.718790 1.407908 3.641762 187 179 170
-2.700159 1.420633 3.636943 191 183 173
-2.686259 1.434000 3.633836 195 187 176
-2.673403 1.448853 3.625499 198 189 177
-2.662454 1.466604 3.617835 202 190 173
-2.652702 1.484090 3.609305 205 194 177
-2.646882 1.496324 3.606448 207 198 182
-2.738221 1.382565 3.634622 186 180 168
-2.724341 1.388393 3.626571 185 177 167
-2.713373 1.397206 3.624498 188 180 170
-2.693166 1.411449 3.619954 188 178 168
-2.681815 1.422486 3.616468 191 181 169
-2.669639 1.439506 3.609418 196 185 172
-2.658524 1.457037 3.601733 199 187 171
-2.649198 1.474492 3.593026 200 187 170
-2.641023 1.485639 3.584766 203 191 172
-2.732792 1.364194 3.608824 184 177 163
-2.720278 1.377191 3.608647 181 171 158
-2.706676 1.387294 3.606456 180 167 154
-2.692387 1.400932 3.603841 180 166 150
-2.676016 1.412560 3.595529 176 161 143
-2.663235 1.429283 3.590047 146 129 112
-2.652952 1.446987 3.583502 131 114 96
-2.645356 1.463393 3.577331 131 115 98
-2.638523 1.476933 3.572617 151 134 111
-2.728447 1.355792 3.595339 142 126 109
-2.716692 1.366027 3.591819 154 135 113
-2.702563 1.376475 3.589923 138 121 102
-2.686704 1.388845 3.586077 123 107 88
-2.672493 1.404135 3.580659 102 84 68
-2.659580 1.417988 3.573945 103 83 64
-2.649862 1.435433 3.567115 121 99 74
-2.642109 1.451783 3.560027 129 108 82
-2.634032 1.465907 3.552884 154 130 97
-2.725219 1.344594 3.578402 167 148 117
-2.714523 1.353141 3.575269 146 127 102
-2.696024 1.364946 3.570990 139 114 83
-2.682074 1.378007 3.569716 144 118 85
-2.669101 1.392750 3.564817 163 135 99
-2.657425 1.409127 3.558643 182 155 114
-2.646645 1.426168 3.549504 191 164 122
-2.638538 1.442209 3.541858 192 166 122
-2.631969 1.452741 3.537330 193 167 123
-2.722222 1.331423 3.562097 117 99 83
-2.708817 1.342899 3.560284 132 114 93
-2.688709 1.353615 3.556408 158 135 102
-2.675407 1.365120 3.552047 169 141 106
-2.663949 1.380810 3.547749 182 153 113
-2.650229 1.398311 3.539783 190 163 119
-2.642179 1.412042 3.532707 191 164 121
-2.632670 1.432543 3.525855 191 164 121
-2.625390 1.442991 3.518437 194 168 123
-2.740894 1.289389 3.550028 182 170 146
-2.730904 1.302096 3.550648 164 152 131
-2.715699 1.318056 3.549516 131 115 94
-2.701496 1.331954 3.549011 128 111 90
-2.685333 1.344311 3.545766 146 123 92
-2.671345 1.358220 3.540086 171 144 106
-2.658371 1.372087 3.532702 186 157 115
-2.646825 1.386703 3.525444 188 161 118
-2.635481 1.402034 3.516462 191 164 120
-2.627330 1.420564 3.508662 191 164 120
-2.620542 1.433640 3.501638 193 167 122
-2.749060 1.265057 3.539711 51 42 33
-2.739873 1.277150 3.541264 97 82 65
-2.725635 1.290331 3.541400 122 103 80
-2.707976 1.302073 3.539597 122 101 78
-2.694926 1.315966 3.537398 146 121 89
-2.652908 1.357968 3.513078 181 152 108
-2.637636 1.377472 3.502487 185 156 112
-2.628427 1.390668 3.499347 190 164 119
-2.620460 1.411508 3.490722 190 161 116
-2.614650 1.423317 3.483483 192 165 119
-2.759160 1.242938 3.526404 177 162 133
-2.748432 1.254333 3.529812 156 137 108
-2.734258 1.265770 3.530764 157 134 101
-2.715216 1.275524 3.526354 175 151 114
-2.703894 1.285987 3.523949 162 135 96
-2.641792 1.366630 3.500956 184 156 111
-2.621427 1.381305 3.484156 137 115 86
-2.613820 1.396396 3.475940 150 126 92
-2.608342 1.411119 3.466503 149 124 89
-2.601014 1.423780 3.458634 185 155 105
-2.755083 1.231597 3.515501 178 161 130
-2.746527 1.238201 3.516615 180 160 128
-2.727336 1.251616 3.517336 179 157 121
-2.713678 1.267450 3.517754 174 151 113
-2.616354 1.372224 3.469262 83 68 53
-2.606910 1.388125 3.459353 99 81 62
-2.600834 1.402673 3.449092 103 82 61
-2.595133 1.413593 3.441563 134 109 79
-2.766217 1.206760 3.502367 174 154 121
-2.753243 1.218918 3.503423 172 150 118
-2.734377 1.225915 3.502683 139 114 88
-2.722782 1.240587 3.506736 132 105 81
-2.612244 1.362017 3.450313 175 143 97
-2.601916 1.378361 3.443238 185 155 108
-2.595938 1.397038 3.434718 175 146 103
-2.592299 1.406320 3.430336 188 159 111
-2.759498 1.194985 3.487532 175 153 117
-2.747288 1.205552 3.490195 175 152 116
-2.735132 1.216248 3.494610 175 151 113
-2.609872 1.342658 3.430118 183 151 102
-2.596962 1.365252 3.426466 184 153 105
-2.591484 1.383703 3.417055 184 154 106
-2.586289 1.396558 3.411495 186 157 108
-3.156103 0.719323 3.652567 153 146 132
-3.142734 0.735672 3.650002 149 141 127
-3.128438 0.752184 3.643931 148 138 124
-3.112901 0.765295 3.636303 155 148 134
-3.106297 0.778988 3.627326 168 163 152
-3.102962 0.790043 3.618573 180 183 179
-2.770802 1.173877 3.477195 172 150 114
-2.756695 1.181639 3.475027 173 150 115
-2.737555 1.191894 3.473757 175 149 112
-2.593335 1.354958 3.409174 182 149 101
-2.586935 1.374566 3.401766 182 151 104
-2.580936 1.386323 3.392409 186 157 108
-3.153494 0.710769 3.645506 151 142 128
-3.122446 0.756899 3.632660 147 135 114
-3.096553 0.776122 3.623402 180 179 174
-3.088637 0.783815 3.610330 187 188 186
-2.776488 1.143827 3.460304 168 145 109
-2.765938 1.156910 3.461420 161 138 103
-2.750543 1.168642 3.462002 158 135 103
-2.734117 1.179564 3.461545 153 131 99
-2.585144 1.345864 3.388285 176 143 96
-2.581019 1.360613 3.384018 181 150 103
-2.577731 1.373692 3.376677 184 154 105
-3.149781 0.700894 3.625241 150 145 133
-3.080216 0.781830 3.593718 185 186 184
-3.073835 0.781006 3.586028 184 186 184
-2.946069 0.936281 3.520063 177 160 125
-2.930596 0.952889 3.515522 179 160 124
-2.917123 0.967541 3.509877 176 155 120
-2.906237 0.981707 3.503779 173 151 114
-2.891538 0.996677 3.497957 174 150 111
-2.882761 1.008700 3.491814 164 137 99
-2.869625 1.023837 3.485706 132 101 75
-2.841689 1.057942 3.471435 13 0 9
-2.788330 1.118045 3.450815 136 116 88
-2.775459 1.130594 3.448785 121 100 75
-2.759418 1.145141 3.450591 92 76 61
-2.745540 1.153645 3.450243 89 74 59
-2.583980 1.337281 3.384275 180 146 98
-2.575100 1.352031 3.366458 148 117 81
-2.571519 1.364209 3.358929 127 101 71
-2.564319 1.372792 3.347905 0 0 0
-3.142173 0.695998 3.602979 92 91 89
-3.138627 0.700543 3.592699 93 88 84
-3.073225 0.772606 3.579229 159 160 157
-3.069395 0.776003 3.572239 173 174 172
-2.989490 0.876370 3.523624 164 147 119
-2.975127 0.885083 3.522356 168 148 120
-2.963495 0.899352 3.519760 169 150 121
-2.949867 0.914561 3.516548 169 149 118
-2.936349 0.927807 3.513362 172 151 120
-2.923211 0.941618 3.509648 173 151 119
-2.910452 0.956935 3.503403 170 148 113
-2.895988 0.975769 3.497669 159 134 100
-2.883950 0.987914 3.491862 136 109 83
-2.871914 1.003557 3.484512 135 105 75
-2.861709 1.018305 3.477225 100 75 57
-2.849555 1.031469 3.471141 110 85 62
-2.836419 1.045791 3.462986 114 88 62
-2.822993 1.060724 3.456390 75 59 47
-2.809476 1.075047 3.451233 138 112 78
-2.796260 1.091734 3.444486 136 112 82
-2.785187 1.105045 3.441534 92 76 60
-2.770679 1.119440 3.439929 108 87 63
-2.755333 1.132132 3.437951 127 108 86
-2.577602 1.327457 3.357206 170 135 91
-2.571341 1.343036 3.350939 171 138 94
-2.568803 1.355257 3.343858 158 126 86
-3.132376 0.688065 3.591500 83 83 82
-3.132829 0.692167 3.581387 103 100 95
-3.063380 0.769929 3.554181 154 155 152
-3.025973 0.818064 3.523386 161 146 121
-3.008891 0.828768 3.523032 162 148 125
-2.998237 0.840723 3.520641 163 146 122
-2.983658 0.857329 3.520620 160 145 123
-2.972121 0.872086 3.519022 162 145 123
-2.956703 0.884309 3.514838 166 147 124
-2.940616 0.901449 3.510961 168 151 129
-2.924890 0.919585 3.505220 168 151 128
-2.913289 0.931882 3.499180 173 151 122
-2.905307 0.943512 3.498792 174 151 119
-2.877229 0.981605 3.477005 110 85 62
-2.866460 0.993370 3.466725 113 92 67
-2.856395 1.004420 3.463764 92 75 61
-2.842197 1.019418 3.458952 74 62 55
-2.827515 1.036263 3.450693 113 88 64
-2.812511 1.047675 3.446029 89 71 57
-2.800925 1.066109 3.442796 98 78 61
-2.788322 1.075928 3.437873 121 98 74
-2.775163 1.094884 3.429641 98 80 60
-2.762627 1.107466 3.422434 94 78 60
-2.749240 1.119134 3.413477 115 97 79
-2.571463 1.314417 3.335530 178 143 96
-2.567897 1.330442 3.331091 178 144 97
-2.564743 1.343017 3.324135 181 149 101
-3.122762 0.685171 3.566311 157 145 122
-3.057692 0.761559 3.536046 88 88 90
-3.051265 0.773354 3.521985 139 139 133
-3.031942 0.788826 3.520290 155 145 129
-3.020206 0.806205 3.519159 157 142 120
-3.005303 0.818751 3.517490 159 142 119
-2.993373 0.827985 3.523610 168 161 145
-2.980861 0.841935 3.517808 90 86 81
-2.885516 0.952911 3.458394 142 122 91
-2.874375 0.967047 3.452090 138 117 98
-2.863145 0.982156 3.447660 119 98 71
-2.853327 0.993073 3.442843 106 87 66
-2.840788 1.007008 3.438312 100 95 101
-2.821363 1.028977 3.437474 146 124 121
-2.810154 1.043486 3.430861 120 106 102
-2.782386 1.072977 3.410596 144 118 87
-2.771385 1.085017 3.407839 139 112 79
-2.758000 1.098270 3.402873 134 108 76
-2.743219 1.108840 3.397047 144 115 79
-2.569536 1.302511 3.323491 176 141 94
-2.564651 1.321680 3.313736 176 143 96
-2.560602 1.335728 3.309237 181 151 103
-3.114919 0.680318 3.548868 160 142 110
-3.112980 0.682801 3.537564 158 132 92
-3.048671 0.752300 3.525063 88 88 91
-3.042939 0.766830 3.516009 139 137 134
-3.026611 0.778827 3.512347 152 141 126
-3.016908 0.792067 3.511609 153 141 125
-2.882058 0.936112 3.440166 145 125 97
-2.868548 0.955533 3.436424 137 114 87
-2.856182 0.970589 3.429657 131 107 77
-2.847460 0.982912 3.427287 121 101 75
-2.835922 0.993966 3.416320 115 97 77
-2.779544 1.062634 3.392943 141 116 85
-2.771835 1.072205 3.388847 143 115 82
-2.754294 1.086056 3.387076 148 119 85
-2.742356 1.102952 3.380176 143 116 81
-2.565269 1.294262 3.306587 175 140 93
-2.561371 1.312201 3.297983 178 145 98
-2.557415 1.322198 3.292656 182 153 103
-3.110342 0.673820 3.531645 162 139 98
-3.106292 0.675919 3.528005 160 136 97
-3.041000 0.742981 3.510815 132 129 128
-3.034552 0.752026 3.508510 148 146 144
-2.882319 0.925952 3.420605 142 125 99
-2.868639 0.945649 3.418742 140 118 90
-2.855316 0.961088 3.417472 140 116 84
-2.842384 0.977139 3.412107 130 108 78
-2.827847 0.981510 3.403795 137 117 100
-2.775540 1.051506 3.378368 140 115 85
-2.766804 1.066833 3.378721 143 114 80
-2.751843 1.076853 3.373121 147 117 82
-2.736574 1.092366 3.368689 150 121 82
-2.559798 1.282448 3.286549 172 135 91
-2.558405 1.300511 3.279166 177 143 96
-2.556216 1.308311 3.271932 184 154 104
-3.097751 0.671258 3.509343 162 138 97
-2.889835 0.909062 3.416691 143 127 103
-2.879494 0.919739 3.412840 137 120 95
-2.865928 0.935007 3.405913 139 119 93
-2.850291 0.951405 3.399333 136 114 86
-2.843582 0.962572 3.397162 138 118 92
-2.826903 0.968945 3.390087 121 103 81
-2.770717 1.042200 3.362612 139 114 81
-2.756724 1.054849 3.355763 140 113 77
-2.747976 1.065749 3.356268 143 114 78
-2.733844 1.079546 3.348298 142 115 81
-2.556746 1.273906 3.270161 131 103 75
-2.555612 1.289299 3.264354 139 111 77
-2.552239 1.298689 3.257478 89 72 48
-3.092003 0.666118 3.494382 166 142 101
-3.082229 0.666707 3.484962 166 141 99
-2.900927 0.887881 3.396257 146 123 94
-2.886889 0.895707 3.399488 136 119 94
-2.871604 0.910174 3.393715 134 117 92
-2.860276 0.925506 3.387796 136 118 93
-2.843950 0.940697 3.386687 138 115 84
-2.839922 0.948873 3.376691 145 124 97
-2.767626 1.032184 3.345656 136 112 79
-2.756801 1.043467 3.341357 135 111 77
-2.742878 1.053099 3.337419 139 112 76
-2.728186 1.073393 3.333063 138 112 75
-2.555103 1.263953 3.254359 174 140 94
-2.554332 1.279090 3.246739 158 128 88
-2.550078 1.293198 3.242622 77 43 32
-3.075514 0.664641 3.468494 171 147 106
-3.060832 0.672220 3.461682 169 143 101
-3.045080 0.681034 3.454717 167 141 97
-2.903571 0.859017 3.382138 141 119 89
-2.893019 0.871864 3.383622 142 120 93
-2.885068 0.880746 3.380015 138 119 93
-2.867655 0.896162 3.376525 133 115 91
-2.855339 0.913780 3.373296 140 121 96
-2.838294 0.922764 3.371440 114 101 85
-2.774365 1.002226 3.334670 137 112 80
-2.763720 1.016544 3.324353 136 111 77
-2.750705 1.029826 3.323970 139 114 82
-2.739549 1.043488 3.320926 140 115 80
-2.554127 1.252799 3.235253 175 141 94
-2.552902 1.264060 3.228492 178 146 98
-3.074343 0.665773 3.453589 170 145 103
-3.058891 0.672755 3.443820 175 152 111
-3.045983 0.683066 3.437578 170 146 104
-3.033630 0.692182 3.430720 167 143 101
-3.016315 0.703862 3.424061 166 141 102
-3.004975 0.711698 3.424980 157 130 97
-2.899015 0.848148 3.366366 146 121 86
-2.889266 0.858562 3.363300 142 119 87
-2.877285 0.871139 3.358058 143 121 93
-2.862586 0.886835 3.354861 143 125 101
-2.850032 0.901411 3.352941 148 131 107
-2.841335 0.904476 3.343544 157 141 123
-2.825305 0.924341 3.337863 148 133 112
-2.810176 0.941974 3.330898 133 116 92
-2.796391 0.957116 3.326151 127 109 87
-2.782970 0.974514 3.319272 125 108 85
-2.773538 0.992704 3.316327 129 109 82
-2.759323 1.001984 3.312086 131 107 75
-2.747350 1.019593 3.309619 137 111 78
-2.733813 1.031814 3.304213 140 114 81
-2.556615 1.226280 3.224234 172 137 89
-2.554684 1.243341 3.216466 173 140 92
-2.550376 1.256527 3.215024 180 149 99
-3.043871 0.682003 3.424558 180 161 122
-3.030575 0.691895 3.421856 176 154 115
-3.016371 0.706532 3.416145 169 145 108
-3.002266 0.718309 3.408949 131 107 82
-2.990959 0.733228 3.402730 158 134 102
-2.977450 0.746258 3.399071 162 137 102
-2.964798 0.761202 3.390390 148 122 91
-2.951590 0.776452 3.383340 106 83 66
-2.939999 0.789788 3.377277 115 93 72
-2.926333 0.805344 3.373414 148 118 83
-2.912072 0.821776 3.367585 133 105 74
-2.899397 0.834444 3.361176 141 114 80
-2.888495 0.852097 3.356364 147 119 87
-2.875314 0.863464 3.348577 149 127 101
-2.859963 0.877634 3.340944 162 147 128
-2.846279 0.888911 3.336502 165 152 135
-2.832222 0.904855 3.328901 154 140 120
-2.820906 0.920898 3.324093 141 126 104
-2.807038 0.934930 3.318369 137 121 101
-2.794037 0.949763 3.315400 129 111 86
-2.781514 0.964009 3.310054 128 111 88
-2.768479 0.983769 3.303300 127 108 81
-2.755093 0.997386 3.297179 128 107 75
-2.745765 1.008601 3.295443 132 108 73
-2.556757 1.218542 3.208655 172 136 88
-2.553168 1.232640 3.201209 175 141 93
-2.549563 1.246163 3.198788 182 152 101
-2.869879 0.860677 3.327086 163 154 140
-2.858460 0.868586 3.326400 167 158 145
-2.842559 0.880740 3.323136 167 157 143
-2.831366 0.897682 3.315877 149 138 121
-2.817616 0.909400 3.314719 146 133 114
-2.801808 0.929286 3.308582 130 112 89
-2.791373 0.938771 3.303113 122 103 80
-2.780714 0.957475 3.295705 120 103 80
-2.764642 0.974343 3.290122 126 108 79
-2.752244 0.981342 3.285717 126 106 76
-2.749822 1.004873 3.278810 136 112 81
-2.554673 1.205170 3.188667 169 134 89
-2.553313 1.220630 3.185463 175 140 92
-2.866462 0.849300 3.305821 163 156 144
-2.856000 0.856760 3.308032 163 155 145
-2.837759 0.865202 3.304552 159 151 139
-2.823782 0.886785 3.300335 149 139 123
-2.815921 0.895874 3.292925 152 144 126
-2.556826 1.178917 3.175565 86 70 56
-2.554377 1.197029 3.174487 113 89 65
-2.553381 1.211219 3.173383 146 114 77
-2.862718 0.838399 3.290926 156 148 138
-2.848921 0.845417 3.291241 146 137 127
-2.834060 0.851365 3.289215 134 124 112
-2.564919 1.154777 3.160484 133 99 73
-2.558993 1.170089 3.161199 128 99 70
-2.557282 1.186406 3.156706 104 81 60
-2.548236 1.204482 3.153865 0 0 0
-2.860025 0.828527 3.276196 164 157 147
-2.845950 0.835588 3.276041 159 152 142
-2.828264 0.843121 3.271307 164 155 144
-2.565153 1.144452 3.148251 165 127 81
-2.563147 1.159773 3.143547 166 129 83
-2.856330 0.818246 3.260572 168 162 153
-2.841504 0.825472 3.256149 168 161 153
-2.824471 0.833215 3.254198 170 161 153
-2.569545 1.118859 3.134928 167 129 82
-2.566709 1.136132 3.132967 167 130 83
-2.564281 1.147822 3.130311 169 132 85
-2.852505 0.807792 3.241868 171 165 157
-2.837871 0.815533 3.241191 171 164 155
-2.818452 0.825945 3.237990 171 162 154
-2.577919 1.094288 3.128318 139 101 71
-2.572454 1.107781 3.123334 157 120 80
-2.568451 1.123662 3.116269 162 128 85
-2.566414 1.140934 3.116237 163 126 81
-2.846538 0.794144 3.222649 132 123 112
-2.831245 0.803021 3.222407 149 141 129
-2.816309 0.813559 3.222861 158 149 139
-2.577486 1.085043 3.111269 89 72 58
-2.573661 1.102987 3.106740 105 83 62
-2.568685 1.113900 3.102912 95 77 60
-2.842346 0.787130 3.206973 141 132 120
-2.828309 0.793769 3.206240 122 111 96
-2.812461 0.801102 3.202402 101 88 72
-2.592949 1.042798 3.100705 174 138 93
-2.587515 1.058695 3.099940 153 120 80
-2.582620 1.076450 3.095109 139 109 75
-2.577036 1.091218 3.090512 126 99 66
-2.838177 0.776904 3.185746 171 164 153
-2.825046 0.784582 3.185076 163 153 137
-2.807436 0.794397 3.184658 136 123 105
-2.608070 1.012462 3.092784 169 133 84
-2.599877 1.033264 3.087618 168 131 83
-2.594057 1.052064 3.082147 169 133 85
-2.588684 1.066605 3.082775 168 131 84
-2.835121 0.768221 3.171925 80 73 65
-2.821940 0.777329 3.166987 113 100 83
-2.805205 0.787134 3.164810 115 99 78
-2.790562 0.795110 3.160164 148 128 98
-2.775417 0.807992 3.151703 168 135 96
-2.627968 0.979928 3.088257 167 129 82
-2.619988 0.991591 3.081972 169 133 85
-2.613651 1.008797 3.075835 171 135 87
-2.605122 1.026731 3.073328 172 136 87
-2.598663 1.040585 3.070286 171 135 86
-2.819064 0.773245 3.153470 160 145 122
-2.803929 0.780587 3.142358 172 153 122
-2.788336 0.791517 3.141546 176 152 114
-2.771377 0.805342 3.135239 172 142 101
-2.759530 0.817951 3.133200 170 139 96
-2.743363 0.831182 3.124728 173 141 95
-2.732959 0.842221 3.116973 169 136 90
-2.663874 0.920466 3.087855 172 138 89
-2.654405 0.936056 3.080670 172 136 87
-2.642580 0.954120 3.074588 171 136 87
-2.631909 0.970740 3.067961 171 135 88
-2.623398 0.985581 3.063138 154 120 79
-2.615801 1.002953 3.061852 173 140 93
-2.800286 0.777032 3.127431 159 135 102
-2.789554 0.784606 3.121625 142 116 86
-2.775594 0.797079 3.117428 164 135 99
-2.759398 0.812716 3.115238 173 142 98
-2.745268 0.824744 3.109657 172 141 95
-2.731108 0.841544 3.104125 171 139 92
-2.719886 0.852911 3.100465 171 139 91
-2.703772 0.867651 3.093824 163 131 87
-2.689203 0.883602 3.087058 122 95 67
-2.676818 0.897538 3.080264 105 81 59
-2.667021 0.914802 3.071693 175 143 95
-2.658261 0.930898 3.064758 175 142 94
-2.646129 0.949496 3.060734 175 142 93
-2.638574 0.962039 3.057425 175 142 93
-2.625652 0.979817 3.053186 109 73 44
-2.614986 0.992989 3.047313 13 0 0
-2.787185 0.781892 3.108832 87 66 45
-2.773192 0.795264 3.103904 146 118 84
-2.763507 0.806516 3.101480 181 152 108
-2.747987 0.821749 3.093684 175 145 98
-2.734683 0.836311 3.086742 173 141 93
-2.720578 0.852225 3.081089 172 139 90
-2.706276 0.866308 3.073785 173 141 91
-2.693985 0.880286 3.070826 166 134 88
-2.681893 0.895576 3.064724 103 82 59
-2.670268 0.912008 3.059596 140 110 77
-2.663069 0.924649 3.053040 177 145 97
-2.654325 0.936483 3.048542 182 152 101
-2.770272 0.788095 3.086614 0 0 0
-2.760262 0.794418 3.075372 0 0 0
-2.549760 1.639281 3.636674 136 118 90
-2.540722 1.653639 3.636665 125 117 98
-2.670858 1.396430 3.583251 0 0 0
-2.657765 1.379551 3.545850 192 169 123
-2.687401 1.327898 3.541762 143 117 85
-2.678933 1.339208 3.541431 136 112 83
-2.669328 1.351130 3.538342 169 143 106
-2.656468 1.366484 3.535773 192 169 124
-2.643718 1.379931 3.524903 192 167 123
-2.712952 1.291156 3.546163 0 0 0
-2.699917 1.299600 3.535679 164 140 101
-2.687295 1.314231 3.533114 173 147 108
-2.674799 1.328422 3.529003 183 157 114
-2.660586 1.343401 3.521282 186 159 117
-2.649589 1.355886 3.517127 190 163 121
-2.638888 1.372275 3.511006 192 167 123
-2.624792 1.383887 3.497205 197 175 127
-2.706828 1.276301 3.523212 181 157 117
-2.694814 1.286021 3.520711 177 151 112
-2.677817 1.300083 3.515543 156 130 94
-2.664769 1.313610 3.511508 145 122 90
-2.653309 1.326408 3.505991 138 115 85
-2.640590 1.342963 3.499236 132 110 80
-2.630178 1.361029 3.492916 136 114 84
-2.621408 1.374159 3.485239 134 112 81
-2.726216 1.238736 3.512385 185 161 125
-2.712382 1.247320 3.510621 163 141 104
-2.700947 1.260578 3.510104 128 107 80
-2.688214 1.275091 3.509861 137 116 85
-2.672793 1.289534 3.504236 97 78 58
-2.660244 1.303104 3.499251 92 74 57
-2.647853 1.316929 3.493171 102 83 63
-2.636300 1.333564 3.486382 104 85 64
-2.624421 1.347117 3.475544 125 103 76
-2.614236 1.365030 3.468154 113 92 68
-2.605307 1.374985 3.461298 137 110 75
-2.723932 1.227916 3.501438 120 95 73
-2.712408 1.238724 3.501669 114 93 72
-2.697684 1.249829 3.499790 125 103 78
-2.681012 1.263164 3.494120 144 121 89
-2.666831 1.276252 3.489127 158 132 97
-2.653548 1.292041 3.484192 178 152 111
-2.642448 1.306612 3.476683 185 158 114
-2.632958 1.319714 3.470283 186 159 113
-2.621152 1.338851 3.462911 183 154 109
-2.610818 1.356138 3.453929 186 157 110
-2.604124 1.366279 3.450301 189 161 113
-2.723804 1.213274 3.486935 178 151 113
-2.707520 1.225912 3.486210 179 154 115
-2.690578 1.237385 3.481871 180 154 114
-2.674491 1.249169 3.475381 181 153 112
-2.661023 1.263774 3.469943 181 151 110
-2.647028 1.278879 3.463995 182 152 108
-2.634702 1.294679 3.458017 183 154 109
-2.623455 1.309669 3.453200 185 156 109
-2.614501 1.328396 3.444539 183 152 104
-2.605882 1.342562 3.436203 184 153 105
-2.596745 1.357708 3.429892 186 156 108
-3.134967 0.712202 3.660256 143 134 122
-3.128262 0.727567 3.660663 151 143 130
-3.112794 0.743494 3.654243 155 149 136
-3.100254 0.755757 3.645497 165 161 151
-3.091730 0.763415 3.641097 178 179 171
-2.729749 1.190942 3.472337 181 156 116
-2.714957 1.201420 3.471137 178 152 112
-2.701736 1.212294 3.470524 178 151 111
-2.684595 1.225052 3.467215 178 151 111
-2.669577 1.239208 3.462289 177 147 107
-2.657087 1.258879 3.461447 181 152 110
-2.642488 1.272789 3.453561 181 151 107
-2.629730 1.288145 3.445912 181 152 106
-2.617325 1.301055 3.437748 182 151 104
-2.608021 1.317944 3.430955 183 152 103
-2.599287 1.333167 3.420978 183 152 104
-2.590749 1.348102 3.413555 185 155 106
-2.584699 1.358333 3.409560 190 162 112
-3.136945 0.688903 3.652846 156 148 129
-3.138430 0.700847 3.649799 145 136 125
-3.123062 0.713561 3.656592 144 136 122
-3.108421 0.735468 3.646826 148 139 125
-3.091128 0.751254 3.639240 169 165 153
-3.087151 0.764772 3.630237 182 181 176
-3.075823 0.770073 3.617259 191 192 190
-2.737184 1.165359 3.459796 166 145 102
-2.723242 1.176646 3.458116 135 113 84
-2.708379 1.187462 3.457752 146 122 91
-2.693298 1.199758 3.456128 156 130 98
-2.678842 1.215083 3.453379 162 133 102
-2.671903 1.226605 3.453075 173 142 101
-2.620117 1.283523 3.431131 182 151 104
-2.612729 1.289313 3.422137 180 150 103
-2.601840 1.304436 3.415935 181 150 104
-2.594248 1.322350 3.407355 182 150 103
-2.585755 1.336945 3.396817 183 151 103
-2.579017 1.345651 3.386554 186 156 106
-3.137631 0.681759 3.633752 155 154 142
-3.136829 0.688604 3.634590 147 142 133
-3.065999 0.768419 3.602498 191 192 191
-3.060765 0.771871 3.594157 193 194 192
-2.734291 1.153804 3.447509 90 74 57
-2.717782 1.165712 3.447095 100 80 62
-2.702657 1.176148 3.445761 117 94 71
-2.688671 1.186297 3.439904 136 109 79
-2.605467 1.287469 3.408405 180 149 101
-2.597100 1.292429 3.397795 179 148 100
-2.587979 1.310836 3.389509 180 149 100
-2.578935 1.327902 3.379629 173 140 94
-2.573019 1.337798 3.372424 128 100 68
-3.132027 0.680718 3.620129 98 97 94
-3.058499 0.762989 3.588243 183 185 182
-3.054766 0.764688 3.580136 186 187 185
-2.945537 0.894635 3.519742 182 172 148
-2.940052 0.905673 3.518064 178 165 142
-2.922409 0.921213 3.513316 182 167 142
-2.912153 0.933200 3.508806 183 166 137
-2.901370 0.947989 3.502907 179 160 127
-2.885079 0.965939 3.495824 129 107 87
-2.875209 0.977673 3.491802 129 105 73
-2.861864 0.987052 3.485201 92 69 50
-2.850529 1.003315 3.476297 90 73 53
-2.757293 1.112607 3.436909 78 65 51
-2.744283 1.127108 3.435588 113 93 71
-2.727993 1.140036 3.433693 129 108 79
-2.712498 1.152014 3.431919 138 113 83
-2.700956 1.160022 3.429377 149 123 91
-2.682184 1.184391 3.430110 138 110 80
-2.599232 1.271272 3.384117 178 146 99
-2.590822 1.281386 3.378771 178 146 98
-2.583114 1.300427 3.371412 179 146 98
-2.576411 1.317286 3.364341 179 147 99
-2.572033 1.329912 3.359644 181 149 102
-3.120010 0.674895 3.596164 95 93 91
-3.116695 0.676868 3.591055 109 109 103
-3.049910 0.749147 3.567726 154 153 150
-3.049667 0.758804 3.565030 179 180 177
-2.984373 0.838537 3.522858 170 165 155
-2.970993 0.850231 3.520998 120 112 106
-2.957853 0.859332 3.518051 156 149 140
-2.945735 0.875076 3.512960 175 164 149
-2.930748 0.892929 3.508280 175 162 145
-2.917452 0.907774 3.503866 176 162 143
-2.905355 0.921752 3.499254 178 162 139
-2.892267 0.937870 3.494553 178 160 131
-2.877330 0.951221 3.488961 147 129 103
-2.866145 0.965636 3.482576 117 96 75
-2.854121 0.982316 3.473584 133 108 86
-2.842848 0.993081 3.466093 100 79 60
-2.830895 1.012266 3.460508 76 62 49
-2.818972 1.028062 3.453341 149 116 78
-2.805782 1.042509 3.445137 105 83 61
-2.792854 1.056451 3.440056 82 63 51
-2.779054 1.071937 3.433384 162 132 88
-2.768467 1.084267 3.430187 156 129 88
-2.751186 1.100986 3.426233 111 90 65
-2.734719 1.113398 3.421774 83 68 53
-2.721349 1.125293 3.420210 76 62 50
-2.710464 1.140221 3.423950 68 55 46
-2.585486 1.277284 3.363810 177 144 96
-2.577101 1.290900 3.354420 179 146 97
-2.571624 1.305013 3.345757 180 147 98
-2.568953 1.320766 3.346748 184 152 104
-3.115748 0.671425 3.587734 147 140 124
-3.109459 0.672255 3.575267 159 147 123
-3.044306 0.750504 3.547689 156 156 153
-3.007465 0.796478 3.520620 167 160 147
-2.990609 0.810193 3.515008 164 155 140
-2.977529 0.825537 3.516828 131 126 119
-2.964847 0.838077 3.514857 121 117 114
-2.949344 0.851837 3.510817 107 101 98
-2.933053 0.868218 3.504988 178 173 166
-2.921174 0.881073 3.498250 179 171 162
-2.910250 0.893391 3.494097 177 167 155
-2.893279 0.912311 3.489542 177 163 149
-2.883197 0.926514 3.486068 182 167 149
-2.870777 0.939031 3.478493 158 141 122
-2.858158 0.953854 3.472874 106 88 75
-2.844863 0.968155 3.460791 132 108 89
-2.834447 0.984322 3.454194 92 72 55
-2.822427 0.999293 3.447543 73 61 52
-2.809274 1.015233 3.439904 142 111 76
-2.797548 1.031462 3.433084 90 71 54
-2.784619 1.045920 3.427609 89 72 57
-2.772334 1.059262 3.421806 151 124 91
-2.759968 1.072626 3.416373 169 138 95
-2.745175 1.087732 3.412388 170 139 96
-2.729643 1.100481 3.411579 162 133 92
-2.715451 1.115032 3.409252 149 120 84
-2.581897 1.263711 3.347451 177 144 96
-2.573002 1.280078 3.339067 178 145 97
-2.568306 1.295148 3.330771 178 145 96
-2.563053 1.312054 3.327013 182 152 100
-3.101071 0.668631 3.557180 165 148 118
-3.099303 0.672841 3.544123 166 149 112
-3.039297 0.739801 3.527707 119 117 115
-3.031325 0.751711 3.513307 154 154 147
-3.015681 0.771989 3.510967 160 150 137
-3.000103 0.783661 3.508880 163 155 144
-2.986488 0.799510 3.509604 162 156 146
-2.973998 0.812650 3.509275 130 124 116
-2.958489 0.825078 3.506906 141 140 137
-2.864560 0.932699 3.466518 163 146 128
-2.842039 0.958876 3.439407 124 100 78
-2.828805 0.972902 3.439350 102 79 59
-2.814689 0.988587 3.434415 84 68 57
-2.801369 1.005107 3.426505 119 93 66
-2.789292 1.019398 3.419623 77 62 53
-2.776789 1.034470 3.416407 125 98 71
-2.764743 1.049331 3.409950 162 132 95
-2.753391 1.061731 3.402873 169 137 93
-2.738869 1.075823 3.397290 166 133 90
-2.723545 1.087431 3.392903 166 135 92
-2.578131 1.249955 3.328338 173 139 92
-2.568792 1.269002 3.320035 178 145 97
-2.564235 1.285255 3.313553 178 144 96
-2.558774 1.294776 3.305233 184 154 101
-3.097952 0.664833 3.543094 167 149 116
-3.086588 0.663394 3.535048 168 151 120
-3.034100 0.729714 3.512323 145 141 137
-3.026921 0.745976 3.501828 153 151 146
-3.008752 0.760593 3.501871 163 159 151
-2.996104 0.772498 3.499759 160 155 147
-2.979877 0.785474 3.499126 165 161 155
-2.847680 0.939856 3.431475 138 110 79
-2.835792 0.951872 3.426825 123 99 71
-2.826333 0.963184 3.424168 113 89 64
-2.809260 0.978992 3.415585 87 70 55
-2.798298 0.993139 3.411426 87 69 54
-2.784929 1.008045 3.404726 84 68 57
-2.770459 1.023032 3.400507 159 128 87
-2.759589 1.037746 3.393598 164 133 98
-2.747996 1.048646 3.387972 165 134 92
-2.734848 1.065434 3.381665 159 128 86
-2.718519 1.076095 3.374997 164 135 92
-2.563208 1.256931 3.302357 155 126 89
-2.559345 1.271600 3.294888 167 136 93
-3.081657 0.662616 3.519413 169 151 116
-3.069271 0.665115 3.511798 169 150 116
-3.032170 0.705758 3.502527 173 153 124
-3.028379 0.718212 3.497018 165 157 145
-3.017334 0.734193 3.488947 159 156 149
-3.004619 0.745344 3.487946 157 151 143
-2.987787 0.759402 3.484068 150 145 137
-2.858525 0.910711 3.417995 115 96 76
-2.845481 0.925742 3.413991 132 119 106
-2.834043 0.938638 3.410725 122 100 76
-2.821546 0.951100 3.405400 123 102 84
-2.806783 0.965706 3.397530 114 94 74
-2.793239 0.982697 3.392812 130 110 93
-2.773019 1.013856 3.387037 114 98 79
-2.750437 1.030474 3.373189 144 117 83
-2.745622 1.039505 3.368465 137 111 78
-2.727807 1.053898 3.362534 138 112 79
-2.717813 1.066853 3.359074 136 109 76
-2.559561 1.246722 3.287118 132 105 77
-2.556100 1.263360 3.278864 120 94 68
-3.079951 0.661600 3.500869 169 149 112
-3.065437 0.664822 3.497063 173 152 115
-3.051385 0.674461 3.491629 172 149 110
-3.034802 0.691008 3.486141 174 151 111
-3.023112 0.704806 3.479649 174 154 123
-3.008272 0.722740 3.477063 166 157 143
-2.998522 0.732439 3.474280 124 112 99
-2.858763 0.902724 3.400356 128 109 87
-2.841087 0.913592 3.397042 136 119 103
-2.828229 0.928023 3.394068 121 102 78
-2.816583 0.939284 3.386912 134 115 95
-2.800748 0.956360 3.381373 147 125 102
-2.790614 0.971643 3.378134 155 133 107
-2.750369 1.023426 3.355268 155 125 86
-2.738012 1.028887 3.352244 150 120 81
-2.724509 1.045949 3.350613 139 113 84
-2.716545 1.059250 3.342454 130 104 70
-2.564148 1.222590 3.276590 174 139 92
-2.558465 1.239174 3.269421 178 145 96
-2.553571 1.254512 3.263493 176 144 97
-3.063761 0.663767 3.476874 174 152 113
-3.049261 0.672611 3.472185 175 153 113
-3.036224 0.683057 3.466965 175 152 112
-3.020782 0.695335 3.460261 175 152 111
-3.001924 0.711181 3.457377 176 160 133
-2.990351 0.721763 3.451795 93 74 58
-2.976228 0.734113 3.443849 109 95 80
-2.963698 0.749850 3.440359 133 124 104
-2.852495 0.890430 3.380942 132 117 92
-2.836553 0.902716 3.378556 129 112 88
-2.825035 0.916813 3.374588 132 115 94
-2.812204 0.931979 3.368956 149 130 105
-2.799156 0.945857 3.363145 172 148 120
-2.786333 0.959771 3.365145 178 155 127
-2.756047 0.992491 3.344357 150 121 88
-2.744702 1.005078 3.338981 150 119 83
-2.733843 1.019293 3.334044 154 126 96
-2.721350 1.031362 3.331493 155 128 97
-2.559716 1.210663 3.256970 174 140 91
-2.556808 1.227920 3.250711 176 143 94
-2.553481 1.241745 3.243426 178 144 95
-3.045409 0.672732 3.456835 178 156 115
-3.034150 0.680192 3.452471 177 154 113
-3.022107 0.691475 3.446444 174 150 108
-3.003070 0.706338 3.436115 171 148 111
-2.992281 0.715336 3.430702 112 90 68
-2.976170 0.729085 3.426411 141 124 103
-2.965541 0.741245 3.419659 162 145 118
-2.948834 0.757669 3.413254 101 76 56
-2.937480 0.770318 3.406776 132 110 81
-2.921768 0.786007 3.400783 96 77 61
-2.909514 0.797194 3.395361 98 80 63
-2.894656 0.813432 3.389099 96 80 63
-2.880585 0.830554 3.382595 106 79 57
-2.869598 0.843486 3.376927 109 85 65
-2.855337 0.855823 3.370485 101 85 72
-2.843907 0.875904 3.362971 139 120 99
-2.832901 0.889621 3.360280 167 153 133
-2.821637 0.904209 3.356938 169 156 138
-2.807441 0.919992 3.353996 161 147 128
-2.795269 0.932237 3.349308 139 124 107
-2.784405 0.943897 3.342937 116 100 85
-2.768930 0.956656 3.331732 128 109 87
-2.754481 0.983179 3.328118 136 110 81
-2.742402 0.994685 3.323767 139 110 78
-2.729497 1.008341 3.319135 141 115 88
-2.718373 1.022277 3.317633 153 126 93
-2.559152 1.201326 3.240608 172 136 88
-2.555540 1.218145 3.233768 174 139 91
-2.552057 1.232842 3.230308 176 142 93
-3.005483 0.705126 3.423701 175 153 114
-2.993261 0.716997 3.417640 92 71 56
-2.982549 0.727128 3.412454 147 126 96
-2.967966 0.742957 3.407184 163 140 104
-2.954959 0.756616 3.401411 133 107 78
-2.941745 0.770007 3.395354 131 107 82
-2.926343 0.785108 3.389953 91 74 60
-2.913337 0.797922 3.385241 142 118 87
-2.898546 0.815535 3.377906 107 84 63
-2.887066 0.827533 3.372489 122 98 75
-2.875658 0.843625 3.366849 127 102 78
-2.861654 0.854998 3.360802 120 101 83
-2.847138 0.871344 3.356749 166 145 120
-2.834220 0.885810 3.345470 175 163 147
-2.818347 0.897275 3.341339 174 163 150
-2.804965 0.909332 3.338388 161 150 135
-2.788734 0.924810 3.332652 137 123 108
-2.777445 0.940326 3.325555 131 114 95
-2.761389 0.955149 3.318972 133 115 97
-2.750591 0.969972 3.311914 120 100 76
-2.739644 0.982902 3.311926 128 109 94
-2.728474 0.994896 3.304585 133 108 77
-2.562495 1.179755 3.228698 169 134 85
-2.557511 1.192292 3.224770 170 135 87
-2.553770 1.207364 3.217229 175 140 91
-2.844897 0.867269 3.326675 176 171 159
-2.827207 0.878826 3.325733 179 171 159
-2.815682 0.886603 3.325451 179 170 158
-2.801366 0.899981 3.325605 174 164 150
-2.787655 0.912878 3.322090 166 154 138
-2.778022 0.927715 3.316997 149 136 122
-2.759562 0.945381 3.310137 141 122 100
-2.744107 0.963908 3.304349 123 102 80
-2.727356 0.982011 3.298340 128 108 84
-2.561129 1.161579 3.209154 166 131 85
-2.557210 1.180807 3.205289 172 137 89
-2.553156 1.195971 3.198266 176 142 93
-2.821923 0.867520 3.307360 167 159 146
-2.809060 0.874644 3.306642 167 158 144
-2.795946 0.886651 3.307158 160 151 136
-2.782083 0.900035 3.302990 164 155 139
-2.565797 1.135899 3.195556 91 72 57
-2.559677 1.154455 3.196342 123 98 69
-2.555823 1.172067 3.189139 127 100 71
-2.550145 1.184813 3.181391 84 67 43
-2.834226 0.848678 3.295380 104 94 85
-2.822210 0.855927 3.290804 106 95 82
-2.805137 0.865710 3.290644 102 90 74
-2.792288 0.868029 3.282120 123 113 96
-2.565950 1.131638 3.181805 145 111 74
-2.561676 1.144994 3.177916 130 101 69
-2.556830 1.163039 3.171940 107 85 62
-2.831818 0.839800 3.279641 172 166 152
-2.820011 0.846827 3.276996 163 155 143
-2.802471 0.857341 3.274430 165 156 142
-2.786692 0.864574 3.266140 178 167 153
-2.776004 0.873571 3.265216 177 166 151
-2.573300 1.104863 3.170023 166 128 81
-2.568462 1.120843 3.166431 167 130 82
-2.564384 1.137140 3.161550 168 131 84
-2.814708 0.837551 3.255928 176 168 159
-2.799096 0.847025 3.253776 177 168 156
-2.783321 0.856285 3.250117 177 166 152
-2.771356 0.865139 3.247325 176 165 150
-2.583243 1.076625 3.158074 167 131 84
-2.575860 1.095500 3.153529 166 129 82
-2.569983 1.111750 3.149089 167 130 82
-2.564092 1.128441 3.146565 163 125 81
-2.812393 0.827757 3.240092 175 167 158
-2.796271 0.837849 3.237635 177 169 157
-2.782151 0.847826 3.234946 179 169 155
-2.768951 0.856299 3.232128 178 167 151
-2.590578 1.054716 3.147720 160 123 79
-2.583000 1.070145 3.144293 168 133 86
-2.576389 1.087063 3.135386 163 127 84
-2.571648 1.101347 3.132351 170 134 87
-2.819206 0.796202 3.219123 0 0 0
-2.807527 0.814545 3.219996 171 164 151
-2.790391 0.827184 3.216736 177 169 157
-2.778844 0.835630 3.213974 177 168 153
-2.760274 0.847748 3.210964 182 170 149
-2.747792 0.856031 3.201117 140 121 98
-2.598048 1.026974 3.133849 94 79 66
-2.590229 1.044768 3.133244 102 81 61
-2.583223 1.062146 3.127182 111 88 64
-2.577919 1.075343 3.122697 125 102 80
-2.570975 1.090051 3.119625 156 123 81
-2.803781 0.807846 3.207058 95 83 70
-2.789121 0.817930 3.203624 119 106 90
-2.773380 0.826087 3.196770 116 101 85
-2.756629 0.838198 3.194659 130 114 94
-2.746936 0.850537 3.195160 152 136 113
-2.623415 0.985198 3.133931 135 97 76
-2.610098 1.002915 3.124481 158 124 85
-2.602402 1.017893 3.121635 142 112 77
-2.593943 1.037035 3.115371 129 101 70
-2.587585 1.051992 3.108579 124 97 68
-2.574986 1.070903 3.107778 58 56 60
-2.798432 0.798104 3.185916 153 142 123
-2.785748 0.808275 3.183891 99 83 64
-2.770402 0.819258 3.180243 92 76 58
-2.755304 0.829629 3.174445 105 86 66
-2.738716 0.842268 3.167783 102 83 63
-2.725067 0.852365 3.160582 96 77 59
-2.714251 0.863768 3.156069 83 67 54
-2.701921 0.875841 3.149703 99 79 62
-2.682750 0.898282 3.142002 174 142 100
-2.671570 0.913078 3.136410 169 134 86
-2.659107 0.927196 3.130739 168 132 83
-2.645556 0.947422 3.126828 168 131 82
-2.634612 0.964373 3.121653 169 132 84
-2.622423 0.982196 3.115260 170 134 86
-2.614462 0.995487 3.111268 172 137 88
-2.605493 1.012422 3.103184 170 135 87
-2.598371 1.028025 3.102038 172 139 90
-2.788096 0.788117 3.168495 0 0 0
-2.784700 0.800862 3.168816 106 86 66
-2.769673 0.813241 3.163190 156 130 95
-2.753615 0.825418 3.159232 170 143 102
-2.739429 0.837006 3.150902 176 148 104
-2.723601 0.850706 3.147083 154 126 87
-2.709839 0.862747 3.141438 120 96 67
-2.696367 0.876488 3.133091 109 86 62
-2.682780 0.891911 3.130167 158 127 88
-2.671972 0.906828 3.122512 172 139 91
-2.660800 0.922945 3.117277 170 136 87
-2.647023 0.941598 3.107623 170 134 84
-2.637642 0.957152 3.104189 170 133 84
-2.627111 0.973611 3.097137 170 133 84
-2.617560 0.990902 3.094128 171 136 87
-2.767963 0.805031 3.144373 176 151 108
-2.754230 0.817821 3.139823 177 149 104
-2.741931 0.831760 3.134290 172 141 95
-2.723740 0.847034 3.125834 175 143 97
-2.711652 0.858445 3.123968 164 132 87
-2.697920 0.871183 3.117417 116 90 64
-2.684213 0.885954 3.110625 117 91 65
-2.672622 0.902312 3.103401 171 138 92
-2.661479 0.919009 3.098391 173 138 89
-2.650040 0.934841 3.093668 172 137 87
-2.639377 0.950120 3.088545 171 137 86
-2.630362 0.963149 3.085165 170 133 84
-2.750034 0.815906 3.123264 178 153 105
-2.736745 0.829429 3.115882 173 142 97
-2.725687 0.839867 3.112947 176 148 100
-2.711573 0.854596 3.108423 178 148 99
-2.700408 0.868472 3.102081 161 129 84
-2.688335 0.880332 3.095747 98 76 53
-2.674371 0.896423 3.088499 127 100 69
-2.666877 1.249339 3.475276 188 163 118
-2.657213 1.263644 3.473383 187 160 116
-2.643925 1.277575 3.468515 190 163 118
-2.630145 1.289966 3.459677 190 164 116
-2.618825 1.301645 3.450348 185 153 108
-3.126310 0.704584 3.667924 152 145 131
-3.118267 0.719017 3.663715 153 145 131
-3.107555 0.733015 3.658884 155 149 136
-3.096332 0.745388 3.653002 165 161 149
-2.674158 1.231460 3.466177 182 157 113
-2.665017 1.236691 3.461302 181 153 110
-2.652273 1.251818 3.457075 182 153 110
-2.639249 1.266562 3.452291 183 155 110
-2.626125 1.280853 3.444250 183 155 108
-2.617640 1.293746 3.440703 185 156 109
-3.124032 0.694594 3.657490 143 136 125
-3.110294 0.708316 3.656438 133 124 110
-3.096757 0.724514 3.650451 138 129 115
-3.084283 0.740177 3.644537 155 149 136
-3.071642 0.752065 3.633630 179 178 172
-3.066921 0.762195 3.622407 193 194 191
-2.684268 1.198442 3.453589 122 98 72
-2.675132 1.209968 3.451517 171 144 104
-2.661218 1.225887 3.447299 179 150 107
-2.648105 1.239992 3.444286 182 153 108
-2.633169 1.255552 3.437685 183 154 108
-2.620109 1.271238 3.429827 182 153 106
-2.608045 1.285037 3.424901 186 158 110
-2.600242 1.295120 3.417013 186 159 110
-3.128787 0.676433 3.639034 157 156 145
-3.120783 0.682067 3.643322 144 139 131
-3.056677 0.748703 3.626194 192 191 188
-3.054367 0.755367 3.612379 193 194 192
-2.691697 1.173711 3.438864 179 154 110
-2.685153 1.184716 3.441113 165 137 99
-2.667908 1.199777 3.434829 176 146 103
-2.652932 1.215230 3.431747 180 151 105
-2.638771 1.228323 3.425765 181 151 105
-2.626827 1.244042 3.420037 181 150 104
-2.614888 1.259255 3.413623 182 151 104
-2.603806 1.274594 3.406410 181 150 104
-2.591062 1.289177 3.398853 186 157 108
-3.128125 0.671484 3.627786 154 150 135
-3.118419 0.670165 3.626462 151 145 133
-3.043701 0.749961 3.596434 192 193 191
-3.046323 0.757747 3.589887 193 194 192
-2.700147 1.154546 3.432166 166 138 90
-2.690182 1.161208 3.427725 135 112 79
-2.674799 1.172925 3.425219 140 118 85
-2.659488 1.185467 3.421052 149 124 88
-2.643728 1.200326 3.415082 170 142 99
-2.631565 1.216283 3.411137 180 150 104
-2.618586 1.231566 3.404873 180 150 104
-2.608611 1.245650 3.397493 179 148 101
-2.598741 1.262822 3.389941 179 148 101
-2.588341 1.276916 3.382158 181 151 103
-2.581488 1.289220 3.376572 183 153 104
-3.109029 0.665791 3.606199 154 146 131
-3.102273 0.667206 3.596948 159 151 137
-3.036944 0.739981 3.581960 183 182 179
-3.037354 0.746074 3.575785 187 188 184
-2.711181 1.124735 3.417788 72 58 47
-2.701040 1.135734 3.417083 64 54 44
-2.684395 1.149738 3.414814 61 51 44
-2.668164 1.160966 3.409981 74 61 50
-2.653718 1.176468 3.408120 80 67 53
-2.639744 1.190520 3.403442 93 77 60
-2.624966 1.204859 3.397460 123 100 73
-2.613243 1.219355 3.390875 156 126 89
-2.603696 1.235371 3.383470 176 144 98
-2.594075 1.251278 3.375019 178 147 99
-2.584900 1.267466 3.366564 180 149 101
-2.576542 1.279545 3.359946 182 152 103
-3.102907 0.661099 3.596119 164 155 139
-3.093756 0.661907 3.584475 167 157 138
-3.033269 0.729232 3.562664 178 173 164
-3.033582 0.738182 3.556710 179 178 173
-2.955483 0.830442 3.510879 183 185 182
-2.939516 0.848064 3.506534 91 85 83
-2.928538 0.859638 3.502998 179 176 169
-2.916470 0.874647 3.498153 186 182 174
-2.904039 0.888889 3.492854 187 181 171
-2.889003 0.907262 3.486033 164 152 138
-2.877063 0.919259 3.479753 174 163 147
-2.865237 0.935254 3.476715 176 162 143
-2.852283 0.947184 3.468030 105 90 77
-2.839628 0.961830 3.461279 172 150 115
-2.825094 0.979091 3.454111 134 112 63
-2.720822 1.100936 3.408622 176 147 101
-2.708648 1.113237 3.407915 172 144 98
-2.694067 1.125101 3.402903 161 134 94
-2.678345 1.136875 3.400314 168 140 96
-2.663591 1.149176 3.396347 169 140 97
-2.649786 1.163666 3.393459 158 130 91
-2.634172 1.178822 3.387360 159 130 92
-2.620407 1.194602 3.380665 170 138 98
-2.607788 1.211651 3.375677 178 146 101
-2.596482 1.226526 3.364400 179 147 100
-2.588617 1.240294 3.358669 180 148 100
-2.579512 1.257098 3.350161 180 149 100
-2.571914 1.271082 3.343326 182 151 102
-3.086595 0.660267 3.567486 170 158 137
-3.073987 0.660530 3.562330 172 161 137
-3.028836 0.716381 3.544069 181 168 148
-3.028214 0.727488 3.540589 179 174 163
-2.975613 0.790480 3.506099 178 177 172
-2.960020 0.809028 3.503818 95 91 86
-2.951383 0.820912 3.501816 173 173 171
-2.934801 0.837069 3.496170 138 135 131
-2.922594 0.849369 3.492152 116 109 105
-2.908183 0.862203 3.484100 179 177 173
-2.895817 0.878925 3.479433 188 185 181
-2.882482 0.896032 3.473910 123 112 104
-2.869891 0.907802 3.468040 166 156 143
-2.858892 0.919585 3.460963 181 170 156
-2.845507 0.937968 3.456345 109 94 82
-2.834371 0.952211 3.448554 171 150 122
-2.819829 0.968879 3.439995 103 81 64
-2.808673 0.980470 3.431776 115 93 67
-2.796890 0.993399 3.426626 169 139 88
-2.774190 1.014986 3.419172 41 25 24
-2.774653 1.023781 3.418451 116 89 58
-2.745173 1.053775 3.400339 176 147 99
-2.729111 1.072814 3.396226 174 144 98
-2.717059 1.087632 3.396602 175 145 99
-2.704777 1.100156 3.391408 174 143 98
-2.687031 1.110645 3.385843 176 146 100
-2.671443 1.125605 3.383086 178 148 102
-2.657875 1.138720 3.378729 177 146 100
-2.643807 1.153466 3.375238 177 146 99
-2.632021 1.167548 3.371675 177 145 98
-2.617193 1.183078 3.363824 177 144 97
-2.603061 1.200157 3.356943 177 144 98
-2.589860 1.216035 3.347356 179 147 99
-2.583252 1.228384 3.340573 178 147 98
-2.574561 1.245042 3.331601 180 148 100
-2.569220 1.257449 3.325456 181 149 101
-3.084823 0.658977 3.551257 171 158 133
-3.070840 0.660897 3.546054 173 160 134
-3.053495 0.667720 3.536043 175 158 128
-3.038776 0.684493 3.528495 178 155 115
-3.028358 0.706317 3.529111 181 164 136
-3.026926 0.716985 3.521238 175 164 147
-2.983713 0.770036 3.498100 175 174 170
-2.971764 0.780991 3.493612 164 163 159
-2.954230 0.796234 3.490382 100 94 89
-2.942583 0.806722 3.486152 176 176 174
-2.925656 0.823658 3.481093 175 175 172
-2.912501 0.836650 3.475492 86 78 72
-2.900264 0.848864 3.470527 174 172 168
-2.887245 0.865252 3.464907 189 188 186
-2.873806 0.881201 3.457680 99 91 84
-2.860703 0.894339 3.452708 169 162 151
-2.851099 0.907842 3.447484 178 168 154
-2.836090 0.924269 3.440889 111 97 84
-2.825226 0.939363 3.433734 179 159 129
-2.812948 0.958689 3.427237 105 84 69
-2.803183 0.972142 3.420649 128 101 72
-2.790693 0.987916 3.413472 100 80 62
-2.779777 1.000696 3.407041 86 67 53
-2.765660 1.016084 3.398990 172 141 97
-2.752863 1.030300 3.391722 170 140 98
-2.740121 1.045419 3.387361 171 139 97
-2.726829 1.061552 3.385231 172 140 95
-2.710783 1.076469 3.380919 173 142 95
-2.693650 1.088759 3.375615 173 141 96
-2.679624 1.102453 3.372789 174 142 97
-2.668255 1.115216 3.370270 176 144 98
-2.653316 1.128894 3.364348 175 143 95
-2.638780 1.142139 3.359240 175 141 92
-2.620790 1.166147 3.356957 175 141 94
-2.612081 1.173390 3.349119 172 138 91
-2.594261 1.191921 3.338182 158 126 85
-2.584051 1.204086 3.331587 153 122 85
-2.576095 1.216710 3.323585 143 115 81
-2.568127 1.235281 3.314244 148 120 84
-2.563978 1.249196 3.310861 179 149 99
-3.068749 0.659492 3.529168 175 161 133
-3.055124 0.667040 3.525581 175 158 125
-3.041957 0.681425 3.518725 176 153 115
-3.029481 0.695145 3.512947 179 159 123
-3.025286 0.708532 3.504636 177 161 136
-2.991041 0.746433 3.484996 144 139 133
-2.979119 0.759105 3.484326 175 175 172
-2.966733 0.769525 3.479669 164 163 159
-2.947307 0.785779 3.476375 99 94 88
-2.938269 0.794174 3.473546 163 161 156
-2.923385 0.810133 3.467597 178 178 176
-2.907344 0.823348 3.460464 90 81 73
-2.893582 0.838564 3.456614 168 166 161
-2.882016 0.851921 3.451101 181 178 173
-2.868485 0.869961 3.445532 87 78 70
-2.854265 0.882488 3.438713 176 170 158
-2.844192 0.897102 3.433823 161 151 139
-2.831258 0.911152 3.427779 118 103 89
-2.819841 0.927232 3.421041 178 159 132
-2.805433 0.944459 3.412587 117 96 74
-2.795319 0.958773 3.406267 121 98 74
-2.784347 0.974139 3.397444 125 100 76
-2.772668 0.990823 3.391132 140 113 84
-2.758292 1.006957 3.382262 130 104 75
-2.745498 1.021788 3.378024 108 86 63
-2.733512 1.033728 3.374793 113 90 65
-2.720654 1.046230 3.370743 137 110 76
-2.703363 1.061362 3.362479 163 131 89
-2.688746 1.075604 3.361697 171 140 94
-2.674569 1.088973 3.356827 171 139 93
-2.661336 1.102194 3.350624 172 139 92
-2.647130 1.116676 3.346932 173 139 91
-2.634311 1.131899 3.344100 173 140 91
-2.618889 1.143610 3.331551 174 140 90
-2.610043 1.159167 3.330776 164 126 84
-2.592070 1.179476 3.322515 153 120 85
-2.581215 1.191488 3.316247 159 128 89
-2.572919 1.207018 3.309845 145 115 80
-2.564729 1.226680 3.299145 130 104 75
-2.556480 1.240620 3.298913 15 4 3
-3.052438 0.664626 3.506073 180 163 130
-3.041265 0.674406 3.497415 180 161 124
-3.029646 0.687465 3.492805 179 158 122
-3.016803 0.702104 3.479992 181 164 133
-3.001130 0.719607 3.473210 178 171 153
-2.989409 0.736101 3.473024 110 98 91
-2.976758 0.745794 3.467435 149 145 139
-2.963994 0.757493 3.463200 167 166 161
-2.945840 0.774536 3.459259 109 104 98
-2.932221 0.786388 3.454760 169 167 162
-2.918195 0.800845 3.449634 135 131 126
-2.904577 0.812104 3.443863 105 95 85
-2.888544 0.828259 3.439508 172 168 159
-2.876451 0.840021 3.432007 153 143 129
-2.863745 0.856522 3.428540 96 85 76
-2.847457 0.872320 3.420000 181 172 157
-2.836229 0.887005 3.415089 111 97 84
-2.823600 0.903065 3.410199 167 151 126
-2.811787 0.917161 3.401966 138 118 96
-2.801516 0.932739 3.397621 137 115 89
-2.791082 0.946065 3.390643 158 137 107
-2.780519 0.963402 3.383097 180 154 117
-2.767276 0.981649 3.376286 179 153 112
-2.754363 0.996932 3.370386 175 147 104
-2.741525 1.011855 3.364568 158 129 90
-2.727866 1.024867 3.359457 127 101 71
-2.711324 1.036969 3.354225 100 78 57
-2.697664 1.052088 3.352750 114 90 64
-2.684212 1.063671 3.348402 132 106 73
-2.669041 1.078817 3.343124 161 126 84
-2.656246 1.095633 3.338821 168 134 87
-2.642745 1.107916 3.333182 170 136 88
-2.617190 1.128986 3.313995 171 138 89
-2.600218 1.152793 3.309839 173 138 89
-2.590893 1.164692 3.303818 173 139 91
-2.577266 1.185656 3.297073 176 142 94
-2.571289 1.197623 3.291494 177 144 95
-2.563582 1.215161 3.282377 178 146 97
-2.558773 1.229798 3.280582 182 151 101
-2.996770 0.715474 3.461052 177 168 146
-2.986989 0.725297 3.456716 105 88 73
-2.971226 0.737559 3.449150 171 167 157
-2.960202 0.748171 3.443499 158 154 147
-2.945478 0.764097 3.439311 94 81 71
-2.931621 0.777307 3.436652 146 137 120
-2.913288 0.793941 3.429130 118 107 93
-2.901449 0.804118 3.425587 126 112 97
-2.885194 0.819541 3.418168 158 144 119
-2.874169 0.831868 3.414250 120 105 88
-2.861008 0.846323 3.407563 138 120 98
-2.846451 0.862232 3.402500 138 125 106
-2.833574 0.877256 3.394823 142 125 102
-2.821343 0.892567 3.389454 150 132 108
-2.811960 0.906157 3.385265 118 97 78
-2.799421 0.923655 3.379009 185 166 136
-2.790376 0.936378 3.374096 188 168 135
-2.778008 0.951724 3.365849 184 160 124
-2.762509 0.970461 3.358602 182 156 116
-2.749763 0.985373 3.353139 179 151 108
-2.737909 1.000482 3.348715 174 143 100
-2.722210 1.013700 3.342915 169 137 95
-2.706182 1.027650 3.338465 163 133 89
-2.692966 1.039007 3.335137 144 115 79
-2.678538 1.051743 3.332403 109 88 64
-2.616270 1.125820 3.307967 174 139 89
-2.599859 1.141393 3.297722 172 137 88
-2.585537 1.156533 3.286960 171 136 88
-2.573679 1.173144 3.278789 174 139 91
-2.567414 1.186620 3.273077 175 141 93
-2.559754 1.203060 3.264044 177 144 95
-2.970020 0.732630 3.437321 168 161 146
-2.958245 0.744927 3.431380 174 171 163
-2.943544 0.759357 3.425874 102 80 62
-2.931055 0.771295 3.419081 159 143 116
-2.916811 0.785469 3.413143 133 115 93
-2.902430 0.798115 3.407267 104 87 72
-2.887565 0.814384 3.401267 143 125 98
-2.876200 0.826903 3.394487 101 81 64
-2.863379 0.841546 3.389369 151 128 99
-2.849736 0.855795 3.384451 107 89 73
-2.835227 0.871865 3.378750 141 122 99
-2.823621 0.887440 3.369565 153 133 109
-2.811864 0.901847 3.366300 183 167 144
-2.799638 0.917277 3.359942 174 160 139
-2.787529 0.930885 3.353189 143 128 110
-2.773180 0.945372 3.348204 124 109 90
-2.757052 0.959799 3.341707 102 86 68
-2.743955 0.974065 3.337487 117 97 72
-2.728856 0.986059 3.329678 115 93 69
-2.716536 0.998154 3.325928 147 119 83
-2.702274 1.013175 3.322225 157 127 86
-2.688141 1.026578 3.316531 158 124 86
-2.674582 1.041532 3.314047 150 117 80
-2.601672 1.119302 3.279623 168 132 85
-2.594341 1.131243 3.277502 170 135 86
-2.581155 1.148383 3.272198 170 134 86
-2.569052 1.164596 3.259755 171 136 88
-2.563811 1.178747 3.256405 173 140 91
-2.556086 1.196208 3.247642 175 143 93
-2.871982 0.832187 3.378128 175 149 118
-2.838862 0.866665 3.365880 94 80 62
-2.831660 0.875395 3.362856 183 168 138
-2.796210 0.907255 3.338671 173 164 149
-2.782547 0.921915 3.335403 134 122 106
-2.769061 0.934163 3.330954 130 118 101
-2.752146 0.946029 3.324794 130 117 98
-2.737179 0.961470 3.319535 109 95 76
-2.725930 0.975368 3.315357 95 79 61
-2.712729 0.987844 3.311619 98 80 62
-2.695091 1.001968 3.306031 109 88 65
-2.682314 1.015192 3.301947 126 98 70
-2.666834 1.026900 3.290521 115 89 63
-2.596767 1.109476 3.260040 168 133 85
-2.590246 1.119417 3.258689 169 133 86
-2.577735 1.138183 3.253707 169 133 86
-2.568709 1.152525 3.244487 170 135 86
-2.562389 1.166817 3.237819 171 136 88
-2.554697 1.184883 3.231698 172 138 90
-2.790777 0.899078 3.320741 182 173 159
-2.778068 0.909079 3.317899 185 173 154
-2.762354 0.922589 3.315297 183 170 149
-2.745932 0.936777 3.311050 179 166 144
-2.729564 0.950206 3.305528 177 159 130
-2.717165 0.962744 3.303076 163 142 112
-2.706235 0.974583 3.298837 146 122 94
-2.693633 0.993411 3.299185 108 88 68
-2.584621 1.110610 3.240717 165 131 87
-2.575083 1.125717 3.233532 171 135 87
-2.566774 1.143630 3.226928 171 136 87
-2.560605 1.158602 3.219028 172 137 89
-2.796549 0.875255 3.302905 164 156 142
-2.788446 0.885126 3.304179 161 150 134
-2.770893 0.897288 3.300858 138 125 108
-2.754227 0.910033 3.296872 136 122 102
-2.741208 0.922203 3.293596 136 121 99
-2.726722 0.936129 3.289923 122 105 84
-2.713940 0.956219 3.291702 156 130 99
-2.706119 0.965153 3.287502 138 116 91
-2.612139 1.060883 3.236422 128 98 70
-2.593096 1.083899 3.228206 106 83 60
-2.580790 1.100559 3.223253 115 90 64
-2.572161 1.116273 3.217833 127 99 69
-2.565133 1.132943 3.208869 131 103 70
-2.559262 1.147351 3.202527 136 108 72
-2.783468 0.877139 3.289110 89 76 60
-2.767656 0.886099 3.283441 100 86 70
-2.750615 0.899885 3.281154 103 88 72
-2.736778 0.910503 3.275396 113 98 79
-2.721457 0.925699 3.272127 107 91 72
-2.709265 0.937218 3.265544 131 111 91
-2.632801 1.024833 3.234112 172 138 89
-2.618341 1.042029 3.225333 171 135 87
-2.603917 1.058054 3.217510 171 137 89
-2.591006 1.076206 3.211948 171 137 88
-2.580379 1.093240 3.206624 167 133 85
-2.572576 1.108529 3.199958 139 108 72
-2.566327 1.123329 3.193199 125 97 67
-2.556441 1.134584 3.190530 21 0 0
-2.781981 0.868355 3.277618 172 163 145
-2.765461 0.879336 3.268504 173 162 143
-2.748236 0.891353 3.264100 180 166 143
-2.732929 0.903230 3.259012 182 166 140
-2.719366 0.915814 3.253856 182 163 132
-2.704730 0.928443 3.247926 181 158 122
-2.692965 0.936566 3.240536 180 154 114
-2.624443 1.019222 3.211932 171 136 87
-2.614475 1.031739 3.207219 170 135 86
-2.601825 1.047902 3.198975 171 136 87
-2.591492 1.064386 3.193442 171 136 87
-2.582099 1.082198 3.188012 170 136 86
-2.573791 1.100384 3.181038 168 132 84
-2.568501 1.115582 3.182564 171 135 88
-2.772238 0.863862 3.255235 180 168 152
-2.762337 0.869814 3.249122 181 168 149
-2.747347 0.881521 3.245946 181 167 143
-2.727917 0.894523 3.238737 181 164 136
-2.714349 0.907445 3.235770 182 161 129
-2.699277 0.921332 3.230343 181 157 119
-2.685648 0.933433 3.224296 180 153 110
-2.676603 0.944520 3.223236 180 150 104
-2.645750 0.978169 3.206191 173 139 90
-2.633419 0.995723 3.203408 171 136 86
-2.622479 1.008957 3.195877 171 135 85
-2.611527 1.023273 3.191164 171 136 86
-2.602104 1.037186 3.181811 170 134 85
-2.590637 1.058259 3.175496 169 133 84
-2.583939 1.073330 3.169902 168 133 84
-2.572829 1.086466 3.166154 176 146 93
-2.771798 0.849297 3.238005 184 178 159
-2.758191 0.860731 3.231117 179 166 145
-2.742100 0.872941 3.226884 182 166 140
-2.726151 0.885935 3.223646 181 163 132
-2.712412 0.897332 3.219506 181 158 124
-2.697089 0.911429 3.214717 180 154 113
-2.685093 0.923281 3.210334 179 149 104
-2.670688 0.937437 3.202553 172 138 92
-2.654253 0.953502 3.193717 162 125 86
-2.641510 0.970326 3.190304 163 128 84
-2.629477 0.983280 3.183540 164 129 85
-2.617789 0.998805 3.177044 169 134 87
-2.609870 1.012704 3.170398 167 133 88
-2.600800 1.031305 3.166323 167 133 88
-2.591207 1.049379 3.156360 170 136 88
-2.581762 1.069522 3.155054 171 137 89
-2.755747 0.852247 3.216837 181 169 149
-2.739784 0.862281 3.207711 182 167 141
-2.723904 0.877096 3.205639 182 163 131
-2.707507 0.890171 3.200907 180 157 120
-2.694504 0.901269 3.195617 173 146 107
-2.679346 0.913859 3.190391 155 125 87
-2.665942 0.928077 3.185747 136 107 74
-2.652242 0.943869 3.178346 105 81 58
-2.639775 0.959191 3.170622 94 74 55
-2.627701 0.975794 3.167127 92 72 54
-2.616677 0.992263 3.161898 99 79 58
-2.608532 1.005570 3.156136 113 88 62
-2.598647 1.024279 3.146448 106 84 60
-2.589189 1.040700 3.142420 123 97 64
-2.750610 0.840243 3.194700 121 109 92
-2.737668 0.852413 3.191147 133 116 94
-2.721556 0.867260 3.188359 152 131 101
-2.706852 0.881408 3.183556 163 137 101
-2.692931 0.894693 3.179913 167 137 96
-2.680575 0.907752 3.176134 168 136 92
-2.667052 0.921219 3.168923 165 133 87
-2.652561 0.938003 3.162732 153 121 80
-2.639798 0.953623 3.157661 142 112 76
-2.630171 0.967003 3.151287 136 108 73
-2.619831 0.982969 3.142472 137 109 75
-2.610087 0.998851 3.136554 122 96 67
-2.599657 1.013663 3.131941 119 94 69
-2.586796 1.030634 3.125607 0 0 0
-2.751136 0.830718 3.185341 11 0 0
-2.733001 0.847623 3.178294 68 55 43
-2.719651 0.858142 3.169143 73 58 45
-2.705636 0.872562 3.166108 118 97 71
-2.693208 0.885041 3.159011 159 131 92
-2.681511 0.898299 3.151525 175 143 98
-2.669079 0.913822 3.146561 171 137 89
-2.656437 0.929644 3.140599 170 136 87
-2.642303 0.947020 3.135382 171 137 87
-2.631315 0.961423 3.130512 174 142 91
-2.622019 0.976265 3.127861 174 142 92
-2.711474 0.852391 3.147230 55 23 10
-2.703703 0.864153 3.149452 49 40 29
-2.691696 0.879110 3.143062 90 70 51
-2.683344 0.890367 3.138785 164 133 90
-2.668497 0.905905 3.133889 176 146 95
-2.656688 0.922761 3.128042 172 139 89
-2.637257 0.946366 3.119633 176 145 92
-3.108692 0.695752 3.675209 148 142 131
-3.096373 0.704783 3.674883 151 144 130
-3.081794 0.719434 3.668847 156 148 134
-3.073403 0.726530 3.664382 161 155 141
-3.105679 0.687765 3.669682 152 146 135
-3.093049 0.700012 3.668922 144 137 126
-3.079388 0.716415 3.664168 148 138 123
-3.067618 0.730282 3.654542 158 149 135
-3.057739 0.739761 3.642887 179 176 168
-3.100767 0.675235 3.653479 140 134 124
-3.090615 0.681808 3.659317 132 123 112
-3.048346 0.735058 3.632266 186 186 181
-3.043735 0.742260 3.620071 193 194 191
-3.106729 0.653353 3.633922 168 165 151
-3.101792 0.659722 3.637383 160 154 142
-3.035419 0.728772 3.619938 190 189 184
-3.034553 0.736799 3.604521 192 193 190
-3.094940 0.652160 3.619540 167 159 144
-3.084542 0.658115 3.613102 165 159 143
-3.027826 0.728492 3.587478 187 185 178
-3.030645 0.739294 3.581930 189 188 185
-2.651402 1.167389 3.409189 23 9 9
-2.633265 1.189414 3.403961 56 39 26
-2.622466 1.200372 3.396197 88 64 43
-3.086522 0.651465 3.603763 170 164 147
-3.078095 0.656984 3.593764 170 161 143
-3.061644 0.661069 3.587200 173 162 140
-3.027863 0.698786 3.577032 182 166 136
-3.024749 0.716286 3.572367 184 176 161
-3.024717 0.730095 3.568727 187 186 178
-2.640936 1.171316 3.396300 180 149 98
-2.631754 1.176458 3.387619 181 152 103
-2.620135 1.188942 3.382061 182 153 102
-2.607788 1.197836 3.372659 184 155 105
-3.072703 0.654460 3.578587 174 166 147
-3.057749 0.661458 3.570994 174 161 136
-3.040067 0.671556 3.565310 181 163 131
-3.031890 0.686645 3.561018 183 164 129
-3.024211 0.707391 3.555461 184 170 147
-2.638556 1.149579 3.373518 182 154 104
-2.624485 1.165999 3.369919 182 153 103
-2.609851 1.183816 3.363954 182 152 103
-2.600958 1.196900 3.360815 182 153 103
-2.592611 1.199418 3.346904 181 151 102
-3.059398 0.659065 3.555291 177 165 141
-3.044931 0.670197 3.550503 178 160 126
-3.032859 0.684461 3.543424 181 162 127
-3.025392 0.696009 3.540637 185 169 138
-2.661639 1.111556 3.369527 181 151 101
-2.647769 1.125830 3.366910 181 152 101
-2.633416 1.140296 3.358244 177 145 96
-2.620650 1.155360 3.351895 175 141 93
-2.605615 1.169417 3.344666 163 131 87
-2.595784 1.182727 3.339995 153 122 81
-2.585229 1.195066 3.333591 140 111 74
-2.574187 1.204620 3.326584 0 0 0
-3.045753 0.664866 3.535255 182 166 135
-3.034478 0.675815 3.527491 185 168 133
-2.874230 0.849437 3.443192 180 179 172
-2.869592 0.854440 3.440561 70 57 51
-2.838607 0.890716 3.427721 176 170 155
-2.827681 0.899428 3.424551 16 5 9
-2.665343 1.086582 3.350642 176 146 96
-2.656495 1.102234 3.353722 177 146 97
-2.642207 1.114134 3.349161 178 147 97
-2.630270 1.128948 3.340986 175 142 93
-2.616139 1.146004 3.339079 170 137 88
-2.602822 1.161486 3.332537 166 132 86
-2.591971 1.174769 3.325093 167 134 89
-2.582558 1.187472 3.321233 152 121 79
-2.573539 1.201760 3.321250 18 0 0
-2.873689 0.841672 3.434927 153 146 135
-2.858727 0.861151 3.431381 124 117 107
-2.841489 0.872248 3.416130 205 193 163
-2.836317 0.884061 3.418957 146 134 118
-2.825094 0.903189 3.418922 171 153 121
-2.673474 1.062719 3.341534 98 79 57
-2.664609 1.072826 3.339963 148 120 80
-2.651361 1.088394 3.336417 166 135 90
-2.637727 1.100407 3.329663 171 138 94
-2.624983 1.118646 3.324628 173 139 91
-2.612092 1.133407 3.318729 174 140 92
-2.600692 1.147369 3.314441 174 141 92
-2.585025 1.164851 3.305846 179 147 96
-2.578865 1.174699 3.301521 178 145 96
-2.868368 0.838816 3.424101 44 27 27
-2.829577 0.881286 3.407871 38 24 17
-2.809566 0.892307 3.383828 0 0 0
-2.798409 0.917439 3.394153 0 0 0
-2.673010 1.053166 3.331239 119 95 65
-2.659960 1.066149 3.327560 99 77 55
-2.646814 1.077818 3.321822 112 88 64
-2.633830 1.092185 3.316799 142 112 77
-2.620664 1.106441 3.309431 163 130 87
-2.607418 1.122883 3.301427 171 137 89
-2.595168 1.136981 3.295162 174 140 91
-2.583057 1.152228 3.289588 176 142 92
-2.574843 1.164989 3.284363 178 146 95
-2.681459 1.026757 3.316642 171 142 95
-2.668903 1.042458 3.314699 168 135 91
-2.655242 1.055001 3.309484 159 126 84
-2.641542 1.069054 3.305529 149 118 80
-2.628063 1.083057 3.300707 137 108 76
-2.615291 1.097716 3.293974 156 123 84
-2.603841 1.112005 3.285969 168 133 87
-2.591523 1.129569 3.279193 171 136 87
-2.581817 1.141664 3.275845 173 139 89
-2.572781 1.152656 3.271167 177 146 93
-2.714013 0.975849 3.317619 59 43 35
-2.706441 0.986910 3.316858 73 54 44
-2.691138 0.997524 3.304607 105 81 55
-2.677184 1.016717 3.301058 132 102 68
-2.665567 1.029319 3.298177 136 106 72
-2.650552 1.043278 3.291924 154 122 84
-2.637430 1.057879 3.287472 166 135 92
-2.624179 1.071720 3.282510 170 138 92
-2.610331 1.088205 3.274993 171 138 91
-2.599792 1.102567 3.268809 171 137 90
-2.586775 1.119692 3.265663 175 142 92
-2.576564 1.131740 3.257078 174 140 90
-2.719720 0.949672 3.298394 111 84 67
-2.710853 0.964974 3.300822 163 142 109
-2.699993 0.975878 3.296363 154 129 97
-2.686901 0.988504 3.291182 153 126 92
-2.673919 1.003138 3.285963 149 119 84
-2.658776 1.018824 3.280952 145 113 76
-2.644422 1.033626 3.276059 119 91 62
-2.631113 1.046247 3.269796 116 91 63
-2.618392 1.060527 3.263686 124 98 69
-2.605496 1.075219 3.256898 142 114 77
-2.594234 1.091492 3.249347 157 126 85
-2.585458 1.105207 3.243506 165 132 90
-2.574767 1.126053 3.245050 175 142 92
-2.730341 0.923580 3.288636 65 53 44
-2.721366 0.936100 3.290396 124 107 78
-2.709548 0.947951 3.284011 96 79 61
-2.695213 0.962326 3.280043 108 88 66
-2.680339 0.976389 3.274485 108 87 65
-2.665427 0.991678 3.268355 135 107 76
-2.653545 1.006593 3.263159 163 130 88
-2.641514 1.022477 3.257779 168 133 87
-2.629063 1.036232 3.251482 166 132 84
-2.615882 1.050754 3.245016 155 123 80
-2.602245 1.067420 3.238892 131 101 68
-2.591971 1.082090 3.234094 112 86 60
-2.581842 1.097890 3.231855 122 95 64
-2.569121 1.106892 3.218295 3 0 0
-2.727396 0.912959 3.275138 100 84 66
-2.715415 0.926216 3.271273 141 122 97
-2.703860 0.940669 3.267792 142 122 93
-2.691186 0.952545 3.263029 156 131 96
-2.677501 0.965861 3.257442 166 138 96
-2.664153 0.981284 3.254436 157 128 87
-2.650565 0.997378 3.249997 161 129 88
-2.637073 1.012507 3.241171 172 138 89
-2.626187 1.026843 3.235490 173 140 90
-2.613799 1.041220 3.227762 173 138 90
-2.601827 1.056346 3.223256 175 143 93
-2.590721 1.074806 3.221745 171 139 90
-2.582140 1.086570 3.218688 167 132 81
-2.714960 0.919233 3.260044 187 167 133
-2.700521 0.932893 3.252736 183 160 124
-2.686424 0.943570 3.244553 182 156 114
-2.672428 0.957896 3.240076 180 151 104
-2.659651 0.973389 3.236212 177 145 97
-2.647421 0.986696 3.229921 176 143 94
-2.635396 1.001691 3.224742 175 141 91
-2.622913 1.017356 3.217414 174 140 90
-2.612263 1.030506 3.213511 174 140 91
-2.600498 1.047979 3.212287 177 146 95
-2.699133 0.919397 3.237715 186 166 128
-2.683903 0.932289 3.229082 183 158 116
-2.671297 0.946777 3.223910 179 149 103
-2.656848 0.964019 3.218045 177 146 97
-2.643579 0.979101 3.213616 175 142 93
-2.632629 0.991187 3.207243 174 141 91
-2.620134 1.005683 3.201451 175 142 91
-2.606964 1.024721 3.196518 176 144 92
-2.595218 1.041766 3.192742 170 133 87
-2.692177 0.914175 3.219527 183 160 118
-2.679831 0.927083 3.213373 182 154 109
-2.668546 0.937598 3.207495 180 151 104
-2.654020 0.952792 3.198849 177 145 97
-2.640511 0.966549 3.191914 174 142 93
-2.629005 0.981298 3.186668 173 140 91
-2.617473 1.001113 3.188178 173 140 90
-2.673645 0.923860 3.197806 179 152 106
-2.661723 0.930678 3.188859 118 97 64
-2.651059 0.946155 3.186678 140 112 73
-2.638140 0.958087 3.179705 89 70 46
-2.622215 0.970899 3.170513 0 0 0
-2.613684 0.985243 3.163920 0 0 0
-3.092843 0.681393 3.668771 149 144 131
-3.083144 0.694053 3.669571 148 142 131
-3.070265 0.708227 3.665378 152 145 133
-3.057817 0.719484 3.655577 161 155 143
-3.048924 0.726549 3.648537 175 177 165
-3.084919 0.663833 3.656476 142 132 119
-3.074074 0.676086 3.656166 130 118 104
-3.057970 0.692077 3.649367 132 121 106
-3.045986 0.707646 3.643470 145 135 120
-3.039566 0.721419 3.634881 171 167 159
-3.095689 0.646848 3.636608 167 163 150
-3.085405 0.651449 3.646245 154 145 132
-3.040320 0.703793 3.634642 145 133 116
-3.028099 0.715333 3.623178 183 181 175
-3.026262 0.722083 3.611600 191 191 186
-3.079878 0.649465 3.627947 164 155 140
-3.066877 0.654581 3.621103 166 154 136
-3.052953 0.661682 3.615858 167 154 129
-3.035883 0.676880 3.609743 171 152 120
-3.021117 0.702399 3.603009 184 174 156
-3.020549 0.714175 3.599434 190 186 176
-3.077136 0.648363 3.611893 172 167 150
-3.063475 0.654920 3.602980 172 161 141
-3.050039 0.662309 3.597286 173 159 133
-3.034326 0.674630 3.592605 177 158 124
-3.023937 0.693618 3.584252 183 167 139
-3.018815 0.707259 3.582831 187 179 163
-3.049594 0.662882 3.582600 177 162 134
-3.035886 0.671638 3.573906 181 163 130
-3.024995 0.685753 3.569953 186 170 138
-3.019217 0.695234 3.566880 190 180 154
-3.067070 0.652348 3.663965 151 145 132
-3.057126 0.664354 3.661244 143 134 121
-3.043721 0.679758 3.654652 142 132 117
-3.033298 0.695289 3.646583 148 139 123
-3.030424 0.707604 3.637082 159 144 124
-3.067407 0.643107 3.654181 158 150 136
-3.055239 0.653405 3.646134 153 142 126
-3.040293 0.675381 3.647984 141 130 114
-3.025232 0.690390 3.640787 156 146 132
-3.018310 0.701133 3.628931 175 171 162
-3.065927 0.644516 3.640490 158 149 132
-3.052410 0.652849 3.634423 160 147 129
-3.037198 0.662227 3.626311 167 152 130
-3.022549 0.677876 3.619696 175 159 135
-3.015385 0.695670 3.613272 186 179 164
-3.040343 0.661338 3.610730 172 156 129
-3.028666 0.671937 3.603989 177 160 130
-3.017480 0.686434 3.598650 187 174 149
-3.057725 0.650430 3.667446 158 155 146
-3.047976 0.659863 3.665686 155 149 138
-3.035259 0.672768 3.660204 153 144 133
-3.026030 0.685946 3.653909 159 154 141
-3.050571 0.642490 3.659340 163 157 145
-3.042798 0.649553 3.658226 161 154 143
-3.027653 0.665325 3.650884 162 154 142
-3.016814 0.679815 3.642851 170 163 152
-3.011331 0.688458 3.632294 179 175 165
-3.041072 0.646326 3.644415 166 160 144
-3.027452 0.660454 3.637070 167 157 139
-3.016308 0.672596 3.631332 174 165 151
