{
  "ref_cam_idx": 0,
  "T_Cref_Ci": {
    "0": [
      1.0,
      0.0,
      0.0,
      0.0,
      0.0,
      1.0,
      0.0,
      0.0,
      0.0,
      0.0,
      1.0,
      0.0,
      0.0,
      0.0,
      0.0,
      1.0
    ],
    "1": [
      -0.47134465911086476,
      -0.1590855452711062,
      0.8674825655928612,
      -0.26968526854751357,
      0.305565654263773,
      0.8932185751176839,
      0.32983360653314236,
      -0.17467193010525778,
      -0.8273233003222683,
      0.42053818655397074,
      -0.37240272607525093,
      0.5544001842577038,
      0.0,
      0.0,
      0.0,
      1.0
    ],
    "2": [
      0.2872160259968183,
      0.08418167531070234,
      -0.9541595254199519,
      0.2861376532483647,
      -0.38092817825113123,
      0.9240104160850711,
      -0.033143234306029834,
      -0.07790491539276469,
      0.8788632871055763,
      0.3729855178259251,
      0.2974577719060272,
      0.27144359758062686,
      0.0,
      0.0,
      0.0,
      1.0
    ]
  }
}