ply
format ascii 1.0
element vertex 10328
property float x
property float y
property float z
property uchar red
property uchar green
property uchar blue
end_header
0.035331 0.150107 0.367078 66 41 17
0.035806 0.148730 0.367391 66 41 17
0.036231 0.149630 0.367288 65 41 17
0.037151 0.150185 0.367286 65 41 20
0.036797 0.147065 0.367849 65 41 17
0.036746 0.147996 0.367656 65 40 18
0.037268 0.149090 0.367539 64 40 18
0.038027 0.149508 0.367630 64 40 19
0.037231 0.146683 0.368039 63 39 16
0.037866 0.147355 0.367980 62 38 17
0.038465 0.148385 0.367848 62 38 18
0.038951 0.149179 0.367843 61 38 19
0.038230 0.146149 0.368463 59 36 14
0.038816 0.146653 0.368408 57 35 14
0.039541 0.147786 0.368187 58 35 15
0.040116 0.148607 0.368204 57 35 16
0.039390 0.145509 0.369001 53 33 12
0.039700 0.146101 0.368848 53 33 12
0.040443 0.147247 0.368596 54 33 12
0.041060 0.148024 0.368571 53 32 12
0.039913 0.145194 0.369206 51 32 11
0.040755 0.145575 0.369246 50 31 11
0.041541 0.146636 0.369048 51 32 12
0.042230 0.147679 0.368950 51 32 13
0.042709 0.148381 0.368891 52 33 13
0.041842 0.144996 0.369699 50 31 13
0.042506 0.145960 0.369478 50 32 14
0.043275 0.146991 0.369386 50 32 15
0.043889 0.147444 0.369381 51 33 15
0.042915 0.144549 0.370170 50 31 14
0.043486 0.145256 0.369998 50 31 14
0.044239 0.146463 0.369776 50 31 15
0.044674 0.147215 0.369686 50 32 16
0.043720 0.144350 0.370589 50 31 14
0.044462 0.144693 0.370566 48 30 13
0.045388 0.145782 0.370307 47 30 14
0.046052 0.146255 0.370376 47 30 16
0.045465 0.144275 0.371044 46 28 11
0.046231 0.145264 0.370697 47 29 12
0.046657 0.145805 0.370668 47 30 13
0.046486 0.143878 0.371542 49 31 10
0.047271 0.144593 0.371373 51 32 12
0.047766 0.145345 0.371204 51 33 13
0.047362 0.143570 0.371983 54 36 14
0.048195 0.144075 0.371974 53 36 15
0.048917 0.144907 0.371743 53 36 15
0.049203 0.143964 0.372572 51 35 16
0.049806 0.144547 0.372549 50 35 15
0.050666 0.145433 0.372634 49 34 15
0.051295 0.146106 0.372717 49 34 16
0.050850 0.144014 0.373001 48 32 14
0.051306 0.144998 0.373054 48 33 14
0.051925 0.146184 0.373000 49 35 16
0.052471 0.146649 0.373073 49 35 17
0.051611 0.143485 0.373411 46 31 13
0.052183 0.144364 0.373461 47 32 14
0.052879 0.145435 0.373581 50 35 16
0.052739 0.143217 0.373927 45 30 12
0.052980 0.143737 0.373973 46 30 13
0.029628 0.152268 0.366243 60 35 13
0.030103 0.151647 0.366421 59 35 13
0.030728 0.150514 0.366649 60 35 15
0.031079 0.150946 0.366603 59 36 15
0.031713 0.149609 0.367035 60 36 15
0.032254 0.150414 0.366839 60 37 16
0.032408 0.148133 0.367529 59 37 15
0.032771 0.148875 0.367266 61 37 15
0.033433 0.149778 0.367007 63 39 16
0.033255 0.147361 0.367774 61 38 16
0.033733 0.148218 0.367430 63 39 15
0.034556 0.149239 0.367166 65 40 15
0.034609 0.150214 0.367099 66 41 16
0.033984 0.145635 0.368284 63 40 18
0.034044 0.146581 0.367998 63 39 17
0.034885 0.147577 0.367641 65 41 17
0.035279 0.148368 0.367447 66 41 16
0.034601 0.145022 0.368492 64 41 18
0.035225 0.145927 0.368214 65 41 17
0.035980 0.147015 0.367915 66 41 18
0.036157 0.147693 0.367828 66 41 18
0.035592 0.144190 0.368846 64 41 17
0.036315 0.145237 0.368477 64 40 17
0.036995 0.146186 0.368254 63 39 16
0.036566 0.143656 0.369205 61 39 16
0.037306 0.144609 0.368923 60 38 15
0.037987 0.145621 0.368701 58 37 15
0.037593 0.143124 0.369614 57 36 14
0.038214 0.143918 0.369370 55 34 13
0.039006 0.145044 0.369146 53 33 12
0.038404 0.142825 0.370015 53 33 12
0.039187 0.143419 0.369884 51 32 11
0.039991 0.144502 0.369552 50 31 10
0.040163 0.143201 0.370509 51 32 12
0.041028 0.143851 0.370228 50 32 12
0.041594 0.144426 0.369930 50 31 13
0.042017 0.143531 0.370949 52 33 14
0.042564 0.144043 0.370726 51 33 14
0.042778 0.143324 0.371301 53 34 15
0.043485 0.143728 0.371347 52 33 15
0.044266 0.144171 0.371647 52 34 15
0.044610 0.143506 0.371842 49 32 14
0.045153 0.143829 0.371788 48 30 13
0.045495 0.143102 0.372241 47 29 11
0.046135 0.143543 0.372329 47 30 11
0.047233 0.143225 0.372637 52 35 13
0.047700 0.143651 0.372880 51 34 13
0.048076 0.142940 0.373115 54 37 15
0.048786 0.143437 0.373216 53 36 15
0.049726 0.144124 0.373111 51 35 15
0.049895 0.143076 0.373811 53 37 16
0.050576 0.143804 0.373453 51 35 15
0.051190 0.144507 0.373528 50 35 15
0.050880 0.142573 0.374401 52 35 15
0.051567 0.143356 0.374019 50 34 14
0.052398 0.143917 0.374041 48 33 14
0.051757 0.142176 0.374909 48 32 13
0.052616 0.142822 0.374664 46 30 12
0.053151 0.143583 0.374475 46 31 13
0.053926 0.144286 0.374548 48 32 14
0.052746 0.141459 0.375450 42 29 11
0.053467 0.142236 0.375267 42 28 11
0.054181 0.143068 0.374934 43 28 12
0.055069 0.143712 0.375019 42 29 13
0.054619 0.141851 0.375967 39 27 11
0.055120 0.142448 0.375575 39 27 12
0.055810 0.143527 0.375307 40 27 12
0.055341 0.141541 0.376287 37 26 12
0.056130 0.141933 0.376050 37 26 13
0.056755 0.142648 0.376079 36 25 12
0.056333 0.140605 0.376196 37 26 14
0.057016 0.141486 0.376639 36 25 13
0.057652 0.142167 0.376603 34 24 13
0.058116 0.140982 0.377214 37 26 13
0.058380 0.141682 0.377122 35 25 12
0.058794 0.140677 0.377571 38 28 13
0.025730 0.154245 0.366126 52 31 13
0.026564 0.155267 0.366231 51 31 14
0.026773 0.156154 0.366202 51 33 14
0.026784 0.152769 0.366377 54 32 11
0.026894 0.153779 0.366249 53 32 12
0.027327 0.154669 0.366195 52 33 14
0.027401 0.155654 0.366147 53 34 15
0.027383 0.152272 0.366680 53 31 12
0.027822 0.152993 0.366356 54 32 12
0.028452 0.154020 0.366209 53 34 14
0.028039 0.150636 0.367080 55 33 13
0.028279 0.151484 0.366811 54 32 12
0.028897 0.152370 0.366381 56 33 13
0.029173 0.153500 0.366247 54 35 16
0.028691 0.149769 0.367273 55 34 14
0.029292 0.150746 0.366917 56 33 13
0.029650 0.151584 0.366614 57 33 13
0.029098 0.148133 0.367637 57 35 15
0.029569 0.149045 0.367363 56 34 14
0.030306 0.150078 0.366995 57 34 14
0.029810 0.146392 0.368110 57 35 16
0.030001 0.147299 0.367861 57 35 15
0.030745 0.148388 0.367496 57 35 15
0.031068 0.149317 0.367161 59 35 15
0.030571 0.145821 0.368315 57 36 16
0.031054 0.146630 0.368048 57 35 15
0.031805 0.147672 0.367714 58 36 15
0.031465 0.145054 0.368589 59 37 16
0.032132 0.145969 0.368307 59 37 16
0.032664 0.146867 0.367991 59 37 16
0.032116 0.143638 0.369058 61 39 16
0.032389 0.144389 0.368840 60 38 16
0.033216 0.145408 0.368492 61 38 17
0.033340 0.146175 0.368172 62 39 17
0.033074 0.142867 0.369374 63 41 17
0.033572 0.143718 0.369040 63 41 18
0.034091 0.144606 0.368697 63 41 17
0.034045 0.142166 0.369688 64 42 18
0.034665 0.143055 0.369285 64 42 18
0.035193 0.143644 0.369040 64 42 18
0.034995 0.141571 0.370062 65 43 18
0.035694 0.142476 0.369694 63 42 18
0.036175 0.143100 0.369432 62 40 17
0.035953 0.141150 0.370537 63 42 18
0.036598 0.141857 0.370273 62 40 17
0.037222 0.142545 0.369940 58 38 15
0.036726 0.140880 0.371010 62 41 18
0.037471 0.141421 0.370845 58 39 17
0.038290 0.142219 0.370455 54 35 14
0.039143 0.142666 0.370528 52 33 13
0.038475 0.140994 0.371434 56 36 16
0.039224 0.141706 0.371207 53 34 14
0.040038 0.142620 0.370983 52 33 13
0.040486 0.143383 0.370989 51 32 13
0.039346 0.140693 0.372003 55 36 15
0.040144 0.141302 0.371926 54 35 15
0.041039 0.142201 0.371684 53 35 16
0.041776 0.142955 0.371593 53 35 16
0.040927 0.141148 0.372466 56 38 18
0.041723 0.141787 0.372419 55 38 18
0.042622 0.142681 0.372186 54 37 17
0.043316 0.143184 0.372025 54 36 17
0.042643 0.141597 0.373020 56 39 18
0.043452 0.142218 0.372889 55 37 17
0.044240 0.142992 0.372551 52 35 16
0.044352 0.141928 0.373514 51 35 14
0.045168 0.142574 0.373337 49 33 13
0.045989 0.143257 0.373084 48 32 13
0.046112 0.142172 0.374080 49 33 12
0.046865 0.142925 0.373696 48 32 12
0.047738 0.143371 0.373640 50 34 13
0.047115 0.141826 0.374619 53 36 13
0.047788 0.142423 0.374368 52 36 13
0.048437 0.143084 0.374003 52 36 14
0.047833 0.141445 0.375027 55 39 15
0.048722 0.141901 0.374914 56 39 16
0.049585 0.142763 0.374530 55 38 16
0.049717 0.141460 0.375442 56 39 17
0.050458 0.142108 0.374977 54 37 15
0.050847 0.141017 0.375963 50 35 14
0.051563 0.141573 0.375526 48 33 13
0.051834 0.140253 0.376402 40 28 9
0.052585 0.141123 0.376068 41 28 10
0.053204 0.141642 0.375813 41 28 11
0.052621 0.139956 0.376837 37 25 9
0.053406 0.140633 0.376680 38 26 9
0.054165 0.141402 0.376329 38 27 10
0.054498 0.140277 0.377327 36 24 10
0.055156 0.140944 0.376889 37 25 11
0.055979 0.141265 0.376765 37 25 12
0.055263 0.140037 0.377806 38 24 11
0.056159 0.140455 0.377590 38 25 11
0.056868 0.140997 0.377200 37 26 12
0.057239 0.139990 0.378244 42 28 13
0.057846 0.140514 0.377735 39 27 12
0.058330 0.139517 0.378555 41 29 12
0.058634 0.140051 0.378096 40 29 12
0.059125 0.138858 0.379066 42 30 14
0.059382 0.139453 0.378689 41 29 13
0.059819 0.138508 0.379392 42 31 17
0.024105 0.156807 0.366603 48 28 12
0.024488 0.157830 0.366540 49 29 13
0.025122 0.158817 0.366620 49 30 14
0.025891 0.159323 0.366675 51 31 16
0.024508 0.155075 0.366751 50 29 12
0.024845 0.156000 0.366499 49 29 13
0.025572 0.157157 0.366361 50 30 13
0.025721 0.158173 0.366422 51 31 14
0.024927 0.153392 0.367064 50 29 10
0.025398 0.154327 0.366623 51 30 11
0.025978 0.155441 0.366337 50 31 13
0.026251 0.156541 0.366269 51 31 14
0.025295 0.151566 0.367309 51 30 10
0.025791 0.152686 0.366990 51 29 10
0.026346 0.153588 0.366601 52 30 11
0.025772 0.149818 0.367712 52 32 12
0.026142 0.150908 0.367335 53 31 11
0.026861 0.151969 0.366958 52 31 11
0.025856 0.147303 0.367990 57 35 15
0.025889 0.148188 0.367865 55 34 14
0.026554 0.149242 0.367716 54 33 14
0.027305 0.150218 0.367320 55 33 13
0.027648 0.151295 0.367099 54 32 12
0.026283 0.146605 0.368138 57 36 15
0.026900 0.147596 0.367969 56 35 15
0.027661 0.148571 0.367657 56 35 15
0.028065 0.149467 0.367404 56 34 14
0.026830 0.145076 0.368464 59 37 16
0.027340 0.145896 0.368326 58 36 16
0.028017 0.146911 0.368036 57 36 16
0.028484 0.147808 0.367722 57 35 15
0.027773 0.144251 0.368731 59 37 16
0.028388 0.145267 0.368453 58 36 16
0.029115 0.146226 0.368173 57 35 16
0.029097 0.147157 0.367879 57 35 16
0.028759 0.142672 0.369338 61 39 16
0.028812 0.143509 0.369005 60 38 16
0.029632 0.144589 0.368686 58 37 16
0.030149 0.145379 0.368434 58 36 16
0.029366 0.142140 0.369528 61 39 16
0.029820 0.142896 0.369255 60 38 16
0.030624 0.143933 0.368929 59 37 16
0.030855 0.144702 0.368685 59 37 16
0.030314 0.141456 0.369859 62 40 16
0.030893 0.142321 0.369544 61 39 16
0.031585 0.143355 0.369197 60 38 16
0.031280 0.140767 0.370221 64 42 17
0.032037 0.141690 0.369874 63 41 17
0.032470 0.142572 0.369515 62 40 17
0.032339 0.140151 0.370647 65 43 18
0.033115 0.141055 0.370180 65 43 18
0.033612 0.141667 0.369905 64 42 18
0.033494 0.139633 0.371014 66 44 19
0.034062 0.140359 0.370544 65 44 19
0.034613 0.141082 0.370307 64 43 19
0.034412 0.139058 0.371448 66 44 19
0.035037 0.139769 0.371105 64 43 19
0.035651 0.140621 0.370826 63 42 18
0.035120 0.138682 0.371877 65 44 19
0.035883 0.139279 0.371800 63 43 19
0.036667 0.140255 0.371404 62 42 18
0.037417 0.140829 0.371342 61 40 18
0.036840 0.139011 0.372423 62 42 19
0.037597 0.139676 0.372195 59 41 18
0.038375 0.140440 0.371868 57 38 17
0.038522 0.139184 0.372942 57 39 17
0.039306 0.140061 0.372606 56 38 16
0.040036 0.140738 0.372393 54 36 16
0.039264 0.139164 0.373401 57 40 18
0.040141 0.139589 0.373379 57 40 18
0.040942 0.140465 0.373010 57 40 19
0.041705 0.141259 0.372945 57 40 19
0.041084 0.139263 0.373961 58 41 19
0.041742 0.139992 0.373809 58 41 19
0.042572 0.140963 0.373497 57 40 18
0.043455 0.141596 0.373483 56 39 18
0.042540 0.139661 0.374480 54 37 15
0.043466 0.140466 0.374388 52 36 14
0.044334 0.141369 0.374042 51 34 13
0.044396 0.140266 0.375030 50 35 12
0.045221 0.140922 0.374827 50 34 11
0.045941 0.141628 0.374485 50 34 12
0.045475 0.139883 0.375608 54 38 15
0.046112 0.140430 0.375435 54 38 15
0.046903 0.141247 0.374964 54 37 14
0.047104 0.139897 0.375975 58 41 18
0.047854 0.140778 0.375537 57 40 17
0.048537 0.141290 0.375351 57 40 17
0.047989 0.139545 0.376474 59 41 18
0.048762 0.140223 0.376194 57 40 17
0.049446 0.140900 0.375799 57 40 17
0.049709 0.139785 0.376894 52 36 14
0.050507 0.140525 0.376469 51 36 13
0.050652 0.139490 0.377494 44 30 9
0.051521 0.139993 0.377013 41 28 9
0.051930 0.140626 0.376816 42 29 9
0.051776 0.138669 0.377982 35 23 7
0.052355 0.139522 0.377630 36 24 8
0.053057 0.140017 0.377377 36 25 9
0.053388 0.139056 0.378298 37 23 8
0.054087 0.139669 0.377858 37 23 9
0.054359 0.138543 0.378819 44 28 11
0.055141 0.139300 0.378446 42 27 11
0.056032 0.139867 0.378218 41 27 12
0.055204 0.138211 0.379262 49 32 13
0.056163 0.138715 0.379089 47 31 13
0.056855 0.139475 0.378608 44 29 13
0.057086 0.138305 0.379690 47 32 13
0.057817 0.138996 0.379176 44 30 13
0.058231 0.137994 0.380222 45 30 12
0.058738 0.138310 0.379668 42 29 13
0.059110 0.137154 0.380422 38 26 12
0.059190 0.137783 0.379970 40 28 13
0.059394 0.136153 0.380799 36 26 14
0.021807 0.158170 0.367077 48 28 10
0.022177 0.159104 0.367045 48 29 10
0.022626 0.160143 0.367078 49 29 11
0.021474 0.155300 0.367074 48 28 10
0.021799 0.156303 0.367022 47 27 11
0.022450 0.157406 0.366935 47 27 10
0.023059 0.158492 0.366799 48 28 10
0.023670 0.159476 0.366835 48 29 11
0.021542 0.152589 0.367365 49 28 9
0.021781 0.153559 0.367287 49 29 8
0.022188 0.154595 0.367142 49 28 10
0.022957 0.155651 0.366971 48 28 11
0.023476 0.156731 0.366843 47 27 12
0.023856 0.157694 0.366728 48 28 12
0.024535 0.159118 0.366768 48 29 13
0.021014 0.149595 0.367346 49 28 9
0.021374 0.150648 0.367399 48 28 9
0.021973 0.151776 0.367434 48 28 8
0.022640 0.152846 0.367304 49 29 9
0.023351 0.153968 0.367133 50 28 10
0.023775 0.155020 0.366952 49 28 11
0.024061 0.155902 0.366824 49 28 12
0.021098 0.147166 0.367575 50 29 9
0.021222 0.148000 0.367493 50 29 9
0.021773 0.149007 0.367472 50 29 9
0.022358 0.150122 0.367498 49 29 9
0.023026 0.151116 0.367480 49 29 9
0.023776 0.152246 0.367334 49 29 9
0.024219 0.153396 0.367180 50 29 9
0.021725 0.146379 0.367772 52 31 10
0.022297 0.147309 0.367649 52 31 10
0.022920 0.148366 0.367618 51 30 10
0.023539 0.149425 0.367651 51 30 10
0.024230 0.150472 0.367608 50 30 10
0.024564 0.151537 0.367418 50 29 10
0.022535 0.144630 0.368273 56 34 13
0.022629 0.145545 0.368032 55 33 12
0.023388 0.146705 0.367869 54 32 12
0.024108 0.147698 0.367840 54 32 12
0.024711 0.148731 0.367797 53 32 12
0.025131 0.149788 0.367732 52 31 12
0.025544 0.150532 0.367683 52 32 12
0.023161 0.144011 0.368488 57 36 14
0.023722 0.144949 0.368282 57 35 14
0.024443 0.146095 0.368091 56 34 14
0.025131 0.147084 0.367999 55 34 14
0.025425 0.148071 0.367896 55 34 14
0.024104 0.143327 0.368783 59 37 15
0.024761 0.144359 0.368534 58 37 16
0.025478 0.145408 0.368317 57 36 15
0.025815 0.146305 0.368160 57 36 16
0.024954 0.142655 0.369098 60 39 16
0.025804 0.143791 0.368773 59 38 16
0.026356 0.144734 0.368520 59 37 16
0.025947 0.141206 0.369729 63 41 17
0.026088 0.141987 0.369404 62 40 17
0.026938 0.143063 0.369096 60 39 17
0.027308 0.143855 0.368845 60 38 17
0.026694 0.140647 0.370021 64 41 18
0.027207 0.141290 0.369735 63 41 17
0.027963 0.142373 0.369403 61 39 16
0.027669 0.140034 0.370409 65 42 18
0.028231 0.140679 0.370079 64 42 17
0.028910 0.141617 0.369786 62 40 17
0.028587 0.139404 0.370725 66 43 19
0.029168 0.140067 0.370337 65 42 18
0.029819 0.140899 0.370059 63 41 17
0.029665 0.138630 0.371102 68 44 19
0.030296 0.139416 0.370739 66 43 18
0.030851 0.140207 0.370517 64 42 18
0.030711 0.138124 0.371588 68 45 19
0.031365 0.138796 0.371273 66 44 19
0.031957 0.139576 0.370960 66 43 19
0.031476 0.137834 0.371956 68 45 19
0.032265 0.138240 0.371801 67 45 19
0.032918 0.138997 0.371429 66 44 19
0.033246 0.137744 0.372322 66 45 19
0.033909 0.138473 0.371959 66 45 19
0.034155 0.137432 0.372877 65 45 20
0.034979 0.138068 0.372483 65 44 19
0.035901 0.138662 0.372319 64 44 20
0.035094 0.137242 0.373300 65 45 20
0.035893 0.137557 0.373187 64 44 19
0.036777 0.138471 0.372857 62 43 19
0.036953 0.137370 0.373800 60 43 19
0.037638 0.138011 0.373594 59 42 18
0.038388 0.138654 0.373392 57 41 18
0.038462 0.137707 0.374340 57 41 18
0.039327 0.138492 0.374053 56 41 18
0.040142 0.138935 0.373925 57 41 18
0.040071 0.138078 0.374816 56 41 18
0.040986 0.138892 0.374550 57 41 18
0.041828 0.139412 0.374486 56 40 18
0.040874 0.138009 0.375343 56 41 18
0.041736 0.138445 0.375307 54 38 16
0.042533 0.139212 0.375118 53 37 15
0.043419 0.139834 0.375086 51 36 14
0.042589 0.138372 0.376022 52 36 14
0.043367 0.138890 0.375948 51 35 12
0.044178 0.139705 0.375670 50 35 12
0.044345 0.138589 0.376571 54 38 16
0.045167 0.139315 0.376234 54 38 16
0.046032 0.139768 0.375992 56 39 17
0.046126 0.138881 0.376770 59 42 19
0.046773 0.139400 0.376422 59 42 19
0.047092 0.138418 0.377345 59 42 18
0.047809 0.139025 0.376939 58 41 17
0.047993 0.138107 0.377915 53 38 15
0.048730 0.138600 0.377660 51 36 13
0.049541 0.139181 0.377413 49 35 12
0.049741 0.138139 0.378411 40 28 9
0.050568 0.138904 0.378021 40 27 8
0.051410 0.139376 0.377858 39 26 8
0.050836 0.137636 0.378887 36 23 7
0.051486 0.138438 0.378475 35 23 7
0.052231 0.138898 0.378299 35 23 7
0.051583 0.137295 0.379292 41 25 9
0.052383 0.137854 0.379107 40 25 9
0.053133 0.138522 0.378770 39 24 9
0.052485 0.136917 0.379647 50 32 11
0.053377 0.137325 0.379703 51 32 11
0.054086 0.138054 0.379197 47 30 11
0.054401 0.137110 0.380299 55 35 13
0.055139 0.137547 0.379955 52 34 13
0.055973 0.138010 0.379669 49 33 14
0.056067 0.137284 0.380634 52 34 14
0.056763 0.137731 0.380267 50 33 14
0.056975 0.136997 0.381238 50 32 13
0.057678 0.137420 0.380921 47 30 12
0.058742 0.136855 0.381277 37 25 10
0.059089 0.134287 0.382240 37 29 15
0.059188 0.135231 0.381854 36 27 13
0.059159 0.136102 0.381695 35 25 11
0.059397 0.134663 0.382311 37 28 15
0.018361 0.155412 0.367275 47 27 9
0.018813 0.156573 0.367288 47 28 10
0.019364 0.157608 0.367366 47 28 10
0.019881 0.158691 0.367403 47 28 10
0.020553 0.159839 0.367515 48 28 11
0.021284 0.160865 0.367645 48 29 12
0.021843 0.161860 0.367905 49 30 14
0.022393 0.162672 0.368259 52 32 16
0.018260 0.152569 0.367487 44 24 7
0.018647 0.153663 0.367422 45 25 7
0.019102 0.154808 0.367279 47 27 9
0.019811 0.155945 0.367177 47 27 10
0.020429 0.157036 0.367211 47 28 10
0.020988 0.158066 0.367201 47 28 10
0.021497 0.159370 0.367249 48 28 10
0.021893 0.160275 0.367224 49 29 11
0.022716 0.161823 0.368036 48 29 13
0.023169 0.162319 0.368334 50 29 14
0.023615 0.163240 0.368573 51 30 16
0.017700 0.148946 0.367502 42 22 6
0.017911 0.149777 0.367468 42 22 6
0.018440 0.150858 0.367491 43 24 6
0.018932 0.152009 0.367484 44 25 7
0.019421 0.153166 0.367463 46 26 7
0.020255 0.154150 0.367340 47 27 8
0.020754 0.155297 0.367199 47 27 9
0.021081 0.156479 0.367115 47 28 10
0.017999 0.147035 0.367826 45 25 7
0.018248 0.148115 0.367634 44 23 6
0.018844 0.149236 0.367464 44 24 7
0.019539 0.150260 0.367406 45 25 7
0.020119 0.151256 0.367421 46 26 8
0.020690 0.152374 0.367455 47 27 8
0.021120 0.153505 0.367393 48 28 8
0.018432 0.145433 0.367999 49 28 9
0.018550 0.146409 0.367878 47 26 8
0.019241 0.147532 0.367650 46 26 7
0.020007 0.148599 0.367450 47 26 8
0.020398 0.149657 0.367383 47 27 8
0.020856 0.150935 0.367442 47 28 8
0.021276 0.151662 0.367461 48 28 8
0.018819 0.143888 0.368270 52 31 11
0.018977 0.144710 0.368151 50 29 10
0.019579 0.145750 0.367927 49 28 9
0.020262 0.146873 0.367684 49 28 8
0.020599 0.147864 0.367484 49 28 9
0.019543 0.143128 0.368502 52 31 11
0.020033 0.144055 0.368276 52 31 11
0.020780 0.145081 0.368068 52 31 10
0.021166 0.145957 0.367880 52 30 10
0.020472 0.142394 0.368808 54 33 12
0.021199 0.143398 0.368540 54 33 12
0.021805 0.144399 0.368305 54 33 12
0.021009 0.141155 0.369312 56 34 11
0.021432 0.141687 0.369145 56 35 12
0.022167 0.142753 0.368841 57 35 13
0.022722 0.143629 0.368608 57 35 14
0.022114 0.140425 0.369704 57 36 12
0.022447 0.141112 0.369463 58 37 13
0.023201 0.142250 0.369107 59 37 15
0.023570 0.142946 0.368900 58 37 15
0.022935 0.139761 0.369992 59 38 13
0.023499 0.140527 0.369738 60 38 15
0.024229 0.141536 0.369432 60 39 16
0.024453 0.142328 0.369195 60 39 16
0.023975 0.139024 0.370385 62 40 15
0.024568 0.139857 0.370121 62 40 16
0.025226 0.140824 0.369826 62 40 16
0.024993 0.138405 0.370738 65 42 17
0.025617 0.139245 0.370495 65 42 17
0.026269 0.140173 0.370201 64 42 18
0.026010 0.137872 0.371212 67 44 18
0.026579 0.138594 0.370954 66 44 18
0.027229 0.139496 0.370619 65 43 19
0.026968 0.137479 0.371632 68 45 19
0.027596 0.138044 0.371414 67 45 19
0.028205 0.138835 0.371051 66 44 19
0.027847 0.137023 0.372070 69 46 19
0.028591 0.137403 0.371917 68 45 19
0.029251 0.138102 0.371477 68 45 19
0.029701 0.136917 0.372393 69 46 19
0.030367 0.137599 0.371910 68 45 19
0.030688 0.136476 0.372902 69 46 19
0.031386 0.137138 0.372470 68 46 19
0.032271 0.137605 0.372336 68 46 19
0.031594 0.136121 0.373401 69 46 19
0.032327 0.136655 0.373087 67 46 19
0.033101 0.137130 0.372803 67 45 19
0.033237 0.136216 0.373679 66 46 20
0.033982 0.136881 0.373291 65 45 20
0.034114 0.135917 0.374251 65 46 20
0.034956 0.136462 0.374073 64 45 20
0.035719 0.136973 0.373775 64 45 20
0.035836 0.136084 0.374769 61 44 19
0.036665 0.136729 0.374408 60 43 19
0.036763 0.135841 0.375284 58 42 18
0.037528 0.136474 0.375154 57 41 17
0.038434 0.137129 0.374906 57 41 17
0.038480 0.136268 0.375803 57 42 18
0.039211 0.136929 0.375533 57 42 18
0.040033 0.137516 0.375408 56 41 18
0.040058 0.136539 0.376326 57 42 18
0.040941 0.137320 0.376065 55 40 17
0.041672 0.137978 0.376148 54 39 16
0.041019 0.136346 0.376876 54 39 16
0.041732 0.136985 0.376914 53 37 14
0.042520 0.137819 0.376778 52 36 14
0.043129 0.138546 0.376564 51 35 13
0.042710 0.136777 0.377400 57 41 18
0.043413 0.137240 0.377432 57 41 19
0.044067 0.138188 0.376973 55 39 17
0.045031 0.138572 0.376927 58 42 20
0.044269 0.136647 0.377920 61 44 21
0.045092 0.137621 0.377611 60 44 21
0.045678 0.138224 0.377308 60 43 20
0.045444 0.136282 0.378379 57 41 18
0.045940 0.137037 0.378289 58 42 19
0.046713 0.137761 0.377915 58 42 18
0.046130 0.136006 0.378634 51 36 15
0.047055 0.136456 0.378865 48 34 13
0.047776 0.137389 0.378550 49 35 13
0.048746 0.137973 0.378411 47 33 12
0.048093 0.135991 0.379171 39 26 9
0.048726 0.136848 0.378942 39 27 9
0.049491 0.137599 0.378725 39 26 8
0.049090 0.135534 0.379668 41 26 9
0.049808 0.136262 0.379532 39 25 8
0.050448 0.137151 0.379158 37 24 8
0.050671 0.136063 0.380219 47 31 10
0.051419 0.136767 0.379850 45 29 10
0.052250 0.137229 0.379709 46 29 10
0.051492 0.135835 0.380677 55 36 12
0.052394 0.136367 0.380501 55 35 12
0.053111 0.136915 0.380184 54 34 11
0.053345 0.136047 0.381195 56 36 13
0.054179 0.136528 0.380920 55 35 13
0.055083 0.136976 0.380693 54 35 14
0.055040 0.136193 0.381610 53 34 13
0.055767 0.136725 0.381229 53 34 14
0.056012 0.135894 0.382220 49 31 12
0.056715 0.136401 0.381818 48 30 12
0.057589 0.135935 0.382419 40 25 8
0.058301 0.136415 0.382009 37 24 8
0.058804 0.135264 0.382741 37 26 11
0.058946 0.136017 0.382258 35 24 10
0.059477 0.133864 0.383389 39 29 14
0.059314 0.134439 0.383088 39 28 13
0.059761 0.133476 0.383846 40 30 14
0.016130 0.156833 0.367727 46 27 10
0.016551 0.157690 0.367775 47 27 10
0.017124 0.158744 0.367909 47 28 10
0.017662 0.159867 0.368023 48 29 11
0.018271 0.160789 0.368194 50 30 13
0.015324 0.152914 0.367724 39 20 4
0.015687 0.153717 0.367734 40 21 5
0.016211 0.155004 0.367690 43 24 7
0.016679 0.156073 0.367595 46 26 9
0.017386 0.157251 0.367587 47 28 10
0.018016 0.158319 0.367677 47 28 10
0.018606 0.159343 0.367738 48 28 11
0.019260 0.160527 0.367983 49 29 12
0.019852 0.161624 0.368332 50 30 13
0.020419 0.162630 0.368611 52 32 15
0.021093 0.163443 0.368931 53 33 15
0.021665 0.164383 0.369197 54 34 16
0.015109 0.150266 0.367786 39 20 4
0.015464 0.151163 0.367756 39 20 4
0.015882 0.152171 0.367697 39 20 4
0.016514 0.153269 0.367616 41 22 5
0.017197 0.154355 0.367537 44 24 7
0.017693 0.155596 0.367412 47 27 9
0.018172 0.156776 0.367389 47 28 10
0.018757 0.157952 0.367516 47 28 10
0.019107 0.158538 0.367512 47 28 11
0.019686 0.159635 0.367724 48 29 11
0.020697 0.161454 0.368194 48 29 12
0.021301 0.162153 0.368579 49 29 13
0.021890 0.163056 0.368767 51 31 15
0.022384 0.164192 0.369128 54 33 16
0.023009 0.165097 0.369396 54 34 18
0.015434 0.148363 0.368000 42 22 5
0.015693 0.149587 0.367828 40 21 4
0.016327 0.150566 0.367677 40 20 5
0.016956 0.151634 0.367620 40 21 5
0.017575 0.152685 0.367531 43 23 6
0.017899 0.153731 0.367474 44 25 7
0.018508 0.154684 0.367649 44 25 8
0.022717 0.162703 0.368649 50 30 14
0.023170 0.163675 0.368892 52 32 16
0.023676 0.164722 0.369164 54 34 18
0.015392 0.145768 0.368318 49 28 8
0.015800 0.146629 0.368172 46 26 6
0.016088 0.147636 0.367989 43 23 5
0.016766 0.148785 0.367747 41 21 5
0.017235 0.149966 0.367562 41 21 5
0.017760 0.151209 0.367624 42 22 6
0.015885 0.144068 0.368619 51 30 12
0.016076 0.145023 0.368381 50 29 9
0.016607 0.146025 0.368128 47 27 8
0.017308 0.146986 0.367883 44 24 6
0.017564 0.148019 0.367772 43 23 6
0.016519 0.143495 0.368721 52 31 12
0.016988 0.144309 0.368540 51 31 11
0.017680 0.145329 0.368161 49 28 9
0.017878 0.146142 0.367977 47 26 8
0.017383 0.142660 0.368911 53 33 13
0.018039 0.143742 0.368536 52 31 12
0.018256 0.144546 0.368229 50 30 11
0.018076 0.140834 0.369402 55 34 12
0.018324 0.141963 0.369085 54 33 12
0.018988 0.142831 0.368674 53 32 12
0.018583 0.139300 0.369834 56 35 11
0.018815 0.140091 0.369567 55 35 10
0.019587 0.141227 0.369201 54 33 11
0.019683 0.142114 0.368857 54 32 11
0.019352 0.138836 0.370100 56 36 11
0.019776 0.139561 0.369837 55 35 11
0.020574 0.140586 0.369491 55 34 10
0.020346 0.138192 0.370490 56 35 12
0.020791 0.138928 0.370177 55 35 11
0.021494 0.139910 0.369845 56 35 11
0.021259 0.137668 0.370846 57 35 12
0.021807 0.138367 0.370550 56 35 11
0.022397 0.139253 0.370169 58 36 12
0.022303 0.137108 0.371286 59 36 12
0.022924 0.137713 0.370968 59 37 13
0.023512 0.138504 0.370581 61 39 14
0.023289 0.136570 0.371711 63 39 14
0.023970 0.137052 0.371451 63 40 15
0.024583 0.137823 0.371003 64 42 17
0.024899 0.136529 0.371930 67 44 17
0.025611 0.137271 0.371485 67 44 18
0.025896 0.136087 0.372432 69 45 18
0.026633 0.136814 0.372001 69 46 18
0.026886 0.135651 0.372980 70 47 19
0.027674 0.136285 0.372645 69 46 19
0.028518 0.136686 0.372490 69 46 19
0.028647 0.135770 0.373235 69 46 19
0.029342 0.136352 0.372837 69 46 19
0.029658 0.135314 0.373781 69 46 19
0.030339 0.135931 0.373354 69 46 19
0.030653 0.134963 0.374327 69 47 19
0.031348 0.135534 0.373918 68 46 19
0.031439 0.134679 0.374821 69 48 20
0.032230 0.135100 0.374558 68 47 20
0.032985 0.135656 0.374212 67 46 20
0.033257 0.134737 0.375214 66 47 20
0.034038 0.135317 0.374852 64 46 20
0.034134 0.134464 0.375744 65 47 21
0.034938 0.134921 0.375642 63 46 20
0.035744 0.135585 0.375294 61 44 19
0.035840 0.134712 0.376240 61 44 20
0.036645 0.135271 0.376043 59 43 19
0.037498 0.135809 0.375820 58 42 18
0.037518 0.134923 0.376696 60 44 20
0.038188 0.135566 0.376381 59 44 19
0.038439 0.134635 0.377268 61 46 21
0.039126 0.135244 0.377106 59 44 20
0.040092 0.135960 0.376839 56 41 18
0.040146 0.134993 0.377785 58 43 19
0.040948 0.135704 0.377550 56 40 18
0.041817 0.136367 0.377382 54 39 16
0.041808 0.135282 0.378276 61 45 22
0.042671 0.136216 0.377936 59 43 20
0.043070 0.136920 0.377779 57 42 19
0.042700 0.135032 0.378826 61 45 22
0.043523 0.135682 0.378518 60 44 21
0.044191 0.136396 0.378388 61 44 21
0.044363 0.135096 0.379096 56 40 18
0.045186 0.136057 0.378845 57 41 19
0.045692 0.136677 0.378803 58 42 19
0.045469 0.134482 0.379725 44 31 12
0.046209 0.135369 0.379278 46 32 12
0.046729 0.136405 0.379246 50 36 15
0.046375 0.134308 0.380231 40 27 9
0.047173 0.134794 0.379991 40 27 9
0.047951 0.135302 0.379724 39 26 9
0.048120 0.134477 0.380605 45 31 10
0.048784 0.135072 0.380220 44 29 10
0.049563 0.135644 0.380172 44 29 10
0.048906 0.134241 0.381119 52 37 14
0.049680 0.134735 0.380988 53 36 13
0.050463 0.135503 0.380662 51 34 12
0.050599 0.134548 0.381678 57 39 14
0.051451 0.135108 0.381435 57 38 13
0.052415 0.135618 0.381289 57 37 13
0.052419 0.134892 0.382172 55 36 13
0.053204 0.135468 0.381836 55 35 13
0.053165 0.134701 0.382775 53 33 12
0.054050 0.135130 0.382559 51 31 12
0.054803 0.135638 0.382207 52 32 12
0.055004 0.134773 0.383171 48 30 11
0.055707 0.135340 0.382743 48 30 11
0.056001 0.134374 0.383707 46 29 9
0.056696 0.134905 0.383285 43 27 8
0.057681 0.134281 0.383868 43 28 11
0.058379 0.134770 0.383438 40 27 11
0.058856 0.133745 0.384270 44 30 13
0.059522 0.131951 0.385012 43 31 15
0.059648 0.132867 0.384749 44 31 15
0.059689 0.131748 0.385301 43 31 15
0.059976 0.132313 0.385279 43 31 15
0.012987 0.154320 0.368222 38 20 4
0.013392 0.155095 0.368230 39 20 4
0.013908 0.156130 0.368268 40 21 5
0.014466 0.157355 0.368252 43 25 8
0.015003 0.158456 0.368306 45 27 9
0.015622 0.159498 0.368407 46 28 10
0.016195 0.160528 0.368599 48 29 11
0.016870 0.161647 0.368827 51 31 13
0.017540 0.162704 0.369077 52 33 14
0.018150 0.163666 0.369423 53 33 15
0.013171 0.152427 0.368205 38 20 4
0.013576 0.153475 0.368110 38 20 3
0.014064 0.154574 0.368069 39 20 4
0.014695 0.155659 0.368024 41 22 6
0.015305 0.156741 0.367950 45 26 8
0.015884 0.158016 0.367983 46 27 10
0.016456 0.159056 0.368091 47 28 10
0.016969 0.160129 0.368249 48 29 11
0.017764 0.161275 0.368524 51 31 13
0.018506 0.162278 0.368900 51 31 13
0.018988 0.163334 0.369299 52 33 14
0.019616 0.164267 0.369619 53 33 15
0.020388 0.165378 0.370004 53 32 16
0.020738 0.166019 0.370233 54 33 17
0.013021 0.149696 0.368355 42 24 6
0.013383 0.150770 0.368182 40 22 5
0.013904 0.151870 0.368028 38 20 4
0.014567 0.152875 0.367882 38 20 4
0.015090 0.154078 0.367878 40 21 4
0.015478 0.155026 0.367845 41 22 6
0.018693 0.161385 0.368682 49 29 12
0.019242 0.161885 0.369006 47 28 11
0.019869 0.162769 0.369180 50 30 12
0.020423 0.163829 0.369441 53 33 14
0.021136 0.164903 0.369713 54 33 17
0.021759 0.165889 0.370084 53 33 17
0.022426 0.166721 0.370446 54 33 18
0.013302 0.147914 0.368523 45 26 7
0.013625 0.148949 0.368269 43 24 6
0.014334 0.150088 0.368022 40 21 5
0.014756 0.151406 0.367906 38 19 4
0.021841 0.164409 0.369501 54 34 15
0.022651 0.165698 0.369824 55 35 19
0.013317 0.145270 0.368822 49 28 7
0.013520 0.146287 0.368665 48 28 6
0.014021 0.147327 0.368467 46 26 6
0.014708 0.148267 0.368261 44 25 5
0.014989 0.149322 0.368022 41 22 5
0.013792 0.143475 0.369217 50 29 8
0.013907 0.144493 0.368827 49 28 7
0.014622 0.145602 0.368539 49 28 7
0.015148 0.146684 0.368373 47 27 6
0.015528 0.147594 0.368396 46 26 5
0.014095 0.141803 0.369414 50 29 9
0.014349 0.142709 0.369210 50 29 9
0.014939 0.143821 0.368830 50 29 10
0.015413 0.144857 0.368514 50 29 9
0.014787 0.141250 0.369568 51 30 9
0.015351 0.142109 0.369282 52 31 11
0.015950 0.143051 0.368881 52 31 12
0.015712 0.140526 0.369731 53 32 10
0.016402 0.141500 0.369375 53 32 12
0.016748 0.142349 0.369125 53 32 13
0.016543 0.139009 0.370353 55 34 12
0.016785 0.139756 0.369932 55 34 11
0.017470 0.140843 0.369572 55 34 12
0.017955 0.142252 0.369578 54 33 14
0.017227 0.138222 0.370472 57 36 12
0.017861 0.139047 0.370045 56 35 12
0.017998 0.139986 0.369704 56 35 11
0.018214 0.137504 0.370797 59 37 13
0.018908 0.138353 0.370307 57 36 12
0.019183 0.136908 0.371130 60 38 14
0.019829 0.137725 0.370670 57 36 12
0.020165 0.136338 0.371571 62 39 14
0.020844 0.137124 0.371088 58 36 12
0.021276 0.135860 0.372069 63 40 14
0.021961 0.136516 0.371645 61 38 13
0.022366 0.135375 0.372662 66 42 16
0.023022 0.135985 0.372183 65 41 15
0.023350 0.134919 0.373156 68 44 17
0.023969 0.135456 0.372712 68 44 17
0.024860 0.135835 0.372505 69 45 18
0.023954 0.134530 0.373542 70 46 18
0.024884 0.134957 0.373282 70 46 18
0.025558 0.135535 0.372876 70 46 18
0.025949 0.134476 0.373876 71 47 19
0.026662 0.135077 0.373444 70 47 19
0.026997 0.134031 0.374469 70 47 19
0.027675 0.134626 0.374067 69 47 19
0.028527 0.135019 0.373877 69 47 19
0.027665 0.133690 0.374922 71 48 20
0.028609 0.134142 0.374675 70 47 19
0.029278 0.134689 0.374267 69 47 19
0.029577 0.133773 0.375273 70 48 20
0.030282 0.134366 0.374859 69 47 19
0.030362 0.133474 0.375805 70 48 21
0.031230 0.134005 0.375498 69 48 20
0.032110 0.134489 0.375214 69 48 20
0.032271 0.133652 0.376128 68 48 21
0.033020 0.134152 0.375762 67 48 21
0.033229 0.133358 0.376718 68 49 22
0.034037 0.133891 0.376500 67 48 22
0.034891 0.134313 0.376367 64 47 21
0.034914 0.133627 0.377203 67 49 23
0.035668 0.134166 0.376825 63 47 21
0.036510 0.135233 0.376776 63 46 21
0.035678 0.133240 0.377765 66 50 24
0.036507 0.133848 0.377647 65 49 23
0.037230 0.134549 0.377381 62 47 21
0.037303 0.133558 0.378230 67 51 25
0.038287 0.134214 0.378039 64 49 23
0.038743 0.134799 0.377712 62 47 22
0.039179 0.133756 0.378659 64 49 24
0.039910 0.134404 0.378345 62 46 22
0.040027 0.133405 0.379177 63 48 24
0.040821 0.134060 0.379070 63 47 23
0.041603 0.134706 0.378761 62 46 23
0.041763 0.133650 0.379684 60 44 21
0.042635 0.134480 0.379313 60 44 21
0.043538 0.134907 0.379359 59 43 21
0.042600 0.133455 0.380151 56 41 18
0.043510 0.133980 0.379985 54 39 17
0.043755 0.134740 0.379456 57 41 19
0.044589 0.133736 0.380507 45 32 12
0.045265 0.134038 0.380383 43 30 11
0.045458 0.133254 0.381272 40 27 9
0.046107 0.133723 0.380871 40 28 9
0.047098 0.134134 0.380687 42 29 10
0.047112 0.133382 0.381545 48 35 12
0.047792 0.133905 0.381153 48 34 12
0.048005 0.133093 0.382134 57 42 16
0.048776 0.133619 0.381858 57 41 16
0.049587 0.134159 0.381669 57 40 15
0.049609 0.133334 0.382622 59 42 16
0.050452 0.133935 0.382313 58 40 15
0.051378 0.134418 0.382262 57 39 14
0.051314 0.133643 0.383103 55 37 14
0.052147 0.134295 0.382807 54 35 13
0.052039 0.133546 0.383604 51 32 11
0.053047 0.134019 0.383481 50 30 10
0.053879 0.134527 0.383169 49 29 11
0.054026 0.133660 0.384103 49 31 11
0.054689 0.134225 0.383669 49 30 11
0.055074 0.133268 0.384685 50 32 11
0.055661 0.133793 0.384219 48 30 10
0.056076 0.132770 0.385244 51 33 12
0.056702 0.133298 0.384786 48 31 11
0.057574 0.133552 0.384554 47 31 13
0.057789 0.132710 0.385368 50 33 14
0.058371 0.133229 0.384883 48 31 14
0.058860 0.132216 0.385815 49 32 14
0.059221 0.132680 0.385342 47 32 15
0.059732 0.131613 0.386089 45 31 14
0.060241 0.131943 0.385889 44 31 14
0.059930 0.130725 0.386686 42 30 13
0.011313 0.154926 0.368873 38 20 4
0.011724 0.155836 0.368809 38 20 3
0.012241 0.156899 0.368786 39 22 5
0.012846 0.158115 0.368930 42 24 7
0.013447 0.159264 0.368986 45 27 10
0.014007 0.160295 0.369108 46 28 12
0.014569 0.161352 0.369274 47 29 13
0.015229 0.162447 0.369432 49 30 13
0.015886 0.163406 0.369788 51 31 13
0.016474 0.164289 0.370083 52 32 14
0.011123 0.151948 0.368951 42 24 7
0.011572 0.153089 0.368831 40 22 5
0.012061 0.154215 0.368645 38 20 3
0.012659 0.155270 0.368452 38 20 3
0.013182 0.156412 0.368462 39 21 5
0.013683 0.157538 0.368532 43 24 7
0.014291 0.158825 0.368592 45 27 9
0.014954 0.159891 0.368747 46 28 11
0.015530 0.160881 0.368900 48 29 12
0.016153 0.162018 0.369074 50 30 13
0.016950 0.163243 0.369663 51 31 13
0.017478 0.163992 0.370024 51 31 13
0.018143 0.164915 0.370362 52 32 14
0.018782 0.165931 0.370745 52 32 15
0.019683 0.167318 0.371090 55 35 17
0.011120 0.149395 0.369177 44 26 8
0.011244 0.150259 0.368874 44 26 8
0.011902 0.151405 0.368679 41 24 6
0.012489 0.152534 0.368481 39 21 4
0.012914 0.153581 0.368338 38 20 3
0.013240 0.154725 0.368302 39 21 4
0.017792 0.162894 0.369412 51 31 12
0.018476 0.163648 0.369935 50 31 12
0.019126 0.164617 0.370160 52 32 13
0.019706 0.165569 0.370564 52 32 14
0.020274 0.166654 0.370888 53 33 16
0.021050 0.167620 0.371458 54 33 15
0.021705 0.168562 0.371617 55 35 16
0.011250 0.147555 0.369235 45 25 7
0.011704 0.148654 0.369049 44 26 7
0.012164 0.149571 0.368670 44 25 7
0.012620 0.150726 0.368439 41 24 6
0.020169 0.164541 0.370167 54 34 14
0.020712 0.165555 0.370344 52 32 15
0.021208 0.166328 0.370701 53 32 15
0.021803 0.167323 0.371013 53 33 17
0.011528 0.145960 0.369304 45 25 7
0.012101 0.146935 0.368989 46 26 7
0.012646 0.147971 0.368798 45 26 7
0.012774 0.148810 0.368708 44 25 7
0.011794 0.143105 0.369841 46 25 6
0.011918 0.144087 0.369599 46 25 5
0.012417 0.145129 0.369158 47 27 6
0.012844 0.146175 0.368843 47 27 7
0.012355 0.142379 0.369787 47 26 6
0.012893 0.143447 0.369378 48 27 6
0.013195 0.144354 0.369048 49 28 7
0.012842 0.140836 0.370188 49 28 8
0.013358 0.141663 0.369656 49 28 7
0.013708 0.142780 0.369321 49 28 8
0.013476 0.139273 0.370691 53 32 10
0.013698 0.140057 0.370248 51 30 9
0.014294 0.140879 0.369725 51 30 9
0.014131 0.138627 0.370835 54 33 11
0.014759 0.139410 0.370362 53 32 10
0.015269 0.140069 0.370030 53 31 10
0.015149 0.137845 0.371113 56 34 11
0.015886 0.138734 0.370609 55 34 12
0.015805 0.139590 0.370247 54 33 11
0.016263 0.137120 0.371390 58 36 12
0.016690 0.137954 0.370851 57 36 13
0.016674 0.135911 0.372051 60 37 13
0.017263 0.136458 0.371589 60 37 13
0.017786 0.137043 0.371138 60 38 14
0.017688 0.135302 0.372470 62 39 14
0.018264 0.135856 0.371999 62 39 14
0.018745 0.136421 0.371528 61 39 15
0.018292 0.134973 0.372743 64 40 15
0.019190 0.135281 0.372485 64 40 15
0.019811 0.135830 0.371956 63 40 15
0.020241 0.134754 0.373012 65 42 15
0.020942 0.135331 0.372528 65 41 15
0.021270 0.134239 0.373604 67 43 16
0.021971 0.134853 0.373113 67 43 16
0.022257 0.133824 0.374141 69 45 17
0.022947 0.134386 0.373641 69 45 17
0.023117 0.133468 0.374597 70 46 18
0.023896 0.133882 0.374209 70 46 18
0.024703 0.134328 0.373840 70 46 18
0.024883 0.133393 0.374836 70 47 19
0.025615 0.133918 0.374368 71 47 19
0.025996 0.132917 0.375477 71 48 20
0.026662 0.133495 0.374964 70 48 20
0.026858 0.132531 0.375961 72 49 21
0.027630 0.133063 0.375591 71 48 20
0.028379 0.133541 0.375251 70 48 20
0.028508 0.132600 0.376255 71 49 21
0.029216 0.133232 0.375764 70 48 20
0.029469 0.132256 0.376832 71 49 22
0.030230 0.132854 0.376393 70 48 21
0.031156 0.133256 0.376254 70 49 21
0.030328 0.131948 0.377319 71 50 22
0.031134 0.132371 0.377124 70 49 21
0.031970 0.133011 0.376824 69 49 21
0.031979 0.132157 0.377807 70 50 22
0.032927 0.132757 0.377600 70 50 22
0.033873 0.133324 0.377359 69 50 23
0.033692 0.132607 0.378201 70 51 22
0.034604 0.133204 0.377894 69 51 23
0.035427 0.133627 0.377782 69 51 24
0.035467 0.132951 0.378539 69 51 23
0.036381 0.133355 0.378280 68 51 24
0.036357 0.132637 0.379366 70 52 24
0.037146 0.133108 0.378998 69 52 25
0.037980 0.133613 0.378765 68 52 26
0.038223 0.132688 0.379800 68 52 25
0.038897 0.133319 0.379385 67 51 25
0.039210 0.132310 0.380212 65 48 23
0.039773 0.132901 0.379933 64 48 23
0.039990 0.131844 0.380765 60 44 20
0.040714 0.132446 0.380484 59 43 20
0.041533 0.133129 0.380244 58 42 19
0.041698 0.132126 0.381243 55 40 17
0.042445 0.132899 0.380806 54 39 17
0.043347 0.133519 0.380760 52 37 16
0.042521 0.131970 0.381760 51 36 15
0.043475 0.132450 0.381739 46 32 13
0.044176 0.133140 0.381381 44 31 12
0.044479 0.132175 0.382354 43 30 11
0.045086 0.132757 0.381900 42 29 10
0.046083 0.132284 0.382584 53 38 15
0.046803 0.132822 0.382111 52 38 14
0.047021 0.132026 0.383175 61 46 20
0.047761 0.132549 0.382783 60 45 18
0.048667 0.132125 0.383553 60 44 18
0.049537 0.132784 0.383202 59 42 16
0.049483 0.131934 0.384192 57 41 16
0.050378 0.132501 0.384024 55 38 14
0.051203 0.133101 0.383733 54 35 13
0.051172 0.132355 0.384747 51 33 11
0.051992 0.132837 0.384505 49 30 10
0.052812 0.133350 0.384141 49 29 10
0.052924 0.132540 0.385127 51 32 12
0.053613 0.133063 0.384660 50 32 12
0.053925 0.132133 0.385716 55 36 14
0.054600 0.132718 0.385197 52 34 12
0.054774 0.131725 0.386231 56 36 14
0.055644 0.132144 0.385854 54 34 13
0.056664 0.132488 0.385582 52 34 14
0.056754 0.131648 0.386407 54 35 14
0.057406 0.132177 0.385876 53 34 14
0.057715 0.131230 0.386927 53 34 13
0.058368 0.131708 0.386441 51 33 14
0.058693 0.130812 0.387506 48 31 12
0.059348 0.131228 0.386948 47 31 12
0.059847 0.130004 0.387714 41 29 12
0.059847 0.130723 0.387354 43 29 12
0.059843 0.129046 0.388255 40 29 13
0.009941 0.155708 0.369562 39 23 5
0.010255 0.156522 0.369414 39 22 4
0.010747 0.157600 0.369399 40 23 5
0.011413 0.158778 0.369538 43 25 7
0.012064 0.159925 0.369697 45 27 10
0.012636 0.160958 0.369778 46 28 11
0.013244 0.161986 0.369971 47 29 11
0.013967 0.163106 0.370171 49 30 12
0.014643 0.164107 0.370521 51 32 13
0.014902 0.164658 0.370817 55 34 13
0.009220 0.151768 0.369613 45 27 11
0.009496 0.152706 0.369505 44 26 10
0.009991 0.153923 0.369411 42 25 8
0.010542 0.154972 0.369298 39 22 5
0.010990 0.156073 0.369105 38 21 3
0.011543 0.157229 0.369036 39 22 4
0.012179 0.158357 0.369197 43 25 7
0.012681 0.159433 0.369285 45 27 10
0.013302 0.160607 0.369417 46 28 12
0.013922 0.161742 0.369612 47 29 13
0.014577 0.162849 0.369790 49 30 13
0.015391 0.163924 0.370283 50 31 12
0.016125 0.164812 0.370861 52 32 12
0.016611 0.165647 0.371111 54 34 14
0.017236 0.166805 0.371390 55 34 17
0.017836 0.167421 0.371700 58 36 19
0.009492 0.149992 0.369752 42 24 7
0.009855 0.150942 0.369469 43 25 9
0.010317 0.152093 0.369227 43 25 9
0.010765 0.153353 0.369127 41 24 7
0.011142 0.154285 0.369041 39 22 5
0.016424 0.163816 0.370225 50 31 12
0.016843 0.164356 0.370744 48 30 11
0.017505 0.165311 0.371041 52 32 12
0.018252 0.166377 0.371320 54 34 14
0.018904 0.167305 0.371689 56 34 16
0.019496 0.168273 0.372093 57 35 18
0.020071 0.169477 0.372320 51 33 18
0.009906 0.148276 0.369789 42 24 6
0.010207 0.149267 0.369602 43 24 7
0.010571 0.150108 0.369311 43 25 8
0.019161 0.166130 0.371229 52 32 14
0.019790 0.167092 0.371471 54 33 14
0.020505 0.168038 0.371954 55 34 16
0.021163 0.168805 0.372231 56 35 17
0.010310 0.146489 0.370041 44 25 5
0.010405 0.147491 0.369674 44 24 6
0.010843 0.148625 0.369353 44 25 7
0.010238 0.143882 0.370520 46 26 7
0.010467 0.144766 0.370214 45 25 5
0.010796 0.145741 0.369847 44 25 5
0.010574 0.142122 0.370748 47 27 8
0.010839 0.143117 0.370379 46 25 6
0.011183 0.144109 0.369978 45 25 5
0.011096 0.140474 0.371034 49 28 8
0.011283 0.141386 0.370635 48 27 8
0.011556 0.142362 0.370209 46 25 6
0.011758 0.139758 0.371062 50 29 8
0.012194 0.140528 0.370563 49 28 8
0.012379 0.138277 0.371591 53 31 9
0.012694 0.139010 0.371083 52 31 9
0.012827 0.139866 0.370640 51 30 10
0.013191 0.137583 0.371747 55 33 9
0.013601 0.138194 0.371228 54 33 10
0.014196 0.136745 0.371974 56 34 10
0.014509 0.137491 0.371423 56 34 11
0.015177 0.135999 0.372324 58 36 11
0.015501 0.135011 0.373017 60 37 12
0.016112 0.135342 0.372698 60 37 12
0.017149 0.134765 0.373068 62 39 14
0.018107 0.134267 0.373461 64 40 14
0.019214 0.133745 0.374047 66 42 15
0.019784 0.134238 0.373573 66 42 15
0.020379 0.133247 0.374615 68 44 17
0.020879 0.133716 0.374076 68 44 16
0.021331 0.132766 0.375084 69 47 18
0.021907 0.133293 0.374639 69 46 18
0.022109 0.132420 0.375573 71 49 20
0.022876 0.132834 0.375240 71 48 19
0.023913 0.132386 0.375807 72 50 21
0.024718 0.132777 0.375495 71 49 21
0.024984 0.131886 0.376443 73 51 22
0.025586 0.132409 0.375990 72 50 22
0.025976 0.131428 0.376972 73 51 23
0.026612 0.131925 0.376542 72 50 22
0.026664 0.131135 0.377324 73 51 23
0.027547 0.131538 0.377198 72 50 22
0.028237 0.132050 0.376801 72 50 22
0.028510 0.131198 0.377837 72 50 22
0.029141 0.131695 0.377464 71 50 22
0.029326 0.130899 0.378306 71 49 21
0.030233 0.131393 0.378121 71 49 21
0.031163 0.131775 0.377881 71 50 22
0.031042 0.131123 0.378716 70 50 20
0.031867 0.131611 0.378674 71 50 21
0.032719 0.132236 0.378507 71 51 22
0.032518 0.131628 0.379138 71 51 21
0.033432 0.132099 0.379154 71 51 22
0.034424 0.131910 0.379737 71 52 22
0.035195 0.132387 0.379424 70 52 23
0.035329 0.131650 0.380370 71 52 23
0.036152 0.132056 0.380100 70 52 23
0.037141 0.131683 0.380738 70 52 23
0.037892 0.132166 0.380372 69 52 24
0.038298 0.131248 0.381283 68 51 23
0.038851 0.131806 0.381007 67 50 23
0.038984 0.130762 0.381720 66 49 22
0.039691 0.131370 0.381420 64 47 21
0.040628 0.130909 0.382099 61 45 20
0.041402 0.131565 0.381766 57 41 18
0.041581 0.130718 0.382748 57 42 19
0.042376 0.131331 0.382511 53 38 16
0.043352 0.132056 0.382416 47 33 13
0.043299 0.130945 0.383308 51 38 16
0.044035 0.131681 0.382942 47 33 13
0.044090 0.130683 0.383697 58 44 20
0.045029 0.131296 0.383585 57 43 19
0.045716 0.131699 0.383318 58 43 18
0.046043 0.130878 0.384235 65 49 23
0.046718 0.131483 0.383831 64 48 21
0.046867 0.130612 0.384704 64 49 23
0.047711 0.131141 0.384522 62 47 21
0.048585 0.131512 0.384293 60 44 19
0.048611 0.130917 0.385205 58 44 19
0.049430 0.131422 0.384964 56 40 16
0.050275 0.131939 0.384814 53 37 14
0.050120 0.131404 0.385637 52 36 13
0.050973 0.131829 0.385521 50 33 12
0.051946 0.131637 0.386179 51 34 12
0.052572 0.131979 0.385869 52 34 13
0.052984 0.131180 0.386794 58 40 16
0.053415 0.131576 0.386378 57 38 15
0.053899 0.130690 0.387282 58 39 15
0.054587 0.131106 0.386883 57 37 14
0.055642 0.130644 0.387462 56 36 14
0.056261 0.131059 0.387020 56 36 14
0.056627 0.130237 0.388046 55 35 13
0.057226 0.130651 0.387609 54 34 13
0.057636 0.129808 0.388615 50 32 11
0.058208 0.130215 0.388142 49 31 11
0.057732 0.126014 0.388727 43 32 16
0.058728 0.129163 0.389170 44 29 10
0.059236 0.129574 0.388629 43 29 10
0.057656 0.125572 0.388996 43 32 16
0.058139 0.126237 0.388923 42 31 15
0.058720 0.126906 0.389048 40 29 13
0.059658 0.128208 0.389213 39 27 12
0.059834 0.128949 0.388905 41 28 12
0.008630 0.156426 0.370413 42 26 9
0.008961 0.157173 0.370347 41 25 8
0.009459 0.158226 0.370197 42 25 8
0.010084 0.159400 0.370256 45 27 9
0.010728 0.160532 0.370572 47 28 10
0.011349 0.161537 0.370728 46 28 9
0.011970 0.162553 0.370963 48 30 11
0.012547 0.163453 0.371187 52 33 14
0.007861 0.152416 0.370362 46 28 11
0.008161 0.153406 0.370250 47 28 12
0.008635 0.154529 0.370089 45 27 11
0.009107 0.155602 0.370026 42 25 8
0.009504 0.156787 0.369925 40 24 6
0.010049 0.157925 0.369736 41 24 6
0.010695 0.159106 0.369882 44 26 8
0.011295 0.160245 0.370143 45 27 9
0.011879 0.161338 0.370260 46 28 9
0.012483 0.162412 0.370531 47 29 9
0.013160 0.163562 0.370933 51 32 13
0.013939 0.164489 0.371227 53 34 15
0.014740 0.165392 0.371576 56 36 17
0.015264 0.166336 0.371825 59 38 20
0.007954 0.150574 0.370364 41 23 6
0.008336 0.151702 0.370137 44 25 9
0.008704 0.152912 0.369914 45 27 11
0.009263 0.154056 0.369729 44 26 10
0.015601 0.165085 0.371560 55 34 13
0.016131 0.166083 0.371875 58 37 17
0.016853 0.167026 0.372061 59 37 19
0.017564 0.167874 0.372314 59 37 20
0.018205 0.168695 0.372821 57 37 20
0.008632 0.149109 0.370524 41 23 6
0.008636 0.149939 0.370232 41 23 6
0.008969 0.151047 0.369905 43 24 8
0.017124 0.165970 0.371713 56 35 14
0.017516 0.166621 0.371964 58 36 16
0.018264 0.167823 0.372290 59 37 19
0.018894 0.168773 0.372664 57 36 19
0.019685 0.169509 0.373092 56 36 19
0.020084 0.170166 0.373621 56 38 21
0.008441 0.146201 0.371023 48 28 9
0.008800 0.147105 0.370872 46 26 7
0.009137 0.148251 0.370519 43 24 6
0.009370 0.149123 0.370094 42 23 6
0.020420 0.169155 0.372749 59 36 20
0.008766 0.144494 0.371158 49 29 9
0.008978 0.145461 0.370909 47 27 8
0.009437 0.146538 0.370536 45 25 6
0.009789 0.147486 0.370375 44 25 6
0.009042 0.142782 0.371360 48 28 8
0.009357 0.143739 0.371011 48 28 8
0.009676 0.144737 0.370667 47 26 7
0.009474 0.141189 0.371556 48 28 7
0.009753 0.142066 0.371182 48 28 8
0.010051 0.143030 0.370818 47 27 8
0.010026 0.139461 0.371931 48 27 6
0.010231 0.140358 0.371495 48 28 7
0.010395 0.141241 0.371052 48 28 9
0.010739 0.138694 0.371974 49 28 6
0.011106 0.139414 0.371497 50 29 7
0.011252 0.137185 0.372582 51 30 7
0.011591 0.137915 0.372059 52 30 7
0.012074 0.136476 0.372771 54 32 8
0.012536 0.137096 0.372257 54 32 8
0.013150 0.135713 0.373031 56 34 9
0.013449 0.136373 0.372512 56 34 9
0.014168 0.134979 0.373285 58 35 11
0.015169 0.134368 0.373651 60 37 12
0.016091 0.133773 0.374106 63 40 14
0.016948 0.134195 0.373755 63 40 14
0.017122 0.133319 0.374534 65 42 15
0.018009 0.133550 0.374214 65 41 15
0.018236 0.132750 0.375059 67 44 16
0.018767 0.133154 0.374648 66 43 16
0.019265 0.132265 0.375705 69 48 18
0.019819 0.132693 0.375234 68 46 17
0.020285 0.131786 0.376196 72 51 21
0.020843 0.132188 0.375763 71 49 20
0.021343 0.131318 0.376676 74 54 23
0.021834 0.131738 0.376268 73 52 22
0.022892 0.131282 0.376845 74 54 24
0.023556 0.131805 0.376401 73 52 22
0.023998 0.130827 0.377415 75 54 24
0.024617 0.131321 0.376962 74 53 23
0.024975 0.130364 0.377941 74 54 25
0.025574 0.130871 0.377484 73 52 23
0.025815 0.130063 0.378387 74 54 25
0.026550 0.130492 0.378073 73 52 23
0.027486 0.131067 0.378073 73 51 23
0.027540 0.130201 0.378807 72 51 22
0.028138 0.130860 0.378662 73 51 22
0.028372 0.129837 0.379314 70 50 20
0.029270 0.130409 0.379089 70 49 20
0.029967 0.131050 0.379249 71 50 20
0.030129 0.130046 0.379813 69 48 19
0.030771 0.130820 0.379685 70 49 19
0.031555 0.131355 0.379615 71 50 19
0.030942 0.129808 0.380258 69 49 19
0.031364 0.130222 0.380307 69 49 19
0.032441 0.131149 0.380110 71 51 20
0.033354 0.131550 0.379975 72 53 22
0.032468 0.130261 0.380810 70 51 21
0.033356 0.130832 0.380771 71 52 21
0.034031 0.131296 0.380407 71 52 22
0.034282 0.130500 0.381393 71 53 22
0.035107 0.131005 0.381083 71 53 23
0.036135 0.130638 0.381670 71 53 23
0.036939 0.131050 0.381352 71 53 23
0.037157 0.130043 0.382361 71 53 24
0.037897 0.130759 0.381911 71 52 23
0.038131 0.129621 0.382834 70 53 24
0.038695 0.130248 0.382477 70 52 23
0.038956 0.129316 0.383168 69 52 24
0.039739 0.129900 0.382926 67 50 23
0.040565 0.130321 0.382675 63 47 22
0.040564 0.129503 0.383605 66 50 24
0.041468 0.130126 0.383387 60 45 21
0.042321 0.130581 0.383256 54 40 18
0.042390 0.129814 0.384188 62 48 23
0.043135 0.130402 0.383788 56 43 19
0.042957 0.129571 0.384723 66 52 26
0.044016 0.130080 0.384481 65 50 24
0.044905 0.130548 0.384201 65 50 24
0.044918 0.129748 0.385061 67 52 25
0.045680 0.130212 0.384674 65 50 24
0.045720 0.129489 0.385621 64 51 25
0.046695 0.129990 0.385456 62 49 23
0.047687 0.130455 0.385302 60 47 21
0.047515 0.129971 0.386157 58 45 20
0.048398 0.130463 0.386009 56 43 18
0.049282 0.130979 0.385917 54 40 16
0.049097 0.130492 0.386758 51 38 15
0.049981 0.130942 0.386592 50 35 13
0.050833 0.131351 0.386419 49 33 11
0.050944 0.130690 0.387222 50 35 12
0.051510 0.131118 0.386817 51 35 13
0.051843 0.130269 0.387800 57 41 18
0.052496 0.130661 0.387382 58 40 17
0.053510 0.130129 0.387966 57 38 15
0.054625 0.129695 0.388498 55 36 13
0.055289 0.130093 0.388078 56 36 13
0.055605 0.129277 0.389076 56 37 14
0.056393 0.129824 0.388891 55 36 14
0.056626 0.128853 0.389664 52 33 11
0.057185 0.129509 0.389433 52 33 12
0.057885 0.130041 0.389285 51 32 12
0.057892 0.128138 0.390181 44 28 9
0.058129 0.128849 0.389773 45 28 9
0.058148 0.125164 0.390025 43 32 16
0.058398 0.125964 0.389737 40 29 13
0.059022 0.127222 0.390190 39 27 11
0.059268 0.127945 0.389955 40 27 11
0.058505 0.124888 0.390621 44 33 17
0.058738 0.125567 0.390540 41 30 14
0.059555 0.126814 0.390711 39 27 11
0.060308 0.126963 0.391152 40 28 12
0.007812 0.158157 0.371250 48 31 14
0.008187 0.158834 0.371242 49 31 14
0.008795 0.159896 0.371343 52 34 16
0.009281 0.160868 0.371691 58 39 20
0.006890 0.154178 0.371100 52 33 15
0.007309 0.155158 0.370939 51 32 16
0.007794 0.156262 0.370861 47 29 14
0.008172 0.157419 0.370899 44 28 11
0.008716 0.158492 0.370838 45 28 11
0.009298 0.159753 0.370932 49 30 13
0.009940 0.160898 0.371313 52 34 16
0.010659 0.161802 0.371502 53 34 16
0.011335 0.162796 0.371734 55 36 18
0.012061 0.163806 0.372016 58 38 21
0.012881 0.164915 0.372269 59 41 23
0.013122 0.165558 0.372875 63 46 27
0.006705 0.151569 0.371221 43 24 7
0.007074 0.152352 0.370974 45 26 9
0.007350 0.153529 0.370774 49 30 12
0.007877 0.154738 0.370541 48 30 13
0.012898 0.163958 0.371735 54 35 18
0.013300 0.164948 0.372234 58 39 21
0.014103 0.165636 0.372572 59 40 21
0.014917 0.166504 0.372837 63 42 22
0.015555 0.167269 0.372927 62 42 22
0.007084 0.149882 0.371759 48 28 10
0.007406 0.150778 0.371129 43 24 7
0.007417 0.151635 0.371062 43 24 7
0.015142 0.165611 0.372390 60 39 18
0.015555 0.166370 0.372666 63 40 21
0.016115 0.167260 0.373058 65 43 22
0.016998 0.168270 0.373397 62 42 22
0.017707 0.168974 0.373779 61 43 23
0.006994 0.146861 0.371897 50 30 11
0.007478 0.147844 0.371613 49 29 10
0.007828 0.148968 0.371380 46 26 8
0.007955 0.149931 0.371020 42 23 6
0.018403 0.169197 0.373712 60 41 21
0.019195 0.169723 0.373887 59 40 20
0.019807 0.170322 0.374431 61 42 21
0.007351 0.145169 0.371977 48 28 9
0.007657 0.146082 0.371690 49 29 10
0.008043 0.147102 0.371398 48 28 10
0.008425 0.148272 0.371136 46 26 8
0.007204 0.142530 0.372287 46 26 6
0.007605 0.143373 0.371997 47 27 7
0.007936 0.144400 0.371676 48 28 9
0.008279 0.145403 0.371433 49 29 10
0.007894 0.141732 0.372154 46 26 6
0.008259 0.142714 0.371755 47 27 7
0.008509 0.143613 0.371459 49 29 9
0.008324 0.140192 0.372491 46 26 6
0.008692 0.141012 0.372002 47 27 6
0.008804 0.141803 0.371672 48 28 7
0.008895 0.138353 0.372977 47 27 6
0.009143 0.139303 0.372461 47 26 6
0.009334 0.140264 0.371981 48 27 6
0.009681 0.137592 0.372968 48 27 6
0.009965 0.138360 0.372497 48 27 6
0.010202 0.136211 0.373531 51 30 8
0.010588 0.136833 0.373012 51 29 7
0.011054 0.135487 0.373722 54 32 8
0.011470 0.136056 0.373200 53 31 8
0.012149 0.134777 0.374001 57 34 10
0.012596 0.135237 0.373490 56 34 9
0.013225 0.134135 0.374410 60 37 11
0.013387 0.134756 0.373804 59 36 11
0.014243 0.133610 0.374667 63 39 13
0.015243 0.132989 0.375145 66 43 16
0.016157 0.132503 0.375662 69 46 18
0.016759 0.132764 0.375263 68 44 17
0.017180 0.131935 0.376281 73 50 20
0.017732 0.132302 0.375825 71 48 19
0.018260 0.131372 0.376870 77 55 23
0.018770 0.131822 0.376408 74 52 21
0.018836 0.131023 0.377267 79 58 26
0.019839 0.131411 0.376980 76 55 24
0.020856 0.130923 0.377379 77 57 25
0.021842 0.130236 0.377806 76 57 26
0.022625 0.131019 0.378173 79 59 27
0.022843 0.129714 0.378369 76 57 27
0.023566 0.130680 0.378450 77 58 26
0.024298 0.131246 0.378625 78 58 26
0.023849 0.129387 0.378971 76 57 26
0.024486 0.130098 0.378753 76 56 26
0.024972 0.131028 0.379109 78 58 26
0.025476 0.129502 0.379194 75 55 25
0.026087 0.130646 0.379493 78 56 25
0.026897 0.131130 0.379213 78 55 23
0.026468 0.129183 0.379706 74 54 24
0.027091 0.130002 0.379732 75 54 23
0.027646 0.130830 0.379694 77 54 23
0.027222 0.128976 0.380293 73 53 23
0.028160 0.129480 0.380127 71 51 21
0.028832 0.130366 0.380229 73 51 21
0.029837 0.130835 0.380055 71 49 19
0.029220 0.129067 0.380775 69 49 20
0.029874 0.129876 0.380649 69 49 19
0.030456 0.130475 0.380602 69 48 18
0.029859 0.128838 0.381444 69 50 20
0.030775 0.129325 0.381176 67 48 18
0.031400 0.130134 0.381116 68 48 18
0.032214 0.130665 0.380932 70 50 18
0.031738 0.128917 0.381766 67 48 19
0.032395 0.129616 0.381640 68 49 19
0.033091 0.130319 0.381480 71 52 21
0.032602 0.128565 0.382314 66 47 19
0.033398 0.129201 0.382130 69 50 20
0.034056 0.129845 0.382109 71 52 22
0.034498 0.128706 0.382748 68 50 21
0.035008 0.129476 0.382543 71 52 22
0.035799 0.129987 0.382456 72 54 23
0.035262 0.128442 0.383255 69 51 22
0.036025 0.128984 0.383080 70 52 23
0.036526 0.129579 0.382685 71 53 23
0.037062 0.128522 0.383667 70 53 24
0.037831 0.129259 0.383265 71 53 24
0.038589 0.129713 0.383313 72 54 25
0.037866 0.128302 0.384156 70 54 25
0.038686 0.128752 0.383836 70 53 25
0.039609 0.129302 0.383711 70 53 25
0.039715 0.128408 0.384483 70 54 26
0.040474 0.129126 0.384333 70 54 26
0.040809 0.128037 0.385187 69 55 28
0.041471 0.128738 0.385063 69 55 27
0.042068 0.129407 0.384871 68 54 27
0.042331 0.128303 0.385652 69 54 28
0.042960 0.128962 0.385484 69 55 28
0.043747 0.129586 0.385234 67 54 27
0.043095 0.128147 0.386083 67 53 27
0.043959 0.128664 0.386209 66 53 27
0.044616 0.129170 0.385771 66 53 26
0.044739 0.128467 0.386589 60 48 24
0.045546 0.128973 0.386441 60 48 23
0.046526 0.129433 0.386394 59 47 22
0.046360 0.128977 0.387182 53 42 20
0.047310 0.129505 0.387100 52 41 18
0.048203 0.130041 0.386987 51 39 17
0.048010 0.129537 0.387844 45 33 13
0.048923 0.129993 0.387611 46 32 12
0.049778 0.130386 0.387368 46 33 11
0.049886 0.129723 0.388304 48 35 12
0.050555 0.130184 0.387862 50 36 13
0.050716 0.129403 0.388811 57 43 19
0.051495 0.129702 0.388522 58 42 19
0.051517 0.128914 0.389280 60 44 21
0.052577 0.129305 0.388997 57 39 16
0.052973 0.129835 0.388538 58 39 16
0.053639 0.128880 0.389623 53 35 12
0.054266 0.129229 0.389227 55 35 13
0.054505 0.128508 0.390159 55 36 13
0.055247 0.128813 0.389846 57 37 14
0.056121 0.129488 0.389821 58 38 15
0.055783 0.127453 0.390944 50 32 11
0.056180 0.128519 0.390434 54 35 13
0.056760 0.129190 0.390163 55 35 14
0.056690 0.127223 0.391110 45 28 11
0.057251 0.127821 0.390680 46 28 10
0.057471 0.128810 0.390580 48 29 9
0.057789 0.126390 0.391553 41 26 10
0.058239 0.126965 0.391044 41 26 10
0.058675 0.124586 0.391345 44 33 18
0.058768 0.125416 0.391505 42 30 13
0.059382 0.126318 0.391282 41 28 12
0.058813 0.124258 0.391958 45 34 19
0.059352 0.125061 0.391977 43 32 16
0.060051 0.125927 0.391851 42 30 15
0.060460 0.126920 0.391467 41 29 13
0.005900 0.155779 0.371998 58 38 20
0.006476 0.156862 0.371914 55 36 18
0.007127 0.157951 0.371882 54 35 18
0.007674 0.158954 0.372020 55 37 20
0.008291 0.160189 0.372262 60 41 24
0.008970 0.161268 0.372401 64 44 26
0.009490 0.162217 0.372775 68 47 29
0.010118 0.163251 0.373081 70 50 31
0.010467 0.163900 0.373374 71 50 31
0.005671 0.153058 0.372062 50 29 10
0.006036 0.154189 0.371750 54 34 16
0.006486 0.155394 0.371539 55 35 18
0.006994 0.156493 0.371398 51 33 17
0.007483 0.157570 0.371425 49 31 15
0.008244 0.158976 0.371608 52 34 18
0.009667 0.161476 0.371958 61 42 23
0.010053 0.162150 0.372238 63 43 25
0.010638 0.163135 0.372554 65 45 27
0.011271 0.164215 0.372916 67 47 28
0.012159 0.165207 0.373213 67 49 30
0.012931 0.166017 0.373552 68 50 31
0.005730 0.150568 0.372543 53 31 13
0.006089 0.151346 0.372299 50 29 10
0.006332 0.152260 0.371893 47 27 8
0.006477 0.153324 0.371343 50 31 12
0.013106 0.165119 0.372982 61 42 24
0.013520 0.165961 0.373557 64 45 27
0.014127 0.166685 0.373800 64 46 27
0.015184 0.167487 0.373933 65 46 27
0.015798 0.168097 0.374003 65 48 28
0.005478 0.147595 0.372650 52 30 11
0.005872 0.148501 0.372502 53 31 11
0.006320 0.149696 0.372278 51 30 11
0.006744 0.150760 0.372029 48 27 9
0.007065 0.151652 0.371762 45 25 7
0.015775 0.167672 0.373920 66 46 26
0.016192 0.168198 0.374086 64 46 26
0.017572 0.169093 0.374324 66 47 25
0.005802 0.145874 0.372715 47 26 7
0.006151 0.146844 0.372411 50 29 10
0.006432 0.147881 0.372246 51 30 11
0.007000 0.149161 0.371911 50 29 10
0.018154 0.169447 0.374512 66 47 25
0.018381 0.169710 0.374706 67 48 27
0.005790 0.143194 0.373045 44 24 5
0.006102 0.144057 0.372822 45 24 5
0.006498 0.145106 0.372459 47 26 7
0.006875 0.146189 0.372102 49 29 10
0.006102 0.141512 0.373227 45 25 6
0.006391 0.142396 0.372862 45 24 5
0.006832 0.143417 0.372485 45 25 5
0.007072 0.144233 0.372231 47 26 7
0.006452 0.139765 0.373530 45 25 6
0.006745 0.140688 0.373075 45 25 6
0.007123 0.141673 0.372598 45 25 5
0.007134 0.139083 0.373502 47 26 6
0.007597 0.139886 0.372943 46 25 6
0.007780 0.137385 0.373964 50 28 6
0.008045 0.138235 0.373448 48 27 6
0.008223 0.139148 0.372955 47 26 6
0.008600 0.136563 0.373995 51 29 7
0.008978 0.137334 0.373405 49 28 7
0.009311 0.135217 0.374697 54 32 8
0.009500 0.135825 0.374117 53 31 8
0.010104 0.134523 0.374954 57 33 9
0.010434 0.135058 0.374316 55 33 8
0.011046 0.133757 0.375306 60 36 10
0.011524 0.134313 0.374662 58 35 10
0.012114 0.133157 0.375591 63 39 13
0.012723 0.133655 0.375093 62 39 12
0.013120 0.132543 0.376025 67 43 15
0.013684 0.133114 0.375473 66 42 14
0.014035 0.131946 0.376468 70 46 18
0.014642 0.132486 0.375904 69 45 17
0.015033 0.131374 0.376825 73 49 20
0.015596 0.131943 0.376279 71 48 19
0.016069 0.130764 0.377340 76 53 23
0.016774 0.131374 0.376802 74 52 21
0.017170 0.130193 0.377834 78 57 25
0.017852 0.130885 0.377293 78 56 24
0.018074 0.129836 0.378315 81 60 28
0.018817 0.130366 0.377910 81 60 27
0.019479 0.130914 0.377586 81 60 27
0.018935 0.129375 0.378756 82 62 30
0.019755 0.129935 0.378649 83 63 30
0.020320 0.130643 0.378556 86 65 30
0.020710 0.129422 0.379190 84 65 31
0.021408 0.130228 0.379004 85 66 31
0.022047 0.130905 0.378684 84 64 30
0.021889 0.129010 0.379698 82 64 30
0.022371 0.129557 0.379398 82 63 29
0.023079 0.130488 0.379380 83 63 29
0.022699 0.128477 0.380044 80 62 29
0.023381 0.128925 0.379932 79 61 28
0.024126 0.130219 0.379859 81 62 28
0.024828 0.130809 0.379713 79 59 26
0.024481 0.128666 0.380249 77 58 27
0.025090 0.129558 0.380307 79 59 26
0.025652 0.130399 0.380264 80 59 26
0.025363 0.128290 0.380867 75 57 26
0.026079 0.128914 0.380709 76 56 25
0.026731 0.130077 0.380778 79 58 25
0.027524 0.130435 0.380592 79 56 24
0.027043 0.128479 0.381264 74 55 24
0.027712 0.129348 0.381219 76 55 24
0.028305 0.130145 0.381361 77 56 23
0.028085 0.128243 0.381985 74 54 25
0.028782 0.128808 0.381739 73 53 23
0.029484 0.129748 0.381792 74 53 22
0.029725 0.128293 0.382237 70 51 22
0.030253 0.129305 0.382081 71 51 21
0.031209 0.129711 0.381936 67 47 18
0.030710 0.128005 0.382858 67 47 19
0.031395 0.128464 0.382430 65 46 17
0.032034 0.129507 0.382348 66 47 17
0.031416 0.127690 0.383381 62 43 16
0.032412 0.127982 0.383112 63 44 17
0.033509 0.128552 0.382850 67 48 19
0.034009 0.129467 0.382992 70 51 21
0.033419 0.127750 0.383803 63 45 18
0.034157 0.128168 0.383473 66 48 19
0.034721 0.129177 0.383252 70 51 21
0.034080 0.127543 0.384393 64 46 19
0.035067 0.127913 0.384073 67 49 21
0.035985 0.128304 0.383769 70 52 23
0.036018 0.127600 0.384762 68 51 21
0.036660 0.128010 0.384342 69 52 23
0.036717 0.127335 0.385361 68 51 22
0.037630 0.127702 0.385012 69 52 23
0.038512 0.128092 0.384694 70 54 26
0.038654 0.127407 0.385666 68 52 24
0.039338 0.127748 0.385257 69 54 26
0.039541 0.127127 0.386355 66 51 24
0.040359 0.127463 0.385941 68 53 26
0.041463 0.128605 0.385821 71 56 28
0.041369 0.127229 0.386581 65 51 26
0.042235 0.127843 0.386210 67 53 27
0.042812 0.128754 0.386205 70 56 29
0.042188 0.127015 0.387212 61 49 24
0.042909 0.127539 0.387058 62 50 25
0.043681 0.128233 0.386729 64 52 26
0.043524 0.127355 0.387758 56 44 21
0.044575 0.128003 0.387594 55 44 21
0.045557 0.128470 0.387397 53 42 20
0.045361 0.127940 0.388370 47 36 17
0.046216 0.128427 0.388168 47 35 16
0.047123 0.129004 0.387970 46 34 15
0.046903 0.128244 0.388940 41 29 12
0.047841 0.128914 0.388676 41 28 11
0.048692 0.129444 0.388376 42 29 10
0.048819 0.128675 0.389386 48 36 15
0.049486 0.129203 0.388904 49 36 14
0.049723 0.128387 0.389921 60 48 24
0.050502 0.128810 0.389506 60 45 22
0.051588 0.129140 0.389366 61 45 22
0.051503 0.128320 0.390156 59 43 20
0.052177 0.128816 0.389682 57 41 18
0.052563 0.127874 0.390754 50 34 12
0.053194 0.128338 0.390280 51 34 12
0.053497 0.127446 0.391378 52 35 12
0.054204 0.127939 0.390887 54 36 12
0.054627 0.126397 0.391895 51 34 14
0.055284 0.127377 0.391354 53 35 13
0.055953 0.128299 0.391107 57 37 15
0.055356 0.124994 0.392277 44 30 12
0.055617 0.125801 0.392101 45 29 10
0.056145 0.126797 0.391626 46 29 11
0.056114 0.124544 0.392595 42 28 11
0.056657 0.125145 0.392254 41 27 10
0.057283 0.126003 0.391908 41 26 9
0.056752 0.124166 0.392864 43 30 12
0.057632 0.124496 0.392581 43 30 13
0.058189 0.125227 0.392133 41 28 11
0.058366 0.123072 0.393338 49 38 21
0.058662 0.123834 0.392969 47 35 18
0.059228 0.124642 0.392743 45 33 16
0.058690 0.122906 0.393623 50 40 22
0.059236 0.123670 0.393584 49 38 20
0.059712 0.124294 0.393306 47 36 19
0.004478 0.153944 0.373041 58 36 17
0.004864 0.154815 0.372766 61 40 20
0.005181 0.156075 0.372712 64 44 24
0.005650 0.157172 0.372810 66 47 27
0.006261 0.158169 0.372922 67 48 29
0.006944 0.159260 0.373140 69 50 32
0.007576 0.160415 0.373369 71 50 32
0.008104 0.161552 0.373470 71 49 29
0.008918 0.162509 0.373671 75 53 33
0.009737 0.163412 0.373884 77 55 36
0.010301 0.164343 0.374229 79 59 39
0.004696 0.152035 0.373189 56 33 14
0.004962 0.153085 0.372768 53 32 12
0.005232 0.154188 0.372386 56 35 16
0.010162 0.163490 0.373548 75 53 35
0.010832 0.164580 0.373995 76 56 36
0.011474 0.165395 0.374409 80 60 41
0.012474 0.166219 0.374673 79 61 43
0.013104 0.166768 0.374731 78 61 43
0.004481 0.149349 0.373314 56 32 13
0.004883 0.150418 0.373018 56 33 14
0.005331 0.151459 0.372796 54 32 12
0.005668 0.152273 0.372638 51 30 10
0.013036 0.166236 0.374783 74 55 37
0.013520 0.166837 0.374785 75 58 40
0.004340 0.146577 0.373499 48 25 5
0.004689 0.147521 0.373217 52 28 8
0.005125 0.148626 0.372972 54 31 11
0.005507 0.149689 0.372771 54 32 13
0.004361 0.143865 0.373725 44 23 4
0.004576 0.144818 0.373524 44 23 4
0.004944 0.145816 0.373206 46 25 5
0.005310 0.147051 0.372910 50 28 8
0.004674 0.142203 0.373904 45 25 7
0.004941 0.143082 0.373581 44 24 5
0.005307 0.144125 0.373262 44 23 4
0.005587 0.144990 0.373006 46 24 5
0.004966 0.140217 0.374031 43 23 5
0.005261 0.141336 0.373740 44 24 6
0.005578 0.142374 0.373387 45 24 5
0.005240 0.138696 0.374365 44 23 4
0.005616 0.139598 0.373930 44 23 5
0.005878 0.140492 0.373548 44 24 6
0.005760 0.137143 0.374720 47 25 6
0.006053 0.137954 0.374358 46 25 5
0.006478 0.138732 0.373920 46 25 5
0.006560 0.136396 0.374888 49 27 6
0.007021 0.137167 0.374418 49 27 6
0.007565 0.135645 0.375093 51 29 7
0.007973 0.136341 0.374610 51 29 7
0.008295 0.134203 0.375834 55 32 9
0.008552 0.134954 0.375514 55 31 8
0.008963 0.135885 0.375581 57 32 9
0.009018 0.133653 0.376029 58 34 10
0.009517 0.134371 0.375866 59 35 10
0.009998 0.135179 0.375830 61 35 10
0.010115 0.132811 0.376317 63 39 12
0.010503 0.133709 0.376272 65 39 12
0.010855 0.134682 0.375923 65 38 11
0.011015 0.132006 0.376574 66 42 15
0.011350 0.132820 0.376353 66 41 14
0.012021 0.131444 0.376913 69 45 17
0.012580 0.131998 0.376477 68 44 16
0.013003 0.130830 0.377367 72 49 19
0.013633 0.131450 0.376903 71 47 19
0.013972 0.130252 0.377788 75 52 22
0.014585 0.130908 0.377272 74 51 21
0.015056 0.129604 0.378253 77 55 25
0.015678 0.130215 0.377783 76 54 24
0.016114 0.129038 0.378750 77 56 26
0.016751 0.129668 0.378291 78 57 26
0.017140 0.128616 0.379259 77 58 28
0.017815 0.129282 0.378808 80 60 28
0.017969 0.128376 0.379757 79 60 30
0.018721 0.128800 0.379521 81 62 30
0.019650 0.129863 0.379375 87 67 32
0.020252 0.130255 0.379262 89 69 33
0.019672 0.128544 0.380116 82 64 31
0.020350 0.129216 0.380007 86 67 33
0.021000 0.129957 0.379859 89 69 33
0.021206 0.128836 0.380240 85 67 32
0.022040 0.129666 0.380574 90 71 34
0.022827 0.130082 0.380321 90 70 33
0.022750 0.128445 0.380535 82 64 31
0.023014 0.129047 0.380942 86 68 33
0.023578 0.129874 0.381091 91 71 35
0.023344 0.128122 0.381350 82 65 32
0.023970 0.128322 0.381300 81 63 31
0.024717 0.129806 0.381600 89 69 34
0.025617 0.130031 0.381345 83 63 28
0.024988 0.128013 0.381930 77 59 28
0.025559 0.128945 0.381826 80 61 28
0.026210 0.129826 0.382039 83 62 28
0.025935 0.127784 0.382286 71 53 24
0.026656 0.128259 0.382454 72 53 23
0.027396 0.129584 0.382534 77 57 24
0.028248 0.129762 0.382381 78 57 24
0.027778 0.127937 0.382857 72 53 24
0.028366 0.128883 0.383035 74 54 23
0.028819 0.129518 0.382929 77 56 24
0.028695 0.127649 0.383472 72 54 25
0.029227 0.127969 0.383187 73 53 25
0.029651 0.129188 0.383293 76 56 24
0.029415 0.127353 0.384008 72 54 26
0.030273 0.127569 0.383830 70 51 23
0.031430 0.127327 0.384305 64 45 18
0.032141 0.127475 0.384073 60 41 15
0.032162 0.127048 0.384870 59 40 14
0.033013 0.127265 0.384702 60 41 15
0.033985 0.127143 0.385305 61 43 16
0.034698 0.127415 0.384983 64 47 18
0.034668 0.126986 0.385942 62 45 18
0.035507 0.127139 0.385650 65 48 19
0.036663 0.126983 0.386163 66 49 20
0.037447 0.127150 0.385938 66 50 21
0.037404 0.126730 0.386832 63 47 20
0.038223 0.126900 0.386590 64 48 21
0.039361 0.126698 0.387137 64 48 22
0.040158 0.126884 0.386857 65 51 25
0.040176 0.126420 0.387785 63 49 23
0.040824 0.126636 0.387498 64 50 24
0.041012 0.126184 0.388292 63 50 23
0.042013 0.126579 0.388086 60 48 22
0.042918 0.127022 0.387930 58 45 22
0.042661 0.126526 0.388754 57 45 20
0.043571 0.126963 0.388664 52 40 19
0.044452 0.127474 0.388575 49 38 18
0.044340 0.126850 0.389451 45 34 16
0.045227 0.127446 0.389217 44 33 15
0.046098 0.127876 0.389020 42 30 13
0.046028 0.127329 0.389915 42 31 14
0.046763 0.127745 0.389694 42 30 14
0.047696 0.128276 0.389490 42 30 13
0.047703 0.127481 0.390407 54 43 23
0.048479 0.128037 0.390070 54 43 22
0.048832 0.126989 0.391058 63 51 28
0.049413 0.127708 0.390633 63 50 27
0.049959 0.126495 0.391522 60 47 23
0.050491 0.127163 0.391227 59 45 22
0.051276 0.127704 0.390878 57 41 19
0.051209 0.125699 0.392022 52 39 18
0.051455 0.126625 0.391734 52 38 14
0.052146 0.127323 0.391398 50 35 11
0.051830 0.125322 0.392280 53 39 19
0.052510 0.125960 0.392012 53 38 17
0.053119 0.126916 0.391833 53 36 14
0.053536 0.125372 0.392300 51 37 16
0.054081 0.126344 0.392073 53 37 16
0.054572 0.124731 0.392740 46 32 12
0.055012 0.125543 0.392266 46 31 12
0.055647 0.124039 0.393242 43 29 11
0.055962 0.124912 0.392612 42 28 10
0.056710 0.123586 0.393623 48 34 15
0.057744 0.123082 0.394028 52 40 20
0.058435 0.123131 0.393802 51 40 20
0.058599 0.122591 0.394534 55 43 23
0.059173 0.123140 0.394161 51 40 21
0.003453 0.155627 0.373835 62 39 18
0.004004 0.156560 0.373860 68 46 24
0.004585 0.157604 0.374043 73 50 28
0.005257 0.158687 0.374317 75 52 30
0.005730 0.159416 0.374526 78 54 32
0.003434 0.152855 0.374116 61 36 17
0.003772 0.153801 0.373796 59 35 17
0.003921 0.155013 0.373550 62 40 20
0.004538 0.156351 0.373434 69 48 27
0.005092 0.157543 0.373614 74 53 32
0.005593 0.158543 0.373915 77 55 34
0.006236 0.159554 0.374238 79 57 37
0.006947 0.160608 0.374372 78 56 35
0.007492 0.161817 0.374520 76 52 30
0.008271 0.162763 0.374691 78 56 34
0.009021 0.163667 0.374873 82 60 39
0.009913 0.164652 0.375151 86 66 45
0.010427 0.165331 0.375483 90 71 51
0.003211 0.150125 0.374168 61 35 13
0.003604 0.151031 0.373916 61 36 15
0.003857 0.152192 0.373756 59 36 16
0.004228 0.153140 0.373542 57 34 15
0.010535 0.165034 0.374997 86 66 46
0.011080 0.165733 0.375558 90 72 52
0.011880 0.166252 0.375885 90 72 53
0.002939 0.147160 0.374304 48 25 5
0.003332 0.148150 0.374084 53 28 8
0.003661 0.149315 0.373851 58 32 12
0.004073 0.150447 0.373565 59 34 14
0.012609 0.166278 0.375959 81 62 42
0.002847 0.144542 0.374493 47 26 7
0.003173 0.145476 0.374233 45 24 5
0.003510 0.146524 0.373985 46 24 5
0.003857 0.147588 0.373737 51 27 7
0.003136 0.142670 0.374615 45 25 8
0.003505 0.143745 0.374272 45 25 7
0.003733 0.144826 0.373970 44 23 4
0.004094 0.145722 0.373675 46 24 4
0.002997 0.139867 0.374849 38 18 4
0.003342 0.140806 0.374678 41 21 5
0.003792 0.141954 0.374395 45 25 7
0.004113 0.142945 0.374066 45 25 6
0.003287 0.138272 0.375019 41 20 4
0.003639 0.139205 0.374708 40 19 3
0.004157 0.140264 0.374426 42 21 4
0.004392 0.141145 0.374253 44 24 6
0.003777 0.136644 0.375347 47 26 6
0.003984 0.137560 0.375074 45 24 5
0.004591 0.138447 0.374663 44 22 4
0.004444 0.135981 0.375478 49 28 7
0.005032 0.136885 0.375070 47 26 6
0.005248 0.137751 0.374708 46 24 5
0.005538 0.135271 0.375780 52 30 8
0.006052 0.135928 0.375440 51 28 7
0.005667 0.134198 0.376189 55 32 10
0.006550 0.134677 0.376170 55 32 9
0.007010 0.135479 0.375984 55 31 9
0.007612 0.134194 0.376507 58 34 10
0.008127 0.134876 0.376291 58 33 10
0.008502 0.135775 0.375965 58 33 10
0.008615 0.133527 0.376816 62 37 12
0.009094 0.134262 0.376571 62 37 12
0.009607 0.131686 0.377456 68 44 15
0.009708 0.132672 0.377185 68 42 14
0.010051 0.133525 0.376882 68 41 14
0.009944 0.130147 0.378015 70 47 17
0.010163 0.131050 0.377632 69 45 16
0.010457 0.131882 0.377331 69 45 16
0.010840 0.132969 0.377130 71 45 16
0.010734 0.129493 0.378347 72 49 19
0.010869 0.130329 0.377942 72 48 18
0.011248 0.131118 0.377607 72 47 18
0.011479 0.128989 0.378625 75 53 21
0.012007 0.129726 0.378132 74 51 21
0.012607 0.130217 0.377810 74 51 21
0.012409 0.128420 0.378936 77 56 24
0.013076 0.129142 0.378486 77 55 24
0.013587 0.129626 0.378195 77 55 24
0.013410 0.127713 0.379379 77 57 26
0.014081 0.128448 0.378956 77 57 26
0.014543 0.129048 0.378585 77 56 25
0.014316 0.127331 0.379819 73 54 24
0.015085 0.127850 0.379597 73 53 23
0.015720 0.128419 0.379204 74 55 25
0.016026 0.127482 0.380185 69 50 20
0.016676 0.127991 0.379742 73 55 25
0.016845 0.127180 0.380720 68 51 20
0.017702 0.127679 0.380400 73 56 26
0.018599 0.127526 0.381089 74 58 28
0.019544 0.128125 0.380842 81 63 32
0.020189 0.128901 0.380940 87 69 35
0.020086 0.128003 0.381565 82 65 34
0.020946 0.128887 0.381683 90 72 38
0.021797 0.129265 0.381538 93 75 40
0.021548 0.128856 0.382322 93 75 43
0.022586 0.129226 0.382174 94 76 41
0.023479 0.129511 0.381960 94 75 40
0.023448 0.129073 0.382751 94 76 43
0.024143 0.129377 0.382608 94 76 42
0.024655 0.127708 0.382504 77 60 30
0.025272 0.129343 0.383160 91 73 40
0.026018 0.129455 0.383006 86 67 34
0.025531 0.127649 0.382949 70 53 25
0.026492 0.128222 0.383307 70 53 24
0.026848 0.129408 0.383642 78 60 29
0.027577 0.128033 0.383899 66 48 20
0.028195 0.129082 0.384067 69 50 20
0.028470 0.129310 0.384294 68 49 19
0.028495 0.127617 0.384457 68 51 23
0.028794 0.128256 0.384605 69 51 22
0.029522 0.127117 0.384924 71 53 25
0.029783 0.127764 0.384999 72 54 25
0.030058 0.126691 0.385495 72 54 26
0.030882 0.126861 0.385300 70 51 24
0.032061 0.126615 0.385823 62 44 18
0.032891 0.126842 0.385598 57 39 15
0.032826 0.126393 0.386399 55 38 14
0.033593 0.126676 0.386223 56 38 14
0.034626 0.126614 0.386779 58 41 16
0.035414 0.126752 0.386503 63 46 19
0.035235 0.126469 0.387470 60 43 18
0.036100 0.126574 0.387186 63 47 19
0.037295 0.126443 0.387728 62 46 19
0.038097 0.126552 0.387541 60 45 19
0.038054 0.126235 0.388449 57 42 17
0.038777 0.126321 0.388187 59 44 19
0.039962 0.126158 0.388672 62 48 22
0.040780 0.125997 0.389214 63 50 23
0.041444 0.126084 0.389091 63 50 22
0.042527 0.126057 0.389662 58 46 21
0.043462 0.126395 0.389558 51 39 18
0.043340 0.125984 0.390394 53 42 20
0.044204 0.126451 0.390237 48 37 17
0.045032 0.126973 0.390126 43 33 15
0.044936 0.126440 0.390934 47 36 18
0.045822 0.126841 0.390753 47 36 18
0.046718 0.127213 0.390556 48 37 19
0.046726 0.126628 0.391365 57 47 27
0.047408 0.126967 0.391037 58 48 27
0.047514 0.126321 0.391924 65 56 33
0.048333 0.126578 0.391651 65 54 31
0.049257 0.125268 0.392618 59 49 25
0.049464 0.126151 0.392104 62 50 26
0.049645 0.125064 0.392789 54 45 21
0.050393 0.125442 0.392555 53 43 19
0.051271 0.126006 0.392290 52 39 16
0.051412 0.124781 0.392976 55 42 22
0.051611 0.125811 0.392386 52 39 18
0.052428 0.124296 0.393364 53 40 20
0.053382 0.124614 0.393010 51 37 17
0.053566 0.123758 0.393832 46 32 14
0.054053 0.124203 0.393320 46 31 13
0.054621 0.123264 0.394309 46 33 14
0.055147 0.123531 0.393876 44 30 12
0.055547 0.122876 0.394871 55 42 19
0.056115 0.123052 0.394524 54 40 18
0.056965 0.122669 0.395100 61 47 23
0.058119 0.122085 0.395450 61 49 27
0.058505 0.121267 0.396012 61 49 30
0.058564 0.121513 0.396014 61 49 30
0.001978 0.153717 0.374620 68 40 18
0.002261 0.154409 0.374536 65 38 17
0.002835 0.155573 0.374497 64 39 17
0.003498 0.156693 0.374623 66 42 19
0.004093 0.157767 0.374906 72 47 22
0.004843 0.158742 0.375039 78 53 29
0.005321 0.159602 0.375374 82 58 35
0.006224 0.161124 0.375637 83 60 37
0.006632 0.161804 0.375788 83 59 37
0.001869 0.150916 0.375130 70 41 18
0.002276 0.151678 0.374877 69 42 19
0.002676 0.152795 0.374672 68 41 20
0.002903 0.153912 0.374463 64 39 19
0.005770 0.159768 0.375104 82 58 36
0.006315 0.160755 0.375357 83 60 39
0.006974 0.161991 0.375547 82 59 37
0.007642 0.162901 0.375831 85 63 42
0.008415 0.163857 0.376029 89 69 48
0.009414 0.164835 0.376271 94 75 55
0.010122 0.165695 0.376641 99 80 61
0.010453 0.167083 0.377025 103 83 63
0.001636 0.148017 0.375097 50 27 7
0.001951 0.148838 0.374954 55 30 9
0.002378 0.150023 0.374734 63 36 13
0.002779 0.151221 0.374479 65 38 16
0.003134 0.151983 0.374344 64 39 18
0.010599 0.165841 0.376583 100 82 64
0.011371 0.166373 0.376931 100 82 64
0.012144 0.167128 0.377630 108 91 75
0.001457 0.145299 0.375251 52 29 10
0.001756 0.146122 0.375030 48 26 7
0.002135 0.147220 0.374784 48 25 5
0.002511 0.148300 0.374622 52 28 8
0.002844 0.149162 0.374425 58 32 11
0.012253 0.166453 0.377141 92 72 53
0.012652 0.167083 0.377708 99 81 62
0.013292 0.168179 0.377999 115 100 85
0.001655 0.143431 0.375297 49 27 10
0.001964 0.144469 0.374995 50 28 10
0.002340 0.145527 0.374718 48 26 6
0.002695 0.146390 0.374442 46 25 5
0.001113 0.139561 0.375531 37 18 4
0.001437 0.140433 0.375438 37 18 4
0.001889 0.141557 0.375280 41 21 5
0.002257 0.142703 0.375031 45 25 8
0.002633 0.143840 0.374761 48 27 9
0.001350 0.137821 0.375627 42 22 5
0.001627 0.138833 0.375400 38 18 4
0.002216 0.139853 0.375142 37 17 3
0.002577 0.140933 0.374987 40 20 4
0.001626 0.136131 0.375926 49 27 8
0.001979 0.137087 0.375630 45 25 6
0.002624 0.138135 0.375232 41 20 4
0.002729 0.139082 0.374999 38 18 3
0.002386 0.135435 0.376054 51 29 9
0.003055 0.136429 0.375605 48 27 7
0.003171 0.137374 0.375295 45 24 6
0.003056 0.133957 0.376521 54 32 10
0.003336 0.134690 0.376204 53 31 9
0.003849 0.135620 0.375790 51 29 8
0.003690 0.133463 0.376780 56 33 10
0.004419 0.134212 0.376580 56 33 10
0.005100 0.134962 0.376419 56 33 10
0.005586 0.133781 0.377020 59 35 11
0.006084 0.134331 0.376789 59 35 11
0.006468 0.133135 0.377709 62 38 13
0.007035 0.133667 0.377164 61 37 12
0.007474 0.132270 0.377950 64 40 14
0.007894 0.133054 0.377495 64 39 13
0.008096 0.130728 0.378511 71 47 18
0.008520 0.131568 0.377995 69 44 16
0.008570 0.132478 0.377514 67 42 15
0.008665 0.128684 0.378852 74 52 21
0.008976 0.129923 0.378570 73 49 19
0.009522 0.130796 0.378153 72 47 17
0.009052 0.127538 0.379276 77 55 23
0.009233 0.128230 0.378979 74 52 21
0.010054 0.129325 0.378565 73 50 19
0.010206 0.130312 0.378352 74 50 18
0.009838 0.127065 0.379579 77 56 24
0.010307 0.127655 0.379330 76 55 23
0.011006 0.128517 0.378894 75 53 22
0.010810 0.126476 0.379985 79 59 28
0.011258 0.127041 0.379718 77 57 26
0.011987 0.127890 0.379286 77 56 25
0.011704 0.125928 0.380400 80 61 31
0.012374 0.126428 0.380166 80 61 29
0.013020 0.127186 0.379714 78 58 27
0.013405 0.125926 0.380720 79 62 31
0.014197 0.126711 0.380319 75 57 26
0.014306 0.125702 0.381238 79 62 32
0.015031 0.126245 0.381049 75 58 28
0.015730 0.126930 0.380677 69 52 21
0.015929 0.125944 0.381696 77 61 32
0.016708 0.126605 0.381361 72 56 25
0.017668 0.126966 0.381294 70 55 25
0.017496 0.126361 0.382090 76 62 32
0.018475 0.126930 0.381930 73 58 29
0.019069 0.126975 0.382633 75 61 32
0.019908 0.127804 0.382516 78 63 32
0.020765 0.128399 0.382639 84 68 36
0.021468 0.128498 0.383236 86 70 39
0.022271 0.128791 0.383195 93 76 44
0.023166 0.128867 0.383752 94 78 46
0.023952 0.129037 0.383591 96 79 46
0.023876 0.128856 0.384456 96 80 49
0.024720 0.129021 0.384210 95 79 46
0.025772 0.129059 0.384700 92 76 44
0.026570 0.129160 0.384792 87 71 40
0.027544 0.129253 0.385293 75 59 30
0.028308 0.129320 0.385264 62 46 17
0.028549 0.127675 0.385164 66 49 21
0.028773 0.128803 0.385560 60 44 16
0.028705 0.129077 0.385950 59 43 15
0.029365 0.127162 0.385547 70 53 25
0.029694 0.127850 0.385989 69 52 24
0.030258 0.126528 0.386507 71 54 25
0.030441 0.127197 0.386530 72 54 25
0.030626 0.127832 0.386464 73 56 26
0.030592 0.126297 0.387069 71 54 26
0.031415 0.126274 0.386858 68 50 23
0.032656 0.126090 0.387361 58 41 16
0.033456 0.126349 0.387086 52 35 12
0.033426 0.125971 0.387874 50 34 11
0.034161 0.126185 0.387799 50 34 12
0.035177 0.126117 0.388366 55 39 16
0.035922 0.126252 0.388189 60 44 18
0.035798 0.125971 0.389055 57 42 18
0.036742 0.126093 0.388805 60 45 18
0.037954 0.125978 0.389344 56 42 16
0.038646 0.126039 0.389217 56 41 17
0.038605 0.125823 0.390015 55 41 15
0.039339 0.125850 0.389774 58 44 18
0.040543 0.125710 0.390212 62 48 22
0.041303 0.125532 0.390798 63 51 24
0.042067 0.125597 0.390706 62 50 24
0.043177 0.125622 0.391314 58 47 24
0.044005 0.125978 0.391152 52 42 21
0.044737 0.125976 0.391792 53 42 23
0.045541 0.126296 0.391543 52 41 23
0.045527 0.125984 0.392471 57 48 28
0.046305 0.126123 0.392208 61 52 31
0.047416 0.125877 0.392745 67 59 35
0.048443 0.125252 0.393199 63 55 31
0.048960 0.125688 0.392774 63 53 29
0.049607 0.124649 0.393621 55 46 23
0.049840 0.125398 0.393110 55 46 22
0.050592 0.124055 0.393950 57 48 27
0.050737 0.124507 0.393485 57 46 25
0.051491 0.123534 0.394419 55 45 25
0.052196 0.123671 0.394041 52 40 20
0.052596 0.123075 0.395114 49 39 19
0.053039 0.123250 0.394625 46 35 16
0.053321 0.122769 0.395571 50 41 19
0.054073 0.122811 0.395318 50 40 18
0.055247 0.122608 0.395768 60 48 24
0.056269 0.122326 0.396285 69 56 29
0.056817 0.122331 0.395914 67 54 28
0.057290 0.121775 0.396863 72 58 33
0.057555 0.121899 0.396314 68 55 31
0.057816 0.119833 0.397284 65 55 37
0.058198 0.120743 0.397179 64 53 33
0.058443 0.121364 0.396621 64 51 31
0.001225 0.153530 0.375496 86 55 30
0.001502 0.154661 0.375409 82 53 27
0.002116 0.155827 0.375503 77 49 24
0.002834 0.156937 0.375682 74 46 21
0.003509 0.157948 0.375859 76 49 23
0.004113 0.158929 0.376049 80 52 27
0.004828 0.159910 0.376225 84 58 35
0.005610 0.161027 0.376433 85 60 38
0.006278 0.162032 0.376661 84 61 39
0.006820 0.162844 0.376924 86 63 42
0.008807 0.166817 0.377772 104 82 61
0.009150 0.167258 0.377562 106 86 66
0.000689 0.149599 0.375885 60 34 12
0.001141 0.150642 0.375653 70 42 19
0.001468 0.151883 0.375569 79 50 25
0.001763 0.152987 0.375457 82 53 29
0.007036 0.162998 0.376885 86 64 43
0.007881 0.163995 0.377100 89 67 46
0.008803 0.165029 0.377365 93 72 51
0.009575 0.166183 0.377618 99 78 57
0.009904 0.167128 0.377698 104 84 64
0.010618 0.168036 0.378166 113 96 78
-0.000016 0.145993 0.376124 55 31 12
0.000408 0.146757 0.375905 51 28 8
0.000855 0.147858 0.375646 49 27 6
0.001115 0.149004 0.375517 55 31 10
0.001542 0.150072 0.375297 66 38 15
0.010282 0.166223 0.377528 103 85 66
0.011078 0.166840 0.378006 104 85 67
0.011725 0.167393 0.378274 108 91 74
0.012104 0.168253 0.378753 112 96 80
0.000138 0.144111 0.376008 55 31 12
0.000601 0.145157 0.375729 54 31 12
0.000952 0.146230 0.375519 51 28 8
0.001298 0.147165 0.375330 48 26 6
0.011995 0.166610 0.377867 98 78 59
0.012341 0.167339 0.378376 107 89 72
0.013064 0.168198 0.378616 112 97 82
0.013694 0.168870 0.379011 112 96 81
-0.000437 0.140247 0.376212 38 20 4
-0.000075 0.141129 0.376153 40 20 5
0.000406 0.142268 0.375996 45 24 7
0.000818 0.143352 0.375721 50 28 10
0.001140 0.144410 0.375444 53 30 12
-0.000652 0.137352 0.376351 47 26 8
-0.000343 0.138392 0.376116 42 22 6
0.000152 0.139503 0.375911 38 19 4
0.000628 0.140640 0.375798 37 18 4
0.001028 0.141727 0.375678 41 21 5
-0.000200 0.135713 0.376587 50 28 9
-0.000017 0.136636 0.376298 48 27 8
0.000561 0.137679 0.375903 44 23 6
0.000839 0.138738 0.375687 39 19 4
0.000407 0.135126 0.376646 51 29 8
0.000944 0.135969 0.376192 49 28 8
0.001083 0.136818 0.375881 47 26 8
0.001033 0.133541 0.377183 51 29 8
0.001409 0.134359 0.376776 52 29 8
0.001721 0.135137 0.376345 52 29 9
0.001779 0.132841 0.377401 56 32 11
0.002398 0.133701 0.377003 55 32 10
0.002917 0.134323 0.376738 55 32 10
0.002742 0.132092 0.377793 63 39 15
0.003444 0.133092 0.377485 60 36 13
0.003956 0.133851 0.377190 59 35 12
0.003531 0.130580 0.378427 69 45 20
0.003786 0.131480 0.378186 66 42 18
0.004553 0.132536 0.377925 62 38 15
0.005128 0.133201 0.377645 61 36 13
0.004059 0.130308 0.378596 69 45 20
0.004750 0.130795 0.378620 67 43 19
0.005476 0.131897 0.378362 64 40 15
0.006050 0.132676 0.378003 62 38 14
0.005345 0.129442 0.379148 73 52 25
0.005767 0.130237 0.378971 71 49 22
0.006498 0.131246 0.378600 66 43 16
0.006805 0.131985 0.378312 64 40 14
0.006166 0.127692 0.379630 82 64 36
0.006299 0.128624 0.379440 80 60 32
0.006878 0.129597 0.379174 78 56 27
0.007490 0.130459 0.378815 73 50 21
0.006869 0.127000 0.379837 87 69 39
0.007357 0.127876 0.379650 86 66 36
0.008015 0.128982 0.379231 82 60 29
0.007975 0.129851 0.378863 76 53 23
0.007365 0.124874 0.380206 88 69 38
0.007775 0.126274 0.380033 91 72 40
0.008441 0.127250 0.379669 86 65 32
0.008645 0.128184 0.379375 84 62 29
0.007988 0.124760 0.380338 85 66 36
0.008624 0.125506 0.380166 84 64 33
0.009406 0.126509 0.379792 80 59 27
0.008962 0.124124 0.380840 85 69 39
0.009627 0.124935 0.380618 83 65 35
0.010438 0.125941 0.380220 80 61 30
0.009890 0.123708 0.381225 87 71 42
0.010709 0.124353 0.381164 85 68 38
0.011531 0.125359 0.380733 81 64 33
0.011821 0.123944 0.381730 84 69 39
0.012508 0.124783 0.381371 82 66 36
0.013147 0.125383 0.381088 80 63 33
0.012564 0.123742 0.382146 83 69 39
0.013373 0.124271 0.382072 81 66 38
0.014168 0.125115 0.381688 80 64 35
0.014157 0.124221 0.382556 82 68 39
0.014985 0.124742 0.382473 82 68 40
0.015762 0.125402 0.382156 81 66 37
0.015705 0.124685 0.383114 86 73 45
0.016567 0.125225 0.382975 84 71 43
0.017526 0.125826 0.382873 81 68 40
0.018102 0.125813 0.383586 84 72 44
0.019053 0.126525 0.383603 81 68 40
0.019971 0.127462 0.383526 79 65 36
0.019635 0.126594 0.384382 84 71 44
0.020359 0.127388 0.384293 80 67 40
0.021274 0.128079 0.384259 78 64 36
0.021868 0.128195 0.384925 77 63 36
0.022737 0.128545 0.384804 84 70 41
0.023557 0.128703 0.385285 89 75 46
0.024314 0.128883 0.385371 94 80 50
0.025447 0.128968 0.385818 93 79 49
0.026250 0.129020 0.385963 90 76 46
0.027079 0.129047 0.386374 84 71 41
0.027959 0.129079 0.386835 74 61 33
0.028632 0.129045 0.386863 64 51 24
0.029552 0.128125 0.387074 59 44 17
0.029350 0.128629 0.387406 57 43 17
0.030299 0.127293 0.387587 67 52 24
0.030370 0.127920 0.388000 61 47 20
0.030931 0.126530 0.388057 70 54 26
0.030992 0.127392 0.388300 71 56 27
0.032179 0.126002 0.388473 64 48 22
0.033168 0.125846 0.388905 53 38 14
0.033878 0.125852 0.389053 48 33 10
0.034720 0.125831 0.389425 49 34 13
0.035694 0.125802 0.389926 55 40 17
0.036383 0.125856 0.389980 58 43 18
0.037516 0.125725 0.390356 58 44 18
0.038450 0.125611 0.390873 55 41 15
0.039104 0.125574 0.390812 54 41 15
0.039936 0.125425 0.391298 58 44 19
0.041127 0.125263 0.391837 64 52 26
0.041899 0.125317 0.391766 65 54 28
0.041923 0.125110 0.392557 67 56 30
0.042685 0.125200 0.392281 64 54 30
0.043771 0.125197 0.392823 62 54 31
0.044532 0.125512 0.392726 58 50 29
0.045355 0.125500 0.393355 64 56 35
0.046104 0.125793 0.393108 65 58 36
0.046382 0.125211 0.393994 69 63 41
0.046878 0.125450 0.393636 68 62 39
0.047136 0.124838 0.394520 66 60 39
0.047856 0.124842 0.394192 62 56 34
0.048892 0.124259 0.394699 54 48 26
0.049946 0.123641 0.395031 59 53 31
0.050959 0.123258 0.395466 59 52 31
0.052095 0.122851 0.395949 54 46 25
0.053188 0.122558 0.396429 56 47 25
0.053848 0.122516 0.396391 58 49 26
0.054624 0.122399 0.396849 66 56 31
0.055786 0.122144 0.397315 74 63 37
0.056911 0.121677 0.397646 76 63 36
0.058085 0.119728 0.397752 63 53 34
0.057956 0.120735 0.398115 68 55 32
0.058208 0.119244 0.398561 61 50 32
0.058250 0.119960 0.398528 63 50 29
0.000735 0.155441 0.377094 95 62 30
-0.000145 0.151529 0.376903 74 47 22
0.000203 0.152614 0.376569 87 56 29
0.000420 0.153698 0.376396 93 60 31
0.000789 0.154919 0.376537 94 61 31
0.001416 0.156114 0.376767 91 58 29
0.002198 0.157190 0.376820 85 54 25
0.002810 0.158193 0.377100 83 52 24
0.003604 0.159257 0.377238 84 55 27
0.004337 0.160184 0.377482 86 58 31
0.005105 0.161195 0.377690 86 59 33
0.005676 0.162298 0.377924 84 57 32
0.006139 0.163363 0.378267 82 55 29
0.006644 0.164655 0.378468 86 59 35
0.007410 0.165597 0.378285 92 66 42
0.008169 0.166612 0.378369 101 77 55
0.008944 0.167251 0.378260 107 86 66
-0.000862 0.147627 0.376930 52 29 9
-0.000491 0.148509 0.376731 51 28 8
-0.000105 0.149626 0.376541 57 33 11
0.000198 0.150876 0.376455 70 43 19
0.000699 0.151986 0.376222 83 53 27
0.006081 0.162393 0.378193 85 58 33
0.006623 0.163191 0.378107 82 56 31
0.007369 0.164188 0.378287 83 57 32
0.008072 0.165205 0.378377 88 62 39
0.008888 0.166333 0.378414 96 72 50
0.009420 0.167327 0.378699 104 83 63
0.010274 0.168264 0.379028 111 91 73
0.011041 0.168801 0.379163 113 95 77
-0.001249 0.144706 0.376855 59 34 15
-0.000761 0.145810 0.376624 57 32 13
-0.000457 0.146947 0.376532 52 29 10
0.000010 0.147991 0.376281 50 27 7
0.000339 0.148853 0.376103 53 30 9
0.009679 0.165889 0.378361 94 71 51
0.010925 0.167011 0.378993 105 85 68
0.011240 0.167530 0.379040 110 91 75
0.011689 0.168783 0.379296 115 97 81
0.012133 0.169400 0.379532 116 100 84
-0.002020 0.140820 0.377010 43 23 6
-0.001554 0.141870 0.376945 46 25 7
-0.001072 0.142994 0.376779 53 30 11
-0.000657 0.144049 0.376470 56 32 13
-0.000199 0.145089 0.376230 57 32 14
0.011702 0.167137 0.379482 107 88 71
0.012683 0.168467 0.379312 112 96 81
0.013203 0.168939 0.379439 113 98 83
-0.002761 0.137044 0.377052 49 28 9
-0.002427 0.137942 0.376935 46 26 8
-0.001907 0.139139 0.376782 43 24 6
-0.001320 0.140223 0.376620 41 22 5
-0.000837 0.141360 0.376534 42 22 6
-0.000394 0.142389 0.376432 47 26 8
-0.002318 0.135306 0.377300 51 29 9
-0.002137 0.136259 0.377003 50 28 9
-0.001528 0.137305 0.376640 47 26 8
-0.001157 0.138461 0.376411 43 23 6
-0.001984 0.133838 0.377591 51 28 8
-0.001709 0.134571 0.377302 51 28 8
-0.000998 0.135584 0.376867 50 28 8
-0.000777 0.136472 0.376580 49 28 9
-0.001174 0.132928 0.377784 53 31 10
-0.000577 0.133934 0.377339 50 28 8
-0.000108 0.134731 0.376966 51 29 8
-0.001146 0.130002 0.378116 59 37 15
-0.000865 0.131218 0.378029 58 36 14
-0.000294 0.132325 0.377782 54 32 11
0.000419 0.133320 0.377405 51 29 8
0.000471 0.134195 0.377131 51 29 8
-0.001806 0.126453 0.378126 66 45 20
-0.001592 0.127235 0.378113 65 43 19
-0.001114 0.128362 0.378116 63 42 18
-0.000624 0.129407 0.378075 62 40 17
0.000055 0.130577 0.378019 61 38 15
0.000788 0.131719 0.377840 59 36 14
0.001242 0.132483 0.377604 57 33 12
-0.001812 0.124292 0.378231 72 50 24
-0.001394 0.125584 0.378228 71 49 23
-0.000743 0.126685 0.378219 70 48 22
-0.000073 0.127701 0.378228 70 47 22
0.000480 0.128744 0.378221 69 46 21
0.001235 0.129821 0.378210 68 45 20
0.001919 0.130999 0.378076 67 43 18
0.002307 0.131562 0.377975 65 41 17
-0.001380 0.123098 0.378491 75 54 28
-0.000996 0.123736 0.378508 75 53 28
-0.000352 0.124899 0.378475 75 53 27
0.000414 0.126050 0.378483 75 52 26
0.000983 0.127032 0.378503 76 52 26
0.001556 0.128183 0.378483 76 53 27
0.002313 0.129240 0.378526 76 51 26
0.002995 0.130378 0.378409 71 47 22
-0.000414 0.122366 0.378882 75 54 28
0.000060 0.123181 0.378803 75 53 27
0.000654 0.124271 0.378796 74 52 27
0.001432 0.125475 0.378894 75 53 27
0.001846 0.126579 0.379016 79 56 30
0.002526 0.127414 0.379040 78 56 29
0.003350 0.128790 0.378959 76 53 27
0.004017 0.129775 0.378813 73 49 24
0.004737 0.130065 0.378959 72 49 23
0.000541 0.121789 0.379271 72 53 27
0.001004 0.122559 0.379168 72 52 26
0.001682 0.123695 0.379207 71 51 26
0.002429 0.124862 0.379268 71 52 26
0.003005 0.125895 0.379336 75 55 29
0.003634 0.126948 0.379386 76 56 29
0.004269 0.128107 0.379289 74 54 27
0.004964 0.129167 0.379170 73 52 26
0.001604 0.121118 0.379700 77 61 35
0.002083 0.121907 0.379594 76 59 33
0.002822 0.123090 0.379565 75 58 31
0.003448 0.124242 0.379606 76 59 32
0.004003 0.125285 0.379668 79 62 35
0.004544 0.126265 0.379674 80 62 35
0.005391 0.127435 0.379607 80 61 34
0.005686 0.128286 0.379440 78 59 31
0.002553 0.120239 0.380063 84 70 44
0.003121 0.121223 0.379966 83 68 42
0.003881 0.122433 0.379947 83 67 41
0.004559 0.123535 0.379974 84 67 40
0.005115 0.124464 0.379935 85 68 40
0.005866 0.125615 0.379969 87 71 42
0.006340 0.126657 0.379902 86 69 40
0.003527 0.119800 0.380451 88 76 50
0.004128 0.120671 0.380393 89 75 48
0.004837 0.121744 0.380282 88 73 45
0.005616 0.122948 0.380282 89 73 44
0.006219 0.123985 0.380206 89 72 42
0.006880 0.125002 0.380214 91 74 43
0.007184 0.125808 0.380161 92 74 43
0.004606 0.119400 0.380902 93 81 54
0.005117 0.120076 0.380809 92 79 52
0.005818 0.121174 0.380700 89 76 47
0.006544 0.122366 0.380658 87 73 44
0.007287 0.123374 0.380757 82 67 39
0.007809 0.124206 0.380646 82 66 37
0.006020 0.119620 0.381319 93 82 55
0.006873 0.120591 0.381219 92 79 51
0.007563 0.121794 0.381092 90 76 47
0.008101 0.122920 0.381464 75 63 37
0.008646 0.123694 0.381440 73 61 34
0.006905 0.119555 0.381733 95 83 57
0.007741 0.120096 0.381855 94 81 54
0.008531 0.121046 0.381746 92 79 50
0.008973 0.122316 0.381827 81 69 42
0.009716 0.123217 0.381965 76 64 38
0.010412 0.124037 0.382058 72 60 34
0.008766 0.120010 0.382381 94 81 53
0.009453 0.120605 0.382466 91 79 50
0.010131 0.121541 0.382334 89 76 48
0.010715 0.122760 0.382351 82 70 42
0.011369 0.123581 0.382579 74 64 37
0.011918 0.124219 0.382733 69 60 35
0.010230 0.120609 0.382888 90 78 50
0.010970 0.121156 0.383006 88 76 48
0.011704 0.122014 0.382996 85 73 44
0.012329 0.123160 0.382840 80 68 40
0.013306 0.123651 0.382587 82 69 40
0.012355 0.121870 0.383551 84 74 46
0.013261 0.122729 0.383556 83 73 44
0.014125 0.123601 0.383250 83 71 43
0.014935 0.124227 0.383149 84 72 43
0.014044 0.122753 0.384144 84 74 47
0.014765 0.123324 0.384134 84 73 46
0.015665 0.124099 0.383981 84 74 46
0.016582 0.124722 0.383906 85 74 47
0.017425 0.126350 0.384853 76 64 37
0.016297 0.124037 0.384789 81 73 47
0.017179 0.124659 0.384704 82 73 47
0.018014 0.125442 0.384554 85 74 47
0.018202 0.126376 0.385075 77 66 39
0.018540 0.125379 0.385329 82 73 48
0.019526 0.126092 0.385277 86 76 50
0.020483 0.126970 0.385166 85 73 47
0.021095 0.127593 0.385073 81 69 42
0.020859 0.126903 0.386011 89 78 53
0.021747 0.127715 0.385901 82 70 44
0.022571 0.128275 0.385818 76 63 36
0.022279 0.127693 0.386753 84 73 47
0.023182 0.128378 0.386555 75 64 37
0.024078 0.128740 0.386552 80 68 41
0.024995 0.128878 0.387110 85 74 46
0.025856 0.128960 0.387100 90 78 50
0.025665 0.128894 0.387935 87 76 49
0.026558 0.128995 0.387632 88 77 48
0.027654 0.129035 0.387982 81 69 42
0.028253 0.129084 0.388233 76 65 38
0.029198 0.128988 0.388539 64 52 27
0.030251 0.127343 0.388570 59 47 21
0.030220 0.128393 0.388997 52 39 16
0.030883 0.126900 0.389242 68 54 26
0.031048 0.127603 0.389598 64 51 24
0.031872 0.126325 0.389671 68 53 26
0.032807 0.125993 0.389968 59 44 20
0.033362 0.126120 0.390372 55 40 16
0.034287 0.125996 0.390644 48 33 13
0.035361 0.125731 0.391018 52 38 16
0.035959 0.125814 0.391443 55 42 19
0.036972 0.125595 0.391693 60 47 22
0.038175 0.125464 0.392097 58 45 19
0.038797 0.125328 0.392641 55 41 17
0.039431 0.125260 0.392511 55 41 17
0.040649 0.125060 0.393013 64 51 25
0.041693 0.124894 0.393527 69 57 30
0.042346 0.124919 0.393469 69 58 33
0.043327 0.124887 0.393988 69 60 35
0.044170 0.124924 0.394466 69 61 37
0.044951 0.125107 0.394451 68 61 39
0.046007 0.125014 0.394918 70 64 42
0.047150 0.124615 0.395387 64 58 38
0.047531 0.124633 0.395143 61 56 35
0.048188 0.123999 0.396152 54 49 32
0.048477 0.124094 0.395503 53 48 29
0.048873 0.123603 0.396378 58 54 36
0.049415 0.123566 0.396295 61 56 37
0.050442 0.123165 0.396691 64 60 41
0.051673 0.122713 0.397149 61 55 36
0.052796 0.122343 0.397648 65 58 37
0.053434 0.122245 0.398237 71 65 45
0.054181 0.122254 0.398045 73 65 43
0.055224 0.122017 0.398525 77 68 45
0.056376 0.121598 0.398919 79 67 43
0.057364 0.120880 0.399338 74 61 36
0.058056 0.119051 0.399728 64 50 28
0.057938 0.119975 0.399609 67 53 29
0.057796 0.116664 0.400439 63 53 35
0.057991 0.117576 0.400102 63 51 31
0.058105 0.118305 0.399934 63 51 30
-0.000320 0.154195 0.377781 87 56 25
0.000223 0.155107 0.377724 94 62 30
0.000690 0.155933 0.377886 97 64 31
-0.001308 0.150286 0.377776 61 37 15
-0.000885 0.151480 0.377563 67 41 18
-0.000676 0.152758 0.377448 75 46 19
-0.000303 0.153790 0.377405 86 55 25
0.000204 0.154607 0.377214 95 62 31
0.001151 0.156513 0.377800 96 63 30
0.001538 0.157247 0.378112 96 63 30
0.002319 0.158344 0.378233 92 60 28
0.003057 0.159300 0.378473 90 59 29
0.003849 0.160231 0.378650 90 60 31
0.004704 0.161259 0.378906 90 61 33
0.005253 0.162511 0.378855 87 58 31
0.005670 0.163678 0.379058 85 56 29
0.006160 0.164488 0.379182 86 58 31
0.007018 0.165613 0.379484 92 64 38
0.007737 0.166473 0.379619 98 72 48
-0.002469 0.145576 0.377864 65 38 16
-0.002046 0.146445 0.377683 63 37 15
-0.001610 0.147521 0.377534 59 34 14
-0.001366 0.148782 0.377543 57 34 13
-0.000986 0.149874 0.377369 58 35 12
-0.000531 0.150727 0.377092 64 39 15
0.005737 0.162424 0.379143 89 61 34
0.006295 0.163310 0.379389 88 60 34
0.006852 0.164030 0.379603 87 59 32
0.007629 0.165999 0.379741 92 64 39
0.008196 0.166618 0.379664 99 72 49
0.008798 0.167389 0.379651 105 83 62
0.009480 0.168015 0.379691 111 92 73
-0.003325 0.141637 0.377841 48 27 8
-0.002898 0.142502 0.377748 51 29 9
-0.002437 0.143584 0.377581 59 34 13
-0.002100 0.144797 0.377473 62 36 15
-0.001622 0.146009 0.377280 60 34 14
-0.001320 0.146848 0.377178 57 33 13
-0.004290 0.137560 0.377778 51 29 10
-0.003876 0.138534 0.377657 50 28 9
-0.003293 0.139730 0.377525 47 26 8
-0.002839 0.140916 0.377465 46 25 7
-0.002329 0.142055 0.377355 48 27 8
-0.001915 0.142991 0.377247 54 31 11
-0.004577 0.134920 0.377798 50 28 9
-0.004176 0.135831 0.377600 50 28 9
-0.003649 0.136981 0.377462 49 28 9
-0.003204 0.138084 0.377284 48 27 9
-0.002711 0.139134 0.377159 46 25 7
-0.003775 0.133339 0.378322 54 32 11
-0.003791 0.134273 0.377932 52 29 9
-0.003104 0.135190 0.377485 51 28 9
-0.003039 0.136189 0.377217 50 28 9
-0.003443 0.131544 0.378509 59 37 15
-0.003250 0.132531 0.378274 55 32 12
-0.002611 0.133613 0.377881 52 29 9
-0.002339 0.134320 0.377600 51 29 8
-0.004368 0.127471 0.378407 62 41 18
-0.003942 0.128478 0.378437 62 40 18
-0.003469 0.129577 0.378445 61 39 17
-0.002968 0.130709 0.378373 60 37 16
-0.002253 0.131830 0.378162 57 35 13
-0.001856 0.132924 0.377918 54 31 11
-0.005048 0.123755 0.378443 64 45 19
-0.004766 0.124643 0.378337 63 44 18
-0.004387 0.125697 0.378305 62 42 17
-0.003796 0.126810 0.378316 62 41 17
-0.003117 0.127971 0.378255 61 40 17
-0.002453 0.129025 0.378202 60 38 16
-0.001896 0.130067 0.378172 59 37 15
-0.001523 0.131149 0.378141 58 36 14
-0.004461 0.123079 0.378529 63 45 20
-0.004009 0.124018 0.378272 65 46 20
-0.003351 0.125082 0.378174 65 45 19
-0.002692 0.126200 0.378134 65 44 19
-0.002210 0.127385 0.378118 63 41 17
-0.001743 0.128521 0.378120 60 39 16
-0.003736 0.121486 0.378996 68 51 25
-0.003555 0.122291 0.378591 68 50 24
-0.002818 0.123380 0.378302 69 49 23
-0.002496 0.124488 0.378187 68 48 22
-0.002138 0.125450 0.378171 68 47 21
-0.003030 0.120759 0.379070 70 54 28
-0.002384 0.121607 0.378684 72 54 28
-0.001794 0.122575 0.378546 74 54 28
-0.002361 0.119330 0.379728 72 58 33
-0.002091 0.119971 0.379372 72 57 32
-0.001325 0.121084 0.379012 75 56 30
-0.000781 0.121898 0.378920 75 55 29
-0.001575 0.118851 0.379992 72 59 34
-0.001088 0.119397 0.379708 71 57 32
-0.000345 0.120446 0.379363 73 56 30
0.000164 0.121309 0.379289 72 54 28
-0.000627 0.118174 0.380383 74 63 39
-0.000045 0.118761 0.380159 77 64 39
0.000717 0.119848 0.379852 77 62 36
0.001225 0.120607 0.379737 77 61 35
0.000277 0.117736 0.380790 80 71 47
0.000953 0.118113 0.380693 83 73 49
0.001806 0.119177 0.380312 85 72 47
0.002219 0.119853 0.380136 84 71 45
0.001984 0.117725 0.381166 89 81 58
0.002702 0.118569 0.380807 90 80 55
0.003341 0.119278 0.380658 90 79 52
0.002968 0.117351 0.381709 92 84 62
0.003631 0.117996 0.381427 93 84 61
0.004322 0.118897 0.381107 93 83 57
0.004498 0.117500 0.382049 92 84 61
0.005285 0.118425 0.381695 95 85 60
0.006012 0.119044 0.381648 94 83 58
0.008269 0.122588 0.382173 68 60 36
0.005396 0.117312 0.382588 92 83 60
0.006208 0.117855 0.382542 94 84 59
0.006957 0.118830 0.382262 95 84 58
0.007791 0.119460 0.382287 95 83 56
0.008942 0.122408 0.382501 71 62 38
0.009587 0.122946 0.382687 67 60 36
0.007096 0.117699 0.383171 95 85 60
0.007870 0.118276 0.383137 96 85 59
0.008639 0.119305 0.382844 94 82 55
0.009478 0.120023 0.382851 91 79 52
0.010284 0.122825 0.382899 69 62 38
0.011103 0.123122 0.383110 70 63 38
0.008665 0.118135 0.383725 95 85 59
0.009486 0.118826 0.383651 93 83 56
0.010298 0.119891 0.383381 91 80 52
0.011037 0.120586 0.383401 89 78 49
0.011879 0.123353 0.383381 71 64 39
0.010247 0.118733 0.384253 94 85 59
0.011015 0.119384 0.384281 93 83 56
0.011788 0.120380 0.384096 90 79 52
0.012528 0.121353 0.384011 86 76 49
0.013268 0.122094 0.384071 85 75 48
0.011756 0.119408 0.384807 93 84 59
0.012431 0.120057 0.384897 91 82 57
0.013180 0.120956 0.384920 88 79 54
0.014033 0.121944 0.384857 85 76 51
0.014933 0.123004 0.385022 80 72 47
0.015415 0.124071 0.385470 71 63 38
0.016061 0.125144 0.385416 69 60 34
0.016617 0.125881 0.385457 69 60 33
0.014713 0.121767 0.385643 87 79 56
0.015618 0.122592 0.385708 85 77 53
0.016245 0.123593 0.385671 80 72 47
0.016898 0.124545 0.385804 75 67 43
0.017379 0.125759 0.385852 70 61 36
0.017948 0.126441 0.386079 69 60 34
0.016846 0.123256 0.386299 82 75 51
0.017690 0.124249 0.386296 79 71 47
0.018401 0.125072 0.386430 77 69 45
0.018927 0.126123 0.386647 73 65 41
0.019241 0.126876 0.387056 68 60 36
0.019845 0.125982 0.386881 81 73 50
0.020842 0.126555 0.387046 90 81 57
0.021653 0.127148 0.386850 90 80 55
0.021382 0.126739 0.387721 94 85 63
0.022123 0.127335 0.387566 92 82 58
0.023074 0.127980 0.387683 81 71 47
0.023870 0.128544 0.387563 71 60 34
0.023547 0.128139 0.388255 79 69 45
0.024522 0.128668 0.388281 71 61 35
0.025448 0.128829 0.388777 75 65 40
0.026203 0.128977 0.388889 85 75 49
0.027209 0.129101 0.389237 87 76 50
0.027867 0.129193 0.389534 83 72 46
0.028772 0.129229 0.389798 78 67 41
0.030104 0.128881 0.390022 57 45 23
0.030256 0.129061 0.390570 57 46 24
0.030927 0.127070 0.390190 66 54 26
0.031093 0.127967 0.390590 57 46 22
0.031136 0.128525 0.391125 51 40 19
0.031628 0.126613 0.390694 67 54 27
0.031663 0.127160 0.391162 68 56 28
0.032755 0.126402 0.391458 60 47 22
0.034014 0.126230 0.391866 49 35 14
0.035003 0.125793 0.392199 51 37 17
0.035326 0.126060 0.392506 51 37 16
0.035961 0.125527 0.392420 60 46 23
0.036460 0.125648 0.392871 62 48 24
0.037629 0.125421 0.393323 63 50 25
0.038428 0.125316 0.393658 59 46 22
0.039057 0.125218 0.393824 57 43 20
0.040094 0.125028 0.394204 62 48 23
0.041374 0.124808 0.394679 70 58 30
0.041979 0.124816 0.394915 72 61 33
0.041969 0.124641 0.395437 73 62 34
0.042683 0.124705 0.395214 73 63 36
0.043913 0.124738 0.395653 73 64 39
0.044661 0.124860 0.395684 72 65 41
0.045380 0.124847 0.396165 72 66 43
0.046611 0.124587 0.396552 69 63 43
0.047866 0.123973 0.397033 55 52 35
0.048533 0.123687 0.397259 56 53 37
0.048993 0.123592 0.397420 59 57 40
0.049896 0.123156 0.397904 66 64 48
0.051072 0.122733 0.398349 65 63 47
0.052274 0.122340 0.398833 67 64 46
0.053145 0.122267 0.399210 73 69 51
0.053760 0.122196 0.399345 76 71 52
0.054764 0.121995 0.399709 78 72 51
0.055928 0.121647 0.400235 82 72 49
0.056911 0.120890 0.400668 81 68 44
0.057304 0.118279 0.401439 82 65 37
0.057464 0.119122 0.400926 77 60 33
0.057337 0.120069 0.400771 78 62 36
0.057605 0.116319 0.401065 69 58 36
0.057699 0.117438 0.401155 74 60 35
0.057763 0.118353 0.400657 71 55 30
0.057503 0.114958 0.401702 73 64 44
0.057716 0.115915 0.401490 72 61 40
0.057896 0.116720 0.401799 77 64 40
-0.001217 0.153327 0.378679 70 42 17
-0.000781 0.154120 0.378691 78 49 21
-0.000181 0.155157 0.378839 89 58 27
0.000320 0.155869 0.378717 97 65 32
-0.002826 0.148294 0.378793 81 54 30
-0.002348 0.149264 0.378600 75 49 27
-0.001989 0.150430 0.378522 69 44 23
-0.001702 0.151680 0.378466 63 38 16
-0.001377 0.152757 0.378509 65 38 14
0.000568 0.156372 0.379106 98 65 32
0.001210 0.157336 0.379171 100 67 33
0.001907 0.158435 0.379457 98 65 31
0.002568 0.159304 0.379536 97 63 30
0.003348 0.160336 0.379868 97 63 32
0.004318 0.161304 0.380067 97 64 34
0.004941 0.162212 0.380040 95 64 36
0.005237 0.163592 0.380276 91 61 34
0.005758 0.164735 0.380393 89 60 32
0.006739 0.165590 0.380590 92 64 37
0.007256 0.166243 0.380288 98 71 47
-0.004140 0.143382 0.378709 60 33 12
-0.003736 0.144216 0.378576 65 37 14
-0.003230 0.145389 0.378416 70 41 18
-0.002871 0.146689 0.378413 73 45 21
-0.002530 0.147828 0.378389 73 47 24
-0.002082 0.148766 0.378195 68 43 22
0.002082 0.155711 0.380090 136 93 50
0.002321 0.156137 0.380007 137 94 51
0.005184 0.162362 0.380436 97 66 37
0.005912 0.163261 0.380545 95 65 38
0.006623 0.164082 0.380733 93 64 38
0.007091 0.165202 0.381180 94 66 40
-0.005694 0.138213 0.378513 56 32 11
-0.005180 0.139192 0.378419 55 31 10
-0.004659 0.140362 0.378371 53 29 9
-0.004128 0.141559 0.378310 51 28 9
-0.003751 0.142728 0.378313 55 30 10
-0.003277 0.143822 0.378184 62 35 13
-0.002881 0.144635 0.378016 65 38 16
-0.006478 0.134464 0.378437 53 29 9
-0.006060 0.135471 0.378335 53 30 10
-0.005551 0.136564 0.378233 54 30 11
-0.005115 0.137656 0.378181 53 30 11
-0.004595 0.138781 0.378072 52 29 10
-0.004078 0.139969 0.377966 50 28 9
-0.006358 0.132653 0.378461 48 26 7
-0.005860 0.133815 0.378203 50 28 8
-0.005320 0.134955 0.377993 51 28 9
-0.004878 0.136108 0.377872 51 29 10
-0.006214 0.131567 0.378756 51 29 9
-0.005472 0.132120 0.378761 54 32 12
-0.004727 0.133099 0.378427 53 30 10
-0.004128 0.133802 0.378288 54 31 11
-0.006502 0.126809 0.378963 62 41 17
-0.005979 0.128028 0.378960 62 40 17
-0.005467 0.129219 0.378940 62 40 17
-0.004961 0.130341 0.378916 63 40 18
-0.004312 0.131359 0.378731 60 38 16
-0.004048 0.132376 0.378513 55 33 13
-0.007094 0.123410 0.379074 64 44 19
-0.006785 0.124236 0.378882 63 43 18
-0.006394 0.125323 0.378774 63 43 18
-0.005787 0.126362 0.378725 62 41 17
-0.005162 0.127494 0.378660 61 40 17
-0.004613 0.128713 0.378657 62 40 17
-0.004137 0.129764 0.378642 62 40 17
-0.003778 0.130623 0.378583 61 39 17
-0.006415 0.122797 0.379088 63 45 20
-0.005948 0.123613 0.378716 62 43 18
-0.005475 0.124703 0.378520 63 43 18
-0.005056 0.125825 0.378475 63 42 17
-0.005723 0.121180 0.379734 64 48 24
-0.005579 0.121996 0.379190 65 47 22
-0.005062 0.122844 0.378778 63 45 20
-0.004923 0.120473 0.379781 65 51 25
-0.004556 0.121264 0.379255 66 50 25
-0.004375 0.118594 0.380291 69 58 33
-0.004028 0.119587 0.379947 68 56 30
-0.003557 0.120318 0.379449 69 54 28
-0.003737 0.117964 0.380441 71 60 36
-0.003054 0.118897 0.380047 71 59 34
-0.002728 0.119900 0.379777 69 56 31
-0.002720 0.117355 0.380747 72 62 38
-0.002028 0.118295 0.380277 72 60 35
-0.001725 0.116708 0.381231 76 67 45
-0.001047 0.117533 0.380758 75 65 41
-0.000639 0.116111 0.381693 81 74 53
0.000143 0.117007 0.381253 82 74 52
0.000286 0.115752 0.382147 84 78 58
0.001036 0.116476 0.381859 85 79 59
0.001756 0.117134 0.381567 88 81 60
0.001933 0.116033 0.382502 86 80 60
0.002714 0.116769 0.382118 89 82 62
0.003025 0.115677 0.383072 86 79 59
0.003700 0.116427 0.382701 89 81 61
0.004417 0.116870 0.382526 90 82 61
0.003746 0.115456 0.383571 87 80 60
0.004554 0.115943 0.383478 90 82 61
0.005381 0.116678 0.383158 92 83 61
0.006205 0.117165 0.383121 94 85 61
0.005400 0.115764 0.384060 93 86 65
0.006240 0.116298 0.384001 94 87 65
0.007056 0.117082 0.383674 95 86 63
0.007843 0.117624 0.383694 96 86 62
0.007025 0.116133 0.384629 97 89 68
0.007821 0.116744 0.384504 97 89 66
0.008622 0.117558 0.384213 96 87 63
0.009445 0.118052 0.384272 95 86 61
0.008569 0.116638 0.385085 99 91 69
0.009385 0.117257 0.385068 98 90 67
0.010228 0.118107 0.384823 96 87 63
0.011124 0.118748 0.384850 94 85 61
0.010135 0.117309 0.385677 100 93 71
0.010979 0.117876 0.385659 99 91 69
0.011857 0.118741 0.385573 97 89 66
0.012678 0.119612 0.385559 95 87 63
0.013483 0.120524 0.385609 92 84 61
0.014798 0.122946 0.385892 75 67 43
0.012433 0.118597 0.386368 102 95 74
0.013187 0.119432 0.386392 100 93 72
0.013966 0.120332 0.386386 96 89 67
0.014833 0.121237 0.386324 92 85 63
0.015485 0.122597 0.386614 84 77 54
0.016124 0.123254 0.386544 82 75 52
0.017363 0.125896 0.386798 68 59 35
0.017880 0.126511 0.387059 68 59 35
0.014655 0.120349 0.387165 98 92 72
0.015357 0.121073 0.387115 95 89 68
0.016147 0.122094 0.387165 91 84 63
0.016825 0.122963 0.387170 88 81 59
0.017606 0.123923 0.387164 84 77 54
0.018309 0.124971 0.387237 78 71 48
0.018713 0.126336 0.387599 70 62 38
0.019368 0.126918 0.387680 69 61 38
0.017428 0.122802 0.387921 92 85 64
0.018927 0.125045 0.387802 82 75 52
0.019613 0.125770 0.388048 79 72 50
0.020019 0.126647 0.388285 74 67 44
0.021049 0.126454 0.388568 88 81 59
0.022065 0.127032 0.388741 95 87 66
0.022825 0.127602 0.388534 92 83 60
0.022569 0.127287 0.389221 95 88 66
0.023301 0.127843 0.389197 89 81 58
0.024276 0.128487 0.389470 76 67 44
0.025108 0.128715 0.389858 69 61 37
0.025877 0.128912 0.390058 76 67 43
0.026673 0.129107 0.390416 82 73 49
0.027411 0.129240 0.390591 85 76 51
0.028352 0.129324 0.390947 82 73 49
0.029169 0.129303 0.391354 80 70 44
0.029949 0.129216 0.391503 70 60 35
0.030999 0.128817 0.391951 53 43 21
0.031702 0.127482 0.392093 66 55 29
0.031700 0.128227 0.392368 63 52 26
0.032403 0.126839 0.392656 63 51 25
0.033618 0.126459 0.393069 53 41 17
0.034770 0.125995 0.393307 54 42 19
0.034978 0.126040 0.393544 56 43 20
0.035471 0.125586 0.393525 63 49 25
0.035936 0.125525 0.393978 66 53 28
0.037109 0.125379 0.394360 67 54 28
0.038182 0.125182 0.394853 61 48 23
0.038814 0.125163 0.394934 58 45 21
0.039688 0.124988 0.395467 62 49 23
0.040960 0.124770 0.395857 72 58 30
0.041740 0.124853 0.395595 74 61 32
0.041764 0.124638 0.396135 75 63 33
0.042296 0.124628 0.396307 76 64 35
0.043482 0.124535 0.396779 76 66 39
0.044348 0.124526 0.397142 76 67 41
0.045067 0.124664 0.397278 75 67 43
0.046152 0.124598 0.397763 73 67 46
0.047292 0.124145 0.398224 64 61 43
0.048129 0.123726 0.398535 56 54 39
0.048713 0.123563 0.398674 58 56 42
0.049464 0.123254 0.399023 65 64 50
0.050633 0.122822 0.399504 66 67 53
0.051978 0.122459 0.400021 68 67 52
0.052806 0.122406 0.400139 72 70 55
0.053324 0.122323 0.400535 74 72 56
0.054357 0.122092 0.400896 78 74 56
0.055502 0.121742 0.401348 85 78 58
0.056486 0.120878 0.401744 89 79 55
0.056999 0.118353 0.402024 89 71 44
0.056852 0.119275 0.401969 90 74 47
0.056825 0.120162 0.401782 89 75 49
0.057315 0.117435 0.402222 86 70 44
0.057423 0.114658 0.402083 75 66 45
0.057782 0.115818 0.402393 79 68 45
0.057741 0.116760 0.402314 82 69 44
0.057008 0.112358 0.402952 76 71 54
0.057533 0.113114 0.402967 75 70 52
0.057970 0.114186 0.402897 77 70 50
0.058148 0.114847 0.402952 79 71 50
-0.001590 0.153221 0.379486 71 43 21
-0.001140 0.154067 0.379613 76 47 23
-0.000527 0.154983 0.379498 83 53 25
-0.004450 0.146204 0.379667 85 51 25
-0.003932 0.147179 0.379527 89 56 30
-0.003463 0.148277 0.379427 91 60 34
-0.003130 0.149487 0.379458 90 61 36
-0.002757 0.150604 0.379421 83 56 33
-0.002326 0.151931 0.379643 76 48 26
-0.001893 0.152933 0.379976 76 47 25
-0.001170 0.154233 0.380175 80 51 27
-0.000496 0.155178 0.380013 84 54 27
0.000204 0.156256 0.380174 93 61 31
0.000887 0.157400 0.380465 99 66 33
0.001601 0.158386 0.380609 101 67 33
0.002367 0.159396 0.380791 99 65 31
0.003064 0.160270 0.381021 99 64 30
0.003918 0.161187 0.381156 99 65 32
0.004562 0.162793 0.381465 100 67 37
0.004826 0.163612 0.381379 96 65 37
0.005418 0.164786 0.381507 92 63 36
0.006238 0.165431 0.381670 93 65 37
-0.006999 0.139127 0.379442 64 37 15
-0.006502 0.139907 0.379377 63 36 13
-0.005952 0.141033 0.379351 61 34 11
-0.005356 0.142200 0.379287 59 32 10
-0.004883 0.143270 0.379236 62 34 12
-0.004550 0.144452 0.379262 70 40 15
-0.004155 0.145682 0.379245 78 46 21
-0.003575 0.146872 0.379073 83 52 26
0.000792 0.153741 0.381281 113 73 38
0.001878 0.155651 0.380861 131 88 46
0.002449 0.156499 0.381039 141 97 52
0.003081 0.157384 0.381272 144 99 53
0.003551 0.158016 0.381561 140 96 51
0.004199 0.161552 0.381661 101 67 34
0.004821 0.162337 0.381512 101 68 37
0.005589 0.163381 0.381746 100 68 39
0.006297 0.164122 0.381826 97 67 40
0.006645 0.165744 0.382093 95 68 41
0.007327 0.166320 0.382542 97 70 44
-0.007878 0.135076 0.379174 58 33 10
-0.007409 0.136120 0.379094 58 33 11
-0.006900 0.137213 0.379007 59 33 12
-0.006472 0.138335 0.378961 59 33 12
-0.006009 0.139477 0.378959 59 33 12
-0.005497 0.140628 0.378923 57 32 10
-0.004900 0.141796 0.378869 55 31 10
-0.004595 0.142600 0.378846 57 31 10
0.003255 0.157388 0.381639 147 102 55
0.003795 0.158168 0.381871 142 97 51
-0.008673 0.131325 0.379305 54 30 9
-0.008249 0.132160 0.379170 54 30 9
-0.007807 0.133299 0.379013 55 30 9
-0.007308 0.134425 0.378813 55 31 9
-0.006823 0.135696 0.378721 56 31 10
-0.006263 0.136817 0.378636 56 32 11
0.007643 0.162453 0.383084 147 103 55
0.008042 0.162967 0.383043 144 100 53
0.008763 0.163485 0.383517 145 100 53
-0.007923 0.130898 0.379429 54 31 10
-0.007328 0.131629 0.379192 53 30 10
-0.007083 0.132746 0.378680 51 28 8
-0.008337 0.126774 0.379792 61 40 16
-0.007911 0.127590 0.379667 60 39 15
-0.007410 0.128754 0.379602 60 38 15
-0.006895 0.129927 0.379551 61 38 16
-0.006539 0.131147 0.379440 60 36 15
-0.006025 0.131855 0.379204 58 35 13
-0.008586 0.124000 0.379702 64 45 20
-0.008252 0.124864 0.379488 63 43 18
-0.007757 0.125965 0.379366 62 41 17
-0.007261 0.127071 0.379320 61 40 16
-0.006726 0.128247 0.379259 61 39 16
-0.006160 0.129460 0.379224 62 40 17
-0.005759 0.130356 0.379223 64 41 18
-0.008200 0.122407 0.380065 65 47 22
-0.007910 0.123274 0.379591 64 45 19
-0.007521 0.124291 0.379189 63 44 18
-0.007243 0.125208 0.379037 64 43 19
-0.007476 0.121798 0.380088 65 48 23
-0.007040 0.122457 0.379567 64 46 21
-0.006721 0.119991 0.380649 59 47 23
-0.006591 0.120950 0.380136 63 47 23
-0.006348 0.121748 0.379639 64 47 22
-0.006106 0.119213 0.380796 57 45 23
-0.005678 0.120094 0.380265 62 49 25
-0.007907 0.114473 0.380773 46 36 20
-0.006955 0.115395 0.381026 51 41 23
-0.005973 0.116345 0.381175 55 46 27
-0.005366 0.117360 0.380926 58 48 28
-0.004992 0.118502 0.380911 58 48 27
-0.004702 0.119288 0.380479 63 52 28
-0.005371 0.116063 0.381379 65 55 34
-0.004797 0.116960 0.381145 64 55 34
-0.004393 0.117906 0.381079 61 52 31
-0.004250 0.115604 0.381839 78 69 47
-0.003714 0.116260 0.381479 74 65 43
-0.003215 0.116871 0.381082 71 62 40
-0.003211 0.114944 0.382324 82 74 54
-0.002665 0.115572 0.381958 79 71 50
-0.002089 0.116193 0.381543 76 68 46
-0.002432 0.114532 0.382703 83 76 56
-0.001614 0.114997 0.382429 82 76 56
-0.000950 0.115611 0.382014 82 75 55
-0.000668 0.114661 0.383009 83 78 58
0.000041 0.115184 0.382647 84 78 59
0.000175 0.114390 0.383549 82 77 57
0.000953 0.114837 0.383276 84 78 58
0.001697 0.115379 0.383019 84 78 59
0.001876 0.114485 0.383961 84 77 57
0.002574 0.115052 0.383571 84 78 58
0.002630 0.114295 0.384473 85 78 58
0.003620 0.114790 0.384292 88 81 61
0.004539 0.115385 0.384065 90 83 63
0.004536 0.114568 0.385031 94 88 69
0.005352 0.115148 0.384784 95 89 70
0.006153 0.115731 0.384599 96 90 70
0.006152 0.114934 0.385522 99 93 74
0.006986 0.115549 0.385243 98 92 72
0.007837 0.116142 0.385126 99 92 70
0.006913 0.114757 0.386140 99 94 75
0.007761 0.115311 0.386035 98 92 73
0.008579 0.116041 0.385725 99 92 71
0.009373 0.116657 0.385661 99 92 71
0.009269 0.115808 0.386556 100 95 75
0.010130 0.116540 0.386435 102 96 76
0.011035 0.117333 0.386332 103 96 76
0.010827 0.116422 0.387213 106 100 81
0.011684 0.117181 0.387161 104 98 79
0.012527 0.118101 0.387096 103 97 78
0.013350 0.119022 0.387138 103 96 77
0.014080 0.119838 0.387125 100 94 74
0.015243 0.122096 0.387582 84 77 56
0.013057 0.117971 0.387885 105 99 80
0.013846 0.118841 0.387906 103 98 79
0.014598 0.119726 0.387867 100 94 75
0.015431 0.120897 0.387993 96 90 70
0.015916 0.121890 0.388077 91 84 64
0.016457 0.122784 0.387905 85 79 57
0.018115 0.125314 0.388578 75 67 44
0.018636 0.126142 0.388614 74 66 43
0.015145 0.119733 0.388724 102 96 77
0.015877 0.120644 0.388653 100 94 75
0.016621 0.121625 0.388696 97 92 71
0.017263 0.122552 0.388654 95 89 68
0.017612 0.123158 0.388480 93 87 66
0.019070 0.126059 0.389239 76 68 46
0.020023 0.126822 0.389270 75 68 46
0.020685 0.127302 0.389349 74 68 45
0.020869 0.126408 0.389781 85 79 58
0.021277 0.126994 0.389938 85 79 57
0.022254 0.127086 0.390224 96 89 69
0.023202 0.127722 0.390457 93 85 64
0.023971 0.128283 0.390547 86 78 57
0.024604 0.128641 0.390946 79 71 49
0.025468 0.128937 0.391227 75 67 45
0.026308 0.129143 0.391539 79 72 48
0.027055 0.129247 0.391742 82 75 52
0.027923 0.129328 0.392065 83 76 52
0.028883 0.129271 0.392580 82 74 50
0.029622 0.129147 0.392670 77 68 44
0.030610 0.128855 0.393093 61 52 28
0.031881 0.127635 0.393112 68 57 31
0.031568 0.128343 0.393443 61 50 26
0.032494 0.127161 0.393594 64 53 28
0.032334 0.127667 0.393932 68 56 31
0.033312 0.126668 0.393904 57 46 21
0.033311 0.126893 0.394478 59 47 24
0.034031 0.126341 0.393981 55 44 19
0.034506 0.126192 0.394653 63 51 26
0.035503 0.125713 0.395115 71 58 32
0.036767 0.125415 0.395530 69 57 30
0.037822 0.125268 0.395991 63 50 23
0.038437 0.125186 0.396187 60 47 22
0.039235 0.125006 0.396488 65 52 26
0.040574 0.124794 0.397006 75 61 31
0.041380 0.124724 0.397019 77 63 33
0.041805 0.124723 0.397481 78 65 34
0.043015 0.124506 0.397873 79 67 37
0.044000 0.124364 0.398281 78 68 41
0.044798 0.124436 0.398412 77 69 44
0.045752 0.124536 0.398903 77 70 48
0.046395 0.124709 0.399359 78 72 51
0.047190 0.124142 0.399108 70 67 50
0.047105 0.124503 0.399643 76 71 53
0.047840 0.123772 0.399395 63 61 46
0.048024 0.123813 0.400038 67 65 50
0.049109 0.123367 0.400228 67 67 53
0.050312 0.122958 0.400602 69 70 57
0.051576 0.122707 0.401128 67 67 54
0.052011 0.122760 0.401757 68 68 55
0.052492 0.122522 0.400950 71 70 56
0.052844 0.122581 0.401623 71 71 57
0.054013 0.122379 0.402063 78 78 63
0.055112 0.121847 0.402492 88 86 67
0.056017 0.120115 0.403423 105 94 72
0.056050 0.120838 0.402860 97 89 67
0.056661 0.118399 0.403192 99 84 60
0.056464 0.119284 0.403115 101 87 63
0.056928 0.116808 0.403586 99 86 62
0.056766 0.117599 0.403363 99 84 60
0.057399 0.116176 0.403742 96 84 62
0.057114 0.116920 0.404035 103 91 69
0.057182 0.112056 0.403510 76 73 57
0.057667 0.112707 0.403534 77 72 56
0.058089 0.114231 0.403875 83 76 57
0.058053 0.115140 0.403923 88 79 59
0.057405 0.111907 0.403873 76 73 57
0.058110 0.112540 0.404222 77 74 58
0.058230 0.113619 0.404346 83 77 59
0.058558 0.111978 0.404891 76 74 60
-0.006845 0.142774 0.380590 85 53 26
-0.006246 0.143937 0.380550 85 52 25
-0.005679 0.145009 0.380444 85 51 23
-0.005120 0.146169 0.380350 90 55 27
-0.004685 0.147444 0.380403 100 64 35
-0.004310 0.148578 0.380437 103 68 39
-0.003869 0.149698 0.380521 103 68 39
-0.003370 0.150860 0.380724 100 67 40
-0.002689 0.152014 0.380751 93 61 37
-0.002021 0.153142 0.380999 88 57 33
-0.001334 0.154084 0.381285 89 57 31
-0.000547 0.155016 0.381418 92 59 32
0.000098 0.156155 0.381525 99 65 36
0.000771 0.157262 0.381764 106 72 39
0.001430 0.158250 0.381903 108 74 40
0.002137 0.159256 0.382079 106 72 38
0.002892 0.160235 0.382181 105 70 36
0.003585 0.160926 0.381947 103 68 34
0.004217 0.162995 0.382850 105 71 40
0.004498 0.163686 0.382618 101 69 40
0.005131 0.164775 0.382806 99 68 41
0.005797 0.165413 0.382907 98 68 41
-0.009183 0.136021 0.380165 61 33 11
-0.008793 0.136797 0.380105 64 35 12
-0.008267 0.137852 0.380011 69 39 16
-0.007720 0.138950 0.379915 71 41 18
-0.007295 0.140049 0.379956 72 42 18
-0.006813 0.141272 0.380043 72 42 18
-0.006318 0.142500 0.380097 73 42 18
-0.005780 0.143572 0.380018 73 42 17
-0.005277 0.144658 0.379932 76 44 18
-0.000212 0.152352 0.381934 128 86 48
0.000231 0.153137 0.381872 111 71 37
0.000798 0.154210 0.382069 109 69 35
0.001420 0.155378 0.382135 121 79 40
0.002114 0.156324 0.382161 136 92 50
0.002821 0.157422 0.382240 138 94 51
0.003380 0.158772 0.382642 124 84 44
0.003359 0.159928 0.383003 113 76 39
0.003829 0.161239 0.382620 107 72 37
0.004735 0.162252 0.382943 109 74 40
0.005210 0.163425 0.383003 104 72 42
0.005946 0.164030 0.383261 104 72 43
0.006299 0.165749 0.383251 100 71 44
0.007141 0.166284 0.383387 101 73 47
-0.010133 0.131924 0.380097 61 35 13
-0.009713 0.132860 0.379939 61 34 12
-0.009206 0.133952 0.379783 59 33 11
-0.008745 0.135176 0.379715 59 33 10
-0.008223 0.136377 0.379618 60 33 11
-0.007682 0.137481 0.379525 62 34 12
-0.007245 0.138429 0.379448 63 36 14
-0.000088 0.152411 0.382404 134 91 52
0.000324 0.153051 0.382437 119 77 41
0.000645 0.153648 0.382588 107 66 33
0.001615 0.155166 0.382714 126 82 42
0.002348 0.156375 0.382715 144 98 53
0.003053 0.157351 0.382596 147 102 55
0.003682 0.158310 0.382767 139 94 50
0.004223 0.159285 0.383108 128 85 42
0.005010 0.160494 0.383419 124 82 41
0.005705 0.161565 0.383512 127 86 45
0.006164 0.162499 0.383649 121 82 43
0.006726 0.163729 0.384050 115 80 45
0.006841 0.164496 0.383859 106 75 47
-0.009850 0.130340 0.380074 57 33 11
-0.009520 0.131256 0.379771 57 32 10
-0.009027 0.132327 0.379526 58 32 10
-0.008575 0.133426 0.379378 58 32 11
0.006404 0.161382 0.383978 146 100 55
0.007169 0.162225 0.383865 147 102 55
0.007932 0.163066 0.383980 146 101 54
0.008642 0.163828 0.384306 141 97 51
-0.009783 0.127469 0.380545 59 37 13
-0.009503 0.128376 0.380494 59 35 12
-0.009198 0.129584 0.380239 58 34 11
-0.008459 0.130510 0.379729 56 32 11
0.009383 0.164130 0.384671 139 95 47
0.009765 0.164433 0.384948 133 90 43
-0.010114 0.124548 0.380426 68 47 21
-0.009703 0.125564 0.380241 64 43 18
-0.009258 0.126699 0.380180 61 39 15
-0.008783 0.127806 0.380110 59 37 14
-0.008242 0.128944 0.379986 60 37 14
-0.007723 0.130143 0.379875 61 37 15
-0.009842 0.122942 0.380608 71 51 25
-0.009411 0.123887 0.380155 67 47 22
-0.008995 0.125066 0.379838 63 43 18
-0.008547 0.126195 0.379793 61 40 16
-0.009514 0.121304 0.380988 69 51 24
-0.009064 0.122207 0.380497 68 49 23
-0.008657 0.123081 0.380006 66 47 21
-0.008639 0.120567 0.381080 63 48 23
-0.008141 0.121352 0.380531 65 48 23
-0.010487 0.114407 0.381057 37 28 13
-0.009937 0.115337 0.381098 38 29 12
-0.009339 0.116337 0.381382 39 30 12
-0.008782 0.117064 0.381605 38 30 13
-0.008087 0.118999 0.381524 49 38 17
-0.007671 0.119848 0.381084 57 45 21
-0.007414 0.120642 0.380604 62 48 24
-0.010159 0.113271 0.381100 31 22 11
-0.009629 0.113747 0.381022 39 28 14
-0.008954 0.114760 0.380765 42 31 15
-0.008408 0.115984 0.381072 40 30 14
-0.007820 0.117042 0.381447 38 30 13
-0.007196 0.118180 0.381531 43 34 15
-0.006810 0.119018 0.381053 52 41 20
-0.008668 0.113365 0.381588 62 51 34
-0.007941 0.114107 0.381217 59 46 28
-0.007191 0.115303 0.381045 50 40 23
-0.006619 0.116477 0.381272 48 38 22
-0.006058 0.117553 0.381538 46 37 20
-0.005614 0.118222 0.381484 49 40 21
-0.007854 0.113113 0.382094 83 71 51
-0.007082 0.113601 0.381964 79 67 45
-0.006182 0.114584 0.381677 69 58 37
-0.005611 0.115570 0.381597 64 55 34
-0.005480 0.116930 0.381531 52 44 26
-0.006254 0.113395 0.382500 83 73 52
-0.005407 0.114143 0.382545 80 71 51
-0.004669 0.115073 0.382190 78 70 49
-0.004335 0.113941 0.383292 82 76 56
-0.003687 0.114495 0.382808 82 75 55
-0.003469 0.113573 0.383776 84 79 59
-0.002653 0.113998 0.383411 83 78 58
-0.001717 0.114317 0.383064 84 78 58
-0.001672 0.113578 0.384029 84 78 58
-0.000959 0.114103 0.383562 83 78 58
-0.000775 0.113256 0.384649 84 78 58
-0.000017 0.113772 0.384252 83 77 57
0.000874 0.114198 0.384017 82 76 57
0.000831 0.113423 0.385013 85 78 57
0.001572 0.113947 0.384579 84 77 57
0.001671 0.113271 0.385601 87 80 60
0.002560 0.113704 0.385336 87 81 61
0.003454 0.114128 0.385058 90 84 64
0.003527 0.113400 0.386123 93 87 68
0.004319 0.113973 0.385706 95 89 71
0.005181 0.114474 0.385569 97 92 73
0.005180 0.113700 0.386458 96 92 73
0.006065 0.114394 0.386081 98 93 74
0.006028 0.113556 0.387118 94 90 71
0.006842 0.114132 0.386904 96 91 73
0.007687 0.114757 0.386620 96 91 73
0.007561 0.113978 0.387652 100 96 78
0.008451 0.114593 0.387478 101 97 79
0.009350 0.115342 0.387259 103 98 80
0.010091 0.115827 0.387264 107 101 83
0.009185 0.114526 0.388231 104 100 82
0.009986 0.115113 0.388184 104 100 82
0.010835 0.115929 0.387964 105 100 82
0.011711 0.116671 0.387923 104 99 81
0.011377 0.115752 0.388840 103 98 80
0.012301 0.116643 0.388753 104 99 81
0.013129 0.117580 0.388645 105 100 81
0.013950 0.118442 0.388677 103 98 80
0.014649 0.119176 0.388698 103 98 79
0.015475 0.121163 0.388872 94 89 70
0.015617 0.121468 0.388983 92 86 67
0.013607 0.117418 0.389582 106 102 84
0.014387 0.118316 0.389528 105 101 83
0.015166 0.119215 0.389559 104 99 81
0.015996 0.120323 0.389591 101 96 78
0.016511 0.121414 0.389772 96 92 73
0.016956 0.122006 0.390112 93 88 69
0.019357 0.125824 0.390455 78 71 50
0.019756 0.126382 0.390188 78 71 49
0.015741 0.119409 0.390367 102 98 81
0.016267 0.120027 0.390447 100 96 79
0.016985 0.121164 0.390304 97 93 75
0.017319 0.121806 0.390293 96 91 73
0.019628 0.125726 0.390806 79 73 52
0.020471 0.126434 0.390918 80 74 53
0.021122 0.127115 0.391081 80 74 53
0.020956 0.126134 0.391590 87 81 63
0.021719 0.126918 0.391443 92 86 67
0.022875 0.127629 0.391741 97 91 72
0.023350 0.127970 0.392356 98 92 72
0.024136 0.128489 0.392158 91 84 64
0.025081 0.129015 0.392391 80 73 52
0.025948 0.129165 0.392849 77 71 49
0.026796 0.129286 0.392697 77 71 49
0.027432 0.129258 0.393282 80 74 52
0.028536 0.129179 0.393723 83 76 54
0.029321 0.129120 0.393975 82 74 52
0.030159 0.129064 0.394324 74 66 44
0.031324 0.128765 0.394741 59 49 27
0.032362 0.128128 0.395155 68 57 33
0.033430 0.126544 0.395036 59 48 25
0.033186 0.127383 0.395563 65 53 29
0.034151 0.126667 0.395959 66 54 30
0.035209 0.125923 0.396348 74 62 35
0.036295 0.125507 0.396790 72 59 31
0.037397 0.125321 0.397130 67 55 26
0.037949 0.125305 0.397430 67 54 26
0.038785 0.125127 0.397722 72 58 29
0.040150 0.124978 0.398211 77 63 33
0.040978 0.124819 0.398154 79 65 34
0.041316 0.124882 0.398663 80 66 35
0.042495 0.124615 0.399091 82 67 36
0.043746 0.124387 0.399565 81 69 40
0.044141 0.124384 0.400020 81 70 41
0.045230 0.124405 0.400074 80 71 46
0.046235 0.124746 0.399813 79 73 50
0.045949 0.124553 0.400747 81 73 49
0.046839 0.124820 0.400650 80 74 52
0.047774 0.124367 0.401145 77 74 57
0.048861 0.123762 0.401461 74 73 58
0.050079 0.123355 0.401900 74 74 61
0.050521 0.123427 0.402747 72 73 59
0.051098 0.123017 0.401984 68 69 56
0.051409 0.123123 0.402614 68 68 55
0.052541 0.122942 0.402876 69 69 56
0.053726 0.122738 0.403218 79 79 65
0.053830 0.122988 0.403869 79 79 66
0.054853 0.122053 0.403642 90 89 73
0.054535 0.122575 0.404167 86 85 71
0.055810 0.120247 0.404111 110 102 83
0.055560 0.121006 0.404139 104 99 81
0.056114 0.118539 0.404593 114 105 86
0.056017 0.119425 0.404321 113 104 85
0.056431 0.116821 0.404791 111 102 83
0.056309 0.117720 0.404583 112 102 83
0.057046 0.116252 0.404948 108 99 80
0.058012 0.114483 0.405555 97 90 72
0.057694 0.115158 0.405232 101 93 74
0.057818 0.111575 0.405277 79 76 62
0.058016 0.112465 0.405476 84 80 65
0.058003 0.113739 0.405497 92 86 69
0.058273 0.114431 0.405505 94 88 70
0.057818 0.111440 0.405968 84 82 68
0.058151 0.111887 0.405672 82 79 66
-0.009488 0.138738 0.381186 96 60 30
-0.009061 0.139626 0.381205 97 61 30
-0.008550 0.140626 0.381210 97 62 31
-0.007891 0.141837 0.381174 98 62 33
-0.007344 0.142943 0.381175 97 63 33
-0.006833 0.144041 0.381221 98 63 34
-0.006368 0.145205 0.381366 99 63 34
-0.005862 0.146404 0.381410 100 63 33
-0.005347 0.147663 0.381558 105 68 35
-0.004837 0.148719 0.381732 110 72 38
-0.004305 0.149802 0.381921 113 75 41
-0.003729 0.150888 0.382033 111 75 43
-0.002994 0.151992 0.382244 109 73 43
-0.002156 0.153033 0.382339 103 68 39
-0.001321 0.153978 0.382622 98 63 34
-0.000645 0.154861 0.382813 97 62 32
0.000053 0.155999 0.382923 102 66 35
0.000699 0.157026 0.382949 109 74 40
0.001418 0.158208 0.382905 112 77 43
0.002049 0.159155 0.383061 111 76 42
0.003835 0.162941 0.383807 109 76 45
0.004062 0.163699 0.383924 107 75 45
0.004789 0.164672 0.384023 105 74 46
-0.010927 0.133690 0.380967 60 33 10
-0.010506 0.134536 0.380839 61 33 10
-0.009960 0.135746 0.380716 67 37 13
-0.009570 0.137015 0.380735 77 45 19
-0.009171 0.138179 0.380747 85 51 24
-0.008683 0.139280 0.380731 87 53 25
-0.008159 0.140361 0.380730 88 54 26
-0.007527 0.141524 0.380692 88 55 28
-0.000963 0.151430 0.382908 144 98 54
-0.000595 0.152140 0.382904 138 94 53
-0.000276 0.153328 0.383109 118 77 41
0.000353 0.154229 0.383163 105 65 32
0.001068 0.155452 0.383345 115 74 38
0.001223 0.156985 0.383405 118 79 43
0.001497 0.158084 0.383503 115 79 43
0.002600 0.158954 0.383689 119 81 44
0.003244 0.159811 0.383870 116 78 40
0.003821 0.160906 0.383916 112 75 39
0.004509 0.162131 0.384084 114 78 44
0.004947 0.163276 0.384177 111 78 47
0.005697 0.164153 0.384461 109 78 49
0.006048 0.165573 0.384454 105 75 47
0.006773 0.166114 0.384643 107 77 50
-0.011137 0.130943 0.380886 64 37 13
-0.010742 0.131922 0.380761 63 36 13
-0.010339 0.132998 0.380842 63 36 13
-0.009832 0.133986 0.380828 63 36 13
-0.009590 0.135030 0.380283 60 33 10
-0.000341 0.152313 0.383141 139 95 54
0.000152 0.153006 0.383246 130 86 48
0.000850 0.154029 0.383432 113 70 35
0.001477 0.155129 0.383518 120 77 39
0.002068 0.156238 0.383792 137 92 49
0.002873 0.157318 0.383876 149 103 56
0.003459 0.158333 0.383825 141 96 52
0.004088 0.159380 0.384216 130 87 45
0.004777 0.160429 0.384323 124 82 41
0.005334 0.161631 0.384510 124 84 44
0.005974 0.162692 0.384682 123 84 46
0.006572 0.163682 0.384850 120 84 48
0.007189 0.164466 0.385226 118 84 50
-0.011321 0.128225 0.381222 56 33 9
-0.011123 0.129074 0.380999 58 34 11
-0.010695 0.130163 0.380687 61 35 12
-0.010284 0.131634 0.380993 64 37 13
-0.009775 0.132418 0.380865 64 37 14
0.005413 0.160447 0.384946 135 88 44
0.006045 0.161308 0.384891 141 95 51
0.006780 0.162166 0.385077 146 101 55
0.007518 0.163160 0.385223 143 99 52
0.008168 0.164239 0.385435 132 92 48
0.008729 0.164967 0.385690 122 84 45
-0.011340 0.125437 0.381402 72 48 22
-0.011065 0.126306 0.381215 65 42 16
-0.010673 0.127398 0.381063 60 37 12
-0.010252 0.128469 0.380899 59 35 11
-0.009909 0.129347 0.380692 59 35 11
0.008965 0.164030 0.385724 148 103 50
0.009930 0.164681 0.385935 137 93 45
0.010576 0.165264 0.386226 132 89 43
-0.011212 0.123511 0.381271 76 53 25
-0.010934 0.124642 0.381026 72 49 23
-0.010619 0.125810 0.380879 67 44 18
-0.010158 0.126711 0.380660 61 38 14
0.010525 0.164898 0.386450 134 91 44
0.011035 0.165580 0.386538 131 87 42
0.011737 0.166228 0.386881 131 87 43
0.012500 0.166743 0.387294 133 90 44
-0.010873 0.121840 0.381496 76 55 27
-0.010634 0.122781 0.381103 75 53 26
-0.010464 0.120394 0.381996 68 50 23
-0.010152 0.121070 0.381434 70 52 25
-0.009717 0.121825 0.380977 71 52 25
-0.011721 0.115112 0.381904 55 45 27
-0.011319 0.115887 0.381880 52 43 24
-0.010789 0.116900 0.382078 51 41 21
-0.009975 0.118694 0.382177 48 37 16
-0.009652 0.119536 0.381955 56 42 19
-0.009287 0.120262 0.381515 62 47 22
-0.011338 0.113668 0.381807 39 32 21
-0.011207 0.114404 0.381549 43 35 20
-0.010720 0.115619 0.381530 43 34 16
-0.009942 0.116769 0.381804 42 33 14
-0.009275 0.117792 0.382158 40 33 14
-0.008791 0.118758 0.381931 47 37 16
-0.010507 0.113069 0.382177 48 39 25
-0.010219 0.113474 0.381640 40 31 18
-0.008369 0.117691 0.381902 39 31 12
-0.008102 0.118180 0.381874 41 33 13
-0.009761 0.112797 0.382512 71 62 44
-0.009070 0.112800 0.382468 78 67 49
-0.008019 0.112731 0.382946 87 74 51
-0.007256 0.113019 0.382650 91 78 55
-0.006542 0.113115 0.383475 82 71 49
-0.005593 0.113604 0.383403 80 72 51
-0.005460 0.113016 0.384314 85 77 54
-0.004805 0.113365 0.383933 84 77 56
-0.004557 0.112616 0.384726 90 84 63
-0.003676 0.112895 0.384487 87 82 61
-0.002679 0.113365 0.384153 86 81 60
-0.002711 0.112574 0.385026 87 81 60
-0.002018 0.112990 0.384670 85 79 59
-0.001834 0.112220 0.385661 86 80 58
-0.001095 0.112705 0.385288 86 79 58
-0.000176 0.112426 0.385910 88 80 59
0.000612 0.112845 0.385638 87 80 58
0.000683 0.112213 0.386545 92 84 62
0.001571 0.112627 0.386340 91 84 62
0.002529 0.113057 0.386176 91 84 64
0.002587 0.112336 0.387077 95 89 68
0.003292 0.112858 0.386710 94 89 69
0.003258 0.112124 0.387589 96 91 71
0.004161 0.112558 0.387410 94 90 71
0.004949 0.113074 0.387157 94 90 72
0.004968 0.112449 0.388058 92 89 70
0.005802 0.112934 0.387790 93 90 72
0.006718 0.113549 0.387742 97 93 75
0.006636 0.112774 0.388504 100 96 79
0.007554 0.113388 0.388409 102 99 81
0.008398 0.113944 0.388356 104 101 83
0.008280 0.113287 0.389119 102 98 80
0.009161 0.113944 0.389031 102 98 81
0.010014 0.114644 0.388940 102 98 80
0.009809 0.113985 0.389768 103 100 82
0.010584 0.114602 0.389682 104 100 82
0.011443 0.115309 0.389643 105 101 83
0.012269 0.116069 0.389513 105 101 83
0.011895 0.115298 0.390348 108 104 87
0.012815 0.116133 0.390303 108 105 87
0.013724 0.116986 0.390411 108 104 86
0.014577 0.117932 0.390383 106 102 84
0.015279 0.119032 0.390299 105 101 83
0.016697 0.121630 0.390823 87 82 64
0.016972 0.122057 0.390801 87 83 65
0.014141 0.117038 0.391112 107 103 86
0.014849 0.117830 0.391079 104 100 83
0.015574 0.118775 0.391095 100 97 79
0.016353 0.119802 0.391288 96 93 75
0.017083 0.121034 0.391346 93 89 71
0.017627 0.121984 0.391551 91 87 69
0.018334 0.122883 0.391735 88 84 66
0.019127 0.123996 0.391880 86 81 63
0.019479 0.124698 0.391828 84 80 60
0.020744 0.126413 0.391895 82 76 58
0.020785 0.126786 0.391965 81 75 54
0.016817 0.119766 0.392032 94 89 72
0.017377 0.120721 0.392135 92 88 71
0.018059 0.121745 0.392308 92 88 70
0.018754 0.122767 0.392402 91 87 69
0.019318 0.123718 0.392393 89 85 67
0.020166 0.124846 0.392496 90 85 68
0.020968 0.125938 0.392520 92 87 69
0.021695 0.126802 0.392668 95 90 71
0.022484 0.127476 0.392897 101 96 78
0.022065 0.126669 0.393468 103 98 80
0.022852 0.127716 0.393371 102 96 78
0.023827 0.128493 0.393455 99 93 74
0.024655 0.128974 0.393716 96 90 70
0.025511 0.129169 0.394006 89 83 63
0.026051 0.129316 0.394355 86 81 60
0.026934 0.129271 0.394546 82 77 56
0.028106 0.129213 0.395019 86 81 61
0.028879 0.129211 0.395242 89 83 63
0.029712 0.129198 0.395605 89 83 63
0.030916 0.129037 0.395930 75 67 47
0.031175 0.129193 0.396467 82 73 54
0.031952 0.128508 0.396231 72 61 40
0.031900 0.128743 0.396808 79 69 49
0.033067 0.127904 0.396441 75 62 39
0.033020 0.128128 0.397076 80 69 47
0.034085 0.127089 0.397024 72 59 34
0.034067 0.127585 0.397523 74 62 36
0.035081 0.126433 0.397601 76 64 36
0.034697 0.127155 0.398008 78 65 38
0.035966 0.125859 0.398068 73 61 31
0.035568 0.126404 0.398397 76 64 35
0.036889 0.125544 0.398243 73 60 30
0.037311 0.125507 0.398772 76 63 33
0.038452 0.125356 0.399014 78 64 34
0.039678 0.125177 0.399399 80 65 34
0.040130 0.125160 0.399866 81 66 34
0.040973 0.125005 0.399941 82 67 35
0.042196 0.124818 0.400423 83 68 37
0.043202 0.124646 0.400677 83 69 38
0.043715 0.124594 0.401114 83 70 39
0.044749 0.124461 0.401312 82 71 42
0.045682 0.124517 0.401702 82 72 46
0.046497 0.124802 0.401917 82 73 48
0.047597 0.124682 0.402360 80 75 54
0.047999 0.124864 0.403028 81 76 54
0.048552 0.124224 0.402706 77 75 58
0.048982 0.124259 0.403340 75 73 56
0.049572 0.123775 0.402731 74 73 59
0.049932 0.123881 0.403351 71 71 56
0.051142 0.123623 0.403742 67 68 55
0.051669 0.124026 0.404495 66 67 54
0.052262 0.123374 0.403962 67 68 55
0.052477 0.123754 0.404454 67 68 56
0.053074 0.123193 0.404206 72 73 61
0.053644 0.123512 0.404613 74 74 62
0.054926 0.122137 0.404693 94 92 77
0.054752 0.122970 0.405044 86 85 72
0.055334 0.121218 0.405352 110 106 92
0.055139 0.122313 0.405470 98 95 81
0.055890 0.118544 0.405284 121 115 98
0.055713 0.119478 0.405614 123 119 103
0.055520 0.120413 0.405817 121 118 103
0.056028 0.116885 0.405854 120 115 99
0.055929 0.117843 0.405852 122 117 101
0.055825 0.118720 0.406177 125 122 107
0.056483 0.116238 0.406159 118 112 98
0.057422 0.114545 0.406908 109 103 89
0.057194 0.115265 0.406414 112 106 91
0.057664 0.112686 0.406791 94 90 76
0.057647 0.113795 0.406816 102 97 82
0.057875 0.111444 0.406726 87 85 72
0.057822 0.111930 0.406958 91 88 74
-0.011175 0.136595 0.381952 95 60 29
-0.010662 0.137551 0.381793 97 61 29
-0.010158 0.138608 0.381765 101 65 32
-0.009648 0.139736 0.381814 103 67 34
-0.009230 0.140864 0.381966 106 70 36
-0.008634 0.141996 0.382043 107 71 38
-0.008022 0.143210 0.382179 108 72 39
-0.007444 0.144270 0.382247 109 72 40
-0.006928 0.145352 0.382491 108 70 38
-0.006235 0.146446 0.382614 103 65 33
-0.005512 0.147623 0.382793 100 61 28
-0.004969 0.148642 0.382953 104 64 30
-0.004360 0.149695 0.383092 110 70 34
-0.003680 0.150743 0.383218 115 75 39
-0.002967 0.151745 0.383444 117 78 42
-0.002210 0.152788 0.383562 115 77 42
-0.001517 0.153798 0.383617 105 69 36
-0.000863 0.154680 0.383566 97 62 31
0.004021 0.163923 0.384827 108 77 47
0.004418 0.164454 0.384874 107 77 48
-0.011969 0.132636 0.381806 62 35 12
-0.011573 0.133615 0.381571 64 36 13
-0.011279 0.134843 0.381567 75 45 18
-0.010892 0.136084 0.381559 87 53 25
-0.010344 0.137194 0.381402 92 57 28
-0.009843 0.138094 0.381242 96 60 30
-0.000956 0.152545 0.383929 135 91 51
-0.000728 0.153420 0.384109 123 82 44
-0.000286 0.154497 0.384287 108 69 34
0.000261 0.155647 0.384325 105 67 33
0.000691 0.156890 0.384407 109 72 38
0.001299 0.157981 0.384635 115 78 43
0.002172 0.158958 0.384869 119 81 44
0.002937 0.159652 0.384958 119 81 43
0.003619 0.160330 0.384783 117 78 40
0.004489 0.161766 0.384922 117 80 44
0.004485 0.163606 0.385444 116 82 49
0.005056 0.164352 0.385576 114 82 51
0.005635 0.165439 0.385363 108 78 50
-0.012342 0.129689 0.381797 65 38 13
-0.011818 0.130927 0.381763 66 38 14
-0.011329 0.132007 0.381671 66 38 14
-0.010914 0.133139 0.381739 67 39 15
-0.010475 0.134071 0.381595 66 38 14
-0.000646 0.152254 0.384086 144 98 55
-0.000203 0.153042 0.384500 140 95 54
0.000567 0.154035 0.384641 127 84 45
0.001218 0.155193 0.384797 121 78 39
0.001852 0.156293 0.384972 128 85 44
0.002362 0.157078 0.385142 138 94 51
0.003170 0.158498 0.385223 136 93 50
0.003668 0.159433 0.385318 129 87 46
0.004351 0.160362 0.385512 124 82 41
0.005078 0.161590 0.385287 124 84 45
0.005523 0.162747 0.385451 122 85 47
0.006052 0.164176 0.385774 120 86 51
0.006663 0.164845 0.386022 122 87 51
-0.012405 0.127248 0.382077 58 35 10
-0.012184 0.128158 0.381736 60 36 11
-0.011831 0.129149 0.381444 62 37 12
-0.011118 0.130830 0.381588 65 38 14
-0.010862 0.131280 0.381529 66 39 14
0.005176 0.160504 0.385625 132 85 42
0.005659 0.161356 0.386162 133 89 47
0.006416 0.162150 0.386035 142 97 53
0.007275 0.163104 0.386372 144 100 52
0.007915 0.164280 0.386492 134 94 49
0.008544 0.165250 0.386735 123 86 48
0.008922 0.165960 0.387196 122 85 50
-0.012436 0.124464 0.382298 81 55 26
-0.012115 0.125293 0.382045 75 50 22
-0.011872 0.126422 0.381844 66 42 16
-0.011515 0.127439 0.381620 61 37 12
0.007788 0.163077 0.386891 157 109 56
0.008594 0.163844 0.386827 153 107 53
0.009389 0.164874 0.387113 140 96 50
0.009723 0.165638 0.387023 128 87 46
-0.012260 0.122432 0.382215 83 59 28
-0.012076 0.123622 0.381973 81 56 27
-0.011718 0.124742 0.381677 76 52 24
0.010110 0.164912 0.387517 146 100 52
0.010773 0.165468 0.387612 137 92 46
0.011771 0.166341 0.387833 131 88 43
0.012478 0.166799 0.388036 134 90 44
-0.011919 0.120858 0.382556 81 59 28
-0.011690 0.121689 0.382036 80 58 27
0.012983 0.166980 0.388508 137 93 46
0.013548 0.167356 0.388844 141 97 49
-0.012504 0.116727 0.382848 63 52 31
-0.012104 0.117970 0.382851 64 50 26
-0.011493 0.118961 0.382899 61 46 21
-0.011147 0.120084 0.382525 70 52 24
-0.011008 0.120921 0.382082 75 55 26
0.014170 0.167313 0.389174 146 101 52
-0.012743 0.114180 0.382695 62 55 43
-0.012511 0.115100 0.382424 63 54 37
-0.012096 0.116259 0.382464 61 51 31
-0.011348 0.117367 0.382708 53 44 24
-0.010711 0.118457 0.382711 49 38 18
-0.010500 0.119370 0.382423 58 43 19
-0.012167 0.113501 0.382624 49 43 32
-0.012004 0.114382 0.382109 55 47 33
-0.009955 0.118006 0.382505 43 36 17
-0.011159 0.112705 0.383130 61 52 39
-0.009891 0.112381 0.383601 82 70 51
-0.009227 0.112080 0.384048 80 67 44
-0.008361 0.112374 0.384065 81 68 44
-0.007459 0.112530 0.384686 84 71 46
-0.006835 0.112777 0.384445 83 71 46
-0.006755 0.112285 0.385236 89 77 52
-0.005807 0.112472 0.385016 89 80 56
-0.004655 0.112090 0.385540 91 85 63
-0.003966 0.112281 0.385199 89 84 63
-0.003776 0.111745 0.386164 89 83 62
-0.003172 0.111959 0.385794 88 82 60
-0.002145 0.111739 0.386419 88 80 58
-0.001096 0.111612 0.387018 93 83 60
-0.000478 0.111906 0.386680 92 83 60
-0.000512 0.111421 0.387703 96 86 62
0.000524 0.111646 0.387370 95 86 63
0.001523 0.111991 0.387215 95 88 66
0.001574 0.111417 0.388085 94 87 66
0.002221 0.111802 0.387750 95 89 68
0.003151 0.111643 0.388435 93 88 69
0.003979 0.112014 0.388247 93 89 70
0.003885 0.111534 0.389072 95 91 72
0.004757 0.111901 0.388870 96 93 75
0.005688 0.112313 0.388710 99 95 77
0.005603 0.111736 0.389505 102 99 82
0.006531 0.112203 0.389381 101 98 80
0.007287 0.112286 0.390041 99 96 78
0.008211 0.112855 0.390024 101 97 80
0.009074 0.113432 0.389857 103 99 81
0.008775 0.112965 0.390699 105 101 84
0.009640 0.113502 0.390612 106 103 86
0.010550 0.114119 0.390526 107 104 86
0.010329 0.113598 0.391401 109 106 88
0.011064 0.114160 0.391222 109 106 88
0.011948 0.114887 0.391264 109 107 89
0.012777 0.115612 0.391210 110 107 89
0.012498 0.114925 0.391998 111 108 91
0.013310 0.115740 0.391879 111 108 90
0.014180 0.116596 0.392003 108 105 88
0.014972 0.117492 0.391976 105 101 84
0.015762 0.118384 0.392007 100 96 79
0.016273 0.119074 0.392127 98 94 77
0.018052 0.122199 0.392565 92 89 71
0.018140 0.122426 0.392582 92 88 70
0.014727 0.116765 0.392743 110 108 90
0.015380 0.117408 0.392751 108 104 87
0.016074 0.118287 0.392746 105 101 83
0.016874 0.119358 0.392852 103 99 81
0.017698 0.120371 0.393024 103 99 81
0.018307 0.121450 0.393062 101 97 79
0.018870 0.122499 0.393242 98 94 76
0.019580 0.123441 0.393408 98 94 76
0.020297 0.124545 0.393395 97 94 75
0.021107 0.125677 0.393614 99 94 76
0.021524 0.126386 0.393795 93 89 70
0.022391 0.127673 0.393751 86 81 62
0.018200 0.120571 0.393758 112 108 89
0.018692 0.121175 0.393832 111 106 88
0.019339 0.122171 0.393897 110 105 87
0.019967 0.123232 0.394065 108 103 85
0.020661 0.124305 0.394022 108 103 85
0.021356 0.125408 0.394179 107 102 84
0.022062 0.126469 0.394281 108 103 85
0.022758 0.127431 0.394307 106 101 82
0.023670 0.128282 0.394666 106 101 82
0.024365 0.128975 0.394523 103 97 78
0.024127 0.128619 0.395235 110 104 85
0.024916 0.129245 0.395124 101 95 76
0.025678 0.129579 0.395433 93 88 68
0.026693 0.129558 0.395733 88 82 63
0.027690 0.129435 0.396008 86 80 62
0.028294 0.129479 0.396404 88 81 63
0.029383 0.129448 0.396705 92 86 67
0.030297 0.129378 0.396771 95 88 69
0.030846 0.129436 0.397308 97 89 68
0.031963 0.129095 0.397689 95 85 64
0.032834 0.128560 0.398042 94 83 61
0.033983 0.128014 0.398508 86 74 49
0.034987 0.126694 0.398424 79 66 39
0.034910 0.127202 0.398854 82 69 42
0.035741 0.126119 0.398740 75 63 34
0.035813 0.126418 0.399288 78 66 37
0.036835 0.125935 0.399725 80 67 37
0.038114 0.125611 0.400131 83 69 38
0.039097 0.125448 0.400333 83 68 38
0.039597 0.125438 0.400803 84 70 38
0.040665 0.125284 0.401095 84 69 37
0.041865 0.125072 0.401529 85 70 38
0.042272 0.125138 0.402079 85 71 39
0.042694 0.124931 0.401468 84 70 38
0.043127 0.124908 0.402082 85 70 39
0.044413 0.124705 0.402471 84 71 41
0.045328 0.124688 0.402804 83 72 43
0.046013 0.124744 0.403054 83 72 44
0.047124 0.124837 0.403435 81 73 47
0.047709 0.124963 0.403496 81 74 49
0.047999 0.124556 0.403507 79 73 51
0.048383 0.124606 0.404005 77 71 49
0.049717 0.124367 0.404455 70 67 50
0.050786 0.124149 0.404516 67 66 52
0.051170 0.124499 0.405138 67 66 50
0.052392 0.124408 0.405497 68 68 54
0.052672 0.124726 0.406017 69 69 54
0.053518 0.124113 0.405613 72 72 59
0.053725 0.124313 0.406141 72 71 59
0.054757 0.123525 0.405803 83 82 70
0.054683 0.123819 0.406368 80 79 67
0.055315 0.121408 0.406535 113 111 98
0.055337 0.122456 0.406601 103 101 87
0.055393 0.123340 0.406786 94 92 79
0.055651 0.119572 0.406745 127 125 112
0.055528 0.120637 0.406873 123 120 108
0.055834 0.117900 0.407086 126 124 110
0.055768 0.118906 0.407157 128 127 113
0.056139 0.116341 0.407272 122 119 106
0.055957 0.117184 0.407445 124 122 110
0.057184 0.114574 0.407656 111 106 93
0.056857 0.115311 0.407581 116 112 99
0.057302 0.112803 0.408042 98 94 81
0.057281 0.113830 0.407849 106 101 88
0.057690 0.111951 0.408188 92 89 76
-0.012292 0.135401 0.382730 86 53 25
-0.011843 0.136561 0.382611 89 55 24
-0.011421 0.137829 0.382645 89 55 25
-0.011014 0.139026 0.382672 89 55 24
-0.010576 0.140096 0.382755 90 56 24
-0.010067 0.141115 0.382857 94 59 26
-0.009256 0.142313 0.383074 100 65 30
-0.008480 0.143365 0.383357 105 68 33
-0.007764 0.144306 0.383496 108 70 34
-0.007081 0.145260 0.383691 109 70 35
-0.006361 0.146372 0.383868 108 68 35
-0.005659 0.147432 0.383902 104 65 31
-0.004976 0.148475 0.383993 101 62 27
-0.004320 0.149479 0.384022 107 67 31
-0.003776 0.150386 0.384087 115 74 37
-0.002969 0.151587 0.384243 122 81 43
-0.002517 0.152378 0.384354 121 81 44
0.004116 0.164609 0.385949 112 85 58
-0.013420 0.130788 0.382862 63 37 13
-0.013054 0.131558 0.382696 63 37 13
-0.012648 0.132606 0.382522 66 39 15
-0.012396 0.133933 0.382479 77 47 21
-0.012008 0.135029 0.382324 86 54 26
-0.011608 0.135757 0.382115 91 57 28
-0.006090 0.146501 0.384532 113 73 38
-0.005453 0.147389 0.384589 115 75 39
-0.004731 0.148417 0.384654 112 72 35
-0.004148 0.149333 0.384755 110 69 32
-0.003572 0.150488 0.384682 115 74 37
-0.002942 0.151581 0.384837 121 81 42
-0.002286 0.152692 0.384913 121 81 44
-0.001579 0.153715 0.385157 117 78 42
-0.000759 0.154586 0.385293 111 72 37
-0.000054 0.155684 0.385582 104 66 32
0.000669 0.156867 0.385663 108 70 35
0.001267 0.157853 0.385904 116 78 42
0.001893 0.158822 0.386120 120 82 44
0.002555 0.159686 0.386123 121 82 45
0.004403 0.163735 0.386309 121 86 53
0.004861 0.164257 0.386629 123 89 55
0.005463 0.165086 0.386711 122 90 56
-0.013689 0.127901 0.383027 72 43 18
-0.013312 0.128750 0.382624 69 41 16
-0.013066 0.129866 0.382566 68 40 15
-0.012551 0.131043 0.382594 67 40 15
-0.011928 0.132080 0.382401 68 40 16
-0.011604 0.132950 0.382341 69 41 17
-0.000676 0.152344 0.385039 148 100 56
-0.000340 0.153144 0.385562 145 99 55
0.000121 0.154036 0.385745 136 93 51
0.000909 0.155128 0.385888 126 83 44
0.001663 0.156144 0.386164 126 82 42
0.002249 0.157063 0.386354 136 91 49
0.002800 0.158488 0.386426 133 91 49
0.003284 0.159397 0.386536 129 88 47
0.004037 0.160112 0.386343 126 84 43
0.005422 0.164234 0.386921 128 92 55
0.006273 0.165168 0.387017 126 91 54
0.006904 0.165679 0.387114 121 86 50
-0.013443 0.126201 0.383065 67 41 14
-0.013293 0.127186 0.382652 65 39 13
-0.013042 0.128059 0.382416 65 39 14
0.003887 0.159281 0.387014 139 94 51
0.004595 0.160210 0.387035 132 88 44
0.005328 0.161175 0.387199 131 86 44
0.006103 0.162188 0.387407 138 94 50
0.006976 0.163046 0.387580 145 100 54
0.007763 0.164108 0.387520 139 98 52
0.008390 0.165140 0.387573 128 91 52
-0.013546 0.123327 0.383287 90 63 31
-0.013172 0.124241 0.382964 85 58 28
-0.012965 0.125461 0.382780 75 49 21
-0.012654 0.126390 0.382494 66 41 15
0.007416 0.162977 0.387934 156 108 59
0.008260 0.163809 0.388139 153 106 57
0.009033 0.164602 0.388025 146 102 55
-0.013230 0.121476 0.383200 90 65 31
-0.013135 0.122588 0.382942 89 63 30
-0.012860 0.123521 0.382621 87 60 29
0.009752 0.164680 0.388534 152 106 56
0.010772 0.165379 0.388838 146 101 52
0.011436 0.166146 0.388927 137 92 46
-0.013224 0.118932 0.383853 87 65 34
-0.012917 0.119843 0.383461 87 64 31
-0.012702 0.120709 0.383047 86 63 30
0.011246 0.165376 0.389263 149 103 53
0.011875 0.166132 0.389402 141 96 48
0.012877 0.166814 0.389490 140 95 47
0.013715 0.167223 0.389302 144 99 50
-0.013652 0.115723 0.383509 72 62 43
-0.013162 0.116805 0.383415 70 58 36
-0.012617 0.118044 0.383484 69 53 30
-0.012224 0.119209 0.383489 72 54 26
-0.011944 0.119932 0.383095 77 57 27
0.013601 0.166905 0.390172 147 101 51
0.014250 0.167138 0.390050 149 103 53
-0.013468 0.114232 0.383483 68 61 48
-0.013321 0.115248 0.383114 70 60 43
-0.011876 0.117851 0.383476 54 45 25
-0.011587 0.118361 0.383400 55 43 22
0.015364 0.167150 0.390878 155 108 58
-0.012785 0.112810 0.384173 54 48 38
-0.012815 0.113193 0.383599 55 49 39
-0.011970 0.112292 0.384411 65 59 46
-0.011583 0.112362 0.383944 66 58 45
-0.011252 0.111950 0.384781 77 68 51
-0.010537 0.111895 0.384657 78 67 47
-0.009508 0.112012 0.385068 80 67 44
-0.008708 0.112230 0.385190 83 69 44
-0.007938 0.112105 0.385621 89 75 50
-0.006775 0.111866 0.386142 92 82 57
-0.006064 0.111972 0.385887 92 83 59
-0.005978 0.111552 0.386802 92 83 60
-0.005250 0.111639 0.386553 92 84 62
-0.004122 0.111401 0.387046 89 82 60
-0.003222 0.111294 0.387518 89 80 58
-0.002578 0.111334 0.387478 90 81 58
-0.001593 0.111246 0.387960 94 84 59
-0.000431 0.111034 0.388538 97 86 61
0.000214 0.111157 0.388243 96 86 63
0.000418 0.110624 0.389216 89 79 56
0.001126 0.110902 0.388907 89 81 59
0.002106 0.110795 0.389500 80 74 54
0.002892 0.111138 0.389302 89 84 65
0.002873 0.110607 0.390154 85 80 62
0.003737 0.110993 0.389948 94 90 73
0.004657 0.111334 0.389673 101 97 80
0.004619 0.110852 0.390573 99 96 79
0.005504 0.111251 0.390438 99 95 79
0.006405 0.111716 0.390236 99 96 79
0.006176 0.111264 0.391130 88 84 68
0.007097 0.111842 0.391054 95 92 75
0.007965 0.112401 0.390952 101 98 81
0.007769 0.112025 0.391757 97 94 77
0.008589 0.112583 0.391628 104 101 84
0.009467 0.113048 0.391616 108 104 87
0.010083 0.113172 0.392220 108 105 88
0.011039 0.113720 0.392253 110 107 90
0.011813 0.114368 0.392090 111 108 91
0.011535 0.113826 0.392882 113 110 93
0.012361 0.114506 0.392851 115 112 95
0.013309 0.115306 0.392913 114 111 94
0.014105 0.116162 0.392806 112 109 92
0.013735 0.115412 0.393586 115 113 96
0.014549 0.116248 0.393503 114 111 94
0.015438 0.117062 0.393778 115 112 94
0.016216 0.117989 0.393842 114 111 93
0.017005 0.118962 0.393795 113 109 90
0.017612 0.119782 0.393774 112 108 90
0.016453 0.118042 0.394539 118 114 96
0.017233 0.119027 0.394465 117 113 94
0.017993 0.120037 0.394493 116 111 93
0.018684 0.120990 0.394725 117 112 93
0.019370 0.121980 0.394897 117 112 94
0.019954 0.123006 0.394953 116 111 92
0.020755 0.124108 0.395287 118 112 93
0.021496 0.125145 0.395348 117 111 92
0.022162 0.126086 0.395380 116 110 91
0.022889 0.127130 0.395374 115 109 90
0.021682 0.125293 0.395996 121 115 96
0.022337 0.126229 0.396038 120 113 94
0.022986 0.127139 0.396098 121 114 95
0.023774 0.128182 0.396018 119 112 93
0.024765 0.129140 0.396342 114 108 88
0.025382 0.129616 0.396544 109 103 82
0.025371 0.129239 0.396821 104 98 78
0.026211 0.129727 0.396865 91 86 66
0.026807 0.130062 0.397432 86 81 61
0.027230 0.129740 0.396687 86 80 61
0.027828 0.129901 0.397405 86 80 61
0.029018 0.129718 0.397831 90 82 62
0.029416 0.129967 0.398381 91 83 62
0.030356 0.129710 0.398389 98 89 68
0.031696 0.129531 0.398856 107 96 75
0.032622 0.129034 0.399162 106 95 73
0.032960 0.129108 0.399898 111 99 77
0.033872 0.128441 0.399365 98 86 63
0.033859 0.128718 0.400005 105 93 69
0.034940 0.127698 0.399898 91 78 52
0.034842 0.128138 0.400478 99 86 61
0.035834 0.127034 0.400285 87 74 46
0.035673 0.127581 0.400909 96 83 56
0.036702 0.126463 0.400846 88 75 47
0.036745 0.126905 0.401327 93 80 52
0.037802 0.125934 0.401103 88 74 45
0.038039 0.126308 0.401774 91 78 49
0.038737 0.125665 0.401272 87 74 43
0.039152 0.125745 0.401894 90 76 45
0.040350 0.125639 0.402294 89 75 43
0.041397 0.125412 0.402531 88 74 41
0.041824 0.125427 0.402994 90 75 42
0.042796 0.125226 0.403181 89 74 41
0.044078 0.125045 0.403578 88 73 42
0.044575 0.125131 0.404239 89 74 43
0.044903 0.124839 0.403441 85 72 43
0.045494 0.124973 0.404175 86 73 43
0.046748 0.124905 0.404585 83 72 44
0.047126 0.124932 0.405274 85 73 45
0.047467 0.124749 0.404895 81 71 45
0.047994 0.124745 0.405128 79 70 44
0.049226 0.124719 0.405481 73 67 44
0.049967 0.124823 0.405808 71 66 44
0.050824 0.124883 0.406093 69 65 45
0.052028 0.124782 0.406589 68 66 49
0.052619 0.124765 0.406717 68 67 51
0.053360 0.124557 0.407003 70 68 53
0.054437 0.124192 0.407488 77 74 60
0.055480 0.122322 0.407751 110 108 95
0.055538 0.123537 0.407945 96 93 80
0.055636 0.119873 0.407677 129 128 116
0.055630 0.120693 0.408030 126 124 112
0.055525 0.121890 0.408275 117 115 103
0.055791 0.122880 0.408562 112 108 96
0.055711 0.118154 0.408323 129 129 117
0.055645 0.119095 0.408263 130 130 118
0.055671 0.120065 0.408546 130 129 117
0.055967 0.116386 0.408479 125 124 112
0.055890 0.117344 0.408528 127 126 114
0.056902 0.114690 0.408613 116 112 100
0.056565 0.115364 0.408897 121 118 106
0.057005 0.112890 0.409045 104 99 87
0.056906 0.113915 0.409134 112 108 96
0.056902 0.114945 0.409368 118 115 103
0.057416 0.112141 0.409411 99 94 82
-0.012897 0.137356 0.383772 84 51 25
-0.012409 0.138190 0.383829 82 50 23
-0.013787 0.133499 0.383771 83 51 24
-0.013518 0.134513 0.383590 85 52 24
-0.013182 0.135621 0.383430 83 50 22
-0.012785 0.136858 0.383395 80 47 20
-0.012208 0.138149 0.383487 78 45 18
-0.011667 0.139165 0.383666 77 45 18
-0.011037 0.140190 0.383777 76 44 16
-0.010406 0.141225 0.384082 77 44 16
-0.009596 0.142260 0.384255 79 46 16
-0.008726 0.143234 0.384604 85 50 19
-0.007935 0.144132 0.384603 96 59 25
-0.007292 0.144890 0.384464 106 67 31
-0.006384 0.146141 0.384652 113 73 37
-0.014548 0.129555 0.383834 66 39 13
-0.014165 0.130467 0.383618 64 37 12
-0.013797 0.131659 0.383470 66 39 14
-0.013507 0.132916 0.383408 75 46 20
-0.013130 0.133867 0.383218 82 50 23
-0.008966 0.142213 0.385231 81 47 21
-0.008397 0.142919 0.385128 80 46 16
-0.007544 0.144114 0.385321 94 57 23
-0.006936 0.144972 0.385154 107 68 31
-0.006159 0.146067 0.385218 117 77 39
-0.005475 0.147135 0.385471 123 82 43
-0.004784 0.148175 0.385652 124 83 43
-0.004061 0.149243 0.385789 121 79 40
-0.003528 0.150201 0.386013 116 74 36
-0.002960 0.151411 0.386137 116 75 37
-0.002283 0.152562 0.386261 122 82 44
-0.001632 0.153577 0.386461 123 83 46
-0.000900 0.154567 0.386660 120 81 44
-0.000145 0.155511 0.386683 113 74 38
0.000653 0.156737 0.386697 108 69 34
0.001197 0.157634 0.386790 115 76 39
0.001853 0.158737 0.386831 121 82 45
0.002386 0.159672 0.386940 121 83 45
0.004769 0.164047 0.387528 129 94 57
-0.014720 0.126846 0.383888 78 48 21
-0.014411 0.127704 0.383586 76 47 20
-0.014173 0.128943 0.383411 72 43 17
-0.013726 0.130050 0.383251 68 41 16
-0.013093 0.130607 0.383266 71 43 18
-0.000635 0.152753 0.386315 149 102 55
0.000159 0.153994 0.386790 148 102 56
0.000704 0.155144 0.387080 137 93 51
0.001105 0.156246 0.387150 123 81 41
0.001296 0.157722 0.387377 116 77 40
0.002284 0.158622 0.387438 127 86 47
0.002980 0.159303 0.387669 129 88 48
0.004934 0.163942 0.387578 131 94 57
-0.014372 0.125263 0.384047 75 45 17
-0.014227 0.126092 0.383649 72 44 17
-0.014040 0.126989 0.383244 73 44 18
0.001803 0.156034 0.386968 135 89 45
0.003155 0.158476 0.387653 141 96 52
0.003560 0.159120 0.388002 139 95 51
0.004322 0.160058 0.388234 136 92 48
0.005373 0.161156 0.388389 134 88 45
0.005995 0.162093 0.388617 138 93 49
0.006655 0.162863 0.388561 145 100 55
0.007316 0.163622 0.388466 144 101 56
-0.014107 0.123200 0.384020 92 64 31
-0.014004 0.124387 0.383815 84 56 25
-0.013690 0.125302 0.383459 77 49 20
0.006412 0.162136 0.388860 145 98 52
0.007127 0.162901 0.388984 154 105 59
0.007949 0.163613 0.389030 155 107 59
-0.014079 0.120539 0.384302 99 72 35
-0.014021 0.121564 0.384033 97 69 34
-0.013938 0.122502 0.383792 94 67 33
0.008661 0.163845 0.389778 159 111 60
0.009485 0.164448 0.389756 157 110 58
0.010444 0.164962 0.389875 155 109 57
-0.014239 0.117733 0.384639 88 66 36
-0.013845 0.118645 0.384418 93 68 36
-0.013769 0.119788 0.384123 97 71 35
0.011072 0.165151 0.390373 155 108 56
0.011888 0.165841 0.390388 150 103 54
0.012583 0.166485 0.390446 146 100 51
-0.014433 0.114980 0.384428 80 68 49
-0.014286 0.115861 0.384285 80 65 43
-0.014044 0.117098 0.384298 83 64 37
-0.013172 0.118281 0.384174 76 57 30
-0.012771 0.118944 0.384165 75 56 27
0.012540 0.165663 0.391141 156 108 59
0.013377 0.166400 0.391156 153 106 56
0.014152 0.166914 0.390956 153 106 56
-0.014075 0.114075 0.384500 71 65 52
0.014147 0.166434 0.391780 156 108 59
0.015025 0.166812 0.391583 156 109 59
0.016016 0.167324 0.391383 157 110 59
-0.013299 0.112968 0.384880 57 52 44
-0.013636 0.113355 0.384657 62 58 49
0.015932 0.166806 0.392142 157 110 59
0.016519 0.166984 0.392307 157 110 60
-0.012258 0.112260 0.385265 69 61 49
0.017031 0.166972 0.392827 158 111 59
-0.011527 0.111916 0.385701 82 72 55
-0.010799 0.111860 0.385828 87 75 54
-0.009716 0.111947 0.386209 87 73 49
-0.009030 0.111823 0.386744 91 76 51
-0.008329 0.111748 0.386716 93 79 54
-0.007216 0.111543 0.387166 93 83 58
-0.006033 0.111285 0.387695 90 81 58
-0.005331 0.111312 0.387430 90 82 60
-0.005400 0.111109 0.388253 87 78 56
-0.004695 0.111112 0.388130 86 77 55
-0.003522 0.111032 0.388574 86 76 52
-0.002575 0.111078 0.388381 92 81 56
-0.002590 0.110734 0.389186 88 77 52
-0.002037 0.110881 0.388877 93 81 56
-0.001901 0.110456 0.389698 90 78 53
-0.001036 0.110526 0.389514 91 79 55
0.000234 0.110274 0.389997 75 66 42
0.000937 0.110461 0.389700 75 66 45
0.001012 0.110128 0.390612 61 53 33
0.001720 0.110250 0.390389 66 58 39
0.002749 0.110164 0.390939 76 70 54
0.003606 0.110448 0.390769 92 87 71
0.003475 0.110026 0.391585 79 73 58
0.004413 0.110362 0.391483 83 78 63
0.005373 0.110771 0.391320 82 77 62
0.005188 0.110373 0.392150 61 57 42
0.006036 0.110822 0.392056 70 66 51
0.006926 0.111407 0.391965 83 80 64
0.006649 0.110911 0.392774 74 71 56
0.007499 0.111570 0.392622 90 88 73
0.008482 0.112242 0.392754 102 99 84
0.009049 0.112402 0.393297 104 102 87
0.009962 0.112787 0.393267 108 106 90
0.010875 0.113310 0.393124 113 110 94
0.010573 0.112972 0.393855 111 109 93
0.011399 0.113513 0.393852 114 111 95
0.012313 0.114155 0.393880 115 112 96
0.013045 0.114799 0.393813 116 114 97
0.012729 0.114266 0.394491 115 113 96
0.013653 0.115054 0.394536 116 114 96
0.014609 0.115950 0.394750 118 115 97
0.015348 0.116731 0.394716 118 115 97
0.014945 0.116118 0.395400 120 116 98
0.015611 0.116885 0.395301 120 116 98
0.016360 0.117776 0.395364 120 116 98
0.017200 0.118761 0.395600 121 116 97
0.018017 0.119819 0.395811 121 116 97
0.018722 0.120788 0.395901 122 115 97
0.019425 0.121810 0.395920 122 116 97
0.020061 0.122749 0.395950 122 115 97
0.020594 0.123598 0.396035 122 115 97
0.021537 0.125581 0.396428 123 116 97
0.021669 0.125795 0.396470 123 116 97
0.018890 0.121006 0.396490 124 118 99
0.019416 0.121841 0.396555 124 117 99
0.020042 0.122822 0.396668 123 117 99
0.020838 0.123977 0.396664 123 117 98
0.021541 0.124989 0.396708 123 116 97
0.022194 0.126005 0.396897 123 116 97
0.022882 0.127032 0.397188 124 117 97
0.023578 0.128130 0.397282 124 116 97
0.024331 0.129125 0.397489 124 116 97
0.024827 0.129529 0.397886 124 117 97
0.025075 0.129170 0.397815 115 108 88
0.025868 0.129569 0.397719 100 94 74
0.026746 0.130200 0.397939 85 81 61
0.026485 0.129638 0.398583 86 81 60
0.027437 0.130260 0.398477 87 81 60
0.028067 0.130682 0.399008 89 82 61
0.028491 0.130120 0.398517 90 82 61
0.029003 0.130433 0.399196 93 85 63
0.030103 0.130190 0.399514 98 89 67
0.030595 0.130606 0.400167 102 92 69
0.031334 0.129836 0.399521 108 97 76
0.031547 0.130188 0.400165 110 99 78
0.032118 0.129370 0.399777 113 101 80
0.032526 0.129762 0.400446 116 105 84
0.033726 0.129274 0.400957 116 104 80
0.034880 0.128604 0.401360 109 97 72
0.035778 0.127986 0.401760 106 92 67
0.037008 0.126575 0.401741 97 83 55
0.036774 0.127337 0.402121 103 89 62
0.037856 0.126767 0.402540 99 86 57
0.038970 0.126398 0.403016 99 85 55
0.039132 0.126784 0.403550 103 89 59
0.040041 0.126055 0.403189 97 83 52
0.040310 0.126301 0.403829 102 88 56
0.040939 0.125679 0.403231 95 80 47
0.041468 0.125909 0.404024 99 84 51
0.042531 0.125648 0.404420 97 81 48
0.043543 0.125372 0.404469 93 77 45
0.044052 0.125451 0.405046 94 78 46
0.045188 0.125293 0.405333 91 76 45
0.046213 0.125151 0.405632 89 74 45
0.046724 0.125158 0.406042 89 74 45
0.047697 0.125004 0.406216 86 73 44
0.048830 0.124944 0.406674 84 71 43
0.049551 0.124920 0.406933 81 69 43
0.050407 0.124932 0.407276 79 68 42
0.051562 0.124872 0.407731 74 65 43
0.052174 0.124815 0.407864 71 64 43
0.052959 0.124755 0.408264 69 64 45
0.054155 0.124487 0.408655 72 67 50
0.055338 0.124000 0.409083 89 84 68
0.055672 0.120860 0.409039 129 128 116
0.055635 0.121832 0.409334 123 121 109
0.055895 0.123169 0.409467 111 107 94
0.055947 0.123812 0.409844 102 97 82
0.055651 0.118169 0.409084 131 131 120
0.055661 0.119072 0.409440 134 134 123
0.055657 0.120230 0.409598 134 133 122
0.055828 0.116522 0.409504 128 127 116
0.055737 0.117402 0.409699 131 130 120
0.055728 0.118469 0.409960 135 135 125
0.056338 0.115642 0.410083 122 119 107
0.056696 0.112988 0.410223 108 102 90
0.056663 0.113906 0.410265 111 106 94
0.056748 0.115069 0.410185 116 112 100
0.057098 0.112428 0.410595 106 100 88
0.057863 0.112111 0.410503 105 100 87
-0.015260 0.134236 0.384666 89 55 24
-0.014785 0.135032 0.384563 89 56 26
-0.014165 0.136036 0.384489 90 57 28
-0.013527 0.137100 0.384649 89 57 28
-0.012862 0.138122 0.384779 88 56 28
-0.015006 0.132394 0.384876 87 55 26
-0.014629 0.133590 0.384579 88 55 26
-0.014087 0.134500 0.384623 89 56 28
-0.014003 0.135453 0.383883 87 54 25
-0.013473 0.136532 0.384004 87 54 27
-0.012643 0.138407 0.384805 88 56 29
-0.012129 0.139166 0.384959 87 55 29
-0.011355 0.140230 0.385191 87 55 29
-0.010526 0.141155 0.385553 86 54 28
-0.009700 0.142001 0.385554 86 53 26
-0.008785 0.143113 0.385328 83 49 19
-0.008179 0.143693 0.385450 87 52 20
-0.015631 0.128484 0.384791 65 36 12
-0.015229 0.129431 0.384520 64 36 12
-0.014976 0.130626 0.384495 69 41 16
-0.014651 0.131962 0.384562 80 50 23
-0.014181 0.133127 0.384884 85 54 26
-0.013692 0.134066 0.385014 88 56 28
-0.009918 0.140969 0.386026 90 57 28
-0.009239 0.141944 0.385905 93 59 30
-0.008441 0.142903 0.385931 94 59 29
-0.007646 0.143806 0.386167 100 64 31
-0.006905 0.144827 0.386487 107 70 34
-0.006188 0.145867 0.386640 117 77 39
-0.005473 0.147021 0.386874 124 84 44
-0.004872 0.148048 0.386962 127 86 46
-0.004244 0.149057 0.387000 127 85 45
-0.003616 0.150032 0.387091 123 81 42
-0.002887 0.151225 0.387179 116 75 36
-0.002228 0.152378 0.387279 120 79 40
-0.001619 0.153392 0.387360 125 85 46
-0.001059 0.154259 0.387356 126 86 49
-0.015977 0.125809 0.384922 79 49 19
-0.015562 0.126798 0.384571 77 47 19
-0.015323 0.127897 0.384403 72 43 17
-0.014901 0.128780 0.384134 69 41 15
-0.005396 0.146983 0.387444 126 85 44
-0.004857 0.147952 0.387661 129 87 47
-0.004186 0.149065 0.387734 129 87 48
-0.003566 0.150054 0.387852 127 86 46
-0.002851 0.151191 0.387898 121 80 41
-0.002195 0.152198 0.388034 120 79 39
-0.001524 0.153291 0.388091 125 84 44
-0.000822 0.154295 0.388166 129 87 48
-0.000075 0.155343 0.388283 127 86 48
0.000647 0.156458 0.388495 122 82 44
0.001263 0.157465 0.388609 120 80 42
0.001983 0.158535 0.388751 125 85 47
0.002738 0.159367 0.389029 129 88 50
0.003087 0.160073 0.389544 129 89 51
-0.015179 0.125076 0.384824 80 50 20
-0.015027 0.125994 0.384296 78 48 20
0.002620 0.158486 0.389502 136 93 51
0.003206 0.159296 0.389159 134 92 50
0.003955 0.160164 0.389470 135 92 51
0.005074 0.161117 0.389569 136 91 48
0.005736 0.161957 0.389481 133 89 47
-0.014959 0.122443 0.385429 93 63 29
-0.014861 0.123325 0.385043 90 61 27
-0.014731 0.124246 0.384662 85 55 23
0.005239 0.161191 0.390316 140 94 50
0.006028 0.161998 0.390053 139 94 49
0.006890 0.162645 0.390236 150 103 56
0.007734 0.163268 0.390029 157 109 60
-0.014708 0.120497 0.385343 104 74 37
-0.014719 0.121717 0.385144 98 68 32
0.007431 0.162742 0.390948 156 107 58
0.008295 0.163509 0.390805 160 111 60
0.009377 0.164244 0.391064 159 111 58
0.010136 0.164721 0.390834 158 111 58
-0.014545 0.117790 0.385461 98 73 41
-0.014537 0.118835 0.385460 105 77 42
-0.014495 0.119794 0.385153 105 76 39
0.009878 0.164414 0.391722 159 111 58
0.010790 0.164885 0.391572 157 110 57
0.011682 0.165266 0.391479 157 109 58
-0.014995 0.114903 0.385545 71 58 40
-0.014826 0.116026 0.385555 79 62 37
-0.014691 0.117110 0.385557 91 69 39
0.011424 0.165000 0.392374 158 110 58
0.012379 0.165327 0.392116 158 110 59
0.013388 0.165931 0.391921 157 109 59
-0.014532 0.114071 0.385743 66 59 47
0.013106 0.165313 0.392821 159 111 59
0.013927 0.165865 0.392570 158 110 59
0.014638 0.166393 0.392612 158 110 60
-0.013481 0.112946 0.386043 60 55 48
-0.013968 0.113377 0.386230 65 60 53
0.014714 0.165705 0.393396 159 110 59
0.015537 0.166309 0.393272 159 110 59
0.016541 0.166714 0.393031 159 111 60
-0.012765 0.112464 0.386538 67 60 48
-0.012480 0.112398 0.387162 72 63 47
0.016423 0.166218 0.393866 159 111 59
0.017272 0.166563 0.393790 158 111 59
-0.011846 0.112015 0.386424 81 72 54
-0.011377 0.112027 0.387082 86 74 52
0.018157 0.166554 0.394446 158 110 59
0.018892 0.166652 0.394956 159 111 59
-0.010246 0.111960 0.387464 91 76 51
0.018958 0.166341 0.395088 159 111 59
0.019022 0.166558 0.395123 159 111 59
-0.009259 0.111771 0.387835 92 78 53
-0.008601 0.111632 0.387984 92 80 55
-0.007785 0.111393 0.388393 90 80 55
-0.006549 0.111162 0.388844 86 76 54
-0.005691 0.111055 0.389206 79 70 49
-0.005040 0.110989 0.389367 73 64 42
-0.004109 0.110828 0.389808 68 57 36
-0.002923 0.110501 0.390208 77 65 41
-0.001948 0.110176 0.390738 75 64 39
-0.001280 0.110124 0.390633 76 65 40
-0.000406 0.109963 0.391152 70 59 35
0.000788 0.109797 0.391650 78 70 50
0.001556 0.109890 0.391379 72 65 46
0.001474 0.109614 0.392298 88 81 63
0.002245 0.109754 0.392046 73 67 51
0.003295 0.109744 0.392636 68 63 48
0.004170 0.109941 0.392589 63 59 44
0.004968 0.109990 0.393196 68 64 48
0.005889 0.110394 0.392981 62 58 43
0.005625 0.109969 0.393925 73 68 53
0.006451 0.110460 0.393750 72 68 54
0.007432 0.111186 0.393708 87 83 69
0.008202 0.111861 0.393536 97 94 80
0.007890 0.111295 0.394443 91 88 73
0.008849 0.112011 0.394389 101 98 84
0.009665 0.112480 0.394345 107 105 90
0.009423 0.112184 0.395245 105 102 87
0.010257 0.112674 0.394960 109 106 91
0.011205 0.113162 0.394986 111 109 93
0.011700 0.113342 0.395582 114 111 95
0.012593 0.113941 0.395621 117 115 97
0.013562 0.114732 0.395798 119 116 99
0.014250 0.115374 0.395501 120 117 99
0.013950 0.115041 0.396433 121 118 100
0.014689 0.115752 0.396284 121 118 100
0.015535 0.116683 0.396513 122 117 99
0.016335 0.117593 0.396734 122 117 99
0.017121 0.118549 0.396769 123 117 99
0.017858 0.119528 0.396576 123 117 99
0.017237 0.118820 0.397433 124 118 100
0.017911 0.119693 0.397336 124 119 100
0.018614 0.120729 0.397376 124 118 100
0.019257 0.121681 0.397502 125 118 100
0.019924 0.122727 0.397675 125 118 100
0.020648 0.123819 0.397956 125 119 100
0.021242 0.124890 0.398125 125 119 100
0.021926 0.126021 0.398182 125 118 99
0.022549 0.127000 0.398422 125 118 99
0.023364 0.128101 0.398558 125 118 98
0.024073 0.129029 0.398877 125 118 98
0.024373 0.129676 0.399385 126 118 98
0.024528 0.129108 0.398856 124 117 97
0.024867 0.129544 0.399096 124 116 96
0.027412 0.130251 0.399427 88 82 61
0.028023 0.130728 0.399678 89 83 61
0.028798 0.130924 0.400177 93 86 63
0.029339 0.131204 0.400695 96 88 65
0.029751 0.130766 0.400109 99 90 67
0.030309 0.131171 0.400948 103 93 69
0.030771 0.131739 0.401657 105 95 71
0.031385 0.130892 0.401126 110 99 76
0.031837 0.131477 0.401769 111 101 77
0.032735 0.130315 0.401323 121 110 88
0.032756 0.131071 0.401986 119 108 86
0.032562 0.131968 0.402338 114 103 80
0.033663 0.129818 0.401699 123 111 88
0.033768 0.130333 0.402440 128 116 92
0.034826 0.129138 0.402110 120 107 82
0.034863 0.129623 0.402813 128 114 88
0.035855 0.128430 0.402540 116 103 77
0.035815 0.129022 0.403248 128 114 88
0.036636 0.127956 0.402889 114 100 74
0.036763 0.128413 0.403640 124 110 84
0.037774 0.127379 0.403271 109 94 67
0.037879 0.127780 0.404027 118 103 77
0.039043 0.126369 0.403789 106 92 62
0.039021 0.127265 0.404417 112 98 69
0.040095 0.126941 0.404728 110 95 65
0.040478 0.127242 0.405535 116 100 71
0.041368 0.126461 0.404936 107 92 59
0.041359 0.126805 0.405620 112 97 65
0.042356 0.128712 0.405853 105 93 64
0.042837 0.129011 0.406045 100 91 65
0.042269 0.126000 0.405067 103 87 54
0.042499 0.126371 0.405886 107 91 58
0.043747 0.128783 0.406498 103 93 66
0.044159 0.129627 0.406690 101 92 67
0.043654 0.125979 0.406200 101 85 52
0.044233 0.128496 0.406789 103 93 66
0.044868 0.125675 0.406577 97 80 48
0.045250 0.125780 0.407299 97 81 49
0.045820 0.125407 0.406376 93 77 46
0.046206 0.125524 0.407135 94 77 46
0.047383 0.125275 0.407546 91 76 45
0.048295 0.125192 0.407798 90 75 44
0.048961 0.125122 0.408215 90 75 45
0.050002 0.125001 0.408492 89 74 44
0.051182 0.124907 0.408947 87 72 44
0.051712 0.124852 0.409135 85 71 44
0.052499 0.124728 0.409431 82 69 44
0.053706 0.124585 0.409899 78 68 45
0.054813 0.124315 0.410077 79 72 52
0.055137 0.124249 0.410648 84 76 56
0.055692 0.122013 0.410526 128 125 114
0.055976 0.123124 0.410739 117 113 100
0.055802 0.123892 0.411080 99 92 75
0.054795 0.118372 0.411123 136 136 128
0.055056 0.119192 0.410847 136 137 129
0.055448 0.120324 0.410764 137 137 127
0.055656 0.121376 0.411107 134 132 122
0.055961 0.122467 0.411430 129 125 114
0.055533 0.117700 0.410971 135 134 125
0.055715 0.118419 0.411073 138 138 128
0.055784 0.115707 0.411222 121 117 105
0.056001 0.117033 0.411430 133 131 120
0.056074 0.117816 0.411787 138 137 127
0.056429 0.113991 0.411571 104 97 86
0.056373 0.114922 0.411452 109 104 92
0.056935 0.112661 0.411436 107 100 88
0.056876 0.113048 0.412067 104 97 85
0.057525 0.112812 0.412359 110 103 90
-0.016089 0.133339 0.385454 87 55 24
-0.015752 0.134059 0.385441 85 53 24
-0.015225 0.135072 0.385555 84 53 25
-0.014612 0.136082 0.385620 87 55 26
-0.013949 0.137128 0.385730 88 57 27
-0.013240 0.138152 0.385718 87 56 26
-0.015433 0.132563 0.385439 90 57 27
-0.015260 0.133543 0.385528 89 57 27
-0.014413 0.134557 0.385802 90 58 29
-0.013696 0.137633 0.386330 88 57 28
-0.013134 0.138373 0.386179 88 57 27
-0.012367 0.139298 0.386356 86 55 25
-0.011475 0.140095 0.386561 86 55 25
-0.010690 0.140825 0.386520 86 55 25
-0.016538 0.127529 0.385621 67 37 13
-0.016245 0.128341 0.385572 68 39 14
-0.015969 0.129635 0.385580 77 46 21
-0.015665 0.130861 0.385681 86 54 26
-0.015067 0.131956 0.385749 88 56 28
-0.014496 0.133154 0.385911 90 58 29
-0.014131 0.134115 0.385937 92 60 30
-0.010832 0.140260 0.386931 92 60 27
-0.010296 0.140876 0.386938 90 58 26
-0.009500 0.141867 0.387092 93 60 28
-0.008701 0.142835 0.387366 98 63 31
-0.007847 0.143827 0.387588 105 69 35
-0.007076 0.144765 0.387764 113 75 40
-0.006351 0.145665 0.387631 118 78 41
-0.005493 0.147063 0.387587 125 84 44
-0.016861 0.124784 0.385962 81 51 20
-0.016638 0.125686 0.385573 77 47 17
-0.016500 0.126964 0.385502 70 40 14
-0.016082 0.127821 0.385182 67 38 13
-0.006911 0.145018 0.388312 114 77 41
-0.006253 0.145855 0.388247 121 81 43
-0.005524 0.146859 0.388252 126 85 45
-0.004848 0.147857 0.388392 130 88 48
-0.004213 0.148857 0.388577 132 90 49
-0.003556 0.149887 0.388739 133 91 50
-0.002843 0.150998 0.388967 132 90 50
-0.002122 0.152080 0.389165 130 88 48
-0.001463 0.153101 0.389325 130 89 48
-0.000789 0.154059 0.389529 133 91 50
-0.000034 0.155170 0.389530 133 91 51
0.000658 0.156274 0.389673 133 91 51
0.001304 0.157276 0.389707 128 87 47
0.001886 0.158187 0.389672 128 87 48
0.002430 0.159065 0.389739 131 90 51
-0.016254 0.124349 0.386038 84 53 21
-0.015938 0.124762 0.385756 85 54 22
-0.000479 0.154373 0.390111 138 95 53
0.000095 0.155227 0.390231 137 94 53
0.000684 0.156199 0.390332 136 94 53
0.001388 0.157245 0.390334 133 91 51
0.002056 0.158258 0.390371 132 90 51
0.002788 0.159267 0.390547 135 94 54
0.003742 0.160113 0.390693 139 96 55
0.004474 0.160856 0.390968 139 97 55
-0.015576 0.122373 0.386363 91 59 25
-0.015583 0.123353 0.386104 88 57 23
0.004212 0.159969 0.391115 149 103 56
0.004911 0.160936 0.391178 145 100 55
0.005823 0.161858 0.391404 142 98 54
0.006636 0.162634 0.391524 145 100 55
-0.015313 0.120516 0.386454 108 76 39
-0.015354 0.121613 0.386241 98 67 31
0.006638 0.161799 0.392181 158 109 57
0.007146 0.162492 0.391883 154 106 56
0.008207 0.163254 0.392065 159 110 59
0.009122 0.163900 0.392063 161 113 59
-0.014827 0.117929 0.386385 111 83 48
-0.015053 0.118840 0.386665 116 85 48
0.008874 0.163495 0.392710 162 113 60
0.009672 0.164029 0.392679 162 113 59
0.010530 0.164500 0.392720 161 113 58
-0.015069 0.115064 0.386419 68 53 34
-0.014910 0.115990 0.386783 83 63 37
-0.014867 0.117188 0.386876 105 79 46
0.011186 0.164633 0.393285 162 113 59
0.012054 0.165019 0.393236 160 112 59
-0.014873 0.114329 0.387023 65 53 39
-0.014874 0.115467 0.387342 80 61 38
0.012902 0.165049 0.393804 159 111 58
0.013774 0.165299 0.393625 158 109 58
-0.013919 0.113006 0.387481 64 59 52
-0.014366 0.113471 0.387336 67 60 50
0.013622 0.164898 0.394370 157 109 57
0.014476 0.165226 0.394287 157 108 57
0.015301 0.165847 0.394106 158 110 59
-0.013413 0.112679 0.387746 64 57 46
-0.012814 0.112522 0.387772 69 60 46
0.015350 0.165182 0.394960 155 107 56
0.016219 0.165710 0.394898 157 108 58
0.017048 0.166126 0.394670 158 110 59
-0.011912 0.112256 0.388252 83 71 50
0.017054 0.165604 0.395516 156 108 58
0.017911 0.166072 0.395319 158 110 58
-0.010617 0.112043 0.388677 91 77 52
0.018767 0.165923 0.396023 158 110 59
0.019443 0.166248 0.395752 159 112 59
-0.009610 0.111728 0.389163 90 77 52
-0.008929 0.111609 0.388867 90 78 53
0.019595 0.165776 0.396589 159 112 60
0.020169 0.166073 0.396649 160 113 61
-0.008282 0.111392 0.389588 88 77 53
-0.007007 0.111111 0.390088 79 69 46
-0.005957 0.110927 0.390611 64 54 33
-0.005299 0.110918 0.390382 59 49 29
-0.005278 0.110627 0.391290 65 55 35
-0.004663 0.110642 0.390988 61 50 29
-0.003577 0.110322 0.391409 68 57 34
-0.002351 0.109986 0.391919 76 65 40
-0.001413 0.109681 0.392553 87 76 51
-0.000846 0.109707 0.392273 83 73 49
0.000168 0.109491 0.392817 89 81 60
0.001350 0.109396 0.393300 91 84 66
0.002076 0.109476 0.393151 88 83 66
0.002873 0.109437 0.393791 88 83 66
0.003834 0.109468 0.394296 90 86 69
0.004598 0.109587 0.394351 88 84 68
0.005435 0.109729 0.394763 81 77 61
0.006285 0.110051 0.394906 77 74 58
0.006895 0.110298 0.395362 81 77 62
0.007804 0.110909 0.395490 88 84 69
0.008709 0.111654 0.395439 98 95 80
0.008436 0.111179 0.396235 96 93 77
0.009094 0.111810 0.396038 101 98 83
0.010105 0.112445 0.396190 109 106 90
0.010996 0.112856 0.396030 113 110 94
0.010598 0.112718 0.396873 117 114 98
0.011409 0.113101 0.396660 117 114 98
0.012487 0.113782 0.396925 121 118 101
0.013194 0.114348 0.396580 121 118 101
0.012883 0.114055 0.397491 122 119 101
0.013629 0.114713 0.397353 123 119 101
0.014568 0.115658 0.397673 124 120 101
0.015378 0.116603 0.397871 124 119 101
0.016051 0.117385 0.397814 124 119 100
0.016210 0.117708 0.398394 124 119 100
0.016929 0.118592 0.398264 125 119 101
0.017718 0.119660 0.398500 126 120 101
0.018368 0.120637 0.398696 126 120 101
0.019021 0.121645 0.398900 126 120 101
0.019642 0.122789 0.399062 127 120 101
0.020272 0.123737 0.399159 126 120 100
0.021040 0.124879 0.399265 126 120 100
0.021731 0.125906 0.399465 126 119 99
0.022370 0.126947 0.399705 126 119 99
0.023013 0.127987 0.399872 126 118 98
0.023699 0.128949 0.399785 126 118 98
0.023244 0.128064 0.400398 125 118 96
0.024038 0.129106 0.400223 124 117 96
0.024510 0.129693 0.400282 124 117 95
0.030166 0.131480 0.401909 100 92 68
0.030671 0.131672 0.402275 103 94 70
0.030510 0.131441 0.402936 100 91 68
0.031418 0.131963 0.402617 106 96 72
0.032106 0.132305 0.403013 108 98 73
0.032910 0.131555 0.402585 117 106 83
0.032890 0.132170 0.403201 113 102 78
0.033471 0.132711 0.403909 111 100 75
0.033843 0.130872 0.403130 128 115 91
0.034027 0.131609 0.403777 120 107 82
0.034107 0.132307 0.404196 114 101 75
0.034875 0.130211 0.403592 134 120 93
0.034936 0.130832 0.404263 133 118 91
0.035792 0.129640 0.404067 138 123 95
0.035829 0.130100 0.404714 143 128 98
0.036732 0.129034 0.404534 138 123 96
0.036718 0.129449 0.405131 145 130 101
0.037847 0.128381 0.405003 132 117 91
0.037890 0.128837 0.405597 140 124 97
0.039013 0.127792 0.405248 123 107 80
0.038985 0.128178 0.405850 131 115 88
0.039660 0.127533 0.405474 119 103 75
0.040078 0.127651 0.406143 123 107 79
0.041207 0.127338 0.406584 119 103 74
0.042778 0.129009 0.406628 105 94 68
0.042278 0.126921 0.406898 114 98 67
0.043416 0.128895 0.407214 109 97 69
0.044400 0.129590 0.407127 103 94 68
0.043493 0.126497 0.407089 106 90 58
0.043620 0.126757 0.407747 108 92 60
0.044514 0.128522 0.407711 107 95 67
0.045009 0.129469 0.407882 105 95 69
0.045250 0.129938 0.408290 106 96 71
0.044567 0.125979 0.407262 101 84 52
0.044752 0.126293 0.407973 103 86 54
0.045606 0.128148 0.408180 104 91 63
0.045832 0.128567 0.408491 106 93 67
0.045902 0.125958 0.408380 99 82 50
0.046823 0.128122 0.409026 100 87 61
0.046996 0.125712 0.408672 96 80 48
0.047390 0.125763 0.409184 98 81 49
0.047975 0.125354 0.408729 94 78 47
0.048386 0.125459 0.409338 95 79 48
0.049665 0.125295 0.409773 95 78 47
0.050675 0.125115 0.410057 94 77 46
0.051198 0.125137 0.410388 94 77 46
0.052111 0.124987 0.410700 94 76 46
0.053299 0.124757 0.411108 91 74 46
0.053674 0.124807 0.411783 95 76 47
0.054061 0.124578 0.411374 89 73 48
0.054654 0.124505 0.411705 90 75 51
0.056108 0.123304 0.411698 117 111 97
0.055832 0.124010 0.412068 101 91 72
0.054763 0.118325 0.411582 138 139 130
0.054847 0.119161 0.411742 138 140 132
0.054980 0.120298 0.411907 137 139 130
0.055518 0.121661 0.412063 131 130 120
0.055985 0.122758 0.412282 123 118 106
0.056184 0.123616 0.412647 112 105 89
0.054952 0.116750 0.412149 131 129 120
0.054988 0.117568 0.412021 135 135 126
0.054950 0.118543 0.412139 139 140 132
0.054455 0.113322 0.412570 114 106 95
0.055153 0.114551 0.412427 118 112 101
0.055494 0.115913 0.412515 126 122 111
0.056007 0.116859 0.412541 132 129 119
0.055942 0.117811 0.412213 137 136 127
0.054768 0.112364 0.412397 106 96 85
0.055113 0.113007 0.412523 108 99 88
0.055743 0.114255 0.412690 112 104 93
0.055837 0.115451 0.413041 124 118 107
0.056322 0.116385 0.413240 128 124 113
0.056249 0.112784 0.412555 104 95 83
0.056531 0.113374 0.412732 104 96 84
-0.016027 0.134137 0.386500 75 44 19
-0.015534 0.135150 0.386623 72 42 17
-0.014971 0.136118 0.386628 73 43 17
-0.014309 0.137018 0.386585 79 48 20
-0.016422 0.131452 0.386950 87 55 26
-0.016078 0.132661 0.386793 86 55 27
-0.015578 0.133529 0.386777 87 56 29
-0.014807 0.134235 0.386774 93 62 34
-0.014838 0.136324 0.387258 71 42 16
-0.014193 0.137245 0.387112 76 45 18
-0.013303 0.138327 0.387419 82 52 23
-0.012534 0.139032 0.387484 89 58 28
-0.011623 0.139891 0.387729 96 65 33
-0.011038 0.140525 0.387711 95 64 31
-0.017135 0.127347 0.386720 77 46 19
-0.016809 0.128542 0.386701 83 52 24
-0.016489 0.129787 0.386738 88 56 27
-0.016169 0.130915 0.386612 90 58 27
-0.015548 0.132070 0.386785 92 60 31
-0.014952 0.133301 0.386798 96 64 34
-0.011163 0.140303 0.387835 97 66 33
-0.010729 0.140933 0.388065 96 64 32
-0.009807 0.141911 0.388323 93 61 28
-0.008943 0.142847 0.388630 92 59 27
-0.008151 0.143703 0.388813 96 60 27
-0.007488 0.144394 0.388497 106 69 34
-0.017320 0.124784 0.386752 82 52 21
-0.017336 0.125906 0.386635 77 46 18
-0.017060 0.126868 0.386392 72 42 16
-0.007932 0.144004 0.389381 94 59 26
-0.007255 0.144737 0.389097 105 68 32
-0.006457 0.145688 0.389328 116 77 39
-0.005633 0.146694 0.389485 126 85 45
-0.004884 0.147678 0.389715 132 90 49
-0.004207 0.148647 0.389973 137 94 53
-0.003554 0.149682 0.390024 140 97 55
-0.002870 0.150742 0.390038 140 97 55
-0.002112 0.151907 0.390093 139 96 54
-0.001510 0.152888 0.390157 139 96 55
-0.001075 0.153582 0.390177 137 95 54
-0.016680 0.124303 0.387077 87 55 23
-0.016563 0.124821 0.387017 89 57 25
-0.003313 0.149893 0.390667 143 99 57
-0.002781 0.150757 0.390738 143 99 57
-0.002072 0.151854 0.390746 143 99 56
-0.001399 0.152886 0.390874 142 99 56
-0.000681 0.153887 0.390862 143 99 56
-0.000018 0.154890 0.391047 142 99 56
0.000727 0.156060 0.391206 142 99 57
0.001387 0.157076 0.391391 140 98 56
0.002039 0.158068 0.391586 139 97 56
0.002824 0.159073 0.391655 140 99 58
0.003551 0.159939 0.391676 142 100 58
-0.016365 0.121520 0.387817 101 68 33
-0.016230 0.122353 0.387316 92 60 25
-0.016257 0.123358 0.387119 87 55 21
0.003456 0.159150 0.392239 149 104 59
0.003983 0.159898 0.392262 148 104 59
0.004822 0.160847 0.392327 147 104 59
0.005729 0.161771 0.392497 147 103 59
0.006248 0.162441 0.392702 146 103 59
-0.015800 0.119792 0.387700 114 81 43
-0.015942 0.120738 0.387493 107 74 38
-0.015942 0.121526 0.387070 99 67 31
0.005660 0.160477 0.393064 162 113 61
0.006291 0.161401 0.393001 158 110 60
0.007013 0.162213 0.392929 157 109 59
0.007989 0.162805 0.392980 159 110 58
-0.015495 0.118008 0.388096 126 92 53
-0.015565 0.118866 0.387752 120 87 49
0.007706 0.162115 0.393781 163 113 61
0.008608 0.162970 0.393693 163 113 60
0.009581 0.163622 0.393739 164 114 60
-0.014980 0.116322 0.388100 113 85 53
-0.015203 0.117207 0.388026 123 92 56
0.010119 0.163774 0.394325 165 115 60
0.011035 0.164258 0.394319 163 114 59
-0.014747 0.114528 0.388013 79 62 43
-0.014744 0.115472 0.388284 98 75 48
0.011709 0.164346 0.394934 161 113 59
0.012541 0.164670 0.394851 159 110 58
-0.014331 0.113812 0.388582 80 66 48
-0.014404 0.114731 0.388934 95 75 51
0.013469 0.164716 0.395406 156 108 57
0.014268 0.164780 0.395295 156 107 56
-0.013703 0.112776 0.388392 67 58 45
-0.013367 0.112859 0.389079 79 66 47
0.015157 0.164791 0.395862 153 105 54
0.016182 0.165219 0.395814 153 105 54
-0.012273 0.112466 0.389373 90 76 53
0.015990 0.164684 0.396510 151 103 51
0.016871 0.165131 0.396430 152 105 54
0.017619 0.165624 0.396199 156 109 58
-0.011103 0.112117 0.389828 95 80 54
0.017686 0.164997 0.397104 151 105 55
0.018502 0.165435 0.396965 154 108 58
-0.009976 0.111713 0.390253 92 79 53
0.019462 0.165400 0.397528 156 110 60
0.020232 0.165802 0.397379 159 114 62
-0.009353 0.111495 0.390761 90 78 52
-0.008636 0.111338 0.390731 87 75 51
0.020097 0.165288 0.398090 156 111 62
0.020935 0.165752 0.398017 159 114 63
0.021713 0.166149 0.398285 159 115 63
-0.007526 0.111064 0.391197 73 62 39
0.022217 0.166194 0.398872 157 115 64
-0.006367 0.110792 0.391676 67 57 34
-0.005309 0.110418 0.392124 80 69 47
-0.004661 0.110367 0.391788 79 68 46
-0.004632 0.110112 0.392692 87 75 51
-0.004058 0.110037 0.392446 85 73 49
-0.002917 0.109708 0.392961 90 78 52
-0.001657 0.109435 0.393422 92 81 56
-0.000980 0.109261 0.393965 87 76 53
-0.000268 0.109292 0.393870 80 71 48
0.000866 0.109277 0.394388 79 72 52
0.001676 0.109257 0.394692 86 80 61
0.002459 0.109256 0.394932 90 85 66
0.003556 0.109308 0.395379 89 85 67
0.004271 0.109414 0.395552 85 81 64
0.005089 0.109591 0.395891 79 75 58
0.005894 0.109840 0.396126 82 79 62
0.006577 0.110138 0.396437 87 83 67
0.007514 0.110564 0.396661 89 86 69
0.008136 0.110949 0.396990 94 91 74
0.008906 0.111601 0.397168 104 100 84
0.009780 0.112326 0.397418 114 111 95
0.010308 0.112667 0.397691 119 116 99
0.011182 0.113053 0.397879 121 118 101
0.012074 0.113590 0.398046 121 118 101
0.012537 0.113884 0.398435 122 119 101
0.013452 0.114612 0.398590 125 121 103
0.014384 0.115600 0.398891 125 121 103
0.015033 0.116325 0.398756 126 121 103
0.015224 0.116608 0.399321 125 121 102
0.015926 0.117483 0.399304 126 121 102
0.016720 0.118557 0.399534 126 121 102
0.017491 0.119566 0.399699 126 121 101
0.018146 0.120566 0.399855 126 120 101
0.018824 0.121647 0.400129 126 120 101
0.019448 0.122711 0.400236 126 120 100
0.020102 0.123748 0.400481 126 120 100
0.020821 0.124894 0.400644 126 120 99
0.021417 0.125941 0.400604 126 120 100
0.022131 0.126871 0.400526 125 119 99
0.022660 0.127732 0.400560 126 119 99
0.021111 0.125191 0.401201 125 119 99
0.021545 0.125875 0.401239 125 118 98
0.022174 0.126858 0.401183 124 118 97
0.022858 0.127905 0.401187 124 117 96
0.023560 0.129006 0.401437 124 117 96
0.024165 0.130022 0.401615 124 117 96
0.030449 0.131408 0.403152 99 91 68
0.030950 0.131865 0.403348 100 91 68
0.031736 0.132560 0.404066 101 92 68
0.032538 0.132718 0.404268 104 94 69
0.033277 0.133026 0.404683 106 95 70
0.034244 0.132861 0.404895 110 98 71
0.035186 0.133612 0.405554 110 97 70
0.035560 0.134325 0.405779 111 99 72
0.035132 0.131281 0.404881 129 114 85
0.035320 0.132095 0.405305 120 104 76
0.035545 0.133104 0.405819 113 97 69
0.036111 0.134216 0.406055 111 97 70
0.035927 0.130650 0.405435 141 124 95
0.036058 0.131474 0.406062 127 110 80
0.036181 0.132395 0.406263 120 102 73
0.036807 0.129953 0.405957 148 131 102
0.036827 0.130742 0.406479 142 124 95
0.037877 0.129423 0.406421 147 131 103
0.037673 0.129987 0.406970 151 134 105
0.038953 0.128777 0.406905 142 125 97
0.040016 0.128214 0.407272 136 119 90
0.040075 0.128489 0.407910 140 123 94
0.041033 0.127823 0.407415 127 110 81
0.041122 0.128065 0.408053 130 114 84
0.042267 0.127618 0.408213 122 106 76
0.043504 0.129259 0.408283 114 101 73
0.043599 0.129605 0.408824 116 103 75
0.043395 0.127234 0.408673 114 98 67
0.044428 0.128753 0.408643 111 97 69
0.044586 0.129233 0.409031 112 99 72
0.045447 0.130284 0.409070 105 96 71
0.045859 0.130819 0.409826 105 97 73
0.044664 0.126856 0.409031 109 92 60
0.045145 0.127587 0.409256 109 93 62
0.045695 0.128804 0.409341 108 95 67
0.046114 0.129863 0.409658 107 97 71
0.046341 0.130696 0.409907 108 99 74
0.045631 0.126437 0.409221 104 88 56
0.045731 0.126709 0.409812 108 91 58
0.046765 0.128438 0.409777 104 90 63
0.047057 0.129145 0.410222 108 94 68
0.046498 0.126120 0.409342 101 84 53
0.046972 0.126251 0.410024 103 86 54
0.047610 0.128266 0.410186 101 88 61
0.047615 0.128546 0.410541 103 90 63
0.048209 0.125981 0.410504 102 84 52
0.048750 0.126141 0.411190 105 86 54
0.049305 0.125688 0.410857 101 82 50
0.049744 0.125751 0.411345 102 82 50
0.050228 0.125381 0.410687 97 79 48
0.050701 0.125515 0.411419 100 80 47
0.051889 0.125369 0.411889 100 78 46
0.052299 0.125495 0.412524 102 79 45
0.052865 0.125106 0.411961 98 77 45
0.053190 0.125154 0.412524 99 77 44
0.054293 0.124835 0.412776 97 77 47
0.055519 0.124360 0.413320 103 87 63
0.055183 0.122092 0.412950 123 121 110
0.055586 0.122886 0.413402 117 112 99
0.056031 0.123719 0.413415 111 102 84
0.056193 0.115582 0.413556 124 119 108
0.056641 0.116326 0.413660 128 123 112
-0.016210 0.134272 0.387278 69 40 17
-0.015813 0.135012 0.387373 69 41 16
-0.017259 0.130483 0.387974 86 53 24
-0.016945 0.131364 0.387736 82 51 23
-0.016411 0.132713 0.387704 80 52 25
-0.016383 0.133840 0.387751 75 48 23
-0.015738 0.135147 0.387864 78 51 24
-0.015232 0.136052 0.387968 78 50 23
-0.014387 0.137266 0.388265 79 51 23
-0.013595 0.138181 0.388403 83 53 24
-0.012804 0.139188 0.388717 90 60 29
-0.012131 0.140007 0.388997 95 64 33
-0.017611 0.126719 0.387274 82 50 21
-0.017578 0.127456 0.387772 93 59 29
-0.017370 0.128722 0.387756 95 61 30
-0.017148 0.129939 0.387705 90 57 26
-0.016771 0.130691 0.387314 88 56 25
-0.011504 0.140457 0.388885 98 67 36
-0.011144 0.140954 0.389241 99 69 37
-0.010157 0.141911 0.389500 102 70 37
-0.009224 0.142845 0.389749 100 67 34
-0.008617 0.143387 0.389793 97 63 30
-0.017725 0.124952 0.387562 84 52 22
-0.017649 0.125895 0.387888 87 54 24
-0.017664 0.126950 0.387840 90 57 26
-0.008280 0.143789 0.390171 100 65 32
-0.007507 0.144652 0.390299 99 63 29
-0.006621 0.145626 0.390560 105 67 30
-0.005761 0.146605 0.390777 115 75 37
-0.005035 0.147459 0.390733 127 85 45
-0.004411 0.148282 0.390633 136 93 52
-0.017206 0.123255 0.388682 88 55 23
-0.017028 0.124071 0.388251 88 55 23
-0.017081 0.125043 0.388059 92 59 27
-0.005405 0.146853 0.391421 113 73 34
-0.004905 0.147573 0.391340 124 82 42
-0.004196 0.148504 0.391279 136 93 52
-0.003522 0.149495 0.391394 142 98 56
-0.002776 0.150594 0.391642 144 101 58
-0.002035 0.151677 0.391815 146 102 59
-0.001337 0.152639 0.392039 147 103 59
-0.000634 0.153607 0.392132 147 103 58
0.000128 0.154752 0.392240 147 103 58
0.000781 0.155884 0.392343 147 103 60
0.001382 0.156843 0.392414 146 103 60
0.002069 0.157875 0.392456 144 102 60
0.002681 0.158753 0.392503 143 101 60
-0.016762 0.121593 0.388565 100 67 33
-0.016848 0.122515 0.388362 92 60 26
-0.016673 0.123328 0.387842 89 56 23
-0.000313 0.153765 0.392857 149 105 59
0.000178 0.154564 0.392905 148 104 58
0.000908 0.155762 0.393000 149 105 60
0.001510 0.156762 0.393103 148 104 61
0.002234 0.157800 0.393196 147 104 61
0.003060 0.158815 0.393257 147 105 62
0.003912 0.159572 0.393271 150 106 62
0.004805 0.160526 0.393312 150 106 61
-0.016359 0.119764 0.388715 115 80 42
-0.016535 0.120779 0.388540 107 73 38
0.004134 0.158180 0.394069 166 118 65
0.004759 0.159252 0.393963 163 116 64
0.005432 0.160273 0.393841 160 113 63
0.005958 0.161291 0.393789 154 109 62
-0.015945 0.118092 0.388971 126 91 51
-0.016152 0.118872 0.388821 121 86 47
0.005453 0.159114 0.394583 170 121 67
0.006148 0.159881 0.394612 169 120 66
0.006969 0.160773 0.394572 167 118 65
0.007773 0.161658 0.394596 166 117 64
0.008632 0.162525 0.394594 166 116 63
-0.015289 0.116432 0.388999 130 98 61
-0.015647 0.117165 0.389186 130 96 56
0.008231 0.161561 0.395393 169 120 66
0.009135 0.162501 0.395351 169 119 65
0.010036 0.163324 0.395301 166 117 63
0.010805 0.163843 0.395257 165 116 62
-0.014989 0.115781 0.389460 125 96 61
0.010605 0.163287 0.396057 167 117 64
0.011530 0.163882 0.395893 163 114 61
0.012399 0.164302 0.395752 159 111 59
-0.014023 0.114102 0.389496 93 74 50
-0.014334 0.114744 0.389841 111 87 56
0.012232 0.163884 0.396630 162 113 61
0.013084 0.164299 0.396420 158 110 59
-0.013499 0.113523 0.390096 96 77 51
-0.013894 0.114219 0.390436 106 83 53
0.013909 0.164323 0.397023 155 107 58
0.014717 0.164442 0.396964 153 105 55
-0.012488 0.112846 0.390613 104 85 56
0.015862 0.164373 0.397460 150 102 52
0.016681 0.164541 0.397228 149 102 50
-0.011427 0.112255 0.391020 102 85 54
0.016617 0.164218 0.398041 148 102 51
0.017422 0.164497 0.397898 147 102 51
0.018243 0.165063 0.397879 150 104 56
-0.010394 0.111788 0.391431 96 80 51
0.018364 0.164436 0.398479 145 102 54
0.019066 0.165033 0.398391 150 105 58
-0.009700 0.111546 0.391637 92 76 48
-0.009025 0.111371 0.391973 84 70 42
0.019122 0.164297 0.399171 142 100 54
0.019785 0.164982 0.399078 149 106 60
0.020772 0.165400 0.399129 155 112 63
-0.007990 0.111078 0.392310 73 60 35
0.021494 0.165614 0.399511 157 114 65
0.022306 0.166033 0.399660 157 115 65
-0.006947 0.110726 0.392783 78 65 40
0.022979 0.166068 0.400386 157 116 66
0.023431 0.166387 0.400310 155 114 65
-0.005800 0.110359 0.393160 86 74 48
-0.004941 0.110073 0.393601 90 77 50
-0.004262 0.109896 0.393667 92 79 51
-0.003459 0.109655 0.394123 95 82 53
-0.002177 0.109371 0.394548 95 83 56
-0.001210 0.109235 0.394922 85 74 49
-0.000560 0.109240 0.395196 69 59 36
0.000429 0.109301 0.395513 67 59 38
0.001277 0.109320 0.395821 75 68 47
0.002002 0.109336 0.396124 78 72 52
0.003096 0.109407 0.396469 82 77 59
0.003777 0.109509 0.396798 83 78 60
0.004688 0.109650 0.397070 80 75 58
0.005500 0.109855 0.397225 80 77 60
0.006190 0.110169 0.397544 89 86 69
0.007060 0.110514 0.397851 96 93 76
0.008620 0.114552 0.398595 110 106 91
0.009230 0.115898 0.398470 111 107 92
0.009858 0.116473 0.398990 117 113 98
0.010545 0.117147 0.399187 120 117 101
0.007787 0.110840 0.398117 98 95 78
0.008747 0.111529 0.398396 108 104 87
0.009455 0.112148 0.398428 115 111 95
0.009641 0.115128 0.399150 116 113 97
0.010362 0.116315 0.399192 118 115 99
0.010755 0.117034 0.399270 120 116 101
0.012250 0.119243 0.399836 124 119 103
0.009881 0.112551 0.398810 117 114 97
0.010959 0.113096 0.399106 120 117 99
0.012123 0.113710 0.399471 121 118 100
0.013130 0.114564 0.399793 124 120 102
0.013974 0.115441 0.399951 125 121 102
0.014352 0.115814 0.400261 126 121 102
0.014919 0.116480 0.400272 125 121 102
0.015694 0.117455 0.400489 126 121 102
0.016495 0.118458 0.400706 126 121 101
0.017151 0.119818 0.400970 127 122 102
0.017595 0.120765 0.401052 127 122 103
0.018161 0.121752 0.401126 128 122 103
0.018854 0.122801 0.401325 127 122 102
0.019783 0.123887 0.401684 126 120 101
0.020377 0.124677 0.401677 126 120 100
0.022345 0.127876 0.401986 126 120 100
0.020775 0.125070 0.401860 125 119 99
0.021227 0.125804 0.401997 125 119 98
0.021880 0.126835 0.402163 124 118 97
0.022519 0.127984 0.402268 124 118 98
0.023341 0.129181 0.402398 124 117 97
0.023863 0.129665 0.402617 124 117 96
0.032191 0.132906 0.405463 98 90 65
0.032890 0.133384 0.405645 99 90 65
0.033365 0.133970 0.405842 99 91 66
0.033916 0.133335 0.405821 103 91 65
0.034282 0.133637 0.406399 101 88 62
0.035471 0.134372 0.406080 109 98 71
0.035514 0.133465 0.406581 105 90 62
0.036289 0.134376 0.406831 107 92 65
0.036926 0.135291 0.407067 109 95 68
0.036534 0.131698 0.406633 123 104 75
0.036697 0.132814 0.406811 115 97 68
0.037045 0.133906 0.407349 105 88 61
0.037536 0.134993 0.407355 110 94 66
0.038134 0.135794 0.407745 109 94 66
0.038831 0.136501 0.408259 107 92 64
0.037079 0.131099 0.407112 133 114 85
0.037476 0.132201 0.407533 119 99 71
0.037942 0.133324 0.407921 108 89 61
0.038505 0.134350 0.408076 111 93 65
0.039018 0.135464 0.408282 111 93 65
0.039468 0.136376 0.408509 109 92 65
0.037926 0.130361 0.407753 148 130 100
0.038042 0.131637 0.408239 127 108 79
0.038402 0.132352 0.408408 121 102 73
0.039103 0.133987 0.408532 114 94 66
0.039572 0.134911 0.408585 116 97 68
0.038900 0.129717 0.408212 150 132 103
0.039903 0.129019 0.408594 145 128 98
0.040966 0.128559 0.409028 138 122 90
0.042146 0.128193 0.409317 130 114 83
0.042239 0.128581 0.409891 133 118 86
0.043253 0.127760 0.409470 121 105 74
0.043401 0.128074 0.410136 124 108 77
0.044472 0.129745 0.410134 118 105 77
0.044901 0.130214 0.410481 115 104 76
0.044545 0.127591 0.410340 117 100 68
0.045386 0.129159 0.410551 115 100 71
0.045815 0.129801 0.410517 109 99 73
0.046352 0.130767 0.410906 109 100 74
0.045752 0.127256 0.410739 113 96 63
0.046396 0.128652 0.410787 112 97 67
0.047005 0.129274 0.411058 111 97 69
0.047364 0.130363 0.411454 111 99 73
0.047971 0.130878 0.412076 110 99 73
0.046737 0.126919 0.411174 111 93 60
0.046995 0.127321 0.411723 114 95 61
0.047950 0.128819 0.411426 107 92 64
0.048204 0.129658 0.411996 111 97 70
0.048159 0.130762 0.412174 109 98 72
0.047930 0.126447 0.411335 108 89 56
0.048121 0.126685 0.411952 111 92 58
0.048579 0.128738 0.411930 108 92 63
0.048760 0.129253 0.412265 109 94 65
0.048739 0.126100 0.411446 107 86 54
0.049318 0.126324 0.412201 109 87 54
0.050478 0.126040 0.412571 107 84 50
0.050832 0.126328 0.413218 110 85 50
0.051452 0.125789 0.412559 104 81 46
0.051788 0.125983 0.413227 107 81 46
0.052899 0.125660 0.413507 105 79 43
0.054100 0.125303 0.414008 104 78 45
0.055191 0.124501 0.414468 106 88 63
0.055311 0.123300 0.414267 112 104 89
0.055620 0.123771 0.414187 110 99 80
-0.016494 0.135357 0.389677 108 79 45
-0.017796 0.130439 0.389030 101 67 35
-0.017452 0.131412 0.388955 99 67 36
-0.017031 0.132668 0.389028 99 69 39
-0.016656 0.133999 0.389088 99 70 40
-0.016288 0.135153 0.389162 100 71 40
-0.015688 0.136158 0.389332 104 75 44
-0.014885 0.137258 0.389520 108 80 48
-0.014095 0.138349 0.389697 105 76 44
-0.013328 0.139323 0.389933 104 74 42
-0.012536 0.140221 0.390183 105 74 41
-0.011983 0.140903 0.390414 105 75 41
-0.018168 0.127572 0.388936 105 69 35
-0.018026 0.128942 0.388898 104 68 34
-0.017804 0.129892 0.388788 99 64 32
-0.011484 0.141227 0.390332 104 73 40
-0.010648 0.142008 0.390733 107 77 42
-0.009591 0.142858 0.391011 111 79 44
-0.009095 0.143435 0.391057 109 76 42
-0.017936 0.126053 0.389129 99 65 31
-0.018020 0.126739 0.388926 103 67 33
-0.009229 0.143207 0.391344 113 80 44
-0.008616 0.143738 0.391326 111 78 43
-0.007812 0.144572 0.391618 111 76 41
-0.006857 0.145522 0.391806 108 72 36
-0.006105 0.146168 0.391548 106 67 31
-0.017615 0.123328 0.389500 87 55 23
-0.017699 0.124276 0.389366 87 55 23
-0.017615 0.125097 0.389037 91 58 26
-0.006429 0.145892 0.392479 115 77 42
-0.005793 0.146488 0.392214 112 73 36
-0.004939 0.147341 0.392455 117 77 38
-0.004130 0.148270 0.392611 131 89 47
-0.003421 0.149272 0.392659 142 98 55
-0.002714 0.150374 0.392688 146 102 59
-0.001962 0.151466 0.392762 148 104 60
-0.001353 0.152364 0.392796 149 105 61
-0.017335 0.121670 0.389724 96 63 30
-0.017457 0.122538 0.389491 91 59 26
-0.003755 0.148447 0.393434 134 92 50
-0.003277 0.149155 0.393421 141 98 55
-0.002512 0.150258 0.393505 148 103 59
-0.001764 0.151369 0.393526 150 106 61
-0.001098 0.152343 0.393593 151 106 62
-0.000413 0.153282 0.393693 151 107 61
0.000348 0.154409 0.393857 150 106 60
0.001063 0.155521 0.393997 151 106 61
0.001691 0.156482 0.394176 150 106 62
0.002356 0.157551 0.394213 149 106 63
0.003121 0.158463 0.394271 150 108 64
0.003557 0.159098 0.394323 150 108 65
-0.016887 0.119910 0.389877 113 77 40
-0.017129 0.120863 0.389802 102 68 33
0.002247 0.155051 0.395045 166 117 66
0.002538 0.155967 0.395012 162 115 65
0.003163 0.157064 0.394897 161 115 65
0.003747 0.158085 0.394687 160 114 65
0.004466 0.159107 0.394882 158 113 65
0.004945 0.160037 0.394576 156 112 65
-0.016383 0.118182 0.390222 127 90 49
-0.016647 0.118958 0.390100 123 86 46
0.002597 0.154743 0.395276 171 121 67
0.003261 0.155542 0.395337 171 121 68
0.004009 0.156487 0.395395 171 122 68
0.004720 0.157478 0.395358 171 122 68
0.005514 0.158536 0.395287 171 122 68
0.006375 0.159535 0.395343 170 122 67
0.007049 0.160261 0.395365 170 121 67
-0.016006 0.117312 0.390415 131 94 52
0.005301 0.157343 0.396131 172 123 69
0.006093 0.158275 0.396227 171 123 68
0.006872 0.159257 0.396209 171 122 69
0.007626 0.160192 0.396139 171 122 69
0.008394 0.161155 0.396046 171 122 68
0.009208 0.161988 0.396077 170 121 67
-0.015242 0.115979 0.390676 130 97 57
-0.015639 0.116548 0.390887 131 96 54
0.008214 0.160058 0.396919 172 123 70
0.008960 0.160823 0.396984 173 123 70
0.009796 0.161831 0.396899 171 122 68
0.010634 0.162812 0.396758 168 119 65
0.011334 0.163416 0.396737 165 116 63
-0.014576 0.115085 0.391076 122 93 56
0.010497 0.161791 0.397662 170 122 68
0.011278 0.162482 0.397727 168 119 66
0.012079 0.163351 0.397445 164 116 63
0.012946 0.163874 0.397272 161 112 61
-0.013425 0.113642 0.391185 107 84 51
-0.013858 0.114155 0.391569 111 85 50
0.012793 0.163169 0.398272 165 117 64
0.013725 0.163780 0.398056 160 112 61
0.014604 0.164204 0.397886 153 106 57
-0.012752 0.113128 0.391841 109 87 52
-0.013135 0.113488 0.392296 110 85 49
0.014502 0.163606 0.398887 159 112 62
0.015289 0.164011 0.398619 151 105 56
-0.011887 0.112521 0.392292 104 83 49
0.016365 0.163895 0.399135 147 102 54
0.017123 0.164093 0.398739 146 101 53
-0.010862 0.111995 0.392657 94 74 42
-0.010608 0.111957 0.393296 88 68 35
0.017035 0.163762 0.399743 144 99 52
0.017867 0.163920 0.399517 143 99 53
0.018919 0.164669 0.399310 143 101 55
-0.010013 0.111639 0.392333 89 72 42
-0.009625 0.111545 0.393182 84 66 36
0.018929 0.163891 0.400177 139 97 53
0.019861 0.164482 0.400079 140 98 55
0.020595 0.165037 0.399961 150 109 62
-0.008429 0.111083 0.393600 81 65 37
0.019626 0.163789 0.400913 136 95 54
0.020330 0.164304 0.400897 137 96 56
0.021146 0.165255 0.400763 152 112 65
0.021948 0.165774 0.400829 156 116 66
-0.007283 0.110671 0.394012 77 62 35
0.022810 0.165848 0.401354 156 117 68
0.023665 0.166139 0.401259 156 116 67
-0.006251 0.110375 0.394408 80 65 38
0.023565 0.165811 0.402081 156 116 68
0.024396 0.166080 0.401960 155 115 67
-0.005391 0.110166 0.394716 90 76 47
-0.004783 0.110009 0.395049 94 79 49
0.025374 0.165995 0.402627 153 115 68
0.026091 0.166047 0.403071 152 115 69
-0.003850 0.109746 0.395361 96 82 52
0.026099 0.165755 0.403132 152 115 69
0.026117 0.165802 0.403139 152 115 69
-0.002619 0.109490 0.395793 96 83 55
-0.001721 0.109362 0.396091 90 79 52
-0.001074 0.109340 0.396395 78 67 42
-0.000027 0.109384 0.396770 82 73 50
0.000785 0.109441 0.397095 91 83 62
0.001607 0.109510 0.397345 92 85 65
0.002609 0.109607 0.397699 93 87 68
0.003302 0.109721 0.397992 93 88 69
0.004265 0.109843 0.398261 94 89 71
0.004964 0.110044 0.398635 96 91 74
0.005693 0.110353 0.398694 97 93 76
0.006547 0.110973 0.399152 107 104 87
0.008078 0.113850 0.398893 110 105 90
0.008310 0.114588 0.399454 115 112 96
0.008811 0.115589 0.399457 116 112 96
0.009557 0.116707 0.399706 119 116 100
0.010039 0.117933 0.400176 121 117 101
0.010866 0.118670 0.400105 124 120 104
0.011502 0.119510 0.400180 125 121 105
0.012438 0.120748 0.400260 125 121 105
0.012927 0.121784 0.400233 126 121 105
0.007377 0.111160 0.399018 108 105 88
0.008106 0.111713 0.399546 113 109 93
0.008868 0.112199 0.399934 114 111 94
0.009145 0.114491 0.399472 118 115 99
0.009719 0.115050 0.399927 121 117 102
0.010429 0.116146 0.400187 123 119 103
0.011027 0.117209 0.400368 124 120 104
0.011558 0.118308 0.400413 125 121 105
0.012081 0.119309 0.400257 124 120 104
0.012798 0.120537 0.400188 124 120 103
0.013155 0.121492 0.400347 126 121 105
0.009397 0.112589 0.399983 116 112 95
0.010383 0.113195 0.400274 120 116 99
0.011039 0.113814 0.400758 123 120 102
0.011152 0.115883 0.400475 125 121 105
0.011796 0.116724 0.400575 125 121 105
0.012235 0.117750 0.400604 125 121 105
0.012866 0.118671 0.401021 127 123 106
0.011712 0.113959 0.400651 124 120 102
0.012668 0.114750 0.401017 127 123 105
0.013420 0.115390 0.401276 129 124 105
0.013915 0.115822 0.401371 130 124 105
0.014571 0.116644 0.401613 130 124 105
0.015270 0.117475 0.401762 129 123 105
0.015999 0.118591 0.402059 130 124 105
0.016603 0.119947 0.402135 131 125 106
0.017117 0.120830 0.402299 131 125 106
0.017727 0.121847 0.402518 131 125 106
0.018338 0.122800 0.402750 131 125 105
0.019349 0.123865 0.402761 130 123 103
0.019983 0.124937 0.403014 130 123 103
0.020586 0.126064 0.403318 130 124 104
0.021183 0.127118 0.403443 131 124 104
0.021504 0.127738 0.403537 132 125 105
0.022475 0.129844 0.404218 135 127 106
0.020414 0.125090 0.402757 128 121 101
0.020943 0.125968 0.402864 127 120 100
0.021479 0.126964 0.403175 127 120 100
0.022115 0.128048 0.403451 128 121 101
0.022754 0.129200 0.403803 129 122 101
0.023406 0.130047 0.403832 128 121 100
0.024096 0.130747 0.403711 127 120 99
0.032971 0.133588 0.406580 97 88 64
0.033437 0.133914 0.406646 97 88 63
0.033175 0.133596 0.406956 94 84 61
0.034010 0.134077 0.407430 94 84 59
0.034612 0.134563 0.408232 91 80 56
0.035181 0.133962 0.407427 94 80 54
0.035668 0.134467 0.408153 90 76 51
0.036717 0.134160 0.408335 87 70 46
0.037173 0.135006 0.408559 90 74 49
0.037811 0.136047 0.408756 95 81 55
0.038706 0.136638 0.408770 101 86 60
0.039226 0.137490 0.409002 105 90 62
0.037961 0.133536 0.408557 94 74 48
0.037959 0.134215 0.409076 86 68 43
0.039445 0.135254 0.408788 106 87 60
0.039495 0.136631 0.408891 105 89 62
0.040217 0.137503 0.409311 104 88 61
0.040789 0.138279 0.409855 100 84 57
0.038317 0.130637 0.408639 145 127 97
0.038499 0.131496 0.408835 132 113 84
0.038813 0.132775 0.409051 112 92 65
0.039203 0.133592 0.409412 102 82 56
0.039902 0.134961 0.409220 108 89 61
0.040466 0.135814 0.409521 107 88 61
0.041068 0.137037 0.409904 105 87 60
0.041580 0.138246 0.410374 99 82 56
0.041749 0.139012 0.410596 95 79 54
0.038932 0.130174 0.408967 151 133 103
0.039155 0.130884 0.409546 144 126 96
0.039588 0.132049 0.410037 128 109 80
0.040048 0.133337 0.410190 114 94 68
0.040615 0.134219 0.410253 116 97 69
0.041195 0.135805 0.410328 105 85 58
0.041758 0.136653 0.410542 105 86 59
0.042146 0.137522 0.410648 103 84 57
0.042547 0.138476 0.410941 98 81 54
0.039799 0.129630 0.409398 149 131 101
0.039931 0.130171 0.409993 149 131 100
0.039829 0.131418 0.410424 139 121 91
0.040969 0.128923 0.409771 144 126 94
0.040981 0.129530 0.410438 147 129 97
0.041502 0.128785 0.410179 141 125 92
0.042015 0.129020 0.410776 140 123 90
0.043279 0.128714 0.411205 132 116 83
0.043618 0.128952 0.411839 133 116 82
0.044738 0.130266 0.411301 121 108 79
0.044552 0.128197 0.411534 124 107 74
0.044518 0.128630 0.412153 128 111 76
0.045490 0.130142 0.411782 120 107 77
0.046040 0.130958 0.411816 109 99 73
0.046823 0.131500 0.412153 109 100 74
0.045261 0.127907 0.411578 120 102 69
0.045688 0.128181 0.412259 122 104 70
0.046452 0.129631 0.412276 118 103 73
0.046963 0.130574 0.412417 117 105 76
0.047445 0.131160 0.412659 115 103 76
0.046911 0.127852 0.412582 119 100 65
0.047534 0.129002 0.412578 115 99 68
0.048026 0.129746 0.412779 115 100 70
0.048454 0.130947 0.413052 112 100 73
0.047885 0.127372 0.412805 117 98 62
0.048263 0.128178 0.413366 118 99 64
0.048992 0.129275 0.413436 114 97 66
0.049456 0.130308 0.413614 114 99 70
0.049169 0.126908 0.413130 115 93 58
0.049346 0.127353 0.413825 118 96 61
0.050004 0.128666 0.413848 115 95 63
0.050407 0.129414 0.414225 114 95 65
0.049965 0.126603 0.413146 113 89 54
0.050524 0.126943 0.413996 115 91 55
0.050837 0.128676 0.414504 116 95 62
0.051039 0.129034 0.414555 116 95 63
0.051626 0.126597 0.414198 113 86 50
0.051763 0.127085 0.414943 119 91 55
0.052740 0.126187 0.414401 111 83 46
0.052875 0.126612 0.415158 118 89 52
0.053728 0.125749 0.414577 109 81 46
0.054031 0.126009 0.415385 116 88 54
0.055004 0.124685 0.415424 111 93 70
0.054865 0.125431 0.415818 116 94 65
-0.017235 0.134626 0.390339 113 82 46
-0.016908 0.135163 0.390312 115 84 48
-0.016297 0.135903 0.389970 113 84 49
-0.018694 0.129671 0.390416 115 80 42
-0.018343 0.130398 0.390100 114 79 43
-0.018024 0.131549 0.390138 115 81 46
-0.017624 0.132846 0.390218 114 83 48
-0.017290 0.134002 0.390154 112 81 46
-0.016574 0.135486 0.390253 116 86 50
-0.016196 0.136261 0.390582 121 91 54
-0.015523 0.137354 0.390738 122 92 56
-0.014689 0.138461 0.390889 120 91 56
-0.013906 0.139372 0.391104 120 90 55
-0.013143 0.140262 0.391320 120 88 53
-0.012418 0.141120 0.391502 118 87 51
-0.018716 0.127673 0.390172 113 77 40
-0.018599 0.129075 0.390078 114 78 40
-0.018250 0.129800 0.389637 111 75 40
-0.011990 0.141495 0.391692 120 88 51
-0.011205 0.142171 0.391892 118 86 50
-0.010165 0.142960 0.392256 118 86 49
-0.009784 0.143491 0.392861 122 89 51
-0.018439 0.125238 0.390676 94 61 30
-0.018412 0.126090 0.390346 106 71 37
-0.009587 0.143276 0.392303 117 85 48
-0.009024 0.143743 0.392556 118 85 48
-0.008047 0.144565 0.392887 118 83 46
-0.007292 0.145161 0.392915 118 82 45
-0.018139 0.123375 0.390667 86 55 24
-0.018241 0.124373 0.390533 88 55 25
-0.006829 0.145561 0.393343 119 83 45
-0.005897 0.146337 0.393578 122 83 45
-0.005009 0.147121 0.393672 124 84 45
-0.004373 0.147737 0.393515 127 86 46
-0.017767 0.121749 0.390895 94 62 28
-0.017953 0.122558 0.390698 90 58 26
-0.004731 0.147275 0.394243 127 87 47
-0.003998 0.148005 0.394159 131 90 49
-0.003186 0.148945 0.394348 139 97 54
-0.002385 0.149979 0.394579 146 103 59
-0.001644 0.151037 0.394609 150 106 62
-0.000937 0.152063 0.394666 151 107 62
-0.000261 0.153035 0.394719 152 108 62
0.000440 0.154156 0.394760 152 108 62
0.001007 0.154986 0.394987 152 108 63
-0.017316 0.119965 0.391180 118 82 44
-0.017538 0.120859 0.391039 105 70 35
-0.001488 0.150905 0.395320 148 105 61
-0.000792 0.151904 0.395409 149 106 62
0.000249 0.152719 0.395527 154 109 62
0.001002 0.153790 0.395614 157 112 64
0.001546 0.154915 0.395604 156 111 64
0.001990 0.155900 0.395445 155 110 64
0.002654 0.157137 0.395296 153 110 65
0.002992 0.157874 0.395317 153 111 67
-0.016687 0.118272 0.391310 128 91 49
-0.017024 0.119014 0.391378 126 89 48
0.000507 0.151386 0.396053 155 110 63
0.001168 0.152223 0.395997 160 114 64
0.001915 0.153245 0.395883 166 118 66
0.002739 0.154265 0.395882 169 120 67
0.003516 0.155166 0.395961 170 121 68
0.004231 0.156085 0.396030 171 122 69
0.004759 0.156810 0.396001 172 123 69
-0.016343 0.117543 0.391691 128 91 49
0.002550 0.152970 0.396669 164 117 66
0.003353 0.153931 0.396774 168 120 67
0.004115 0.154855 0.396818 170 121 68
0.004781 0.155894 0.396730 171 122 69
0.005484 0.156841 0.396698 172 123 69
0.006288 0.157833 0.396779 172 123 69
0.007068 0.158807 0.396836 172 123 69
-0.015376 0.116039 0.391882 123 89 49
-0.015760 0.116575 0.392071 124 88 48
0.004808 0.154919 0.397484 170 122 69
0.005309 0.155556 0.397502 171 122 69
0.006101 0.156460 0.397591 172 123 70
0.006909 0.157529 0.397640 172 123 70
0.007627 0.158629 0.397556 172 123 70
0.008341 0.159564 0.397516 172 123 70
0.009170 0.160397 0.397612 173 124 71
0.009708 0.161094 0.397550 173 124 71
-0.014874 0.115384 0.392373 111 80 43
0.007600 0.157626 0.398266 172 123 71
0.008181 0.158281 0.398333 172 123 71
0.009026 0.159208 0.398436 172 124 71
0.009737 0.160147 0.398332 173 124 71
0.010536 0.161168 0.398229 172 123 70
0.011423 0.162026 0.398261 169 121 67
-0.014029 0.114410 0.392743 105 76 40
0.010318 0.159927 0.398996 174 125 72
0.011216 0.160828 0.399116 173 124 70
0.012068 0.161797 0.399006 169 121 67
0.012874 0.162640 0.398938 167 119 65
0.013635 0.163120 0.398988 165 118 65
-0.012632 0.113071 0.392829 109 85 48
-0.013128 0.113528 0.393142 109 82 45
0.012701 0.161519 0.399787 170 121 67
0.013608 0.162322 0.399803 167 119 66
0.014410 0.163103 0.399498 163 116 64
0.015248 0.163620 0.399437 155 109 60
-0.012050 0.112649 0.393146 103 79 43
-0.012275 0.112876 0.393800 103 77 41
0.014373 0.162320 0.400390 166 119 66
0.015165 0.162842 0.400316 162 116 64
0.015956 0.163441 0.400106 153 107 58
-0.011515 0.112346 0.393413 95 72 38
-0.011144 0.112199 0.394062 90 67 33
0.015945 0.162729 0.400902 161 115 63
0.016822 0.163289 0.400837 150 104 56
0.017499 0.163647 0.400603 142 98 52
-0.010151 0.111710 0.394330 85 64 33
0.017656 0.163243 0.401485 145 100 54
0.018517 0.163423 0.401222 139 95 52
-0.008856 0.111156 0.394814 76 56 29
0.019531 0.163389 0.401817 134 93 52
0.020406 0.164041 0.401789 136 96 56
0.021077 0.164860 0.401840 147 108 65
-0.007785 0.110823 0.395268 64 46 21
0.020987 0.163937 0.402439 139 100 61
0.021543 0.164700 0.402583 146 108 65
0.022511 0.165482 0.402450 154 116 68
-0.006638 0.110579 0.395653 67 50 25
-0.006285 0.110602 0.396332 74 56 28
0.023242 0.165447 0.403121 153 115 68
0.024066 0.165656 0.402964 153 115 68
-0.005848 0.110332 0.395709 84 68 40
-0.005460 0.110277 0.396177 89 73 44
0.024990 0.165536 0.403449 151 113 67
-0.004260 0.109928 0.396609 96 81 49
0.026042 0.165441 0.404040 147 111 67
0.026287 0.165786 0.403641 150 113 68
-0.002962 0.109668 0.397078 96 82 53
0.026990 0.165036 0.404769 147 113 70
0.027109 0.165247 0.404817 147 113 70
-0.002152 0.109538 0.397134 94 81 53
-0.001658 0.109563 0.397617 89 76 50
-0.000390 0.109559 0.397993 91 81 57
0.001122 0.109698 0.398581 92 85 63
0.002134 0.109823 0.398877 92 85 65
0.002788 0.109921 0.399222 90 84 65
0.003746 0.110062 0.399464 92 86 68
0.004539 0.110296 0.399773 98 94 77
0.007344 0.115221 0.400590 104 99 83
0.007568 0.115589 0.400586 103 99 83
0.009009 0.117923 0.400488 107 103 87
0.005159 0.110603 0.399923 100 96 79
0.006013 0.111300 0.400234 109 105 89
0.006783 0.111917 0.400605 118 115 98
0.007745 0.114757 0.400641 114 110 94
0.008300 0.115589 0.400818 116 112 96
0.008634 0.116864 0.400884 112 108 92
0.009590 0.117965 0.401165 119 116 99
0.010290 0.118767 0.401252 123 119 103
0.010752 0.119859 0.401799 124 120 104
0.011722 0.121045 0.402050 128 124 108
0.012328 0.122218 0.402112 129 124 108
0.007545 0.112138 0.400637 120 117 101
0.008369 0.112597 0.401096 122 119 102
0.009191 0.115485 0.400999 125 121 105
0.010076 0.116209 0.401273 126 123 106
0.010749 0.117294 0.401468 127 123 107
0.011131 0.118410 0.401535 127 123 107
0.011816 0.119311 0.401966 130 125 109
0.011902 0.120627 0.402189 130 125 109
0.012618 0.121981 0.402343 131 126 110
0.012914 0.122484 0.402548 131 126 110
0.009052 0.112830 0.401117 121 118 101
0.009822 0.113330 0.401502 124 120 103
0.010666 0.113818 0.401786 126 122 105
0.010948 0.116152 0.401202 128 124 107
0.011383 0.117017 0.401629 129 125 108
0.011919 0.117875 0.401830 130 125 108
0.012688 0.118879 0.401835 130 125 108
0.011232 0.114159 0.401972 128 124 107
0.012099 0.114838 0.402234 130 125 108
0.013014 0.115684 0.402612 133 127 109
0.013394 0.116421 0.403100 136 130 111
0.013593 0.114610 0.403373 106 100 76
0.013850 0.115775 0.402806 123 117 96
0.014076 0.116545 0.402931 127 121 101
0.014634 0.117690 0.403001 134 128 109
0.015426 0.118771 0.403120 135 129 110
0.016082 0.120008 0.403224 136 130 111
0.016581 0.120905 0.403356 136 130 111
0.017288 0.122025 0.403552 137 130 111
0.017919 0.123075 0.403746 136 129 111
0.018793 0.124141 0.403831 136 129 110
0.019491 0.125195 0.404010 137 130 110
0.019883 0.126119 0.404296 135 128 110
0.020539 0.127324 0.404504 139 132 112
0.021198 0.128354 0.404632 140 132 112
0.022108 0.129393 0.404477 136 128 108
0.022602 0.130326 0.404766 138 130 109
0.014280 0.115465 0.403486 104 99 76
0.014894 0.116369 0.403547 105 100 77
0.015539 0.117235 0.403537 106 102 78
0.016177 0.117988 0.403192 116 111 88
0.020393 0.126015 0.404232 127 124 107
0.021883 0.128675 0.404595 138 130 109
0.022270 0.129384 0.404692 138 130 109
0.022983 0.130461 0.404689 135 127 107
0.023694 0.131370 0.404824 134 126 105
0.033904 0.134589 0.408904 92 84 60
0.034329 0.134886 0.408949 91 82 58
0.035213 0.134918 0.409261 89 78 52
0.035834 0.135142 0.409517 89 76 50
0.036726 0.136227 0.409486 89 77 52
0.036372 0.134613 0.409058 84 70 45
0.036857 0.135147 0.409799 86 71 45
0.037483 0.136134 0.409873 86 72 47
0.037973 0.136692 0.410308 86 72 47
0.037813 0.134781 0.409985 83 66 41
0.038049 0.135492 0.410621 86 69 44
0.038680 0.136799 0.410416 84 70 45
0.039484 0.137529 0.410869 84 69 45
0.038796 0.134107 0.410429 86 67 43
0.038654 0.134909 0.410926 86 68 43
0.041302 0.138019 0.411640 84 67 42
0.042027 0.139292 0.411356 89 73 49
0.039970 0.132214 0.410527 126 107 78
0.040321 0.133060 0.410888 112 93 65
0.040986 0.133825 0.410903 120 101 73
0.041713 0.137686 0.411853 83 65 41
0.043027 0.138874 0.411876 91 73 48
0.043393 0.139349 0.411961 90 72 47
0.040177 0.130788 0.410842 145 127 95
0.040393 0.131549 0.411144 137 119 87
0.040873 0.132626 0.411500 125 106 75
0.041406 0.133564 0.411750 118 99 69
0.042110 0.134336 0.411935 120 101 72
0.042764 0.136194 0.411931 109 90 64
0.043423 0.136827 0.412334 108 89 63
0.043823 0.138102 0.412429 98 79 54
0.044175 0.138804 0.412722 92 74 50
0.041009 0.130127 0.411328 147 129 97
0.041142 0.130911 0.411977 142 123 90
0.041436 0.132154 0.412161 134 115 82
0.042052 0.133368 0.412360 127 109 77
0.042510 0.134205 0.412488 123 104 73
0.043790 0.136727 0.412761 110 92 65
0.044307 0.137612 0.412888 107 88 62
0.041955 0.129542 0.411844 145 126 92
0.042037 0.130130 0.412438 144 124 90
0.042899 0.129156 0.412224 139 119 85
0.043196 0.129389 0.412708 139 118 83
0.044046 0.128557 0.412407 134 115 80
0.044377 0.129017 0.413052 134 113 78
0.045709 0.130674 0.412990 124 109 77
0.045493 0.128709 0.413293 129 109 73
0.045855 0.129058 0.413901 129 109 73
0.046614 0.130656 0.413647 125 109 77
0.047351 0.131476 0.413586 114 102 74
0.047890 0.132050 0.414028 110 99 72
0.046656 0.128301 0.413439 124 105 69
0.046815 0.128764 0.414025 126 106 70
0.047673 0.130142 0.414018 123 106 73
0.048263 0.131470 0.413833 118 105 76
0.048807 0.132031 0.414222 116 104 75
0.049444 0.132776 0.414828 113 101 73
0.048096 0.128411 0.414218 123 103 68
0.048760 0.129443 0.414496 121 102 69
0.049558 0.130273 0.414521 119 101 70
0.049789 0.131613 0.414884 120 105 75
0.050000 0.132656 0.415256 118 104 74
0.049267 0.127951 0.414579 123 101 66
0.049656 0.128875 0.414865 122 101 67
0.050224 0.129797 0.415053 118 99 68
0.050615 0.130920 0.415384 120 102 70
0.050852 0.131809 0.415696 118 102 71
0.050147 0.127599 0.414695 121 98 63
0.050641 0.128061 0.415389 124 101 66
0.051229 0.129326 0.415401 119 98 65
0.051519 0.129916 0.415973 120 99 67
0.051738 0.127701 0.415617 124 98 63
0.051997 0.128221 0.416268 129 104 69
0.052852 0.127219 0.415879 125 96 61
0.053057 0.127762 0.416576 130 103 69
0.053996 0.126630 0.416232 124 97 64
0.054131 0.127256 0.416926 130 105 72
0.054953 0.125943 0.416673 125 103 74
0.055118 0.126657 0.417313 131 109 80
-0.017615 0.134651 0.391280 122 90 52
-0.017239 0.135422 0.391495 127 96 58
-0.016760 0.136341 0.391721 130 99 61
-0.018831 0.129702 0.390750 117 81 43
-0.018651 0.130548 0.391229 119 84 46
-0.018415 0.131628 0.391249 120 86 48
-0.018102 0.132961 0.391346 122 89 52
-0.017821 0.134119 0.391374 122 90 52
-0.017241 0.135023 0.391101 124 92 54
-0.016420 0.136577 0.391512 128 98 60
-0.015954 0.137464 0.391795 129 99 62
-0.015099 0.138627 0.392005 130 100 64
-0.014341 0.139500 0.392244 131 101 64
-0.013545 0.140428 0.392486 131 100 63
-0.012795 0.141259 0.392680 130 99 61
-0.019027 0.127793 0.391287 111 76 39
-0.018950 0.129094 0.391236 114 79 41
-0.018830 0.129939 0.391316 117 82 44
-0.012279 0.141733 0.392713 129 97 59
-0.011673 0.142352 0.393029 128 96 58
-0.010643 0.143183 0.393348 126 93 55
-0.010021 0.143677 0.393694 127 94 55
-0.018766 0.125304 0.391583 86 54 25
-0.018850 0.126229 0.391481 98 65 32
-0.019016 0.127088 0.391578 105 70 36
-0.009412 0.144007 0.393697 125 92 52
-0.008405 0.144696 0.394032 124 89 49
-0.007876 0.145115 0.394361 124 89 48
-0.018445 0.123471 0.391768 83 52 24
-0.018626 0.124416 0.391694 80 49 22
-0.007161 0.145538 0.394473 124 88 48
-0.006125 0.146193 0.394774 127 89 49
-0.005335 0.146746 0.394519 127 88 48
-0.018099 0.121776 0.392061 101 69 36
-0.018303 0.122672 0.391974 90 58 29
-0.005672 0.146450 0.395261 132 93 52
-0.004977 0.147028 0.395156 130 91 50
-0.003981 0.147783 0.395438 129 90 48
-0.003168 0.148676 0.395359 132 93 50
-0.002571 0.149440 0.395368 139 98 55
-0.017662 0.120058 0.392357 126 89 50
-0.017908 0.120953 0.392185 115 80 45
-0.003596 0.147982 0.396115 129 91 49
-0.002998 0.148692 0.396045 128 89 47
-0.002026 0.149670 0.396164 134 94 52
-0.001249 0.150587 0.396287 140 99 56
-0.000441 0.151605 0.396319 145 103 60
0.000215 0.152591 0.396318 149 106 61
0.000804 0.153609 0.396330 152 108 63
0.001366 0.154404 0.396367 153 109 64
-0.016922 0.118395 0.392200 128 91 49
-0.017285 0.119070 0.392529 127 90 49
-0.000918 0.149224 0.396878 131 91 47
-0.000360 0.150069 0.396662 136 95 50
0.000478 0.150951 0.396493 148 105 59
0.001114 0.151849 0.396495 155 111 64
-0.016618 0.117761 0.392824 120 84 43
-0.017059 0.118429 0.393049 122 85 45
0.000373 0.149730 0.397338 128 89 47
0.001220 0.150548 0.397411 135 95 52
0.001966 0.151521 0.397254 150 108 62
0.002729 0.152500 0.397221 160 116 67
0.003587 0.153504 0.397294 166 119 67
0.004136 0.154200 0.397333 169 121 68
-0.015926 0.116719 0.393209 107 72 35
0.002533 0.151201 0.398042 136 96 54
0.003432 0.152164 0.398080 152 110 63
0.004181 0.153226 0.397989 165 120 69
0.004847 0.154257 0.397947 168 121 69
0.005627 0.155218 0.398042 170 121 69
0.006410 0.156109 0.398149 171 122 70
0.006850 0.156761 0.398141 172 123 70
-0.015018 0.115578 0.393459 99 68 33
-0.015386 0.116037 0.393689 100 67 32
0.004220 0.152195 0.398679 153 110 64
0.004874 0.152888 0.398781 164 120 70
0.005584 0.153817 0.398872 168 122 70
0.006257 0.154729 0.398902 170 122 69
0.006918 0.155782 0.398859 171 122 70
0.007630 0.156876 0.398787 172 123 71
0.008477 0.157905 0.398864 172 124 71
0.009148 0.158684 0.398968 173 124 72
-0.014296 0.114771 0.393903 102 72 36
0.006831 0.154558 0.399501 171 124 71
0.007457 0.155420 0.399609 172 124 71
0.008361 0.156492 0.399710 173 125 72
0.009174 0.157489 0.399786 174 126 73
0.009832 0.158511 0.399656 174 126 73
0.010626 0.159450 0.399647 174 126 73
0.011474 0.160360 0.399708 173 125 72
-0.013392 0.113862 0.394310 110 81 44
0.009875 0.157472 0.400437 175 128 74
0.010565 0.158138 0.400516 175 128 74
0.011351 0.158983 0.400576 175 127 73
0.012086 0.160086 0.400423 173 125 72
0.012906 0.161093 0.400326 171 122 68
0.013677 0.161790 0.400387 169 121 66
-0.012474 0.113125 0.394729 102 74 37
0.012070 0.159032 0.401181 176 128 74
0.012771 0.159758 0.401207 173 126 72
0.013637 0.160683 0.401206 171 123 69
0.014384 0.161635 0.400982 168 121 67
0.015123 0.162315 0.400950 165 119 65
-0.011546 0.112497 0.395064 91 64 30
0.014367 0.160667 0.401815 171 123 69
0.015094 0.161262 0.401865 169 121 67
0.015901 0.162127 0.401661 165 119 66
0.016722 0.162745 0.401501 158 112 61
-0.010417 0.111864 0.395517 80 56 25
0.016687 0.161888 0.402449 166 120 67
0.017540 0.162565 0.402218 156 111 62
0.018423 0.163025 0.402065 141 96 52
-0.009362 0.111325 0.395968 78 56 27
0.018340 0.162262 0.402995 155 110 63
0.019190 0.162835 0.402743 140 96 54
-0.008204 0.110853 0.396362 79 58 32
0.020065 0.162757 0.403436 140 97 56
0.020936 0.163440 0.403277 139 100 61
0.021678 0.164442 0.403349 145 107 65
-0.007157 0.110607 0.396856 74 55 28
-0.006402 0.110636 0.396673 72 53 26
0.021581 0.163342 0.404046 140 101 63
0.022278 0.164099 0.404114 145 109 66
0.023067 0.164895 0.403933 150 113 68
-0.006553 0.110466 0.397531 77 57 29
-0.005876 0.110410 0.397268 81 63 34
0.023179 0.163735 0.404736 146 109 68
0.023846 0.164791 0.404674 148 111 67
0.024617 0.165219 0.404429 148 110 65
-0.004590 0.110098 0.397749 91 74 44
0.024665 0.164624 0.405277 144 108 66
0.025611 0.164904 0.405080 145 109 66
-0.003399 0.109913 0.398132 90 74 46
-0.002856 0.109898 0.398559 86 71 44
0.026688 0.164557 0.405639 145 111 69
0.027417 0.164948 0.405277 147 114 71
-0.002009 0.109815 0.398695 92 78 52
0.027755 0.164183 0.406180 147 114 74
0.028103 0.164642 0.405756 148 117 75
-0.000802 0.109791 0.399102 98 88 63
-0.000299 0.109898 0.399632 98 88 64
0.028328 0.163975 0.406597 148 117 76
0.028675 0.164105 0.406644 149 118 78
0.000737 0.109915 0.399690 97 88 66
0.001645 0.110010 0.399918 92 84 64
0.002331 0.110126 0.400305 86 80 60
0.003292 0.110291 0.400550 87 82 63
0.004073 0.110549 0.400932 95 89 72
0.004791 0.110819 0.400985 94 89 72
0.005494 0.111468 0.401325 100 96 79
0.006475 0.112251 0.401641 116 112 96
0.007394 0.115141 0.401853 108 104 88
0.008021 0.115625 0.401951 115 111 95
0.008448 0.116958 0.402106 110 107 91
0.009198 0.118029 0.402278 115 112 96
0.009880 0.119023 0.402477 120 116 100
0.010356 0.119951 0.402532 121 117 101
0.011355 0.120980 0.402738 127 122 106
0.011935 0.122065 0.402714 128 123 107
0.007097 0.112591 0.401618 122 118 102
0.007753 0.112984 0.402056 124 121 105
0.008309 0.113349 0.402743 127 123 107
0.008939 0.115734 0.401816 126 122 106
0.009482 0.116260 0.402423 127 123 107
0.010450 0.117268 0.402689 130 125 108
0.010892 0.118154 0.402568 129 124 108
0.011205 0.119723 0.402624 128 123 107
0.011963 0.120862 0.402869 130 125 109
0.012421 0.121976 0.403149 129 125 109
0.012971 0.122622 0.403379 130 126 110
0.023199 0.140840 0.406287 155 143 120
0.023429 0.141062 0.406241 155 143 120
0.024457 0.142322 0.406679 161 148 121
0.008736 0.113038 0.401978 125 122 105
0.009353 0.113422 0.402632 128 124 107
0.010262 0.113761 0.402889 130 125 108
0.011408 0.117841 0.402534 131 126 109
0.022563 0.136440 0.406360 140 132 116
0.023546 0.138217 0.406605 143 133 113
0.023429 0.140409 0.406538 154 142 119
0.024230 0.141479 0.406653 159 146 122
0.024598 0.142185 0.406701 160 147 121
0.025475 0.143047 0.406917 163 148 120
0.010805 0.114163 0.403054 131 126 109
0.011615 0.114982 0.403350 135 129 111
0.012474 0.116049 0.403584 137 130 113
0.013212 0.116963 0.403763 138 131 113
0.013760 0.118047 0.404002 139 132 114
0.014351 0.119179 0.404130 140 132 114
0.015052 0.120408 0.404204 139 132 114
0.015579 0.121297 0.404359 139 132 114
0.016301 0.122414 0.404441 139 132 114
0.016875 0.123416 0.404700 138 131 113
0.017465 0.124444 0.404838 139 132 114
0.018117 0.125387 0.404633 138 131 113
0.022610 0.136158 0.406420 140 132 116
0.023448 0.137611 0.406627 142 132 113
0.023812 0.138017 0.406503 142 132 113
0.011490 0.112625 0.403955 113 108 85
0.012029 0.113286 0.403850 118 112 89
0.012868 0.114252 0.403873 114 109 87
0.013596 0.115306 0.404045 111 106 83
0.014195 0.116150 0.403895 111 105 83
0.014253 0.117922 0.403551 138 131 113
0.014914 0.119069 0.403766 139 132 114
0.015499 0.120162 0.404031 140 133 115
0.016037 0.121142 0.404163 140 133 115
0.016711 0.122368 0.404586 139 132 114
0.017308 0.123218 0.404675 132 126 109
0.017862 0.124281 0.404767 139 132 114
0.018493 0.125329 0.404891 143 135 116
0.019362 0.126283 0.404817 132 126 111
0.013947 0.115368 0.404531 105 101 77
0.014515 0.116148 0.404249 105 101 77
0.015034 0.116922 0.404502 103 100 76
0.034386 0.135223 0.410102 95 86 62
0.034837 0.135116 0.410005 95 84 58
0.035443 0.135682 0.410604 95 85 59
0.036501 0.135463 0.410914 94 79 52
0.036990 0.135659 0.411276 95 79 51
0.037944 0.136831 0.411068 90 75 49
0.037395 0.135267 0.410827 92 75 47
0.038040 0.135700 0.411444 92 75 47
0.038559 0.136631 0.411712 91 75 48
0.039263 0.137617 0.411755 89 74 48
0.040154 0.138364 0.412138 88 73 47
0.038722 0.135487 0.411726 91 73 47
0.038914 0.136014 0.412151 92 75 48
0.039819 0.137624 0.412446 92 75 48
0.040952 0.138384 0.412430 86 70 45
0.041499 0.139179 0.412694 86 71 46
0.042207 0.139789 0.412623 84 70 46
0.041563 0.138171 0.412560 85 67 43
0.042653 0.138883 0.413051 84 66 43
0.043050 0.139446 0.413365 83 66 43
0.043466 0.138147 0.413163 86 67 44
0.044071 0.139203 0.413444 83 66 43
0.044602 0.139649 0.414322 83 65 43
0.041617 0.131267 0.412498 139 119 85
0.041860 0.131979 0.412692 134 115 81
0.042311 0.133025 0.412862 129 110 77
0.042889 0.134236 0.412934 124 106 74
0.043481 0.135023 0.413233 121 102 71
0.044103 0.136943 0.413133 107 89 63
0.044583 0.137480 0.413442 106 88 61
0.045017 0.138662 0.413830 94 76 51
0.045339 0.139509 0.414429 85 67 43
0.042143 0.130752 0.412873 140 119 85
0.042520 0.131449 0.413226 137 116 81
0.043020 0.132582 0.413616 132 111 77
0.043588 0.133571 0.413829 128 108 74
0.044094 0.134582 0.413948 124 105 73
0.045293 0.137496 0.414042 110 92 64
0.045927 0.138084 0.414580 107 89 61
0.046185 0.138987 0.414809 98 80 53
0.043247 0.129941 0.413381 136 114 78
0.043505 0.130851 0.413788 135 113 76
0.044053 0.131950 0.414292 133 110 74
0.044426 0.132956 0.414523 132 109 74
0.044715 0.134446 0.414387 121 101 69
0.046565 0.137925 0.415014 106 87 59
0.044222 0.129541 0.413764 132 109 73
0.044587 0.130139 0.414145 131 108 71
0.045088 0.131202 0.414715 130 106 69
0.045574 0.132262 0.415006 130 107 70
0.045643 0.129641 0.414470 128 105 69
0.046078 0.130789 0.414993 124 102 65
0.046789 0.131410 0.415138 122 101 67
0.046627 0.132563 0.415395 125 100 66
0.046751 0.129365 0.414739 127 105 69
0.047132 0.130180 0.415239 124 101 66
0.047647 0.131017 0.415481 122 101 66
0.047962 0.131841 0.415894 118 97 62
0.047599 0.128971 0.414950 126 104 69
0.048324 0.129486 0.415499 124 102 67
0.048727 0.130490 0.415913 122 100 65
0.049196 0.131213 0.416342 119 97 63
0.050408 0.132708 0.416138 118 101 69
0.050665 0.133359 0.416703 105 89 60
0.049462 0.129054 0.415800 125 103 69
0.049834 0.129953 0.416218 123 100 67
0.050465 0.131064 0.416352 122 100 68
0.050993 0.132194 0.416559 120 100 68
0.051483 0.133115 0.416918 117 98 65
0.050450 0.128740 0.415993 127 104 71
0.050829 0.129324 0.416526 126 103 70
0.051324 0.130456 0.416770 122 100 68
0.051605 0.131361 0.417099 121 98 68
0.051923 0.128853 0.416780 130 106 73
0.052260 0.129562 0.417472 129 106 74
0.053039 0.128372 0.417080 133 108 74
0.053334 0.129173 0.417781 133 109 78
0.054250 0.127801 0.417427 134 109 77
0.054486 0.128575 0.418076 136 113 82
0.054675 0.129286 0.418593 136 114 84
0.055070 0.127307 0.417754 136 113 83
0.055312 0.127992 0.418359 139 118 88
-0.018212 0.134732 0.392688 124 95 58
-0.017728 0.135572 0.392674 127 98 61
-0.017123 0.136533 0.392742 130 101 64
-0.016665 0.137341 0.392984 131 103 67
-0.019093 0.130686 0.392428 111 78 42
-0.018827 0.131758 0.392416 117 86 49
-0.018504 0.133047 0.392465 122 91 54
-0.018234 0.134110 0.392349 123 94 56
-0.016228 0.137775 0.392869 132 104 68
-0.015523 0.138721 0.393154 134 106 70
-0.014735 0.139604 0.393368 136 108 71
-0.013896 0.140494 0.393651 137 108 70
-0.013203 0.141154 0.393706 136 107 68
-0.019406 0.127911 0.392462 100 66 32
-0.019340 0.129171 0.392402 102 68 33
-0.019219 0.130007 0.392391 107 74 38
-0.012847 0.141557 0.393969 136 106 67
-0.012068 0.142306 0.394166 134 104 64
-0.011054 0.143225 0.394483 133 101 61
-0.010397 0.143790 0.394697 131 100 60
-0.019233 0.126189 0.392638 94 62 32
-0.019393 0.127191 0.392626 99 66 34
-0.009901 0.144162 0.394833 131 99 59
-0.009022 0.144768 0.395129 130 96 56
-0.008257 0.145294 0.395441 130 95 54
-0.018633 0.123566 0.392605 85 54 26
-0.018932 0.124472 0.392899 86 55 27
-0.007564 0.145647 0.395647 131 96 54
-0.006608 0.146160 0.395907 134 97 56
-0.018354 0.121898 0.393040 112 78 45
-0.018581 0.122814 0.393139 101 69 38
-0.005973 0.146442 0.396295 139 101 58
-0.005102 0.146841 0.396414 142 103 59
-0.004246 0.147424 0.396251 136 98 55
-0.017951 0.120202 0.393474 126 89 49
-0.018221 0.121066 0.393362 122 87 50
-0.004430 0.146876 0.397068 151 112 65
-0.003692 0.147476 0.396963 146 107 62
-0.002724 0.148322 0.396931 138 99 56
-0.002042 0.149131 0.396912 127 88 47
-0.017602 0.119334 0.393681 121 84 44
-0.002137 0.148084 0.397651 154 115 70
-0.001255 0.148684 0.397542 146 107 64
-0.016748 0.117859 0.393948 105 69 32
-0.017110 0.118413 0.394072 108 71 34
-0.000484 0.148912 0.398151 151 113 70
0.000424 0.149421 0.398233 142 105 63
0.001263 0.150054 0.398077 132 94 52
-0.016170 0.117118 0.394358 102 67 32
0.000992 0.149634 0.398979 148 112 70
0.001835 0.150133 0.398756 136 99 57
0.002741 0.150797 0.398692 129 91 50
0.003517 0.151568 0.398692 136 95 52
-0.014994 0.115628 0.394373 105 73 38
-0.015404 0.116188 0.394733 108 75 40
0.003254 0.150660 0.399466 131 94 53
0.004179 0.151503 0.399348 135 96 52
0.005085 0.152410 0.399279 157 115 67
0.005761 0.153248 0.399386 168 123 71
-0.014412 0.114977 0.395059 109 77 42
-0.014870 0.115557 0.395217 110 78 42
0.004893 0.151307 0.400136 134 94 52
0.005741 0.152067 0.400079 152 111 65
0.006430 0.153127 0.400014 167 122 71
0.007123 0.154065 0.400136 172 125 72
0.007859 0.155084 0.400202 174 126 73
0.008632 0.155991 0.400285 174 127 73
-0.013648 0.114163 0.395502 108 77 41
0.006487 0.151887 0.400830 152 112 66
0.007110 0.152683 0.400894 164 121 72
0.007847 0.153644 0.401044 172 126 74
0.008532 0.154611 0.401063 175 128 75
0.009260 0.155784 0.400977 175 128 75
0.009948 0.156826 0.400905 175 128 75
0.010782 0.157685 0.401001 176 128 75
0.011403 0.158311 0.401013 176 129 75
-0.012818 0.113420 0.395892 100 70 33
0.009181 0.154490 0.401672 175 129 76
0.009926 0.155405 0.401790 176 130 77
0.010735 0.156345 0.401839 176 129 76
0.011454 0.157359 0.401724 176 129 75
0.012113 0.158359 0.401589 176 129 74
0.012972 0.159274 0.401687 174 127 72
0.013654 0.160032 0.401711 172 125 71
-0.011831 0.112646 0.396218 96 68 33
0.011446 0.156271 0.402406 175 130 77
0.012116 0.156961 0.402464 175 129 76
0.012915 0.157877 0.402524 175 129 74
0.013647 0.158966 0.402422 173 127 72
0.014393 0.160057 0.402313 171 124 69
0.015173 0.160723 0.402378 170 122 68
-0.010824 0.111950 0.396651 96 69 35
0.013492 0.157718 0.403083 174 129 74
0.014308 0.158640 0.403171 173 127 72
0.015173 0.159579 0.403275 171 124 70
0.015918 0.160532 0.403100 170 122 68
0.016720 0.161322 0.403002 167 121 67
-0.009677 0.111297 0.397151 97 71 38
0.016712 0.160207 0.403898 169 122 68
0.017525 0.160970 0.403792 166 120 67
0.018344 0.161757 0.403530 160 116 66
-0.008748 0.110857 0.397476 97 73 41
0.018406 0.160705 0.404494 162 117 65
0.019142 0.161407 0.404330 155 111 64
0.019897 0.162170 0.404072 146 103 60
-0.007597 0.110461 0.397943 93 71 41
0.019771 0.161136 0.404985 150 108 62
0.020677 0.161989 0.404877 145 103 61
0.021580 0.162865 0.404696 140 101 62
-0.006624 0.110314 0.398302 87 67 38
-0.005973 0.110271 0.398457 84 65 36
0.021481 0.161902 0.405567 141 101 61
0.022314 0.162551 0.405472 139 102 64
0.023078 0.163553 0.405148 145 108 68
0.023677 0.164204 0.405323 147 110 68
-0.005017 0.110207 0.398893 86 67 38
0.023112 0.162368 0.406112 143 107 69
0.023962 0.163059 0.406012 147 110 71
0.024599 0.163946 0.406067 144 109 68
0.025462 0.164376 0.405959 142 107 66
-0.003939 0.110131 0.399204 81 64 37
-0.003368 0.110145 0.399540 77 60 35
0.024865 0.162728 0.406752 147 110 71
0.025533 0.163513 0.406829 143 108 69
0.026172 0.164128 0.406411 143 108 68
-0.002340 0.110094 0.399836 84 70 46
0.026193 0.163206 0.407227 145 109 70
0.027194 0.163648 0.406956 145 111 72
-0.001337 0.110079 0.400170 96 84 60
-0.000714 0.110129 0.400511 90 80 56
0.028292 0.163448 0.407484 147 115 75
0.029086 0.163858 0.407230 149 119 79
0.000393 0.110189 0.400817 93 84 62
0.001052 0.110349 0.401448 99 91 70
0.016517 0.138819 0.405379 148 153 137
0.029232 0.163092 0.408170 148 117 77
0.029669 0.163434 0.407924 149 119 80
0.001985 0.110394 0.401399 89 82 63
0.002532 0.110772 0.402102 85 78 60
0.030536 0.162911 0.408756 150 122 84
0.002904 0.110478 0.401444 85 78 60
0.003562 0.110887 0.401971 94 88 70
0.004262 0.111250 0.402570 93 88 72
0.015399 0.132007 0.405325 154 151 130
0.015584 0.132190 0.405160 154 151 130
0.017413 0.136223 0.405469 143 145 129
0.017660 0.137372 0.405825 144 146 130
0.005022 0.111547 0.402449 93 89 72
0.006089 0.112447 0.402770 108 105 88
0.006710 0.112982 0.402894 117 114 98
0.007273 0.115177 0.402537 105 101 85
0.007697 0.115808 0.403062 111 107 92
0.008154 0.116887 0.403332 113 109 93
0.008850 0.118016 0.403503 116 112 96
0.009557 0.118935 0.403456 119 115 99
0.010197 0.120121 0.403802 121 116 101
0.010785 0.120813 0.403629 125 120 104
0.015403 0.131304 0.405460 151 147 126
0.021899 0.141204 0.407110 154 142 119
0.022336 0.142090 0.407082 156 144 119
0.022483 0.142885 0.407247 158 144 119
0.023249 0.144149 0.407413 160 145 118
0.007209 0.113301 0.403121 121 118 102
0.008038 0.113531 0.403433 125 122 105
0.009033 0.116637 0.403534 125 121 105
0.009855 0.117345 0.403890 128 124 108
0.010536 0.118345 0.404142 129 124 108
0.010660 0.119797 0.404061 125 121 106
0.011404 0.120822 0.404193 127 123 107
0.012333 0.121821 0.404353 130 125 109
0.013030 0.122414 0.404432 131 126 111
0.022287 0.139477 0.407379 146 135 115
0.022685 0.140611 0.407020 152 140 118
0.023029 0.141607 0.407098 156 144 120
0.023739 0.142568 0.407331 160 146 121
0.024358 0.143600 0.407504 162 147 120
0.024660 0.144332 0.407826 163 148 119
0.008945 0.113626 0.403753 128 124 107
0.009910 0.114053 0.404131 133 127 111
0.011209 0.116896 0.404392 135 129 113
0.011348 0.117683 0.404545 135 129 114
0.011824 0.119153 0.404677 134 128 113
0.012927 0.119851 0.404919 137 131 114
0.013327 0.120767 0.405090 136 131 114
0.013231 0.122255 0.404621 132 127 112
0.021907 0.136445 0.407084 138 130 115
0.022782 0.137855 0.407056 142 133 114
0.022928 0.138650 0.407328 144 134 114
0.023164 0.139631 0.407374 148 136 115
0.023978 0.141434 0.406852 158 145 121
0.024506 0.142430 0.407059 160 147 120
0.025368 0.143328 0.407550 164 149 121
0.025632 0.143920 0.408214 166 150 121
0.009989 0.112023 0.404730 117 116 96
0.010404 0.112765 0.404514 125 122 102
0.010743 0.113944 0.404449 132 127 109
0.011325 0.115016 0.404480 134 129 112
0.011756 0.116299 0.404551 137 131 114
0.012474 0.117287 0.404809 138 131 114
0.012949 0.118432 0.404844 138 131 114
0.013492 0.119530 0.404921 138 132 115
0.014217 0.120623 0.404993 138 131 114
0.014976 0.121666 0.405132 138 131 113
0.015666 0.122690 0.405930 133 126 110
0.016213 0.123704 0.405666 132 126 109
0.016690 0.124884 0.405675 139 132 114
0.017331 0.126000 0.405949 139 132 114
0.017912 0.127120 0.406181 133 127 111
0.018388 0.127797 0.406426 144 136 118
0.022576 0.136042 0.407156 136 128 114
0.023590 0.138601 0.407642 145 134 113
0.026710 0.143637 0.408487 168 151 123
0.010965 0.112406 0.404517 110 108 86
0.011736 0.113184 0.404669 109 106 84
0.012441 0.114337 0.404764 111 108 85
0.012959 0.115085 0.404635 114 110 88
0.016344 0.122527 0.406217 113 110 96
0.016644 0.123164 0.406152 113 111 98
0.027706 0.143355 0.408903 168 152 123
0.012448 0.113268 0.405676 78 85 63
0.013064 0.114095 0.405297 92 93 71
0.013517 0.115109 0.405242 106 102 78
0.014264 0.116292 0.405635 107 102 78
0.014545 0.116838 0.405533 110 104 81
0.015704 0.118804 0.406366 107 105 83
0.016162 0.119030 0.406208 107 105 84
0.017784 0.122661 0.406854 116 119 105
0.035379 0.136086 0.411815 97 89 65
0.035569 0.136294 0.412354 98 89 65
0.036015 0.135701 0.411769 99 87 60
0.036463 0.136051 0.412355 100 87 59
0.037628 0.136018 0.412571 99 82 53
0.038143 0.136417 0.413050 99 82 53
0.039006 0.137368 0.412771 96 80 52
0.038359 0.135807 0.412943 98 80 51
0.038929 0.136364 0.413097 97 79 50
0.039467 0.137422 0.413434 98 81 52
0.040558 0.138269 0.413624 96 79 51
0.041411 0.139042 0.413648 91 75 49
0.041211 0.138498 0.414058 96 79 50
0.042132 0.138988 0.414090 91 74 48
0.042658 0.139685 0.414175 88 72 47
0.043006 0.138873 0.413947 87 69 45
0.043542 0.139599 0.414523 87 70 45
0.044288 0.140217 0.414989 86 69 45
0.045328 0.139968 0.415188 85 67 43
0.046421 0.138293 0.415180 110 91 62
0.046335 0.139386 0.415508 92 73 47
0.046894 0.140170 0.416291 87 69 43
0.044731 0.132849 0.414955 129 105 69
0.046984 0.137855 0.415784 111 91 61
0.047364 0.138721 0.416123 104 84 54
0.047300 0.139492 0.416523 94 75 46
0.045533 0.132583 0.415305 128 104 67
0.045794 0.133091 0.415455 127 103 66
0.047670 0.137306 0.416307 118 97 64
0.048200 0.137976 0.416641 111 90 58
0.048678 0.138592 0.417060 108 86 54
0.046501 0.131980 0.415744 124 99 62
0.047012 0.132719 0.416131 122 96 60
0.047867 0.133902 0.416361 122 97 62
0.048540 0.134987 0.416743 126 102 66
0.049347 0.137812 0.417201 115 92 58
0.049694 0.137923 0.417460 113 90 55
0.047531 0.131565 0.416109 119 95 59
0.047784 0.132331 0.416410 119 95 58
0.048335 0.133669 0.416632 122 97 61
0.048847 0.134730 0.416936 122 98 62
0.049469 0.135726 0.417296 121 96 61
0.050033 0.137378 0.417620 118 94 60
0.050511 0.137562 0.417808 116 91 57
0.048559 0.131148 0.416459 118 94 59
0.048908 0.131368 0.416575 118 94 59
0.050938 0.133768 0.417180 101 86 56
0.050259 0.131184 0.417073 117 94 61
0.050867 0.132467 0.417393 115 91 59
0.051353 0.133212 0.417579 110 88 57
0.051997 0.134157 0.418091 100 81 51
0.052397 0.134993 0.418678 111 86 52
0.051296 0.130681 0.417511 119 96 65
0.051786 0.131648 0.417757 116 93 63
0.052228 0.132664 0.418126 112 88 58
0.052757 0.133816 0.418676 107 83 51
0.052973 0.134662 0.418928 103 80 48
0.052360 0.130256 0.417904 124 102 71
0.052684 0.131030 0.418320 119 97 67
0.053164 0.132098 0.418895 112 90 61
0.053521 0.133226 0.419146 106 83 55
0.053872 0.134091 0.419352 104 80 50
0.053095 0.130032 0.418077 129 107 76
0.053710 0.130460 0.418648 127 105 76
0.054177 0.131597 0.419338 119 98 70
0.054352 0.132182 0.419660 114 94 67
0.054848 0.129826 0.418998 134 113 84
0.055202 0.130863 0.419648 128 109 82
0.055601 0.131483 0.420120 125 107 81
0.055244 0.128734 0.418943 140 121 93
0.055476 0.129338 0.419332 138 119 91
0.056067 0.130430 0.420027 134 116 90
0.056610 0.131089 0.420497 133 115 90
-0.018622 0.134688 0.393579 110 86 53
-0.018195 0.135605 0.393782 110 86 54
-0.017612 0.136661 0.393897 119 94 61
-0.017110 0.137584 0.394202 125 101 69
-0.019520 0.130754 0.393646 103 74 41
-0.019320 0.131852 0.393692 106 79 46
-0.018973 0.133137 0.393666 109 83 50
-0.018790 0.134128 0.393779 104 80 48
-0.016565 0.138063 0.394147 130 106 73
-0.015929 0.138712 0.394455 135 111 77
-0.015022 0.139549 0.394659 140 115 81
-0.014200 0.140408 0.394897 144 118 81
-0.013508 0.141061 0.394587 141 113 75
-0.019836 0.127996 0.393694 114 82 48
-0.019792 0.129251 0.393649 107 75 41
-0.019660 0.130132 0.393687 103 73 40
-0.013937 0.140819 0.395467 146 121 84
-0.013289 0.141372 0.395204 143 116 78
-0.012342 0.142343 0.395497 141 112 73
-0.011375 0.143148 0.395747 139 110 70
-0.010701 0.143637 0.395350 136 106 65
-0.019695 0.126285 0.393887 115 83 50
-0.019758 0.127268 0.393665 115 83 50
-0.010996 0.143474 0.396314 142 112 72
-0.010228 0.144017 0.396170 140 109 69
-0.009239 0.144645 0.396312 139 107 66
-0.019300 0.124561 0.394141 109 76 44
-0.008751 0.144727 0.396976 144 112 70
-0.007798 0.145293 0.396835 142 108 65
-0.006829 0.145919 0.396658 141 104 62
-0.018567 0.121916 0.393941 123 88 53
-0.018890 0.122904 0.394378 121 86 52
-0.007090 0.145361 0.397611 145 111 68
-0.006168 0.145908 0.397394 145 109 64
-0.005220 0.146390 0.397145 148 110 64
-0.018462 0.121174 0.394644 124 88 50
-0.018808 0.122086 0.395000 130 93 56
-0.005470 0.145840 0.398135 145 110 64
-0.004580 0.146340 0.398002 149 111 64
-0.003635 0.146948 0.397888 154 115 67
-0.017829 0.119658 0.394919 112 75 38
-0.018180 0.120343 0.395326 116 79 42
-0.003857 0.146306 0.398796 150 113 67
-0.003057 0.146977 0.398655 155 117 70
-0.002136 0.147682 0.398564 157 119 72
-0.001339 0.148280 0.398426 158 120 75
-0.016756 0.117979 0.394863 102 67 32
-0.017166 0.118625 0.395326 108 72 36
-0.002443 0.146998 0.399416 158 120 73
-0.001655 0.147601 0.399369 158 121 74
-0.000713 0.148376 0.399258 159 122 76
0.000180 0.149072 0.399163 155 119 75
-0.016297 0.117394 0.395531 115 80 45
-0.016672 0.117915 0.395845 118 83 47
-0.000106 0.148430 0.400061 160 124 79
0.000758 0.149128 0.399925 158 122 77
0.001642 0.149753 0.399842 151 116 73
-0.015651 0.116618 0.395996 116 83 47
0.002167 0.149812 0.400537 154 118 75
0.003152 0.150306 0.400517 142 107 66
0.004133 0.150757 0.400269 130 93 53
-0.014371 0.114959 0.396018 107 75 39
-0.014790 0.115641 0.396420 106 73 37
0.003798 0.150477 0.401078 140 105 64
0.004781 0.150842 0.401054 134 97 56
0.005762 0.151395 0.400896 138 99 56
-0.013847 0.114476 0.396617 102 70 34
-0.014190 0.114926 0.397096 97 64 29
0.005633 0.150904 0.401770 134 98 57
0.006486 0.151346 0.401571 142 104 60
0.007423 0.152305 0.401414 161 119 71
0.008066 0.153116 0.401534 170 125 74
-0.013085 0.113759 0.397140 105 73 37
0.007191 0.151311 0.402291 145 107 64
0.007969 0.151904 0.402194 157 117 70
0.008694 0.153042 0.402080 169 126 75
0.009373 0.153983 0.402112 173 128 76
0.010168 0.154963 0.402252 176 130 77
0.010822 0.155678 0.402349 176 131 78
-0.012163 0.112985 0.397551 111 79 42
0.008749 0.151708 0.402976 156 118 72
0.009460 0.152426 0.403016 166 125 77
0.010089 0.153483 0.402973 171 128 78
0.010813 0.154646 0.402958 174 130 78
0.011550 0.155692 0.402856 175 130 77
0.012426 0.156584 0.402940 174 129 76
0.012940 0.157197 0.403023 174 130 75
-0.011168 0.112218 0.397904 111 80 42
0.010067 0.152280 0.403584 165 126 79
0.010689 0.153119 0.403680 169 128 80
0.011617 0.154159 0.403831 172 130 80
0.012385 0.155184 0.403783 173 130 78
0.013086 0.156222 0.403695 172 129 76
0.013760 0.157203 0.403622 171 126 73
0.014586 0.158155 0.403705 170 125 70
0.015373 0.158994 0.403821 171 124 71
-0.010127 0.111575 0.398327 110 80 42
0.012414 0.154260 0.404333 173 132 81
0.013106 0.154841 0.404473 172 131 79
0.013828 0.155710 0.404587 171 129 77
0.014579 0.156610 0.404602 165 121 69
0.015294 0.157774 0.404496 165 119 67
0.016044 0.158904 0.404391 169 123 71
0.016779 0.159674 0.404369 169 122 70
-0.009039 0.111118 0.398771 109 81 45
0.015256 0.156404 0.405196 160 116 65
0.016053 0.157333 0.405303 159 115 64
0.016838 0.158346 0.405285 166 120 70
0.017581 0.159388 0.405051 168 121 70
0.018328 0.160179 0.404912 165 118 66
-0.007943 0.110759 0.399181 105 80 47
0.017523 0.158131 0.405877 165 120 71
0.018338 0.158849 0.405918 166 120 70
0.019121 0.159828 0.405654 163 118 67
0.019956 0.160712 0.405514 153 110 63
0.020779 0.161277 0.405619 145 102 59
-0.007059 0.110477 0.399298 100 77 46
-0.006611 0.110438 0.399835 100 79 48
0.019111 0.158763 0.406460 165 120 70
0.019883 0.159451 0.406483 162 117 67
0.020629 0.160342 0.406344 152 109 62
0.021435 0.161282 0.406133 144 102 60
0.022254 0.161937 0.406120 137 100 62
-0.005442 0.110296 0.400119 100 81 53
0.021240 0.160020 0.407074 148 104 60
0.022277 0.160873 0.407016 140 100 60
0.023151 0.161781 0.406702 143 106 68
0.024023 0.162247 0.406728 150 112 73
-0.004468 0.110272 0.400463 98 81 54
-0.003836 0.110302 0.400735 93 77 52
0.023231 0.160660 0.407731 141 103 64
0.023998 0.161348 0.407573 147 109 70
0.024813 0.162160 0.407234 149 112 73
0.025287 0.163136 0.407181 145 109 70
-0.002722 0.110312 0.401135 90 76 54
0.024812 0.161063 0.408274 150 112 70
0.025614 0.161776 0.408024 148 111 70
0.026332 0.162741 0.407845 145 110 71
0.027032 0.163241 0.407759 146 110 72
-0.001866 0.110327 0.401346 95 84 62
-0.001211 0.110406 0.401698 89 79 57
0.012919 0.135809 0.405595 158 158 143
0.013330 0.136572 0.405659 154 155 141
0.026477 0.161409 0.408780 146 111 70
0.027232 0.162228 0.408521 146 111 70
0.027775 0.162902 0.408248 145 111 71
-0.000160 0.110489 0.401958 80 71 49
0.000593 0.110741 0.402472 93 84 64
0.013634 0.135641 0.405845 157 158 142
0.013941 0.136275 0.405781 153 155 140
0.015074 0.137845 0.406310 148 150 136
0.015798 0.138367 0.406064 147 151 136
0.027342 0.161198 0.409291 146 111 70
0.028118 0.161713 0.409227 144 110 70
0.028954 0.162491 0.408874 146 115 76
0.001517 0.110818 0.402468 97 89 69
0.002153 0.111088 0.402971 91 84 65
0.015302 0.135834 0.406482 148 151 136
0.015990 0.137003 0.406579 144 147 132
0.016470 0.137560 0.406731 141 144 129
0.029177 0.161281 0.409877 145 112 74
0.029969 0.162101 0.409523 149 119 81
0.030668 0.162711 0.409192 151 122 85
0.003118 0.111215 0.403133 97 91 74
0.003775 0.111459 0.403606 98 93 76
0.014266 0.130891 0.406328 154 151 129
0.014645 0.131724 0.406066 154 152 131
0.014994 0.132678 0.405927 155 155 135
0.015953 0.134394 0.406896 143 142 127
0.016131 0.135201 0.406467 145 146 131
0.016602 0.136215 0.406310 142 144 129
0.017271 0.137578 0.406690 139 139 124
0.017582 0.138451 0.407169 138 136 120
0.020934 0.142906 0.408152 156 143 119
0.021356 0.143678 0.408191 157 144 118
0.029841 0.160811 0.410223 147 116 79
0.030880 0.161679 0.410167 154 125 89
0.031182 0.162309 0.409616 153 125 89
0.004622 0.111728 0.403666 92 87 71
0.005644 0.112570 0.404007 103 100 83
0.006304 0.112992 0.403969 113 110 94
0.007100 0.116023 0.404347 108 104 88
0.007809 0.116973 0.404245 113 109 94
0.008609 0.118013 0.404354 117 112 97
0.009230 0.118916 0.404708 120 115 100
0.009991 0.120125 0.404457 121 116 100
0.013741 0.128066 0.406357 145 138 121
0.014765 0.130668 0.406591 146 140 122
0.015116 0.131098 0.406020 150 146 125
0.020670 0.140454 0.408259 148 137 116
0.021344 0.141133 0.407949 152 140 118
0.021755 0.142225 0.407938 156 143 120
0.022218 0.143241 0.408079 159 145 119
0.022998 0.144452 0.408194 160 145 118
0.023434 0.145472 0.408488 162 146 117
0.031811 0.161459 0.410730 158 132 97
0.032082 0.161736 0.410668 158 132 97
0.006725 0.113377 0.404370 118 114 99
0.007595 0.113752 0.404700 123 120 104
0.008706 0.116866 0.404481 123 119 104
0.009311 0.117620 0.404937 126 121 106
0.009861 0.118604 0.405160 126 121 106
0.010546 0.119587 0.405358 127 122 107
0.011284 0.120579 0.405497 129 124 109
0.012270 0.121478 0.405180 132 127 112
0.013617 0.125952 0.406663 139 132 116
0.016430 0.130513 0.407243 129 124 109
0.016789 0.131494 0.407391 129 123 108
0.017251 0.132686 0.407504 147 143 132
0.020230 0.137309 0.408028 140 132 117
0.020806 0.138151 0.408058 142 133 116
0.021530 0.139513 0.408176 145 134 114
0.021896 0.140520 0.408023 150 138 116
0.022350 0.141698 0.408102 156 143 120
0.022992 0.142847 0.407790 159 146 120
0.023755 0.144100 0.408013 161 147 119
0.024326 0.144904 0.408600 164 148 119
0.024521 0.145720 0.409282 164 147 117
0.008535 0.113906 0.404927 127 123 107
0.009432 0.114213 0.405296 132 127 110
0.010425 0.117026 0.405441 134 128 113
0.011087 0.117864 0.405697 135 129 114
0.011557 0.118950 0.405753 134 128 113
0.012116 0.120138 0.405896 135 129 113
0.012637 0.121349 0.405584 134 128 113
0.013076 0.122053 0.405667 135 130 115
0.013873 0.124030 0.406821 130 123 107
0.014140 0.124147 0.406653 129 122 107
0.016405 0.129027 0.407472 123 119 103
0.016778 0.130072 0.407534 126 122 107
0.021267 0.136735 0.408006 137 129 114
0.021704 0.137821 0.408220 139 129 112
0.022455 0.138879 0.408299 143 132 113
0.022694 0.139543 0.408181 147 135 114
0.025542 0.144486 0.408806 167 150 121
0.025790 0.145097 0.409558 167 150 121
0.009898 0.112023 0.404955 118 117 96
0.009951 0.112932 0.405546 121 119 99
0.010344 0.114008 0.405594 129 125 105
0.010797 0.115059 0.405788 133 127 109
0.011362 0.116302 0.405969 136 129 112
0.012086 0.117290 0.406040 137 130 113
0.012489 0.118409 0.406064 141 134 118
0.013114 0.119547 0.406065 142 135 119
0.014011 0.120667 0.405926 142 135 118
0.014629 0.121624 0.406678 128 122 107
0.015079 0.122903 0.406871 118 113 100
0.015586 0.123649 0.406764 119 114 101
0.022016 0.136029 0.407757 135 129 115
0.022840 0.136934 0.409040 133 124 107
0.023114 0.138101 0.408663 138 128 108
0.026764 0.143911 0.409112 168 152 122
0.026971 0.144562 0.409835 168 151 121
0.010637 0.112676 0.405630 111 109 88
0.011344 0.113363 0.406031 106 103 80
0.011994 0.114447 0.406208 109 104 80
0.012482 0.115537 0.406471 118 109 85
0.012905 0.116683 0.406514 119 110 89
0.013147 0.117463 0.406702 121 110 89
0.015084 0.121723 0.407345 115 110 96
0.015621 0.122266 0.406850 114 110 96
0.016422 0.123590 0.406554 115 112 100
0.017657 0.125532 0.408160 118 118 106
0.017795 0.126445 0.408150 121 122 109
0.027530 0.143581 0.409258 168 152 123
0.027938 0.143994 0.410320 169 152 122
0.012403 0.113242 0.405847 79 83 61
0.012882 0.114065 0.406530 92 90 65
0.013282 0.115041 0.406592 100 95 70
0.013756 0.116121 0.406473 109 101 75
0.014475 0.117496 0.407156 108 105 83
0.015175 0.118222 0.407121 119 116 97
0.016034 0.119500 0.407456 113 112 93
0.016292 0.120224 0.407370 115 112 96
0.016999 0.121674 0.407546 116 118 103
0.017425 0.122596 0.407171 116 117 104
0.028550 0.143609 0.410840 169 153 123
0.016009 0.118310 0.407272 128 125 108
0.034922 0.136173 0.412457 96 89 67
0.035539 0.136654 0.412783 97 89 66
0.036261 0.136585 0.413406 101 89 62
0.036407 0.137282 0.414020 99 89 63
0.037078 0.136293 0.413540 102 87 57
0.037680 0.136777 0.414149 102 86 56
0.038919 0.136531 0.414334 101 83 51
0.039476 0.137338 0.414485 101 83 52
0.040157 0.138055 0.414744 101 83 52
0.039893 0.135993 0.414669 101 81 49
0.040316 0.136660 0.415098 101 82 49
0.040722 0.138194 0.415218 101 82 51
0.041559 0.138970 0.415270 99 81 51
0.042516 0.139754 0.415595 96 79 50
0.043064 0.140320 0.415640 94 78 50
0.040922 0.135911 0.414902 100 80 48
0.043151 0.139925 0.415452 93 76 48
0.043895 0.140666 0.415904 93 76 49
0.044455 0.141107 0.416438 94 77 49
0.045299 0.140404 0.416039 90 72 46
0.045303 0.140773 0.416740 94 76 48
0.046126 0.141445 0.417451 96 77 49
0.045909 0.140051 0.416198 90 71 45
0.046495 0.140518 0.416956 92 73 46
0.046702 0.141153 0.417203 92 73 46
0.047073 0.138735 0.417445 98 76 44
0.047367 0.139600 0.417444 96 75 45
0.048013 0.137029 0.417238 116 92 56
0.048095 0.138175 0.417608 107 83 49
0.048350 0.138853 0.417914 103 80 46
0.048262 0.136926 0.417482 118 94 57
0.049015 0.137591 0.418001 111 86 50
0.049392 0.138325 0.418382 107 82 46
0.049873 0.137134 0.418409 112 86 48
0.050419 0.137827 0.418677 108 81 44
0.051256 0.136576 0.419052 112 85 49
0.051490 0.137218 0.419151 108 81 44
0.052047 0.135860 0.419433 110 83 47
0.052638 0.136828 0.419686 105 77 43
0.053395 0.137120 0.419615 106 79 46
0.052909 0.134362 0.419104 104 81 48
0.053212 0.135088 0.419264 105 81 48
0.053513 0.136249 0.419815 106 79 45
0.053973 0.136797 0.420100 101 74 40
0.053944 0.133314 0.419627 103 81 54
0.054334 0.134435 0.419786 101 77 48
0.054665 0.135474 0.420335 98 74 43
0.054996 0.136221 0.420626 99 73 40
0.054600 0.132720 0.419999 109 89 63
0.055118 0.133789 0.420539 103 82 56
0.055499 0.134942 0.420875 99 77 49
0.055973 0.135807 0.421269 95 71 43
0.055608 0.132087 0.420377 120 102 77
0.055964 0.133137 0.421148 112 95 73
0.056173 0.134389 0.421428 103 84 60
0.056683 0.131600 0.420795 129 113 88
0.056819 0.132525 0.421508 122 107 86
-0.019784 0.133958 0.395105 66 50 30
-0.019345 0.134707 0.394961 69 52 31
-0.018961 0.135826 0.394916 79 61 37
-0.018346 0.136872 0.395062 92 73 48
-0.017614 0.137755 0.395295 107 87 61
-0.019916 0.130840 0.394840 92 68 41
-0.019693 0.131922 0.394928 80 58 34
-0.019521 0.133192 0.394897 77 57 34
-0.019086 0.134151 0.394487 83 63 36
-0.016970 0.138249 0.395416 116 96 68
-0.016337 0.138737 0.395700 123 103 74
-0.015322 0.139491 0.395956 137 115 85
-0.014630 0.140133 0.395906 146 123 90
-0.020324 0.127980 0.394967 127 96 61
-0.020216 0.129358 0.394907 113 84 53
-0.020094 0.130245 0.394963 100 74 46
-0.014967 0.139863 0.396565 139 118 88
-0.014336 0.140444 0.396294 147 124 91
-0.013543 0.141286 0.396561 149 125 90
-0.012557 0.142219 0.396818 148 122 85
-0.011751 0.142972 0.396737 145 117 78
-0.020165 0.126362 0.395105 130 96 59
-0.012129 0.142599 0.397474 149 124 87
-0.011339 0.143223 0.397316 146 120 82
-0.010358 0.143805 0.397479 147 118 79
-0.009559 0.144260 0.397299 147 116 76
-0.019737 0.124702 0.395398 135 99 61
-0.009785 0.143887 0.398184 148 120 81
-0.008915 0.144360 0.397974 148 117 76
-0.008022 0.144822 0.397876 147 116 73
-0.019236 0.123065 0.395641 133 96 58
-0.019536 0.123858 0.395692 138 102 63
-0.008205 0.144510 0.398730 147 116 74
-0.007319 0.144935 0.398545 145 114 70
-0.006416 0.145444 0.398362 144 111 67
-0.018651 0.121369 0.395915 124 88 50
-0.018979 0.122185 0.395937 127 90 52
-0.006546 0.145008 0.399236 142 111 67
-0.005591 0.145378 0.399106 143 110 65
-0.004669 0.145803 0.398946 145 110 64
-0.017828 0.119743 0.396071 118 81 45
-0.018176 0.120358 0.396336 123 86 49
-0.004809 0.145373 0.399865 143 110 66
-0.003989 0.145866 0.399709 148 113 68
-0.003102 0.146476 0.399603 154 118 72
-0.017402 0.119085 0.396616 123 87 50
-0.003316 0.145980 0.400472 153 118 74
-0.002566 0.146531 0.400286 156 121 76
-0.001637 0.147150 0.400259 159 123 78
-0.000856 0.147788 0.400119 160 124 78
-0.016302 0.117429 0.396609 123 89 51
-0.016664 0.118000 0.396958 124 90 51
-0.000978 0.147098 0.401060 163 128 84
-0.000143 0.147873 0.400841 163 127 82
0.000752 0.148662 0.400759 163 127 82
-0.015778 0.116916 0.397173 116 82 44
-0.016135 0.117364 0.397481 120 86 48
0.000463 0.147728 0.401650 163 129 86
0.001295 0.148521 0.401540 162 127 83
0.002191 0.149349 0.401463 160 125 80
0.002890 0.149958 0.401443 155 120 77
-0.014911 0.116180 0.397672 102 68 32
0.001994 0.148443 0.402210 160 125 81
0.002737 0.149206 0.402269 160 125 82
0.003632 0.150017 0.402211 153 118 76
0.004462 0.150491 0.402235 142 108 68
-0.014059 0.115244 0.398048 105 71 36
0.004316 0.149947 0.402961 153 119 78
0.005342 0.150592 0.402797 140 106 65
0.006157 0.150842 0.402678 137 102 62
-0.013092 0.113938 0.398115 112 79 42
-0.013409 0.114402 0.398556 112 79 43
0.006090 0.150611 0.403451 140 107 67
0.006956 0.150931 0.403295 142 107 67
0.007895 0.151344 0.403063 149 112 69
-0.012382 0.113398 0.398750 116 82 44
-0.012823 0.113891 0.399141 115 81 43
0.007660 0.150995 0.404022 146 111 70
0.008541 0.151258 0.403816 151 114 71
0.009484 0.151827 0.403452 161 122 77
-0.011441 0.112693 0.399194 119 85 46
0.009427 0.151242 0.404435 154 118 75
0.010266 0.151755 0.404282 161 124 80
0.011047 0.152762 0.404237 168 128 81
0.011830 0.153570 0.404313 170 130 81
-0.010347 0.112004 0.399570 120 89 50
0.010980 0.151501 0.405133 161 127 84
0.011786 0.152292 0.405072 166 129 84
0.012555 0.153409 0.404897 170 131 83
0.013369 0.154430 0.404893 171 132 81
0.014118 0.155305 0.405027 170 130 78
-0.009363 0.111521 0.400033 119 91 56
0.012486 0.152069 0.405735 166 131 86
0.013350 0.152905 0.405746 170 132 84
0.014069 0.153984 0.405612 171 132 82
0.014745 0.155029 0.405534 170 130 79
0.015479 0.155973 0.405543 161 118 68
0.016283 0.156922 0.405666 157 112 62
0.016891 0.157712 0.405745 163 118 69
-0.008333 0.111059 0.400131 112 87 55
-0.008131 0.111136 0.400736 112 89 61
0.014097 0.152729 0.406299 169 133 85
0.014938 0.153512 0.406397 170 133 84
0.015625 0.154455 0.406285 169 130 81
0.016278 0.155465 0.406242 159 118 69
0.016935 0.156653 0.406239 156 112 64
0.017717 0.157658 0.406315 163 118 70
0.018472 0.158312 0.406376 166 120 71
-0.007032 0.110817 0.400925 104 83 56
0.015677 0.153509 0.406895 170 134 85
0.016376 0.153829 0.406990 168 131 83
0.017110 0.154921 0.407077 159 119 72
0.017744 0.156084 0.407107 156 113 68
0.018458 0.157206 0.407075 162 117 71
0.019182 0.158186 0.406937 164 119 70
0.019957 0.158954 0.406943 162 118 69
-0.005772 0.110662 0.401341 103 86 61
-0.005228 0.110748 0.401957 94 79 57
0.009200 0.137010 0.405605 161 154 134
0.018334 0.155825 0.407658 157 115 71
0.019203 0.156808 0.407822 160 117 71
0.020008 0.157651 0.407849 161 118 70
0.020758 0.158675 0.407678 156 112 66
0.021500 0.159572 0.407614 145 103 59
0.022261 0.160226 0.407594 137 97 55
-0.004652 0.110459 0.401312 100 84 59
-0.004347 0.110606 0.401919 95 81 59
0.009560 0.136936 0.405741 161 155 134
0.010890 0.138509 0.406119 160 155 138
0.020801 0.157486 0.408440 159 116 69
0.021530 0.158138 0.408526 149 108 63
0.022289 0.159111 0.408452 140 100 57
0.023098 0.160037 0.408201 140 101 60
0.023968 0.160702 0.408218 147 108 67
-0.003097 0.110604 0.402312 98 86 67
-0.002627 0.110782 0.402885 97 87 70
0.012549 0.138992 0.406507 155 153 137
0.012992 0.139162 0.406856 153 151 135
0.023030 0.158849 0.409100 142 102 60
0.023912 0.159674 0.409004 147 108 65
0.024730 0.160526 0.408720 149 111 67
-0.001659 0.110774 0.402896 96 86 68
-0.000857 0.111163 0.403547 92 83 64
0.012065 0.134937 0.406328 161 161 144
0.012873 0.135774 0.406196 156 157 142
0.013058 0.136843 0.406485 151 152 138
0.013513 0.138212 0.406755 151 150 135
0.013570 0.138884 0.406718 152 150 135
0.024810 0.159480 0.409687 151 112 67
0.025565 0.160205 0.409442 150 113 69
0.026301 0.160822 0.409200 146 111 69
-0.000661 0.110776 0.402938 84 75 55
0.000059 0.111157 0.403511 93 84 65
0.012604 0.133196 0.407029 163 164 145
0.012759 0.134615 0.406660 161 162 144
0.013215 0.135396 0.406566 156 158 142
0.013837 0.136415 0.407073 147 150 136
0.014635 0.137434 0.407134 146 148 133
0.015267 0.138261 0.407168 145 146 130
0.026480 0.159831 0.410215 148 112 70
0.027281 0.160549 0.409878 146 111 70
0.028187 0.161042 0.409807 143 109 69
0.000969 0.111272 0.403652 104 96 77
0.001637 0.111399 0.404048 100 92 73
0.013333 0.132675 0.407179 159 161 142
0.014026 0.133530 0.407066 156 158 140
0.014378 0.134802 0.407167 154 156 139
0.014772 0.135840 0.407010 147 150 135
0.015580 0.136985 0.407092 141 145 130
0.016257 0.137916 0.407548 140 140 124
0.016860 0.138613 0.408001 138 136 119
0.019489 0.143400 0.408918 155 142 119
0.019979 0.144274 0.409042 157 143 117
0.020410 0.145054 0.409146 159 144 117
0.028196 0.160073 0.410649 143 109 69
0.029018 0.160849 0.410245 143 111 73
0.029634 0.161488 0.410147 147 116 79
0.002598 0.111573 0.404281 98 92 74
0.003309 0.111807 0.404712 100 95 78
0.012272 0.127804 0.407295 150 144 126
0.012545 0.128041 0.406891 150 144 126
0.013055 0.130117 0.407331 151 147 128
0.013634 0.130892 0.407166 148 145 126
0.013931 0.131976 0.407104 152 151 132
0.014338 0.133305 0.407329 152 152 135
0.015338 0.134283 0.407489 139 137 123
0.015936 0.135174 0.407783 136 134 120
0.016323 0.136198 0.407872 135 134 119
0.016858 0.137625 0.408123 139 135 120
0.017550 0.138652 0.407919 139 135 118
0.019996 0.142093 0.408891 152 140 118
0.020232 0.142992 0.408789 155 143 119
0.020837 0.143966 0.408780 158 144 118
0.021462 0.145002 0.409078 159 144 117
0.022045 0.145966 0.409604 161 145 116
0.029222 0.159693 0.411238 142 111 73
0.029919 0.160429 0.410865 147 117 81
0.030594 0.161040 0.410704 153 123 88
0.004231 0.111997 0.404858 94 90 73
0.005122 0.112575 0.405267 103 99 83
0.005928 0.113063 0.404986 113 110 94
0.006805 0.115923 0.404897 108 103 88
0.012843 0.127078 0.407315 145 138 121
0.013137 0.127796 0.406797 147 141 123
0.014491 0.130454 0.407572 138 132 115
0.015355 0.131161 0.407995 131 125 111
0.016036 0.132439 0.408104 133 127 113
0.016238 0.133283 0.408070 135 130 116
0.016617 0.134798 0.408110 130 125 112
0.016969 0.135733 0.408258 129 123 109
0.019111 0.137899 0.408829 140 131 116
0.019568 0.138763 0.408883 142 132 116
0.020157 0.140064 0.409166 145 135 115
0.020710 0.141230 0.409008 150 138 117
0.021125 0.142302 0.408968 156 143 120
0.021531 0.143292 0.408773 158 144 120
0.022235 0.144676 0.408896 160 145 118
0.022991 0.145685 0.409330 162 146 117
0.023516 0.146374 0.409945 163 146 116
0.030046 0.159492 0.411683 148 118 82
0.030694 0.159853 0.411636 153 125 90
0.031553 0.160855 0.411287 159 132 97
0.006219 0.113419 0.405541 116 112 97
0.007118 0.113983 0.405853 122 118 102
0.009203 0.117731 0.406410 123 117 101
0.009764 0.118499 0.406315 125 119 103
0.010382 0.119372 0.406231 125 120 104
0.011590 0.120842 0.406525 133 128 112
0.012808 0.124235 0.407349 137 128 110
0.013060 0.125244 0.407546 134 128 113
0.013242 0.126194 0.407283 139 132 116
0.015525 0.128685 0.408462 123 120 103
0.015616 0.129830 0.408099 130 125 110
0.016023 0.130767 0.407969 131 125 111
0.016408 0.132038 0.407924 132 126 112
0.016975 0.132771 0.407641 140 136 123
0.019081 0.135666 0.409108 143 138 126
0.019734 0.137394 0.408813 138 130 115
0.020328 0.138428 0.409076 139 130 113
0.021003 0.139532 0.409161 143 132 113
0.021422 0.140536 0.409270 149 137 116
0.021870 0.141765 0.408933 157 143 121
0.023983 0.145691 0.409371 165 148 118
0.024599 0.146126 0.409984 166 148 118
0.025019 0.146624 0.410715 166 147 117
0.031423 0.159539 0.412166 156 129 96
0.032361 0.160449 0.411967 162 137 103
0.033167 0.160892 0.412074 165 140 107
0.007995 0.114120 0.406062 125 121 106
0.008871 0.114464 0.406507 128 123 107
0.009414 0.115060 0.406979 131 123 106
0.010148 0.117122 0.406600 132 126 110
0.010666 0.117956 0.406797 132 126 110
0.011292 0.119008 0.406901 132 125 109
0.011895 0.119993 0.406969 134 128 111
0.012696 0.121195 0.407640 129 122 106
0.013203 0.122232 0.407919 130 122 107
0.013524 0.123506 0.407692 127 120 105
0.015800 0.128379 0.408217 123 121 105
0.016381 0.129053 0.408395 128 125 111
0.016554 0.130109 0.408615 131 128 114
0.019452 0.135508 0.409048 142 138 126
0.020488 0.136753 0.409042 134 127 114
0.021455 0.137790 0.409465 134 125 109
0.021857 0.138947 0.409463 140 129 110
0.022044 0.139862 0.409146 148 136 115
0.025838 0.145724 0.410307 167 149 119
0.026022 0.146272 0.411012 166 147 117
0.033284 0.160188 0.412662 165 141 108
0.033308 0.160596 0.412281 165 142 108
0.009364 0.112994 0.406701 117 118 99
0.009705 0.114167 0.406665 128 125 106
0.010320 0.115294 0.406850 133 126 109
0.010878 0.116275 0.407032 134 126 109
0.011382 0.117524 0.407176 136 127 109
0.011898 0.118624 0.407250 139 131 113
0.012552 0.119693 0.407510 141 133 117
0.012958 0.120888 0.407756 135 127 112
0.014196 0.121967 0.407931 116 110 96
0.014412 0.122961 0.407670 119 113 100
0.015159 0.123457 0.407558 115 112 100
0.016315 0.125193 0.408771 122 121 108
0.016827 0.126245 0.408949 124 125 113
0.017078 0.127240 0.408723 124 124 111
0.017043 0.128439 0.408680 133 132 119
0.022200 0.137168 0.409525 132 123 107
0.026954 0.145239 0.410600 168 149 119
0.027202 0.145680 0.411308 167 149 118
0.010120 0.112800 0.407033 109 110 89
0.010969 0.113374 0.407319 102 102 80
0.011674 0.114086 0.407451 101 99 76
0.012088 0.115820 0.407220 126 119 100
0.012588 0.116620 0.407078 124 114 93
0.013886 0.119101 0.408360 145 138 126
0.014067 0.119590 0.408540 145 138 126
0.014437 0.121250 0.408260 113 109 95
0.015849 0.122203 0.408694 115 116 102
0.016146 0.123057 0.408576 117 117 103
0.016822 0.124752 0.408857 120 120 108
0.017191 0.125648 0.408612 119 120 107
0.017586 0.126504 0.408368 123 124 112
0.028093 0.144385 0.410999 168 151 121
0.028110 0.145086 0.411522 168 150 119
0.012365 0.114330 0.407615 98 96 72
0.012802 0.115353 0.407950 102 99 76
0.013401 0.116196 0.408233 105 102 79
0.014254 0.117173 0.408308 104 103 83
0.014739 0.118308 0.408324 131 126 110
0.015431 0.119200 0.408110 116 114 95
0.015769 0.121033 0.408633 116 117 103
0.016200 0.121527 0.408298 115 116 102
0.028960 0.144016 0.411609 169 152 121
0.029067 0.144563 0.411989 170 152 120
0.013623 0.115211 0.408628 96 97 76
0.013894 0.115650 0.408618 89 93 71
0.029704 0.143529 0.412227 171 153 122
0.029737 0.144107 0.412537 171 153 121
0.036386 0.137607 0.414788 99 89 63
0.036804 0.138097 0.415345 100 89 62
0.037515 0.137159 0.415119 104 88 56
0.037592 0.137632 0.415543 104 89 58
0.038881 0.137385 0.415824 104 86 53
0.039547 0.137743 0.416593 106 87 52
0.039970 0.137212 0.416069 104 84 50
0.040590 0.137889 0.416409 103 84 50
0.041403 0.138805 0.416592 103 83 50
0.042026 0.139413 0.416648 102 83 51
0.041743 0.139079 0.417216 103 84 50
0.042319 0.139537 0.417071 102 83 50
0.043774 0.140784 0.417235 99 82 51
0.044229 0.141099 0.417426 99 82 51
0.044994 0.141229 0.417788 99 81 50
0.045732 0.141778 0.418082 99 80 49
0.046496 0.142763 0.418527 97 80 50
0.046321 0.140877 0.417809 97 77 47
0.046620 0.141683 0.418473 99 80 48
0.047058 0.142543 0.418772 97 79 48
0.047183 0.138809 0.418214 101 77 43
0.047395 0.140102 0.418361 99 77 44
0.047529 0.141080 0.418951 101 79 46
0.048079 0.142137 0.419198 99 79 47
0.048726 0.142649 0.419583 99 79 46
0.047610 0.138723 0.418403 102 77 42
0.048178 0.139261 0.418845 102 77 42
0.048380 0.140260 0.419515 102 78 43
0.048802 0.141483 0.419687 102 79 45
0.049445 0.142297 0.419882 100 78 45
0.048808 0.138143 0.418654 106 79 44
0.049227 0.138810 0.419137 105 78 43
0.049397 0.139244 0.419924 105 78 41
0.050349 0.138448 0.419543 109 81 45
0.050382 0.138724 0.420189 107 78 42
0.051420 0.137721 0.419930 111 83 45
0.051491 0.138158 0.420629 109 79 42
0.052495 0.137049 0.420406 108 80 43
0.052593 0.137562 0.421024 108 77 41
0.053221 0.136620 0.420646 107 79 43
0.053725 0.137012 0.421371 104 75 39
0.054842 0.135660 0.421349 98 74 41
0.054769 0.136543 0.421691 103 75 39
0.055444 0.134131 0.421348 102 83 58
0.055480 0.134895 0.421700 100 80 53
0.055726 0.136060 0.422038 100 75 43
0.056358 0.136536 0.422695 100 76 44
0.056296 0.133604 0.421778 111 96 75
0.056295 0.134490 0.422120 106 89 66
0.056673 0.135496 0.422463 103 83 57
0.056992 0.136477 0.422897 99 78 49
0.056889 0.133233 0.422117 118 104 85
0.057049 0.133890 0.422619 116 102 84
0.057218 0.134567 0.423173 115 102 84
-0.020673 0.135524 0.396128 71 59 44
-0.020385 0.136023 0.396237 75 62 47
-0.020520 0.133892 0.395853 65 53 39
-0.020234 0.135047 0.395658 67 53 37
-0.019623 0.136200 0.395820 76 61 44
-0.018950 0.137141 0.396151 88 72 53
-0.018044 0.137847 0.396335 99 81 59
-0.020480 0.130812 0.396512 70 54 39
-0.020060 0.132136 0.396147 60 46 32
-0.020046 0.132964 0.395799 61 46 32
-0.017428 0.138220 0.396744 105 87 65
-0.016519 0.138688 0.396778 114 96 72
-0.015626 0.139317 0.396859 129 110 84
-0.020643 0.128101 0.396070 122 91 57
-0.020533 0.129356 0.396069 102 76 49
-0.020179 0.130597 0.396216 77 57 37
-0.019843 0.131422 0.396333 61 44 29
-0.015294 0.139418 0.397382 137 118 93
-0.014337 0.140227 0.397595 150 130 101
-0.013524 0.141120 0.397740 151 130 98
-0.012777 0.141921 0.397686 150 127 93
-0.020487 0.126514 0.396268 137 103 63
-0.020692 0.127419 0.396382 130 97 60
-0.013237 0.141085 0.398436 157 138 107
-0.012362 0.141993 0.398383 151 130 96
-0.011369 0.142814 0.398487 150 126 90
-0.010607 0.143418 0.398323 148 122 84
-0.020030 0.124847 0.396527 140 104 63
-0.020284 0.125587 0.396498 141 105 63
-0.010830 0.142863 0.399149 150 127 92
-0.009995 0.143469 0.398991 149 123 85
-0.009068 0.143986 0.398963 147 119 80
-0.019473 0.123207 0.396823 126 90 49
-0.019762 0.123960 0.396855 135 99 58
-0.008471 0.144088 0.399604 146 119 79
-0.007575 0.144500 0.399613 144 115 74
-0.018761 0.121490 0.397108 127 91 51
-0.019101 0.122270 0.397133 119 83 44
-0.006686 0.144643 0.400175 143 114 74
-0.005807 0.144910 0.400125 142 112 70
-0.018306 0.120648 0.397470 128 92 53
-0.005037 0.144973 0.400702 143 112 72
-0.004182 0.145373 0.400673 145 113 71
-0.017497 0.119280 0.397741 123 88 50
-0.017832 0.119830 0.397872 123 87 49
-0.004427 0.145051 0.401399 144 114 75
-0.003521 0.145436 0.401260 148 116 76
-0.002557 0.146047 0.401173 157 123 81
-0.016890 0.118460 0.398128 120 85 47
-0.002648 0.145326 0.401925 151 119 80
-0.001877 0.145863 0.401877 159 126 86
-0.001127 0.146554 0.401531 165 130 89
-0.000391 0.147236 0.401660 165 131 88
-0.016049 0.117501 0.398451 114 80 44
-0.001114 0.145775 0.402471 159 126 87
-0.000351 0.146378 0.402415 166 132 92
0.000526 0.147235 0.402191 164 130 88
0.001323 0.147993 0.402226 161 127 83
-0.014654 0.116282 0.398573 111 76 41
-0.015100 0.116758 0.398857 114 79 44
0.000407 0.146450 0.403097 167 134 94
0.001216 0.147064 0.403043 164 131 90
0.002130 0.147840 0.402967 156 122 81
0.002953 0.148707 0.402941 158 124 81
0.003697 0.149442 0.402989 158 124 81
-0.014104 0.115691 0.399227 117 83 48
-0.014501 0.116189 0.399479 121 87 51
0.002841 0.147631 0.403800 153 121 82
0.003643 0.148334 0.403714 152 120 81
0.004366 0.149315 0.403615 155 122 81
0.005100 0.150123 0.403576 149 116 76
-0.013422 0.114813 0.399599 113 79 43
0.004421 0.148181 0.404355 148 117 80
0.005084 0.148832 0.404473 151 120 83
0.005891 0.149912 0.404290 148 117 77
0.006702 0.150518 0.404092 143 110 70
-0.012613 0.113928 0.399998 111 77 38
0.006759 0.149657 0.405040 148 118 80
0.007540 0.150419 0.404786 145 114 74
0.008340 0.150848 0.404675 148 114 73
-0.011430 0.112811 0.399974 121 87 47
-0.011689 0.113196 0.400561 118 85 47
0.008383 0.150097 0.405578 146 117 78
0.009249 0.150698 0.405290 150 118 78
-0.010565 0.112293 0.400359 123 92 55
-0.010587 0.112520 0.401047 126 97 64
0.010166 0.150406 0.406042 152 122 83
0.011003 0.151029 0.405713 159 127 86
-0.009785 0.111887 0.400637 124 96 63
-0.009524 0.111944 0.401274 125 101 74
0.011025 0.150202 0.406626 153 125 86
0.011772 0.150769 0.406465 160 130 90
0.012613 0.151574 0.406215 165 132 89
0.013302 0.152229 0.406181 168 132 87
-0.008443 0.111534 0.401651 116 96 73
0.012639 0.150451 0.407165 159 131 93
0.013357 0.151169 0.406968 164 134 92
0.014188 0.152162 0.406786 169 134 89
0.014933 0.152895 0.406828 170 134 87
-0.007285 0.111302 0.402098 100 83 62
-0.006783 0.111466 0.402843 98 83 66
0.014066 0.150851 0.407674 165 136 96
0.014914 0.151754 0.407644 169 137 94
0.015743 0.152812 0.407391 170 135 88
0.016532 0.153567 0.407365 169 132 85
-0.006331 0.111088 0.402170 103 87 66
-0.005814 0.111169 0.402735 96 83 64
0.008266 0.137269 0.405899 157 152 134
0.008845 0.137851 0.406188 157 152 134
0.015766 0.151652 0.408137 170 139 97
0.016681 0.152237 0.408252 170 137 93
0.017273 0.153245 0.408104 167 131 87
0.017956 0.154286 0.408064 160 122 78
0.018710 0.155382 0.408195 158 117 74
0.019507 0.156340 0.408302 159 117 72
0.020146 0.156956 0.408381 161 118 72
-0.004580 0.111076 0.403091 86 74 57
-0.004069 0.111345 0.403782 90 80 65
0.009546 0.137595 0.406427 159 153 134
0.010332 0.138643 0.406793 157 152 134
0.011019 0.138898 0.407188 158 154 137
0.017515 0.151833 0.408870 169 138 96
0.018116 0.152626 0.408956 165 132 90
0.018777 0.153776 0.409074 160 123 81
0.019492 0.154846 0.409070 158 120 77
0.020193 0.155997 0.408963 159 118 73
0.020898 0.156931 0.408872 158 116 70
0.021761 0.157752 0.408956 148 107 63
0.022299 0.158464 0.409001 143 103 59
-0.003588 0.110997 0.403164 96 86 70
-0.003089 0.111209 0.403699 96 87 72
0.011796 0.139003 0.407052 156 153 137
0.012466 0.139581 0.407468 153 150 133
0.018894 0.152400 0.409389 163 130 89
0.019259 0.152777 0.409496 159 125 85
0.020144 0.154592 0.409695 158 120 78
0.020963 0.155486 0.409794 158 119 75
0.021721 0.156485 0.409721 154 114 70
0.022391 0.157516 0.409628 145 105 61
0.023120 0.158380 0.409553 145 104 62
0.023835 0.158927 0.409587 149 109 66
-0.001995 0.111222 0.403942 97 88 72
-0.001363 0.111381 0.404398 95 86 69
0.010855 0.133981 0.407536 162 161 144
0.011379 0.135077 0.407427 153 153 138
0.012116 0.136296 0.407576 151 152 138
0.012546 0.137011 0.407536 150 150 135
0.012985 0.138016 0.407717 148 147 132
0.013315 0.139093 0.407713 149 146 130
0.016873 0.144963 0.409160 155 141 117
0.017260 0.145801 0.409224 158 143 117
0.017817 0.146516 0.409427 160 144 117
0.022289 0.156120 0.410312 151 111 68
0.023016 0.157101 0.410478 146 106 64
0.023865 0.158010 0.410350 150 110 67
0.024645 0.158861 0.410127 152 113 68
-0.000376 0.111479 0.404549 97 89 70
0.000288 0.111771 0.405125 107 99 80
0.011815 0.132255 0.407566 166 166 147
0.011851 0.133290 0.407749 160 160 142
0.012500 0.134252 0.407836 154 154 139
0.013108 0.135391 0.407994 146 148 134
0.013485 0.136494 0.407868 145 147 133
0.014073 0.137536 0.408140 144 144 128
0.015016 0.138219 0.408158 142 140 123
0.017316 0.143482 0.409417 153 141 118
0.017694 0.144280 0.409201 155 142 118
0.018287 0.145362 0.409255 158 143 117
0.018866 0.146333 0.409603 160 144 117
0.019604 0.147082 0.410013 161 145 117
0.024638 0.157729 0.411046 152 114 70
0.025567 0.158484 0.410925 153 116 72
0.026411 0.159244 0.410654 149 113 71
0.001262 0.111786 0.405132 102 94 75
0.001870 0.112162 0.405784 94 87 67
0.012402 0.131625 0.408090 151 149 132
0.012749 0.132648 0.407985 154 154 137
0.013336 0.133728 0.408172 149 149 133
0.013972 0.134853 0.408244 140 140 126
0.014695 0.135869 0.408565 138 137 123
0.015159 0.136974 0.408692 139 137 122
0.015643 0.137888 0.408476 141 138 122
0.018329 0.142815 0.409624 152 140 118
0.018867 0.143573 0.409214 155 142 118
0.019419 0.144764 0.409160 157 143 117
0.020071 0.145784 0.409514 159 144 116
0.020555 0.146812 0.410029 161 145 116
0.021142 0.147469 0.410322 162 145 114
0.026590 0.158204 0.411673 149 114 73
0.027312 0.158957 0.411314 146 111 71
0.028135 0.159477 0.411202 144 110 70
0.002213 0.111822 0.405075 94 88 69
0.002851 0.112202 0.405694 95 89 71
0.011712 0.127562 0.408130 145 139 122
0.012141 0.128624 0.408375 137 133 117
0.012600 0.129936 0.408174 144 141 123
0.013016 0.130986 0.408126 145 142 124
0.013542 0.132077 0.408352 142 140 123
0.014319 0.133180 0.408543 137 135 120
0.014994 0.134301 0.408701 135 132 118
0.015405 0.135263 0.408803 135 132 119
0.015871 0.136419 0.408908 135 131 117
0.016459 0.137602 0.408987 138 133 117
0.017015 0.138306 0.408550 140 136 119
0.018270 0.139591 0.410039 141 132 115
0.018810 0.140742 0.410076 146 135 116
0.019151 0.141862 0.409665 149 138 117
0.019802 0.142711 0.409349 153 141 118
0.020438 0.143762 0.409349 158 144 119
0.021019 0.145636 0.409560 159 144 117
0.021583 0.146418 0.409903 161 145 115
0.022170 0.147253 0.410530 161 143 113
0.022854 0.147967 0.411194 162 142 111
0.027331 0.158045 0.412175 148 114 75
0.028156 0.158487 0.412048 144 110 72
0.028924 0.159162 0.411703 141 109 72
0.003818 0.112366 0.405833 97 92 75
0.004560 0.112648 0.406306 98 94 77
0.011884 0.126139 0.408201 142 136 119
0.012251 0.127058 0.408087 140 134 118
0.012751 0.127896 0.408064 134 130 115
0.013045 0.129156 0.408428 135 132 115
0.014263 0.130293 0.408841 133 127 113
0.014749 0.131423 0.408847 133 128 113
0.015365 0.132539 0.409002 132 127 113
0.015741 0.133787 0.408868 132 127 113
0.016199 0.134836 0.408938 131 127 113
0.016929 0.135891 0.409293 136 131 118
0.017763 0.136361 0.409818 142 137 124
0.018339 0.138034 0.409686 137 130 115
0.019026 0.139024 0.409854 139 130 113
0.019439 0.140028 0.409833 143 133 114
0.020243 0.141477 0.409735 150 138 117
0.020608 0.142096 0.409789 154 141 119
0.023341 0.147059 0.410516 163 145 114
0.023842 0.147852 0.411156 160 140 108
0.024370 0.148364 0.411674 159 138 104
0.029167 0.158112 0.412648 140 109 74
0.029910 0.158780 0.412243 146 116 81
0.030621 0.159873 0.411940 152 124 89
0.005180 0.112934 0.406910 100 95 79
0.005987 0.113335 0.406809 110 105 89
0.006892 0.113893 0.406955 118 113 97
0.009135 0.117553 0.406987 123 117 101
0.012244 0.124171 0.408374 130 124 110
0.012595 0.125263 0.408204 132 127 113
0.013191 0.126517 0.408521 132 127 112
0.013883 0.127284 0.408855 129 123 108
0.014972 0.128449 0.409220 129 126 112
0.015209 0.129728 0.409112 132 128 113
0.015668 0.130822 0.409153 130 127 112
0.015943 0.131834 0.409507 130 128 113
0.018276 0.135717 0.409314 142 137 125
0.018629 0.136421 0.409865 139 134 120
0.019296 0.137444 0.409975 134 127 113
0.019877 0.138556 0.410087 136 127 110
0.020479 0.139529 0.410068 140 129 111
0.020898 0.140697 0.409852 149 136 116
0.024230 0.146811 0.410645 165 147 116
0.024827 0.147452 0.411148 163 143 111
0.025036 0.148050 0.411789 161 140 107
0.030010 0.157827 0.413040 147 118 84
0.030786 0.158311 0.412907 153 125 92
0.031578 0.159269 0.412619 157 131 97
0.032204 0.159741 0.412713 161 136 103
0.007498 0.114110 0.407376 120 114 98
0.008471 0.114431 0.407484 123 117 101
0.009319 0.115053 0.407285 129 122 105
0.010059 0.117349 0.407751 126 120 103
0.010387 0.117870 0.407961 126 119 102
0.011074 0.118850 0.407999 127 120 103
0.011870 0.119898 0.407953 129 122 105
0.012584 0.121301 0.407996 125 119 104
0.012826 0.122546 0.408583 124 117 103
0.012904 0.123604 0.408458 126 121 107
0.014103 0.124601 0.409203 119 114 101
0.014391 0.125785 0.409159 121 116 103
0.014905 0.127144 0.409470 123 120 106
0.015476 0.128074 0.409295 126 124 109
0.015983 0.129082 0.409308 128 125 111
0.016325 0.129981 0.409188 124 121 107
0.020125 0.137018 0.410620 129 123 109
0.020779 0.137901 0.410306 132 124 108
0.021082 0.138864 0.410101 136 126 108
0.026019 0.146903 0.411517 165 145 113
0.026218 0.147404 0.412155 166 146 113
0.031745 0.157957 0.413606 160 134 102
0.032341 0.158707 0.413472 162 137 104
0.033177 0.159499 0.413236 165 141 108
0.009019 0.113080 0.407873 115 115 95
0.009312 0.114219 0.408037 119 116 96
0.009876 0.115361 0.408084 127 120 102
0.010517 0.116505 0.408206 130 122 103
0.010950 0.117506 0.408484 129 122 103
0.011504 0.118720 0.408462 131 123 104
0.012456 0.119759 0.408677 134 126 109
0.013017 0.120833 0.408848 138 131 116
0.013409 0.121797 0.408752 125 118 103
0.013715 0.122661 0.408464 121 116 102
0.014588 0.124229 0.409554 122 118 104
0.015637 0.125189 0.409630 122 122 110
0.015989 0.126203 0.409572 123 123 111
0.016385 0.127249 0.409401 123 123 109
0.027200 0.146332 0.411912 167 148 116
0.027301 0.146839 0.412500 168 149 116
0.032587 0.157668 0.414119 164 139 108
0.033326 0.158476 0.414153 165 142 110
0.034049 0.159079 0.413936 166 143 113
0.009633 0.112914 0.408175 106 107 87
0.010494 0.113392 0.408406 100 100 78
0.011217 0.114007 0.408558 98 98 76
0.011366 0.116054 0.408894 124 118 100
0.012034 0.116559 0.408820 124 117 99
0.013470 0.118846 0.408828 145 139 126
0.013835 0.120201 0.409277 125 121 107
0.014670 0.121362 0.409541 114 113 100
0.015111 0.122401 0.409594 117 116 103
0.015634 0.123370 0.409750 121 120 108
0.016153 0.124666 0.409625 120 120 108
0.016624 0.125424 0.409301 121 122 110
0.028193 0.145706 0.412261 169 150 118
0.028315 0.146360 0.412916 170 151 117
0.034794 0.158519 0.414649 166 146 116
0.011697 0.114562 0.408751 99 98 76
0.012648 0.115236 0.409071 93 95 73
0.013241 0.116179 0.409174 100 100 79
0.013895 0.117251 0.409389 105 107 88
0.014149 0.118454 0.409456 121 119 103
0.014587 0.119818 0.409655 115 115 100
0.015177 0.120662 0.409286 115 116 102
0.029126 0.145169 0.412653 170 152 119
0.029357 0.145717 0.413306 171 152 118
0.035469 0.158168 0.415122 166 148 120
0.013181 0.114944 0.409404 81 88 68
0.013659 0.115677 0.409448 67 80 60
0.030252 0.144252 0.413148 172 153 121
0.030339 0.145040 0.413788 173 153 120
0.031122 0.143809 0.413632 173 154 121
0.031338 0.144393 0.414278 174 154 121
0.031828 0.143565 0.414139 174 154 121
0.032130 0.143930 0.414660 175 155 122
0.036970 0.138652 0.416075 97 88 63
0.037214 0.139231 0.416492 96 88 63
0.037486 0.138149 0.416426 104 91 61
0.037620 0.138994 0.416884 101 90 63
0.038575 0.137958 0.416820 108 91 57
0.038957 0.138196 0.417366 109 91 57
0.040131 0.138111 0.417557 107 87 52
0.041040 0.138787 0.417816 105 86 52
0.041495 0.139662 0.418041 104 86 54
0.041081 0.138118 0.417641 106 86 50
0.041563 0.138657 0.418188 106 86 51
0.042095 0.139487 0.418400 105 86 52
0.043824 0.140949 0.418191 101 84 53
0.043957 0.141137 0.418314 102 84 52
0.044666 0.141390 0.418969 101 84 51
0.045453 0.141710 0.419084 102 83 50
0.046204 0.141886 0.419426 102 83 49
0.046922 0.142626 0.419501 101 82 49
0.047471 0.143281 0.419929 101 82 49
0.047316 0.141474 0.419623 103 82 47
0.048038 0.142053 0.420044 103 82 47
0.048174 0.142830 0.420301 103 82 48
0.048714 0.140481 0.420021 103 78 42
0.048999 0.141605 0.420387 104 80 44
0.049392 0.142420 0.420663 104 81 45
0.050016 0.143189 0.420789 104 81 45
0.049445 0.139925 0.420602 104 78 40
0.049624 0.140733 0.421153 105 79 41
0.050132 0.142122 0.421162 104 80 43
0.050728 0.143014 0.420946 104 81 44
0.050351 0.139269 0.421083 107 77 39
0.050318 0.140055 0.421653 106 78 39
0.051351 0.138629 0.421632 108 76 39
0.051397 0.139322 0.422005 108 76 39
0.052406 0.138038 0.422004 107 75 37
0.053022 0.138522 0.422576 106 73 36
0.053516 0.137572 0.422142 105 74 36
0.053707 0.138234 0.422830 105 73 35
0.054622 0.137090 0.422387 103 74 36
0.054902 0.137837 0.423005 103 73 35
0.055275 0.138322 0.423604 104 74 35
0.055514 0.136562 0.422597 100 74 40
0.055986 0.137230 0.423255 101 74 38
0.056204 0.137851 0.423886 103 75 37
0.056732 0.135550 0.423435 109 92 69
0.056854 0.136607 0.423757 105 83 54
0.056903 0.137521 0.424118 103 78 43
0.057269 0.135145 0.423811 116 103 85
0.057368 0.135859 0.424365 116 101 81
-0.021740 0.134523 0.396831 80 72 61
-0.021306 0.135470 0.396673 80 70 56
-0.020552 0.136496 0.396829 88 76 61
-0.020162 0.137035 0.397241 101 88 72
-0.021433 0.132830 0.396998 75 69 59
-0.021311 0.133745 0.396627 72 64 53
-0.019542 0.137389 0.397157 99 85 68
-0.018590 0.137917 0.397483 104 89 71
-0.020966 0.131125 0.397153 71 61 48
-0.020945 0.132044 0.396878 67 60 49
-0.017776 0.138282 0.397777 106 91 72
-0.016897 0.138695 0.398072 113 97 76
-0.020882 0.128332 0.397262 108 81 51
-0.020902 0.129435 0.397228 88 67 45
-0.020786 0.130474 0.397063 73 58 43
-0.015587 0.139326 0.398506 138 121 98
-0.014506 0.139976 0.398841 157 141 115
-0.020750 0.126659 0.397439 134 101 61
-0.020881 0.127618 0.397461 119 89 55
-0.014031 0.140325 0.399180 162 146 120
-0.013272 0.140823 0.399243 162 145 117
-0.012318 0.141573 0.399331 157 139 108
-0.011294 0.142745 0.399177 150 127 92
-0.020245 0.124960 0.397682 138 103 61
-0.020514 0.125702 0.397692 140 105 64
-0.011822 0.141669 0.399994 156 138 110
-0.010905 0.142367 0.399972 151 131 100
-0.010024 0.143154 0.399968 149 127 92
-0.019558 0.123334 0.397945 111 75 36
-0.019867 0.124017 0.398011 122 87 47
-0.010206 0.142469 0.400759 144 125 96
-0.009517 0.143075 0.400673 145 124 91
-0.008618 0.143672 0.400598 146 123 88
-0.007728 0.144211 0.400512 147 121 83
-0.019197 0.122452 0.398306 117 82 43
-0.007950 0.143696 0.401271 143 120 86
-0.007013 0.144156 0.401180 143 117 81
-0.018441 0.121001 0.398608 126 91 52
-0.018773 0.121625 0.398844 131 95 57
-0.006146 0.144240 0.401787 137 112 77
-0.005285 0.144647 0.401767 139 111 75
-0.017821 0.120019 0.398997 111 76 39
-0.004503 0.144717 0.402359 133 106 70
-0.003710 0.145014 0.402193 140 111 73
-0.016976 0.118809 0.399232 112 78 43
-0.017264 0.119314 0.399544 110 76 41
-0.003415 0.144272 0.402989 118 94 61
-0.002936 0.144809 0.402843 132 104 68
-0.001950 0.145248 0.402662 148 117 80
-0.016283 0.118045 0.399664 118 83 49
-0.002160 0.144583 0.403528 122 96 64
-0.001266 0.145250 0.403323 142 112 77
-0.000443 0.145863 0.403108 159 127 89
-0.015359 0.117139 0.400058 123 89 54
-0.000461 0.145065 0.403998 135 105 72
0.000391 0.145647 0.403842 153 121 85
0.001305 0.146502 0.403713 164 132 93
-0.014110 0.115735 0.400287 118 84 48
-0.014510 0.116253 0.400463 121 87 51
0.001326 0.145312 0.404657 148 119 83
0.002076 0.146212 0.404444 161 130 92
0.002908 0.147157 0.404296 156 125 87
0.003660 0.147704 0.404310 151 120 83
-0.013591 0.115215 0.400773 109 75 39
-0.013987 0.115672 0.401083 111 77 42
0.002122 0.145142 0.405117 151 122 87
0.002929 0.145701 0.405216 159 131 95
0.003696 0.146775 0.405034 157 128 92
0.004434 0.147630 0.404799 148 118 82
0.005491 0.148668 0.404924 149 120 83
-0.012700 0.114510 0.401173 108 74 38
0.003771 0.145543 0.405719 160 134 99
0.004513 0.146210 0.405777 159 132 98
0.005259 0.147234 0.405515 146 119 84
0.005829 0.148210 0.405476 145 117 81
0.006655 0.149044 0.405460 150 121 84
-0.011715 0.113790 0.401628 119 88 54
0.005395 0.146156 0.406227 157 131 97
0.006137 0.146678 0.406368 146 122 88
0.006856 0.147692 0.406341 143 117 83
0.007628 0.148773 0.406175 149 122 86
0.008301 0.149566 0.406097 146 118 81
-0.010742 0.113058 0.402065 126 101 74
0.007083 0.146447 0.406889 141 119 86
0.007660 0.147299 0.406974 142 118 85
0.008398 0.148222 0.406970 150 125 91
0.009237 0.149287 0.406778 149 122 86
0.009990 0.149836 0.406610 148 121 84
-0.009710 0.112421 0.402467 125 106 87
0.009398 0.148271 0.407583 155 131 97
0.010093 0.148724 0.407506 154 130 96
0.010910 0.149616 0.407140 149 123 87
0.011681 0.150126 0.407143 154 127 89
-0.008664 0.112037 0.402800 112 96 79
-0.008386 0.112297 0.403429 103 89 75
0.011063 0.148185 0.408064 155 134 103
0.011821 0.149142 0.407852 152 129 95
0.012515 0.149919 0.407592 153 128 92
-0.007689 0.111729 0.402880 94 79 62
-0.007351 0.111934 0.403462 90 76 62
0.006422 0.136392 0.407239 154 151 133
0.006922 0.136899 0.407358 153 150 132
0.007937 0.138455 0.407108 154 152 135
0.012021 0.146680 0.408685 146 131 104
0.012071 0.147598 0.408536 154 136 107
0.012693 0.148574 0.408423 156 135 104
0.013424 0.149596 0.408150 155 132 97
0.014300 0.150432 0.408097 163 136 98
0.014862 0.151017 0.408140 168 139 99
-0.006103 0.111674 0.403778 99 87 73
0.006899 0.136031 0.407150 156 152 132
0.007657 0.137139 0.407311 148 144 127
0.008355 0.138118 0.407181 150 146 129
0.009382 0.138561 0.407627 158 151 133
0.009847 0.139650 0.407981 157 151 134
0.012835 0.146056 0.408947 140 125 100
0.013048 0.146848 0.408837 150 134 107
0.013720 0.147908 0.408781 158 139 111
0.014379 0.148875 0.408777 159 139 108
0.014998 0.149974 0.408750 164 140 104
0.015812 0.150988 0.408738 169 141 101
0.016677 0.151693 0.408866 170 139 98
-0.004987 0.111547 0.404092 92 81 67
-0.004436 0.111657 0.404540 91 81 67
0.007419 0.134698 0.407734 159 151 131
0.007849 0.135209 0.407756 153 146 127
0.008437 0.136647 0.407762 145 139 122
0.009441 0.137515 0.407814 139 134 117
0.010070 0.138446 0.407900 142 137 121
0.010559 0.139247 0.408040 155 150 134
0.013646 0.145133 0.409179 143 129 106
0.014290 0.146226 0.409007 148 133 108
0.014927 0.147301 0.409082 158 141 114
0.015516 0.148191 0.409262 161 143 114
0.016028 0.149385 0.409346 165 144 110
0.016760 0.150593 0.409390 168 142 104
0.017518 0.151543 0.409328 169 139 99
0.018260 0.152387 0.409396 165 133 92
0.018851 0.153082 0.409483 160 125 85
-0.003369 0.111660 0.404766 96 87 72
-0.002933 0.111870 0.405447 95 87 72
0.008517 0.133856 0.408133 147 143 125
0.008819 0.134445 0.408103 147 144 127
0.010387 0.137025 0.408630 138 134 119
0.010917 0.137967 0.408407 139 135 119
0.011526 0.138989 0.408432 150 146 129
0.012216 0.139640 0.408086 150 147 130
0.014174 0.143685 0.409579 153 142 120
0.014600 0.144449 0.409345 151 139 117
0.015317 0.145583 0.409155 151 136 112
0.015956 0.146611 0.409220 158 142 116
0.016538 0.147703 0.409484 161 144 116
0.017036 0.148763 0.409728 164 145 114
0.017691 0.150069 0.409941 167 144 109
0.018361 0.151081 0.409877 168 141 102
0.018957 0.152095 0.409897 162 131 92
0.019553 0.153144 0.410027 158 124 83
0.020379 0.154111 0.410137 157 120 78
0.021174 0.154927 0.410265 159 120 77
-0.002408 0.111561 0.404730 97 89 73
-0.001923 0.111796 0.405376 100 92 76
0.009864 0.132856 0.408378 156 154 135
0.010485 0.133817 0.408395 146 145 129
0.011080 0.135018 0.408512 145 145 131
0.011481 0.136215 0.408808 143 141 127
0.011973 0.137285 0.408674 143 141 125
0.012547 0.138242 0.408548 146 144 128
0.012857 0.139060 0.408505 148 144 127
0.014983 0.142901 0.409830 153 143 122
0.015719 0.143869 0.409475 153 141 119
0.016255 0.144965 0.409228 154 140 116
0.016808 0.146232 0.409281 159 143 117
0.017565 0.147210 0.409592 161 144 116
0.018057 0.148155 0.409971 164 146 116
0.018689 0.149393 0.410360 166 145 112
0.019290 0.150469 0.410551 165 140 104
0.019859 0.151596 0.410684 158 129 91
0.020317 0.152517 0.410863 155 123 84
0.021089 0.153740 0.410916 156 121 79
0.021830 0.154858 0.410767 156 119 77
0.022655 0.155784 0.410881 148 110 69
0.023216 0.156643 0.411008 146 107 65
-0.000915 0.111890 0.405515 103 95 77
-0.000194 0.112085 0.405990 110 102 82
0.010525 0.132584 0.408879 151 150 133
0.011292 0.133423 0.408700 148 147 132
0.011768 0.134458 0.408783 143 143 129
0.012443 0.135738 0.408868 140 140 126
0.013061 0.136611 0.408945 142 141 126
0.013848 0.137461 0.408847 143 140 124
0.016080 0.142271 0.410152 151 142 121
0.016753 0.143092 0.409724 153 141 119
0.018538 0.147038 0.409837 161 145 117
0.019161 0.147681 0.410136 163 146 117
0.019733 0.148599 0.410568 164 145 113
0.020238 0.149821 0.411176 161 139 104
0.020433 0.150845 0.411308 156 131 94
0.020958 0.152422 0.411557 152 121 82
0.021736 0.153420 0.411623 155 121 81
0.022670 0.154309 0.411717 152 117 76
0.023296 0.155321 0.411787 146 111 70
0.023961 0.156378 0.411733 147 110 69
0.024756 0.157208 0.411589 151 114 71
0.000834 0.112190 0.406239 109 100 80
0.001492 0.112323 0.406520 101 93 72
0.011295 0.130597 0.409105 143 141 125
0.011746 0.131575 0.409038 144 143 127
0.012361 0.132676 0.409054 144 143 128
0.013189 0.133741 0.409177 138 137 123
0.013640 0.134873 0.409378 140 139 125
0.014127 0.136010 0.409520 140 137 124
0.014682 0.136830 0.409494 139 136 121
0.015701 0.137490 0.409495 137 132 117
0.016137 0.139166 0.410468 140 133 116
0.016620 0.140270 0.410577 141 134 117
0.017128 0.141593 0.410534 146 138 118
0.017675 0.142290 0.410199 149 138 118
0.020937 0.148166 0.410828 162 144 112
0.021359 0.149156 0.411529 158 137 104
0.021570 0.149865 0.411981 149 127 92
0.023438 0.154197 0.412361 147 112 70
0.023696 0.154479 0.412302 144 109 68
0.024769 0.156018 0.412554 149 114 73
0.025573 0.156799 0.412366 151 116 75
0.026305 0.157546 0.412108 150 115 74
0.002489 0.112447 0.406875 91 84 64
0.011133 0.126652 0.408545 151 144 125
0.011336 0.127464 0.408584 138 134 118
0.011702 0.128926 0.409193 139 136 119
0.011966 0.130025 0.409117 141 138 121
0.012660 0.131086 0.409250 139 136 120
0.013379 0.132190 0.409587 136 133 118
0.013874 0.133157 0.409552 135 132 118
0.014610 0.134331 0.409768 134 130 117
0.015052 0.135331 0.409837 135 132 118
0.015856 0.136453 0.410047 135 131 117
0.016351 0.137327 0.410478 138 132 118
0.016990 0.138787 0.410472 137 130 115
0.017482 0.139748 0.410326 140 132 115
0.018074 0.140896 0.410351 144 135 116
0.018352 0.141806 0.410206 146 136 116
0.021949 0.147952 0.411141 162 143 112
0.022423 0.148622 0.411594 156 136 104
0.022790 0.149218 0.412235 150 129 96
0.026433 0.156441 0.413075 148 116 77
0.027252 0.157284 0.412738 147 114 76
0.028070 0.157847 0.412593 144 110 73
0.003246 0.112560 0.407338 96 89 68
0.004032 0.112664 0.407369 98 92 73
0.011215 0.126492 0.408624 144 138 121
0.011665 0.127053 0.408787 134 130 115
0.012197 0.128679 0.409422 138 134 117
0.013344 0.129565 0.409844 135 130 115
0.013689 0.130372 0.409639 134 129 115
0.014365 0.131657 0.409793 131 126 112
0.014920 0.132560 0.410014 130 127 112
0.015225 0.133861 0.409955 131 128 114
0.015723 0.134892 0.409988 132 129 115
0.016691 0.136316 0.409961 139 134 121
0.017275 0.136989 0.410677 137 131 118
0.017882 0.138036 0.410776 135 127 113
0.018636 0.138884 0.410751 135 127 111
0.019088 0.139782 0.410429 140 131 112
0.023475 0.148457 0.411654 156 135 103
0.023938 0.148957 0.412344 158 136 102
0.027252 0.156319 0.413481 148 117 80
0.028149 0.156869 0.413433 143 112 76
0.028869 0.157609 0.413048 140 109 74
0.004943 0.112792 0.407828 97 91 72
0.005768 0.113109 0.407957 100 95 77
0.011644 0.124490 0.409010 130 125 111
0.012022 0.125187 0.409138 130 125 113
0.013133 0.126438 0.409761 126 121 107
0.013736 0.127551 0.410086 128 123 109
0.014055 0.128585 0.410015 134 130 116
0.014832 0.129833 0.410045 129 125 111
0.015140 0.130852 0.410222 126 123 108
0.015574 0.131945 0.409846 130 128 114
0.018320 0.136826 0.410652 134 128 114
0.018943 0.137597 0.411148 130 123 109
0.019350 0.138434 0.411026 132 124 109
0.025154 0.148540 0.412424 162 141 106
0.025392 0.149217 0.413041 165 142 105
0.029158 0.156520 0.414026 141 112 78
0.029876 0.157173 0.413627 146 117 84
0.030696 0.157598 0.413523 153 126 93
0.006419 0.113282 0.408481 105 99 80
0.007300 0.113780 0.408519 114 108 90
0.008189 0.114243 0.408653 119 113 94
0.011875 0.121679 0.410105 127 122 109
0.012406 0.122425 0.409831 127 122 109
0.013018 0.123703 0.409997 120 114 101
0.013427 0.124652 0.410133 119 114 101
0.013903 0.125948 0.410088 122 118 105
0.014572 0.126985 0.410198 124 121 107
0.015001 0.128079 0.410157 124 121 106
0.019786 0.137371 0.411113 128 121 107
0.026226 0.147970 0.412750 167 147 112
0.026612 0.148881 0.413261 169 146 110
0.027028 0.149368 0.413985 169 144 105
0.030006 0.156207 0.414470 149 121 88
0.030827 0.156679 0.414415 155 128 96
0.031534 0.157391 0.414047 158 133 101
0.032487 0.158101 0.414206 164 139 107
0.008647 0.113507 0.408976 114 112 91
0.008954 0.114232 0.409088 119 113 94
0.009755 0.115210 0.409278 124 117 97
0.010504 0.116383 0.409341 130 121 101
0.011043 0.117437 0.409555 131 122 101
0.011573 0.118448 0.409740 127 119 98
0.012036 0.119685 0.409820 134 127 110
0.012296 0.121018 0.409730 132 127 114
0.013234 0.121783 0.410139 121 118 105
0.013907 0.123282 0.410607 119 117 104
0.014320 0.124069 0.410385 120 118 105
0.014978 0.125216 0.410412 122 121 109
0.015279 0.126352 0.410265 123 123 110
0.027360 0.147357 0.413174 170 151 115
0.027504 0.148208 0.413728 171 150 113
0.027768 0.149056 0.414139 171 146 108
0.031846 0.156317 0.415086 161 136 104
0.032526 0.157024 0.414701 164 139 108
0.033194 0.157903 0.414546 165 142 110
0.009288 0.113069 0.408975 106 107 86
0.009972 0.113669 0.409562 103 102 81
0.010287 0.114832 0.409743 112 108 87
0.011020 0.116012 0.409782 116 111 93
0.011470 0.117178 0.409955 129 121 101
0.012154 0.118272 0.410223 133 125 106
0.012875 0.119202 0.410376 131 125 108
0.013633 0.120216 0.410480 119 117 102
0.013945 0.121328 0.410383 115 113 99
0.014728 0.122522 0.410664 121 120 108
0.015189 0.123488 0.410466 120 120 107
0.015434 0.124333 0.410264 121 121 110
0.028358 0.146870 0.413619 171 151 117
0.028452 0.147484 0.414216 173 152 116
0.032672 0.156044 0.415541 166 143 110
0.033421 0.156552 0.415429 168 145 113
0.034105 0.157495 0.415215 167 145 115
0.034932 0.158059 0.415089 166 146 116
0.011268 0.114487 0.410002 97 98 76
0.012265 0.115259 0.410144 95 97 76
0.012804 0.116316 0.410372 103 104 84
0.013318 0.117436 0.410586 105 107 89
0.013713 0.118537 0.410541 109 110 94
0.014188 0.119623 0.410278 116 116 102
0.015136 0.120874 0.411417 118 118 101
0.029339 0.146322 0.414031 172 152 118
0.029458 0.146957 0.414699 173 153 117
0.034144 0.156126 0.416007 171 150 119
0.035029 0.156949 0.415921 168 148 119
0.035654 0.157766 0.415577 167 148 120
0.012386 0.114275 0.410705 97 97 78
0.012904 0.114904 0.410606 75 82 63
0.013530 0.115774 0.410683 71 80 60
0.014144 0.117404 0.411360 115 113 93
0.030344 0.145663 0.414466 174 154 119
0.030506 0.146182 0.415147 176 155 119
0.035974 0.156596 0.416506 168 150 122
0.036379 0.157003 0.416403 167 149 123
0.031448 0.144986 0.414917 176 156 121
0.031516 0.145543 0.415569 177 156 120
0.036722 0.156409 0.416892 168 151 125
0.037061 0.156468 0.417135 168 151 125
0.032376 0.144225 0.415243 177 157 122
0.032550 0.144980 0.415911 178 156 120
0.033183 0.143995 0.415746 177 157 121
0.033556 0.144423 0.416313 178 156 119
0.034294 0.143999 0.416480 177 156 118
0.036406 0.139051 0.417577 99 92 67
0.036814 0.139375 0.417640 99 92 66
0.037587 0.139317 0.417815 104 93 65
0.037830 0.140058 0.418396 104 95 68
0.038695 0.138676 0.418223 112 95 61
0.039681 0.138592 0.418484 112 93 58
0.040527 0.139084 0.418937 110 91 57
0.041088 0.139797 0.419055 108 91 58
0.041443 0.138975 0.419024 109 88 53
0.041922 0.139632 0.419407 109 89 55
0.042426 0.140399 0.419610 108 89 56
0.043924 0.142027 0.419556 100 86 58
0.043893 0.142577 0.420455 105 90 63
0.042637 0.139587 0.419884 109 88 52
0.043041 0.140060 0.420016 109 88 53
0.044468 0.141705 0.419741 102 85 54
0.044640 0.142094 0.420247 104 87 56
0.045644 0.141921 0.420617 105 85 51
0.046458 0.142244 0.420872 105 85 50
0.047357 0.143342 0.421033 103 84 50
0.047372 0.142076 0.421215 106 85 48
0.047678 0.143208 0.421126 104 84 50
0.048555 0.141881 0.421556 107 84 46
0.049122 0.142605 0.421742 107 84 46
0.049420 0.143138 0.422394 107 85 48
0.049629 0.141264 0.422029 107 81 42
0.049841 0.142175 0.421963 107 82 44
0.050564 0.140404 0.422294 107 78 39
0.050619 0.140999 0.422986 109 80 41
0.051172 0.139079 0.422504 109 77 39
0.051378 0.139613 0.422873 109 78 39
0.051428 0.140541 0.423319 110 79 40
0.051930 0.138683 0.422530 109 76 38
0.052621 0.139136 0.423259 109 76 38
0.052968 0.139583 0.423968 111 79 40
0.053718 0.138832 0.423528 108 75 37
0.053996 0.139178 0.424059 109 77 38
0.054869 0.138216 0.424450 112 79 40
0.055048 0.138801 0.424346 109 76 38
0.055690 0.139785 0.424769 107 75 37
0.055784 0.137630 0.424342 108 79 41
0.055991 0.138079 0.424538 107 78 39
0.056974 0.136988 0.424560 109 86 56
0.056995 0.137519 0.425126 109 85 52
0.057479 0.136365 0.424958 117 101 78
0.057624 0.137154 0.425639 115 95 69
-0.022518 0.133682 0.397961 94 91 83
-0.022391 0.134478 0.397645 91 86 77
-0.022030 0.135751 0.397808 102 95 83
-0.021095 0.136656 0.397948 113 103 89
-0.020482 0.137225 0.398218 115 103 89
-0.022104 0.132817 0.397856 90 85 77
-0.022080 0.133671 0.397284 86 80 72
-0.019916 0.137592 0.398357 116 103 88
-0.018968 0.138130 0.398660 118 104 87
-0.021565 0.131328 0.398157 80 74 63
-0.021684 0.131995 0.397723 80 76 66
-0.018199 0.138436 0.398795 114 100 82
-0.017383 0.138827 0.399191 121 107 87
-0.016536 0.139212 0.399445 133 117 96
-0.020994 0.128498 0.398163 98 74 48
-0.021092 0.129369 0.398455 85 67 47
-0.021212 0.130420 0.398333 77 65 52
-0.016854 0.139035 0.400001 136 121 101
-0.016008 0.139402 0.399634 143 127 105
-0.014943 0.139905 0.399937 159 144 122
-0.020864 0.126784 0.398589 128 99 62
-0.020989 0.127800 0.398645 110 84 54
-0.021096 0.128738 0.399001 92 71 48
-0.014350 0.140201 0.400235 165 150 127
-0.013439 0.140673 0.400419 164 150 126
-0.020347 0.125061 0.398672 131 98 58
-0.020602 0.125856 0.398932 134 102 63
-0.012838 0.140868 0.400928 160 146 123
-0.011952 0.141313 0.400955 150 136 111
-0.011029 0.141906 0.400830 145 128 101
-0.020014 0.124312 0.399185 111 78 40
-0.020316 0.125170 0.399651 119 87 50
-0.011316 0.141514 0.401732 139 126 102
-0.010452 0.142024 0.401563 133 117 90
-0.009544 0.142568 0.401634 130 112 84
-0.008758 0.143261 0.401488 139 118 87
-0.019294 0.122751 0.399469 126 91 53
-0.019635 0.123493 0.399678 116 82 44
-0.009049 0.142725 0.402162 125 107 79
-0.008042 0.143238 0.402221 129 108 78
-0.007071 0.143887 0.402247 134 111 78
-0.018366 0.121073 0.399557 121 87 49
-0.018690 0.121767 0.399908 131 96 58
-0.007365 0.143320 0.402891 124 104 75
-0.006398 0.143811 0.402773 126 103 72
-0.005517 0.144295 0.402584 127 103 69
-0.017862 0.120477 0.400128 112 78 41
-0.018144 0.121060 0.400467 114 80 43
-0.005581 0.144008 0.403375 123 101 69
-0.004772 0.144253 0.403329 122 99 67
-0.017194 0.119567 0.400554 122 88 54
-0.003942 0.144324 0.403928 122 99 67
-0.003247 0.144333 0.403772 121 97 65
-0.016374 0.118309 0.400669 126 92 57
-0.016602 0.118794 0.401093 128 94 59
-0.002183 0.144307 0.404269 122 97 66
-0.015595 0.117506 0.401275 124 90 54
-0.016057 0.118168 0.401541 126 93 57
-0.001361 0.144228 0.404880 126 100 68
-0.000518 0.144501 0.404772 127 100 68
-0.014696 0.116526 0.401647 117 83 47
0.000401 0.144386 0.405509 128 104 72
0.001073 0.144772 0.405188 135 108 75
-0.013712 0.115385 0.401550 109 75 41
-0.013823 0.115665 0.402005 113 80 45
0.001066 0.144165 0.406177 129 106 76
0.001987 0.144572 0.405840 137 112 80
0.002938 0.144998 0.405621 152 126 91
-0.012786 0.114821 0.401924 114 81 47
-0.012934 0.115107 0.402416 119 86 53
0.003015 0.144278 0.406511 138 115 86
0.003768 0.144888 0.406101 153 129 96
0.004676 0.145507 0.406188 161 137 103
-0.011708 0.114156 0.402361 122 92 61
-0.011850 0.114414 0.402853 123 93 62
0.003732 0.144042 0.407028 144 123 94
0.004634 0.144402 0.406842 153 132 102
0.005485 0.145484 0.406609 159 136 103
0.006273 0.145989 0.406764 152 129 97
0.006922 0.146947 0.406926 143 120 87
-0.010723 0.113431 0.402864 128 105 82
-0.010818 0.113769 0.403460 127 104 81
0.005703 0.143936 0.407482 156 137 110
0.006447 0.144929 0.407267 159 140 111
0.007173 0.145954 0.407187 145 124 93
0.007891 0.146756 0.407325 140 118 87
0.008528 0.147827 0.407499 149 125 93
-0.009896 0.112901 0.403249 126 109 93
-0.009788 0.113162 0.403853 126 110 96
0.006718 0.143498 0.408006 159 142 117
0.007395 0.144379 0.407855 161 144 119
0.007954 0.145397 0.407815 145 127 99
0.008609 0.146507 0.407872 138 119 90
0.009283 0.147582 0.407911 149 127 97
0.010136 0.148065 0.408033 154 132 100
-0.009148 0.112565 0.403398 119 105 92
-0.008697 0.112737 0.404054 114 101 88
0.004391 0.136239 0.407572 148 145 128
0.005018 0.136463 0.407382 152 150 132
0.007674 0.142939 0.408498 157 142 120
0.008372 0.143724 0.408496 161 146 124
0.008927 0.144753 0.408398 149 133 109
0.009456 0.145896 0.408472 135 119 93
0.010295 0.147025 0.408387 147 129 101
0.010678 0.147700 0.408213 152 133 103
-0.007562 0.112479 0.404511 98 86 72
0.005025 0.135532 0.407726 153 150 131
0.005670 0.136413 0.407435 152 149 131
0.008355 0.142279 0.408957 155 142 122
0.009183 0.143325 0.409052 163 149 130
0.009827 0.144170 0.408937 156 142 120
0.010567 0.145301 0.408925 135 121 98
0.011264 0.146397 0.408698 142 126 100
0.012025 0.147225 0.408751 151 134 106
-0.006381 0.112124 0.404887 98 87 74
-0.005865 0.112152 0.405491 105 95 82
0.006128 0.135094 0.407971 153 147 129
0.006900 0.135883 0.407881 147 142 126
0.007424 0.136844 0.407944 142 137 121
0.008558 0.137801 0.408407 136 130 114
0.010127 0.142696 0.409490 163 151 134
0.010926 0.143577 0.409513 160 148 128
0.011622 0.144639 0.409202 143 131 109
0.012212 0.145639 0.408997 137 122 98
-0.005403 0.111844 0.404808 102 92 78
-0.004944 0.112018 0.405523 99 90 75
0.007474 0.134355 0.408248 150 146 127
0.007687 0.135210 0.408092 148 143 125
0.008587 0.136396 0.408978 139 134 118
0.009102 0.137502 0.408795 134 129 113
0.009522 0.138326 0.408601 133 127 111
0.011563 0.142094 0.410026 160 150 133
0.012013 0.142884 0.409774 159 149 129
0.012738 0.143960 0.409480 152 140 119
0.012937 0.144866 0.409262 142 130 108
-0.003834 0.112014 0.405811 94 86 71
-0.003220 0.112125 0.406203 92 84 68
0.008266 0.133738 0.408456 148 144 126
0.008809 0.134311 0.408482 146 143 126
0.009272 0.136222 0.409280 136 132 117
0.009951 0.136837 0.408958 138 134 118
0.011906 0.140693 0.410356 153 144 127
0.012271 0.141374 0.410275 155 147 129
0.013037 0.142284 0.410099 156 147 129
0.013627 0.143248 0.409723 154 144 123
-0.002231 0.112132 0.406468 101 93 77
0.009755 0.133006 0.408935 146 144 129
0.010160 0.134083 0.409740 140 138 124
0.010848 0.134902 0.409367 142 142 128
0.011216 0.135766 0.409259 143 142 127
0.013533 0.140965 0.410771 148 141 123
0.014048 0.141690 0.410389 152 144 125
0.014608 0.142428 0.410132 153 144 124
-0.001330 0.112208 0.406404 108 101 83
-0.000710 0.112371 0.407040 113 104 85
0.010052 0.131098 0.409944 145 143 128
0.010343 0.132164 0.409940 142 140 126
0.010727 0.133454 0.409733 140 138 125
0.011219 0.134463 0.409779 141 140 127
0.012257 0.135633 0.410489 142 139 125
0.012694 0.136475 0.410547 142 139 125
0.013423 0.137519 0.410912 140 136 122
0.013999 0.139068 0.411098 140 134 119
0.014462 0.139970 0.410847 143 136 119
0.015101 0.141150 0.410848 146 139 121
0.015595 0.141931 0.410672 149 141 121
0.020901 0.151039 0.411823 146 120 84
0.021260 0.151966 0.412002 146 117 79
0.022066 0.152939 0.412147 154 122 81
0.022839 0.153653 0.412279 153 119 79
0.023537 0.155112 0.412375 146 111 70
0.000418 0.112409 0.407348 113 104 82
0.001096 0.112470 0.407716 110 100 77
0.010267 0.129928 0.410164 142 140 125
0.010802 0.130543 0.409944 141 140 124
0.011306 0.131674 0.410088 141 140 125
0.012006 0.132681 0.410252 140 137 123
0.012471 0.133935 0.410427 140 137 124
0.013089 0.134975 0.410586 141 138 125
0.013594 0.136080 0.410693 139 136 122
0.014244 0.137145 0.410693 138 134 120
0.014904 0.138189 0.411038 138 133 118
0.015484 0.139254 0.410758 139 133 117
0.016058 0.140596 0.410737 144 136 118
0.016508 0.141473 0.410914 145 138 118
0.021718 0.150331 0.412280 141 118 83
0.022138 0.151380 0.412758 147 120 83
0.022808 0.152549 0.412889 153 122 82
0.023553 0.153607 0.412811 147 114 73
0.024107 0.154701 0.412961 146 112 72
0.024856 0.155508 0.412973 148 114 74
0.002110 0.112488 0.408009 102 92 69
0.011098 0.127936 0.410506 140 136 120
0.010955 0.128959 0.410083 139 136 120
0.011713 0.130080 0.410344 136 132 117
0.012227 0.131091 0.410503 137 134 120
0.012905 0.132127 0.410368 136 133 118
0.013546 0.133334 0.410961 133 130 116
0.014160 0.134398 0.411017 134 131 117
0.014757 0.135392 0.411116 134 130 116
0.015220 0.136519 0.410913 135 131 117
0.015853 0.137754 0.411160 138 132 117
0.016203 0.138612 0.411038 137 131 115
0.022748 0.149856 0.412690 147 125 90
0.023106 0.150724 0.413301 154 130 93
0.023641 0.151966 0.413689 154 125 85
0.024262 0.153126 0.413717 147 116 74
0.024821 0.154240 0.413877 147 114 74
0.025609 0.155210 0.413659 149 116 78
0.026380 0.155928 0.413496 149 117 78
0.002967 0.112531 0.408399 102 93 69
0.003663 0.112587 0.408544 103 95 71
0.011216 0.126103 0.411003 132 127 113
0.011327 0.127347 0.410675 135 131 116
0.012083 0.128307 0.410795 136 132 117
0.012657 0.129347 0.410687 136 132 118
0.013214 0.130485 0.410646 134 130 115
0.014228 0.131677 0.411127 126 122 107
0.014431 0.132750 0.411274 126 122 107
0.015005 0.133832 0.411170 127 123 108
0.015219 0.134718 0.410903 131 129 114
0.017214 0.137525 0.411345 134 127 113
0.017858 0.138290 0.411558 132 124 110
0.018105 0.138666 0.411565 132 124 110
0.023703 0.149604 0.412982 156 134 98
0.024126 0.150182 0.413619 161 137 100
0.024217 0.151281 0.414104 159 133 94
0.024679 0.152569 0.414242 148 118 77
0.025617 0.154248 0.414430 149 117 77
0.026419 0.154770 0.414453 148 117 80
0.027196 0.155596 0.414123 146 116 79
0.027828 0.156218 0.413938 146 116 79
0.004667 0.112636 0.409022 104 95 71
0.005450 0.112805 0.408948 100 93 71
0.010446 0.122486 0.410963 121 116 103
0.010533 0.122920 0.410946 123 118 105
0.011841 0.125534 0.410997 128 123 109
0.012483 0.126460 0.411014 127 123 108
0.013107 0.127739 0.411039 129 125 111
0.013643 0.128379 0.410843 127 123 108
0.014289 0.130347 0.411052 124 120 105
0.014662 0.131016 0.411358 121 117 101
0.015327 0.132366 0.411540 120 115 99
0.015770 0.133130 0.411186 121 117 100
0.018527 0.138249 0.411765 129 122 108
0.025223 0.149831 0.413764 166 142 104
0.025561 0.150257 0.414402 167 142 102
0.027288 0.154706 0.414922 146 116 80
0.028046 0.155175 0.414849 144 115 78
0.028773 0.155907 0.414458 143 114 79
0.006169 0.112943 0.409548 105 98 76
0.007123 0.113342 0.409592 111 105 84
0.011083 0.120722 0.411032 125 121 108
0.011153 0.121586 0.410822 125 120 107
0.011747 0.122592 0.411024 125 120 106
0.012510 0.123667 0.411095 120 115 102
0.012828 0.124840 0.411152 122 118 106
0.013456 0.125838 0.411124 123 120 107
0.013818 0.127466 0.410970 123 119 105
0.026536 0.149357 0.414079 170 147 109
0.026838 0.149946 0.414556 168 142 102
0.029053 0.154871 0.415452 146 118 82
0.029871 0.155498 0.415116 148 121 87
0.030712 0.155894 0.414998 153 128 96
0.007843 0.113460 0.410162 116 110 89
0.008745 0.113885 0.410100 119 113 92
0.009850 0.116925 0.411172 109 104 82
0.010500 0.117463 0.410722 118 110 88
0.011025 0.118254 0.410534 114 106 85
0.011461 0.119954 0.410923 142 135 122
0.012489 0.121026 0.411419 114 112 98
0.012837 0.121971 0.411443 116 114 101
0.013391 0.123112 0.411407 119 118 106
0.013773 0.124223 0.411371 121 120 109
0.014064 0.125198 0.411096 123 122 110
0.027475 0.148728 0.414499 172 149 111
0.027812 0.149456 0.415020 172 146 107
0.028265 0.150075 0.415538 170 143 103
0.029873 0.154465 0.416045 153 127 91
0.030828 0.155030 0.415840 155 130 96
0.031640 0.155800 0.415448 160 136 104
0.009445 0.113996 0.410664 115 110 88
0.010265 0.114817 0.410731 113 109 88
0.010902 0.115883 0.410931 120 114 94
0.011466 0.117122 0.410953 130 121 99
0.012110 0.118060 0.411216 126 119 101
0.012706 0.119056 0.411380 120 118 102
0.012881 0.120447 0.411280 118 114 98
0.013633 0.121768 0.411407 121 119 105
0.014110 0.122360 0.411488 121 120 108
0.028564 0.148123 0.414798 173 151 113
0.028677 0.148686 0.415529 174 150 111
0.028964 0.149733 0.415755 171 145 105
0.031862 0.154704 0.416472 165 142 106
0.032588 0.155419 0.416057 167 144 110
0.033046 0.156083 0.415785 168 145 113
0.010984 0.114526 0.410898 98 98 78
0.011635 0.115428 0.411379 102 102 83
0.012301 0.116499 0.411499 108 108 89
0.012722 0.117541 0.411606 115 113 95
0.013266 0.118698 0.411777 119 118 101
0.014158 0.119901 0.412123 119 118 102
0.014826 0.120551 0.411861 118 118 101
0.029563 0.147467 0.415212 175 153 115
0.029706 0.148101 0.415846 176 153 114
0.030411 0.148820 0.416612 177 152 112
0.032572 0.154431 0.416949 168 145 109
0.033456 0.154925 0.416727 172 149 115
0.034326 0.155742 0.416396 173 152 120
0.035097 0.156237 0.416570 171 152 123
0.011952 0.113931 0.411600 94 94 75
0.012588 0.114797 0.411665 64 74 55
0.013291 0.115924 0.411965 74 82 63
0.013740 0.116945 0.412063 102 102 83
0.014255 0.118083 0.412203 119 114 94
0.030600 0.146782 0.415627 177 155 117
0.030770 0.147540 0.416317 178 154 115
0.034532 0.154456 0.417362 176 154 120
0.035143 0.155330 0.417118 174 154 123
0.035899 0.156039 0.416965 170 152 123
0.031748 0.146097 0.416126 179 156 118
0.031875 0.146822 0.416715 180 156 116
0.035460 0.154074 0.417888 178 156 123
0.035957 0.154824 0.417941 175 155 125
0.036787 0.155685 0.417674 170 153 125
0.032656 0.145519 0.416460 179 156 118
0.032859 0.146281 0.417170 180 156 117
0.037624 0.155349 0.418455 169 153 127
0.037890 0.155873 0.418171 168 153 128
0.033629 0.145036 0.416897 179 156 118
0.033833 0.145689 0.417561 180 156 117
0.038467 0.155157 0.419083 168 154 129
0.034579 0.144423 0.417281 178 155 117
0.034826 0.145151 0.417980 179 155 116
0.035874 0.144530 0.418332 178 154 115
0.036815 0.144438 0.418973 178 153 114
0.035987 0.139188 0.417960 100 94 69
0.036697 0.140282 0.419315 105 97 72
0.037414 0.139884 0.418966 106 97 69
0.037731 0.139988 0.419174 108 97 68
0.038557 0.139242 0.419104 113 97 64
0.038701 0.139597 0.419708 114 98 65
0.040020 0.141077 0.420409 110 96 65
0.039838 0.139369 0.419924 115 96 62
0.040730 0.140225 0.420293 113 95 62
0.040962 0.140770 0.420943 114 96 63
0.041602 0.139963 0.420487 113 94 59
0.042294 0.140697 0.420796 112 93 60
0.042856 0.141283 0.420980 111 92 60
0.043807 0.142876 0.420941 106 92 65
0.042398 0.139667 0.420683 113 91 56
0.043186 0.140362 0.421115 112 91 56
0.043586 0.141102 0.421506 112 92 58
0.044450 0.142579 0.421418 109 92 61
0.043850 0.140440 0.421830 114 92 56
0.044243 0.140923 0.421873 113 91 55
0.045374 0.142023 0.421896 110 89 55
0.046258 0.142248 0.421785 108 86 51
0.046098 0.142020 0.422293 110 88 53
0.046928 0.142280 0.422232 108 86 50
0.048077 0.141968 0.422649 109 86 48
0.048566 0.142244 0.422895 109 86 48
0.049374 0.141800 0.423284 110 85 46
0.050505 0.141319 0.423681 110 82 43
0.051889 0.139940 0.423813 112 80 41
0.051608 0.140669 0.424151 112 82 42
0.052174 0.139763 0.423829 112 80 41
0.052712 0.140153 0.424500 113 81 42
0.053718 0.138819 0.424509 115 81 42
0.053851 0.139600 0.424873 115 81 42
0.054349 0.140370 0.425610 117 83 45
0.054279 0.138657 0.424721 115 81 42
0.054747 0.139145 0.425237 116 82 43
0.055260 0.140317 0.425603 114 81 42
0.055457 0.140900 0.425901 115 81 43
0.055779 0.138553 0.425671 116 83 44
0.055912 0.139061 0.426317 120 85 46
0.056874 0.138094 0.425982 113 85 49
0.057099 0.138473 0.426700 116 86 51
0.057748 0.137561 0.426164 114 93 65
0.058196 0.138326 0.426953 114 91 62
-0.023292 0.135738 0.399279 96 90 82
-0.022921 0.133655 0.398918 99 97 90
-0.022987 0.134695 0.398997 103 99 90
-0.022339 0.135637 0.398879 121 114 103
-0.021322 0.136626 0.398887 128 119 105
-0.020682 0.137332 0.398855 124 113 100
-0.022653 0.132808 0.399105 98 95 87
-0.022568 0.134292 0.399636 122 117 106
-0.021557 0.135443 0.399734 136 128 115
-0.020794 0.136249 0.399690 138 128 113
-0.020050 0.137239 0.399553 135 123 107
-0.019273 0.137981 0.399536 131 118 100
-0.022063 0.131452 0.399382 86 80 71
-0.022466 0.132102 0.399823 96 92 83
-0.020291 0.135994 0.400342 142 130 114
-0.019613 0.136941 0.400448 140 127 111
-0.018654 0.138007 0.400379 136 122 104
-0.017746 0.138705 0.400303 133 119 100
-0.021280 0.129595 0.399691 88 72 54
-0.021618 0.130460 0.399680 82 72 58
-0.017100 0.138756 0.400936 145 131 112
-0.016164 0.139317 0.400966 153 140 120
-0.015341 0.139806 0.400998 162 149 128
-0.020946 0.127839 0.399855 115 92 63
-0.021086 0.128801 0.400096 103 84 61
-0.015619 0.139447 0.401822 163 152 133
-0.014751 0.139991 0.401553 167 155 135
-0.013857 0.140472 0.401592 166 154 133
-0.020591 0.126238 0.400087 127 98 63
-0.020712 0.127150 0.400483 127 102 70
-0.013213 0.140698 0.402071 163 152 131
-0.012301 0.141055 0.402215 155 144 123
-0.019968 0.124532 0.400218 113 81 45
-0.020157 0.125317 0.400656 117 87 51
-0.011517 0.141308 0.402660 150 138 117
-0.010617 0.141713 0.402719 140 127 103
-0.019156 0.122798 0.400426 139 105 66
-0.019466 0.123720 0.400855 138 106 67
-0.019752 0.124665 0.401280 140 109 72
-0.010049 0.141839 0.403334 141 128 104
-0.009119 0.142306 0.403279 133 117 92
-0.008240 0.142873 0.403229 126 109 81
-0.018678 0.122200 0.401038 132 99 60
-0.018904 0.122888 0.401498 142 109 70
-0.008481 0.142338 0.404043 138 123 98
-0.007651 0.142937 0.403967 132 115 88
-0.006749 0.143553 0.403883 130 111 82
-0.017694 0.120560 0.401043 120 86 51
-0.018044 0.121338 0.401542 119 85 49
-0.006814 0.142928 0.404791 136 118 91
-0.005960 0.143549 0.404600 132 112 84
-0.005079 0.143962 0.404354 129 107 77
-0.017194 0.119990 0.401623 128 95 60
-0.017427 0.120560 0.402092 130 97 61
-0.005190 0.143540 0.405316 135 115 86
-0.004306 0.143975 0.405092 132 110 79
-0.003466 0.144250 0.404818 128 104 72
-0.016552 0.119185 0.402181 126 92 57
-0.016918 0.119956 0.402652 126 93 58
-0.003570 0.143987 0.405866 136 114 82
-0.002789 0.144177 0.405516 133 109 76
-0.015505 0.117660 0.402195 122 88 52
-0.015809 0.118291 0.402687 126 92 57
-0.001669 0.144096 0.406054 134 110 77
-0.000844 0.144128 0.406023 130 107 75
-0.014829 0.117027 0.402825 122 88 53
-0.015025 0.117518 0.403382 127 94 59
-0.000062 0.144037 0.406523 130 107 76
-0.014030 0.116314 0.403300 121 88 55
0.001064 0.143892 0.407036 130 108 78
0.001747 0.144067 0.406809 130 108 78
-0.013059 0.115619 0.403725 117 85 53
0.001595 0.143687 0.407799 134 114 85
0.002521 0.143898 0.407434 135 114 85
-0.012038 0.114919 0.404104 114 84 54
0.003717 0.143689 0.407978 141 122 95
0.004588 0.143696 0.407772 148 129 102
-0.010970 0.114254 0.404550 117 92 69
0.004759 0.143306 0.408716 143 127 102
0.005245 0.143408 0.408272 149 132 106
-0.009983 0.113697 0.404895 126 107 90
0.005635 0.142799 0.409263 143 128 106
0.006157 0.142929 0.408794 149 133 111
-0.008913 0.113227 0.405386 128 113 97
0.007344 0.142514 0.409126 151 138 118
-0.007822 0.112862 0.405749 123 110 94
-0.007657 0.112979 0.406423 130 116 97
0.007740 0.141581 0.410175 142 131 114
0.008261 0.142015 0.409583 151 139 121
0.008849 0.142810 0.409210 161 148 129
-0.006807 0.112481 0.405643 104 92 77
-0.006512 0.112586 0.406379 115 103 86
0.009308 0.140647 0.410808 142 133 117
0.009420 0.141403 0.410158 148 139 122
0.010394 0.142227 0.409910 161 151 134
-0.005265 0.112374 0.406756 113 103 86
0.008511 0.136025 0.409552 137 134 118
0.010457 0.140824 0.410642 147 139 123
0.011074 0.141779 0.410238 157 149 132
-0.004397 0.112346 0.406966 106 97 79
-0.003754 0.112426 0.407326 100 91 73
0.010986 0.139428 0.411495 141 136 120
0.011370 0.140317 0.411023 145 138 122
0.012182 0.141010 0.410758 149 142 125
-0.002635 0.112464 0.407632 97 88 70
-0.002080 0.112636 0.408200 104 94 76
0.009538 0.133173 0.410189 142 141 127
0.009667 0.133931 0.410605 141 138 125
0.010137 0.135249 0.411268 143 140 125
0.010762 0.136230 0.411125 142 138 123
0.011306 0.137240 0.411224 141 138 123
0.011776 0.138327 0.411594 140 136 122
0.012286 0.139613 0.411331 141 136 120
0.013009 0.140736 0.411069 145 139 121
-0.001102 0.112646 0.408236 114 103 83
0.009437 0.131311 0.410605 145 143 128
0.009762 0.132490 0.410958 143 140 126
0.010309 0.133574 0.411315 143 140 127
0.011138 0.134545 0.411282 142 139 125
0.011753 0.135763 0.411229 141 138 124
0.012366 0.136616 0.411384 140 137 123
0.012813 0.137821 0.411446 140 136 122
0.013442 0.138803 0.411319 140 135 120
0.013457 0.139795 0.411086 142 136 120
-0.000099 0.112619 0.408542 116 105 81
0.000550 0.112609 0.408857 115 103 77
0.009921 0.129702 0.411242 142 139 125
0.010232 0.130610 0.411076 143 141 126
0.010784 0.131715 0.411196 142 139 125
0.011534 0.133025 0.411500 139 137 123
0.012014 0.134009 0.411585 139 137 123
0.012565 0.135079 0.411412 139 136 123
0.012949 0.136336 0.411523 138 135 121
0.013502 0.137538 0.411614 139 135 121
0.014095 0.138111 0.411445 138 134 120
0.001601 0.112561 0.409249 113 100 72
0.008580 0.124647 0.411596 126 121 108
0.009034 0.125502 0.411658 135 131 119
0.010194 0.128240 0.411946 136 132 118
0.010611 0.129011 0.411570 137 133 119
0.011275 0.130057 0.411223 137 133 119
0.011530 0.130911 0.410988 140 137 123
0.012385 0.132686 0.411830 135 132 118
0.012963 0.133384 0.411726 135 132 119
0.013637 0.134475 0.411786 136 132 119
0.014486 0.135310 0.411834 136 133 119
0.024726 0.153309 0.414405 146 114 72
0.024848 0.153713 0.414363 146 114 73
0.002529 0.112496 0.409611 113 100 70
0.003193 0.112469 0.409825 112 100 70
0.009075 0.123162 0.411774 113 108 94
0.009198 0.123972 0.411365 117 112 99
0.009769 0.124995 0.411640 131 126 114
0.010591 0.126115 0.411731 132 128 114
0.011005 0.127310 0.411912 133 128 114
0.011567 0.128321 0.411417 134 130 115
0.013706 0.131742 0.412329 122 117 102
0.014055 0.132535 0.411990 123 119 103
0.024594 0.151460 0.414572 159 132 92
0.025035 0.152616 0.414824 148 118 77
0.025629 0.153603 0.414953 149 118 77
0.026360 0.154243 0.414914 148 118 79
0.004222 0.112481 0.410185 111 100 71
0.009767 0.122429 0.411626 118 114 100
0.010313 0.123427 0.411544 125 120 106
0.010733 0.124517 0.412044 128 123 109
0.011286 0.125547 0.411997 127 122 108
0.012022 0.126636 0.411894 126 121 107
0.012690 0.127407 0.411751 125 122 107
0.014263 0.131180 0.412058 120 116 99
0.014633 0.132002 0.412127 121 116 99
0.025419 0.150924 0.415004 164 138 98
0.025824 0.151926 0.415700 157 129 89
0.026425 0.153091 0.415800 153 123 83
0.027211 0.154034 0.415506 146 116 79
0.027905 0.154574 0.415393 147 118 81
0.004996 0.112518 0.410556 110 100 72
0.005864 0.112682 0.410744 111 102 76
0.010393 0.120681 0.412029 124 120 107
0.010712 0.121759 0.411928 123 119 106
0.011297 0.122819 0.412127 122 118 104
0.011878 0.123742 0.412147 121 117 104
0.012320 0.124940 0.411955 122 117 104
0.012506 0.125794 0.411857 121 117 103
0.026539 0.150621 0.415347 167 140 100
0.026908 0.151234 0.416099 165 137 97
0.027200 0.152690 0.416442 154 124 84
0.028133 0.153471 0.416372 147 118 80
0.028885 0.154309 0.415934 148 119 83
0.006692 0.112885 0.411248 112 104 81
0.007554 0.113121 0.411285 114 108 85
0.009458 0.116641 0.411851 90 90 70
0.009986 0.117210 0.411674 94 93 72
0.010726 0.119030 0.412625 119 113 98
0.010879 0.119799 0.412119 136 130 116
0.011761 0.121114 0.412346 114 112 99
0.012299 0.122118 0.412357 117 116 104
0.012732 0.123089 0.412281 119 118 107
0.012964 0.124079 0.411957 121 120 109
0.027966 0.149897 0.415788 171 145 105
0.028059 0.150647 0.416244 168 140 100
0.028555 0.151125 0.417112 166 137 96
0.029109 0.153062 0.417031 152 124 86
0.029870 0.153848 0.416616 154 128 91
0.030541 0.154387 0.416366 156 130 94
0.008265 0.113420 0.411707 115 109 87
0.009037 0.113789 0.411878 116 110 89
0.010046 0.114571 0.411911 118 112 91
0.010950 0.115786 0.411868 123 116 96
0.011548 0.116992 0.412035 123 116 96
0.011628 0.118165 0.412577 105 105 91
0.011989 0.118966 0.412704 104 106 92
0.012858 0.120015 0.413084 126 123 107
0.014239 0.122703 0.413702 126 124 108
0.028741 0.149352 0.416121 174 149 110
0.029080 0.150082 0.416552 170 144 103
0.029365 0.150813 0.417261 167 140 98
0.030028 0.152763 0.417498 158 131 93
0.030746 0.153300 0.417327 161 135 97
0.031464 0.154094 0.416890 163 139 102
0.010323 0.114723 0.412618 123 116 95
0.011186 0.115637 0.412394 116 112 92
0.011886 0.116575 0.412521 116 113 94
0.012383 0.117652 0.412784 120 117 99
0.013136 0.118691 0.413113 127 122 103
0.013658 0.119727 0.412970 128 124 105
0.014292 0.122280 0.413719 126 123 106
0.029771 0.148782 0.416456 176 152 113
0.030133 0.149535 0.416892 174 148 107
0.030407 0.150399 0.417567 170 143 101
0.031694 0.152884 0.417938 167 141 103
0.032467 0.153760 0.417479 169 145 108
0.033149 0.154289 0.417279 171 148 112
0.011769 0.114020 0.412596 80 85 66
0.012389 0.114850 0.412909 71 79 60
0.012893 0.116058 0.413044 74 82 64
0.013430 0.116953 0.413247 96 98 79
0.014006 0.118145 0.413558 122 117 97
0.014630 0.119143 0.413676 123 118 97
0.014785 0.119967 0.414098 121 117 96
0.030951 0.148105 0.416935 179 155 115
0.031159 0.148863 0.417398 178 152 111
0.031569 0.149949 0.418048 174 147 105
0.032204 0.150368 0.418478 172 145 104
0.032758 0.152430 0.418503 172 146 107
0.033457 0.153203 0.418184 173 149 111
0.034142 0.153965 0.417778 175 152 117
0.013992 0.115597 0.414036 36 55 37
0.014604 0.115820 0.414020 36 55 37
0.031876 0.147516 0.417316 180 155 115
0.032221 0.148239 0.417992 179 153 112
0.032501 0.149261 0.418536 176 150 108
0.032692 0.150076 0.418675 174 147 105
0.034426 0.152569 0.418831 176 152 113
0.035270 0.153552 0.418383 177 155 120
0.036067 0.154429 0.418473 176 156 125
0.014985 0.115852 0.414456 36 56 37
0.032970 0.146911 0.417768 180 155 115
0.033182 0.147550 0.418278 179 153 112
0.033379 0.148482 0.418921 178 151 109
0.035473 0.152173 0.419394 177 154 115
0.036162 0.153182 0.419176 177 156 122
0.036765 0.154135 0.419191 174 156 126
0.037491 0.154809 0.418970 171 154 127
0.033912 0.146342 0.418107 180 155 115
0.034165 0.146977 0.418724 179 153 112
0.034352 0.147810 0.419339 178 151 109
0.036348 0.151878 0.419850 178 155 116
0.036773 0.152380 0.419857 177 156 120
0.037562 0.153724 0.419935 173 155 126
0.038395 0.154576 0.419634 169 154 129
0.039014 0.155057 0.419651 167 154 131
0.034934 0.145748 0.418558 179 154 114
0.035084 0.146432 0.419156 179 153 112
0.035451 0.147148 0.419820 178 151 109
0.038423 0.153505 0.420525 171 155 127
0.039095 0.154106 0.420415 169 154 129
0.039397 0.154798 0.420013 167 154 132
0.035946 0.145107 0.418949 179 154 114
0.036195 0.145716 0.419523 178 152 111
0.036373 0.146588 0.420159 178 151 109
0.039844 0.153678 0.421010 166 152 128
0.037515 0.144244 0.419522 178 153 113
0.037244 0.145159 0.419997 178 151 110
0.037404 0.145947 0.420571 178 150 108
0.036581 0.140286 0.419703 109 100 74
0.036482 0.140631 0.420417 113 104 78
0.038129 0.144816 0.420458 178 150 109
0.038466 0.145350 0.421005 178 149 108
0.037317 0.140484 0.420383 114 103 75
0.038479 0.140150 0.420739 118 102 70
0.039349 0.140870 0.421360 117 100 69
0.039688 0.141459 0.421438 114 98 69
0.039589 0.139864 0.420776 117 98 64
0.040106 0.140530 0.421260 117 99 65
0.040655 0.141214 0.421607 115 98 65
0.041624 0.142739 0.422244 109 94 67
0.041941 0.143060 0.422314 109 94 67
0.041188 0.140439 0.421214 116 97 62
0.041734 0.140938 0.421877 117 97 63
0.042120 0.141545 0.422476 118 98 63
0.042890 0.143194 0.422258 110 94 66
0.043447 0.143582 0.423005 113 96 66
0.042763 0.140648 0.422181 118 96 60
0.043342 0.141462 0.422466 116 95 61
0.044006 0.142450 0.422651 114 95 62
0.044237 0.143201 0.423018 115 96 64
0.043672 0.140481 0.422287 116 94 58
0.044281 0.141149 0.422665 116 93 58
0.044940 0.141863 0.423151 116 94 58
0.045198 0.142791 0.423274 116 95 62
0.045552 0.141734 0.423556 117 93 57
0.046596 0.142351 0.423618 114 91 55
0.047333 0.142732 0.423630 113 90 54
0.047669 0.142278 0.423571 111 88 51
0.048014 0.142557 0.424180 113 90 52
0.049156 0.142166 0.424586 114 88 49
0.050205 0.140734 0.424842 115 86 46
0.050115 0.141466 0.425112 115 87 48
0.051537 0.140102 0.425172 118 86 47
0.051199 0.140830 0.425346 117 86 47
0.052203 0.140320 0.425716 120 86 47
0.053430 0.140104 0.426137 122 87 48
0.054063 0.140637 0.426144 120 85 47
0.054628 0.141154 0.426484 120 86 47
0.054402 0.139645 0.426188 123 87 48
0.054813 0.140200 0.426607 123 87 47
0.055383 0.140777 0.426268 119 84 46
0.055763 0.139495 0.427189 124 88 47
0.056948 0.138999 0.427569 118 88 51
0.057961 0.138785 0.427887 114 89 57
0.058392 0.139021 0.428474 114 91 61
-0.023332 0.135073 0.399489 98 94 86
-0.023146 0.135640 0.399411 105 99 90
-0.022579 0.133019 0.400082 105 102 93
-0.022322 0.134085 0.400425 117 112 101
-0.021618 0.134938 0.400425 132 124 110
-0.022087 0.131432 0.400408 92 85 73
-0.022171 0.132385 0.400749 100 94 83
-0.021992 0.133732 0.401150 113 105 93
-0.020977 0.134867 0.401069 133 122 107
-0.020040 0.135507 0.401074 141 129 113
-0.019243 0.136592 0.400937 143 130 113
-0.018608 0.137367 0.401021 142 128 111
-0.021234 0.129750 0.400645 97 82 62
-0.021443 0.130680 0.400960 97 85 68
-0.021437 0.131496 0.401472 103 92 76
-0.019383 0.135370 0.401829 147 134 117
-0.018571 0.136069 0.401791 151 138 122
-0.017812 0.137263 0.401799 149 136 119
-0.017049 0.138157 0.401822 153 140 122
-0.016192 0.138867 0.401803 160 148 130
-0.020795 0.128064 0.400733 123 101 74
-0.020895 0.129013 0.401158 115 97 73
-0.020830 0.129980 0.401680 115 99 78
-0.018398 0.135107 0.402375 159 147 131
-0.018049 0.135783 0.402477 157 145 129
-0.017251 0.136886 0.402630 158 147 131
-0.016393 0.137922 0.402631 163 153 136
-0.015622 0.138814 0.402521 166 157 139
-0.014793 0.139668 0.402525 168 159 141
-0.014115 0.140242 0.402535 169 159 139
-0.020415 0.126427 0.401035 122 95 62
-0.020463 0.127347 0.401430 126 103 72
-0.020471 0.128337 0.401850 128 108 81
-0.015113 0.138541 0.403298 170 162 146
-0.014214 0.139417 0.403350 170 163 146
-0.013397 0.140289 0.403205 169 160 141
-0.012598 0.140825 0.403115 164 154 135
-0.020013 0.125779 0.401703 136 108 73
-0.020088 0.126623 0.402118 137 112 79
-0.012827 0.140115 0.403956 169 161 143
-0.011856 0.140900 0.403894 163 153 132
-0.010905 0.141400 0.403762 154 143 120
-0.019259 0.123942 0.401907 151 120 81
-0.019479 0.124810 0.402257 153 124 87
-0.011160 0.140992 0.404562 161 151 129
-0.010242 0.141452 0.404454 154 142 119
-0.009337 0.141899 0.404422 147 134 109
-0.018733 0.123195 0.402475 137 106 68
-0.018967 0.124046 0.402875 148 118 80
-0.009466 0.141425 0.405129 155 145 121
-0.008607 0.141964 0.405055 147 134 109
-0.007729 0.142404 0.404910 140 125 99
-0.018003 0.121773 0.402560 126 93 57
-0.018142 0.122362 0.403019 127 95 59
-0.007882 0.142000 0.405752 146 133 109
-0.007024 0.142395 0.405582 140 125 99
-0.006148 0.142950 0.405422 137 119 92
-0.017361 0.120982 0.403160 133 101 66
-0.017668 0.121800 0.403549 139 108 72
-0.006237 0.142285 0.406252 141 127 103
-0.005346 0.142889 0.406073 138 120 93
-0.004531 0.143493 0.405904 136 116 86
-0.016439 0.119475 0.403169 119 86 51
-0.016691 0.120082 0.403581 118 86 51
-0.004477 0.142663 0.406778 140 123 97
-0.003691 0.143375 0.406561 138 118 88
-0.002783 0.143782 0.406427 137 114 83
-0.015760 0.118775 0.403801 127 94 59
-0.016060 0.119433 0.404155 121 89 55
-0.002984 0.143093 0.407321 141 122 93
-0.002063 0.143622 0.407139 139 117 86
-0.014967 0.117878 0.404242 126 94 60
-0.001033 0.143434 0.407760 139 119 89
-0.000406 0.143750 0.407523 135 114 83
-0.013968 0.116638 0.404131 117 85 53
-0.014141 0.117127 0.404673 115 84 53
-0.000260 0.143175 0.408427 141 122 93
0.000487 0.143511 0.408138 136 116 87
-0.013190 0.116134 0.404549 108 77 46
-0.013158 0.116479 0.405150 103 73 44
0.001574 0.143266 0.408658 135 117 90
0.002255 0.143578 0.408330 135 116 89
-0.012079 0.115373 0.405066 105 75 46
-0.012176 0.115821 0.405703 108 79 51
0.002350 0.143011 0.409327 135 119 95
0.003164 0.143310 0.409073 135 119 94
-0.011083 0.114727 0.405510 107 80 55
-0.011096 0.115146 0.406168 111 85 58
0.004322 0.143106 0.409657 137 122 99
-0.010077 0.114136 0.405899 120 98 76
-0.010112 0.114597 0.406540 121 96 70
0.005077 0.141374 0.410546 129 119 101
0.005335 0.142526 0.410209 135 123 103
0.005810 0.142764 0.409808 141 128 108
-0.009096 0.113619 0.406238 130 112 90
-0.009069 0.113972 0.406838 130 109 84
0.005348 0.141369 0.410606 129 120 102
0.006191 0.141907 0.410647 135 124 106
0.006622 0.142273 0.410133 142 131 112
-0.008310 0.113224 0.406374 133 118 97
-0.007994 0.113455 0.407107 134 117 93
0.007344 0.141354 0.410964 135 126 109
0.007455 0.141763 0.410369 142 131 114
-0.006782 0.113107 0.407560 130 116 92
0.008367 0.140535 0.411396 139 131 115
0.008830 0.140966 0.410836 140 131 115
-0.005580 0.112789 0.407822 125 113 90
-0.005279 0.112968 0.408423 127 114 88
0.008586 0.137848 0.412101 142 137 123
0.008723 0.138780 0.411976 141 136 121
0.009302 0.139850 0.411659 142 136 121
0.009826 0.140371 0.411271 142 135 119
-0.004218 0.112781 0.408534 118 106 83
0.008913 0.135931 0.412221 144 139 125
0.009245 0.137014 0.412106 142 138 124
0.009640 0.138035 0.412075 141 137 122
0.010379 0.139175 0.411787 141 136 121
0.010569 0.139996 0.411391 142 136 121
-0.003247 0.112835 0.408753 109 98 76
-0.002585 0.112941 0.409151 110 98 77
0.007660 0.130998 0.412140 147 144 131
0.007836 0.132069 0.412045 147 144 131
0.008302 0.133121 0.411911 147 144 130
0.008945 0.134256 0.411815 143 140 127
0.009473 0.135288 0.411823 143 139 125
0.009994 0.136549 0.411814 142 138 123
0.010569 0.137582 0.411854 142 138 123
0.011130 0.138567 0.411866 141 136 121
-0.001417 0.112959 0.409479 115 102 79
-0.000885 0.113048 0.410270 118 104 77
0.007835 0.129207 0.412243 146 143 129
0.008290 0.130294 0.411948 146 143 129
0.008826 0.131350 0.411933 145 142 128
0.009327 0.132527 0.411976 144 141 127
0.009924 0.133609 0.411816 143 140 127
0.010779 0.134486 0.412155 141 138 125
0.011934 0.136000 0.412136 141 138 125
-0.000382 0.112806 0.409402 117 104 79
-0.000060 0.112853 0.410036 117 103 76
0.007762 0.126359 0.412505 144 139 127
0.008110 0.127367 0.412342 144 140 126
0.008631 0.128574 0.412085 142 139 125
0.009069 0.129684 0.411907 143 140 126
0.009490 0.130845 0.411986 142 139 126
0.010232 0.131994 0.412107 142 139 126
0.011153 0.132905 0.412483 139 137 124
0.011472 0.134097 0.412399 140 138 125
0.011848 0.134926 0.412220 142 139 126
0.001183 0.112674 0.410464 119 103 72
0.007894 0.124639 0.412189 122 117 104
0.008423 0.125822 0.412082 138 134 121
0.008996 0.126769 0.412290 139 135 121
0.009679 0.127901 0.412188 137 133 119
0.010028 0.128752 0.411922 137 134 120
0.011795 0.132570 0.412421 139 136 123
0.002120 0.112581 0.410778 119 104 70
0.002759 0.112516 0.411067 119 104 70
0.008372 0.123087 0.412510 114 110 96
0.008450 0.123763 0.412033 111 106 92
0.009418 0.125544 0.412207 133 128 115
0.009817 0.126270 0.412292 134 130 116
0.010084 0.127159 0.412344 134 130 116
0.003750 0.112460 0.411430 118 103 71
0.009045 0.121586 0.413030 125 121 107
0.008963 0.122227 0.412570 120 115 101
0.010327 0.123287 0.412867 126 121 107
0.010756 0.124350 0.412690 126 120 106
0.011143 0.125443 0.412761 124 119 104
0.004664 0.112464 0.411833 116 103 72
0.005482 0.112560 0.412015 114 103 75
0.009432 0.119427 0.413558 119 115 102
0.009772 0.120619 0.413154 125 121 107
0.010390 0.121662 0.413184 120 116 103
0.010887 0.122904 0.413038 121 117 104
0.011368 0.123521 0.412966 121 118 105
0.027306 0.151631 0.416681 164 135 95
0.027562 0.152211 0.416845 158 128 88
0.006354 0.112746 0.412417 113 104 79
0.007208 0.113031 0.412585 113 104 81
0.010185 0.119062 0.413285 116 111 94
0.010552 0.119886 0.413305 121 117 103
0.011098 0.121135 0.413082 116 113 100
0.011404 0.122294 0.413054 118 115 103
0.027888 0.151277 0.416928 165 136 95
0.028386 0.151818 0.417240 158 130 89
0.028987 0.152494 0.417377 154 125 85
0.007825 0.113329 0.412954 112 104 83
0.008750 0.113684 0.413151 117 109 88
0.010333 0.117942 0.413470 103 103 86
0.011134 0.118245 0.413688 107 108 92
0.011664 0.119244 0.413996 118 117 102
0.012582 0.120468 0.414198 125 123 109
0.012992 0.121456 0.414317 126 124 109
0.013634 0.122243 0.414181 127 125 109
0.029379 0.151332 0.417684 162 135 93
0.029922 0.152231 0.417803 158 131 91
0.030540 0.152760 0.417753 161 135 97
0.009395 0.113991 0.413522 123 114 93
0.009986 0.114463 0.413521 126 116 95
0.010824 0.115507 0.413792 128 119 98
0.011482 0.116673 0.413917 128 120 99
0.012044 0.117659 0.414094 120 117 99
0.012629 0.118746 0.414298 127 122 104
0.013228 0.119984 0.414439 128 123 103
0.013625 0.120709 0.414202 130 124 104
0.030441 0.151031 0.417997 166 139 98
0.030955 0.151675 0.418267 165 138 98
0.031416 0.152326 0.418223 166 140 101
0.012134 0.114601 0.413619 71 79 60
0.012761 0.116035 0.414438 65 76 58
0.013041 0.116994 0.414492 92 96 76
0.013467 0.118232 0.414561 121 117 97
0.014117 0.119307 0.414525 121 118 96
0.031696 0.150164 0.418400 173 146 105
0.032004 0.151114 0.418618 171 144 103
0.032530 0.151851 0.418734 172 146 106
0.013604 0.115577 0.414880 38 56 38
0.013656 0.116594 0.414990 68 78 58
0.013903 0.117425 0.415318 78 86 67
0.032807 0.149514 0.418862 176 149 107
0.033098 0.150439 0.419040 175 148 106
0.033595 0.151399 0.419171 175 149 108
0.034133 0.151983 0.419151 175 150 110
0.014242 0.115326 0.415350 36 55 37
0.014817 0.115755 0.415092 36 55 37
0.033696 0.148942 0.419272 178 150 108
0.033953 0.149810 0.419504 177 150 107
0.034626 0.150886 0.419672 176 150 109
0.035185 0.151541 0.419653 177 152 111
0.034532 0.148402 0.419698 178 151 108
0.034896 0.149109 0.420084 178 150 107
0.035489 0.150291 0.420210 177 151 109
0.036212 0.151301 0.420135 177 153 113
0.036994 0.152582 0.420412 176 156 122
0.037614 0.153154 0.420418 173 156 125
0.035477 0.147728 0.420083 178 150 108
0.035886 0.148609 0.420514 178 150 107
0.036493 0.149652 0.420790 178 151 109
0.037184 0.150904 0.420827 177 154 114
0.037627 0.151947 0.421038 176 155 120
0.038382 0.152931 0.420924 172 155 125
0.039123 0.153494 0.421010 169 154 127
0.036579 0.147106 0.420560 178 150 108
0.036884 0.147996 0.421010 178 150 107
0.037470 0.149069 0.421385 178 151 108
0.037911 0.150201 0.421543 177 152 112
0.038424 0.151526 0.421813 175 155 121
0.039259 0.152485 0.421742 170 153 125
0.039998 0.153186 0.421558 166 152 127
0.037609 0.146403 0.420995 178 150 108
0.037963 0.147321 0.421555 177 149 107
0.038300 0.148386 0.421958 176 150 107
0.038397 0.149284 0.422012 176 150 109
0.040005 0.152195 0.422458 168 152 125
0.040774 0.152749 0.422491 165 151 128
0.036493 0.141003 0.421042 116 106 80
0.038519 0.145831 0.421391 177 149 107
0.038920 0.146788 0.422113 176 148 106
0.038721 0.147630 0.422342 177 150 108
0.041501 0.152638 0.422952 163 151 130
0.037241 0.141018 0.421353 119 107 79
0.037440 0.141638 0.421816 120 109 81
0.039446 0.145558 0.421859 177 148 106
0.039857 0.146229 0.422492 176 148 106
0.039956 0.146901 0.422844 176 149 107
0.038006 0.140601 0.421788 124 108 77
0.038658 0.141103 0.422228 124 108 76
0.039427 0.141610 0.422240 118 103 73
0.040686 0.146103 0.423026 176 148 106
0.040659 0.146436 0.423149 175 148 107
0.039540 0.140998 0.422174 121 104 71
0.040298 0.141555 0.422655 121 103 70
0.041094 0.142338 0.422856 117 100 68
0.042001 0.143389 0.422703 108 94 68
0.041390 0.141427 0.423063 122 102 67
0.041844 0.142006 0.423309 121 102 67
0.042535 0.143346 0.423233 114 97 67
0.043290 0.144000 0.423396 112 96 67
0.043746 0.144843 0.423989 112 96 67
0.042440 0.141057 0.423052 122 100 64
0.042899 0.141666 0.423631 122 101 65
0.043466 0.142350 0.424013 122 100 65
0.044092 0.143769 0.424039 118 99 66
0.044239 0.144729 0.424296 115 98 67
0.043784 0.141598 0.423733 121 98 62
0.044503 0.142124 0.424105 120 98 62
0.045062 0.143077 0.424428 120 98 63
0.044950 0.143803 0.424846 122 100 66
0.045477 0.141755 0.424443 121 97 60
0.045962 0.142520 0.424675 120 97 60
0.046870 0.143044 0.425216 121 97 60
0.047723 0.142962 0.425382 119 95 57
0.048835 0.142548 0.425924 120 94 56
0.048859 0.143028 0.426226 121 96 58
0.049737 0.141710 0.426123 121 93 54
0.050773 0.141180 0.426560 123 92 53
0.051974 0.140781 0.426955 124 91 51
0.052379 0.140930 0.427481 125 91 51
0.052886 0.140538 0.426921 125 90 50
0.053293 0.140630 0.427565 126 91 50
0.054402 0.140395 0.428044 127 91 51
0.056373 0.143327 0.428627 115 85 49
0.055579 0.140083 0.428369 126 91 51
0.055867 0.140299 0.429012 126 92 54
0.056673 0.143239 0.429064 116 85 49
0.056976 0.143898 0.429213 115 86 50
0.056701 0.139536 0.428636 121 91 54
0.056842 0.139800 0.429222 121 91 56
0.057678 0.139079 0.428769 115 90 58
0.057986 0.139290 0.429502 115 91 62
0.058693 0.139515 0.430153 114 93 68
-0.022166 0.134026 0.401220 113 106 95
-0.021833 0.132662 0.401557 104 95 82
-0.021710 0.133590 0.401598 113 104 90
-0.020820 0.134548 0.401800 130 118 102
-0.020372 0.135113 0.401855 134 122 106
-0.021094 0.131894 0.401941 111 99 83
-0.020623 0.132862 0.402267 127 115 98
-0.020078 0.134116 0.402314 138 125 108
-0.019369 0.134873 0.402305 146 134 117
-0.020481 0.130153 0.402391 128 112 91
-0.020379 0.131160 0.402673 129 116 97
-0.019777 0.132361 0.403044 146 134 116
-0.019114 0.133484 0.403072 156 145 127
-0.018407 0.134450 0.402874 159 148 132
-0.017668 0.135436 0.402977 162 151 136
-0.016897 0.136520 0.403093 165 155 140
-0.016135 0.137518 0.403246 168 160 144
-0.020123 0.128444 0.402602 136 117 91
-0.019949 0.129501 0.403023 142 125 102
-0.019693 0.130620 0.403457 146 132 112
-0.019077 0.131920 0.403651 158 146 127
-0.018173 0.132825 0.403717 166 157 140
-0.017533 0.133922 0.403665 168 160 145
-0.016939 0.135021 0.403672 169 162 147
-0.016276 0.136134 0.403783 170 163 148
-0.015598 0.137332 0.403818 170 163 148
-0.014818 0.138188 0.403879 170 163 148
-0.014053 0.139044 0.403978 169 163 146
-0.019780 0.126824 0.402933 155 132 99
-0.019667 0.127843 0.403364 156 135 106
-0.019527 0.128905 0.403655 158 140 115
-0.017461 0.131571 0.404373 162 153 136
-0.017381 0.132325 0.404226 166 158 141
-0.016763 0.133442 0.404338 166 159 144
-0.016212 0.134449 0.404421 168 161 147
-0.015576 0.135623 0.404582 169 163 149
-0.014841 0.136742 0.404751 170 164 149
-0.014137 0.137763 0.404713 169 163 148
-0.013475 0.138789 0.404580 168 162 146
-0.012664 0.139677 0.404550 168 160 142
-0.011978 0.140316 0.404621 166 158 138
-0.019231 0.125186 0.403251 157 129 93
-0.019314 0.126103 0.403644 162 137 103
-0.019364 0.127101 0.403877 167 144 113
-0.013479 0.137516 0.405333 169 163 147
-0.012722 0.138341 0.405441 168 162 145
-0.011957 0.139279 0.405450 167 160 142
-0.011159 0.140295 0.405278 165 157 136
-0.010289 0.141022 0.405299 160 151 128
-0.018504 0.123447 0.403409 126 97 61
-0.018680 0.124326 0.403827 137 109 73
-0.018841 0.125203 0.404177 147 121 86
-0.011222 0.139204 0.406042 169 162 144
-0.010322 0.139939 0.406168 167 160 142
-0.009466 0.140892 0.405981 161 152 131
-0.008642 0.141412 0.405781 154 144 121
-0.017996 0.122787 0.403942 135 105 69
-0.018114 0.123504 0.404407 137 108 73
-0.008893 0.140550 0.406754 162 155 136
-0.007983 0.141253 0.406510 153 144 123
-0.007159 0.141857 0.406321 145 133 110
-0.017170 0.121198 0.404072 133 102 67
-0.017383 0.121960 0.404480 140 109 74
-0.007147 0.141093 0.407192 154 145 126
-0.006334 0.141702 0.406969 148 137 116
-0.005607 0.142207 0.406768 144 130 106
-0.016621 0.120583 0.404591 117 85 52
-0.016764 0.121202 0.405051 120 89 56
-0.005554 0.141410 0.407724 152 142 122
-0.004754 0.142110 0.407439 146 133 110
-0.015464 0.118814 0.404734 129 97 63
-0.015858 0.119698 0.405140 127 95 63
-0.004768 0.141268 0.408208 152 143 123
-0.003779 0.141833 0.408175 147 135 112
-0.002857 0.142559 0.407896 145 128 101
-0.014911 0.118313 0.405155 123 93 61
-0.015038 0.118824 0.405718 124 95 65
-0.002739 0.141618 0.408858 147 135 113
-0.002007 0.142161 0.408641 146 131 106
-0.001265 0.142875 0.408367 143 125 97
-0.014096 0.117668 0.405645 114 85 56
-0.014121 0.118093 0.406242 114 87 61
-0.001111 0.141780 0.409412 145 132 110
-0.000369 0.142583 0.408996 143 127 101
0.000406 0.143053 0.408915 140 122 95
-0.013149 0.117049 0.406089 106 79 52
-0.013180 0.117508 0.406701 112 87 62
0.000374 0.142099 0.409754 143 129 107
0.001131 0.142757 0.409486 139 124 99
-0.012159 0.116380 0.406598 114 87 60
-0.012255 0.116855 0.407161 119 93 67
0.001547 0.141729 0.410371 140 129 108
0.002212 0.142463 0.410058 136 122 100
0.002949 0.142982 0.409881 134 120 98
-0.011094 0.115727 0.407035 116 90 61
-0.011053 0.116163 0.407664 119 93 64
0.002650 0.141246 0.410897 137 128 110
0.003193 0.141846 0.410696 133 122 102
0.003828 0.142593 0.410368 133 120 99
-0.010087 0.115174 0.407389 122 97 67
-0.010059 0.115631 0.408012 124 98 67
0.003759 0.140374 0.411358 136 128 112
0.004223 0.141272 0.411187 131 122 104
0.004748 0.142128 0.410923 130 120 101
-0.009081 0.114561 0.407661 130 106 76
-0.009053 0.115015 0.408305 132 107 74
0.004656 0.139689 0.411518 134 128 112
0.005183 0.140658 0.411353 130 123 106
0.005737 0.141486 0.411288 129 120 103
-0.008063 0.114073 0.408032 134 113 83
-0.007945 0.114461 0.408715 136 114 81
0.005519 0.138135 0.412204 142 137 122
0.005493 0.139100 0.411976 137 132 116
0.006213 0.140161 0.411776 134 127 111
0.006734 0.140887 0.411611 132 124 108
-0.007026 0.113607 0.408299 134 116 87
-0.006765 0.113892 0.408962 135 117 85
0.006181 0.137408 0.412393 143 138 123
0.006695 0.138364 0.412148 141 135 121
0.007319 0.139481 0.411976 138 132 117
0.007669 0.140349 0.411835 138 131 116
-0.005583 0.113507 0.409265 132 116 85
0.006799 0.135800 0.412750 146 142 128
0.007075 0.136645 0.412527 144 139 125
0.007786 0.137670 0.412287 142 138 123
0.008234 0.138654 0.412070 141 136 121
0.008488 0.139582 0.411985 140 134 120
-0.004463 0.113313 0.409566 127 112 83
-0.004064 0.113481 0.410146 128 112 80
0.006142 0.131726 0.412728 153 150 136
0.006464 0.132465 0.412765 151 148 135
0.006989 0.133665 0.412783 149 146 132
0.007554 0.134919 0.412698 146 142 129
0.008143 0.135982 0.412448 144 139 126
0.008564 0.137163 0.412306 143 138 124
-0.003057 0.113286 0.410185 122 107 78
0.006030 0.128870 0.412977 151 147 134
0.006318 0.129846 0.412913 150 146 133
0.006600 0.131101 0.412562 151 147 134
0.007106 0.132142 0.412525 149 146 133
0.007891 0.133194 0.412496 147 144 131
0.008220 0.134226 0.412422 145 142 128
-0.001897 0.113217 0.410570 120 105 77
-0.001251 0.113193 0.410919 119 104 75
0.006394 0.127183 0.413143 149 145 132
0.006590 0.128171 0.412950 148 145 131
0.006961 0.129273 0.412593 148 145 131
0.007339 0.130380 0.412301 147 144 131
0.008133 0.132031 0.412750 146 143 130
0.008842 0.132650 0.412561 145 142 129
-0.000338 0.113042 0.411194 120 103 73
0.006732 0.125495 0.413203 137 133 120
0.006914 0.126374 0.412977 146 142 129
0.007368 0.127460 0.412722 146 142 129
0.000870 0.112861 0.411639 122 104 71
0.007123 0.123825 0.413274 120 115 102
0.007077 0.124701 0.413017 123 119 106
0.007493 0.125615 0.412616 137 133 121
0.001719 0.112755 0.411905 124 105 70
0.002240 0.112696 0.412207 125 106 71
0.007677 0.122262 0.413918 128 124 109
0.007673 0.122933 0.413400 122 117 102
0.003292 0.112579 0.412548 124 107 72
0.008326 0.121606 0.413864 129 125 111
0.008289 0.122187 0.413349 123 119 104
0.004334 0.112495 0.412863 122 106 74
0.005071 0.112551 0.413224 120 106 77
0.008947 0.119838 0.414661 132 128 114
0.009251 0.120634 0.414115 129 124 111
0.009744 0.121521 0.413946 121 117 104
0.005987 0.112735 0.413532 116 105 80
0.006782 0.113035 0.413799 112 103 80
0.009749 0.119301 0.414661 121 118 103
0.009926 0.119891 0.414308 126 122 108
0.011761 0.122282 0.415429 128 123 109
0.011953 0.123184 0.415248 132 124 109
0.012961 0.124583 0.415738 130 130 114
0.013325 0.124962 0.415529 130 130 114
0.007494 0.113347 0.413960 110 102 81
0.008388 0.113762 0.414357 115 107 88
0.008830 0.114298 0.414969 121 112 94
0.010197 0.117364 0.415146 116 114 98
0.010664 0.118338 0.414907 113 113 98
0.011436 0.119223 0.414860 124 121 105
0.011917 0.120731 0.415086 127 123 108
0.012259 0.121707 0.415177 128 125 111
0.012748 0.122846 0.415445 128 126 110
0.013394 0.123826 0.415415 129 127 110
0.013555 0.124776 0.415578 131 130 114
0.009106 0.114047 0.414314 123 113 94
0.009580 0.114641 0.414721 126 117 98
0.010374 0.115600 0.414978 130 121 101
0.011141 0.116736 0.415135 123 117 98
0.011494 0.117695 0.415322 108 109 91
0.012170 0.118803 0.415354 116 114 96
0.012585 0.120071 0.415277 127 123 105
0.011984 0.116433 0.415458 81 89 70
0.012634 0.117134 0.415738 74 83 64
0.013058 0.118162 0.415562 79 87 67
0.013243 0.119160 0.415477 80 87 69
0.013085 0.115445 0.415916 42 59 41
0.013184 0.116610 0.415729 66 77 58
0.014685 0.119084 0.416585 39 57 38
0.014965 0.119616 0.416330 39 57 38
0.013813 0.115048 0.416154 36 55 37
0.014457 0.115521 0.415863 36 55 37
0.014905 0.116884 0.416997 37 55 37
0.038177 0.150173 0.422214 176 151 112
0.038728 0.151057 0.422340 175 154 119
0.039338 0.151828 0.422414 172 154 123
0.038624 0.148649 0.422477 175 149 108
0.038805 0.149554 0.422760 174 149 110
0.039427 0.150792 0.422969 173 153 119
0.040098 0.151744 0.422993 169 152 124
0.040833 0.152205 0.422974 166 151 127
0.039278 0.147933 0.422858 176 149 108
0.039729 0.149011 0.423411 174 150 112
0.040301 0.150222 0.423814 173 152 119
0.040956 0.151299 0.423747 168 151 124
0.041582 0.152015 0.423518 165 150 127
0.037427 0.142034 0.422712 127 114 85
0.037874 0.142760 0.423253 128 115 87
0.038399 0.143580 0.423630 127 115 87
0.040260 0.147315 0.423305 175 148 107
0.040677 0.148433 0.423917 174 150 111
0.041124 0.149611 0.424362 173 152 118
0.041761 0.150696 0.424465 169 152 125
0.042379 0.151584 0.424266 164 150 127
0.038120 0.141723 0.422914 129 113 83
0.038707 0.142232 0.423566 132 117 87
0.039084 0.143001 0.424124 133 119 90
0.041134 0.146814 0.423702 175 148 107
0.041657 0.147802 0.424396 174 149 111
0.042006 0.148720 0.424784 174 152 115
0.042691 0.150520 0.424968 168 152 127
0.042914 0.150902 0.424902 166 152 128
0.039923 0.141967 0.423761 129 112 80
0.040310 0.142349 0.424402 133 116 86
0.042589 0.147754 0.424995 175 151 112
0.042776 0.148119 0.425106 175 151 115
0.041019 0.141621 0.423903 128 108 74
0.041427 0.142110 0.424513 131 112 79
0.042398 0.142686 0.424241 125 105 70
0.042336 0.142064 0.424653 130 109 75
0.043102 0.142576 0.424943 128 107 73
0.043690 0.143226 0.425247 127 106 71
0.044602 0.144602 0.425034 121 102 68
0.043966 0.142576 0.425341 129 107 72
0.044566 0.143080 0.425635 128 106 71
0.045249 0.144205 0.425611 124 103 68
0.045678 0.144818 0.426128 126 105 71
0.045526 0.143001 0.425587 125 102 66
0.046331 0.143657 0.426140 126 103 67
0.046982 0.143931 0.426584 128 104 69
0.047486 0.143117 0.426608 128 103 68
0.047580 0.143616 0.427111 131 107 73
0.048473 0.142573 0.426920 128 102 66
0.048598 0.143112 0.426851 127 101 65
0.049388 0.142079 0.427146 129 100 64
0.049683 0.142307 0.427887 134 105 71
0.050521 0.141628 0.427400 127 96 59
0.050791 0.141879 0.428053 131 101 65
0.051515 0.141237 0.427663 128 95 56
0.051967 0.141500 0.428347 129 97 60
0.053152 0.141264 0.428735 128 95 57
0.053533 0.141544 0.429401 128 97 61
0.054615 0.143428 0.429074 123 92 54
0.054794 0.143670 0.429411 123 92 54
0.054259 0.140889 0.428882 128 94 55
0.054455 0.141154 0.429460 128 95 58
0.055691 0.143474 0.429542 120 90 53
0.056755 0.144590 0.429907 116 87 51
0.057190 0.145306 0.430227 117 89 52
0.055537 0.140799 0.429670 127 95 58
0.056892 0.143103 0.430002 120 89 52
0.057158 0.143997 0.430120 117 88 52
0.057459 0.145328 0.430584 117 89 53
0.056745 0.140336 0.430094 123 94 61
0.057588 0.142874 0.430660 120 91 54
0.057782 0.143318 0.430717 119 90 54
0.057913 0.139818 0.430512 115 93 66
0.058296 0.140124 0.431152 113 93 68
0.058617 0.139636 0.430596 114 94 69
0.058956 0.140166 0.431324 113 94 71
-0.019230 0.130516 0.403935 156 142 121
-0.018772 0.131560 0.404024 162 151 132
-0.019241 0.128030 0.404085 165 146 117
-0.019085 0.128947 0.404233 164 147 121
-0.018676 0.129997 0.404498 160 147 124
-0.018069 0.131245 0.404568 161 151 131
-0.017197 0.132022 0.404519 161 153 135
-0.016318 0.133159 0.404740 161 154 138
-0.015637 0.134378 0.404927 164 158 144
-0.015125 0.135363 0.405004 168 162 148
-0.014563 0.136393 0.405155 170 164 149
-0.018944 0.126276 0.404466 158 135 102
-0.018845 0.127286 0.404706 162 142 111
-0.018359 0.128351 0.405152 159 142 114
-0.017734 0.129440 0.405270 151 138 113
-0.017062 0.130531 0.405114 146 136 115
-0.016342 0.131726 0.405047 147 139 122
-0.015744 0.132755 0.405184 151 144 129
-0.015147 0.133798 0.405355 158 151 137
-0.014549 0.134951 0.405490 166 160 146
-0.013866 0.136074 0.405677 170 164 150
-0.013172 0.136997 0.405802 170 164 149
-0.012357 0.137866 0.405933 170 164 148
-0.011768 0.138625 0.406008 169 162 145
-0.018427 0.124707 0.404716 138 112 77
-0.018460 0.125578 0.405118 147 123 90
-0.018297 0.126768 0.405535 154 133 101
-0.017558 0.128078 0.405833 156 139 110
-0.016974 0.128867 0.405913 155 142 115
-0.016067 0.129857 0.405744 150 140 120
-0.015311 0.131001 0.405742 146 138 121
-0.014777 0.132098 0.405828 135 128 112
-0.014136 0.133091 0.406082 133 126 112
-0.013576 0.134325 0.406255 157 150 137
-0.013011 0.135484 0.406436 169 163 149
-0.012414 0.136533 0.406464 171 166 152
-0.011724 0.137565 0.406504 171 165 150
-0.011079 0.138595 0.406511 170 164 147
-0.010268 0.139391 0.406609 169 163 146
-0.017874 0.123971 0.405274 151 124 89
-0.017916 0.124830 0.405747 157 132 98
-0.015202 0.129338 0.406400 151 142 122
-0.014412 0.130505 0.406389 158 150 133
-0.013756 0.131510 0.406377 148 141 126
-0.013123 0.132579 0.406405 125 118 104
-0.012622 0.133717 0.406771 145 139 126
-0.012151 0.134871 0.407008 166 160 147
-0.011472 0.135960 0.407171 169 165 152
-0.010855 0.137035 0.407229 170 165 153
-0.010216 0.138047 0.407315 169 165 151
-0.009517 0.139182 0.407193 169 163 148
-0.008636 0.140089 0.407196 164 158 142
-0.017185 0.122339 0.405337 138 108 74
-0.017278 0.123149 0.405811 146 119 84
-0.014429 0.129258 0.406886 145 136 117
-0.013865 0.130205 0.407021 158 151 133
-0.013079 0.131084 0.407103 161 154 139
-0.012234 0.132007 0.406995 140 134 121
-0.011549 0.133041 0.406960 132 126 114
-0.011095 0.134249 0.407514 152 147 134
-0.010467 0.135289 0.407803 154 149 138
-0.009970 0.136417 0.407861 162 158 146
-0.009371 0.137525 0.407926 166 162 150
-0.008658 0.138643 0.407956 166 162 149
-0.007935 0.139727 0.407851 163 158 144
-0.007233 0.140576 0.407787 158 151 135
-0.016549 0.121588 0.405916 126 96 64
-0.016667 0.122407 0.406388 131 103 71
-0.011547 0.131703 0.407727 158 153 140
-0.010676 0.132543 0.407568 143 138 126
-0.010089 0.133617 0.407781 140 135 123
-0.009658 0.134667 0.408198 133 129 117
-0.009052 0.135935 0.408323 148 144 133
-0.008422 0.136889 0.408480 160 156 145
-0.007836 0.138017 0.408619 162 158 147
-0.007108 0.139181 0.408596 162 157 145
-0.006421 0.140189 0.408483 159 154 139
-0.005735 0.140942 0.408327 154 147 129
-0.015669 0.120029 0.406059 136 107 77
-0.015836 0.120791 0.406521 140 111 82
-0.009776 0.132535 0.408100 153 148 136
-0.009083 0.133088 0.408305 145 141 129
-0.008509 0.134071 0.408636 123 118 108
-0.007935 0.135149 0.408819 135 131 121
-0.007719 0.136354 0.408895 156 152 141
-0.007154 0.137642 0.409057 162 157 147
-0.006152 0.138718 0.409209 162 157 146
-0.005431 0.139561 0.409300 158 154 140
-0.004743 0.140641 0.409089 153 147 130
-0.003947 0.141132 0.408950 149 141 121
-0.014963 0.119355 0.406608 128 102 75
-0.014993 0.119944 0.407153 137 112 88
-0.008381 0.132621 0.408964 149 145 133
-0.007594 0.133704 0.409118 120 116 105
-0.007199 0.134678 0.409207 133 129 119
-0.004724 0.139235 0.409704 157 153 140
-0.003892 0.140072 0.409847 153 148 133
-0.003041 0.141012 0.409481 148 139 120
-0.014101 0.118683 0.407057 113 89 68
-0.014094 0.119270 0.407688 117 96 78
-0.003000 0.139963 0.410350 152 147 133
-0.002157 0.140611 0.410165 149 141 124
-0.001349 0.141296 0.409870 146 135 115
-0.013144 0.118084 0.407505 116 93 72
-0.013071 0.118656 0.408179 120 100 83
-0.001192 0.140205 0.410766 148 143 127
-0.000386 0.141010 0.410406 145 136 118
0.000311 0.141469 0.410291 144 133 113
-0.012085 0.117366 0.407942 124 100 76
-0.012491 0.118303 0.408433 123 103 84
-0.000107 0.139692 0.411349 147 142 128
0.000562 0.140421 0.410992 144 138 121
0.001264 0.141121 0.410697 142 133 115
-0.011006 0.116748 0.408421 128 103 74
-0.001044 0.134350 0.411494 146 144 134
0.001102 0.139129 0.411833 147 143 130
0.001610 0.139752 0.411549 144 139 124
0.002305 0.140707 0.411158 141 133 116
-0.010017 0.116193 0.408770 131 106 74
-0.000362 0.133814 0.411669 147 145 134
-0.000129 0.134485 0.411752 153 150 140
0.002117 0.138399 0.412231 148 144 130
0.002598 0.139121 0.411971 144 138 124
0.003296 0.140072 0.411593 139 132 117
-0.009019 0.115613 0.409119 137 112 77
-0.008873 0.116119 0.409880 143 119 83
0.000470 0.133053 0.411965 148 145 134
0.000805 0.134031 0.412027 152 149 138
0.002942 0.137619 0.412580 148 144 130
0.003607 0.138563 0.412283 142 137 123
0.004207 0.139398 0.411936 139 132 117
-0.008037 0.115098 0.409488 140 117 81
-0.007844 0.115484 0.410176 143 120 83
0.000873 0.131228 0.412422 140 136 124
0.001071 0.132676 0.412200 147 144 133
0.003388 0.135871 0.412883 153 150 136
0.003922 0.136914 0.412741 150 145 131
0.004647 0.137967 0.412480 144 138 124
0.004901 0.138697 0.412147 141 135 121
-0.006872 0.114533 0.409811 139 118 82
-0.006675 0.114930 0.410500 142 120 83
0.003368 0.132827 0.413185 155 151 138
0.003885 0.134051 0.413129 155 151 138
0.004300 0.135091 0.412985 153 150 136
0.005062 0.136218 0.412850 149 145 131
0.005501 0.137180 0.412590 144 139 125
-0.005728 0.114062 0.410026 135 117 82
-0.005526 0.114404 0.410673 138 118 81
0.001478 0.126889 0.412799 151 147 134
0.001978 0.128000 0.412987 149 145 133
0.002109 0.128733 0.413021 148 143 131
0.003959 0.131355 0.413431 154 149 137
0.004204 0.132357 0.413329 154 150 137
0.004854 0.133331 0.413175 153 150 136
0.005493 0.134470 0.413054 151 148 134
0.006059 0.135506 0.412893 148 144 130
-0.004429 0.114053 0.410947 134 114 78
0.001663 0.125570 0.413087 151 146 133
0.002111 0.126540 0.413051 154 149 136
0.002539 0.127308 0.413208 154 149 137
0.003538 0.128348 0.413461 154 149 136
0.004066 0.129465 0.413444 153 149 136
0.004639 0.130515 0.413463 154 150 137
0.005349 0.131641 0.413305 153 150 136
0.005840 0.132770 0.413125 152 149 135
0.006287 0.133951 0.413062 150 147 133
0.006658 0.134765 0.413001 149 145 131
-0.003308 0.113777 0.411283 128 109 74
-0.002951 0.113990 0.411912 130 109 73
0.002316 0.125320 0.413314 156 151 138
0.002892 0.125872 0.413453 156 151 139
0.003771 0.126796 0.413605 156 151 139
0.004392 0.127765 0.413552 154 150 137
0.005111 0.128906 0.413421 152 148 135
0.005504 0.129893 0.413403 152 148 135
0.005984 0.131143 0.413087 152 148 135
-0.002345 0.113504 0.411337 123 106 74
-0.001902 0.113622 0.411985 125 106 71
0.004118 0.125066 0.414016 153 148 135
0.004832 0.126187 0.413864 152 148 135
0.005575 0.127105 0.413551 152 148 135
0.005810 0.128322 0.413352 151 147 134
0.006219 0.129299 0.413380 149 145 132
-0.000705 0.113323 0.412331 123 104 69
0.005755 0.124531 0.414317 134 129 116
0.005895 0.125372 0.413916 138 134 121
0.006083 0.126239 0.413398 149 144 131
0.000475 0.113113 0.412753 123 103 68
0.000817 0.113139 0.413334 124 103 67
0.006206 0.122981 0.414759 139 134 119
0.006333 0.123725 0.414186 132 127 113
0.006456 0.124568 0.413677 127 123 110
0.001327 0.112884 0.412752 124 104 68
0.001785 0.112910 0.413324 125 104 68
0.006956 0.122282 0.414697 138 134 119
0.006979 0.122835 0.414209 132 127 112
0.002999 0.112791 0.413715 125 105 71
0.007575 0.120499 0.415235 136 132 118
0.007655 0.121269 0.414866 136 133 118
0.008801 0.122641 0.415405 124 121 108
0.008949 0.122916 0.415467 121 118 106
0.010423 0.125761 0.416075 126 124 108
0.010586 0.126559 0.416037 124 120 105
0.003820 0.112730 0.413920 124 105 73
0.004561 0.112799 0.414302 120 103 74
0.008345 0.119831 0.415262 130 126 113
0.008597 0.120731 0.415316 126 123 109
0.009063 0.122099 0.415658 120 118 106
0.009306 0.122618 0.415616 117 116 104
0.010932 0.123983 0.416065 126 125 111
0.011096 0.125077 0.416255 129 128 114
0.011794 0.126233 0.416239 132 130 116
0.012151 0.127025 0.415927 132 130 116
0.005535 0.112967 0.414565 120 107 82
0.006307 0.113355 0.415010 118 107 85
0.006818 0.114020 0.415643 120 111 91
0.008832 0.117777 0.415902 109 107 93
0.009270 0.119051 0.415529 109 108 94
0.010878 0.121245 0.416280 127 126 112
0.011139 0.122320 0.416126 128 126 113
0.011657 0.123312 0.416280 128 128 114
0.012210 0.124538 0.416454 132 131 116
0.007118 0.113488 0.414921 113 105 85
0.007720 0.114026 0.415412 118 110 91
0.008617 0.114907 0.415767 122 115 97
0.009202 0.116441 0.415976 117 115 98
0.009513 0.117312 0.415656 114 112 97
0.010431 0.118327 0.415927 115 115 100
0.010947 0.119346 0.416459 124 121 105
0.011410 0.120779 0.416532 127 125 109
0.011867 0.121835 0.416320 128 127 111
0.012256 0.122892 0.416361 128 127 112
0.012841 0.123947 0.416243 131 129 113
0.009285 0.115056 0.415496 126 118 99
0.009846 0.115880 0.415671 126 119 101
0.010374 0.116807 0.415735 124 119 101
0.011230 0.117886 0.416287 89 94 77
0.011622 0.118675 0.416229 91 96 79
0.012022 0.120642 0.417025 134 125 106
0.012175 0.121063 0.417021 108 107 90
0.013846 0.122024 0.417529 42 59 41
0.012028 0.116403 0.416374 65 76 58
0.012237 0.117211 0.416742 45 61 44
0.012464 0.117957 0.417097 43 60 41
0.014426 0.121865 0.417759 41 58 40
0.012363 0.114456 0.417226 36 55 37
0.012654 0.115532 0.417017 37 56 38
0.013201 0.116531 0.417296 38 56 38
0.013907 0.117734 0.417369 38 56 37
0.014205 0.118652 0.417028 39 56 38
0.012817 0.114251 0.417400 36 55 37
0.013278 0.115066 0.417686 36 55 36
0.014109 0.116136 0.417437 37 55 36
0.014725 0.117210 0.417328 37 55 37
0.015123 0.117961 0.417528 38 56 37
0.041742 0.149822 0.424758 173 153 122
0.042067 0.150279 0.424841 171 153 124
0.038885 0.142694 0.424336 140 126 99
0.039104 0.143386 0.424648 139 125 99
0.042379 0.149247 0.425081 174 153 119
0.042743 0.149922 0.425184 171 153 124
0.043373 0.150512 0.425335 168 153 128
0.040124 0.142741 0.424821 139 123 95
0.043204 0.148435 0.425540 175 152 117
0.043538 0.149480 0.425758 172 153 123
0.041121 0.142777 0.425149 138 121 93
0.041766 0.142846 0.425546 139 122 95
0.042700 0.142896 0.425831 138 119 91
0.043322 0.143546 0.426382 137 120 92
0.043812 0.144242 0.426839 138 121 95
0.043636 0.142846 0.425928 135 115 85
0.044235 0.143340 0.426521 138 118 89
0.044943 0.144124 0.426954 135 116 86
0.045552 0.144958 0.427360 130 111 81
0.045097 0.143333 0.426733 139 118 87
0.045627 0.143826 0.427104 139 118 88
0.046386 0.144583 0.427412 135 114 83
0.047415 0.145559 0.428024 139 117 86
0.047168 0.143258 0.427417 138 115 85
0.047451 0.143980 0.427898 142 120 92
0.047775 0.145616 0.428341 143 121 92
0.048085 0.142946 0.427704 139 115 84
0.048425 0.143379 0.428435 150 130 105
0.049489 0.142996 0.428699 149 126 100
0.049804 0.143659 0.429365 159 141 121
0.050686 0.142598 0.428997 145 120 91
0.050841 0.142981 0.429662 157 136 113
0.051869 0.142145 0.429174 137 108 75
0.052124 0.142485 0.429796 144 118 89
0.052706 0.141799 0.429252 131 101 66
0.053219 0.142147 0.430059 135 108 76
0.054118 0.143726 0.429850 129 99 64
0.054497 0.144007 0.430303 131 102 68
0.054277 0.141786 0.430350 131 103 70
0.054553 0.142194 0.431058 137 112 83
0.055430 0.143763 0.430748 128 100 67
0.056172 0.144564 0.431447 129 104 73
0.057059 0.145807 0.431176 122 95 61
0.055434 0.141367 0.430648 130 102 69
0.055547 0.141736 0.431292 134 109 80
0.056520 0.143361 0.431148 126 98 64
0.057223 0.144261 0.431175 121 94 60
0.057587 0.145323 0.431476 122 95 62
0.057564 0.146250 0.432013 129 104 73
0.056576 0.140847 0.430840 125 99 68
0.056704 0.141269 0.431553 127 103 75
0.057522 0.142959 0.431251 122 95 60
0.057833 0.143562 0.431723 122 97 64
0.058245 0.144756 0.432043 122 97 64
0.057885 0.140796 0.431820 118 97 72
0.058444 0.141251 0.432550 117 98 75
0.058891 0.140603 0.431968 114 95 73
0.059436 0.140938 0.432524 114 97 76
0.060159 0.141137 0.432950 113 99 80
-0.018009 0.125823 0.405985 159 137 104
-0.017870 0.126618 0.406044 158 138 106
-0.017296 0.127600 0.406129 155 138 108
-0.016544 0.128597 0.406330 154 141 114
-0.017585 0.125102 0.406408 163 140 107
-0.017211 0.126170 0.406732 164 145 112
-0.016540 0.127194 0.406611 155 139 109
-0.015935 0.128263 0.406781 144 130 105
-0.015159 0.128593 0.406838 136 126 104
-0.016981 0.123578 0.406655 146 120 87
-0.016926 0.124463 0.407156 157 133 100
-0.016388 0.125608 0.407510 163 144 111
-0.015675 0.126602 0.407399 161 146 117
-0.015061 0.127667 0.407432 144 132 107
-0.014276 0.128620 0.407256 131 122 102
-0.013521 0.129801 0.407375 151 144 127
-0.012829 0.130668 0.407548 163 157 142
-0.016354 0.122765 0.407178 144 118 87
-0.016163 0.123821 0.407876 156 133 102
-0.015359 0.125137 0.407976 168 150 120
-0.014845 0.126025 0.408098 168 154 127
-0.014241 0.127115 0.408192 159 148 125
-0.013468 0.128191 0.407997 136 127 108
-0.012808 0.129338 0.407928 146 139 122
-0.012176 0.130436 0.408034 163 158 143
-0.011423 0.131286 0.408045 165 160 147
-0.010812 0.131929 0.408201 161 156 143
-0.015587 0.121194 0.407300 148 122 96
-0.015554 0.122071 0.407908 155 132 107
-0.015504 0.123013 0.408322 164 142 116
-0.014553 0.124625 0.408489 170 155 128
-0.014291 0.125406 0.408612 169 156 131
-0.013199 0.126711 0.408836 158 149 128
-0.012560 0.127591 0.408800 142 134 116
-0.011814 0.128665 0.408627 146 140 124
-0.011211 0.129809 0.408726 161 156 142
-0.010544 0.130774 0.408721 167 162 148
-0.009847 0.131896 0.408759 163 158 146
-0.008897 0.132800 0.408868 151 147 135
-0.007974 0.134112 0.409079 118 114 103
-0.007790 0.134545 0.409136 123 119 108
-0.007162 0.136147 0.409249 156 151 141
-0.006756 0.137346 0.409330 162 157 147
-0.005946 0.138242 0.409542 162 157 146
-0.014813 0.120422 0.407791 139 117 96
-0.014667 0.121301 0.408530 146 127 109
-0.012229 0.126017 0.409346 146 137 118
-0.011545 0.126991 0.409431 132 125 108
-0.010871 0.128103 0.409343 145 139 124
-0.010256 0.129140 0.409489 153 148 134
-0.009713 0.130231 0.409539 154 149 136
-0.008931 0.131344 0.409472 157 153 140
-0.008215 0.132452 0.409437 149 145 133
-0.007406 0.133374 0.409485 124 120 109
-0.006865 0.134525 0.409487 133 129 119
-0.006412 0.135574 0.409759 153 148 139
-0.005823 0.136764 0.409939 161 157 147
-0.005162 0.137908 0.410052 159 156 145
-0.004508 0.138847 0.410072 157 153 141
-0.003800 0.139430 0.410228 154 151 138
-0.013933 0.119799 0.408280 122 104 88
-0.013780 0.120578 0.408996 130 114 101
-0.011310 0.126039 0.409692 130 123 105
-0.010579 0.126621 0.409892 122 115 99
-0.009927 0.127501 0.409967 133 127 112
-0.009386 0.128615 0.410126 139 134 120
-0.008767 0.129650 0.410209 134 130 116
-0.008008 0.130876 0.410031 148 144 130
-0.007468 0.131967 0.410149 149 146 134
-0.006666 0.132892 0.410194 124 121 110
-0.006025 0.134002 0.410048 129 126 116
-0.005507 0.134992 0.410333 148 144 135
-0.004811 0.136137 0.410576 157 154 145
-0.004199 0.137251 0.410705 157 155 145
-0.003667 0.138428 0.410655 156 154 142
-0.002969 0.139382 0.410661 153 150 137
-0.002352 0.139919 0.410747 151 147 133
-0.012978 0.119149 0.408687 125 107 92
-0.012796 0.119933 0.409389 132 118 105
-0.009176 0.127026 0.410390 129 123 108
-0.009001 0.127872 0.410407 136 131 116
-0.007866 0.129387 0.410674 125 121 107
-0.007169 0.130094 0.410654 130 126 112
-0.006427 0.131305 0.410815 145 143 129
-0.005893 0.132409 0.410725 128 126 114
-0.005167 0.133380 0.410691 117 113 104
-0.004667 0.134476 0.410962 140 136 127
-0.003933 0.135564 0.411182 151 148 140
-0.003357 0.136811 0.411196 154 153 143
-0.002705 0.137728 0.411235 154 152 141
-0.002083 0.138865 0.411162 152 150 137
-0.001554 0.139571 0.411067 150 146 133
-0.011899 0.118412 0.409087 126 107 87
-0.011704 0.119359 0.409844 122 107 91
-0.005881 0.128644 0.411235 130 125 110
-0.006027 0.129529 0.411123 117 113 99
-0.005324 0.130638 0.411281 132 129 116
-0.004814 0.131787 0.411281 136 134 121
-0.004166 0.132849 0.411335 112 109 99
-0.003621 0.133802 0.411460 116 113 104
-0.002969 0.134971 0.411603 141 138 129
-0.002278 0.136118 0.411652 150 148 138
-0.001694 0.137181 0.411671 150 149 138
-0.000985 0.138253 0.411642 149 147 135
-0.000389 0.139072 0.411533 148 145 132
-0.010884 0.117794 0.409595 133 112 86
-0.010720 0.118653 0.410283 128 110 87
-0.009545 0.120533 0.410698 124 114 98
-0.009242 0.120649 0.410799 124 114 98
-0.005517 0.128113 0.411553 132 127 111
-0.005027 0.128952 0.411618 122 118 103
-0.004473 0.130004 0.411683 121 118 104
-0.003722 0.131073 0.411742 135 132 120
-0.003140 0.132123 0.411871 119 117 106
-0.002479 0.133227 0.411925 109 106 96
-0.001738 0.134324 0.411829 137 135 125
-0.001130 0.135413 0.411874 151 149 139
-0.000583 0.136510 0.412049 152 151 140
0.000121 0.137619 0.412085 151 149 137
0.000687 0.138568 0.411987 149 146 133
-0.009915 0.117239 0.409985 141 118 87
-0.009788 0.118036 0.410720 139 119 90
-0.008615 0.119907 0.411050 128 117 97
-0.008509 0.120239 0.411080 127 116 98
-0.004490 0.127200 0.412035 128 122 106
-0.004074 0.128337 0.411949 129 124 109
-0.003460 0.129454 0.411983 122 118 105
-0.002605 0.130474 0.412078 130 127 115
-0.002082 0.131565 0.412168 118 115 104
-0.001543 0.132540 0.412241 114 111 101
-0.000924 0.133551 0.411886 137 135 124
-0.000181 0.134796 0.412061 153 151 140
0.000464 0.135924 0.412389 155 153 142
0.000984 0.136901 0.412390 154 152 139
0.001658 0.137839 0.412351 151 147 134
-0.008894 0.116718 0.410425 146 123 88
-0.008697 0.117402 0.411151 148 126 92
-0.008041 0.119627 0.411304 130 118 97
-0.007878 0.119860 0.411339 130 118 97
-0.003837 0.125459 0.412440 121 115 97
-0.003562 0.126637 0.412220 125 119 102
-0.002855 0.127709 0.412197 130 124 109
-0.002312 0.128869 0.412210 124 120 106
-0.001748 0.129870 0.412306 128 124 112
-0.001104 0.130991 0.412428 123 119 108
-0.000436 0.131976 0.412382 128 125 114
0.000291 0.132902 0.412238 143 140 129
0.000804 0.134193 0.412540 152 149 138
0.001539 0.135298 0.412796 154 151 139
0.002095 0.136346 0.412779 153 149 137
0.002345 0.137215 0.412621 151 147 134
-0.007924 0.116139 0.410847 147 124 86
-0.007760 0.116868 0.411540 150 128 92
-0.003349 0.123825 0.412735 132 124 104
-0.003293 0.124864 0.412530 124 116 98
-0.002621 0.125994 0.412374 125 119 102
-0.001961 0.127084 0.412402 135 129 114
-0.001186 0.128159 0.412406 135 130 117
-0.000617 0.129293 0.412477 133 128 116
-0.000155 0.130369 0.412627 129 125 114
0.000666 0.131370 0.412574 137 134 122
0.001248 0.132609 0.412733 146 143 131
0.001821 0.133607 0.412918 153 149 138
0.002490 0.134694 0.412984 155 152 139
0.002814 0.135657 0.412917 154 150 137
-0.006804 0.115572 0.411199 146 123 85
-0.006576 0.116084 0.411960 149 125 88
-0.003261 0.123599 0.412780 134 125 105
-0.002232 0.124179 0.412888 134 125 107
-0.001574 0.125198 0.412738 136 129 113
-0.000788 0.126445 0.412626 141 135 120
-0.000087 0.127501 0.412640 143 138 125
0.000469 0.128580 0.412768 140 135 123
0.001070 0.129712 0.412901 139 134 122
0.001695 0.130730 0.412914 143 139 127
0.002420 0.131839 0.413089 150 146 134
0.002790 0.133057 0.413107 156 152 139
0.003138 0.134047 0.413137 157 153 140
-0.005598 0.115020 0.411484 142 120 82
-0.005467 0.115593 0.412239 146 123 85
-0.001140 0.123720 0.413419 144 136 117
-0.000460 0.124657 0.413241 142 135 118
0.000338 0.125749 0.412973 144 139 124
0.000995 0.126964 0.412933 149 145 132
0.001577 0.127882 0.413011 148 143 131
0.002250 0.128979 0.413194 149 144 131
0.002814 0.130107 0.413300 150 145 132
0.003303 0.131185 0.413400 152 148 135
0.003468 0.132176 0.413330 154 150 137
-0.004522 0.114622 0.411688 138 115 77
-0.004372 0.115107 0.412420 143 119 80
-0.000134 0.123339 0.413898 147 138 119
0.000504 0.124078 0.413677 142 135 119
0.001377 0.125232 0.413326 150 144 130
0.002096 0.126124 0.413277 154 149 136
0.002574 0.127351 0.413368 154 149 136
0.002907 0.128526 0.413408 153 148 135
0.003495 0.129901 0.413528 153 148 135
0.003732 0.130426 0.413570 154 149 136
-0.003275 0.114667 0.412700 139 115 76
0.000971 0.122793 0.414340 140 132 113
0.001537 0.123496 0.414034 142 135 119
0.002357 0.124647 0.413722 153 148 134
0.003048 0.125634 0.413675 156 151 138
0.003465 0.126496 0.413755 156 151 138
-0.002089 0.114248 0.413155 135 111 73
-0.001776 0.114515 0.413930 141 116 76
0.001875 0.122364 0.414733 148 141 123
0.002607 0.122855 0.414507 151 145 128
0.003365 0.123937 0.414170 154 149 134
0.004053 0.125092 0.414133 154 149 136
0.004667 0.125523 0.414247 150 145 132
-0.000904 0.113775 0.413453 130 107 70
-0.000789 0.114042 0.414186 136 111 73
0.003564 0.122259 0.415070 156 150 134
0.004392 0.123287 0.414733 152 147 132
0.005049 0.124374 0.414638 143 138 125
0.005158 0.125106 0.414456 143 138 125
0.000077 0.113438 0.413579 127 105 68
0.000306 0.113575 0.414264 131 107 70
0.004580 0.121699 0.415604 156 150 134
0.005313 0.122700 0.415210 148 143 128
0.005621 0.123587 0.414772 139 135 121
0.001427 0.113261 0.414514 128 106 70
0.005638 0.121056 0.415891 150 145 129
0.006236 0.121954 0.415343 145 141 125
0.002586 0.113116 0.414874 124 103 69
0.003033 0.113237 0.415481 121 99 68
0.006177 0.119763 0.416467 138 133 118
0.006628 0.120433 0.416090 139 135 120
0.007402 0.121104 0.415918 137 133 119
0.008342 0.122284 0.416023 128 125 112
0.009451 0.124807 0.417273 117 113 98
0.009872 0.125779 0.416888 121 120 105
0.010281 0.126664 0.416844 113 112 98
0.004125 0.113181 0.415501 109 90 63
0.004805 0.113656 0.416248 106 89 67
0.007598 0.118841 0.417023 124 119 105
0.007858 0.119793 0.416470 124 121 108
0.008280 0.120838 0.416382 127 125 112
0.008755 0.121900 0.416230 127 125 113
0.009880 0.123070 0.417346 129 129 116
0.010219 0.124160 0.417123 130 128 115
0.010609 0.125274 0.416932 131 127 113
0.010842 0.126208 0.416757 132 127 113
0.005093 0.113251 0.415354 114 99 75
0.005575 0.113755 0.415900 116 102 81
0.006425 0.114597 0.416289 121 109 91
0.007038 0.115555 0.416922 123 115 99
0.007913 0.117087 0.416800 115 112 97
0.008118 0.118020 0.416648 112 109 95
0.008452 0.119151 0.416522 113 111 98
0.009682 0.120214 0.417420 114 116 103
0.010206 0.121335 0.417311 126 126 113
0.010572 0.122438 0.417203 131 131 117
0.011140 0.123585 0.417263 133 132 118
0.011565 0.124444 0.417081 134 132 118
0.007356 0.114577 0.416086 122 114 97
0.007837 0.115380 0.416489 121 115 99
0.008389 0.116421 0.416728 119 116 100
0.008418 0.117298 0.417287 121 118 104
0.009997 0.118607 0.417496 104 107 92
0.010431 0.119602 0.417389 110 112 96
0.010958 0.120723 0.417356 109 111 95
0.011512 0.121520 0.417065 137 131 114
0.011770 0.122953 0.417005 131 130 115
0.009999 0.117404 0.418013 48 65 49
0.010677 0.117872 0.417682 61 74 57
0.011288 0.119065 0.417866 57 70 53
0.011929 0.120223 0.417799 56 69 52
0.012850 0.121397 0.418583 42 59 41
0.013494 0.121736 0.417970 42 59 41
0.011751 0.117610 0.417905 40 58 40
0.012311 0.118261 0.418219 40 57 39
0.013380 0.121286 0.418659 42 59 41
0.013970 0.121493 0.418369 41 58 40
0.012262 0.114623 0.417749 37 56 37
0.012628 0.115296 0.417871 37 56 37
0.013012 0.117870 0.417951 39 57 39
0.012983 0.115220 0.417963 37 55 37
0.045598 0.145332 0.427911 133 117 90
0.046354 0.145207 0.428161 141 123 96
0.047061 0.145733 0.428612 147 130 105
0.047569 0.146283 0.428722 147 127 99
0.047552 0.144592 0.428613 150 133 109
0.047826 0.145401 0.428852 150 132 108
0.048193 0.146079 0.429066 152 134 109
0.048273 0.144155 0.428948 158 143 124
0.048716 0.144769 0.429276 159 143 124
0.049312 0.145544 0.429713 159 143 124
0.049145 0.143768 0.429187 160 142 122
0.049797 0.144198 0.429643 162 146 128
0.050284 0.145254 0.430169 163 149 132
0.050848 0.146238 0.430592 163 149 132
0.050912 0.143593 0.430034 162 145 126
0.051315 0.144637 0.430484 165 150 132
0.051775 0.145609 0.430862 166 151 134
0.051973 0.143061 0.430467 158 139 117
0.052379 0.143905 0.430984 163 147 129
0.052896 0.145028 0.431379 166 152 134
0.053507 0.146013 0.431883 168 154 138
0.054232 0.146878 0.432135 169 154 139
0.053049 0.142737 0.430815 148 127 102
0.053404 0.143272 0.431380 154 136 114
0.053846 0.144495 0.431930 161 146 128
0.054285 0.145462 0.432167 165 151 133
0.054357 0.146562 0.432202 170 155 138
0.054419 0.142707 0.431624 146 126 101
0.054897 0.143855 0.432138 149 131 109
0.055669 0.144734 0.432165 144 124 100
0.055509 0.142337 0.431984 141 121 96
0.055836 0.143236 0.432642 147 130 109
0.056565 0.144298 0.432384 137 117 90
0.057701 0.145667 0.432330 129 105 75
0.057872 0.146205 0.432580 132 109 80
0.056671 0.141843 0.432238 131 111 86
0.056911 0.142562 0.432914 136 119 97
0.057513 0.143784 0.432771 134 113 87
0.058258 0.144769 0.433114 132 113 87
0.058299 0.145830 0.433471 138 120 95
0.057486 0.141503 0.432406 123 104 79
0.058074 0.141947 0.433076 122 105 83
0.058363 0.142662 0.433802 126 110 90
0.058763 0.144109 0.433164 126 108 83
0.059251 0.141545 0.433364 115 99 79
0.059341 0.142159 0.434092 116 102 83
0.060055 0.141418 0.433394 114 100 82
0.060391 0.141822 0.434225 114 102 85
-0.016297 0.125383 0.408080 163 142 110
-0.015843 0.124170 0.408365 165 143 113
-0.015742 0.124837 0.408428 166 146 116
-0.014097 0.126652 0.408640 167 156 132
-0.015021 0.122437 0.408687 162 143 122
-0.015068 0.123313 0.408843 168 149 125
-0.014580 0.124173 0.409070 170 154 131
-0.013726 0.125399 0.409047 167 156 133
-0.013376 0.126235 0.409024 163 153 131
-0.014378 0.121852 0.409057 148 132 116
-0.014134 0.122714 0.409451 155 141 124
-0.013574 0.123705 0.409683 158 145 127
-0.012993 0.124815 0.409519 158 148 128
-0.012390 0.125649 0.409540 150 141 121
-0.011470 0.126581 0.409630 128 120 103
-0.013573 0.121175 0.409423 134 121 109
-0.013228 0.122079 0.409958 140 128 116
-0.012684 0.123140 0.410211 145 135 122
-0.011958 0.124184 0.409998 145 137 122
-0.011332 0.125125 0.409931 139 132 115
-0.010649 0.126149 0.410011 123 116 100
-0.008890 0.128727 0.410433 135 130 116
-0.008840 0.129158 0.410461 134 129 115
-0.012578 0.120569 0.409810 133 121 110
-0.012261 0.121486 0.410367 138 127 117
-0.011721 0.122447 0.410490 139 130 119
-0.010987 0.123595 0.410409 139 132 119
-0.010409 0.124590 0.410410 135 129 114
-0.009763 0.125758 0.410519 122 116 101
-0.008915 0.126900 0.410595 130 125 110
-0.008389 0.127998 0.410763 139 135 120
-0.007779 0.128923 0.410952 130 127 112
-0.007278 0.129617 0.410976 118 115 100
-0.011479 0.119954 0.410269 121 107 93
-0.011013 0.120937 0.410712 124 114 100
-0.010515 0.121804 0.410625 125 118 105
-0.009885 0.123025 0.410872 130 124 111
-0.009324 0.123945 0.411016 130 125 112
-0.008683 0.125151 0.411106 126 121 107
-0.007971 0.126195 0.411100 128 123 108
-0.007397 0.127342 0.411280 138 134 119
-0.006861 0.128367 0.411403 134 130 115
-0.006301 0.129113 0.411416 121 117 102
-0.010462 0.119235 0.410716 126 109 88
-0.010088 0.120107 0.410891 126 112 94
-0.009337 0.121297 0.410933 123 114 99
-0.008829 0.122325 0.411340 125 117 103
-0.008321 0.123416 0.411504 125 119 106
-0.007677 0.124497 0.411554 123 118 104
-0.006960 0.125684 0.411539 121 115 100
-0.006388 0.126670 0.411697 132 127 111
-0.005798 0.127747 0.411834 131 127 111
-0.005267 0.128588 0.411781 126 122 106
-0.004928 0.130071 0.411749 119 117 103
-0.009527 0.118628 0.411178 138 119 91
-0.009055 0.119493 0.411311 134 118 95
-0.008277 0.120756 0.411334 126 116 98
-0.007834 0.121765 0.411704 124 116 100
-0.007305 0.122765 0.411885 123 117 102
-0.006649 0.123926 0.411915 119 112 97
-0.005934 0.125004 0.411944 116 110 93
-0.005364 0.126160 0.412089 125 120 103
-0.004922 0.127067 0.412170 124 119 103
-0.004592 0.128326 0.412003 128 123 107
-0.008572 0.118007 0.411567 147 126 94
-0.007997 0.119027 0.411794 140 124 96
-0.007324 0.120141 0.411733 130 119 98
-0.006876 0.121114 0.412039 130 121 103
-0.006309 0.122197 0.412199 128 121 103
-0.005613 0.123373 0.412284 124 117 100
-0.004972 0.124483 0.412304 126 118 101
-0.004523 0.125559 0.412382 125 118 101
-0.004189 0.126369 0.412375 122 116 99
-0.007578 0.117425 0.412017 151 131 96
-0.007155 0.118462 0.412445 150 132 100
-0.006449 0.119361 0.412199 139 126 101
-0.005865 0.120484 0.412493 143 133 112
-0.005296 0.121555 0.412615 142 133 113
-0.004625 0.122771 0.412653 138 129 109
-0.003955 0.123868 0.412624 133 125 106
-0.003559 0.124762 0.412612 125 118 99
-0.006575 0.116749 0.412431 152 129 93
-0.006209 0.117759 0.413127 155 135 102
-0.005500 0.118771 0.412921 150 134 105
-0.004909 0.119902 0.413058 152 141 115
-0.004319 0.120978 0.413192 152 142 118
-0.003634 0.122096 0.413267 148 138 115
-0.002882 0.123158 0.413196 138 129 108
-0.002642 0.123878 0.413083 133 125 104
-0.005435 0.116244 0.412885 152 128 91
-0.005219 0.116992 0.413566 158 135 100
-0.004519 0.118246 0.413698 159 141 108
-0.003923 0.119271 0.413728 160 146 116
-0.003436 0.120263 0.413888 160 148 119
-0.002632 0.121542 0.413934 152 141 115
-0.001965 0.122638 0.413754 142 133 110
-0.001431 0.123233 0.413628 144 135 115
-0.004367 0.115777 0.413255 151 126 87
-0.004226 0.116336 0.413919 157 133 95
-0.003544 0.118064 0.414221 163 144 109
-0.003005 0.118664 0.414325 164 147 114
-0.002592 0.119822 0.414516 164 150 117
-0.001763 0.120905 0.414589 157 145 115
-0.000996 0.121994 0.414377 147 137 113
-0.000370 0.122859 0.414081 148 138 118
-0.003342 0.115286 0.413563 148 122 82
-0.003217 0.115723 0.414211 154 128 89
-0.002202 0.118422 0.414789 165 148 113
-0.001015 0.120654 0.415075 159 147 116
-0.000078 0.121411 0.414943 150 140 114
0.000605 0.122330 0.414498 143 134 114
-0.002409 0.114821 0.413737 144 118 79
-0.002076 0.115113 0.414547 149 123 83
0.000965 0.120932 0.415444 150 141 116
0.001731 0.121694 0.415023 152 143 124
-0.000962 0.114622 0.414959 145 120 80
0.002105 0.120346 0.415968 157 149 127
0.002756 0.121147 0.415540 159 151 132
0.003342 0.121708 0.415347 158 151 134
0.000101 0.114206 0.415393 141 117 79
0.000549 0.114362 0.416073 145 121 85
0.003063 0.119768 0.416440 155 148 127
0.003749 0.120536 0.416004 159 152 134
0.004283 0.121177 0.415793 158 152 136
0.010172 0.131710 0.418284 85 90 75
0.010407 0.132442 0.418347 91 95 78
0.001183 0.113766 0.415625 136 113 78
0.001370 0.114019 0.416266 140 117 83
0.004064 0.119396 0.416928 143 135 117
0.004666 0.119955 0.416488 148 142 125
0.005063 0.120710 0.416165 153 148 131
0.009664 0.128760 0.418193 81 88 73
0.009964 0.129920 0.418313 85 90 74
0.010332 0.131087 0.418343 84 90 74
0.010627 0.131784 0.417930 89 93 77
0.002083 0.113479 0.415702 131 109 76
0.002544 0.113721 0.416396 130 106 77
0.005197 0.118627 0.417343 127 119 103
0.005672 0.119311 0.416861 133 127 112
0.006055 0.120060 0.416511 138 133 118
0.008677 0.124069 0.417865 118 114 99
0.009036 0.124739 0.417814 111 109 94
0.009252 0.125803 0.417951 99 99 83
0.009578 0.127150 0.418040 87 91 75
0.009875 0.128121 0.418163 90 92 77
0.003601 0.113679 0.416564 111 89 65
0.004378 0.114115 0.417058 105 85 65
0.004978 0.114811 0.417586 108 90 74
0.006245 0.117876 0.417810 119 110 96
0.006777 0.118835 0.417404 125 119 105
0.007438 0.119678 0.417430 124 121 108
0.007952 0.120364 0.417222 125 124 111
0.009130 0.122169 0.418152 116 118 105
0.009439 0.123040 0.418106 116 117 104
0.009623 0.124203 0.418091 97 102 88
0.009952 0.125094 0.418171 78 86 72
0.005164 0.114252 0.416823 108 92 73
0.005615 0.115029 0.417249 113 98 81
0.006379 0.116009 0.417526 118 107 92
0.007098 0.117118 0.417554 117 109 95
0.007516 0.118124 0.417370 119 114 100
0.008157 0.119406 0.417517 121 119 106
0.009334 0.120119 0.418003 115 118 104
0.009595 0.121423 0.418251 109 113 99
0.010038 0.122568 0.418379 101 107 93
0.010438 0.123431 0.418230 99 105 90
0.011680 0.124629 0.419269 49 66 50
0.012019 0.125364 0.419415 51 67 51
0.008218 0.117083 0.417417 123 118 104
0.008333 0.117293 0.417447 124 119 105
0.009628 0.118688 0.418323 91 101 85
0.009908 0.119692 0.418579 77 90 74
0.010318 0.120801 0.418736 69 81 66
0.010765 0.121808 0.418295 86 94 79
0.012331 0.124278 0.419533 50 66 50
0.012660 0.124779 0.419634 51 67 50
0.009907 0.117451 0.418222 44 62 46
0.010334 0.118028 0.418654 46 63 47
0.010682 0.119165 0.418739 45 63 47
0.011307 0.120366 0.419125 43 61 44
0.012278 0.121407 0.419359 43 60 43
0.013013 0.121645 0.419604 44 60 43
0.010874 0.116739 0.419385 56 76 56
0.011136 0.117280 0.419311 55 74 55
0.013106 0.121416 0.419192 43 59 42
0.013231 0.121488 0.419788 44 60 42
0.053549 0.146397 0.432021 169 155 140
0.053952 0.147315 0.432358 167 155 140
0.054425 0.148194 0.432786 168 156 141
0.054162 0.144756 0.432287 162 147 129
0.054488 0.145593 0.432433 165 151 134
0.054876 0.147187 0.432644 169 156 140
0.055329 0.147573 0.432940 170 156 140
0.054943 0.144176 0.432626 156 141 122
0.055343 0.144943 0.432886 159 145 127
0.056072 0.145549 0.433293 160 146 128
0.057273 0.148478 0.434200 168 157 142
0.057550 0.149269 0.434453 170 159 145
0.058025 0.149837 0.434616 171 161 148
0.055772 0.143685 0.432979 152 137 119
0.056265 0.144413 0.433378 154 140 122
0.056801 0.145565 0.433744 158 145 128
0.057369 0.146481 0.434064 161 149 131
0.058046 0.147847 0.434606 165 154 138
0.058252 0.148747 0.434705 167 156 142
0.058827 0.149303 0.434932 169 158 144
0.057335 0.143940 0.433752 147 132 113
0.057825 0.145003 0.434117 151 138 119
0.058341 0.145911 0.434572 155 143 126
0.058574 0.147231 0.434875 161 151 134
0.058875 0.148155 0.435021 163 153 138
0.058497 0.143366 0.434245 133 118 98
0.058868 0.144323 0.434799 141 127 109
0.058987 0.145230 0.434942 147 135 118
0.059455 0.142786 0.434765 119 106 88
0.059628 0.143534 0.435270 125 112 94
0.060297 0.142418 0.435224 114 104 89
0.060730 0.142747 0.435839 115 106 91
0.061199 0.142695 0.436168 115 107 94
-0.005039 0.117545 0.413977 161 140 105
-0.004692 0.117846 0.414207 162 142 108
-0.004056 0.116904 0.414446 163 140 103
-0.003794 0.117666 0.414801 165 145 109
-0.002973 0.118001 0.414717 164 145 109
-0.002158 0.119739 0.414837 165 151 117
-0.001809 0.120144 0.415042 166 152 119
-0.003128 0.116319 0.414893 161 137 98
-0.002941 0.117090 0.415497 167 145 108
-0.002276 0.117964 0.415436 166 147 111
-0.001585 0.119200 0.415234 165 151 116
-0.000970 0.120193 0.415433 163 150 118
-0.000104 0.120809 0.415511 156 145 117
-0.002101 0.115701 0.415290 157 131 92
-0.001965 0.116367 0.415992 165 141 102
-0.001270 0.117839 0.416044 166 148 111
-0.000604 0.118467 0.415881 165 150 114
-0.000007 0.119734 0.416108 163 151 118
0.000651 0.120411 0.416013 156 146 118
-0.000982 0.115159 0.415712 152 127 88
-0.000842 0.115642 0.416400 158 134 96
-0.000370 0.117495 0.416712 165 147 111
0.000431 0.117917 0.416616 164 149 115
0.001015 0.119024 0.416704 164 152 122
0.001725 0.119909 0.416610 160 151 125
-0.000301 0.114769 0.415831 149 124 86
0.000212 0.115132 0.416690 153 129 93
0.001301 0.117423 0.417170 159 143 112
0.001973 0.118418 0.417217 159 146 118
0.002628 0.119443 0.417018 155 146 122
0.009722 0.131633 0.419149 72 81 65
0.010042 0.132412 0.418922 84 89 72
0.001270 0.114673 0.416948 147 123 90
0.001586 0.115203 0.417651 148 125 95
0.002353 0.117040 0.417667 148 129 102
0.003033 0.117826 0.417573 145 130 106
0.003641 0.118983 0.417400 142 131 111
0.008750 0.127918 0.419080 109 104 86
0.008998 0.128892 0.419027 93 94 77
0.009555 0.129994 0.419034 79 85 69
0.009977 0.130943 0.419339 70 79 62
0.002338 0.114294 0.417151 138 113 85
0.002699 0.114947 0.417851 136 111 87
0.003349 0.116508 0.418091 134 113 91
0.004055 0.117150 0.417824 130 113 94
0.004621 0.118264 0.417575 130 119 101
0.008296 0.125293 0.419134 103 99 81
0.008775 0.126208 0.418999 76 83 67
0.009283 0.127170 0.419042 65 75 60
0.009778 0.128025 0.419619 54 69 54
0.010239 0.129632 0.419860 56 70 54
0.010639 0.130241 0.419690 57 70 54
0.003758 0.114647 0.417772 118 94 74
0.004454 0.115433 0.418247 117 97 80
0.005022 0.116677 0.418384 119 102 87
0.005639 0.117651 0.418079 120 108 93
0.009088 0.123093 0.419165 59 73 59
0.009421 0.124163 0.419090 52 68 54
0.010046 0.125408 0.419445 51 66 52
0.010466 0.126530 0.419535 53 68 53
0.010950 0.127677 0.419943 55 70 54
0.011578 0.128721 0.420247 57 71 54
0.012182 0.129221 0.420570 58 73 54
0.005979 0.116513 0.418099 114 102 88
0.009186 0.120565 0.419499 53 70 55
0.009412 0.121504 0.419533 57 72 58
0.009634 0.122518 0.419615 54 70 55
0.010338 0.123632 0.419813 48 65 50
0.010964 0.124710 0.419842 50 66 51
0.011609 0.125814 0.419983 54 69 53
0.012199 0.126937 0.420312 56 71 54
0.012288 0.128205 0.420491 57 72 54
0.012625 0.129060 0.420743 58 73 54
0.009149 0.119008 0.419873 62 83 67
0.009573 0.119775 0.419693 60 80 63
0.010156 0.120897 0.419869 49 67 51
0.010580 0.121988 0.420429 47 63 47
0.011276 0.123102 0.420287 48 64 48
0.012081 0.123849 0.419968 50 66 49
0.012684 0.125288 0.420285 55 70 53
0.013084 0.126401 0.420682 57 72 54
0.013767 0.126944 0.420960 58 72 53
0.010209 0.118548 0.420593 72 94 74
0.010480 0.119248 0.420169 60 80 62
0.011168 0.120333 0.420048 57 76 58
0.011664 0.121257 0.420428 49 66 49
0.012112 0.122518 0.420953 49 65 48
0.012781 0.123502 0.420843 52 68 50
0.013348 0.124657 0.421000 56 71 53
0.013918 0.125924 0.421287 57 72 53
0.014168 0.126623 0.421425 58 72 53
0.011557 0.117042 0.420154 56 76 55
0.011423 0.119223 0.420046 59 79 59
0.011881 0.119985 0.420076 60 79 60
0.012604 0.121112 0.420909 46 62 45
0.013244 0.121754 0.421125 47 64 46
0.013343 0.123087 0.421290 52 68 50
0.013663 0.123843 0.421452 56 71 53
0.013350 0.120709 0.421488 46 62 44
0.013558 0.121108 0.421383 47 63 45
0.017067 0.124471 0.422606 52 69 49
0.017385 0.124916 0.422552 52 69 49
0.057518 0.149637 0.434687 171 160 147
0.057810 0.150075 0.434916 171 161 149
0.058198 0.147738 0.434884 164 153 138
0.058449 0.148973 0.435195 168 158 145
0.058538 0.149781 0.435606 170 163 152
0.058712 0.146250 0.435319 157 147 132
0.058901 0.147131 0.435577 159 150 137
0.059171 0.148290 0.435835 163 155 142
0.059316 0.149148 0.436299 164 159 148
0.059298 0.144550 0.435520 140 127 110
0.059187 0.145502 0.435969 149 138 123
0.059138 0.146633 0.436243 155 148 135
0.059724 0.143876 0.436227 130 118 102
0.059500 0.144627 0.436492 139 127 111
0.060464 0.143193 0.436634 120 110 96
0.060935 0.143620 0.437310 121 112 99
0.061208 0.143058 0.436686 117 109 96
0.061194 0.143491 0.437397 120 112 100
-0.001563 0.116759 0.416611 168 146 109
-0.001492 0.117497 0.416945 171 151 115
-0.000846 0.117874 0.417390 171 153 117
-0.000791 0.116257 0.417013 163 141 104
-0.000568 0.116985 0.417427 168 147 112
-0.000076 0.117613 0.417728 169 150 116
-0.000067 0.115871 0.417268 160 137 102
0.000414 0.116319 0.417882 162 140 107
0.000964 0.117321 0.418164 161 141 111
0.009407 0.131635 0.419691 58 70 55
0.001482 0.115847 0.418117 151 128 99
0.001960 0.116939 0.418610 149 127 101
0.002416 0.117325 0.418946 144 123 100
0.008911 0.128850 0.419675 74 81 65
0.009375 0.129533 0.419692 55 69 54
0.009876 0.131163 0.419939 56 69 53
0.002418 0.115619 0.418239 141 116 91
0.002978 0.116307 0.418673 137 114 93
0.003335 0.116943 0.418876 134 114 93
0.008358 0.126156 0.419560 76 81 66
0.010064 0.128444 0.420070 55 69 54
0.010411 0.129126 0.420181 56 70 54
0.003877 0.115980 0.418730 128 107 89
0.004243 0.116566 0.418871 128 108 91
0.010467 0.128088 0.420282 56 70 54
0.010864 0.128858 0.420421 57 71 54
0.012006 0.127099 0.421161 58 72 53
0.012396 0.128099 0.421305 58 72 53
0.012552 0.128926 0.421009 58 73 54
0.008945 0.119644 0.420186 64 84 68
0.012851 0.126717 0.421544 58 72 53
0.013335 0.127467 0.421703 58 72 52
0.014005 0.128176 0.421792 58 72 52
0.010093 0.118372 0.420825 75 98 77
0.010387 0.118555 0.420910 68 89 69
0.011349 0.120503 0.421508 61 80 61
0.011562 0.121384 0.421320 55 73 55
0.012257 0.122017 0.421319 52 68 51
0.013640 0.124513 0.421975 56 72 52
0.014124 0.125673 0.422096 57 72 52
0.014329 0.126851 0.422110 57 72 51
0.014883 0.127747 0.422262 57 71 51
0.011594 0.120183 0.421813 62 81 62
0.012071 0.121053 0.421773 61 79 60
0.012952 0.121943 0.422042 52 69 51
0.013300 0.123311 0.422400 55 71 52
0.013965 0.124052 0.422642 56 72 52
0.014756 0.125330 0.422536 56 72 52
0.015377 0.126217 0.422687 56 72 51
0.015944 0.127221 0.422681 56 71 50
0.012887 0.119611 0.422512 45 62 44
0.013263 0.120347 0.422224 48 65 47
0.013599 0.121264 0.422467 54 71 52
0.014567 0.122866 0.423223 55 71 51
0.015028 0.123656 0.423258 55 71 51
0.015748 0.124606 0.423143 54 71 50
0.016392 0.125628 0.423010 54 71 50
0.016978 0.126597 0.423020 54 71 49
0.014433 0.120925 0.423300 50 67 48
0.015255 0.122354 0.423402 52 70 49
0.015658 0.123029 0.423295 52 70 49
0.016541 0.124290 0.423218 52 70 49
0.016974 0.124937 0.423081 52 70 49
0.058761 0.149843 0.436491 168 166 157
0.059015 0.147326 0.436678 156 151 141
0.059182 0.148219 0.437007 158 155 146
0.059394 0.149342 0.437155 163 161 153
0.060071 0.150255 0.437938 161 161 153
0.059169 0.145648 0.437192 144 135 121
0.059123 0.146598 0.437327 151 144 131
0.059183 0.147730 0.437606 155 152 142
0.059563 0.148741 0.437855 158 156 148
0.060695 0.150637 0.438214 160 160 152
0.059783 0.144076 0.437154 132 121 106
0.059536 0.144863 0.437616 135 124 110
0.059539 0.145729 0.438168 139 129 117
0.060137 0.143675 0.437447 127 117 104
0.060376 0.144112 0.437987 126 117 104
0.061173 0.143638 0.437891 122 114 103
0.012779 0.122278 0.423097 55 71 52
0.013221 0.122800 0.423139 55 71 52
0.013188 0.120417 0.423600 65 84 62
0.013595 0.121341 0.423717 54 71 51
0.014195 0.122433 0.423699 54 71 51
0.014689 0.123353 0.423580 54 71 51
0.013784 0.120191 0.423675 52 70 49
0.014311 0.120991 0.423586 50 68 48
0.014801 0.121849 0.423769 53 70 50
0.059717 0.149410 0.438069 159 158 150
0.060095 0.150117 0.438167 160 160 152
0.059359 0.146686 0.438321 147 139 128
0.059483 0.147703 0.438552 152 147 137
0.059781 0.148921 0.438753 153 151 142
0.060424 0.150133 0.438880 154 154 144
0.060872 0.150882 0.438921 156 155 146
0.059546 0.145207 0.438389 131 121 109
0.059486 0.146170 0.438549 141 132 120
0.060375 0.144859 0.438603 128 118 106
0.059679 0.147899 0.439455 147 142 131
0.059846 0.148868 0.439529 148 144 134
0.060195 0.150201 0.439631 147 146 136
0.060546 0.150895 0.439737 150 149 140
