ply
format ascii 1.0
element vertex 11880
property float x
property float y
property float z
property uchar red
property uchar green
property uchar blue
end_header
0.014786 0.142365 0.361977 163 159 144
0.014996 0.141998 0.362408 160 157 141
0.015285 0.141455 0.363158 165 164 146
0.014233 0.142085 0.361826 165 153 134
0.014462 0.141421 0.362334 165 153 135
0.014645 0.140684 0.363233 161 151 136
0.014771 0.140279 0.364070 161 155 144
0.013689 0.141131 0.362550 170 155 132
0.013965 0.140373 0.363492 168 158 140
0.014048 0.139990 0.364039 172 164 149
0.014551 0.142899 0.362134 153 144 128
0.014869 0.142430 0.362736 148 140 125
0.015116 0.141827 0.363780 145 137 120
0.014006 0.142788 0.361967 164 153 135
0.014477 0.142104 0.362932 144 133 117
0.014645 0.141375 0.363926 140 130 115
0.014769 0.140592 0.365029 155 152 142
0.014601 0.140393 0.365627 169 169 160
0.022723 0.119711 0.395311 0 0 0
0.023109 0.118667 0.396457 1 0 0
0.023327 0.117995 0.397483 0 0 0
0.013131 0.142182 0.362198 172 158 135
0.013000 0.141615 0.362782 170 155 131
0.013370 0.140730 0.363623 167 154 135
0.013618 0.140198 0.364961 170 165 154
0.013793 0.140037 0.365647 178 177 167
0.021702 0.118859 0.395692 177 152 112
0.022331 0.118457 0.396448 141 121 88
0.022533 0.117774 0.397357 137 115 81
0.022853 0.117277 0.398161 109 88 61
0.023309 0.116661 0.399137 0 0 0
0.012071 0.141221 0.363329 174 157 131
0.012180 0.140629 0.364058 174 159 135
0.012369 0.140068 0.364820 172 165 150
0.020818 0.118499 0.395396 173 148 101
0.021372 0.117881 0.396419 173 147 104
0.021529 0.117174 0.397314 174 148 105
0.021794 0.116788 0.397949 176 149 105
0.021509 0.115793 0.399045 180 153 105
0.019464 0.118452 0.394462 166 136 92
0.019646 0.117990 0.394942 170 142 96
0.019987 0.117225 0.396108 169 139 97
0.020398 0.116610 0.397084 171 141 98
0.020559 0.115996 0.397950 174 145 100
0.021107 0.115608 0.398952 180 154 105
0.017994 0.118593 0.393349 164 135 89
0.018343 0.118094 0.394044 163 133 88
0.018925 0.117572 0.394961 164 134 91
0.019091 0.116697 0.395911 162 132 90
0.019380 0.115934 0.397015 166 135 92
0.019525 0.115376 0.397900 171 140 95
0.019586 0.114736 0.398770 175 144 97
0.016553 0.118659 0.392130 49 31 22
0.017020 0.118181 0.393036 102 79 54
0.017393 0.117643 0.393746 116 91 62
0.017786 0.116738 0.394695 109 84 57
0.018029 0.115893 0.395721 103 79 54
0.018321 0.115210 0.396829 114 88 60
0.018564 0.114607 0.398019 128 101 69
0.018671 0.114118 0.398725 132 104 69
0.018715 0.113513 0.399624 120 97 62
0.015599 0.118135 0.392179 138 110 69
0.015954 0.117649 0.392825 124 97 65
0.016292 0.116974 0.393583 124 97 66
0.016693 0.116045 0.394556 132 102 68
0.017061 0.115308 0.395600 135 105 70
0.017293 0.114642 0.396635 135 105 69
0.017465 0.114007 0.397748 143 112 74
0.017540 0.113513 0.398621 143 112 73
0.018200 0.112920 0.399890 0 0 0
0.014666 0.117700 0.391990 164 133 85
0.014812 0.117262 0.392493 164 132 86
0.015219 0.116269 0.393546 164 131 85
0.015500 0.115452 0.394463 165 132 86
0.015825 0.114732 0.395432 166 133 87
0.016039 0.114023 0.396535 168 134 87
0.016366 0.113484 0.397813 169 135 89
0.016490 0.113070 0.398491 173 141 94
0.013478 0.117089 0.391822 162 129 84
0.013754 0.116584 0.392440 163 130 84
0.014233 0.115708 0.393392 165 132 85
0.014354 0.114742 0.394292 167 134 86
0.014790 0.114180 0.395294 167 134 86
0.014970 0.113522 0.396377 168 135 87
0.015151 0.112820 0.397755 169 136 89
0.015307 0.112338 0.398463 177 147 98
0.011887 0.117023 0.390779 165 135 86
0.012378 0.116539 0.391602 164 132 85
0.012621 0.115811 0.392220 165 133 86
0.013147 0.114976 0.393254 167 134 86
0.013372 0.114186 0.394192 168 135 87
0.013594 0.113565 0.395215 169 135 87
0.013928 0.113000 0.396360 168 134 87
0.013958 0.112271 0.397559 170 136 89
0.014205 0.111778 0.398426 177 147 97
0.010276 0.117169 0.389649 166 135 85
0.010707 0.116493 0.390562 159 127 84
0.011180 0.115938 0.391358 154 121 80
0.011496 0.115138 0.392124 148 116 77
0.011741 0.114186 0.393063 142 111 74
0.012123 0.113544 0.394085 153 121 80
0.012340 0.112850 0.395190 154 121 82
0.012625 0.112318 0.396314 162 126 82
0.013003 0.111836 0.397467 166 130 84
0.009289 0.116666 0.389456 151 121 80
0.009862 0.116104 0.390369 130 101 68
0.010180 0.115178 0.391214 94 71 50
0.010453 0.114559 0.391988 82 62 46
0.010746 0.113709 0.392968 81 61 46
0.011116 0.112982 0.394030 93 70 49
0.011341 0.112390 0.395155 94 72 52
0.011599 0.111784 0.396396 109 83 59
0.011852 0.111367 0.397206 124 95 61
0.011607 0.110614 0.397970 0 0 0
0.008033 0.116847 0.388420 153 124 82
0.008323 0.116211 0.389230 132 105 72
0.008630 0.115290 0.390147 114 88 61
0.009046 0.114462 0.391067 113 88 61
0.009467 0.113923 0.391919 128 99 68
0.009777 0.113208 0.392940 146 114 76
0.010046 0.112530 0.394059 159 126 81
0.010354 0.111909 0.395272 160 127 81
0.010539 0.111411 0.396272 150 118 77
0.010568 0.111034 0.396908 171 139 86
0.006375 0.117033 0.387112 73 56 38
0.006906 0.116296 0.388229 108 85 60
0.007239 0.115665 0.389091 134 108 76
0.007567 0.114854 0.389966 150 121 82
0.007931 0.114087 0.390970 167 134 87
0.008127 0.113323 0.392041 169 135 87
0.008385 0.112722 0.392919 169 134 86
0.008642 0.112125 0.393991 169 135 86
0.009073 0.111623 0.395041 169 134 86
0.009401 0.111076 0.395962 173 140 89
0.005859 0.116698 0.387171 134 108 74
0.005963 0.115888 0.388025 171 142 96
0.006179 0.115079 0.389051 173 143 98
0.006395 0.114231 0.390002 172 140 94
0.006725 0.113499 0.391021 171 138 90
0.006986 0.112900 0.391988 169 135 86
0.007196 0.112225 0.392887 170 136 87
0.007423 0.111711 0.393794 169 134 85
0.008341 0.111131 0.394977 174 142 90
0.004797 0.115233 0.388036 175 147 100
0.004913 0.114403 0.389013 172 141 96
0.005199 0.113699 0.389943 172 140 93
0.005604 0.113011 0.390969 172 139 91
0.005865 0.112350 0.391923 171 138 89
0.006158 0.111723 0.392878 171 139 88
0.006741 0.111395 0.393743 170 136 86
0.003961 0.114712 0.388040 172 141 95
0.004070 0.114046 0.388862 172 142 95
0.004425 0.113322 0.389930 172 140 93
0.004577 0.112573 0.390903 172 139 91
0.004974 0.111898 0.391955 170 137 89
0.005118 0.111479 0.392550 167 133 85
0.002259 0.113070 0.388746 0 0 0
0.003362 0.112566 0.390128 121 95 60
0.003667 0.112120 0.390868 118 92 58
0.003757 0.111541 0.391534 63 45 29
0.004310 0.110939 0.392711 19 3 1
0.002352 0.112733 0.389207 0 0 0
0.002721 0.111855 0.390314 0 0 0
0.029458 0.122492 0.398850 167 137 103
0.029729 0.121872 0.399716 166 139 101
0.029955 0.121477 0.400480 172 145 102
0.028297 0.123590 0.396774 20 14 9
0.028383 0.122734 0.397641 67 55 41
0.028860 0.122188 0.398700 95 75 55
0.029140 0.121575 0.399583 90 71 52
0.029357 0.120896 0.400519 104 83 60
0.029675 0.120384 0.401348 116 95 66
0.029458 0.119294 0.402198 0 0 0
0.026948 0.122781 0.396837 171 153 125
0.027553 0.122397 0.397569 152 134 106
0.027880 0.121549 0.398481 135 114 87
0.028216 0.120903 0.399456 130 108 80
0.028420 0.120268 0.400428 131 108 78
0.028565 0.119607 0.401494 138 113 80
0.029267 0.119244 0.402299 0 0 0
0.025429 0.122890 0.395756 169 153 121
0.026039 0.122329 0.396506 166 147 117
0.026478 0.121664 0.397279 160 140 109
0.026826 0.120789 0.398285 152 129 97
0.027047 0.120101 0.399161 160 136 100
0.027234 0.119434 0.400206 164 138 97
0.027434 0.118826 0.401416 168 139 96
0.027279 0.118266 0.402114 172 141 95
0.015216 0.144750 0.363073 160 150 132
0.015613 0.144072 0.363898 152 143 127
0.015895 0.143367 0.364885 150 143 127
0.015962 0.142675 0.365818 152 147 134
0.023797 0.123129 0.394231 30 6 2
0.024605 0.122507 0.395373 108 87 66
0.024995 0.121727 0.396139 96 76 57
0.025485 0.120920 0.397079 85 67 51
0.025784 0.120118 0.397956 81 63 46
0.026054 0.119453 0.398989 88 68 50
0.026209 0.118744 0.400089 108 85 62
0.026480 0.118253 0.401302 136 107 74
0.026609 0.117767 0.402144 152 120 81
0.014361 0.144226 0.362837 147 134 118
0.014888 0.143401 0.363559 142 127 108
0.015228 0.142751 0.364542 144 132 114
0.015442 0.142080 0.365793 152 145 131
0.015356 0.141837 0.366555 166 163 151
0.023104 0.122545 0.394434 146 126 96
0.023557 0.121990 0.395064 146 125 94
0.024014 0.121017 0.395957 153 130 96
0.024511 0.120165 0.396910 153 130 95
0.024869 0.119434 0.397854 155 130 96
0.025234 0.118860 0.398877 158 132 96
0.025366 0.118264 0.399918 161 133 95
0.025404 0.117695 0.401039 168 136 92
0.025477 0.117212 0.402001 172 142 95
0.013501 0.143693 0.362606 157 145 129
0.014038 0.142773 0.363455 137 122 102
0.014021 0.142292 0.364605 138 126 108
0.014509 0.141126 0.365740 153 149 138
0.014245 0.141052 0.366332 167 165 157
0.021437 0.122315 0.393314 22 17 12
0.021950 0.121847 0.394067 96 78 58
0.022435 0.121045 0.394782 113 92 68
0.022815 0.120145 0.395651 114 93 68
0.023225 0.119301 0.396641 121 97 71
0.023559 0.118639 0.397603 131 105 76
0.023801 0.118031 0.398673 136 107 77
0.023926 0.117390 0.399809 139 108 77
0.024049 0.116831 0.400936 142 112 78
0.024208 0.116313 0.402116 147 116 79
0.024335 0.115941 0.402888 166 133 85
0.012252 0.143028 0.362811 168 154 132
0.012226 0.142134 0.363115 169 153 128
0.013186 0.140430 0.365671 168 164 157
0.013219 0.140535 0.366255 173 172 166
0.020694 0.122072 0.393288 150 126 89
0.021101 0.121399 0.393852 140 115 81
0.021446 0.120434 0.394649 148 121 85
0.021876 0.119582 0.395468 139 113 80
0.022244 0.118826 0.396423 132 105 74
0.022592 0.118045 0.397477 122 96 68
0.022811 0.117293 0.398584 128 102 73
0.022959 0.116681 0.399573 122 96 68
0.023128 0.116148 0.400702 111 86 61
0.023313 0.115742 0.402011 112 86 61
0.023344 0.115403 0.402765 115 88 59
0.011237 0.142642 0.363121 172 155 129
0.011333 0.141887 0.363472 170 154 129
0.011519 0.140996 0.364251 168 151 125
0.011987 0.140327 0.365519 167 159 145
0.012162 0.140109 0.366264 175 174 165
0.019507 0.121413 0.393114 161 132 89
0.020028 0.120672 0.393725 161 132 90
0.020428 0.119721 0.394466 164 134 92
0.020782 0.118964 0.395357 165 135 93
0.021134 0.118234 0.396350 166 136 95
0.021394 0.117418 0.397426 169 139 96
0.021685 0.116795 0.398495 170 139 95
0.021932 0.116184 0.399558 172 141 97
0.022044 0.115623 0.400666 174 142 98
0.022256 0.115219 0.401853 171 139 96
0.022513 0.114909 0.402651 178 148 100
0.010262 0.141450 0.363797 174 157 129
0.010508 0.140673 0.364590 171 154 126
0.010701 0.140006 0.365550 172 160 141
0.011204 0.139784 0.366262 178 177 164
0.017838 0.121287 0.392103 160 130 85
0.018536 0.120965 0.392769 160 129 85
0.018982 0.119901 0.393514 162 131 87
0.019428 0.119159 0.394238 162 130 88
0.019775 0.118494 0.395080 163 132 89
0.020147 0.117651 0.396262 166 136 93
0.020335 0.117039 0.397195 166 135 92
0.020570 0.116146 0.398352 169 138 93
0.020776 0.115403 0.399559 171 139 94
0.020855 0.114899 0.400683 172 140 95
0.021135 0.114602 0.401722 175 143 97
0.021456 0.114301 0.402759 178 147 99
0.009588 0.140563 0.364536 176 160 131
0.009684 0.139932 0.365245 177 164 137
0.016609 0.121596 0.391127 164 135 88
0.016981 0.121054 0.391738 160 129 85
0.017525 0.120067 0.392509 159 128 84
0.017911 0.119075 0.393205 159 126 83
0.018535 0.118490 0.394050 161 129 86
0.019681 0.115598 0.398118 169 136 91
0.019811 0.114903 0.399203 170 137 91
0.019898 0.114383 0.400260 173 141 94
0.020014 0.113960 0.401603 174 142 97
0.020358 0.113627 0.402657 181 153 105
0.011144 0.130802 0.376815 184 163 124
0.011877 0.130168 0.377908 39 23 21
0.011785 0.129671 0.378579 148 125 86
0.012235 0.127985 0.380767 74 50 39
0.012787 0.127356 0.381720 89 67 44
0.014915 0.121699 0.389871 163 137 92
0.015639 0.121025 0.390757 146 118 78
0.016048 0.120266 0.391471 123 98 66
0.016539 0.119299 0.392179 109 84 57
0.016967 0.118679 0.392774 114 89 62
0.018191 0.114403 0.398422 104 78 54
0.018614 0.114077 0.399240 126 97 69
0.018717 0.113634 0.400091 142 112 77
0.018787 0.113227 0.401481 150 120 83
0.018909 0.112783 0.402649 174 144 97
0.009771 0.132573 0.373904 112 98 82
0.009718 0.132152 0.374319 167 151 125
0.009984 0.131355 0.375342 179 162 133
0.010324 0.130526 0.376555 177 154 117
0.010721 0.129794 0.377605 90 71 55
0.010868 0.129165 0.378410 149 125 92
0.011359 0.128427 0.379610 163 137 99
0.011493 0.127758 0.380436 98 77 57
0.011846 0.127060 0.381475 133 110 76
0.011921 0.126241 0.382520 167 138 94
0.012178 0.125746 0.383290 121 100 65
0.014217 0.121127 0.389747 90 67 46
0.014562 0.120554 0.390500 98 74 52
0.015035 0.119548 0.391274 102 79 55
0.015537 0.118668 0.392036 101 78 56
0.016018 0.118276 0.392595 85 62 43
0.017664 0.113481 0.399268 126 97 67
0.017645 0.113044 0.400120 136 106 73
0.017749 0.112671 0.401448 116 89 63
0.017956 0.112393 0.402366 87 66 48
0.008812 0.131998 0.373876 65 53 46
0.008853 0.131557 0.374340 156 140 114
0.009038 0.130678 0.375413 178 159 129
0.009331 0.130007 0.376313 153 129 96
0.009709 0.129281 0.377364 91 71 55
0.009926 0.128530 0.378398 163 137 103
0.010330 0.127849 0.379479 116 93 69
0.010525 0.127119 0.380356 103 81 61
0.010723 0.126526 0.381271 161 133 93
0.011060 0.125780 0.382359 124 100 69
0.011169 0.124946 0.383426 107 86 62
0.011504 0.124485 0.384272 157 132 91
0.012017 0.122414 0.386768 138 103 67
0.012394 0.122390 0.387211 115 85 57
0.012672 0.121413 0.388507 136 107 69
0.013128 0.120805 0.389302 142 112 72
0.013533 0.119960 0.390200 156 124 80
0.013979 0.118923 0.391114 160 126 81
0.014432 0.118010 0.391957 160 126 82
0.016056 0.113299 0.398259 171 135 86
0.016429 0.113041 0.399000 170 134 88
0.016651 0.112664 0.400086 171 138 92
0.016685 0.112236 0.401424 174 144 98
0.016875 0.112020 0.402134 180 151 104
0.008011 0.131086 0.374390 153 139 112
0.008067 0.130069 0.375532 173 152 120
0.008320 0.129581 0.376185 126 104 76
0.008603 0.128760 0.377290 118 97 73
0.008895 0.128037 0.378330 154 131 97
0.009093 0.127244 0.379299 97 76 57
0.009481 0.126609 0.380281 155 129 94
0.009712 0.125911 0.381294 127 101 71
0.010012 0.125075 0.382449 93 73 53
0.010324 0.124633 0.383163 132 109 78
0.010629 0.124079 0.384115 172 146 100
0.010876 0.123213 0.385294 168 139 92
0.011153 0.122227 0.386584 169 141 93
0.011693 0.121693 0.387490 166 137 89
0.011715 0.121054 0.388144 166 135 89
0.012016 0.120132 0.389095 164 133 88
0.012598 0.119209 0.390102 162 130 84
0.012963 0.118161 0.390995 159 126 81
0.013239 0.117352 0.391732 159 124 80
0.015259 0.112487 0.398955 169 134 88
0.015427 0.112040 0.400038 173 139 92
0.015475 0.111758 0.401222 174 142 96
0.007637 0.129052 0.376141 31 15 14
0.008012 0.127453 0.378511 89 66 48
0.008214 0.126937 0.379156 119 97 69
0.008536 0.126023 0.380389 137 115 80
0.008688 0.125225 0.381287 93 70 52
0.009015 0.124796 0.382157 154 129 91
0.009326 0.124273 0.383034 173 147 101
0.009477 0.123276 0.384223 171 143 96
0.009541 0.122448 0.385228 171 144 97
0.009986 0.121632 0.386352 169 140 94
0.010310 0.121056 0.387191 163 133 88
0.010733 0.120217 0.388102 155 124 82
0.011070 0.119438 0.388929 152 120 79
0.011436 0.118489 0.389873 151 120 79
0.011937 0.117654 0.390715 158 126 81
0.012279 0.116993 0.391448 160 126 82
0.014280 0.112525 0.398144 169 134 87
0.014133 0.111931 0.398927 169 134 88
0.014277 0.111551 0.400085 171 136 89
0.014572 0.111261 0.401015 176 146 99
0.007483 0.125383 0.380350 9 0 0
0.008224 0.122480 0.384286 148 124 84
0.008553 0.121632 0.385295 101 79 55
0.008920 0.121079 0.386108 102 80 56
0.009283 0.120305 0.386957 106 84 60
0.009744 0.119360 0.387844 110 85 57
0.010143 0.118607 0.388758 131 103 68
0.010480 0.117837 0.389632 146 115 76
0.010870 0.117074 0.390518 153 119 79
0.010822 0.116416 0.391020 122 86 61
0.012664 0.111831 0.397677 159 121 79
0.012944 0.111427 0.398846 164 127 83
0.013142 0.111224 0.399944 168 133 87
0.013324 0.110653 0.401016 183 155 104
0.006963 0.121784 0.384161 130 108 79
0.007375 0.121171 0.384998 136 114 83
0.007789 0.120319 0.386045 146 121 86
0.008353 0.119623 0.386826 156 127 86
0.008675 0.118795 0.387635 160 130 88
0.009065 0.117997 0.388480 162 131 88
0.009427 0.117144 0.389436 150 117 78
0.009479 0.116463 0.390028 117 92 62
0.011101 0.111655 0.396746 94 70 50
0.011633 0.111315 0.397616 115 87 60
0.011751 0.110884 0.398672 126 98 67
0.011780 0.110567 0.399921 145 112 75
0.006246 0.121408 0.384124 170 146 108
0.006448 0.120712 0.384812 170 145 105
0.006766 0.119812 0.385704 167 140 98
0.007128 0.118789 0.386693 165 135 93
0.007466 0.117986 0.387449 154 124 86
0.007798 0.117350 0.388240 136 108 76
0.008207 0.116622 0.389047 129 102 75
0.009978 0.111736 0.395848 143 106 63
0.010057 0.111284 0.396478 166 131 83
0.010537 0.110938 0.397520 143 112 74
0.010468 0.110509 0.398848 140 109 72
0.010800 0.110317 0.399751 103 79 56
0.011273 0.109920 0.400674 20 2 0
0.004931 0.120740 0.384001 172 149 108
0.005209 0.119932 0.384746 162 135 95
0.005693 0.119032 0.385603 156 128 87
0.006218 0.118175 0.386535 125 98 67
0.006564 0.117435 0.387292 102 79 55
0.006806 0.116649 0.388091 99 75 54
0.007044 0.116115 0.388800 90 67 47
0.008421 0.111977 0.394485 168 132 84
0.008599 0.111420 0.395389 167 132 84
0.009031 0.111029 0.396497 169 134 85
0.009110 0.110619 0.397815 167 131 84
0.009535 0.110278 0.398831 173 141 91
0.003609 0.120598 0.383293 71 50 37
0.004099 0.120205 0.383933 120 98 69
0.004237 0.119442 0.384660 85 68 51
0.004665 0.118515 0.385510 83 66 50
0.005048 0.117577 0.386309 112 90 63
0.005326 0.116794 0.387111 146 119 83
0.005614 0.116067 0.388031 153 125 87
0.005902 0.115386 0.388978 168 136 92
0.006751 0.112370 0.393122 164 127 80
0.007415 0.111568 0.394455 167 132 83
0.007638 0.111157 0.395271 168 133 84
0.007825 0.110638 0.396444 168 133 84
0.007852 0.110220 0.397720 168 132 84
0.008107 0.109832 0.398533 172 135 85
0.002910 0.119564 0.383851 133 111 80
0.003143 0.118883 0.384581 140 117 84
0.003546 0.118000 0.385366 152 125 89
0.004007 0.117001 0.386323 167 138 95
0.004335 0.116186 0.387273 170 140 95
0.004601 0.115544 0.388118 170 138 94
0.004494 0.114796 0.388809 169 137 92
0.005834 0.111785 0.393147 167 131 83
0.006273 0.111219 0.394275 167 131 82
0.006546 0.110718 0.395418 167 131 82
0.006697 0.110312 0.396620 167 131 82
0.006901 0.109922 0.397587 169 133 84
0.001903 0.119230 0.383717 176 153 110
0.002221 0.118351 0.384591 172 145 103
0.002281 0.117387 0.385415 170 140 97
0.002755 0.116494 0.386278 169 139 94
0.003243 0.115700 0.387175 171 140 94
0.003473 0.114859 0.388164 170 137 91
0.003541 0.114048 0.389031 171 139 93
0.003928 0.113527 0.389793 168 135 90
0.003931 0.112513 0.391016 138 106 75
0.004353 0.111753 0.392206 119 91 65
0.004826 0.111250 0.393163 129 101 68
0.005059 0.110746 0.394174 118 92 63
0.005175 0.110250 0.395514 118 91 63
0.005310 0.109904 0.396568 128 99 67
0.000562 0.118323 0.383793 177 153 106
0.000971 0.117700 0.384515 172 143 98
0.001190 0.116976 0.385329 170 140 94
0.001548 0.116002 0.386223 167 136 92
0.001882 0.115037 0.387242 164 132 89
0.002201 0.114350 0.387973 152 121 81
0.002615 0.113565 0.389018 139 109 74
0.002891 0.112881 0.389967 122 95 65
0.003180 0.112163 0.391080 101 76 55
0.003349 0.111533 0.392026 96 74 55
0.003533 0.110941 0.393068 98 77 56
0.003789 0.110401 0.394369 112 88 62
0.004040 0.110060 0.395443 109 84 60
0.004517 0.109731 0.396229 35 18 10
0.004955 0.109206 0.397200 0 0 0
-0.000248 0.117088 0.384573 171 142 96
0.000019 0.116351 0.385414 152 124 83
0.000319 0.115521 0.386256 127 99 67
0.000755 0.114772 0.387085 109 83 56
0.001032 0.113963 0.387976 100 75 52
0.001288 0.113183 0.389077 124 95 65
0.001614 0.112485 0.390209 145 114 79
0.001966 0.111860 0.391219 155 122 81
0.002212 0.111294 0.392319 162 128 84
0.002499 0.110850 0.393307 167 133 86
0.002890 0.110396 0.394289 171 138 90
0.003146 0.109971 0.395133 175 143 93
-0.001494 0.116402 0.384500 14 0 0
-0.000807 0.115966 0.385396 81 57 39
-0.000623 0.115273 0.386302 120 95 63
-0.000383 0.114483 0.387282 156 124 81
-0.000126 0.113774 0.388175 166 134 86
-0.000041 0.113027 0.389198 168 134 86
0.000351 0.112181 0.390339 172 141 90
0.000567 0.111495 0.391403 173 141 91
0.000875 0.111029 0.392239 174 142 92
-0.000806 0.113269 0.388484 175 144 94
-0.000692 0.112565 0.389502 172 140 91
-0.000415 0.112246 0.389972 173 142 92
0.050312 0.121077 0.416955 117 107 94
0.049288 0.120837 0.416229 108 92 73
0.049689 0.120792 0.416688 91 85 74
0.047714 0.120894 0.415158 112 94 73
0.048183 0.120690 0.415716 94 83 67
0.048764 0.120421 0.416263 98 94 81
0.046980 0.120774 0.414863 101 84 65
0.047434 0.120509 0.415465 73 68 57
0.039538 0.127357 0.402453 169 148 122
0.039942 0.126679 0.403333 179 162 127
0.040141 0.126172 0.404200 180 159 125
0.038412 0.127472 0.401502 172 156 127
0.038867 0.127131 0.402183 173 155 126
0.039333 0.126351 0.403038 180 162 127
0.039552 0.125566 0.404250 183 164 127
0.037264 0.126786 0.401393 172 152 119
0.037757 0.126320 0.401993 176 157 122
0.038203 0.125762 0.403033 172 150 117
0.038409 0.124973 0.404137 180 158 121
0.038630 0.124708 0.404727 184 166 126
0.036300 0.126385 0.401269 171 152 117
0.036577 0.125777 0.401987 170 146 110
0.036935 0.125076 0.402990 173 150 114
0.037143 0.124316 0.404095 178 154 117
0.037164 0.123823 0.404821 176 152 113
0.034951 0.126380 0.400395 173 152 115
0.035238 0.125829 0.401013 167 144 108
0.035356 0.125095 0.401873 141 117 85
0.035746 0.124468 0.402848 121 99 73
0.036109 0.123810 0.403933 113 91 67
0.036410 0.123110 0.404861 51 41 30
0.033925 0.125704 0.400209 81 65 46
0.034012 0.125192 0.400866 103 82 59
0.034422 0.124516 0.401650 102 80 57
0.034767 0.123845 0.402741 124 100 72
0.034987 0.123229 0.403900 155 128 93
0.034806 0.122699 0.404464 174 147 108
0.032342 0.125902 0.399078 141 122 93
0.032730 0.125386 0.399783 141 120 89
0.033122 0.124608 0.400628 157 130 95
0.033330 0.123953 0.401573 164 137 97
0.033517 0.123181 0.402618 167 138 98
0.033799 0.122704 0.403570 169 140 99
0.033952 0.122068 0.404496 175 149 104
0.031270 0.125409 0.398786 167 146 113
0.031734 0.124661 0.399587 167 144 109
0.032001 0.123829 0.400453 168 142 104
0.032375 0.123157 0.401417 169 142 101
0.032567 0.122618 0.402385 169 140 99
0.032965 0.122062 0.403534 171 143 100
0.033128 0.121297 0.404761 173 145 101
0.029950 0.125623 0.397540 169 149 116
0.030325 0.124879 0.398419 167 144 112
0.030681 0.123915 0.399345 168 143 106
0.030924 0.123063 0.400237 170 143 103
0.031416 0.122421 0.401266 170 142 100
0.031603 0.121904 0.402318 172 144 100
0.031806 0.121278 0.403441 172 142 98
0.031962 0.120810 0.404395 175 146 101
0.032187 0.120424 0.405304 177 150 105
0.027804 0.126176 0.395739 166 150 121
0.028326 0.125535 0.396437 158 139 110
0.028756 0.124671 0.397240 146 127 99
0.029222 0.123750 0.398084 148 126 96
0.029599 0.123028 0.398913 158 135 100
0.029902 0.122251 0.399896 163 137 100
0.030182 0.121576 0.400908 169 143 103
0.030501 0.120966 0.402116 170 143 100
0.030606 0.120426 0.403174 171 143 100
0.030878 0.120009 0.404355 173 144 100
0.030874 0.119587 0.405105 177 148 104
0.026976 0.125752 0.395414 72 56 44
0.027585 0.125105 0.396116 92 75 57
0.027929 0.124002 0.396864 88 70 52
0.028529 0.123201 0.397781 94 75 57
0.028909 0.122589 0.398571 85 69 53
0.029456 0.121708 0.399989 107 85 62
0.029561 0.121021 0.400848 115 94 68
0.029574 0.120334 0.401799 114 92 67
0.029666 0.119703 0.402985 107 87 63
0.029868 0.119281 0.404232 113 91 65
0.030062 0.118976 0.405211 125 102 71
0.029921 0.118323 0.406012 135 130 130
0.026179 0.125357 0.395230 156 137 108
0.026535 0.124293 0.395917 156 138 110
0.027018 0.123303 0.396742 160 142 114
0.027304 0.122731 0.397414 139 122 96
0.028654 0.119666 0.401756 111 90 67
0.028747 0.119105 0.402669 119 96 69
0.028846 0.118613 0.404032 114 90 64
0.028853 0.118172 0.405202 121 95 66
0.029169 0.117986 0.405953 156 136 112
0.024496 0.125171 0.394372 162 143 112
0.025038 0.124579 0.395059 160 140 110
0.025464 0.123372 0.395653 165 146 116
0.025887 0.122840 0.396340 160 141 113
0.026696 0.122244 0.397407 136 118 95
0.027711 0.119169 0.401646 139 115 83
0.027643 0.118443 0.402701 169 138 94
0.027575 0.118074 0.403792 167 134 91
0.027679 0.117769 0.404815 171 138 92
0.014769 0.145417 0.363551 152 141 125
0.015204 0.144857 0.364470 142 130 112
0.015461 0.144294 0.365579 142 130 111
0.015607 0.143594 0.366739 144 135 119
0.015461 0.143296 0.367398 150 141 129
0.023370 0.124598 0.393939 122 101 80
0.024076 0.123590 0.394645 123 100 75
0.024513 0.122897 0.395329 123 100 77
0.026586 0.117895 0.402528 162 129 88
0.026680 0.117426 0.403769 169 136 90
0.026780 0.117089 0.405068 172 140 93
0.013892 0.145217 0.363277 159 151 138
0.015322 0.142975 0.366978 147 140 127
0.015025 0.142448 0.367243 161 157 146
0.021900 0.124680 0.393154 147 129 104
0.022596 0.123939 0.393690 139 120 94
0.022988 0.122960 0.394271 140 120 92
0.025594 0.117264 0.402515 169 136 90
0.025561 0.116760 0.403564 170 138 91
0.025531 0.116329 0.404911 171 139 92
0.025714 0.116120 0.405635 177 147 98
0.012791 0.144646 0.363160 162 155 142
0.013876 0.141765 0.367212 168 167 159
0.020320 0.124581 0.392212 63 46 34
0.020965 0.124085 0.392833 101 84 64
0.021525 0.123019 0.393408 103 86 65
0.022172 0.122726 0.393948 144 123 96
0.024278 0.116354 0.402550 129 102 72
0.024321 0.115933 0.403444 135 106 72
0.024451 0.115630 0.404879 129 102 70
0.024540 0.115468 0.405575 141 111 75
0.011660 0.143992 0.363315 167 157 138
0.012514 0.140924 0.366390 165 162 156
0.012801 0.141283 0.367085 169 168 161
0.019645 0.124293 0.392075 141 115 78
0.020049 0.123605 0.392549 141 115 80
0.020589 0.122518 0.393203 138 114 83
0.020659 0.121906 0.393625 156 128 88
0.023224 0.115736 0.402568 104 80 57
0.023303 0.115354 0.403337 115 88 61
0.023423 0.115050 0.404674 101 77 57
0.023250 0.114737 0.405463 151 121 81
0.010606 0.143306 0.363463 169 155 132
0.010609 0.142583 0.363635 170 154 128
0.011470 0.140621 0.366349 155 150 141
0.011637 0.140705 0.366965 167 165 158
0.014189 0.132725 0.378917 184 161 120
0.018543 0.123674 0.391837 159 129 86
0.018992 0.122757 0.392433 159 129 86
0.019451 0.121977 0.393005 159 129 88
0.021993 0.115051 0.402434 171 140 95
0.022466 0.114902 0.403212 169 137 91
0.022269 0.114498 0.404677 173 141 94
0.009716 0.142760 0.363592 173 158 131
0.009678 0.141917 0.363966 172 155 128
0.010038 0.141053 0.364676 167 147 116
0.010394 0.140195 0.366016 167 155 135
0.010554 0.140170 0.366817 166 161 151
0.011547 0.136555 0.372531 63 50 41
0.011932 0.135902 0.373429 139 124 104
0.012296 0.135214 0.374438 180 163 132
0.012680 0.134542 0.375468 181 163 128
0.012815 0.133765 0.376438 179 157 121
0.013252 0.133164 0.377316 180 158 122
0.013681 0.132313 0.378546 179 157 119
0.013882 0.131732 0.379323 86 68 54
0.014192 0.131107 0.380344 166 144 108
0.014466 0.130282 0.381514 173 146 104
0.014691 0.129697 0.382331 132 106 74
0.014902 0.128929 0.383425 105 84 62
0.015023 0.128166 0.384468 169 141 94
0.015263 0.127386 0.385587 146 119 78
0.015540 0.126511 0.386692 55 41 32
0.015501 0.126245 0.387183 131 106 73
0.016853 0.123604 0.390853 157 127 83
0.017436 0.123195 0.391389 159 128 83
0.017988 0.121972 0.392129 159 128 84
0.018537 0.121555 0.392690 157 126 84
0.020639 0.114309 0.402285 173 140 94
0.021294 0.114312 0.403128 174 142 95
0.021335 0.114038 0.404667 174 141 95
0.021457 0.113898 0.405389 179 149 99
0.008732 0.141664 0.364341 170 152 121
0.008809 0.140886 0.364996 168 146 112
0.009210 0.140151 0.365971 168 148 117
0.009448 0.139915 0.366888 166 155 137
0.010034 0.137448 0.370502 158 150 130
0.010448 0.136770 0.371485 137 125 107
0.010757 0.136088 0.372119 138 127 108
0.011270 0.135232 0.373207 92 79 64
0.011466 0.134512 0.374056 166 151 128
0.011645 0.133801 0.375195 175 157 128
0.012083 0.133081 0.376280 178 157 123
0.012344 0.132419 0.376998 179 156 119
0.012781 0.131459 0.378156 169 146 110
0.012963 0.130763 0.379023 79 63 50
0.013352 0.130229 0.380065 168 146 110
0.013544 0.129474 0.381149 169 140 98
0.013807 0.128825 0.382085 100 75 53
0.014000 0.128124 0.383059 124 98 70
0.014254 0.127668 0.384344 162 131 89
0.014494 0.126856 0.385408 103 79 56
0.014710 0.126092 0.386416 88 70 52
0.014930 0.125560 0.387361 161 132 89
0.015157 0.124598 0.388617 163 132 85
0.015456 0.124026 0.389329 162 132 86
0.016027 0.123225 0.390335 160 130 84
0.016552 0.122188 0.391042 159 128 84
0.017342 0.121614 0.391847 159 128 85
0.020072 0.113668 0.403033 175 144 99
0.020183 0.113466 0.404439 177 146 100
0.019943 0.113000 0.405107 185 158 109
0.007673 0.141279 0.364587 175 158 123
0.007903 0.140568 0.365201 172 150 114
0.008179 0.139897 0.366217 169 147 112
0.008265 0.139507 0.366846 169 148 117
0.008594 0.137607 0.369382 154 144 124
0.009001 0.136752 0.370367 150 142 122
0.009430 0.135995 0.371208 116 101 83
0.009731 0.135216 0.371887 151 140 118
0.010143 0.134336 0.372844 139 127 109
0.010514 0.133620 0.373785 105 92 76
0.010771 0.132965 0.374823 176 159 133
0.011028 0.132201 0.375850 177 156 123
0.011320 0.131566 0.376656 177 153 116
0.011696 0.130517 0.377930 118 96 73
0.011993 0.130107 0.378649 103 82 62
0.012234 0.129257 0.379729 177 153 113
0.012583 0.128726 0.380692 165 138 100
0.012849 0.127872 0.381886 90 69 51
0.013002 0.127386 0.382867 157 127 86
0.013309 0.126691 0.384148 150 121 82
0.013576 0.126195 0.385224 74 59 46
0.013814 0.125426 0.386174 124 102 73
0.014073 0.124913 0.387260 165 136 93
0.014292 0.124210 0.388312 163 132 88
0.014566 0.123375 0.389212 159 128 85
0.014955 0.122302 0.389914 160 129 87
0.015637 0.121619 0.390707 158 128 85
0.018811 0.112907 0.402900 159 129 89
0.018898 0.112746 0.404194 170 141 100
0.007269 0.137586 0.368521 163 146 111
0.007508 0.136986 0.369271 107 89 72
0.007877 0.136240 0.370065 148 135 114
0.008436 0.135454 0.370928 131 117 97
0.008707 0.134532 0.371769 108 93 75
0.009209 0.133571 0.372780 163 151 130
0.009535 0.132934 0.373656 81 68 56
0.009729 0.132194 0.374534 151 136 115
0.010225 0.131630 0.375593 176 157 128
0.010611 0.130851 0.376672 171 145 108
0.011006 0.130046 0.377779 104 84 64
0.011155 0.129376 0.378629 128 105 82
0.011319 0.128535 0.379730 160 132 95
0.011857 0.128172 0.380540 114 91 68
0.012031 0.127345 0.381591 107 86 63
0.012072 0.126792 0.382768 152 123 85
0.012282 0.126058 0.383794 105 85 61
0.012510 0.125394 0.384897 86 70 56
0.012780 0.124801 0.385946 156 129 91
0.013044 0.124061 0.387045 163 133 90
0.013243 0.123430 0.388057 159 128 86
0.013565 0.122627 0.388981 135 105 71
0.014146 0.121774 0.389738 115 90 62
0.014580 0.121161 0.390415 104 80 54
0.017535 0.112737 0.402057 100 76 52
0.017759 0.112423 0.402881 110 87 66
0.017901 0.112269 0.404334 112 89 66
0.017904 0.111963 0.405014 101 86 59
0.006726 0.137294 0.368535 155 139 106
0.006575 0.136544 0.369176 110 91 69
0.006913 0.135902 0.369928 146 131 110
0.007228 0.135032 0.370750 139 126 104
0.007670 0.133984 0.371664 96 82 64
0.008115 0.133007 0.372705 168 155 132
0.008329 0.132322 0.373506 103 89 73
0.008713 0.131590 0.374500 123 108 89
0.008862 0.130946 0.375357 165 144 117
0.010124 0.128781 0.378534 131 102 67
0.010431 0.128502 0.379085 149 122 82
0.010011 0.126788 0.380725 154 122 89
0.010412 0.127030 0.382043 115 93 65
0.010760 0.126358 0.382847 99 80 64
0.011159 0.125560 0.383687 83 68 55
0.011530 0.124681 0.384571 130 107 78
0.011694 0.123910 0.385635 166 137 94
0.012075 0.123174 0.386753 162 131 87
0.012263 0.122676 0.387650 148 118 78
0.012652 0.121900 0.388674 121 92 61
0.013011 0.121373 0.389439 122 95 64
0.016434 0.112198 0.402089 166 132 89
0.016802 0.112043 0.402867 173 142 101
0.016767 0.111797 0.404035 165 136 94
0.005869 0.135990 0.369366 113 99 77
0.006012 0.135221 0.370187 167 152 127
0.005994 0.134529 0.370815 127 112 90
0.006454 0.133632 0.371710 99 84 66
0.006816 0.132672 0.372674 167 150 122
0.007295 0.131782 0.373663 74 63 51
0.007496 0.131082 0.374334 124 108 86
0.007673 0.130305 0.375345 167 145 114
0.007798 0.129484 0.376310 95 76 60
0.008135 0.128653 0.377518 121 96 71
0.008324 0.127957 0.378422 134 110 83
0.008571 0.127300 0.379217 98 75 57
0.008931 0.126844 0.380860 109 88 64
0.009434 0.126443 0.381686 101 79 56
0.009555 0.125714 0.382895 94 74 52
0.009819 0.124910 0.383687 133 110 80
0.010374 0.124123 0.384530 164 136 96
0.010731 0.123363 0.385616 162 131 89
0.011018 0.122585 0.386729 157 127 86
0.011156 0.122122 0.387589 151 122 83
0.011325 0.121621 0.388673 144 115 78
0.012364 0.120969 0.389019 163 128 85
0.015195 0.111756 0.401736 171 138 94
0.015458 0.111619 0.402854 176 146 101
0.015475 0.111372 0.403853 180 152 107
0.005301 0.133880 0.371373 67 50 37
0.005469 0.133402 0.371777 115 94 71
0.005661 0.132399 0.372927 167 145 111
0.005841 0.131517 0.373872 84 67 54
0.006067 0.130817 0.374670 147 124 93
0.006557 0.130115 0.375521 158 132 98
0.006819 0.129268 0.376535 85 68 52
0.007106 0.128520 0.377459 158 132 95
0.007552 0.127647 0.378572 107 86 64
0.007743 0.126844 0.379479 141 117 86
0.008004 0.126132 0.380447 113 92 69
0.008255 0.125524 0.381376 116 94 69
0.008648 0.124872 0.382482 161 135 100
0.008896 0.124254 0.383315 169 141 100
0.009228 0.123604 0.384431 166 136 95
0.009583 0.122778 0.385679 159 132 92
0.009742 0.122273 0.386545 151 124 86
0.010014 0.121745 0.387648 135 110 75
0.010013 0.121195 0.388509 143 117 77
0.013833 0.111562 0.400779 167 132 86
0.014056 0.111327 0.401590 169 136 91
0.014312 0.111138 0.402749 175 145 100
0.014644 0.110906 0.403659 183 156 111
0.005282 0.130835 0.374836 157 133 94
0.005584 0.129967 0.375940 110 89 65
0.005848 0.129212 0.376800 113 92 67
0.006182 0.128538 0.377715 150 124 87
0.006429 0.127670 0.378734 106 86 63
0.006498 0.126749 0.379723 123 101 75
0.006914 0.125837 0.380669 150 130 101
0.007259 0.125277 0.381443 165 144 113
0.007427 0.124510 0.382564 161 140 106
0.007725 0.123678 0.383509 151 128 93
0.008011 0.122997 0.384421 128 105 76
0.008389 0.122277 0.385441 116 94 68
0.008766 0.121780 0.386585 106 87 62
0.008859 0.121501 0.387734 116 96 70
0.012862 0.111062 0.400698 164 131 84
0.013156 0.110951 0.401512 169 134 88
0.013132 0.110706 0.402777 176 144 97
0.005812 0.125901 0.380841 171 154 124
0.006137 0.124940 0.381747 163 144 116
0.006142 0.124056 0.382690 125 107 82
0.006485 0.123235 0.383471 104 85 65
0.006887 0.122336 0.384219 105 86 65
0.007271 0.121546 0.385094 105 85 64
0.007902 0.121590 0.386790 97 81 66
0.011489 0.110408 0.400565 122 95 71
0.011925 0.110417 0.401304 162 128 86
0.011786 0.110217 0.402593 167 135 91
0.004892 0.124067 0.382092 163 144 118
0.005173 0.123479 0.382612 162 144 117
0.005695 0.122530 0.383278 165 144 111
0.006014 0.121740 0.383973 164 142 108
0.006699 0.121379 0.384651 135 112 85
0.009960 0.110440 0.399460 135 101 69
0.010537 0.110188 0.400357 117 89 63
0.010650 0.110030 0.401600 99 76 57
0.010820 0.109423 0.402698 0 0 0
0.003552 0.123578 0.381959 172 157 132
0.004006 0.122983 0.382464 170 153 127
0.004547 0.121967 0.383174 170 149 117
0.004779 0.121074 0.383882 165 142 107
0.009275 0.110296 0.399265 169 133 86
0.009408 0.110025 0.400347 170 135 89
0.009571 0.109795 0.401562 170 137 90
0.002582 0.122990 0.381849 174 159 132
0.002878 0.122404 0.382350 157 137 110
0.003543 0.121385 0.383102 139 117 88
0.003913 0.120612 0.383813 114 92 68
0.007581 0.110196 0.398168 166 128 80
0.008017 0.109951 0.399287 169 133 85
0.008103 0.109734 0.400275 171 136 88
0.008581 0.109566 0.401113 174 141 92
0.001521 0.122495 0.381832 109 91 68
0.001834 0.121812 0.382340 87 71 53
0.002236 0.120733 0.383015 114 95 72
0.002610 0.119887 0.383755 128 108 82
0.002425 0.119091 0.384399 167 141 102
0.006576 0.109902 0.398012 166 129 81
0.006778 0.109683 0.399260 170 134 85
0.007001 0.109311 0.400399 177 146 94
0.000431 0.121921 0.381710 153 138 114
0.000870 0.121364 0.382233 151 133 105
0.001203 0.120454 0.382981 167 146 113
0.001560 0.119265 0.383771 172 149 110
0.001861 0.118696 0.384460 170 143 103
0.005279 0.109859 0.397060 122 95 68
0.005371 0.109597 0.397941 133 104 73
0.005475 0.109376 0.399120 143 110 75
-0.001012 0.121167 0.381568 174 156 119
-0.000448 0.120671 0.382262 172 151 115
-0.000081 0.119728 0.382973 172 148 110
0.000484 0.118742 0.383737 172 145 104
0.000680 0.118072 0.384439 171 142 100
0.003714 0.110027 0.395726 138 108 75
0.004003 0.109674 0.396863 121 93 65
0.004291 0.109353 0.398198 101 78 59
0.004382 0.109032 0.398913 74 56 40
-0.001453 0.120152 0.382307 172 151 115
-0.001250 0.119343 0.382940 172 149 111
-0.000806 0.118279 0.383739 172 144 102
-0.000443 0.117327 0.384573 170 141 97
-0.000455 0.116511 0.385369 154 120 82
0.001871 0.110912 0.393590 160 123 79
0.002434 0.110360 0.394703 166 130 85
0.002635 0.109885 0.395996 169 133 86
0.002933 0.109534 0.397220 170 135 87
0.003287 0.109234 0.397958 173 139 89
-0.002556 0.119503 0.382323 175 155 116
-0.002503 0.118674 0.382991 163 138 98
-0.002055 0.117810 0.383774 134 108 76
-0.001488 0.116962 0.384624 118 92 64
-0.001131 0.116072 0.385554 113 90 64
-0.001046 0.115266 0.386489 145 116 79
-0.000754 0.114595 0.387407 157 125 84
-0.000484 0.113767 0.388549 164 129 83
-0.000237 0.113117 0.389455 166 130 83
0.000082 0.112428 0.390407 166 130 83
0.000497 0.111813 0.391491 166 131 84
0.000891 0.111057 0.392672 168 134 87
0.000954 0.110599 0.393630 164 129 85
0.000967 0.110120 0.394821 163 129 86
0.001305 0.109795 0.395928 168 133 86
0.001895 0.109442 0.396901 175 143 91
-0.003383 0.118280 0.383113 82 63 45
-0.003116 0.117478 0.383876 73 57 43
-0.002788 0.116516 0.384784 95 75 53
-0.002327 0.115738 0.385695 132 106 74
-0.002088 0.115057 0.386486 165 133 89
-0.001875 0.114217 0.387601 167 132 86
-0.001571 0.113522 0.388610 167 133 85
-0.001366 0.112863 0.389572 167 131 84
-0.001098 0.112094 0.390682 167 132 84
-0.000804 0.111466 0.391713 163 128 82
-0.000539 0.110910 0.392746 146 113 75
-0.000295 0.110445 0.393739 136 104 71
0.000035 0.109949 0.394795 137 107 71
0.000317 0.109264 0.395928 27 0 0
-0.004287 0.117783 0.383156 76 59 40
-0.004172 0.117162 0.383880 165 136 89
-0.003766 0.116291 0.384921 126 99 66
-0.003722 0.115481 0.385808 108 85 59
-0.003394 0.114649 0.386715 110 86 60
-0.003317 0.114015 0.387622 144 113 77
-0.002837 0.113356 0.388805 165 131 85
-0.002501 0.112708 0.389777 166 132 86
-0.002200 0.111996 0.390793 168 135 87
-0.001901 0.111360 0.391813 169 135 86
-0.001540 0.110858 0.392767 154 122 78
-0.001016 0.109960 0.393518 0 0 0
-0.004508 0.115098 0.386088 166 137 84
-0.004241 0.114510 0.386854 80 59 39
-0.004054 0.113588 0.387881 76 58 39
-0.003788 0.113273 0.388597 163 129 86
-0.003137 0.111863 0.390794 174 144 92
0.049894 0.122401 0.417183 118 100 77
0.050265 0.121656 0.417175 100 91 77
0.049048 0.121646 0.416683 120 103 78
0.049384 0.121215 0.417035 79 75 67
0.047311 0.121572 0.415677 126 107 77
0.047908 0.121087 0.416190 82 73 60
0.048472 0.120888 0.416757 72 70 63
0.043106 0.128380 0.405654 0 0 0
0.046067 0.121252 0.414214 131 111 82
0.046351 0.121098 0.414996 84 71 56
0.046889 0.120905 0.415928 48 47 43
0.041072 0.130010 0.402447 86 78 66
0.041524 0.129380 0.403288 101 85 69
0.041977 0.128796 0.404181 86 70 55
0.042265 0.128148 0.405232 112 94 75
0.042336 0.127665 0.406061 167 148 122
0.044393 0.122107 0.413441 131 110 82
0.045079 0.121467 0.414071 94 80 61
0.045710 0.120965 0.414897 53 49 43
0.039887 0.130152 0.401425 173 162 143
0.040366 0.129615 0.402226 168 154 135
0.040854 0.128932 0.402974 165 150 129
0.041238 0.128084 0.403920 166 146 121
0.041342 0.127307 0.404860 174 152 121
0.041562 0.126876 0.406009 177 154 120
0.041510 0.126153 0.406937 183 163 129
0.041593 0.125653 0.407754 180 158 131
0.043882 0.122140 0.413331 108 92 71
0.044172 0.121525 0.414186 52 46 41
0.038270 0.130146 0.400322 172 160 137
0.038867 0.129648 0.401139 166 151 130
0.039414 0.128744 0.401836 167 150 127
0.039782 0.128038 0.402491 170 152 126
0.040097 0.127302 0.403508 170 148 120
0.040559 0.126655 0.404555 173 150 119
0.040491 0.125834 0.405651 177 154 118
0.040652 0.125467 0.406850 179 155 119
0.040882 0.125074 0.407906 184 165 133
0.037387 0.129698 0.400179 166 150 126
0.037958 0.128799 0.400831 166 149 126
0.038285 0.128113 0.401414 168 150 125
0.038719 0.127284 0.402465 167 146 117
0.039176 0.126698 0.403461 168 147 116
0.039305 0.125863 0.404477 172 148 115
0.039566 0.125241 0.405532 176 153 117
0.039584 0.124821 0.406675 178 153 115
0.039642 0.124219 0.407906 184 161 124
0.036540 0.129204 0.399936 164 146 122
0.036974 0.128143 0.400698 165 147 121
0.037323 0.127524 0.401292 165 146 117
0.037688 0.126760 0.402302 165 143 112
0.037820 0.125974 0.403142 168 144 110
0.038284 0.125280 0.404248 170 147 113
0.038491 0.124654 0.405477 176 152 115
0.038556 0.124173 0.406644 178 154 117
0.038664 0.123839 0.407634 181 157 121
0.034677 0.128998 0.399135 160 140 114
0.035287 0.128608 0.399797 162 142 114
0.035830 0.127548 0.400531 164 144 116
0.036208 0.127009 0.401167 165 143 113
0.036516 0.125869 0.402177 167 140 105
0.036810 0.125257 0.403056 164 137 102
0.037209 0.124567 0.404259 164 138 103
0.037249 0.123785 0.405376 158 132 97
0.037434 0.123441 0.406404 144 118 88
0.037594 0.123057 0.407559 138 116 88
0.037825 0.122818 0.408485 127 107 83
0.033498 0.128252 0.399099 159 141 115
0.034228 0.127918 0.399581 159 140 113
0.034672 0.127002 0.400232 157 138 110
0.034924 0.126061 0.401164 145 122 93
0.035335 0.125768 0.401667 143 121 93
0.036049 0.123732 0.404291 93 72 53
0.036217 0.123245 0.405278 95 74 55
0.036377 0.122817 0.406410 98 78 58
0.036429 0.122473 0.407496 109 89 68
0.036713 0.122161 0.408242 43 32 26
0.032788 0.128044 0.398640 111 95 75
0.033287 0.127203 0.399314 114 96 73
0.033863 0.126419 0.400097 118 97 74
0.034464 0.125811 0.400920 116 92 65
0.034721 0.125376 0.401503 118 92 66
0.035071 0.123355 0.404088 138 110 80
0.035221 0.122778 0.405155 166 138 98
0.035409 0.122416 0.406256 167 139 99
0.035496 0.122070 0.407394 173 144 102
0.035032 0.121429 0.408218 182 157 111
0.031321 0.128240 0.397718 121 106 84
0.031762 0.127397 0.398263 126 109 87
0.032212 0.126540 0.398880 125 108 85
0.032822 0.125945 0.399598 104 86 65
0.033716 0.122605 0.404088 168 138 97
0.033926 0.122083 0.405066 171 141 97
0.034071 0.121792 0.406115 172 142 99
0.034168 0.121313 0.407447 174 145 101
0.033934 0.120701 0.408171 176 146 103
0.029680 0.128090 0.396693 166 151 125
0.030295 0.127600 0.397329 162 145 120
0.030769 0.126651 0.397952 167 150 123
0.031417 0.125960 0.398723 164 145 116
0.033214 0.122254 0.404045 167 139 98
0.033075 0.121553 0.404881 170 141 98
0.033038 0.120967 0.406060 173 144 100
0.033260 0.120709 0.407274 175 146 102
0.033122 0.120274 0.408048 176 147 103
0.028230 0.128243 0.395755 167 155 127
0.028955 0.127875 0.396450 162 146 121
0.029391 0.126907 0.396940 163 144 118
0.029728 0.126077 0.397588 163 143 115
0.031978 0.120889 0.404907 171 140 97
0.032127 0.120399 0.406031 173 143 98
0.032170 0.120061 0.407098 176 145 99
0.032202 0.119640 0.408005 179 151 104
0.027295 0.127561 0.395334 152 136 114
0.027897 0.126887 0.395821 156 140 115
0.028519 0.126481 0.396508 162 145 119
0.029113 0.125566 0.397504 161 142 113
0.031151 0.120367 0.404801 171 140 96
0.031103 0.119760 0.405868 171 140 96
0.031013 0.119299 0.406963 174 144 98
0.030901 0.118881 0.408080 178 149 102
0.025723 0.127694 0.394484 155 142 113
0.026435 0.127224 0.394861 116 98 81
0.027012 0.126417 0.395379 112 95 76
0.027718 0.125941 0.396093 98 83 67
0.030082 0.119497 0.405027 127 97 69
0.029956 0.118895 0.405818 112 90 66
0.030076 0.118662 0.406843 119 95 67
0.030085 0.118420 0.407888 122 101 77
0.029862 0.117761 0.408692 0 0 0
0.024890 0.127324 0.394212 157 138 110
0.025593 0.126504 0.394715 151 132 106
0.025985 0.125992 0.394981 148 131 105
0.029038 0.118323 0.405779 101 80 60
0.028903 0.117992 0.406643 116 92 66
0.028950 0.117759 0.407800 128 104 75
0.015161 0.147205 0.364663 162 153 136
0.015525 0.146333 0.365443 153 144 128
0.015777 0.145614 0.366453 152 145 130
0.015949 0.145000 0.367172 156 152 138
0.023847 0.126634 0.393859 157 138 109
0.024409 0.125839 0.394348 156 136 108
0.027551 0.117730 0.405597 169 134 89
0.027683 0.117489 0.406554 173 140 92
0.027895 0.117293 0.407712 173 141 97
0.014545 0.146710 0.364357 153 143 126
0.015226 0.145974 0.365269 146 133 115
0.015496 0.145311 0.366354 145 135 119
0.015582 0.144551 0.367377 152 142 126
0.015418 0.144030 0.368102 161 155 140
0.022334 0.126831 0.393072 148 129 103
0.022928 0.125947 0.393540 147 128 103
0.023503 0.125421 0.394080 142 122 100
0.026627 0.117136 0.405559 168 133 88
0.026663 0.116842 0.406472 173 140 93
0.026809 0.116668 0.407628 175 142 95
0.013363 0.146162 0.364002 159 151 140
0.014546 0.143252 0.368181 164 159 148
0.021344 0.126294 0.392654 149 131 106
0.021968 0.125441 0.393158 146 127 103
0.025508 0.116463 0.405446 166 131 85
0.025587 0.116187 0.406396 170 136 89
0.025662 0.116062 0.407540 175 144 97
0.012114 0.145692 0.364034 155 148 136
0.013375 0.142672 0.368016 164 163 155
0.019715 0.126434 0.391809 130 112 85
0.020307 0.125524 0.392305 119 101 79
0.020622 0.124818 0.392682 103 86 67
0.024623 0.115824 0.405505 137 111 76
0.024462 0.115458 0.406340 122 97 69
0.024510 0.115314 0.407417 133 110 83
0.011038 0.145019 0.363906 148 143 130
0.012192 0.142002 0.368033 163 163 156
0.013885 0.136575 0.376356 177 153 109
0.014320 0.135652 0.377525 179 155 112
0.014504 0.135190 0.378249 179 155 113
0.014968 0.134276 0.379526 149 122 89
0.015220 0.133625 0.380330 112 93 71
0.015461 0.132923 0.381306 179 155 116
0.015744 0.132188 0.382360 171 143 101
0.016073 0.131424 0.383554 111 83 58
0.016306 0.130942 0.384094 172 146 98
0.016664 0.129999 0.385515 118 94 61
0.016973 0.129155 0.386941 161 134 88
0.017085 0.128930 0.387270 108 83 58
0.017436 0.128205 0.388324 110 89 66
0.018898 0.125927 0.391541 128 102 71
0.019423 0.124958 0.392042 120 97 69
0.019779 0.124395 0.392589 114 96 77
0.023405 0.115302 0.405354 93 71 54
0.023362 0.114916 0.406220 105 83 62
0.023291 0.114758 0.407211 115 93 71
0.009952 0.144203 0.363971 146 139 124
0.011227 0.141436 0.368021 156 156 149
0.011895 0.138527 0.372659 170 147 110
0.012154 0.137783 0.373425 166 144 107
0.012526 0.137215 0.374208 171 148 110
0.012946 0.136466 0.375164 174 150 111
0.013258 0.135541 0.376064 177 153 114
0.013577 0.134844 0.377001 177 152 112
0.013951 0.134256 0.377966 177 153 113
0.014457 0.133404 0.379078 167 143 107
0.014737 0.132810 0.379924 94 77 60
0.014943 0.132063 0.380913 172 149 112
0.015251 0.131231 0.382119 170 141 98
0.015568 0.130767 0.383035 120 92 65
0.015672 0.130047 0.383924 112 88 64
0.015953 0.129582 0.385130 121 98 69
0.016172 0.128765 0.386250 156 127 84
0.016579 0.128115 0.387432 71 54 42
0.016779 0.127413 0.388221 137 113 78
0.016862 0.126748 0.389249 160 129 87
0.017283 0.125921 0.390288 160 130 85
0.017743 0.125233 0.391105 158 128 84
0.018270 0.124466 0.391734 156 126 84
0.022054 0.114647 0.405236 171 136 88
0.022193 0.114498 0.406208 171 137 91
0.022319 0.114321 0.407089 176 145 98
0.008989 0.143633 0.364208 164 152 130
0.008741 0.142745 0.364230 168 151 123
0.010148 0.140829 0.367936 139 135 127
0.010127 0.139471 0.370305 155 140 112
0.010600 0.138758 0.371159 154 135 106
0.011123 0.137863 0.371948 150 134 109
0.011731 0.137217 0.372835 107 91 75
0.012017 0.136631 0.373756 149 127 101
0.012200 0.135775 0.374776 167 145 111
0.012484 0.134843 0.375652 173 151 116
0.012716 0.134109 0.376597 174 152 116
0.013230 0.133566 0.377422 175 152 114
0.014042 0.132835 0.378886 178 155 120
0.014258 0.132159 0.379657 75 59 47
0.014449 0.131437 0.380678 172 148 111
0.014780 0.130691 0.381849 164 135 92
0.014947 0.130202 0.382446 142 111 79
0.015160 0.129365 0.383787 107 84 63
0.015101 0.128611 0.384847 149 117 79
0.015328 0.127848 0.385868 133 105 71
0.015631 0.127180 0.386874 68 53 42
0.015817 0.126470 0.387833 140 114 79
0.016093 0.125879 0.389036 162 131 86
0.016296 0.125264 0.389761 160 129 83
0.016765 0.124458 0.390798 156 125 81
0.017188 0.123993 0.391691 154 121 78
0.020688 0.113953 0.405064 172 140 94
0.021138 0.113935 0.406196 175 142 95
0.021099 0.113751 0.407086 177 145 99
0.008066 0.143211 0.364437 165 150 123
0.007907 0.142157 0.364593 169 150 119
0.008051 0.141329 0.365127 168 145 110
0.008497 0.140184 0.366853 159 135 102
0.008993 0.140215 0.367820 141 132 118
0.008831 0.139647 0.369086 145 133 110
0.009324 0.138835 0.369968 145 131 109
0.010100 0.138096 0.370846 150 135 112
0.010685 0.137390 0.371527 151 139 118
0.011654 0.135221 0.374742 164 143 116
0.011833 0.134764 0.375025 166 144 116
0.012930 0.130447 0.382744 133 103 76
0.013561 0.130257 0.383380 125 98 76
0.013322 0.128955 0.384037 122 95 69
0.013724 0.128105 0.385097 117 93 67
0.014434 0.127297 0.385784 96 76 56
0.014980 0.126546 0.386790 74 58 46
0.015070 0.125709 0.387820 160 130 87
0.015206 0.125228 0.388607 162 131 87
0.015569 0.124745 0.389616 158 126 83
0.015951 0.123998 0.390649 155 123 82
0.015854 0.123866 0.392207 148 115 71
0.019937 0.113665 0.405007 173 141 96
0.020038 0.113382 0.406035 177 146 99
0.020125 0.113314 0.407012 178 146 99
0.007090 0.141821 0.364918 169 148 113
0.007068 0.140789 0.365622 168 142 102
0.007452 0.140171 0.366374 163 135 94
0.007973 0.139714 0.367527 153 131 101
0.008066 0.138961 0.368714 147 131 109
0.008587 0.138098 0.369594 148 134 113
0.008976 0.137356 0.370448 141 128 109
0.011434 0.129652 0.382573 128 112 117
0.011932 0.129388 0.383251 119 96 71
0.012797 0.128228 0.383881 117 92 67
0.012984 0.127569 0.384705 115 95 77
0.013484 0.127202 0.385493 97 78 58
0.013760 0.126119 0.386252 76 66 56
0.013966 0.125327 0.387383 153 125 88
0.014487 0.124622 0.388533 160 128 85
0.014356 0.124208 0.389787 143 117 80
0.014464 0.123886 0.391221 140 110 69
0.018787 0.112894 0.404928 163 132 92
0.018736 0.112715 0.405864 180 149 102
0.018771 0.112662 0.406912 183 154 107
0.006186 0.141300 0.365264 171 148 108
0.006260 0.140702 0.365888 167 140 97
0.006475 0.139881 0.366587 165 134 88
0.006787 0.139084 0.367547 161 131 89
0.007150 0.138170 0.368406 159 135 100
0.007417 0.137504 0.369110 112 95 75
0.008049 0.137082 0.369879 138 127 110
0.010112 0.129888 0.381400 127 104 84
0.010682 0.129491 0.382260 132 113 95
0.010865 0.128861 0.383105 111 90 63
0.011429 0.127945 0.383833 119 95 69
0.011969 0.126981 0.384593 82 67 53
0.012353 0.126322 0.385574 77 65 49
0.012500 0.125385 0.386544 125 103 75
0.012714 0.124806 0.387409 142 114 79
0.013128 0.124143 0.388676 141 113 77
0.013310 0.123629 0.389824 122 99 69
0.013401 0.123080 0.390584 131 105 68
0.017472 0.112297 0.404784 94 75 61
0.017820 0.112210 0.405867 132 107 77
0.017842 0.112160 0.406721 158 131 88
0.005267 0.140218 0.366075 170 144 99
0.005284 0.139395 0.366830 165 134 87
0.005567 0.138599 0.367718 160 128 83
0.006009 0.137538 0.368426 160 133 94
0.006249 0.136712 0.369076 85 66 48
0.009400 0.129981 0.380838 125 97 73
0.009502 0.128964 0.382047 127 108 93
0.009945 0.127839 0.382655 99 80 60
0.010176 0.127215 0.383691 99 80 61
0.010625 0.126491 0.384337 82 66 48
0.010742 0.125497 0.385289 118 102 78
0.011667 0.124727 0.386330 149 126 93
0.011710 0.123973 0.387509 140 113 80
0.011701 0.123422 0.388619 120 96 68
0.012163 0.122903 0.389655 123 96 65
0.012534 0.122273 0.390635 138 111 75
0.016605 0.111799 0.404775 160 129 90
0.016549 0.111728 0.405652 148 121 86
0.016513 0.111525 0.406703 90 75 48
0.004482 0.138241 0.367568 166 136 88
0.004843 0.137156 0.368557 156 126 85
0.005112 0.136368 0.369174 109 85 60
0.005303 0.135396 0.370064 142 125 99
0.005392 0.134690 0.370766 133 116 91
0.008046 0.129043 0.380940 128 107 92
0.008409 0.128235 0.381840 117 96 72
0.008645 0.127377 0.382609 107 84 61
0.008994 0.126648 0.383447 107 86 65
0.009363 0.125597 0.384420 130 107 79
0.009587 0.124822 0.385479 137 110 78
0.010013 0.124122 0.386384 139 116 83
0.009958 0.123640 0.387527 125 102 74
0.010431 0.123081 0.388525 116 95 68
0.011013 0.122585 0.389487 134 108 73
0.011104 0.121771 0.390523 142 116 81
0.015122 0.111600 0.403732 174 143 99
0.015276 0.111547 0.404614 176 145 103
0.015182 0.111438 0.405604 180 152 110
0.003862 0.137001 0.368703 165 134 88
0.003968 0.136086 0.369629 107 82 56
0.004272 0.135153 0.370467 148 127 96
0.004487 0.134291 0.371327 123 100 74
0.004671 0.133614 0.372116 147 122 90
0.004923 0.132743 0.372977 166 141 106
0.005224 0.131745 0.374087 98 78 62
0.006427 0.129052 0.379881 127 105 83
0.007415 0.127246 0.381562 119 98 74
0.007694 0.126643 0.382325 119 99 74
0.008134 0.125945 0.383430 131 109 84
0.008532 0.124994 0.384311 137 116 86
0.008304 0.124715 0.385113 137 114 83
0.008863 0.123828 0.386467 130 108 78
0.009156 0.123081 0.387440 113 93 68
0.009407 0.122524 0.388336 127 103 70
0.009751 0.122043 0.389177 122 101 72
0.013945 0.111248 0.403524 173 140 96
0.014173 0.111136 0.404512 177 147 103
0.014348 0.110986 0.405398 185 158 114
0.003676 0.134381 0.371522 168 145 108
0.003929 0.133555 0.372371 172 150 113
0.004302 0.132756 0.373451 166 141 103
0.004536 0.131820 0.374409 108 86 65
0.004681 0.131054 0.375318 133 108 77
0.004834 0.130325 0.376280 98 78 59
0.005041 0.129548 0.377216 113 92 67
0.005254 0.128803 0.378275 125 102 73
0.005488 0.128069 0.379015 106 85 66
0.005673 0.127187 0.380049 137 112 84
0.006102 0.126533 0.381064 154 131 102
0.006531 0.126249 0.382288 136 116 90
0.006783 0.125262 0.383189 127 110 87
0.007196 0.124640 0.384458 109 91 71
0.007628 0.123948 0.385524 92 78 60
0.007910 0.123450 0.386324 99 83 63
0.008289 0.122766 0.387221 106 87 64
0.008208 0.121887 0.387753 133 113 84
0.012935 0.110849 0.403481 171 138 93
0.013014 0.110683 0.404476 178 148 102
0.013122 0.110456 0.405281 179 147 104
0.004644 0.128924 0.378639 109 88 65
0.004846 0.128157 0.379421 131 104 76
0.005187 0.127110 0.380271 158 136 105
0.005314 0.126067 0.381243 160 142 117
0.005508 0.125511 0.382042 145 128 105
0.005838 0.124850 0.383191 119 102 81
0.006121 0.124270 0.384443 100 84 65
0.006372 0.123620 0.385305 97 82 65
0.007139 0.123044 0.385933 85 73 58
0.007238 0.122682 0.387625 111 94 76
0.011516 0.110204 0.403256 169 137 93
0.011814 0.110260 0.404251 174 143 100
0.003130 0.126263 0.380761 167 157 136
0.004041 0.125775 0.381412 162 148 128
0.004522 0.124728 0.382042 162 146 125
0.005081 0.124118 0.382627 146 128 104
0.005126 0.124444 0.384174 104 93 82
0.010214 0.109950 0.402333 95 74 58
0.010548 0.109971 0.403185 99 77 60
0.010779 0.109841 0.404270 106 83 57
0.002976 0.125246 0.381274 167 155 135
0.003431 0.124158 0.381860 169 154 132
0.003573 0.123486 0.382260 167 151 129
0.009238 0.109754 0.402143 169 135 88
0.009439 0.109692 0.403269 152 121 82
0.009657 0.109758 0.404107 96 78 63
0.001467 0.125191 0.380604 167 155 137
0.001809 0.124562 0.381208 169 156 135
0.002277 0.123462 0.381770 168 153 130
0.007598 0.109801 0.400917 169 133 86
0.007870 0.109635 0.401787 171 136 89
0.008317 0.109594 0.403036 169 134 87
0.000007 0.124531 0.380388 161 149 131
0.000631 0.123960 0.380972 142 128 109
0.001193 0.123012 0.381591 104 88 69
0.001444 0.122410 0.382103 93 77 59
0.006966 0.109929 0.400182 169 133 87
0.006608 0.109487 0.401007 170 134 87
0.006776 0.109379 0.402004 176 142 93
-0.000885 0.124039 0.380346 82 69 52
-0.000433 0.123330 0.380881 95 80 61
0.000145 0.122355 0.381551 126 110 88
0.000374 0.121843 0.382074 145 128 105
0.005093 0.109323 0.399828 109 84 62
0.005429 0.109201 0.400720 149 118 82
0.005435 0.109098 0.401850 163 129 86
-0.001784 0.123544 0.380260 148 134 115
-0.001449 0.122897 0.380839 160 145 122
-0.001061 0.121840 0.381605 168 150 121
-0.000755 0.121290 0.382058 169 148 117
0.004046 0.109312 0.398783 116 90 70
0.004005 0.109175 0.399674 118 92 67
0.004262 0.108990 0.400665 97 76 58
0.004534 0.108499 0.401683 0 0 0
-0.003147 0.122864 0.380234 169 154 127
-0.002720 0.122374 0.380817 168 151 123
-0.002216 0.121210 0.381519 170 150 118
-0.002060 0.120531 0.382076 170 148 115
0.002380 0.109558 0.397639 165 129 84
0.002991 0.109246 0.398740 171 137 88
0.002929 0.109084 0.399552 172 138 90
0.003308 0.108778 0.400583 130 93 58
-0.003787 0.121651 0.380869 169 150 120
-0.003401 0.120681 0.381491 171 151 117
-0.003109 0.119954 0.382128 169 148 113
-0.002973 0.119036 0.382880 150 125 92
0.000607 0.110060 0.395551 139 109 84
0.000893 0.109774 0.396405 161 127 86
0.001160 0.109464 0.397536 168 134 89
0.001367 0.109243 0.398514 173 140 91
-0.004978 0.120961 0.380943 168 150 120
-0.004503 0.120265 0.381557 152 131 101
-0.004050 0.119294 0.382335 120 98 70
-0.003926 0.118647 0.382969 94 75 55
-0.003809 0.117707 0.383757 81 66 51
-0.000969 0.110326 0.394179 113 88 64
-0.000385 0.110001 0.395202 138 108 76
-0.000143 0.109641 0.396482 144 115 81
0.000274 0.109323 0.397747 126 99 71
0.000156 0.108797 0.398335 0 0 0
-0.005651 0.120587 0.380952 81 67 50
-0.005603 0.119972 0.381577 81 65 47
-0.005349 0.118995 0.382311 83 66 47
-0.004973 0.118022 0.383209 128 104 73
-0.004859 0.117224 0.384102 158 129 90
-0.004608 0.116421 0.384981 160 129 87
-0.004453 0.115649 0.385795 147 114 73
-0.004252 0.115010 0.386573 114 85 61
-0.003227 0.112672 0.390112 165 129 85
-0.002941 0.112137 0.391088 166 130 84
-0.002587 0.111404 0.392295 171 137 89
-0.002184 0.110882 0.393231 164 130 84
-0.001833 0.110383 0.394254 140 107 71
-0.001630 0.109911 0.395431 102 79 58
-0.001217 0.109687 0.396367 144 117 80
-0.006551 0.119390 0.381848 154 133 99
-0.006373 0.118699 0.382550 160 135 97
-0.006188 0.117920 0.383356 167 136 93
-0.006001 0.117003 0.384404 167 133 87
-0.005628 0.116180 0.385324 167 133 86
-0.005123 0.115394 0.386107 165 132 85
-0.004851 0.114610 0.387035 147 116 76
-0.004658 0.113849 0.388061 104 80 55
-0.004224 0.113127 0.389108 127 99 69
-0.004115 0.112551 0.390239 167 134 89
-0.003903 0.111973 0.391343 170 135 88
-0.003611 0.111473 0.392472 172 137 89
-0.003114 0.110949 0.393508 173 140 91
-0.002717 0.110355 0.394516 175 143 94
-0.002495 0.109782 0.395637 128 100 58
-0.002145 0.109215 0.396606 0 0 0
-0.007274 0.117456 0.383666 172 144 98
-0.007108 0.116810 0.384308 173 142 94
-0.006736 0.115936 0.385478 170 136 88
-0.006348 0.115262 0.386412 169 135 87
-0.006092 0.114544 0.387414 170 137 89
-0.005674 0.113808 0.388346 161 129 86
-0.005524 0.113127 0.389360 97 75 53
-0.005115 0.112486 0.390439 133 104 74
-0.004893 0.112060 0.391229 174 143 95
0.049406 0.123049 0.417488 88 79 65
0.049612 0.122584 0.417567 46 47 49
0.048573 0.122642 0.417254 90 78 61
0.048693 0.122089 0.417463 54 52 51
0.043274 0.130650 0.405322 187 177 154
0.043605 0.130032 0.406183 184 170 147
0.043728 0.129441 0.406917 188 173 144
0.046888 0.122307 0.416273 113 92 65
0.047508 0.122210 0.417001 77 68 56
0.048072 0.121464 0.417195 80 82 67
0.041692 0.131414 0.403288 174 163 148
0.042210 0.130813 0.404049 173 160 143
0.042640 0.129983 0.404862 172 155 134
0.042969 0.129283 0.405860 147 129 107
0.043261 0.128731 0.406882 117 97 75
0.043297 0.128267 0.407906 83 68 52
0.043539 0.127868 0.408818 35 28 23
0.045796 0.122061 0.416086 68 57 45
0.046446 0.121688 0.416605 41 39 38
0.040002 0.132093 0.401246 49 41 32
0.040494 0.131588 0.401912 113 98 81
0.041186 0.130758 0.402719 134 121 104
0.041639 0.130256 0.403430 152 136 115
0.042208 0.129503 0.404436 136 115 92
0.042509 0.128666 0.405494 89 73 57
0.042557 0.127856 0.406718 124 108 87
0.042665 0.127536 0.407707 154 138 116
0.042517 0.126979 0.408731 183 168 144
0.044161 0.122353 0.413702 137 114 85
0.044563 0.122347 0.414862 125 101 71
0.044979 0.121699 0.415749 53 48 41
0.039233 0.131705 0.400915 131 121 106
0.039876 0.130821 0.401567 143 131 116
0.040418 0.130238 0.402071 150 136 120
0.041674 0.126987 0.406568 176 152 118
0.041743 0.126637 0.407672 177 156 128
0.041671 0.126039 0.408763 181 162 137
0.041523 0.125666 0.409675 183 168 146
0.042188 0.123842 0.412323 150 127 99
0.042940 0.123056 0.412978 139 117 88
0.043201 0.122400 0.413594 113 95 75
0.043667 0.121802 0.414799 57 53 49
0.043991 0.121654 0.415411 40 39 38
0.037677 0.131762 0.399979 163 153 138
0.038312 0.131168 0.400518 164 153 138
0.038876 0.130159 0.401221 161 147 130
0.040970 0.125734 0.407482 178 156 123
0.040748 0.125186 0.408771 180 160 132
0.040744 0.124867 0.409645 183 166 142
0.040877 0.124656 0.410445 188 175 153
0.041707 0.123738 0.412116 163 142 109
0.042014 0.123084 0.412898 150 131 103
0.042292 0.122434 0.413890 140 126 104
0.036745 0.131253 0.399653 161 147 129
0.037369 0.130507 0.400249 160 145 126
0.040051 0.125317 0.407297 178 151 111
0.039836 0.124514 0.408409 180 156 121
0.039818 0.124162 0.409518 182 163 135
0.039845 0.123965 0.410554 186 170 147
0.035266 0.131390 0.398839 164 150 128
0.035708 0.130710 0.399355 162 146 124
0.036259 0.129932 0.399980 162 143 119
0.038610 0.123712 0.408268 180 157 121
0.038703 0.123439 0.409344 184 165 133
0.038646 0.123279 0.410360 187 169 141
0.034198 0.130831 0.398744 160 143 120
0.034730 0.130091 0.399138 160 143 118
0.035407 0.129280 0.399806 158 139 113
0.037505 0.123042 0.408331 107 87 68
0.037625 0.122812 0.409157 131 110 85
0.037657 0.122663 0.410265 136 116 91
0.033279 0.130236 0.398512 160 146 124
0.033696 0.129473 0.398939 158 141 115
0.036491 0.122494 0.408344 96 77 59
0.036505 0.122251 0.409092 113 91 67
0.036539 0.122049 0.410209 120 97 71
0.031435 0.130203 0.397587 157 147 130
0.032120 0.129513 0.398107 139 126 107
0.032717 0.128855 0.398609 141 124 104
0.035658 0.122055 0.408263 171 142 100
0.035511 0.121795 0.409112 175 146 103
0.035449 0.121578 0.410132 179 150 105
0.030644 0.129705 0.397259 89 76 62
0.031140 0.128978 0.397653 98 84 67
0.031912 0.128413 0.398201 74 60 46
0.034020 0.121291 0.407920 173 143 100
0.034226 0.121061 0.409196 177 148 103
0.034119 0.120894 0.410026 178 149 104
0.029216 0.129795 0.396375 117 106 91
0.029601 0.129166 0.396703 153 141 121
0.030254 0.128391 0.397259 155 141 121
0.033142 0.120326 0.409114 176 146 102
0.033338 0.120263 0.409869 178 150 104
0.027558 0.129832 0.395360 157 147 127
0.028146 0.129183 0.395806 152 139 119
0.028899 0.128605 0.396466 158 142 121
0.031934 0.120042 0.407837 173 140 94
0.032159 0.119775 0.409043 174 144 99
0.032184 0.119592 0.409818 178 148 102
0.026791 0.129307 0.395023 152 139 120
0.027284 0.128540 0.395380 156 142 121
0.027872 0.127893 0.396214 157 139 119
0.031121 0.119132 0.408762 171 140 97
0.030921 0.118887 0.409692 175 144 100
0.024991 0.129341 0.394076 158 146 121
0.025787 0.128685 0.394618 149 133 111
0.026323 0.128074 0.394893 145 127 105
0.029870 0.118360 0.408839 106 87 68
0.030015 0.118372 0.409504 127 103 73
0.029609 0.117718 0.410627 22 7 7
0.024198 0.128841 0.393851 154 138 113
0.024661 0.128139 0.394255 153 136 111
0.028837 0.117837 0.408586 130 109 88
0.028690 0.117656 0.409413 117 92 66
0.028788 0.117390 0.410642 30 12 12
0.014841 0.147841 0.365148 159 148 130
0.015163 0.147162 0.366180 147 137 123
0.015323 0.146363 0.367134 145 138 125
0.015426 0.145901 0.367990 153 148 135
0.022783 0.128736 0.392951 155 140 111
0.023102 0.128191 0.393466 153 135 108
0.023694 0.127549 0.393935 154 134 105
0.027359 0.117594 0.407430 173 141 95
0.027632 0.117267 0.408641 174 141 94
0.027695 0.117203 0.409337 175 143 97
0.013993 0.147697 0.365041 156 144 125
0.014599 0.147049 0.366258 144 129 110
0.015001 0.146147 0.367187 144 132 116
0.015101 0.145385 0.368234 151 146 133
0.014897 0.144824 0.368802 166 163 152
0.021621 0.128341 0.392680 148 129 100
0.022198 0.127644 0.393072 148 129 102
0.022980 0.127235 0.393706 150 128 101
0.026682 0.116730 0.408462 173 141 94
0.026594 0.116601 0.409376 176 145 98
0.012868 0.147102 0.364757 159 151 138
0.013989 0.144178 0.368899 168 167 158
0.020053 0.128597 0.391540 139 117 88
0.020588 0.127840 0.392172 146 126 99
0.021118 0.127026 0.392667 144 124 100
0.025332 0.116011 0.408378 172 138 92
0.025371 0.115958 0.409078 175 144 98
0.011557 0.146514 0.364578 132 129 121
0.012759 0.143559 0.368853 160 161 153
0.014795 0.137127 0.378313 181 157 113
0.015206 0.136323 0.379646 180 158 116
0.015408 0.135860 0.380092 144 122 89
0.015755 0.135148 0.381132 174 151 113
0.016014 0.134464 0.382151 176 152 113
0.016355 0.133674 0.383267 170 146 108
0.016699 0.132811 0.384372 102 83 65
0.016878 0.132402 0.385152 139 116 84
0.017306 0.131564 0.386200 76 62 51
0.017563 0.130771 0.387399 157 134 99
0.017924 0.130024 0.388436 81 63 48
0.018274 0.129518 0.389279 152 128 92
0.018681 0.128787 0.390389 155 131 94
0.019104 0.128011 0.391275 145 124 93
0.019751 0.127280 0.391848 144 125 98
0.024260 0.115394 0.408290 107 91 77
0.024484 0.115436 0.408978 122 98 70
0.024295 0.114822 0.410324 131 122 117
0.010591 0.145858 0.364555 92 95 92
0.011691 0.142854 0.368817 153 154 147
0.012760 0.139285 0.374342 170 147 104
0.013118 0.138641 0.375174 169 142 98
0.013455 0.137942 0.375953 171 144 98
0.013950 0.137092 0.376952 174 147 103
0.014272 0.136510 0.377947 172 146 101
0.014730 0.135839 0.378905 175 150 108
0.015147 0.135002 0.379956 137 112 83
0.015340 0.134386 0.380681 138 116 90
0.015767 0.133634 0.381901 174 150 111
0.016033 0.132952 0.382923 160 135 96
0.016240 0.132184 0.383936 114 89 62
0.016427 0.131629 0.384837 121 98 71
0.016722 0.130840 0.385849 92 76 59
0.017042 0.130046 0.386989 155 128 90
0.017377 0.129372 0.388030 78 60 44
0.017610 0.128722 0.388870 131 109 78
0.017854 0.128095 0.389969 157 129 91
0.018180 0.127522 0.390769 152 126 88
0.018537 0.126514 0.391824 138 113 81
0.018763 0.125951 0.392786 132 112 85
0.023197 0.114909 0.408233 97 78 62
0.022991 0.114834 0.408921 119 95 70
0.009324 0.145013 0.364609 94 97 92
0.010649 0.142166 0.368835 136 136 128
0.010763 0.140655 0.371504 156 133 93
0.011119 0.140092 0.372033 159 132 90
0.011552 0.139261 0.372846 158 132 90
0.012055 0.138649 0.373669 160 133 91
0.012590 0.138071 0.374670 163 136 93
0.013076 0.137312 0.375643 168 140 96
0.013384 0.136562 0.376434 171 143 99
0.013824 0.135792 0.377520 172 145 102
0.015315 0.130813 0.384738 104 83 60
0.015708 0.130173 0.385641 102 83 64
0.016138 0.129294 0.386803 120 98 70
0.016355 0.128649 0.387699 73 59 47
0.016692 0.127907 0.388649 128 104 73
0.016972 0.127335 0.389689 156 126 87
0.017188 0.126527 0.390660 156 127 85
0.017456 0.125900 0.391948 139 112 77
0.017679 0.125318 0.392820 141 116 80
0.022092 0.114507 0.407868 173 140 96
0.022037 0.114470 0.408933 176 144 98
0.008454 0.144386 0.364782 141 132 115
0.009557 0.141673 0.368848 105 100 92
0.009290 0.140994 0.369824 133 122 102
0.010004 0.140256 0.370782 146 124 91
0.010527 0.139712 0.371633 150 125 87
0.011022 0.139144 0.372210 153 127 90
0.013346 0.131472 0.383224 129 102 71
0.013827 0.130971 0.383678 117 94 71
0.014208 0.130158 0.384512 113 94 80
0.014502 0.129496 0.385438 100 79 60
0.014766 0.128745 0.386554 113 89 61
0.015572 0.128155 0.387351 68 54 41
0.015860 0.127270 0.388639 127 104 77
0.016049 0.126734 0.389584 155 126 88
0.015887 0.126052 0.390663 145 115 79
0.016219 0.125272 0.391733 141 110 73
0.016737 0.124479 0.392610 144 115 75
0.020415 0.114059 0.406917 176 144 97
0.020932 0.113985 0.407945 175 142 96
0.020755 0.113873 0.408866 179 149 103
0.007715 0.143830 0.364917 163 145 114
0.007273 0.143451 0.365128 161 140 107
0.008926 0.140963 0.368744 111 105 92
0.008902 0.140462 0.369435 133 121 103
0.009476 0.139907 0.370446 140 125 102
0.009877 0.139321 0.370857 142 124 97
0.012181 0.130742 0.382835 124 100 74
0.012895 0.130310 0.383662 115 93 69
0.013182 0.129589 0.384391 114 89 61
0.013382 0.128925 0.385389 100 79 57
0.013600 0.128188 0.386530 120 96 67
0.014957 0.125452 0.390630 139 112 76
0.015152 0.124595 0.391523 138 110 74
0.015419 0.124135 0.392254 144 113 72
0.019763 0.113443 0.407790 177 145 99
0.019828 0.113472 0.408761 181 152 105
0.006464 0.142645 0.365290 163 138 98
0.008253 0.139925 0.368980 132 119 103
0.011117 0.130403 0.382428 121 98 73
0.011764 0.129787 0.383547 119 98 71
0.012130 0.129076 0.384407 117 95 69
0.012490 0.128485 0.385372 105 86 62
0.012526 0.127918 0.386328 115 92 65
0.013773 0.125131 0.389852 122 100 67
0.013962 0.124718 0.390610 122 102 71
0.014058 0.124260 0.391364 135 111 76
0.014692 0.123607 0.392907 148 121 83
0.018758 0.113085 0.406887 178 145 99
0.018494 0.112804 0.407723 182 152 107
0.018710 0.112892 0.408555 183 153 108
0.005602 0.141951 0.365672 165 137 94
0.005580 0.141227 0.366016 163 134 90
0.010064 0.130695 0.381594 122 102 78
0.010506 0.129974 0.382435 119 99 74
0.010744 0.129084 0.383314 113 92 67
0.010983 0.128695 0.384253 115 94 69
0.011378 0.127998 0.385218 110 91 70
0.012096 0.127286 0.385987 106 81 55
0.012152 0.124555 0.389899 99 85 58
0.012835 0.124323 0.390485 109 92 64
0.013103 0.123725 0.391048 121 100 68
0.017331 0.112264 0.406700 114 95 75
0.017517 0.112301 0.407523 157 128 90
0.017472 0.112403 0.408484 179 149 104
0.004513 0.141621 0.365947 164 134 86
0.004594 0.140737 0.366354 164 135 88
0.004791 0.139956 0.366900 160 127 79
0.005082 0.139094 0.367596 157 121 75
0.009150 0.129915 0.381270 123 102 78
0.009188 0.129332 0.382261 118 98 74
0.009466 0.128582 0.383175 113 92 68
0.009870 0.128116 0.384157 119 97 72
0.010012 0.127160 0.384809 115 92 64
0.011121 0.124651 0.388240 95 82 61
0.011042 0.124244 0.389462 106 91 67
0.011650 0.123800 0.390374 115 95 65
0.011861 0.123064 0.391118 131 106 71
0.016321 0.111856 0.406640 132 106 81
0.016187 0.111843 0.407493 129 103 75
0.016552 0.111692 0.408311 30 15 14
0.003600 0.140370 0.366709 164 133 82
0.003660 0.139593 0.367183 164 131 81
0.004029 0.138560 0.367916 159 124 75
0.003989 0.137641 0.368435 160 127 78
0.007404 0.129912 0.380392 129 110 84
0.007665 0.129364 0.381211 118 97 73
0.007980 0.128640 0.382346 119 100 76
0.008491 0.127789 0.383150 114 92 67
0.008488 0.127319 0.384137 120 98 72
0.008702 0.126719 0.385149 125 103 78
0.009250 0.124715 0.386851 128 107 78
0.009805 0.124338 0.388324 115 97 70
0.009911 0.123759 0.389219 116 92 63
0.010432 0.123187 0.390058 131 106 72
0.010644 0.122643 0.391088 138 112 74
0.015047 0.111648 0.406595 178 149 107
0.015088 0.111532 0.407268 184 156 113
0.002919 0.139199 0.367616 165 132 81
0.002931 0.138459 0.368083 166 133 83
0.003014 0.137382 0.369028 164 133 85
0.003159 0.136274 0.370018 128 100 70
0.003451 0.135639 0.370573 109 84 64
0.003735 0.134720 0.371763 153 124 90
0.006298 0.129587 0.380305 123 103 78
0.006658 0.128654 0.381057 122 101 77
0.007001 0.128143 0.381983 118 99 73
0.007356 0.127271 0.383149 123 102 76
0.007004 0.127165 0.383978 135 116 91
0.007468 0.126093 0.384728 121 107 84
0.007838 0.124872 0.386135 92 80 64
0.008279 0.124407 0.387181 112 95 68
0.008856 0.123913 0.388062 117 96 67
0.008944 0.123335 0.389032 132 105 71
0.009441 0.123022 0.389923 149 123 87
0.013624 0.111225 0.405497 177 146 101
0.013914 0.111314 0.406448 179 149 105
0.013815 0.111099 0.407311 186 158 113
0.002075 0.137973 0.368667 175 150 102
0.002286 0.137352 0.369285 171 143 100
0.002702 0.136406 0.370323 152 124 89
0.002941 0.135719 0.371083 150 125 93
0.003244 0.135001 0.371979 157 132 97
0.003439 0.134179 0.372909 159 134 97
0.003535 0.133361 0.374000 161 134 97
0.003619 0.132462 0.375176 121 93 63
0.003705 0.131736 0.376045 97 74 54
0.003954 0.130979 0.376998 94 70 52
0.004175 0.130362 0.377824 103 78 61
0.004516 0.129497 0.378969 120 95 70
0.004956 0.128882 0.380017 134 109 82
0.005441 0.128203 0.380990 138 117 90
0.005852 0.127432 0.381884 141 121 94
0.006096 0.126819 0.382994 135 115 89
0.006331 0.125901 0.384054 113 98 78
0.006543 0.125192 0.384964 90 78 61
0.007044 0.124493 0.385926 88 78 61
0.007417 0.124001 0.387109 97 82 61
0.007745 0.123398 0.388024 119 97 69
0.008012 0.122729 0.388393 136 110 75
0.012968 0.111026 0.405323 176 144 98
0.012767 0.110812 0.406144 180 150 104
0.012797 0.110670 0.407211 189 163 114
0.003413 0.131629 0.376651 126 101 62
0.003546 0.131280 0.376973 131 102 65
0.003893 0.130204 0.378130 138 111 74
0.004239 0.129495 0.379156 126 99 73
0.004367 0.128704 0.380062 139 114 88
0.004469 0.127724 0.380862 151 132 107
0.004865 0.126930 0.381793 146 128 103
0.005104 0.126329 0.382806 127 110 86
0.005470 0.125549 0.383957 100 86 69
0.005816 0.124907 0.384856 97 82 64
0.006125 0.124397 0.385664 100 86 68
0.006642 0.123617 0.386601 94 81 62
0.011407 0.110383 0.405215 178 147 99
0.011420 0.110454 0.406149 179 147 100
0.002969 0.128084 0.380545 154 142 122
0.003324 0.127258 0.380952 157 143 124
0.003668 0.126362 0.381350 156 141 122
0.004366 0.125877 0.382784 129 113 91
0.004797 0.125100 0.384256 100 88 74
0.004936 0.124569 0.384297 117 100 77
0.005319 0.123460 0.385815 128 110 87
0.009767 0.110024 0.404225 87 71 57
0.010350 0.109996 0.405085 118 95 72
0.010429 0.109979 0.405996 153 124 84
0.001566 0.127358 0.380333 159 147 130
0.002262 0.126635 0.380768 163 150 132
0.002731 0.125889 0.381095 165 151 134
0.008986 0.109790 0.404028 143 113 78
0.009113 0.109771 0.404917 130 104 73
0.009469 0.109859 0.405899 98 86 73
0.000644 0.126690 0.380140 164 153 135
0.001038 0.126005 0.380647 165 152 134
0.001740 0.125321 0.381056 163 151 133
0.007407 0.109851 0.403113 170 133 86
0.007563 0.109654 0.403791 173 138 90
0.008251 0.109681 0.404763 175 141 94
-0.000554 0.126142 0.379932 164 154 138
0.000006 0.125397 0.380385 163 151 134
0.000620 0.124778 0.380900 167 155 137
0.006422 0.109523 0.402849 173 137 90
0.006604 0.109452 0.403746 176 141 93
-0.001866 0.126285 0.379315 163 156 138
-0.001540 0.125603 0.379717 133 120 102
-0.001175 0.124749 0.380177 107 93 75
0.004899 0.109288 0.401773 116 90 73
0.005258 0.109167 0.402580 150 120 84
0.005345 0.109270 0.403648 166 134 94
-0.002742 0.125796 0.379153 85 71 67
-0.002678 0.125020 0.379595 130 119 100
-0.002188 0.124165 0.380138 143 131 112
-0.002222 0.123203 0.380616 169 156 133
0.003522 0.109241 0.400493 135 104 80
0.003743 0.109051 0.401489 138 107 75
0.004187 0.109056 0.402390 98 76 60
0.004417 0.108589 0.403738 0 0 0
-0.004005 0.125240 0.379110 163 157 139
-0.003757 0.124501 0.379616 161 150 133
-0.003400 0.123690 0.380139 164 150 129
0.002399 0.109204 0.400423 165 130 86
0.002832 0.109009 0.401274 166 131 86
0.003138 0.108856 0.402401 179 144 95
-0.004742 0.123939 0.379614 162 152 134
-0.004573 0.122998 0.380162 165 150 129
-0.004024 0.122069 0.380770 166 149 123
0.000923 0.109259 0.399506 169 134 91
0.001360 0.109202 0.400380 173 138 91
0.001522 0.108802 0.401419 131 93 55
-0.006199 0.123273 0.379596 164 153 134
-0.005754 0.122396 0.380146 165 152 128
-0.005234 0.121470 0.380800 162 144 117
-0.000766 0.109624 0.397324 171 138 94
-0.000460 0.109500 0.398251 165 133 89
-0.000011 0.109317 0.399229 158 124 85
0.000398 0.109005 0.400197 156 123 77
-0.007086 0.122811 0.379572 120 105 87
-0.006691 0.121914 0.380180 107 90 71
-0.006390 0.121010 0.380816 98 81 61
-0.006113 0.120208 0.381470 93 76 58
-0.002837 0.110942 0.394495 152 113 71
-0.002338 0.110063 0.395832 120 90 66
-0.001894 0.109710 0.397158 125 100 73
-0.001521 0.109485 0.398236 174 142 96
-0.001017 0.109331 0.399188 178 144 95
-0.008032 0.122384 0.379653 152 144 123
-0.007815 0.121532 0.380289 118 103 81
-0.007569 0.120573 0.381009 130 111 86
-0.007144 0.119728 0.381650 151 131 100
-0.006905 0.118785 0.382580 159 135 99
-0.006840 0.117905 0.383534 167 134 89
-0.006802 0.117435 0.384100 167 134 94
-0.003978 0.111564 0.392817 170 134 87
-0.003642 0.111076 0.393942 171 136 88
-0.003569 0.110675 0.394911 170 136 88
-0.003075 0.110068 0.396188 161 128 85
-0.002725 0.109669 0.397277 85 64 48
-0.002757 0.109386 0.398040 62 48 34
-0.008747 0.120955 0.380677 153 133 105
-0.008632 0.120175 0.381230 100 81 62
-0.008190 0.119350 0.381949 128 107 79
-0.008055 0.118453 0.382740 153 127 90
-0.007805 0.117804 0.383628 170 139 96
-0.007518 0.116884 0.384639 170 137 91
-0.007348 0.116200 0.385505 169 135 88
-0.007032 0.115355 0.386613 169 134 86
-0.006723 0.114693 0.387685 168 133 86
-0.006607 0.114050 0.388636 170 135 89
-0.006216 0.113243 0.389712 140 110 76
-0.005816 0.112538 0.390845 99 76 56
-0.005421 0.112037 0.391933 167 136 92
-0.005123 0.111580 0.392966 172 140 93
-0.004503 0.111014 0.394159 173 140 91
-0.004310 0.110608 0.394870 176 144 94
-0.009401 0.119150 0.382213 98 77 56
-0.009105 0.118280 0.382992 82 66 49
-0.008782 0.117465 0.383973 156 129 92
-0.008634 0.116836 0.384788 175 145 100
-0.008229 0.116042 0.385829 172 140 94
-0.007986 0.115316 0.386921 171 139 92
-0.007539 0.114575 0.387993 171 139 93
-0.007311 0.114128 0.388766 171 139 93
-0.006966 0.113347 0.390015 168 135 89
-0.006767 0.112666 0.391085 92 72 51
-0.006388 0.112081 0.392090 133 107 75
-0.006151 0.111613 0.393138 180 151 102
-0.009947 0.117964 0.383290 12 0 0
-0.009788 0.117052 0.384330 81 62 40
0.048652 0.123970 0.417679 80 74 62
0.047581 0.124233 0.417407 120 99 74
0.048107 0.123811 0.417615 69 62 53
0.042623 0.132086 0.405009 164 150 132
0.043111 0.131452 0.405666 167 149 131
0.043520 0.130621 0.406614 173 155 133
0.043864 0.130060 0.407688 176 155 126
0.044000 0.129369 0.408673 172 149 115
0.044056 0.128954 0.409653 161 136 104
0.046569 0.123639 0.416927 110 92 65
0.046689 0.123224 0.417576 44 43 42
0.040958 0.133038 0.402837 163 151 139
0.041677 0.132394 0.403617 163 148 134
0.042255 0.131925 0.404437 170 155 137
0.042704 0.131164 0.405139 167 150 131
0.043340 0.130067 0.406394 172 151 127
0.043540 0.129246 0.407529 161 136 106
0.043537 0.128646 0.408535 110 89 69
0.043378 0.128067 0.409789 95 78 63
0.043313 0.127792 0.410475 124 105 85
0.044770 0.123486 0.416227 124 99 69
0.045450 0.123035 0.416873 64 56 46
0.045964 0.122748 0.417296 38 37 36
0.039048 0.133738 0.401058 161 151 127
0.039790 0.133052 0.401633 149 136 118
0.040536 0.132528 0.402286 158 146 131
0.040993 0.131977 0.402920 165 154 139
0.042749 0.127632 0.408693 152 132 109
0.042681 0.127319 0.409452 172 156 133
0.042482 0.126909 0.410543 174 159 137
0.042230 0.126483 0.411511 174 157 135
0.044141 0.123062 0.415606 124 101 72
0.044307 0.122630 0.416580 48 44 39
0.038374 0.133263 0.400550 114 100 85
0.039089 0.132667 0.401065 101 86 70
0.041916 0.126475 0.409522 179 161 137
0.041698 0.126017 0.410323 179 164 144
0.041635 0.125598 0.411491 173 158 138
0.041780 0.124561 0.412545 156 135 110
0.042186 0.124006 0.413374 146 124 98
0.042658 0.123330 0.414465 144 123 96
0.042897 0.122467 0.415608 83 77 69
0.043386 0.122390 0.416153 49 49 46
0.036959 0.133343 0.399718 163 154 140
0.037602 0.132845 0.400127 160 150 137
0.041060 0.125262 0.410346 180 165 144
0.040924 0.124738 0.411156 178 164 143
0.040974 0.124091 0.412425 171 155 133
0.041184 0.123509 0.413256 167 151 130
0.041729 0.122863 0.414447 160 147 127
0.042105 0.122536 0.415185 137 129 114
0.035555 0.133433 0.398823 162 154 141
0.035913 0.132961 0.399204 159 149 136
0.036664 0.132075 0.399773 158 146 132
0.039776 0.123957 0.411176 184 168 147
0.039840 0.123732 0.412437 186 172 151
0.040092 0.123676 0.413161 189 177 156
0.034497 0.132922 0.398585 158 148 134
0.035015 0.132427 0.398947 158 146 130
0.035601 0.131607 0.399373 158 143 125
0.038654 0.123302 0.410997 185 166 139
0.038627 0.123233 0.412137 188 169 142
0.033513 0.132416 0.398450 158 147 132
0.033967 0.131778 0.398693 159 145 126
0.037543 0.122677 0.410955 134 115 95
0.037461 0.122556 0.412043 133 110 85
0.037685 0.122531 0.412971 198 172 130
0.032447 0.131866 0.398173 157 146 131
0.032849 0.131243 0.398493 156 143 125
0.036488 0.122114 0.410919 127 104 80
0.036432 0.122000 0.412046 122 97 70
0.036105 0.121672 0.412884 188 155 100
0.030664 0.131621 0.397416 162 153 139
0.031276 0.131119 0.397777 154 144 129
0.032026 0.130531 0.398146 156 144 127
0.035424 0.121719 0.410846 177 146 102
0.035355 0.121516 0.411862 181 150 105
0.029892 0.131165 0.397023 126 114 98
0.030459 0.130721 0.397318 117 104 88
0.034185 0.120964 0.410614 177 147 103
0.034072 0.120805 0.411858 180 150 105
0.034140 0.120628 0.412673 187 161 113
0.028288 0.131276 0.396088 134 124 107
0.029043 0.130773 0.396385 107 96 82
0.032974 0.120337 0.410522 176 146 101
0.033106 0.120181 0.411738 180 151 105
0.033045 0.119929 0.412727 187 161 113
0.026660 0.131320 0.395059 132 121 104
0.027430 0.130928 0.395458 107 96 82
0.028186 0.130148 0.395906 117 106 90
0.032098 0.119791 0.410493 175 144 100
0.032031 0.119589 0.411647 178 148 103
0.025938 0.130900 0.394751 155 144 125
0.026488 0.130200 0.394999 148 134 116
0.030834 0.118957 0.410566 173 142 99
0.030813 0.118921 0.411593 179 149 104
0.031128 0.118926 0.412436 186 159 111
0.024154 0.130817 0.393962 153 138 116
0.024935 0.130400 0.394355 153 140 119
0.025703 0.129854 0.394696 153 138 118
0.029868 0.118423 0.410397 119 96 71
0.029751 0.118333 0.411369 129 105 77
0.029637 0.118276 0.412291 103 81 61
0.023327 0.130469 0.393558 152 137 113
0.023764 0.129860 0.394016 150 135 112
0.028776 0.117815 0.410329 93 75 61
0.028509 0.117790 0.411226 112 89 69
0.028537 0.117730 0.412192 36 19 18
0.014718 0.147862 0.366257 152 141 120
0.014802 0.147054 0.367386 150 137 115
0.021597 0.130323 0.392711 149 132 105
0.022258 0.129984 0.393111 151 134 108
0.022925 0.129197 0.393572 149 131 106
0.027412 0.117391 0.410131 172 138 93
0.027530 0.117358 0.411140 178 147 100
0.013442 0.148292 0.365899 144 130 111
0.014015 0.147792 0.366878 141 125 104
0.014324 0.147077 0.367788 141 127 107
0.014415 0.146248 0.369044 153 146 133
0.014219 0.145618 0.369546 171 170 161
0.020140 0.130600 0.391493 150 132 102
0.020723 0.130015 0.392226 148 128 99
0.021359 0.129277 0.392719 148 128 100
0.026426 0.116749 0.410130 172 139 94
0.026374 0.116845 0.411036 177 145 100
0.012380 0.148018 0.365574 159 151 138
0.013351 0.145843 0.369613 164 163 156
0.013492 0.145038 0.369522 171 170 163
0.018454 0.131566 0.389338 144 126 100
0.018778 0.130835 0.390144 145 125 97
0.019331 0.130102 0.391050 145 124 95
0.019904 0.129566 0.391777 145 124 95
0.020377 0.128799 0.392431 140 120 94
0.025282 0.116079 0.410122 176 145 99
0.025104 0.116183 0.410969 176 146 99
0.011080 0.147392 0.365451 141 136 124
0.012335 0.144479 0.369499 157 157 149
0.013461 0.139992 0.376312 173 148 101
0.013892 0.139305 0.376999 174 148 103
0.014365 0.138463 0.377700 176 151 108
0.014640 0.137975 0.378968 173 149 106
0.015107 0.137102 0.379833 170 145 105
0.015457 0.136568 0.380845 146 119 91
0.015715 0.135865 0.381691 172 149 115
0.016046 0.135253 0.382834 172 150 114
0.016394 0.134557 0.383806 165 142 108
0.016695 0.133805 0.384863 118 96 72
0.016895 0.133225 0.385803 115 95 72
0.017230 0.132453 0.386781 98 81 66
0.017649 0.131624 0.387978 145 124 97
0.018051 0.131011 0.388900 101 82 65
0.018365 0.130332 0.389760 135 114 87
0.018702 0.129477 0.390703 146 124 93
0.018869 0.128871 0.391635 137 119 93
0.019082 0.128287 0.392372 130 114 91
0.024055 0.115676 0.410101 92 76 59
0.024209 0.115656 0.410887 103 84 64
0.009949 0.146804 0.365530 104 105 98
0.011255 0.143777 0.369562 147 149 141
0.011603 0.141265 0.373203 164 132 82
0.012182 0.140697 0.373876 163 133 86
0.012412 0.140363 0.374679 160 130 82
0.012900 0.139532 0.375634 160 131 83
0.013379 0.138832 0.376577 163 134 87
0.013796 0.138244 0.377554 166 137 91
0.014210 0.137620 0.378417 168 140 95
0.014932 0.136417 0.379630 166 137 99
0.015120 0.135888 0.380452 121 92 71
0.015375 0.135182 0.381582 162 136 101
0.015648 0.134553 0.382141 171 145 110
0.015939 0.133257 0.384921 103 83 65
0.016158 0.132810 0.385580 108 92 68
0.016321 0.131855 0.386754 111 87 62
0.016722 0.131040 0.387753 108 92 72
0.016903 0.130504 0.388645 90 77 63
0.017655 0.128637 0.391229 142 120 88
0.017748 0.128194 0.391626 137 115 84
0.017985 0.127427 0.392540 114 98 73
0.018321 0.126838 0.393550 112 93 68
0.022947 0.115139 0.410023 96 80 65
0.022731 0.115119 0.410773 110 89 68
0.008770 0.145974 0.365669 119 114 103
0.010105 0.143069 0.369607 119 117 109
0.009825 0.142579 0.370964 143 120 85
0.010278 0.141621 0.371699 149 121 81
0.010833 0.141075 0.372465 153 121 75
0.011453 0.140413 0.373357 154 122 74
0.012177 0.139547 0.374320 156 126 79
0.012434 0.139207 0.374869 159 130 83
0.014039 0.133636 0.382639 147 123 94
0.014244 0.133186 0.383780 143 121 97
0.014505 0.132495 0.384666 121 100 72
0.014806 0.131827 0.385563 116 96 72
0.015182 0.131290 0.386505 104 85 64
0.015718 0.130374 0.387642 99 83 63
0.016055 0.129661 0.388892 115 95 68
0.016368 0.128057 0.391029 134 113 80
0.016519 0.127605 0.391535 131 109 78
0.016857 0.126869 0.392591 115 97 69
0.017088 0.126175 0.393476 122 97 65
0.021784 0.114670 0.409829 175 143 98
0.021765 0.114720 0.410644 179 149 103
0.008063 0.145246 0.365617 145 133 110
0.007357 0.145053 0.366105 160 131 89
0.009408 0.142591 0.369540 100 94 84
0.009315 0.141873 0.370323 128 114 90
0.009888 0.140955 0.371181 145 118 79
0.012973 0.133349 0.382674 146 122 92
0.012864 0.132599 0.383566 141 117 86
0.013409 0.131820 0.384537 122 99 74
0.013551 0.131247 0.385343 120 98 71
0.013930 0.130578 0.386307 117 94 66
0.015517 0.127266 0.390722 131 108 80
0.015316 0.126976 0.391382 127 106 75
0.015637 0.126209 0.392503 125 102 69
0.015985 0.125357 0.393421 133 105 68
0.020585 0.114196 0.409692 176 145 99
0.020890 0.114207 0.410369 185 158 109
0.007130 0.144585 0.365673 160 139 102
0.006938 0.144391 0.365921 158 133 95
0.008764 0.141533 0.369430 116 112 98
0.008893 0.141329 0.369693 127 117 101
0.010784 0.133747 0.381226 153 128 95
0.011594 0.132619 0.382436 146 122 88
0.011769 0.131900 0.383435 137 113 82
0.012215 0.131267 0.384499 126 103 73
0.012485 0.130790 0.385250 123 102 75
0.012589 0.129930 0.386025 124 101 73
0.014247 0.126916 0.390827 123 102 73
0.014290 0.126413 0.391416 122 101 70
0.014679 0.125713 0.392321 127 103 70
0.015039 0.124988 0.393679 139 111 72
0.019820 0.113855 0.408775 176 143 99
0.019417 0.113722 0.409563 178 147 102
0.019476 0.113596 0.410384 187 160 113
0.005898 0.143684 0.366089 159 128 82
0.010201 0.132959 0.381303 147 123 90
0.010780 0.132192 0.382570 139 117 84
0.010761 0.131495 0.383415 131 109 79
0.011247 0.130851 0.384377 126 104 76
0.011452 0.130165 0.385283 122 103 78
0.011945 0.130009 0.386560 138 115 85
0.013409 0.125815 0.391254 107 92 67
0.013623 0.125270 0.392163 119 96 65
0.014141 0.124847 0.393229 136 109 68
0.018106 0.113109 0.408745 176 144 101
0.018355 0.113249 0.409339 179 148 104
0.004941 0.142738 0.366296 160 127 77
0.004689 0.141892 0.366228 162 130 81
0.009077 0.132834 0.380765 145 120 88
0.009139 0.132314 0.381316 140 117 87
0.009670 0.131593 0.382167 137 113 82
0.009891 0.130874 0.383214 126 101 73
0.010211 0.130152 0.384134 119 98 72
0.010391 0.129523 0.384724 118 99 73
0.012155 0.125557 0.390438 102 86 63
0.012206 0.125260 0.391125 104 88 64
0.012311 0.124884 0.391880 111 88 58
0.017523 0.112539 0.408525 154 127 99
0.017081 0.112533 0.409188 170 140 100
0.004046 0.142101 0.366410 162 129 79
0.003821 0.141516 0.366656 161 128 77
0.007376 0.132779 0.379615 145 122 92
0.007594 0.132327 0.380373 139 117 88
0.008078 0.131710 0.381118 135 112 82
0.008349 0.131039 0.382078 133 109 80
0.008623 0.130197 0.383138 126 104 76
0.008922 0.129451 0.384016 123 100 73
0.009909 0.127961 0.385672 125 104 78
0.010256 0.125621 0.389049 78 69 54
0.010661 0.125180 0.390182 90 78 59
0.010847 0.124613 0.391149 107 88 63
0.011168 0.124022 0.391955 121 96 64
0.015974 0.112165 0.408597 106 87 72
0.015978 0.112202 0.409141 100 78 63
0.002842 0.140950 0.367025 163 130 78
0.002791 0.140093 0.367427 160 127 77
0.006156 0.131790 0.379195 138 112 87
0.006355 0.131837 0.380148 134 112 83
0.006733 0.131071 0.381053 136 111 82
0.007210 0.130365 0.381904 129 108 80
0.007417 0.129575 0.383005 131 110 83
0.008399 0.128459 0.384042 121 104 82
0.008712 0.127666 0.385575 124 104 80
0.008765 0.125838 0.388112 100 89 73
0.009263 0.125136 0.389148 86 76 59
0.009467 0.124692 0.389967 92 79 60
0.009692 0.124170 0.390880 112 91 64
0.009787 0.123458 0.391877 129 102 66
0.014796 0.111826 0.408526 182 153 109
0.014827 0.111821 0.408962 184 154 107
0.002092 0.140521 0.367353 165 133 82
0.002015 0.139665 0.367984 164 132 83
0.002027 0.138902 0.368751 159 128 80
0.002231 0.138175 0.369447 155 124 77
0.005584 0.131811 0.379402 138 115 88
0.005296 0.131219 0.379874 131 110 84
0.005794 0.130477 0.381044 131 108 81
0.006093 0.129737 0.381951 131 109 82
0.006543 0.129171 0.382876 133 110 82
0.007267 0.128613 0.383242 130 106 78
0.007011 0.126968 0.385298 104 90 71
0.007179 0.126200 0.386831 101 88 69
0.007778 0.125451 0.387920 99 86 66
0.008148 0.124847 0.388987 101 86 65
0.008258 0.124211 0.389729 107 87 62
0.009052 0.123771 0.390594 116 92 61
0.013072 0.111397 0.407083 179 148 103
0.013677 0.111560 0.408132 183 154 110
0.001457 0.138733 0.368839 172 144 100
0.001759 0.138093 0.369867 160 131 88
0.002163 0.137107 0.370791 156 130 91
0.002352 0.136371 0.371853 155 131 95
0.002619 0.135675 0.372851 154 130 93
0.002774 0.134940 0.373706 157 131 94
0.002900 0.134142 0.374817 156 128 90
0.002937 0.133253 0.375998 135 105 69
0.003101 0.132705 0.376710 100 71 50
0.003315 0.132011 0.377857 101 74 55
0.003639 0.131307 0.378899 121 93 70
0.004062 0.130663 0.379856 131 104 79
0.004478 0.129761 0.380713 139 116 90
0.004962 0.129240 0.381664 140 117 90
0.005288 0.128414 0.382606 139 119 93
0.005435 0.127258 0.383989 124 105 83
0.005685 0.126851 0.384900 101 88 71
0.006002 0.126359 0.385761 93 81 65
0.006436 0.125673 0.386748 88 76 61
0.006903 0.124937 0.387787 95 81 62
0.007154 0.124399 0.388778 109 91 66
0.007262 0.123788 0.389326 121 93 58
0.012425 0.111173 0.407202 178 146 100
0.012495 0.111123 0.407978 182 152 106
0.002979 0.132217 0.377155 129 103 61
0.003220 0.131645 0.377754 115 85 60
0.003366 0.131092 0.378864 132 103 70
0.003633 0.130160 0.379866 138 114 87
0.003763 0.129285 0.380586 144 125 101
0.004159 0.128613 0.381699 144 124 99
0.004295 0.127863 0.382655 143 122 96
0.004494 0.127124 0.383810 119 100 76
0.004893 0.126482 0.384806 101 85 65
0.005237 0.125960 0.385569 96 81 62
0.005492 0.125262 0.386569 88 77 62
0.005622 0.125022 0.387789 103 87 64
0.006359 0.123726 0.388427 104 88 72
0.011228 0.110658 0.407068 181 149 101
0.011222 0.110734 0.407721 182 150 101
0.001917 0.129480 0.380097 149 135 117
0.002525 0.128917 0.380549 149 134 116
0.002812 0.127991 0.381232 151 134 114
0.003454 0.127575 0.382549 141 121 95
0.003529 0.126738 0.383882 120 98 74
0.004070 0.125978 0.384527 117 99 78
0.009978 0.110254 0.406974 152 123 87
0.010221 0.110336 0.407631 183 152 103
0.000902 0.128947 0.379901 152 140 124
0.001480 0.128227 0.380392 154 141 124
0.001512 0.127266 0.380669 157 144 128
0.008685 0.109866 0.405853 145 113 80
0.008807 0.110022 0.406612 112 89 66
-0.000137 0.128394 0.379659 156 145 130
0.000264 0.127538 0.380076 158 146 130
0.007102 0.109875 0.404883 171 133 87
0.007488 0.109837 0.405783 177 143 96
0.008086 0.109849 0.406641 178 143 94
-0.001658 0.128481 0.379013 159 151 136
-0.001335 0.127894 0.379397 159 149 134
-0.000926 0.126976 0.379814 158 148 133
0.006146 0.109718 0.404618 177 142 94
0.006352 0.109688 0.405488 178 144 95
-0.002663 0.127932 0.378787 158 152 138
-0.002350 0.127238 0.379222 158 148 134
-0.001772 0.126408 0.379655 151 141 128
0.004639 0.109332 0.403562 111 87 72
0.004910 0.109324 0.404544 163 131 90
0.005117 0.109356 0.405203 180 148 99
-0.003813 0.127208 0.378717 158 152 138
-0.003473 0.126635 0.379089 151 142 129
-0.003068 0.125718 0.379441 136 126 113
0.003499 0.109227 0.403445 120 95 73
0.004070 0.109232 0.404302 98 78 61
0.003622 0.108756 0.405151 0 0 0
-0.005010 0.126665 0.378614 157 149 137
-0.004564 0.126136 0.379041 155 145 132
-0.004093 0.124975 0.379615 156 144 130
0.002049 0.109189 0.402187 142 108 75
0.002604 0.109130 0.403153 157 126 86
-0.005551 0.126249 0.378598 159 151 138
-0.005826 0.125552 0.378939 159 150 138
-0.005249 0.124569 0.379519 158 147 133
0.000693 0.109381 0.401066 172 138 91
0.001039 0.109200 0.402030 163 130 87
0.001439 0.108907 0.403203 48 28 19
-0.006908 0.125664 0.378526 160 155 144
-0.006925 0.124945 0.378928 160 153 141
-0.006559 0.123965 0.379446 160 150 135
-0.000705 0.109601 0.400185 173 138 92
-0.000306 0.109423 0.401018 177 143 95
0.000149 0.109243 0.401720 180 147 100
-0.008057 0.125249 0.378464 163 159 146
-0.007780 0.124334 0.379008 145 138 127
-0.007522 0.123347 0.379414 120 109 96
-0.002174 0.109645 0.398849 166 133 93
-0.001821 0.109593 0.399997 177 144 96
-0.001248 0.109363 0.400922 180 146 97
-0.008826 0.123813 0.379167 156 148 135
-0.008428 0.123000 0.379540 148 139 123
-0.008284 0.122061 0.380072 137 127 108
-0.004211 0.110736 0.395614 171 136 87
-0.003900 0.110294 0.396971 174 139 92
-0.003577 0.109971 0.397809 132 105 73
-0.003016 0.109659 0.398964 124 98 70
-0.002622 0.109542 0.399751 179 149 101
-0.009595 0.122668 0.379821 161 149 132
-0.009230 0.121535 0.380497 159 143 119
-0.009307 0.120479 0.381171 144 123 98
-0.005843 0.111793 0.393631 168 134 89
-0.005573 0.111359 0.394713 172 138 91
-0.005194 0.110931 0.395628 173 139 91
-0.004586 0.110534 0.396737 174 141 93
-0.004276 0.110167 0.397826 172 139 92
-0.004103 0.109631 0.398726 73 43 31
-0.010671 0.121812 0.380157 165 150 123
-0.010547 0.121281 0.380715 163 142 115
-0.010274 0.120293 0.381508 160 134 99
-0.010126 0.119348 0.382287 149 122 85
-0.009794 0.118514 0.383113 88 71 52
-0.009722 0.117853 0.383881 77 60 46
-0.009386 0.116840 0.385208 169 138 95
-0.009056 0.116233 0.386354 169 136 93
-0.008741 0.115663 0.387286 169 136 91
-0.008436 0.114927 0.388446 170 137 92
-0.008125 0.114242 0.389402 171 138 92
-0.007918 0.113633 0.390435 171 138 92
-0.007514 0.112937 0.391594 131 103 70
-0.007076 0.112326 0.392588 96 74 56
-0.006770 0.111908 0.393702 163 132 90
-0.006356 0.111512 0.394717 174 142 94
-0.006132 0.111126 0.395654 176 141 92
-0.011396 0.120881 0.380978 166 142 105
-0.011192 0.120016 0.381925 166 138 99
-0.011136 0.119196 0.382739 165 136 95
-0.010879 0.118393 0.383512 142 113 75
-0.010544 0.117484 0.384583 82 65 48
-0.010198 0.116803 0.385452 129 104 75
-0.009922 0.116197 0.386500 173 142 97
-0.009624 0.115602 0.387609 173 142 96
-0.009311 0.115034 0.388677 175 144 97
-0.008832 0.114379 0.389623 173 140 94
-0.008584 0.113860 0.390660 173 140 93
-0.008321 0.113150 0.391848 166 133 88
-0.007636 0.111814 0.393058 2 0 0
-0.011507 0.118055 0.384217 160 127 81
-0.011411 0.117501 0.384766 103 78 52
-0.011048 0.116529 0.385929 75 59 44
-0.010921 0.116392 0.386316 143 116 82
0.048290 0.124378 0.418252 0 0 0
0.043772 0.132165 0.407981 167 150 125
0.044065 0.131596 0.408694 166 147 121
0.044464 0.130812 0.409631 173 149 116
0.044544 0.130109 0.410853 174 148 111
0.044664 0.129712 0.411615 177 152 111
0.047178 0.125018 0.417804 68 62 53
0.047369 0.124287 0.417876 44 45 41
0.041806 0.133628 0.404699 153 143 125
0.042448 0.132874 0.405483 139 124 109
0.042951 0.132509 0.406332 153 136 121
0.043472 0.131813 0.407491 166 148 126
0.043864 0.130996 0.408247 169 147 121
0.044177 0.130104 0.409203 172 149 116
0.044210 0.129308 0.410292 168 141 107
0.044069 0.128851 0.411490 160 129 94
0.043862 0.128588 0.412409 162 131 95
0.045392 0.125225 0.417042 131 115 82
0.045998 0.124675 0.417525 82 71 56
0.046464 0.123888 0.417804 40 40 38
0.039700 0.135156 0.402105 161 151 139
0.040279 0.134549 0.402625 154 143 133
0.040958 0.133883 0.403293 150 138 127
0.041634 0.133335 0.404294 141 125 112
0.041972 0.132737 0.404665 145 132 119
0.043739 0.128479 0.410540 76 63 52
0.043437 0.127991 0.411235 114 95 76
0.043214 0.127883 0.412472 152 128 100
0.044508 0.124652 0.416839 127 107 79
0.045145 0.123972 0.417410 65 59 51
0.045710 0.123445 0.417707 45 46 43
0.039020 0.134703 0.401489 161 151 136
0.039653 0.134259 0.401994 156 144 130
0.042657 0.127268 0.411234 169 151 129
0.042389 0.126904 0.412315 166 148 126
0.042196 0.126543 0.413205 162 145 121
0.042868 0.124220 0.415668 142 123 93
0.043551 0.124060 0.416390 126 105 77
0.043760 0.123412 0.417166 39 38 37
0.037523 0.134673 0.400367 147 137 126
0.038276 0.134297 0.400861 132 119 105
0.041867 0.126050 0.412165 169 152 132
0.041600 0.125534 0.413325 154 135 113
0.041720 0.124963 0.414116 148 127 103
0.042409 0.124242 0.415262 139 118 93
0.042390 0.123296 0.416448 106 100 90
0.042846 0.123170 0.416809 64 65 59
0.036188 0.134824 0.399498 161 154 142
0.036661 0.134372 0.399875 157 148 137
0.040485 0.123854 0.413839 177 163 145
0.041032 0.123437 0.415254 173 161 144
0.041576 0.123217 0.415937 157 150 134
0.034404 0.134851 0.398638 159 151 140
0.035005 0.134503 0.399027 158 150 140
0.035683 0.133703 0.399344 158 149 138
0.039284 0.123821 0.413145 185 165 139
0.039484 0.123772 0.414039 190 176 153
0.040159 0.123755 0.414923 186 172 153
0.033696 0.134385 0.398404 157 149 138
0.034158 0.134099 0.398717 156 147 136
0.038577 0.123394 0.413063 186 166 138
0.038500 0.123404 0.414015 191 173 146
0.032617 0.133960 0.398217 157 149 136
0.033050 0.133417 0.398429 155 145 133
0.037316 0.122625 0.412870 122 96 75
0.037263 0.122692 0.413892 144 117 90
0.031477 0.133287 0.397978 156 147 135
0.031989 0.132844 0.398196 155 146 134
0.036376 0.122187 0.412725 103 81 62
0.036187 0.122054 0.413840 115 92 68
0.036110 0.121837 0.414645 91 75 51
0.029746 0.133337 0.397160 156 147 135
0.030386 0.132829 0.397609 155 146 133
0.031103 0.132037 0.397749 159 149 136
0.035287 0.121599 0.412658 176 142 98
0.035205 0.121514 0.413715 181 152 107
0.034967 0.121318 0.414482 190 164 118
0.028862 0.132831 0.396783 156 147 134
0.029580 0.132190 0.397044 154 144 130
0.034055 0.121001 0.412659 180 149 105
0.033959 0.120857 0.413714 183 154 111
0.034052 0.120834 0.414480 187 160 117
0.027404 0.132779 0.395816 158 150 134
0.027942 0.132222 0.396126 152 142 128
0.032827 0.120291 0.412514 179 147 103
0.032947 0.120256 0.413572 182 153 110
0.033079 0.120264 0.414454 188 162 119
0.026608 0.132413 0.395340 132 122 107
0.027410 0.131737 0.395660 106 93 81
0.031940 0.119710 0.412406 177 145 101
0.031852 0.119689 0.413425 182 154 111
0.031865 0.119633 0.414333 189 164 121
0.025014 0.132520 0.394599 153 142 124
0.025668 0.131929 0.394878 153 141 123
0.030841 0.119244 0.412346 173 140 98
0.030500 0.119096 0.413391 182 153 108
0.023354 0.132342 0.393610 152 140 120
0.024022 0.132023 0.394133 151 138 119
0.024671 0.131367 0.394488 152 139 120
0.029269 0.118536 0.412292 86 68 53
0.029511 0.118601 0.413201 131 106 76
0.022452 0.132048 0.393373 149 134 112
0.023054 0.131361 0.393680 149 135 113
0.028398 0.118222 0.412225 95 76 59
0.028158 0.118133 0.412879 101 79 62
0.013493 0.149524 0.367309 161 153 135
0.013751 0.149085 0.367949 157 146 127
0.014083 0.148297 0.368901 152 142 124
0.014275 0.147710 0.369846 159 153 139
0.020852 0.132113 0.392421 147 131 107
0.021458 0.131602 0.392818 146 130 106
0.022178 0.130902 0.393303 147 129 106
0.027210 0.117628 0.412134 173 142 99
0.027291 0.117751 0.412999 171 141 99
0.012892 0.149204 0.366635 158 146 127
0.013580 0.148957 0.367807 152 139 120
0.013896 0.148228 0.368742 148 135 116
0.014020 0.147153 0.369952 162 158 146
0.013773 0.146764 0.370445 179 180 172
0.019381 0.132117 0.391248 146 128 103
0.019986 0.131631 0.391839 146 128 102
0.020836 0.130912 0.392362 147 129 101
0.026209 0.117177 0.412022 174 142 97
0.026024 0.117025 0.412686 181 151 104
0.011706 0.148849 0.366370 161 151 135
0.012820 0.146594 0.370095 162 162 155
0.013008 0.145889 0.370153 175 174 167
0.015515 0.138081 0.382106 185 173 144
0.015856 0.137196 0.382652 180 165 135
0.016129 0.136651 0.383683 176 160 132
0.016439 0.135723 0.384897 165 148 119
0.016710 0.134970 0.385884 130 112 91
0.017008 0.134386 0.386708 118 101 83
0.017412 0.133572 0.387643 146 129 103
0.017753 0.132932 0.388738 142 126 103
0.018348 0.132353 0.389890 142 124 102
0.018888 0.131759 0.390683 144 125 100
0.019181 0.130938 0.391433 144 124 98
0.019387 0.130167 0.392554 147 129 104
0.019165 0.129250 0.393570 123 110 91
0.024992 0.116392 0.411988 172 140 96
0.024693 0.116438 0.412613 162 129 90
0.010660 0.148139 0.366351 158 149 133
0.011513 0.145917 0.370100 149 148 138
0.011800 0.145358 0.370197 160 161 153
0.012798 0.141234 0.375887 168 141 92
0.013119 0.140845 0.376434 170 144 97
0.013507 0.140224 0.377527 168 141 95
0.014037 0.139541 0.378737 174 149 106
0.014451 0.138930 0.379670 174 151 111
0.014863 0.138261 0.380518 176 154 117
0.015277 0.137495 0.381483 173 150 119
0.015526 0.136910 0.382474 170 150 120
0.015922 0.136130 0.383523 166 146 115
0.016301 0.135431 0.384547 159 140 112
0.016533 0.134766 0.385550 131 112 90
0.016754 0.134140 0.386532 117 100 82
0.017062 0.133410 0.387435 124 106 89
0.017504 0.132563 0.388623 137 119 97
0.017623 0.131903 0.389559 135 116 94
0.017779 0.131249 0.390552 139 120 95
0.018049 0.130706 0.391506 140 121 94
0.018331 0.129791 0.392600 134 119 96
0.018517 0.129076 0.393570 129 115 93
0.023865 0.116033 0.411944 95 82 71
0.024041 0.115909 0.412608 106 89 76
0.009638 0.147385 0.366366 156 144 123
0.010728 0.145667 0.370090 143 141 130
0.010650 0.144673 0.370306 142 144 135
0.011181 0.142350 0.373553 159 125 74
0.011694 0.141710 0.374438 157 124 72
0.012081 0.141150 0.375171 156 124 74
0.012787 0.140465 0.376350 157 126 78
0.013321 0.139628 0.377144 161 131 84
0.014795 0.135576 0.383658 150 129 101
0.015062 0.135026 0.384485 148 126 96
0.015345 0.134209 0.385607 117 97 76
0.015622 0.133661 0.386463 119 96 72
0.015881 0.132655 0.387318 118 95 70
0.016544 0.131758 0.388331 111 94 71
0.016971 0.130831 0.389415 113 95 69
0.016952 0.130715 0.391296 134 117 91
0.016936 0.130526 0.391199 150 131 102
0.017219 0.129074 0.392568 128 109 82
0.017393 0.128556 0.393363 121 103 77
0.017998 0.127672 0.394506 122 103 75
0.022538 0.115496 0.411732 102 86 73
0.008748 0.146695 0.366360 154 140 116
0.008190 0.146569 0.367005 159 136 100
0.009502 0.143903 0.370320 111 103 89
0.009547 0.143133 0.371393 142 113 72
0.009989 0.142623 0.372205 148 114 67
0.010903 0.141920 0.373465 152 116 64
0.011198 0.141679 0.373973 152 117 65
0.013443 0.134669 0.383476 146 123 91
0.013646 0.134135 0.384430 137 114 85
0.013900 0.133456 0.385377 121 103 77
0.014312 0.132861 0.386106 124 104 77
0.015871 0.128881 0.391879 138 118 90
0.015987 0.128498 0.392382 126 107 78
0.016193 0.127748 0.393441 119 99 72
0.016361 0.127083 0.394233 123 99 69
0.021505 0.115043 0.411662 175 144 100
0.021905 0.115230 0.412419 172 138 93
0.007753 0.145833 0.366402 158 139 107
0.007287 0.145932 0.366906 161 134 93
0.009176 0.143339 0.370197 99 90 76
0.009173 0.143036 0.370830 127 108 84
0.011554 0.135045 0.382271 149 125 92
0.012237 0.134332 0.383362 147 123 90
0.012324 0.133456 0.384492 133 111 80
0.012785 0.132649 0.385388 127 106 77
0.013169 0.132012 0.386252 123 104 80
0.013346 0.131139 0.386938 138 116 85
0.014556 0.128376 0.391811 121 102 77
0.014818 0.127917 0.392257 123 104 76
0.015153 0.127169 0.393285 119 96 67
0.015326 0.126280 0.394415 132 106 72
0.020311 0.114434 0.410430 174 140 95
0.020351 0.114582 0.411404 180 149 103
0.006446 0.145180 0.366853 157 128 84
0.009930 0.135375 0.380646 149 128 99
0.010094 0.134754 0.381143 152 131 100
0.010530 0.134317 0.382277 148 125 92
0.011170 0.133476 0.383289 143 119 84
0.011491 0.132830 0.384230 135 111 80
0.011824 0.132177 0.384921 132 107 76
0.011979 0.131400 0.385946 133 107 73
0.012035 0.130753 0.386794 138 118 89
0.013830 0.127367 0.392222 118 101 73
0.013894 0.126750 0.393156 119 97 68
0.019244 0.114067 0.410457 177 146 101
0.019201 0.114123 0.411310 181 151 105
0.005379 0.144494 0.367050 156 122 73
0.008650 0.134934 0.380753 146 128 97
0.009312 0.134581 0.381119 148 126 96
0.009830 0.133849 0.382061 147 124 93
0.010195 0.133082 0.383144 138 112 81
0.010303 0.132502 0.384107 136 111 79
0.010599 0.131837 0.385062 132 107 78
0.012587 0.127682 0.391971 111 95 67
0.012763 0.126805 0.392280 98 85 65
0.013027 0.126238 0.392949 123 98 68
0.018063 0.113601 0.410252 176 144 100
0.017986 0.113657 0.411242 183 155 109
0.004423 0.143644 0.367105 156 120 68
0.008450 0.134412 0.380242 149 126 100
0.008190 0.133997 0.381202 141 119 91
0.008636 0.133317 0.381908 139 116 86
0.009023 0.132714 0.382955 139 115 84
0.009334 0.131765 0.384098 131 105 73
0.009666 0.131255 0.384753 125 103 75
0.009941 0.130319 0.385207 120 102 74
0.011283 0.126823 0.391319 99 86 65
0.011533 0.126200 0.392013 104 87 64
0.011815 0.125522 0.392688 119 94 63
0.016970 0.113017 0.410177 165 136 99
0.016628 0.113104 0.411138 180 151 108
0.003367 0.143011 0.367223 159 124 71
0.002894 0.142673 0.367538 158 122 67
0.006860 0.133764 0.380485 144 119 92
0.007114 0.133140 0.380886 138 116 88
0.007534 0.132607 0.381862 140 115 85
0.007858 0.131973 0.383074 138 115 85
0.008188 0.130742 0.384108 130 106 76
0.008965 0.130560 0.384711 126 101 70
0.009823 0.126722 0.390313 91 80 63
0.010114 0.126146 0.390913 96 82 62
0.010408 0.125508 0.391899 110 90 64
0.010749 0.125035 0.392782 123 97 65
0.015700 0.112606 0.410214 103 83 67
0.015963 0.112694 0.410969 122 94 67
0.002850 0.142231 0.366883 162 129 75
0.002244 0.141977 0.367473 160 126 72
0.005986 0.133056 0.380079 132 109 79
0.005946 0.132480 0.380832 134 111 81
0.006315 0.132015 0.381610 137 113 85
0.006592 0.131189 0.382506 135 113 83
0.007316 0.130669 0.383516 129 107 81
0.007817 0.127788 0.387856 137 116 83
0.008201 0.126909 0.389147 131 107 74
0.008550 0.126083 0.389957 87 77 60
0.008876 0.125782 0.390856 96 81 61
0.009231 0.124851 0.391861 120 96 66
0.009453 0.124378 0.392819 121 96 62
0.014519 0.112168 0.410068 167 139 100
0.014989 0.112295 0.410702 120 96 70
0.001410 0.141187 0.367887 164 131 80
0.001291 0.140537 0.368477 159 128 80
0.001321 0.139683 0.369439 153 121 74
0.001406 0.139287 0.370586 150 118 72
0.001675 0.138506 0.371886 146 117 73
0.001980 0.137870 0.372811 146 118 75
0.002275 0.137140 0.373957 145 116 76
0.004759 0.132343 0.379893 130 107 79
0.004932 0.132107 0.380704 132 111 85
0.005269 0.131150 0.381657 131 107 79
0.005714 0.130472 0.382480 136 115 86
0.006016 0.129820 0.383514 137 114 86
0.005895 0.129456 0.384584 141 122 94
0.006237 0.128224 0.386283 134 114 86
0.006583 0.127612 0.386883 125 105 77
0.006853 0.127211 0.387649 132 110 78
0.007179 0.126494 0.388776 105 90 68
0.007660 0.125822 0.389786 105 88 65
0.008048 0.125160 0.390754 114 93 66
0.008332 0.124580 0.391276 126 100 67
0.012998 0.111874 0.409170 178 147 102
0.013244 0.111820 0.409765 184 154 108
0.000927 0.140053 0.368579 170 143 96
0.001002 0.139459 0.369554 161 131 86
0.001305 0.138839 0.370465 154 124 80
0.001588 0.138019 0.371545 152 124 83
0.001817 0.137225 0.372632 153 127 88
0.002077 0.136565 0.373609 153 126 87
0.002188 0.135939 0.374524 154 127 89
0.002404 0.134982 0.375595 150 121 82
0.002563 0.134078 0.376550 127 96 63
0.002774 0.133366 0.377580 117 88 59
0.003022 0.132749 0.378505 118 89 62
0.003293 0.132048 0.379461 125 97 71
0.003547 0.131643 0.380434 133 110 85
0.003820 0.130433 0.381538 138 117 93
0.004114 0.129931 0.382620 142 121 95
0.004573 0.129251 0.383688 143 122 96
0.005108 0.128800 0.384873 138 117 89
0.005249 0.128066 0.385590 122 103 79
0.005470 0.127359 0.386679 114 95 71
0.005840 0.126671 0.387559 111 92 68
0.006344 0.126001 0.388759 119 97 70
0.006825 0.125234 0.389787 119 97 67
0.007143 0.124903 0.390169 118 98 76
0.011772 0.111500 0.409191 181 150 104
0.012248 0.111525 0.409636 184 155 108
0.002676 0.132854 0.377764 133 104 61
0.002859 0.132412 0.378175 125 94 59
0.002651 0.131694 0.379990 135 114 89
0.002910 0.131072 0.380332 137 118 96
0.003219 0.130391 0.381636 136 117 93
0.003228 0.129523 0.382531 137 118 92
0.003708 0.128867 0.383643 138 117 89
0.004058 0.128052 0.384682 129 108 81
0.004360 0.127462 0.385731 122 100 74
0.004782 0.126795 0.386311 103 85 65
0.004992 0.126270 0.387321 107 89 67
0.005373 0.125502 0.388563 127 101 72
0.011100 0.111116 0.407796 177 141 95
0.010998 0.111189 0.408996 183 151 103
0.011082 0.111293 0.409566 183 151 103
0.001287 0.131171 0.379879 139 123 105
0.001686 0.130386 0.380169 141 126 109
0.002381 0.129994 0.381562 141 123 100
0.002993 0.128591 0.382569 145 126 102
0.002900 0.128228 0.383804 140 119 92
0.003128 0.127566 0.384443 132 107 81
0.003420 0.126721 0.385321 116 94 71
0.009377 0.110383 0.407673 111 86 69
0.009601 0.110610 0.408409 155 127 91
0.000117 0.130555 0.379579 144 131 115
0.000651 0.129808 0.379964 146 133 117
0.008364 0.110395 0.407770 106 85 67
0.008649 0.110361 0.408350 87 67 53
-0.001099 0.130332 0.379234 146 134 118
-0.000522 0.129338 0.379713 148 137 122
0.006919 0.110325 0.406441 163 124 80
0.007397 0.110186 0.407468 165 132 90
0.007748 0.110169 0.408422 162 130 91
-0.002486 0.130066 0.378728 148 137 121
-0.002149 0.129530 0.379084 148 137 123
-0.001455 0.128638 0.379489 151 141 126
0.005772 0.110024 0.406510 176 141 94
0.006238 0.110062 0.407075 183 150 105
-0.003435 0.129528 0.378587 150 141 127
-0.003175 0.128858 0.378938 150 140 128
-0.002532 0.127974 0.379222 152 144 131
0.004391 0.109489 0.405155 127 92 67
0.004587 0.109688 0.406145 167 135 94
0.004908 0.109739 0.407040 186 158 106
-0.004709 0.128820 0.378513 149 140 128
-0.004309 0.128214 0.378795 150 141 129
0.003374 0.109532 0.405190 100 82 67
0.003782 0.109595 0.406039 89 69 57
-0.005862 0.128215 0.378377 151 143 131
-0.005408 0.127652 0.378661 151 141 130
0.001665 0.109444 0.404187 114 90 70
0.002397 0.109445 0.404975 168 135 91
-0.006794 0.127685 0.378345 152 144 133
-0.006531 0.127081 0.378626 151 142 132
-0.006394 0.125958 0.378908 152 144 134
0.000401 0.109424 0.402768 174 141 94
0.000812 0.109406 0.403776 142 113 79
0.001294 0.109078 0.404519 8 0 0
-0.008075 0.127122 0.378253 154 148 137
-0.007801 0.126619 0.378618 152 144 134
-0.007254 0.125574 0.378899 151 144 134
-0.001032 0.109731 0.402020 176 141 94
-0.000616 0.109642 0.402784 179 147 98
-0.000155 0.109559 0.403663 182 151 102
-0.008892 0.126758 0.378190 156 151 139
-0.008732 0.126055 0.378660 153 146 137
-0.008378 0.125001 0.378968 151 144 135
-0.002501 0.109754 0.400731 180 148 100
-0.002022 0.109669 0.401619 179 146 98
-0.001304 0.109341 0.402452 186 159 107
-0.009753 0.125351 0.378791 153 147 138
-0.009511 0.124555 0.379120 152 145 136
-0.003767 0.109917 0.399471 96 75 58
-0.003282 0.109810 0.400767 160 132 93
-0.002946 0.109705 0.401691 186 156 107
-0.010848 0.124830 0.378902 159 153 143
-0.010619 0.124037 0.379393 154 145 135
-0.010357 0.122935 0.379846 154 140 125
-0.005780 0.111131 0.396346 173 137 87
-0.005544 0.110801 0.397594 175 140 93
-0.004877 0.110302 0.398657 175 142 96
-0.004473 0.110153 0.399634 113 94 70
-0.004249 0.109543 0.400505 0 0 0
-0.011866 0.123569 0.379503 155 146 134
-0.011419 0.122371 0.380031 157 141 119
-0.011327 0.121261 0.380865 158 131 101
-0.008023 0.112850 0.392684 89 72 55
-0.007514 0.112054 0.394337 154 123 84
-0.007132 0.111775 0.395372 173 138 91
-0.006636 0.111330 0.396330 176 141 92
-0.006422 0.111139 0.397510 175 142 94
-0.006204 0.110606 0.398379 181 151 103
-0.012580 0.122850 0.379733 96 83 73
-0.012661 0.122226 0.380280 112 95 75
-0.012286 0.121153 0.381073 155 131 98
-0.011935 0.120166 0.382020 167 138 100
-0.011773 0.119448 0.382890 165 133 91
-0.011607 0.118707 0.383643 159 124 82
-0.011386 0.117800 0.384881 134 100 66
-0.010965 0.116916 0.386005 81 66 53
-0.010665 0.116249 0.387222 169 136 94
-0.010292 0.115669 0.388172 172 140 96
-0.010045 0.115253 0.389166 174 141 96
-0.009671 0.114717 0.390120 172 140 95
-0.009483 0.114102 0.391194 164 130 87
-0.009101 0.113490 0.392284 147 113 76
-0.008724 0.112891 0.393559 108 86 63
-0.008267 0.112316 0.394351 93 74 54
-0.008075 0.112059 0.395231 170 137 92
-0.013289 0.121620 0.380685 56 45 33
-0.013174 0.120905 0.381537 125 101 72
-0.013344 0.120281 0.382355 154 128 94
-0.013043 0.119526 0.383299 171 144 101
-0.012659 0.118686 0.384248 165 133 89
-0.012316 0.117861 0.385278 150 118 77
-0.012152 0.117206 0.386279 81 64 48
-0.011611 0.116439 0.387239 123 100 72
-0.011367 0.116044 0.388096 173 143 100
-0.010858 0.115413 0.389301 176 146 101
-0.010515 0.114816 0.390197 178 149 103
-0.010193 0.114109 0.391593 128 105 71
-0.012534 0.116643 0.386535 0 0 0
-0.012615 0.116105 0.387674 3 0 0
0.044348 0.133287 0.408970 168 157 128
0.044630 0.133019 0.409639 166 157 134
0.044847 0.132395 0.410460 173 151 114
0.045075 0.131621 0.411580 173 145 102
0.043086 0.133354 0.407674 150 137 120
0.043610 0.133120 0.408440 135 121 107
0.044243 0.132549 0.409207 153 134 115
0.044589 0.131819 0.410338 169 141 105
0.044700 0.130947 0.411269 173 141 99
0.044709 0.130430 0.412291 172 140 97
0.044478 0.129906 0.413275 170 136 96
0.045955 0.126519 0.417864 123 108 87
0.046464 0.125952 0.417916 76 68 56
0.040539 0.135912 0.403755 168 162 154
0.040993 0.134992 0.404553 101 84 76
0.041344 0.134506 0.405068 139 126 108
0.041972 0.133973 0.406082 118 104 92
0.042577 0.133499 0.407021 130 114 105
0.043206 0.132506 0.407884 154 137 120
0.044300 0.129525 0.412301 171 140 99
0.044075 0.129063 0.413280 172 142 102
0.043753 0.128760 0.414129 164 134 98
0.045239 0.126207 0.417805 77 68 55
0.045585 0.125610 0.417978 39 38 36
0.039416 0.136017 0.402271 164 156 141
0.040186 0.135558 0.403164 146 133 119
0.040723 0.135045 0.404054 137 127 116
0.041081 0.134516 0.404719 113 96 85
0.043366 0.128308 0.413601 160 132 101
0.042969 0.127916 0.414016 161 137 108
0.043356 0.126254 0.416885 142 122 87
0.044217 0.125707 0.417463 99 84 65
0.044554 0.124941 0.417922 47 48 46
0.038193 0.136161 0.401339 164 157 145
0.038828 0.135796 0.401903 160 151 140
0.039500 0.135296 0.402423 132 120 108
0.042287 0.127147 0.414015 158 139 114
0.042039 0.126543 0.415132 146 127 103
0.042457 0.125750 0.416251 132 113 90
0.042837 0.125042 0.417337 96 88 76
0.043343 0.124440 0.417731 46 46 44
0.036824 0.135874 0.400181 166 161 148
0.037339 0.135789 0.400798 158 150 140
0.038084 0.135170 0.401204 150 140 131
0.041691 0.126074 0.414064 151 132 110
0.041676 0.125816 0.414781 146 126 103
0.042088 0.125315 0.415730 134 114 92
0.042086 0.124259 0.417373 123 120 109
0.042523 0.124066 0.417505 75 73 69
0.035839 0.135787 0.399976 160 152 142
0.036502 0.135403 0.400282 159 151 141
0.040420 0.124180 0.416068 183 170 152
0.041025 0.124064 0.416662 173 164 148
0.034187 0.135654 0.399127 158 150 140
0.034716 0.135455 0.399318 157 149 141
0.038924 0.124067 0.415009 192 168 135
0.039366 0.124146 0.415652 192 176 151
0.033387 0.135088 0.398709 158 149 138
0.033965 0.135119 0.399072 158 151 141
0.038150 0.123582 0.414895 189 163 130
0.038028 0.123690 0.415572 191 166 129
0.031562 0.135332 0.398142 158 149 138
0.032196 0.134827 0.398338 155 147 136
0.037006 0.122954 0.414689 122 94 72
0.036951 0.123077 0.415474 144 116 86
0.030824 0.134898 0.397924 158 150 139
0.031182 0.134209 0.398038 157 149 137
0.036119 0.122497 0.414712 87 68 54
0.035901 0.122448 0.415497 93 74 57
0.029643 0.134252 0.397529 157 149 138
0.030243 0.133613 0.397656 154 145 134
0.035002 0.121800 0.414579 165 130 89
0.034981 0.121789 0.415363 185 156 112
0.027977 0.134407 0.396586 158 150 138
0.028597 0.133799 0.396988 157 148 136
0.033545 0.120978 0.414509 184 155 113
0.033651 0.121093 0.415213 188 161 120
0.026606 0.134291 0.395633 161 154 139
0.027220 0.133698 0.396076 157 149 135
0.027873 0.133174 0.396390 157 146 133
0.032608 0.120543 0.415231 188 162 121
0.024909 0.134416 0.394732 158 149 132
0.025663 0.133833 0.395230 155 146 131
0.026296 0.133477 0.395625 152 142 129
0.031476 0.119833 0.414123 183 153 110
0.031617 0.120003 0.415105 186 158 116
0.024160 0.133926 0.394339 153 143 125
0.024842 0.133332 0.394790 151 140 124
0.030172 0.119221 0.414028 159 124 90
0.030352 0.119371 0.414828 183 153 110
0.023139 0.133332 0.393912 148 136 117
0.023815 0.133126 0.394483 149 136 119
0.029048 0.118834 0.414075 100 80 64
0.029363 0.118981 0.414783 145 117 84
0.021695 0.133573 0.393118 147 133 113
0.022117 0.132956 0.393415 147 133 112
0.027968 0.118445 0.413863 102 80 63
0.028005 0.118527 0.414608 127 111 101
0.013316 0.149831 0.367576 165 159 139
0.013560 0.149366 0.368269 157 145 127
0.013914 0.148614 0.369313 154 143 126
0.014134 0.148018 0.370085 160 154 141
0.020128 0.133580 0.392145 144 129 107
0.020777 0.132965 0.392536 144 129 107
0.021396 0.132358 0.392914 145 130 108
0.026781 0.118076 0.412824 177 145 99
0.027014 0.118036 0.414000 172 142 100
0.026946 0.118032 0.414658 184 154 104
0.012325 0.149963 0.367433 166 154 135
0.012698 0.149596 0.368415 162 152 135
0.013007 0.148771 0.369530 161 154 140
0.013392 0.147847 0.370300 165 163 153
0.013573 0.147157 0.370682 181 182 174
0.018620 0.133723 0.390856 142 128 107
0.019425 0.133187 0.391527 143 128 106
0.020086 0.132608 0.392062 143 127 104
0.025929 0.117534 0.413808 177 144 99
0.011231 0.149598 0.367397 166 154 135
0.011392 0.149314 0.368521 163 153 136
0.011825 0.148372 0.369639 161 155 142
0.012262 0.147327 0.370266 162 162 154
0.012284 0.146516 0.370748 178 180 173
0.014815 0.139371 0.381467 184 171 143
0.015164 0.138772 0.382234 184 170 144
0.015593 0.137872 0.383198 179 165 138
0.015852 0.137290 0.384311 174 159 133
0.016108 0.136541 0.385354 165 151 124
0.016397 0.135665 0.386302 148 133 109
0.016762 0.135002 0.387125 148 133 107
0.016903 0.134651 0.388390 142 127 106
0.017519 0.133821 0.389466 140 125 105
0.018199 0.133190 0.390393 142 126 105
0.018131 0.132604 0.391296 140 125 103
0.017932 0.131786 0.392371 137 122 99
0.018256 0.131024 0.393011 142 127 102
0.018664 0.130209 0.394314 127 114 94
0.024557 0.116806 0.413726 160 127 88
0.010286 0.148918 0.367507 163 151 129
0.010163 0.148741 0.368195 162 149 129
0.010725 0.147751 0.369723 155 146 130
0.011089 0.146735 0.370291 155 153 142
0.011086 0.145997 0.370786 168 169 161
0.012430 0.142003 0.376484 166 136 86
0.012817 0.141500 0.377264 167 139 92
0.013090 0.140962 0.378209 165 138 94
0.013664 0.140378 0.379474 174 151 113
0.014057 0.139787 0.380401 175 154 120
0.014449 0.139236 0.381307 174 156 127
0.014891 0.138500 0.382291 173 156 129
0.015143 0.137943 0.383210 168 151 125
0.015465 0.137120 0.384279 161 143 117
0.015806 0.136278 0.385501 150 133 111
0.016076 0.135570 0.386265 142 125 106
0.016372 0.134943 0.387214 137 121 103
0.016680 0.134283 0.388233 140 124 103
0.016937 0.133462 0.389427 138 122 100
0.017172 0.132897 0.390221 138 122 99
0.017327 0.132024 0.391274 139 122 97
0.017498 0.131325 0.392277 136 119 95
0.017770 0.130806 0.393227 136 122 99
0.018104 0.130021 0.394106 135 121 98
0.023136 0.116570 0.412347 55 49 45
0.023612 0.116511 0.413560 78 67 60
0.009336 0.147974 0.367268 161 146 120
0.009031 0.148054 0.367983 161 145 119
0.009576 0.147617 0.369215 156 142 114
0.009982 0.146227 0.370473 150 144 129
0.009924 0.145507 0.370760 146 140 125
0.010408 0.143471 0.373389 157 121 68
0.010889 0.143002 0.374348 156 122 69
0.011247 0.142581 0.374973 156 121 69
0.011779 0.142138 0.376088 156 122 70
0.012424 0.141401 0.377121 155 124 75
0.012610 0.141220 0.377895 159 127 78
0.014192 0.136348 0.384218 147 128 102
0.014584 0.135813 0.385175 147 126 98
0.014880 0.135103 0.386258 134 116 91
0.015184 0.134418 0.386876 127 105 79
0.015617 0.133711 0.387610 119 98 73
0.015801 0.131401 0.391774 137 117 88
0.016231 0.130951 0.392342 137 117 88
0.016566 0.130040 0.393175 133 114 85
0.016618 0.129395 0.394020 143 115 78
0.022407 0.116020 0.412602 73 63 57
0.022158 0.115895 0.413284 87 72 62
0.008188 0.147106 0.367195 163 143 110
0.008014 0.147239 0.367893 159 138 104
0.008904 0.145802 0.370736 144 115 83
0.009033 0.144944 0.370942 125 108 84
0.009133 0.144107 0.371837 144 108 62
0.009758 0.143571 0.373018 149 111 59
0.010365 0.142972 0.373856 151 113 60
0.010482 0.143010 0.374852 152 114 59
0.012547 0.136364 0.383757 147 128 101
0.012699 0.136008 0.384264 146 125 96
0.013146 0.135021 0.385121 133 113 84
0.013497 0.134238 0.386058 127 107 80
0.013990 0.133515 0.386498 121 104 75
0.014744 0.130739 0.391519 137 115 84
0.015158 0.130190 0.392416 135 114 85
0.015311 0.129330 0.393063 126 106 77
0.015636 0.128571 0.393957 122 100 71
0.015856 0.128057 0.394896 126 105 73
0.021045 0.115466 0.412507 166 130 88
0.021227 0.115521 0.413193 170 138 94
0.007008 0.146517 0.367933 157 130 89
0.008620 0.144246 0.371361 137 106 66
0.011366 0.135910 0.383126 147 123 93
0.011558 0.134996 0.384030 145 122 87
0.011963 0.134290 0.385046 134 112 82
0.012595 0.134012 0.385616 128 108 81
0.013151 0.133167 0.386453 110 99 79
0.013718 0.130194 0.391404 139 116 84
0.013763 0.129649 0.392177 136 112 80
0.014303 0.128858 0.393070 127 105 74
0.014755 0.128218 0.394065 120 98 69
0.020096 0.115045 0.412469 176 143 98
0.020030 0.115015 0.412953 184 154 107
0.005943 0.145823 0.367965 155 122 75
0.009684 0.135813 0.381740 149 128 99
0.010362 0.135289 0.382878 145 122 89
0.010418 0.134299 0.383839 138 113 82
0.010903 0.133827 0.384888 132 109 79
0.012773 0.129658 0.391417 137 114 80
0.012776 0.129005 0.391954 134 110 77
0.013095 0.128317 0.392889 121 101 71
0.013542 0.127652 0.393910 137 107 70
0.018886 0.114545 0.412177 179 148 102
0.018877 0.114442 0.412891 189 162 114
0.004950 0.145190 0.368044 154 118 67
0.008671 0.135986 0.381347 146 126 97
0.009062 0.135138 0.381789 148 127 97
0.009215 0.134665 0.382843 140 118 90
0.009719 0.133867 0.383706 140 115 84
0.009784 0.133268 0.384870 137 112 80
0.011546 0.129043 0.391258 138 114 81
0.011600 0.128633 0.391792 140 113 77
0.012120 0.127841 0.392753 119 99 71
0.012456 0.127195 0.393909 134 106 70
0.017657 0.113983 0.412077 182 152 107
0.017788 0.114180 0.412837 186 156 109
0.003902 0.144510 0.368071 154 116 64
0.003558 0.144422 0.368404 154 117 62
0.007875 0.134918 0.380809 144 125 96
0.007813 0.134960 0.381753 141 120 90
0.008135 0.134202 0.382548 139 115 85
0.008537 0.133421 0.383424 138 114 83
0.008915 0.132532 0.384484 137 110 74
0.010009 0.129149 0.390105 138 114 81
0.010289 0.128681 0.391066 138 114 81
0.010653 0.127809 0.391812 119 100 71
0.010942 0.127147 0.392723 118 96 67
0.011084 0.126538 0.393568 130 106 71
0.016458 0.113500 0.411947 174 145 107
0.003035 0.143610 0.367758 156 120 66
0.002735 0.143710 0.368282 155 118 63
0.005797 0.135491 0.380136 144 120 93
0.006341 0.134898 0.380897 139 118 90
0.006546 0.134268 0.381550 138 115 87
0.006942 0.133453 0.382446 139 114 83
0.007252 0.132844 0.383326 145 120 87
0.008674 0.129153 0.389053 143 119 85
0.008864 0.128586 0.389906 142 117 83
0.009291 0.127724 0.391008 112 95 69
0.009522 0.127000 0.391622 103 86 63
0.009878 0.126523 0.392610 120 97 66
0.010072 0.125626 0.393598 129 104 68
0.015034 0.112845 0.411051 89 72 60
0.015421 0.113034 0.411755 125 102 77
0.002339 0.143025 0.367596 159 123 68
0.001663 0.142759 0.368341 159 124 70
0.004749 0.134786 0.379897 136 113 86
0.005104 0.134189 0.380641 136 113 86
0.005521 0.133721 0.381367 135 113 86
0.005820 0.132816 0.382342 138 112 82
0.006186 0.132000 0.383346 144 122 92
0.007192 0.129452 0.387617 145 121 87
0.007535 0.128703 0.388510 142 117 84
0.007626 0.127922 0.389849 128 106 76
0.008043 0.127047 0.390755 102 87 65
0.008602 0.126664 0.391484 101 86 64
0.008544 0.125673 0.392475 125 100 67
0.009092 0.124806 0.393322 125 99 63
0.014158 0.112557 0.410850 146 118 84
0.014100 0.112694 0.411607 151 123 86
0.000795 0.141959 0.368632 164 133 80
0.000707 0.141630 0.369218 160 127 78
0.000908 0.140803 0.370323 148 113 65
0.001124 0.140056 0.371342 145 110 64
0.001468 0.139269 0.372553 142 110 67
0.001741 0.138665 0.373536 140 109 68
0.002001 0.137878 0.374362 141 111 70
0.002207 0.137376 0.375553 137 107 70
0.002484 0.136555 0.376806 105 75 50
0.002846 0.135802 0.377744 120 91 61
0.003082 0.135311 0.378408 124 95 64
0.003542 0.134409 0.379647 124 97 69
0.003962 0.133763 0.380590 128 104 79
0.004437 0.133109 0.381303 133 112 85
0.004242 0.132154 0.382914 139 119 93
0.004971 0.130888 0.384630 149 129 100
0.005314 0.130150 0.385393 142 122 93
0.005636 0.129067 0.386704 136 114 87
0.006223 0.128653 0.387730 136 114 83
0.006441 0.127966 0.388482 131 109 77
0.006740 0.127344 0.389607 119 99 72
0.007208 0.126685 0.390532 116 96 69
0.007293 0.126116 0.391312 129 104 71
0.008044 0.125568 0.391944 128 102 65
0.012892 0.112336 0.410816 181 149 102
0.013201 0.112490 0.411507 188 157 108
0.000429 0.140962 0.369265 165 136 89
0.000439 0.140516 0.370298 161 130 85
0.000726 0.139624 0.371377 157 128 83
0.001022 0.138850 0.372369 156 128 86
0.001412 0.138059 0.373308 154 127 87
0.001645 0.137484 0.374438 153 126 87
0.001944 0.136869 0.375170 149 123 84
0.002259 0.136023 0.376283 128 98 64
0.002483 0.135273 0.377309 111 81 55
0.002795 0.134520 0.378341 127 97 64
0.003093 0.133868 0.379151 122 94 63
0.003070 0.133057 0.380458 126 103 79
0.003247 0.132523 0.381212 132 112 87
0.003284 0.131869 0.382286 132 112 88
0.003718 0.130816 0.383574 139 119 91
0.004091 0.130237 0.384668 140 120 91
0.004465 0.129528 0.385297 135 115 87
0.004776 0.128730 0.386440 130 109 81
0.005201 0.128222 0.387340 127 105 77
0.005519 0.127498 0.388371 130 105 74
0.005980 0.126819 0.389472 127 102 71
0.006140 0.126197 0.390735 134 106 71
0.006952 0.125434 0.390911 128 102 68
0.011645 0.111956 0.410384 180 148 102
0.002148 0.132540 0.380328 132 113 91
0.002199 0.132078 0.381071 136 117 94
0.002657 0.131213 0.382289 134 114 90
0.002996 0.130689 0.383261 137 116 90
0.003192 0.129847 0.384317 136 114 86
0.003536 0.128975 0.385421 133 110 82
0.003930 0.128487 0.386303 133 108 79
0.004299 0.127736 0.387148 133 106 73
0.004320 0.127421 0.388207 133 107 75
0.004915 0.126410 0.389399 139 110 75
0.005222 0.125760 0.389788 137 109 72
0.010458 0.111528 0.409680 182 151 104
0.010389 0.111649 0.410251 184 154 106
0.000344 0.132540 0.379685 134 117 98
0.000981 0.131922 0.379831 134 118 100
0.001523 0.131575 0.381970 153 130 102
0.001824 0.130613 0.382621 137 117 92
0.001994 0.129733 0.383052 137 115 89
0.002195 0.129261 0.384233 134 111 84
0.002460 0.128452 0.385116 131 107 79
0.002766 0.128005 0.386487 138 110 79
0.003049 0.127186 0.386791 141 111 76
0.009312 0.111116 0.409615 159 131 93
0.009296 0.111299 0.410155 181 150 104
-0.000584 0.131903 0.379448 138 123 105
-0.000179 0.131352 0.379515 139 125 108
0.007848 0.110696 0.408288 93 76 65
0.008125 0.110936 0.409187 93 74 61
0.008541 0.111005 0.410171 70 44 39
-0.001728 0.131437 0.379182 141 127 110
-0.001050 0.130977 0.379333 142 130 113
0.006884 0.110524 0.408383 166 132 90
0.007031 0.110681 0.409044 162 131 91
-0.002909 0.130967 0.378912 143 130 114
0.005283 0.110374 0.407277 176 141 94
0.005678 0.110458 0.408026 178 144 96
-0.004453 0.130906 0.378435 143 132 118
-0.003945 0.130396 0.378700 144 133 119
0.004183 0.109975 0.407087 169 136 93
0.004309 0.110213 0.407748 185 154 103
-0.005495 0.130375 0.378343 145 135 121
-0.005048 0.129776 0.378586 147 136 123
0.003246 0.109918 0.406876 104 83 66
0.003468 0.110092 0.407809 163 131 88
-0.006617 0.129783 0.378234 146 137 124
-0.006066 0.129154 0.378449 148 138 125
0.001630 0.109801 0.405817 150 118 83
0.002156 0.109920 0.406564 170 136 91
-0.007585 0.129157 0.378153 149 140 129
-0.007265 0.128608 0.378421 148 139 127
0.000168 0.109754 0.404806 147 118 82
0.000672 0.109812 0.405547 80 64 51
-0.009010 0.128552 0.378093 151 143 133
-0.008370 0.128038 0.378386 151 144 133
-0.001124 0.110018 0.403618 177 143 96
-0.000850 0.109897 0.404624 181 149 102
-0.009496 0.127317 0.378455 150 142 132
-0.009210 0.126446 0.378745 151 144 135
-0.002612 0.110062 0.402569 179 146 99
-0.002179 0.109921 0.403325 181 149 102
-0.001766 0.109915 0.404380 185 157 106
-0.010489 0.126763 0.378561 153 146 135
-0.010295 0.125925 0.378761 151 144 136
-0.004356 0.110166 0.400430 72 61 50
-0.003990 0.110002 0.401446 138 112 81
-0.003767 0.110064 0.402247 177 145 101
-0.003053 0.109889 0.403121 189 161 110
-0.011538 0.126341 0.378761 153 146 138
-0.011423 0.125513 0.379003 153 146 138
-0.006088 0.111216 0.398224 170 134 90
-0.005859 0.110851 0.399253 175 143 98
-0.005324 0.110426 0.400270 148 119 83
-0.004728 0.110199 0.401512 85 71 58
-0.004823 0.110008 0.402270 85 66 47
-0.012435 0.125972 0.378782 160 155 145
-0.012531 0.124928 0.379281 154 146 137
-0.012432 0.123985 0.379517 149 142 130
-0.007824 0.112048 0.396277 174 140 94
-0.007571 0.111843 0.397188 173 140 94
-0.007064 0.111328 0.398170 176 144 98
-0.006511 0.111031 0.399170 178 147 100
-0.006368 0.110932 0.400098 179 147 100
-0.013583 0.124359 0.379466 158 150 138
-0.013340 0.123449 0.379823 148 138 122
-0.013356 0.122459 0.380269 110 91 69
-0.010013 0.114247 0.391881 95 72 57
-0.009848 0.113817 0.392761 107 81 60
-0.009496 0.113187 0.394059 142 114 79
-0.008961 0.112681 0.395014 83 66 52
-0.008674 0.112315 0.395935 140 112 79
-0.008102 0.111929 0.396993 178 147 100
-0.007865 0.111596 0.398134 179 148 101
-0.014253 0.123952 0.379645 162 153 137
-0.014400 0.123157 0.380244 159 146 124
-0.014222 0.122249 0.380803 129 110 83
-0.014021 0.121272 0.381618 78 61 45
-0.013761 0.120477 0.382472 120 95 69
-0.013596 0.119360 0.384149 157 120 78
-0.013470 0.119266 0.384152 159 125 81
-0.013124 0.118266 0.385366 160 124 84
-0.012751 0.117419 0.386513 87 66 48
-0.012436 0.116725 0.387691 78 62 49
-0.011989 0.116265 0.388719 171 141 99
-0.011578 0.115773 0.389980 174 143 98
-0.011256 0.115240 0.390824 174 143 98
-0.010805 0.114533 0.392115 141 111 76
-0.010491 0.114014 0.393056 109 86 61
-0.010046 0.113389 0.394328 156 128 88
-0.009878 0.113024 0.394994 104 84 57
-0.009738 0.112280 0.396103 0 0 0
-0.015023 0.121956 0.381328 163 138 99
-0.014872 0.121256 0.382073 89 71 50
-0.014528 0.120388 0.382992 94 73 52
-0.014417 0.119740 0.383887 151 124 88
-0.014023 0.119147 0.384743 164 133 88
-0.013603 0.118293 0.385795 161 128 87
-0.013371 0.117588 0.386863 119 90 62
-0.013061 0.116948 0.387933 76 61 47
-0.012778 0.116357 0.388928 142 118 83
-0.012439 0.115878 0.390087 180 152 106
0.044061 0.134313 0.409430 118 108 107
0.044500 0.133619 0.409988 143 135 131
0.044761 0.133090 0.411134 160 140 117
0.044913 0.132483 0.412190 168 137 96
0.045026 0.131732 0.413167 134 94 63
0.044906 0.131515 0.414008 171 138 90
0.042748 0.134371 0.408339 98 83 77
0.043346 0.134027 0.408708 113 102 93
0.044124 0.133438 0.409302 115 107 111
0.044672 0.132131 0.411157 169 137 97
0.044631 0.131889 0.411970 164 130 87
0.044792 0.131174 0.413063 155 115 78
0.044507 0.130282 0.413971 144 106 73
0.044253 0.130017 0.414969 152 110 75
0.045508 0.127083 0.417969 100 84 68
0.039450 0.138089 0.402793 182 175 162
0.040003 0.136843 0.404264 114 92 83
0.040403 0.136088 0.404739 160 151 136
0.040913 0.135158 0.406107 119 107 98
0.041294 0.134681 0.407010 123 113 103
0.041969 0.134413 0.407614 119 103 95
0.041646 0.133847 0.408958 145 134 118
0.044004 0.129641 0.414231 162 125 88
0.043636 0.129092 0.414843 167 134 96
0.043478 0.129025 0.415817 177 147 106
0.044010 0.127659 0.417775 140 113 85
0.044738 0.127142 0.417930 80 70 59
0.038734 0.137775 0.402199 170 163 153
0.039323 0.137035 0.402892 169 161 149
0.039965 0.136427 0.403868 130 116 102
0.040313 0.135745 0.404629 138 127 114
0.040460 0.135512 0.405735 104 90 80
0.040667 0.135021 0.407044 116 104 100
0.040931 0.134270 0.408080 134 126 117
0.043024 0.128393 0.414869 161 135 103
0.042685 0.128306 0.415834 159 134 102
0.043182 0.126996 0.417213 136 114 88
0.043802 0.126382 0.417874 83 74 62
0.043886 0.125724 0.418235 53 56 50
0.037318 0.137796 0.401226 168 164 152
0.037940 0.137072 0.401660 163 155 146
0.038507 0.136647 0.402141 164 156 146
0.042286 0.127644 0.414874 157 134 106
0.042153 0.127438 0.415730 148 125 100
0.042574 0.126669 0.416935 136 115 91
0.042674 0.125664 0.418015 96 90 82
0.042916 0.125193 0.418199 30 31 28
0.036363 0.136995 0.400914 160 153 143
0.037082 0.136721 0.401194 160 151 143
0.041589 0.125079 0.417729 159 151 134
0.042331 0.124682 0.418003 62 54 52
0.035281 0.136628 0.400452 161 154 144
0.039792 0.125018 0.416825 193 169 135
0.040323 0.124913 0.417295 190 175 149
0.033623 0.136466 0.399821 161 154 143
0.034136 0.136290 0.399993 159 152 142
0.038984 0.124675 0.416674 185 159 123
0.038988 0.124837 0.417480 149 118 85
0.032868 0.136085 0.399319 156 149 140
0.037858 0.124116 0.416536 192 167 127
0.031329 0.135865 0.398540 160 153 142
0.031721 0.135818 0.398985 158 151 140
0.036702 0.123484 0.416523 136 108 81
0.036691 0.123435 0.417075 148 120 85
0.030424 0.135651 0.398309 158 150 140
0.035529 0.122646 0.416274 108 86 67
0.035362 0.122660 0.417024 149 123 85
0.028723 0.135739 0.397466 160 154 142
0.029270 0.135236 0.397775 158 150 139
0.034569 0.122003 0.416229 189 161 117
0.034520 0.122306 0.417046 196 172 128
0.027297 0.135830 0.396549 163 156 143
0.027766 0.135118 0.396897 158 150 139
0.028602 0.134836 0.397385 156 149 137
0.033554 0.121532 0.416189 190 164 122
0.033510 0.121756 0.416881 193 168 127
0.026302 0.135228 0.396111 156 148 136
0.026764 0.134696 0.396342 156 148 135
0.032365 0.120879 0.416097 190 164 124
0.032522 0.121073 0.416811 194 169 129
0.024828 0.135287 0.395153 153 144 129
0.025376 0.134879 0.395592 154 145 131
0.031285 0.120336 0.416018 189 163 122
0.030890 0.120251 0.416657 197 177 134
0.023495 0.135663 0.394429 155 146 125
0.023887 0.134886 0.394689 150 138 122
0.024584 0.134223 0.395175 150 139 124
0.030004 0.119748 0.415823 179 148 106
0.029911 0.119944 0.416695 190 162 112
0.021533 0.135529 0.393348 148 136 117
0.022293 0.135035 0.393828 149 137 118
0.022980 0.134331 0.394055 148 135 117
0.028895 0.119412 0.415828 116 92 70
0.028801 0.119262 0.416438 68 55 38
0.020899 0.134977 0.392945 147 135 114
0.021419 0.134376 0.393196 146 132 112
0.028020 0.118989 0.414760 89 74 62
0.027575 0.118898 0.415545 115 91 72
0.019303 0.135271 0.391868 146 132 111
0.019966 0.134454 0.392231 145 130 109
0.020689 0.134002 0.392578 145 130 108
0.026454 0.118347 0.414740 173 139 93
0.026673 0.118489 0.415435 174 143 99
0.012095 0.150236 0.368297 174 167 149
0.012158 0.149765 0.368894 172 165 149
0.012374 0.149276 0.369685 174 170 156
0.012845 0.148633 0.370410 175 174 162
0.017825 0.135361 0.390596 144 130 107
0.018604 0.134560 0.391225 141 126 106
0.019406 0.134068 0.391814 141 126 106
0.025478 0.117835 0.414682 171 135 91
0.025491 0.117879 0.415106 179 147 100
0.011139 0.149834 0.368027 168 158 139
0.011266 0.149373 0.368767 166 157 141
0.011294 0.148813 0.369806 171 166 152
0.011661 0.148134 0.370479 176 175 165
0.014513 0.139813 0.382011 184 172 146
0.014685 0.139380 0.383097 181 168 144
0.015040 0.138686 0.384032 177 163 139
0.015221 0.138101 0.384954 169 154 129
0.015648 0.137099 0.386037 158 143 119
0.015967 0.136414 0.386952 151 137 115
0.016210 0.135987 0.388026 143 131 110
0.016660 0.135411 0.389164 139 125 106
0.017344 0.134805 0.390167 139 125 105
0.017520 0.133994 0.390862 138 124 104
0.017336 0.132891 0.392056 136 122 100
0.017517 0.132507 0.392550 139 125 101
0.017931 0.131706 0.393714 140 127 105
0.018058 0.131254 0.395295 125 114 94
0.024077 0.117154 0.414402 106 77 60
0.024178 0.117324 0.415088 151 118 83
0.010166 0.149294 0.368100 168 158 136
0.010221 0.148819 0.368727 165 154 134
0.010242 0.148304 0.369461 164 156 139
0.010618 0.147474 0.370534 171 169 158
0.011990 0.142583 0.377068 164 131 80
0.012236 0.142385 0.377957 168 140 92
0.012562 0.141826 0.379117 169 143 101
0.013026 0.141236 0.379972 173 150 114
0.013454 0.140586 0.381138 175 157 127
0.013703 0.140158 0.382150 174 158 133
0.014079 0.139471 0.383070 169 153 129
0.014341 0.138805 0.383992 161 144 120
0.014646 0.137953 0.385157 153 137 113
0.015040 0.137189 0.386051 147 131 110
0.015298 0.136546 0.387146 142 128 109
0.015722 0.135876 0.387939 139 126 107
0.016209 0.135048 0.389075 139 125 105
0.016367 0.134218 0.390098 137 123 102
0.016568 0.133453 0.391163 138 124 102
0.016820 0.132796 0.392165 138 123 100
0.017129 0.132201 0.392993 136 122 100
0.017333 0.131563 0.393877 136 123 100
0.017825 0.130935 0.395028 129 116 95
0.023091 0.117094 0.414402 62 53 49
0.023466 0.116982 0.414843 79 65 57
0.008987 0.148061 0.368730 162 148 123
0.009212 0.147472 0.369632 158 144 120
0.009415 0.146833 0.370445 159 148 128
0.010005 0.144154 0.373868 162 128 72
0.010132 0.143929 0.374984 156 120 65
0.010786 0.143256 0.375913 155 119 66
0.010924 0.143070 0.376928 156 121 71
0.011625 0.142371 0.377963 155 123 73
0.012179 0.141750 0.378685 159 129 82
0.013665 0.137156 0.385350 144 127 103
0.013955 0.136568 0.385961 140 123 99
0.014366 0.136021 0.386988 135 118 95
0.014216 0.135504 0.388046 138 120 98
0.014472 0.134746 0.389273 137 120 96
0.014639 0.133961 0.390207 133 115 92
0.015343 0.133029 0.391458 134 116 91
0.015554 0.132090 0.392321 134 115 89
0.015894 0.131518 0.393032 136 117 89
0.016133 0.131004 0.393915 138 118 89
0.016377 0.130524 0.395119 142 118 85
0.021805 0.116391 0.414218 82 69 61
0.021489 0.116427 0.414913 97 81 65
0.008081 0.147523 0.368715 160 140 109
0.007923 0.146956 0.369605 156 132 96
0.008356 0.146320 0.370663 148 123 89
0.008433 0.145476 0.371522 141 110 69
0.008433 0.145036 0.372786 150 111 61
0.009106 0.144372 0.373855 150 112 58
0.009682 0.143893 0.374910 150 112 57
0.009821 0.143904 0.375688 152 114 58
0.011985 0.137159 0.384162 144 125 96
0.012344 0.136651 0.385021 144 123 92
0.012588 0.135719 0.385936 131 112 84
0.013198 0.134343 0.389024 136 118 96
0.013596 0.133626 0.389988 136 116 94
0.013915 0.132576 0.391315 136 116 92
0.014414 0.131439 0.392077 134 113 83
0.014597 0.130798 0.392853 133 112 81
0.014871 0.130245 0.393856 135 112 82
0.014650 0.129612 0.394946 137 111 78
0.020782 0.115880 0.413984 164 133 92
0.021176 0.116231 0.414903 172 132 75
0.006925 0.146828 0.368680 156 130 89
0.006716 0.146560 0.369795 153 122 78
0.006878 0.146157 0.370850 150 114 67
0.007681 0.145633 0.371644 145 107 59
0.008078 0.144973 0.372168 146 106 55
0.010147 0.137027 0.382923 147 126 96
0.010821 0.136501 0.383693 140 120 92
0.011348 0.135951 0.384824 140 119 90
0.011292 0.135085 0.385630 134 113 85
0.012401 0.132036 0.390822 137 118 94
0.013316 0.130947 0.391954 135 113 83
0.013622 0.130307 0.392634 134 110 77
0.013788 0.129781 0.393740 133 109 79
0.013895 0.129230 0.394635 132 106 74
0.019354 0.115243 0.412979 176 145 99
0.019607 0.115549 0.413893 182 151 104
0.005814 0.146212 0.368657 154 120 72
0.005740 0.146182 0.369812 152 117 68
0.006277 0.146223 0.370394 154 120 73
0.009359 0.136900 0.382692 145 125 96
0.009804 0.136200 0.383627 140 120 91
0.010012 0.135179 0.384469 138 116 86
0.010421 0.134349 0.385819 132 112 85
0.011835 0.131621 0.390959 137 116 89
0.012223 0.130308 0.391938 137 113 81
0.012438 0.129909 0.392679 137 111 77
0.012869 0.128994 0.393596 137 110 75
0.012987 0.128563 0.394475 140 112 73
0.018474 0.114966 0.412971 179 146 100
0.018500 0.115104 0.413817 185 155 108
0.004702 0.145564 0.368594 153 117 65
0.004489 0.145671 0.369442 150 112 60
0.008363 0.136198 0.382637 140 120 94
0.008883 0.135557 0.383368 136 115 88
0.009174 0.134896 0.384423 138 117 86
0.009722 0.134397 0.385720 134 113 81
0.010474 0.130660 0.390873 139 115 86
0.010972 0.129785 0.391824 139 115 82
0.011248 0.129361 0.392544 135 111 78
0.011679 0.128529 0.393468 137 110 74
0.012153 0.127958 0.394107 139 110 69
0.017412 0.114516 0.412960 181 149 103
0.017437 0.114678 0.413729 183 152 105
0.003783 0.145021 0.368567 153 116 63
0.003425 0.144949 0.369301 150 113 59
0.006849 0.136381 0.382302 138 118 91
0.007061 0.135866 0.382370 135 114 88
0.007826 0.134875 0.383016 138 113 83
0.008303 0.134030 0.384128 142 114 78
0.008987 0.130998 0.389712 141 121 93
0.009727 0.130072 0.390704 137 114 84
0.009979 0.129329 0.391719 140 114 81
0.010292 0.128467 0.392320 128 106 75
0.010674 0.127914 0.393408 134 108 74
0.011241 0.127675 0.394185 141 118 79
0.016203 0.113991 0.412880 175 144 104
0.016465 0.114111 0.413404 189 160 112
0.003016 0.144569 0.368486 154 116 64
0.002353 0.144239 0.369412 152 115 61
0.001792 0.143998 0.370181 147 112 58
0.004294 0.138592 0.377884 134 104 68
0.004419 0.137704 0.379099 129 101 70
0.004832 0.137313 0.379710 134 108 76
0.005166 0.136790 0.380506 135 110 80
0.005623 0.135891 0.381597 134 112 85
0.006060 0.135257 0.382122 134 112 86
0.006624 0.134186 0.382858 137 111 81
0.006812 0.133118 0.384185 142 117 84
0.007276 0.131874 0.387532 144 122 92
0.007821 0.131219 0.388709 142 118 88
0.008097 0.130247 0.389445 142 118 86
0.008569 0.129353 0.390372 138 115 82
0.008723 0.128602 0.391509 129 107 76
0.009116 0.127673 0.392259 129 106 73
0.009282 0.127366 0.393394 133 107 71
0.010186 0.126940 0.394250 136 108 69
0.015055 0.113570 0.412743 123 98 75
0.015201 0.113627 0.413296 159 126 86
0.001269 0.143457 0.369458 155 120 66
0.001174 0.143189 0.370306 148 112 61
0.001243 0.142525 0.371307 140 103 55
0.001511 0.141641 0.372532 138 101 57
0.001823 0.140853 0.373585 135 100 57
0.002179 0.140194 0.374606 133 99 57
0.002546 0.139445 0.375672 129 95 58
0.002924 0.138898 0.376458 116 83 52
0.003353 0.138224 0.377513 125 92 57
0.003820 0.137475 0.378589 131 101 66
0.004054 0.136898 0.379346 131 104 71
0.004479 0.135926 0.380588 131 106 77
0.004747 0.135313 0.381396 130 107 80
0.005061 0.134653 0.381894 132 111 85
0.005266 0.133588 0.383098 133 110 81
0.005374 0.133520 0.384399 141 118 91
0.005932 0.131649 0.386780 140 116 90
0.006165 0.130732 0.387570 141 116 87
0.006608 0.130291 0.388213 142 118 87
0.006983 0.129624 0.389226 140 115 82
0.007277 0.128712 0.390287 132 110 79
0.007620 0.127973 0.391249 128 105 74
0.007832 0.127337 0.392128 134 107 72
0.013239 0.113121 0.411671 151 115 72
0.013726 0.113146 0.412455 142 114 81
0.000671 0.142741 0.369227 160 126 73
0.000733 0.142266 0.370075 151 116 65
0.000721 0.141734 0.371024 149 113 64
0.001106 0.141021 0.372135 143 108 60
0.001410 0.140274 0.373202 141 108 62
0.001715 0.139578 0.374207 141 109 65
0.002053 0.138833 0.375207 139 107 66
0.002261 0.138102 0.376035 132 101 63
0.002638 0.137377 0.377022 111 80 50
0.002979 0.136605 0.377942 128 98 62
0.003380 0.135882 0.378920 128 100 67
0.003769 0.135162 0.379958 124 98 70
0.003588 0.134549 0.381243 125 104 79
0.003829 0.133808 0.382073 130 110 84
0.003903 0.133481 0.383370 130 109 84
0.004219 0.132514 0.384321 136 114 87
0.004537 0.131524 0.385551 140 119 92
0.004970 0.131197 0.386640 134 114 87
0.005213 0.130167 0.387515 136 114 86
0.005625 0.129566 0.388331 136 111 80
0.006050 0.128710 0.389134 135 111 78
0.006491 0.127998 0.390182 129 106 75
0.006954 0.127325 0.391364 137 110 75
0.007064 0.126792 0.392472 140 111 70
0.006627 0.125910 0.392721 136 105 65
0.012498 0.112778 0.411456 174 140 93
0.012568 0.112839 0.412181 181 148 100
0.000588 0.140398 0.371684 155 123 78
0.000953 0.139485 0.372999 155 126 82
0.001266 0.138719 0.373976 154 126 85
0.001792 0.134374 0.380640 125 105 83
0.002537 0.133955 0.381051 127 107 83
0.002708 0.133269 0.382063 134 114 89
0.003037 0.132541 0.383034 132 112 86
0.003388 0.131774 0.384186 136 114 86
0.003820 0.131125 0.385201 136 114 86
0.004033 0.130606 0.386137 135 113 86
0.004350 0.129789 0.387118 134 111 83
0.004614 0.128950 0.387931 129 106 77
0.005122 0.128311 0.388965 135 109 76
0.005446 0.127602 0.389992 138 110 74
0.005865 0.127092 0.391382 142 113 77
0.006255 0.126339 0.392241 139 111 73
0.011436 0.112474 0.411378 179 146 98
0.011596 0.112594 0.412138 181 149 101
0.001275 0.133945 0.380340 128 109 86
0.001647 0.133602 0.380818 131 113 91
0.001941 0.132796 0.381617 139 119 96
0.002303 0.132090 0.382917 134 113 87
0.002473 0.131277 0.383978 137 114 86
0.002812 0.130683 0.385051 136 113 83
0.003092 0.129858 0.386120 137 112 82
0.003286 0.129158 0.387080 138 110 78
0.003780 0.128640 0.388027 131 105 74
0.004049 0.127939 0.388853 138 112 76
0.004413 0.126856 0.389594 141 111 77
0.010127 0.112111 0.411171 182 150 103
-0.000812 0.133976 0.379587 137 121 99
0.000200 0.133446 0.379904 134 116 95
0.001203 0.131487 0.382303 138 118 91
0.001446 0.130737 0.383885 141 120 92
0.001810 0.130049 0.385145 139 115 84
0.001947 0.129220 0.386222 139 112 80
0.002129 0.128764 0.386527 142 117 87
0.008472 0.111701 0.410228 87 77 67
0.008970 0.111606 0.410741 161 133 95
-0.001688 0.133546 0.379393 138 123 102
-0.001071 0.132847 0.379491 136 120 101
0.007748 0.111453 0.410278 93 76 63
0.007926 0.111325 0.410765 48 35 30
-0.002603 0.132985 0.379305 139 123 105
-0.002156 0.132346 0.379258 138 123 106
0.006498 0.111112 0.409859 159 128 89
-0.003587 0.132382 0.379064 140 127 110
-0.003402 0.131710 0.379046 141 128 112
0.005008 0.110917 0.408958 176 142 95
0.005383 0.111009 0.409615 183 151 102
-0.004664 0.131592 0.378812 141 129 115
-0.004254 0.131200 0.378919 142 130 116
0.003693 0.110475 0.407725 124 86 58
0.003900 0.110616 0.408600 177 143 98
-0.005600 0.130923 0.378615 143 132 119
-0.005059 0.130911 0.378786 143 132 118
0.002572 0.110428 0.407814 97 79 66
0.002958 0.110488 0.408445 103 83 64
-0.006787 0.130376 0.378525 144 134 122
0.001043 0.110229 0.406540 135 103 79
0.001602 0.110394 0.407549 158 127 88
-0.007958 0.129724 0.378406 147 138 127
-0.000234 0.110177 0.405494 93 74 60
0.000108 0.110239 0.406383 97 77 61
0.000481 0.110353 0.407296 178 146 97
-0.009098 0.129112 0.378365 149 141 131
-0.008857 0.128553 0.378576 150 141 131
-0.001956 0.110425 0.404290 179 146 96
-0.001377 0.110248 0.405112 177 145 99
-0.000875 0.110218 0.406077 161 130 87
-0.010131 0.128751 0.378392 151 144 134
-0.009959 0.128163 0.378622 150 142 133
-0.003102 0.110422 0.403299 179 147 101
-0.002806 0.110375 0.404136 181 149 102
-0.002308 0.110346 0.405161 183 153 105
-0.011236 0.128355 0.378484 152 145 136
-0.011034 0.127556 0.378652 151 143 133
-0.004223 0.110444 0.403192 164 132 94
-0.003749 0.110358 0.403858 185 156 107
-0.012475 0.127873 0.378523 157 150 141
-0.012086 0.126872 0.378866 154 147 138
-0.012180 0.126018 0.379000 150 145 137
-0.006021 0.110753 0.400989 165 130 89
-0.005521 0.110612 0.401892 104 85 65
-0.005081 0.110550 0.402980 110 88 68
-0.013242 0.126308 0.379039 157 151 142
-0.012974 0.125663 0.379145 156 149 140
-0.007814 0.111886 0.399037 176 144 98
-0.007173 0.111422 0.399895 178 146 100
-0.006572 0.111032 0.400950 177 145 100
-0.006468 0.110917 0.401915 177 144 94
-0.014323 0.125977 0.379193 158 152 142
-0.014179 0.125140 0.379470 155 146 135
-0.009620 0.113045 0.395901 74 63 51
-0.009232 0.112613 0.396824 143 118 85
-0.008975 0.112462 0.397668 177 146 102
-0.008506 0.112078 0.398765 181 151 105
-0.008141 0.111629 0.399726 185 157 110
-0.015267 0.124659 0.379880 156 145 130
-0.014955 0.123631 0.380297 156 143 125
-0.014970 0.122715 0.380935 155 138 111
-0.012420 0.116441 0.389750 155 120 79
-0.012202 0.116040 0.390522 174 143 98
-0.012007 0.115563 0.391381 172 140 95
-0.011641 0.115018 0.392576 136 109 76
-0.011348 0.114496 0.393735 105 84 62
-0.010751 0.113941 0.394762 158 129 92
-0.010391 0.113473 0.395599 130 103 72
-0.010111 0.113006 0.396906 63 53 43
-0.009905 0.112735 0.397680 159 126 92
-0.015924 0.123298 0.380750 156 138 116
-0.015834 0.122461 0.381490 158 133 99
-0.015614 0.121564 0.382377 124 99 69
-0.015538 0.120823 0.383318 74 58 42
-0.015198 0.120060 0.384331 103 81 60
-0.014953 0.119444 0.385315 159 129 90
-0.014636 0.118816 0.386458 158 125 85
-0.014345 0.118071 0.387570 145 112 75
-0.014050 0.117485 0.388620 83 66 49
-0.013591 0.116795 0.389647 112 91 67
-0.013097 0.116371 0.390563 176 145 103
-0.012668 0.115829 0.391535 176 145 100
-0.012316 0.115217 0.392746 147 117 79
-0.012163 0.114269 0.393813 0 0 0
-0.016603 0.122434 0.381812 159 130 92
-0.016355 0.121648 0.382730 164 135 92
-0.016023 0.120918 0.383613 82 63 45
-0.015744 0.120137 0.384555 78 61 45
-0.015459 0.119509 0.385725 149 120 83
-0.015184 0.119040 0.386630 164 132 89
-0.014779 0.118137 0.387825 166 133 88
-0.014474 0.117064 0.388922 23 11 8
0.040735 0.141193 0.402247 175 170 155
0.042951 0.135801 0.409611 139 123 92
0.043706 0.135244 0.409966 112 103 100
0.044283 0.134908 0.410894 135 126 124
0.044689 0.134208 0.411855 160 153 150
0.044879 0.133384 0.412808 167 141 112
0.044853 0.132544 0.413745 139 99 66
0.044814 0.132076 0.414825 164 127 79
0.040023 0.140717 0.401959 174 168 156
0.040147 0.140063 0.402884 174 165 151
0.040120 0.139411 0.403449 177 169 154
0.042604 0.135069 0.408933 84 69 66
0.042766 0.135212 0.409522 101 88 78
0.044477 0.131888 0.414214 125 95 71
0.044431 0.131159 0.414940 112 73 51
0.044148 0.130567 0.415546 136 96 67
0.044072 0.130296 0.416619 31 0 0
0.038973 0.140775 0.401415 172 167 157
0.039001 0.139916 0.401953 168 161 153
0.039409 0.139193 0.402655 173 165 154
0.039578 0.138491 0.403769 175 164 150
0.039733 0.137758 0.404597 165 154 138
0.040015 0.136787 0.405467 157 147 133
0.040486 0.135657 0.406738 133 123 110
0.040831 0.135069 0.407535 123 117 107
0.041417 0.134954 0.408695 128 116 102
0.041167 0.134343 0.409277 140 131 117
0.043917 0.130248 0.414889 125 93 67
0.043618 0.129896 0.415810 139 101 73
0.043278 0.129409 0.416549 174 145 105
0.043772 0.128197 0.417957 140 115 88
0.044258 0.127868 0.418112 91 78 66
0.038174 0.139260 0.401853 164 158 151
0.038685 0.138682 0.402375 169 162 153
0.039232 0.138000 0.403347 174 164 152
0.039576 0.137339 0.404580 152 139 124
0.039541 0.136845 0.405642 145 132 119
0.039899 0.135974 0.406658 133 120 109
0.040261 0.135310 0.407659 129 119 109
0.040466 0.134866 0.408564 128 119 109
0.042883 0.129121 0.415945 165 135 105
0.042676 0.128830 0.416570 157 129 98
0.042874 0.128064 0.417762 154 129 100
0.043194 0.127240 0.418240 132 117 97
0.037099 0.138663 0.401658 164 159 151
0.037431 0.138029 0.401971 162 155 147
0.041825 0.127447 0.417929 177 151 116
0.042012 0.126820 0.418248 172 153 124
0.035986 0.138065 0.401384 160 154 146
0.036921 0.137545 0.401742 165 159 149
0.040610 0.126630 0.417870 189 161 121
0.040802 0.126291 0.418180 191 169 136
0.034370 0.138146 0.400970 161 156 145
0.034729 0.137602 0.400981 159 152 144
0.039513 0.125360 0.417464 185 153 113
0.039662 0.125724 0.418120 182 153 111
0.033293 0.137481 0.400522 158 152 144
0.033867 0.137169 0.400637 159 152 144
0.038718 0.125081 0.417420 164 129 89
0.038597 0.125179 0.418009 144 114 80
0.031664 0.137483 0.399710 161 156 146
0.032352 0.137022 0.399951 158 152 143
0.037672 0.124518 0.417314 190 163 122
0.037545 0.124521 0.417785 197 173 131
0.030938 0.137064 0.399440 159 153 143
0.031442 0.136755 0.399556 158 151 141
0.036388 0.123909 0.417282 113 87 68
0.036357 0.123951 0.417879 140 112 81
0.029272 0.136899 0.398354 162 156 146
0.029835 0.136597 0.398818 159 152 143
0.035435 0.123237 0.417114 104 80 62
0.035229 0.123286 0.417778 138 111 82
0.028371 0.136554 0.397946 159 152 142
0.029063 0.136331 0.398254 159 152 143
0.033995 0.122466 0.416967 185 154 111
0.034109 0.122721 0.417656 194 169 128
0.026709 0.136522 0.397026 159 151 140
0.027271 0.136264 0.397410 158 150 139
0.032996 0.122224 0.417234 189 163 125
0.033016 0.122136 0.417599 194 169 129
0.025259 0.136910 0.396214 158 153 142
0.025866 0.136320 0.396473 157 149 138
0.031976 0.121543 0.417410 193 168 127
0.023718 0.137004 0.395317 157 150 137
0.024446 0.136305 0.395552 155 147 134
0.025205 0.136004 0.396170 154 146 135
0.031122 0.121094 0.416847 187 157 113
0.030693 0.120977 0.417394 191 165 123
0.022864 0.136318 0.394584 152 143 127
0.023587 0.136092 0.395072 152 142 128
0.029666 0.120233 0.416657 161 122 86
0.029605 0.120422 0.417221 164 133 95
0.021461 0.136362 0.393736 151 140 124
0.022005 0.136063 0.394096 151 139 123
0.028384 0.119876 0.416674 92 74 62
0.028616 0.120032 0.417259 110 87 65
0.019893 0.136462 0.392677 149 137 119
0.020576 0.135998 0.393144 148 135 117
0.021309 0.135604 0.393636 147 133 115
0.027222 0.119327 0.416516 121 95 73
0.027221 0.119598 0.417206 115 91 67
0.018514 0.136486 0.391606 146 132 114
0.019091 0.136031 0.392023 146 133 114
0.019660 0.135470 0.392478 147 130 110
0.026198 0.118889 0.416389 178 146 101
0.026673 0.119021 0.416871 201 173 114
0.017058 0.136734 0.390547 143 131 110
0.017669 0.136154 0.391078 142 128 110
0.018166 0.135483 0.391586 141 127 108
0.024954 0.118325 0.416250 178 146 101
0.015640 0.136838 0.389271 136 124 105
0.016399 0.136312 0.389871 138 124 106
0.016843 0.135674 0.390600 139 126 107
0.016840 0.134741 0.391840 141 128 108
0.016894 0.133634 0.392785 143 130 108
0.016939 0.133455 0.393656 145 129 105
0.017390 0.132503 0.394332 144 129 106
0.023475 0.117671 0.415178 55 46 44
0.023849 0.117950 0.416224 140 112 82
0.011984 0.142508 0.379604 171 145 102
0.012381 0.141816 0.380570 172 151 115
0.012748 0.141166 0.381691 173 155 126
0.013105 0.140542 0.382769 171 154 128
0.013352 0.139927 0.383693 165 149 122
0.013701 0.139248 0.384649 159 142 117
0.014028 0.138361 0.385790 149 133 109
0.014300 0.137750 0.386732 142 128 106
0.014765 0.137052 0.387702 138 124 105
0.015164 0.136722 0.388780 135 122 105
0.015532 0.136022 0.389669 136 124 107
0.015760 0.135289 0.390833 137 125 106
0.015941 0.134533 0.392003 140 127 107
0.016231 0.133484 0.392712 141 127 105
0.016386 0.133078 0.393614 142 126 102
0.016652 0.132427 0.394552 142 127 103
0.022576 0.117650 0.415028 52 43 42
0.022974 0.117551 0.415956 69 59 54
0.009879 0.144236 0.375596 155 118 65
0.010153 0.144006 0.376626 157 123 72
0.010553 0.143407 0.377645 156 124 74
0.010816 0.142934 0.378716 158 127 79
0.011238 0.142492 0.379696 163 134 89
0.011627 0.141903 0.380736 167 143 104
0.012032 0.141320 0.381760 167 147 116
0.012408 0.140654 0.382903 161 143 117
0.012760 0.139772 0.383971 153 134 109
0.012571 0.139011 0.385138 145 127 102
0.013088 0.138410 0.385825 139 122 99
0.013431 0.137426 0.386588 138 122 99
0.013707 0.136834 0.387786 134 119 97
0.013898 0.136052 0.388873 136 120 98
0.013924 0.135304 0.389856 135 117 93
0.014333 0.134643 0.390762 135 117 93
0.014793 0.133744 0.391784 135 118 93
0.015084 0.133099 0.392814 137 118 92
0.015351 0.132367 0.393637 138 119 92
0.015530 0.131578 0.394421 142 122 94
0.016184 0.131171 0.395523 144 123 92
0.021529 0.117001 0.414975 60 49 46
0.021479 0.116986 0.415675 85 76 66
0.008198 0.145376 0.373358 152 116 64
0.008434 0.144951 0.374354 150 114 62
0.008924 0.144507 0.375481 150 113 60
0.009415 0.143972 0.376696 150 114 62
0.009792 0.143556 0.377803 152 118 68
0.011792 0.137794 0.384676 142 122 93
0.011814 0.137316 0.385479 140 121 93
0.012266 0.136659 0.386374 133 115 87
0.012632 0.136440 0.388326 133 119 98
0.012933 0.135234 0.389168 138 122 98
0.013255 0.134258 0.390563 136 119 93
0.013558 0.133200 0.391673 136 117 91
0.013924 0.132294 0.392743 135 115 87
0.014327 0.131653 0.393706 135 115 86
0.014297 0.130997 0.394559 138 115 85
0.014952 0.130384 0.395164 142 121 89
0.020383 0.116538 0.415062 108 86 68
0.020243 0.116520 0.415474 130 103 76
0.006479 0.146265 0.371174 150 115 66
0.006799 0.145928 0.372370 150 113 60
0.007238 0.145718 0.373371 149 111 59
0.007663 0.145182 0.374560 150 112 59
0.007999 0.144677 0.375411 150 112 58
0.009973 0.137787 0.383458 144 123 95
0.010429 0.137269 0.384469 138 119 92
0.010738 0.136740 0.385264 136 116 89
0.011150 0.136248 0.386403 136 117 88
0.012290 0.132629 0.391517 137 118 90
0.012811 0.131773 0.392639 135 114 86
0.013102 0.131220 0.393422 136 114 85
0.013267 0.130494 0.394360 136 113 83
0.013453 0.129819 0.395323 139 114 81
0.019217 0.116017 0.414782 179 147 102
0.019012 0.116140 0.415441 187 160 110
0.005251 0.146281 0.370345 152 116 65
0.005612 0.146149 0.371431 150 113 61
0.005798 0.146139 0.372269 151 112 60
0.008170 0.138588 0.382688 143 122 93
0.008852 0.137539 0.383605 139 118 91
0.009413 0.136876 0.384240 135 115 89
0.009604 0.136026 0.384941 136 117 89
0.010210 0.135560 0.386146 135 112 85
0.011319 0.132042 0.391437 138 117 89
0.011628 0.131270 0.392621 137 115 86
0.012081 0.130646 0.393444 138 115 85
0.012399 0.129998 0.394089 135 111 79
0.018134 0.115635 0.414713 184 153 106
0.004289 0.145881 0.370291 149 112 60
0.004282 0.145895 0.371281 148 110 58
0.006080 0.140837 0.378698 142 112 70
0.006144 0.140026 0.379581 143 114 75
0.006601 0.139333 0.380511 143 116 82
0.006879 0.138701 0.381348 141 117 86
0.007465 0.138042 0.382556 140 118 89
0.007852 0.137255 0.383299 136 115 89
0.008421 0.136397 0.384007 136 116 89
0.008811 0.135448 0.385276 135 114 84
0.009092 0.132460 0.390362 144 121 95
0.010225 0.131356 0.391355 135 115 88
0.010681 0.130571 0.392532 137 114 85
0.010778 0.129999 0.393326 138 115 84
0.011187 0.129190 0.394119 137 113 79
0.011874 0.128427 0.394949 144 114 72
0.016992 0.115114 0.414452 183 152 106
0.003262 0.145317 0.370214 148 110 58
0.003074 0.145269 0.371099 145 107 56
0.004669 0.140829 0.377661 131 99 59
0.005076 0.140146 0.378618 135 103 64
0.005586 0.139544 0.379396 138 109 71
0.005960 0.138731 0.380299 140 113 78
0.006204 0.138023 0.381061 137 112 82
0.006524 0.137059 0.382171 136 113 85
0.006787 0.136624 0.382989 132 112 87
0.007451 0.135926 0.383879 133 113 86
0.008707 0.131648 0.390410 140 120 91
0.009148 0.130787 0.391438 136 115 87
0.009551 0.129962 0.392414 137 114 84
0.009758 0.129454 0.392975 136 113 81
0.009955 0.128929 0.393824 136 111 78
0.016118 0.114750 0.413568 180 148 101
0.015910 0.114660 0.414297 186 156 109
0.002238 0.144670 0.370093 149 113 60
0.002096 0.144382 0.370949 144 107 56
0.002036 0.143841 0.372053 134 96 49
0.002214 0.143215 0.373150 125 86 45
0.002470 0.142293 0.374316 117 81 44
0.002927 0.141703 0.375409 111 76 42
0.003329 0.140945 0.376229 111 77 45
0.003842 0.140170 0.377372 122 89 53
0.004203 0.139489 0.378111 128 96 59
0.004593 0.138478 0.379002 131 102 67
0.004930 0.137805 0.379823 134 106 73
0.005337 0.137100 0.380773 136 112 80
0.005496 0.136369 0.382281 130 109 83
0.005674 0.136093 0.382851 130 110 84
0.005693 0.135597 0.384122 137 116 89
0.006207 0.134463 0.385158 140 116 87
0.006491 0.133917 0.386373 145 123 92
0.006966 0.133058 0.387582 147 122 93
0.006989 0.132474 0.388219 146 124 95
0.007319 0.131616 0.389198 142 118 88
0.007582 0.131041 0.390154 137 116 88
0.008060 0.130163 0.391107 136 114 84
0.008293 0.129444 0.392051 134 112 82
0.008767 0.128883 0.393159 134 110 79
0.009422 0.128180 0.393668 128 102 70
0.014393 0.114074 0.413494 96 74 61
0.014683 0.114255 0.414138 138 108 78
0.001346 0.144084 0.370001 153 119 66
0.001283 0.143540 0.370780 146 110 60
0.001372 0.143086 0.371759 140 103 55
0.001684 0.142414 0.372909 134 97 53
0.001997 0.141587 0.374016 130 95 53
0.002354 0.140920 0.375044 126 92 52
0.002697 0.140208 0.375928 121 88 52
0.002967 0.139452 0.376666 119 86 52
0.003451 0.138648 0.377691 129 96 58
0.003643 0.138038 0.378338 134 101 62
0.004220 0.136147 0.380919 118 93 69
0.004328 0.135890 0.382108 126 106 80
0.004624 0.135169 0.383020 131 111 85
0.004706 0.134884 0.384021 130 108 83
0.004811 0.133903 0.385049 133 110 81
0.005279 0.133229 0.386182 141 117 87
0.005470 0.132137 0.387243 134 112 82
0.006011 0.131599 0.388215 137 114 85
0.006145 0.131178 0.389015 135 114 85
0.006529 0.130364 0.389974 136 113 84
0.006858 0.129498 0.390962 133 111 82
0.007119 0.128977 0.391870 132 109 80
0.007856 0.128335 0.392608 127 105 77
0.007810 0.127526 0.393415 139 112 76
0.013280 0.113722 0.413435 134 107 76
0.013404 0.113844 0.413948 94 73 53
0.000637 0.143001 0.370718 155 122 72
0.000798 0.142353 0.371690 149 115 67
0.001020 0.141702 0.372791 147 116 69
0.001264 0.141029 0.373551 145 113 68
0.001746 0.140240 0.374775 142 112 70
0.002224 0.139388 0.375999 137 107 66
0.002590 0.135856 0.381353 123 103 79
0.003211 0.135376 0.381733 124 104 80
0.003416 0.134641 0.382724 131 112 87
0.003554 0.134194 0.383817 129 108 83
0.003761 0.133350 0.384992 134 112 84
0.004182 0.132496 0.386031 135 112 83
0.004394 0.131733 0.387066 129 109 83
0.004836 0.130975 0.388046 130 108 81
0.005078 0.130606 0.388916 132 109 81
0.005526 0.129741 0.389912 134 110 80
0.005874 0.129122 0.390943 134 110 79
0.006441 0.128170 0.392098 143 113 79
0.006227 0.127384 0.392883 139 112 78
0.012166 0.113381 0.413104 180 147 99
0.001658 0.135311 0.381021 126 106 83
0.002011 0.134776 0.381542 128 110 87
0.002574 0.134154 0.382609 134 115 90
0.002692 0.133367 0.383566 131 111 86
0.002992 0.132660 0.384931 136 114 85
0.003334 0.131985 0.386044 135 111 81
0.003584 0.131252 0.386906 134 111 82
0.003807 0.130551 0.387896 133 109 80
0.004297 0.129909 0.388756 134 110 80
0.004608 0.129298 0.389669 138 112 79
0.005226 0.128557 0.390437 128 108 79
0.005419 0.127701 0.391864 144 113 78
0.005839 0.127240 0.392398 146 116 76
0.010725 0.113173 0.412241 172 137 91
0.011053 0.113115 0.412812 179 146 99
-0.000059 0.135459 0.380356 133 116 92
0.000704 0.134964 0.380629 128 109 88
0.000944 0.134354 0.381226 139 121 98
0.001740 0.132748 0.383445 135 116 91
0.002188 0.132328 0.384724 139 117 88
0.002421 0.131387 0.385845 137 114 84
0.002467 0.130711 0.386966 135 111 80
0.002954 0.130076 0.387502 139 114 82
0.003288 0.129801 0.388484 134 109 78
0.003486 0.128648 0.389180 138 111 78
0.009713 0.112756 0.412162 182 150 103
0.010099 0.112964 0.412890 184 152 104
-0.000829 0.134989 0.380168 134 117 97
-0.000345 0.134554 0.380262 133 115 94
0.000976 0.131462 0.384647 139 118 90
0.001215 0.130440 0.385989 139 114 85
0.001970 0.129780 0.386890 142 119 89
0.008526 0.112345 0.411946 152 126 91
-0.001715 0.134182 0.379808 136 119 99
-0.001334 0.133852 0.379837 136 119 100
0.007254 0.111907 0.411006 96 80 68
0.007186 0.112042 0.411479 81 67 57
-0.002890 0.133705 0.379589 138 122 103
0.006136 0.111738 0.410843 152 121 87
0.006410 0.111883 0.411439 150 122 88
-0.004103 0.133170 0.379431 139 125 108
0.004428 0.111562 0.409744 175 140 92
0.004918 0.111539 0.410422 181 148 102
-0.005129 0.132651 0.379276 139 126 111
0.003388 0.111221 0.409726 174 142 100
0.004167 0.111328 0.410204 186 156 104
-0.006370 0.132194 0.379093 140 129 115
0.002103 0.110901 0.408553 90 77 68
0.002372 0.111036 0.409171 98 78 64
-0.007511 0.131611 0.378914 141 130 118
0.000487 0.110736 0.407328 125 92 71
0.001152 0.110863 0.408297 160 127 89
0.001191 0.111126 0.409129 166 134 87
-0.008591 0.131035 0.378799 144 134 122
-0.000468 0.110754 0.407306 96 77 63
-0.000047 0.110886 0.407929 133 102 74
-0.009778 0.130427 0.378734 145 136 127
-0.002063 0.110825 0.406122 177 143 95
-0.001488 0.110777 0.406867 145 116 80
-0.001165 0.110405 0.407937 0 0 0
-0.010787 0.129783 0.378733 148 140 131
-0.003437 0.110917 0.405075 177 143 96
-0.003035 0.110848 0.405924 183 151 104
-0.011851 0.129079 0.378751 149 142 134
-0.004750 0.110838 0.404141 183 152 105
-0.004363 0.110932 0.404760 182 150 102
-0.003911 0.110867 0.405878 186 158 107
-0.012875 0.128389 0.378862 152 145 137
-0.012741 0.127648 0.379098 154 147 138
-0.006226 0.111213 0.402946 83 70 57
-0.005528 0.110982 0.403903 125 101 77
-0.005416 0.111135 0.404668 186 156 109
-0.014004 0.127960 0.378998 155 149 140
-0.013878 0.127268 0.379206 155 148 139
-0.008288 0.112347 0.399799 177 147 100
-0.008102 0.112050 0.400749 180 148 103
-0.007267 0.111493 0.401792 180 149 104
-0.006879 0.111349 0.402678 142 113 80
-0.015211 0.127468 0.379115 157 151 141
-0.014957 0.126591 0.379467 154 147 137
-0.015153 0.125770 0.379711 150 143 132
-0.009829 0.112985 0.397600 88 70 59
-0.009831 0.112935 0.398202 156 128 95
-0.009185 0.112635 0.399391 181 150 105
-0.008624 0.112232 0.400690 182 152 107
-0.015829 0.126050 0.379663 158 150 137
-0.015905 0.125367 0.379969 158 148 133
-0.012043 0.115016 0.394359 95 77 59
-0.011601 0.114503 0.395460 176 146 103
-0.011199 0.114046 0.396472 151 120 83
-0.010645 0.113584 0.397407 75 62 51
-0.010236 0.113145 0.398276 129 103 75
-0.017016 0.125826 0.379880 161 154 138
-0.016815 0.124923 0.380357 157 145 127
-0.016924 0.123892 0.380897 157 140 118
-0.016732 0.123077 0.381588 148 124 95
-0.015378 0.119613 0.386361 119 87 59
-0.015118 0.119016 0.387052 160 127 89
-0.014742 0.118201 0.388471 140 105 70
-0.014551 0.117789 0.389170 80 66 51
-0.014275 0.117199 0.390288 93 75 58
-0.013981 0.116904 0.391177 154 125 90
-0.013501 0.116382 0.392383 174 144 100
-0.012930 0.115765 0.393340 146 116 79
-0.012534 0.115121 0.394599 95 74 54
-0.012209 0.114801 0.395079 177 147 104
-0.017895 0.124325 0.380931 164 147 119
-0.017367 0.123694 0.381309 155 135 107
-0.017248 0.122886 0.382176 150 123 89
-0.017048 0.122110 0.383130 155 126 87
-0.016934 0.121292 0.384199 108 86 60
-0.016538 0.120620 0.385143 71 56 43
-0.016228 0.119922 0.386180 104 79 57
-0.015828 0.119416 0.387079 138 109 75
-0.015325 0.118617 0.388298 162 128 87
-0.015046 0.118077 0.389226 105 81 58
-0.014774 0.117448 0.390560 71 57 45
-0.014602 0.117145 0.391285 132 108 79
-0.017737 0.121360 0.384658 182 151 95
-0.017327 0.120686 0.385342 27 16 12
0.041312 0.143176 0.402302 141 137 131
0.041612 0.142742 0.402869 148 142 135
0.041732 0.142292 0.403578 173 161 137
0.044302 0.135689 0.411781 181 179 172
0.044434 0.135369 0.412797 177 171 164
0.044647 0.134787 0.413741 176 161 142
0.039973 0.143194 0.401257 157 155 142
0.040552 0.142670 0.401857 147 140 134
0.040951 0.141951 0.402679 156 146 136
0.040960 0.141446 0.403651 163 150 131
0.040921 0.140820 0.404594 170 152 125
0.042623 0.136465 0.410120 142 128 105
0.043261 0.136199 0.410603 138 125 113
0.043945 0.135782 0.411603 158 147 139
0.044310 0.135004 0.412782 165 154 148
0.044670 0.134306 0.413867 166 141 117
0.044602 0.133497 0.414723 128 89 60
0.044457 0.132771 0.415516 112 73 49
0.044334 0.132259 0.416450 175 132 80
0.038940 0.142743 0.401146 161 158 147
0.039658 0.142045 0.401650 157 150 142
0.040025 0.141165 0.402395 161 152 143
0.040331 0.140538 0.403354 166 154 139
0.040119 0.139957 0.404372 166 151 131
0.040208 0.139620 0.405511 168 149 123
0.041889 0.136328 0.409938 136 121 101
0.042265 0.135961 0.410096 124 108 94
0.044016 0.132504 0.415876 103 72 52
0.044003 0.131460 0.416534 116 78 54
0.043703 0.131094 0.417374 145 109 71
0.038500 0.142443 0.401190 167 164 153
0.038407 0.141413 0.401642 163 157 149
0.038715 0.140767 0.402008 162 155 148
0.039544 0.139952 0.402953 167 157 147
0.039760 0.139199 0.404548 168 155 137
0.039600 0.138592 0.405466 167 154 135
0.039496 0.138009 0.406500 167 153 135
0.039671 0.137366 0.407645 163 150 131
0.039998 0.136576 0.408738 150 136 117
0.040756 0.135736 0.409585 131 119 105
0.040889 0.135057 0.409989 139 127 112
0.043505 0.130601 0.416638 116 76 55
0.043102 0.130219 0.417572 150 114 81
0.042770 0.129593 0.418257 174 138 95
0.037474 0.140924 0.401800 162 157 149
0.037408 0.140255 0.401966 161 155 148
0.039299 0.137799 0.405326 167 155 139
0.039292 0.137411 0.406252 166 156 141
0.039401 0.136794 0.407248 162 151 138
0.039714 0.136106 0.408264 149 138 125
0.040079 0.135371 0.409018 133 124 113
0.040368 0.134820 0.410439 145 127 110
0.042629 0.129560 0.417233 162 131 97
0.042119 0.128757 0.418482 187 159 118
0.036238 0.140364 0.401844 167 164 152
0.036582 0.139811 0.401964 161 155 147
0.041362 0.128066 0.418679 191 160 115
0.041221 0.127973 0.419144 181 140 95
0.034777 0.139610 0.401694 159 151 143
0.035393 0.139263 0.401784 160 154 146
0.040531 0.127530 0.418614 183 145 96
0.040159 0.127215 0.419010 189 157 111
0.034035 0.138913 0.401456 158 152 143
0.034488 0.138634 0.401539 159 153 145
0.039146 0.126369 0.419066 168 136 94
0.032989 0.138528 0.401055 157 151 142
0.033702 0.138152 0.401296 158 153 145
0.038103 0.125818 0.419041 149 118 82
0.031168 0.138308 0.400365 158 152 143
0.031839 0.138164 0.400573 157 150 142
0.037129 0.125239 0.418944 193 164 122
0.030602 0.137938 0.400020 158 151 142
0.035973 0.124668 0.418892 127 101 75
0.028731 0.137838 0.399023 161 155 145
0.029344 0.137693 0.399410 158 152 143
0.034835 0.124006 0.418837 147 117 87
0.027211 0.138082 0.398290 162 158 147
0.027861 0.137594 0.398556 159 153 144
0.033682 0.123473 0.418727 196 173 134
0.026195 0.137524 0.397522 159 153 143
0.027020 0.137486 0.398124 159 152 143
0.032574 0.122881 0.418552 195 169 129
0.024805 0.137577 0.396688 159 153 142
0.025303 0.137284 0.396986 157 151 140
0.031492 0.122256 0.418422 195 169 128
0.023184 0.137691 0.395774 155 147 135
0.023975 0.137328 0.396188 156 149 137
0.030109 0.121665 0.418380 178 150 112
0.021829 0.137674 0.394638 156 148 135
0.022541 0.137369 0.395196 155 146 133
0.023196 0.136977 0.395649 154 145 132
0.029217 0.121142 0.418141 123 95 73
0.021147 0.137350 0.394270 152 142 128
0.021647 0.137077 0.394538 151 142 128
0.028022 0.120626 0.417962 89 73 61
0.019599 0.137383 0.393104 149 138 122
0.020257 0.137272 0.393615 150 139 124
0.026446 0.120160 0.417594 109 88 74
0.026807 0.120112 0.417796 118 94 72
0.018038 0.137537 0.391973 146 134 116
0.018817 0.137314 0.392529 146 133 117
0.025826 0.119495 0.417218 162 127 89
0.025779 0.119625 0.417724 172 139 95
0.016716 0.137670 0.390990 143 129 111
0.017342 0.137318 0.391476 142 129 111
0.017524 0.135895 0.392537 145 134 117
0.024516 0.119010 0.417165 167 133 91
0.024865 0.119155 0.417560 176 143 98
0.015207 0.137856 0.389914 140 126 106
0.016065 0.137442 0.390500 140 127 108
0.015774 0.136337 0.391682 141 127 106
0.016253 0.135478 0.392579 144 132 111
0.016388 0.134471 0.393803 149 135 111
0.016868 0.133494 0.395292 155 141 118
0.023386 0.118507 0.417036 134 108 79
0.023394 0.118695 0.417548 185 153 101
0.012066 0.141785 0.381970 177 162 129
0.012500 0.140859 0.383290 172 156 129
0.012878 0.140058 0.384463 167 151 123
0.013121 0.139475 0.385280 159 144 117
0.013167 0.139041 0.385828 153 136 110
0.013733 0.138229 0.387283 139 126 102
0.013932 0.137877 0.388736 132 117 98
0.014575 0.137616 0.389334 133 120 102
0.014813 0.136811 0.390429 137 124 104
0.015230 0.136017 0.391649 142 127 104
0.015411 0.135261 0.392753 145 131 107
0.015847 0.134258 0.393455 144 130 107
0.015675 0.134106 0.394263 146 129 105
0.016323 0.133399 0.395268 149 133 108
0.021866 0.118639 0.416118 53 47 46
0.022481 0.118336 0.416803 70 61 55
0.009814 0.144059 0.378073 162 133 81
0.010308 0.143332 0.379234 162 134 87
0.010680 0.142684 0.380154 165 138 94
0.011018 0.142061 0.381152 165 141 103
0.011349 0.141425 0.382208 163 143 110
0.011701 0.140694 0.383240 157 138 108
0.011952 0.140015 0.384220 151 132 102
0.012218 0.139311 0.385139 143 126 99
0.012500 0.138512 0.386305 135 118 96
0.012747 0.138025 0.387401 130 115 94
0.013023 0.137646 0.388520 130 115 94
0.013401 0.136899 0.389387 133 117 95
0.013517 0.136124 0.390400 133 115 91
0.013925 0.135362 0.391419 136 117 92
0.014297 0.134646 0.392589 138 120 93
0.014701 0.133967 0.393560 140 120 93
0.014878 0.133436 0.394444 140 120 92
0.015154 0.132494 0.395343 142 123 94
0.015324 0.131790 0.395966 144 124 96
0.020828 0.117878 0.415875 54 45 43
0.021192 0.117797 0.416438 68 61 56
0.007899 0.145338 0.375246 153 116 65
0.008235 0.144887 0.376057 151 115 64
0.008634 0.144343 0.377063 150 115 64
0.009073 0.143796 0.378110 152 119 70
0.009481 0.143130 0.379240 155 124 78
0.009706 0.142509 0.380242 158 129 86
0.010017 0.141782 0.381304 158 133 95
0.010295 0.141075 0.382326 154 132 97
0.010612 0.140374 0.383237 148 126 94
0.010777 0.139575 0.384236 142 121 92
0.011124 0.138891 0.385254 136 117 90
0.011222 0.138191 0.386471 127 110 88
0.011535 0.137864 0.387448 126 110 88
0.011929 0.136952 0.388682 132 116 93
0.012211 0.136112 0.389591 134 117 93
0.012306 0.135530 0.390394 134 115 90
0.012604 0.134874 0.391309 135 116 90
0.013088 0.134077 0.392383 136 116 91
0.013351 0.133240 0.393473 138 118 91
0.013551 0.132547 0.394180 139 117 88
0.013884 0.131962 0.395167 141 118 88
0.019963 0.117465 0.415896 68 56 52
0.019810 0.117190 0.416210 105 82 64
0.006257 0.146094 0.373221 152 114 64
0.006577 0.145790 0.374014 151 114 63
0.007122 0.145359 0.375111 150 115 63
0.007184 0.144714 0.376255 148 113 62
0.007610 0.144042 0.377247 146 113 63
0.007839 0.143458 0.378274 148 116 70
0.008147 0.142722 0.379220 149 120 75
0.008465 0.141919 0.380230 151 123 84
0.008898 0.141197 0.381256 150 125 88
0.009178 0.140443 0.382258 147 124 90
0.009275 0.139670 0.383075 143 121 90
0.009746 0.138907 0.384147 139 118 89
0.009943 0.138334 0.385271 131 112 87
0.010052 0.138007 0.386253 126 109 85
0.010357 0.137110 0.387360 133 114 89
0.010706 0.136353 0.388541 131 113 89
0.011158 0.135563 0.389566 133 114 90
0.011011 0.135221 0.390196 133 113 87
0.011565 0.134325 0.391304 133 113 88
0.011947 0.133468 0.392248 134 114 87
0.012264 0.132630 0.393316 135 114 87
0.012540 0.132044 0.394286 137 114 85
0.012712 0.131508 0.395121 138 115 85
0.018478 0.116673 0.415766 178 145 99
0.019010 0.116752 0.416018 172 140 97
0.004975 0.146242 0.372136 153 117 66
0.005417 0.146061 0.372977 150 114 64
0.005624 0.145665 0.374079 148 112 62
0.005893 0.145070 0.375194 143 108 58
0.006148 0.144265 0.376302 141 105 57
0.006342 0.143516 0.377329 141 108 62
0.006692 0.142743 0.378215 142 111 66
0.007005 0.142085 0.379077 144 114 71
0.007375 0.141216 0.379997 146 118 79
0.007721 0.140342 0.381072 146 121 87
0.008033 0.139619 0.381971 145 121 89
0.008234 0.138752 0.382963 143 120 89
0.008596 0.138223 0.384017 136 115 88
0.008781 0.138004 0.384962 128 110 85
0.008858 0.137461 0.386110 127 109 84
0.009175 0.136493 0.387158 132 113 87
0.009577 0.135685 0.388375 133 114 90
0.009996 0.134921 0.389495 133 114 89
0.010290 0.134271 0.390234 135 115 89
0.010677 0.133603 0.391187 135 114 87
0.010917 0.132771 0.392248 136 114 87
0.011181 0.132149 0.393340 139 117 86
0.011422 0.131340 0.394119 138 114 84
0.011862 0.131100 0.395072 134 109 75
0.017503 0.116265 0.415616 180 147 100
0.017857 0.116371 0.416016 188 161 111
0.004160 0.145986 0.372037 151 115 64
0.004283 0.145720 0.372907 147 111 60
0.004503 0.145186 0.374100 140 103 55
0.004805 0.144400 0.375126 133 97 51
0.005105 0.143780 0.376304 136 102 57
0.005388 0.142804 0.377098 133 100 57
0.005628 0.142188 0.377920 137 104 63
0.006047 0.141228 0.378929 140 110 69
0.006447 0.140526 0.379762 143 115 77
0.006696 0.139604 0.380865 144 119 84
0.006747 0.139010 0.381512 142 119 86
0.007777 0.138412 0.382873 142 120 89
0.007467 0.137853 0.384272 127 108 82
0.007664 0.137688 0.384885 124 104 79
0.007958 0.136741 0.385933 131 111 86
0.008162 0.135865 0.387202 132 113 86
0.008648 0.135001 0.388178 133 113 87
0.008866 0.134558 0.389172 134 113 86
0.009182 0.133736 0.390076 133 113 86
0.009500 0.132962 0.391035 134 114 87
0.009822 0.132216 0.392095 136 114 87
0.010029 0.131479 0.393224 139 117 87
0.010365 0.131022 0.393729 137 112 82
0.010719 0.130029 0.394649 140 116 83
0.016404 0.115886 0.415466 182 150 103
0.003080 0.145400 0.371935 147 111 60
0.003190 0.145146 0.372748 139 102 54
0.003389 0.144559 0.374072 131 94 50
0.003632 0.143743 0.375119 127 91 51
0.004026 0.142977 0.376027 127 93 53
0.004324 0.142203 0.376822 128 95 56
0.004725 0.141411 0.377732 133 102 62
0.005261 0.140769 0.378576 135 105 66
0.005720 0.140180 0.379479 140 111 72
0.006290 0.139086 0.381072 142 118 85
0.006421 0.138715 0.381586 140 117 83
0.005694 0.138063 0.383618 127 106 78
0.006350 0.137451 0.383793 125 106 81
0.006534 0.136841 0.384835 127 107 81
0.006842 0.136107 0.385911 132 110 81
0.007130 0.135272 0.387081 136 113 83
0.007529 0.134416 0.388038 136 113 83
0.007836 0.133684 0.389036 136 114 86
0.007828 0.133132 0.389915 135 112 83
0.008325 0.132461 0.390839 135 114 86
0.008680 0.131636 0.391991 137 114 86
0.008833 0.130914 0.393279 140 117 86
0.009307 0.130414 0.393639 136 113 83
0.015226 0.115234 0.415099 185 155 107
0.002192 0.144745 0.371876 143 106 58
0.002252 0.144419 0.372452 136 98 52
0.002381 0.143753 0.373608 123 85 46
0.002671 0.142917 0.374661 112 77 44
0.003112 0.142075 0.375711 108 75 45
0.003598 0.141410 0.376658 117 86 52
0.003852 0.140867 0.377384 122 91 54
0.004851 0.137369 0.383074 125 104 79
0.005293 0.136828 0.383698 128 108 83
0.005531 0.136092 0.384683 132 111 83
0.005826 0.135404 0.385813 134 112 83
0.006097 0.134546 0.386951 138 115 84
0.006453 0.133921 0.387920 136 112 82
0.006548 0.133166 0.388820 136 112 82
0.006893 0.132475 0.389678 136 113 83
0.007146 0.131844 0.390700 136 113 84
0.007400 0.131023 0.391806 137 114 84
0.007727 0.130550 0.393022 139 114 82
0.007806 0.129886 0.393426 135 110 78
0.013820 0.114653 0.414178 80 68 58
0.014248 0.114833 0.414959 138 111 82
0.001768 0.143175 0.373317 132 96 51
0.001995 0.142665 0.374093 125 89 47
0.003152 0.137330 0.382210 124 104 80
0.003809 0.136866 0.382409 124 103 79
0.004311 0.135578 0.384052 128 107 81
0.004444 0.135546 0.384357 131 110 83
0.004701 0.134636 0.385617 134 111 82
0.004904 0.133766 0.386896 136 113 83
0.005110 0.133056 0.387882 133 110 81
0.005437 0.132453 0.388853 135 112 83
0.005659 0.132025 0.389592 138 114 84
0.005978 0.131160 0.390770 138 114 84
0.006483 0.130430 0.391852 138 115 83
0.007107 0.129854 0.392387 136 112 83
0.012799 0.114479 0.414320 99 79 62
0.013106 0.114673 0.414678 84 70 59
0.002212 0.136963 0.381777 126 107 82
0.003073 0.136232 0.382174 124 103 80
0.003136 0.134827 0.384412 129 109 84
0.003305 0.133902 0.385592 137 115 85
0.004052 0.133414 0.386727 135 112 82
0.004096 0.132433 0.387702 133 111 83
0.004636 0.132027 0.388662 133 112 84
0.004560 0.131487 0.389704 139 115 84
0.004809 0.130521 0.390493 137 114 84
0.005498 0.130100 0.391656 140 114 82
0.011847 0.114141 0.414135 165 133 94
0.012147 0.114248 0.414562 171 138 88
0.000622 0.137059 0.381245 132 115 90
0.001107 0.136418 0.381314 130 111 88
0.002232 0.133948 0.384363 132 112 87
0.002342 0.133622 0.385191 141 119 93
0.002912 0.132750 0.386540 137 114 85
0.003128 0.132008 0.387776 137 113 84
0.003689 0.131385 0.388761 135 111 82
0.003773 0.130536 0.389737 139 114 84
0.003794 0.130062 0.390691 142 115 79
0.010418 0.113719 0.413580 180 147 99
-0.000158 0.136236 0.380855 133 115 93
0.000315 0.136063 0.381015 131 113 92
0.001645 0.133156 0.385656 139 116 87
0.001878 0.132294 0.386864 137 113 83
0.002528 0.131238 0.387823 135 112 84
0.002739 0.130747 0.388974 140 116 83
0.002688 0.130433 0.389378 138 112 82
0.003163 0.129479 0.390021 138 114 82
0.009145 0.113241 0.412940 181 149 102
0.009448 0.113499 0.413462 181 150 102
-0.001171 0.135810 0.380610 135 118 97
-0.000539 0.135561 0.380809 132 115 94
0.008123 0.113058 0.412914 153 126 90
0.008327 0.113455 0.413464 185 152 105
-0.002425 0.135393 0.380329 137 121 102
0.006799 0.112786 0.412398 87 72 61
0.007225 0.112712 0.413321 0 0 0
-0.003536 0.134860 0.380028 139 123 104
0.005627 0.112380 0.411762 178 147 101
0.005890 0.112505 0.412120 153 125 89
-0.004611 0.134322 0.379897 138 123 105
0.004350 0.112211 0.411329 180 148 100
-0.005778 0.133838 0.379782 137 124 108
0.002783 0.111631 0.410349 169 137 98
0.003133 0.111992 0.410912 183 152 103
-0.007118 0.133539 0.379526 141 129 113
-0.006948 0.133144 0.379603 138 125 111
0.001956 0.111707 0.410208 106 85 68
-0.008371 0.132800 0.379309 142 133 118
-0.008090 0.132665 0.379513 138 126 113
0.000506 0.111547 0.409327 164 131 89
0.000854 0.111609 0.409778 160 128 85
-0.009419 0.132313 0.379159 146 138 123
-0.009081 0.132073 0.379388 140 129 117
-0.001286 0.111377 0.408113 86 73 65
-0.000669 0.111469 0.408777 130 101 76
-0.010291 0.131770 0.379101 146 138 126
-0.010212 0.131462 0.379277 141 132 122
-0.002140 0.111381 0.407769 153 123 86
-0.001574 0.111181 0.408623 45 38 31
-0.011502 0.131161 0.379051 147 140 130
-0.011447 0.130801 0.379208 143 135 127
-0.003982 0.111608 0.405990 173 136 87
-0.003657 0.111506 0.406609 179 146 98
-0.002891 0.111245 0.407295 185 154 104
-0.012836 0.130596 0.379031 153 147 137
-0.012469 0.130212 0.379154 146 139 131
-0.005066 0.111503 0.405539 181 149 101
-0.004341 0.111471 0.406396 182 149 101
-0.013795 0.130056 0.379002 153 147 138
-0.013623 0.129427 0.379158 149 142 135
-0.006669 0.111743 0.403725 72 61 53
-0.006205 0.111616 0.404687 137 114 85
-0.005808 0.111579 0.405313 183 153 104
-0.014705 0.128707 0.379291 153 146 137
-0.008673 0.112718 0.401678 179 145 100
-0.008217 0.112309 0.402573 182 151 106
-0.007412 0.111838 0.403527 126 103 76
-0.007145 0.111685 0.403983 86 72 59
-0.015737 0.128122 0.379494 153 147 138
-0.015586 0.127455 0.379613 154 146 136
-0.009883 0.113246 0.400224 183 153 109
-0.009270 0.112877 0.401259 184 155 109
-0.008824 0.112473 0.402358 186 159 113
-0.016550 0.127720 0.379629 157 150 141
-0.016690 0.126891 0.379933 157 148 135
-0.012190 0.114992 0.396299 176 146 103
-0.011824 0.114595 0.397354 161 128 87
-0.011472 0.114387 0.398126 85 69 55
-0.010830 0.113730 0.399115 117 96 74
-0.010522 0.113536 0.400012 186 159 114
-0.017717 0.126405 0.380283 156 146 131
-0.017811 0.125675 0.380555 156 145 128
-0.014462 0.117272 0.392202 160 130 92
-0.014331 0.117076 0.393002 174 144 101
-0.013740 0.116421 0.394155 139 111 75
-0.013179 0.115794 0.395218 96 76 56
-0.012771 0.115377 0.396109 174 145 104
-0.012588 0.115210 0.397182 186 161 110
-0.018524 0.126014 0.380573 157 145 129
-0.018435 0.125180 0.381069 156 140 118
-0.018424 0.124333 0.381878 151 127 100
-0.018255 0.123405 0.382816 147 118 84
-0.017916 0.122684 0.383702 145 115 81
-0.017682 0.121817 0.384742 135 106 72
-0.017566 0.121406 0.385700 88 66 47
-0.017107 0.120582 0.386857 76 60 46
-0.016761 0.120064 0.387784 105 83 62
-0.016346 0.119447 0.388987 162 129 89
-0.015777 0.118670 0.389987 129 99 69
-0.015433 0.118183 0.390954 79 63 49
-0.015063 0.117573 0.391943 111 91 68
-0.018948 0.124048 0.382309 161 136 100
-0.018639 0.123328 0.383253 145 114 81
-0.018413 0.122700 0.383947 149 119 82
-0.018107 0.121953 0.384979 154 122 82
-0.017929 0.121453 0.385852 119 91 62
-0.017647 0.120867 0.387046 71 57 46
-0.017336 0.120320 0.387912 145 117 84
0.041990 0.143969 0.403784 122 107 101
0.041202 0.144188 0.402669 124 116 114
0.041734 0.143547 0.403548 135 124 118
0.041752 0.142949 0.404471 164 142 112
0.041632 0.142278 0.405539 172 144 102
0.043700 0.136850 0.412478 172 155 131
0.044100 0.136112 0.413452 157 141 128
0.044377 0.135290 0.414421 164 135 105
0.044405 0.134909 0.415514 113 70 53
0.039908 0.144055 0.401643 130 123 119
0.040628 0.143544 0.401950 118 107 105
0.041174 0.142589 0.403620 150 133 118
0.040917 0.142175 0.404291 157 136 110
0.040914 0.141610 0.405363 164 137 100
0.040799 0.140876 0.406463 167 137 95
0.041756 0.138202 0.410042 167 136 91
0.042110 0.137770 0.410715 164 132 90
0.042855 0.137134 0.411283 161 137 109
0.043443 0.136839 0.412424 159 133 106
0.044399 0.134841 0.414646 162 122 85
0.044314 0.134376 0.415643 104 66 47
0.044173 0.133604 0.416508 92 57 42
0.044116 0.133009 0.417248 172 129 79
0.038837 0.143556 0.401442 149 143 135
0.038932 0.142914 0.401945 156 148 137
0.039254 0.142296 0.403403 157 143 123
0.039595 0.141535 0.404350 154 135 112
0.040151 0.140788 0.405140 161 139 111
0.040310 0.140076 0.406360 165 140 104
0.040334 0.139398 0.407489 165 138 101
0.040469 0.138750 0.408289 165 138 101
0.040902 0.138041 0.409399 162 133 96
0.041574 0.137352 0.410224 156 129 95
0.043632 0.132987 0.416283 130 128 133
0.043581 0.132239 0.417576 99 61 46
0.043307 0.131697 0.418226 155 117 74
0.037964 0.143155 0.401633 158 152 143
0.037794 0.142398 0.401995 157 151 142
0.038102 0.141633 0.403226 159 148 133
0.038686 0.141005 0.404331 158 141 117
0.038788 0.140478 0.405352 163 146 120
0.039682 0.139241 0.406210 163 147 126
0.039648 0.138543 0.407113 163 148 127
0.039742 0.137928 0.408052 159 145 127
0.040065 0.137161 0.409051 149 135 117
0.040312 0.136495 0.409786 136 123 107
0.040190 0.136028 0.411149 145 129 111
0.042819 0.131016 0.418490 145 101 69
0.042454 0.130330 0.418895 130 97 66
0.036898 0.141795 0.402221 158 152 143
0.036903 0.141161 0.402936 159 152 141
0.037402 0.141009 0.403857 165 156 141
0.039207 0.137293 0.408158 159 149 135
0.039661 0.136589 0.409258 143 131 116
0.041745 0.129772 0.419384 147 115 80
0.035805 0.141065 0.402386 159 153 144
0.036105 0.140727 0.402612 160 153 144
0.041004 0.128997 0.419473 178 140 92
0.040552 0.128711 0.419823 191 158 107
0.034539 0.140259 0.402264 157 150 141
0.035008 0.140266 0.402518 157 150 141
0.040035 0.128439 0.419535 176 136 86
0.039737 0.127939 0.419804 192 161 113
0.033476 0.139841 0.402022 156 150 140
0.034123 0.139544 0.402197 156 149 140
0.038563 0.127113 0.419999 148 119 82
0.032338 0.139618 0.401732 156 149 140
0.037715 0.126611 0.419975 143 109 74
0.030775 0.139152 0.401028 155 149 140
0.031381 0.139320 0.401382 154 148 140
0.036642 0.126120 0.420034 189 159 117
0.029877 0.138908 0.400629 156 150 141
0.035552 0.125407 0.419876 123 96 71
0.028338 0.138744 0.399735 159 154 144
0.028873 0.138742 0.400118 158 151 142
0.034405 0.124776 0.419777 135 106 78
0.026633 0.138866 0.398932 159 152 142
0.027323 0.138614 0.399260 158 152 143
0.033159 0.124195 0.419649 200 177 137
0.025780 0.138498 0.398187 159 153 143
0.026588 0.138153 0.398641 160 155 146
0.032024 0.123705 0.419486 192 164 123
0.024427 0.138501 0.397404 158 151 140
0.024876 0.138243 0.397775 157 150 139
0.030875 0.123060 0.419384 193 164 122
0.022798 0.138487 0.396326 156 148 136
0.023589 0.138425 0.396925 157 150 138
0.029733 0.122450 0.419220 156 125 93
0.021607 0.138548 0.395264 157 149 136
0.022062 0.138351 0.395791 155 147 135
0.028704 0.121997 0.419105 101 79 63
0.020022 0.138657 0.394313 155 147 131
0.020653 0.138462 0.394923 153 144 130
0.021305 0.138254 0.395405 153 144 132
0.027541 0.121437 0.418898 82 67 57
0.018507 0.138932 0.393320 152 142 125
0.019184 0.138436 0.393777 150 139 125
0.019979 0.138070 0.394092 153 143 128
0.026261 0.120897 0.418734 121 94 72
0.017240 0.138500 0.391906 147 135 118
0.017656 0.138552 0.392592 148 136 119
0.025120 0.120418 0.418182 127 98 74
0.025302 0.120454 0.418620 159 127 90
0.015716 0.138749 0.390905 148 136 115
0.016284 0.138626 0.391553 146 132 114
0.017089 0.138266 0.392025 145 132 115
0.024256 0.119913 0.418031 142 110 81
0.024088 0.120000 0.418501 154 123 86
0.014899 0.138783 0.390578 144 129 109
0.015632 0.138538 0.391241 144 129 112
0.015123 0.137051 0.391937 145 131 110
0.015568 0.136175 0.393710 153 141 119
0.022806 0.119417 0.418036 120 89 67
0.022946 0.119224 0.418159 178 145 96
0.013593 0.138820 0.389515 139 124 103
0.014124 0.138574 0.389906 139 124 105
0.014476 0.137539 0.391177 141 128 107
0.014584 0.136790 0.392542 147 130 105
0.015062 0.136046 0.393507 150 134 111
0.021927 0.119047 0.417763 77 64 56
0.022150 0.119160 0.418250 137 110 77
0.012057 0.138896 0.388454 134 117 94
0.012644 0.138415 0.389106 132 117 96
0.013047 0.137442 0.390215 136 121 96
0.013076 0.136711 0.391155 135 118 92
0.013455 0.136102 0.392059 139 121 95
0.013894 0.135361 0.393358 141 121 93
0.013772 0.134759 0.394232 143 124 96
0.014314 0.134636 0.394948 143 121 89
0.020804 0.118694 0.417598 69 62 56
0.010572 0.138804 0.387404 128 110 86
0.011172 0.138427 0.387942 128 111 88
0.011355 0.137504 0.389336 133 116 92
0.011690 0.136982 0.390290 137 119 93
0.011848 0.136487 0.390973 138 119 93
0.012157 0.135675 0.392111 138 118 91
0.012586 0.134963 0.393282 140 120 92
0.012876 0.133904 0.394205 141 121 91
0.012919 0.133435 0.395084 141 120 91
0.013178 0.132856 0.395946 144 121 87
0.019427 0.118316 0.416682 53 45 42
0.019208 0.117970 0.417188 95 74 59
0.009062 0.139063 0.386446 126 106 80
0.009739 0.138672 0.386877 126 107 83
0.009961 0.137797 0.387841 126 108 84
0.010273 0.136992 0.389250 132 113 87
0.010426 0.136275 0.390087 133 114 88
0.010719 0.135754 0.390740 136 115 88
0.011093 0.135115 0.392013 136 116 89
0.011375 0.134084 0.393049 135 116 89
0.011863 0.133481 0.394096 137 115 88
0.012090 0.132696 0.395121 141 117 87
0.018441 0.117599 0.417017 161 130 90
0.004999 0.145718 0.374697 155 122 71
0.005356 0.145170 0.375629 152 119 70
0.005805 0.144594 0.376501 151 119 71
0.005810 0.144073 0.377111 151 118 70
0.007560 0.139255 0.385418 127 106 78
0.008274 0.138805 0.385860 124 104 79
0.008524 0.137930 0.386545 124 106 81
0.008886 0.137093 0.387862 129 110 83
0.009135 0.136311 0.389037 132 112 85
0.009631 0.135781 0.389886 132 112 84
0.009649 0.135251 0.391031 136 114 86
0.010029 0.134410 0.391884 138 116 88
0.010192 0.133693 0.393010 140 118 88
0.010656 0.132923 0.394177 140 115 86
0.011173 0.132138 0.395130 143 118 87
0.010868 0.131733 0.395849 141 115 79
0.016796 0.117311 0.416746 136 105 84
0.017260 0.117158 0.416833 181 150 104
0.004092 0.145342 0.374549 151 118 70
0.004461 0.144713 0.375531 148 116 69
0.004887 0.144327 0.376162 146 114 70
0.005300 0.143817 0.377012 148 117 71
0.006061 0.139181 0.384470 128 107 76
0.006942 0.138859 0.384915 125 104 78
0.007181 0.138116 0.385444 125 105 79
0.007598 0.137233 0.386489 128 109 81
0.008126 0.136628 0.387838 131 112 86
0.008275 0.135846 0.388997 135 113 84
0.008493 0.135318 0.390010 135 112 83
0.008700 0.134632 0.390901 138 115 85
0.008968 0.133900 0.391816 137 115 86
0.009193 0.133137 0.392845 139 117 88
0.009661 0.132263 0.393929 143 119 88
0.010002 0.131869 0.394857 141 119 88
0.010343 0.131229 0.395450 138 112 78
0.016072 0.116614 0.416376 172 140 98
0.015642 0.116568 0.416714 186 158 109
0.003700 0.144773 0.374839 146 114 68
0.005352 0.138731 0.383985 126 105 78
0.006025 0.138467 0.384343 125 105 79
0.006493 0.137457 0.385606 130 109 82
0.006593 0.136825 0.386628 135 113 84
0.007098 0.136236 0.387735 136 114 83
0.007143 0.135269 0.388921 138 114 84
0.007341 0.134488 0.389871 138 115 86
0.007551 0.134015 0.390572 138 115 85
0.007655 0.133416 0.391760 138 116 87
0.008052 0.132632 0.392906 140 117 87
0.008733 0.132208 0.393705 142 119 87
0.014648 0.116001 0.416066 183 151 104
0.003581 0.138751 0.383215 126 106 82
0.004368 0.138444 0.383461 125 104 79
0.005112 0.137483 0.385203 133 112 84
0.005281 0.136923 0.385484 135 113 86
0.005494 0.136309 0.386591 134 112 82
0.005605 0.135380 0.387764 141 116 84
0.005840 0.134786 0.388823 139 116 85
0.006105 0.133973 0.389771 139 116 85
0.006427 0.133311 0.390375 138 115 84
0.006546 0.132841 0.391496 138 115 85
0.006926 0.132051 0.392653 143 119 88
0.007259 0.131163 0.393525 142 118 86
0.007888 0.131123 0.394281 141 115 79
0.013601 0.115663 0.415933 142 115 84
0.002959 0.138264 0.382765 125 105 81
0.003508 0.137958 0.382913 124 104 80
0.004196 0.136657 0.384854 135 114 86
0.004515 0.136227 0.385363 141 122 95
0.004221 0.135776 0.386342 133 112 81
0.004520 0.134716 0.387543 141 117 85
0.004656 0.134127 0.388740 142 118 88
0.004872 0.133246 0.389815 140 117 85
0.005228 0.132776 0.390390 140 117 87
0.005296 0.132132 0.391815 144 119 87
0.005674 0.131078 0.392492 141 116 82
0.012122 0.115257 0.415103 85 70 59
0.012483 0.115366 0.415571 84 67 55
0.001159 0.138232 0.381963 129 109 85
0.001848 0.138033 0.382316 127 107 83
0.003387 0.133014 0.388428 138 117 85
0.003921 0.132778 0.389602 143 121 92
0.004026 0.132374 0.390328 146 119 84
0.011165 0.114970 0.415067 143 112 81
0.011503 0.114957 0.415330 124 97 65
0.000535 0.137889 0.381833 131 112 88
0.000932 0.137303 0.381736 131 112 89
0.002863 0.133095 0.389050 146 122 92
0.003633 0.131589 0.389913 141 116 81
0.009998 0.114571 0.414652 179 145 98
-0.000552 0.137292 0.381489 133 115 93
0.008820 0.114172 0.414221 179 145 99
-0.001837 0.136865 0.381175 135 119 100
0.007372 0.113834 0.413648 111 88 69
0.007999 0.113910 0.413981 178 145 99
-0.003442 0.136960 0.380907 140 126 106
-0.003052 0.136410 0.380877 137 122 103
0.006274 0.113605 0.413243 93 76 62
-0.004378 0.136256 0.380552 142 129 109
-0.004152 0.135849 0.380678 138 123 104
0.004659 0.113152 0.412498 176 142 96
0.005175 0.113229 0.412840 174 143 97
-0.005630 0.135591 0.380514 139 124 108
-0.005158 0.135241 0.380458 139 124 106
0.003939 0.112991 0.412249 180 147 100
-0.006538 0.134981 0.380247 140 128 110
-0.006402 0.134773 0.380475 137 123 108
0.002531 0.112425 0.411131 151 118 91
0.002624 0.112658 0.411644 180 147 100
-0.007575 0.134377 0.380180 137 125 110
-0.007437 0.134037 0.380171 136 123 108
0.001448 0.112459 0.411040 103 82 68
0.001728 0.112210 0.411332 73 48 33
-0.008718 0.133860 0.380078 137 125 110
-0.008524 0.133290 0.379941 137 124 110
-0.000181 0.112350 0.410168 156 121 81
0.000274 0.112395 0.410650 157 124 83
-0.009849 0.133199 0.379922 138 127 115
-0.009827 0.132700 0.379874 139 129 116
-0.001111 0.112133 0.409726 154 122 87
-0.010952 0.132625 0.379851 141 131 120
-0.010721 0.132033 0.379677 140 130 118
-0.002684 0.112077 0.408718 137 110 78
-0.002170 0.112024 0.409351 68 57 48
-0.012062 0.132149 0.379808 143 134 125
-0.011766 0.131654 0.379701 141 133 125
-0.004073 0.112127 0.407606 178 144 95
-0.003539 0.112133 0.408231 180 147 98
-0.013136 0.131532 0.379717 145 138 129
-0.012954 0.131105 0.379666 143 135 127
-0.005594 0.112306 0.406514 178 145 97
-0.004939 0.112122 0.407138 180 147 98
-0.014257 0.130924 0.379659 146 140 132
-0.014069 0.130357 0.379607 146 139 131
-0.007441 0.112609 0.404453 63 54 47
-0.006883 0.112357 0.405528 136 112 82
-0.006306 0.112308 0.406067 181 149 102
-0.015293 0.130398 0.379628 149 143 134
-0.015383 0.129814 0.379722 148 141 133
-0.008811 0.113066 0.403424 182 151 107
-0.008087 0.112678 0.404378 131 106 76
-0.007698 0.112308 0.404986 43 34 30
-0.016327 0.129122 0.379834 150 143 135
-0.010531 0.114112 0.400900 183 153 109
-0.009827 0.113668 0.402083 183 153 109
-0.009401 0.113227 0.402852 186 158 112
-0.017423 0.128409 0.380028 153 146 136
-0.017167 0.127587 0.380074 155 147 137
-0.016265 0.124670 0.384667 128 109 83
-0.012508 0.115423 0.398226 169 135 92
-0.012099 0.115102 0.398899 95 77 59
-0.011454 0.114482 0.399976 112 93 71
-0.010970 0.114177 0.400694 186 158 114
-0.018301 0.127999 0.380276 154 147 136
-0.018409 0.127283 0.380439 154 144 131
-0.017604 0.124818 0.384110 119 98 72
-0.017238 0.124059 0.384940 125 98 71
-0.016840 0.123703 0.386057 119 95 69
-0.014811 0.117597 0.393765 166 135 97
-0.014603 0.117309 0.394804 153 123 84
-0.013887 0.116556 0.395950 86 67 51
-0.013303 0.116029 0.396973 176 146 105
-0.012981 0.115756 0.397703 179 149 105
-0.019256 0.126732 0.380910 152 141 125
-0.019377 0.125789 0.381469 149 130 108
-0.019062 0.124652 0.382250 144 119 93
-0.018510 0.124650 0.383726 126 101 75
-0.018354 0.124032 0.384770 120 92 66
-0.017573 0.123370 0.385886 124 103 93
-0.017963 0.121758 0.386572 72 55 41
-0.017670 0.121163 0.387786 65 52 41
-0.017409 0.120694 0.388665 96 78 58
-0.017062 0.120135 0.389688 163 130 89
-0.016535 0.119464 0.390779 146 112 76
-0.016296 0.119003 0.391694 95 73 52
-0.015606 0.118290 0.392698 102 82 62
-0.015259 0.117999 0.393639 155 125 90
-0.020246 0.126343 0.381201 150 137 119
-0.020359 0.125691 0.381749 128 110 89
-0.019773 0.124814 0.382732 140 113 84
-0.019380 0.124032 0.383650 141 110 78
-0.019064 0.123343 0.384488 134 102 70
-0.018805 0.122637 0.385701 136 103 70
-0.018425 0.121932 0.386692 116 89 61
-0.018072 0.121382 0.387722 71 56 44
-0.017793 0.120875 0.388569 88 70 51
-0.021925 0.125511 0.381071 81 79 77
-0.021597 0.125035 0.381661 60 57 53
-0.021337 0.124543 0.382491 59 55 51
-0.022790 0.125009 0.380964 81 79 78
-0.022726 0.124432 0.381625 57 54 53
-0.022323 0.123921 0.382533 54 51 50
-0.023939 0.124451 0.380686 102 101 100
-0.023516 0.123789 0.381584 83 81 80
-0.023291 0.123323 0.382412 104 103 102
-0.025675 0.124357 0.379922 75 74 72
-0.025110 0.123809 0.380404 67 66 66
-0.024702 0.123050 0.381296 68 66 66
-0.024545 0.122552 0.382332 82 81 82
-0.026408 0.123814 0.379862 120 120 117
-0.026160 0.123282 0.380328 85 85 85
-0.025771 0.122423 0.381079 65 66 66
-0.025655 0.121945 0.382176 72 73 72
-0.027769 0.123030 0.379712 148 147 145
-0.027260 0.122721 0.380086 129 129 127
-0.026850 0.121717 0.380976 98 99 98
-0.026735 0.121172 0.382155 101 102 101
-0.026752 0.120915 0.382934 101 101 101
-0.028716 0.122702 0.379624 101 99 100
-0.028316 0.122086 0.379959 100 100 100
-0.027860 0.121165 0.380781 80 80 82
-0.027792 0.120543 0.382241 70 70 70
-0.027637 0.120424 0.382854 77 76 75
-0.029591 0.122191 0.379599 100 102 102
-0.029373 0.121506 0.379897 99 100 101
-0.028892 0.120566 0.380661 90 90 91
-0.028723 0.119950 0.381906 98 99 99
-0.028669 0.119743 0.382773 112 113 113
-0.030533 0.120917 0.379945 142 142 143
-0.030225 0.119966 0.380556 123 124 125
-0.030040 0.119286 0.381776 103 104 106
-0.029877 0.119081 0.382698 111 112 113
-0.031767 0.120188 0.380014 91 92 94
-0.031401 0.119461 0.380641 65 65 67
-0.031066 0.118720 0.381846 57 57 59
-0.030692 0.118365 0.382742 69 68 69
-0.032729 0.119656 0.380107 64 63 65
-0.032621 0.119138 0.380580 50 50 52
-0.032154 0.118189 0.381907 46 46 48
-0.031974 0.117503 0.382798 60 59 61
-0.032131 0.117169 0.383312 76 76 78
-0.033740 0.119041 0.380183 77 76 77
-0.033735 0.118553 0.380627 71 71 73
-0.033434 0.117545 0.381679 73 74 76
-0.033167 0.117023 0.382542 106 106 108
-0.033079 0.116697 0.383464 132 132 134
-0.034688 0.117837 0.380842 144 145 146
-0.034518 0.117184 0.381468 142 143 146
-0.034072 0.116509 0.382453 152 153 155
-0.034236 0.115978 0.383392 157 158 160
-0.035378 0.117363 0.381032 159 159 160
-0.035566 0.116680 0.381630 152 153 156
-0.035446 0.116003 0.382400 153 153 157
-0.035163 0.115395 0.383379 157 157 160
-0.036475 0.116043 0.381797 162 163 163
-0.036282 0.115422 0.382536 157 158 160
-0.036287 0.114609 0.383500 148 148 150
-0.036179 0.114190 0.384140 122 123 123
-0.037210 0.114827 0.382727 149 150 149
-0.037115 0.114222 0.383435 103 103 105
-0.036959 0.113547 0.384377 74 74 74
-0.038290 0.113629 0.383550 67 67 67
-0.038130 0.113027 0.384286 65 65 65
0.041456 0.145109 0.403875 142 140 132
0.041795 0.144611 0.404355 116 95 83
0.042008 0.144276 0.405037 152 118 86
0.042035 0.143679 0.406024 180 153 105
0.040242 0.145238 0.402465 143 139 135
0.040896 0.145024 0.403251 123 114 112
0.041489 0.144544 0.403993 114 106 101
0.041699 0.143347 0.405253 163 134 97
0.041543 0.143086 0.406092 170 138 93
0.041533 0.142273 0.407233 178 148 99
0.042924 0.138361 0.412277 170 136 89
0.043343 0.137604 0.413372 128 93 63
0.043628 0.137039 0.414104 93 68 50
0.043907 0.136235 0.415139 99 69 51
0.044059 0.135590 0.416122 114 76 51
0.039544 0.145078 0.402236 153 145 137
0.039859 0.144575 0.403451 111 98 85
0.040004 0.143955 0.404495 145 123 98
0.040648 0.142738 0.405205 154 130 99
0.040939 0.142088 0.405958 164 134 94
0.040904 0.141574 0.407103 169 135 90
0.040837 0.140856 0.408276 168 135 89
0.041025 0.140174 0.409197 169 136 90
0.041340 0.139430 0.410387 166 131 85
0.041928 0.138628 0.411149 165 130 85
0.042475 0.138123 0.412050 163 127 81
0.043050 0.137700 0.412764 164 128 83
0.043854 0.135818 0.415390 70 57 47
0.043805 0.135443 0.416523 82 49 39
0.043766 0.134685 0.417229 92 57 42
0.043595 0.133935 0.418072 118 77 52
0.038183 0.144491 0.401989 144 136 128
0.038428 0.143841 0.403156 115 104 92
0.038832 0.143069 0.404131 148 130 107
0.039059 0.142389 0.404927 156 137 111
0.039397 0.141788 0.405987 159 137 107
0.040628 0.140560 0.407218 166 132 88
0.040544 0.140139 0.408056 165 132 89
0.040686 0.139601 0.409008 165 133 89
0.041006 0.139028 0.409680 164 131 87
0.041601 0.138109 0.410697 162 126 85
0.043182 0.133048 0.418381 109 71 51
0.042799 0.132605 0.418940 127 86 57
0.037091 0.143763 0.402137 152 146 137
0.037182 0.143110 0.403114 145 136 125
0.037620 0.142567 0.403766 141 131 117
0.037792 0.141827 0.404941 155 136 111
0.038100 0.141161 0.405986 155 137 113
0.042384 0.131954 0.419189 127 80 55
0.041986 0.131214 0.419691 82 47 33
0.036468 0.143330 0.402291 150 144 137
0.036288 0.142696 0.402729 153 146 137
0.036504 0.141934 0.403619 154 146 134
0.037003 0.141249 0.404980 158 139 116
0.037017 0.140947 0.406022 156 138 113
0.041421 0.130506 0.419975 95 60 38
0.040905 0.129814 0.420489 74 25 0
0.035286 0.142028 0.402963 156 150 139
0.035647 0.141532 0.403379 158 151 140
0.040552 0.129873 0.420269 129 84 47
0.040306 0.129452 0.420463 157 112 66
0.034156 0.141164 0.402989 155 149 139
0.034703 0.141156 0.403255 156 150 139
0.039185 0.128720 0.420596 179 143 95
0.032966 0.140722 0.402707 154 147 138
0.038177 0.127918 0.420760 155 121 79
0.031768 0.140271 0.402245 154 147 137
0.037134 0.127380 0.420755 125 88 55
0.030312 0.139935 0.401686 154 148 139
0.030943 0.140068 0.402013 154 147 138
0.035967 0.126731 0.420836 173 141 99
0.029360 0.139777 0.401336 156 149 139
0.035088 0.126284 0.420809 137 104 72
0.027830 0.139630 0.400494 159 153 143
0.028386 0.139592 0.400845 157 151 141
0.033840 0.125580 0.420650 140 110 78
0.026448 0.139406 0.399367 160 153 142
0.026765 0.139486 0.399992 158 151 142
0.032705 0.125064 0.420491 180 151 112
0.025345 0.139414 0.398949 158 150 140
0.031446 0.124500 0.420317 165 133 95
0.023920 0.139433 0.398122 158 151 139
0.024664 0.139168 0.398448 158 150 139
0.030452 0.123873 0.420156 164 132 91
0.022403 0.139354 0.397054 157 149 137
0.023149 0.139406 0.397680 157 149 138
0.029386 0.123310 0.420021 113 89 69
0.020973 0.139307 0.395975 155 147 134
0.021603 0.139295 0.396547 156 148 136
0.028240 0.122831 0.419884 89 67 55
0.019486 0.139441 0.394885 153 144 130
0.020151 0.139387 0.395534 153 144 131
0.027019 0.122340 0.419749 86 67 55
0.018042 0.139686 0.393775 153 143 127
0.018648 0.139446 0.394416 152 142 127
0.025851 0.121711 0.419472 103 79 60
0.016704 0.139591 0.392696 152 141 123
0.017229 0.139500 0.393366 150 139 123
0.024729 0.121166 0.419286 107 81 60
0.015225 0.139631 0.391455 152 140 118
0.015762 0.139582 0.392302 149 136 117
0.016657 0.139045 0.392620 148 136 118
0.023523 0.121325 0.419313 89 68 55
0.023769 0.120585 0.419041 90 67 50
0.013976 0.139804 0.390467 150 137 114
0.014459 0.139658 0.391222 147 134 113
0.015076 0.139471 0.391913 147 133 115
0.022261 0.120142 0.418746 95 69 55
0.022570 0.120113 0.418918 116 85 57
0.012627 0.139880 0.389415 148 133 108
0.013002 0.139814 0.390203 144 128 107
0.013567 0.139560 0.390701 143 128 109
0.021209 0.119703 0.418510 79 63 53
0.010749 0.140520 0.388459 146 130 101
0.011726 0.139805 0.389107 141 124 101
0.012402 0.139592 0.389620 142 125 103
0.020122 0.119409 0.418331 70 59 53
0.010174 0.139921 0.387926 136 117 92
0.010810 0.139842 0.388664 137 119 96
0.010941 0.138560 0.390239 137 119 94
0.011047 0.137758 0.390798 138 120 94
0.011435 0.137372 0.391867 141 122 95
0.011837 0.136384 0.392905 142 121 94
0.011844 0.135875 0.394218 143 122 93
0.019142 0.119084 0.417393 48 44 41
0.018890 0.118913 0.418030 93 70 56
0.008634 0.140070 0.386940 132 112 85
0.009351 0.139623 0.387241 130 110 85
0.009928 0.137938 0.390120 136 116 89
0.009761 0.137023 0.390997 138 117 87
0.010344 0.136626 0.391755 139 120 91
0.010709 0.135825 0.392631 141 122 95
0.010817 0.135134 0.393656 143 122 93
0.017865 0.118276 0.417754 138 106 76
0.007192 0.140046 0.385851 128 105 76
0.008154 0.139887 0.386509 130 109 82
0.008725 0.137220 0.389993 134 111 82
0.008933 0.136465 0.390668 139 116 85
0.008960 0.135820 0.391947 137 116 88
0.009283 0.135179 0.393164 144 123 92
0.009872 0.134548 0.393888 146 122 89
0.015915 0.118130 0.417556 61 46 41
0.016670 0.117785 0.417571 122 88 60
0.005766 0.139926 0.385023 127 105 76
0.006439 0.139935 0.385397 126 103 74
0.007674 0.137122 0.390259 141 114 82
0.008123 0.136146 0.390674 140 116 84
0.008491 0.135335 0.391640 141 118 85
0.008529 0.134711 0.392630 143 118 86
0.009099 0.133846 0.393728 143 119 87
0.015255 0.117477 0.417167 98 74 58
0.015650 0.117362 0.417373 122 93 62
0.005019 0.139763 0.384634 128 106 79
0.006666 0.136120 0.389839 140 115 83
0.006934 0.135432 0.390681 145 119 86
0.007044 0.134972 0.391337 143 118 85
0.007520 0.134101 0.392520 143 116 85
0.014303 0.116999 0.416991 147 115 80
0.014862 0.117122 0.417298 55 21 22
0.003359 0.139561 0.383774 126 107 82
0.003802 0.139586 0.384048 126 106 81
0.013002 0.116493 0.416648 150 117 83
0.002412 0.139338 0.383368 127 108 84
0.011922 0.116194 0.416384 111 89 67
0.000763 0.139081 0.382607 131 111 87
0.001435 0.139130 0.382921 127 108 86
0.010577 0.115714 0.415801 124 97 72
0.011031 0.115862 0.416136 91 71 57
0.000070 0.138757 0.382425 131 112 90
0.009633 0.115471 0.415552 174 139 95
-0.001194 0.138265 0.381998 134 117 96
0.008264 0.114994 0.415057 175 141 96
-0.002395 0.137867 0.381787 136 120 100
0.006758 0.114676 0.414383 90 73 60
0.007490 0.114769 0.414771 154 119 85
-0.003670 0.137452 0.381233 140 127 106
-0.003584 0.137299 0.381546 137 122 103
0.005698 0.114378 0.413980 95 76 62
-0.004909 0.136946 0.381209 141 128 108
-0.004550 0.136870 0.381447 138 123 104
0.004083 0.114165 0.413287 172 136 92
0.004611 0.114084 0.413624 173 141 96
-0.005719 0.136420 0.381022 141 127 110
-0.005819 0.136191 0.381210 138 123 107
0.003420 0.113822 0.413020 178 144 99
0.003769 0.114277 0.413745 183 153 102
-0.006999 0.135925 0.381043 139 127 111
-0.006797 0.135584 0.381095 137 124 108
0.002144 0.113505 0.412463 176 143 98
-0.008236 0.135175 0.380807 137 125 110
0.000866 0.113331 0.411839 97 76 62
0.001368 0.113210 0.412197 136 108 72
-0.009368 0.134800 0.380696 138 126 112
-0.000830 0.113194 0.410946 154 116 75
-0.000195 0.113175 0.411378 153 120 80
-0.010417 0.134117 0.380486 140 129 115
-0.001637 0.113019 0.410602 153 119 84
-0.011438 0.133503 0.380346 141 131 120
-0.003278 0.112874 0.409451 131 104 74
-0.002652 0.112837 0.410077 71 61 52
-0.012601 0.132934 0.380289 143 134 124
-0.004632 0.112973 0.408403 176 141 93
-0.003937 0.112956 0.409089 173 138 91
-0.013676 0.132372 0.380221 145 137 128
-0.006160 0.113211 0.407222 177 142 95
-0.005444 0.112978 0.407956 179 145 96
-0.014801 0.131936 0.380260 146 138 128
-0.007428 0.113227 0.406324 143 118 84
-0.006811 0.113106 0.406770 181 148 101
-0.015827 0.131162 0.380209 147 139 131
-0.016055 0.130714 0.380306 146 138 130
-0.014096 0.126628 0.386417 101 85 63
-0.013458 0.125302 0.388349 103 84 62
-0.009340 0.113928 0.404176 182 150 107
-0.008634 0.113628 0.405159 124 100 74
-0.008348 0.113279 0.405664 49 36 31
-0.016885 0.130356 0.380025 154 148 138
-0.016915 0.130155 0.380357 147 140 132
-0.015625 0.126343 0.385992 89 76 58
-0.015329 0.125878 0.386800 87 71 53
-0.015161 0.125269 0.387567 96 79 57
-0.014933 0.124522 0.388470 95 75 53
-0.011036 0.114816 0.401757 185 155 111
-0.010367 0.114481 0.402850 183 153 109
-0.009841 0.114035 0.403629 184 156 111
-0.017801 0.130296 0.380275 157 153 142
-0.017969 0.129482 0.380473 150 144 136
-0.017208 0.126631 0.384305 103 88 68
-0.016430 0.125947 0.385815 106 88 68
-0.016294 0.125332 0.386663 84 69 53
-0.015933 0.124940 0.387461 81 67 51
-0.015291 0.124344 0.388442 101 83 63
-0.013118 0.116291 0.399034 172 138 94
-0.012632 0.115883 0.399608 104 84 63
-0.012008 0.115275 0.400814 110 91 70
-0.011487 0.114968 0.401456 187 160 115
-0.018945 0.128773 0.380735 152 145 135
-0.019091 0.128046 0.380933 153 144 130
-0.018357 0.125883 0.384487 107 89 67
-0.017723 0.125265 0.385944 107 87 64
-0.017378 0.124514 0.386809 109 88 64
-0.017203 0.124202 0.387490 97 78 57
-0.016671 0.123625 0.388272 116 95 69
-0.015346 0.118290 0.394822 157 125 88
-0.015113 0.118038 0.395597 141 111 76
-0.014526 0.117386 0.396694 82 64 50
-0.013959 0.116880 0.397644 173 144 104
-0.013326 0.116319 0.398424 178 149 104
-0.019882 0.128345 0.381063 152 144 133
-0.019942 0.127583 0.381152 150 140 127
-0.019763 0.125975 0.382377 142 114 85
-0.019154 0.126273 0.383763 100 82 63
-0.018946 0.125518 0.384689 109 89 66
-0.018591 0.124740 0.385534 111 86 61
-0.018332 0.124101 0.386464 116 91 71
-0.018031 0.123547 0.387794 110 83 56
-0.017745 0.123440 0.388548 120 99 72
-0.017934 0.121443 0.389743 85 69 54
-0.017637 0.120895 0.390530 158 125 87
-0.017170 0.120294 0.391550 139 107 72
-0.016865 0.119833 0.392384 87 65 48
-0.016177 0.119151 0.393521 122 96 69
-0.015718 0.118645 0.394430 155 124 89
-0.015432 0.118182 0.395346 171 144 96
-0.021007 0.126968 0.381410 125 115 103
-0.020801 0.126159 0.382174 114 97 80
-0.020434 0.125273 0.383365 95 78 64
-0.020173 0.124704 0.384395 105 84 65
-0.019918 0.124184 0.385297 115 88 63
-0.019516 0.123469 0.386381 114 85 59
-0.019157 0.122799 0.387410 122 92 63
-0.018893 0.122311 0.388376 93 71 51
-0.018250 0.121543 0.389330 86 69 51
-0.017943 0.121067 0.390283 173 140 94
-0.022489 0.127036 0.380851 131 130 127
-0.021988 0.126268 0.381046 100 97 96
-0.021655 0.125583 0.382121 59 54 52
-0.021416 0.124939 0.383281 55 49 47
-0.021346 0.124462 0.384340 58 53 52
-0.023576 0.126448 0.380592 136 135 133
-0.023076 0.125750 0.380725 120 119 118
-0.022801 0.124923 0.382118 45 43 43
-0.022767 0.124319 0.383535 36 34 33
-0.022673 0.123779 0.383955 57 56 53
-0.024625 0.125803 0.380314 132 130 129
-0.023974 0.125097 0.380578 118 116 116
-0.023556 0.123597 0.382801 78 77 77
-0.023469 0.123405 0.383990 97 96 94
-0.025751 0.125197 0.380099 69 67 69
-0.025412 0.124256 0.380550 50 49 51
-0.024437 0.122739 0.382966 87 87 86
-0.024761 0.122654 0.383834 83 83 84
-0.026815 0.124543 0.379918 85 84 85
-0.026257 0.123969 0.380308 63 62 64
-0.025635 0.122109 0.382952 57 58 58
-0.025761 0.121993 0.383718 72 73 73
-0.027924 0.124060 0.379786 117 117 116
-0.027544 0.123417 0.380086 128 126 124
-0.026679 0.121545 0.382838 71 72 70
-0.026922 0.121220 0.383780 93 93 92
-0.029055 0.123413 0.379692 109 109 110
-0.027864 0.120763 0.382786 61 61 61
-0.027918 0.120646 0.383583 69 69 68
-0.027743 0.120849 0.384686 105 103 105
-0.030046 0.122821 0.379663 115 116 117
-0.028811 0.120074 0.383680 95 97 96
-0.029157 0.119894 0.384573 127 129 127
-0.031296 0.122115 0.379765 143 144 144
-0.031176 0.121476 0.379815 146 145 145
-0.030005 0.119101 0.383544 91 91 92
-0.030148 0.119239 0.384456 99 99 100
-0.032403 0.121721 0.379929 83 84 86
-0.032212 0.121027 0.379936 85 85 88
-0.031149 0.118837 0.383078 44 44 44
-0.031152 0.118468 0.384452 65 64 65
-0.033094 0.121420 0.380027 62 63 67
-0.033278 0.120517 0.380115 60 61 63
-0.032366 0.118253 0.382475 36 37 38
-0.032151 0.118335 0.382939 38 38 39
-0.032241 0.117859 0.384284 54 53 55
-0.034426 0.119774 0.380310 89 91 94
-0.034462 0.118700 0.380569 95 98 104
-0.033204 0.117598 0.382989 41 40 41
-0.033049 0.116943 0.384163 109 110 111
-0.033378 0.116761 0.385091 140 141 142
-0.035444 0.119200 0.380549 143 144 146
-0.035181 0.118439 0.380750 141 143 145
-0.033925 0.116204 0.384213 158 160 161
-0.034231 0.116021 0.385173 155 156 157
-0.036294 0.118863 0.380745 157 158 159
-0.036378 0.118056 0.381115 151 151 154
-0.036028 0.116943 0.381664 142 142 148
-0.036124 0.116202 0.382184 140 143 147
-0.034948 0.115353 0.384221 157 157 160
-0.035195 0.115126 0.385166 140 140 141
-0.035415 0.114766 0.385999 108 107 109
-0.037303 0.117535 0.381431 154 154 156
-0.037209 0.116728 0.381852 144 145 149
-0.036829 0.115613 0.382688 133 134 139
-0.036647 0.115028 0.383263 122 123 128
-0.036170 0.114377 0.384877 77 75 79
-0.036179 0.114059 0.386036 64 64 63
-0.036535 0.113485 0.386841 81 80 77
-0.038187 0.117133 0.381721 156 156 157
-0.038190 0.116334 0.382119 152 153 155
-0.037953 0.115153 0.382705 123 125 128
-0.037569 0.114371 0.383550 57 57 59
-0.037369 0.113939 0.384813 38 38 40
-0.037141 0.113274 0.385896 56 56 56
-0.037149 0.112918 0.386849 64 63 62
-0.038914 0.115707 0.382508 141 144 146
-0.038957 0.115053 0.382954 80 81 84
-0.038902 0.114220 0.383820 38 38 40
-0.038612 0.113371 0.384887 37 37 39
-0.038282 0.112782 0.386148 33 33 35
-0.038100 0.111987 0.387214 84 83 85
-0.037988 0.111850 0.387747 127 129 129
-0.039903 0.114448 0.383368 59 59 61
-0.039976 0.113795 0.383866 56 56 57
-0.039534 0.112965 0.384839 41 42 43
-0.039339 0.111905 0.385863 67 68 70
-0.039098 0.111466 0.386664 116 117 119
-0.038809 0.111124 0.387758 161 162 164
-0.038853 0.110470 0.388659 170 171 171
-0.040736 0.112354 0.385080 74 75 77
-0.040639 0.111701 0.385802 129 130 133
-0.040095 0.110981 0.386768 159 160 164
-0.040140 0.110365 0.387700 155 157 162
-0.039808 0.109646 0.388794 159 159 163
-0.039819 0.108854 0.389884 137 138 139
-0.041222 0.111290 0.386211 157 157 162
-0.041274 0.110561 0.386878 160 161 164
-0.041130 0.109833 0.387811 158 159 162
-0.040805 0.108927 0.388849 157 159 160
-0.040589 0.108323 0.389849 90 90 92
-0.040467 0.107566 0.390936 81 79 80
-0.040275 0.107023 0.391750 160 160 160
-0.040229 0.106410 0.392524 108 106 103
-0.042018 0.109394 0.387823 166 167 168
-0.041734 0.108519 0.388887 121 122 125
-0.041574 0.107930 0.389717 67 68 69
-0.041364 0.107102 0.390753 99 99 100
-0.041143 0.106579 0.391644 145 146 147
-0.040940 0.105686 0.392785 70 70 70
-0.040840 0.104899 0.393795 153 154 154
-0.040626 0.104384 0.394577 160 162 162
-0.039285 0.100422 0.400049 127 128 119
-0.038570 0.099390 0.401699 155 157 155
-0.042137 0.106768 0.390772 149 151 150
-0.041940 0.106019 0.391766 151 152 151
-0.041722 0.105183 0.392770 78 79 79
-0.041601 0.104574 0.393592 151 153 154
-0.041269 0.103692 0.394878 102 102 103
-0.041221 0.103017 0.395706 100 102 102
-0.040800 0.102606 0.396500 153 156 156
-0.040582 0.101103 0.398381 100 99 95
-0.039637 0.100721 0.399436 69 70 66
-0.039040 0.099634 0.401111 154 155 152
-0.042757 0.104652 0.392542 0 0 2
0.041531 0.145517 0.405130 108 73 54
0.041855 0.145151 0.405786 162 121 80
0.041712 0.144395 0.406657 180 147 100
0.039830 0.145827 0.403006 176 169 157
0.040346 0.145640 0.404027 105 92 83
0.040765 0.145466 0.404676 89 81 71
0.041317 0.143777 0.406918 175 141 93
0.041164 0.143162 0.407912 180 146 97
0.041109 0.142334 0.408767 182 151 102
0.042183 0.139694 0.412564 172 137 87
0.042514 0.139137 0.413109 171 135 85
0.042811 0.138496 0.414029 146 108 70
0.043150 0.137861 0.414879 102 72 51
0.043393 0.137052 0.415918 110 78 57
0.043599 0.136395 0.416778 133 95 59
0.039031 0.145626 0.402937 152 141 130
0.039245 0.145450 0.403820 95 82 72
0.039519 0.144927 0.404740 123 102 78
0.039698 0.144734 0.405875 152 134 109
0.040781 0.142469 0.408148 174 138 88
0.040760 0.141635 0.409000 173 138 90
0.040835 0.140948 0.409924 173 139 91
0.041060 0.140299 0.410882 171 136 88
0.041698 0.139675 0.411859 169 132 83
0.042006 0.139248 0.412840 165 126 76
0.043262 0.136784 0.416078 82 56 46
0.043268 0.136222 0.417173 90 54 45
0.043265 0.135356 0.417953 93 55 38
0.043209 0.134488 0.418557 105 65 44
0.043284 0.133996 0.419420 0 0 0
0.037777 0.145300 0.402748 144 135 126
0.038069 0.144616 0.403767 103 91 79
0.038197 0.143993 0.404961 136 116 92
0.038480 0.143464 0.405681 162 137 104
0.038627 0.142770 0.406755 166 141 105
0.042691 0.134152 0.419113 98 60 42
0.042206 0.133290 0.419768 123 78 51
0.036539 0.144714 0.402633 147 139 131
0.036864 0.143852 0.403909 127 117 105
0.037192 0.143257 0.404677 131 121 106
0.037254 0.142748 0.405659 153 134 107
0.037755 0.141810 0.406664 161 142 112
0.041820 0.132677 0.420048 105 67 46
0.041496 0.132170 0.420498 102 64 40
0.035788 0.144149 0.402952 147 141 131
0.035658 0.143448 0.403496 147 140 129
0.035760 0.142839 0.404341 148 139 126
0.036474 0.142267 0.405625 154 136 112
0.036691 0.141536 0.406659 143 127 101
0.040771 0.131299 0.420862 140 101 66
0.034744 0.142818 0.403608 154 146 135
0.035069 0.142651 0.404225 155 147 135
0.040022 0.130577 0.420919 122 80 51
0.039751 0.130451 0.421325 152 112 70
0.033657 0.142111 0.403666 152 144 134
0.033884 0.142356 0.404366 154 146 135
0.038709 0.129680 0.421383 133 96 63
0.032461 0.141655 0.403436 155 148 137
0.037737 0.129056 0.421501 121 83 52
0.031278 0.141210 0.403094 154 148 137
0.036620 0.128211 0.421504 126 91 59
0.029902 0.140774 0.402435 154 147 136
0.030377 0.140925 0.402859 153 145 135
0.035470 0.127613 0.421594 171 139 98
0.036288 0.127319 0.421470 47 9 0
0.028930 0.140645 0.402100 154 147 136
0.034603 0.127083 0.421502 133 100 69
0.034392 0.127199 0.421988 111 81 51
0.027246 0.140491 0.401246 159 152 142
0.027950 0.140458 0.401693 157 150 139
0.033344 0.126471 0.421420 132 99 68
0.033470 0.126200 0.421577 2 0 0
0.025880 0.140172 0.399930 162 155 143
0.026376 0.140337 0.400703 158 151 141
0.032267 0.125879 0.421132 165 130 90
0.032364 0.125246 0.421164 25 0 0
0.024773 0.140210 0.399670 159 151 141
0.025447 0.140311 0.400483 159 151 140
0.031075 0.125304 0.421009 157 123 85
0.023440 0.140178 0.398796 157 149 137
0.023744 0.140224 0.399440 156 147 136
0.029992 0.124739 0.420881 111 83 59
0.021955 0.140127 0.397771 156 147 135
0.022746 0.140041 0.398258 157 149 137
0.028774 0.124161 0.420811 116 90 64
0.020447 0.140226 0.396669 157 149 136
0.021003 0.140170 0.397239 157 148 135
0.027741 0.123607 0.420629 147 113 77
0.019072 0.140223 0.395487 157 149 133
0.019655 0.140181 0.396214 157 148 134
0.026525 0.123063 0.420471 117 91 68
0.017577 0.140435 0.394596 154 142 126
0.018194 0.140236 0.395144 155 144 129
0.025248 0.122523 0.420179 76 60 52
0.016214 0.140379 0.393394 154 141 123
0.016691 0.140354 0.394057 152 140 123
0.024299 0.122053 0.420088 116 91 66
0.014782 0.140552 0.392334 155 144 121
0.015281 0.140418 0.392966 153 140 119
0.015942 0.139982 0.393518 152 138 119
0.022785 0.121765 0.419714 109 81 59
0.023298 0.121553 0.419807 130 100 71
0.013230 0.140835 0.391324 153 139 115
0.014031 0.140511 0.391909 151 136 114
0.014556 0.140312 0.392638 150 135 116
0.021694 0.120958 0.419462 118 89 65
0.022044 0.121101 0.419775 150 119 79
0.011995 0.140876 0.390120 151 135 109
0.012649 0.140598 0.390865 149 133 110
0.013207 0.140464 0.391418 147 132 111
0.020620 0.120664 0.419245 90 70 56
0.021156 0.120576 0.419526 165 126 83
0.010528 0.141146 0.389113 148 131 103
0.011179 0.140736 0.389780 145 128 103
0.019666 0.120244 0.419057 69 60 53
0.008930 0.141283 0.388145 143 125 95
0.009688 0.140844 0.388615 141 122 96
0.010214 0.141116 0.389578 145 126 101
0.011208 0.138060 0.391872 139 119 94
0.011452 0.136928 0.393449 142 122 96
0.018537 0.119755 0.418780 113 89 68
0.007588 0.141261 0.387140 141 120 89
0.008164 0.140939 0.387543 137 117 88
0.008965 0.140849 0.388245 137 117 92
0.010094 0.136338 0.393132 141 120 93
0.017318 0.119146 0.418473 153 121 86
0.006710 0.141028 0.386510 132 106 73
0.007588 0.140843 0.387158 136 113 84
0.009656 0.136137 0.393122 147 122 92
0.009198 0.135368 0.393671 147 122 93
0.015545 0.119101 0.418430 144 106 74
0.016102 0.118708 0.418390 152 120 83
0.005495 0.140906 0.385664 122 96 66
0.006006 0.140886 0.385957 125 99 67
0.007761 0.135827 0.392030 143 118 88
0.008277 0.135284 0.393085 145 120 90
0.008795 0.134506 0.394251 147 121 88
0.014919 0.118244 0.417817 76 63 55
0.015126 0.118483 0.418377 91 74 56
0.004419 0.140737 0.385250 127 105 77
0.013767 0.117832 0.417702 120 94 69
0.014206 0.117501 0.417880 32 12 15
0.002948 0.140490 0.384439 126 106 82
0.003387 0.140461 0.384725 127 107 82
0.012647 0.117556 0.417387 174 140 95
0.001859 0.140244 0.383963 126 107 83
0.011357 0.116962 0.416999 164 132 90
0.000363 0.139920 0.383336 129 110 87
0.000870 0.140064 0.383701 128 109 86
0.009917 0.116556 0.416488 121 94 69
0.010518 0.116632 0.416803 91 71 57
-0.000499 0.139555 0.383029 132 113 90
0.009075 0.116276 0.416214 171 137 93
-0.001763 0.139174 0.382721 135 117 96
0.007725 0.115886 0.415753 177 141 97
-0.003310 0.138534 0.381947 140 125 104
-0.003019 0.138766 0.382409 137 120 100
0.006307 0.115592 0.415203 109 87 67
0.006951 0.115594 0.415448 166 130 90
-0.004200 0.138328 0.382084 138 124 104
-0.004020 0.138216 0.382194 137 121 102
0.005235 0.115278 0.414762 93 74 61
0.005823 0.115316 0.415643 30 18 21
-0.005274 0.137747 0.381899 140 125 106
-0.005212 0.137588 0.381997 138 122 104
0.003781 0.115112 0.414231 174 139 95
0.004153 0.114995 0.414372 164 134 91
-0.006424 0.137095 0.381682 140 125 107
-0.006472 0.137250 0.382108 137 123 105
0.002812 0.114759 0.413794 177 143 97
-0.007539 0.136514 0.381630 138 125 109
-0.007309 0.136740 0.382007 137 124 107
0.000836 0.114651 0.413060 134 106 83
0.001660 0.114415 0.413176 174 138 92
-0.008634 0.136056 0.381399 138 125 110
0.000401 0.114342 0.412618 106 82 65
0.000942 0.114012 0.412831 154 124 80
-0.009723 0.135563 0.381282 137 125 111
-0.001320 0.114077 0.411661 153 115 76
-0.000618 0.114012 0.412033 145 111 74
-0.010908 0.135077 0.381231 137 125 112
-0.002128 0.113848 0.411208 149 116 81
-0.012027 0.134407 0.381050 139 128 116
-0.003886 0.113906 0.410176 127 101 72
-0.002980 0.113665 0.410757 82 69 57
-0.013142 0.133816 0.380943 141 131 120
-0.005092 0.113892 0.409188 176 142 93
-0.004348 0.113699 0.409682 173 138 91
-0.014189 0.133286 0.380902 143 133 124
-0.006726 0.114072 0.408010 179 145 97
-0.005953 0.113914 0.408675 180 147 97
-0.015225 0.132691 0.380863 145 136 127
-0.008841 0.114919 0.406538 66 55 48
-0.007844 0.114097 0.407031 148 122 87
-0.007291 0.114048 0.407517 182 149 101
-0.016326 0.131975 0.380760 147 139 129
-0.016751 0.131949 0.381343 147 140 131
-0.014649 0.127069 0.387196 95 80 61
-0.014024 0.126271 0.389375 103 85 60
-0.009807 0.114826 0.404982 184 153 108
-0.009086 0.114444 0.405725 122 98 73
-0.008782 0.114029 0.406519 15 2 0
-0.017322 0.131381 0.380878 149 141 132
-0.017567 0.131065 0.381065 147 139 130
-0.015934 0.127345 0.386878 89 75 56
-0.015743 0.126465 0.387668 84 68 51
-0.015683 0.125982 0.388395 85 69 52
-0.015868 0.125627 0.389430 85 64 45
-0.011669 0.115812 0.402486 185 155 111
-0.010904 0.115459 0.403622 183 154 109
-0.010341 0.114996 0.404363 184 155 110
-0.018110 0.130881 0.380860 150 143 134
-0.018597 0.130387 0.381056 149 141 133
-0.017806 0.127681 0.385601 105 90 68
-0.017000 0.126772 0.386548 87 72 54
-0.016773 0.126113 0.387508 81 65 48
-0.016414 0.125559 0.388277 80 65 48
-0.016046 0.124825 0.389046 96 77 55
-0.013905 0.117613 0.398923 166 127 85
-0.013573 0.117139 0.399736 173 139 95
-0.013153 0.116755 0.400356 100 80 61
-0.012494 0.116173 0.401551 115 95 74
-0.011996 0.115927 0.402160 186 158 114
-0.019551 0.129540 0.381407 150 142 133
-0.018889 0.127467 0.384828 96 80 62
-0.018474 0.126628 0.385475 98 80 64
-0.018309 0.125968 0.386407 99 81 60
-0.017711 0.125449 0.387446 97 77 55
-0.017634 0.125014 0.388200 94 74 52
-0.017301 0.124707 0.389251 103 82 58
-0.016017 0.119517 0.396097 171 137 93
-0.015670 0.118998 0.396234 149 117 81
-0.014989 0.118231 0.397410 82 65 52
-0.014492 0.117776 0.398321 170 142 103
-0.013949 0.117289 0.399192 179 150 105
-0.020473 0.128868 0.381548 148 141 130
-0.020542 0.128534 0.381796 147 138 126
-0.019916 0.127238 0.383149 127 112 94
-0.019724 0.127087 0.384405 94 77 59
-0.019235 0.126163 0.385418 94 75 56
-0.019099 0.125678 0.386194 103 82 59
-0.018861 0.124919 0.387413 104 81 58
-0.018822 0.124050 0.388121 107 80 57
-0.019123 0.123827 0.389218 87 66 50
-0.018511 0.122377 0.390476 85 68 52
-0.018155 0.121710 0.391187 154 123 87
-0.017643 0.121105 0.392329 127 98 68
-0.017388 0.120724 0.393085 78 61 46
-0.016755 0.120020 0.394206 126 100 72
-0.016222 0.119469 0.395260 164 132 93
-0.015788 0.118753 0.396210 139 112 73
-0.021956 0.128239 0.381468 120 117 114
-0.021457 0.127952 0.381700 125 118 108
-0.021172 0.127321 0.382892 107 92 76
-0.020877 0.126213 0.383979 99 85 70
-0.020607 0.125530 0.385204 87 72 60
-0.020282 0.124930 0.386002 104 79 59
-0.020030 0.124134 0.387137 104 77 54
-0.019685 0.123695 0.388107 118 88 61
-0.019395 0.123152 0.389077 102 75 53
-0.018807 0.122421 0.390121 84 67 51
-0.018476 0.121945 0.390940 174 141 94
-0.022762 0.127640 0.381142 128 126 124
-0.022088 0.127282 0.381773 97 95 90
-0.022139 0.126336 0.383150 66 62 57
-0.022194 0.125870 0.383738 68 63 56
-0.021644 0.125037 0.385042 50 44 46
-0.021385 0.124821 0.386013 74 66 55
-0.020818 0.124369 0.386689 128 98 65
-0.024004 0.127292 0.380874 140 136 134
-0.023243 0.125808 0.382945 53 54 52
-0.023156 0.124676 0.383706 43 41 41
-0.023001 0.124560 0.384729 39 36 36
-0.022432 0.124406 0.385555 70 68 66
-0.025218 0.126795 0.380597 137 135 133
-0.023861 0.125071 0.383408 65 65 61
-0.023846 0.123805 0.384913 86 83 81
-0.026597 0.126718 0.380402 82 84 84
-0.026199 0.126326 0.380374 80 79 80
-0.025075 0.123136 0.384997 83 83 83
-0.027667 0.126247 0.380364 73 73 75
-0.027305 0.125683 0.380186 69 70 71
-0.026080 0.122644 0.384859 61 62 61
-0.026614 0.122415 0.385404 87 86 85
-0.028750 0.125674 0.380229 105 108 108
-0.028624 0.125183 0.380137 99 100 101
-0.027153 0.121824 0.384795 84 85 84
-0.027477 0.121729 0.385301 117 115 114
-0.029631 0.125109 0.380136 118 121 121
-0.029707 0.124421 0.380066 110 112 114
-0.028263 0.121064 0.384538 62 64 64
-0.028454 0.121200 0.385307 83 81 81
-0.030761 0.123942 0.380128 134 135 136
-0.028965 0.120591 0.384498 72 73 73
-0.029246 0.120308 0.384998 96 96 96
-0.031872 0.123146 0.380135 137 137 137
-0.030289 0.119705 0.385192 84 83 82
-0.032878 0.122467 0.380307 75 76 78
-0.033037 0.121703 0.380392 62 63 65
-0.031339 0.119042 0.384997 50 50 50
-0.032073 0.118732 0.386008 72 71 68
-0.033998 0.121883 0.380527 69 69 71
-0.033893 0.121318 0.380442 62 63 65
-0.032580 0.118376 0.385124 43 42 43
-0.032661 0.117950 0.385800 77 76 77
-0.034798 0.121576 0.380671 86 88 92
-0.035010 0.120815 0.380618 104 105 108
-0.033074 0.117496 0.385094 56 55 55
-0.033619 0.117231 0.385997 100 99 101
-0.036023 0.120120 0.380909 148 149 151
-0.034410 0.116428 0.386117 130 130 132
-0.034769 0.116306 0.386733 128 129 129
-0.036940 0.119437 0.381185 157 157 159
-0.037160 0.118925 0.381404 153 154 157
-0.034981 0.115951 0.385834 115 116 116
-0.035458 0.115371 0.386691 94 92 94
-0.037892 0.118316 0.381692 152 153 155
-0.038013 0.117210 0.381965 151 153 155
-0.036413 0.114860 0.386919 44 42 45
-0.036405 0.114135 0.387492 73 71 71
-0.038783 0.117740 0.382104 155 156 156
-0.038801 0.117025 0.382306 147 149 151
-0.038898 0.115868 0.382745 94 98 102
-0.037379 0.113897 0.386640 31 30 33
-0.037160 0.113300 0.387783 58 57 58
-0.037507 0.112753 0.388376 76 74 75
-0.039644 0.116318 0.382836 123 125 128
-0.039858 0.115497 0.383196 72 74 78
-0.038244 0.113281 0.386734 26 24 27
-0.038059 0.112716 0.387393 44 43 45
-0.038116 0.111945 0.388549 128 128 130
-0.038248 0.111728 0.389476 149 149 151
-0.040635 0.115182 0.383683 68 69 72
-0.040243 0.114048 0.384191 43 43 45
-0.040246 0.113150 0.384961 31 32 35
-0.038783 0.111113 0.388528 155 156 159
-0.039049 0.110589 0.389085 152 153 157
-0.039065 0.110173 0.390691 121 122 125
-0.039121 0.109755 0.391366 83 82 85
-0.041446 0.113891 0.384637 66 67 68
-0.041138 0.112719 0.385192 79 79 82
-0.041025 0.112004 0.385663 110 111 114
-0.040076 0.110300 0.388315 139 143 148
-0.039654 0.109856 0.389243 143 145 149
-0.039618 0.109216 0.390379 109 109 113
-0.039543 0.108851 0.391361 73 72 74
-0.039461 0.108124 0.392559 146 146 146
-0.039511 0.107611 0.393542 110 110 108
-0.037067 0.101116 0.402881 126 113 110
-0.036518 0.100252 0.403891 87 77 77
-0.036142 0.099703 0.404731 101 92 90
-0.035704 0.099022 0.405800 97 85 88
-0.035485 0.098275 0.406645 121 107 109
-0.035138 0.097639 0.407759 123 108 110
-0.034866 0.096905 0.408718 128 116 117
-0.034610 0.096382 0.409519 69 67 71
-0.034228 0.095688 0.410818 92 93 95
-0.042202 0.113410 0.385084 99 100 102
-0.042045 0.112574 0.385562 132 133 137
-0.042104 0.111762 0.386230 150 151 155
-0.041855 0.110656 0.387098 148 149 153
-0.041706 0.110012 0.387664 160 162 164
-0.040933 0.109339 0.388794 133 138 142
-0.040325 0.108547 0.390309 74 74 76
-0.040361 0.107982 0.391172 66 65 66
-0.040044 0.107361 0.392242 112 112 113
-0.039971 0.106812 0.393324 78 77 78
-0.039838 0.106129 0.394475 95 96 97
-0.039739 0.105387 0.395510 131 133 133
-0.039669 0.104803 0.396448 89 87 91
-0.039401 0.104184 0.397588 113 114 117
-0.039100 0.103306 0.398468 65 64 65
-0.038675 0.102586 0.399569 61 61 60
-0.038381 0.101959 0.400395 106 97 94
-0.038007 0.101103 0.401550 113 101 103
-0.037535 0.100525 0.402465 109 98 98
-0.037232 0.099816 0.403271 69 64 66
-0.036841 0.098986 0.404440 77 72 73
-0.036426 0.098014 0.405316 70 67 69
-0.036183 0.097388 0.406151 127 121 122
-0.035886 0.096873 0.407467 126 116 120
-0.035628 0.096096 0.408403 132 126 128
-0.035460 0.095614 0.409363 66 66 69
-0.035208 0.094845 0.410758 108 111 115
-0.035118 0.094460 0.411629 159 164 167
-0.042850 0.111531 0.386609 149 151 153
-0.042842 0.110547 0.387299 150 152 154
-0.042534 0.109523 0.388054 145 147 149
-0.042320 0.108602 0.388951 91 91 94
-0.041981 0.107696 0.390041 64 64 66
-0.041824 0.107168 0.390917 78 79 81
-0.041215 0.106368 0.391986 115 117 119
-0.040708 0.105972 0.392890 71 70 72
-0.040567 0.105179 0.393982 119 119 120
-0.040426 0.104563 0.394968 117 119 121
-0.040191 0.104129 0.395997 70 70 71
-0.039855 0.103318 0.397296 118 120 122
-0.039754 0.102589 0.398343 69 69 71
-0.039521 0.102000 0.399028 49 48 50
-0.038952 0.101138 0.400256 91 88 88
-0.038799 0.100342 0.401197 112 108 111
-0.038298 0.099528 0.402018 133 130 131
-0.038142 0.098897 0.402926 95 92 94
-0.037860 0.098114 0.403955 90 90 91
-0.037513 0.097532 0.405022 64 63 65
-0.036966 0.096796 0.406039 104 103 105
-0.036916 0.096174 0.407127 131 131 134
-0.036826 0.095485 0.408340 129 130 134
-0.036640 0.095018 0.409336 69 70 74
-0.036143 0.094432 0.410431 119 122 125
-0.035988 0.093994 0.411574 153 157 161
-0.043690 0.110277 0.387792 116 117 119
-0.043486 0.109400 0.388473 100 101 103
-0.043355 0.108630 0.389214 66 67 69
-0.043000 0.107554 0.390197 71 71 72
-0.042533 0.106899 0.390872 118 119 121
-0.042293 0.106103 0.391769 136 137 138
-0.042111 0.105135 0.392888 77 77 77
-0.041817 0.104468 0.393886 144 146 147
-0.041420 0.103731 0.394964 89 90 91
-0.041169 0.103213 0.395775 87 88 89
-0.040852 0.102381 0.396963 141 143 145
-0.040534 0.101757 0.398057 98 99 102
-0.040435 0.101249 0.398758 63 63 63
-0.039937 0.100290 0.399942 83 82 84
-0.039716 0.099810 0.400945 119 119 122
-0.039379 0.099135 0.402041 131 130 134
-0.039235 0.098461 0.402907 109 108 110
-0.038945 0.097783 0.404063 93 94 95
-0.038807 0.097204 0.405248 72 72 75
-0.038589 0.096552 0.406362 62 62 64
-0.038184 0.095908 0.407430 129 132 136
-0.037925 0.095378 0.408412 129 133 137
-0.037623 0.094796 0.409429 81 81 83
-0.037304 0.094178 0.410386 146 150 150
-0.036954 0.093761 0.411307 160 164 166
-0.043924 0.107437 0.390536 117 117 118
-0.043821 0.106736 0.391315 148 150 152
-0.043692 0.105921 0.392097 124 125 127
-0.043406 0.105037 0.392980 85 85 86
-0.043032 0.104154 0.394001 140 142 144
-0.042470 0.103354 0.394984 73 74 75
-0.042300 0.102723 0.395852 111 113 114
-0.042009 0.102020 0.396933 153 156 158
-0.041756 0.101171 0.398084 104 106 109
-0.041611 0.100892 0.398764 60 60 63
-0.041481 0.100183 0.400040 51 52 53
-0.041019 0.099419 0.401084 111 111 116
-0.040837 0.098709 0.402248 144 146 149
-0.040509 0.098229 0.403195 118 119 121
-0.040124 0.097755 0.404275 86 87 89
-0.039772 0.097232 0.405222 131 134 136
-0.044165 0.104888 0.393318 99 100 100
-0.044010 0.104086 0.394336 111 113 115
-0.043747 0.103294 0.395282 78 79 81
-0.043429 0.102639 0.396074 138 140 141
-0.043313 0.101997 0.396991 156 158 160
-0.043046 0.101065 0.398241 119 120 123
-0.042750 0.100514 0.399098 57 56 58
-0.042448 0.099663 0.400189 68 68 67
-0.042012 0.099232 0.401180 115 116 117
-0.041636 0.098804 0.402352 146 147 152
0.040668 0.146660 0.405183 61 43 40
0.040971 0.146395 0.405846 121 80 58
0.041202 0.146061 0.406594 172 133 87
0.041201 0.145144 0.407275 186 155 109
0.039139 0.146887 0.404007 145 139 133
0.039813 0.146720 0.404814 126 114 106
0.040346 0.146335 0.405518 106 97 87
0.040684 0.144806 0.407749 184 153 106
0.040619 0.143749 0.408542 184 153 105
0.040676 0.143164 0.409128 188 160 112
0.041950 0.139953 0.413865 174 137 88
0.042247 0.139341 0.414937 173 135 87
0.042491 0.138843 0.415656 158 122 82
0.042800 0.137969 0.416718 155 116 79
0.043083 0.137179 0.417580 127 96 56
0.038453 0.146769 0.403858 158 149 140
0.038831 0.146167 0.404499 100 89 78
0.039188 0.145622 0.405395 111 94 74
0.039074 0.145188 0.406470 147 125 99
0.039963 0.143444 0.409094 184 153 107
0.040042 0.142553 0.409755 183 151 104
0.040107 0.141718 0.410738 180 148 100
0.040393 0.141122 0.411592 176 142 94
0.040828 0.140600 0.412792 173 138 91
0.041442 0.140015 0.413733 169 131 82
0.041958 0.139453 0.414755 165 125 76
0.042526 0.138233 0.416036 95 66 54
0.042648 0.137700 0.416939 87 62 51
0.042801 0.137051 0.417708 105 63 48
0.042623 0.136262 0.418674 96 55 39
0.042535 0.135411 0.419444 147 104 66
0.036437 0.146594 0.403162 170 167 151
0.037229 0.146244 0.403370 152 144 137
0.037585 0.145212 0.404747 115 98 82
0.037684 0.144811 0.405657 144 121 93
0.037927 0.144152 0.406507 161 137 104
0.038508 0.143443 0.407179 167 143 111
0.039295 0.142357 0.410445 182 151 105
0.039643 0.141738 0.411124 182 150 104
0.039593 0.141545 0.411459 180 148 101
0.042072 0.134912 0.419864 131 91 61
0.041818 0.133994 0.420369 133 90 59
0.036544 0.146233 0.402920 170 167 152
0.035903 0.145585 0.403353 150 141 132
0.036372 0.144717 0.404501 131 119 104
0.036271 0.144210 0.405415 133 122 108
0.036812 0.143358 0.406266 154 135 109
0.037098 0.142743 0.407404 158 140 113
0.041368 0.133695 0.420916 133 92 61
0.041134 0.132882 0.421254 132 92 59
0.035331 0.145009 0.403608 147 139 129
0.034921 0.144304 0.404312 147 139 129
0.035240 0.143678 0.404994 148 139 126
0.035928 0.143210 0.406492 152 136 114
0.036398 0.142128 0.407077 160 143 117
0.040463 0.132429 0.421726 180 144 95
0.039844 0.131729 0.422109 193 175 120
0.034302 0.143681 0.404306 150 142 132
0.034593 0.143330 0.405032 154 146 134
0.039555 0.131749 0.421952 176 137 87
0.039191 0.131138 0.422016 186 151 103
0.033119 0.142848 0.404480 153 146 135
0.033594 0.142948 0.404674 153 145 134
0.038222 0.130496 0.422078 188 152 105
0.031983 0.142450 0.404265 154 148 138
0.037181 0.129739 0.422234 134 100 67
0.030799 0.142017 0.403820 154 148 139
0.036184 0.129047 0.422217 162 125 83
0.029317 0.141577 0.403159 155 148 138
0.029879 0.141775 0.403584 155 148 139
0.035000 0.128334 0.422239 191 164 121
0.028399 0.141464 0.402941 157 150 139
0.034094 0.127840 0.422189 121 95 69
0.034372 0.127714 0.422326 137 108 72
0.026758 0.141261 0.402010 160 153 144
0.027272 0.141212 0.402323 159 152 142
0.032827 0.127209 0.422052 144 111 78
0.033140 0.127366 0.422535 0 0 0
0.025254 0.141092 0.400720 164 158 147
0.025859 0.141057 0.401434 160 153 144
0.031558 0.126775 0.421948 195 170 130
0.024271 0.140961 0.400430 159 152 142
0.025123 0.140874 0.400979 158 151 142
0.030505 0.126030 0.421612 187 157 117
0.022856 0.140965 0.399622 159 151 140
0.023415 0.140851 0.399970 158 150 139
0.029440 0.125615 0.421618 166 132 93
0.021351 0.140829 0.398425 157 149 137
0.021983 0.140884 0.399161 158 150 138
0.028211 0.125062 0.421563 107 82 60
0.019939 0.141007 0.397499 158 150 136
0.020566 0.140934 0.398138 158 150 137
0.027202 0.124609 0.421386 152 119 83
0.018432 0.141060 0.396381 156 146 131
0.019132 0.140948 0.397034 156 146 133
0.019501 0.141131 0.397941 156 148 135
0.025897 0.124076 0.421264 136 109 80
0.017090 0.141048 0.394986 157 146 128
0.017640 0.141000 0.395943 155 144 128
0.018028 0.141225 0.396816 156 147 132
0.024860 0.123540 0.421042 72 58 52
0.015722 0.141121 0.393833 145 127 112
0.016156 0.141063 0.394819 153 141 124
0.016913 0.141072 0.395488 152 139 123
0.023054 0.123488 0.420816 119 91 67
0.023684 0.122907 0.420785 134 108 77
0.014184 0.141329 0.393153 158 144 118
0.014810 0.141176 0.393733 153 138 117
0.015562 0.140945 0.394438 151 136 117
0.022259 0.122748 0.420520 149 117 82
0.022622 0.122499 0.420607 179 147 101
0.012729 0.141726 0.392269 157 141 114
0.013419 0.141312 0.392584 153 136 114
0.014064 0.141167 0.393389 152 137 116
0.021207 0.122125 0.420410 165 132 91
0.021571 0.121849 0.420336 181 152 106
0.011573 0.141610 0.390919 153 135 108
0.012109 0.141447 0.391641 151 133 109
0.012544 0.141384 0.392286 151 135 112
0.020279 0.121651 0.419937 84 70 58
0.020496 0.121358 0.420262 120 94 66
0.009981 0.141747 0.389843 147 127 99
0.010687 0.141604 0.390573 148 129 102
0.011509 0.141152 0.390748 149 132 108
0.019193 0.121014 0.419597 66 58 53
0.008785 0.141959 0.388735 147 127 97
0.009139 0.141672 0.389444 144 124 97
0.009250 0.140432 0.391953 148 129 101
0.009935 0.139358 0.393548 145 125 100
0.010418 0.138552 0.394883 144 123 96
0.017821 0.120586 0.419403 115 93 70
0.007309 0.141866 0.387607 142 120 87
0.007772 0.141750 0.388364 138 117 88
0.008444 0.141699 0.389234 141 119 93
0.008475 0.140093 0.391851 146 124 99
0.008982 0.138721 0.393652 143 122 97
0.009438 0.138325 0.394408 145 123 99
0.009033 0.137436 0.395251 142 121 95
0.016370 0.119979 0.418806 147 108 75
0.016700 0.120207 0.419303 181 148 103
0.006278 0.141813 0.387237 134 108 76
0.007043 0.141737 0.388008 137 115 85
0.007451 0.139422 0.391862 141 117 88
0.007129 0.138755 0.392419 144 119 87
0.007695 0.138369 0.393217 135 117 91
0.008187 0.137366 0.394678 143 120 94
0.015279 0.119571 0.418753 132 92 62
0.015554 0.119538 0.419016 183 152 106
0.004967 0.141766 0.386469 126 99 67
0.005456 0.141787 0.386752 126 100 68
0.006851 0.138490 0.392491 141 118 92
0.006781 0.137533 0.393456 141 120 92
0.006659 0.136742 0.394371 143 120 89
0.007432 0.136051 0.395589 143 120 88
0.014317 0.119211 0.418763 97 80 65
0.014812 0.119137 0.418882 128 102 70
0.003915 0.141639 0.386101 126 103 75
0.005015 0.138876 0.390710 145 124 95
0.005457 0.138471 0.391549 144 121 92
0.005467 0.137703 0.392387 146 124 97
0.005706 0.136741 0.393722 140 116 89
0.005812 0.136184 0.394329 140 117 90
0.006158 0.135588 0.395326 145 120 91
0.013114 0.118757 0.418370 126 99 71
0.002426 0.141312 0.385196 127 107 83
0.002923 0.141309 0.385468 125 105 81
0.004020 0.138644 0.390326 145 119 95
0.004587 0.136206 0.393452 140 119 93
0.004607 0.135560 0.394237 139 117 89
0.012252 0.118388 0.418009 177 143 97
0.001328 0.141025 0.384710 127 108 84
0.010759 0.117905 0.417682 175 141 95
-0.000146 0.140708 0.384040 130 111 88
0.000355 0.140821 0.384365 128 109 86
0.009497 0.117576 0.417292 98 78 63
0.010164 0.117480 0.417522 120 96 68
-0.000966 0.140403 0.383833 132 113 91
0.008400 0.117339 0.416898 166 134 93
-0.002122 0.139960 0.383457 134 116 95
0.006423 0.117186 0.416484 176 140 97
0.007243 0.116838 0.416450 181 147 100
-0.003440 0.139557 0.383219 137 120 100
0.005871 0.116575 0.416000 138 111 80
0.006624 0.116482 0.416128 179 147 100
-0.004537 0.139107 0.382746 139 124 104
-0.004620 0.138957 0.382937 136 120 102
0.004554 0.116298 0.415409 90 74 62
0.005499 0.115792 0.415926 24 13 16
-0.005779 0.138561 0.382658 139 124 106
-0.005799 0.138380 0.382765 137 122 104
0.003481 0.115866 0.414784 160 127 88
0.003776 0.115816 0.415030 151 122 84
-0.007034 0.137997 0.382530 139 124 107
-0.006780 0.137993 0.382795 138 123 106
0.002242 0.115681 0.414374 173 138 92
-0.007956 0.137424 0.382395 139 126 109
-0.007942 0.137363 0.382677 136 123 107
0.000602 0.115497 0.413700 154 121 86
0.001251 0.115329 0.413829 174 137 90
-0.009134 0.136852 0.382280 138 125 109
-0.009154 0.136950 0.382610 138 124 107
-0.001025 0.115601 0.412856 103 75 54
-0.000002 0.115260 0.413270 106 82 63
-0.010300 0.136248 0.382045 137 125 111
-0.001698 0.115077 0.412348 152 115 77
-0.001083 0.114951 0.412684 135 104 71
-0.011449 0.135712 0.381955 138 128 115
-0.003465 0.115127 0.411491 85 72 61
-0.002784 0.114881 0.411725 127 96 71
-0.012526 0.135179 0.381905 141 131 119
-0.004304 0.114800 0.410741 121 96 68
-0.003598 0.114309 0.411382 28 25 21
-0.013621 0.134613 0.381831 143 133 122
-0.005750 0.114954 0.409795 177 143 95
-0.004878 0.114660 0.410324 175 142 93
-0.014676 0.133955 0.381695 144 136 126
-0.007209 0.115060 0.408700 179 145 98
-0.006355 0.114761 0.409318 178 145 97
-0.015682 0.133278 0.381586 145 137 129
-0.016384 0.133405 0.382366 147 140 132
-0.009144 0.115526 0.407082 71 60 50
-0.008229 0.115172 0.407815 154 127 90
-0.007672 0.114735 0.408072 185 155 105
-0.016797 0.132723 0.381652 147 141 133
-0.017046 0.132695 0.382039 147 140 132
-0.015039 0.127934 0.388016 90 75 59
-0.014799 0.127157 0.389315 99 80 62
-0.010802 0.116394 0.404930 183 154 113
-0.010276 0.115781 0.405609 183 153 107
-0.009650 0.115489 0.406360 126 101 74
-0.017737 0.132134 0.381527 153 148 138
-0.017944 0.131956 0.381907 148 141 133
-0.016568 0.127977 0.387572 80 66 49
-0.016257 0.127346 0.388238 82 66 49
-0.016230 0.126742 0.388935 79 62 46
-0.015857 0.126415 0.389904 99 75 52
-0.012169 0.116870 0.403146 185 156 111
-0.011284 0.116338 0.404323 184 154 109
-0.010823 0.115901 0.404945 184 153 109
-0.018440 0.131550 0.381459 152 144 134
-0.019107 0.131183 0.381976 151 143 134
-0.017890 0.127703 0.385996 102 85 66
-0.017666 0.127507 0.387207 89 72 53
-0.017099 0.126866 0.388167 82 64 46
-0.017015 0.125992 0.388935 84 67 48
-0.016870 0.125159 0.389477 101 85 65
-0.014032 0.118050 0.400426 172 138 95
-0.013568 0.117652 0.401152 95 76 59
-0.012964 0.117182 0.402273 115 95 75
-0.012451 0.116742 0.402820 187 160 115
-0.020033 0.130421 0.382270 152 143 133
-0.020390 0.130009 0.382734 148 134 117
-0.019334 0.127997 0.385536 97 83 65
-0.018931 0.127540 0.386283 91 74 57
-0.018673 0.126991 0.387134 96 76 54
-0.018138 0.126376 0.387980 99 77 55
-0.018102 0.125624 0.389004 101 79 54
-0.017541 0.124938 0.389450 125 101 75
-0.016491 0.120490 0.396258 169 136 94
-0.016057 0.119763 0.396910 160 128 88
-0.015418 0.119139 0.398250 84 65 51
-0.014875 0.118663 0.399157 171 142 102
-0.014370 0.118155 0.399863 179 149 104
-0.020976 0.129388 0.382117 146 138 126
-0.021063 0.129569 0.382748 147 137 123
-0.021004 0.128533 0.383959 133 108 81
-0.020004 0.127746 0.385016 95 80 62
-0.019856 0.127138 0.385974 91 74 57
-0.019577 0.126478 0.387035 104 81 57
-0.019227 0.125859 0.387978 109 82 56
-0.019214 0.125011 0.388953 114 87 60
-0.019200 0.124240 0.389892 80 60 46
-0.019059 0.123393 0.391144 88 70 54
-0.018625 0.122694 0.392056 166 133 93
-0.018065 0.122035 0.393108 129 98 68
-0.017735 0.121585 0.393965 74 58 46
-0.017166 0.120845 0.395014 137 112 81
-0.016686 0.120367 0.395812 172 140 98
-0.022229 0.128937 0.382106 123 119 115
-0.022030 0.129022 0.382734 118 109 99
-0.021817 0.128066 0.383902 105 88 72
-0.021379 0.127009 0.384790 92 80 67
-0.021192 0.126563 0.386138 81 66 56
-0.020935 0.125876 0.386836 90 69 53
-0.020503 0.125041 0.388036 101 75 54
-0.019997 0.124538 0.388937 123 92 63
-0.019713 0.124072 0.389853 91 68 48
-0.019217 0.123201 0.390636 85 67 50
-0.018959 0.122858 0.391450 173 138 93
-0.023361 0.128682 0.382071 133 130 127
-0.023064 0.128843 0.382673 110 109 107
-0.022841 0.127548 0.383824 61 59 56
-0.022891 0.126999 0.384658 96 92 84
-0.022183 0.126044 0.385871 44 39 42
-0.021817 0.125374 0.386375 59 55 51
-0.024475 0.128089 0.381637 142 139 137
-0.023916 0.126702 0.383700 60 60 59
-0.024011 0.126060 0.385175 38 36 34
-0.023499 0.125429 0.385547 33 30 32
-0.022941 0.124803 0.386117 70 68 65
-0.025773 0.127678 0.381432 140 137 136
-0.024372 0.124721 0.385829 79 77 74
-0.023778 0.124210 0.385851 76 77 83
-0.026820 0.127306 0.381275 87 86 88
-0.025545 0.124002 0.385728 76 74 73
-0.025300 0.123509 0.385820 124 121 125
-0.028340 0.126310 0.380574 97 99 100
-0.028023 0.126719 0.381152 85 86 88
-0.026734 0.123462 0.385672 61 61 61
-0.027006 0.122850 0.385805 101 102 102
-0.029190 0.125983 0.380658 122 123 120
-0.029134 0.126106 0.381006 110 110 112
-0.027861 0.122891 0.385768 95 96 95
-0.027632 0.122417 0.385769 126 127 127
-0.030334 0.125426 0.380968 108 108 111
-0.029027 0.122264 0.385701 72 71 73
-0.028835 0.121674 0.385750 90 89 87
-0.031316 0.124781 0.380924 130 132 133
-0.029744 0.121929 0.385562 42 40 43
-0.029836 0.121171 0.385788 55 53 54
-0.032430 0.124053 0.380942 120 121 121
-0.030881 0.120952 0.385986 54 52 52
-0.033391 0.123305 0.381065 76 77 80
-0.033866 0.123096 0.381755 84 86 88
-0.032100 0.120194 0.386007 47 46 46
-0.032406 0.119408 0.386589 91 85 72
-0.034371 0.122508 0.381088 85 86 88
-0.034621 0.122492 0.381498 98 99 104
-0.033121 0.119377 0.385996 36 33 35
-0.032963 0.118778 0.386647 78 72 67
-0.035141 0.121951 0.381054 127 128 128
-0.035524 0.121866 0.381510 141 142 144
-0.033878 0.118750 0.386233 32 29 30
-0.034243 0.117952 0.386736 48 46 46
-0.036536 0.120916 0.381652 156 157 158
-0.034896 0.117283 0.386556 39 37 39
-0.034916 0.116938 0.387437 79 78 78
-0.037488 0.120115 0.381843 159 159 160
-0.037875 0.119933 0.382243 154 154 156
-0.035977 0.116614 0.387041 27 26 31
-0.035932 0.116102 0.387445 55 52 56
-0.036195 0.115420 0.388100 95 95 91
-0.037925 0.119497 0.381673 159 160 159
-0.038481 0.119274 0.382343 148 150 152
-0.036542 0.115502 0.387586 45 42 47
-0.036936 0.114960 0.388481 86 84 88
-0.039331 0.118371 0.382685 146 147 148
-0.039617 0.117990 0.383059 126 129 131
-0.037442 0.114629 0.387295 28 28 31
-0.037633 0.114056 0.388757 66 65 70
-0.037732 0.113668 0.389322 98 97 98
-0.040348 0.117149 0.383438 103 105 109
-0.040498 0.116525 0.383867 69 73 80
-0.038277 0.113136 0.389695 72 69 77
-0.038522 0.112370 0.390102 87 87 89
-0.038619 0.111612 0.391063 101 103 99
-0.040957 0.116470 0.383687 99 101 102
-0.041189 0.115879 0.384137 94 96 100
-0.041574 0.115232 0.384790 112 113 121
-0.038894 0.111511 0.390533 86 85 90
-0.039221 0.110872 0.391328 59 59 62
-0.039335 0.110236 0.392236 57 57 59
-0.039335 0.109759 0.393249 121 120 121
-0.035404 0.100360 0.406574 132 112 107
-0.034905 0.099552 0.407578 133 113 111
-0.034574 0.098856 0.408576 121 103 105
-0.034309 0.098207 0.409484 114 98 102
-0.034066 0.097587 0.410384 60 59 63
-0.033692 0.096782 0.411408 71 72 73
-0.033602 0.096184 0.412464 130 134 138
-0.041742 0.115320 0.384485 124 125 125
-0.042134 0.114492 0.385097 114 117 119
-0.039872 0.109771 0.391988 35 36 40
-0.039553 0.109118 0.393169 97 96 98
-0.039623 0.108185 0.394183 81 79 82
-0.039563 0.107583 0.395337 104 103 104
-0.039457 0.106936 0.396014 146 146 149
-0.037646 0.102474 0.402401 126 109 106
-0.037233 0.101727 0.403378 105 89 89
-0.036860 0.101114 0.404189 61 53 57
-0.036267 0.100403 0.405238 78 66 68
-0.035906 0.099910 0.406188 83 67 74
-0.035529 0.099156 0.407218 100 78 87
-0.035078 0.098326 0.408244 102 79 86
-0.034605 0.097594 0.409108 113 95 100
-0.034551 0.096954 0.409951 51 52 55
-0.034512 0.096065 0.411420 49 51 57
-0.034201 0.095375 0.412259 139 144 148
-0.034147 0.094986 0.413355 150 157 164
-0.034286 0.094396 0.414326 125 132 141
-0.042785 0.114171 0.385500 143 144 145
-0.042992 0.113214 0.386162 140 142 145
-0.042971 0.112442 0.386447 148 150 152
-0.039773 0.107451 0.394063 66 66 68
-0.039753 0.107031 0.394903 83 82 86
-0.039716 0.106354 0.396146 123 125 128
-0.039648 0.105468 0.397207 107 108 113
-0.039468 0.104738 0.398144 93 93 98
-0.039426 0.104143 0.398943 40 39 41
-0.039016 0.103457 0.400137 37 36 37
-0.038360 0.102862 0.401208 94 80 80
-0.038112 0.101998 0.402094 93 78 82
-0.037522 0.101295 0.403125 96 78 82
-0.037055 0.100629 0.403758 58 50 54
-0.036646 0.099871 0.404739 67 55 60
-0.036421 0.099413 0.405435 74 63 68
-0.035201 0.095915 0.410330 40 43 45
-0.035020 0.095486 0.411149 41 44 51
-0.034969 0.094738 0.411935 122 127 133
-0.035066 0.094064 0.413054 130 137 145
-0.034813 0.093810 0.414073 97 102 110
-0.035002 0.093115 0.415273 75 79 83
-0.043540 0.112951 0.386614 151 153 154
-0.043552 0.112046 0.386958 133 135 137
-0.043816 0.111212 0.387614 83 84 87
-0.039675 0.103526 0.398999 29 27 30
-0.039511 0.103018 0.399656 21 20 23
-0.037166 0.094943 0.409920 48 50 55
-0.036591 0.094504 0.410995 69 74 88
-0.036333 0.093930 0.411871 132 136 144
-0.036017 0.093467 0.412998 88 92 98
-0.035962 0.093111 0.414125 49 51 55
-0.035796 0.092429 0.415124 74 77 81
-0.044122 0.110958 0.388080 74 74 77
-0.044115 0.110064 0.388669 67 68 71
-0.044157 0.109092 0.389627 54 55 57
-0.039585 0.097430 0.405815 48 48 50
-0.039220 0.096863 0.406877 57 57 61
-0.038859 0.096022 0.407893 106 108 112
-0.038673 0.095640 0.408985 94 99 107
-0.038195 0.094929 0.409875 67 68 73
-0.037827 0.094305 0.410959 103 107 116
-0.037401 0.093708 0.411920 122 127 134
-0.037241 0.093188 0.412905 61 63 68
-0.036875 0.092550 0.414126 52 55 58
-0.036901 0.091760 0.415380 98 103 106
-0.036534 0.091746 0.415996 132 141 145
-0.044743 0.108861 0.390056 89 90 91
-0.044522 0.108044 0.390821 112 113 116
-0.044466 0.107164 0.391675 148 149 152
-0.044447 0.106265 0.392350 129 130 133
-0.042155 0.100575 0.400116 31 32 33
-0.041807 0.099563 0.401505 64 69 73
-0.041463 0.098902 0.402491 123 127 131
-0.041200 0.098267 0.403667 106 108 110
-0.040828 0.097942 0.404850 85 86 89
-0.040210 0.097433 0.405797 103 104 107
-0.039914 0.097041 0.406944 58 58 60
-0.039551 0.096336 0.408000 113 115 118
-0.039299 0.095841 0.409073 119 123 127
-0.039000 0.095038 0.410291 79 81 83
-0.038793 0.094443 0.411046 123 126 130
-0.038296 0.093506 0.412366 83 85 89
-0.038268 0.092899 0.413149 65 67 68
-0.038028 0.092257 0.414101 69 72 74
-0.037564 0.091681 0.415187 90 95 98
-0.045285 0.107025 0.392407 165 167 169
-0.045081 0.106260 0.392903 141 143 144
-0.045010 0.105436 0.393779 71 71 73
-0.044695 0.104573 0.394409 72 72 73
-0.044549 0.103500 0.395709 78 76 81
-0.044314 0.102909 0.396583 119 119 124
-0.043952 0.102033 0.397562 139 142 145
-0.043636 0.101186 0.398598 83 84 86
-0.043491 0.100997 0.399339 25 25 26
-0.043002 0.100473 0.400354 27 28 29
-0.042689 0.099563 0.401683 75 75 80
-0.042253 0.099096 0.402747 145 147 150
-0.041776 0.098589 0.403770 134 136 139
-0.041696 0.098374 0.404598 74 76 75
-0.045455 0.104427 0.395295 73 73 76
-0.045169 0.103586 0.396022 138 139 138
-0.044958 0.102908 0.396954 166 167 169
-0.044629 0.102266 0.397643 157 158 161
-0.044342 0.101394 0.398914 108 110 112
-0.044197 0.100926 0.399539 50 50 53
-0.043720 0.100065 0.400806 69 68 69
0.040099 0.147309 0.405705 131 117 113
0.040353 0.147062 0.406602 133 103 79
0.040464 0.146579 0.407248 193 163 124
0.038708 0.147640 0.404739 124 112 111
0.039329 0.147570 0.405522 130 121 116
0.039709 0.147316 0.406415 129 114 106
0.039751 0.146464 0.407683 189 169 139
0.040035 0.145475 0.408110 190 164 124
0.040207 0.144402 0.408852 193 167 124
0.041685 0.140121 0.415604 112 91 72
0.041885 0.139740 0.416594 89 79 68
0.042139 0.139060 0.417486 108 95 80
0.037851 0.147682 0.404645 145 139 134
0.038352 0.147221 0.405277 116 107 97
0.038437 0.146497 0.406407 111 99 86
0.038787 0.145607 0.407363 173 157 134
0.038910 0.145032 0.408750 189 168 135
0.039252 0.143903 0.409314 188 162 122
0.039330 0.143073 0.410061 189 163 120
0.039475 0.142502 0.410692 186 157 114
0.040007 0.141356 0.412381 178 147 101
0.040339 0.140976 0.413295 173 141 98
0.040743 0.140714 0.414451 170 139 99
0.041317 0.140374 0.415516 156 131 103
0.041728 0.139573 0.416486 68 55 48
0.041971 0.138758 0.417513 94 78 68
0.042018 0.137844 0.418478 128 87 64
0.041927 0.137114 0.419251 124 87 61
0.042124 0.136187 0.419729 34 12 19
0.036614 0.147374 0.404219 149 140 135
0.037175 0.146260 0.405493 124 107 88
0.037300 0.145457 0.406315 147 123 94
0.037520 0.144939 0.407013 158 131 99
0.037859 0.144316 0.408169 175 152 118
0.038365 0.143890 0.409601 187 165 131
0.038519 0.142906 0.410406 185 162 125
0.038875 0.142020 0.411342 182 156 116
0.039122 0.141464 0.412219 177 149 108
0.039266 0.140988 0.413522 165 140 108
0.039745 0.140905 0.414165 165 138 103
0.041714 0.136372 0.419834 103 66 48
0.041434 0.135889 0.420427 142 105 71
0.041227 0.135021 0.421006 93 59 44
0.035964 0.146854 0.403479 171 167 153
0.035387 0.146503 0.404274 150 142 135
0.035551 0.145824 0.405351 149 139 125
0.036108 0.144935 0.406219 147 131 110
0.036367 0.144214 0.407178 159 139 110
0.036475 0.143445 0.408042 157 139 114
0.037563 0.142689 0.410800 183 165 138
0.037658 0.141895 0.411525 178 160 132
0.037820 0.141246 0.412491 170 151 125
0.038164 0.140689 0.413334 160 139 113
0.038236 0.139341 0.414070 150 132 112
0.040703 0.134451 0.421556 155 115 77
0.040363 0.133664 0.422064 123 85 55
0.034882 0.145905 0.404492 148 141 132
0.034547 0.145301 0.405043 152 144 134
0.034911 0.144506 0.405890 149 139 126
0.035507 0.144127 0.406895 151 134 110
0.035563 0.143039 0.408025 156 141 116
0.037585 0.138868 0.414332 156 138 117
0.039918 0.133107 0.422521 144 110 75
0.039614 0.132789 0.422926 121 93 60
0.033810 0.144591 0.405339 155 149 139
0.034047 0.144060 0.405678 154 146 135
0.034747 0.143595 0.406574 157 138 112
0.039036 0.132311 0.422478 166 122 71
0.038758 0.132210 0.422871 177 138 90
0.032569 0.143718 0.405328 156 149 139
0.032869 0.143809 0.405569 154 147 138
0.037670 0.131269 0.422810 188 154 108
0.031392 0.143228 0.405039 156 149 140
0.036673 0.130647 0.422888 144 107 67
0.030256 0.142884 0.404664 156 150 141
0.035549 0.130057 0.422885 170 135 93
0.028710 0.142365 0.403936 159 152 143
0.029239 0.142571 0.404393 157 151 143
0.034522 0.129403 0.422822 192 164 120
0.027913 0.142249 0.403780 159 153 144
0.033476 0.128959 0.422868 122 97 70
0.026194 0.142042 0.402759 165 159 149
0.026646 0.142013 0.403220 162 156 146
0.032159 0.128263 0.422726 142 111 80
0.024951 0.141778 0.401500 165 161 149
0.025294 0.141824 0.402426 162 156 147
0.031090 0.127701 0.422487 195 171 134
0.023623 0.141681 0.401241 161 154 144
0.024323 0.141784 0.401917 161 155 146
0.029870 0.127179 0.422309 193 166 126
0.022394 0.141761 0.400508 159 151 141
0.022705 0.141753 0.401030 160 152 142
0.023134 0.141652 0.402080 163 156 146
0.028843 0.126665 0.422303 189 162 120
0.020939 0.141649 0.399221 160 152 139
0.021309 0.141623 0.400025 158 150 139
0.021817 0.141822 0.400904 159 152 142
0.027764 0.126028 0.422150 132 102 74
0.019983 0.141656 0.398994 157 148 136
0.020461 0.141513 0.399496 157 148 138
0.026564 0.125452 0.421929 137 107 75
0.018527 0.141636 0.397921 156 147 133
0.018912 0.141712 0.398592 155 145 133
0.025448 0.124881 0.421721 149 121 87
0.017015 0.141742 0.396874 155 144 128
0.017575 0.141718 0.397508 156 146 131
0.024109 0.124763 0.421484 72 61 54
0.024257 0.124372 0.421631 78 61 53
0.015550 0.141788 0.395730 156 143 124
0.016368 0.141696 0.396384 154 141 124
0.022943 0.124031 0.421245 117 90 67
0.023229 0.123908 0.421433 128 105 78
0.014188 0.141825 0.394637 155 141 120
0.014884 0.141841 0.395486 155 141 122
0.021984 0.123470 0.421061 169 136 96
0.022571 0.123443 0.421196 181 151 105
0.012816 0.142033 0.393494 154 138 115
0.013499 0.141808 0.394230 154 139 118
0.020735 0.122951 0.420848 157 126 90
0.011190 0.142232 0.391479 156 140 113
0.011424 0.142237 0.392505 152 134 109
0.011967 0.142059 0.393060 152 136 113
0.019231 0.122972 0.420065 56 47 45
0.019917 0.122640 0.420625 89 71 59
0.010057 0.142338 0.391449 148 129 103
0.010691 0.142318 0.391952 152 134 107
0.018257 0.122418 0.419896 55 47 45
0.018602 0.122069 0.420291 70 62 56
0.008481 0.142443 0.390258 144 124 96
0.009031 0.142193 0.391003 145 126 99
0.009204 0.141217 0.392411 146 128 101
0.009129 0.140718 0.393460 146 124 95
0.009812 0.139856 0.394333 146 125 97
0.010330 0.138990 0.395034 144 123 95
0.010486 0.138233 0.396191 143 122 92
0.017413 0.121899 0.419747 66 55 52
0.017248 0.121527 0.420057 114 90 68
0.006834 0.142403 0.388132 143 122 90
0.007181 0.142461 0.389173 140 119 89
0.007796 0.142361 0.389962 141 121 93
0.007778 0.141404 0.391350 142 121 94
0.008116 0.140383 0.392313 141 119 89
0.008211 0.139842 0.393224 143 119 89
0.008680 0.139318 0.393940 143 122 92
0.009008 0.138558 0.395219 141 122 94
0.009338 0.137654 0.396198 141 121 92
0.015904 0.121320 0.419654 169 134 95
0.016359 0.121037 0.419833 180 148 104
0.005696 0.142542 0.388175 135 111 80
0.006488 0.142460 0.388848 138 116 86
0.006271 0.141485 0.390336 139 119 91
0.006686 0.140599 0.390989 144 122 94
0.006984 0.140062 0.391938 143 121 90
0.007299 0.139521 0.392927 141 117 87
0.007306 0.138719 0.393994 141 118 88
0.007899 0.138124 0.395056 140 117 89
0.008128 0.137194 0.396182 141 117 88
0.015024 0.120638 0.419422 178 144 102
0.015259 0.120427 0.419632 190 164 116
0.004139 0.142457 0.387139 131 105 70
0.004875 0.142431 0.387670 130 106 76
0.005135 0.141934 0.389240 136 114 85
0.005174 0.140937 0.389807 141 121 96
0.005671 0.140170 0.391023 142 121 91
0.005981 0.139595 0.392069 142 119 88
0.006279 0.138864 0.393034 143 119 89
0.006269 0.138072 0.394019 141 118 87
0.006760 0.137423 0.394894 141 119 89
0.007209 0.136559 0.395971 142 118 87
0.013802 0.120137 0.419354 128 102 77
0.014235 0.119681 0.419327 112 85 61
0.003461 0.142297 0.386912 125 101 72
0.003779 0.142522 0.387617 130 104 75
0.003927 0.141359 0.388870 133 114 89
0.004497 0.140349 0.389697 140 119 92
0.004666 0.139668 0.390905 143 121 90
0.004769 0.138857 0.392027 143 119 87
0.005155 0.138150 0.392835 143 120 88
0.005340 0.137698 0.393733 142 119 86
0.005731 0.136830 0.394786 140 117 88
0.006063 0.135934 0.395989 142 119 87
0.012608 0.119717 0.418972 119 94 69
0.001736 0.142074 0.386028 126 106 80
0.002175 0.142107 0.386350 126 105 79
0.003445 0.139856 0.389835 141 120 92
0.003700 0.138953 0.391124 147 125 95
0.004230 0.137932 0.391550 142 120 93
0.003912 0.137679 0.392613 145 126 98
0.004170 0.136795 0.393937 139 119 92
0.004753 0.136316 0.394747 135 113 83
0.011105 0.119490 0.418371 144 110 78
0.011579 0.119306 0.418584 178 144 99
0.000931 0.141852 0.385796 126 105 81
0.010087 0.118986 0.418179 147 116 81
0.010359 0.118674 0.418220 182 150 101
-0.000770 0.141412 0.384749 130 111 88
-0.000326 0.141617 0.385285 129 109 85
0.009085 0.118457 0.417854 100 79 64
0.009446 0.118225 0.418238 4 0 0
-0.001489 0.141142 0.384666 132 113 90
-0.001493 0.141513 0.385245 131 113 90
0.007622 0.118146 0.416702 128 101 76
0.007899 0.118167 0.417435 171 139 95
-0.002755 0.140788 0.384430 135 117 95
0.006414 0.117856 0.416907 181 149 102
0.007198 0.117662 0.417007 183 151 103
-0.003940 0.140384 0.384141 137 120 100
0.005494 0.117513 0.416547 149 121 86
-0.005323 0.139836 0.383491 141 128 107
-0.005091 0.139915 0.383938 138 122 103
0.003608 0.117390 0.415769 90 74 62
0.004115 0.117158 0.415924 81 67 57
-0.006284 0.139285 0.383238 142 129 109
-0.006345 0.139324 0.383702 138 123 105
0.002964 0.116932 0.415469 154 122 84
0.003458 0.116631 0.415592 146 117 82
-0.007584 0.138890 0.383352 140 126 108
-0.007402 0.138865 0.383625 138 124 107
0.001184 0.116732 0.414509 169 130 85
0.001760 0.116650 0.414841 172 137 91
-0.008573 0.138450 0.383258 143 133 115
-0.008382 0.138178 0.383461 137 124 109
0.000246 0.116499 0.414272 157 122 86
0.000993 0.116347 0.414531 175 139 92
-0.009740 0.137622 0.383070 139 127 112
-0.009535 0.137812 0.383447 137 125 110
-0.001216 0.116457 0.413413 87 72 62
-0.000824 0.116178 0.413694 92 73 57
-0.010776 0.137057 0.382982 137 126 112
-0.010764 0.137151 0.383268 136 124 110
-0.002057 0.116056 0.413009 148 114 77
-0.001598 0.115694 0.413141 154 119 78
-0.011824 0.136453 0.382821 138 128 115
-0.012143 0.136553 0.383248 137 126 114
-0.003802 0.116080 0.411954 87 72 60
-0.003036 0.115876 0.412314 130 98 72
-0.012902 0.135925 0.382771 140 131 120
-0.013088 0.136017 0.383173 139 130 119
-0.005424 0.116102 0.410911 172 136 88
-0.004714 0.115918 0.411371 131 102 71
-0.004241 0.115245 0.412007 0 0 0
-0.014004 0.135261 0.382655 141 132 122
-0.014132 0.135352 0.383029 139 131 122
-0.006711 0.116299 0.409931 176 142 95
-0.006151 0.115856 0.410270 177 144 96
-0.005289 0.115525 0.410930 184 154 102
-0.015109 0.134661 0.382574 145 138 128
-0.015154 0.134714 0.382910 143 135 127
-0.008020 0.116320 0.408978 179 146 101
-0.007408 0.116102 0.409362 179 146 99
-0.006595 0.115467 0.409763 181 148 99
-0.016038 0.134098 0.382364 148 142 133
-0.016295 0.134023 0.382885 146 139 131
-0.009565 0.116731 0.407664 79 65 55
-0.008592 0.116155 0.408358 160 132 93
-0.017537 0.133190 0.382355 155 150 139
-0.017317 0.133315 0.382832 149 142 134
-0.015286 0.128790 0.389217 98 83 59
-0.014854 0.127971 0.390607 108 87 63
-0.011309 0.117413 0.405399 182 150 104
-0.010518 0.116790 0.406441 177 145 100
-0.010043 0.116530 0.407000 104 82 62
-0.018433 0.132547 0.382968 151 143 135
-0.016986 0.128977 0.388014 106 90 71
-0.016765 0.128064 0.388977 88 71 53
-0.016629 0.127503 0.389838 88 68 51
-0.016650 0.127069 0.390771 125 104 81
-0.013315 0.118647 0.403163 132 110 94
-0.012390 0.117881 0.403931 183 153 108
-0.011652 0.117142 0.404908 185 155 109
-0.019448 0.131740 0.383034 154 147 136
-0.019667 0.131780 0.383748 155 146 134
-0.018499 0.129016 0.387160 109 87 63
-0.018154 0.128327 0.387959 96 76 55
-0.017726 0.127615 0.388986 90 72 52
-0.017481 0.126800 0.389685 89 70 50
-0.016598 0.126667 0.390382 91 64 41
-0.014987 0.119666 0.400237 172 141 101
-0.014449 0.119049 0.401085 168 135 93
-0.013967 0.118705 0.401865 87 70 57
-0.013344 0.118210 0.402870 130 106 81
-0.020161 0.131101 0.382997 154 147 135
-0.020496 0.130886 0.383692 153 142 128
-0.020924 0.130451 0.384649 155 137 114
-0.019915 0.128578 0.385798 96 80 62
-0.019378 0.128418 0.386901 109 87 63
-0.019084 0.127971 0.387734 106 82 58
-0.018842 0.127040 0.388955 109 85 59
-0.018345 0.126504 0.389670 100 77 55
-0.018404 0.125946 0.390461 120 99 77
-0.017294 0.121942 0.396219 176 145 102
-0.016902 0.121342 0.396762 175 144 101
-0.016369 0.120778 0.397888 161 131 91
-0.015751 0.120160 0.399023 83 66 53
-0.015249 0.119596 0.399808 173 144 103
-0.021404 0.129912 0.383740 148 133 113
-0.021429 0.129589 0.384712 142 118 95
-0.021045 0.128563 0.385948 110 85 65
-0.020553 0.127944 0.386783 108 84 61
-0.020433 0.127411 0.387856 113 85 59
-0.020161 0.126619 0.389071 115 86 63
-0.019943 0.125789 0.389697 119 89 60
-0.019821 0.125037 0.390745 75 58 44
-0.019437 0.124356 0.391757 116 91 65
-0.018890 0.123694 0.392849 165 131 91
-0.018432 0.123076 0.393931 108 83 60
-0.017984 0.122466 0.394790 73 59 47
-0.017572 0.121844 0.395677 137 113 83
-0.017137 0.121073 0.396248 181 155 106
-0.022464 0.129207 0.383578 106 96 86
-0.022281 0.128850 0.384595 105 87 71
-0.022081 0.128151 0.385624 88 72 60
-0.021625 0.127465 0.386672 86 68 55
-0.021259 0.126765 0.387524 87 66 51
-0.020813 0.126131 0.388678 116 87 59
-0.020323 0.125318 0.389515 132 100 67
-0.019980 0.124652 0.390290 80 61 44
-0.023887 0.128923 0.382616 134 132 129
-0.023522 0.129011 0.383477 93 91 92
-0.023407 0.128326 0.384526 59 55 56
-0.023091 0.127555 0.385371 44 39 38
-0.022717 0.126839 0.386440 57 53 51
-0.024865 0.128578 0.382539 138 136 135
-0.024849 0.128624 0.383485 122 121 122
-0.024428 0.127908 0.384565 64 64 67
-0.024222 0.126644 0.385499 43 40 41
-0.024107 0.126228 0.386238 67 65 64
-0.026093 0.128153 0.382454 133 131 130
-0.026079 0.128169 0.383424 111 110 111
-0.025613 0.127487 0.384710 76 76 77
-0.025297 0.126537 0.385793 102 101 100
-0.024883 0.125702 0.386037 99 99 97
-0.027225 0.127649 0.382320 81 80 82
-0.027247 0.127596 0.383154 65 64 67
-0.026585 0.125881 0.385748 81 80 80
-0.026216 0.124989 0.386041 89 88 88
-0.028347 0.127172 0.382297 105 103 104
-0.028477 0.127056 0.383119 104 101 102
-0.027512 0.126237 0.385001 47 50 51
-0.027784 0.125253 0.385588 66 65 66
-0.027273 0.124564 0.385961 70 70 70
-0.029434 0.126563 0.382111 138 137 136
-0.029580 0.126450 0.383078 129 127 127
-0.029003 0.124512 0.385702 107 107 108
-0.028335 0.123995 0.386015 112 112 113
-0.030652 0.125905 0.382089 120 119 120
-0.030722 0.125870 0.382952 106 103 107
-0.029973 0.124147 0.385569 74 74 75
-0.029533 0.123278 0.386051 102 102 103
-0.029630 0.122293 0.386300 88 86 82
-0.031605 0.125310 0.381924 95 96 98
-0.031644 0.125371 0.382820 80 80 83
-0.031367 0.124032 0.384680 37 38 36
-0.030934 0.123724 0.385207 36 36 36
-0.030379 0.123070 0.385933 48 47 48
-0.030324 0.121946 0.386346 64 62 61
-0.032706 0.124569 0.381893 85 87 88
-0.032839 0.124446 0.382746 68 69 72
-0.031946 0.122647 0.385412 33 32 32
-0.031861 0.122259 0.385690 37 37 36
-0.031497 0.121236 0.386460 59 57 56
-0.033561 0.123784 0.381801 75 76 79
-0.033927 0.123764 0.382723 83 85 88
-0.034171 0.123328 0.383427 95 97 100
-0.032729 0.122185 0.385334 33 33 33
-0.033037 0.121603 0.385795 34 32 32
-0.032537 0.120746 0.386416 56 54 54
-0.034205 0.123289 0.381719 90 93 95
-0.034781 0.123081 0.382481 134 135 136
-0.034986 0.122817 0.383663 144 145 147
-0.033859 0.121150 0.386095 41 37 38
-0.033770 0.120334 0.386576 49 46 47
-0.033583 0.119452 0.387021 74 72 66
-0.035873 0.122306 0.382639 152 153 154
-0.035962 0.122272 0.383516 150 151 153
-0.034741 0.119780 0.386613 33 32 32
-0.034540 0.118746 0.387391 59 58 57
-0.036837 0.121484 0.382598 154 154 155
-0.037058 0.121466 0.383255 144 145 148
-0.035818 0.119170 0.386791 30 29 28
-0.035653 0.118158 0.387317 38 37 37
-0.035632 0.117539 0.388060 71 69 68
-0.037591 0.120783 0.382493 159 158 159
-0.037997 0.120649 0.383116 139 139 141
-0.036807 0.117611 0.387505 28 27 27
-0.036597 0.116791 0.388408 86 84 87
-0.038881 0.119893 0.383354 107 108 110
-0.039111 0.119731 0.384193 70 70 71
-0.037479 0.117503 0.387689 27 25 25
-0.037182 0.116559 0.388596 112 111 115
-0.037434 0.115725 0.389039 140 139 143
-0.039545 0.119157 0.383430 106 106 108
-0.039918 0.118787 0.384034 80 81 85
-0.040196 0.118334 0.385155 53 56 59
-0.038077 0.114982 0.389449 126 126 130
-0.038320 0.114423 0.390018 130 130 132
-0.038272 0.113520 0.390452 101 94 102
-0.040634 0.117859 0.384218 90 92 96
-0.041057 0.117505 0.384981 102 103 109
-0.038787 0.114094 0.390517 94 92 96
-0.038989 0.113216 0.390867 39 37 38
-0.039005 0.112329 0.391880 67 64 63
-0.041144 0.117064 0.384062 102 104 103
-0.041598 0.116684 0.384936 137 139 141
-0.041888 0.116385 0.385814 148 150 154
-0.039631 0.112657 0.391386 22 22 23
-0.039762 0.111797 0.392093 27 26 26
-0.039743 0.110834 0.393103 53 51 53
-0.039598 0.110245 0.393773 123 123 124
-0.036020 0.101378 0.406478 131 111 103
-0.035823 0.100996 0.407003 127 105 104
-0.035435 0.100303 0.408183 116 93 97
-0.034823 0.099678 0.409218 110 89 96
-0.034369 0.099026 0.410215 107 94 100
-0.034211 0.098342 0.411211 47 45 51
-0.033944 0.097765 0.412101 51 51 53
-0.033787 0.096654 0.413177 85 88 98
-0.033812 0.096206 0.414002 139 146 152
-0.033780 0.095823 0.415019 163 172 178
-0.042232 0.116015 0.385302 153 154 155
-0.042649 0.115433 0.385965 151 152 154
-0.042650 0.115179 0.386820 142 144 148
-0.039989 0.109842 0.394290 107 107 109
-0.039968 0.109263 0.394952 77 75 78
-0.039918 0.108334 0.395942 95 95 96
-0.039819 0.107510 0.396869 125 126 128
-0.039722 0.106912 0.397822 111 113 114
-0.038451 0.103860 0.402339 127 112 108
-0.038036 0.103304 0.402921 125 109 107
-0.037676 0.102516 0.404144 95 77 82
-0.037237 0.102049 0.404856 52 47 50
-0.036492 0.101535 0.406151 78 67 71
-0.036488 0.101056 0.406912 72 57 68
-0.035934 0.100372 0.407963 100 78 87
-0.034827 0.096668 0.411660 26 29 35
-0.034326 0.095657 0.413164 63 73 90
-0.033975 0.095388 0.414015 153 160 168
-0.034150 0.094921 0.415142 98 102 112
-0.034295 0.094357 0.415854 79 84 89
-0.043131 0.114819 0.386125 154 155 156
-0.043605 0.113978 0.386938 149 150 152
-0.043875 0.113849 0.387728 120 121 124
-0.039946 0.107080 0.397030 117 116 119
-0.039888 0.106584 0.397987 129 129 132
-0.039774 0.105801 0.398892 98 97 100
-0.039880 0.104921 0.399879 30 29 31
-0.039240 0.104351 0.400935 45 42 44
-0.038695 0.103873 0.401787 91 81 81
-0.038345 0.102922 0.403097 97 80 85
-0.037879 0.102347 0.403488 91 68 77
-0.035078 0.094205 0.415039 31 33 41
-0.034954 0.093705 0.416078 60 64 71
-0.035150 0.093172 0.416878 119 124 132
-0.043884 0.113495 0.387078 149 150 151
-0.044275 0.112885 0.387795 104 105 108
-0.044261 0.112459 0.388532 40 40 43
-0.040048 0.104373 0.400115 22 22 23
-0.039858 0.103886 0.400052 18 18 20
-0.036021 0.093421 0.414809 24 27 32
-0.035777 0.092888 0.416204 44 47 53
-0.035747 0.092504 0.416970 135 143 150
-0.035987 0.092089 0.417873 175 183 190
-0.044541 0.112091 0.387940 73 72 74
-0.044510 0.111795 0.388391 60 61 63
-0.044752 0.111013 0.389495 45 46 48
-0.039605 0.096667 0.410032 86 93 102
-0.039077 0.095598 0.410984 43 46 53
-0.038509 0.094851 0.411219 77 81 90
-0.037907 0.093221 0.413612 22 24 28
-0.037437 0.092773 0.414725 20 23 27
-0.037180 0.092173 0.415769 32 36 44
-0.036850 0.091644 0.416923 135 143 152
-0.036843 0.091347 0.417833 163 172 180
-0.037127 0.090783 0.418771 107 115 123
-0.045155 0.110101 0.389823 74 75 75
-0.045223 0.109652 0.390640 91 91 94
-0.045276 0.108976 0.391483 143 144 148
-0.045351 0.108006 0.392524 145 146 151
-0.041633 0.098714 0.405745 83 85 88
-0.041137 0.098209 0.406601 106 106 110
-0.040424 0.097631 0.407581 58 59 61
-0.040067 0.096977 0.408721 104 107 112
-0.039691 0.096309 0.409664 103 108 113
-0.039429 0.095517 0.410887 71 73 77
-0.039229 0.094891 0.411642 104 108 114
-0.038961 0.094024 0.412711 77 80 85
-0.038823 0.093360 0.413654 38 39 43
-0.038701 0.092552 0.414802 48 51 55
-0.038153 0.091781 0.415775 68 73 81
-0.037876 0.091267 0.416785 133 141 151
-0.037863 0.090704 0.417916 149 157 165
-0.037910 0.090327 0.418713 67 73 88
-0.045714 0.107707 0.392562 170 171 172
-0.045659 0.106808 0.393662 150 151 153
-0.045628 0.106167 0.394450 75 75 78
-0.045512 0.105532 0.395267 52 55 56
-0.045394 0.104321 0.396885 81 75 87
-0.045161 0.103903 0.397373 98 94 104
-0.044323 0.101752 0.400466 23 24 24
-0.043863 0.101186 0.401239 26 26 28
-0.043400 0.100324 0.402649 77 76 82
-0.042881 0.099781 0.403524 146 149 152
-0.042433 0.099288 0.404462 141 143 146
-0.041947 0.098856 0.405431 86 88 92
-0.039431 0.092505 0.415038 95 96 103
-0.039248 0.091844 0.415771 147 153 159
-0.039057 0.091096 0.416818 149 157 164
-0.038703 0.090437 0.418041 146 154 160
-0.038366 0.090084 0.418774 75 80 82
-0.045875 0.105144 0.395565 84 85 86
-0.045658 0.104302 0.396470 118 117 120
-0.045418 0.103514 0.397505 163 165 167
-0.045288 0.102926 0.398382 160 162 164
-0.044975 0.102065 0.399588 101 102 105
-0.044711 0.101629 0.400233 45 45 48
-0.044328 0.100739 0.401471 73 73 73
-0.043924 0.100330 0.402180 75 74 76
0.038844 0.147918 0.406362 143 134 129
0.039055 0.147535 0.407084 142 130 122
0.039158 0.146886 0.407896 184 169 147
0.039116 0.146060 0.408516 194 177 148
0.041344 0.140494 0.416430 170 164 160
0.037244 0.147947 0.405261 130 124 121
0.037575 0.147979 0.406006 136 127 122
0.037899 0.147335 0.407220 119 111 107
0.038102 0.146541 0.408172 143 131 120
0.038333 0.145664 0.408662 187 170 146
0.038314 0.144744 0.409462 192 175 145
0.039615 0.141364 0.414328 164 143 111
0.040096 0.141317 0.415262 157 144 131
0.040682 0.140925 0.416264 164 156 149
0.041017 0.140268 0.417216 170 163 157
0.041199 0.139366 0.418258 181 168 154
0.041132 0.138521 0.419235 179 148 110
0.041253 0.137796 0.419879 120 76 54
0.036307 0.147794 0.405159 156 148 141
0.036289 0.147697 0.406123 161 151 145
0.036757 0.146618 0.407270 152 138 121
0.037003 0.146169 0.408191 130 118 107
0.037379 0.145373 0.409057 176 159 139
0.037427 0.144108 0.409803 185 167 141
0.037489 0.143365 0.410483 185 169 144
0.038784 0.141160 0.414339 138 119 99
0.039107 0.141344 0.414887 129 111 92
0.040590 0.138502 0.419963 192 159 117
0.040755 0.137603 0.420325 141 100 72
0.040558 0.136502 0.421064 151 112 79
0.040631 0.135903 0.421622 46 14 15
0.035153 0.147053 0.405124 159 153 145
0.034991 0.146824 0.406035 165 157 150
0.035357 0.146026 0.406974 172 162 148
0.036283 0.145732 0.407704 165 149 132
0.036344 0.145051 0.409357 172 157 139
0.036416 0.143802 0.410247 180 167 147
0.036766 0.143043 0.410891 178 164 142
0.036866 0.142144 0.411678 176 161 140
0.037160 0.141357 0.412837 164 148 125
0.037605 0.140904 0.414022 142 128 111
0.037672 0.140477 0.414749 146 130 111
0.039964 0.136245 0.421809 125 82 58
0.039896 0.135343 0.421954 137 101 71
0.040110 0.134178 0.423142 114 91 68
0.040196 0.134285 0.423858 81 71 57
0.034230 0.146005 0.405925 162 156 147
0.034280 0.145528 0.406798 165 157 146
0.034706 0.144875 0.407359 176 167 152
0.036060 0.142806 0.411353 162 151 135
0.036289 0.142146 0.412030 159 148 132
0.036581 0.141403 0.413013 148 135 119
0.036827 0.140912 0.413772 135 122 107
0.036958 0.139970 0.415093 156 138 119
0.039209 0.135098 0.422311 164 131 94
0.039311 0.134168 0.422970 139 110 81
0.039340 0.133617 0.423779 68 58 48
0.033425 0.145206 0.406064 161 155 146
0.033438 0.145162 0.406533 162 156 146
0.038250 0.133875 0.423333 157 132 102
0.038378 0.132986 0.423886 142 113 82
0.032212 0.144415 0.405981 160 154 144
0.032221 0.144561 0.406426 158 152 143
0.037120 0.132259 0.423584 190 157 113
0.030844 0.143963 0.405847 157 151 142
0.031218 0.144162 0.406356 157 151 143
0.036048 0.131668 0.423526 163 126 84
0.029759 0.143751 0.405744 155 149 140
0.034485 0.131593 0.423347 190 158 111
0.035018 0.131141 0.423415 184 152 107
0.028269 0.143137 0.404638 160 154 144
0.028618 0.143389 0.405357 158 151 142
0.034139 0.131254 0.423185 191 155 109
0.033847 0.130486 0.423359 195 169 127
0.027529 0.142913 0.404587 160 153 144
0.027477 0.143130 0.405208 162 155 146
0.032814 0.130029 0.423354 128 102 74
0.025620 0.142714 0.403312 168 165 154
0.026133 0.142727 0.404180 164 157 147
0.031610 0.129362 0.423204 134 106 77
0.024711 0.142441 0.403200 164 159 150
0.024950 0.142601 0.403937 164 158 149
0.030409 0.129284 0.422886 188 162 123
0.030476 0.128787 0.423009 195 172 134
0.023309 0.142443 0.402302 164 158 148
0.023628 0.142421 0.402912 164 157 147
0.029148 0.128859 0.422811 190 164 125
0.029293 0.128207 0.422816 194 169 130
0.021647 0.142318 0.401198 163 157 145
0.022146 0.142332 0.401929 161 155 144
0.028189 0.128103 0.422672 191 166 126
0.028181 0.127618 0.422833 194 170 130
0.020731 0.142236 0.400874 160 152 140
0.021342 0.142196 0.401567 160 153 142
0.026971 0.127452 0.422505 162 127 92
0.027072 0.127032 0.422616 168 136 97
0.019381 0.142241 0.399886 158 149 135
0.019905 0.142169 0.400522 158 149 137
0.025791 0.126861 0.422310 124 98 75
0.026079 0.126404 0.422381 135 108 77
0.017957 0.142263 0.398802 156 146 130
0.018298 0.142186 0.399310 155 145 131
0.024626 0.126232 0.422143 141 111 83
0.025034 0.125818 0.422216 166 136 97
0.016487 0.142228 0.397641 156 143 126
0.016879 0.142300 0.398461 154 142 125
0.023428 0.125594 0.422003 108 84 65
0.023940 0.125128 0.422010 90 68 56
0.015029 0.142269 0.396486 156 142 122
0.015299 0.142453 0.397365 155 141 120
0.022507 0.125047 0.421764 143 113 81
0.023185 0.124602 0.421904 116 95 71
0.013710 0.142487 0.395537 155 141 119
0.014155 0.142387 0.396308 155 140 118
0.014429 0.142557 0.397302 152 135 114
0.021390 0.124422 0.421461 170 136 96
0.012152 0.142586 0.394334 155 139 116
0.012860 0.142467 0.395259 154 139 116
0.013097 0.142645 0.396239 150 134 112
0.020270 0.123920 0.421347 174 145 102
0.010705 0.143008 0.393329 150 134 108
0.011341 0.142709 0.393884 152 136 112
0.011746 0.142567 0.394885 151 134 111
0.018937 0.123393 0.420405 56 47 46
0.019242 0.123673 0.421208 106 85 65
0.009454 0.143122 0.392230 146 128 101
0.010048 0.143006 0.392991 147 129 104
0.009993 0.142452 0.394186 144 126 102
0.010159 0.141784 0.395033 143 125 99
0.010566 0.140630 0.396158 144 124 99
0.011175 0.139624 0.397086 146 124 97
0.011254 0.139403 0.398321 144 122 93
0.011787 0.138685 0.398543 144 120 89
0.017616 0.123285 0.420544 64 54 49
0.017864 0.123070 0.420951 79 70 60
0.005556 0.148480 0.384393 151 126 87
0.005822 0.147922 0.385161 151 128 90
0.006049 0.147262 0.386074 150 127 91
0.006373 0.146540 0.387078 148 128 94
0.006689 0.145928 0.388150 144 122 90
0.006774 0.145360 0.388771 143 124 91
0.007314 0.144574 0.390133 141 121 90
0.007921 0.143257 0.391163 139 120 93
0.008408 0.142891 0.392008 140 122 97
0.008731 0.142095 0.392947 142 124 98
0.008893 0.141493 0.393834 141 121 93
0.009347 0.140751 0.394798 143 123 94
0.009605 0.139824 0.395983 141 121 93
0.009860 0.139216 0.397052 140 120 92
0.010279 0.138392 0.398111 144 122 94
0.010388 0.137774 0.398927 143 120 89
0.010828 0.137168 0.399623 137 114 82
0.016580 0.122790 0.420513 113 91 70
0.016791 0.122316 0.420538 119 94 69
0.003282 0.150796 0.380154 150 120 73
0.003688 0.149988 0.381024 147 119 75
0.004049 0.149390 0.381989 147 120 79
0.004317 0.148804 0.382910 146 120 81
0.004714 0.148143 0.383919 147 122 83
0.005127 0.147309 0.385178 148 125 88
0.005236 0.146528 0.386020 145 123 89
0.005503 0.145899 0.386931 143 121 88
0.005979 0.145306 0.388167 142 121 89
0.006383 0.144716 0.389216 139 119 88
0.006520 0.143535 0.390153 136 116 88
0.007045 0.143025 0.390875 137 118 92
0.007353 0.142143 0.392008 139 119 92
0.007524 0.141215 0.393088 139 118 89
0.007895 0.140658 0.393729 138 117 88
0.008181 0.140261 0.394747 140 120 91
0.008357 0.139423 0.395849 134 115 88
0.008934 0.138678 0.396940 134 115 90
0.009048 0.137870 0.398192 140 117 89
0.009374 0.137028 0.398966 143 118 87
0.009229 0.136704 0.399657 138 117 85
0.015500 0.122192 0.420297 181 149 106
0.016077 0.121933 0.420415 187 157 108
0.001533 0.151336 0.378294 154 123 74
0.002080 0.150914 0.379011 151 120 73
0.002562 0.150230 0.379962 147 117 73
0.003033 0.149595 0.380862 146 118 76
0.003341 0.148975 0.381934 144 117 78
0.003531 0.148286 0.382832 143 117 80
0.003587 0.147414 0.383838 142 117 81
0.004062 0.146830 0.384896 142 118 85
0.004627 0.146275 0.385876 142 119 87
0.004743 0.145608 0.386839 141 119 87
0.004925 0.144777 0.388047 142 121 89
0.005185 0.143821 0.388987 135 112 84
0.005538 0.143137 0.389677 136 115 86
0.005900 0.142425 0.390751 137 118 92
0.006138 0.141386 0.391736 141 120 90
0.006536 0.140774 0.392775 140 117 87
0.006760 0.140065 0.393722 140 117 87
0.007065 0.139484 0.394633 137 116 88
0.007356 0.138906 0.395671 135 114 86
0.007784 0.137997 0.396721 135 114 87
0.008004 0.137619 0.398039 139 116 87
0.008178 0.136580 0.398763 141 117 86
0.008710 0.135886 0.399352 141 116 80
0.014332 0.121794 0.420074 183 151 107
0.000637 0.150984 0.377994 149 118 70
0.001160 0.150422 0.378835 149 118 73
0.001531 0.149663 0.379717 145 117 75
0.001829 0.148908 0.380787 141 114 75
0.002065 0.148180 0.381805 141 115 77
0.002457 0.147692 0.382769 141 116 79
0.002834 0.147168 0.383659 141 117 82
0.003077 0.146462 0.384759 142 119 84
0.003415 0.145825 0.385909 143 120 86
0.003908 0.145157 0.387073 142 120 88
0.004257 0.143080 0.388682 132 110 81
0.004544 0.142743 0.389584 135 115 87
0.004838 0.141739 0.390712 137 115 88
0.005144 0.141087 0.391873 141 119 89
0.005377 0.140233 0.392512 140 116 85
0.005633 0.139389 0.393665 142 117 86
0.006050 0.139053 0.394632 138 115 86
0.006432 0.138124 0.395597 136 114 86
0.006640 0.137474 0.396768 136 115 88
0.006705 0.136733 0.397841 139 117 87
0.007198 0.135998 0.398554 141 117 85
0.007478 0.135723 0.399404 140 114 80
0.013199 0.121237 0.419897 178 149 105
-0.000549 0.151211 0.377172 153 123 72
-0.000138 0.150447 0.377881 148 118 71
0.000320 0.149967 0.378662 148 118 73
0.000548 0.149237 0.379657 142 113 70
0.000921 0.148488 0.380730 141 114 74
0.001313 0.147836 0.381796 140 114 77
0.001529 0.147327 0.382615 141 115 79
0.002112 0.146479 0.384292 144 121 84
0.002886 0.142833 0.387700 126 100 70
0.003016 0.142910 0.388374 130 107 78
0.003517 0.142167 0.389505 131 112 84
0.003802 0.141240 0.390536 134 114 85
0.004143 0.140496 0.391658 138 116 85
0.004450 0.139814 0.392632 140 116 85
0.004754 0.139158 0.393621 140 116 86
0.004922 0.138378 0.394650 136 112 83
0.005133 0.137575 0.395575 136 114 85
0.005447 0.136800 0.396690 137 115 86
0.005835 0.136168 0.397676 139 116 86
0.006077 0.135453 0.398299 139 114 82
0.006393 0.134777 0.399138 138 113 80
0.011601 0.121211 0.419440 93 77 68
0.012188 0.120698 0.419556 125 98 73
-0.001111 0.150241 0.377778 149 119 71
-0.000779 0.149513 0.378641 146 116 70
-0.000743 0.148758 0.379697 145 116 72
-0.000080 0.148250 0.380696 143 115 74
0.000272 0.147610 0.381838 144 117 77
0.001744 0.142699 0.387376 125 104 76
0.001950 0.142728 0.388384 131 109 80
0.002105 0.141672 0.389378 130 110 84
0.002678 0.140654 0.390592 133 111 83
0.003048 0.139684 0.391529 136 114 86
0.003241 0.139093 0.392442 137 114 85
0.003359 0.138410 0.393391 136 112 82
0.003819 0.137677 0.394422 133 111 83
0.004062 0.136910 0.395363 133 113 85
0.004324 0.136243 0.396593 136 114 85
0.004688 0.135468 0.397562 138 115 85
0.004830 0.134899 0.397883 132 108 76
0.010529 0.120539 0.419183 140 111 82
0.011231 0.120360 0.419274 152 123 86
0.000220 0.142471 0.386662 125 104 80
0.000479 0.142476 0.387031 127 105 79
0.000507 0.141555 0.388555 141 121 96
0.000932 0.140874 0.389614 136 114 88
0.001473 0.140091 0.390352 138 115 87
0.001614 0.139275 0.391433 137 113 86
0.002040 0.138452 0.392395 136 113 85
0.002132 0.137569 0.393523 136 113 85
0.002654 0.137168 0.394334 134 113 86
0.002882 0.136485 0.395348 133 113 85
0.003096 0.135679 0.396384 136 114 84
0.003559 0.135087 0.397309 138 113 82
0.003287 0.134368 0.397959 130 106 73
0.009650 0.119979 0.418845 166 135 94
0.010474 0.119587 0.418811 189 162 111
-0.000892 0.142153 0.386152 128 107 84
0.000109 0.141035 0.389200 140 115 92
0.000248 0.139464 0.390290 142 118 92
0.000584 0.138690 0.391332 139 115 88
0.001095 0.137861 0.392319 139 117 91
0.001281 0.137273 0.393443 139 116 87
0.001506 0.136650 0.394175 136 113 85
0.001849 0.135717 0.395231 136 113 82
0.002322 0.135418 0.396341 135 110 77
0.008363 0.119606 0.418389 105 83 67
-0.002334 0.141789 0.385437 133 114 91
-0.001721 0.141900 0.385840 130 111 88
0.000289 0.137441 0.392636 138 114 84
0.000667 0.136481 0.393528 139 115 88
0.000890 0.136071 0.394472 137 111 81
0.001003 0.135536 0.395144 138 113 83
0.001399 0.134778 0.396216 137 111 77
0.006898 0.119346 0.417783 165 134 94
0.007565 0.119211 0.418065 163 132 91
-0.003153 0.141537 0.385419 135 116 94
-0.003232 0.141744 0.385956 134 115 94
0.005910 0.118905 0.417415 181 149 101
-0.004404 0.141129 0.385108 136 119 99
0.004821 0.118546 0.417031 138 112 81
-0.005634 0.140643 0.384855 137 122 103
0.003607 0.118362 0.416443 93 77 64
0.003899 0.118093 0.416530 75 61 53
-0.006807 0.140108 0.384592 139 124 107
0.002395 0.118026 0.415989 145 115 80
-0.007936 0.139458 0.384002 141 128 110
-0.007840 0.139529 0.384427 139 125 108
0.000812 0.117748 0.415086 174 140 94
0.001467 0.117740 0.415527 179 146 99
-0.009202 0.138823 0.383861 144 135 117
-0.008957 0.139021 0.384439 138 126 111
-0.000252 0.117550 0.414686 158 122 88
-0.009793 0.138329 0.383746 141 131 115
-0.010177 0.138389 0.384225 138 126 112
-0.001603 0.117507 0.414082 97 77 63
-0.001129 0.117162 0.414259 101 80 61
-0.011227 0.137913 0.383784 141 131 116
-0.011409 0.137867 0.384248 138 127 114
-0.003393 0.117452 0.413010 137 102 73
-0.002401 0.117092 0.413534 152 118 79
-0.012367 0.137296 0.383675 143 134 121
-0.012374 0.137218 0.383983 139 129 117
-0.004741 0.117772 0.412209 87 66 49
-0.004123 0.117179 0.412578 97 78 62
-0.003421 0.116617 0.412834 164 129 85
-0.013517 0.136651 0.383479 148 142 128
-0.013458 0.136756 0.384054 140 131 121
-0.005565 0.117207 0.411593 164 129 84
-0.004985 0.116762 0.412020 115 89 61
-0.014445 0.136001 0.383349 147 141 130
-0.014500 0.136102 0.383985 143 134 125
-0.007641 0.117552 0.409786 175 139 95
-0.007135 0.117218 0.410331 177 143 96
-0.006370 0.117049 0.410981 176 141 94
-0.015692 0.135406 0.384031 146 139 130
-0.008557 0.117482 0.409299 181 149 104
-0.007760 0.117160 0.409873 179 148 102
-0.016752 0.134724 0.383975 149 142 134
-0.010376 0.118101 0.407622 90 74 59
-0.009781 0.117671 0.408188 99 80 64
-0.009071 0.117173 0.408747 176 147 103
-0.017765 0.133914 0.384014 151 145 136
-0.018101 0.133854 0.384660 154 146 139
-0.012130 0.118883 0.405466 181 147 98
-0.011599 0.118403 0.406117 182 150 103
-0.010851 0.117913 0.407035 171 138 94
-0.010412 0.117425 0.407618 64 44 34
-0.018738 0.133038 0.383947 154 147 138
-0.018860 0.133158 0.384644 153 145 137
-0.017535 0.129981 0.388957 132 112 86
-0.017310 0.128817 0.389814 114 95 69
-0.017058 0.127975 0.391577 130 110 85
-0.013727 0.119787 0.403368 102 74 59
-0.013418 0.119429 0.403875 166 138 102
-0.012665 0.118752 0.404543 184 155 109
-0.012030 0.117976 0.405412 186 157 110
-0.019466 0.132407 0.383805 156 149 139
-0.019805 0.132167 0.384605 155 145 132
-0.019021 0.129873 0.387944 120 98 73
-0.018460 0.129119 0.388642 114 93 69
-0.018567 0.128505 0.389721 106 85 62
-0.018270 0.127921 0.390672 105 82 61
-0.017970 0.127267 0.391262 129 108 84
-0.015858 0.121363 0.400060 85 73 60
-0.015349 0.120698 0.400735 166 137 97
-0.014778 0.120218 0.401729 149 119 84
-0.014194 0.119698 0.402564 73 63 53
-0.013634 0.118855 0.403294 159 130 94
-0.020684 0.131198 0.384697 155 143 126
-0.020916 0.130941 0.385320 153 136 115
-0.021114 0.130502 0.386317 148 127 105
-0.019658 0.129358 0.387597 121 96 69
-0.019519 0.128737 0.388687 115 90 63
-0.019251 0.127938 0.389670 116 90 63
-0.018719 0.127525 0.390574 102 77 53
-0.018573 0.127130 0.391317 116 92 67
-0.018524 0.124406 0.394944 81 65 51
-0.018072 0.123516 0.395801 82 65 51
-0.017604 0.122967 0.396618 166 136 98
-0.017072 0.122268 0.397544 176 145 102
-0.016538 0.121796 0.398696 167 137 96
-0.016041 0.121032 0.399636 82 66 51
-0.015647 0.120460 0.400098 154 127 93
-0.021203 0.130671 0.384636 155 142 122
-0.021307 0.130266 0.385331 150 131 108
-0.021416 0.129630 0.386482 144 116 87
-0.021160 0.128793 0.387528 130 98 71
-0.020952 0.128142 0.388436 125 94 65
-0.020635 0.127383 0.389512 127 96 67
-0.020462 0.126740 0.390334 111 83 58
-0.020034 0.125971 0.391573 76 58 45
-0.019600 0.125536 0.392453 131 100 71
-0.019078 0.124735 0.393609 164 130 89
-0.018627 0.124068 0.394621 95 75 56
-0.018172 0.123280 0.395358 73 59 46
-0.017999 0.122886 0.396068 146 118 81
-0.023072 0.128944 0.384998 94 90 77
-0.021862 0.128631 0.386387 153 124 82
-0.021537 0.128078 0.387398 126 96 65
-0.021289 0.127480 0.388261 119 90 62
-0.021030 0.126898 0.389046 137 107 73
-0.020574 0.126078 0.390145 154 122 77
-0.020267 0.125348 0.391093 37 25 21
-0.024220 0.128893 0.384294 105 107 110
-0.023630 0.128540 0.385320 90 83 76
-0.023551 0.128343 0.385562 79 72 67
-0.025107 0.128599 0.384117 125 126 126
-0.024836 0.128101 0.385030 102 102 103
-0.024575 0.127726 0.385612 87 85 83
-0.026192 0.128063 0.384162 120 122 121
-0.025994 0.127570 0.384858 115 115 115
-0.025611 0.127102 0.385584 128 128 127
-0.027329 0.127513 0.383987 75 75 75
-0.026974 0.127133 0.384763 87 86 87
-0.026810 0.126337 0.385644 90 90 89
-0.028316 0.127035 0.383899 90 89 90
-0.028214 0.126529 0.384788 79 79 80
-0.027996 0.125760 0.385556 76 76 76
-0.029516 0.126467 0.383759 138 138 138
-0.029357 0.126035 0.384707 115 115 116
-0.029028 0.125254 0.385523 116 117 117
-0.030747 0.125803 0.383669 109 108 110
-0.030591 0.125422 0.384567 92 91 94
-0.030231 0.124587 0.385527 95 95 96
-0.030108 0.123832 0.386065 96 95 96
-0.031580 0.125327 0.383670 74 73 75
-0.031475 0.124807 0.384525 46 45 47
-0.031434 0.123740 0.385651 48 47 47
-0.031021 0.123537 0.386071 54 53 52
-0.032743 0.124690 0.383562 76 76 77
-0.032828 0.124206 0.384223 52 51 52
-0.032455 0.123480 0.385554 49 47 46
-0.032160 0.122761 0.386348 60 58 57
-0.034018 0.123875 0.383543 99 99 100
-0.033854 0.123596 0.384185 76 77 79
-0.033526 0.122862 0.385435 52 51 51
-0.033552 0.122180 0.386187 62 61 61
-0.033319 0.121461 0.386761 80 76 74
-0.034885 0.123325 0.383384 150 151 150
-0.034877 0.123007 0.384193 135 136 138
-0.034786 0.122495 0.385391 97 97 98
-0.034328 0.121708 0.386171 65 64 64
-0.034249 0.120881 0.386928 86 82 78
-0.036015 0.122293 0.384207 139 140 142
-0.035952 0.121957 0.385319 109 111 112
-0.035589 0.121196 0.386334 67 66 67
-0.035146 0.120441 0.386895 50 47 48
-0.036980 0.121662 0.384185 125 126 128
-0.037102 0.121294 0.385189 79 79 82
-0.036754 0.120919 0.386142 51 50 51
-0.036407 0.119856 0.386847 35 35 35
-0.036059 0.119117 0.387927 65 64 62
-0.037965 0.120989 0.384208 94 94 96
-0.038070 0.120631 0.384800 60 60 62
-0.037845 0.120152 0.385913 37 35 37
-0.037599 0.119308 0.386863 34 33 34
-0.036807 0.118588 0.387941 45 44 44
-0.037203 0.117771 0.388692 107 107 108
-0.038835 0.120344 0.384155 79 79 81
-0.038936 0.119961 0.384795 58 57 59
-0.038971 0.119476 0.385739 39 38 39
-0.038518 0.118843 0.386961 29 29 31
-0.038179 0.118125 0.388221 73 73 76
-0.038067 0.117249 0.388912 148 149 151
-0.037916 0.116321 0.389461 163 164 165
-0.040006 0.119111 0.385033 61 62 64
-0.040042 0.118784 0.385809 57 58 60
-0.039810 0.118376 0.387079 71 71 75
-0.039592 0.117820 0.388100 137 137 141
-0.039160 0.116740 0.389202 148 148 153
-0.038874 0.115980 0.389882 157 157 160
-0.038929 0.115042 0.390466 149 150 152
-0.040887 0.118097 0.385716 104 105 108
-0.041000 0.117713 0.386803 151 151 155
-0.040855 0.117055 0.388086 154 154 160
-0.040465 0.116346 0.389160 144 147 151
-0.040057 0.115564 0.390301 139 141 144
-0.039706 0.114805 0.391027 112 111 114
-0.039563 0.113913 0.391376 44 42 43
-0.039411 0.112956 0.392270 68 67 63
-0.041656 0.117292 0.385665 163 163 164
-0.042045 0.116850 0.386580 158 159 161
-0.041847 0.116485 0.387968 155 156 160
-0.041581 0.115989 0.389036 149 151 155
-0.041473 0.115244 0.389505 130 135 139
-0.040477 0.114352 0.391426 31 28 31
-0.040607 0.113394 0.391891 20 20 21
-0.040437 0.112427 0.392759 31 30 30
-0.040291 0.111535 0.393600 60 58 61
-0.040106 0.111026 0.394193 134 135 135
-0.036180 0.101585 0.407807 140 126 123
-0.035894 0.100966 0.408694 138 124 126
-0.035438 0.100313 0.409954 130 118 124
-0.035000 0.099885 0.410896 136 131 135
-0.034739 0.099423 0.411731 105 103 110
-0.034516 0.098728 0.412940 51 53 58
-0.034197 0.097716 0.414067 82 86 93
-0.034189 0.096984 0.414940 96 101 110
-0.034032 0.096325 0.415552 121 130 138
-0.042650 0.116100 0.386723 158 158 160
-0.042922 0.115608 0.387676 154 155 158
-0.043227 0.115399 0.388501 157 157 160
-0.042787 0.114036 0.390242 30 30 34
-0.041580 0.113243 0.392022 21 21 22
-0.041375 0.112511 0.392880 23 22 23
-0.041082 0.111555 0.393948 62 62 66
-0.040874 0.110819 0.394763 136 136 137
-0.040689 0.109895 0.395653 71 69 71
-0.040508 0.109013 0.396439 100 98 100
-0.040292 0.108325 0.397181 154 154 156
-0.038346 0.103665 0.403730 133 122 121
-0.038137 0.103117 0.404735 107 99 100
-0.037851 0.102764 0.405514 54 52 56
-0.037239 0.102116 0.406918 79 72 74
-0.036907 0.101614 0.407693 102 89 94
-0.036655 0.100985 0.408819 114 100 109
-0.036361 0.100415 0.410124 125 119 126
-0.035933 0.099908 0.411195 129 127 133
-0.035666 0.099519 0.411702 131 131 137
-0.034973 0.097655 0.414077 27 26 41
-0.034822 0.096771 0.414989 37 41 48
-0.034521 0.095852 0.415941 66 70 80
-0.034726 0.095093 0.416921 109 115 122
-0.034909 0.094766 0.417656 183 193 195
-0.043547 0.114906 0.387641 155 156 157
-0.043889 0.114368 0.388566 110 110 113
-0.043519 0.113757 0.389917 37 37 41
-0.043503 0.113346 0.390644 31 30 32
-0.041666 0.110636 0.395134 131 130 135
-0.041365 0.109856 0.395878 47 44 47
-0.040971 0.108907 0.396749 79 77 80
-0.040628 0.107921 0.397718 105 106 108
-0.040535 0.107241 0.398550 92 92 95
-0.040473 0.106561 0.399634 108 109 113
-0.040373 0.105809 0.400289 41 40 44
-0.039903 0.105168 0.401528 47 46 47
-0.039297 0.104475 0.402652 111 102 101
-0.039037 0.103650 0.403672 111 100 104
-0.038635 0.103305 0.404830 118 112 116
-0.038546 0.102651 0.405783 38 37 40
-0.038561 0.101986 0.406965 36 34 40
-0.037991 0.101754 0.407621 50 49 54
-0.035193 0.094824 0.415739 22 24 37
-0.035022 0.094511 0.416893 69 74 85
-0.035224 0.093810 0.417757 157 165 172
-0.035550 0.093242 0.418495 178 185 191
-0.044270 0.113693 0.388525 83 83 86
-0.044293 0.113010 0.389556 41 41 44
-0.044327 0.112606 0.390476 40 41 43
-0.040878 0.105464 0.400792 27 26 29
-0.040640 0.104952 0.401709 22 22 25
-0.040034 0.103682 0.404151 107 97 102
-0.035713 0.092981 0.417682 141 148 157
-0.035978 0.092561 0.418562 160 168 176
-0.036292 0.092130 0.419589 118 124 133
-0.044938 0.112329 0.389561 57 57 59
-0.044830 0.111827 0.390179 45 45 47
-0.045182 0.111133 0.391608 96 96 99
-0.045210 0.110502 0.392359 152 152 156
-0.045071 0.110043 0.393230 132 135 140
-0.041422 0.100934 0.406033 34 35 36
-0.041042 0.100793 0.406437 28 29 29
-0.040908 0.099718 0.407942 59 60 66
-0.040528 0.098972 0.408839 94 96 105
-0.040165 0.098262 0.409655 111 115 124
-0.039854 0.097493 0.410580 103 109 118
-0.039762 0.096974 0.411558 57 58 63
-0.039409 0.096201 0.412333 53 55 62
-0.039372 0.095785 0.413423 71 75 84
-0.036835 0.091359 0.418578 153 161 170
-0.036863 0.091372 0.419447 51 56 67
-0.036931 0.091143 0.420356 62 69 74
-0.045503 0.110301 0.391300 124 124 128
-0.045553 0.109719 0.392279 165 166 168
-0.045603 0.109009 0.393284 158 160 163
-0.045791 0.108511 0.394468 159 160 162
-0.045585 0.107890 0.395252 51 52 54
-0.043805 0.103359 0.401523 26 26 28
-0.042785 0.101162 0.405220 172 174 177
-0.042194 0.100720 0.405697 85 86 90
-0.041917 0.099948 0.406286 81 82 85
-0.041278 0.099208 0.407229 77 77 80
-0.040743 0.098484 0.408337 85 86 90
-0.040411 0.097773 0.409240 120 124 128
-0.040032 0.097072 0.410237 120 124 129
-0.039794 0.096204 0.411561 75 76 78
-0.039689 0.095717 0.412327 102 105 110
-0.039594 0.094976 0.413549 83 87 92
-0.039617 0.094232 0.414231 50 52 56
-0.039431 0.093062 0.415504 43 46 52
-0.039008 0.092158 0.416330 70 74 86
-0.038946 0.091874 0.416845 93 97 108
-0.038350 0.091046 0.417949 103 115 127
-0.037965 0.090634 0.419404 26 29 39
-0.037931 0.090228 0.420465 56 61 69
-0.045969 0.108131 0.393150 174 177 175
-0.045902 0.107731 0.394250 145 146 148
-0.045893 0.107027 0.395158 72 72 74
-0.045833 0.106303 0.396295 85 86 89
-0.045731 0.105634 0.397359 83 85 89
-0.045496 0.104895 0.398312 129 131 136
-0.045414 0.104288 0.399431 155 158 161
-0.044865 0.103504 0.400621 58 58 61
-0.044519 0.102956 0.401210 32 33 35
-0.044083 0.102071 0.402120 34 35 37
-0.043693 0.101392 0.403191 94 94 100
-0.043171 0.100764 0.404267 162 165 168
-0.042708 0.100118 0.405050 147 149 153
-0.039679 0.093256 0.414436 79 79 77
-0.039827 0.093106 0.415415 105 108 112
-0.039838 0.092362 0.416437 131 134 139
-0.039765 0.091653 0.417340 127 131 138
-0.039443 0.090668 0.418349 85 90 101
-0.039155 0.090249 0.419336 32 36 44
-0.038847 0.089717 0.420420 64 69 74
-0.045932 0.104979 0.397053 126 128 127
-0.045707 0.104199 0.398089 172 174 175
-0.045509 0.103645 0.399048 166 168 170
-0.045257 0.103011 0.400163 115 117 120
-0.044971 0.102344 0.400853 49 49 50
-0.044633 0.101551 0.401928 74 74 74
-0.044176 0.100884 0.402561 79 80 80
-0.040287 0.090695 0.418645 78 82 88
-0.040005 0.090080 0.419383 64 68 75
-0.039880 0.089697 0.420292 68 73 80
0.037217 0.147940 0.407034 174 173 162
0.037350 0.147475 0.407629 145 136 131
0.037537 0.146966 0.408360 110 105 103
0.039514 0.141682 0.416029 127 117 104
0.039686 0.141561 0.416795 109 100 96
0.040019 0.140762 0.418034 164 157 153
0.040277 0.140042 0.418874 188 172 152
0.040377 0.139367 0.419532 193 171 137
0.036344 0.147806 0.406629 174 168 158
0.036445 0.147149 0.407549 173 165 155
0.036527 0.146309 0.408529 153 143 131
0.036663 0.145702 0.409160 144 129 116
0.038019 0.141763 0.414774 76 61 71
0.038473 0.141874 0.415974 108 95 84
0.039099 0.141776 0.416760 113 96 89
0.039366 0.140662 0.418714 178 170 165
0.039690 0.140022 0.419364 189 165 134
0.039919 0.139042 0.420016 192 166 125
0.039813 0.138065 0.420820 179 147 109
0.039968 0.137082 0.421405 181 148 105
0.035014 0.147225 0.406751 179 173 165
0.034911 0.146735 0.407412 183 177 168
0.035462 0.145958 0.408726 184 174 163
0.035626 0.145190 0.409529 179 167 151
0.035804 0.144297 0.410414 182 170 152
0.035951 0.143427 0.411341 159 147 133
0.036306 0.142402 0.414039 103 90 76
0.037028 0.141784 0.414816 111 100 89
0.037516 0.141657 0.415646 114 103 91
0.039155 0.137865 0.421293 180 150 116
0.038989 0.136865 0.421940 154 120 89
0.039275 0.136051 0.422202 114 80 56
0.040095 0.134690 0.425026 98 86 70
0.040203 0.134743 0.425754 31 29 26
0.034163 0.146586 0.406862 173 167 159
0.034103 0.146227 0.407538 175 169 161
0.034264 0.145760 0.408781 179 171 163
0.034783 0.145133 0.409889 177 167 155
0.035159 0.144421 0.410814 119 107 95
0.035524 0.143662 0.411577 125 113 101
0.035742 0.142866 0.412737 110 100 90
0.036025 0.142239 0.413565 108 97 87
0.036406 0.141624 0.414580 108 102 96
0.038298 0.136648 0.422242 145 112 81
0.038384 0.135836 0.422521 158 129 92
0.038477 0.134523 0.423927 154 129 100
0.038975 0.134240 0.424866 99 88 71
0.038978 0.133997 0.425612 56 57 50
0.033439 0.146001 0.406820 169 166 155
0.032969 0.145618 0.407560 166 159 151
0.033013 0.145562 0.408456 168 162 154
0.037217 0.135225 0.423072 151 126 99
0.037668 0.134406 0.423802 157 132 102
0.037945 0.133580 0.424879 134 125 106
0.038299 0.133732 0.425473 82 82 71
0.031881 0.145092 0.407452 162 155 147
0.032168 0.145246 0.408450 161 153 146
0.036190 0.133740 0.424324 171 153 135
0.036587 0.133154 0.424373 188 165 135
0.030699 0.144474 0.406410 161 156 145
0.030455 0.144673 0.407051 159 152 143
0.035173 0.133176 0.424140 193 176 150
0.035533 0.132690 0.424096 192 168 132
0.029284 0.144279 0.406591 157 151 141
0.029565 0.144412 0.406977 158 150 141
0.034046 0.132347 0.423754 197 172 134
0.034703 0.131944 0.423798 196 169 125
0.028087 0.143914 0.406293 160 152 142
0.028593 0.144223 0.407017 158 151 141
0.033015 0.131950 0.423727 197 172 134
0.033230 0.131296 0.423731 200 178 138
0.026732 0.143412 0.405203 163 157 147
0.027032 0.143579 0.405951 160 153 144
0.031946 0.131376 0.423647 136 108 80
0.032309 0.130786 0.423665 144 117 86
0.025804 0.143291 0.405265 164 157 148
0.026217 0.143472 0.405690 163 156 146
0.030828 0.130780 0.423518 141 111 81
0.031063 0.130142 0.423556 139 113 83
0.023943 0.143049 0.404044 169 164 154
0.024500 0.143055 0.404852 165 159 150
0.029709 0.130124 0.423352 192 165 125
0.030071 0.129645 0.423458 197 174 133
0.022939 0.142882 0.403876 165 158 149
0.023518 0.142974 0.404563 164 158 150
0.028588 0.129563 0.423142 191 165 127
0.028517 0.129016 0.423323 197 174 135
0.021690 0.142778 0.402844 163 156 145
0.021870 0.142832 0.403487 164 157 147
0.027447 0.129056 0.423066 194 169 131
0.027656 0.128338 0.423193 197 177 137
0.020079 0.142848 0.401770 163 157 143
0.020672 0.142738 0.402634 163 155 143
0.020980 0.142519 0.403436 165 158 148
0.026329 0.128223 0.422899 189 163 123
0.018608 0.142837 0.400448 160 152 137
0.019165 0.142675 0.401394 159 150 136
0.019558 0.142655 0.402345 160 150 137
0.025462 0.127796 0.422713 129 101 76
0.025788 0.127107 0.423052 1 0 0
0.017348 0.142870 0.399500 158 147 128
0.017753 0.142667 0.400448 156 145 128
0.018216 0.142819 0.401215 158 147 130
0.024187 0.127205 0.422565 155 125 89
0.016333 0.142714 0.399443 154 141 121
0.016750 0.142683 0.400061 155 141 122
0.022940 0.126633 0.422322 154 123 88
0.014875 0.142713 0.398300 151 135 114
0.015365 0.142743 0.399116 153 137 116
0.021555 0.126661 0.422023 101 80 73
0.022012 0.126172 0.422134 132 103 75
0.013506 0.142810 0.397042 154 138 114
0.013948 0.142812 0.398018 152 135 112
0.020556 0.126388 0.421991 123 98 79
0.020826 0.125786 0.422011 146 118 84
0.011513 0.143306 0.395096 156 141 115
0.012026 0.143041 0.395990 154 138 113
0.012700 0.142861 0.396937 152 135 112
0.012940 0.142736 0.397916 149 130 108
0.012394 0.140930 0.399854 150 131 102
0.013021 0.139853 0.400845 153 139 119
0.019220 0.125608 0.421807 175 142 99
0.019634 0.125104 0.421755 179 149 105
0.008184 0.148289 0.388366 160 138 101
0.008384 0.147628 0.388999 155 134 100
0.008697 0.147016 0.390013 153 132 99
0.009062 0.146394 0.391039 153 132 101
0.009336 0.145650 0.392082 150 130 100
0.009708 0.145042 0.393104 148 131 102
0.010185 0.143922 0.393973 145 129 103
0.010645 0.143445 0.394862 147 130 106
0.011195 0.143143 0.395693 148 130 106
0.011597 0.140666 0.399398 150 130 106
0.018196 0.124862 0.421536 86 72 62
0.018764 0.124580 0.421669 137 111 78
0.005810 0.150748 0.383937 157 130 85
0.006295 0.149905 0.385014 154 127 85
0.006681 0.149418 0.385988 154 127 86
0.007056 0.148714 0.386926 150 126 89
0.007428 0.148010 0.387957 148 125 91
0.007789 0.147377 0.388919 146 124 92
0.008043 0.146575 0.390056 144 122 92
0.008291 0.145985 0.390961 142 121 92
0.008597 0.145193 0.391994 140 121 94
0.008932 0.144266 0.392776 140 122 97
0.009531 0.143599 0.393783 142 125 100
0.009758 0.143194 0.394756 144 127 103
0.009834 0.142294 0.395840 141 122 96
0.010308 0.141573 0.396934 143 123 96
0.010650 0.140800 0.397978 143 122 93
0.010698 0.140034 0.398965 143 122 94
0.011085 0.139822 0.399791 145 124 93
0.017004 0.124273 0.421196 77 64 57
0.017581 0.123771 0.421288 89 77 64
0.003971 0.151916 0.381285 149 117 71
0.004241 0.151480 0.381914 149 117 72
0.004761 0.150781 0.382782 148 119 75
0.005259 0.150045 0.383698 148 120 78
0.005629 0.149363 0.384608 146 119 80
0.006047 0.148613 0.385713 146 121 83
0.006307 0.147748 0.386702 143 119 85
0.006683 0.147126 0.387713 141 119 87
0.006854 0.146460 0.388543 140 118 86
0.007079 0.145709 0.389745 139 118 89
0.007286 0.145066 0.390696 139 119 90
0.007660 0.144241 0.391666 140 121 94
0.008099 0.143623 0.392516 141 124 98
0.008448 0.142841 0.393377 142 125 99
0.008569 0.142188 0.394657 143 124 97
0.008807 0.141569 0.395442 142 123 95
0.009074 0.140673 0.396708 139 120 92
0.009333 0.140231 0.397684 138 118 92
0.009653 0.139351 0.398743 140 118 90
0.009835 0.138698 0.399453 141 117 87
0.010076 0.138032 0.400422 140 116 84
0.016038 0.123770 0.421058 144 116 83
0.002169 0.152906 0.379039 150 117 68
0.002642 0.152341 0.379719 146 111 64
0.003287 0.151611 0.380576 146 113 66
0.003655 0.150738 0.381388 144 114 69
0.003984 0.149846 0.382409 142 114 73
0.004481 0.149086 0.383400 142 116 76
0.004721 0.148527 0.384276 141 115 78
0.004917 0.147820 0.385217 141 117 82
0.005386 0.147060 0.386397 138 115 83
0.005658 0.146442 0.387345 136 114 83
0.005621 0.145731 0.388491 136 115 86
0.005931 0.145027 0.389654 138 118 89
0.006259 0.144303 0.390540 140 121 93
0.006534 0.143773 0.391363 142 124 97
0.006837 0.143015 0.391986 145 127 100
0.007365 0.142483 0.394136 141 123 95
0.007712 0.141548 0.394867 140 122 94
0.007875 0.140910 0.395475 141 122 95
0.007833 0.140143 0.396643 137 117 89
0.008309 0.139432 0.397672 136 116 88
0.008501 0.138890 0.398710 137 117 90
0.008933 0.138225 0.399595 139 116 86
0.009538 0.137887 0.400321 142 117 84
0.014849 0.123268 0.420783 183 152 107
0.000916 0.153084 0.377935 151 118 71
0.001555 0.152510 0.378611 148 115 67
0.002058 0.151731 0.379355 145 111 64
0.002560 0.150772 0.380142 143 112 66
0.002986 0.149674 0.381400 143 113 71
0.003344 0.149321 0.382139 143 115 76
0.003604 0.148556 0.383220 140 113 76
0.003588 0.147822 0.384042 139 114 78
0.003783 0.147112 0.385006 138 114 82
0.004176 0.146375 0.386261 135 112 82
0.004352 0.145689 0.387293 135 113 84
0.004611 0.145217 0.388493 137 115 86
0.004895 0.144437 0.389580 141 120 91
0.005133 0.143853 0.390195 139 121 93
0.005259 0.143436 0.391264 143 124 96
0.005389 0.142179 0.392346 147 126 94
0.005652 0.140874 0.395201 143 120 91
0.006263 0.140150 0.395268 141 119 90
0.006852 0.139723 0.396540 137 115 87
0.007265 0.138796 0.397612 137 115 86
0.007385 0.138185 0.398555 134 114 87
0.007809 0.137635 0.399431 140 117 86
0.007908 0.137084 0.400227 142 118 84
0.013165 0.123090 0.420324 180 148 102
0.013942 0.122790 0.420538 184 154 109
-0.000463 0.153237 0.376911 154 122 72
0.000142 0.152693 0.377622 149 116 68
0.000598 0.151742 0.378121 145 112 64
0.001313 0.150967 0.378902 145 112 65
0.001801 0.148292 0.382267 137 111 75
0.002041 0.147746 0.383064 138 113 78
0.002327 0.147145 0.384128 137 112 78
0.002602 0.146661 0.385108 137 113 81
0.002876 0.145875 0.386209 138 115 84
0.003190 0.145269 0.387211 138 115 86
0.003467 0.144681 0.388522 141 120 89
0.003817 0.144021 0.389340 139 119 90
0.003983 0.143273 0.389802 136 119 91
0.004360 0.142629 0.391296 139 118 90
0.004496 0.141617 0.392220 143 122 91
0.004441 0.140694 0.393463 147 127 96
0.004739 0.140110 0.394579 139 117 86
0.005333 0.139740 0.395515 139 118 89
0.005806 0.139162 0.396360 140 117 87
0.006088 0.138351 0.397540 137 116 87
0.006440 0.137534 0.398507 137 118 89
0.006645 0.137079 0.399435 139 116 86
0.006839 0.136779 0.400532 142 115 81
0.012261 0.122407 0.420145 170 138 101
0.012713 0.122247 0.420261 185 154 109
-0.001265 0.152720 0.376873 150 117 67
-0.000980 0.152209 0.377263 147 113 64
-0.000412 0.151035 0.377961 141 109 60
-0.000420 0.149983 0.378860 140 108 62
-0.000141 0.149290 0.379849 139 109 67
0.000453 0.148653 0.381133 138 109 70
0.000661 0.148009 0.382017 138 111 73
0.001011 0.147306 0.383230 139 113 78
0.001242 0.146846 0.384045 139 114 79
0.001485 0.146249 0.385286 139 116 83
0.001543 0.145597 0.386452 142 119 86
0.001907 0.145100 0.387445 140 118 86
0.002422 0.144329 0.388649 140 119 88
0.002669 0.143562 0.389202 136 115 87
0.003074 0.142700 0.389999 135 115 86
0.003439 0.141973 0.391269 135 113 83
0.003440 0.141246 0.392450 140 117 86
0.003787 0.140412 0.393148 141 118 87
0.004023 0.139893 0.394443 141 117 86
0.004349 0.139268 0.395306 142 118 87
0.004761 0.138439 0.396274 136 115 84
0.005013 0.137822 0.397392 136 114 85
0.005443 0.136983 0.398439 140 117 87
0.005499 0.136422 0.399311 139 115 84
0.005920 0.135763 0.399995 138 112 76
0.011284 0.122019 0.420033 140 114 85
0.011758 0.121643 0.419999 144 117 82
-0.002367 0.152133 0.376805 151 117 67
-0.002156 0.151610 0.377242 145 112 63
-0.001663 0.150589 0.377989 142 110 62
-0.001320 0.149803 0.378977 139 107 62
-0.001063 0.149059 0.380097 139 109 66
-0.000878 0.148377 0.381158 139 111 71
-0.000525 0.147771 0.382197 140 113 75
-0.000282 0.147189 0.383274 141 115 78
0.000023 0.146726 0.384379 141 116 80
0.000389 0.146111 0.385510 142 118 83
0.000707 0.145491 0.386500 144 120 86
0.001281 0.143221 0.388395 127 105 78
0.001528 0.143207 0.388980 133 111 83
0.001758 0.142309 0.390102 133 111 83
0.002167 0.141508 0.391208 136 113 83
0.002487 0.140608 0.392361 140 115 82
0.002796 0.139803 0.393285 139 115 82
0.003021 0.139250 0.394321 137 113 81
0.003261 0.138483 0.395161 135 112 82
0.003494 0.137909 0.396231 135 112 83
0.003806 0.137242 0.397331 134 112 83
0.004118 0.136418 0.398370 137 114 84
0.004161 0.135828 0.399160 137 112 81
0.004140 0.135358 0.400264 128 101 69
0.010115 0.121411 0.419633 130 103 76
0.010642 0.121794 0.420366 12 0 0
-0.003136 0.150988 0.377533 151 120 73
-0.002984 0.150344 0.378265 146 115 69
-0.002602 0.149537 0.379286 143 112 67
-0.002380 0.148936 0.380260 143 114 72
-0.002005 0.148150 0.381478 145 118 78
-0.001655 0.147612 0.382345 145 119 79
-0.001318 0.147222 0.383207 145 118 81
-0.001236 0.146638 0.383993 147 122 85
-0.000479 0.142914 0.387351 126 105 80
0.000013 0.143024 0.388051 127 105 80
0.000049 0.142580 0.388998 133 111 83
0.000467 0.141800 0.390055 134 112 84
0.000888 0.140900 0.391259 137 113 84
0.001216 0.140131 0.392192 139 115 84
0.001488 0.139438 0.393175 138 114 84
0.001811 0.138724 0.394313 137 113 82
0.001991 0.138043 0.395269 135 112 83
0.002317 0.137279 0.396260 134 111 83
0.002585 0.136510 0.397302 134 112 84
0.002820 0.135733 0.398194 137 112 82
0.003053 0.135421 0.399190 137 112 80
0.008261 0.121618 0.419021 103 79 69
0.008927 0.121121 0.419263 148 119 87
-0.003126 0.148838 0.379960 153 125 80
-0.001316 0.142784 0.387222 127 106 82
-0.000888 0.142623 0.388279 131 110 84
-0.000672 0.141639 0.389442 143 123 95
-0.000481 0.141223 0.390100 135 114 87
-0.000341 0.140478 0.391201 138 115 86
0.000082 0.139662 0.392253 138 114 84
0.000280 0.138729 0.393181 137 112 82
0.000841 0.138233 0.394081 135 111 81
0.000804 0.137404 0.395133 133 111 83
0.001170 0.136758 0.396074 137 112 81
0.001571 0.136178 0.397245 137 112 81
0.001450 0.135737 0.398196 138 112 79
0.002159 0.135403 0.398959 131 103 71
0.007457 0.120864 0.418762 135 106 76
0.008055 0.120609 0.418940 96 75 59
-0.002376 0.142426 0.386055 137 117 90
-0.002501 0.142456 0.386833 131 112 89
-0.001392 0.140786 0.390125 142 123 99
-0.000989 0.139884 0.390822 138 117 90
-0.000819 0.138992 0.392076 138 117 90
-0.000591 0.138555 0.393228 139 115 86
-0.000038 0.137750 0.394123 135 111 83
0.000025 0.136981 0.395031 136 112 82
0.000524 0.136344 0.395914 137 111 80
0.000858 0.135527 0.397023 136 109 78
0.006590 0.120488 0.418398 172 139 95
0.007217 0.120035 0.418480 176 144 96
-0.003927 0.142126 0.386141 135 117 95
-0.003482 0.142253 0.386648 132 114 92
-0.001727 0.138490 0.391995 141 118 92
-0.001425 0.137675 0.392955 137 112 87
-0.001361 0.137138 0.393996 140 115 88
-0.001122 0.137003 0.394730 140 115 84
-0.000882 0.135943 0.395476 140 115 84
0.004741 0.120500 0.417797 163 132 103
0.005430 0.120175 0.417907 180 147 100
-0.004799 0.141828 0.386090 137 120 100
-0.004895 0.141939 0.386748 134 117 99
0.004114 0.119950 0.417446 122 93 74
0.004389 0.119644 0.417542 151 122 86
-0.005995 0.141386 0.385915 138 123 105
-0.005682 0.141602 0.386514 136 119 100
0.002924 0.119491 0.416836 99 81 66
0.003067 0.118424 0.417108 0 0 0
-0.007167 0.140837 0.385669 140 126 109
0.001357 0.119413 0.416239 170 137 94
0.001872 0.119065 0.416440 141 114 79
-0.008280 0.140227 0.385467 140 127 111
0.000377 0.119024 0.415642 173 139 94
0.001350 0.118491 0.415854 180 146 100
-0.009379 0.139684 0.385360 140 127 112
-0.001282 0.119055 0.415032 141 111 79
-0.000700 0.118614 0.415124 168 133 92
-0.010498 0.139134 0.385194 141 129 115
-0.002697 0.119084 0.414078 123 94 68
-0.002013 0.118637 0.414471 101 79 61
-0.001445 0.117831 0.414773 69 54 39
-0.011673 0.138554 0.385256 141 130 117
-0.003614 0.118605 0.413498 154 119 81
-0.002768 0.118201 0.413903 159 122 80
-0.012792 0.137902 0.385111 143 133 121
-0.005039 0.118544 0.412648 101 79 60
-0.004477 0.118055 0.412909 93 75 58
-0.013937 0.137263 0.385063 143 135 124
-0.006465 0.118951 0.411721 164 126 82
-0.006040 0.118327 0.411937 170 134 88
-0.005254 0.117909 0.412749 63 41 33
-0.014974 0.136635 0.385031 145 138 128
-0.015535 0.136323 0.385966 149 142 135
-0.007971 0.118635 0.410372 176 143 96
-0.007343 0.118335 0.410914 177 143 95
-0.015927 0.135947 0.385043 148 141 133
-0.016048 0.135788 0.385890 149 142 135
-0.009411 0.118990 0.409307 167 136 97
-0.008798 0.118424 0.409710 182 151 104
-0.007958 0.117765 0.410450 185 157 107
-0.016802 0.135267 0.385008 152 146 138
-0.017157 0.135108 0.385767 153 147 139
-0.011430 0.119879 0.407411 176 141 94
-0.010761 0.119100 0.407882 121 97 71
-0.009889 0.118604 0.408781 112 89 69
-0.009334 0.118062 0.409108 182 153 106
-0.017884 0.134442 0.384789 155 150 141
-0.018033 0.134249 0.385497 155 148 140
-0.013045 0.120861 0.405131 181 148 102
-0.012587 0.120028 0.405726 181 150 103
-0.011759 0.119467 0.406668 182 150 103
-0.011153 0.118811 0.407248 181 149 100
-0.019011 0.133450 0.385626 156 149 138
-0.019335 0.133266 0.386317 156 146 132
-0.014620 0.121447 0.402927 84 70 57
-0.014013 0.120720 0.403791 141 117 87
-0.013406 0.120257 0.404532 185 156 111
-0.012789 0.119589 0.405334 184 154 106
-0.019878 0.132799 0.385578 159 152 139
-0.020075 0.132412 0.386379 154 141 123
-0.020354 0.131923 0.387180 150 134 111
-0.017325 0.124541 0.398139 179 149 103
-0.016899 0.123908 0.398829 178 146 100
-0.016614 0.123079 0.399525 171 140 98
-0.016033 0.122299 0.400493 99 82 64
-0.015478 0.121797 0.401590 158 129 91
-0.014978 0.121143 0.402321 130 104 74
-0.014856 0.120720 0.403583 0 0 0
-0.020805 0.131537 0.386304 155 137 113
-0.020942 0.130947 0.387412 151 129 101
-0.020982 0.130175 0.388256 130 103 76
-0.020730 0.129574 0.389554 118 90 61
-0.020467 0.128826 0.390688 81 62 46
-0.020176 0.128193 0.391729 81 62 48
-0.019829 0.127391 0.392607 134 105 74
-0.019510 0.126636 0.393263 161 129 86
-0.019104 0.125883 0.394419 147 113 76
-0.018631 0.125146 0.395256 80 63 49
-0.018217 0.124605 0.396579 115 94 69
-0.017682 0.124112 0.397320 171 140 100
-0.017216 0.123435 0.398249 179 148 104
-0.016718 0.122545 0.399126 180 150 106
-0.016424 0.121738 0.400203 52 33 24
-0.021645 0.130497 0.386320 164 147 112
-0.021255 0.130182 0.387157 148 123 92
-0.021132 0.129670 0.388289 138 107 74
-0.020956 0.129121 0.389288 142 110 73
-0.020701 0.128354 0.390257 108 83 57
-0.020437 0.127799 0.391102 74 57 43
-0.020044 0.127037 0.392231 111 87 61
-0.019667 0.126259 0.393003 162 130 88
-0.019134 0.125329 0.394126 154 121 81
-0.018957 0.124844 0.394737 85 56 45
-0.037388 0.120961 0.386361 66 64 67
-0.037946 0.120291 0.386814 69 69 66
-0.038039 0.119583 0.387538 66 65 64
-0.039025 0.119820 0.386625 66 65 66
-0.038998 0.119102 0.387588 77 78 78
-0.038878 0.118400 0.388359 138 138 141
-0.039981 0.118526 0.387458 148 149 150
-0.039739 0.117975 0.388362 170 171 173
-0.039746 0.117247 0.389363 173 175 177
-0.039633 0.116386 0.390160 170 172 173
-0.041070 0.117836 0.387547 172 173 174
-0.040827 0.117427 0.388600 172 173 174
-0.040784 0.116664 0.389619 167 169 171
-0.040611 0.116079 0.390258 164 165 167
-0.040381 0.115189 0.391074 124 125 128
-0.040283 0.114377 0.391939 61 58 59
-0.042070 0.116812 0.388271 171 173 173
-0.041896 0.116121 0.389567 165 167 169
-0.041543 0.115653 0.390383 149 150 153
-0.041292 0.114901 0.391337 63 63 65
-0.041307 0.114007 0.392374 42 42 42
-0.041101 0.113374 0.393063 48 48 47
-0.036027 0.100994 0.410063 163 164 165
-0.035725 0.100356 0.411541 169 170 171
-0.035450 0.099689 0.412567 112 115 122
-0.035149 0.099073 0.413556 78 82 90
-0.034986 0.098309 0.414621 91 97 105
-0.034689 0.097712 0.415255 72 72 77
-0.034565 0.097130 0.416035 108 117 119
-0.042948 0.115887 0.388503 166 168 168
-0.042838 0.115539 0.389329 144 145 147
-0.042785 0.115100 0.390237 81 81 83
-0.042425 0.114495 0.391247 41 40 42
-0.042282 0.113571 0.392322 35 35 35
-0.041926 0.112847 0.393402 48 47 48
-0.041719 0.112003 0.394240 105 105 107
-0.041503 0.111178 0.395090 154 155 155
-0.041315 0.110415 0.396015 86 85 87
-0.038153 0.102987 0.406399 70 71 68
-0.037860 0.102369 0.407442 91 85 86
-0.037636 0.101997 0.408325 142 136 137
-0.037304 0.101362 0.409363 148 143 148
-0.036941 0.100640 0.410466 144 140 146
-0.036644 0.100133 0.411615 151 151 155
-0.036343 0.099698 0.412625 95 96 103
-0.036061 0.099008 0.413796 70 75 82
-0.035683 0.098253 0.414825 83 87 96
-0.035510 0.097473 0.415473 39 40 46
-0.035108 0.096514 0.416729 72 75 83
-0.035209 0.095779 0.417370 137 143 149
-0.043580 0.114926 0.389183 104 106 109
-0.043544 0.114392 0.390231 52 52 54
-0.043604 0.113674 0.391221 54 54 57
-0.043402 0.113032 0.392250 41 41 42
-0.042902 0.112413 0.393560 68 67 70
-0.042566 0.111710 0.394506 137 138 141
-0.042219 0.111018 0.395359 140 141 143
-0.042070 0.110214 0.396204 59 58 60
-0.041875 0.109335 0.397230 90 89 91
-0.041730 0.108481 0.398161 107 107 108
-0.041515 0.107847 0.398941 65 64 66
-0.041146 0.106937 0.400034 122 124 125
-0.040912 0.106182 0.401360 64 64 64
-0.040398 0.105387 0.402357 58 58 58
-0.040284 0.104933 0.403207 128 125 125
-0.039971 0.104219 0.404262 139 136 138
-0.039428 0.103552 0.405324 126 125 127
-0.039287 0.103008 0.406217 54 53 57
-0.038901 0.102423 0.407320 59 59 62
-0.038664 0.101818 0.408386 120 119 122
-0.038191 0.101021 0.409459 139 137 143
-0.037942 0.100376 0.410675 155 154 158
-0.037951 0.099971 0.411708 159 160 164
-0.037771 0.099286 0.412628 68 70 75
-0.037548 0.098459 0.413900 51 54 64
-0.037346 0.097863 0.414553 69 73 81
-0.036719 0.096944 0.415770 26 28 32
-0.035982 0.096374 0.416860 45 47 55
-0.035708 0.095522 0.417662 136 144 151
-0.035699 0.094670 0.418431 172 180 186
-0.035859 0.093886 0.419074 178 185 191
-0.044526 0.113692 0.389866 69 68 69
-0.044327 0.113107 0.391244 58 58 59
-0.044325 0.112442 0.392207 60 61 63
-0.044128 0.111903 0.393449 141 142 145
-0.043892 0.111312 0.394417 153 155 158
-0.043746 0.110694 0.395456 140 141 143
-0.043353 0.109997 0.396428 58 58 60
-0.042853 0.109137 0.397565 99 99 101
-0.042486 0.108309 0.398489 96 95 98
-0.042439 0.107761 0.399288 65 64 66
-0.041990 0.106936 0.400323 102 103 105
-0.041763 0.106175 0.401299 63 63 66
-0.041398 0.105520 0.402181 50 50 51
-0.041204 0.104874 0.403417 115 115 115
-0.040783 0.103924 0.404461 123 121 126
-0.040524 0.103389 0.405415 131 131 135
-0.040287 0.102620 0.406447 58 58 61
-0.040072 0.102238 0.407310 63 64 66
-0.039735 0.101155 0.408566 103 102 108
-0.039426 0.100566 0.409330 136 136 143
-0.039137 0.099904 0.410607 163 165 169
-0.039011 0.099273 0.411621 139 142 145
-0.038862 0.098668 0.412432 58 59 62
-0.038373 0.097919 0.413841 59 63 72
-0.038278 0.097249 0.414575 79 84 91
-0.037478 0.096633 0.415922 24 26 31
-0.038147 0.095550 0.416757 33 38 42
-0.037096 0.095084 0.417912 74 79 90
-0.036675 0.094393 0.418701 129 139 149
-0.036317 0.093551 0.419608 146 155 164
-0.036462 0.092779 0.420148 96 101 112
-0.045033 0.112184 0.391154 71 73 71
-0.044973 0.111713 0.392076 103 104 105
-0.044869 0.111223 0.393011 160 161 163
-0.044915 0.110456 0.394143 159 161 164
-0.044850 0.109925 0.395300 139 140 142
-0.044565 0.109434 0.396240 62 62 63
-0.044345 0.108548 0.397611 122 123 124
-0.043849 0.107973 0.398560 84 84 86
-0.043677 0.107461 0.399200 55 56 57
-0.043305 0.106560 0.400515 102 103 106
-0.042841 0.105637 0.401522 47 48 50
-0.042581 0.105070 0.402155 35 35 37
-0.042303 0.104157 0.403627 84 82 89
-0.042125 0.103522 0.404376 119 120 126
-0.041733 0.102904 0.405486 144 146 150
-0.041457 0.102001 0.406317 79 80 84
-0.041242 0.101287 0.407269 96 98 100
-0.040707 0.100485 0.408268 89 90 95
-0.040336 0.099887 0.409130 147 149 154
-0.039909 0.099139 0.410261 153 156 161
-0.039618 0.098511 0.411188 128 132 137
-0.039596 0.097797 0.412128 62 63 66
-0.039391 0.097062 0.413230 84 87 93
-0.039203 0.096384 0.414322 89 94 100
-0.039128 0.095974 0.415476 41 41 44
-0.038500 0.095721 0.416288 26 29 32
-0.037791 0.094502 0.418259 118 127 136
-0.037184 0.092131 0.420471 21 24 34
-0.037358 0.091688 0.421351 34 38 45
-0.045616 0.110309 0.393159 174 175 176
-0.045540 0.109677 0.394100 171 172 173
-0.045444 0.109129 0.395094 135 136 138
-0.045469 0.108481 0.395885 67 67 68
-0.045262 0.107805 0.397255 136 137 139
-0.044915 0.107320 0.398273 80 82 84
-0.044863 0.106559 0.399268 109 111 112
-0.044467 0.105987 0.400297 145 148 150
-0.044197 0.104988 0.401278 72 73 76
-0.043798 0.104325 0.401984 39 39 40
-0.043466 0.103460 0.403401 73 73 77
-0.043127 0.102860 0.404095 132 134 138
-0.042697 0.101985 0.405119 164 167 170
-0.042213 0.101401 0.405938 108 110 114
-0.041785 0.100523 0.407011 105 107 107
-0.041405 0.099922 0.407728 90 91 92
-0.039849 0.096395 0.413048 125 128 133
-0.039710 0.095516 0.414355 73 76 80
-0.039762 0.095173 0.415104 52 54 57
-0.039871 0.094273 0.416390 78 81 87
-0.040039 0.093822 0.417109 128 131 138
-0.037929 0.090950 0.420400 17 19 27
-0.038234 0.090746 0.421252 21 25 32
-0.038226 0.090265 0.422294 48 53 60
-0.045903 0.107982 0.395570 75 75 79
-0.045731 0.107034 0.396841 113 114 118
-0.045544 0.106394 0.397998 81 82 85
-0.045438 0.105699 0.398801 137 139 140
-0.045191 0.105034 0.399857 160 162 164
-0.044889 0.104291 0.400919 90 91 94
-0.044708 0.103673 0.401815 66 67 68
-0.044216 0.102915 0.402953 64 64 66
-0.043745 0.102215 0.403701 135 137 140
-0.043239 0.101565 0.404509 169 171 174
-0.040248 0.093770 0.416054 140 143 145
-0.040310 0.092947 0.417332 131 134 139
-0.040392 0.092334 0.417923 119 123 129
-0.040307 0.091223 0.418978 26 27 35
-0.039624 0.090317 0.420006 20 24 31
-0.039299 0.089962 0.421006 23 28 35
-0.039369 0.089656 0.422328 29 34 41
-0.039074 0.089401 0.423106 67 73 81
-0.040802 0.091982 0.418570 89 93 99
-0.040611 0.091322 0.418979 39 42 51
-0.040458 0.090529 0.420117 34 39 45
-0.040211 0.089837 0.421294 38 43 50
-0.039919 0.089437 0.422342 42 49 56
-0.039708 0.089109 0.422975 91 100 106
0.039352 0.141644 0.417781 135 125 128
0.039387 0.141435 0.418239 173 167 161
0.039664 0.140744 0.419100 191 175 151
0.037909 0.142231 0.416675 141 127 114
0.038236 0.142062 0.417634 162 147 132
0.038803 0.141355 0.418697 177 161 144
0.038858 0.140502 0.419780 190 169 140
0.038830 0.139749 0.420489 192 169 133
0.039079 0.139071 0.421110 195 174 140
0.040429 0.135298 0.426869 93 87 78
0.040560 0.135394 0.427589 0 0 0
0.035596 0.143653 0.413998 170 161 133
0.035847 0.143266 0.414556 111 100 85
0.036494 0.142573 0.415580 114 102 90
0.037051 0.142359 0.416522 135 120 112
0.037320 0.142303 0.417421 165 146 131
0.038265 0.139294 0.420969 193 170 135
0.038227 0.138402 0.421615 193 174 144
0.038418 0.137527 0.422090 181 156 125
0.039509 0.135132 0.425817 161 140 110
0.039730 0.135078 0.426614 88 79 65
0.033709 0.145769 0.409287 181 174 165
0.033946 0.145382 0.410412 155 145 134
0.034270 0.144951 0.411344 104 90 77
0.034518 0.144471 0.412445 110 100 87
0.035226 0.143723 0.413535 104 91 78
0.035619 0.143078 0.414329 79 66 58
0.036000 0.142596 0.414889 110 104 93
0.037588 0.138189 0.421910 189 171 144
0.037587 0.137180 0.422434 156 131 104
0.037559 0.136279 0.422849 162 138 98
0.038243 0.135009 0.425703 154 131 102
0.038783 0.134483 0.426433 73 68 59
0.032569 0.145786 0.408494 170 165 155
0.032773 0.145632 0.409350 171 165 157
0.033062 0.145535 0.410353 147 139 129
0.033556 0.145101 0.411370 101 90 77
0.036703 0.136858 0.422830 140 117 91
0.036611 0.135907 0.423151 154 131 104
0.036753 0.134902 0.424229 151 128 102
0.037172 0.134493 0.425343 143 124 100
0.037609 0.133930 0.426118 60 58 53
0.031334 0.145367 0.408263 163 158 148
0.031519 0.145571 0.409201 163 156 147
0.035476 0.136206 0.423007 160 136 109
0.035723 0.135466 0.423465 160 135 110
0.035813 0.134477 0.424382 163 142 119
0.036340 0.133877 0.425577 149 138 121
0.036640 0.133972 0.426184 85 78 68
0.030088 0.145131 0.408211 158 151 143
0.030359 0.145299 0.409083 157 149 142
0.034700 0.133828 0.424431 192 175 152
0.035320 0.133725 0.424869 187 173 152
0.028680 0.144526 0.407132 156 149 140
0.028944 0.144734 0.407905 159 152 143
0.033046 0.134048 0.423834 199 177 145
0.033687 0.133460 0.424005 198 178 150
0.027790 0.144340 0.407073 162 155 144
0.027732 0.144434 0.407660 159 152 143
0.032425 0.133660 0.423786 200 178 145
0.032518 0.132910 0.423852 200 179 144
0.026439 0.144015 0.407103 162 155 145
0.026841 0.144219 0.407652 158 151 142
0.031093 0.132992 0.423632 129 104 81
0.031434 0.132284 0.423808 148 122 92
0.025143 0.143694 0.405801 168 162 152
0.025365 0.143755 0.406684 164 157 146
0.025836 0.143980 0.407704 162 155 144
0.030048 0.132476 0.423481 120 93 70
0.030272 0.131737 0.423687 142 114 84
0.023942 0.143410 0.405810 167 161 152
0.024109 0.143467 0.406573 166 160 150
0.028828 0.131799 0.423222 190 161 120
0.029252 0.131158 0.423488 192 167 125
0.022523 0.143191 0.404593 166 159 150
0.022752 0.143246 0.405591 167 160 151
0.023344 0.143403 0.406647 171 164 153
0.027706 0.131093 0.423223 189 162 122
0.028046 0.130478 0.423302 191 165 126
0.021171 0.143172 0.403433 168 162 151
0.021460 0.143192 0.404513 167 161 150
0.021695 0.143208 0.405416 169 161 151
0.026634 0.130716 0.423043 189 162 121
0.026973 0.130083 0.423218 192 167 128
0.020030 0.143185 0.403325 166 158 146
0.020444 0.143101 0.404410 165 157 146
0.025424 0.130062 0.422989 185 158 116
0.025788 0.129261 0.423100 193 170 128
0.018572 0.143093 0.402298 160 150 135
0.019020 0.143091 0.403217 163 153 139
0.019410 0.143041 0.404308 162 152 140
0.024349 0.129512 0.422894 132 103 76
0.024747 0.128832 0.423026 121 98 73
0.017007 0.143210 0.401357 159 147 125
0.017483 0.142988 0.402129 158 146 127
0.017883 0.142931 0.403068 158 146 127
0.023361 0.128900 0.422718 142 113 81
0.023775 0.128178 0.422843 130 105 77
0.015759 0.142931 0.400143 154 139 117
0.016104 0.142952 0.401030 155 140 118
0.016369 0.142936 0.401926 155 140 117
0.022047 0.128296 0.422538 151 119 86
0.022620 0.127602 0.422627 170 139 99
0.014226 0.143058 0.399179 155 140 115
0.014597 0.142907 0.400014 154 138 113
0.014958 0.142882 0.400833 154 137 111
0.021025 0.127610 0.422373 113 86 65
0.021563 0.126996 0.422511 112 87 62
0.012872 0.143136 0.397807 157 141 113
0.013402 0.142917 0.398788 154 137 112
0.013674 0.142893 0.399935 152 134 109
0.014155 0.142796 0.400682 152 134 109
0.020084 0.127245 0.422233 154 124 88
0.020104 0.126216 0.422247 178 150 102
0.009736 0.147024 0.392914 162 146 114
0.010701 0.144676 0.396068 152 137 110
0.011380 0.143556 0.396755 152 135 108
0.011793 0.143213 0.397694 149 131 107
0.012401 0.142964 0.398920 151 132 106
0.012168 0.142264 0.399781 148 132 109
0.012134 0.141557 0.400568 151 132 104
0.012399 0.140818 0.401697 150 132 106
0.018786 0.126485 0.421984 182 152 107
0.007192 0.150372 0.386741 163 138 95
0.007600 0.149709 0.387802 160 136 96
0.007978 0.149293 0.388811 160 136 98
0.008315 0.148539 0.389620 157 134 99
0.008678 0.147840 0.390655 155 132 99
0.009003 0.147151 0.391618 152 130 99
0.009324 0.146322 0.392781 148 128 99
0.009640 0.145659 0.393693 147 128 101
0.009885 0.145041 0.394708 145 128 102
0.010323 0.144298 0.395718 144 127 103
0.010713 0.143693 0.396697 145 129 105
0.010984 0.143205 0.397890 144 127 104
0.011237 0.142331 0.399022 144 129 106
0.011392 0.141602 0.399831 149 133 107
0.011833 0.141049 0.400642 150 132 104
0.012141 0.140352 0.401471 154 140 119
0.017749 0.125990 0.421870 113 92 71
0.005098 0.152038 0.383625 153 124 77
0.005641 0.151367 0.384682 153 124 79
0.006067 0.150754 0.385543 153 124 80
0.006672 0.150237 0.386466 154 127 85
0.007123 0.149644 0.387422 154 127 87
0.007585 0.148982 0.388346 154 130 93
0.008023 0.147983 0.389829 149 125 90
0.008181 0.146923 0.390457 145 123 92
0.008425 0.145775 0.392338 144 125 98
0.008550 0.145392 0.393572 147 127 102
0.009032 0.144579 0.394404 144 126 102
0.009434 0.143764 0.395593 144 128 103
0.009646 0.143057 0.396449 141 123 98
0.009753 0.142501 0.397638 141 122 96
0.009953 0.141673 0.398726 141 121 94
0.010202 0.140914 0.399683 143 121 93
0.010458 0.140462 0.400431 143 121 91
0.010651 0.139613 0.401265 145 119 85
0.016581 0.126246 0.421528 79 67 59
0.016547 0.125427 0.421534 86 71 61
0.003136 0.153612 0.380858 150 118 72
0.003522 0.152920 0.381483 148 115 69
0.004164 0.152404 0.382443 147 115 68
0.004829 0.151626 0.383399 148 117 71
0.005312 0.150960 0.384267 148 118 74
0.005957 0.149911 0.385298 150 121 80
0.006409 0.146099 0.390747 144 125 100
0.006747 0.145949 0.391361 145 126 101
0.007078 0.145058 0.392506 144 127 102
0.007457 0.144417 0.393441 146 131 105
0.007632 0.143889 0.394709 147 132 106
0.007717 0.143644 0.395415 151 136 109
0.008674 0.141597 0.397597 139 121 94
0.009031 0.141170 0.398453 140 121 94
0.009156 0.140317 0.399572 139 118 89
0.009444 0.139543 0.400445 141 120 90
0.009734 0.139351 0.401392 143 119 85
0.015110 0.125246 0.421312 163 127 86
0.015622 0.124803 0.421359 146 118 84
0.001608 0.154448 0.378706 150 122 81
0.001933 0.153905 0.379296 148 115 70
0.002509 0.153302 0.380218 144 110 62
0.003193 0.152595 0.381039 145 109 62
0.004870 0.146550 0.389776 147 130 103
0.005238 0.146078 0.390119 144 127 100
0.005714 0.145288 0.391345 144 126 100
0.005904 0.144711 0.392443 146 128 102
0.006304 0.144072 0.393707 154 136 111
0.006251 0.143271 0.394382 153 136 112
0.007773 0.140259 0.398440 137 117 89
0.007990 0.139657 0.399646 137 115 85
0.008371 0.138989 0.400482 137 116 87
0.008645 0.138576 0.401181 139 117 85
0.013965 0.124713 0.421108 176 143 99
0.014474 0.124198 0.421146 183 152 106
-0.000263 0.155265 0.376913 153 123 80
0.000303 0.154717 0.377528 151 122 79
0.000913 0.153989 0.378164 149 116 70
0.001559 0.153404 0.378682 149 114 67
0.004129 0.145992 0.389433 141 123 96
0.004087 0.145439 0.390089 144 124 96
0.004497 0.144961 0.391300 146 127 100
0.004300 0.144171 0.392247 153 132 105
0.005422 0.144108 0.393200 152 135 108
0.006719 0.139715 0.398209 141 118 89
0.007024 0.138997 0.399408 136 115 87
0.007159 0.138369 0.400354 136 115 85
0.007347 0.137876 0.401170 138 115 82
0.012929 0.124149 0.420792 179 147 103
0.013311 0.123689 0.420965 185 155 110
-0.001069 0.154742 0.376620 154 124 75
-0.000616 0.154054 0.377116 151 117 71
0.000033 0.153378 0.377565 152 118 70
0.002928 0.145003 0.389155 142 123 94
0.003150 0.145115 0.389963 142 122 95
0.003498 0.144334 0.391374 145 125 97
0.004193 0.143643 0.392624 149 128 102
0.005612 0.138959 0.398282 137 118 89
0.005943 0.138535 0.399302 137 114 83
0.006035 0.137651 0.400170 139 117 86
0.006176 0.137305 0.400960 139 116 83
0.011894 0.123500 0.420563 180 149 105
0.012368 0.122996 0.420718 190 164 117
-0.002088 0.154310 0.376558 152 119 69
-0.001717 0.153573 0.376768 149 113 64
0.001537 0.145013 0.387934 140 119 89
0.001721 0.144751 0.389109 143 121 89
0.002015 0.144437 0.389856 143 122 91
0.002519 0.144078 0.391105 147 124 94
0.004427 0.138532 0.398159 137 115 85
0.004671 0.137846 0.399106 138 113 81
0.004957 0.137188 0.399978 138 115 84
0.004989 0.136892 0.400948 138 112 78
0.010750 0.123017 0.420363 142 117 86
-0.003139 0.153632 0.376536 152 119 67
-0.002873 0.152925 0.376845 149 114 64
-0.002701 0.151796 0.377364 146 113 64
-0.000957 0.147104 0.384119 142 114 77
-0.000615 0.146624 0.384845 144 118 81
-0.000286 0.146174 0.385745 144 119 83
0.000211 0.145559 0.386813 144 120 87
0.000439 0.144984 0.387978 142 119 87
0.000680 0.144277 0.389030 141 118 85
0.000856 0.143838 0.389595 140 118 88
0.002792 0.138433 0.397095 139 116 87
0.003185 0.137937 0.397908 136 113 83
0.003573 0.137321 0.398955 136 113 82
0.003893 0.136599 0.399964 137 113 82
0.004079 0.136104 0.400699 137 111 76
0.004501 0.135669 0.402167 133 106 72
0.008881 0.122889 0.419862 109 87 72
0.009491 0.122642 0.420018 107 87 68
-0.003972 0.153293 0.376602 154 120 69
-0.003915 0.152396 0.377031 151 119 69
-0.003766 0.151603 0.377576 148 117 70
-0.003775 0.150733 0.378504 145 114 70
-0.003448 0.150117 0.379148 144 113 68
-0.003144 0.149166 0.380649 143 114 73
-0.002811 0.148405 0.381905 144 116 76
-0.002056 0.147764 0.382785 145 117 79
-0.001758 0.147205 0.383617 145 118 81
-0.001590 0.146610 0.384874 145 119 82
-0.001369 0.146053 0.385978 145 119 83
-0.001050 0.145466 0.387013 143 118 83
-0.000716 0.144897 0.388187 144 119 84
-0.000432 0.143797 0.389046 135 112 83
-0.000274 0.143447 0.389597 137 116 88
-0.000170 0.142508 0.390583 137 115 87
0.000317 0.141826 0.391886 139 117 88
0.000623 0.140904 0.392737 141 118 87
0.000908 0.140177 0.393411 142 116 84
0.001190 0.139391 0.394879 143 117 85
0.001641 0.138765 0.395726 142 120 88
0.001706 0.138027 0.396946 136 114 83
0.002000 0.137413 0.397891 134 111 81
0.002356 0.136627 0.398891 133 110 81
0.002468 0.136027 0.400059 136 110 80
0.003114 0.135588 0.400583 133 107 74
0.008211 0.122558 0.419654 150 122 89
0.008670 0.122125 0.419728 160 130 90
-0.004803 0.152091 0.377129 158 129 81
-0.004665 0.151201 0.377996 155 127 82
-0.004316 0.150437 0.378828 151 122 78
-0.004082 0.149737 0.379650 150 120 78
-0.003788 0.148937 0.380830 150 122 81
-0.003466 0.148276 0.381775 150 123 84
-0.003259 0.147687 0.382929 148 122 84
-0.003027 0.147079 0.383899 149 123 86
-0.002597 0.146457 0.384919 150 125 87
-0.002312 0.146008 0.385863 150 124 86
-0.001908 0.145273 0.387108 145 120 83
-0.001942 0.143398 0.387919 129 107 82
-0.001789 0.143318 0.388755 132 111 86
-0.001636 0.142618 0.389586 138 118 94
-0.001075 0.141912 0.390667 136 115 89
-0.000803 0.141004 0.391937 138 116 87
-0.000425 0.140476 0.392967 139 115 84
-0.000213 0.139668 0.393868 141 115 84
0.000050 0.139035 0.394885 140 115 84
0.000672 0.138319 0.395801 138 114 84
0.000788 0.137466 0.396770 137 113 82
0.001041 0.136732 0.397839 137 112 80
0.001333 0.136156 0.398805 133 108 77
0.007091 0.121930 0.419119 153 120 83
0.007724 0.121373 0.419517 41 29 20
-0.005144 0.150075 0.379363 163 139 98
-0.004804 0.149088 0.380824 160 136 96
-0.004555 0.148468 0.381718 159 136 97
-0.002942 0.142894 0.387833 131 111 88
-0.002687 0.143094 0.388679 132 113 90
-0.002684 0.142141 0.389868 148 129 105
-0.001872 0.141479 0.390639 139 120 94
-0.001730 0.140732 0.391676 139 118 90
-0.001397 0.139759 0.392723 139 116 86
-0.001110 0.138935 0.393629 137 113 82
-0.000743 0.138358 0.394700 136 112 82
-0.000470 0.137733 0.395610 138 114 84
-0.000133 0.137256 0.396582 137 112 80
0.000311 0.136579 0.397777 135 110 79
0.000636 0.135716 0.398844 134 108 77
0.000852 0.135455 0.399387 131 105 71
0.005410 0.121708 0.418428 178 144 98
0.005949 0.121495 0.418655 173 140 95
-0.003995 0.142748 0.387852 135 117 96
-0.002960 0.141486 0.390512 143 125 99
-0.002611 0.139993 0.391735 143 122 94
-0.002329 0.139341 0.392860 141 118 88
-0.002123 0.138604 0.393873 137 112 82
-0.001692 0.137859 0.394838 139 114 84
-0.001591 0.137462 0.395565 138 113 83
-0.001399 0.136733 0.396548 137 110 77
0.004734 0.121396 0.418245 176 142 100
0.005030 0.120932 0.418217 181 150 101
-0.005319 0.142120 0.386559 136 121 103
-0.005179 0.142244 0.387549 137 122 103
0.003609 0.120991 0.417797 124 96 73
0.004047 0.120367 0.417959 173 141 93
-0.006439 0.141634 0.386490 138 123 107
-0.006394 0.141806 0.387298 139 125 109
0.002079 0.120955 0.417114 97 78 65
0.002481 0.120483 0.417265 101 81 63
-0.007574 0.141195 0.386480 139 127 111
-0.007600 0.141359 0.387226 141 129 114
0.000291 0.120970 0.415915 150 109 70
0.001087 0.120503 0.416648 147 116 81
0.001575 0.119826 0.416738 122 92 69
-0.008773 0.140728 0.386441 141 129 115
-0.008621 0.140968 0.387147 142 130 116
-0.000771 0.120459 0.415748 177 142 98
0.000057 0.120029 0.416022 175 141 96
-0.009758 0.140307 0.386481 142 131 119
-0.010024 0.140242 0.386977 142 131 120
-0.002200 0.120545 0.415094 92 73 61
-0.001485 0.119976 0.415337 147 118 83
-0.010825 0.139740 0.386353 142 133 121
-0.010985 0.139664 0.386923 144 134 121
-0.003640 0.120668 0.413730 121 84 58
-0.002968 0.120125 0.414471 119 91 65
-0.002251 0.119489 0.414895 80 61 47
-0.011918 0.139026 0.386137 144 135 122
-0.012021 0.138977 0.386670 145 136 124
-0.004556 0.120136 0.413622 146 112 77
-0.003868 0.119636 0.413833 162 126 83
-0.013118 0.138293 0.386020 147 139 126
-0.013129 0.138402 0.386716 146 137 127
-0.006125 0.120041 0.412460 151 113 73
-0.005491 0.119804 0.412976 125 96 68
-0.004740 0.118972 0.413395 115 84 56
-0.014189 0.137612 0.385822 146 139 128
-0.014198 0.137713 0.386687 148 140 131
-0.007473 0.120268 0.411509 173 137 89
-0.006773 0.119864 0.411993 168 132 85
-0.006002 0.119140 0.412481 168 134 87
-0.015108 0.137112 0.385813 148 141 132
-0.015327 0.136932 0.386642 151 144 135
-0.008967 0.120421 0.410186 176 142 96
-0.008295 0.119866 0.410784 177 143 95
-0.007551 0.119327 0.411365 174 138 91
-0.016255 0.136331 0.385697 154 149 140
-0.016148 0.136191 0.386591 152 146 137
-0.016347 0.136080 0.387321 153 146 138
-0.010273 0.120495 0.409175 127 95 69
-0.009647 0.119882 0.409611 169 137 96
-0.008894 0.119296 0.410315 185 156 106
-0.017281 0.135463 0.386623 157 152 143
-0.017338 0.135391 0.387260 156 149 140
-0.012553 0.122128 0.406257 177 143 94
-0.012140 0.121355 0.407027 176 141 93
-0.011512 0.120684 0.407844 163 131 89
-0.010703 0.120326 0.408687 95 78 61
-0.010407 0.119784 0.409104 99 76 55
-0.018039 0.134710 0.386500 157 151 143
-0.018407 0.134529 0.387354 158 149 137
-0.013726 0.122019 0.404968 182 151 106
-0.013362 0.121694 0.405464 182 151 104
-0.012636 0.121226 0.406328 181 150 103
-0.011976 0.120296 0.407072 181 150 102
-0.018853 0.134274 0.386516 162 158 146
-0.019236 0.133711 0.387283 157 144 129
-0.019544 0.133371 0.388168 158 142 119
-0.016146 0.124460 0.401026 170 136 92
-0.015803 0.123797 0.401740 139 108 76
-0.015287 0.123115 0.402624 132 106 76
-0.014804 0.122541 0.403284 88 72 58
-0.014269 0.121877 0.404227 143 118 87
-0.013703 0.121212 0.405001 187 159 112
-0.020025 0.132812 0.387301 156 143 121
-0.020191 0.132460 0.388334 150 130 103
-0.020303 0.131884 0.389250 116 94 70
-0.020218 0.131143 0.390472 74 60 45
-0.020066 0.130564 0.391482 89 66 51
-0.019724 0.129840 0.392417 148 114 85
-0.019383 0.128949 0.393546 148 114 75
-0.019171 0.128328 0.394383 153 117 76
-0.018797 0.127508 0.395716 76 62 49
-0.018372 0.126684 0.396544 71 57 45
-0.017982 0.126055 0.397561 170 142 101
-0.017484 0.125343 0.398410 179 149 104
-0.017070 0.124697 0.399234 179 149 103
-0.016568 0.124033 0.400219 180 150 105
-0.016134 0.123298 0.401218 112 89 66
-0.015625 0.122680 0.402060 167 137 94
-0.020701 0.131653 0.388163 150 129 99
-0.020752 0.131122 0.389052 91 72 53
-0.020591 0.130394 0.390014 111 87 58
-0.020352 0.129841 0.391179 85 64 47
-0.020108 0.129191 0.392101 122 95 67
-0.019755 0.128350 0.393049 166 133 89
-0.019381 0.127745 0.394148 163 130 87
-0.019024 0.127071 0.395227 111 86 60
-0.018578 0.126147 0.396098 72 60 48
-0.018286 0.125596 0.397057 133 109 78
-0.017767 0.124860 0.397829 183 154 108
-0.020736 0.128716 0.391160 54 37 26
-0.020658 0.128454 0.391865 27 5 3
-0.036993 0.099813 0.412910 82 83 87
-0.036504 0.099252 0.414026 124 129 129
-0.036301 0.098445 0.415084 123 128 133
-0.035870 0.097818 0.416021 70 71 73
-0.035908 0.097284 0.416687 66 69 74
-0.037809 0.099898 0.412248 168 170 170
-0.037752 0.099521 0.412886 71 72 75
-0.037490 0.098838 0.414047 103 106 110
-0.037160 0.098004 0.415253 96 99 107
-0.037038 0.097672 0.415896 57 59 61
-0.036789 0.096724 0.417302 95 99 101
-0.036490 0.095977 0.417963 154 162 167
-0.036515 0.095223 0.418810 169 178 184
-0.043807 0.110124 0.396490 64 63 65
-0.043595 0.109136 0.397685 157 157 157
-0.043349 0.108154 0.398999 68 69 72
-0.042889 0.107323 0.400292 144 146 143
-0.042094 0.105105 0.403313 73 73 74
-0.038657 0.099028 0.412760 68 69 71
-0.038603 0.098244 0.413900 116 120 123
-0.038355 0.097421 0.415223 78 78 83
-0.038198 0.096899 0.415857 47 48 50
-0.038085 0.096231 0.417325 102 108 113
-0.037521 0.095629 0.418143 136 145 153
-0.037363 0.094852 0.419116 147 156 165
-0.037164 0.093987 0.420079 112 117 128
-0.037030 0.093433 0.420707 58 62 72
-0.044356 0.109542 0.396763 65 65 65
-0.044076 0.108985 0.397595 128 129 130
-0.044075 0.108103 0.398614 113 114 115
-0.043850 0.107532 0.399523 70 71 72
-0.043613 0.106796 0.400483 152 154 155
-0.043164 0.106072 0.401614 97 97 100
-0.042928 0.105444 0.402528 71 71 72
-0.042740 0.104580 0.403527 105 105 104
-0.039141 0.096798 0.415058 79 80 84
-0.039162 0.096347 0.415803 55 55 57
-0.038964 0.095705 0.417295 108 112 116
-0.038707 0.095077 0.418246 134 143 150
-0.038447 0.094629 0.418969 133 142 151
-0.038099 0.093958 0.420268 52 57 67
-0.037840 0.092890 0.421213 23 27 34
-0.037617 0.092154 0.421757 32 36 44
-0.037806 0.091490 0.422605 61 68 73
-0.044601 0.107859 0.398474 111 112 112
-0.044726 0.107156 0.399339 59 59 63
-0.044258 0.106346 0.400499 164 166 167
-0.043978 0.105620 0.401515 104 105 106
-0.043562 0.104921 0.402655 73 74 74
-0.039801 0.095603 0.415977 61 61 62
-0.039820 0.095053 0.416843 123 126 130
-0.039781 0.094394 0.418175 136 142 149
-0.039705 0.094209 0.418777 131 138 145
-0.039161 0.093419 0.420540 20 22 28
-0.038915 0.092780 0.421593 17 20 26
-0.038594 0.091896 0.422204 15 19 25
-0.038659 0.090961 0.423149 24 29 36
-0.038545 0.090341 0.423709 64 70 79
-0.040472 0.093842 0.417977 142 146 151
-0.040683 0.093191 0.418997 96 99 107
-0.040784 0.092597 0.419867 24 26 34
-0.040764 0.091877 0.420702 17 21 27
-0.039218 0.090118 0.422845 18 23 29
-0.039500 0.089647 0.424138 49 54 61
-0.039790 0.089328 0.424739 230 217 214
-0.041094 0.091877 0.419732 47 51 57
-0.040986 0.091225 0.420850 33 37 43
-0.040783 0.090473 0.421761 29 33 39
-0.040519 0.089724 0.422824 43 48 54
-0.040121 0.089386 0.424141 77 78 82
-0.039896 0.089343 0.424765 255 255 255
0.037633 0.142323 0.418259 179 160 139
0.037924 0.141780 0.419194 189 169 142
0.038200 0.141030 0.420090 193 174 144
0.038283 0.140301 0.420790 196 176 143
0.040308 0.135522 0.427526 192 181 166
0.040245 0.135684 0.428424 94 86 74
0.035551 0.143745 0.415198 129 119 104
0.035928 0.143388 0.416306 126 113 99
0.036509 0.143007 0.417225 168 154 137
0.036781 0.142476 0.418425 180 162 142
0.037090 0.141660 0.419614 191 171 142
0.037201 0.140984 0.420406 194 173 142
0.037555 0.139941 0.421129 197 178 148
0.037596 0.139017 0.421763 196 181 157
0.039545 0.135465 0.427498 134 116 92
0.039455 0.135366 0.428248 63 58 50
0.033571 0.145241 0.412197 148 139 123
0.033855 0.144840 0.413117 92 80 68
0.034569 0.144315 0.414283 112 98 84
0.034903 0.144051 0.415325 95 82 70
0.035084 0.143805 0.416232 141 132 116
0.036435 0.140505 0.420841 194 178 152
0.036435 0.139704 0.421493 186 171 149
0.036753 0.138564 0.422157 158 141 120
0.037009 0.137909 0.422529 150 133 110
0.037921 0.135215 0.426255 152 130 102
0.038139 0.135241 0.427288 116 101 80
0.038328 0.134941 0.428108 51 49 44
0.032007 0.145865 0.410098 170 166 152
0.032401 0.145720 0.411063 94 83 72
0.032909 0.145413 0.412348 132 121 107
0.033193 0.145076 0.413144 87 72 61
0.035687 0.139293 0.422000 119 104 85
0.035679 0.138501 0.422491 139 120 102
0.035945 0.137412 0.423019 157 137 115
0.035950 0.136632 0.423786 162 143 117
0.036159 0.135555 0.424986 155 134 107
0.036938 0.135238 0.426244 151 131 102
0.037165 0.134763 0.427193 60 55 48
0.037481 0.134935 0.428170 52 53 47
0.031019 0.145860 0.410186 151 144 135
0.031266 0.145816 0.411136 79 69 59
0.031801 0.145591 0.411921 86 72 60
0.034910 0.136798 0.423371 157 136 118
0.035289 0.136269 0.424099 158 138 115
0.035745 0.135809 0.425217 154 132 108
0.035577 0.134594 0.426301 92 85 75
0.036142 0.134532 0.426734 59 58 53
0.029827 0.145582 0.409120 163 158 147
0.029981 0.145578 0.409892 161 153 145
0.030145 0.145563 0.410819 163 154 145
0.033745 0.135323 0.424276 189 177 160
0.034242 0.134723 0.425065 179 168 150
0.034779 0.134560 0.425818 146 135 118
0.028667 0.145153 0.408878 160 153 143
0.028612 0.145302 0.409843 161 154 146
0.032072 0.135631 0.423518 197 181 157
0.032803 0.135071 0.423991 199 185 165
0.033332 0.134450 0.424305 199 186 166
0.027492 0.144793 0.408778 159 152 144
0.027562 0.144885 0.409733 160 152 144
0.031448 0.135297 0.423567 200 183 157
0.031811 0.134468 0.423772 202 184 156
0.025988 0.144202 0.407711 164 156 144
0.026295 0.144401 0.408560 162 156 146
0.026513 0.144482 0.409677 161 152 145
0.029998 0.134428 0.423381 111 88 66
0.030677 0.133831 0.423688 148 124 98
0.031328 0.133276 0.423909 208 186 147
0.024743 0.143934 0.407531 164 156 146
0.025107 0.144076 0.408405 163 154 145
0.029177 0.134157 0.423166 136 108 81
0.029538 0.133218 0.423502 143 116 87
0.030010 0.132648 0.423977 25 0 0
0.023793 0.143710 0.407441 167 160 149
0.023787 0.143807 0.408256 167 159 148
0.028029 0.133363 0.423068 191 163 121
0.028434 0.132668 0.423327 193 166 125
0.028290 0.131631 0.423633 200 181 136
0.022349 0.143450 0.406240 169 164 153
0.022510 0.143511 0.407403 169 161 150
0.022650 0.143483 0.408200 165 152 138
0.026964 0.132876 0.422961 188 161 120
0.027291 0.132071 0.423200 191 164 122
0.020887 0.143573 0.405393 174 168 155
0.021136 0.143367 0.406343 171 164 153
0.021577 0.143405 0.407174 172 165 155
0.025980 0.132275 0.422809 188 161 120
0.026266 0.131482 0.423147 191 165 124
0.019787 0.143345 0.405118 168 159 146
0.020183 0.143291 0.406108 169 160 149
0.024680 0.131614 0.422799 186 156 113
0.024927 0.130859 0.422996 190 162 118
0.018499 0.143303 0.404045 163 153 137
0.018747 0.143278 0.405209 165 155 140
0.023499 0.131010 0.422793 127 100 72
0.023959 0.130309 0.422932 134 107 78
0.017043 0.143367 0.402979 164 153 130
0.017292 0.143176 0.404062 161 149 128
0.017748 0.143150 0.405040 163 149 130
0.022452 0.130450 0.422625 133 102 73
0.022894 0.129785 0.422796 152 121 85
0.015809 0.143090 0.402935 158 141 114
0.016180 0.143087 0.403871 160 143 118
0.021286 0.129736 0.422542 138 111 85
0.021612 0.129115 0.422677 160 131 93
0.014445 0.142998 0.401757 156 138 109
0.014549 0.142977 0.402731 157 138 109
0.020208 0.129254 0.422373 134 105 76
0.020651 0.128557 0.422551 95 69 50
0.005764 0.160558 0.377105 161 155 136
0.005696 0.160173 0.377420 160 153 134
0.005828 0.159531 0.378367 162 157 142
0.013095 0.142970 0.400555 155 137 107
0.013418 0.142920 0.401697 154 134 105
0.013865 0.142943 0.402654 156 136 106
0.019227 0.128537 0.422187 160 128 89
0.019573 0.128039 0.422382 172 140 94
0.004397 0.160645 0.376097 168 163 145
0.004680 0.160008 0.376735 160 153 136
0.004898 0.159411 0.377506 155 147 131
0.005165 0.158728 0.378427 159 155 143
0.008868 0.149068 0.391513 169 148 112
0.009243 0.148354 0.392399 167 148 113
0.009585 0.147623 0.393415 165 146 114
0.009846 0.146919 0.394482 163 145 114
0.010082 0.146174 0.395455 160 141 112
0.010336 0.145475 0.396355 158 141 111
0.010528 0.144804 0.397466 156 138 108
0.011060 0.143631 0.398753 149 130 101
0.011457 0.143159 0.399565 149 129 100
0.011977 0.142841 0.400665 152 131 101
0.012253 0.142838 0.401489 153 132 101
0.017965 0.128005 0.422054 176 144 100
0.018327 0.127335 0.422168 185 156 110
0.003768 0.159528 0.376737 157 148 131
0.004136 0.158886 0.377537 151 143 128
0.004409 0.158166 0.378510 156 151 140
0.006349 0.151870 0.386670 161 134 90
0.006771 0.151215 0.387458 159 131 89
0.007300 0.150803 0.388721 163 137 98
0.007743 0.150091 0.389485 162 137 99
0.008156 0.149355 0.390188 162 137 100
0.008477 0.148669 0.391229 157 134 99
0.008809 0.147981 0.392233 153 131 99
0.009091 0.147252 0.393223 150 129 99
0.009359 0.146586 0.394404 148 128 100
0.009623 0.145798 0.395364 147 128 102
0.009886 0.145189 0.396297 146 127 102
0.010177 0.144380 0.397437 147 127 102
0.010415 0.143783 0.398494 147 128 102
0.010785 0.143161 0.399433 147 128 101
0.011030 0.142567 0.400355 148 129 102
0.011148 0.141944 0.401316 149 129 99
0.011697 0.140842 0.401844 148 125 93
0.016927 0.127451 0.421982 118 96 72
0.017308 0.126837 0.422081 119 96 69
0.002843 0.158940 0.376670 158 151 134
0.002918 0.158261 0.377428 149 140 124
0.003178 0.157611 0.378237 146 139 126
0.003278 0.156954 0.379223 153 150 140
0.004366 0.153318 0.383470 155 128 84
0.004794 0.152893 0.384565 155 127 84
0.005105 0.152449 0.385229 155 125 83
0.005742 0.151694 0.386079 154 123 79
0.006253 0.151148 0.386808 154 124 79
0.007956 0.146481 0.393404 150 131 105
0.008199 0.145929 0.394327 148 130 103
0.008527 0.145245 0.395380 146 127 101
0.008724 0.144744 0.396256 144 125 99
0.009140 0.143975 0.397281 145 124 96
0.009329 0.143560 0.398430 143 120 91
0.009748 0.142007 0.399220 141 121 93
0.009866 0.141623 0.400544 145 122 91
0.010075 0.140974 0.401186 145 120 90
0.010280 0.140614 0.401997 145 120 86
0.011009 0.139891 0.403343 137 112 79
0.015707 0.126755 0.421755 111 89 69
0.015925 0.126096 0.421845 127 99 69
0.001562 0.158354 0.376737 155 146 127
0.001778 0.157604 0.377264 149 138 119
0.002010 0.156809 0.378200 141 129 114
0.002182 0.156210 0.379157 140 129 113
0.002124 0.155666 0.380070 143 131 106
0.002667 0.154413 0.381281 147 119 80
0.003111 0.153690 0.382061 146 115 72
0.003807 0.153201 0.383076 147 116 72
0.004408 0.152689 0.383950 148 116 73
0.005743 0.147250 0.391873 151 134 108
0.006439 0.146552 0.392231 148 130 107
0.006638 0.145951 0.393318 147 131 108
0.006830 0.145407 0.394332 147 130 105
0.007133 0.144863 0.395040 145 128 104
0.007445 0.144330 0.395885 152 136 110
0.007965 0.143731 0.397211 149 132 106
0.008192 0.143099 0.398240 153 132 102
0.008633 0.141608 0.398882 141 120 93
0.008660 0.141000 0.400433 138 114 83
0.008926 0.140435 0.401505 137 113 80
0.009288 0.140069 0.402019 138 113 81
0.009300 0.139439 0.403246 128 106 75
0.014686 0.126254 0.421601 171 140 99
0.015248 0.125541 0.421659 176 143 97
0.000712 0.156957 0.377218 150 131 103
0.001120 0.155804 0.377977 146 127 100
0.001440 0.155204 0.378835 142 119 86
0.001766 0.154832 0.379880 139 113 79
0.002212 0.154363 0.380728 144 113 72
0.004809 0.147038 0.390305 150 132 105
0.004650 0.146632 0.391155 148 131 104
0.005060 0.146008 0.391979 148 130 105
0.005367 0.145445 0.393205 148 130 104
0.005737 0.144827 0.394341 151 134 108
0.005735 0.144588 0.395092 145 123 95
0.006087 0.143296 0.395686 155 138 110
0.007387 0.140357 0.400245 135 112 81
0.007722 0.139787 0.401251 135 111 79
0.007835 0.139369 0.402165 135 109 76
0.007859 0.138735 0.402973 132 105 69
0.013495 0.125801 0.421348 178 146 102
-0.000296 0.156053 0.377050 152 125 85
0.000331 0.155250 0.377673 149 123 86
0.000971 0.154941 0.378460 143 117 84
0.003518 0.147110 0.390551 146 131 104
0.003657 0.146151 0.391127 147 129 102
0.004008 0.145514 0.392134 149 129 102
0.004170 0.145003 0.393082 151 132 105
0.004285 0.144289 0.394149 151 131 104
0.006813 0.140603 0.398738 141 119 91
0.006259 0.139921 0.400420 131 107 75
0.006519 0.139302 0.401121 134 110 79
0.007059 0.139040 0.402137 133 107 73
0.006906 0.138180 0.403126 135 107 70
0.012218 0.125298 0.421126 182 151 106
-0.001843 0.156380 0.376663 155 127 81
-0.001105 0.155359 0.376913 152 122 76
-0.000478 0.154766 0.377559 148 119 80
0.002726 0.146556 0.390299 140 125 100
0.002634 0.145793 0.390679 146 126 95
0.003112 0.145103 0.391872 146 126 98
0.003152 0.144508 0.393054 150 130 102
0.003920 0.143787 0.395025 146 123 96
0.005206 0.139688 0.398693 141 118 90
0.005411 0.139357 0.400081 138 111 77
0.005745 0.138866 0.401160 139 113 81
0.005924 0.138162 0.401765 138 110 76
0.005973 0.138029 0.402884 138 109 70
0.010804 0.125079 0.420768 182 153 107
0.011356 0.124702 0.420895 184 154 108
-0.002329 0.154864 0.376804 151 118 70
0.001485 0.145435 0.390014 148 126 94
0.001575 0.145095 0.390768 146 124 93
0.001865 0.144873 0.391690 145 125 96
0.002320 0.144143 0.393258 145 125 97
0.002471 0.143980 0.393814 143 122 95
0.004058 0.139217 0.398427 140 117 87
0.004410 0.138619 0.400043 138 110 77
0.004455 0.138131 0.400908 136 109 74
0.004793 0.137593 0.402031 135 109 74
0.004709 0.137053 0.402897 134 108 74
0.010014 0.124563 0.420588 161 134 96
0.010189 0.123917 0.420582 154 125 90
-0.003537 0.154178 0.376739 153 119 69
-0.003912 0.153613 0.377020 153 120 70
0.000234 0.145173 0.389869 147 123 91
0.000472 0.144456 0.390495 146 123 91
0.001196 0.144203 0.391568 149 127 92
0.001247 0.143882 0.392778 148 124 99
0.002397 0.139346 0.397173 142 118 88
0.002836 0.138732 0.398661 137 114 84
0.003066 0.138048 0.399809 134 109 77
0.003435 0.137408 0.400665 136 111 78
0.003404 0.136911 0.401757 134 108 73
0.008747 0.123990 0.420189 105 85 69
0.009404 0.123378 0.420396 81 64 53
-0.004735 0.153775 0.376924 156 124 73
-0.004542 0.153008 0.377089 153 120 71
-0.002047 0.146074 0.386379 144 117 80
-0.001338 0.145516 0.387614 145 119 83
-0.001273 0.145009 0.388335 144 118 82
-0.000920 0.144389 0.389443 141 117 84
-0.000658 0.144002 0.390361 143 120 89
-0.000333 0.143213 0.390883 140 120 91
0.000016 0.142194 0.392416 142 119 90
0.000282 0.141167 0.393724 144 117 83
0.000599 0.140328 0.394812 146 120 88
0.000839 0.140083 0.395801 145 119 87
0.000863 0.139595 0.396328 146 119 86
0.001253 0.138972 0.397544 140 116 85
0.001613 0.138161 0.398672 136 112 82
0.001790 0.137576 0.399862 130 107 76
0.002186 0.137032 0.400794 129 106 75
0.002581 0.136294 0.401543 134 108 72
0.002891 0.135339 0.402552 135 107 72
0.007136 0.124174 0.419436 176 142 98
0.007692 0.123518 0.419792 178 147 101
0.008531 0.122941 0.420061 177 144 99
-0.005523 0.153608 0.377137 160 129 80
-0.005537 0.152659 0.377585 158 127 80
-0.005343 0.151617 0.378295 157 129 85
-0.005030 0.150805 0.379205 149 121 79
-0.004782 0.150088 0.380097 148 121 79
-0.004550 0.149378 0.381278 147 120 81
-0.004186 0.148606 0.382305 148 122 85
-0.003984 0.147964 0.383517 149 124 87
-0.003606 0.147364 0.384226 149 124 87
-0.003191 0.146724 0.385252 150 123 86
-0.002894 0.145988 0.386434 148 121 83
-0.002557 0.145459 0.387431 146 117 79
-0.002305 0.144904 0.388620 143 114 77
-0.002061 0.143918 0.389572 137 114 83
-0.001839 0.143313 0.390199 140 119 91
-0.001600 0.142367 0.391307 136 117 91
-0.001144 0.141596 0.392291 139 117 89
-0.000688 0.140986 0.393285 144 123 95
-0.000643 0.140227 0.394354 143 116 86
-0.000332 0.139546 0.395757 142 116 86
0.000287 0.138878 0.396550 138 114 83
0.000299 0.138397 0.397577 139 114 83
0.000464 0.137722 0.398785 134 111 82
0.000856 0.137227 0.399590 130 108 78
0.000966 0.136590 0.400355 131 106 72
0.001181 0.136164 0.401506 130 102 67
0.006145 0.123431 0.419255 175 141 96
0.006741 0.122961 0.419406 177 144 98
-0.006254 0.152360 0.377942 171 146 103
-0.006112 0.151691 0.378470 168 145 103
-0.005871 0.150779 0.379474 165 140 100
-0.005518 0.150139 0.380576 157 134 94
-0.005364 0.149217 0.381531 163 142 105
-0.005009 0.148767 0.382486 158 135 99
-0.004691 0.148106 0.383425 158 136 99
-0.004413 0.147367 0.384525 158 135 99
-0.004167 0.146858 0.385511 157 132 96
-0.003799 0.146241 0.386554 153 126 88
-0.003578 0.145636 0.387656 150 121 83
-0.003140 0.143431 0.389480 135 115 91
-0.002724 0.142785 0.390371 141 122 98
-0.002419 0.142191 0.391105 137 119 93
-0.002205 0.141412 0.392405 141 119 90
-0.001839 0.140608 0.393526 140 118 88
-0.001622 0.139825 0.394369 140 115 85
-0.001397 0.139223 0.395480 140 113 82
-0.001341 0.138690 0.396313 138 113 83
-0.000699 0.137987 0.397317 138 112 79
-0.000456 0.137333 0.398482 133 109 78
-0.000072 0.136689 0.399615 132 107 76
0.000529 0.135749 0.400666 133 105 71
0.005223 0.122815 0.418848 177 144 96
0.005904 0.122318 0.419037 179 147 98
-0.004465 0.143014 0.388473 138 122 101
-0.004287 0.143085 0.389160 138 121 101
-0.003000 0.140769 0.392186 143 123 94
-0.002814 0.140211 0.393544 140 116 85
-0.002715 0.139582 0.394659 138 112 81
-0.002336 0.138875 0.395548 137 112 83
-0.002195 0.138349 0.396190 139 113 82
-0.001809 0.137549 0.397308 140 113 79
-0.001633 0.136928 0.398508 135 110 81
-0.001495 0.136182 0.399693 139 114 85
0.003328 0.122925 0.418342 168 135 90
0.004007 0.122462 0.418438 179 145 100
-0.005400 0.142548 0.388361 140 126 108
-0.005525 0.142675 0.389115 140 127 112
-0.004306 0.139848 0.393783 141 124 105
0.002684 0.122576 0.417967 110 86 68
0.003146 0.121958 0.418069 120 95 69
-0.006755 0.142057 0.388272 143 132 117
-0.006728 0.142191 0.389097 145 134 120
0.000809 0.122392 0.417054 104 83 67
0.001621 0.121814 0.417406 110 85 64
0.002055 0.121185 0.417694 104 83 57
-0.007961 0.141533 0.388126 146 136 122
-0.008029 0.141595 0.388894 148 139 127
-0.000026 0.122088 0.416608 168 133 89
0.000700 0.121424 0.416938 161 129 88
-0.009042 0.141065 0.388035 146 136 124
-0.009138 0.141079 0.388822 149 140 129
-0.001474 0.122029 0.415765 149 111 71
-0.000966 0.121424 0.416121 176 143 96
-0.000209 0.120847 0.416338 184 152 102
-0.010068 0.140571 0.387825 145 137 126
-0.010082 0.140621 0.388758 148 141 132
-0.003162 0.121873 0.414660 66 57 48
-0.002543 0.121413 0.415216 92 72 60
-0.001885 0.120978 0.415646 145 116 81
-0.011296 0.139939 0.387805 148 140 129
-0.011337 0.139966 0.388626 149 142 133
-0.003999 0.121523 0.414449 156 122 82
-0.003294 0.121162 0.414734 117 92 66
-0.012312 0.139366 0.387600 148 140 130
-0.012513 0.139328 0.388549 149 143 135
-0.005607 0.121520 0.413515 137 106 78
-0.004865 0.121062 0.413790 159 124 84
-0.004189 0.120499 0.414078 171 136 88
-0.013449 0.138711 0.387658 150 143 134
-0.013568 0.138695 0.388436 153 147 139
-0.006353 0.121182 0.412934 148 115 77
-0.005709 0.120584 0.413253 116 88 62
-0.014431 0.138076 0.387752 154 148 139
-0.014485 0.138090 0.388421 155 148 140
-0.008361 0.122011 0.411235 173 137 90
-0.007737 0.121406 0.411793 171 135 87
-0.007107 0.120865 0.412245 171 135 87
-0.015305 0.137331 0.387524 155 148 140
-0.015574 0.137192 0.388420 157 150 141
-0.016019 0.136709 0.389190 159 150 140
-0.009977 0.122084 0.409982 180 149 102
-0.009124 0.121449 0.410633 177 143 96
-0.008431 0.120843 0.411185 176 141 94
-0.016610 0.136567 0.387412 161 157 147
-0.016470 0.136472 0.388234 159 151 141
-0.016532 0.136307 0.389219 158 149 138
-0.011112 0.122061 0.408904 93 75 61
-0.010425 0.121567 0.409507 155 126 90
-0.009700 0.120972 0.410065 178 146 100
-0.017465 0.135648 0.388322 160 151 138
-0.017512 0.135587 0.389262 162 149 132
-0.012927 0.122955 0.406488 179 147 98
-0.012214 0.122313 0.407550 180 147 100
-0.011623 0.121831 0.408234 144 113 76
-0.011270 0.120986 0.409010 31 22 18
-0.018400 0.134774 0.388185 159 150 135
-0.018523 0.134562 0.389271 159 143 120
-0.018499 0.134305 0.390149 161 140 113
-0.014901 0.124393 0.403790 83 68 53
-0.014409 0.123892 0.404657 166 139 99
-0.013765 0.123216 0.405547 182 152 106
-0.013333 0.122635 0.406075 182 151 104
-0.012823 0.121892 0.406728 184 154 106
-0.019384 0.133573 0.389007 159 141 113
-0.019360 0.133313 0.390235 148 125 92
-0.019402 0.132902 0.391107 108 85 63
-0.019439 0.132011 0.392348 155 128 90
-0.019128 0.131222 0.393336 167 134 93
-0.017395 0.127495 0.398606 174 142 98
-0.017076 0.126926 0.399449 175 143 98
-0.016712 0.126232 0.400410 177 146 100
-0.016296 0.125599 0.401224 176 145 99
-0.015790 0.124729 0.402263 162 128 88
-0.015310 0.123975 0.402998 120 96 69
-0.014820 0.123367 0.404035 100 82 62
-0.014408 0.122777 0.404491 178 148 106
-0.020028 0.132973 0.389172 164 146 110
-0.020017 0.132506 0.389834 113 91 66
-0.020012 0.131797 0.391038 73 56 42
-0.019861 0.131220 0.392003 135 107 74
-0.019480 0.130505 0.393052 165 132 91
-0.019207 0.129841 0.394065 159 125 85
-0.019034 0.129061 0.395042 148 116 76
-0.018716 0.128365 0.395949 75 60 47
-0.018293 0.127630 0.397193 101 78 59
-0.017995 0.126929 0.397821 170 141 100
-0.017372 0.126187 0.399044 178 147 102
-0.016996 0.125512 0.399943 179 148 101
-0.016669 0.124821 0.400756 185 157 110
-0.016289 0.124266 0.401333 181 152 108
-0.020250 0.130389 0.391753 117 91 60
-0.019923 0.129895 0.392511 174 144 96
-0.019697 0.129362 0.393161 170 139 94
-0.019160 0.127772 0.395414 87 52 38
-0.039033 0.094584 0.419684 131 138 146
-0.038746 0.094196 0.420426 49 52 60
-0.038503 0.093504 0.421642 52 55 62
-0.038523 0.092843 0.422433 51 56 61
-0.039915 0.094203 0.419663 105 109 118
-0.039742 0.093771 0.420512 36 39 46
-0.039541 0.093032 0.421756 35 39 45
-0.039258 0.092295 0.422710 33 37 43
-0.039065 0.091483 0.423504 37 42 46
-0.038929 0.090987 0.424145 77 80 84
-0.040556 0.093754 0.419608 90 94 100
-0.040684 0.093142 0.420475 38 41 46
-0.040617 0.092498 0.421590 30 34 40
-0.040567 0.091990 0.422944 49 52 56
-0.040396 0.091357 0.423650 46 50 56
-0.039784 0.090189 0.424626 64 67 72
-0.039809 0.089617 0.424862 109 110 113
-0.041233 0.091962 0.421479 50 53 59
-0.041001 0.091308 0.422522 36 40 46
-0.040822 0.090656 0.423476 47 51 55
-0.040375 0.089894 0.424462 69 69 71
0.040077 0.135946 0.429333 100 91 78
0.039950 0.136137 0.430132 86 78 68
0.035398 0.143778 0.417033 127 110 99
0.035597 0.143394 0.417832 179 169 156
0.035995 0.142585 0.418954 187 172 154
0.036306 0.141902 0.419799 193 176 153
0.036620 0.141240 0.420644 199 184 162
0.038631 0.135854 0.428349 157 145 113
0.039134 0.135800 0.429092 90 80 64
0.039306 0.135867 0.430091 54 49 44
0.033420 0.145008 0.413991 166 154 131
0.033631 0.144779 0.414899 89 75 65
0.034048 0.144462 0.415949 130 118 103
0.034620 0.143948 0.417075 130 117 106
0.034852 0.143325 0.418160 172 161 149
0.035124 0.142648 0.419144 185 174 160
0.035215 0.141875 0.420092 170 155 135
0.035610 0.141043 0.420807 166 151 130
0.035719 0.140033 0.421625 149 133 115
0.035796 0.139178 0.422420 5 0 0
0.037634 0.135927 0.428187 144 120 89
0.037809 0.135394 0.428923 57 54 48
0.038428 0.135489 0.429775 38 33 38
0.031721 0.145971 0.411960 154 140 118
0.032100 0.145648 0.413007 136 125 111
0.032558 0.145373 0.413815 100 86 74
0.032974 0.144932 0.414928 110 95 83
0.033147 0.144647 0.415995 90 75 66
0.033455 0.144199 0.416775 89 78 68
0.034311 0.141508 0.420381 90 75 61
0.034529 0.140759 0.421110 109 90 74
0.034817 0.139730 0.421832 148 132 115
0.035034 0.138756 0.422615 167 151 135
0.034971 0.138139 0.423800 167 150 129
0.035180 0.137493 0.424769 154 132 108
0.035250 0.137040 0.426109 147 123 98
0.036135 0.136117 0.427110 143 118 88
0.036574 0.135566 0.428118 66 58 50
0.037083 0.135208 0.428688 44 44 43
0.030398 0.145968 0.410826 161 154 141
0.030734 0.145951 0.411716 85 74 64
0.030992 0.145853 0.412595 99 86 74
0.031518 0.145573 0.413720 119 108 94
0.033767 0.139300 0.422273 191 179 165
0.033951 0.138697 0.423004 181 167 153
0.034339 0.138087 0.423806 162 144 126
0.034746 0.137164 0.424793 155 134 110
0.035055 0.136450 0.426018 124 105 84
0.035056 0.135552 0.426969 52 48 46
0.035605 0.135347 0.427569 50 50 47
0.029371 0.145705 0.410700 167 160 150
0.029793 0.145755 0.411524 165 157 147
0.029611 0.145563 0.412637 169 160 151
0.032761 0.138151 0.423099 195 183 168
0.032827 0.137256 0.423889 192 180 165
0.033289 0.136466 0.424760 174 162 146
0.033985 0.135734 0.425749 135 124 110
0.034369 0.135281 0.426261 69 63 58
0.028300 0.145439 0.410323 163 157 147
0.028375 0.145340 0.411527 166 158 150
0.028891 0.145362 0.412483 174 166 158
0.031581 0.137250 0.423221 204 192 176
0.032038 0.136550 0.423647 201 190 172
0.032691 0.135911 0.424102 197 187 171
0.026833 0.145082 0.409364 169 165 152
0.027226 0.145087 0.410248 164 158 149
0.027216 0.144854 0.411423 165 157 150
0.030565 0.136649 0.423073 199 183 162
0.031060 0.135851 0.423445 203 188 165
0.031487 0.135303 0.423759 205 192 168
0.025829 0.144615 0.409483 165 158 147
0.026118 0.144585 0.410283 164 155 146
0.026206 0.144463 0.411377 165 156 147
0.029488 0.136213 0.422999 135 116 93
0.029909 0.135357 0.423361 144 123 100
0.030442 0.134823 0.423709 200 181 147
0.024651 0.144148 0.409089 165 158 147
0.024893 0.144144 0.410161 164 154 143
0.025022 0.143934 0.411230 157 146 134
0.028460 0.135706 0.422742 143 115 86
0.028860 0.134714 0.423151 153 126 93
0.023628 0.143901 0.409154 157 146 134
0.023596 0.143751 0.410190 140 128 115
0.027213 0.134975 0.422567 192 165 122
0.027594 0.134058 0.422990 192 165 123
0.022268 0.143623 0.408133 159 147 132
0.022506 0.143557 0.409131 131 117 104
0.022546 0.143402 0.410149 112 100 87
0.026024 0.134273 0.422485 190 161 117
0.026519 0.133516 0.422895 190 162 119
0.020607 0.143540 0.407080 176 169 158
0.020972 0.143482 0.407885 174 166 155
0.021500 0.143423 0.409170 169 160 145
0.024979 0.133730 0.422468 190 161 116
0.025494 0.132963 0.422870 191 163 120
0.019627 0.143509 0.406895 158 149 137
0.019649 0.143504 0.407843 126 116 103
0.023863 0.133287 0.422352 188 159 114
0.024200 0.132236 0.422740 189 161 116
0.018197 0.143432 0.405727 167 156 138
0.018572 0.143383 0.406952 167 156 139
0.018771 0.143357 0.407673 146 133 121
0.022745 0.132615 0.422477 143 119 88
0.023126 0.131789 0.422746 139 113 83
0.023206 0.130947 0.423254 2 0 0
0.016861 0.143373 0.404812 165 151 128
0.017136 0.143211 0.405723 165 151 129
0.017245 0.143199 0.406605 167 153 131
0.021632 0.132012 0.422379 116 93 70
0.022036 0.131202 0.422656 135 108 78
0.022230 0.130394 0.422916 176 149 105
0.015341 0.143205 0.403663 161 142 113
0.015616 0.143189 0.404487 161 144 116
0.015878 0.143099 0.405536 162 145 119
0.020360 0.131414 0.422219 153 119 84
0.020828 0.130582 0.422523 158 127 90
0.014309 0.143037 0.403447 160 139 107
0.014404 0.142983 0.404522 162 140 109
0.019270 0.130757 0.422096 169 135 91
0.019772 0.130042 0.422445 144 113 77
0.004785 0.162718 0.375944 165 159 143
0.005097 0.161982 0.376423 159 151 135
0.005470 0.161243 0.377172 153 143 126
0.005683 0.160449 0.378227 149 139 122
0.005723 0.159942 0.379375 156 151 140
0.012997 0.143013 0.402448 157 136 103
0.013069 0.142892 0.403221 158 136 104
0.013330 0.142764 0.404414 161 140 107
0.018320 0.130303 0.422013 178 146 100
0.018761 0.129489 0.422276 180 147 100
0.003909 0.162410 0.375716 166 161 143
0.004225 0.161508 0.376210 161 153 136
0.004704 0.160578 0.376862 156 147 130
0.005096 0.159773 0.377978 147 139 123
0.005176 0.159276 0.379125 150 146 136
0.005070 0.159025 0.380016 160 160 156
0.008522 0.149518 0.392062 169 147 112
0.008764 0.148993 0.393151 169 148 113
0.009089 0.148347 0.394154 170 149 114
0.009295 0.147669 0.395304 170 149 116
0.009606 0.147000 0.395902 167 147 113
0.009890 0.146277 0.396431 165 142 110
0.011505 0.142910 0.401380 155 133 102
0.011894 0.142824 0.402262 156 135 102
0.011955 0.142682 0.403356 159 137 105
0.017124 0.129680 0.421882 173 140 95
0.017511 0.128912 0.422114 184 154 107
0.003125 0.160922 0.376210 160 152 136
0.003581 0.160136 0.376651 157 149 132
0.004049 0.159417 0.377339 145 137 118
0.004190 0.158480 0.379054 139 133 122
0.004153 0.158223 0.380102 147 145 140
0.006261 0.152037 0.388076 163 138 98
0.006841 0.151382 0.389026 162 137 99
0.007245 0.150801 0.390111 164 140 103
0.007535 0.150306 0.391034 163 140 105
0.007961 0.149640 0.392203 162 140 105
0.008246 0.149051 0.393177 161 139 105
0.008552 0.148310 0.394185 158 136 104
0.008802 0.147520 0.395212 157 135 103
0.008962 0.146783 0.396228 155 133 102
0.009318 0.146021 0.397185 155 133 102
0.009495 0.145262 0.398124 154 131 100
0.009771 0.144447 0.399045 150 128 99
0.010025 0.143770 0.400031 150 128 99
0.010349 0.143132 0.401077 151 129 98
0.010726 0.142562 0.402144 153 132 100
0.010935 0.142491 0.403323 159 136 106
0.016045 0.129082 0.421957 128 105 77
0.016535 0.128304 0.422046 129 105 76
0.002039 0.160364 0.376364 160 154 138
0.002354 0.159479 0.376661 156 148 132
0.002610 0.158763 0.377122 149 141 124
0.003094 0.157712 0.378901 135 127 114
0.003091 0.157443 0.380066 135 132 125
0.003121 0.157303 0.380794 157 158 152
0.004463 0.153311 0.385154 156 128 87
0.004807 0.152914 0.385747 157 129 87
0.005186 0.152453 0.386937 157 129 88
0.005607 0.152059 0.387932 158 130 90
0.005971 0.151670 0.389185 159 132 95
0.007620 0.147351 0.394093 153 134 107
0.007662 0.146672 0.394960 149 128 101
0.008005 0.146170 0.396056 142 121 93
0.008367 0.145465 0.397112 140 120 94
0.008633 0.144710 0.397995 145 123 95
0.008843 0.144173 0.399159 145 121 90
0.009181 0.143886 0.400507 147 122 94
0.009401 0.142471 0.401199 149 124 90
0.009665 0.141644 0.402040 147 122 88
0.009972 0.141230 0.402868 148 121 87
0.010332 0.140592 0.403886 145 118 84
0.014916 0.128439 0.421730 122 97 73
0.015288 0.127621 0.421833 118 93 69
0.000931 0.159766 0.376412 162 156 138
0.001163 0.158831 0.376803 156 147 129
0.001538 0.158090 0.377163 150 136 117
0.002581 0.157247 0.379092 135 125 114
0.002092 0.156434 0.380042 134 125 113
0.002001 0.156380 0.380581 126 121 111
0.002290 0.154913 0.382035 140 121 94
0.002569 0.154401 0.382836 146 122 91
0.003022 0.154024 0.383814 149 121 83
0.003719 0.153521 0.384897 151 122 82
0.003972 0.153258 0.385944 153 125 86
0.005768 0.147575 0.392634 152 135 111
0.006162 0.146839 0.393987 148 131 106
0.006346 0.146267 0.395045 144 127 104
0.006655 0.145574 0.396125 138 119 94
0.006920 0.144988 0.396833 139 121 96
0.007660 0.144196 0.397785 144 127 100
0.008244 0.141681 0.400896 139 114 82
0.008674 0.141000 0.402125 136 113 80
0.008608 0.140587 0.402750 132 109 77
0.008934 0.139776 0.403626 134 109 75
0.013785 0.127799 0.421535 177 144 100
0.014207 0.127023 0.421669 178 146 101
0.000017 0.159258 0.376578 161 156 134
0.000086 0.158290 0.376949 154 140 116
0.000232 0.157587 0.377039 153 135 106
0.001603 0.155735 0.379873 132 110 88
0.001548 0.155693 0.380869 101 92 84
0.001638 0.155159 0.381670 129 115 97
0.001910 0.154734 0.382901 143 124 99
0.004115 0.147985 0.391074 152 135 108
0.004518 0.147409 0.391933 154 135 108
0.004544 0.147025 0.392682 153 135 108
0.004988 0.146234 0.393785 151 133 107
0.005124 0.145443 0.394948 148 130 105
0.005458 0.145127 0.395665 145 125 99
0.005782 0.144487 0.396605 144 124 99
0.005631 0.143669 0.397979 134 116 91
0.007095 0.141201 0.400860 136 112 80
0.007401 0.140409 0.401997 131 108 77
0.007415 0.140083 0.402637 132 108 74
0.007896 0.139169 0.403550 134 108 73
0.012772 0.127232 0.421303 178 145 101
0.013277 0.126567 0.421533 180 149 104
-0.001066 0.157749 0.376980 154 132 98
-0.000638 0.157080 0.377013 152 129 94
0.002655 0.147741 0.391129 152 136 110
0.003209 0.147040 0.391677 151 134 108
0.003540 0.146310 0.392710 152 132 105
0.003785 0.145536 0.393803 149 130 103
0.004124 0.144978 0.394898 151 133 107
0.004533 0.144632 0.395793 149 128 100
0.004028 0.143829 0.396653 150 129 99
0.005938 0.140436 0.400795 133 109 77
0.006075 0.139797 0.401946 135 110 76
0.006513 0.139397 0.402592 133 107 75
0.006877 0.138695 0.403312 131 105 69
0.011738 0.126546 0.421126 180 150 104
0.012278 0.125996 0.421444 185 157 110
-0.002138 0.157106 0.376993 154 124 79
-0.001833 0.156544 0.376999 152 121 78
0.002098 0.147118 0.390916 149 133 107
0.002201 0.146726 0.391540 149 131 103
0.002504 0.145808 0.392812 147 127 98
0.002701 0.145128 0.393758 149 129 101
0.003166 0.144787 0.394721 148 128 101
0.004928 0.139951 0.400633 139 110 75
0.005264 0.139172 0.401845 138 111 75
0.005366 0.138962 0.402582 137 111 77
0.005750 0.138003 0.403440 136 106 67
0.010394 0.125984 0.420782 181 150 104
-0.003189 0.156616 0.377052 155 125 77
-0.003070 0.155974 0.377029 153 122 75
0.001248 0.146530 0.390759 143 126 101
0.001100 0.145937 0.391432 148 127 98
0.001461 0.145395 0.392571 146 126 99
0.001809 0.144777 0.393706 146 126 98
0.001997 0.144069 0.394536 151 130 101
0.003838 0.139356 0.400627 140 111 75
0.004240 0.138611 0.401632 137 111 76
0.004277 0.138329 0.402366 135 110 75
0.004647 0.137497 0.403140 135 108 71
0.008992 0.126160 0.420407 123 99 72
0.009309 0.125592 0.420633 152 124 89
-0.004117 0.155921 0.376923 158 130 80
-0.004331 0.155438 0.377122 155 123 75
-0.000290 0.145901 0.390192 148 126 95
-0.000119 0.145346 0.391327 147 124 94
0.000103 0.144842 0.392226 147 129 103
0.000634 0.143742 0.393606 138 121 94
0.001045 0.143191 0.395078 155 134 105
0.002444 0.139402 0.399346 136 112 79
0.002656 0.138864 0.400655 136 110 77
0.003038 0.138137 0.401624 135 110 76
0.003066 0.137609 0.402427 134 109 75
0.003426 0.136716 0.403228 134 106 66
0.007895 0.125573 0.420187 131 105 78
0.008265 0.124948 0.420272 119 95 72
-0.005375 0.154663 0.377237 159 128 78
-0.001587 0.146064 0.389817 149 126 92
-0.001489 0.145460 0.390374 146 123 90
-0.001224 0.145003 0.391274 146 123 92
-0.001088 0.144301 0.392432 137 122 101
0.000386 0.140742 0.396581 145 119 87
0.000816 0.140501 0.396741 146 123 94
0.000743 0.139663 0.398222 143 120 89
0.001076 0.138975 0.399277 136 112 82
0.001378 0.138258 0.400474 130 107 77
0.001623 0.137534 0.401485 132 108 76
0.001967 0.136913 0.402342 136 108 74
0.002308 0.136199 0.403119 134 106 70
0.006822 0.124968 0.419782 177 144 100
0.007402 0.124340 0.419972 183 151 103
-0.006305 0.154055 0.377637 166 139 92
-0.006279 0.153267 0.378123 162 134 90
-0.006150 0.152383 0.378952 155 127 84
-0.005736 0.151191 0.380033 156 128 81
-0.005250 0.150022 0.381848 150 125 88
-0.004850 0.148989 0.383402 152 126 90
-0.004495 0.148416 0.384222 148 121 85
-0.004264 0.147809 0.385137 148 122 84
-0.003997 0.147350 0.385864 147 118 80
-0.003708 0.146643 0.386982 144 113 76
-0.003232 0.145856 0.388228 144 116 79
-0.003155 0.145357 0.389220 143 115 77
-0.002740 0.144681 0.390162 144 117 82
-0.002615 0.144217 0.391031 144 121 91
-0.002447 0.143472 0.391986 141 123 99
-0.001957 0.142569 0.392872 140 123 95
-0.001584 0.141716 0.394431 147 128 100
-0.001077 0.140880 0.395592 150 131 106
-0.000865 0.140120 0.396573 142 113 79
-0.000504 0.139723 0.396920 142 118 86
-0.000357 0.139178 0.397990 137 114 84
-0.000002 0.138493 0.399392 133 112 85
0.000388 0.137921 0.400634 128 106 77
0.000442 0.137249 0.401054 128 102 71
0.000841 0.136205 0.401976 136 109 73
0.001086 0.135866 0.402971 145 115 83
0.005063 0.124738 0.418908 175 141 94
0.005875 0.124412 0.419428 177 144 98
-0.006820 0.153088 0.378266 175 154 113
-0.006577 0.152269 0.379230 166 142 102
-0.006388 0.151695 0.379992 162 138 97
-0.006089 0.150863 0.381035 158 134 96
-0.005783 0.150066 0.382144 157 134 97
-0.005530 0.149398 0.383210 157 134 98
-0.005150 0.148663 0.384152 156 132 96
-0.004914 0.148088 0.385077 157 132 97
-0.004638 0.147406 0.386189 153 125 91
-0.004411 0.146730 0.387219 144 115 82
-0.004068 0.146181 0.388253 148 119 82
-0.003714 0.145159 0.389372 149 123 83
-0.003456 0.143941 0.390323 139 119 91
-0.003529 0.143723 0.391020 141 123 99
-0.003011 0.142981 0.392024 139 121 97
-0.002856 0.142233 0.392953 144 127 102
-0.002418 0.141407 0.393998 146 124 94
-0.002354 0.140710 0.395187 146 122 93
-0.002043 0.140153 0.396318 143 119 88
-0.001765 0.139371 0.397219 137 114 84
-0.001300 0.138780 0.398119 135 112 83
-0.000770 0.137992 0.399090 132 110 80
-0.000436 0.137418 0.400234 128 105 75
-0.000342 0.136665 0.401306 133 107 74
0.000277 0.135968 0.401865 128 98 58
0.000261 0.135781 0.403296 141 113 80
0.004248 0.124399 0.418842 176 142 96
0.004838 0.123949 0.419102 177 144 97
-0.004490 0.143341 0.390302 141 126 106
-0.004454 0.143389 0.390888 144 129 110
-0.003700 0.142615 0.391365 140 122 96
-0.003843 0.141708 0.393255 146 128 106
-0.003394 0.140944 0.394377 143 125 99
-0.003111 0.140366 0.395220 142 118 89
-0.002710 0.139398 0.396233 140 114 82
-0.002469 0.138728 0.396906 136 111 80
-0.002240 0.138331 0.397884 138 115 84
-0.001934 0.137430 0.399161 134 110 77
-0.001587 0.136872 0.400538 133 111 82
-0.001395 0.135790 0.400862 134 110 80
-0.001107 0.135215 0.401668 135 109 78
0.003214 0.123575 0.418488 168 136 93
0.003748 0.123332 0.418655 183 152 103
-0.005753 0.142774 0.390059 145 134 118
-0.005691 0.142957 0.391072 150 139 125
-0.004392 0.139376 0.395339 140 123 102
-0.003983 0.138888 0.395404 141 127 104
0.001643 0.124017 0.417877 91 72 60
0.002357 0.123348 0.418127 104 81 64
0.002544 0.122563 0.418505 0 0 0
-0.006997 0.142284 0.389962 148 138 126
-0.006783 0.142500 0.390748 151 141 127
0.000742 0.123322 0.417414 118 90 68
0.001305 0.122958 0.417706 135 106 74
-0.008079 0.141774 0.389646 150 141 130
-0.008178 0.141939 0.390663 154 147 134
-0.000827 0.123361 0.416527 169 132 87
-0.000197 0.122954 0.416880 169 135 90
-0.009145 0.141328 0.389627 152 144 133
-0.009204 0.141356 0.390495 154 147 136
-0.001955 0.122923 0.415997 169 134 89
-0.001293 0.122467 0.416264 178 144 96
-0.010479 0.140896 0.388490 158 155 142
-0.010360 0.140837 0.389620 153 146 137
-0.010321 0.140787 0.390530 158 151 140
-0.003367 0.122924 0.415202 92 73 59
-0.002657 0.122452 0.415561 120 93 70
-0.010938 0.140441 0.388724 150 145 136
-0.011462 0.140145 0.389492 154 148 139
-0.011681 0.139931 0.390344 156 151 142
-0.005076 0.123144 0.414198 159 124 83
-0.004160 0.122453 0.414693 137 107 74
-0.003359 0.122058 0.414976 87 75 62
-0.012614 0.139549 0.389427 155 149 141
-0.012534 0.139482 0.390278 158 152 143
-0.006490 0.123028 0.413307 166 128 83
-0.005936 0.122674 0.413587 161 124 83
-0.004994 0.122016 0.414000 168 133 89
-0.013631 0.138861 0.389289 156 150 142
-0.013933 0.138752 0.390184 161 154 145
-0.007762 0.123201 0.412040 167 128 84
-0.007025 0.122631 0.412738 162 126 83
-0.006577 0.122042 0.413060 134 102 70
-0.014657 0.138159 0.389231 158 152 143
-0.014813 0.138061 0.390314 160 152 142
-0.009057 0.123407 0.410994 172 136 89
-0.008518 0.122876 0.411506 172 136 88
-0.007894 0.122301 0.411997 171 136 88
-0.015476 0.137520 0.389217 160 153 143
-0.015737 0.137294 0.390133 162 154 142
-0.016107 0.136864 0.391175 165 153 136
-0.010490 0.123654 0.409875 176 143 96
-0.009897 0.122942 0.410282 177 143 96
-0.009326 0.122344 0.410912 179 146 96
-0.008587 0.121709 0.411651 180 151 98
-0.016568 0.136866 0.389145 166 160 147
-0.016665 0.136533 0.390021 163 152 137
-0.016744 0.136230 0.391219 166 151 130
-0.012413 0.124476 0.407752 180 147 97
-0.011860 0.123750 0.408434 133 104 72
-0.011218 0.123087 0.409159 113 90 67
-0.010628 0.122388 0.409704 177 146 101
-0.017527 0.135643 0.389941 164 150 128
-0.017602 0.135340 0.391001 164 145 118
-0.017732 0.134774 0.392129 165 140 104
-0.014139 0.125465 0.405325 183 152 106
-0.013473 0.124526 0.406133 179 148 101
-0.012985 0.123914 0.406940 180 147 99
-0.012155 0.123229 0.408014 169 136 90
-0.011836 0.122713 0.408602 109 79 52
-0.011376 0.121947 0.409439 0 0 0
-0.018271 0.135163 0.389998 167 155 129
-0.018568 0.134316 0.390857 164 141 107
-0.018474 0.134062 0.391936 154 128 93
-0.018593 0.133371 0.393070 139 112 78
-0.018454 0.132679 0.394080 161 129 88
-0.018296 0.132069 0.394964 142 111 78
-0.018121 0.131549 0.395882 80 64 49
-0.017344 0.129767 0.398397 175 144 101
-0.016957 0.129046 0.399221 174 141 95
-0.016651 0.128389 0.399955 173 141 95
-0.016330 0.127597 0.401108 175 143 96
-0.015933 0.126817 0.402269 176 146 99
-0.015504 0.126085 0.403126 136 107 73
-0.014909 0.125565 0.404207 107 85 64
-0.014473 0.124924 0.404857 175 146 103
-0.013937 0.124092 0.405640 184 155 108
-0.013634 0.123372 0.406443 185 157 109
-0.019092 0.133707 0.390909 161 136 98
-0.019253 0.133117 0.391825 102 81 57
-0.019118 0.132516 0.392733 157 128 89
-0.018957 0.131828 0.393638 168 137 94
-0.018648 0.131389 0.394930 153 122 82
-0.018486 0.130645 0.395773 92 71 51
-0.018127 0.129909 0.397080 84 67 51
-0.017877 0.129007 0.397876 165 135 94
-0.017384 0.128338 0.398799 176 145 100
-0.017042 0.127640 0.399746 177 147 100
-0.016654 0.127038 0.400690 176 145 99
-0.016141 0.126084 0.401812 178 148 102
-0.015770 0.125541 0.402687 169 135 91
-0.015494 0.125029 0.403364 99 77 59
-0.015284 0.124636 0.404375 10 0 0
-0.019932 0.132490 0.391767 0 0 0
-0.019062 0.130504 0.394633 173 142 96
-0.018904 0.129779 0.395554 115 89 61
-0.018554 0.129237 0.396352 77 63 49
-0.018299 0.128541 0.397550 137 113 79
-0.017841 0.127575 0.398752 185 160 111
0.039642 0.136450 0.430968 115 104 88
0.038434 0.136405 0.429938 133 111 85
0.038864 0.136200 0.430809 73 69 61
0.033327 0.144783 0.416710 37 22 25
0.033790 0.144126 0.417661 94 84 76
0.034191 0.143635 0.418471 185 181 170
0.034352 0.142783 0.419553 192 184 171
0.034637 0.142291 0.420069 194 186 173
0.036934 0.136932 0.429270 118 92 70
0.037391 0.136224 0.429877 90 78 63
0.037874 0.136019 0.430702 70 68 59
0.031858 0.145542 0.414545 105 88 79
0.032015 0.145227 0.415588 151 138 124
0.032600 0.144665 0.416635 135 123 111
0.032907 0.144253 0.417608 122 109 96
0.033146 0.143604 0.418678 125 113 100
0.033398 0.142729 0.419655 119 104 89
0.033826 0.141883 0.420336 108 93 78
0.033831 0.140980 0.421162 170 157 141
0.034512 0.138627 0.424879 168 150 125
0.034712 0.138537 0.425931 145 127 104
0.035132 0.137930 0.426852 140 119 93
0.035627 0.137068 0.427910 117 94 70
0.036005 0.136407 0.428800 66 57 48
0.036541 0.135988 0.429579 50 48 45
0.030692 0.145901 0.413406 106 94 81
0.030868 0.145665 0.414519 122 110 96
0.031130 0.145351 0.415676 114 101 86
0.031553 0.144886 0.416683 101 86 72
0.032285 0.143160 0.419183 108 95 86
0.032254 0.142622 0.419860 191 183 173
0.032555 0.141601 0.420681 197 188 175
0.033149 0.140458 0.421396 196 183 168
0.033159 0.139739 0.422096 196 185 172
0.033387 0.138660 0.423375 186 175 161
0.033979 0.138334 0.424419 163 148 131
0.034132 0.137860 0.425525 144 127 107
0.034283 0.137272 0.426582 101 90 77
0.034904 0.136575 0.427683 54 48 43
0.035320 0.136175 0.428260 39 36 35
0.028954 0.145746 0.412285 176 170 160
0.029656 0.145712 0.413235 171 162 151
0.029660 0.145352 0.414768 180 171 160
0.029782 0.144958 0.415567 170 161 149
0.031370 0.141148 0.420831 204 192 176
0.031756 0.140334 0.421584 204 193 179
0.032084 0.139419 0.422340 202 192 179
0.032607 0.138413 0.423170 196 185 171
0.033143 0.137667 0.424362 178 166 151
0.033416 0.137240 0.425010 165 152 134
0.033811 0.136570 0.426003 110 101 85
0.028175 0.145445 0.412083 173 166 157
0.028388 0.145235 0.413503 176 168 160
0.028370 0.144906 0.414653 180 172 163
0.030408 0.140410 0.420910 199 186 167
0.030552 0.139659 0.421725 204 192 175
0.030888 0.138907 0.422410 206 196 181
0.031286 0.137935 0.422932 205 194 178
0.031820 0.137430 0.423585 206 197 181
0.027099 0.144984 0.412019 171 163 154
0.027189 0.144866 0.413390 177 169 160
0.027521 0.144532 0.414471 180 171 163
0.029183 0.140012 0.420744 190 174 154
0.029282 0.139176 0.421590 191 173 153
0.029642 0.138296 0.422270 197 182 162
0.030225 0.137405 0.422789 201 188 170
0.026368 0.145087 0.411283 174 169 157
0.025916 0.144500 0.411846 171 162 152
0.025964 0.144207 0.413196 172 162 151
0.026267 0.143987 0.414233 170 159 149
0.028201 0.139298 0.421018 106 91 75
0.028237 0.138654 0.421549 102 85 68
0.028750 0.137857 0.422217 130 111 89
0.029238 0.136987 0.422726 141 120 99
0.024710 0.144236 0.411056 168 158 143
0.024745 0.144023 0.411880 160 147 131
0.024750 0.143657 0.413181 158 142 125
0.024917 0.143326 0.414127 139 120 102
0.027082 0.138831 0.420775 106 85 66
0.027313 0.138121 0.421379 127 104 79
0.027767 0.137141 0.422047 150 124 92
0.028087 0.136349 0.422493 161 133 98
0.023581 0.143766 0.410982 149 136 117
0.023584 0.143568 0.411803 143 128 108
0.023622 0.143172 0.413175 150 132 108
0.023762 0.142709 0.413977 125 104 83
0.025709 0.138054 0.420550 190 162 119
0.026124 0.137304 0.421314 192 165 122
0.026700 0.136304 0.421986 193 166 123
0.026947 0.135676 0.422338 193 167 123
0.021796 0.143478 0.409883 179 170 157
0.022432 0.143314 0.410793 116 104 90
0.022492 0.143119 0.411877 109 96 80
0.022619 0.142713 0.412922 108 91 74
0.024470 0.137389 0.420673 192 165 120
0.024861 0.136788 0.421189 191 164 120
0.025487 0.135649 0.421941 191 163 118
0.025690 0.134980 0.422331 190 161 117
0.020665 0.143400 0.409543 179 171 155
0.021152 0.143148 0.410700 169 159 142
0.021307 0.142894 0.411730 161 149 131
0.021701 0.142491 0.412866 141 126 105
0.023510 0.136871 0.420484 188 158 114
0.023892 0.136265 0.421111 190 162 118
0.024259 0.135335 0.421808 190 162 117
0.024614 0.134439 0.422286 189 160 115
0.019580 0.143499 0.408619 114 104 94
0.019733 0.143379 0.409483 124 112 98
0.019927 0.143196 0.410804 128 115 95
0.022807 0.135689 0.421197 188 160 115
0.023028 0.134726 0.421718 188 159 114
0.023393 0.133839 0.422178 189 161 116
0.017913 0.143367 0.407547 170 158 139
0.018333 0.143385 0.408496 148 135 116
0.018573 0.143259 0.409610 131 114 92
0.021700 0.134942 0.421331 149 125 92
0.021776 0.134261 0.421771 146 122 89
0.022304 0.133205 0.422273 146 120 86
0.016518 0.143332 0.406377 169 156 130
0.016940 0.143230 0.407345 170 155 131
0.016940 0.143118 0.408580 174 157 131
0.020508 0.134366 0.421313 81 66 55
0.020675 0.133720 0.421793 102 83 66
0.021156 0.132730 0.422202 115 92 68
0.015499 0.143078 0.406189 167 149 119
0.015747 0.142996 0.407493 169 150 121
0.016202 0.142956 0.408435 171 152 125
0.019543 0.133669 0.421223 159 124 79
0.019616 0.133189 0.421738 180 150 105
0.020028 0.132206 0.422128 177 146 100
0.014083 0.142995 0.405283 165 144 111
0.014434 0.142904 0.406193 168 146 113
0.014584 0.142728 0.407386 170 148 114
0.018514 0.132524 0.421619 183 152 104
0.019120 0.131547 0.422070 173 141 96
0.004367 0.163331 0.376169 153 145 131
0.004779 0.162960 0.376854 148 140 126
0.005050 0.162234 0.378143 147 135 116
0.005275 0.161405 0.379067 146 134 115
0.005368 0.160603 0.380087 157 150 139
0.005316 0.160205 0.380601 174 173 165
0.012710 0.142948 0.404190 166 144 108
0.012975 0.142756 0.404964 165 144 111
0.013024 0.142589 0.406251 168 147 113
0.013561 0.142470 0.407282 170 147 114
0.017208 0.132558 0.420994 184 152 103
0.017529 0.131933 0.421584 183 151 104
0.017955 0.131056 0.421961 183 152 104
0.003545 0.163045 0.376051 156 147 132
0.003561 0.162150 0.376204 157 148 132
0.004523 0.161646 0.379049 145 133 114
0.005032 0.160290 0.380205 163 159 147
0.004833 0.159533 0.380819 173 174 170
0.011631 0.142729 0.403981 163 141 108
0.011949 0.142520 0.404928 163 141 108
0.012032 0.142284 0.406040 155 132 102
0.016252 0.131233 0.421536 177 145 98
0.016645 0.130381 0.421842 183 152 105
0.002421 0.162265 0.376122 159 153 138
0.002579 0.161726 0.376258 160 152 136
0.003870 0.158773 0.381138 165 165 162
0.003656 0.158477 0.381470 172 174 171
0.006197 0.151905 0.389821 169 147 110
0.006386 0.151519 0.390855 168 147 111
0.006897 0.150840 0.391719 168 145 111
0.007246 0.150238 0.392626 169 147 112
0.007566 0.149563 0.393699 167 144 110
0.007846 0.148840 0.394796 166 142 106
0.008088 0.148104 0.395914 166 141 105
0.008290 0.147362 0.396866 163 137 102
0.008407 0.146837 0.397716 155 129 96
0.008619 0.146011 0.398889 135 109 81
0.008970 0.145151 0.399775 126 103 77
0.009196 0.144521 0.400719 151 126 91
0.009571 0.143540 0.401974 156 133 98
0.010140 0.142937 0.402977 158 135 101
0.010429 0.142611 0.403768 156 133 102
0.010787 0.142417 0.405001 147 123 95
0.015176 0.130746 0.421529 128 102 74
0.015654 0.129912 0.421832 130 105 75
0.001156 0.161940 0.376328 143 140 128
0.001378 0.161307 0.376476 152 147 134
0.002924 0.158120 0.380987 138 137 133
0.002719 0.157826 0.381490 159 160 157
0.004188 0.153484 0.386570 160 137 100
0.004435 0.153015 0.387753 161 138 104
0.004883 0.152512 0.388743 163 139 103
0.005338 0.152130 0.389754 163 140 104
0.005738 0.151586 0.390949 165 141 106
0.006085 0.151036 0.392069 166 144 110
0.006356 0.150293 0.393259 168 144 109
0.006496 0.149944 0.393771 167 145 110
0.006946 0.148932 0.395047 163 139 102
0.007163 0.147741 0.396051 149 124 91
0.007520 0.147075 0.397066 140 113 82
0.007791 0.146489 0.397778 127 102 78
0.008132 0.145764 0.398905 121 98 74
0.008278 0.145086 0.399906 112 90 67
0.008542 0.144465 0.400956 122 95 70
0.008996 0.143651 0.401919 141 115 87
0.009139 0.142999 0.402754 152 125 92
0.009464 0.142253 0.403839 135 112 84
0.009608 0.141642 0.404675 129 107 87
0.014133 0.130167 0.421419 145 114 79
0.014528 0.129273 0.421646 135 107 76
0.000339 0.160612 0.376724 147 140 127
0.000121 0.159615 0.376956 156 147 127
0.001738 0.157058 0.381485 109 109 110
0.002183 0.154878 0.383441 142 126 104
0.002362 0.154535 0.384611 153 133 103
0.002734 0.154130 0.385631 155 131 98
0.003348 0.153711 0.386715 156 132 98
0.003863 0.153195 0.387787 157 134 102
0.005511 0.147947 0.394541 148 129 102
0.005996 0.146939 0.395851 147 128 104
0.006235 0.146366 0.396779 131 111 86
0.006620 0.145711 0.397627 128 107 81
0.006881 0.145080 0.398504 136 113 98
0.007063 0.144513 0.400437 106 84 61
0.007117 0.143911 0.401245 98 81 63
0.008076 0.141770 0.403035 126 107 79
0.008195 0.141416 0.403718 122 102 73
0.008389 0.140823 0.404620 127 105 78
0.013073 0.129334 0.421232 177 144 98
0.013363 0.128579 0.421449 178 147 101
-0.000747 0.160040 0.376988 158 146 124
-0.000757 0.159191 0.377013 157 140 112
0.000887 0.156484 0.381670 66 67 71
0.000747 0.155806 0.382332 110 107 107
0.001368 0.155159 0.383428 145 129 109
0.001458 0.154841 0.384640 150 130 106
0.002068 0.154355 0.385860 152 133 106
0.003937 0.147662 0.393532 153 133 108
0.004319 0.147028 0.394676 153 135 110
0.004699 0.146413 0.395651 143 124 98
0.005030 0.145690 0.396587 134 113 86
0.005199 0.145226 0.397388 128 110 85
0.005368 0.144522 0.398422 119 104 82
0.006707 0.141215 0.403057 129 107 77
0.006884 0.140914 0.403522 126 104 73
0.007163 0.140147 0.404441 131 106 71
0.007098 0.139657 0.405994 134 110 78
0.011926 0.129696 0.420621 179 144 98
0.011911 0.128883 0.421076 178 145 99
0.012364 0.128137 0.421324 179 148 102
-0.001653 0.159553 0.377141 158 141 110
-0.001728 0.158649 0.377177 156 133 96
-0.000124 0.156106 0.382288 103 106 105
0.000068 0.155887 0.382607 126 125 124
0.002194 0.148393 0.391737 156 139 113
0.002794 0.147776 0.392492 155 139 111
0.002811 0.147228 0.393291 153 136 111
0.003265 0.146388 0.394366 152 133 106
0.003458 0.145888 0.395686 145 125 98
0.003725 0.145369 0.396464 139 116 90
0.003939 0.144687 0.397410 130 112 86
0.004003 0.143467 0.398094 127 106 79
0.005424 0.140697 0.402899 137 113 83
0.005955 0.139946 0.403442 131 108 74
0.005956 0.139853 0.404569 144 114 79
0.006278 0.138475 0.405673 141 115 80
0.010893 0.128184 0.420910 179 147 100
0.011370 0.127553 0.421148 179 147 102
-0.002674 0.158142 0.377255 156 130 88
0.001660 0.148107 0.391726 151 134 109
0.001816 0.147327 0.392240 152 135 110
0.001762 0.146535 0.393319 151 132 107
0.002110 0.146075 0.394290 146 127 100
0.002501 0.145309 0.395536 146 125 98
0.002780 0.144701 0.396601 145 120 90
0.002671 0.143999 0.397733 132 111 85
0.004800 0.140176 0.402647 137 115 86
0.004800 0.139588 0.403349 138 112 77
0.005362 0.139055 0.404335 138 110 72
0.005247 0.138502 0.406091 143 117 81
0.009255 0.128064 0.420213 159 123 78
0.009886 0.127439 0.420701 181 149 102
0.010183 0.126845 0.420933 183 153 105
-0.003685 0.157377 0.377371 158 129 84
-0.003998 0.156537 0.377496 155 126 79
0.000751 0.147479 0.391588 147 131 104
0.000454 0.146502 0.392299 153 131 102
0.001054 0.146093 0.393294 143 126 99
0.001276 0.145516 0.394167 144 125 98
0.001591 0.144765 0.395301 147 126 99
0.001594 0.144387 0.396320 141 119 91
0.002097 0.143277 0.396777 141 121 94
0.002101 0.143075 0.398528 130 107 80
0.003616 0.139592 0.402621 137 115 83
0.003776 0.138910 0.403277 134 111 78
0.003983 0.138539 0.404290 139 113 77
0.004710 0.137422 0.405487 137 112 77
0.007874 0.127641 0.420232 110 89 72
0.008707 0.126959 0.420502 150 122 85
0.008871 0.126279 0.420719 167 134 91
-0.004798 0.156877 0.377665 160 133 88
-0.005056 0.156359 0.377750 160 132 86
-0.000737 0.146467 0.391489 153 131 101
-0.000711 0.146026 0.392271 148 127 98
-0.000288 0.145452 0.393117 140 123 99
0.000125 0.144858 0.394223 142 125 101
0.000488 0.144039 0.395462 146 126 99
0.000735 0.143520 0.396342 144 121 93
0.000542 0.142935 0.397031 144 124 96
0.002193 0.139696 0.401303 135 111 80
0.002403 0.138941 0.402326 134 110 79
0.002755 0.138405 0.403229 135 111 78
0.002806 0.137891 0.404089 135 109 74
0.003406 0.137286 0.405577 139 113 77
0.006927 0.127217 0.419919 166 132 89
0.007484 0.126464 0.420180 144 115 82
0.008294 0.125974 0.420906 3 0 0
-0.005646 0.156666 0.377929 164 140 96
-0.006023 0.155679 0.378004 165 138 92
-0.001943 0.146148 0.391135 147 125 94
-0.001675 0.145446 0.392224 146 125 96
-0.001447 0.145181 0.392928 140 122 98
-0.001122 0.144350 0.394197 137 121 98
-0.000858 0.143659 0.395687 140 122 97
0.000120 0.140494 0.399019 139 120 93
0.000547 0.139903 0.399998 137 119 92
0.000834 0.139042 0.401239 131 108 78
0.001173 0.138398 0.402307 131 107 75
0.001526 0.137917 0.403315 138 112 79
0.001557 0.137114 0.404147 140 112 73
0.006026 0.126547 0.419615 176 142 95
0.006448 0.125774 0.419893 179 147 99
-0.006574 0.154805 0.378118 168 143 97
-0.006768 0.154150 0.378925 168 143 101
-0.006886 0.153642 0.379984 165 141 101
-0.006828 0.153257 0.380975 163 139 104
-0.003657 0.145731 0.390104 141 111 75
-0.003404 0.145293 0.390809 146 119 84
-0.003088 0.144887 0.392010 143 121 91
-0.002915 0.144374 0.393131 143 126 100
-0.002651 0.143685 0.394020 146 130 106
-0.002091 0.142733 0.395370 156 141 115
-0.002070 0.141952 0.396351 156 142 121
-0.001546 0.141210 0.396768 151 128 100
-0.001341 0.140695 0.397921 139 120 94
-0.000907 0.139901 0.399055 135 115 88
-0.000654 0.139257 0.400073 137 116 88
-0.000292 0.138618 0.400943 130 109 82
-0.000048 0.137894 0.401973 129 106 76
0.000426 0.137323 0.402956 135 110 75
0.000444 0.136845 0.404001 142 114 81
0.004246 0.126700 0.418777 174 138 91
0.005064 0.125751 0.419237 174 141 94
0.005436 0.125144 0.419618 179 148 99
-0.007214 0.153789 0.379045 179 159 120
-0.006993 0.153101 0.379838 169 146 107
-0.006854 0.152473 0.380816 166 144 106
-0.006686 0.151786 0.381864 162 139 102
-0.006488 0.150883 0.382954 162 140 106
-0.006196 0.150249 0.383934 161 138 104
-0.005851 0.149495 0.384916 160 136 101
-0.005625 0.148876 0.385884 159 134 99
-0.005393 0.148044 0.386946 134 108 80
-0.005008 0.147380 0.388019 141 110 80
-0.004581 0.146776 0.388924 148 117 82
-0.004257 0.146008 0.390005 149 119 81
-0.004034 0.145419 0.390915 148 118 81
-0.003781 0.144428 0.392052 148 125 95
-0.003893 0.143837 0.392909 150 133 112
-0.003525 0.142984 0.393964 152 137 116
-0.003266 0.142220 0.395012 150 135 112
-0.002903 0.141587 0.395930 148 128 102
-0.002489 0.140980 0.396822 145 123 95
-0.002324 0.139960 0.397885 138 118 92
-0.001873 0.139624 0.398914 134 112 84
-0.001536 0.138771 0.399905 131 111 84
-0.001271 0.138143 0.400921 126 105 77
-0.000975 0.137373 0.401886 129 106 74
-0.000528 0.137024 0.402882 138 112 75
-0.000169 0.136573 0.403785 137 109 70
0.003598 0.126173 0.418614 172 137 90
0.004056 0.125370 0.418981 176 143 95
0.004344 0.124703 0.419348 184 156 105
-0.004974 0.143510 0.391767 150 136 117
-0.004772 0.143403 0.392797 155 142 126
-0.004409 0.142548 0.393887 153 140 120
-0.003924 0.141886 0.395090 148 134 112
-0.003797 0.140908 0.395927 143 125 100
-0.003328 0.140507 0.396871 140 120 93
-0.003010 0.139937 0.397831 140 118 90
-0.002875 0.139347 0.398730 133 113 87
-0.002349 0.138316 0.399825 128 108 82
-0.002240 0.137510 0.401023 132 111 82
-0.001885 0.136777 0.402304 129 106 76
0.002291 0.125314 0.418374 166 132 90
0.002907 0.124804 0.418629 177 144 96
-0.005891 0.143059 0.391477 153 142 127
-0.006020 0.142876 0.392815 159 150 138
-0.005502 0.141955 0.393935 154 143 125
-0.004971 0.141169 0.394866 147 134 114
-0.004911 0.140583 0.395811 140 123 99
-0.004867 0.140379 0.396700 144 134 114
0.000784 0.125549 0.417625 81 68 57
0.001529 0.124922 0.417993 101 80 62
0.001822 0.124223 0.418354 71 52 41
-0.007086 0.142517 0.391344 156 148 137
-0.007145 0.142416 0.392740 159 151 141
-0.000118 0.124986 0.417206 128 99 71
0.000349 0.124350 0.417476 127 98 69
-0.008701 0.141952 0.390670 158 152 139
-0.008215 0.141993 0.391277 157 150 139
-0.008292 0.141851 0.392577 160 152 143
-0.001672 0.124978 0.416284 159 123 80
-0.001104 0.124333 0.416567 170 135 88
-0.000263 0.123948 0.417056 166 130 86
-0.009497 0.141631 0.390593 158 152 141
-0.009416 0.141421 0.391261 157 150 140
-0.009463 0.141328 0.392503 160 152 143
-0.003445 0.125106 0.415442 161 122 78
-0.002622 0.124532 0.415888 167 131 85
-0.001933 0.123854 0.416177 173 138 91
-0.010576 0.141063 0.390489 160 156 146
-0.010505 0.140804 0.391166 158 152 144
-0.010613 0.140655 0.392363 161 154 146
-0.004343 0.124662 0.414964 129 100 73
-0.003607 0.123967 0.415350 136 106 75
-0.002821 0.123416 0.415823 169 135 88
-0.011721 0.140413 0.390395 160 155 146
-0.011745 0.140209 0.391146 156 150 141
-0.011625 0.140206 0.392315 147 140 131
-0.005842 0.124790 0.414053 106 84 64
-0.005146 0.124106 0.414452 119 93 69
-0.004286 0.123659 0.414941 86 66 54
-0.012881 0.139775 0.390331 164 160 150
-0.012710 0.139618 0.390995 163 157 148
-0.012794 0.139593 0.392245 157 150 140
-0.007280 0.124954 0.412778 159 119 77
-0.006550 0.124252 0.413433 165 129 84
-0.005864 0.123727 0.413888 168 133 86
-0.013386 0.139424 0.390295 166 163 152
-0.013874 0.138889 0.390777 166 160 151
-0.013843 0.138875 0.392122 167 160 151
-0.008636 0.125066 0.411657 168 131 84
-0.007853 0.124105 0.412343 166 130 85
-0.007163 0.123643 0.412880 165 127 83
-0.014760 0.138287 0.391019 162 154 143
-0.014929 0.138084 0.392064 140 129 114
-0.015161 0.137711 0.392945 122 109 93
-0.009929 0.125274 0.410437 172 136 88
-0.009237 0.124265 0.411119 172 136 89
-0.008753 0.123755 0.411651 173 139 90
-0.015723 0.137580 0.391036 169 161 146
-0.015891 0.137134 0.391748 167 155 138
-0.015902 0.136894 0.392973 164 148 124
-0.016139 0.136228 0.393981 163 138 105
-0.011755 0.125914 0.408727 136 103 69
-0.011280 0.125358 0.409278 154 121 82
-0.010721 0.124296 0.409737 175 141 94
-0.009755 0.123829 0.410753 177 142 94
-0.016535 0.136957 0.391046 173 164 145
-0.016649 0.136441 0.391671 169 156 135
-0.016675 0.136070 0.392872 168 149 122
-0.016659 0.135727 0.393825 162 137 104
-0.016984 0.134977 0.394890 121 93 70
-0.013415 0.126961 0.406104 174 140 92
-0.012902 0.126287 0.406935 174 140 91
-0.012291 0.125485 0.408058 168 134 89
-0.011722 0.124648 0.408866 107 83 60
-0.011310 0.124272 0.409422 159 128 87
-0.017372 0.135785 0.391771 169 150 119
-0.017419 0.135266 0.392515 168 146 114
-0.017604 0.134667 0.393653 149 124 90
-0.017447 0.134258 0.394906 103 80 59
-0.017350 0.133477 0.396014 90 72 55
-0.017312 0.132874 0.396840 149 120 87
-0.016898 0.132022 0.398020 175 145 99
-0.016659 0.131357 0.398980 174 141 92
-0.016229 0.130478 0.400187 173 138 88
-0.016050 0.129843 0.401060 175 141 90
-0.015666 0.129151 0.402074 170 136 88
-0.015315 0.128407 0.403124 141 111 75
-0.014935 0.127602 0.404111 102 81 60
-0.014451 0.126910 0.404886 169 140 96
-0.013699 0.126120 0.405903 177 145 98
-0.013080 0.125290 0.406800 178 145 97
-0.012829 0.124910 0.407408 178 146 97
-0.018177 0.133859 0.393417 135 110 79
-0.018103 0.133347 0.394522 120 96 67
-0.017975 0.132615 0.395464 91 73 53
-0.017757 0.132022 0.396653 94 75 55
-0.017572 0.131120 0.397602 166 137 95
-0.017054 0.130528 0.398639 174 142 95
-0.016758 0.129712 0.399696 174 141 93
-0.016417 0.128966 0.400633 174 142 94
-0.016083 0.128376 0.401483 174 142 94
-0.015695 0.127601 0.402727 174 142 95
-0.015330 0.126903 0.403525 98 78 58
-0.014970 0.126267 0.404401 97 79 58
-0.018196 0.131334 0.396289 83 71 57
-0.017970 0.130461 0.397442 137 109 76
-0.017186 0.128980 0.399722 180 152 104
-0.017200 0.128631 0.399977 182 156 107
0.039326 0.136732 0.431740 155 152 144
0.037753 0.137173 0.431122 146 124 96
0.038253 0.136866 0.431681 105 98 85
0.035843 0.138381 0.429008 127 107 83
0.036222 0.137856 0.429757 109 92 74
0.036756 0.137193 0.430649 90 80 68
0.037464 0.136678 0.431214 85 82 73
0.031843 0.144684 0.418066 34 25 20
0.032511 0.144056 0.418792 47 39 32
0.034698 0.138568 0.426404 129 111 91
0.035177 0.138447 0.427449 132 115 92
0.035342 0.137991 0.428229 106 91 74
0.035783 0.137302 0.429440 79 71 61
0.036217 0.136697 0.430110 59 55 49
0.030710 0.145982 0.415477 0 0 0
0.030662 0.145310 0.416144 98 84 69
0.030978 0.144866 0.417193 111 98 85
0.031331 0.144305 0.418180 132 120 107
0.031633 0.143616 0.419095 161 148 136
0.031882 0.142818 0.419869 202 195 186
0.032127 0.142143 0.420527 209 204 194
0.034462 0.138041 0.426938 111 100 87
0.034725 0.137412 0.427805 63 53 49
0.029360 0.145336 0.415185 187 181 170
0.029664 0.145035 0.416055 187 179 167
0.029942 0.144603 0.417140 186 177 165
0.030144 0.143993 0.418248 195 188 178
0.030350 0.143186 0.419199 197 188 178
0.030749 0.142306 0.420081 203 193 179
0.030981 0.141444 0.420866 207 197 181
0.028245 0.144921 0.415114 185 178 168
0.028483 0.144654 0.415837 187 179 170
0.028584 0.144083 0.417140 191 183 173
0.028867 0.143566 0.418194 195 187 176
0.029092 0.142718 0.419179 198 189 177
0.029521 0.141812 0.420118 202 190 173
0.029937 0.140863 0.420975 205 194 177
0.030342 0.140362 0.421539 207 198 182
0.027414 0.144961 0.414147 186 180 168
0.027174 0.144405 0.415012 185 177 167
0.027322 0.144070 0.415811 188 180 170
0.027474 0.143474 0.417238 188 178 168
0.027683 0.142997 0.418094 191 181 169
0.028069 0.142150 0.419093 196 185 172
0.028483 0.141250 0.420037 199 187 171
0.028902 0.140291 0.420868 200 187 170
0.029042 0.139541 0.421508 203 191 172
0.025617 0.144149 0.413906 184 177 163
0.025998 0.143796 0.414893 181 171 158
0.026151 0.143425 0.415870 180 167 154
0.026455 0.142928 0.416955 180 166 150
0.026445 0.142193 0.418080 176 161 143
0.026849 0.141442 0.419119 146 129 112
0.027324 0.140595 0.420026 131 114 96
0.027801 0.139797 0.420754 131 115 98
0.028194 0.139161 0.421390 151 134 111
0.024706 0.143695 0.413891 142 126 109
0.024866 0.143242 0.414754 154 135 113
0.025034 0.142879 0.415771 138 121 102
0.025204 0.142360 0.416913 123 107 88
0.025509 0.141661 0.418007 102 84 68
0.025730 0.140932 0.418987 103 83 64
0.026195 0.140075 0.419854 121 99 74
0.026640 0.139229 0.420583 129 108 82
0.026964 0.138450 0.421286 154 130 97
0.023577 0.143135 0.413731 167 148 117
0.023686 0.142749 0.414501 146 127 102
0.023759 0.142234 0.415781 139 114 83
0.024081 0.141825 0.416845 144 118 85
0.024399 0.141166 0.417860 163 135 99
0.024789 0.140385 0.418823 182 155 114
0.025143 0.139420 0.419727 191 164 122
0.025548 0.138555 0.420467 192 166 122
0.025802 0.138019 0.421028 193 167 123
0.022372 0.142667 0.413521 117 99 83
0.022610 0.142275 0.414518 132 114 93
0.022607 0.141821 0.415872 158 135 102
0.022772 0.141290 0.416844 169 141 106
0.023188 0.140629 0.417795 182 153 113
0.023538 0.139725 0.418887 190 163 119
0.023845 0.138961 0.419580 191 164 121
0.024467 0.138009 0.420497 191 164 121
0.024616 0.137323 0.421077 194 168 123
0.020307 0.143216 0.411503 182 170 146
0.020750 0.142904 0.412343 164 152 131
0.021194 0.142420 0.413539 131 115 94
0.021574 0.142028 0.414640 128 111 90
0.021755 0.141542 0.415804 146 123 92
0.021988 0.140871 0.416855 171 144 106
0.022189 0.140105 0.417834 186 157 115
0.022461 0.139318 0.418747 188 161 118
0.022723 0.138415 0.419650 191 164 120
0.023246 0.137467 0.420441 191 164 120
0.023549 0.136721 0.421048 193 167 122
0.018957 0.143365 0.410464 51 42 33
0.019414 0.143118 0.411252 97 82 65
0.019777 0.142783 0.412345 122 103 80
0.019938 0.142399 0.413593 122 101 78
0.020293 0.141912 0.414615 146 121 89
0.020787 0.139497 0.417725 181 152 108
0.021126 0.138397 0.418928 185 156 112
0.021499 0.137865 0.419707 190 164 119
0.022117 0.136803 0.420528 190 161 116
0.022371 0.136079 0.421051 192 165 119
0.017670 0.143278 0.409336 177 162 133
0.018115 0.143159 0.410213 156 137 108
0.018416 0.142919 0.411272 157 134 101
0.018371 0.142461 0.412542 175 151 114
0.018585 0.142059 0.413393 162 135 96
0.020626 0.138627 0.418457 184 156 111
0.020433 0.137358 0.419814 137 115 86
0.020784 0.136490 0.420501 150 126 92
0.021125 0.135559 0.421049 149 124 89
0.021371 0.134781 0.421673 185 155 105
0.016694 0.143050 0.409265 178 161 130
0.016877 0.142944 0.409903 180 160 128
0.017165 0.142651 0.411292 179 157 121
0.017681 0.142248 0.412406 174 151 113
0.019431 0.136851 0.419818 83 68 53
0.019734 0.135874 0.420616 99 81 62
0.020029 0.134907 0.421188 103 82 61
0.020232 0.134194 0.421686 134 109 79
0.015299 0.143051 0.408024 174 154 121
0.015664 0.142791 0.409029 172 150 118
0.015594 0.142613 0.410259 139 114 88
0.016203 0.142432 0.411257 132 105 81
0.018273 0.136157 0.419714 175 143 97
0.018663 0.135322 0.420592 185 155 108
0.019219 0.134323 0.421255 175 146 103
0.019476 0.133821 0.421622 188 159 111
0.014129 0.142635 0.408069 175 153 117
0.014479 0.142506 0.409009 175 152 116
0.014888 0.142468 0.409962 175 151 113
0.016657 0.135664 0.419316 183 151 102
0.017407 0.134835 0.420495 184 153 105
0.017935 0.133793 0.421117 184 154 106
0.018304 0.133125 0.421638 186 157 108
0.003596 0.164348 0.376648 153 146 132
0.004055 0.163768 0.377735 149 141 127
0.004400 0.162998 0.378854 148 138 124
0.004502 0.162252 0.379965 155 148 134
0.004781 0.161380 0.380560 168 163 152
0.005005 0.160589 0.380914 180 183 179
0.013006 0.142673 0.406913 172 150 114
0.013032 0.142377 0.407872 173 150 115
0.013104 0.142073 0.409180 175 149 112
0.016303 0.134230 0.420373 182 149 101
0.016929 0.133264 0.421087 182 151 104
0.017114 0.132429 0.421605 186 157 108
0.002904 0.164237 0.376575 151 142 128
0.004175 0.162272 0.379215 147 135 114
0.004316 0.161294 0.381039 180 179 174
0.004147 0.160389 0.381559 187 188 186
0.011123 0.142651 0.405855 168 145 109
0.011588 0.142356 0.406739 161 138 103
0.011867 0.142093 0.407873 158 135 103
0.012053 0.141802 0.409042 153 131 99
0.015057 0.133413 0.420514 176 143 96
0.015582 0.132754 0.421021 181 150 103
0.015949 0.131977 0.421423 184 154 105
0.001732 0.163460 0.376446 150 145 133
0.003378 0.159588 0.381888 185 186 184
0.002975 0.159224 0.382186 184 186 184
0.006091 0.151479 0.392258 177 160 125
0.006461 0.150793 0.393458 179 160 124
0.006742 0.150099 0.394495 176 155 120
0.007040 0.149385 0.395369 173 151 114
0.007307 0.148676 0.396481 174 150 111
0.007541 0.148017 0.397189 164 137 99
0.007840 0.147282 0.398213 132 101 75
0.008533 0.145592 0.400419 13 0 9
0.009803 0.142873 0.404579 136 116 88
0.010099 0.142435 0.405565 121 100 75
0.010541 0.142155 0.406801 92 76 61
0.010663 0.141933 0.407775 89 74 59
0.014485 0.133462 0.420379 180 146 98
0.014508 0.132092 0.421065 148 117 81
0.014818 0.131333 0.421464 127 101 71
0.014769 0.130508 0.421976 0 0 0
0.000668 0.162440 0.376628 92 91 89
0.000516 0.161763 0.376852 93 88 84
0.002341 0.159115 0.382003 159 160 157
0.002223 0.158651 0.382244 173 174 172
0.004117 0.153313 0.388556 164 147 119
0.004212 0.153037 0.389555 168 148 120
0.004603 0.152511 0.390500 169 150 121
0.004981 0.151932 0.391574 169 149 118
0.005264 0.151412 0.392602 172 151 120
0.005568 0.150846 0.393617 173 151 119
0.005880 0.150097 0.394621 170 148 113
0.006346 0.149276 0.395799 159 134 100
0.006528 0.148643 0.396701 136 109 83
0.006839 0.147821 0.397662 135 105 75
0.007145 0.147023 0.398499 100 75 57
0.007367 0.146345 0.399426 110 85 62
0.007565 0.145525 0.400419 114 88 62
0.007833 0.144771 0.401451 75 59 47
0.008111 0.144113 0.402488 138 112 78
0.008467 0.143297 0.403543 136 112 82
0.008812 0.142779 0.404432 92 76 60
0.009178 0.142314 0.405553 108 87 63
0.009430 0.141884 0.406685 127 108 86
0.013058 0.132327 0.420357 170 135 91
0.013519 0.131544 0.420989 171 138 94
0.013867 0.130803 0.421333 158 126 86
-0.000276 0.162100 0.376954 83 83 82
-0.000360 0.161430 0.376938 103 100 95
0.001258 0.157886 0.382340 154 155 152
0.001964 0.154920 0.385261 161 146 121
0.002128 0.154644 0.386465 162 148 125
0.002431 0.154196 0.387307 163 146 122
0.002953 0.153749 0.388488 160 145 123
0.003400 0.153262 0.389443 162 145 123
0.003562 0.152727 0.390554 166 147 124
0.003965 0.152063 0.391805 168 151 129
0.004370 0.151267 0.393042 168 151 128
0.004562 0.150616 0.393920 173 151 122
0.004963 0.150275 0.394615 174 151 119
0.005631 0.148060 0.396856 110 85 62
0.005688 0.147194 0.397645 113 92 67
0.005940 0.146740 0.398430 92 75 61
0.006248 0.146083 0.399522 74 62 55
0.006536 0.145186 0.400654 113 88 64
0.006652 0.144649 0.401721 89 71 57
0.007234 0.143963 0.402742 98 78 61
0.007314 0.143450 0.403636 121 98 74
0.007740 0.142485 0.404723 98 80 60
0.007891 0.141766 0.405652 94 78 60
0.007927 0.140984 0.406600 115 97 79
0.011635 0.131579 0.420294 178 143 96
0.012229 0.130870 0.420792 178 144 97
0.012586 0.130128 0.421179 181 149 101
-0.001369 0.160870 0.377272 157 145 122
0.000182 0.157186 0.382371 88 88 90
0.000220 0.156098 0.382881 139 139 133
0.000536 0.155614 0.384302 155 145 129
0.001124 0.155074 0.385325 157 142 120
0.001388 0.154663 0.386431 159 142 119
0.001779 0.154759 0.387353 168 161 145
0.002041 0.154074 0.388319 90 86 81
0.003820 0.147894 0.395663 142 122 91
0.004105 0.147171 0.396549 138 117 98
0.004493 0.146520 0.397474 119 98 71
0.004689 0.145969 0.398229 106 87 66
0.004987 0.145353 0.399205 100 95 101
0.005651 0.144719 0.400769 146 124 121
0.005944 0.143968 0.401664 120 106 102
0.006233 0.142095 0.403725 144 118 87
0.006522 0.141626 0.404586 139 112 79
0.006755 0.141010 0.405594 134 108 76
0.006799 0.140434 0.406623 144 115 79
0.010642 0.131299 0.420078 176 141 94
0.011209 0.130214 0.420679 176 143 96
0.011693 0.129563 0.421165 181 151 103
-0.002293 0.160109 0.377504 160 142 110
-0.002545 0.159433 0.377585 158 132 92
-0.000796 0.156910 0.382628 88 88 91
-0.000458 0.156006 0.383189 139 137 134
-0.000311 0.155510 0.384352 152 141 126
0.000124 0.155108 0.385177 153 141 125
0.002367 0.147435 0.395393 145 125 97
0.002943 0.146699 0.396542 137 114 87
0.003234 0.145928 0.397514 131 107 77
0.003596 0.145462 0.398252 121 101 75
0.003581 0.144583 0.399066 115 97 77
0.005133 0.141469 0.403554 141 116 85
0.005328 0.140989 0.404165 143 115 82
0.005598 0.140544 0.405449 148 119 85
0.005987 0.139708 0.406433 143 116 81
0.009639 0.130655 0.420038 175 140 93
0.010199 0.129666 0.420565 178 145 98
0.010458 0.129092 0.420958 182 153 103
-0.003225 0.159396 0.377514 162 139 98
-0.003313 0.159153 0.377765 160 136 97
-0.001846 0.156455 0.382782 132 129 128
-0.001598 0.156083 0.383322 148 146 144
0.001286 0.146689 0.395032 142 125 99
0.001927 0.146046 0.396210 140 118 90
0.002380 0.145563 0.397285 140 116 84
0.002751 0.144840 0.398321 130 108 78
0.002417 0.144317 0.399192 137 117 100
0.004061 0.141037 0.403457 140 115 85
0.004654 0.140627 0.404276 143 114 80
0.004673 0.140081 0.405305 147 117 82
0.004996 0.139433 0.406472 150 121 82
0.008340 0.129956 0.419973 172 135 91
0.008995 0.129018 0.420365 177 143 96
0.009125 0.128402 0.420598 184 154 104
-0.004279 0.158323 0.378032 162 138 97
0.000484 0.146960 0.394227 143 127 103
0.000686 0.146470 0.395015 137 120 95
0.000958 0.145688 0.396060 139 119 93
0.001253 0.144900 0.397251 136 114 86
0.001606 0.144471 0.397850 138 118 92
0.001363 0.143963 0.398895 121 103 81
0.003028 0.140489 0.403435 139 114 81
0.003162 0.139793 0.404453 140 113 77
0.003538 0.139525 0.405184 143 114 78
0.003693 0.138734 0.406225 142 115 81
0.007363 0.129344 0.419860 131 103 75
0.007937 0.128571 0.420195 139 111 77
0.008132 0.127931 0.420531 89 72 48
-0.005100 0.157696 0.378155 166 142 101
-0.005555 0.157209 0.378666 166 141 99
-0.000946 0.146457 0.393010 146 123 94
-0.000755 0.146449 0.394005 136 119 94
-0.000525 0.145761 0.395142 134 117 92
-0.000173 0.145023 0.396066 136 118 93
0.000210 0.144568 0.397311 138 115 84
0.000238 0.143798 0.397638 145 124 97
0.001960 0.139892 0.403291 136 112 79
0.002168 0.139362 0.404115 135 111 77
0.002240 0.138913 0.405089 139 112 76
0.002815 0.138122 0.406320 138 112 75
0.006363 0.128802 0.419640 174 140 94
0.006878 0.127937 0.419936 158 128 88
0.007372 0.127306 0.420438 77 43 32
-0.006288 0.156412 0.378895 171 147 106
-0.006420 0.155874 0.379850 169 143 101
-0.006518 0.155294 0.380892 167 141 97
-0.002752 0.146560 0.392172 141 119 89
-0.002288 0.146293 0.393054 142 120 93
-0.002118 0.145861 0.393668 138 119 93
-0.001818 0.145275 0.394964 133 115 91
-0.001293 0.144617 0.396011 140 121 96
-0.001258 0.144311 0.397168 114 101 85
0.000279 0.140180 0.402216 137 112 80
0.000464 0.139234 0.403048 136 111 77
0.000843 0.138862 0.404069 139 114 82
0.001200 0.138329 0.404970 140 115 80
0.005219 0.128115 0.419335 175 141 94
0.005556 0.127415 0.419585 178 146 98
-0.006697 0.155581 0.378879 170 145 103
-0.006963 0.154904 0.379846 175 152 111
-0.006905 0.154307 0.380758 170 146 104
-0.006912 0.153710 0.381609 167 143 101
-0.006891 0.153066 0.382801 166 141 102
-0.006711 0.152923 0.383623 157 130 97
-0.003858 0.146058 0.392103 146 121 86
-0.003634 0.145616 0.392857 142 119 87
-0.003413 0.145000 0.393768 143 121 93
-0.003033 0.144411 0.394914 143 125 101
-0.002626 0.143916 0.395923 148 131 107
-0.002934 0.143352 0.396422 157 141 123
-0.002447 0.142508 0.397712 148 133 112
-0.002091 0.141659 0.398895 133 116 92
-0.001765 0.141000 0.399966 127 109 87
-0.001382 0.140156 0.401047 125 108 85
-0.000758 0.139484 0.401940 129 109 82
-0.000719 0.139031 0.402921 131 107 75
-0.000165 0.138413 0.403953 137 111 78
0.000001 0.137805 0.404946 140 114 81
0.003620 0.128314 0.418575 172 137 89
0.004202 0.127388 0.418976 173 140 92
0.004728 0.126929 0.419482 180 149 99
-0.007388 0.153647 0.380765 180 161 122
-0.007254 0.153254 0.381717 176 154 115
-0.006990 0.152560 0.382795 169 145 108
-0.006912 0.151871 0.383799 131 107 82
-0.006589 0.151130 0.384711 158 134 102
-0.006330 0.150592 0.385732 162 137 102
-0.006107 0.149722 0.386705 148 122 91
-0.005832 0.148934 0.387728 106 83 66
-0.005589 0.148249 0.388626 115 93 72
-0.005214 0.147624 0.389705 148 118 83
-0.004865 0.146870 0.390822 133 105 74
-0.004689 0.146191 0.391767 141 114 80
-0.004179 0.145441 0.392721 147 119 87
-0.004119 0.144730 0.393659 149 127 101
-0.003960 0.143951 0.394781 162 147 128
-0.003816 0.143424 0.395770 165 152 135
-0.003541 0.142588 0.396853 154 140 120
-0.003120 0.141888 0.397799 141 126 104
-0.002880 0.141210 0.398845 137 121 101
-0.002500 0.140653 0.399877 129 111 86
-0.002210 0.139983 0.400853 128 111 88
-0.001697 0.139073 0.401959 127 108 81
-0.001480 0.138385 0.402967 128 107 75
-0.001167 0.137988 0.403722 132 108 73
0.002774 0.127709 0.418299 172 136 88
0.003183 0.126896 0.418739 175 141 93
0.003711 0.126372 0.419203 182 152 101
-0.005009 0.143679 0.393764 163 154 140
-0.004875 0.143448 0.394581 167 158 145
-0.004699 0.142967 0.395725 167 157 143
-0.004303 0.142108 0.396664 149 138 121
-0.004041 0.141744 0.397690 146 133 114
-0.003562 0.140875 0.398964 130 112 89
-0.003470 0.140334 0.399721 122 103 80
-0.002979 0.139412 0.400664 120 103 80
-0.002640 0.138664 0.401897 126 108 79
-0.002682 0.138264 0.402725 126 106 76
-0.001761 0.137191 0.403292 136 112 81
0.001470 0.127046 0.418006 169 134 89
0.002119 0.126412 0.418375 175 140 92
-0.006280 0.142893 0.393580 163 156 144
-0.006062 0.142827 0.394353 163 155 145
-0.006127 0.142455 0.395556 159 151 139
-0.005468 0.141630 0.396772 149 139 123
-0.005399 0.140987 0.397358 152 144 126
-0.000185 0.127126 0.417257 86 70 56
0.000637 0.126531 0.417757 113 89 65
0.001293 0.126046 0.418094 146 114 77
-0.007345 0.142435 0.393470 156 148 138
-0.007276 0.142294 0.394414 146 137 127
-0.007351 0.142063 0.395381 134 124 112
-0.001668 0.127013 0.416192 133 99 73
-0.001006 0.126612 0.416850 128 99 70
-0.000360 0.125884 0.417247 104 81 60
0.000269 0.125220 0.418116 0 0 0
-0.008331 0.141952 0.393321 164 157 147
-0.008280 0.141785 0.394278 159 152 142
-0.008416 0.141371 0.395422 164 155 144
-0.002542 0.126666 0.415882 165 127 81
-0.001957 0.125958 0.416274 166 129 83
-0.009386 0.141436 0.393215 168 162 153
-0.009468 0.141038 0.394189 168 161 153
-0.009498 0.140765 0.395319 170 161 153
-0.004123 0.126706 0.415015 167 129 82
-0.003377 0.126090 0.415514 167 130 83
-0.002923 0.125603 0.415872 169 132 85
-0.010543 0.140761 0.393091 171 165 157
-0.010485 0.140548 0.394091 171 164 155
-0.010468 0.140136 0.395405 171 162 154
-0.005371 0.127061 0.413986 139 101 71
-0.004959 0.126406 0.414539 157 120 80
-0.004458 0.125562 0.415042 162 128 85
-0.003639 0.125046 0.415508 163 126 81
-0.011920 0.140163 0.393024 132 123 112
-0.011806 0.139941 0.394088 149 141 129
-0.011581 0.139705 0.395170 158 149 139
-0.006347 0.126425 0.413702 89 72 58
-0.005664 0.125654 0.414253 105 83 62
-0.005337 0.125137 0.414735 95 77 60
-0.012823 0.139548 0.393013 141 132 120
-0.012809 0.139362 0.393955 122 111 96
-0.012890 0.138996 0.394995 101 88 72
-0.008446 0.127073 0.411876 174 138 93
-0.007788 0.126573 0.412506 153 120 80
-0.007147 0.125795 0.413114 139 109 75
-0.006662 0.125123 0.413704 126 99 66
-0.014051 0.138731 0.392896 171 164 153
-0.013964 0.138514 0.393807 163 153 137
-0.013857 0.138263 0.395024 136 123 105
-0.009878 0.127505 0.410329 169 133 84
-0.009164 0.126630 0.411188 168 131 83
-0.008509 0.125791 0.411866 169 133 85
-0.007876 0.125406 0.412475 168 131 84
-0.014959 0.138262 0.392798 80 73 65
-0.014928 0.137773 0.393711 113 100 83
-0.014855 0.137424 0.394864 115 99 78
-0.014902 0.136990 0.395841 148 128 98
-0.014828 0.136204 0.396918 168 135 96
-0.011219 0.128168 0.408486 167 129 82
-0.010991 0.127508 0.409139 169 133 85
-0.010446 0.126683 0.409810 171 135 87
-0.009803 0.126039 0.410649 172 136 87
-0.009337 0.125482 0.411282 171 135 86
-0.015593 0.137180 0.393698 160 145 122
-0.015874 0.136419 0.394644 172 153 122
-0.015680 0.136106 0.395763 176 152 114
-0.015533 0.135414 0.396981 172 142 101
-0.015213 0.134970 0.397908 170 139 96
-0.015143 0.134177 0.399052 173 141 95
-0.015040 0.133466 0.399822 169 136 90
-0.013447 0.129804 0.405200 172 138 89
-0.013080 0.128983 0.406012 172 136 87
-0.012606 0.128156 0.407019 171 136 87
-0.012197 0.127338 0.407926 171 135 88
-0.011777 0.126663 0.408685 154 120 79
-0.011106 0.126099 0.409467 173 140 93
-0.016570 0.135738 0.394677 159 135 102
-0.016590 0.135238 0.395410 142 116 86
-0.016385 0.134690 0.396442 164 135 99
-0.016009 0.134162 0.397681 173 142 98
-0.015871 0.133553 0.398703 172 141 95
-0.015494 0.132803 0.399824 171 139 92
-0.015270 0.132306 0.400678 171 139 91
-0.015070 0.131566 0.401862 163 131 87
-0.014780 0.130776 0.402981 122 95 67
-0.014545 0.130038 0.403932 105 81 59
-0.014143 0.129093 0.404787 175 143 95
-0.013728 0.128268 0.405570 175 142 94
-0.013173 0.127536 0.406621 175 142 93
-0.012803 0.127009 0.407288 175 142 93
-0.012312 0.126294 0.408366 109 73 44
-0.012052 0.125621 0.409209 13 0 0
-0.017154 0.134641 0.395401 87 66 45
-0.016927 0.134026 0.396447 146 118 84
-0.016640 0.133594 0.397219 181 152 108
-0.016437 0.132774 0.398370 175 145 98
-0.016195 0.132012 0.399386 173 141 93
-0.015864 0.131282 0.400485 172 139 90
-0.015678 0.130519 0.401546 173 141 91
-0.015325 0.129985 0.402520 166 134 88
-0.014997 0.129242 0.403486 103 82 59
-0.014572 0.128514 0.404455 140 110 77
-0.014286 0.127808 0.405081 177 145 97
-0.014012 0.127242 0.405795 182 152 101
-0.017859 0.133324 0.396348 0 0 0
-0.018087 0.132567 0.396975 0 0 0
0.036336 0.138044 0.430275 136 118 90
0.036863 0.137645 0.431090 125 117 98
0.025166 0.142040 0.417965 0 0 0
0.022938 0.140589 0.418114 192 169 123
0.020860 0.141815 0.415323 143 117 85
0.021237 0.141488 0.416040 136 112 83
0.021539 0.140999 0.416816 169 143 106
0.021959 0.140447 0.417853 192 169 124
0.022041 0.139505 0.418786 192 167 123
0.019692 0.143063 0.413131 0 0 0
0.019529 0.142294 0.413982 164 140 101
0.019918 0.141763 0.414991 173 147 108
0.020242 0.141162 0.415973 183 157 114
0.020463 0.140349 0.417044 186 159 117
0.020732 0.139791 0.417904 190 163 121
0.021145 0.139008 0.418812 192 167 123
0.021020 0.137969 0.419765 197 175 127
0.018140 0.142301 0.413021 181 157 117
0.018299 0.141919 0.413896 177 151 112
0.018491 0.141282 0.415129 156 130 94
0.018772 0.140707 0.416130 145 122 90
0.019007 0.140068 0.417013 138 115 85
0.019367 0.139254 0.418037 132 110 80
0.019863 0.138408 0.418960 136 114 84
0.020108 0.137633 0.419679 134 112 81
0.016350 0.142779 0.411061 185 161 125
0.016436 0.142478 0.412024 163 141 104
0.016842 0.142094 0.412951 128 107 80
0.017292 0.141692 0.413980 137 116 85
0.017522 0.141012 0.415126 97 78 58
0.017789 0.140383 0.416092 92 74 57
0.018039 0.139686 0.417046 102 83 63
0.018426 0.138863 0.418003 104 85 64
0.018532 0.137917 0.418888 125 103 76
0.018994 0.137017 0.419788 113 92 68
0.019100 0.136382 0.420457 137 110 75
0.015437 0.142526 0.410896 120 95 73
0.015741 0.142256 0.411784 114 93 72
0.015930 0.141877 0.412849 125 103 78
0.016078 0.141233 0.414044 144 121 89
0.016285 0.140624 0.415095 158 132 97
0.016649 0.139933 0.416149 178 152 111
0.016921 0.139132 0.417033 185 158 114
0.017186 0.138429 0.417802 186 159 113
0.017676 0.137500 0.418820 183 154 109
0.018056 0.136534 0.419704 186 157 110
0.018315 0.136059 0.420271 189 161 113
0.014273 0.142189 0.410504 178 151 113
0.014540 0.141831 0.411698 179 154 115
0.014628 0.141316 0.412881 180 154 114
0.014686 0.140674 0.414005 181 153 112
0.014971 0.139992 0.415042 181 151 110
0.015255 0.139270 0.416116 182 152 108
0.015608 0.138519 0.417107 183 154 109
0.015978 0.137850 0.418027 185 156 109
0.016469 0.136853 0.418863 183 152 104
0.016749 0.136010 0.419589 184 153 105
0.017126 0.135248 0.420379 186 156 108
0.003022 0.165059 0.377784 143 134 122
0.003661 0.164642 0.378486 151 143 130
0.003941 0.163876 0.379659 155 149 136
0.004030 0.163083 0.380571 165 161 151
0.004103 0.162648 0.381188 178 179 171
0.012849 0.142055 0.409603 181 156 116
0.013026 0.141731 0.410664 178 152 112
0.013273 0.141421 0.411646 178 151 111
0.013451 0.140924 0.412873 178 151 111
0.013696 0.140289 0.413995 177 147 107
0.014392 0.139698 0.415110 181 152 110
0.014546 0.138910 0.416181 181 151 107
0.014818 0.138084 0.417176 181 152 106
0.014960 0.137303 0.418098 182 151 104
0.015407 0.136463 0.418930 183 152 103
0.015689 0.135501 0.419672 183 152 104
0.016036 0.134683 0.420416 185 155 106
0.016302 0.134183 0.420944 190 162 112
0.001679 0.165357 0.377146 156 148 129
0.002217 0.164826 0.377279 145 136 125
0.002730 0.164867 0.378476 144 136 122
0.003228 0.163736 0.379697 148 139 125
0.003428 0.162918 0.380964 169 165 153
0.003753 0.162041 0.381403 182 181 176
0.003395 0.161227 0.382074 191 192 190
0.011356 0.142125 0.408565 166 145 102
0.011576 0.141748 0.409589 135 113 84
0.011793 0.141459 0.410667 146 122 91
0.012042 0.141058 0.411778 156 130 98
0.012422 0.140503 0.412906 162 133 102
0.012843 0.140166 0.413539 173 142 101
0.013947 0.137466 0.417534 182 151 104
0.013814 0.136836 0.418015 180 150 103
0.014157 0.136088 0.418907 181 150 104
0.014638 0.135114 0.419648 182 150 103
0.014877 0.134139 0.420360 183 151 103
0.014866 0.133350 0.420853 186 156 106
0.000771 0.164543 0.376825 155 154 142
0.001121 0.164384 0.377016 147 142 133
0.002668 0.160521 0.382505 191 192 191
0.002483 0.159988 0.382818 193 194 192
0.010353 0.141824 0.408411 90 74 57
0.010588 0.141506 0.409606 100 80 62
0.010752 0.141178 0.410684 117 94 71
0.010791 0.140610 0.411658 136 109 79
0.013162 0.136181 0.418300 180 149 101
0.012920 0.135493 0.418810 179 148 100
0.013402 0.134527 0.419651 180 149 100
0.013772 0.133515 0.420449 173 140 94
0.013929 0.132851 0.420940 128 100 68
0.000197 0.163863 0.377031 98 97 94
0.001816 0.159947 0.382727 183 185 182
0.001583 0.159474 0.382920 186 187 185
0.003988 0.152722 0.391445 182 172 148
0.004375 0.152320 0.391974 178 165 142
0.004639 0.151663 0.393277 182 167 142
0.004889 0.151098 0.394082 183 166 137
0.005226 0.150376 0.394963 179 160 127
0.005570 0.149516 0.396220 129 107 87
0.005830 0.148983 0.397000 129 105 73
0.005822 0.148396 0.397916 92 69 50
0.006132 0.147470 0.398838 90 73 53
0.008465 0.142410 0.406169 78 65 51
0.008876 0.141951 0.407207 113 93 71
0.009123 0.141522 0.408399 129 108 79
0.009343 0.141124 0.409527 138 113 83
0.009424 0.140790 0.410340 149 123 91
0.010269 0.140166 0.411926 138 110 80
0.011502 0.135389 0.418160 178 146 99
0.011672 0.134828 0.418814 178 146 98
0.012243 0.133887 0.419593 179 146 98
0.012736 0.133023 0.420271 179 147 99
0.013135 0.132406 0.420747 181 149 102
-0.001057 0.162797 0.377438 95 93 91
-0.001179 0.162475 0.377633 109 109 103
0.000336 0.159295 0.382799 154 153 150
0.000734 0.158859 0.382988 179 180 177
0.002095 0.154435 0.388083 170 165 155
0.002342 0.154033 0.389081 120 112 106
0.002433 0.153650 0.390006 156 149 140
0.002814 0.152948 0.390990 175 164 149
0.003252 0.152215 0.392186 175 162 145
0.003583 0.151580 0.393225 176 162 143
0.003890 0.150957 0.394176 178 162 139
0.004281 0.150268 0.395227 178 160 131
0.004468 0.149621 0.396322 147 129 103
0.004764 0.148886 0.397216 117 96 75
0.005078 0.147944 0.398186 133 108 86
0.005157 0.147260 0.399003 100 79 60
0.005698 0.146426 0.400044 76 62 49
0.006025 0.145610 0.401003 149 116 78
0.006226 0.144783 0.402001 105 83 61
0.006500 0.144138 0.402995 82 63 51
0.006786 0.143365 0.404061 162 132 88
0.007084 0.142862 0.404901 156 129 88
0.007439 0.142211 0.406212 111 90 65
0.007580 0.141660 0.407385 83 68 53
0.007847 0.141268 0.408390 76 62 50
0.008474 0.141060 0.409349 68 55 46
0.010911 0.134168 0.418933 177 144 96
0.011137 0.133284 0.419627 179 146 97
0.011471 0.132413 0.420168 180 147 98
0.012231 0.132000 0.420648 184 152 104
-0.001570 0.162465 0.377555 147 140 124
-0.002030 0.161793 0.377847 159 147 123
-0.000308 0.158198 0.383007 156 156 153
0.000412 0.155496 0.385878 167 160 147
0.000577 0.154845 0.387092 164 155 140
0.001122 0.154530 0.388173 131 126 119
0.001423 0.154094 0.389148 121 117 114
0.001664 0.153521 0.390296 107 101 98
0.001967 0.152775 0.391530 178 173 166
0.002160 0.152071 0.392430 179 171 162
0.002423 0.151517 0.393282 177 167 155
0.002876 0.150766 0.394616 177 163 149
0.003271 0.150189 0.395462 182 167 149
0.003410 0.149452 0.396381 158 141 122
0.003719 0.148751 0.397372 106 88 75
0.003796 0.147720 0.398345 132 108 89
0.004189 0.146917 0.399228 92 72 55
0.004487 0.146154 0.400180 73 61 52
0.004781 0.145312 0.401210 142 111 76
0.005143 0.144500 0.402168 90 71 54
0.005431 0.143819 0.403171 89 72 57
0.005667 0.143151 0.404111 151 124 91
0.005914 0.142503 0.405059 169 138 95
0.006239 0.141890 0.406193 170 139 96
0.006525 0.141521 0.407346 162 133 92
0.006885 0.141011 0.408446 149 120 84
0.009672 0.133712 0.418750 177 144 96
0.010055 0.132801 0.419536 178 145 97
0.010464 0.131918 0.420053 178 145 96
0.011087 0.131225 0.420672 182 152 100
-0.002924 0.160963 0.378130 165 148 118
-0.003137 0.160140 0.378224 166 149 112
-0.001540 0.157466 0.382938 119 117 115
-0.001539 0.156363 0.383538 154 154 147
-0.000925 0.155685 0.384838 160 150 137
-0.000731 0.155280 0.385962 163 155 144
-0.000205 0.154893 0.387076 162 156 146
0.000179 0.154526 0.388064 130 124 116
0.000404 0.154084 0.389197 141 140 137
0.002608 0.149023 0.396528 163 146 128
0.002639 0.146861 0.398168 124 100 78
0.003060 0.146486 0.399218 102 79 59
0.003400 0.145801 0.400318 84 68 57
0.003711 0.144928 0.401367 119 93 66
0.003967 0.144173 0.402307 77 62 53
0.004362 0.143593 0.403313 125 98 71
0.004660 0.142843 0.404265 162 132 95
0.004831 0.142132 0.405123 169 137 93
0.005064 0.141462 0.406210 166 133 90
0.005191 0.140935 0.407302 166 135 92
0.008339 0.133114 0.418553 173 139 92
0.008849 0.132128 0.419420 178 145 97
0.009374 0.131306 0.419966 178 144 96
0.009488 0.130592 0.420415 184 154 101
-0.003596 0.160332 0.378133 167 149 116
-0.004146 0.159987 0.378705 168 151 120
-0.002610 0.156964 0.382925 145 141 137
-0.002259 0.155936 0.383595 153 151 146
-0.001910 0.155567 0.384944 163 159 151
-0.001644 0.155142 0.385902 160 155 147
-0.001356 0.154779 0.387101 165 161 155
0.001572 0.146988 0.397399 138 110 79
0.001785 0.146420 0.398298 123 99 71
0.002072 0.145972 0.399056 113 89 64
0.002248 0.145099 0.400304 87 70 55
0.002602 0.144490 0.401195 87 69 54
0.002867 0.143732 0.402223 84 68 57
0.003186 0.143108 0.403335 159 128 87
0.003488 0.142334 0.404213 164 133 98
0.003622 0.141747 0.405065 165 134 92
0.003997 0.140951 0.406121 159 128 86
0.003988 0.140334 0.407235 164 135 92
0.007604 0.131564 0.419373 155 126 89
0.008035 0.130734 0.419840 167 136 93
-0.004752 0.159188 0.378863 169 151 116
-0.005114 0.158751 0.379577 169 150 116
-0.004138 0.157168 0.382483 173 153 124
-0.003759 0.156510 0.382915 165 157 145
-0.003431 0.155636 0.383820 159 156 149
-0.003172 0.155294 0.384775 157 151 143
-0.002939 0.154726 0.386008 150 145 137
-0.000055 0.147101 0.396085 115 96 76
0.000303 0.146482 0.397116 132 119 106
0.000610 0.145961 0.398017 122 100 76
0.000811 0.145347 0.398955 123 102 84
0.000997 0.144539 0.400049 114 94 74
0.001422 0.143824 0.401144 130 110 93
0.002382 0.142651 0.402905 114 98 79
0.002327 0.141491 0.404450 144 117 83
0.002537 0.140983 0.404878 137 111 78
0.002705 0.140298 0.406159 138 112 79
0.003040 0.139759 0.406976 136 109 76
0.006566 0.131067 0.419269 132 105 77
0.007080 0.130134 0.419746 120 94 68
-0.005388 0.158228 0.378808 169 149 112
-0.005645 0.157982 0.379688 173 152 115
-0.005621 0.157453 0.380658 172 149 110
-0.005305 0.156722 0.381915 174 151 111
-0.005054 0.156001 0.382825 174 154 123
-0.004547 0.155378 0.384029 166 157 143
-0.004350 0.154973 0.384770 124 112 99
-0.000972 0.146393 0.395783 128 109 87
-0.000899 0.145955 0.397004 136 119 103
-0.000537 0.145408 0.398020 121 102 78
-0.000431 0.144728 0.398871 134 115 95
-0.000076 0.143976 0.400095 147 125 102
0.000379 0.143379 0.400968 155 133 107
0.001442 0.140740 0.404183 155 125 86
0.001365 0.140461 0.404988 150 120 81
0.001885 0.139910 0.406104 139 113 84
0.002141 0.139100 0.406776 130 104 70
0.005144 0.131212 0.418440 174 139 92
0.005641 0.130347 0.419053 178 145 96
0.006129 0.129584 0.419604 176 144 97
-0.006331 0.156935 0.379619 174 152 113
-0.006334 0.156471 0.380605 175 153 113
-0.006241 0.155926 0.381534 175 152 112
-0.006151 0.155254 0.382629 175 152 111
-0.005842 0.154693 0.384022 176 160 133
-0.005722 0.154118 0.384867 93 74 58
-0.005638 0.153372 0.385878 109 95 80
-0.005218 0.152757 0.386898 133 124 104
-0.002294 0.145744 0.395759 132 117 92
-0.002086 0.145307 0.396915 129 112 88
-0.001742 0.144712 0.397839 132 115 94
-0.001421 0.144000 0.398849 149 130 105
-0.001174 0.143319 0.399844 172 148 120
-0.000689 0.143056 0.400883 178 155 127
-0.000308 0.141066 0.403151 150 121 88
-0.000077 0.140441 0.404024 150 119 83
0.000259 0.139788 0.404906 154 126 96
0.000523 0.139334 0.405856 155 128 97
0.003873 0.130534 0.418315 174 140 91
0.004490 0.129688 0.418787 176 143 94
0.004895 0.128891 0.419207 178 144 95
-0.006863 0.155657 0.380720 178 156 115
-0.006857 0.155241 0.381492 177 154 113
-0.006725 0.154622 0.382375 174 150 108
-0.006689 0.153691 0.383705 171 148 111
-0.006627 0.153170 0.384474 112 90 68
-0.006406 0.152586 0.385655 141 124 103
-0.006223 0.151897 0.386469 162 145 118
-0.005943 0.151121 0.387723 101 76 56
-0.005742 0.150434 0.388590 132 110 81
-0.005466 0.149699 0.389775 96 77 61
-0.005326 0.149116 0.390673 98 80 63
-0.005013 0.148346 0.391818 96 80 63
-0.004646 0.147534 0.392933 106 79 57
-0.004399 0.146881 0.393790 109 85 65
-0.004274 0.146217 0.394820 101 85 72
-0.003733 0.145250 0.395835 139 120 99
-0.003359 0.144733 0.396731 167 153 133
-0.002966 0.144157 0.397655 169 156 138
-0.002563 0.143576 0.398775 161 147 128
-0.002347 0.143001 0.399695 139 124 107
-0.002181 0.142349 0.400515 116 100 85
-0.002202 0.141420 0.401589 128 109 87
-0.001287 0.140480 0.402937 136 110 81
-0.001095 0.139946 0.403839 139 110 78
-0.000822 0.139334 0.404829 141 115 88
-0.000404 0.138875 0.405745 153 126 93
0.002910 0.129939 0.418042 172 136 88
0.003472 0.129077 0.418542 174 139 91
0.004031 0.128460 0.419016 176 142 93
-0.007067 0.153051 0.383452 175 153 114
-0.006910 0.152414 0.384357 92 71 56
-0.006783 0.151870 0.385145 147 126 96
-0.006455 0.151165 0.386273 163 140 104
-0.006217 0.150492 0.387262 133 107 78
-0.006006 0.149813 0.388255 131 107 82
-0.005736 0.149125 0.389414 91 74 60
-0.005509 0.148535 0.390393 142 118 87
-0.005157 0.147666 0.391554 107 84 63
-0.004960 0.147056 0.392423 122 98 75
-0.004563 0.146311 0.393369 127 102 78
-0.004468 0.145696 0.394368 120 101 83
-0.004077 0.145041 0.395511 166 145 120
-0.003960 0.144047 0.396471 175 163 147
-0.003844 0.143540 0.397593 174 163 150
-0.003611 0.143069 0.398592 161 150 135
-0.003349 0.142355 0.399804 137 123 108
-0.003021 0.141548 0.400721 131 114 95
-0.002814 0.140809 0.401904 133 115 97
-0.002509 0.140023 0.402779 120 100 76
-0.002093 0.139675 0.403675 128 109 94
-0.001946 0.138961 0.404513 133 108 77
0.001549 0.129937 0.417327 169 134 85
0.001955 0.129366 0.417841 170 135 87
0.002406 0.128520 0.418308 175 140 91
-0.005219 0.143555 0.395343 176 171 159
-0.005042 0.143224 0.396595 179 171 159
-0.004904 0.143018 0.397418 179 170 158
-0.004533 0.142678 0.398520 174 164 150
-0.004281 0.142152 0.399550 166 154 138
-0.003893 0.141467 0.400372 149 136 122
-0.003602 0.140636 0.401750 141 122 100
-0.003173 0.139824 0.402979 123 102 80
-0.002799 0.139019 0.404272 128 108 84
0.000033 0.129440 0.416898 166 131 85
0.000797 0.128667 0.417486 172 137 89
0.001262 0.127846 0.417977 176 142 93
-0.006262 0.142597 0.396541 167 159 146
-0.006199 0.142393 0.397426 167 158 144
-0.005860 0.142109 0.398432 160 151 136
-0.005606 0.141534 0.399477 164 155 139
-0.001555 0.129467 0.416011 91 72 57
-0.000733 0.128972 0.416747 123 98 69
-0.000147 0.128067 0.417274 127 100 71
0.000141 0.127287 0.417805 84 67 43
-0.007300 0.142475 0.395361 104 94 85
-0.007326 0.142056 0.396171 106 95 82
-0.007202 0.141818 0.397358 102 90 74
-0.007609 0.141339 0.398089 123 113 96
-0.002172 0.128855 0.415818 145 111 74
-0.001709 0.128259 0.416307 130 101 69
-0.001086 0.127411 0.416910 107 85 62
-0.008260 0.141906 0.395208 172 166 152
-0.008236 0.141597 0.396016 163 155 143
-0.008157 0.141209 0.397227 165 156 142
-0.008373 0.140606 0.398229 178 167 153
-0.008176 0.140326 0.399023 177 166 151
-0.003704 0.129002 0.414766 166 128 81
-0.003114 0.128345 0.415344 167 130 82
-0.002530 0.127606 0.415874 168 131 84
-0.009436 0.140765 0.395985 176 168 159
-0.009355 0.140423 0.397066 177 168 156
-0.009333 0.140008 0.398142 177 166 152
-0.009225 0.139636 0.398994 176 165 150
-0.005261 0.129174 0.413533 167 131 84
-0.004607 0.128388 0.414310 166 129 82
-0.004050 0.127681 0.414947 167 130 82
-0.003414 0.127064 0.415608 163 125 81
-0.010443 0.140218 0.395808 175 167 158
-0.010351 0.139843 0.396929 177 169 157
-0.010230 0.139452 0.397930 179 169 155
-0.010168 0.139095 0.398846 178 167 151
-0.006508 0.129251 0.412591 160 123 79
-0.005998 0.128630 0.413318 168 133 86
-0.005555 0.127665 0.413979 163 127 84
-0.005031 0.127089 0.414521 170 134 87
-0.012498 0.140017 0.394625 0 0 0
-0.011801 0.139555 0.395679 171 164 151
-0.011627 0.139064 0.396904 177 169 157
-0.011530 0.138705 0.397725 177 168 153
-0.011405 0.138249 0.399025 182 170 149
-0.011546 0.137517 0.399845 140 121 98
-0.008148 0.129314 0.411498 94 79 66
-0.007441 0.128774 0.412307 102 81 61
-0.006900 0.127950 0.413020 111 88 64
-0.006484 0.127331 0.413562 125 102 80
-0.005986 0.126748 0.414240 156 123 81
-0.012598 0.139076 0.395668 95 83 70
-0.012505 0.138643 0.396697 119 106 90
-0.012632 0.138089 0.397725 116 101 85
-0.012442 0.137675 0.398926 130 114 94
-0.012015 0.137366 0.399741 152 136 113
-0.009699 0.130483 0.409184 135 97 76
-0.009374 0.129491 0.410246 158 124 85
-0.008872 0.128915 0.410975 142 112 77
-0.008279 0.128032 0.411807 129 101 70
-0.007866 0.127240 0.412429 124 97 68
-0.007210 0.126674 0.413536 58 56 60
-0.013824 0.138254 0.395629 153 142 123
-0.013643 0.137887 0.396556 99 83 64
-0.013526 0.137418 0.397641 92 76 58
-0.013497 0.136852 0.398685 105 86 66
-0.013412 0.136176 0.399854 102 83 63
-0.013408 0.135536 0.400798 96 77 59
-0.013200 0.134991 0.401623 83 67 54
-0.013045 0.134331 0.402536 99 79 62
-0.012555 0.133313 0.404046 174 142 100
-0.012217 0.132609 0.404953 169 134 86
-0.011941 0.131925 0.405920 168 132 83
-0.011332 0.131156 0.407086 168 131 82
-0.010868 0.130408 0.408026 169 132 84
-0.010423 0.129573 0.409047 170 134 86
-0.010045 0.128987 0.409748 172 137 88
-0.009627 0.128076 0.410552 170 135 87
-0.009031 0.127570 0.411272 172 139 90
-0.015057 0.137659 0.395902 0 0 0
-0.014482 0.137304 0.396359 106 86 66
-0.014347 0.136686 0.397440 156 130 95
-0.014194 0.136167 0.398588 170 143 102
-0.014160 0.135424 0.399585 176 148 104
-0.013922 0.134866 0.400752 154 126 87
-0.013777 0.134252 0.401753 120 96 67
-0.013621 0.133440 0.402752 109 86 62
-0.013223 0.132869 0.403830 158 127 88
-0.012932 0.132048 0.404703 172 139 91
-0.012517 0.131323 0.405639 170 136 87
-0.012161 0.130294 0.406746 170 134 84
-0.011682 0.129675 0.407579 170 133 84
-0.011290 0.128839 0.408472 170 133 84
-0.010716 0.128192 0.409353 171 136 87
-0.015350 0.135928 0.397238 176 151 108
-0.015135 0.135350 0.398260 177 149 104
-0.014861 0.134679 0.399215 172 141 95
-0.014732 0.133833 0.400518 175 143 97
-0.014471 0.133435 0.401436 164 132 87
-0.014318 0.132751 0.402442 116 90 64
-0.014070 0.131992 0.403487 117 91 65
-0.013710 0.131154 0.404437 171 138 92
-0.013259 0.130424 0.405385 173 138 89
-0.012848 0.129735 0.406334 172 137 87
-0.012461 0.129040 0.407224 171 137 86
-0.012099 0.128499 0.407986 170 133 84
-0.015810 0.134534 0.398346 178 153 105
-0.015632 0.133780 0.399337 173 142 97
-0.015431 0.133349 0.400168 176 148 100
-0.015126 0.132715 0.401251 178 148 99
-0.014855 0.131998 0.402133 161 129 84
-0.014704 0.131346 0.403027 98 76 53
-0.014409 0.130524 0.404110 127 100 69
0.014531 0.140692 0.414449 188 163 118
0.014986 0.140196 0.415285 187 160 116
0.015258 0.139564 0.416302 190 163 118
0.015325 0.138768 0.417288 190 164 116
0.015394 0.137957 0.418113 185 153 108
0.002685 0.165735 0.378187 152 145 131
0.003113 0.165104 0.378915 153 145 131
0.003444 0.164462 0.379784 155 149 136
0.003652 0.163815 0.380643 165 161 149
0.013521 0.140715 0.413600 182 157 113
0.013445 0.140330 0.414201 181 153 110
0.013808 0.139695 0.415215 182 153 110
0.014129 0.139043 0.416234 183 155 110
0.014328 0.138229 0.417226 183 155 108
0.014689 0.137682 0.417953 185 156 109
0.001829 0.165484 0.378043 143 136 125
0.002194 0.165066 0.379109 133 124 110
0.002541 0.164307 0.380178 138 129 115
0.002886 0.163564 0.381175 155 149 136
0.002891 0.162667 0.382070 179 178 172
0.002966 0.161776 0.382468 193 194 191
0.011710 0.140996 0.412257 122 98 72
0.012033 0.140572 0.413005 171 144 104
0.012410 0.139918 0.414103 179 150 107
0.012750 0.139381 0.415126 182 153 108
0.013017 0.138613 0.416259 183 154 108
0.013294 0.137767 0.417277 182 153 106
0.013583 0.137132 0.418220 186 158 110
0.013689 0.136433 0.418820 186 159 110
0.000475 0.165022 0.377268 157 156 145
0.000715 0.165113 0.377876 144 139 131
0.002187 0.162427 0.382817 192 191 188
0.002063 0.161492 0.382986 193 194 192
0.010194 0.140923 0.411221 179 154 110
0.010673 0.140737 0.411839 165 137 99
0.010877 0.140011 0.413098 176 146 103
0.011242 0.139436 0.414256 180 151 105
0.011421 0.138773 0.415299 181 151 105
0.011786 0.138037 0.416268 181 150 104
0.012105 0.137278 0.417222 182 151 104
0.012424 0.136470 0.418122 181 150 104
0.012661 0.135672 0.419102 186 157 108
-0.000120 0.164569 0.377125 154 150 135
-0.000430 0.164575 0.377652 151 145 133
0.001095 0.160839 0.383381 192 193 191
0.001346 0.160241 0.383339 193 194 192
0.009216 0.141109 0.410296 166 138 90
0.009208 0.140708 0.410976 135 112 79
0.009395 0.140278 0.412087 140 118 85
0.009576 0.139734 0.413198 149 124 88
0.009810 0.139025 0.414369 170 142 99
0.010234 0.138378 0.415369 180 150 104
0.010539 0.137630 0.416385 180 150 104
0.010814 0.136846 0.417195 179 148 101
0.011241 0.135959 0.418060 179 148 101
0.011496 0.135155 0.418892 181 151 103
0.011801 0.134509 0.419498 183 153 104
-0.001446 0.163654 0.377963 154 146 131
-0.001792 0.163140 0.378317 159 151 137
0.000025 0.160388 0.383467 183 182 179
0.000156 0.159870 0.383522 187 188 184
0.007533 0.141194 0.408951 72 58 47
0.007848 0.140863 0.409756 64 54 44
0.008130 0.140382 0.410987 61 51 44
0.008206 0.139846 0.412121 74 61 50
0.008621 0.139333 0.413258 80 67 53
0.008891 0.138711 0.414319 93 77 60
0.009119 0.138013 0.415422 123 100 73
0.009401 0.137267 0.416348 156 126 89
0.009782 0.136421 0.417172 176 144 98
0.010124 0.135523 0.417990 178 147 99
0.010489 0.134615 0.418789 180 149 101
0.010721 0.133926 0.419470 182 152 103
-0.002108 0.163277 0.378151 164 155 139
-0.002606 0.162662 0.378614 167 157 138
-0.001161 0.159689 0.383325 178 173 164
-0.000883 0.159097 0.383445 179 178 173
0.000726 0.154147 0.389508 183 185 182
0.001142 0.153443 0.390759 91 85 83
0.001384 0.152945 0.391604 179 176 169
0.001737 0.152278 0.392572 186 182 174
0.002030 0.151611 0.393542 187 181 171
0.002429 0.150747 0.394736 164 152 138
0.002592 0.150093 0.395626 174 163 147
0.003052 0.149492 0.396613 176 162 143
0.003118 0.148714 0.397543 105 90 77
0.003384 0.147958 0.398524 172 150 115
0.003728 0.147107 0.399664 134 112 63
0.006275 0.141383 0.407845 176 147 101
0.006612 0.141020 0.408794 172 144 98
0.006749 0.140448 0.409843 161 134 94
0.006930 0.140014 0.410974 168 140 96
0.007116 0.139486 0.412050 169 140 97
0.007464 0.138947 0.413122 158 130 91
0.007712 0.138221 0.414290 159 130 92
0.008013 0.137438 0.415359 170 138 98
0.008451 0.136703 0.416399 178 146 101
0.008623 0.135691 0.417274 179 147 100
0.008975 0.134997 0.417967 180 148 100
0.009372 0.134067 0.418774 180 149 100
0.009708 0.133306 0.419448 182 151 102
-0.003342 0.161826 0.378874 170 158 137
-0.003747 0.161589 0.379574 172 161 137
-0.002447 0.159094 0.383189 181 168 148
-0.002008 0.158574 0.383424 179 174 163
-0.000989 0.155019 0.387499 178 177 172
-0.000458 0.154397 0.388762 95 91 86
-0.000105 0.153963 0.389488 173 173 171
0.000186 0.153236 0.390736 138 135 131
0.000424 0.152695 0.391663 116 109 105
0.000524 0.151930 0.392700 179 177 173
0.000961 0.151222 0.393721 188 185 181
0.001372 0.150459 0.394801 123 112 104
0.001521 0.149837 0.395726 166 156 143
0.001668 0.149143 0.396551 181 170 156
0.002168 0.148391 0.397666 109 94 82
0.002415 0.147584 0.398543 171 150 122
0.002688 0.146677 0.399662 103 81 64
0.002789 0.145928 0.400484 115 93 67
0.003035 0.145306 0.401391 169 139 88
0.003415 0.144340 0.403090 41 25 24
0.003843 0.144034 0.403236 116 89 58
0.004185 0.142268 0.405421 176 147 99
0.004676 0.141533 0.406707 174 144 98
0.005174 0.141153 0.407708 175 145 99
0.005388 0.140542 0.408636 174 143 98
0.005373 0.139995 0.409837 176 146 100
0.005711 0.139455 0.411023 178 148 102
0.005951 0.138877 0.412044 177 146 100
0.006289 0.138298 0.413132 177 146 99
0.006639 0.137727 0.414074 177 145 98
0.006870 0.136893 0.415192 177 144 97
0.007222 0.136061 0.416307 177 144 98
0.007454 0.135117 0.417324 179 147 99
0.007731 0.134404 0.417908 178 147 98
0.008115 0.133452 0.418684 180 148 100
0.008441 0.132767 0.419200 181 149 101
-0.003924 0.160999 0.378834 171 158 133
-0.004277 0.160715 0.379647 173 160 134
-0.004598 0.160038 0.380718 175 158 128
-0.004293 0.159182 0.381856 178 155 115
-0.003404 0.158596 0.382906 181 164 136
-0.003133 0.157856 0.383148 175 164 147
-0.002077 0.155175 0.386559 175 174 170
-0.001914 0.154649 0.387441 164 163 159
-0.001618 0.154083 0.388743 100 94 89
-0.001464 0.153584 0.389599 176 176 174
-0.001124 0.152865 0.390887 175 175 172
-0.000918 0.152223 0.391872 86 78 72
-0.000712 0.151634 0.392792 174 172 168
-0.000334 0.150887 0.393838 189 188 186
-0.000033 0.150068 0.394888 99 91 84
0.000200 0.149455 0.395877 169 162 151
0.000518 0.148803 0.396669 178 168 154
0.000827 0.148010 0.397824 111 97 84
0.001141 0.147211 0.398708 179 159 129
0.001656 0.146325 0.399763 105 84 69
0.001928 0.145602 0.400554 128 101 72
0.002241 0.144788 0.401545 100 80 62
0.002459 0.144098 0.402390 86 67 53
0.002692 0.143255 0.403462 172 141 97
0.002918 0.142484 0.404439 170 140 98
0.003276 0.141842 0.405452 171 139 97
0.003739 0.141291 0.406533 172 140 95
0.004019 0.140671 0.407734 173 142 95
0.004115 0.140081 0.408938 173 141 96
0.004421 0.139569 0.410007 174 142 97
0.004744 0.139092 0.410906 176 144 98
0.004938 0.138418 0.412006 175 143 95
0.005142 0.137799 0.413080 175 141 92
0.005896 0.137021 0.414592 175 141 94
0.005842 0.136414 0.415187 172 138 91
0.006069 0.135335 0.416516 158 126 85
0.006267 0.134652 0.417306 153 122 85
0.006493 0.133871 0.417965 143 115 81
0.006977 0.132838 0.418735 148 120 84
0.007486 0.132252 0.419233 179 149 99
-0.004891 0.159857 0.379618 175 161 133
-0.004907 0.159489 0.380535 175 158 125
-0.004669 0.158737 0.381540 176 153 115
-0.004417 0.158060 0.382499 179 159 123
-0.004082 0.157224 0.382953 177 161 136
-0.003491 0.155155 0.385563 144 139 133
-0.003129 0.154783 0.386506 175 175 172
-0.003007 0.154265 0.387401 164 163 159
-0.002701 0.153672 0.388832 99 94 88
-0.002556 0.153302 0.389506 163 161 156
-0.002248 0.152557 0.390648 178 178 176
-0.002136 0.151836 0.391794 90 81 73
-0.001780 0.151223 0.392872 168 166 161
-0.001519 0.150567 0.393773 181 178 173
-0.001067 0.149775 0.394882 87 78 70
-0.000943 0.149085 0.395910 176 170 158
-0.000569 0.148419 0.396755 161 151 139
-0.000319 0.147720 0.397745 118 103 89
0.000045 0.146916 0.398684 178 159 132
0.000352 0.145996 0.399806 117 96 74
0.000668 0.145263 0.400637 121 98 74
0.000943 0.144367 0.401520 125 100 76
0.001344 0.143568 0.402489 140 113 84
0.001585 0.142659 0.403585 130 104 75
0.001932 0.142033 0.404596 108 86 63
0.002180 0.141545 0.405509 113 90 65
0.002414 0.140999 0.406478 137 110 76
0.002561 0.140164 0.407727 163 131 89
0.002942 0.139748 0.408856 171 140 94
0.003167 0.139137 0.409914 171 139 93
0.003366 0.138456 0.410903 172 139 92
0.003681 0.137874 0.411993 173 139 91
0.004088 0.137312 0.413024 173 140 91
0.003977 0.136343 0.414064 174 140 90
0.004545 0.135865 0.414886 164 126 84
0.004937 0.134877 0.416279 153 120 85
0.005123 0.134219 0.417106 159 128 89
0.005535 0.133437 0.417855 145 115 80
0.006029 0.132299 0.418650 130 104 75
0.006545 0.131898 0.419409 15 4 3
-0.005662 0.158523 0.380502 180 163 130
-0.005665 0.157805 0.381285 180 161 124
-0.005394 0.157208 0.382190 179 158 122
-0.005312 0.156126 0.383138 181 164 133
-0.004968 0.155293 0.384352 178 171 153
-0.004396 0.154830 0.385364 110 98 91
-0.004344 0.154286 0.386253 149 145 139
-0.004154 0.153754 0.387199 167 166 161
-0.003801 0.153097 0.388567 109 104 98
-0.003629 0.152550 0.389564 169 167 162
-0.003353 0.151892 0.390633 135 131 126
-0.003249 0.151294 0.391608 105 95 85
-0.002908 0.150633 0.392833 172 168 159
-0.002797 0.149921 0.393718 153 143 129
-0.002342 0.149286 0.394763 96 85 76
-0.002149 0.148412 0.395966 181 172 157
-0.001797 0.147748 0.396878 111 97 84
-0.001405 0.147048 0.397900 167 151 126
-0.001193 0.146225 0.398810 138 118 96
-0.000759 0.145561 0.399689 137 115 89
-0.000520 0.144823 0.400513 158 137 107
-0.000099 0.143934 0.401422 180 154 117
0.000332 0.143068 0.402510 179 153 112
0.000650 0.142339 0.403525 175 147 104
0.000953 0.141625 0.404529 158 129 90
0.001164 0.141009 0.405547 127 101 71
0.001265 0.140426 0.406713 100 78 57
0.001690 0.139943 0.407800 114 90 64
0.001856 0.139411 0.408783 132 106 73
0.002137 0.138729 0.409931 161 126 84
0.002581 0.138039 0.410981 168 134 87
0.002743 0.137417 0.411972 170 136 88
0.002690 0.135847 0.413741 171 138 89
0.003399 0.134970 0.415177 173 138 89
0.003619 0.134323 0.415915 173 139 91
0.004181 0.133379 0.417080 176 142 94
0.004488 0.132741 0.417628 177 144 95
0.004932 0.131750 0.418364 178 146 97
0.005509 0.131230 0.418926 182 151 101
-0.005627 0.154781 0.384434 177 168 146
-0.005470 0.154289 0.385169 105 88 73
-0.005414 0.153572 0.386276 171 167 157
-0.005283 0.152990 0.387089 158 154 147
-0.004921 0.152341 0.388234 94 81 71
-0.004632 0.151853 0.389286 146 137 120
-0.004409 0.151016 0.390631 118 107 93
-0.004255 0.150564 0.391497 126 112 97
-0.004046 0.149762 0.392698 158 144 119
-0.003778 0.149222 0.393558 120 105 88
-0.003531 0.148476 0.394565 138 120 98
-0.003193 0.147779 0.395695 138 125 106
-0.002940 0.146962 0.396690 142 125 102
-0.002592 0.146258 0.397670 150 132 108
-0.002234 0.145659 0.398458 118 97 78
-0.001809 0.144842 0.399494 185 166 136
-0.001509 0.144229 0.400240 188 168 135
-0.001247 0.143369 0.401208 184 160 124
-0.000851 0.142473 0.402433 182 156 116
-0.000536 0.141778 0.403434 179 151 108
-0.000162 0.141130 0.404395 174 143 100
-0.000003 0.140479 0.405531 169 137 95
0.000224 0.139880 0.406710 163 133 89
0.000415 0.139409 0.407682 144 115 79
0.000667 0.138933 0.408756 109 88 64
0.002334 0.135622 0.413688 174 139 89
0.002463 0.134664 0.414880 172 137 88
0.002599 0.133683 0.415939 171 136 88
0.002938 0.132788 0.416904 174 139 91
0.003310 0.132097 0.417498 175 141 93
0.003703 0.131144 0.418210 177 144 95
-0.006036 0.153090 0.386161 168 161 146
-0.005845 0.152444 0.387050 174 171 163
-0.005597 0.151769 0.388154 102 80 62
-0.005464 0.151091 0.389071 159 143 116
-0.005232 0.150399 0.390141 133 115 93
-0.005077 0.149756 0.391188 104 87 72
-0.004755 0.149000 0.392335 143 125 98
-0.004569 0.148301 0.393198 101 81 64
-0.004259 0.147633 0.394201 151 128 99
-0.003980 0.146990 0.395245 107 89 73
-0.003651 0.146254 0.396370 141 122 99
-0.003389 0.145335 0.397291 153 133 109
-0.003013 0.144769 0.398241 183 167 144
-0.002688 0.144009 0.399216 174 160 139
-0.002463 0.143281 0.400144 143 128 110
-0.002188 0.142631 0.401233 124 109 90
-0.001999 0.141908 0.402413 102 86 68
-0.001687 0.141301 0.403430 117 97 72
-0.001637 0.140577 0.404492 115 93 69
-0.001403 0.140057 0.405424 147 119 83
-0.001063 0.139459 0.406528 157 127 86
-0.000859 0.138803 0.407577 158 124 86
-0.000471 0.138270 0.408647 150 117 80
0.000861 0.134351 0.414199 168 132 85
0.001240 0.133904 0.414850 170 135 86
0.001662 0.133152 0.415923 170 134 86
0.001849 0.132040 0.416863 171 136 88
0.002347 0.131453 0.417429 173 140 91
0.002798 0.130484 0.418166 175 143 93
-0.004878 0.147278 0.393432 175 149 118
-0.004215 0.145705 0.395961 94 80 62
-0.004020 0.145307 0.396534 183 168 138
-0.003891 0.143181 0.399059 173 164 149
-0.003543 0.142615 0.400124 134 122 106
-0.003346 0.142058 0.401122 130 118 101
-0.003292 0.141433 0.402298 130 117 98
-0.002991 0.140742 0.403440 109 95 76
-0.002657 0.140141 0.404343 95 79 61
-0.002423 0.139614 0.405334 98 80 62
-0.002254 0.138955 0.406601 109 88 65
-0.001983 0.138385 0.407580 126 98 70
-0.002062 0.137477 0.408632 115 89 63
-0.000314 0.133614 0.414144 168 133 85
0.000006 0.133266 0.414714 169 133 86
0.000533 0.132479 0.415782 169 133 86
0.000787 0.131585 0.416529 170 135 86
0.001170 0.130819 0.417137 171 136 88
0.001730 0.129974 0.417904 172 138 90
-0.004945 0.142484 0.399080 182 173 159
-0.004797 0.142078 0.399999 185 173 154
-0.004530 0.141591 0.401164 183 170 149
-0.004293 0.140998 0.402373 179 166 144
-0.004130 0.140358 0.403553 177 159 130
-0.003837 0.139896 0.404508 163 142 112
-0.003601 0.139352 0.405351 146 122 94
-0.002915 0.138851 0.406464 108 88 68
-0.001085 0.132587 0.414733 165 131 87
-0.000744 0.131781 0.415540 171 135 87
-0.000219 0.130917 0.416336 171 136 87
0.000166 0.130063 0.416939 172 137 89
-0.006543 0.142222 0.398137 164 156 142
-0.006182 0.142024 0.398815 161 150 134
-0.006043 0.141546 0.400055 138 125 108
-0.005875 0.141011 0.401250 136 122 102
-0.005638 0.140518 0.402227 136 121 99
-0.005356 0.139955 0.403322 122 105 84
-0.004568 0.139494 0.404482 156 130 99
-0.004411 0.139028 0.405085 138 116 91
-0.003118 0.133752 0.412102 128 98 70
-0.002612 0.132688 0.413612 106 83 60
-0.002186 0.131966 0.414627 115 90 64
-0.001742 0.131233 0.415406 127 99 69
-0.001323 0.130275 0.416086 131 103 70
-0.000914 0.129521 0.416672 136 108 72
-0.007133 0.141474 0.398834 89 76 60
-0.007186 0.140960 0.399891 100 86 70
-0.006924 0.140486 0.401141 103 88 72
-0.006855 0.139909 0.402117 113 98 79
-0.006515 0.139334 0.403289 107 91 72
-0.006391 0.138679 0.404181 131 111 91
-0.004554 0.134637 0.410159 172 138 89
-0.004259 0.133701 0.411282 171 135 87
-0.003993 0.132852 0.412386 171 137 89
-0.003523 0.132055 0.413461 171 137 88
-0.003053 0.131295 0.414383 167 133 85
-0.002650 0.130504 0.415097 139 108 72
-0.002242 0.129718 0.415710 125 97 67
-0.001967 0.129272 0.416491 21 0 0
-0.007944 0.141127 0.398660 172 163 145
-0.008013 0.140369 0.399775 173 162 143
-0.007905 0.139836 0.400985 180 166 143
-0.007785 0.139263 0.402076 182 166 140
-0.007594 0.138658 0.403079 182 163 132
-0.007447 0.138014 0.404140 181 158 122
-0.007508 0.137417 0.404934 180 154 114
-0.005667 0.133646 0.410371 171 136 87
-0.005391 0.133053 0.411168 170 135 86
-0.005094 0.132170 0.412169 171 136 87
-0.004651 0.131414 0.413062 171 136 87
-0.004120 0.130621 0.413927 170 136 86
-0.003592 0.129728 0.414726 168 132 84
-0.002898 0.129371 0.415351 171 135 88
-0.009036 0.140097 0.398974 180 168 152
-0.009128 0.139627 0.399624 181 168 149
-0.008953 0.139160 0.400707 181 167 143
-0.008926 0.138455 0.402045 181 164 136
-0.008654 0.137957 0.403071 182 161 129
-0.008438 0.137304 0.404187 181 157 119
-0.008300 0.136666 0.405178 180 153 110
-0.007968 0.136309 0.405919 180 150 104
-0.007440 0.134495 0.408265 173 139 90
-0.006905 0.133863 0.409315 171 136 86
-0.006697 0.133100 0.410163 171 135 85
-0.006352 0.132457 0.411053 171 136 86
-0.006132 0.131570 0.411813 170 134 85
-0.005507 0.130638 0.412859 169 133 84
-0.005060 0.129907 0.413511 168 133 84
-0.004749 0.129352 0.414394 176 146 93
-0.010284 0.139612 0.398582 184 178 159
-0.010203 0.138949 0.399552 179 166 145
-0.010057 0.138415 0.400701 182 166 140
-0.009840 0.137909 0.401865 181 163 132
-0.009682 0.137396 0.402863 181 158 124
-0.009442 0.136771 0.404001 180 154 113
-0.009232 0.136224 0.404905 179 149 104
-0.009059 0.135434 0.405970 172 138 92
-0.008864 0.134537 0.407184 162 125 86
-0.008392 0.133894 0.408239 163 128 84
-0.008199 0.133185 0.409150 164 129 85
-0.007861 0.132412 0.410094 169 134 87
-0.007530 0.131665 0.410787 167 133 88
-0.006912 0.130919 0.411659 167 133 88
-0.006506 0.129874 0.412509 170 136 88
-0.005736 0.129232 0.413454 171 137 89
-0.011102 0.138447 0.399420 181 169 149
-0.011207 0.137714 0.400483 182 167 141
-0.010862 0.137217 0.401688 182 163 131
-0.010694 0.136631 0.402869 180 157 120
-0.010570 0.136061 0.403809 173 146 107
-0.010415 0.135458 0.404905 155 125 87
-0.010125 0.134831 0.405936 136 107 74
-0.009843 0.134009 0.406996 105 81 58
-0.009568 0.133179 0.407973 94 74 55
-0.009096 0.132536 0.408984 92 72 54
-0.008660 0.131800 0.409918 99 79 58
-0.008337 0.131119 0.410618 113 88 62
-0.007897 0.130071 0.411499 106 84 60
-0.007395 0.129395 0.412351 123 97 64
-0.012466 0.137638 0.399317 121 109 92
-0.012235 0.137130 0.400287 133 116 94
-0.011915 0.136594 0.401501 152 131 101
-0.011660 0.135965 0.402605 163 137 101
-0.011397 0.135421 0.403655 167 137 96
-0.011117 0.134871 0.404608 168 136 92
-0.010942 0.134129 0.405612 165 133 87
-0.010592 0.133345 0.406747 153 121 80
-0.010230 0.132650 0.407766 142 112 76
-0.009953 0.131940 0.408549 136 108 73
-0.009634 0.131023 0.409408 137 109 75
-0.009220 0.130263 0.410251 122 96 67
-0.008836 0.129608 0.411122 119 94 69
-0.008446 0.128804 0.412165 0 0 0
-0.013208 0.137421 0.399026 11 0 0
-0.012954 0.136601 0.400369 68 55 43
-0.012980 0.135843 0.401290 73 58 45
-0.012645 0.135298 0.402372 118 97 71
-0.012493 0.134588 0.403294 159 131 92
-0.012298 0.133830 0.404186 175 143 98
-0.011931 0.133142 0.405185 171 137 89
-0.011583 0.132392 0.406195 170 136 87
-0.011167 0.131641 0.407328 171 137 87
-0.010823 0.130987 0.408221 174 142 91
-0.010355 0.130432 0.409041 174 142 92
-0.014089 0.134870 0.401491 55 23 10
-0.013599 0.134664 0.402195 49 40 29
-0.013294 0.133915 0.403147 90 70 51
-0.013033 0.133377 0.403828 164 133 90
-0.012715 0.132702 0.404968 176 146 95
-0.012294 0.131924 0.405951 172 139 89
-0.011772 0.130833 0.407494 176 145 92
0.002088 0.166462 0.379083 148 142 131
0.002270 0.166219 0.379977 151 144 130
0.002516 0.165508 0.381075 156 148 134
0.002562 0.165086 0.381673 161 155 141
0.001461 0.166418 0.379056 152 146 135
0.001785 0.166056 0.380031 144 137 126
0.002176 0.165357 0.381120 148 138 123
0.002336 0.164466 0.382013 158 149 135
0.002257 0.163591 0.382694 179 176 168
0.000252 0.165944 0.378972 140 134 124
0.000539 0.166099 0.379735 132 123 112
0.001509 0.163198 0.383068 186 186 181
0.001411 0.162343 0.383393 193 194 191
-0.001296 0.165530 0.378044 168 165 151
-0.000979 0.165543 0.378483 160 154 142
0.000557 0.162775 0.383602 190 189 184
0.000484 0.161707 0.383703 192 193 190
-0.002030 0.164838 0.378600 167 159 144
-0.002142 0.164352 0.379277 165 159 143
-0.000578 0.161067 0.383803 187 185 178
-0.000143 0.160431 0.383818 189 188 185
0.008150 0.139674 0.413217 23 9 9
0.008714 0.138798 0.414676 56 39 26
0.008804 0.138091 0.415467 88 64 43
-0.002709 0.164043 0.378961 170 164 147
-0.002907 0.163371 0.379489 170 161 143
-0.003244 0.162959 0.380478 173 162 140
-0.002372 0.161403 0.383126 182 166 136
-0.001700 0.160635 0.383627 184 176 161
-0.001118 0.160022 0.383882 187 186 178
0.007744 0.138903 0.413810 180 149 98
0.007551 0.138316 0.414384 181 152 103
0.007765 0.137685 0.415270 182 153 102
0.007671 0.136958 0.416098 184 155 105
-0.003596 0.162652 0.379642 174 166 147
-0.003787 0.162090 0.380596 174 161 136
-0.003823 0.161548 0.381784 181 163 131
-0.003368 0.160893 0.382532 183 164 129
-0.002657 0.159997 0.383357 184 170 147
0.005933 0.138343 0.413346 182 154 104
0.006350 0.137708 0.414467 182 153 103
0.006756 0.136906 0.415633 182 152 103
0.007130 0.136376 0.416391 182 153 103
0.006668 0.135584 0.416826 181 151 102
-0.004336 0.161312 0.380339 177 165 141
-0.004227 0.160774 0.381369 178 160 126
-0.003978 0.160009 0.382306 181 162 127
-0.003640 0.159539 0.382952 185 169 138
0.004400 0.139188 0.411211 181 151 101
0.004744 0.138670 0.412284 181 152 101
0.004908 0.137822 0.413347 177 145 96
0.005204 0.137075 0.414346 175 141 93
0.005376 0.136320 0.415449 163 131 87
0.005695 0.135704 0.416255 153 122 81
0.005900 0.135028 0.417070 140 111 74
0.005938 0.134405 0.417853 0 0 0
-0.004927 0.160111 0.381104 182 166 135
-0.004848 0.159407 0.381923 185 168 133
-0.002042 0.150247 0.394117 180 179 172
-0.001967 0.149972 0.394468 70 57 51
-0.001187 0.148306 0.396906 176 170 155
-0.001076 0.147914 0.397692 16 5 9
0.002670 0.138913 0.410356 176 146 96
0.003357 0.138640 0.411207 177 146 97
0.003516 0.138090 0.412243 178 147 97
0.003763 0.137249 0.413176 175 142 93
0.004261 0.136686 0.414326 170 137 88
0.004561 0.135918 0.415364 166 132 86
0.004776 0.135158 0.416208 167 134 89
0.005098 0.134603 0.416983 152 121 79
0.005623 0.134207 0.417795 18 0 0
-0.002686 0.150039 0.393932 153 146 135
-0.002133 0.149318 0.395168 124 117 107
-0.002393 0.148229 0.396282 205 193 163
-0.001828 0.148044 0.396841 146 134 118
-0.001109 0.147508 0.397878 171 153 121
0.001379 0.139112 0.409337 98 79 57
0.001651 0.138757 0.410044 148 120 80
0.002045 0.138147 0.411101 166 135 90
0.002158 0.137474 0.412086 171 138 94
0.002652 0.136701 0.413157 173 139 91
0.002944 0.135988 0.414160 174 140 92
0.003274 0.135379 0.415073 174 141 92
0.003564 0.134449 0.416273 179 147 96
0.003798 0.133943 0.416798 178 145 96
-0.003262 0.149564 0.394106 44 27 27
-0.002437 0.147558 0.397096 38 24 17
-0.003020 0.146009 0.398307 0 0 0
-0.001692 0.145848 0.399535 0 0 0
0.000587 0.138849 0.409097 119 95 65
0.000852 0.138310 0.410089 99 77 55
0.000988 0.137699 0.411046 112 88 64
0.001284 0.137045 0.412053 142 112 77
0.001501 0.136269 0.413052 163 130 87
0.001807 0.135393 0.414095 171 137 89
0.002068 0.134678 0.415045 174 140 91
0.002410 0.133964 0.416015 176 142 92
0.002720 0.133329 0.416712 178 146 95
-0.000988 0.138829 0.407969 171 142 95
-0.000525 0.138299 0.409000 168 135 91
-0.000340 0.137692 0.410008 159 126 84
-0.000044 0.137108 0.411058 149 118 80
0.000229 0.136478 0.412088 137 108 76
0.000494 0.135722 0.413076 156 123 84
0.000730 0.134904 0.413971 168 133 87
0.001147 0.134057 0.414992 171 136 87
0.001448 0.133549 0.415775 173 139 89
0.001669 0.133000 0.416487 177 146 93
-0.002818 0.140294 0.405060 59 43 35
-0.002447 0.139948 0.405717 73 54 44
-0.002602 0.139028 0.406731 105 81 55
-0.002041 0.138311 0.407902 132 102 68
-0.001742 0.137820 0.408810 136 106 72
-0.001545 0.137120 0.409917 154 122 84
-0.001224 0.136491 0.410941 166 135 92
-0.000958 0.135857 0.411953 170 138 92
-0.000648 0.135008 0.413035 171 138 91
-0.000336 0.134282 0.413892 171 137 90
0.000153 0.133646 0.414970 175 142 92
0.000286 0.132860 0.415744 174 140 90
-0.004575 0.140029 0.404062 111 84 67
-0.003925 0.139731 0.404903 163 142 109
-0.003741 0.139204 0.405721 154 129 97
-0.003539 0.138595 0.406698 153 126 92
-0.003236 0.137922 0.407709 149 119 84
-0.002919 0.137237 0.408868 145 113 76
-0.002627 0.136582 0.409964 119 91 62
-0.002462 0.135916 0.410946 116 91 63
-0.002197 0.135205 0.411928 124 98 69
-0.001935 0.134446 0.412924 142 114 77
-0.001583 0.133592 0.413851 157 126 85
-0.001255 0.132897 0.414595 165 132 90
-0.000393 0.132392 0.415647 175 142 92
-0.005945 0.140251 0.402849 65 53 44
-0.005456 0.140002 0.403635 124 107 78
-0.005302 0.139347 0.404514 96 79 61
-0.005003 0.138754 0.405607 108 88 66
-0.004778 0.138088 0.406714 108 87 65
-0.004509 0.137354 0.407843 135 107 76
-0.004168 0.136670 0.408796 163 130 88
-0.003787 0.135947 0.409776 168 133 87
-0.003548 0.135241 0.410731 166 132 84
-0.003292 0.134506 0.411742 155 123 80
-0.002927 0.133726 0.412825 131 101 68
-0.002552 0.133064 0.413683 112 86 60
-0.002042 0.132506 0.414573 122 95 64
-0.002262 0.131553 0.415396 3 0 0
-0.006938 0.139858 0.402709 100 84 66
-0.006642 0.139296 0.403643 141 122 97
-0.006266 0.138716 0.404580 142 122 93
-0.006081 0.138150 0.405521 156 131 96
-0.005869 0.137501 0.406543 166 138 96
-0.005468 0.136925 0.407607 157 128 87
-0.005081 0.136252 0.408688 161 129 88
-0.004871 0.135373 0.409713 172 138 89
-0.004552 0.134676 0.410593 173 140 90
-0.004323 0.133874 0.411546 173 138 90
-0.003953 0.133221 0.412514 175 143 93
-0.003309 0.132625 0.413520 171 139 90
-0.002992 0.132138 0.414233 167 132 81
-0.007333 0.138904 0.403448 187 167 133
-0.007171 0.138154 0.404509 183 160 124
-0.007177 0.137446 0.405483 182 156 114
-0.006888 0.136827 0.406552 180 151 104
-0.006497 0.136200 0.407578 177 145 97
-0.006276 0.135507 0.408511 176 143 94
-0.005933 0.134822 0.409474 175 141 91
-0.005630 0.134003 0.410462 174 140 90
-0.005313 0.133437 0.411317 174 140 91
-0.004724 0.132889 0.412343 177 146 95
-0.008320 0.137760 0.404209 186 166 128
-0.008252 0.136965 0.405290 183 158 116
-0.007947 0.136298 0.406277 179 149 103
-0.007563 0.135517 0.407421 177 146 97
-0.007220 0.134875 0.408463 175 142 93
-0.007035 0.134209 0.409297 174 141 91
-0.006745 0.133508 0.410272 175 142 91
-0.006217 0.132718 0.411385 176 144 92
-0.005724 0.132046 0.412383 170 133 87
-0.009266 0.136966 0.404376 183 160 118
-0.009063 0.136293 0.405309 182 154 109
-0.008950 0.135703 0.406133 180 151 104
-0.008752 0.134835 0.407220 177 145 97
-0.008555 0.134099 0.408232 174 142 93
-0.008215 0.133415 0.409159 173 140 91
-0.007423 0.132943 0.410239 173 140 90
-0.009816 0.135577 0.405491 179 152 106
-0.009991 0.134936 0.406255 118 97 64
-0.009507 0.134392 0.407171 140 112 73
-0.009389 0.133707 0.408111 89 70 46
-0.009357 0.132887 0.409227 0 0 0
-0.009015 0.132132 0.409964 0 0 0
0.000845 0.166611 0.379665 149 144 131
0.001297 0.166309 0.380489 148 142 131
0.001610 0.165705 0.381492 152 145 133
0.001620 0.164886 0.382371 161 155 143
0.001578 0.164328 0.382979 175 177 165
-0.000564 0.166511 0.379682 142 132 119
-0.000189 0.166166 0.380556 130 118 104
0.000069 0.165380 0.381764 132 121 106
0.000421 0.164638 0.382731 145 135 120
0.000720 0.163785 0.383320 171 167 159
-0.001774 0.165914 0.378572 167 163 150
-0.001476 0.166333 0.379330 154 145 132
-0.000153 0.164302 0.382918 145 133 116
-0.000173 0.163384 0.383778 183 181 175
-0.000217 0.162564 0.383938 191 191 186
-0.002233 0.165430 0.379479 164 155 140
-0.002454 0.164958 0.380287 166 154 136
-0.002548 0.164515 0.381200 167 154 129
-0.002329 0.163793 0.382453 171 152 120
-0.001564 0.162717 0.383777 184 174 156
-0.001093 0.162171 0.384022 190 186 176
-0.002822 0.164611 0.379501 172 167 150
-0.003046 0.163986 0.380361 172 161 141
-0.003128 0.163509 0.381249 173 159 133
-0.002982 0.162945 0.382375 177 158 124
-0.002499 0.161963 0.383301 183 167 139
-0.001967 0.161494 0.383864 187 179 163
-0.003544 0.162703 0.381181 177 162 134
-0.003652 0.162024 0.382090 181 163 130
-0.003293 0.161427 0.382978 186 170 138
-0.003032 0.160998 0.383483 190 180 154
-0.001293 0.167330 0.380538 151 145 132
-0.000983 0.166859 0.381338 143 134 121
-0.000690 0.166091 0.382379 142 132 117
-0.000373 0.165228 0.383239 148 139 123
-0.000099 0.164356 0.383586 159 144 124
-0.002037 0.167082 0.380262 158 150 136
-0.002017 0.166385 0.381118 153 142 126
-0.001179 0.165878 0.382441 141 130 114
-0.000959 0.165096 0.383566 156 146 132
-0.000919 0.164160 0.384100 175 171 162
-0.002404 0.166308 0.380278 158 149 132
-0.002452 0.165783 0.381186 160 147 129
-0.002544 0.165122 0.382200 167 152 130
-0.002266 0.164350 0.383318 175 159 135
-0.001718 0.163495 0.384047 186 179 164
-0.002983 0.164299 0.381888 172 156 129
-0.002899 0.163661 0.382730 177 160 130
-0.002568 0.162979 0.383634 187 174 149
-0.001483 0.167611 0.381066 158 155 146
-0.001269 0.167270 0.381809 155 149 138
-0.001054 0.166634 0.382768 153 144 133
-0.000776 0.165933 0.383524 159 154 141
-0.002271 0.167443 0.381262 163 157 145
-0.002114 0.167200 0.381848 161 154 143
-0.001862 0.166387 0.382992 162 154 142
-0.001604 0.165559 0.383856 170 163 152
-0.001600 0.164751 0.384272 179 175 165
-0.002721 0.166561 0.381784 166 160 144
-0.002519 0.165792 0.382806 167 157 139
-0.002317 0.165160 0.383656 174 165 151
