ply
format ascii 1.0
element vertex 5986
property float x
property float y
property float z
property uchar red
property uchar green
property uchar blue
end_header
-0.281275 -0.091480 0.794000 99 84 63
-0.282931 -0.090289 0.795000 179 145 107
-0.281275 -0.090176 0.794000 150 125 95
-0.279974 -0.090176 0.794000 112 98 85
-0.284234 -0.088983 0.795000 208 166 128
-0.282931 -0.088983 0.795000 200 157 122
-0.281629 -0.088983 0.795000 176 137 104
-0.280326 -0.088983 0.795000 161 126 98
-0.279024 -0.088983 0.795000 141 109 86
-0.277722 -0.088983 0.795000 132 101 81
-0.276419 -0.088983 0.795000 122 96 79
-0.275117 -0.088983 0.795000 114 95 81
-0.285895 -0.087788 0.796000 205 162 117
-0.284234 -0.087678 0.795000 215 172 129
-0.282931 -0.087678 0.795000 216 171 130
-0.281629 -0.087678 0.795000 199 154 115
-0.280326 -0.087678 0.795000 182 138 99
-0.279024 -0.087678 0.795000 170 126 89
-0.277722 -0.087678 0.795000 170 127 92
-0.276419 -0.087678 0.795000 179 138 106
-0.275463 -0.087788 0.796000 180 145 115
-0.274159 -0.087788 0.796000 169 139 113
-0.272855 -0.087788 0.796000 151 124 103
-0.272233 -0.088008 0.798000 130 107 93
-0.285895 -0.086480 0.796000 186 145 91
-0.284591 -0.086480 0.796000 202 161 109
-0.283287 -0.086480 0.796000 212 169 118
-0.281983 -0.086480 0.796000 208 164 115
-0.280679 -0.086480 0.796000 192 150 102
-0.279375 -0.086480 0.796000 181 139 91
-0.278071 -0.086480 0.796000 177 133 86
-0.276767 -0.086480 0.796000 183 139 92
-0.275463 -0.086480 0.796000 188 144 99
-0.274159 -0.086480 0.796000 198 155 112
-0.273540 -0.086698 0.798000 208 164 127
-0.272233 -0.086698 0.798000 211 168 134
-0.271265 -0.086806 0.799000 195 156 127
-0.270632 -0.087024 0.801000 159 129 103
-0.269992 -0.087241 0.803000 126 105 86
-0.285895 -0.085173 0.796000 177 137 76
-0.284591 -0.085173 0.796000 180 140 79
-0.283643 -0.085280 0.797000 188 143 84
-0.282337 -0.085280 0.797000 194 149 92
-0.281032 -0.085280 0.797000 194 149 94
-0.279726 -0.085280 0.797000 185 140 83
-0.278770 -0.085387 0.798000 178 129 70
-0.277462 -0.085387 0.798000 181 131 70
-0.276155 -0.085387 0.798000 183 131 73
-0.274847 -0.085387 0.798000 196 141 84
-0.273540 -0.085387 0.798000 200 145 91
-0.272574 -0.085494 0.799000 199 146 96
-0.271944 -0.085708 0.801000 195 143 96
-0.270970 -0.085815 0.802000 188 141 99
-0.270328 -0.086029 0.804000 169 131 94
-0.269345 -0.086136 0.805000 148 123 93
-0.286255 -0.083971 0.797000 175 136 71
-0.284949 -0.083971 0.797000 172 133 66
-0.283643 -0.083971 0.797000 175 131 66
-0.282692 -0.084076 0.798000 183 138 73
-0.281384 -0.084076 0.798000 188 140 76
-0.280077 -0.084076 0.798000 183 134 67
-0.278770 -0.084076 0.798000 177 124 54
-0.277810 -0.084181 0.799000 180 124 50
-0.276501 -0.084181 0.799000 184 124 54
-0.275192 -0.084181 0.799000 197 134 65
-0.274226 -0.084287 0.800000 196 132 68
-0.273256 -0.084392 0.801000 191 130 67
-0.272283 -0.084497 0.802000 193 131 70
-0.271307 -0.084603 0.803000 193 134 76
-0.270664 -0.084814 0.805000 181 128 74
-0.269680 -0.084919 0.806000 170 126 81
-0.269026 -0.085130 0.808000 146 117 87
-0.286614 -0.082765 0.798000 171 134 66
-0.285306 -0.082765 0.798000 173 134 65
-0.283999 -0.082765 0.798000 174 134 64
-0.282692 -0.082765 0.798000 180 135 67
-0.281737 -0.082869 0.799000 176 127 58
-0.280428 -0.082869 0.799000 181 129 56
-0.279119 -0.082869 0.799000 181 125 48
-0.277810 -0.082869 0.799000 178 119 41
-0.276847 -0.082973 0.800000 179 116 39
-0.275881 -0.083076 0.801000 185 119 45
-0.274568 -0.083076 0.801000 186 119 48
-0.273597 -0.083180 0.802000 186 119 49
-0.272623 -0.083284 0.803000 186 119 49
-0.271645 -0.083388 0.804000 186 119 49
-0.271001 -0.083595 0.806000 188 123 57
-0.270015 -0.083699 0.807000 179 123 64
-0.269358 -0.083906 0.809000 163 120 78
-0.268364 -0.084010 0.810000 137 109 85
-0.285664 -0.081557 0.799000 174 137 69
-0.284355 -0.081557 0.799000 175 135 66
-0.283046 -0.081557 0.799000 174 130 59
-0.281737 -0.081557 0.799000 182 132 61
-0.280428 -0.081557 0.799000 184 130 56
-0.279468 -0.081659 0.800000 182 127 47
-0.278505 -0.081761 0.801000 178 119 39
-0.277193 -0.081761 0.801000 180 118 41
-0.276225 -0.081863 0.802000 179 115 41
-0.274911 -0.081863 0.802000 179 115 44
-0.274280 -0.082067 0.804000 179 115 44
-0.272962 -0.082067 0.804000 182 116 42
-0.271983 -0.082169 0.805000 182 114 39
-0.271337 -0.082373 0.807000 186 114 40
-0.270015 -0.082373 0.807000 179 111 46
-0.269358 -0.082577 0.809000 168 115 65
-0.268364 -0.082679 0.810000 146 110 78
-0.284711 -0.080345 0.800000 176 136 67
-0.283400 -0.080345 0.800000 179 134 66
-0.282442 -0.080445 0.801000 179 130 61
-0.281130 -0.080445 0.801000 179 127 54
-0.280167 -0.080545 0.802000 178 125 47
-0.278853 -0.080545 0.802000 175 118 37
-0.277539 -0.080545 0.802000 177 115 38
-0.276914 -0.080746 0.804000 171 109 34
-0.275597 -0.080746 0.804000 172 109 38
-0.274621 -0.080847 0.805000 175 111 39
-0.273302 -0.080847 0.805000 177 111 35
-0.272659 -0.081048 0.807000 184 115 37
-0.271337 -0.081048 0.807000 184 108 32
-0.270684 -0.081248 0.809000 181 111 41
-0.269691 -0.081349 0.810000 173 113 61
-0.268696 -0.081449 0.811000 149 106 72
-0.285067 -0.079129 0.801000 178 139 72
-0.283754 -0.079129 0.801000 178 138 69
-0.282795 -0.079228 0.802000 174 131 62
-0.281481 -0.079228 0.802000 173 126 56
-0.280516 -0.079327 0.803000 172 124 48
-0.279548 -0.079426 0.804000 173 120 42
-0.278231 -0.079426 0.804000 170 113 36
-0.277258 -0.079524 0.805000 171 109 34
-0.275940 -0.079524 0.805000 171 109 36
-0.274962 -0.079623 0.806000 169 105 31
-0.273981 -0.079722 0.807000 171 104 26
-0.272997 -0.079821 0.808000 179 108 30
-0.272009 -0.079920 0.809000 182 106 30
-0.270684 -0.079920 0.809000 176 106 37
-0.269691 -0.080018 0.810000 169 109 59
-0.268696 -0.080117 0.811000 147 106 76
-0.285778 -0.078008 0.803000 176 138 73
-0.284463 -0.078008 0.803000 176 137 68
-0.283147 -0.078008 0.803000 169 130 61
-0.282183 -0.078105 0.804000 167 125 53
-0.280866 -0.078105 0.804000 168 122 47
-0.279896 -0.078202 0.805000 168 119 42
-0.278577 -0.078202 0.805000 168 112 37
-0.277947 -0.078396 0.807000 167 108 32
-0.276625 -0.078396 0.807000 169 107 32
-0.275303 -0.078396 0.807000 167 103 29
-0.274660 -0.078591 0.809000 168 101 23
-0.273335 -0.078591 0.809000 172 103 26
-0.272345 -0.078688 0.810000 175 103 29
-0.271018 -0.078688 0.810000 173 105 44
-0.270024 -0.078785 0.811000 161 106 65
-0.269027 -0.078882 0.812000 141 105 81
-0.281914 -0.077071 0.807000 165 121 46
-0.280591 -0.077071 0.807000 167 118 41
-0.279269 -0.077071 0.807000 168 112 37
-0.278636 -0.077262 0.809000 169 110 34
-0.277311 -0.077262 0.809000 169 107 32
-0.276326 -0.077357 0.810000 168 105 28
-0.274999 -0.077357 0.810000 171 105 29
-0.274010 -0.077453 0.811000 169 102 31
-0.273018 -0.077548 0.812000 168 100 37
-0.271688 -0.077548 0.812000 160 100 48
-0.270357 -0.077548 0.812000 146 100 67
-0.269358 -0.077644 0.813000 129 100 86
-0.281287 -0.075933 0.809000 168 119 43
-0.279961 -0.075933 0.809000 169 116 40
-0.278981 -0.076027 0.810000 170 113 36
-0.277996 -0.076121 0.811000 169 110 34
-0.277009 -0.076215 0.812000 166 107 31
-0.275678 -0.076215 0.812000 170 108 35
-0.274348 -0.076215 0.812000 164 103 38
-0.273354 -0.076308 0.813000 159 102 47
-0.272022 -0.076308 0.813000 152 103 63
-0.271023 -0.076402 0.814000 136 101 79
-0.279669 -0.074881 0.812000 170 114 39
-0.278339 -0.074881 0.812000 166 110 33
-0.277350 -0.074973 0.813000 164 108 33
-0.276358 -0.075065 0.814000 163 106 37
-0.275024 -0.075065 0.814000 154 102 44
-0.274027 -0.075157 0.815000 144 99 57
-0.272691 -0.075157 0.815000 135 101 73
-0.271356 -0.075157 0.815000 120 101 87
-0.280358 -0.073728 0.814000 169 115 41
-0.279025 -0.073728 0.814000 166 110 33
-0.277691 -0.073728 0.814000 163 109 35
-0.276358 -0.073728 0.814000 160 106 42
-0.275362 -0.073819 0.815000 150 104 52
-0.274027 -0.073819 0.815000 135 101 64
-0.273026 -0.073909 0.816000 121 100 79
-0.271689 -0.073909 0.816000 108 103 97
-0.279367 -0.072480 0.815000 167 111 34
-0.278032 -0.072480 0.815000 165 111 37
-0.277037 -0.072569 0.816000 158 107 44
-0.275700 -0.072569 0.816000 148 106 56
-0.274363 -0.072569 0.816000 126 101 70
-0.273026 -0.072569 0.816000 106 99 81
-0.277376 -0.071316 0.817000 156 107 48
-0.276038 -0.071316 0.817000 140 102 57
-0.275372 -0.071491 0.819000 107 86 59
-0.274364 -0.071578 0.820000 78 74 63
-0.278403 -0.070573 0.824000 144 106 69
-0.277053 -0.070573 0.824000 124 101 83
-0.275703 -0.070573 0.824000 109 99 97
-0.278403 -0.069220 0.824000 143 105 68
-0.277053 -0.069220 0.824000 104 77 58
-0.278398 -0.068196 0.828000 103 73 45
-0.277041 -0.068196 0.828000 35 17 5
-0.281424 -0.066188 0.837000 132 99 64
-0.279718 -0.066108 0.836000 85 67 47
-0.401213 -0.086107 1.112000 165 163 122
-0.399392 -0.086107 1.112000 166 159 115
-0.397570 -0.086107 1.112000 166 156 107
-0.281424 -0.064813 0.837000 148 114 77
-0.279718 -0.064735 0.836000 131 110 89
-0.404485 -0.084584 1.116000 168 167 136
-0.401213 -0.084281 1.112000 168 164 127
-0.399392 -0.084281 1.112000 168 160 121
-0.397570 -0.084281 1.112000 166 155 110
-0.396816 -0.084508 1.115000 161 149 101
-0.280722 -0.063589 0.839000 131 109 88
-0.408134 -0.083121 1.121000 166 169 142
-0.404485 -0.082751 1.116000 165 165 137
-0.402657 -0.082751 1.116000 165 162 131
-0.400469 -0.082677 1.115000 164 158 122
-0.398642 -0.082677 1.115000 162 154 115
-0.396816 -0.082677 1.115000 161 149 107
-0.395697 -0.082825 1.117000 160 146 99
-0.394220 -0.082899 1.118000 165 145 92
-0.411067 -0.081498 1.124000 168 171 150
-0.408134 -0.081280 1.121000 163 167 144
-0.406297 -0.081280 1.121000 162 164 140
-0.403739 -0.081135 1.119000 164 164 136
-0.401906 -0.081135 1.119000 162 161 130
-0.399715 -0.081063 1.118000 161 157 122
-0.397527 -0.080990 1.117000 157 152 114
-0.395697 -0.080990 1.117000 155 146 103
-0.394220 -0.081063 1.118000 159 143 94
-0.392388 -0.081063 1.118000 157 137 86
-0.390557 -0.081063 1.118000 159 136 82
-0.411067 -0.079651 1.124000 164 169 147
-0.408862 -0.079581 1.123000 162 167 145
-0.406660 -0.079510 1.122000 163 167 144
-0.404821 -0.079510 1.122000 162 165 138
-0.403342 -0.079581 1.123000 159 160 129
-0.400787 -0.079439 1.121000 157 156 125
-0.398951 -0.079439 1.121000 158 155 120
-0.396406 -0.079297 1.119000 160 155 117
-0.394573 -0.079297 1.119000 157 146 101
-0.392388 -0.079226 1.118000 155 141 94
-0.390557 -0.079226 1.118000 156 138 88
-0.390116 -0.079510 1.122000 155 135 84
-0.411433 -0.077874 1.125000 172 176 153
-0.409590 -0.077874 1.125000 165 169 146
-0.407747 -0.077874 1.125000 160 164 139
-0.405543 -0.077805 1.124000 159 163 136
-0.403342 -0.077736 1.123000 159 162 133
-0.401503 -0.077736 1.123000 160 161 129
-0.399307 -0.077667 1.122000 156 157 123
-0.397469 -0.077667 1.122000 153 151 113
-0.395278 -0.077597 1.121000 154 149 109
-0.393441 -0.077597 1.121000 156 144 102
-0.391954 -0.077667 1.122000 156 142 97
-0.390116 -0.077667 1.122000 156 138 92
-0.412896 -0.076297 1.129000 167 165 142
-0.410318 -0.076162 1.127000 164 164 140
-0.408472 -0.076162 1.127000 163 163 139
-0.405904 -0.076026 1.125000 162 162 138
-0.403702 -0.075959 1.124000 159 159 133
-0.401503 -0.075891 1.123000 158 158 130
-0.399663 -0.075891 1.123000 157 156 126
-0.397823 -0.075891 1.123000 156 153 122
-0.395631 -0.075824 1.122000 152 147 115
-0.393792 -0.075824 1.122000 153 145 109
-0.391954 -0.075824 1.122000 155 141 106
-0.266976 -0.056699 0.839000 162 185 193
-0.413262 -0.074508 1.130000 165 154 134
-0.410682 -0.074376 1.128000 161 153 134
-0.408834 -0.074376 1.128000 160 152 133
-0.407347 -0.074442 1.129000 156 149 130
-0.405138 -0.074376 1.128000 152 146 124
-0.402933 -0.074310 1.127000 149 143 121
-0.401086 -0.074310 1.127000 147 141 119
-0.399240 -0.074310 1.127000 144 138 114
-0.397394 -0.074310 1.127000 139 131 108
-0.395898 -0.074376 1.128000 139 129 104
-0.394050 -0.074376 1.128000 138 122 97
-0.412503 -0.072845 1.133000 107 93 80
-0.410646 -0.072845 1.133000 101 89 77
-0.407347 -0.072588 1.129000 96 86 74
-0.405497 -0.072588 1.129000 92 84 71
-0.405078 -0.072845 1.133000 91 84 68
-0.403222 -0.072845 1.133000 89 81 68
-0.401365 -0.072845 1.133000 83 77 63
-0.399862 -0.072909 1.134000 83 77 63
-0.398004 -0.072909 1.134000 85 79 65
-0.396845 -0.073038 1.136000 89 77 63
-0.408790 -0.070984 1.133000 106 99 93
-0.406934 -0.070984 1.133000 106 101 95
-0.407223 -0.071360 1.139000 113 108 102
-0.405357 -0.071360 1.139000 121 118 113
-0.403491 -0.071360 1.139000 123 122 117
-0.402330 -0.071485 1.141000 122 124 119
-0.401514 -0.071673 1.144000 130 132 127
-0.399989 -0.071736 1.145000 138 139 134
-0.400547 -0.072174 1.152000 151 151 149
-0.399698 -0.072362 1.155000 158 162 163
-0.398150 -0.072425 1.156000 166 172 172
-0.396942 -0.072550 1.158000 175 186 182
-0.408790 -0.069123 1.133000 171 171 169
-0.406934 -0.069123 1.133000 168 170 169
-0.408296 -0.069672 1.142000 170 172 171
-0.406425 -0.069672 1.142000 170 174 175
-0.405616 -0.069855 1.145000 168 173 176
-0.403741 -0.069855 1.145000 171 181 182
-0.403269 -0.070099 1.149000 177 188 190
-0.402085 -0.070221 1.151000 181 192 196
-0.400547 -0.070282 1.152000 186 199 205
-0.399698 -0.070465 1.155000 184 201 208
-0.398150 -0.070526 1.156000 181 201 208
-0.396942 -0.070648 1.158000 184 207 213
-0.396750 -0.070953 1.163000 182 207 211
-0.410083 -0.068093 1.147000 176 192 192
-0.408204 -0.068093 1.147000 177 190 196
-0.407388 -0.068271 1.150000 177 192 199
-0.405856 -0.068330 1.151000 175 194 200
-0.404322 -0.068390 1.152000 177 201 205
-0.403482 -0.068568 1.155000 185 208 214
-0.402633 -0.068746 1.158000 184 209 216
-0.401082 -0.068805 1.159000 186 210 220
-0.399528 -0.068865 1.160000 182 209 220
-0.397970 -0.068924 1.161000 183 211 223
-0.396750 -0.069043 1.163000 181 211 222
-0.409984 -0.066498 1.152000 175 194 201
-0.408096 -0.066498 1.152000 177 197 206
-0.407267 -0.066671 1.155000 173 198 205
-0.406427 -0.066844 1.158000 173 200 207
-0.405229 -0.066959 1.160000 177 204 213
-0.404372 -0.067132 1.163000 176 205 213
-0.402812 -0.067190 1.164000 179 207 218
-0.400905 -0.067190 1.164000 178 208 219
-0.399341 -0.067248 1.165000 182 211 225
-0.397433 -0.067248 1.165000 181 213 226
-0.412347 -0.065278 1.164000 179 199 206
-0.410440 -0.065278 1.164000 177 202 209
-0.408884 -0.065334 1.165000 173 200 207
-0.407325 -0.065390 1.166000 174 201 208
-0.406458 -0.065559 1.169000 173 202 210
-0.404197 -0.065503 1.168000 176 205 213
-0.402283 -0.065503 1.168000 175 205 215
-0.399341 -0.065334 1.165000 180 210 221
-0.397433 -0.065334 1.165000 183 213 224
-0.418198 -0.064564 1.186000 176 199 207
-0.415202 -0.064401 1.183000 173 198 205
-0.412914 -0.064346 1.182000 174 199 206
-0.410978 -0.064346 1.182000 173 200 207
-0.407311 -0.064074 1.177000 175 202 209
-0.402972 -0.063693 1.170000 174 203 211
-0.401055 -0.063693 1.170000 177 205 216
-0.421371 -0.063091 1.195000 171 194 200
-0.418010 -0.062880 1.191000 170 195 200
-0.415360 -0.062774 1.189000 171 196 201
-0.413412 -0.062774 1.189000 172 200 204
-0.410772 -0.062669 1.187000 172 200 204
-0.407449 -0.062457 1.183000 171 200 206
-0.405511 -0.062457 1.183000 174 203 209
-0.421519 -0.061435 1.201000 171 194 200
-0.418504 -0.061282 1.198000 171 194 200
-0.416193 -0.061230 1.197000 172 197 201
-0.413540 -0.061128 1.195000 169 194 198
-0.411238 -0.061077 1.194000 168 196 199
-0.409282 -0.061077 1.194000 170 198 202
-0.119359 -0.000088 0.379000 122 116 102
-0.119359 0.000534 0.379000 119 116 99
-0.119980 0.001157 0.379000 155 154 133
-0.119359 0.001157 0.379000 133 130 111
-0.120601 0.001779 0.379000 167 174 158
-0.119980 0.001779 0.379000 153 155 134
-0.119359 0.001779 0.379000 139 138 118
-0.120601 0.002402 0.379000 167 175 162
-0.119980 0.002402 0.379000 154 159 139
-0.119359 0.002402 0.379000 135 136 118
-0.119359 0.003024 0.379000 148 153 133
-0.118738 0.003024 0.379000 118 120 107
-0.119980 0.003647 0.379000 167 175 160
-0.119359 0.003647 0.379000 156 163 145
-0.118738 0.003647 0.379000 149 153 139
-0.119980 0.004269 0.379000 166 178 164
-0.119359 0.004269 0.379000 157 166 149
-0.118738 0.004269 0.379000 146 150 136
-0.119980 0.004892 0.379000 171 185 172
-0.119359 0.004892 0.379000 162 170 155
-0.118738 0.004892 0.379000 150 153 142
-0.119674 0.005529 0.380000 166 177 161
-0.119051 0.005529 0.380000 157 160 149
-0.118429 0.006153 0.380000 154 155 149
-0.473629 0.039869 0.368579 54 103 99
-0.474049 0.039763 0.369560 57 104 98
-0.473383 0.039446 0.370524 63 108 103
-0.473225 0.040824 0.368855 55 105 104
-0.472561 0.040505 0.369820 48 100 96
-0.472980 0.040400 0.370800 45 100 95
-0.473399 0.040294 0.371780 42 97 94
-0.472732 0.039976 0.372739 47 98 99
-0.472063 0.039659 0.373696 60 108 108
-0.471394 0.039342 0.374649 58 102 103
-0.470723 0.039025 0.375600 61 101 101
-0.471139 0.038920 0.376574 69 103 104
-0.051141 -0.042710 0.366876 73 105 104
-0.051313 -0.042754 0.367278 80 110 110
-0.471738 0.041565 0.369116 63 109 109
-0.472157 0.041459 0.370095 52 102 101
-0.472576 0.041353 0.371075 46 102 99
-0.471911 0.041034 0.372036 35 95 93
-0.471244 0.040715 0.372993 31 93 92
-0.470575 0.040396 0.373948 33 94 95
-0.470992 0.040291 0.374923 40 98 99
-0.470322 0.039973 0.375873 35 89 91
-0.049716 -0.042489 0.366561 46 96 95
-0.049887 -0.042532 0.366961 52 98 98
-0.050059 -0.042575 0.367361 72 118 116
-0.049140 -0.042831 0.367730 81 127 125
-0.049310 -0.042874 0.368129 78 126 126
-0.049481 -0.042917 0.368528 74 128 130
-0.465595 0.037755 0.382442 78 133 138
-0.463823 0.037228 0.383331 80 137 146
-0.463140 0.036913 0.384254 79 131 144
-0.463551 0.036809 0.385213 79 125 140
-0.462866 0.036494 0.386130 81 118 134
-0.471335 0.042518 0.369391 80 118 121
-0.470671 0.042197 0.370354 69 110 112
-0.470006 0.041876 0.371314 60 108 108
-0.470424 0.041771 0.372291 41 97 96
-0.470841 0.041666 0.373268 30 92 91
-0.470174 0.041346 0.374222 32 98 97
-0.469505 0.041026 0.375173 32 98 96
-0.468835 0.040706 0.376122 35 101 99
-0.049551 -0.042099 0.366673 32 97 91
-0.049723 -0.042142 0.367073 29 91 86
-0.048805 -0.042400 0.367444 32 94 89
-0.048976 -0.042443 0.367842 30 92 89
-0.049146 -0.042486 0.368241 39 105 103
-0.048226 -0.042742 0.368605 52 122 122
-0.048396 -0.042785 0.369003 58 129 131
-0.464519 0.038376 0.383639 61 132 136
-0.463838 0.038059 0.384562 63 132 139
-0.463156 0.037742 0.385482 64 128 137
-0.463566 0.037639 0.386441 68 126 137
-0.461787 0.037111 0.387313 72 122 133
-0.462196 0.037007 0.388269 76 119 128
-0.470268 0.043149 0.370629 84 115 118
-0.469604 0.042827 0.371589 71 111 111
-0.468938 0.042505 0.372545 51 101 102
-0.469355 0.042400 0.373521 32 90 91
-0.468688 0.042079 0.374473 28 92 92
-0.469104 0.041974 0.375447 46 116 114
-0.468434 0.041653 0.376395 47 118 114
-0.467763 0.041332 0.377340 35 108 101
-0.468179 0.041227 0.378311 14 85 77
-0.048641 -0.042012 0.367556 14 85 77
-0.048812 -0.042055 0.367954 12 84 81
-0.048982 -0.042098 0.368353 18 92 91
-0.048063 -0.042355 0.368717 28 106 106
-0.048233 -0.042398 0.369114 30 110 109
-0.047311 -0.042656 0.369474 34 112 112
-0.047481 -0.042698 0.369870 40 118 120
-0.462761 0.038676 0.385751 45 118 124
-0.463171 0.038572 0.386710 52 121 128
-0.463581 0.038469 0.387669 58 121 130
-0.469202 0.043778 0.371863 88 119 122
-0.468537 0.043454 0.372819 50 91 95
-0.467870 0.043131 0.373773 36 87 90
-0.046540 -0.041626 0.365651 26 86 87
-0.046710 -0.041669 0.366048 30 96 95
-0.466949 0.042382 0.376642 28 99 95
-0.467364 0.042277 0.377613 28 99 93
-0.466692 0.041955 0.378554 15 85 77
-0.467107 0.041851 0.379523 10 81 75
-0.466433 0.041530 0.380461 7 78 80
-0.465759 0.041209 0.381395 7 81 84
-0.046810 -0.042185 0.368793 18 94 94
-0.046979 -0.042228 0.369189 20 99 96
-0.047148 -0.042271 0.369585 17 93 89
-0.047318 -0.042313 0.369981 16 92 90
-0.047487 -0.042356 0.370376 26 100 101
-0.468135 0.044403 0.373094 59 97 100
-0.466386 0.043860 0.374024 33 82 86
-0.046377 -0.041239 0.365762 20 78 80
-0.046547 -0.041282 0.366160 14 78 78
-0.046716 -0.041325 0.366557 18 84 83
-0.046886 -0.041368 0.366954 5 71 69
-0.047056 -0.041411 0.367351 7 72 68
-0.465621 0.042576 0.379765 9 73 72
-0.466035 0.042472 0.380733 11 78 84
-0.046478 -0.041757 0.368509 7 76 81
-0.046647 -0.041800 0.368905 10 80 80
-0.046816 -0.041843 0.369300 13 83 81
-0.046986 -0.041885 0.369696 11 82 78
-0.046064 -0.042145 0.370052 5 76 72
-0.046233 -0.042188 0.370446 3 71 70
-0.046401 -0.042230 0.370840 7 77 79
-0.044792 -0.040988 0.365058 67 106 111
-0.044961 -0.041031 0.365454 47 96 100
-0.045130 -0.041073 0.365850 25 83 85
-0.045299 -0.041116 0.366246 17 78 81
-0.045469 -0.041159 0.366641 15 74 78
-0.045638 -0.041201 0.367037 13 73 74
-0.045807 -0.041244 0.367433 13 67 69
-0.045976 -0.041287 0.367829 10 63 67
-0.046146 -0.041329 0.368224 7 64 71
-0.046315 -0.041372 0.368620 11 70 76
-0.046484 -0.041415 0.369016 12 72 73
-0.045565 -0.041677 0.369374 11 70 68
-0.045733 -0.041719 0.369768 8 67 63
-0.045902 -0.041762 0.370163 10 66 63
-0.046071 -0.041804 0.370557 11 70 68
-0.046239 -0.041847 0.370951 10 70 71
-0.046408 -0.041889 0.371345 13 74 79
-0.046576 -0.041932 0.371740 14 77 86
-0.044629 -0.040603 0.365169 80 121 125
-0.044798 -0.040646 0.365565 52 103 107
-0.044967 -0.040688 0.365961 32 90 94
-0.045137 -0.040731 0.366357 16 77 80
-0.045306 -0.040774 0.366753 20 79 83
-0.045475 -0.040816 0.367148 6 64 68
-0.045644 -0.040859 0.367544 14 65 69
-0.045814 -0.040902 0.367940 12 63 67
-0.045983 -0.040944 0.368336 6 61 66
-0.046152 -0.040987 0.368731 9 64 67
-0.045234 -0.041250 0.369091 7 63 64
-0.045402 -0.041293 0.369485 10 65 62
-0.045571 -0.041335 0.369879 13 65 61
-0.045740 -0.041378 0.370273 12 65 59
-0.045908 -0.041420 0.370668 19 71 69
-0.046077 -0.041463 0.371062 18 72 72
-0.046246 -0.041505 0.371456 15 70 75
-0.046414 -0.041548 0.371850 15 74 82
-0.046583 -0.041591 0.372245 9 72 81
-0.046751 -0.041633 0.372639 12 72 80
-0.045546 -0.039994 0.365303 73 121 125
-0.045716 -0.040037 0.365700 46 104 106
-0.044804 -0.040303 0.366072 33 97 99
-0.044974 -0.040346 0.366468 22 87 91
-0.045143 -0.040388 0.366864 13 76 81
-0.045312 -0.040431 0.367259 14 75 78
-0.045481 -0.040474 0.367655 13 68 71
-0.045651 -0.040516 0.368051 10 63 67
-0.045820 -0.040559 0.368447 6 64 66
-0.044903 -0.040824 0.368807 3 61 62
-0.045072 -0.040867 0.369201 5 64 62
-0.045240 -0.040909 0.369596 6 65 61
-0.045409 -0.040952 0.369990 7 62 57
-0.045577 -0.040994 0.370384 11 64 58
-0.045746 -0.041037 0.370778 18 70 68
-0.045915 -0.041079 0.371173 22 73 74
-0.046083 -0.041122 0.371567 20 74 76
-0.046252 -0.041164 0.371961 14 72 76
-0.046420 -0.041207 0.372356 7 68 73
-0.046589 -0.041249 0.372750 10 71 76
-0.045383 -0.039607 0.365414 53 101 105
-0.045553 -0.039650 0.365812 32 90 92
-0.044641 -0.039918 0.366183 25 88 93
-0.044811 -0.039961 0.366579 16 84 87
-0.044980 -0.040003 0.366975 14 79 83
-0.045149 -0.040046 0.367371 20 81 84
-0.045318 -0.040089 0.367766 22 80 84
-0.045488 -0.040131 0.368162 23 78 81
-0.045657 -0.040174 0.368558 14 72 73
-0.044741 -0.040440 0.368918 6 66 66
-0.044909 -0.040483 0.369312 6 66 64
-0.045078 -0.040525 0.369706 7 68 63
-0.045246 -0.040568 0.370101 5 64 58
-0.045415 -0.040610 0.370495 5 62 56
-0.045584 -0.040653 0.370889 12 64 62
-0.045752 -0.040696 0.371284 15 66 67
-0.045921 -0.040738 0.371678 11 65 67
-0.046090 -0.040781 0.372072 19 74 77
-0.046258 -0.040823 0.372466 17 76 80
-0.046427 -0.040866 0.372861 14 75 80
-0.046595 -0.040908 0.373255 18 77 83
-0.329036 0.015715 0.390532 57 88 91
-0.045219 -0.039221 0.365526 40 81 87
-0.045389 -0.039264 0.365923 26 77 81
-0.045559 -0.039306 0.366321 21 80 86
-0.045729 -0.039349 0.366718 15 78 83
-0.044817 -0.039618 0.367086 14 77 82
-0.044986 -0.039661 0.367482 20 81 84
-0.045156 -0.039703 0.367878 20 78 82
-0.045325 -0.039746 0.368273 22 80 82
-0.045494 -0.039789 0.368669 24 80 81
-0.045663 -0.039832 0.369065 15 73 74
-0.045833 -0.039874 0.369461 11 71 71
-0.044916 -0.040142 0.369817 11 73 70
-0.045084 -0.040184 0.370211 9 69 67
-0.045253 -0.040227 0.370606 5 65 63
-0.045421 -0.040269 0.371000 9 65 64
-0.045590 -0.040312 0.371394 11 67 68
-0.045759 -0.040354 0.371789 15 71 72
-0.045927 -0.040397 0.372183 30 88 90
-0.046096 -0.040439 0.372577 34 93 97
-0.045173 -0.040705 0.372920 26 87 92
-0.045341 -0.040748 0.373313 27 88 93
-0.046602 -0.040567 0.373760 35 94 102
-0.329147 0.016860 0.389257 44 99 106
-0.329480 0.016776 0.390033 51 100 105
-0.328717 0.016470 0.390750 65 109 112
-0.044886 -0.038791 0.365240 47 74 81
-0.045056 -0.038834 0.365638 39 76 84
-0.045226 -0.038877 0.366035 27 72 78
-0.045396 -0.038920 0.366432 19 72 78
-0.045565 -0.038963 0.366829 9 66 73
-0.045735 -0.039006 0.367227 8 65 72
-0.044823 -0.039276 0.367593 12 70 74
-0.044993 -0.039318 0.367989 14 69 72
-0.045162 -0.039361 0.368385 19 75 76
-0.045331 -0.039404 0.368780 24 78 80
-0.045500 -0.039446 0.369176 20 76 77
-0.045670 -0.039489 0.369572 17 75 76
-0.044753 -0.039758 0.369928 15 75 75
-0.044922 -0.039801 0.370322 12 72 72
-0.045090 -0.039843 0.370717 9 69 69
-0.045259 -0.039886 0.371111 10 68 69
-0.045428 -0.039928 0.371505 14 70 71
-0.045596 -0.039971 0.371899 18 74 75
-0.045765 -0.040013 0.372294 37 95 97
-0.045934 -0.040056 0.372688 46 106 107
-0.045011 -0.040323 0.373031 37 98 101
-0.045179 -0.040366 0.373423 30 91 96
-0.045347 -0.040408 0.373816 31 90 98
-0.046608 -0.040226 0.374265 31 89 100
-0.327734 0.017391 0.389418 32 89 98
-0.328066 0.017308 0.390193 37 92 97
-0.329492 0.017448 0.391028 35 84 88
-0.329824 0.017364 0.391805 47 86 91
-0.044722 -0.038405 0.365352 61 84 90
-0.044892 -0.038448 0.365749 41 71 79
-0.045062 -0.038490 0.366147 27 66 73
-0.045232 -0.038533 0.366544 20 64 73
-0.045402 -0.038576 0.366941 12 61 68
-0.045572 -0.038619 0.367338 11 61 68
-0.044661 -0.038890 0.367704 15 66 70
-0.044830 -0.038933 0.368100 13 64 67
-0.044999 -0.038976 0.368496 17 66 70
-0.045168 -0.039019 0.368892 20 68 72
-0.045337 -0.039061 0.369287 23 72 77
-0.044422 -0.039332 0.369645 21 74 78
-0.044591 -0.039374 0.370039 15 70 73
-0.044760 -0.039417 0.370433 9 67 69
-0.044928 -0.039459 0.370827 10 65 68
-0.045097 -0.039502 0.371222 11 66 69
-0.045265 -0.039544 0.371616 14 67 71
-0.045434 -0.039587 0.372010 9 62 66
-0.045603 -0.039629 0.372404 18 73 76
-0.045771 -0.039672 0.372799 27 85 87
-0.045940 -0.039714 0.373193 35 94 98
-0.045018 -0.039983 0.373534 41 100 106
-0.045186 -0.040026 0.373927 39 98 104
-0.045354 -0.040068 0.374319 28 85 94
-0.046614 -0.039885 0.374770 18 73 80
-0.327747 0.018062 0.390411 24 79 84
-0.329172 0.018204 0.391247 22 73 76
-0.330599 0.018346 0.392086 39 80 84
-0.044559 -0.038018 0.365464 73 97 101
-0.044729 -0.038061 0.365861 45 76 81
-0.044899 -0.038104 0.366258 28 65 71
-0.045069 -0.038147 0.366655 21 64 71
-0.045238 -0.038190 0.367053 15 62 68
-0.045408 -0.038232 0.367450 13 62 67
-0.045578 -0.038275 0.367847 16 65 69
-0.044667 -0.038548 0.368211 13 63 64
-0.044836 -0.038591 0.368607 15 63 65
-0.045005 -0.038633 0.369003 16 64 68
-0.045175 -0.038676 0.369399 21 70 75
-0.044260 -0.038948 0.369755 20 71 75
-0.044429 -0.038991 0.370150 11 65 67
-0.044597 -0.039033 0.370544 6 62 63
-0.044766 -0.039076 0.370938 8 62 64
-0.044934 -0.039118 0.371332 9 63 65
-0.045103 -0.039161 0.371727 13 64 67
-0.045272 -0.039203 0.372121 11 62 65
-0.045440 -0.039246 0.372515 9 62 66
-0.045609 -0.039288 0.372909 9 67 69
-0.045778 -0.039331 0.373304 11 71 72
-0.044856 -0.039601 0.373644 10 68 72
-0.045024 -0.039643 0.374037 8 66 70
-0.045192 -0.039686 0.374430 12 67 74
-0.045360 -0.039728 0.374823 16 69 75
-0.046621 -0.039543 0.375275 11 64 68
-0.331039 0.019414 0.391587 21 70 74
-0.332466 0.019556 0.392430 30 73 79
-0.045472 -0.037399 0.365598 75 103 106
-0.045642 -0.037442 0.365997 55 88 93
-0.045813 -0.037485 0.366396 32 71 76
-0.044905 -0.037760 0.366767 21 64 70
-0.045075 -0.037803 0.367164 13 61 65
-0.045245 -0.037846 0.367561 8 57 61
-0.045415 -0.037889 0.367959 11 62 65
-0.044504 -0.038163 0.368322 12 63 64
-0.044673 -0.038206 0.368718 14 65 66
-0.044842 -0.038248 0.369114 13 64 67
-0.045012 -0.038291 0.369510 18 69 72
-0.045181 -0.038334 0.369905 13 67 69
-0.044266 -0.038607 0.370260 4 60 59
-0.044435 -0.038649 0.370655 4 58 58
-0.044604 -0.038692 0.371049 6 60 60
-0.044772 -0.038734 0.371443 11 61 62
-0.044941 -0.038777 0.371837 13 63 64
-0.045109 -0.038819 0.372232 8 58 59
-0.045278 -0.038862 0.372626 4 55 58
-0.045447 -0.038904 0.373020 3 59 60
-0.045615 -0.038947 0.373415 7 65 66
-0.045784 -0.038990 0.373809 9 64 67
-0.044862 -0.039261 0.374147 6 61 64
-0.045030 -0.039303 0.374540 8 59 63
-0.045198 -0.039346 0.374933 10 59 64
-0.046458 -0.039160 0.375386 16 64 68
-0.332903 0.020629 0.391930 14 59 64
-0.335425 0.021001 0.392839 28 69 75
-0.045307 -0.037011 0.365710 75 105 107
-0.045478 -0.037054 0.366109 50 85 89
-0.045648 -0.037097 0.366508 26 70 73
-0.045819 -0.037140 0.366907 20 68 72
-0.044911 -0.037416 0.367276 17 66 70
-0.045081 -0.037459 0.367673 12 61 65
-0.045251 -0.037502 0.368070 12 63 66
-0.045421 -0.037545 0.368468 9 60 61
-0.044510 -0.037820 0.368829 8 59 60
-0.044680 -0.037863 0.369225 11 65 67
-0.044849 -0.037906 0.369621 12 66 68
-0.045018 -0.037948 0.370017 6 60 60
-0.044104 -0.038223 0.370371 1 56 53
-0.044273 -0.038266 0.370765 4 56 54
-0.044441 -0.038308 0.371160 7 59 57
-0.044610 -0.038351 0.371554 10 60 59
-0.044779 -0.038393 0.371948 14 62 62
-0.044947 -0.038436 0.372343 11 59 61
-0.045116 -0.038478 0.372737 5 55 56
-0.045284 -0.038521 0.373131 3 54 57
-0.045453 -0.038563 0.373525 5 59 61
-0.044533 -0.038836 0.373865 6 60 62
-0.044701 -0.038879 0.374258 7 58 61
-0.044869 -0.038921 0.374651 7 55 59
-0.045037 -0.038964 0.375043 7 52 55
-0.045205 -0.039006 0.375436 12 56 59
-0.046465 -0.038818 0.375891 23 64 68
-0.337287 0.022225 0.393186 39 78 85
-0.045143 -0.036623 0.365822 77 106 110
-0.045314 -0.036666 0.366221 41 81 83
-0.045484 -0.036709 0.366620 22 70 72
-0.045655 -0.036752 0.367019 18 69 72
-0.044748 -0.037030 0.367387 16 67 71
-0.044918 -0.037073 0.367785 14 61 67
-0.045088 -0.037115 0.368182 17 66 70
-0.045258 -0.037158 0.368579 8 59 62
-0.044347 -0.037435 0.368941 10 64 66
-0.044517 -0.037478 0.369336 15 66 69
-0.044686 -0.037521 0.369732 10 61 64
-0.044855 -0.037563 0.370128 4 55 56
-0.043942 -0.037839 0.370482 7 59 57
-0.044110 -0.037882 0.370876 11 61 60
-0.044279 -0.037924 0.371270 9 59 56
-0.044448 -0.037967 0.371665 12 61 58
-0.044616 -0.038009 0.372059 12 61 58
-0.044785 -0.038052 0.372453 9 57 57
-0.044953 -0.038095 0.372848 4 52 52
-0.045122 -0.038137 0.373242 6 54 56
-0.045291 -0.038180 0.373636 6 54 56
-0.044371 -0.038454 0.373975 6 54 56
-0.044539 -0.038497 0.374368 9 54 57
-0.044707 -0.038539 0.374761 8 52 55
-0.044875 -0.038581 0.375154 10 51 55
-0.045043 -0.038624 0.375547 16 55 60
-0.046302 -0.038435 0.376002 10 49 56
-0.046471 -0.038477 0.376396 65 102 111
-0.044979 -0.036235 0.365934 75 104 108
-0.045150 -0.036278 0.366333 43 87 88
-0.045320 -0.036321 0.366732 26 77 78
-0.045491 -0.036364 0.367131 21 74 78
-0.045661 -0.036407 0.367529 18 69 73
-0.044754 -0.036686 0.367896 18 65 71
-0.044924 -0.036729 0.368294 17 64 70
-0.045094 -0.036772 0.368691 9 60 63
-0.044184 -0.037050 0.369052 8 62 64
-0.044354 -0.037093 0.369448 11 62 65
-0.044523 -0.037135 0.369843 10 61 64
-0.044692 -0.037178 0.370239 7 57 58
-0.043779 -0.037456 0.370593 8 58 57
-0.043948 -0.037498 0.370987 10 60 57
-0.044117 -0.037541 0.371381 11 60 57
-0.044285 -0.037583 0.371776 15 64 61
-0.044454 -0.037626 0.372170 15 64 61
-0.044623 -0.037668 0.372564 13 61 61
-0.044791 -0.037711 0.372958 9 57 57
-0.044960 -0.037753 0.373353 10 58 60
-0.045128 -0.037796 0.373747 11 56 59
-0.045297 -0.037838 0.374141 9 54 57
-0.044377 -0.038114 0.374479 9 53 56
-0.044545 -0.038157 0.374871 9 50 52
-0.045803 -0.037966 0.375324 10 49 54
-0.045971 -0.038008 0.375718 13 52 59
-0.046140 -0.038051 0.376113 16 53 61
-0.046309 -0.038094 0.376507 67 104 113
-0.044986 -0.035890 0.366445 44 88 89
-0.045156 -0.035933 0.366844 30 81 82
-0.045327 -0.035976 0.367243 22 75 79
-0.045497 -0.036019 0.367641 14 67 71
-0.044591 -0.036299 0.368008 17 66 71
-0.044761 -0.036342 0.368405 14 61 67
-0.044930 -0.036385 0.368802 12 63 66
-0.044022 -0.036665 0.369163 9 60 61
-0.044191 -0.036708 0.369559 7 61 63
-0.044360 -0.036750 0.369955 10 64 66
-0.044529 -0.036793 0.370350 10 61 62
-0.043617 -0.037072 0.370704 9 61 59
-0.043786 -0.037115 0.371098 8 60 56
-0.043954 -0.037157 0.371492 9 59 56
-0.044123 -0.037200 0.371886 13 63 62
-0.044292 -0.037242 0.372281 13 63 62
-0.044460 -0.037285 0.372675 12 62 63
-0.044629 -0.037327 0.373069 8 58 59
-0.044797 -0.037370 0.373463 10 59 63
-0.044966 -0.037412 0.373858 11 59 63
-0.045135 -0.037455 0.374252 9 54 57
-0.045303 -0.037497 0.374646 9 53 56
-0.045472 -0.037540 0.375041 7 51 54
-0.045640 -0.037582 0.375435 10 51 55
-0.045809 -0.037625 0.375829 15 56 62
-0.045978 -0.037667 0.376223 22 61 68
-0.046146 -0.037710 0.376618 64 101 109
-0.044821 -0.035502 0.366557 43 87 88
-0.044992 -0.035545 0.366956 34 85 88
-0.045162 -0.035588 0.367355 19 74 77
-0.045333 -0.035631 0.367753 12 65 69
-0.044427 -0.035913 0.368120 14 63 68
-0.044597 -0.035956 0.368517 10 59 63
-0.044767 -0.035998 0.368914 13 63 64
-0.044937 -0.036041 0.369311 10 61 62
-0.044028 -0.036322 0.369670 8 59 62
-0.044197 -0.036365 0.370066 12 63 66
-0.044366 -0.036408 0.370462 11 62 63
-0.043455 -0.036688 0.370814 10 62 60
-0.043623 -0.036731 0.371209 7 57 56
-0.043792 -0.036773 0.371603 6 56 53
-0.043961 -0.036816 0.371997 11 61 60
-0.044129 -0.036858 0.372391 12 62 61
-0.044298 -0.036901 0.372786 11 61 62
-0.044467 -0.036943 0.373180 7 57 58
-0.044635 -0.036986 0.373574 9 58 62
-0.044804 -0.037028 0.373968 11 59 63
-0.044972 -0.037071 0.374363 10 55 58
-0.045141 -0.037113 0.374757 9 53 56
-0.045310 -0.037156 0.375151 7 51 54
-0.045478 -0.037199 0.375546 10 51 55
-0.045647 -0.037241 0.375940 12 53 59
-0.045815 -0.037284 0.376334 24 63 70
-0.045984 -0.037326 0.376728 50 87 95
-0.044657 -0.035114 0.366669 46 87 89
-0.044828 -0.035157 0.367068 38 89 92
-0.044998 -0.035200 0.367467 20 75 78
-0.045169 -0.035243 0.367865 13 68 73
-0.044264 -0.035526 0.368231 11 62 66
-0.044434 -0.035569 0.368628 10 59 63
-0.044603 -0.035612 0.369026 12 62 63
-0.044773 -0.035655 0.369423 12 62 63
-0.043865 -0.035937 0.369781 9 58 62
-0.044034 -0.035980 0.370177 10 59 63
-0.044203 -0.036023 0.370573 9 59 60
-0.043293 -0.036305 0.370925 8 58 57
-0.043461 -0.036347 0.371319 6 54 54
-0.043630 -0.036390 0.371714 6 54 54
-0.043798 -0.036432 0.372108 12 60 60
-0.043967 -0.036475 0.372502 17 65 65
-0.044136 -0.036517 0.372896 15 63 65
-0.044304 -0.036560 0.373291 9 57 59
-0.044473 -0.036602 0.373685 11 59 63
-0.044641 -0.036645 0.374079 13 58 63
-0.044810 -0.036687 0.374474 12 56 59
-0.044979 -0.036730 0.374868 11 52 56
-0.045147 -0.036772 0.375262 8 47 52
-0.045316 -0.036815 0.375656 8 47 52
-0.045485 -0.036857 0.376051 13 54 58
-0.045653 -0.036900 0.376445 25 64 69
-0.045822 -0.036942 0.376839 38 73 79
-0.044493 -0.034726 0.366781 45 85 85
-0.044664 -0.034769 0.367180 39 87 89
-0.044834 -0.034812 0.367579 20 73 77
-0.045005 -0.034855 0.367978 14 69 72
-0.044100 -0.035140 0.368343 11 62 66
-0.044270 -0.035182 0.368740 10 59 63
-0.044440 -0.035225 0.369137 10 58 60
-0.044610 -0.035268 0.369535 12 60 60
-0.043702 -0.035552 0.369892 12 60 62
-0.043871 -0.035595 0.370288 9 59 60
-0.044041 -0.035637 0.370684 6 54 54
-0.044210 -0.035680 0.371080 6 54 54
-0.043299 -0.035963 0.371430 5 53 53
-0.043467 -0.036006 0.371824 6 54 54
-0.043636 -0.036048 0.372219 13 61 61
-0.043805 -0.036091 0.372613 18 66 66
-0.043973 -0.036133 0.373007 15 63 65
-0.044142 -0.036176 0.373402 9 57 59
-0.044311 -0.036218 0.373796 12 57 62
-0.044479 -0.036261 0.374190 14 57 63
-0.044648 -0.036304 0.374584 14 55 59
-0.044816 -0.036346 0.374979 12 51 56
-0.044985 -0.036389 0.375373 9 46 52
-0.045154 -0.036431 0.375767 10 47 53
-0.045322 -0.036474 0.376161 18 56 59
-0.045491 -0.036516 0.376556 21 59 62
-0.045659 -0.036559 0.376950 33 64 67
-0.044500 -0.034381 0.367292 41 87 87
-0.044670 -0.034424 0.367691 23 74 77
-0.044841 -0.034467 0.368090 13 66 70
-0.043937 -0.034753 0.368454 13 64 68
-0.044107 -0.034796 0.368852 12 60 64
-0.044276 -0.034839 0.369249 12 57 60
-0.044446 -0.034881 0.369646 14 60 60
-0.043539 -0.035167 0.370004 12 60 62
-0.043708 -0.035210 0.370399 11 59 61
-0.043878 -0.035252 0.370795 6 54 54
-0.044047 -0.035295 0.371191 5 53 53
-0.043137 -0.035580 0.371541 8 54 52
-0.043305 -0.035622 0.371935 11 57 55
-0.043474 -0.035665 0.372329 14 62 62
-0.043642 -0.035707 0.372724 15 63 63
-0.043811 -0.035750 0.373118 12 60 62
-0.043980 -0.035792 0.373512 6 54 56
-0.044148 -0.035835 0.373907 10 55 58
-0.044317 -0.035877 0.374301 12 56 59
-0.044485 -0.035920 0.374695 13 54 58
-0.044654 -0.035962 0.375089 12 51 56
-0.044823 -0.036005 0.375484 12 50 53
-0.044991 -0.036047 0.375878 16 51 55
-0.045160 -0.036090 0.376272 20 54 56
-0.045329 -0.036132 0.376667 21 52 54
-0.044335 -0.033993 0.367404 50 90 92
-0.044506 -0.034036 0.367803 29 77 81
-0.044676 -0.034079 0.368202 14 65 69
-0.043773 -0.034366 0.368566 17 66 70
-0.043943 -0.034409 0.368963 12 60 62
-0.044113 -0.034452 0.369361 12 57 60
-0.044283 -0.034495 0.369758 14 60 60
-0.043376 -0.034782 0.370115 9 57 59
-0.043545 -0.034824 0.370511 11 59 61
-0.043715 -0.034867 0.370906 7 55 55
-0.043884 -0.034910 0.371302 6 54 54
-0.044053 -0.034952 0.371698 9 58 55
-0.043143 -0.035238 0.372046 13 62 59
-0.043312 -0.035281 0.372440 16 64 64
-0.043480 -0.035323 0.372835 13 61 61
-0.043649 -0.035366 0.373229 11 59 61
-0.043817 -0.035409 0.373623 6 54 56
-0.043986 -0.035451 0.374017 9 54 57
-0.044155 -0.035494 0.374412 11 55 58
-0.044323 -0.035536 0.374806 12 53 57
-0.044492 -0.035579 0.375200 12 52 54
-0.044660 -0.035621 0.375594 15 50 54
-0.044829 -0.035664 0.375989 20 54 56
-0.044998 -0.035706 0.376383 26 54 57
-0.045166 -0.035749 0.376777 35 59 59
-0.044171 -0.033605 0.367516 55 89 91
-0.044342 -0.033648 0.367915 35 76 80
-0.044512 -0.033691 0.368314 20 68 72
-0.043610 -0.033980 0.368678 16 65 69
-0.043779 -0.034023 0.369075 15 63 65
-0.043949 -0.034065 0.369472 12 57 60
-0.044119 -0.034108 0.369869 14 60 60
-0.043213 -0.034397 0.370226 7 55 57
-0.043383 -0.034439 0.370622 6 56 57
-0.043552 -0.034482 0.371018 6 56 55
-0.043721 -0.034525 0.371413 7 57 56
-0.043890 -0.034567 0.371809 9 59 56
-0.042981 -0.034855 0.372157 11 61 58
-0.043149 -0.034897 0.372551 11 61 60
-0.043318 -0.034940 0.372945 9 59 58
-0.043486 -0.034982 0.373340 6 56 57
-0.043655 -0.035025 0.373734 2 50 52
-0.043824 -0.035067 0.374128 10 55 58
-0.043992 -0.035110 0.374522 8 52 55
-0.044161 -0.035152 0.374917 13 54 56
-0.044329 -0.035195 0.375311 16 56 58
-0.044498 -0.035237 0.375705 20 55 59
-0.044667 -0.035280 0.376100 31 62 64
-0.044835 -0.035322 0.376494 47 71 71
-0.044178 -0.033260 0.368027 48 83 87
-0.043276 -0.033550 0.368392 23 67 70
-0.043446 -0.033593 0.368789 15 63 67
-0.043616 -0.033636 0.369187 12 60 62
-0.043786 -0.033679 0.369584 14 59 62
-0.043956 -0.033722 0.369981 13 58 61
-0.043050 -0.034011 0.370337 9 57 59
-0.043220 -0.034054 0.370733 6 56 57
-0.043389 -0.034097 0.371129 8 56 58
-0.043558 -0.034140 0.371524 10 60 59
-0.043727 -0.034182 0.371920 11 59 59
-0.043897 -0.034225 0.372316 7 57 56
-0.042987 -0.034514 0.372662 4 54 53
-0.043156 -0.034556 0.373056 4 54 53
-0.043324 -0.034599 0.373450 5 55 56
-0.043493 -0.034641 0.373845 4 52 54
-0.043661 -0.034684 0.374239 7 52 55
-0.043830 -0.034726 0.374633 9 53 56
-0.043999 -0.034769 0.375027 12 52 54
-0.044167 -0.034811 0.375422 28 66 69
-0.044336 -0.034854 0.375816 35 70 72
-0.044504 -0.034896 0.376210 49 79 81
-0.044673 -0.034939 0.376605 75 93 93
-0.044014 -0.032872 0.368139 57 86 90
-0.043113 -0.033164 0.368504 28 68 70
-0.043283 -0.033207 0.368901 20 65 68
-0.043452 -0.033249 0.369298 11 61 62
-0.043622 -0.033292 0.369695 10 58 60
-0.042718 -0.033584 0.370053 6 54 58
-0.042888 -0.033626 0.370448 9 54 59
-0.043057 -0.033669 0.370844 6 54 58
-0.043226 -0.033712 0.371240 9 54 59
-0.043395 -0.033754 0.371636 9 57 59
-0.043564 -0.033797 0.372031 11 56 59
-0.042656 -0.034087 0.372378 7 55 57
-0.042825 -0.034130 0.372773 4 52 54
-0.042993 -0.034172 0.373167 3 51 53
-0.043162 -0.034215 0.373561 4 52 56
-0.043330 -0.034257 0.373955 9 54 59
-0.043499 -0.034300 0.374350 10 54 57
-0.043668 -0.034342 0.374744 9 50 54
-0.043836 -0.034385 0.375138 40 78 81
-0.044005 -0.034427 0.375533 56 89 94
-0.044173 -0.034470 0.375927 60 91 94
-0.044342 -0.034513 0.376321 74 100 101
-0.044511 -0.034555 0.376715 86 100 100
-0.042779 -0.032734 0.368218 58 84 85
-0.042949 -0.032777 0.368615 39 74 76
-0.043119 -0.032820 0.369013 28 74 74
-0.043289 -0.032863 0.369410 18 68 69
-0.043459 -0.032906 0.369807 14 63 67
-0.042555 -0.033198 0.370164 10 59 64
-0.042725 -0.033241 0.370560 7 54 60
-0.042894 -0.033284 0.370955 10 57 63
-0.043063 -0.033327 0.371351 12 59 65
-0.043232 -0.033369 0.371747 14 62 66
-0.043402 -0.033412 0.372143 14 62 66
-0.042494 -0.033704 0.372489 12 60 64
-0.042662 -0.033746 0.372883 6 55 59
-0.042831 -0.033789 0.373278 0 49 53
-0.043000 -0.033831 0.373672 4 52 56
-0.043168 -0.033874 0.374066 7 52 57
-0.043337 -0.033916 0.374461 6 49 55
-0.043505 -0.033959 0.374855 3 44 48
-0.043674 -0.034001 0.375249 48 83 89
-0.043843 -0.034044 0.375643 59 92 97
-0.044011 -0.034086 0.376038 65 94 100
-0.044180 -0.034129 0.376432 76 100 102
-0.042616 -0.032348 0.368330 71 93 91
-0.041715 -0.032643 0.368692 58 92 91
-0.041885 -0.032685 0.369088 42 88 86
-0.042054 -0.032728 0.369484 33 84 85
-0.042223 -0.032771 0.369879 26 79 83
-0.042392 -0.032813 0.370275 25 78 84
-0.042562 -0.032856 0.370671 18 68 77
-0.042731 -0.032899 0.371067 15 65 74
-0.042900 -0.032941 0.371462 11 61 70
-0.041994 -0.033235 0.371811 10 60 67
-0.042163 -0.033277 0.372206 11 61 68
-0.042331 -0.033320 0.372600 10 61 65
-0.042500 -0.033362 0.372994 8 59 63
-0.042669 -0.033405 0.373388 6 57 61
-0.042837 -0.033447 0.373783 8 57 62
-0.043006 -0.033490 0.374177 2 51 56
-0.043174 -0.033532 0.374571 4 49 55
-0.043343 -0.033575 0.374966 8 51 57
-0.043512 -0.033618 0.375360 25 62 68
-0.043680 -0.033660 0.375754 42 77 81
-0.043849 -0.033703 0.376148 58 89 94
-0.044018 -0.033745 0.376543 70 95 99
-0.044186 -0.033788 0.376937 84 100 100
-0.041383 -0.032215 0.368408 77 96 94
-0.041553 -0.032257 0.368803 70 102 99
-0.041722 -0.032300 0.369199 56 102 100
-0.041891 -0.032343 0.369595 53 107 107
-0.042060 -0.032385 0.369991 47 102 105
-0.042230 -0.032428 0.370386 41 98 105
-0.042399 -0.032471 0.370782 26 83 92
-0.042568 -0.032514 0.371178 17 76 84
-0.042737 -0.032556 0.371574 12 69 78
-0.041832 -0.032851 0.371922 12 71 77
-0.042000 -0.032894 0.372316 14 71 78
-0.042169 -0.032936 0.372711 12 71 75
-0.042338 -0.032979 0.373105 14 73 79
-0.042506 -0.033021 0.373499 18 76 80
-0.042675 -0.033064 0.373894 14 71 78
-0.042844 -0.033106 0.374288 15 70 75
-0.043012 -0.033149 0.374682 20 70 77
-0.043181 -0.033191 0.375076 22 69 75
-0.043349 -0.033234 0.375471 29 72 78
-0.043518 -0.033276 0.375865 31 72 76
-0.043687 -0.033319 0.376259 43 80 86
-0.043855 -0.033361 0.376653 57 86 90
-0.044024 -0.033404 0.377048 73 93 92
-0.041220 -0.031830 0.368519 85 101 98
-0.041390 -0.031872 0.368914 78 110 105
-0.041559 -0.031915 0.369310 65 111 108
-0.041728 -0.031958 0.369706 55 111 110
-0.041897 -0.032000 0.370102 43 102 106
-0.042067 -0.032043 0.370497 35 96 101
-0.042236 -0.032086 0.370893 29 93 102
-0.041332 -0.032382 0.371244 27 96 103
-0.041501 -0.032425 0.371639 30 97 105
-0.041670 -0.032467 0.372033 32 101 106
-0.041838 -0.032510 0.372427 33 100 106
-0.042007 -0.032552 0.372822 29 99 101
-0.042175 -0.032595 0.373216 24 93 98
-0.042344 -0.032637 0.373610 21 91 93
-0.042513 -0.032680 0.374004 22 89 95
-0.042681 -0.032723 0.374399 27 92 96
-0.042850 -0.032765 0.374793 30 91 96
-0.043018 -0.032808 0.375187 25 83 87
-0.043187 -0.032850 0.375581 34 87 91
-0.043356 -0.032893 0.375976 23 72 76
-0.043524 -0.032935 0.376370 25 70 73
-0.043693 -0.032978 0.376764 35 73 74
-0.043862 -0.033020 0.377159 67 91 91
-0.041058 -0.031444 0.368630 88 110 108
-0.041227 -0.031487 0.369026 86 125 122
-0.041396 -0.031530 0.369421 73 127 127
-0.041565 -0.031572 0.369817 54 118 120
-0.041734 -0.031615 0.370213 45 112 118
-0.040833 -0.031914 0.370567 41 112 118
-0.041001 -0.031956 0.370961 36 111 117
-0.041170 -0.031999 0.371355 41 118 124
-0.041339 -0.032041 0.371749 43 120 126
-0.041507 -0.032084 0.372144 37 114 120
-0.041676 -0.032126 0.372538 36 111 116
-0.041845 -0.032169 0.372932 35 110 115
-0.042013 -0.032211 0.373327 29 104 109
-0.042182 -0.032254 0.373721 19 94 99
-0.042350 -0.032296 0.374115 21 94 100
-0.042519 -0.032339 0.374509 25 96 100
-0.042688 -0.032381 0.374904 19 86 92
-0.042856 -0.032424 0.375298 21 84 89
-0.043025 -0.032466 0.375692 18 77 81
-0.043193 -0.032509 0.376086 19 74 77
-0.043362 -0.032551 0.376481 19 73 75
-0.043531 -0.032594 0.376875 31 77 77
-0.043699 -0.032636 0.377269 55 86 88
-0.043868 -0.032679 0.377664 60 85 82
-0.039828 -0.031317 0.368706 104 139 143
-0.039996 -0.031360 0.369100 90 141 145
-0.040165 -0.031402 0.369495 59 124 130
-0.040333 -0.031445 0.369889 45 120 126
-0.040502 -0.031487 0.370283 45 125 134
-0.040671 -0.031530 0.370677 48 133 140
-0.040839 -0.031572 0.371072 44 129 136
-0.041008 -0.031615 0.371466 42 127 132
-0.041176 -0.031657 0.371860 43 126 132
-0.041345 -0.031700 0.372255 43 126 132
-0.041514 -0.031742 0.372649 40 120 127
-0.041682 -0.031785 0.373043 37 116 123
-0.041851 -0.031828 0.373437 42 121 128
-0.042019 -0.031870 0.373832 21 98 106
-0.042188 -0.031913 0.374226 19 94 100
-0.042357 -0.031955 0.374620 10 83 90
-0.042525 -0.031998 0.375014 12 80 89
-0.042694 -0.032040 0.375409 14 81 89
-0.042862 -0.032083 0.375803 13 76 83
-0.043031 -0.032125 0.376197 14 73 79
-0.043200 -0.032168 0.376592 15 73 77
-0.043368 -0.032210 0.376986 23 74 77
-0.043537 -0.032253 0.377380 41 85 86
-0.043706 -0.032295 0.377774 51 87 85
-0.039497 -0.030891 0.368423 93 127 129
-0.039665 -0.030934 0.368817 82 131 136
-0.039834 -0.030976 0.369211 63 123 131
-0.040002 -0.031019 0.369605 40 113 122
-0.040171 -0.031061 0.370000 26 106 115
-0.040340 -0.031104 0.370394 18 105 114
-0.040508 -0.031146 0.370788 17 106 114
-0.040677 -0.031189 0.371183 29 116 123
-0.040845 -0.031231 0.371577 35 122 129
-0.041014 -0.031274 0.371971 30 115 122
-0.041183 -0.031316 0.372365 27 112 119
-0.041351 -0.031359 0.372760 31 114 122
-0.041520 -0.031401 0.373154 31 111 120
-0.041689 -0.031444 0.373548 34 112 122
-0.041857 -0.031486 0.373942 33 110 120
-0.042026 -0.031529 0.374337 16 90 99
-0.042194 -0.031571 0.374731 10 83 92
-0.042363 -0.031614 0.375125 12 82 90
-0.042532 -0.031656 0.375520 13 80 88
-0.042700 -0.031699 0.375914 13 78 84
-0.042869 -0.031741 0.376308 13 73 81
-0.043037 -0.031784 0.376702 12 69 76
-0.043206 -0.031826 0.377097 16 71 76
-0.043375 -0.031869 0.377491 29 79 80
-0.043543 -0.031912 0.377885 40 84 83
-0.039334 -0.030507 0.368533 81 129 131
-0.039503 -0.030550 0.368928 53 112 118
-0.039672 -0.030592 0.369322 32 101 108
-0.039840 -0.030635 0.369716 23 97 106
-0.040009 -0.030677 0.370110 18 97 104
-0.040177 -0.030720 0.370505 19 99 108
-0.040346 -0.030762 0.370899 12 95 101
-0.040515 -0.030805 0.371293 12 95 101
-0.039613 -0.031107 0.371641 18 101 107
-0.039781 -0.031150 0.372034 15 95 102
-0.039949 -0.031192 0.372427 13 93 100
-0.040117 -0.031234 0.372820 17 97 104
-0.040285 -0.031277 0.373212 16 95 102
-0.040453 -0.031319 0.373605 11 90 97
-0.040621 -0.031361 0.373998 17 94 102
-0.040789 -0.031404 0.374391 21 95 104
-0.042032 -0.031188 0.374842 19 92 101
-0.042201 -0.031230 0.375236 18 88 96
-0.042369 -0.031273 0.375630 15 82 90
-0.042538 -0.031315 0.376025 16 79 86
-0.042706 -0.031358 0.376419 15 75 83
-0.042875 -0.031400 0.376813 11 68 75
-0.043044 -0.031443 0.377207 14 69 74
-0.043212 -0.031485 0.377602 22 73 76
-0.043381 -0.031528 0.377996 35 81 81
-0.043550 -0.031570 0.378390 45 83 84
-0.039172 -0.030124 0.368644 60 119 123
-0.039341 -0.030166 0.369038 43 112 117
-0.039509 -0.030209 0.369433 33 108 114
-0.039678 -0.030251 0.369827 24 101 107
-0.039846 -0.030294 0.370221 22 99 105
-0.040015 -0.030336 0.370616 26 101 107
-0.040184 -0.030379 0.371010 16 93 99
-0.040352 -0.030421 0.371404 12 89 95
-0.039451 -0.030725 0.371752 8 87 92
-0.039619 -0.030767 0.372144 12 89 95
-0.039787 -0.030810 0.372537 15 92 98
-0.039955 -0.030852 0.372930 13 90 96
-0.040123 -0.030894 0.373323 18 95 103
-0.040291 -0.030937 0.373716 14 88 97
-0.040459 -0.030979 0.374108 10 84 93
-0.040627 -0.031022 0.374501 15 88 97
-0.041870 -0.030804 0.374953 16 86 94
-0.042038 -0.030846 0.375347 12 81 88
-0.042207 -0.030889 0.375741 5 72 80
-0.042376 -0.030931 0.376135 8 71 78
-0.042544 -0.030974 0.376530 11 70 78
-0.042713 -0.031017 0.376924 10 65 72
-0.042881 -0.031059 0.377318 13 66 72
-0.043050 -0.031102 0.377712 13 66 70
-0.043219 -0.031144 0.378107 24 74 75
-0.043387 -0.031187 0.378501 36 77 79
-0.039178 -0.029782 0.369149 48 123 129
-0.039347 -0.029825 0.369544 38 115 121
-0.039516 -0.029867 0.369938 27 102 108
-0.039684 -0.029910 0.370332 22 95 101
-0.039853 -0.029952 0.370726 21 90 95
-0.040021 -0.029995 0.371121 18 87 92
-0.040190 -0.030038 0.371515 11 85 88
-0.039289 -0.030343 0.371862 3 76 82
-0.039457 -0.030385 0.372255 9 80 86
-0.039625 -0.030427 0.372648 10 81 87
-0.039793 -0.030470 0.373040 2 75 81
-0.039961 -0.030512 0.373433 15 88 95
-0.040129 -0.030555 0.373826 14 87 94
-0.040297 -0.030597 0.374219 8 81 88
-0.040465 -0.030639 0.374612 17 87 95
-0.040633 -0.030682 0.375004 17 87 95
-0.041876 -0.030463 0.375458 13 82 89
-0.042045 -0.030505 0.375852 6 70 79
-0.042213 -0.030548 0.376246 8 68 76
-0.042382 -0.030590 0.376640 12 71 79
-0.042551 -0.030633 0.377035 13 68 75
-0.042719 -0.030675 0.377429 16 69 77
-0.042888 -0.030718 0.377823 14 67 73
-0.043056 -0.030760 0.378218 21 72 76
-0.043225 -0.030803 0.378612 29 74 77
-0.348622 0.046187 0.387343 2 69 75
-0.348973 0.046099 0.388164 0 67 73
-0.349324 0.046010 0.388985 10 79 86
-0.039968 -0.030172 0.373936 12 81 88
-0.040136 -0.030215 0.374329 14 83 90
-0.040304 -0.030257 0.374722 18 86 95
-0.040472 -0.030299 0.375115 19 88 95
-0.040640 -0.030342 0.375508 16 83 91
-0.041882 -0.030122 0.375963 8 73 79
-0.042051 -0.030164 0.376357 7 67 75
-0.042220 -0.030207 0.376751 10 67 76
-0.042388 -0.030249 0.377146 12 65 73
-0.042557 -0.030292 0.377540 13 66 74
-0.042725 -0.030334 0.377934 15 70 75
-0.042894 -0.030377 0.378328 17 70 74
-0.043063 -0.030419 0.378723 24 72 76
-0.044311 -0.030200 0.379191 33 73 75
-0.349353 0.047252 0.387625 2 65 70
-0.349705 0.047163 0.388447 5 68 73
-0.350057 0.047074 0.389270 8 73 79
-0.349337 0.046721 0.390037 14 79 85
-0.039974 -0.029832 0.374440 18 85 91
-0.040142 -0.029875 0.374832 13 80 88
-0.040310 -0.029917 0.375225 15 80 86
-0.040478 -0.029959 0.375618 15 80 86
-0.041720 -0.029738 0.376073 9 72 79
-0.041889 -0.029780 0.376468 6 65 73
-0.042057 -0.029823 0.376862 10 67 74
-0.042226 -0.029865 0.377256 14 67 75
-0.042395 -0.029908 0.377651 14 67 75
-0.042563 -0.029950 0.378045 10 65 70
-0.042732 -0.029993 0.378439 11 64 68
-0.042900 -0.030035 0.378833 16 65 69
-0.044148 -0.029815 0.379302 26 67 69
-0.354254 0.045481 0.401534 33 61 64
-0.350083 0.048319 0.387907 6 64 68
-0.349366 0.047964 0.388679 6 65 69
-0.349718 0.047875 0.389501 5 64 70
-0.350070 0.047786 0.390324 12 73 78
-0.350422 0.047698 0.391146 12 75 80
-0.350773 0.047609 0.391969 12 75 80
-0.040148 -0.029535 0.375336 11 74 79
-0.040316 -0.029577 0.375728 15 75 83
-0.041558 -0.029354 0.376184 8 67 73
-0.041726 -0.029397 0.376579 2 59 66
-0.041895 -0.029439 0.376973 7 62 69
-0.042064 -0.029482 0.377367 12 62 71
-0.042232 -0.029524 0.377761 12 62 69
-0.042401 -0.029567 0.378156 6 61 66
-0.042569 -0.029609 0.378550 8 61 65
-0.042738 -0.029652 0.378944 14 63 67
-0.043985 -0.029430 0.379413 24 65 67
-0.353916 0.046280 0.401764 32 62 64
-0.349744 0.049121 0.388139 7 60 64
-0.350096 0.049032 0.388963 3 58 61
-0.350448 0.048943 0.389787 5 60 65
-0.350801 0.048855 0.390611 11 69 73
-0.351153 0.048766 0.391435 9 67 71
-0.351506 0.048677 0.392259 10 69 73
-0.351858 0.048588 0.393083 10 69 73
-0.041227 -0.028928 0.375901 10 67 74
-0.041395 -0.028970 0.376295 8 63 68
-0.041564 -0.029013 0.376689 7 60 66
-0.041733 -0.029055 0.377084 10 60 67
-0.041901 -0.029098 0.377478 13 62 69
-0.042070 -0.029140 0.377872 15 64 69
-0.042239 -0.029183 0.378266 11 62 66
-0.042407 -0.029226 0.378661 12 63 67
-0.042576 -0.029268 0.379055 13 62 66
-0.043822 -0.029045 0.379525 22 63 65
-0.354656 0.047345 0.402072 29 60 62
-0.350472 0.050193 0.388422 6 57 60
-0.349757 0.049834 0.389194 6 57 60
-0.350109 0.049745 0.390019 9 60 64
-0.350462 0.049657 0.390843 12 65 69
-0.350814 0.049568 0.391667 7 60 64
-0.351167 0.049479 0.392491 9 64 67
-0.351519 0.049390 0.393315 11 66 69
-0.351871 0.049301 0.394139 10 63 69
-0.041233 -0.028587 0.376406 7 60 64
-0.041402 -0.028629 0.376800 9 60 64
-0.041570 -0.028672 0.377194 11 60 65
-0.041739 -0.028714 0.377589 12 59 65
-0.041908 -0.028757 0.377983 12 60 64
-0.042076 -0.028799 0.378377 15 64 68
-0.042245 -0.028842 0.378771 12 61 65
-0.042413 -0.028884 0.379166 10 58 60
-0.043660 -0.028660 0.379636 18 60 59
-0.355396 0.048412 0.402380 28 60 59
-0.350132 0.050996 0.388654 7 57 58
-0.350485 0.050907 0.389480 7 57 58
-0.350838 0.050818 0.390306 9 58 62
-0.351191 0.050729 0.391131 13 62 66
-0.351544 0.050640 0.391957 10 59 63
-0.351897 0.050551 0.392782 13 64 67
-0.352250 0.050462 0.393608 16 67 70
-0.352603 0.050373 0.394434 10 61 65
-0.041071 -0.028203 0.376517 6 55 59
-0.041239 -0.028245 0.376911 10 58 62
-0.041408 -0.028288 0.377305 15 60 65
-0.041577 -0.028331 0.377699 14 59 64
-0.041745 -0.028373 0.378094 16 61 64
-0.041914 -0.028416 0.378488 15 60 63
-0.042083 -0.028458 0.378882 12 60 60
-0.042251 -0.028501 0.379277 13 59 59
-0.043497 -0.028275 0.379747 20 62 60
-0.356134 0.049483 0.402690 32 64 61
-0.350858 0.052072 0.388939 7 55 57
-0.350145 0.051711 0.389712 6 54 56
-0.350498 0.051622 0.390538 11 56 59
-0.350851 0.051533 0.391363 14 59 62
-0.351204 0.051444 0.392189 13 58 61
-0.351557 0.051355 0.393014 11 59 63
-0.040571 -0.027734 0.375839 15 63 65
-0.040740 -0.027777 0.376233 8 56 60
-0.040909 -0.027819 0.376627 2 50 52
-0.041077 -0.027862 0.377022 10 55 58
-0.041246 -0.027904 0.377416 14 58 59
-0.041414 -0.027947 0.377810 12 56 59
-0.041583 -0.027989 0.378205 14 58 59
-0.041752 -0.028032 0.378599 13 57 58
-0.041920 -0.028074 0.378993 14 58 57
-0.042089 -0.028117 0.379387 15 61 59
-0.043334 -0.027890 0.379858 19 61 59
-0.459587 0.076075 0.411393 58 81 75
-0.350518 0.052877 0.389172 5 50 53
-0.349805 0.052514 0.389944 7 52 55
-0.350158 0.052425 0.390770 11 55 58
-0.350511 0.052336 0.391595 11 55 58
-0.351932 0.052520 0.392480 10 54 55
-0.351217 0.052158 0.393246 8 52 55
-0.040409 -0.027350 0.375950 13 57 58
-0.040578 -0.027393 0.376344 10 54 57
-0.040746 -0.027436 0.376738 7 51 52
-0.040915 -0.027478 0.377132 13 57 58
-0.041084 -0.027521 0.377527 16 58 57
-0.041252 -0.027563 0.377921 11 52 54
-0.041421 -0.027606 0.378315 12 52 52
-0.041589 -0.027648 0.378710 16 56 56
-0.042832 -0.027419 0.379178 15 57 56
-0.043002 -0.027462 0.379574 14 58 57
-0.043171 -0.027504 0.379969 14 56 52
-0.455958 0.076204 0.411425 52 75 69
-0.350177 0.053682 0.389404 5 50 53
-0.350531 0.053593 0.390231 7 51 54
-0.350885 0.053504 0.391058 12 53 57
-0.351238 0.053414 0.391885 10 51 53
-0.351592 0.053325 0.392713 11 52 54
-0.350878 0.052962 0.393478 11 51 53
-0.040247 -0.026967 0.376060 13 54 56
-0.040415 -0.027009 0.376455 12 52 54
-0.040584 -0.027052 0.376849 10 52 51
-0.040753 -0.027094 0.377243 15 55 55
-0.040921 -0.027137 0.377638 15 55 55
-0.041090 -0.027179 0.378032 11 51 51
-0.041258 -0.027222 0.378426 12 52 52
-0.042500 -0.026991 0.378893 15 53 54
-0.042669 -0.027034 0.379289 13 53 53
-0.042839 -0.027077 0.379685 11 56 53
-0.043008 -0.027119 0.380081 14 56 52
-0.455561 0.077141 0.411696 50 72 69
-0.349837 0.054487 0.389637 6 50 53
-0.350190 0.054398 0.390464 10 51 53
-0.350544 0.054309 0.391291 13 53 55
-0.350898 0.054219 0.392118 10 50 52
-0.351251 0.054130 0.392945 13 53 55
-0.039916 -0.026541 0.375777 12 50 51
-0.040084 -0.026583 0.376171 11 51 51
-0.040253 -0.026626 0.376566 9 47 48
-0.040422 -0.026668 0.376960 8 48 48
-0.040590 -0.026711 0.377354 11 49 50
-0.040759 -0.026753 0.377748 11 50 49
-0.040928 -0.026796 0.378143 11 50 49
-0.041096 -0.026838 0.378537 13 52 51
-0.042337 -0.026606 0.379005 16 52 52
-0.042506 -0.026649 0.379400 12 51 50
-0.042676 -0.026691 0.379796 12 54 52
-0.042845 -0.026734 0.380192 15 56 52
-0.349850 0.055203 0.390696 11 52 54
-0.350204 0.055114 0.391523 16 56 58
-0.350557 0.055024 0.392350 11 49 52
-0.350911 0.054935 0.393177 11 49 50
-0.039754 -0.026157 0.375888 12 50 51
-0.039922 -0.026199 0.376282 10 48 49
-0.040091 -0.026242 0.376676 11 49 50
-0.040259 -0.026284 0.377071 14 50 50
-0.040428 -0.026327 0.377465 14 50 50
-0.040597 -0.026369 0.377859 13 49 47
-0.040765 -0.026412 0.378253 13 49 47
-0.042005 -0.026178 0.378720 14 50 48
-0.042174 -0.026221 0.379116 14 50 48
-0.042344 -0.026264 0.379512 11 50 47
-0.042513 -0.026306 0.379907 10 52 50
-0.042682 -0.026349 0.380303 14 55 51
-0.445093 0.076539 0.411506 35 62 57
-0.034364 -0.024455 0.363776 128 170 182
-0.034533 -0.024497 0.364170 95 143 155
-0.034702 -0.024540 0.364565 67 125 136
-0.034870 -0.024583 0.364959 64 134 142
-0.349863 0.055919 0.391756 13 54 56
-0.350217 0.055829 0.392583 12 52 52
-0.350571 0.055740 0.393410 11 51 51
-0.039591 -0.025773 0.375999 11 49 50
-0.039760 -0.025816 0.376393 12 51 50
-0.039928 -0.025858 0.376787 14 50 50
-0.040097 -0.025901 0.377181 13 47 46
-0.040266 -0.025943 0.377576 12 46 45
-0.040434 -0.025986 0.377970 12 47 43
-0.040603 -0.026028 0.378364 17 49 46
-0.041842 -0.025793 0.378831 17 52 48
-0.042011 -0.025836 0.379227 17 53 49
-0.042181 -0.025878 0.379623 12 51 46
-0.042350 -0.025921 0.380019 9 51 47
-0.042519 -0.025964 0.380414 9 50 44
-0.441074 0.076735 0.410582 16 52 48
-0.441478 0.076633 0.411527 31 60 55
-0.442958 0.076808 0.412556 68 87 81
-0.033865 -0.023986 0.363098 125 165 177
-0.034033 -0.024029 0.363493 128 174 187
-0.034202 -0.024071 0.363887 108 160 171
-0.034371 -0.024114 0.364281 81 141 152
-0.034539 -0.024156 0.364675 67 135 144
-0.034708 -0.024199 0.365070 61 138 146
-0.349876 0.056634 0.392815 11 51 51
-0.350230 0.056545 0.393642 11 51 50
-0.039429 -0.025389 0.376109 11 50 49
-0.039598 -0.025432 0.376504 12 51 48
-0.039766 -0.025474 0.376898 14 48 47
-0.039935 -0.025517 0.377292 13 48 44
-0.040103 -0.025559 0.377686 13 45 42
-0.040272 -0.025602 0.378081 13 45 42
-0.040441 -0.025645 0.378475 16 47 42
-0.041679 -0.025408 0.378942 16 48 43
-0.041849 -0.025451 0.379338 15 51 47
-0.042018 -0.025493 0.379734 11 50 45
-0.042187 -0.025536 0.380130 10 51 45
-0.042356 -0.025579 0.380526 9 50 44
-0.043599 -0.025343 0.381002 14 51 44
-0.440015 0.077275 0.411711 27 58 52
-0.440419 0.077173 0.412655 62 85 77
-0.033243 -0.022386 0.357279 108 156 168
-0.032546 -0.022761 0.358079 88 142 154
-0.032716 -0.022803 0.358474 85 139 151
-0.032885 -0.022846 0.358870 85 137 151
-0.033054 -0.022889 0.359266 85 137 151
-0.033223 -0.022931 0.359662 89 138 153
-0.033393 -0.022974 0.360057 89 141 155
-0.032522 -0.023305 0.360449 89 146 157
-0.032691 -0.023347 0.360843 84 141 152
-0.032859 -0.023390 0.361238 96 153 164
-0.033028 -0.023432 0.361632 102 156 168
-0.033197 -0.023475 0.362026 106 158 171
-0.033365 -0.023517 0.362421 105 157 170
-0.033534 -0.023560 0.362815 104 156 170
-0.033703 -0.023602 0.363209 104 157 171
-0.033871 -0.023645 0.363603 99 159 170
-0.034040 -0.023688 0.363998 84 148 158
-0.033162 -0.024017 0.364373 69 141 153
-0.033330 -0.024059 0.364766 64 142 152
-0.033498 -0.024101 0.365159 55 139 149
-0.033666 -0.024144 0.365551 46 139 146
-0.039267 -0.025006 0.376220 12 51 50
-0.039435 -0.025048 0.376614 13 52 49
-0.039604 -0.025091 0.377009 16 50 49
-0.039772 -0.025133 0.377403 14 49 45
-0.039941 -0.025176 0.377797 15 47 44
-0.040110 -0.025218 0.378191 14 46 41
-0.041347 -0.024980 0.378658 16 47 42
-0.041516 -0.025023 0.379054 16 48 43
-0.041686 -0.025065 0.379449 12 47 43
-0.041855 -0.025108 0.379845 12 48 44
-0.042024 -0.025151 0.380241 10 51 45
-0.043265 -0.024913 0.380716 10 51 45
-0.043435 -0.024956 0.381114 13 53 45
-0.439627 0.078194 0.411976 26 59 52
-0.440030 0.078092 0.412920 61 84 76
-0.032569 -0.021871 0.356199 98 152 164
-0.032739 -0.021914 0.356596 94 151 162
-0.032909 -0.021956 0.356994 92 150 161
-0.033079 -0.021999 0.357391 78 140 151
-0.033249 -0.022042 0.357788 69 133 142
-0.032384 -0.022375 0.358190 60 124 133
-0.032553 -0.022418 0.358586 55 119 128
-0.032722 -0.022461 0.358981 51 115 125
-0.032891 -0.022504 0.359377 48 110 121
-0.033061 -0.022546 0.359773 47 109 120
-0.032191 -0.022879 0.360166 50 112 123
-0.032360 -0.022921 0.360560 56 123 132
-0.032529 -0.022964 0.360954 50 117 126
-0.032697 -0.023006 0.361348 62 128 140
-0.032866 -0.023049 0.361743 71 135 145
-0.033034 -0.023091 0.362137 72 134 147
-0.033203 -0.023134 0.362531 68 130 143
-0.033372 -0.023176 0.362926 69 133 145
-0.033540 -0.023219 0.363320 68 134 146
-0.033709 -0.023261 0.363714 76 144 155
-0.033877 -0.023304 0.364108 70 144 155
-0.033001 -0.023634 0.364483 64 142 154
-0.033169 -0.023677 0.364876 55 139 149
-0.033337 -0.023719 0.365269 46 134 144
-0.033505 -0.023761 0.365662 42 136 144
-0.039104 -0.024622 0.376331 13 52 49
-0.039273 -0.024664 0.376725 16 52 50
-0.039442 -0.024707 0.377119 17 52 48
-0.039610 -0.024750 0.377514 16 51 47
-0.039779 -0.024792 0.377908 17 49 44
-0.041015 -0.024552 0.378373 16 48 43
-0.041184 -0.024595 0.378769 17 48 43
-0.041353 -0.024638 0.379165 17 49 44
-0.042592 -0.024398 0.379636 15 47 44
-0.042762 -0.024441 0.380033 13 49 45
-0.042932 -0.024484 0.380431 11 52 46
-0.043102 -0.024527 0.380828 9 52 45
-0.044344 -0.024288 0.381307 10 51 45
-0.438165 0.078832 0.412159 21 56 49
-0.438568 0.078730 0.413101 50 76 67
-0.033442 -0.020640 0.353887 81 138 157
-0.033613 -0.020683 0.354287 72 135 150
-0.032755 -0.021019 0.354704 69 137 148
-0.032926 -0.021062 0.355103 69 135 147
-0.033096 -0.021105 0.355502 66 134 145
-0.033267 -0.021148 0.355901 64 131 140
-0.032406 -0.021484 0.356311 60 128 137
-0.032576 -0.021527 0.356708 59 127 136
-0.032746 -0.021570 0.357105 58 128 136
-0.032915 -0.021613 0.357502 47 121 130
-0.033085 -0.021656 0.357900 37 112 118
-0.032221 -0.021990 0.358301 29 104 110
-0.032390 -0.022033 0.358697 27 102 108
-0.032559 -0.022076 0.359093 29 104 110
-0.032728 -0.022118 0.359488 30 103 110
-0.032898 -0.022161 0.359884 33 106 113
-0.032029 -0.022495 0.360276 36 109 116
-0.032198 -0.022537 0.360671 38 111 120
-0.032366 -0.022580 0.361065 35 108 117
-0.032535 -0.022622 0.361459 41 113 125
-0.032703 -0.022665 0.361854 41 111 121
-0.032872 -0.022708 0.362248 41 111 123
-0.033041 -0.022750 0.362642 42 112 124
-0.033209 -0.022793 0.363036 42 112 124
-0.033378 -0.022835 0.363431 32 104 116
-0.032503 -0.023167 0.363808 38 112 123
-0.032671 -0.023210 0.364201 35 113 125
-0.032839 -0.023252 0.364594 27 109 120
-0.033007 -0.023294 0.364987 26 110 121
-0.033175 -0.023337 0.365379 23 111 123
-0.033343 -0.023379 0.365772 17 109 120
-0.038942 -0.024238 0.376442 15 51 49
-0.039111 -0.024281 0.376836 16 52 50
-0.039279 -0.024323 0.377230 17 52 48
-0.039448 -0.024366 0.377625 16 51 47
-0.040683 -0.024124 0.378089 17 49 44
-0.040852 -0.024167 0.378485 16 48 43
-0.041021 -0.024210 0.378880 15 47 42
-0.042259 -0.023969 0.379351 15 47 42
-0.042429 -0.024012 0.379748 15 47 44
-0.043668 -0.023771 0.380223 15 50 46
-0.043838 -0.023814 0.380621 11 52 48
-0.044009 -0.023857 0.381020 9 52 45
-0.044180 -0.023900 0.381419 11 54 47
-0.437777 0.079749 0.412423 20 57 50
-0.438180 0.079648 0.413366 44 71 64
-0.032764 -0.020121 0.352798 66 132 146
-0.032935 -0.020164 0.353199 62 128 144
-0.033106 -0.020207 0.353599 54 119 137
-0.033277 -0.020250 0.353999 49 116 133
-0.033448 -0.020293 0.354399 46 118 130
-0.032591 -0.020631 0.354816 45 119 128
-0.032762 -0.020674 0.355215 44 118 129
-0.032932 -0.020717 0.355614 41 115 124
-0.033103 -0.020760 0.356013 38 112 121
-0.032242 -0.021098 0.356422 36 110 119
-0.032412 -0.021140 0.356820 33 110 118
-0.032582 -0.021183 0.357217 34 111 119
-0.032752 -0.021226 0.357614 31 110 117
-0.032922 -0.021269 0.358011 24 105 109
-0.032058 -0.021605 0.358412 19 100 104
-0.032227 -0.021648 0.358808 17 98 102
-0.032396 -0.021691 0.359204 15 94 99
-0.032565 -0.021733 0.359599 14 93 98
-0.031698 -0.022069 0.359993 17 94 100
-0.031867 -0.022111 0.360387 21 98 104
-0.032035 -0.022154 0.360782 23 97 106
-0.032204 -0.022196 0.361176 22 96 105
-0.032373 -0.022239 0.361570 25 99 108
-0.032541 -0.022281 0.361964 21 95 104
-0.032710 -0.022324 0.362359 19 93 102
-0.032878 -0.022366 0.362753 16 93 101
-0.033047 -0.022409 0.363147 18 95 103
-0.032173 -0.022743 0.363526 14 91 99
-0.032341 -0.022785 0.363919 12 90 100
-0.032509 -0.022827 0.364311 15 95 104
-0.032677 -0.022870 0.364704 10 92 103
-0.032845 -0.022912 0.365097 12 96 106
-0.033013 -0.022954 0.365490 18 105 115
-0.033181 -0.022997 0.365883 15 103 113
-0.038274 -0.023727 0.375370 10 50 49
-0.038443 -0.023769 0.375764 12 51 50
-0.038611 -0.023812 0.376158 13 52 49
-0.038780 -0.023855 0.376552 16 52 50
-0.038948 -0.023897 0.376947 16 52 50
-0.040181 -0.023654 0.377409 17 52 48
-0.040351 -0.023696 0.377804 16 51 47
-0.040520 -0.023739 0.378200 16 48 43
-0.040689 -0.023782 0.378596 14 46 41
-0.041925 -0.023539 0.379065 14 46 41
-0.042095 -0.023582 0.379462 13 45 40
-0.043333 -0.023340 0.379936 14 44 42
-0.044573 -0.023099 0.380412 14 49 45
-0.044744 -0.023142 0.380813 9 50 46
-0.044915 -0.023185 0.381213 9 51 47
-0.046157 -0.022944 0.381695 12 55 48
-0.437389 0.080667 0.412688 20 60 52
-0.437792 0.080565 0.413631 41 70 65
-0.033108 -0.019304 0.351682 70 142 156
-0.033280 -0.019347 0.352084 55 129 142
-0.032428 -0.019688 0.352511 44 120 133
-0.032599 -0.019731 0.352911 34 110 123
-0.032770 -0.019774 0.353311 30 104 117
-0.032941 -0.019818 0.353711 24 98 111
-0.033112 -0.019861 0.354112 23 95 107
-0.033284 -0.019904 0.354512 26 100 109
-0.032427 -0.020243 0.354929 25 100 106
-0.032597 -0.020286 0.355327 24 98 107
-0.032768 -0.020329 0.355726 22 97 103
-0.032939 -0.020372 0.356125 18 95 101
-0.032079 -0.020711 0.356534 16 93 99
-0.032249 -0.020754 0.356931 16 93 99
-0.032419 -0.020797 0.357328 15 92 98
-0.032588 -0.020839 0.357726 8 87 92
-0.032758 -0.020882 0.358123 12 91 95
-0.031895 -0.021220 0.358523 17 96 100
-0.032064 -0.021263 0.358919 19 98 102
-0.032233 -0.021305 0.359315 18 96 100
-0.032403 -0.021348 0.359711 14 92 96
-0.031536 -0.021685 0.360104 15 90 95
-0.031704 -0.021727 0.360498 17 92 97
-0.031873 -0.021770 0.360892 22 97 102
-0.032042 -0.021813 0.361287 21 96 101
-0.032210 -0.021855 0.361681 21 99 103
-0.032379 -0.021898 0.362075 20 98 102
-0.032548 -0.021940 0.362469 18 96 100
-0.032716 -0.021983 0.362864 11 90 94
-0.032885 -0.022025 0.363258 16 95 99
-0.032012 -0.022360 0.363636 18 99 102
-0.032180 -0.022403 0.364029 14 95 99
-0.032348 -0.022445 0.364422 16 99 103
-0.032516 -0.022487 0.364815 13 96 100
-0.032684 -0.022530 0.365207 15 98 102
-0.032852 -0.022572 0.365600 20 105 110
-0.037943 -0.023301 0.375086 12 52 51
-0.038112 -0.023343 0.375480 13 53 52
-0.038280 -0.023386 0.375875 13 52 51
-0.038449 -0.023428 0.376269 12 51 48
-0.038617 -0.023471 0.376663 16 52 50
-0.039849 -0.023226 0.377124 16 52 48
-0.040019 -0.023269 0.377520 16 51 47
-0.040188 -0.023311 0.377915 15 50 46
-0.041422 -0.023067 0.378382 15 47 42
-0.041592 -0.023110 0.378779 14 46 41
-0.042828 -0.022866 0.379250 13 45 40
-0.042999 -0.022909 0.379649 13 45 40
-0.044237 -0.022666 0.380125 13 45 42
-0.044408 -0.022709 0.380525 15 50 46
-0.045648 -0.022466 0.381005 9 50 46
-0.045820 -0.022510 0.381407 8 50 46
-0.045992 -0.022553 0.381808 9 51 47
-0.047234 -0.022311 0.382294 15 54 49
-0.437404 0.081483 0.413896 31 63 58
-0.437807 0.081381 0.414839 66 93 88
-0.032771 -0.018870 0.351393 54 131 147
-0.032943 -0.018913 0.351795 43 125 139
-0.032092 -0.019255 0.352223 32 111 126
-0.032263 -0.019299 0.352623 23 102 115
-0.032434 -0.019342 0.353023 12 90 100
-0.032605 -0.019385 0.353424 8 85 93
-0.032776 -0.019428 0.353824 6 80 89
-0.032948 -0.019471 0.354224 7 82 88
-0.033119 -0.019514 0.354624 13 86 92
-0.032263 -0.019855 0.355041 12 85 91
-0.032433 -0.019898 0.355439 13 84 90
-0.032604 -0.019941 0.355838 11 84 90
-0.032774 -0.019984 0.356237 10 83 89
-0.031915 -0.020324 0.356646 8 83 88
-0.032085 -0.020367 0.357043 6 81 86
-0.032255 -0.020410 0.357440 5 80 85
-0.032425 -0.020453 0.357837 5 80 83
-0.032595 -0.020496 0.358235 5 80 83
-0.031732 -0.020835 0.358635 6 81 84
-0.031901 -0.020878 0.359030 6 81 84
-0.032070 -0.020920 0.359426 6 81 84
-0.032240 -0.020963 0.359822 7 81 84
-0.032409 -0.021006 0.360218 8 82 85
-0.031542 -0.021344 0.360609 9 83 86
-0.031711 -0.021386 0.361003 9 80 84
-0.031879 -0.021429 0.361397 11 85 86
-0.032048 -0.021471 0.361792 12 86 87
-0.032217 -0.021514 0.362186 9 85 85
-0.032385 -0.021556 0.362580 13 89 89
-0.032554 -0.021599 0.362974 12 90 90
-0.031682 -0.021936 0.363354 17 95 95
-0.031850 -0.021978 0.363747 16 96 95
-0.032018 -0.022020 0.364139 17 97 98
-0.032186 -0.022063 0.364532 13 93 94
-0.032354 -0.022105 0.364925 8 88 89
-0.032522 -0.022148 0.365318 11 91 92
-0.037781 -0.022917 0.375197 16 56 55
-0.037949 -0.022960 0.375591 17 57 56
-0.038118 -0.023002 0.375986 15 54 51
-0.039348 -0.022755 0.376444 13 52 49
-0.039517 -0.022798 0.376839 15 51 47
-0.039686 -0.022841 0.377235 15 51 47
-0.040919 -0.022595 0.377699 15 50 46
-0.041089 -0.022638 0.378097 14 49 45
-0.041259 -0.022681 0.378494 14 46 41
-0.042494 -0.022435 0.378964 13 45 40
-0.042664 -0.022478 0.379362 13 45 40
-0.043901 -0.022233 0.379837 12 44 39
-0.044072 -0.022277 0.380237 13 48 44
-0.045311 -0.022032 0.380716 16 52 48
-0.045483 -0.022076 0.381118 11 52 48
-0.045654 -0.022119 0.381519 10 52 48
-0.046896 -0.021875 0.382004 11 53 49
-0.047068 -0.021919 0.382407 16 57 53
-0.047241 -0.021962 0.382811 28 64 62
-0.437419 0.082298 0.415103 64 96 93
-0.437822 0.082197 0.416046 88 118 116
-0.438226 0.082095 0.416989 89 119 117
-0.438629 0.081993 0.417932 88 120 117
-0.439032 0.081892 0.418874 88 120 117
-0.438360 0.081504 0.419722 85 119 118
-0.438763 0.081403 0.420663 81 117 115
-0.438090 0.081016 0.421506 79 115 115
-0.438491 0.080915 0.422446 85 117 116
-0.438893 0.080813 0.423386 91 116 110
-0.438217 0.080427 0.424223 98 119 110
-0.032434 -0.018436 0.351104 45 126 143
-0.032606 -0.018479 0.351506 34 117 133
-0.032777 -0.018522 0.351908 28 109 126
-0.031927 -0.018866 0.352335 17 96 109
-0.032098 -0.018909 0.352736 12 89 99
-0.032269 -0.018952 0.353136 2 77 83
-0.032441 -0.018995 0.353536 4 77 83
-0.032612 -0.019039 0.353936 1 72 74
-0.032783 -0.019082 0.354336 8 78 80
-0.032954 -0.019125 0.354737 10 78 81
-0.032099 -0.019467 0.355153 10 78 81
-0.032269 -0.019510 0.355551 10 75 79
-0.032440 -0.019553 0.355950 6 74 77
-0.032610 -0.019596 0.356349 7 75 78
-0.032781 -0.019639 0.356747 5 75 77
-0.031922 -0.019981 0.357154 4 74 76
-0.032092 -0.020023 0.357552 4 74 76
-0.032261 -0.020066 0.357949 2 72 74
-0.032431 -0.020109 0.358346 1 71 73
-0.031569 -0.020450 0.358746 5 75 77
-0.031738 -0.020492 0.359142 8 78 80
-0.031907 -0.020535 0.359537 4 74 76
-0.032077 -0.020578 0.359933 3 71 74
-0.032246 -0.020620 0.360329 3 71 74
-0.031380 -0.020960 0.360720 3 71 72
-0.031548 -0.021003 0.361114 7 72 74
-0.031717 -0.021045 0.361508 6 71 73
-0.031886 -0.021088 0.361902 4 72 73
-0.032054 -0.021130 0.362297 5 75 75
-0.032223 -0.021173 0.362691 7 77 77
-0.031352 -0.021511 0.363071 7 79 78
-0.031520 -0.021554 0.363464 7 81 80
-0.031688 -0.021596 0.363857 9 83 82
-0.031856 -0.021638 0.364250 11 85 84
-0.032024 -0.021681 0.364643 10 84 83
-0.032192 -0.021723 0.365035 6 80 79
-0.037281 -0.022448 0.374519 13 53 52
-0.037450 -0.022491 0.374913 14 54 53
-0.037618 -0.022533 0.375308 15 54 53
-0.038846 -0.022285 0.375763 13 52 51
-0.039016 -0.022328 0.376159 17 53 51
-0.039185 -0.022370 0.376555 16 52 50
-0.039354 -0.022413 0.376951 16 51 47
-0.039523 -0.022456 0.377346 15 50 46
-0.040755 -0.022208 0.377811 14 49 45
-0.040925 -0.022251 0.378208 13 48 44
-0.042159 -0.022004 0.378677 11 46 42
-0.042329 -0.022047 0.379076 9 44 40
-0.043565 -0.021801 0.379549 9 44 40
-0.044802 -0.021555 0.380026 10 45 41
-0.044974 -0.021598 0.380427 13 49 47
-0.045146 -0.021641 0.380829 13 52 49
-0.046385 -0.021396 0.381311 12 52 51
-0.046557 -0.021439 0.381714 10 52 50
-0.046730 -0.021483 0.382118 10 52 50
-0.046902 -0.021526 0.382521 15 57 55
-0.047075 -0.021570 0.382924 23 62 61
-0.438102 0.083504 0.415456 53 92 91
-0.437434 0.083114 0.416311 82 122 121
-0.437838 0.083013 0.417254 78 122 121
-0.438241 0.082911 0.418196 70 116 114
-0.438644 0.082809 0.419139 66 115 112
-0.064219 -0.017523 0.386774 61 111 110
-0.064401 -0.017569 0.387200 55 105 106
-0.064583 -0.017614 0.387625 46 94 96
-0.064765 -0.017660 0.388051 61 103 102
-0.064947 -0.017706 0.388476 72 107 101
-0.065129 -0.017752 0.388901 76 106 96
-0.065311 -0.017798 0.389327 92 115 105
-0.437555 0.080852 0.426258 76 94 82
-0.437956 0.080751 0.427194 81 91 80
-0.032269 -0.018045 0.351217 20 103 117
-0.032440 -0.018088 0.351619 15 97 111
-0.032612 -0.018131 0.352021 12 90 103
-0.031762 -0.018476 0.352448 5 79 90
-0.031934 -0.018520 0.352848 4 74 82
-0.032105 -0.018563 0.353248 0 67 73
-0.032276 -0.018606 0.353648 2 70 71
-0.032447 -0.018649 0.354049 0 64 63
-0.032618 -0.018692 0.354449 0 64 63
-0.032789 -0.018735 0.354849 2 66 66
-0.031935 -0.019079 0.355265 3 67 67
-0.032105 -0.019122 0.355663 2 66 68
-0.032276 -0.019165 0.356062 0 64 64
-0.032446 -0.019208 0.356461 1 65 67
-0.032617 -0.019251 0.356859 0 65 64
-0.031758 -0.019594 0.357266 0 64 66
-0.031928 -0.019637 0.357663 0 66 65
-0.032098 -0.019680 0.358061 0 64 66
-0.032268 -0.019723 0.358458 0 63 65
-0.031406 -0.020065 0.358857 3 67 69
-0.031575 -0.020107 0.359253 7 71 73
-0.031745 -0.020150 0.359649 2 66 68
-0.031914 -0.020193 0.360044 0 63 65
-0.032083 -0.020235 0.360440 1 65 67
-0.031218 -0.020576 0.360830 2 66 68
-0.031386 -0.020619 0.361225 8 68 69
-0.031555 -0.020661 0.361619 7 67 68
-0.031723 -0.020704 0.362013 6 67 68
-0.031892 -0.020746 0.362407 6 70 70
-0.032061 -0.020789 0.362802 6 70 70
-0.031191 -0.021129 0.363182 5 71 70
-0.031359 -0.021171 0.363574 4 72 71
-0.031527 -0.021214 0.363967 5 73 72
-0.031695 -0.021256 0.364360 1 69 68
-0.031863 -0.021298 0.364753 1 69 68
-0.032031 -0.021341 0.365146 2 68 67
-0.036613 -0.021937 0.373447 18 56 57
-0.036782 -0.021979 0.373841 16 54 55
-0.036950 -0.022022 0.374236 16 56 56
-0.037119 -0.022065 0.374630 14 54 53
-0.037288 -0.022107 0.375024 16 56 55
-0.037456 -0.022150 0.375419 16 55 54
-0.038684 -0.021900 0.375875 13 52 49
-0.038853 -0.021942 0.376270 15 51 49
-0.039022 -0.021985 0.376666 13 49 47
-0.039191 -0.022028 0.377062 15 50 46
-0.040422 -0.021779 0.377525 14 49 45
-0.040592 -0.021822 0.377923 13 48 44
-0.041824 -0.021573 0.378390 12 47 43
-0.041995 -0.021616 0.378789 11 46 42
-0.043229 -0.021368 0.379261 10 45 41
-0.044465 -0.021120 0.379737 10 45 41
-0.044637 -0.021164 0.380138 10 46 42
-0.044808 -0.021207 0.380540 8 47 44
-0.046047 -0.020960 0.381021 10 51 47
-0.046219 -0.021003 0.381425 9 51 49
-0.046391 -0.021047 0.381828 9 51 49
-0.046564 -0.021090 0.382231 10 52 50
-0.046736 -0.021134 0.382634 13 55 54
-0.047978 -0.020888 0.383124 18 60 59
-0.437713 0.084423 0.415722 43 87 88
-0.438117 0.084321 0.416666 50 98 98
-0.438521 0.084219 0.417610 49 100 101
-0.438925 0.084117 0.418554 42 101 99
-0.063862 -0.017063 0.386469 39 99 99
-0.064044 -0.017109 0.386894 31 91 92
-0.064226 -0.017155 0.387319 26 86 87
-0.064408 -0.017200 0.387745 26 81 84
-0.064590 -0.017246 0.388170 42 92 93
-0.064772 -0.017292 0.388596 67 109 105
-0.064954 -0.017338 0.389021 54 90 80
-0.065136 -0.017384 0.389446 54 81 72
-0.065318 -0.017430 0.389872 54 74 63
-0.065499 -0.017476 0.390297 65 77 65
-0.436892 0.081274 0.428285 72 78 64
-0.032605 -0.017220 0.350091 29 104 110
-0.031760 -0.017567 0.350527 24 104 111
-0.031931 -0.017610 0.350928 11 91 100
-0.032103 -0.017654 0.351330 3 81 91
-0.032275 -0.017697 0.351732 3 77 86
-0.032447 -0.017740 0.352133 4 72 81
-0.031598 -0.018087 0.352560 4 67 76
-0.031769 -0.018130 0.352961 3 62 68
-0.031940 -0.018173 0.353361 0 59 63
-0.032111 -0.018216 0.353761 3 63 63
-0.032282 -0.018260 0.354161 3 63 61
-0.032453 -0.018303 0.354561 6 68 65
-0.032625 -0.018346 0.354962 1 61 61
-0.031770 -0.018691 0.355377 3 65 64
-0.031941 -0.018734 0.355775 3 64 65
-0.032111 -0.018777 0.356174 2 66 65
-0.032282 -0.018820 0.356573 3 67 67
-0.032453 -0.018863 0.356972 2 66 65
-0.031595 -0.019207 0.357378 0 64 64
-0.031764 -0.019250 0.357775 0 63 62
-0.031934 -0.019293 0.358172 0 63 63
-0.032104 -0.019336 0.358569 0 60 61
-0.031243 -0.019679 0.358968 5 66 67
-0.031412 -0.019722 0.359364 11 72 73
-0.031582 -0.019765 0.359760 7 68 69
-0.031751 -0.019807 0.360156 4 65 66
-0.031920 -0.019850 0.360551 6 67 68
-0.031055 -0.020193 0.360941 9 69 70
-0.031224 -0.020235 0.361335 13 68 71
-0.031392 -0.020278 0.361730 13 68 71
-0.031561 -0.020320 0.362124 13 68 71
-0.031730 -0.020363 0.362518 11 69 71
-0.031898 -0.020405 0.362913 11 69 71
-0.032067 -0.020448 0.363307 9 69 70
-0.031197 -0.020789 0.363685 8 68 69
-0.031365 -0.020831 0.364078 7 68 69
-0.031533 -0.020874 0.364470 3 65 64
-0.031701 -0.020916 0.364863 3 65 64
-0.031869 -0.020958 0.365256 5 65 65
-0.036282 -0.021511 0.373164 16 52 52
-0.036451 -0.021553 0.373558 17 56 55
-0.036619 -0.021596 0.373952 13 51 52
-0.036788 -0.021638 0.374346 13 53 53
-0.036957 -0.021681 0.374741 12 52 51
-0.037125 -0.021723 0.375135 14 54 53
-0.038351 -0.021472 0.375590 14 53 50
-0.038521 -0.021515 0.375986 12 51 48
-0.038690 -0.021557 0.376382 15 51 49
-0.038859 -0.021600 0.376777 14 50 46
-0.040088 -0.021349 0.377240 15 50 46
-0.040258 -0.021392 0.377637 13 48 44
-0.041490 -0.021142 0.378104 11 46 42
-0.041660 -0.021185 0.378502 10 45 41
-0.042893 -0.020935 0.378974 10 45 41
-0.043064 -0.020979 0.379374 10 45 41
-0.044299 -0.020729 0.379850 10 46 42
-0.044471 -0.020773 0.380251 11 47 43
-0.045708 -0.020524 0.380732 10 51 47
-0.045881 -0.020568 0.381135 10 52 48
-0.046053 -0.020611 0.381538 10 52 50
-0.046225 -0.020655 0.381941 10 52 50
-0.046398 -0.020698 0.382344 13 53 53
-0.046570 -0.020742 0.382747 14 56 55
-0.047812 -0.020494 0.383238 19 60 62
-0.437325 0.085342 0.415987 39 84 87
-0.437729 0.085240 0.416931 39 90 91
-0.438132 0.085138 0.417875 30 88 89
-0.063505 -0.016603 0.386163 23 87 87
-0.063687 -0.016649 0.386588 18 86 85
-0.063869 -0.016695 0.387014 13 81 82
-0.064051 -0.016741 0.387439 14 78 80
-0.064233 -0.016786 0.387864 14 73 77
-0.064415 -0.016832 0.388290 24 78 80
-0.064597 -0.016878 0.388715 42 91 87
-0.064779 -0.016924 0.389141 37 77 68
-0.064960 -0.016970 0.389566 38 69 61
-0.065142 -0.017016 0.389991 52 74 62
-0.065324 -0.017062 0.390417 59 71 59
-0.032266 -0.016784 0.349801 14 88 91
-0.032439 -0.016827 0.350204 13 92 96
-0.031594 -0.017176 0.350640 9 90 93
-0.031766 -0.017220 0.351041 0 79 83
-0.031938 -0.017263 0.351443 0 72 75
-0.032110 -0.017306 0.351845 0 63 69
-0.032281 -0.017350 0.352246 0 61 66
-0.031433 -0.017697 0.352673 5 63 67
-0.031604 -0.017741 0.353073 7 60 64
-0.031775 -0.017784 0.353473 7 60 64
-0.031946 -0.017827 0.353873 8 64 65
-0.032118 -0.017870 0.354274 11 70 68
-0.032289 -0.017913 0.354674 18 78 76
-0.032460 -0.017956 0.355074 20 81 82
-0.031606 -0.018303 0.355489 18 79 80
-0.031777 -0.018346 0.355887 12 76 76
-0.031947 -0.018389 0.356286 9 73 73
-0.032118 -0.018432 0.356685 8 74 73
-0.032288 -0.018475 0.357084 6 72 71
-0.031431 -0.018821 0.357489 2 68 67
-0.031601 -0.018864 0.357887 1 65 64
-0.031771 -0.018906 0.358284 0 62 62
-0.031941 -0.018949 0.358681 0 58 59
-0.031080 -0.019294 0.359079 4 64 65
-0.031250 -0.019337 0.359475 13 73 74
-0.031419 -0.019380 0.359871 12 72 73
-0.031588 -0.019422 0.360267 10 70 71
-0.031757 -0.019465 0.360662 11 71 72
-0.030893 -0.019809 0.361052 12 70 72
-0.031062 -0.019851 0.361446 14 69 72
-0.031230 -0.019894 0.361841 14 67 71
-0.031399 -0.019936 0.362235 14 67 71
-0.031567 -0.019979 0.362629 13 68 71
-0.031736 -0.020021 0.363023 12 67 70
-0.031905 -0.020064 0.363418 11 66 69
-0.031035 -0.020407 0.363795 8 66 68
-0.031203 -0.020449 0.364188 7 65 67
-0.031371 -0.020491 0.364581 7 65 66
-0.031539 -0.020534 0.364974 4 62 63
-0.032748 -0.020277 0.365389 7 63 64
-0.035783 -0.021042 0.372486 10 49 48
-0.035951 -0.021084 0.372880 13 52 51
-0.036120 -0.021127 0.373274 17 53 53
-0.036288 -0.021170 0.373669 15 54 53
-0.036457 -0.021212 0.374063 13 53 53
-0.036626 -0.021255 0.374457 12 52 52
-0.036794 -0.021297 0.374852 9 49 48
-0.036963 -0.021340 0.375246 10 50 49
-0.038189 -0.021087 0.375701 12 51 48
-0.038358 -0.021129 0.376097 12 51 48
-0.038527 -0.021172 0.376493 15 51 47
-0.039755 -0.020920 0.376954 14 50 46
-0.039925 -0.020963 0.377351 13 48 44
-0.041155 -0.020711 0.377817 11 46 42
-0.041325 -0.020754 0.378216 9 44 40
-0.042557 -0.020503 0.378686 9 44 40
-0.042729 -0.020546 0.379086 9 44 40
-0.043962 -0.020295 0.379561 9 44 40
-0.044134 -0.020339 0.379963 9 45 41
-0.045370 -0.020088 0.380442 7 46 41
-0.045542 -0.020132 0.380845 9 50 46
-0.045715 -0.020175 0.381248 8 50 46
-0.045887 -0.020219 0.381651 7 49 47
-0.047126 -0.019969 0.382138 7 49 47
-0.047299 -0.020013 0.382542 10 50 50
-0.047472 -0.020057 0.382947 11 53 52
-0.047645 -0.020100 0.383352 16 57 59
-0.047818 -0.020144 0.383756 31 76 79
-0.437340 0.086159 0.417197 33 87 87
-0.437744 0.086057 0.418141 19 79 79
-0.063330 -0.016189 0.386282 12 78 77
-0.063512 -0.016235 0.386708 7 77 77
-0.063694 -0.016281 0.387133 5 73 74
-0.063876 -0.016327 0.387558 7 72 74
-0.064058 -0.016372 0.387984 9 68 72
-0.064240 -0.016418 0.388409 12 66 68
-0.064422 -0.016464 0.388835 24 73 69
-0.064603 -0.016510 0.389260 31 72 64
-0.064785 -0.016556 0.389685 37 68 60
-0.064967 -0.016602 0.390111 52 73 64
-0.032100 -0.016391 0.349914 5 80 83
-0.032273 -0.016435 0.350317 8 86 88
-0.032445 -0.016478 0.350721 1 79 79
-0.031601 -0.016829 0.351154 0 72 73
-0.031772 -0.016872 0.351556 0 66 66
-0.031944 -0.016915 0.351957 0 59 62
-0.032116 -0.016959 0.352359 0 56 58
-0.032288 -0.017002 0.352761 8 61 65
-0.031439 -0.017351 0.353185 15 66 70
-0.031610 -0.017394 0.353586 16 69 73
-0.031782 -0.017437 0.353986 14 72 74
-0.031953 -0.017481 0.354386 16 76 77
-0.032124 -0.017524 0.354786 21 85 85
-0.031272 -0.017872 0.355202 24 89 93
-0.031442 -0.017915 0.355601 25 90 94
-0.031613 -0.017958 0.355999 22 90 91
-0.031783 -0.018001 0.356398 19 87 88
-0.031954 -0.018044 0.356797 16 86 86
-0.032124 -0.018087 0.357196 11 81 81
-0.031268 -0.018434 0.357601 6 74 75
-0.031437 -0.018477 0.357998 3 71 70
-0.031607 -0.018520 0.358395 5 69 71
-0.031777 -0.018563 0.358793 0 61 62
-0.031947 -0.018606 0.359190 3 63 64
-0.031087 -0.018952 0.359586 10 70 71
-0.031256 -0.018994 0.359982 12 72 73
-0.031425 -0.019037 0.360378 11 71 72
-0.031594 -0.019080 0.360774 11 71 71
-0.031764 -0.019122 0.361169 9 69 69
-0.030899 -0.019468 0.361557 10 68 69
-0.031068 -0.019510 0.361951 9 67 68
-0.031236 -0.019553 0.362346 9 67 68
-0.031405 -0.019595 0.362740 7 65 66
-0.031574 -0.019638 0.363134 6 64 65
-0.031742 -0.019680 0.363528 5 63 64
-0.031911 -0.019723 0.363923 7 63 64
-0.032080 -0.019765 0.364317 6 62 63
-0.032248 -0.019808 0.364711 6 62 63
-0.032417 -0.019850 0.365105 3 59 60
-0.032585 -0.019893 0.365500 4 58 58
-0.032754 -0.019935 0.365894 6 60 60
-0.032923 -0.019978 0.366288 4 58 58
-0.033091 -0.020020 0.366683 6 60 60
-0.035283 -0.020573 0.371808 7 47 47
-0.035452 -0.020616 0.372202 7 47 47
-0.035620 -0.020658 0.372597 11 51 51
-0.035789 -0.020701 0.372991 16 56 56
-0.035958 -0.020743 0.373385 18 57 56
-0.036126 -0.020786 0.373780 16 55 54
-0.036295 -0.020828 0.374174 17 57 57
-0.036463 -0.020871 0.374568 14 54 54
-0.036632 -0.020913 0.374962 10 49 48
-0.037856 -0.020659 0.375417 12 51 50
-0.038026 -0.020702 0.375812 15 51 49
-0.038195 -0.020744 0.376208 15 51 49
-0.039422 -0.020491 0.376668 15 51 47
-0.039592 -0.020533 0.377066 13 49 45
-0.040820 -0.020280 0.377530 10 45 41
-0.040991 -0.020323 0.377929 8 43 39
-0.042222 -0.020070 0.378398 7 42 38
-0.042393 -0.020113 0.378798 7 42 38
-0.043625 -0.019861 0.379272 7 43 41
-0.043797 -0.019904 0.379674 7 43 41
-0.045031 -0.019652 0.380152 8 44 42
-0.045204 -0.019696 0.380555 6 45 42
-0.045376 -0.019739 0.380958 11 51 50
-0.046613 -0.019488 0.381442 11 51 50
-0.046786 -0.019532 0.381847 9 51 49
-0.046959 -0.019575 0.382251 9 51 49
-0.047132 -0.019619 0.382656 12 54 52
-0.047306 -0.019663 0.383061 12 54 53
-0.047479 -0.019706 0.383465 16 58 57
-0.047652 -0.019750 0.383870 26 72 72
-0.063155 -0.015775 0.386402 7 69 68
-0.063337 -0.015821 0.386827 3 67 66
-0.063519 -0.015867 0.387253 0 62 61
-0.063701 -0.015913 0.387678 1 61 61
-0.063883 -0.015958 0.388103 7 63 64
-0.064065 -0.016004 0.388529 13 63 64
-0.064246 -0.016050 0.388954 24 69 66
-0.064428 -0.016096 0.389380 43 79 75
-0.064610 -0.016142 0.389805 59 86 81
-0.031935 -0.015999 0.350027 0 77 81
-0.032107 -0.016043 0.350431 6 81 84
-0.032279 -0.016086 0.350834 2 76 77
-0.031435 -0.016438 0.351267 0 70 70
-0.031607 -0.016481 0.351669 0 64 63
-0.031779 -0.016524 0.352070 0 60 61
-0.031951 -0.016568 0.352472 3 58 61
-0.031103 -0.016918 0.352898 10 63 69
-0.031275 -0.016962 0.353298 16 71 76
-0.031446 -0.017005 0.353698 15 73 77
-0.031617 -0.017048 0.354098 17 78 81
-0.031788 -0.017091 0.354499 18 83 87
-0.031959 -0.017134 0.354899 27 94 100
-0.031108 -0.017484 0.355314 22 91 98
-0.031278 -0.017527 0.355713 26 95 102
-0.031449 -0.017570 0.356111 28 99 103
-0.031619 -0.017613 0.356510 26 97 101
-0.031790 -0.017656 0.356909 22 96 99
-0.031960 -0.017699 0.357308 17 91 92
-0.031104 -0.018048 0.357713 15 86 88
-0.031274 -0.018090 0.358110 16 86 88
-0.031444 -0.018133 0.358507 14 79 83
-0.031614 -0.018176 0.358904 6 70 72
-0.031784 -0.018219 0.359302 4 65 68
-0.030924 -0.018567 0.359698 8 68 69
-0.031093 -0.018609 0.360093 8 68 69
-0.031262 -0.018652 0.360489 9 69 70
-0.031431 -0.018695 0.360885 9 69 69
-0.031601 -0.018737 0.361281 5 65 65
-0.031770 -0.018780 0.361676 4 64 64
-0.030906 -0.019126 0.362062 5 64 62
-0.031074 -0.019169 0.362456 4 62 63
-0.031243 -0.019212 0.362851 5 61 60
-0.031411 -0.019254 0.363245 4 60 61
-0.031580 -0.019297 0.363639 4 60 59
-0.031749 -0.019339 0.364033 4 58 60
-0.031917 -0.019382 0.364428 4 58 58
-0.032086 -0.019424 0.364822 5 59 61
-0.032254 -0.019467 0.365216 5 56 57
-0.032423 -0.019509 0.365611 6 57 58
-0.032592 -0.019552 0.366005 8 60 58
-0.032760 -0.019594 0.366399 9 61 59
-0.032929 -0.019637 0.366793 10 62 60
-0.033098 -0.019679 0.367188 10 62 60
-0.033266 -0.019722 0.367582 10 60 59
-0.033435 -0.019764 0.367976 7 57 56
-0.034615 -0.020062 0.370736 4 42 45
-0.034784 -0.020104 0.371130 4 42 45
-0.034952 -0.020147 0.371525 8 46 49
-0.035121 -0.020190 0.371919 9 49 49
-0.035289 -0.020232 0.372313 10 50 50
-0.035458 -0.020275 0.372707 13 53 53
-0.035627 -0.020317 0.373102 17 57 57
-0.035795 -0.020360 0.373496 17 56 55
-0.035964 -0.020402 0.373890 14 53 52
-0.036133 -0.020445 0.374285 15 55 55
-0.036301 -0.020487 0.374679 14 54 54
-0.036470 -0.020530 0.375073 11 50 49
-0.037693 -0.020274 0.375528 14 53 52
-0.037863 -0.020316 0.375924 18 54 52
-0.038032 -0.020359 0.376319 16 52 50
-0.039258 -0.020104 0.376780 15 51 47
-0.039428 -0.020147 0.377177 11 47 43
-0.040656 -0.019892 0.377642 8 43 39
-0.040827 -0.019935 0.378041 8 43 39
-0.042057 -0.019681 0.378511 8 43 39
-0.043288 -0.019427 0.378983 9 44 40
-0.043460 -0.019470 0.379385 8 44 42
-0.044693 -0.019217 0.379862 9 45 43
-0.044866 -0.019260 0.380265 9 45 43
-0.045038 -0.019304 0.380668 8 47 44
-0.046274 -0.019051 0.381151 9 48 47
-0.046447 -0.019094 0.381556 8 48 47
-0.046620 -0.019138 0.381960 8 50 48
-0.046793 -0.019182 0.382365 8 50 48
-0.046966 -0.019225 0.382770 12 54 52
-0.047139 -0.019269 0.383174 10 52 50
-0.047312 -0.019313 0.383579 13 55 54
-0.047485 -0.019356 0.383984 18 62 61
-0.062980 -0.015361 0.386521 9 65 64
-0.063162 -0.015407 0.386947 3 62 60
-0.063344 -0.015453 0.387372 1 57 54
-0.063526 -0.015499 0.387798 2 57 54
-0.063707 -0.015544 0.388223 11 61 60
-0.063889 -0.015590 0.388648 17 63 61
-0.064071 -0.015636 0.389074 19 59 58
-0.064253 -0.015682 0.389499 53 85 82
-0.064435 -0.015728 0.389925 89 111 108
-0.033449 -0.014899 0.349261 13 88 94
-0.032609 -0.015253 0.349702 8 83 88
-0.031769 -0.015607 0.350141 0 74 79
-0.031941 -0.015650 0.350544 0 74 77
-0.032113 -0.015694 0.350947 4 75 77
-0.031270 -0.016047 0.351380 2 70 71
-0.031442 -0.016090 0.351781 0 65 67
-0.031614 -0.016133 0.352183 0 61 64
-0.031785 -0.016177 0.352585 5 64 68
-0.030939 -0.016529 0.353010 10 69 75
-0.031110 -0.016572 0.353410 15 75 83
-0.031281 -0.016615 0.353811 13 76 83
-0.031452 -0.016658 0.354211 20 87 95
-0.031623 -0.016702 0.354611 25 95 103
-0.030773 -0.017053 0.355027 34 107 114
-0.030943 -0.017096 0.355426 35 108 117
-0.031114 -0.017139 0.355825 33 106 115
-0.031284 -0.017182 0.356224 26 101 107
-0.031455 -0.017225 0.356622 19 96 102
-0.031625 -0.017268 0.357021 18 96 100
-0.030771 -0.017618 0.357427 16 94 98
-0.030941 -0.017661 0.357824 17 92 97
-0.031110 -0.017704 0.358221 20 91 95
-0.031280 -0.017747 0.358619 11 78 84
-0.031450 -0.017790 0.359016 6 69 74
-0.031620 -0.017832 0.359413 3 64 67
-0.030761 -0.018181 0.359809 3 62 66
-0.030930 -0.018224 0.360205 1 61 62
-0.031099 -0.018267 0.360600 2 62 63
-0.031269 -0.018309 0.360996 2 62 63
-0.031438 -0.018352 0.361392 0 57 57
-0.031607 -0.018395 0.361788 0 57 55
-0.031776 -0.018438 0.362183 1 57 54
-0.030912 -0.018785 0.362567 0 56 55
-0.031081 -0.018828 0.362961 0 55 52
-0.031249 -0.018870 0.363356 2 53 54
-0.031418 -0.018913 0.363750 3 55 53
-0.031586 -0.018955 0.364144 4 54 55
-0.031755 -0.018998 0.364539 4 52 52
-0.031924 -0.019040 0.364933 7 55 57
-0.032092 -0.019083 0.365327 9 55 55
-0.032261 -0.019125 0.365721 9 55 55
-0.032429 -0.019168 0.366116 10 56 54
-0.032598 -0.019211 0.366510 12 58 56
-0.032767 -0.019253 0.366904 11 57 55
-0.032935 -0.019296 0.367298 9 55 53
-0.033104 -0.019338 0.367693 9 55 53
-0.033272 -0.019381 0.368087 6 52 50
-0.034484 -0.019120 0.368515 8 52 51
-0.034653 -0.019163 0.368911 10 51 53
-0.034115 -0.019593 0.370058 5 40 44
-0.034284 -0.019636 0.370453 5 40 44
-0.034453 -0.019678 0.370847 6 41 45
-0.034621 -0.019721 0.371241 8 46 49
-0.034790 -0.019763 0.371635 9 47 50
-0.034959 -0.019806 0.372030 10 50 52
-0.035127 -0.019848 0.372424 13 53 55
-0.035296 -0.019891 0.372818 14 54 54
-0.035464 -0.019933 0.373213 14 54 54
-0.035633 -0.019976 0.373607 13 53 53
-0.035802 -0.020018 0.374001 12 52 52
-0.035970 -0.020061 0.374395 12 52 52
-0.037192 -0.019803 0.374848 12 52 52
-0.037361 -0.019846 0.375243 11 50 49
-0.037531 -0.019889 0.375639 14 53 52
-0.037700 -0.019931 0.376035 18 54 52
-0.038925 -0.019674 0.376494 15 51 49
-0.039095 -0.019717 0.376892 14 50 46
-0.040322 -0.019461 0.377356 10 46 42
-0.040492 -0.019504 0.377754 9 44 40
-0.041721 -0.019248 0.378223 9 44 40
-0.041892 -0.019291 0.378623 8 44 40
-0.043123 -0.019036 0.379096 9 45 41
-0.043295 -0.019079 0.379498 10 46 44
-0.044527 -0.018824 0.379975 10 46 44
-0.044700 -0.018868 0.380378 9 48 45
-0.045934 -0.018613 0.380860 10 49 46
-0.046107 -0.018657 0.381265 12 51 50
-0.046280 -0.018701 0.381669 12 51 50
-0.046453 -0.018744 0.382074 11 52 48
-0.046626 -0.018788 0.382479 10 52 48
-0.046799 -0.018831 0.382883 14 56 52
-0.046972 -0.018875 0.383288 11 53 49
-0.047145 -0.018919 0.383693 16 56 55
-0.047318 -0.018962 0.384097 19 61 60
-0.062805 -0.014947 0.386641 13 61 61
-0.062987 -0.014993 0.387066 7 57 54
-0.063169 -0.015039 0.387492 7 58 53
-0.063350 -0.015085 0.387917 7 56 52
-0.063532 -0.015130 0.388342 14 59 54
-0.063714 -0.015176 0.388768 18 59 55
-0.063896 -0.015222 0.389193 16 50 49
-0.064078 -0.015268 0.389619 49 78 76
-0.033282 -0.014504 0.349375 11 86 91
-0.032443 -0.014859 0.349816 3 76 82
-0.031603 -0.015214 0.350254 1 75 78
-0.031775 -0.015258 0.350657 0 66 70
-0.031947 -0.015301 0.351060 4 73 78
-0.031105 -0.015656 0.351493 2 67 71
-0.031276 -0.015699 0.351894 2 65 70
-0.031448 -0.015742 0.352296 3 66 71
-0.030603 -0.016096 0.352722 8 71 78
-0.030774 -0.016140 0.353123 12 75 82
-0.030945 -0.016183 0.353523 20 84 93
-0.031116 -0.016226 0.353923 21 89 98
-0.030268 -0.016579 0.354342 34 107 116
-0.030438 -0.016622 0.354741 36 110 119
-0.030609 -0.016665 0.355139 39 116 126
-0.030779 -0.016708 0.355538 34 111 121
-0.030950 -0.016751 0.355937 28 106 116
-0.031120 -0.016794 0.356336 21 100 107
-0.031291 -0.016837 0.356734 18 97 104
-0.031461 -0.016880 0.357133 21 100 105
-0.030607 -0.017232 0.357539 19 97 101
-0.030777 -0.017274 0.357936 13 88 93
-0.030947 -0.017317 0.358333 9 80 84
-0.031117 -0.017360 0.358730 4 71 77
-0.031287 -0.017403 0.359128 2 65 70
-0.031457 -0.017446 0.359525 2 63 66
-0.031626 -0.017489 0.359922 1 61 62
-0.030767 -0.017839 0.360316 0 57 58
-0.030936 -0.017882 0.360712 0 56 58
-0.031106 -0.017924 0.361107 0 56 58
-0.031275 -0.017967 0.361503 0 51 52
-0.031444 -0.018010 0.361899 0 53 53
-0.031613 -0.018052 0.362295 0 55 52
-0.031783 -0.018095 0.362690 2 54 52
-0.031952 -0.018138 0.363086 3 53 52
-0.032121 -0.018180 0.363482 3 53 52
-0.032290 -0.018223 0.363878 6 54 54
-0.031424 -0.018572 0.364255 9 55 55
-0.031593 -0.018614 0.364649 9 53 52
-0.031761 -0.018657 0.365044 9 53 54
-0.031930 -0.018699 0.365438 10 54 53
-0.032098 -0.018742 0.365832 9 53 52
-0.032267 -0.018784 0.366226 8 52 51
-0.032436 -0.018827 0.366621 9 54 51
-0.032604 -0.018869 0.367015 7 52 49
-0.032773 -0.018912 0.367409 4 49 46
-0.032942 -0.018954 0.367804 6 51 48
-0.034152 -0.018693 0.368231 4 46 45
-0.034321 -0.018735 0.368627 3 45 44
-0.034490 -0.018778 0.369022 3 43 45
-0.033785 -0.019167 0.369775 3 41 44
-0.033953 -0.019209 0.370169 4 42 45
-0.034122 -0.019252 0.370563 6 44 47
-0.034290 -0.019295 0.370958 8 46 49
-0.034459 -0.019337 0.371352 12 50 53
-0.034628 -0.019380 0.371746 9 49 51
-0.034796 -0.019422 0.372141 10 50 52
-0.034965 -0.019465 0.372535 14 54 56
-0.035133 -0.019507 0.372929 14 54 54
-0.035302 -0.019550 0.373323 12 52 52
-0.035471 -0.019592 0.373718 13 53 53
-0.035639 -0.019635 0.374112 16 56 56
-0.035808 -0.019677 0.374506 13 53 53
-0.037029 -0.019418 0.374959 13 53 53
-0.037198 -0.019461 0.375355 12 50 51
-0.037368 -0.019503 0.375750 14 53 52
-0.038591 -0.019245 0.376209 14 53 52
-0.038761 -0.019288 0.376606 11 50 47
-0.039987 -0.019030 0.377069 11 47 45
-0.040157 -0.019073 0.377468 8 44 40
-0.041385 -0.018815 0.377935 8 44 40
-0.041556 -0.018859 0.378335 8 44 40
-0.042786 -0.018602 0.378807 9 45 41
-0.042957 -0.018645 0.379209 9 45 41
-0.044189 -0.018388 0.379685 10 46 44
-0.044361 -0.018432 0.380088 8 47 44
-0.045594 -0.018176 0.380569 9 48 45
-0.045768 -0.018219 0.380974 10 49 48
-0.045941 -0.018263 0.381379 12 51 50
-0.046114 -0.018307 0.381783 11 50 49
-0.046287 -0.018350 0.382188 9 49 48
-0.046460 -0.018394 0.382592 6 48 46
-0.046633 -0.018438 0.382997 11 53 51
-0.046806 -0.018481 0.383402 8 50 48
-0.046979 -0.018525 0.383806 16 56 55
-0.047152 -0.018569 0.384211 19 59 58
-0.062630 -0.014533 0.386760 20 60 59
-0.062811 -0.014579 0.387186 13 55 51
-0.062993 -0.014625 0.387611 14 56 52
-0.063175 -0.014671 0.388037 14 55 49
-0.063357 -0.014716 0.388462 17 56 53
-0.063539 -0.014762 0.388887 21 56 52
-0.063721 -0.014808 0.389313 22 51 49
-0.034788 -0.013394 0.348598 7 77 85
-0.034963 -0.013438 0.349007 11 82 84
-0.032449 -0.014509 0.350334 1 71 73
-0.031609 -0.014865 0.350771 0 64 69
-0.031781 -0.014909 0.351174 0 66 72
-0.031954 -0.014952 0.351577 4 69 75
-0.031111 -0.015308 0.352007 7 70 77
-0.031283 -0.015352 0.352409 9 72 79
-0.030438 -0.015707 0.352835 22 85 94
-0.030609 -0.015750 0.353235 28 92 101
-0.030780 -0.015793 0.353635 35 102 111
-0.030952 -0.015836 0.354035 42 112 122
-0.030104 -0.016191 0.354454 41 115 126
-0.030274 -0.016234 0.354853 39 116 126
-0.030445 -0.016277 0.355251 35 115 124
-0.030615 -0.016320 0.355650 33 116 124
-0.030786 -0.016363 0.356049 25 108 114
-0.030956 -0.016406 0.356448 15 98 104
-0.031127 -0.016449 0.356846 11 91 98
-0.030274 -0.016802 0.357253 8 85 91
-0.030444 -0.016845 0.357650 5 80 85
-0.030613 -0.016888 0.358047 3 74 80
-0.030783 -0.016931 0.358445 2 71 76
-0.030953 -0.016973 0.358842 0 68 71
-0.031123 -0.017016 0.359239 2 66 68
-0.031293 -0.017059 0.359636 0 61 64
-0.031463 -0.017102 0.360034 0 57 58
-0.030604 -0.017454 0.360427 0 54 56
-0.030773 -0.017496 0.360823 0 55 56
-0.030943 -0.017539 0.361219 0 52 54
-0.031112 -0.017582 0.361614 0 48 51
-0.031281 -0.017625 0.362010 0 50 51
-0.031450 -0.017667 0.362406 0 48 48
-0.031620 -0.017710 0.362802 1 47 45
-0.031789 -0.017753 0.363197 1 47 45
-0.031958 -0.017795 0.363593 2 48 46
-0.032127 -0.017838 0.363989 5 49 48
-0.032297 -0.017881 0.364385 7 51 50
-0.031430 -0.018230 0.364760 9 51 49
-0.031599 -0.018273 0.365154 9 51 50
-0.032804 -0.018009 0.365572 6 48 46
-0.031936 -0.018358 0.365943 5 47 45
-0.032105 -0.018401 0.366337 5 47 45
-0.033312 -0.018137 0.366759 4 46 45
-0.033481 -0.018179 0.367155 1 43 42
-0.033651 -0.018222 0.367551 0 42 41
-0.033820 -0.018265 0.367946 1 43 42
-0.033989 -0.018307 0.368342 2 42 41
-0.034158 -0.018350 0.368738 3 43 42
-0.034328 -0.018393 0.369134 4 44 44
-0.034497 -0.018435 0.369529 4 44 44
-0.033622 -0.018783 0.369886 3 43 43
-0.033791 -0.018826 0.370280 5 45 45
-0.033960 -0.018868 0.370674 8 48 50
-0.034128 -0.018911 0.371068 11 51 53
-0.034297 -0.018953 0.371463 13 53 55
-0.034465 -0.018996 0.371857 12 53 55
-0.034634 -0.019038 0.372251 13 54 56
-0.034803 -0.019081 0.372646 12 53 55
-0.034971 -0.019123 0.373040 12 52 54
-0.035140 -0.019166 0.373434 12 52 54
-0.035308 -0.019208 0.373828 13 53 53
-0.035477 -0.019251 0.374223 15 55 55
-0.036697 -0.018990 0.374674 16 54 57
-0.036866 -0.019033 0.375070 13 51 54
-0.037035 -0.019076 0.375466 11 51 53
-0.038258 -0.018816 0.375923 13 53 53
-0.038428 -0.018858 0.376320 13 53 52
-0.038598 -0.018901 0.376718 10 51 47
-0.039823 -0.018642 0.377181 7 46 43
-0.041049 -0.018383 0.377647 5 44 41
-0.041220 -0.018426 0.378048 6 45 42
-0.042449 -0.018167 0.378518 6 45 42
-0.043678 -0.017909 0.378992 6 45 42
-0.043850 -0.017953 0.379395 7 46 43
-0.044023 -0.017996 0.379799 7 46 45
-0.045255 -0.017738 0.380278 5 45 44
-0.045428 -0.017782 0.380683 5 47 45
-0.045601 -0.017826 0.381088 7 49 47
-0.045774 -0.017869 0.381492 10 50 49
-0.045947 -0.017913 0.381897 9 49 48
-0.046120 -0.017957 0.382302 8 46 47
-0.046293 -0.018000 0.382706 10 50 50
-0.046466 -0.018044 0.383111 11 52 54
-0.046639 -0.018087 0.383515 8 52 53
-0.046812 -0.018131 0.383920 16 57 59
-0.046985 -0.018175 0.384325 25 65 65
-0.048225 -0.017919 0.384822 31 65 64
-0.062454 -0.014119 0.386880 37 69 66
-0.062636 -0.014165 0.387305 32 64 59
-0.062818 -0.014211 0.387731 24 59 53
-0.063000 -0.014257 0.388156 22 57 53
-0.063182 -0.014302 0.388582 27 59 58
-0.063364 -0.014348 0.389007 33 62 60
-0.035934 -0.012188 0.346988 18 97 102
-0.036110 -0.012232 0.347400 15 90 96
-0.035278 -0.012592 0.347853 10 83 90
-0.035453 -0.012636 0.348264 5 74 81
-0.034619 -0.012996 0.348713 2 71 76
-0.033784 -0.013355 0.349160 0 68 68
-0.033958 -0.013398 0.349567 12 82 80
-0.032283 -0.014115 0.350448 18 88 90
-0.031443 -0.014473 0.350884 12 81 86
-0.031616 -0.014517 0.351287 10 79 84
-0.031788 -0.014560 0.351690 13 80 88
-0.030946 -0.014917 0.352120 18 85 93
-0.031117 -0.014961 0.352522 18 85 93
-0.030273 -0.015317 0.352947 35 104 111
-0.030445 -0.015361 0.353348 46 114 123
-0.030616 -0.015404 0.353748 50 123 130
-0.029769 -0.015760 0.354167 49 123 132
-0.029940 -0.015803 0.354566 41 119 129
-0.030110 -0.015846 0.354965 38 118 129
-0.030281 -0.015889 0.355363 34 117 125
-0.030451 -0.015932 0.355762 26 111 116
-0.030622 -0.015975 0.356161 18 103 108
-0.030792 -0.016018 0.356560 9 92 98
-0.029940 -0.016373 0.356967 5 84 89
-0.030110 -0.016415 0.357365 3 78 83
-0.030280 -0.016458 0.357762 1 74 80
-0.030450 -0.016501 0.358159 2 71 76
-0.030620 -0.016544 0.358556 4 72 75
-0.030790 -0.016587 0.358954 10 75 79
-0.030960 -0.016630 0.359351 8 72 74
-0.031129 -0.016673 0.359748 5 66 67
-0.031299 -0.016715 0.360145 0 59 60
-0.031469 -0.016758 0.360543 0 54 55
-0.030611 -0.017111 0.360934 0 53 54
-0.030780 -0.017154 0.361330 1 52 55
-0.030949 -0.017197 0.361725 2 51 55
-0.031118 -0.017239 0.362121 0 48 50
-0.031288 -0.017282 0.362517 0 45 45
-0.031457 -0.017325 0.362913 0 44 44
-0.031626 -0.017367 0.363308 0 46 44
-0.031795 -0.017410 0.363704 2 48 46
-0.031964 -0.017453 0.364100 3 47 46
-0.032134 -0.017495 0.364496 2 46 45
-0.032303 -0.017538 0.364892 4 46 44
-0.032472 -0.017581 0.365287 3 45 43
-0.032641 -0.017623 0.365683 1 43 41
-0.032811 -0.017666 0.366079 0 42 40
-0.032980 -0.017709 0.366475 0 42 40
-0.033149 -0.017752 0.366870 0 40 40
-0.033318 -0.017794 0.367266 0 38 38
-0.033488 -0.017837 0.367662 0 38 38
-0.033657 -0.017880 0.368058 0 39 39
-0.033826 -0.017922 0.368453 1 40 39
-0.033995 -0.017965 0.368849 4 43 42
-0.034165 -0.018008 0.369245 6 46 46
-0.034334 -0.018050 0.369641 7 47 47
-0.034503 -0.018093 0.370036 7 47 47
-0.034672 -0.018136 0.370432 9 49 49
-0.034842 -0.018178 0.370828 11 52 54
-0.033966 -0.018527 0.371179 14 55 57
-0.034134 -0.018570 0.371574 16 57 59
-0.034303 -0.018612 0.371968 13 54 56
-0.034472 -0.018655 0.372362 11 52 54
-0.034640 -0.018697 0.372756 9 50 52
-0.034809 -0.018740 0.373151 10 50 52
-0.034977 -0.018782 0.373545 13 53 55
-0.036196 -0.018520 0.373994 15 55 55
-0.036365 -0.018562 0.374390 17 57 57
-0.036534 -0.018605 0.374785 16 56 58
-0.036703 -0.018648 0.375181 13 53 55
-0.036873 -0.018690 0.375577 12 52 54
-0.038094 -0.018429 0.376035 11 51 51
-0.038264 -0.018472 0.376432 10 50 50
-0.039488 -0.018211 0.376894 7 47 46
-0.039659 -0.018254 0.377293 4 44 43
-0.040884 -0.017993 0.377760 4 45 41
-0.042111 -0.017733 0.378230 5 44 41
-0.043340 -0.017473 0.378702 5 44 41
-0.043512 -0.017517 0.379106 6 45 42
-0.043684 -0.017560 0.379509 7 46 43
-0.044915 -0.017301 0.379987 5 45 44
-0.045088 -0.017345 0.380392 5 45 44
-0.045261 -0.017388 0.380797 6 48 47
-0.045434 -0.017432 0.381201 10 52 50
-0.045607 -0.017475 0.381606 8 50 48
-0.045780 -0.017519 0.382011 11 51 50
-0.045954 -0.017563 0.382415 12 52 52
-0.046127 -0.017606 0.382820 13 53 55
-0.046300 -0.017650 0.383225 12 53 57
-0.046473 -0.017694 0.383629 8 52 53
-0.047710 -0.017436 0.384124 16 57 59
-0.047884 -0.017480 0.384530 30 66 66
-0.048058 -0.017524 0.384936 47 76 74
-0.344750 0.066015 0.411680 50 75 72
-0.345100 0.065926 0.412498 48 70 67
-0.062461 -0.013751 0.387425 42 64 61
-0.062643 -0.013797 0.387850 36 63 58
-0.062825 -0.013843 0.388276 40 66 63
-0.036417 -0.011380 0.346232 9 97 99
-0.036593 -0.011425 0.346646 9 95 96
-0.035764 -0.011787 0.347104 6 87 90
-0.035940 -0.011831 0.347516 3 81 83
-0.035109 -0.012192 0.347969 1 76 79
-0.035284 -0.012237 0.348379 0 68 70
-0.034451 -0.012597 0.348828 0 67 69
-0.033616 -0.012958 0.349274 0 66 66
-0.033791 -0.013002 0.349682 10 80 80
-0.032116 -0.013721 0.350562 22 96 99
-0.031277 -0.014081 0.350997 22 96 99
-0.031450 -0.014124 0.351400 20 95 100
-0.030609 -0.014483 0.351831 21 96 102
-0.030780 -0.014526 0.352233 21 98 104
-0.029937 -0.014885 0.352660 33 110 116
-0.030109 -0.014928 0.353060 39 116 122
-0.030280 -0.014971 0.353460 42 119 125
-0.030451 -0.015014 0.353860 47 126 131
-0.029605 -0.015372 0.354279 49 129 136
-0.029775 -0.015415 0.354678 41 121 128
-0.029946 -0.015458 0.355077 25 108 116
-0.030116 -0.015501 0.355476 12 95 103
-0.030287 -0.015544 0.355874 12 95 101
-0.029437 -0.015900 0.356285 8 88 95
-0.029607 -0.015943 0.356682 2 81 86
-0.029777 -0.015986 0.357079 0 75 81
-0.029947 -0.016029 0.357476 0 72 78
-0.030117 -0.016072 0.357873 1 72 78
-0.030286 -0.016115 0.358271 5 72 78
-0.030456 -0.016157 0.358668 11 76 80
-0.030626 -0.016200 0.359065 8 73 77
-0.030796 -0.016243 0.359462 5 69 71
-0.030966 -0.016286 0.359860 2 63 64
-0.031136 -0.016329 0.360257 0 60 61
-0.031306 -0.016372 0.360654 3 58 61
-0.030448 -0.016726 0.361045 2 57 60
-0.030617 -0.016769 0.361441 3 54 57
-0.030786 -0.016812 0.361837 0 51 54
-0.030955 -0.016854 0.362232 0 48 49
-0.031125 -0.016897 0.362628 0 49 48
-0.031294 -0.016940 0.363024 4 52 52
-0.031463 -0.016982 0.363420 8 56 56
-0.031632 -0.017025 0.363815 7 55 55
-0.031802 -0.017068 0.364211 4 50 48
-0.031971 -0.017110 0.364607 2 48 46
-0.032140 -0.017153 0.365003 3 47 46
-0.032309 -0.017196 0.365398 3 45 44
-0.032479 -0.017238 0.365794 1 43 42
-0.032648 -0.017281 0.366190 1 41 41
-0.032817 -0.017324 0.366586 1 41 41
-0.032986 -0.017366 0.366982 0 40 40
-0.033156 -0.017409 0.367377 0 39 39
-0.033325 -0.017452 0.367773 0 40 40
-0.033494 -0.017494 0.368169 3 41 42
-0.033663 -0.017537 0.368565 3 41 42
-0.033833 -0.017580 0.368960 6 44 45
-0.034002 -0.017622 0.369356 8 48 48
-0.034171 -0.017665 0.369752 9 49 49
-0.034340 -0.017708 0.370148 9 50 52
-0.034509 -0.017750 0.370543 11 52 54
-0.034679 -0.017793 0.370939 14 55 57
-0.033804 -0.018143 0.371290 15 56 58
-0.033972 -0.018186 0.371684 15 56 58
-0.034141 -0.018228 0.372079 13 54 56
-0.034309 -0.018271 0.372473 11 52 54
-0.035525 -0.018007 0.372918 11 52 54
-0.035694 -0.018049 0.373314 13 55 54
-0.035863 -0.018092 0.373709 15 57 56
-0.036033 -0.018135 0.374105 16 56 56
-0.036202 -0.018177 0.374501 15 55 55
-0.036371 -0.018220 0.374897 17 57 59
-0.036540 -0.018263 0.375292 14 55 57
-0.037761 -0.018000 0.375749 13 54 56
-0.037931 -0.018042 0.376146 11 53 52
-0.039154 -0.017780 0.376608 8 50 49
-0.039324 -0.017823 0.377006 4 46 44
-0.040549 -0.017561 0.377472 2 44 42
-0.041774 -0.017299 0.377941 2 44 42
-0.043001 -0.017037 0.378412 3 43 42
-0.043174 -0.017081 0.378816 4 44 43
-0.044403 -0.016820 0.379292 7 46 45
-0.044576 -0.016863 0.379696 6 45 44
-0.044749 -0.016907 0.380101 4 42 43
-0.044922 -0.016951 0.380506 3 43 43
-0.045095 -0.016994 0.380910 6 46 46
-0.046327 -0.016734 0.381395 8 50 48
-0.046501 -0.016778 0.381801 6 51 48
-0.046675 -0.016822 0.382208 8 53 50
-0.046849 -0.016866 0.382614 9 51 50
-0.047022 -0.016909 0.383020 9 51 50
-0.047196 -0.016953 0.383426 7 51 52
-0.047370 -0.016997 0.383832 10 51 53
-0.047543 -0.017041 0.384238 18 58 57
-0.047717 -0.017085 0.384644 38 70 69
-0.036246 -0.010978 0.346348 2 90 91
-0.035418 -0.011341 0.346807 2 88 87
-0.035594 -0.011386 0.347219 0 79 79
-0.034764 -0.011748 0.347674 0 74 73
-0.034940 -0.011793 0.348084 0 73 73
-0.034108 -0.012155 0.348534 0 71 70
-0.033274 -0.012517 0.348981 0 72 71
-0.033448 -0.012561 0.349389 0 67 69
-0.032613 -0.012923 0.349831 15 89 90
-0.031777 -0.013284 0.350271 38 113 116
-0.030939 -0.013645 0.350707 31 109 113
-0.031111 -0.013688 0.351110 30 109 114
-0.030271 -0.014049 0.351542 31 112 116
-0.030443 -0.014092 0.351944 34 117 121
-0.029602 -0.014452 0.352372 40 123 127
-0.029773 -0.014495 0.352772 38 121 125
-0.029944 -0.014538 0.353172 43 126 130
-0.030115 -0.014582 0.353572 46 127 131
-0.029270 -0.014941 0.353993 40 121 125
-0.029441 -0.014984 0.354391 28 111 117
-0.029611 -0.015027 0.354790 16 99 105
-0.029782 -0.015070 0.355189 10 93 101
-0.029952 -0.015113 0.355588 9 89 96
-0.029104 -0.015471 0.355999 10 89 96
-0.029274 -0.015514 0.356396 6 85 90
-0.029443 -0.015557 0.356793 5 80 86
-0.029613 -0.015599 0.357191 3 76 82
-0.029783 -0.015642 0.357588 3 74 80
-0.029953 -0.015685 0.357985 4 73 78
-0.030123 -0.015728 0.358382 10 75 81
-0.030293 -0.015771 0.358780 13 76 81
-0.030463 -0.015814 0.359177 11 75 77
-0.030633 -0.015856 0.359574 9 70 73
-0.030802 -0.015899 0.359971 7 67 68
-0.030972 -0.015942 0.360369 7 67 68
-0.031142 -0.015985 0.360766 11 66 69
-0.030285 -0.016341 0.361156 8 63 66
-0.030454 -0.016384 0.361552 5 59 61
-0.030623 -0.016426 0.361948 3 54 57
-0.030792 -0.016469 0.362344 1 55 57
-0.030962 -0.016512 0.362739 3 57 57
-0.031131 -0.016554 0.363135 8 59 60
-0.031300 -0.016597 0.363531 10 62 60
-0.031469 -0.016640 0.363927 8 58 57
-0.031639 -0.016682 0.364322 4 52 52
-0.031808 -0.016725 0.364718 1 49 49
-0.031977 -0.016768 0.365114 2 48 46
-0.032146 -0.016810 0.365510 1 45 44
-0.032316 -0.016853 0.365905 2 44 43
-0.032485 -0.016896 0.366301 2 42 42
-0.032654 -0.016939 0.366697 1 41 41
-0.032823 -0.016981 0.367093 0 40 40
-0.032993 -0.017024 0.367488 0 40 40
-0.033162 -0.017067 0.367884 2 40 41
-0.033331 -0.017109 0.368280 5 43 44
-0.033500 -0.017152 0.368676 6 44 45
-0.033670 -0.017195 0.369071 8 46 47
-0.033839 -0.017237 0.369467 8 48 48
-0.034008 -0.017280 0.369863 9 49 49
-0.034177 -0.017323 0.370259 10 51 53
-0.034347 -0.017365 0.370655 12 53 55
-0.034516 -0.017408 0.371050 14 55 57
-0.034685 -0.017451 0.371446 15 56 58
-0.034854 -0.017493 0.371842 9 50 52
-0.035024 -0.017536 0.372238 8 49 51
-0.035193 -0.017579 0.372633 8 49 51
-0.035362 -0.017621 0.373029 10 51 53
-0.035531 -0.017664 0.373425 12 54 53
-0.035701 -0.017707 0.373821 13 55 54
-0.035870 -0.017749 0.374216 12 52 52
-0.036039 -0.017792 0.374612 9 51 50
-0.036208 -0.017835 0.375008 15 56 58
-0.037428 -0.017570 0.375464 15 56 58
-0.037598 -0.017613 0.375861 15 57 56
-0.037767 -0.017656 0.376258 12 56 55
-0.038989 -0.017392 0.376720 8 52 51
-0.040213 -0.017128 0.377184 3 47 46
-0.041437 -0.016865 0.377652 0 44 41
-0.041609 -0.016908 0.378054 0 42 40
-0.042835 -0.016645 0.378526 2 44 42
-0.044063 -0.016382 0.379001 4 44 43
-0.044236 -0.016426 0.379405 6 44 45
-0.044409 -0.016470 0.379810 5 43 44
-0.045639 -0.016208 0.380291 4 42 43
-0.045813 -0.016251 0.380697 4 42 43
-0.045987 -0.016295 0.381103 7 47 47
-0.046160 -0.016339 0.381509 9 51 50
-0.046334 -0.016383 0.381916 9 54 51
-0.046508 -0.016427 0.382322 9 54 51
-0.046681 -0.016470 0.382728 8 50 49
-0.046855 -0.016514 0.383134 9 51 50
-0.047029 -0.016558 0.383540 8 52 51
-0.047202 -0.016602 0.383946 13 55 54
-0.047376 -0.016646 0.384352 21 60 57
-0.047550 -0.016689 0.384758 42 72 70
-0.036548 -0.010121 0.345173 2 89 96
-0.035722 -0.010486 0.345638 0 88 92
-0.035899 -0.010531 0.346051 0 87 89
-0.036076 -0.010575 0.346465 0 86 87
-0.035248 -0.010940 0.346923 1 85 85
-0.035425 -0.010985 0.347335 0 79 80
-0.034595 -0.011349 0.347789 0 75 75
-0.034771 -0.011393 0.348200 0 75 75
-0.033939 -0.011757 0.348649 0 72 71
-0.033106 -0.012120 0.349096 0 73 74
-0.033281 -0.012164 0.349503 4 79 82
-0.032446 -0.012527 0.349945 27 105 109
-0.031610 -0.012890 0.350384 52 131 136
-0.030773 -0.013252 0.350820 47 128 132
-0.030945 -0.013296 0.351224 44 129 134
-0.030106 -0.013658 0.351655 44 132 136
-0.030278 -0.013701 0.352057 44 132 136
-0.029437 -0.014063 0.352484 44 132 136
-0.029608 -0.014106 0.352884 42 127 132
-0.029779 -0.014149 0.353285 35 120 125
-0.028936 -0.014510 0.353706 27 110 114
-0.029106 -0.014553 0.354105 18 101 105
-0.029277 -0.014596 0.354503 13 94 98
-0.029447 -0.014639 0.354902 8 89 93
-0.029618 -0.014682 0.355301 4 84 91
-0.028770 -0.015041 0.355713 3 82 89
-0.028940 -0.015084 0.356111 0 77 85
-0.029110 -0.015127 0.356508 0 75 81
-0.029280 -0.015170 0.356905 2 72 80
-0.029450 -0.015213 0.357302 3 72 79
-0.029620 -0.015256 0.357699 4 71 79
-0.029790 -0.015299 0.358097 6 71 77
-0.029959 -0.015341 0.358494 6 69 76
-0.030129 -0.015384 0.358891 8 69 74
-0.030299 -0.015427 0.359288 11 72 75
-0.030469 -0.015470 0.359686 10 71 74
-0.030639 -0.015513 0.360083 11 70 74
-0.030809 -0.015556 0.360480 10 69 73
-0.030979 -0.015598 0.360877 11 66 69
-0.031149 -0.015641 0.361275 9 64 67
-0.030291 -0.015999 0.361663 10 63 67
-0.030460 -0.016041 0.362059 11 65 67
-0.030630 -0.016084 0.362455 11 67 68
-0.030799 -0.016127 0.362851 9 65 66
-0.030968 -0.016169 0.363246 6 60 62
-0.031137 -0.016212 0.363642 2 56 56
-0.031307 -0.016255 0.364038 4 55 56
-0.031476 -0.016297 0.364434 4 56 54
-0.031645 -0.016340 0.364829 3 51 51
-0.031814 -0.016383 0.365225 1 47 47
-0.031983 -0.016425 0.365621 2 46 45
-0.032153 -0.016468 0.366017 3 45 44
-0.032322 -0.016511 0.366412 3 43 43
-0.033527 -0.016241 0.366836 2 42 42
-0.032660 -0.016596 0.367204 2 40 41
-0.032830 -0.016639 0.367600 2 40 41
-0.034036 -0.016370 0.368028 5 40 44
-0.033168 -0.016724 0.368391 7 42 46
-0.033337 -0.016767 0.368787 7 45 46
-0.033507 -0.016809 0.369183 7 45 46
-0.033676 -0.016852 0.369578 8 48 50
-0.033845 -0.016895 0.369974 10 50 52
-0.034014 -0.016937 0.370370 11 52 54
-0.034184 -0.016980 0.370766 14 55 57
-0.034353 -0.017023 0.371161 12 56 57
-0.034522 -0.017066 0.371557 11 55 56
-0.034691 -0.017108 0.371953 8 52 53
-0.034861 -0.017151 0.372349 7 51 52
-0.035030 -0.017194 0.372744 6 50 51
-0.035199 -0.017236 0.373140 6 50 51
-0.035368 -0.017279 0.373536 7 51 50
-0.035538 -0.017322 0.373932 9 53 52
-0.035707 -0.017364 0.374328 12 54 53
-0.035876 -0.017407 0.374723 13 55 54
-0.037094 -0.017141 0.375178 14 56 55
-0.037264 -0.017183 0.375575 13 57 56
-0.037434 -0.017226 0.375972 14 58 57
-0.038655 -0.016961 0.376433 12 58 56
-0.039877 -0.016695 0.376897 8 54 52
-0.041100 -0.016430 0.377363 3 49 47
-0.041272 -0.016474 0.377765 0 45 43
-0.042497 -0.016209 0.378236 0 43 42
-0.043723 -0.015945 0.378710 3 45 44
-0.043896 -0.015989 0.379114 3 45 44
-0.045125 -0.015725 0.379593 5 45 47
-0.045298 -0.015769 0.379999 4 44 44
-0.045472 -0.015812 0.380405 6 44 45
-0.045646 -0.015856 0.380811 8 46 47
-0.045819 -0.015900 0.381217 12 50 51
-0.045993 -0.015944 0.381624 13 53 53
-0.046167 -0.015988 0.382030 11 53 51
-0.046340 -0.016031 0.382436 9 54 51
-0.046514 -0.016075 0.382842 9 51 50
-0.046688 -0.016119 0.383248 10 52 51
-0.046862 -0.016163 0.383654 8 52 51
-0.047035 -0.016207 0.384060 13 55 53
-0.047209 -0.016250 0.384466 21 57 53
-0.047383 -0.016294 0.384873 45 74 70
-0.035312 -0.009448 0.342800 7 95 105
-0.035489 -0.009493 0.343215 8 95 102
-0.035667 -0.009538 0.343630 8 95 104
-0.035844 -0.009583 0.344045 4 91 98
-0.036022 -0.009627 0.344460 1 86 93
-0.035199 -0.009995 0.344927 1 86 93
-0.035375 -0.010039 0.345340 2 87 92
-0.035552 -0.010084 0.345754 0 85 90
-0.035729 -0.010128 0.346167 2 87 90
-0.034903 -0.010495 0.346627 1 85 87
-0.035079 -0.010539 0.347039 2 86 88
-0.034250 -0.010905 0.347494 3 84 87
-0.034426 -0.010949 0.347904 6 86 87
-0.033596 -0.011315 0.348355 12 90 92
-0.032764 -0.011680 0.348803 16 91 94
-0.031931 -0.012045 0.349247 18 96 98
-0.032105 -0.012088 0.349653 28 109 113
-0.031270 -0.012453 0.350093 44 129 134
-0.031443 -0.012496 0.350498 58 143 150
-0.030607 -0.012860 0.350934 52 139 146
-0.030779 -0.012904 0.351337 49 138 144
-0.029272 -0.013673 0.352597 25 112 119
-0.029443 -0.013716 0.352997 20 105 110
-0.029614 -0.013759 0.353397 15 98 104
-0.028771 -0.014122 0.353818 14 95 99
-0.028942 -0.014165 0.354217 9 90 94
-0.029112 -0.014208 0.354615 2 81 86
-0.029283 -0.014251 0.355014 0 77 82
-0.029454 -0.014294 0.355413 0 74 82
-0.028607 -0.014655 0.355825 0 74 80
-0.028777 -0.014698 0.356222 0 72 79
-0.028947 -0.014741 0.356619 1 71 79
-0.029116 -0.014783 0.357017 3 72 79
-0.029286 -0.014826 0.357414 6 73 81
-0.029456 -0.014869 0.357811 9 74 80
-0.029626 -0.014912 0.358208 10 73 80
-0.029796 -0.014955 0.358606 11 72 77
-0.029966 -0.014998 0.359003 9 70 75
-0.030136 -0.015040 0.359400 5 66 69
-0.030306 -0.015083 0.359797 6 67 70
-0.030475 -0.015126 0.360195 9 68 72
-0.030645 -0.015169 0.360592 9 68 72
-0.030815 -0.015212 0.360989 10 68 70
-0.030985 -0.015255 0.361386 12 67 70
-0.031155 -0.015297 0.361783 12 65 69
-0.031325 -0.015340 0.362181 11 66 69
-0.030467 -0.015699 0.362566 7 65 67
-0.030636 -0.015741 0.362962 6 64 65
-0.030805 -0.015784 0.363358 5 61 62
-0.030974 -0.015827 0.363753 1 57 58
-0.031144 -0.015869 0.364149 1 55 55
-0.032344 -0.015597 0.364564 5 56 57
-0.032514 -0.015640 0.364961 4 54 55
-0.032684 -0.015683 0.365359 1 49 49
-0.032854 -0.015726 0.365756 2 48 48
-0.033024 -0.015769 0.366153 2 46 45
-0.033193 -0.015812 0.366550 3 45 44
-0.033363 -0.015854 0.366948 3 43 43
-0.033533 -0.015897 0.367345 3 41 42
-0.033703 -0.015940 0.367742 4 42 43
-0.033873 -0.015983 0.368139 7 42 46
-0.034043 -0.016026 0.368537 6 44 47
-0.034213 -0.016069 0.368934 9 47 48
-0.034383 -0.016111 0.369331 10 48 49
-0.034552 -0.016154 0.369728 11 51 53
-0.033682 -0.016510 0.370085 13 53 55
-0.033852 -0.016552 0.370481 13 54 56
-0.034021 -0.016595 0.370877 13 54 56
-0.034190 -0.016638 0.371273 9 53 54
-0.034359 -0.016680 0.371668 6 50 51
-0.034528 -0.016723 0.372064 9 53 54
-0.034698 -0.016766 0.372460 9 53 54
-0.034867 -0.016808 0.372856 9 53 54
-0.035036 -0.016851 0.373251 9 53 54
-0.035205 -0.016894 0.373647 9 53 52
-0.035375 -0.016936 0.374043 10 54 53
-0.036591 -0.016668 0.374495 14 56 55
-0.036761 -0.016711 0.374892 16 58 57
-0.036931 -0.016754 0.375290 12 56 55
-0.037101 -0.016797 0.375687 13 57 56
-0.038320 -0.016530 0.376146 12 58 56
-0.038491 -0.016573 0.376545 10 56 54
-0.039712 -0.016306 0.377009 6 52 50
-0.040935 -0.016039 0.377476 3 49 47
-0.042159 -0.015773 0.377946 1 47 45
-0.043384 -0.015507 0.378419 0 46 46
-0.043557 -0.015551 0.378824 2 46 47
-0.044784 -0.015286 0.379301 4 45 47
-0.044958 -0.015330 0.379707 4 44 46
-0.045131 -0.015373 0.380113 3 43 45
-0.045305 -0.015417 0.380519 5 43 46
-0.045479 -0.015461 0.380925 8 46 47
-0.045652 -0.015505 0.381332 11 49 50
-0.045826 -0.015549 0.381738 12 52 52
-0.046000 -0.015592 0.382144 10 52 51
-0.046173 -0.015636 0.382550 11 53 52
-0.046347 -0.015680 0.382956 8 50 49
-0.046521 -0.015724 0.383362 8 50 49
-0.046694 -0.015768 0.383768 6 48 46
-0.046868 -0.015811 0.384174 12 53 49
-0.047042 -0.015855 0.384581 24 60 56
-0.047215 -0.015899 0.384987 62 89 84
-0.033437 -0.009191 0.341321 44 125 142
-0.033614 -0.009235 0.341735 36 124 138
-0.033790 -0.009280 0.342148 30 122 137
-0.033967 -0.009324 0.342562 20 112 125
-0.034144 -0.009369 0.342975 5 94 102
-0.034321 -0.009414 0.343389 0 85 90
-0.034498 -0.009458 0.343802 0 84 91
-0.034675 -0.009503 0.344216 5 90 95
-0.034851 -0.009547 0.344629 6 89 95
-0.035028 -0.009592 0.345043 2 85 91
-0.035205 -0.009637 0.345456 1 84 90
-0.034381 -0.010005 0.345918 4 87 93
-0.034557 -0.010049 0.346330 11 94 100
-0.034733 -0.010094 0.346743 15 98 104
-0.033906 -0.010461 0.347199 27 110 116
-0.033077 -0.010828 0.347652 37 120 126
-0.033252 -0.010872 0.348061 44 124 131
-0.032422 -0.011239 0.348509 41 121 128
-0.031591 -0.011606 0.348955 34 113 120
-0.031764 -0.011649 0.349361 28 111 117
-0.031938 -0.011693 0.349767 33 122 128
-0.031104 -0.012059 0.350207 44 137 142
-0.030268 -0.012424 0.350644 46 139 146
-0.030441 -0.012468 0.351047 39 132 139
-0.030613 -0.012511 0.351450 27 120 127
-0.029775 -0.012876 0.351881 19 109 117
-0.028936 -0.013240 0.352309 12 101 109
-0.029107 -0.013284 0.352709 9 94 101
-0.028266 -0.013648 0.353133 6 89 95
-0.028437 -0.013691 0.353531 3 82 89
-0.028607 -0.013734 0.353930 7 84 90
-0.028778 -0.013777 0.354329 8 83 89
-0.028948 -0.013820 0.354728 4 77 84
-0.029119 -0.013863 0.355126 1 74 81
-0.028273 -0.014225 0.355539 0 71 78
-0.028443 -0.014268 0.355937 0 70 78
-0.028613 -0.014311 0.356334 2 70 79
-0.028783 -0.014354 0.356731 3 70 78
-0.028953 -0.014397 0.357128 5 69 78
-0.029123 -0.014440 0.357525 7 70 79
-0.029293 -0.014482 0.357923 7 70 77
-0.029462 -0.014525 0.358320 8 68 76
-0.029632 -0.014568 0.358717 6 67 72
-0.029802 -0.014611 0.359114 4 65 70
-0.029972 -0.014654 0.359512 9 70 73
-0.030142 -0.014697 0.359909 9 70 73
-0.030312 -0.014740 0.360306 9 70 73
-0.030482 -0.014782 0.360703 10 69 73
-0.030652 -0.014825 0.361101 12 70 74
-0.030822 -0.014868 0.361498 12 70 74
-0.030991 -0.014911 0.361895 11 66 71
-0.031161 -0.014954 0.362292 7 62 65
-0.031331 -0.014997 0.362690 0 58 60
-0.031501 -0.015039 0.363087 2 60 62
-0.031671 -0.015082 0.363484 3 59 60
-0.031841 -0.015125 0.363881 0 56 57
-0.032011 -0.015168 0.364279 0 53 55
-0.032181 -0.015211 0.364676 1 52 53
-0.032350 -0.015254 0.365073 2 52 53
-0.032520 -0.015296 0.365470 3 51 51
-0.032690 -0.015339 0.365867 1 47 47
-0.032860 -0.015382 0.366265 1 45 46
-0.033030 -0.015425 0.366662 2 43 45
-0.033200 -0.015468 0.367059 0 41 43
-0.033370 -0.015511 0.367456 1 41 43
-0.033540 -0.015553 0.367854 3 43 45
-0.033709 -0.015596 0.368251 6 44 47
-0.033879 -0.015639 0.368648 7 45 48
-0.034049 -0.015682 0.369045 12 50 53
-0.034219 -0.015725 0.369443 13 53 55
-0.034389 -0.015768 0.369840 14 54 56
-0.034559 -0.015811 0.370237 14 54 56
-0.034729 -0.015853 0.370634 12 53 55
-0.034899 -0.015896 0.371032 10 51 53
-0.035068 -0.015939 0.371429 6 50 51
-0.035238 -0.015982 0.371826 5 49 50
-0.035408 -0.016025 0.372223 5 51 51
-0.035578 -0.016068 0.372621 6 52 52
-0.035748 -0.016110 0.373018 8 54 54
-0.035918 -0.016153 0.373415 9 55 55
-0.036088 -0.016196 0.373812 10 54 53
-0.036258 -0.016239 0.374209 9 53 52
-0.036427 -0.016282 0.374607 10 54 53
-0.036597 -0.016325 0.375004 11 55 54
-0.036767 -0.016367 0.375401 11 56 53
-0.036937 -0.016410 0.375798 14 59 56
-0.038156 -0.016142 0.376258 13 59 57
-0.039376 -0.015873 0.376721 10 56 54
-0.040598 -0.015605 0.377187 3 51 51
-0.041820 -0.015337 0.377656 0 47 47
-0.041993 -0.015381 0.378059 0 47 47
-0.043217 -0.015114 0.378533 1 46 49
-0.044443 -0.014847 0.379009 2 46 49
-0.044617 -0.014890 0.379415 3 47 50
-0.044790 -0.014934 0.379821 3 44 48
-0.046019 -0.014668 0.380303 2 43 45
-0.046193 -0.014712 0.380711 3 43 45
-0.046367 -0.014756 0.381119 6 46 48
-0.045485 -0.015109 0.381446 9 49 51
-0.045659 -0.015153 0.381852 10 51 53
-0.045832 -0.015197 0.382258 14 54 56
-0.046006 -0.015241 0.382664 13 53 55
-0.046180 -0.015285 0.383070 9 49 51
-0.046353 -0.015328 0.383476 10 50 50
-0.046527 -0.015372 0.383882 7 49 47
-0.046701 -0.015416 0.384289 15 56 52
-0.046875 -0.015460 0.384695 32 67 63
-0.047048 -0.015504 0.385101 77 102 98
-0.030928 -0.009353 0.340745 50 127 145
-0.031103 -0.009397 0.341155 38 117 134
-0.032273 -0.009115 0.341502 22 108 123
-0.032449 -0.009159 0.341914 23 115 128
-0.032625 -0.009204 0.342326 23 119 131
-0.032801 -0.009248 0.342738 16 113 122
-0.033974 -0.008967 0.343091 0 90 98
-0.034151 -0.009011 0.343505 0 88 92
-0.034328 -0.009056 0.343918 0 83 90
-0.034504 -0.009100 0.344332 0 80 85
-0.034681 -0.009145 0.344746 0 83 91
-0.034858 -0.009190 0.345159 16 99 107
-0.034035 -0.009559 0.345622 35 118 126
-0.034211 -0.009604 0.346034 43 128 135
-0.033386 -0.009973 0.346493 55 140 147
-0.033561 -0.010017 0.346903 51 138 145
-0.032734 -0.010386 0.347358 54 141 150
-0.031906 -0.010755 0.347809 57 144 153
-0.031076 -0.011123 0.348257 55 142 151
-0.031250 -0.011166 0.348663 49 136 145
-0.031423 -0.011210 0.349069 40 124 134
-0.030591 -0.011578 0.349512 34 123 131
-0.030764 -0.011621 0.349916 37 132 138
-0.030937 -0.011665 0.350321 39 138 143
-0.030103 -0.012032 0.350757 31 130 136
-0.029266 -0.012398 0.351191 30 127 134
-0.028429 -0.012765 0.351621 24 118 126
-0.028600 -0.012808 0.352021 19 112 120
-0.028771 -0.012851 0.352421 16 104 114
-0.027932 -0.013217 0.352846 15 99 109
-0.028102 -0.013260 0.353245 9 89 98
-0.028273 -0.013303 0.353643 1 78 86
-0.028443 -0.013346 0.354042 3 78 84
-0.028614 -0.013389 0.354441 3 76 83
-0.028784 -0.013432 0.354840 3 73 81
-0.028955 -0.013475 0.355238 4 74 82
-0.028110 -0.013839 0.355651 2 72 80
-0.028280 -0.013882 0.356048 4 72 81
-0.028450 -0.013925 0.356445 1 68 76
-0.028619 -0.013967 0.356843 4 68 77
-0.028789 -0.014010 0.357240 5 68 77
-0.028959 -0.014053 0.357637 5 68 77
-0.029129 -0.014096 0.358034 7 67 75
-0.029299 -0.014139 0.358432 8 68 76
-0.029469 -0.014182 0.358829 8 69 74
-0.029639 -0.014224 0.359226 8 69 74
-0.029809 -0.014267 0.359623 8 69 72
-0.029978 -0.014310 0.360021 10 71 74
-0.030148 -0.014353 0.360418 9 70 73
-0.030318 -0.014396 0.360815 6 67 70
-0.030488 -0.014439 0.361212 6 65 69
-0.030658 -0.014481 0.361609 10 68 72
-0.030828 -0.014524 0.362007 11 69 73
-0.030998 -0.014567 0.362404 13 68 73
-0.031168 -0.014610 0.362801 10 65 68
-0.031338 -0.014653 0.363198 6 61 64
-0.031507 -0.014696 0.363596 1 57 58
-0.031677 -0.014738 0.363993 0 52 54
-0.031847 -0.014781 0.364390 0 51 53
-0.032017 -0.014824 0.364787 0 50 53
-0.032187 -0.014867 0.365185 2 52 53
-0.032357 -0.014910 0.365582 4 52 54
-0.032527 -0.014953 0.365979 2 48 48
-0.032697 -0.014996 0.366376 1 47 47
-0.032866 -0.015038 0.366774 1 45 46
-0.033036 -0.015081 0.367171 1 42 44
-0.033206 -0.015124 0.367568 2 43 45
-0.033376 -0.015167 0.367965 6 46 48
-0.033546 -0.015210 0.368363 9 49 51
-0.033716 -0.015253 0.368760 10 50 52
-0.033886 -0.015295 0.369157 11 51 53
-0.034056 -0.015338 0.369554 14 54 56
-0.034225 -0.015381 0.369951 15 55 57
-0.034395 -0.015424 0.370349 12 53 55
-0.034565 -0.015467 0.370746 9 50 52
-0.034735 -0.015510 0.371143 6 50 51
-0.034905 -0.015552 0.371540 7 51 52
-0.035075 -0.015595 0.371938 8 52 53
-0.035245 -0.015638 0.372335 7 53 53
-0.035415 -0.015681 0.372732 8 54 54
-0.035584 -0.015724 0.373129 10 56 56
-0.035754 -0.015767 0.373527 10 56 56
-0.035924 -0.015809 0.373924 11 55 54
-0.036094 -0.015852 0.374321 11 55 54
-0.036264 -0.015895 0.374718 12 56 55
-0.036434 -0.015938 0.375116 13 57 56
-0.036604 -0.015981 0.375513 11 55 54
-0.037821 -0.015711 0.375972 14 59 56
-0.037992 -0.015754 0.376370 15 61 59
-0.039211 -0.015484 0.376834 11 57 55
-0.041482 -0.014902 0.377366 3 51 51
-0.042704 -0.014633 0.377837 0 47 47
-0.042878 -0.014676 0.378242 0 47 49
-0.044102 -0.014408 0.378717 2 47 50
-0.044276 -0.014451 0.379123 2 46 49
-0.045502 -0.014183 0.379603 3 47 50
-0.045677 -0.014227 0.380010 4 45 49
-0.045851 -0.014271 0.380418 3 44 48
-0.046025 -0.014315 0.380825 4 45 47
-0.046200 -0.014359 0.381233 8 49 51
-0.046374 -0.014403 0.381641 12 53 55
-0.046548 -0.014447 0.382048 14 55 57
-0.046723 -0.014491 0.382456 11 52 54
-0.046897 -0.014535 0.382864 10 50 52
-0.047071 -0.014579 0.383271 6 46 48
-0.047245 -0.014623 0.383679 11 51 53
-0.047420 -0.014667 0.384086 9 51 50
-0.047594 -0.014711 0.384494 17 57 56
-0.047768 -0.014755 0.384902 30 65 61
-0.047943 -0.014799 0.385309 73 100 95
-0.030407 -0.008865 0.340039 52 133 152
-0.030583 -0.008909 0.340450 38 119 138
-0.030759 -0.008954 0.340860 27 108 125
-0.030934 -0.008998 0.341271 21 104 120
-0.031110 -0.009042 0.341681 13 101 113
-0.031285 -0.009086 0.342092 9 103 113
-0.032455 -0.008803 0.342441 11 109 118
-0.032632 -0.008847 0.342854 13 111 120
-0.032808 -0.008892 0.343266 11 106 112
-0.033980 -0.008609 0.343621 0 91 96
-0.034157 -0.008653 0.344035 8 98 106
-0.034334 -0.008698 0.344448 27 118 123
-0.033513 -0.009069 0.344914 49 138 146
-0.033689 -0.009114 0.345326 61 150 158
-0.032866 -0.009485 0.345787 60 149 157
-0.033041 -0.009529 0.346198 60 149 157
-0.032216 -0.009900 0.346654 59 149 157
-0.032391 -0.009944 0.347063 63 156 163
-0.031564 -0.010314 0.347516 63 156 164
-0.030735 -0.010684 0.347965 58 152 160
-0.030909 -0.010727 0.348371 49 143 151
-0.031083 -0.010771 0.348777 48 142 150
-0.031256 -0.010815 0.349183 43 137 145
-0.030425 -0.011184 0.349625 38 135 142
-0.029592 -0.011553 0.350064 35 134 140
-0.028758 -0.011921 0.350500 34 136 141
-0.028929 -0.011964 0.350902 34 135 143
-0.028093 -0.012332 0.351333 34 132 141
-0.028264 -0.012375 0.351733 32 129 138
-0.028436 -0.012418 0.352134 30 124 132
-0.027597 -0.012786 0.352559 28 118 127
-0.027768 -0.012829 0.352958 25 112 121
-0.027938 -0.012872 0.353357 25 105 114
-0.028109 -0.012915 0.353755 21 98 106
-0.028279 -0.012958 0.354154 18 91 98
-0.028450 -0.013001 0.354553 16 86 94
-0.028620 -0.013044 0.354952 15 84 91
-0.027776 -0.013409 0.355365 12 81 88
-0.027946 -0.013452 0.355763 8 77 84
-0.028116 -0.013495 0.356160 7 74 82
-0.028286 -0.013538 0.356557 4 71 79
-0.028456 -0.013581 0.356954 8 72 81
-0.028626 -0.013624 0.357351 11 74 81
-0.028796 -0.013666 0.357749 12 75 82
-0.028966 -0.013709 0.358146 13 73 81
-0.029135 -0.013752 0.358543 11 71 79
-0.029305 -0.013795 0.358940 10 71 76
-0.029475 -0.013838 0.359338 9 70 75
-0.029645 -0.013881 0.359735 8 72 74
-0.029815 -0.013923 0.360132 5 69 71
-0.029985 -0.013966 0.360529 4 68 70
-0.030155 -0.014009 0.360927 8 69 72
-0.030325 -0.014052 0.361324 11 72 75
-0.030494 -0.014095 0.361721 12 71 75
-0.030664 -0.014138 0.362118 9 68 72
-0.030834 -0.014181 0.362516 7 65 69
-0.031004 -0.014223 0.362913 4 57 61
-0.031174 -0.014266 0.363310 1 54 58
-0.031344 -0.014309 0.363707 0 52 56
-0.031514 -0.014352 0.364105 1 52 56
-0.031684 -0.014395 0.364502 3 54 57
-0.031854 -0.014438 0.364899 5 54 58
-0.032023 -0.014480 0.365296 2 52 53
-0.032193 -0.014523 0.365693 0 48 50
-0.032363 -0.014566 0.366091 1 47 47
-0.032533 -0.014609 0.366488 2 48 48
-0.032703 -0.014652 0.366885 2 46 47
-0.032873 -0.014695 0.367282 4 48 49
-0.033043 -0.014737 0.367680 8 52 55
-0.033213 -0.014780 0.368077 11 52 56
-0.033382 -0.014823 0.368474 11 52 56
-0.033552 -0.014866 0.368871 12 53 57
-0.033722 -0.014909 0.369269 12 53 57
-0.033892 -0.014952 0.369666 9 50 54
-0.034062 -0.014994 0.370063 9 50 54
-0.034232 -0.015037 0.370460 8 49 53
-0.034402 -0.015080 0.370858 7 48 52
-0.034572 -0.015123 0.371255 7 51 54
-0.034741 -0.015166 0.371652 9 53 54
-0.034911 -0.015209 0.372049 7 53 53
-0.035081 -0.015252 0.372447 7 53 53
-0.035251 -0.015294 0.372844 8 54 54
-0.035421 -0.015337 0.373241 10 56 56
-0.035591 -0.015380 0.373638 9 55 55
-0.035761 -0.015423 0.374035 12 58 58
-0.035931 -0.015466 0.374433 12 58 58
-0.036100 -0.015509 0.374830 8 54 54
-0.036270 -0.015551 0.375227 10 56 54
-0.037487 -0.015280 0.375685 12 56 55
-0.037657 -0.015323 0.376084 13 57 56
-0.038875 -0.015051 0.376546 15 61 61
-0.040095 -0.014780 0.377011 14 60 60
-0.041316 -0.014509 0.377480 0 48 50
-0.042538 -0.014239 0.377951 0 44 46
-0.043761 -0.013969 0.378425 0 44 47
-0.044986 -0.013699 0.378902 1 46 49
-0.045160 -0.013743 0.379310 2 46 49
-0.045335 -0.013787 0.379717 2 46 49
-0.045509 -0.013831 0.380125 1 45 48
-0.045683 -0.013875 0.380532 0 44 47
-0.045857 -0.013919 0.380940 2 46 47
-0.046032 -0.013962 0.381348 5 49 50
-0.046206 -0.014006 0.381755 9 53 52
-0.046380 -0.014050 0.382163 11 55 56
-0.046555 -0.014094 0.382570 10 54 55
-0.046729 -0.014138 0.382978 12 53 57
-0.046903 -0.014182 0.383386 10 51 55
-0.047078 -0.014226 0.383793 9 50 52
-0.047252 -0.014270 0.384201 12 54 53
-0.047426 -0.014314 0.384609 23 63 62
-0.047601 -0.014358 0.385016 28 64 62
-0.047775 -0.014402 0.385424 68 97 93
-0.027735 -0.008994 0.339070 65 152 169
-0.027910 -0.009038 0.339478 53 140 157
-0.028084 -0.009082 0.339886 37 124 141
-0.029248 -0.008796 0.340224 29 115 132
-0.029423 -0.008840 0.340633 26 109 125
-0.029598 -0.008884 0.341042 18 101 115
-0.030765 -0.008598 0.341386 9 95 108
-0.030941 -0.008643 0.341797 10 100 109
-0.031116 -0.008687 0.342207 10 104 112
-0.032286 -0.008402 0.342557 5 104 110
-0.032462 -0.008446 0.342969 10 112 117
-0.032638 -0.008491 0.343381 19 118 124
-0.032814 -0.008535 0.343793 33 130 137
-0.032991 -0.008580 0.344205 50 144 152
-0.033167 -0.008624 0.344618 58 152 160
-0.032345 -0.008997 0.345081 61 154 162
-0.032521 -0.009041 0.345492 65 158 166
-0.031698 -0.009413 0.345951 68 161 169
-0.030873 -0.009785 0.346407 65 158 166
-0.031047 -0.009829 0.346815 65 159 167
-0.030221 -0.010201 0.347267 56 153 160
-0.030394 -0.010245 0.347673 53 150 159
-0.030568 -0.010288 0.348079 43 141 150
-0.030742 -0.010332 0.348485 41 139 148
-0.028909 -0.011030 0.348968 30 128 137
-0.029081 -0.011073 0.349371 29 127 136
-0.028249 -0.011443 0.349810 27 125 134
-0.028420 -0.011487 0.350211 15 117 122
-0.027586 -0.011856 0.350645 17 119 124
-0.027757 -0.011899 0.351046 16 117 125
-0.027929 -0.011943 0.351446 12 110 119
-0.027092 -0.012311 0.351874 12 109 118
-0.027262 -0.012354 0.352273 18 112 120
-0.027433 -0.012397 0.352671 20 113 121
-0.027603 -0.012440 0.353070 21 110 118
-0.027774 -0.012483 0.353469 19 102 110
-0.027944 -0.012526 0.353867 19 98 105
-0.028115 -0.012569 0.354266 17 92 98
-0.028285 -0.012612 0.354665 15 88 95
-0.027443 -0.012980 0.355080 18 89 95
-0.027613 -0.013023 0.355477 20 89 96
-0.027783 -0.013066 0.355874 15 84 91
-0.027953 -0.013108 0.356271 11 78 86
-0.028123 -0.013151 0.356669 11 75 84
-0.028292 -0.013194 0.357066 10 74 83
-0.028462 -0.013237 0.357463 10 73 80
-0.028632 -0.013280 0.357860 9 72 79
-0.028802 -0.013323 0.358258 10 70 78
-0.028972 -0.013366 0.358655 10 70 78
-0.029142 -0.013408 0.359052 10 71 76
-0.029312 -0.013451 0.359449 10 71 76
-0.029482 -0.013494 0.359847 10 74 76
-0.029651 -0.013537 0.360244 9 73 75
-0.029821 -0.013580 0.360641 8 72 74
-0.029991 -0.013623 0.361038 8 72 74
-0.030161 -0.013665 0.361435 9 70 73
-0.030331 -0.013708 0.361833 7 68 71
-0.030501 -0.013751 0.362230 6 65 69
-0.030671 -0.013794 0.362627 7 65 69
-0.030841 -0.013837 0.363024 3 56 60
-0.031010 -0.013880 0.363422 3 54 58
-0.031180 -0.013922 0.363819 1 52 56
-0.031350 -0.013965 0.364216 1 50 54
-0.031520 -0.014008 0.364613 2 51 55
-0.031690 -0.014051 0.365011 3 52 56
-0.031860 -0.014094 0.365408 3 51 53
-0.032030 -0.014137 0.365805 2 50 52
-0.032200 -0.014179 0.366202 4 50 50
-0.032370 -0.014222 0.366600 5 51 51
-0.032539 -0.014265 0.366997 6 50 51
-0.032709 -0.014308 0.367394 8 52 53
-0.032879 -0.014351 0.367791 12 56 59
-0.033049 -0.014394 0.368189 13 57 60
-0.033219 -0.014437 0.368586 11 55 58
-0.033389 -0.014479 0.368983 11 55 58
-0.033559 -0.014522 0.369380 11 52 56
-0.033729 -0.014565 0.369777 9 50 54
-0.033898 -0.014608 0.370175 8 49 53
-0.034068 -0.014651 0.370572 5 49 52
-0.034238 -0.014694 0.370969 3 47 50
-0.034408 -0.014736 0.371366 2 47 50
-0.034578 -0.014779 0.371764 4 50 50
-0.034748 -0.014822 0.372161 3 49 49
-0.034918 -0.014865 0.372558 9 55 55
-0.035088 -0.014908 0.372955 7 53 53
-0.035257 -0.014951 0.373353 7 53 53
-0.035427 -0.014993 0.373750 5 51 51
-0.035597 -0.015036 0.374147 9 55 55
-0.035767 -0.015079 0.374544 10 56 56
-0.035937 -0.015122 0.374942 9 55 55
-0.036107 -0.015165 0.375339 11 57 57
-0.037323 -0.014891 0.375797 16 62 62
-0.038540 -0.014618 0.376258 15 61 61
-0.039758 -0.014346 0.376722 13 59 59
-0.042025 -0.013758 0.377255 9 55 55
-0.042198 -0.013801 0.377660 1 49 51
-0.043420 -0.013529 0.378133 0 47 49
-0.044644 -0.013258 0.378609 0 45 48
-0.044818 -0.013302 0.379016 0 43 46
-0.044992 -0.013346 0.379424 1 45 48
-0.045167 -0.013390 0.379832 2 46 49
-0.045341 -0.013434 0.380239 2 46 49
-0.045515 -0.013478 0.380647 3 47 48
-0.045690 -0.013522 0.381055 4 48 49
-0.045864 -0.013566 0.381462 7 51 52
-0.046038 -0.013610 0.381870 10 54 53
-0.046213 -0.013654 0.382277 12 56 55
-0.046387 -0.013698 0.382685 13 58 61
-0.046561 -0.013742 0.383093 10 54 57
-0.046736 -0.013786 0.383500 8 52 55
-0.046910 -0.013830 0.383908 17 58 62
-0.047084 -0.013873 0.384315 16 60 61
-0.048318 -0.013605 0.384815 21 63 62
-0.048493 -0.013649 0.385224 26 65 64
-0.048668 -0.013693 0.385633 69 101 100
-0.026406 -0.008886 0.338852 59 148 164
-0.026580 -0.008930 0.339258 44 136 151
-0.027742 -0.008641 0.339592 31 120 136
-0.027916 -0.008685 0.340000 20 108 122
-0.028090 -0.008729 0.340408 6 92 105
-0.029255 -0.008442 0.340748 5 92 102
-0.029430 -0.008486 0.341157 3 87 97
-0.029605 -0.008530 0.341566 6 93 102
-0.030772 -0.008243 0.341912 3 92 98
-0.030947 -0.008287 0.342323 0 91 96
-0.031123 -0.008331 0.342733 11 109 112
-0.031298 -0.008376 0.343144 20 122 126
-0.031474 -0.008420 0.343554 32 133 143
-0.031650 -0.008464 0.343965 52 153 165
-0.031825 -0.008509 0.344375 61 159 170
-0.031004 -0.008883 0.344839 62 160 171
-0.031179 -0.008927 0.345248 62 158 170
-0.030356 -0.009301 0.345707 58 154 166
-0.030531 -0.009345 0.346114 54 150 162
-0.030705 -0.009389 0.346522 41 138 147
-0.028880 -0.010091 0.347020 32 129 138
-0.029053 -0.010134 0.347425 25 123 132
-0.029226 -0.010178 0.347829 18 116 125
-0.028398 -0.010550 0.348275 13 114 122
-0.027568 -0.010922 0.348717 11 113 118
-0.027740 -0.010966 0.349119 9 111 116
-0.027912 -0.011009 0.349521 6 105 111
-0.027079 -0.011380 0.349957 3 102 108
-0.027250 -0.011424 0.350358 5 102 109
-0.027422 -0.011467 0.350758 6 103 110
-0.026587 -0.011837 0.351188 8 105 112
-0.026757 -0.011880 0.351587 10 107 114
-0.026928 -0.011923 0.351986 9 106 113
-0.027098 -0.011966 0.352385 6 103 110
-0.027269 -0.012009 0.352783 7 101 109
-0.027439 -0.012052 0.353182 12 102 110
-0.027610 -0.012095 0.353581 11 98 105
-0.027780 -0.012138 0.353979 15 98 104
-0.026940 -0.012508 0.354397 15 94 99
-0.027110 -0.012551 0.354794 12 87 92
-0.027280 -0.012593 0.355191 9 82 88
-0.027449 -0.012636 0.355589 10 81 87
-0.027619 -0.012679 0.355986 6 77 83
-0.027789 -0.012722 0.356383 3 72 79
-0.027959 -0.012765 0.356780 6 73 81
-0.028129 -0.012808 0.357177 7 71 80
-0.028299 -0.012850 0.357575 8 71 80
-0.028469 -0.012893 0.357972 7 70 79
-0.028639 -0.012936 0.358369 10 70 78
-0.028808 -0.012979 0.358766 11 71 79
-0.028978 -0.013022 0.359164 9 72 77
-0.029148 -0.013065 0.359561 10 73 78
-0.029318 -0.013107 0.359958 7 71 73
-0.029488 -0.013150 0.360355 6 70 72
-0.029658 -0.013193 0.360753 6 70 72
-0.029828 -0.013236 0.361150 5 69 71
-0.029998 -0.013279 0.361547 6 67 68
-0.030167 -0.013322 0.361944 5 66 67
-0.030337 -0.013364 0.362342 6 66 67
-0.030507 -0.013407 0.362739 9 64 67
-0.030677 -0.013450 0.363136 6 57 61
-0.030847 -0.013493 0.363533 6 55 60
-0.031017 -0.013536 0.363931 4 53 57
-0.031187 -0.013579 0.364328 2 50 54
-0.031357 -0.013622 0.364725 1 49 53
-0.031526 -0.013664 0.365122 1 49 51
-0.031696 -0.013707 0.365519 2 50 52
-0.031866 -0.013750 0.365917 2 50 52
-0.032036 -0.013793 0.366314 7 52 55
-0.032206 -0.013836 0.366711 8 53 56
-0.032376 -0.013879 0.367108 8 53 56
-0.032546 -0.013921 0.367506 10 55 58
-0.032716 -0.013964 0.367903 13 58 61
-0.032885 -0.014007 0.368300 13 58 61
-0.033055 -0.014050 0.368697 10 55 58
-0.033225 -0.014093 0.369095 9 54 57
-0.033395 -0.014136 0.369492 8 51 57
-0.033565 -0.014178 0.369889 5 48 54
-0.033735 -0.014221 0.370286 5 48 54
-0.033905 -0.014264 0.370684 5 48 54
-0.034075 -0.014307 0.371081 3 47 50
-0.034245 -0.014350 0.371478 2 47 50
-0.034414 -0.014393 0.371875 5 50 53
-0.034584 -0.014435 0.372273 4 52 54
-0.034754 -0.014478 0.372670 5 53 55
-0.034924 -0.014521 0.373067 5 53 55
-0.035094 -0.014564 0.373464 9 54 57
-0.035264 -0.014607 0.373862 9 54 57
-0.035434 -0.014650 0.374259 13 58 61
-0.035604 -0.014693 0.374656 9 54 57
-0.035773 -0.014735 0.375053 12 57 60
-0.035943 -0.014778 0.375450 12 57 60
-0.037158 -0.014503 0.375909 13 58 61
-0.038375 -0.014229 0.376371 14 62 64
-0.041686 -0.013320 0.376964 13 61 63
-0.041859 -0.013364 0.377369 8 56 58
-0.044127 -0.012773 0.377908 4 52 54
-0.044302 -0.012817 0.378316 2 50 52
-0.045525 -0.012545 0.378794 2 47 50
-0.045700 -0.012589 0.379203 2 46 49
-0.045875 -0.012633 0.379612 1 42 44
-0.046050 -0.012677 0.380021 2 43 45
-0.046225 -0.012721 0.380430 5 46 48
-0.046400 -0.012765 0.380839 6 47 49
-0.046575 -0.012809 0.381248 6 50 51
-0.046750 -0.012854 0.381657 7 51 50
-0.045871 -0.013213 0.381984 8 54 52
-0.046045 -0.013257 0.382392 10 56 54
-0.046219 -0.013301 0.382800 9 57 59
-0.046393 -0.013345 0.383207 8 56 58
-0.047624 -0.013074 0.383703 10 54 57
-0.047799 -0.013118 0.384112 17 61 64
-0.047974 -0.013162 0.384521 19 64 67
-0.048149 -0.013206 0.384930 24 70 70
-0.048324 -0.013251 0.385339 26 70 69
-0.048499 -0.013295 0.385748 49 88 87
-0.048674 -0.013339 0.386157 76 106 106
-0.024907 -0.008737 0.338231 58 146 160
-0.025080 -0.008781 0.338636 46 135 149
-0.026239 -0.008490 0.338966 28 117 131
-0.026413 -0.008534 0.339372 13 102 116
-0.026586 -0.008578 0.339779 7 93 106
-0.027748 -0.008289 0.340115 6 90 101
-0.027923 -0.008333 0.340522 6 90 100
-0.028097 -0.008376 0.340930 2 85 93
-0.028271 -0.008420 0.341337 2 85 93
-0.029436 -0.008132 0.341681 0 82 87
-0.029611 -0.008176 0.342090 0 83 87
-0.029786 -0.008220 0.342499 0 91 93
-0.029961 -0.008264 0.342908 3 101 102
-0.030136 -0.008308 0.343317 24 123 128
-0.029317 -0.008684 0.343783 39 142 151
-0.029491 -0.008728 0.344191 51 153 167
-0.029666 -0.008772 0.344598 54 155 167
-0.029840 -0.008816 0.345006 54 152 165
-0.031011 -0.008529 0.345363 48 146 159
-0.030189 -0.008904 0.345821 32 130 141
-0.028367 -0.009610 0.346324 19 115 127
-0.028541 -0.009653 0.346729 6 104 113
-0.027715 -0.010028 0.347179 4 101 110
-0.027887 -0.010071 0.347582 6 104 113
-0.027059 -0.010445 0.348027 6 104 113
-0.027231 -0.010488 0.348429 11 110 116
-0.026401 -0.010861 0.348869 6 105 111
-0.026572 -0.010905 0.349269 6 105 111
-0.026743 -0.010948 0.349670 1 98 105
-0.026915 -0.010991 0.350070 1 98 105
-0.026082 -0.011363 0.350503 0 93 101
-0.026252 -0.011406 0.350902 0 95 101
-0.026423 -0.011449 0.351300 4 98 106
-0.026593 -0.011492 0.351699 8 105 112
-0.026764 -0.011535 0.352098 12 106 114
-0.026934 -0.011578 0.352497 12 107 113
-0.027105 -0.011621 0.352895 14 109 115
-0.027275 -0.011664 0.353294 21 112 117
-0.026436 -0.012035 0.353714 19 107 111
-0.026606 -0.012078 0.354111 21 104 108
-0.026776 -0.012121 0.354508 19 98 102
-0.026946 -0.012164 0.354906 11 89 93
-0.027116 -0.012207 0.355303 7 80 86
-0.027286 -0.012250 0.355700 2 75 81
-0.027456 -0.012292 0.356097 1 72 78
-0.027626 -0.012335 0.356495 0 69 76
-0.027796 -0.012378 0.356892 0 66 74
-0.027965 -0.012421 0.357289 3 67 76
-0.028135 -0.012464 0.357686 7 70 79
-0.028305 -0.012507 0.358084 9 72 81
-0.028475 -0.012549 0.358481 12 72 80
-0.028645 -0.012592 0.358878 12 72 80
-0.028815 -0.012635 0.359275 8 71 76
-0.028985 -0.012678 0.359673 7 70 75
-0.029155 -0.012721 0.360070 4 68 70
-0.029324 -0.012764 0.360467 1 65 67
-0.029494 -0.012807 0.360864 0 64 66
-0.029664 -0.012849 0.361261 3 64 67
-0.029834 -0.012892 0.361659 5 66 67
-0.030004 -0.012935 0.362056 7 67 68
-0.030174 -0.012978 0.362453 7 65 67
-0.030344 -0.013021 0.362850 7 62 65
-0.030514 -0.013064 0.363248 3 54 58
-0.030683 -0.013106 0.363645 4 53 57
-0.030853 -0.013149 0.364042 4 52 56
-0.031023 -0.013192 0.364439 2 50 54
-0.031193 -0.013235 0.364837 1 49 51
-0.031363 -0.013278 0.365234 3 51 53
-0.031533 -0.013321 0.365631 5 53 55
-0.031703 -0.013363 0.366028 6 54 56
-0.031873 -0.013406 0.366426 5 53 55
-0.032042 -0.013449 0.366823 7 55 57
-0.032212 -0.013492 0.367220 10 55 58
-0.032382 -0.013535 0.367617 9 57 59
-0.032552 -0.013578 0.368015 10 58 60
-0.032722 -0.013620 0.368412 8 56 58
-0.032892 -0.013663 0.368809 5 53 55
-0.033062 -0.013706 0.369206 4 52 54
-0.033232 -0.013749 0.369604 6 51 56
-0.033401 -0.013792 0.370001 5 48 54
-0.033571 -0.013835 0.370398 6 49 55
-0.033741 -0.013878 0.370795 6 51 56
-0.033911 -0.013920 0.371192 4 49 52
-0.034081 -0.013963 0.371590 4 49 52
-0.034251 -0.014006 0.371987 6 54 56
-0.034421 -0.014049 0.372384 8 56 58
-0.034591 -0.014092 0.372781 10 58 60
-0.034761 -0.014135 0.373179 7 55 57
-0.034930 -0.014177 0.373576 10 55 58
-0.035100 -0.014220 0.373973 9 54 57
-0.035270 -0.014263 0.374370 11 56 59
-0.035440 -0.014306 0.374768 6 51 54
-0.035610 -0.014349 0.375165 11 56 59
-0.036824 -0.014072 0.375622 11 56 61
-0.036994 -0.014115 0.376021 22 70 74
-0.038210 -0.013839 0.376483 23 72 76
-0.041519 -0.012926 0.377078 15 64 68
-0.041692 -0.012970 0.377483 10 60 61
-0.043960 -0.012377 0.378023 3 51 53
-0.044134 -0.012421 0.378430 3 48 51
-0.045357 -0.012147 0.378909 0 42 45
-0.045532 -0.012191 0.379318 3 44 46
-0.045707 -0.012235 0.379727 0 41 43
-0.045882 -0.012279 0.380136 3 43 45
-0.046056 -0.012323 0.380545 5 45 47
-0.046231 -0.012367 0.380954 7 47 47
-0.046406 -0.012411 0.381363 6 48 47
-0.046581 -0.012455 0.381772 5 49 48
-0.046756 -0.012499 0.382181 7 51 50
-0.046931 -0.012544 0.382591 8 54 52
-0.047106 -0.012588 0.383000 5 53 53
-0.047281 -0.012632 0.383409 13 61 63
-0.047456 -0.012676 0.383818 14 58 61
-0.047631 -0.012720 0.384227 17 61 64
-0.047806 -0.012764 0.384636 19 64 67
-0.047981 -0.012808 0.385045 26 74 76
-0.048156 -0.012852 0.385454 32 78 78
-0.049390 -0.012581 0.385959 36 80 79
-0.049566 -0.012625 0.386370 59 98 97
-0.023238 -0.008548 0.337213 73 160 170
-0.023411 -0.008592 0.337616 52 142 153
-0.023583 -0.008635 0.338019 42 131 145
-0.024740 -0.008343 0.338345 32 121 135
-0.024913 -0.008387 0.338750 22 110 122
-0.025086 -0.008430 0.339154 12 96 107
-0.026245 -0.008139 0.339487 3 85 96
-0.026419 -0.008183 0.339893 3 81 91
-0.026593 -0.008227 0.340299 4 81 89
-0.027755 -0.007936 0.340637 0 74 80
-0.027929 -0.007980 0.341044 0 74 80
-0.028103 -0.008024 0.341452 0 73 78
-0.028278 -0.008068 0.341860 0 76 80
-0.028452 -0.008112 0.342267 0 75 79
-0.028626 -0.008156 0.342675 0 90 93
-0.028801 -0.008200 0.343082 33 128 132
-0.028975 -0.008244 0.343490 46 145 151
-0.028156 -0.008621 0.343954 37 138 148
-0.028330 -0.008665 0.344360 34 135 147
-0.027509 -0.009041 0.344820 33 131 144
-0.027682 -0.009085 0.345224 29 125 139
-0.028201 -0.009216 0.346438 8 102 114
-0.026378 -0.009924 0.346935 6 103 112
-0.026550 -0.009967 0.347336 5 99 109
-0.025723 -0.010342 0.347781 7 104 111
-0.025894 -0.010386 0.348181 9 106 113
-0.026065 -0.010429 0.348581 0 93 100
-0.025235 -0.010803 0.349020 0 89 97
-0.025406 -0.010846 0.349419 0 88 94
-0.025576 -0.010889 0.349818 0 92 99
-0.025747 -0.010932 0.350216 0 91 98
-0.025917 -0.010975 0.350615 2 95 102
-0.026088 -0.011018 0.351014 11 104 109
-0.026258 -0.011061 0.351413 20 113 120
-0.026429 -0.011104 0.351811 22 117 123
-0.026599 -0.011147 0.352210 26 119 126
-0.026770 -0.011190 0.352609 29 122 129
-0.025933 -0.011563 0.353031 27 117 125
-0.026103 -0.011606 0.353428 21 110 116
-0.026273 -0.011649 0.353826 16 101 106
-0.026443 -0.011692 0.354223 12 93 97
-0.026613 -0.011734 0.354620 6 84 88
-0.026783 -0.011777 0.355017 3 78 83
-0.026952 -0.011820 0.355415 1 74 80
-0.027122 -0.011863 0.355812 0 71 77
-0.027292 -0.011906 0.356209 0 68 74
-0.027462 -0.011949 0.356606 0 66 73
-0.027632 -0.011992 0.357003 1 68 76
-0.027802 -0.012034 0.357401 5 69 78
-0.027972 -0.012077 0.357798 9 72 81
-0.028142 -0.012120 0.358195 10 73 82
-0.028312 -0.012163 0.358592 10 70 78
-0.028481 -0.012206 0.358990 8 68 76
-0.028651 -0.012249 0.359387 5 66 71
-0.028821 -0.012291 0.359784 4 65 70
-0.028991 -0.012334 0.360181 3 67 69
-0.029161 -0.012377 0.360579 0 64 66
-0.029331 -0.012420 0.360976 1 62 63
-0.029501 -0.012463 0.361373 3 64 65
-0.029671 -0.012506 0.361770 6 66 67
-0.029840 -0.012548 0.362168 8 66 68
-0.030010 -0.012591 0.362565 6 64 66
-0.030180 -0.012634 0.362962 5 60 63
-0.030350 -0.012677 0.363359 4 55 58
-0.030520 -0.012720 0.363757 3 54 57
-0.030690 -0.012763 0.364154 2 51 55
-0.030860 -0.012805 0.364551 0 50 51
-0.031030 -0.012848 0.364948 0 50 51
-0.031199 -0.012891 0.365346 2 52 53
-0.031369 -0.012934 0.365743 5 55 54
-0.031539 -0.012977 0.366140 6 56 55
-0.031709 -0.013020 0.366537 6 56 55
-0.031879 -0.013063 0.366934 8 58 57
-0.032049 -0.013105 0.367332 9 57 59
-0.032219 -0.013148 0.367729 7 57 58
-0.032389 -0.013191 0.368126 6 56 57
-0.032558 -0.013234 0.368523 4 54 55
-0.032728 -0.013277 0.368921 1 50 54
-0.032898 -0.013320 0.369318 3 51 55
-0.033068 -0.013362 0.369715 7 52 57
-0.033238 -0.013405 0.370112 5 50 55
-0.033408 -0.013448 0.370510 6 51 56
-0.033578 -0.013491 0.370907 7 52 57
-0.033748 -0.013534 0.371304 5 50 53
-0.033917 -0.013577 0.371701 4 52 54
-0.034087 -0.013619 0.372099 6 54 56
-0.034257 -0.013662 0.372496 8 56 58
-0.034427 -0.013705 0.372893 8 56 58
-0.034597 -0.013748 0.373290 6 54 56
-0.034767 -0.013791 0.373688 7 55 59
-0.034937 -0.013834 0.374085 9 57 61
-0.035107 -0.013876 0.374482 16 61 66
-0.035277 -0.013919 0.374879 13 58 63
-0.035446 -0.013962 0.375276 18 61 67
-0.036660 -0.013684 0.375734 19 64 70
-0.037874 -0.013407 0.376195 48 99 103
-0.039090 -0.013130 0.376659 34 87 91
-0.043443 -0.011892 0.377322 11 62 66
-0.043617 -0.011936 0.377730 5 56 59
-0.044838 -0.011660 0.378205 0 48 52
-0.045013 -0.011704 0.378615 5 50 53
-0.045188 -0.011748 0.379024 0 41 44
-0.045363 -0.011793 0.379433 2 43 45
-0.045538 -0.011837 0.379842 1 39 42
-0.045713 -0.011881 0.380251 2 40 41
-0.045888 -0.011925 0.380660 3 41 42
-0.046063 -0.011969 0.381069 4 42 43
-0.046238 -0.012013 0.381478 4 42 43
-0.046413 -0.012057 0.381887 4 44 43
-0.046588 -0.012101 0.382296 6 48 47
-0.046763 -0.012145 0.382705 7 51 50
-0.046938 -0.012190 0.383115 9 55 55
-0.047113 -0.012234 0.383524 15 61 61
-0.047288 -0.012278 0.383933 20 61 65
-0.047463 -0.012322 0.384342 24 63 68
-0.047638 -0.012366 0.384751 19 63 66
-0.047812 -0.012410 0.385160 21 66 69
-0.047987 -0.012454 0.385569 29 77 79
-0.049221 -0.012182 0.386075 39 87 89
-0.049397 -0.012226 0.386485 49 95 95
-0.049572 -0.012270 0.386896 59 101 99
-0.022900 -0.008112 0.336923 55 142 151
-0.023072 -0.008156 0.337326 53 143 152
-0.023245 -0.008199 0.337729 31 123 134
-0.023417 -0.008243 0.338132 19 109 120
-0.023590 -0.008286 0.338536 10 97 107
-0.024746 -0.007993 0.338864 7 89 100
-0.024919 -0.008037 0.339268 6 83 93
-0.025093 -0.008080 0.339673 2 75 84
-0.025266 -0.008124 0.340077 1 70 77
-0.026426 -0.007831 0.340413 0 66 72
-0.026599 -0.007875 0.340819 0 70 72
-0.026773 -0.007919 0.341225 0 66 68
-0.026947 -0.007963 0.341631 0 66 69
-0.027120 -0.008007 0.342037 0 65 69
-0.027294 -0.008050 0.342444 7 92 97
-0.027468 -0.008094 0.342850 42 133 138
-0.027641 -0.008138 0.343256 44 138 146
-0.026823 -0.008517 0.343719 27 124 133
-0.026996 -0.008560 0.344124 17 115 124
-0.027169 -0.008604 0.344529 8 106 117
-0.027342 -0.008648 0.344933 6 102 114
-0.026521 -0.009025 0.345389 6 100 112
-0.026693 -0.009069 0.345793 15 109 119
-0.025869 -0.009446 0.346244 23 117 127
-0.026041 -0.009490 0.346646 20 114 124
-0.025216 -0.009867 0.347093 22 116 124
-0.025387 -0.009910 0.347493 24 118 126
-0.025558 -0.009953 0.347894 16 110 118
-0.024730 -0.010329 0.348335 13 107 115
-0.024901 -0.010372 0.348734 17 111 119
-0.025071 -0.010415 0.349132 21 114 121
-0.025242 -0.010458 0.349531 19 112 119
-0.025412 -0.010501 0.349930 24 114 122
-0.025583 -0.010544 0.350328 30 120 128
-0.025753 -0.010587 0.350727 33 126 131
-0.025924 -0.010630 0.351126 33 126 131
-0.026094 -0.010673 0.351525 28 121 126
-0.025260 -0.011048 0.351951 20 113 118
-0.025430 -0.011091 0.352348 16 106 114
-0.025600 -0.011134 0.352745 14 103 109
-0.025770 -0.011177 0.353143 10 97 104
-0.025940 -0.011219 0.353540 6 89 95
-0.026109 -0.011262 0.353937 6 85 90
-0.026279 -0.011305 0.354334 3 78 84
-0.026449 -0.011348 0.354732 0 72 78
-0.026619 -0.011391 0.355129 1 72 78
-0.026789 -0.011434 0.355526 2 71 78
-0.026959 -0.011476 0.355923 0 69 76
-0.027129 -0.011519 0.356321 1 70 77
-0.027299 -0.011562 0.356718 3 72 79
-0.027468 -0.011605 0.357115 6 73 81
-0.027638 -0.011648 0.357512 8 72 81
-0.027808 -0.011691 0.357910 8 71 80
-0.027978 -0.011733 0.358307 6 69 78
-0.028148 -0.011776 0.358704 5 65 73
-0.028318 -0.011819 0.359101 3 63 71
-0.028488 -0.011862 0.359499 2 63 68
-0.028658 -0.011905 0.359896 2 63 68
-0.028828 -0.011948 0.360293 0 64 66
-0.028997 -0.011990 0.360690 0 64 66
-0.029167 -0.012033 0.361087 3 64 65
-0.029337 -0.012076 0.361485 5 65 66
-0.029507 -0.012119 0.361882 5 63 65
-0.029677 -0.012162 0.362279 6 61 64
-0.029847 -0.012205 0.362676 5 60 63
-0.030017 -0.012248 0.363074 6 60 62
-0.030187 -0.012290 0.363471 1 55 57
-0.030356 -0.012333 0.363868 2 53 56
-0.030526 -0.012376 0.364265 0 51 52
-0.030696 -0.012419 0.364663 0 49 50
-0.030866 -0.012462 0.365060 0 50 51
-0.031036 -0.012505 0.365457 2 52 53
-0.031206 -0.012547 0.365854 5 55 54
-0.031376 -0.012590 0.366252 7 57 56
-0.031546 -0.012633 0.366649 7 57 56
-0.031715 -0.012676 0.367046 9 59 58
-0.031885 -0.012719 0.367443 7 57 58
-0.032055 -0.012762 0.367841 5 55 56
-0.032225 -0.012804 0.368238 3 53 54
-0.032395 -0.012847 0.368635 1 51 52
-0.032565 -0.012890 0.369032 0 48 52
-0.032735 -0.012933 0.369430 0 49 53
-0.032905 -0.012976 0.369827 4 52 56
-0.033074 -0.013019 0.370224 5 50 55
-0.033244 -0.013061 0.370621 6 51 56
-0.033414 -0.013104 0.371018 7 52 57
-0.033584 -0.013147 0.371416 5 53 55
-0.033754 -0.013190 0.371813 7 55 57
-0.033924 -0.013233 0.372210 9 57 59
-0.034094 -0.013276 0.372607 8 56 58
-0.034264 -0.013319 0.373005 8 56 58
-0.034433 -0.013361 0.373402 10 58 60
-0.034603 -0.013404 0.373799 11 59 63
-0.034773 -0.013447 0.374196 9 57 61
-0.034943 -0.013490 0.374594 10 55 60
-0.035113 -0.013533 0.374991 9 54 59
-0.035283 -0.013576 0.375388 13 56 63
-0.036496 -0.013296 0.375847 25 72 80
-0.037710 -0.013017 0.376308 62 115 121
-0.038925 -0.012739 0.376772 40 98 102
-0.043275 -0.011495 0.377437 12 67 72
-0.043450 -0.011539 0.377844 6 59 63
-0.044670 -0.011262 0.378320 1 50 54
-0.045892 -0.010985 0.378800 5 50 53
-0.046067 -0.011029 0.379210 0 40 43
-0.045195 -0.011394 0.379548 0 39 41
-0.045370 -0.011439 0.379957 0 35 36
-0.045545 -0.011483 0.380366 0 34 36
-0.045720 -0.011527 0.380775 0 34 36
-0.045895 -0.011571 0.381184 0 35 37
-0.046070 -0.011615 0.381593 0 36 36
-0.046245 -0.011659 0.382002 0 38 37
-0.046419 -0.011703 0.382411 2 42 42
-0.046594 -0.011747 0.382820 4 46 45
-0.046769 -0.011791 0.383230 7 51 50
-0.046944 -0.011836 0.383639 14 55 57
-0.047119 -0.011880 0.384048 19 57 60
-0.047294 -0.011924 0.384457 23 60 66
-0.048525 -0.011649 0.384958 21 60 65
-0.048701 -0.011693 0.385369 18 59 63
-0.048876 -0.011738 0.385779 22 67 72
-0.049052 -0.011782 0.386190 31 79 83
-0.049228 -0.011826 0.386601 34 79 82
-0.050462 -0.011553 0.387111 39 83 84
-0.022562 -0.007677 0.336633 20 105 112
-0.022734 -0.007720 0.337036 23 110 119
-0.022906 -0.007764 0.337439 21 109 119
-0.023079 -0.007807 0.337843 16 104 114
-0.023251 -0.007850 0.338246 5 92 102
-0.023424 -0.007894 0.338649 0 80 91
-0.024580 -0.007599 0.338977 1 75 84
-0.024753 -0.007643 0.339382 3 70 78
-0.024926 -0.007686 0.339787 1 64 71
-0.025099 -0.007730 0.340191 0 57 61
-0.025272 -0.007774 0.340596 0 54 56
-0.025445 -0.007817 0.341001 0 55 56
-0.025618 -0.007861 0.341405 0 60 62
-0.025791 -0.007905 0.341810 0 62 64
-0.025964 -0.007948 0.342214 19 94 99
-0.026137 -0.007992 0.342619 51 134 142
-0.026310 -0.008036 0.343024 40 130 139
-0.026483 -0.008079 0.343428 17 111 123
-0.025665 -0.008459 0.343890 16 112 124
-0.025837 -0.008503 0.344293 3 97 105
-0.025017 -0.008882 0.344750 5 100 106
-0.025189 -0.008925 0.345152 10 105 111
-0.025361 -0.008969 0.345554 13 106 113
-0.024538 -0.009348 0.346005 16 109 117
-0.024709 -0.009391 0.346405 21 114 122
-0.024880 -0.009434 0.346805 24 117 125
-0.024055 -0.009812 0.347251 25 118 126
-0.024225 -0.009855 0.347649 26 120 128
-0.024396 -0.009898 0.348048 36 130 138
-0.024566 -0.009941 0.348447 34 131 138
-0.024737 -0.009984 0.348846 33 130 137
-0.024907 -0.010027 0.349244 33 127 135
-0.025078 -0.010070 0.349643 41 135 143
-0.025248 -0.010113 0.350042 28 121 129
-0.025419 -0.010156 0.350440 12 105 112
-0.024587 -0.010533 0.350871 8 103 107
-0.024757 -0.010576 0.351268 5 100 102
-0.024927 -0.010619 0.351665 4 98 100
-0.025097 -0.010661 0.352063 6 97 100
-0.025266 -0.010704 0.352460 5 92 99
-0.025436 -0.010747 0.352857 2 85 93
-0.025606 -0.010790 0.353254 1 79 89
-0.025776 -0.010833 0.353652 2 76 85
-0.025946 -0.010876 0.354049 0 70 78
-0.026116 -0.010918 0.354446 1 68 77
-0.026286 -0.010961 0.354843 4 68 77
-0.026456 -0.011004 0.355241 5 69 78
-0.026625 -0.011047 0.355638 4 68 77
-0.026795 -0.011090 0.356035 4 68 77
-0.026965 -0.011133 0.356432 3 70 78
-0.027135 -0.011175 0.356829 6 73 81
-0.027305 -0.011218 0.357227 8 72 82
-0.027475 -0.011261 0.357624 6 70 80
-0.027645 -0.011304 0.358021 4 67 76
-0.027815 -0.011347 0.358418 1 64 73
-0.027984 -0.011390 0.358816 2 62 70
-0.028154 -0.011433 0.359213 2 62 70
-0.028324 -0.011475 0.359610 2 63 68
-0.028494 -0.011518 0.360007 2 63 68
-0.028664 -0.011561 0.360405 0 61 64
-0.028834 -0.011604 0.360802 1 62 65
-0.029004 -0.011647 0.361199 3 63 64
-0.029174 -0.011690 0.361596 3 63 64
-0.029343 -0.011732 0.361994 2 60 62
-0.029513 -0.011775 0.362391 1 56 59
-0.029683 -0.011818 0.362788 2 56 58
-0.029853 -0.011861 0.363185 3 57 59
-0.030023 -0.011904 0.363583 0 49 51
-0.030193 -0.011947 0.363980 0 50 50
-0.030363 -0.011989 0.364377 0 51 51
-0.030533 -0.012032 0.364774 0 52 52
-0.030703 -0.012075 0.365172 2 54 52
-0.030872 -0.012118 0.365569 5 57 55
-0.031042 -0.012161 0.365966 7 59 57
-0.031212 -0.012204 0.366363 8 60 58
-0.031382 -0.012246 0.366760 5 57 55
-0.031552 -0.012289 0.367158 5 57 55
-0.031722 -0.012332 0.367555 4 54 55
-0.031892 -0.012375 0.367952 2 52 53
-0.032062 -0.012418 0.368349 1 50 54
-0.032231 -0.012461 0.368747 0 49 53
-0.032401 -0.012504 0.369144 0 49 52
-0.032571 -0.012546 0.369541 0 49 53
-0.032741 -0.012589 0.369938 2 50 54
-0.032911 -0.012632 0.370336 3 51 55
-0.033081 -0.012675 0.370733 5 53 57
-0.033251 -0.012718 0.371130 6 54 58
-0.033421 -0.012761 0.371527 8 56 60
-0.033590 -0.012803 0.371925 11 59 63
-0.033760 -0.012846 0.372322 12 62 63
-0.033930 -0.012889 0.372719 9 59 60
-0.034100 -0.012932 0.373116 10 58 62
-0.034270 -0.012975 0.373514 12 60 64
-0.034440 -0.013018 0.373911 11 59 63
-0.034610 -0.013060 0.374308 7 55 59
-0.034780 -0.013103 0.374705 8 53 59
-0.034949 -0.013146 0.375102 16 61 67
-0.036161 -0.012865 0.375560 22 65 74
-0.036331 -0.012908 0.375959 48 95 103
-0.038588 -0.012304 0.376483 48 105 112
-0.039803 -0.012025 0.376950 32 93 98
-0.043108 -0.011099 0.377551 17 76 80
-0.044327 -0.010820 0.378026 11 66 69
-0.045547 -0.010541 0.378504 4 55 58
-0.045723 -0.010585 0.378915 0 48 50
-0.045898 -0.010630 0.379326 0 39 42
-0.046074 -0.010674 0.379736 0 34 36
-0.045201 -0.011040 0.380072 0 33 35
-0.045376 -0.011084 0.380481 0 32 33
-0.045551 -0.011129 0.380890 0 31 32
-0.045726 -0.011173 0.381299 0 33 34
-0.045901 -0.011217 0.381708 0 34 35
-0.046076 -0.011261 0.382117 0 36 36
-0.046251 -0.011305 0.382526 1 40 39
-0.046426 -0.011349 0.382935 3 43 42
-0.046601 -0.011393 0.383344 6 46 45
-0.046776 -0.011437 0.383754 11 51 51
-0.046951 -0.011482 0.384163 19 52 57
-0.048181 -0.011205 0.384663 22 53 58
-0.048356 -0.011250 0.385074 24 57 64
-0.048532 -0.011294 0.385484 24 59 65
-0.048707 -0.011338 0.385895 23 62 69
-0.048883 -0.011382 0.386305 30 71 77
-0.050117 -0.011107 0.386815 27 66 73
-0.050293 -0.011152 0.387227 37 76 81
-0.020901 -0.007495 0.335624 6 87 91
-0.021073 -0.007538 0.336026 2 83 87
-0.021244 -0.007582 0.336428 5 88 94
-0.021416 -0.007625 0.336830 1 84 90
-0.022568 -0.007328 0.337149 1 86 93
-0.022740 -0.007371 0.337553 3 86 94
-0.022913 -0.007415 0.337956 9 89 96
-0.023085 -0.007458 0.338359 1 78 86
-0.023258 -0.007502 0.338762 0 70 77
-0.023430 -0.007545 0.339165 0 65 71
-0.023602 -0.007589 0.339568 0 58 64
-0.023775 -0.007632 0.339972 0 52 55
-0.024932 -0.007336 0.340305 0 49 53
-0.025105 -0.007380 0.340710 0 50 52
-0.025279 -0.007424 0.341114 0 52 53
-0.025452 -0.007467 0.341519 0 53 54
-0.025625 -0.007511 0.341924 15 85 87
-0.024809 -0.007893 0.342391 37 114 120
-0.024982 -0.007936 0.342794 34 119 126
-0.025154 -0.007980 0.343197 23 113 122
-0.025327 -0.008023 0.343600 13 109 123
-0.024508 -0.008405 0.344060 7 103 115
-0.024680 -0.008448 0.344462 14 107 115
-0.024852 -0.008491 0.344863 18 109 114
-0.024031 -0.008872 0.345317 18 108 116
-0.024202 -0.008915 0.345717 19 109 117
-0.024373 -0.008958 0.346117 17 106 114
-0.023549 -0.009338 0.346565 17 107 115
-0.023720 -0.009381 0.346964 26 116 125
-0.023890 -0.009424 0.347363 22 115 123
-0.024061 -0.009467 0.347761 28 122 130
-0.024231 -0.009510 0.348160 25 122 129
-0.024402 -0.009553 0.348559 31 128 135
-0.024572 -0.009596 0.348958 32 129 136
-0.023744 -0.009975 0.349394 29 123 131
-0.023914 -0.010018 0.349791 12 105 113
-0.024084 -0.010061 0.350188 6 96 105
-0.024254 -0.010103 0.350585 5 95 103
-0.024423 -0.010146 0.350983 2 93 96
-0.024593 -0.010189 0.351380 2 93 94
-0.024763 -0.010232 0.351777 0 89 93
-0.024933 -0.010275 0.352174 0 84 89
-0.025103 -0.010318 0.352571 0 79 86
-0.025273 -0.010360 0.352969 0 76 84
-0.025443 -0.010403 0.353366 0 73 82
-0.025613 -0.010446 0.353763 0 68 77
-0.025782 -0.010489 0.354160 0 67 76
-0.025952 -0.010532 0.354558 3 67 76
-0.026122 -0.010575 0.354955 6 69 78
-0.026292 -0.010618 0.355352 10 70 78
-0.026462 -0.010660 0.355749 10 73 80
-0.026632 -0.010703 0.356147 10 73 80
-0.026802 -0.010746 0.356544 8 71 78
-0.026972 -0.010789 0.356941 6 69 76
-0.027141 -0.010832 0.357338 7 70 79
-0.027311 -0.010875 0.357736 4 67 76
-0.027481 -0.010917 0.358133 0 63 72
-0.027651 -0.010960 0.358530 0 62 69
-0.027821 -0.011003 0.358927 2 62 70
-0.027991 -0.011046 0.359325 2 63 68
-0.028161 -0.011089 0.359722 1 62 67
-0.028331 -0.011132 0.360119 0 59 63
-0.028500 -0.011174 0.360516 3 62 66
-0.028670 -0.011217 0.360914 2 61 65
-0.028840 -0.011260 0.361311 2 62 63
-0.029010 -0.011303 0.361708 1 59 61
-0.029180 -0.011346 0.362105 1 56 59
-0.029350 -0.011389 0.362502 0 53 56
-0.029520 -0.011431 0.362900 0 51 53
-0.029690 -0.011474 0.363297 0 50 52
-0.029859 -0.011517 0.363694 0 51 53
-0.030029 -0.011560 0.364091 0 54 54
-0.030199 -0.011603 0.364489 2 56 58
-0.030369 -0.011646 0.364886 5 56 57
-0.030539 -0.011689 0.365283 5 56 57
-0.030709 -0.011731 0.365680 4 56 54
-0.030879 -0.011774 0.366078 4 54 55
-0.031049 -0.011817 0.366475 2 52 51
-0.031219 -0.011860 0.366872 4 54 53
-0.031388 -0.011903 0.367269 3 53 52
-0.031558 -0.011946 0.367667 0 50 51
-0.031728 -0.011988 0.368064 0 49 50
-0.031898 -0.012031 0.368461 1 51 52
-0.032068 -0.012074 0.368858 1 51 52
-0.032238 -0.012117 0.369256 0 50 51
-0.032408 -0.012160 0.369653 0 50 51
-0.032578 -0.012203 0.370050 3 51 53
-0.032747 -0.012245 0.370447 4 52 54
-0.032917 -0.012288 0.370844 6 54 58
-0.033087 -0.012331 0.371242 7 55 59
-0.033257 -0.012374 0.371639 8 57 61
-0.033427 -0.012417 0.372036 12 61 65
-0.033597 -0.012460 0.372433 13 63 64
-0.033767 -0.012502 0.372831 8 58 59
-0.033937 -0.012545 0.373228 9 57 61
-0.034106 -0.012588 0.373625 10 58 62
-0.034276 -0.012631 0.374022 10 55 60
-0.034446 -0.012674 0.374420 10 55 60
-0.034616 -0.012717 0.374817 10 55 61
-0.035826 -0.012434 0.375273 16 59 66
-0.035997 -0.012477 0.375672 6 49 58
-0.036167 -0.012520 0.376071 27 74 82
-0.043633 -0.010289 0.376914 23 80 87
-0.043808 -0.010333 0.377323 13 74 79
-0.043983 -0.010378 0.377732 13 71 75
-0.044158 -0.010422 0.378141 8 63 66
-0.045378 -0.010142 0.378620 7 58 62
-0.045554 -0.010186 0.379030 2 50 52
-0.045729 -0.010230 0.379441 3 47 48
-0.045905 -0.010274 0.379851 0 40 40
-0.046080 -0.010319 0.380262 1 37 37
-0.046256 -0.010363 0.380673 1 35 36
-0.045383 -0.010730 0.381005 3 34 36
-0.045558 -0.010775 0.381414 4 35 37
-0.045733 -0.010819 0.381823 3 37 38
-0.045908 -0.010863 0.382232 4 38 39
-0.046083 -0.010907 0.382641 5 41 41
-0.046258 -0.010951 0.383050 7 46 45
-0.046433 -0.010995 0.383459 7 47 47
-0.047660 -0.010717 0.383957 10 48 49
-0.047836 -0.010761 0.384368 18 51 56
-0.048012 -0.010806 0.384778 21 51 59
-0.048187 -0.010850 0.385189 27 57 67
-0.048363 -0.010894 0.385600 28 61 70
-0.048538 -0.010939 0.386010 34 68 78
-0.049771 -0.010662 0.386518 49 83 93
-0.020392 -0.007017 0.334934 2 75 81
-0.020564 -0.007061 0.335336 3 78 83
-0.020735 -0.007104 0.335737 0 76 80
-0.020907 -0.007147 0.336139 1 79 83
-0.021079 -0.007191 0.336541 1 80 84
-0.021251 -0.007234 0.336942 1 80 84
-0.022402 -0.006935 0.337263 0 77 81
-0.022574 -0.006979 0.337666 2 80 82
-0.022747 -0.007022 0.338069 5 76 78
-0.022919 -0.007066 0.338472 0 63 65
-0.023092 -0.007109 0.338875 0 57 58
-0.023264 -0.007153 0.339279 0 54 56
-0.023436 -0.007196 0.339682 0 50 53
-0.023609 -0.007240 0.340085 0 49 53
-0.023781 -0.007283 0.340488 0 49 52
-0.023954 -0.007327 0.340891 0 48 50
-0.024126 -0.007370 0.341294 0 53 54
-0.024299 -0.007414 0.341698 0 64 65
-0.024471 -0.007457 0.342101 31 106 109
-0.024643 -0.007501 0.342504 26 109 113
-0.023827 -0.007884 0.342968 20 109 115
-0.023999 -0.007927 0.343369 10 105 111
-0.024171 -0.007970 0.343771 8 105 112
-0.024343 -0.008014 0.344173 5 99 107
-0.023524 -0.008396 0.344629 12 100 110
-0.023695 -0.008439 0.345029 21 105 115
-0.022874 -0.008821 0.345481 22 106 117
-0.023044 -0.008864 0.345880 18 102 113
-0.023215 -0.008907 0.346279 12 99 109
-0.023385 -0.008950 0.346677 11 98 108
-0.023556 -0.008993 0.347076 12 102 113
-0.023726 -0.009036 0.347475 16 108 119
-0.022901 -0.009417 0.347916 21 118 127
-0.023071 -0.009460 0.348313 24 122 131
-0.023241 -0.009503 0.348711 22 121 127
-0.023410 -0.009545 0.349108 20 117 124
-0.023580 -0.009588 0.349505 9 102 109
-0.023750 -0.009631 0.349902 4 93 101
-0.023920 -0.009674 0.350300 0 84 94
-0.024090 -0.009717 0.350697 0 83 91
-0.024260 -0.009760 0.351094 3 86 92
-0.024430 -0.009803 0.351491 0 83 89
-0.024600 -0.009845 0.351889 0 80 84
-0.024770 -0.009888 0.352286 0 77 83
-0.024939 -0.009931 0.352683 0 75 81
-0.025109 -0.009974 0.353080 0 71 77
-0.025279 -0.010017 0.353478 0 68 75
-0.025449 -0.010060 0.353875 1 68 74
-0.025619 -0.010102 0.354272 2 67 73
-0.025789 -0.010145 0.354669 5 70 74
-0.025959 -0.010188 0.355067 7 70 75
-0.026129 -0.010231 0.355464 8 71 76
-0.026298 -0.010274 0.355861 11 72 77
-0.026468 -0.010317 0.356258 12 73 78
-0.026638 -0.010359 0.356656 9 70 75
-0.026808 -0.010402 0.357053 6 67 72
-0.026978 -0.010445 0.357450 2 62 70
-0.027148 -0.010488 0.357847 3 64 69
-0.027318 -0.010531 0.358244 1 62 67
-0.027488 -0.010574 0.358642 0 60 65
-0.027657 -0.010616 0.359039 1 60 66
-0.027827 -0.010659 0.359436 3 62 66
-0.027997 -0.010702 0.359833 2 61 65
-0.028167 -0.010745 0.360231 0 58 62
-0.028337 -0.010788 0.360628 1 59 63
-0.028507 -0.010831 0.361025 0 58 60
-0.028677 -0.010874 0.361422 0 56 58
-0.028847 -0.010916 0.361820 0 53 56
-0.029016 -0.010959 0.362217 0 53 56
-0.029186 -0.011002 0.362614 0 53 56
-0.029356 -0.011045 0.363011 0 54 55
-0.029526 -0.011088 0.363409 0 54 56
-0.029696 -0.011131 0.363806 2 56 58
-0.029866 -0.011173 0.364203 5 56 59
-0.030036 -0.011216 0.364600 5 56 60
-0.030206 -0.011259 0.364998 4 53 57
-0.030375 -0.011302 0.365395 2 51 55
-0.030545 -0.011345 0.365792 0 50 51
-0.030715 -0.011388 0.366189 1 49 53
-0.030885 -0.011430 0.366586 1 49 51
-0.031055 -0.011473 0.366984 1 49 51
-0.031225 -0.011516 0.367381 0 48 50
-0.031395 -0.011559 0.367778 2 50 50
-0.031565 -0.011602 0.368175 4 52 52
-0.031735 -0.011645 0.368573 2 52 51
-0.031904 -0.011687 0.368970 0 50 49
-0.032074 -0.011730 0.369367 0 51 49
-0.032244 -0.011773 0.369764 3 53 52
-0.032414 -0.011816 0.370162 8 54 54
-0.032584 -0.011859 0.370559 10 56 56
-0.032754 -0.011902 0.370956 10 58 60
-0.032924 -0.011945 0.371353 8 58 59
-0.033094 -0.011987 0.371751 9 60 61
-0.033263 -0.012030 0.372148 9 63 63
-0.033433 -0.012073 0.372545 7 61 61
-0.033603 -0.012116 0.372942 6 57 58
-0.033773 -0.012159 0.373340 8 57 61
-0.033943 -0.012202 0.373737 9 54 59
-0.034113 -0.012244 0.374134 7 50 57
-0.034283 -0.012287 0.374531 11 54 61
-0.034453 -0.012330 0.374928 12 55 62
-0.035662 -0.012046 0.375385 3 46 53
-0.036873 -0.011763 0.375845 12 55 62
-0.037044 -0.011806 0.376245 15 62 70
-0.043465 -0.009891 0.377029 8 61 69
-0.043640 -0.009935 0.377438 4 61 68
-0.044858 -0.009653 0.377914 4 57 63
-0.045033 -0.009698 0.378325 3 54 58
-0.045209 -0.009742 0.378735 4 51 57
-0.045384 -0.009786 0.379146 6 51 54
-0.045560 -0.009831 0.379556 7 48 50
-0.045736 -0.009875 0.379967 6 46 46
-0.045911 -0.009919 0.380377 7 43 43
-0.046087 -0.009963 0.380788 10 46 46
-0.046262 -0.010008 0.381199 13 47 46
-0.045389 -0.010376 0.381529 13 47 46
-0.045564 -0.010421 0.381938 12 46 47
-0.045739 -0.010465 0.382347 12 46 47
-0.045914 -0.010509 0.382756 11 45 46
-0.046089 -0.010553 0.383165 9 44 46
-0.046264 -0.010597 0.383574 10 48 51
-0.047491 -0.010318 0.384073 12 49 55
-0.047667 -0.010362 0.384483 18 52 61
-0.047843 -0.010406 0.384894 28 61 70
-0.048018 -0.010450 0.385304 45 75 86
-0.048194 -0.010495 0.385715 61 91 102
-0.019711 -0.006496 0.333842 2 75 81
-0.019883 -0.006540 0.334243 1 72 78
-0.020055 -0.006583 0.334645 1 72 78
-0.020226 -0.006626 0.335047 4 73 80
-0.020398 -0.006670 0.335449 4 75 79
-0.020570 -0.006713 0.335850 3 74 78
-0.020742 -0.006756 0.336252 0 73 76
-0.020914 -0.006800 0.336654 2 76 79
-0.021085 -0.006843 0.337055 2 76 77
-0.021257 -0.006886 0.337457 0 71 72
-0.021429 -0.006930 0.337859 0 65 64
-0.022581 -0.006630 0.338182 0 63 62
-0.022753 -0.006673 0.338586 0 54 54
-0.022926 -0.006717 0.338989 1 59 60
-0.023098 -0.006760 0.339392 1 57 58
-0.023271 -0.006804 0.339795 0 49 51
-0.023443 -0.006847 0.340198 1 54 58
-0.023615 -0.006891 0.340601 0 56 58
-0.023788 -0.006934 0.341005 0 57 60
-0.023960 -0.006978 0.341408 0 68 70
-0.023147 -0.007363 0.341875 26 101 104
-0.023319 -0.007406 0.342277 32 115 119
-0.023490 -0.007449 0.342679 32 121 125
-0.023662 -0.007493 0.343081 29 122 127
-0.022845 -0.007877 0.343541 26 121 127
-0.023017 -0.007920 0.343941 21 116 122
-0.023188 -0.007963 0.344341 14 107 115
-0.022369 -0.008347 0.344796 18 105 115
-0.022539 -0.008390 0.345194 26 110 121
-0.022710 -0.008433 0.345593 27 111 122
-0.022880 -0.008476 0.345992 22 106 117
-0.023051 -0.008519 0.346391 14 100 113
-0.023221 -0.008562 0.346789 13 99 112
-0.022398 -0.008945 0.347233 17 107 118
-0.022567 -0.008988 0.347631 23 115 126
-0.022737 -0.009030 0.348028 23 120 129
-0.022907 -0.009073 0.348425 19 117 126
-0.023077 -0.009116 0.348822 9 108 114
-0.023247 -0.009159 0.349220 1 98 105
-0.023417 -0.009202 0.349617 0 85 93
-0.023587 -0.009245 0.350014 0 83 90
-0.023757 -0.009287 0.350411 0 80 88
-0.023926 -0.009330 0.350809 0 80 89
-0.024096 -0.009373 0.351206 0 73 80
-0.024266 -0.009416 0.351603 0 74 82
-0.024436 -0.009459 0.352000 0 74 80
-0.024606 -0.009502 0.352397 0 69 77
-0.024776 -0.009544 0.352795 0 67 76
-0.024946 -0.009587 0.353192 2 69 77
-0.025116 -0.009630 0.353589 5 69 78
-0.025286 -0.009673 0.353986 3 68 74
-0.025455 -0.009716 0.354384 6 69 76
-0.025625 -0.009759 0.354781 7 70 75
-0.025795 -0.009801 0.355178 7 70 75
-0.025965 -0.009844 0.355575 8 72 74
-0.026135 -0.009887 0.355973 10 71 76
-0.025296 -0.010266 0.356381 10 71 74
-0.025465 -0.010309 0.356777 6 67 72
-0.025635 -0.010351 0.357173 2 63 68
-0.025804 -0.010394 0.357568 2 63 68
-0.025973 -0.010437 0.357964 2 63 68
-0.026142 -0.010479 0.358360 0 61 64
-0.027324 -0.010187 0.358753 0 58 61
-0.027494 -0.010230 0.359151 0 57 61
-0.027664 -0.010273 0.359548 0 59 63
-0.027834 -0.010316 0.359945 1 59 63
-0.028004 -0.010358 0.360342 0 58 62
-0.028173 -0.010401 0.360740 1 56 59
-0.028343 -0.010444 0.361137 0 55 58
-0.028513 -0.010487 0.361534 0 55 58
-0.028683 -0.010530 0.361931 0 54 57
-0.028853 -0.010573 0.362328 0 55 58
-0.029023 -0.010615 0.362726 1 56 59
-0.029193 -0.010658 0.363123 2 58 59
-0.029363 -0.010701 0.363520 3 57 59
-0.029532 -0.010744 0.363917 2 55 59
-0.029702 -0.010787 0.364315 3 54 58
-0.029872 -0.010830 0.364712 1 52 56
-0.030042 -0.010872 0.365109 1 50 55
-0.030212 -0.010915 0.365506 0 49 53
-0.030382 -0.010958 0.365904 1 49 53
-0.030552 -0.011001 0.366301 1 49 53
-0.030722 -0.011044 0.366698 2 50 54
-0.030891 -0.011087 0.367095 0 46 48
-0.031061 -0.011130 0.367493 0 47 49
-0.031231 -0.011172 0.367890 2 50 52
-0.031401 -0.011215 0.368287 4 54 53
-0.031571 -0.011258 0.368684 4 54 55
-0.031741 -0.011301 0.369082 1 53 51
-0.031911 -0.011344 0.369479 1 53 51
-0.032081 -0.011387 0.369876 3 53 52
-0.032250 -0.011429 0.370273 12 57 60
-0.032420 -0.011472 0.370670 13 58 61
-0.032590 -0.011515 0.371068 10 60 61
-0.032760 -0.011558 0.371465 8 59 60
-0.032930 -0.011601 0.371862 5 61 62
-0.033100 -0.011644 0.372259 7 63 64
-0.033270 -0.011686 0.372657 6 60 62
-0.033440 -0.011729 0.373054 5 56 59
-0.033610 -0.011772 0.373451 5 54 58
-0.033779 -0.011815 0.373848 7 52 57
-0.033949 -0.011858 0.374246 10 53 59
-0.034119 -0.011901 0.374643 13 54 60
-0.035327 -0.011615 0.375099 10 50 58
-0.035498 -0.011658 0.375497 16 59 65
-0.036708 -0.011373 0.375957 15 60 66
-0.036879 -0.011416 0.376358 11 58 64
-0.042256 -0.009821 0.377079 9 59 66
-0.043472 -0.009537 0.377553 3 56 62
-0.044689 -0.009254 0.378029 0 50 57
-0.044864 -0.009298 0.378440 0 48 53
-0.045040 -0.009342 0.378850 1 46 51
-0.045215 -0.009387 0.379261 1 45 48
-0.045391 -0.009431 0.379672 3 43 45
-0.045567 -0.009475 0.380082 4 42 43
-0.045742 -0.009519 0.380493 7 42 44
-0.045918 -0.009564 0.380903 12 46 48
-0.046093 -0.009608 0.381314 13 47 48
-0.045221 -0.009978 0.381644 15 46 48
-0.045396 -0.010022 0.382053 12 43 46
-0.045571 -0.010067 0.382462 15 46 49
-0.045746 -0.010111 0.382871 14 45 48
-0.045921 -0.010155 0.383280 12 45 50
-0.047147 -0.009874 0.383777 8 45 53
-0.047322 -0.009918 0.384188 11 48 56
-0.047498 -0.009962 0.384599 16 50 60
-0.047674 -0.010007 0.385009 24 58 68
-0.047849 -0.010051 0.385420 38 70 83
-0.018060 -0.006322 0.332848 1 76 81
-0.018231 -0.006365 0.333248 0 73 79
-0.018402 -0.006409 0.333648 0 72 75
-0.018573 -0.006452 0.334048 0 71 75
-0.018744 -0.006495 0.334449 0 69 74
-0.019889 -0.006192 0.334758 0 68 73
-0.020061 -0.006235 0.335160 0 66 72
-0.020233 -0.006279 0.335561 0 64 67
-0.020405 -0.006322 0.335963 0 67 70
-0.020576 -0.006365 0.336365 0 68 69
-0.020748 -0.006409 0.336766 4 72 73
-0.020920 -0.006452 0.337168 0 67 68
-0.021092 -0.006495 0.337570 0 68 69
-0.021264 -0.006539 0.337971 2 67 69
-0.021435 -0.006582 0.338373 0 60 60
-0.022587 -0.006281 0.338699 4 65 66
-0.022760 -0.006324 0.339102 0 61 64
-0.022932 -0.006368 0.339505 7 68 71
-0.023105 -0.006411 0.339908 6 69 74
-0.022294 -0.006799 0.340382 5 70 76
-0.022466 -0.006842 0.340783 2 73 79
-0.022638 -0.006885 0.341185 6 83 89
-0.022810 -0.006929 0.341587 34 117 123
-0.022981 -0.006972 0.341988 42 129 136
-0.023153 -0.007015 0.342390 34 125 130
-0.023325 -0.007059 0.342792 39 132 139
-0.022510 -0.007444 0.343253 48 141 148
-0.022681 -0.007488 0.343653 33 126 134
-0.022852 -0.007531 0.344054 37 125 135
-0.023023 -0.007574 0.344454 39 127 137
-0.022204 -0.007959 0.344908 40 128 138
-0.022375 -0.008002 0.345306 38 128 137
-0.022545 -0.008045 0.345705 34 122 134
-0.021724 -0.008430 0.346153 30 118 130
-0.021894 -0.008472 0.346551 31 119 131
-0.022064 -0.008515 0.346948 32 122 133
-0.022234 -0.008558 0.347345 31 123 136
-0.022404 -0.008601 0.347742 32 126 138
-0.022574 -0.008644 0.348139 25 122 131
-0.022744 -0.008687 0.348537 17 115 124
-0.022914 -0.008729 0.348934 6 103 110
-0.023083 -0.008772 0.349331 1 95 103
-0.023253 -0.008815 0.349728 0 90 98
-0.023423 -0.008858 0.350126 5 92 99
-0.023593 -0.008901 0.350523 6 89 97
-0.023763 -0.008944 0.350920 6 85 92
-0.023933 -0.008986 0.351317 6 83 91
-0.024103 -0.009029 0.351715 8 81 90
-0.024273 -0.009072 0.352112 6 76 86
-0.024442 -0.009115 0.352509 3 70 79
-0.024612 -0.009158 0.352906 5 69 79
-0.024782 -0.009201 0.353304 9 72 81
-0.024952 -0.009244 0.353701 12 72 82
-0.025122 -0.009286 0.354098 12 70 81
-0.025292 -0.009329 0.354495 9 69 79
-0.025462 -0.009372 0.354893 12 72 80
-0.024625 -0.009753 0.355305 11 71 79
-0.024795 -0.009795 0.355701 12 73 78
-0.024964 -0.009838 0.356097 5 68 75
-0.025133 -0.009881 0.356492 5 68 73
-0.025302 -0.009923 0.356888 1 64 71
-0.025472 -0.009966 0.357284 1 62 67
-0.025641 -0.010009 0.357680 0 61 66
-0.025810 -0.010051 0.358075 0 61 66
-0.025979 -0.010094 0.358471 0 59 65
-0.026149 -0.010137 0.358867 0 57 63
-0.027330 -0.009843 0.359262 0 56 62
-0.027500 -0.009886 0.359659 0 58 64
-0.027670 -0.009929 0.360057 2 60 64
-0.027840 -0.009972 0.360454 3 61 65
-0.028010 -0.010015 0.360851 4 59 64
-0.028180 -0.010057 0.361248 3 58 63
-0.028350 -0.010100 0.361646 2 57 60
-0.028520 -0.010143 0.362043 2 57 60
-0.028689 -0.010186 0.362440 4 57 61
-0.028859 -0.010229 0.362837 4 57 61
-0.029029 -0.010272 0.363235 4 57 61
-0.029199 -0.010315 0.363632 3 56 60
-0.029369 -0.010357 0.364029 1 55 57
-0.029539 -0.010400 0.364426 0 53 55
-0.029709 -0.010443 0.364824 0 51 53
-0.029879 -0.010486 0.365221 0 49 52
-0.030048 -0.010529 0.365618 0 49 52
-0.030218 -0.010572 0.366015 0 48 52
-0.030388 -0.010614 0.366412 0 48 52
-0.030558 -0.010657 0.366810 0 48 52
-0.030728 -0.010700 0.367207 0 48 52
-0.030898 -0.010743 0.367604 0 49 52
-0.031068 -0.010786 0.368001 0 50 53
-0.031238 -0.010829 0.368399 1 52 53
-0.031407 -0.010871 0.368796 3 54 57
-0.031577 -0.010914 0.369193 2 56 56
-0.031747 -0.010957 0.369590 3 57 57
-0.031917 -0.011000 0.369988 5 59 61
-0.032087 -0.011043 0.370385 10 59 64
-0.032257 -0.011086 0.370782 10 59 66
-0.032427 -0.011128 0.371179 6 59 65
-0.032597 -0.011171 0.371577 4 59 64
-0.032766 -0.011214 0.371974 5 60 63
-0.032936 -0.011257 0.372371 4 62 64
-0.033106 -0.011300 0.372768 5 60 63
-0.033276 -0.011343 0.373166 2 56 58
-0.033446 -0.011386 0.373563 6 55 59
-0.034652 -0.011098 0.374014 5 50 55
-0.033786 -0.011471 0.374357 10 53 59
-0.033956 -0.011514 0.374754 11 55 58
-0.035163 -0.011227 0.375211 10 53 59
-0.035334 -0.011270 0.375609 33 78 81
-0.036544 -0.010984 0.376070 26 74 78
-0.040874 -0.009709 0.376723 21 70 74
-0.041047 -0.009753 0.377129 12 61 66
-0.042262 -0.009468 0.377602 5 54 59
-0.043478 -0.009183 0.378077 0 46 52
-0.044695 -0.008899 0.378555 0 45 51
-0.044871 -0.008943 0.378966 0 42 48
-0.045046 -0.008987 0.379376 0 40 46
-0.045222 -0.009031 0.379787 1 38 44
-0.045398 -0.009076 0.380198 4 39 43
-0.045573 -0.009120 0.380608 1 34 39
-0.044703 -0.009492 0.380941 8 39 44
-0.044878 -0.009536 0.381350 10 41 46
-0.045053 -0.009580 0.381759 11 40 46
-0.045228 -0.009624 0.382168 8 37 45
-0.045403 -0.009668 0.382577 10 39 47
-0.045577 -0.009713 0.382986 10 38 49
-0.045752 -0.009757 0.383395 9 39 49
-0.045927 -0.009801 0.383804 9 43 53
-0.047153 -0.009518 0.384303 16 50 60
-0.047329 -0.009563 0.384714 22 56 68
-0.017553 -0.005847 0.332160 6 81 87
-0.017724 -0.005890 0.332560 1 76 81
-0.017895 -0.005933 0.332960 0 74 80
-0.018066 -0.005976 0.333361 0 73 78
-0.018237 -0.006019 0.333761 0 71 76
-0.018408 -0.006062 0.334161 0 72 75
-0.018580 -0.006105 0.334561 0 71 74
-0.018751 -0.006149 0.334961 0 68 72
-0.018922 -0.006192 0.335362 0 64 70
-0.020068 -0.005888 0.335674 0 63 67
-0.020239 -0.005931 0.336076 0 65 69
-0.020411 -0.005975 0.336478 0 63 65
-0.020583 -0.006018 0.336879 0 63 65
-0.020755 -0.006061 0.337281 0 62 62
-0.020926 -0.006104 0.337683 0 64 64
-0.021098 -0.006148 0.338084 0 63 65
-0.021270 -0.006191 0.338486 8 73 77
-0.021442 -0.006234 0.338888 6 74 77
-0.021614 -0.006278 0.339289 11 78 84
-0.021785 -0.006321 0.339691 17 86 93
-0.021957 -0.006364 0.340093 13 86 93
-0.022129 -0.006408 0.340494 16 93 101
-0.022301 -0.006451 0.340896 16 96 105
-0.022472 -0.006494 0.341298 42 129 138
-0.022644 -0.006538 0.341700 46 139 147
-0.021831 -0.006926 0.342165 39 133 143
-0.022003 -0.006969 0.342565 41 138 147
-0.022174 -0.007012 0.342965 42 139 148
-0.022345 -0.007055 0.343366 51 145 155
-0.022516 -0.007098 0.343766 51 143 154
-0.021699 -0.007485 0.344222 50 138 150
-0.021870 -0.007528 0.344621 42 130 142
-0.022040 -0.007571 0.345020 30 122 133
-0.022211 -0.007614 0.345419 33 127 137
-0.021391 -0.008000 0.345868 37 131 141
-0.021561 -0.008043 0.346265 40 132 143
-0.021731 -0.008086 0.346662 42 134 147
-0.021901 -0.008129 0.347059 41 135 147
-0.022071 -0.008171 0.347457 39 133 145
-0.022240 -0.008214 0.347854 37 133 145
-0.022410 -0.008257 0.348251 32 128 140
-0.022580 -0.008300 0.348648 27 124 133
-0.022750 -0.008343 0.349046 22 119 126
-0.021924 -0.008727 0.349480 25 118 126
-0.022093 -0.008770 0.349876 27 116 124
-0.022262 -0.008813 0.350271 27 112 119
-0.022432 -0.008855 0.350667 21 101 110
-0.022601 -0.008898 0.351063 16 93 101
-0.022770 -0.008941 0.351459 10 84 93
-0.022939 -0.008983 0.351854 5 78 87
-0.023109 -0.009026 0.352250 3 71 82
-0.023278 -0.009069 0.352646 5 72 81
-0.023447 -0.009111 0.353042 9 73 83
-0.023616 -0.009154 0.353437 11 73 84
-0.023786 -0.009197 0.353833 14 74 84
-0.023955 -0.009239 0.354229 16 74 85
-0.024124 -0.009282 0.354625 13 73 83
-0.024293 -0.009325 0.355021 19 79 89
-0.024463 -0.009368 0.355416 17 77 85
-0.024632 -0.009410 0.355812 11 74 81
-0.024801 -0.009453 0.356208 1 64 71
-0.024970 -0.009496 0.356604 2 65 72
-0.025140 -0.009538 0.356999 0 63 70
-0.025309 -0.009581 0.357395 2 62 70
-0.025478 -0.009624 0.357791 0 60 65
-0.025647 -0.009666 0.358187 1 62 67
-0.025816 -0.009709 0.358582 2 61 67
-0.025986 -0.009752 0.358978 1 60 66
-0.026155 -0.009794 0.359374 0 59 65
-0.026324 -0.009837 0.359770 2 61 67
-0.027507 -0.009542 0.360168 5 63 67
-0.027677 -0.009585 0.360566 7 65 69
-0.027846 -0.009628 0.360963 8 63 68
-0.028016 -0.009671 0.361360 7 62 67
-0.028186 -0.009714 0.361757 6 61 64
-0.028356 -0.009757 0.362154 5 60 63
-0.028526 -0.009799 0.362552 6 59 63
-0.028696 -0.009842 0.362949 5 58 62
-0.028866 -0.009885 0.363346 3 56 60
-0.029036 -0.009928 0.363743 2 55 59
-0.029205 -0.009971 0.364141 1 55 57
-0.029375 -0.010014 0.364538 0 54 56
-0.029545 -0.010056 0.364935 0 54 56
-0.029715 -0.010099 0.365332 0 53 55
-0.029885 -0.010142 0.365730 0 51 54
-0.030055 -0.010185 0.366127 0 50 53
-0.030225 -0.010228 0.366524 0 49 52
-0.030395 -0.010271 0.366921 0 49 52
-0.030564 -0.010313 0.367319 0 51 54
-0.030734 -0.010356 0.367716 0 50 53
-0.030904 -0.010399 0.368113 0 52 54
-0.031074 -0.010442 0.368510 0 54 56
-0.031244 -0.010485 0.368908 2 55 59
-0.031414 -0.010528 0.369305 4 57 61
-0.031584 -0.010571 0.369702 5 60 63
-0.031754 -0.010613 0.370099 7 62 65
-0.031923 -0.010656 0.370496 5 55 62
-0.032093 -0.010699 0.370894 7 57 64
-0.032263 -0.010742 0.371291 5 58 66
-0.032433 -0.010785 0.371688 5 60 65
-0.032603 -0.010828 0.372085 6 61 66
-0.032773 -0.010870 0.372483 7 62 67
-0.032943 -0.010913 0.372880 5 58 62
-0.033113 -0.010956 0.373277 3 54 58
-0.033282 -0.010999 0.373674 10 57 63
-0.033452 -0.011042 0.374072 7 52 57
-0.034658 -0.010753 0.374525 6 49 55
-0.034829 -0.010796 0.374924 9 52 58
-0.034999 -0.010839 0.375323 18 63 68
-0.035170 -0.010882 0.375721 44 91 97
-0.036379 -0.010594 0.376182 39 88 93
-0.038628 -0.009976 0.376710 39 88 93
-0.040880 -0.009358 0.377243 33 82 87
-0.042094 -0.009071 0.377716 26 73 79
-0.043310 -0.008785 0.378192 19 64 70
-0.043485 -0.008829 0.378601 13 56 63
-0.043660 -0.008873 0.379010 8 48 56
-0.043835 -0.008917 0.379419 1 40 47
-0.044009 -0.008961 0.379828 0 35 43
-0.044184 -0.009006 0.380237 0 33 39
-0.044359 -0.009050 0.380646 2 35 44
-0.044534 -0.009094 0.381056 4 37 44
-0.044709 -0.009138 0.381465 9 39 49
-0.044884 -0.009182 0.381874 9 39 49
-0.045059 -0.009226 0.382283 11 39 50
-0.045234 -0.009270 0.382692 12 40 51
-0.045409 -0.009314 0.383101 17 45 57
-0.045584 -0.009358 0.383510 19 49 60
-0.045759 -0.009403 0.383919 26 58 71
-0.015908 -0.005678 0.331177 8 82 93
-0.016079 -0.005721 0.331575 4 82 92
-0.016249 -0.005764 0.331974 3 82 89
-0.017388 -0.005457 0.332272 2 79 87
-0.017559 -0.005500 0.332673 0 75 81
-0.017730 -0.005543 0.333073 0 74 81
-0.017901 -0.005587 0.333473 0 76 81
-0.018073 -0.005630 0.333873 0 76 81
-0.018244 -0.005673 0.334273 0 75 79
-0.018415 -0.005716 0.334674 0 74 78
-0.018586 -0.005759 0.335074 0 69 72
-0.018757 -0.005802 0.335474 0 62 66
-0.018928 -0.005845 0.335874 0 58 60
-0.019099 -0.005889 0.336274 0 52 56
-0.019271 -0.005932 0.336675 0 56 58
-0.020418 -0.005627 0.336992 0 57 59
-0.020589 -0.005670 0.337394 0 60 63
-0.020761 -0.005714 0.337796 7 68 71
-0.020933 -0.005757 0.338197 17 82 86
-0.021105 -0.005800 0.338599 17 91 94
-0.021276 -0.005843 0.339001 11 89 93
-0.021448 -0.005887 0.339402 19 96 102
-0.021620 -0.005930 0.339804 46 125 132
-0.021792 -0.005973 0.340206 45 125 136
-0.021964 -0.006017 0.340607 48 132 143
-0.022135 -0.006060 0.341009 53 141 155
-0.022307 -0.006103 0.341411 52 144 159
-0.022479 -0.006147 0.341812 50 146 160
-0.021667 -0.006536 0.342277 43 140 156
-0.021838 -0.006579 0.342678 44 144 159
-0.022009 -0.006622 0.343078 45 145 160
-0.022180 -0.006665 0.343478 46 142 156
-0.021365 -0.007054 0.343936 68 161 176
-0.021535 -0.007097 0.344334 65 154 170
-0.021706 -0.007140 0.344733 55 147 160
-0.020888 -0.007528 0.345185 51 149 160
-0.021058 -0.007571 0.345582 46 149 158
-0.021228 -0.007614 0.345979 43 144 154
-0.021397 -0.007656 0.346377 46 144 155
-0.021567 -0.007699 0.346774 51 149 162
-0.021737 -0.007742 0.347171 51 149 162
-0.021907 -0.007785 0.347568 45 143 156
-0.021084 -0.008171 0.348008 40 136 148
-0.021253 -0.008214 0.348404 39 135 147
-0.021422 -0.008257 0.348800 38 135 144
-0.021592 -0.008299 0.349195 40 133 141
-0.021761 -0.008342 0.349591 35 125 134
-0.021930 -0.008385 0.349987 27 111 121
-0.022099 -0.008428 0.350383 15 95 104
-0.022269 -0.008470 0.350778 11 88 98
-0.022438 -0.008513 0.351174 13 87 96
-0.022607 -0.008556 0.351570 3 77 86
-0.022776 -0.008598 0.351966 1 74 81
-0.022946 -0.008641 0.352361 2 75 82
-0.023115 -0.008684 0.352757 8 78 86
-0.023284 -0.008726 0.353153 12 80 89
-0.023453 -0.008769 0.353549 13 80 88
-0.023623 -0.008812 0.353944 16 80 89
-0.023792 -0.008854 0.354340 18 82 91
-0.023961 -0.008897 0.354736 20 84 93
-0.024130 -0.008940 0.355132 22 86 95
-0.024300 -0.008982 0.355527 15 79 88
-0.024469 -0.009025 0.355923 7 70 79
-0.024638 -0.009068 0.356319 0 61 70
-0.024807 -0.009110 0.356715 1 64 73
-0.024977 -0.009153 0.357111 2 62 70
-0.025146 -0.009196 0.357506 2 61 69
-0.025315 -0.009238 0.357902 2 61 69
-0.025484 -0.009281 0.358298 4 63 71
-0.025654 -0.009324 0.358694 5 64 70
-0.025823 -0.009366 0.359089 5 64 70
-0.025992 -0.009409 0.359485 4 61 68
-0.026161 -0.009452 0.359881 5 62 69
-0.026331 -0.009495 0.360277 6 63 70
-0.026500 -0.009537 0.360672 8 65 72
-0.027683 -0.009241 0.361074 7 62 67
-0.027853 -0.009284 0.361472 7 62 67
-0.028023 -0.009327 0.361869 6 59 65
-0.028193 -0.009370 0.362266 5 58 64
-0.028362 -0.009413 0.362663 5 58 64
-0.028532 -0.009456 0.363061 4 57 63
-0.028702 -0.009498 0.363458 2 55 61
-0.028872 -0.009541 0.363855 2 55 59
-0.029042 -0.009584 0.364252 0 54 56
-0.029212 -0.009627 0.364650 0 54 56
-0.029382 -0.009670 0.365047 1 55 57
-0.029552 -0.009713 0.365444 0 54 56
-0.029721 -0.009756 0.365841 0 53 55
-0.029891 -0.009798 0.366238 0 52 54
-0.030061 -0.009841 0.366636 0 52 54
-0.030231 -0.009884 0.367033 0 52 54
-0.030401 -0.009927 0.367430 0 51 55
-0.030571 -0.009970 0.367827 0 52 56
-0.030741 -0.010013 0.368225 1 54 58
-0.030911 -0.010055 0.368622 4 57 61
-0.031080 -0.010098 0.369019 4 59 64
-0.031250 -0.010141 0.369416 4 59 64
-0.031420 -0.010184 0.369814 3 58 63
-0.031590 -0.010227 0.370211 2 57 62
-0.031760 -0.010270 0.370608 4 54 61
-0.031930 -0.010312 0.371005 6 57 61
-0.032100 -0.010355 0.371403 6 59 65
-0.032270 -0.010398 0.371800 8 61 65
-0.032439 -0.010441 0.372197 8 61 65
-0.032609 -0.010484 0.372594 6 59 63
-0.032779 -0.010527 0.372992 3 54 58
-0.032949 -0.010569 0.373389 0 47 53
-0.033119 -0.010612 0.373786 11 56 62
-0.033289 -0.010655 0.374183 25 68 77
-0.034494 -0.010365 0.374637 28 71 80
-0.034665 -0.010408 0.375036 31 75 84
-0.034835 -0.010451 0.375435 44 91 101
-0.043491 -0.008475 0.379125 25 65 75
-0.043666 -0.008519 0.379534 22 62 70
-0.043841 -0.008563 0.379943 20 58 67
-0.044016 -0.008607 0.380352 19 56 64
-0.044191 -0.008652 0.380761 14 51 60
-0.044366 -0.008696 0.381171 14 48 57
-0.044541 -0.008740 0.381580 19 51 62
-0.044716 -0.008784 0.381989 18 50 61
-0.044891 -0.008828 0.382398 25 57 68
-0.015403 -0.005204 0.330491 27 97 109
-0.015574 -0.005247 0.330890 12 89 99
-0.015744 -0.005290 0.331289 8 88 97
-0.015915 -0.005333 0.331687 3 88 95
-0.016085 -0.005376 0.332086 0 77 84
-0.016256 -0.005419 0.332485 0 80 87
-0.016426 -0.005462 0.332884 0 82 89
-0.016597 -0.005505 0.333282 0 87 94
-0.016767 -0.005548 0.333681 11 100 106
-0.016938 -0.005591 0.334080 22 111 115
-0.017108 -0.005634 0.334478 29 118 122
-0.018250 -0.005326 0.334786 35 123 125
-0.018421 -0.005370 0.335186 37 120 124
-0.018592 -0.005413 0.335586 40 119 123
-0.018764 -0.005456 0.335987 23 98 103
-0.018935 -0.005499 0.336387 0 66 72
-0.019106 -0.005542 0.336787 0 59 63
-0.020252 -0.005236 0.337105 0 64 69
-0.020424 -0.005279 0.337507 8 78 80
-0.020596 -0.005323 0.337908 13 82 87
-0.020768 -0.005366 0.338310 18 92 95
-0.020939 -0.005409 0.338712 12 95 99
-0.021111 -0.005453 0.339113 18 107 113
-0.021283 -0.005496 0.339515 48 135 144
-0.021455 -0.005539 0.339917 62 149 159
-0.021626 -0.005583 0.340319 55 141 154
-0.021798 -0.005626 0.340720 60 148 162
-0.021970 -0.005669 0.341122 55 144 162
-0.021160 -0.006060 0.341589 55 146 165
-0.021331 -0.006103 0.341990 50 145 163
-0.021502 -0.006147 0.342390 51 148 165
-0.021673 -0.006190 0.342790 55 154 173
-0.021844 -0.006233 0.343190 62 162 178
-0.021030 -0.006623 0.343649 68 165 182
-0.021201 -0.006666 0.344048 65 162 178
-0.021371 -0.006709 0.344446 62 155 172
-0.020554 -0.007098 0.344899 54 152 165
-0.020724 -0.007141 0.345296 52 156 167
-0.020894 -0.007184 0.345694 53 160 170
-0.021064 -0.007227 0.346091 54 158 169
-0.021234 -0.007270 0.346488 51 153 165
-0.020413 -0.007658 0.346932 50 150 165
-0.020583 -0.007701 0.347328 48 149 161
-0.020752 -0.007744 0.347724 50 147 163
-0.020921 -0.007786 0.348119 53 151 164
-0.021090 -0.007829 0.348515 27 123 137
-0.021260 -0.007872 0.348911 16 112 124
-0.021429 -0.007914 0.349307 10 102 113
-0.021598 -0.007957 0.349702 7 95 105
-0.021767 -0.008000 0.350098 8 92 103
-0.021937 -0.008042 0.350494 5 85 96
-0.022106 -0.008085 0.350890 4 80 93
-0.022275 -0.008128 0.351285 4 78 89
-0.022444 -0.008170 0.351681 6 81 87
-0.022614 -0.008213 0.352077 8 83 89
-0.022783 -0.008256 0.352473 10 85 91
-0.022952 -0.008298 0.352868 11 84 91
-0.023121 -0.008341 0.353264 14 85 91
-0.023291 -0.008384 0.353660 17 88 94
-0.023460 -0.008426 0.354056 21 90 97
-0.023629 -0.008469 0.354451 23 92 99
-0.023798 -0.008512 0.354847 21 90 97
-0.023967 -0.008555 0.355243 15 84 91
-0.024137 -0.008597 0.355639 6 73 81
-0.024306 -0.008640 0.356034 0 64 72
-0.024475 -0.008683 0.356430 0 62 71
-0.024644 -0.008725 0.356826 1 66 72
-0.024814 -0.008768 0.357222 4 64 72
-0.024983 -0.008811 0.357617 1 61 69
-0.025152 -0.008853 0.358013 5 64 72
-0.025321 -0.008896 0.358409 6 65 73
-0.025491 -0.008939 0.358805 6 65 71
-0.025660 -0.008981 0.359200 5 64 70
-0.025829 -0.009024 0.359596 4 61 68
-0.025998 -0.009067 0.359992 3 60 67
-0.026168 -0.009109 0.360388 3 60 67
-0.026337 -0.009152 0.360784 4 61 68
-0.026506 -0.009195 0.361179 4 59 64
-0.026675 -0.009237 0.361575 3 58 63
-0.026845 -0.009280 0.361971 3 56 62
-0.027014 -0.009323 0.362367 1 54 60
-0.027183 -0.009365 0.362762 0 53 59
-0.027352 -0.009408 0.363158 0 53 59
-0.027522 -0.009451 0.363554 0 52 58
-0.027691 -0.009493 0.363950 0 52 58
-0.027860 -0.009536 0.364345 0 50 54
-0.028029 -0.009579 0.364741 0 52 54
-0.028199 -0.009622 0.365137 0 53 55
-0.028368 -0.009664 0.365533 0 53 55
-0.028537 -0.009707 0.365928 0 52 54
-0.029728 -0.009412 0.366350 0 52 54
-0.029898 -0.009455 0.366747 0 53 55
-0.030068 -0.009497 0.367145 0 54 56
-0.030237 -0.009540 0.367542 0 53 57
-0.030407 -0.009583 0.367939 1 54 58
-0.030577 -0.009626 0.368336 3 56 62
-0.030747 -0.009669 0.368734 3 56 62
-0.030917 -0.009712 0.369131 3 56 62
-0.031087 -0.009754 0.369528 2 57 62
-0.031257 -0.009797 0.369925 1 54 62
-0.031427 -0.009840 0.370322 1 54 60
-0.031596 -0.009883 0.370720 4 57 61
-0.031766 -0.009926 0.371117 8 59 62
-0.031936 -0.009969 0.371514 8 61 65
-0.032106 -0.010012 0.371911 9 62 66
-0.032276 -0.010054 0.372309 10 61 65
-0.032446 -0.010097 0.372706 5 56 60
-0.032616 -0.010140 0.373103 1 48 54
-0.032786 -0.010183 0.373500 0 42 48
-0.032955 -0.010226 0.373898 57 100 109
-0.033125 -0.010269 0.374295 92 132 144
-0.034330 -0.009977 0.374749 98 137 152
-0.034500 -0.010020 0.375148 85 127 143
-0.013766 -0.005041 0.329519 81 144 159
-0.013935 -0.005084 0.329916 77 145 158
-0.014105 -0.005127 0.330313 67 141 152
-0.014275 -0.005170 0.330710 65 143 153
-0.015410 -0.004859 0.331002 59 143 153
-0.015580 -0.004902 0.331401 55 145 153
-0.015751 -0.004945 0.331799 52 145 152
-0.015921 -0.004988 0.332198 45 139 147
-0.016092 -0.005031 0.332597 39 136 143
-0.016262 -0.005074 0.332996 36 133 140
-0.016433 -0.005117 0.333394 31 130 136
-0.016603 -0.005160 0.333793 32 134 139
-0.016774 -0.005203 0.334192 32 134 138
-0.016944 -0.005246 0.334590 32 134 138
-0.017115 -0.005289 0.334989 35 135 137
-0.017285 -0.005332 0.335388 31 129 132
-0.017456 -0.005375 0.335787 40 131 136
-0.018599 -0.005066 0.336099 45 133 137
-0.018770 -0.005110 0.336499 24 109 114
-0.018941 -0.005153 0.336900 0 83 89
-0.019112 -0.005196 0.337300 0 82 88
-0.019283 -0.005239 0.337700 13 96 100
-0.019455 -0.005282 0.338100 20 105 110
-0.020602 -0.004975 0.338423 22 111 115
-0.020774 -0.005018 0.338825 30 125 131
-0.020946 -0.005062 0.339226 43 142 148
-0.021118 -0.005105 0.339628 51 148 157
-0.021289 -0.005148 0.340030 57 149 162
-0.021461 -0.005192 0.340431 60 149 165
-0.021633 -0.005235 0.340833 62 151 169
-0.021805 -0.005278 0.341235 63 150 170
-0.020995 -0.005671 0.341702 63 151 173
-0.021166 -0.005714 0.342102 56 147 168
-0.021337 -0.005757 0.342502 55 150 170
-0.021508 -0.005800 0.342903 56 152 174
-0.020695 -0.006192 0.343362 50 149 168
-0.020866 -0.006235 0.343761 61 162 180
-0.021036 -0.006278 0.344160 50 151 169
-0.020221 -0.006669 0.344614 52 153 171
-0.020391 -0.006712 0.345011 44 147 162
-0.020561 -0.006755 0.345408 48 154 168
-0.020731 -0.006797 0.345805 49 155 168
-0.019912 -0.007188 0.346252 52 156 169
-0.020081 -0.007230 0.346647 54 158 171
-0.020250 -0.007273 0.347043 57 159 174
-0.020420 -0.007316 0.347439 52 154 168
-0.020589 -0.007358 0.347835 43 143 159
-0.020758 -0.007401 0.348231 36 136 151
-0.020927 -0.007444 0.348626 19 117 130
-0.021097 -0.007486 0.349022 18 114 126
-0.021266 -0.007529 0.349418 19 111 124
-0.021435 -0.007572 0.349814 12 102 113
-0.021604 -0.007615 0.350209 9 95 108
-0.021774 -0.007657 0.350605 7 89 101
-0.021943 -0.007700 0.351001 12 90 103
-0.022112 -0.007743 0.351397 15 92 102
-0.022281 -0.007785 0.351792 12 89 95
-0.022451 -0.007828 0.352188 12 90 94
-0.022620 -0.007871 0.352584 12 90 94
-0.022789 -0.007913 0.352980 15 90 95
-0.022958 -0.007956 0.353375 17 92 97
-0.023128 -0.007999 0.353771 20 93 99
-0.023297 -0.008041 0.354167 23 94 100
-0.023466 -0.008084 0.354563 23 94 100
-0.023635 -0.008127 0.354958 15 89 92
-0.023805 -0.008169 0.355354 5 79 82
-0.023974 -0.008212 0.355750 1 72 76
-0.024143 -0.008255 0.356146 0 68 72
-0.024312 -0.008297 0.356541 3 72 77
-0.024482 -0.008340 0.356937 0 69 71
-0.024651 -0.008383 0.357333 3 68 72
-0.024820 -0.008425 0.357729 2 65 70
-0.024989 -0.008468 0.358124 4 64 72
-0.025159 -0.008511 0.358520 4 63 71
-0.025328 -0.008553 0.358916 3 62 68
-0.025497 -0.008596 0.359312 2 61 67
-0.025666 -0.008639 0.359707 1 60 66
-0.025836 -0.008682 0.360103 0 58 64
-0.026005 -0.008724 0.360499 0 57 64
-0.026174 -0.008767 0.360895 1 58 65
-0.026343 -0.008810 0.361290 0 56 63
-0.026512 -0.008852 0.361686 0 56 63
-0.026682 -0.008895 0.362082 0 55 60
-0.026851 -0.008938 0.362478 0 53 58
-0.027020 -0.008980 0.362873 0 51 57
-0.027189 -0.009023 0.363269 0 51 57
-0.027359 -0.009066 0.363665 0 52 58
-0.027528 -0.009108 0.364061 1 54 60
-0.027697 -0.009151 0.364457 1 54 58
-0.027866 -0.009194 0.364852 1 54 58
-0.028036 -0.009236 0.365248 2 55 59
-0.028205 -0.009279 0.365644 2 55 59
-0.028374 -0.009322 0.366040 2 55 59
-0.028543 -0.009364 0.366435 2 55 59
-0.028713 -0.009407 0.366831 2 55 59
-0.028882 -0.009450 0.367227 3 56 60
-0.029051 -0.009492 0.367623 3 56 60
-0.029220 -0.009535 0.368018 4 57 61
-0.029390 -0.009578 0.368414 4 57 61
-0.029559 -0.009620 0.368810 3 56 60
-0.029728 -0.009663 0.369206 3 56 62
-0.029897 -0.009706 0.369601 3 56 62
-0.031093 -0.009411 0.370037 5 55 62
-0.031263 -0.009454 0.370434 3 56 62
-0.031433 -0.009496 0.370831 6 60 62
-0.031603 -0.009539 0.371229 8 62 62
-0.031773 -0.009582 0.371626 13 64 67
-0.031943 -0.009625 0.372023 13 64 67
-0.032112 -0.009668 0.372420 13 62 66
-0.032282 -0.009711 0.372818 9 57 61
-0.032452 -0.009753 0.373215 7 50 57
-0.032622 -0.009796 0.373612 5 45 55
-0.032792 -0.009839 0.374009 7 45 58
-0.032962 -0.009882 0.374406 46 83 99
-0.013262 -0.004569 0.328836 78 135 154
-0.013432 -0.004612 0.329233 54 116 131
-0.013602 -0.004654 0.329630 53 121 134
-0.013772 -0.004697 0.330027 48 122 133
-0.013942 -0.004740 0.330425 33 113 122
-0.014112 -0.004783 0.330822 37 124 131
-0.014282 -0.004826 0.331219 30 123 130
-0.015416 -0.004514 0.331513 36 133 139
-0.015586 -0.004557 0.331911 46 145 151
-0.015757 -0.004600 0.332310 47 149 154
-0.015927 -0.004643 0.332709 44 145 153
-0.016098 -0.004686 0.333108 36 139 146
-0.016268 -0.004729 0.333506 24 129 135
-0.016439 -0.004772 0.333905 20 125 131
-0.016610 -0.004815 0.334304 14 122 125
-0.016780 -0.004858 0.334703 13 118 122
-0.016951 -0.004901 0.335101 16 120 123
-0.017121 -0.004944 0.335500 14 113 118
-0.017292 -0.004987 0.335899 16 111 117
-0.017462 -0.005030 0.336297 21 111 119
-0.017633 -0.005073 0.336696 22 111 119
-0.017803 -0.005116 0.337095 29 118 126
-0.018948 -0.004806 0.337412 50 139 147
-0.019119 -0.004850 0.337812 48 138 146
-0.019290 -0.004893 0.338213 42 135 142
-0.019461 -0.004936 0.338613 43 140 146
-0.019632 -0.004979 0.339013 40 143 150
-0.019803 -0.005022 0.339413 44 147 156
-0.020952 -0.004714 0.339741 53 154 164
-0.021124 -0.004757 0.340143 54 150 164
-0.021296 -0.004801 0.340544 58 151 166
-0.021468 -0.004844 0.340946 64 155 173
-0.020659 -0.005238 0.341414 67 155 175
-0.020830 -0.005281 0.341814 67 155 175
-0.021001 -0.005324 0.342215 54 145 166
-0.021172 -0.005368 0.342615 47 139 160
-0.020361 -0.005761 0.343076 44 141 160
-0.020531 -0.005804 0.343474 44 143 164
-0.020702 -0.005847 0.343873 50 153 172
-0.019888 -0.006240 0.344328 46 151 170
-0.020057 -0.006282 0.344725 44 150 166
-0.020227 -0.006325 0.345122 40 146 162
-0.020397 -0.006368 0.345520 41 147 163
-0.019580 -0.006760 0.345967 42 148 162
-0.019749 -0.006803 0.346363 45 148 163
-0.019918 -0.006845 0.346759 50 153 168
-0.020088 -0.006888 0.347154 57 159 174
-0.020257 -0.006931 0.347550 56 158 173
-0.020426 -0.006973 0.347946 47 147 163
-0.020595 -0.007016 0.348342 40 140 156
-0.019773 -0.007407 0.348777 33 130 146
-0.019941 -0.007449 0.349172 32 130 143
-0.020110 -0.007492 0.349566 36 130 142
-0.020279 -0.007534 0.349960 37 129 142
-0.021441 -0.007229 0.350321 49 137 149
-0.021611 -0.007272 0.350716 49 135 148
-0.021780 -0.007315 0.351112 45 129 140
-0.021949 -0.007357 0.351508 33 115 126
-0.022118 -0.007400 0.351904 27 107 114
-0.022288 -0.007443 0.352299 20 101 105
-0.022457 -0.007485 0.352695 20 99 104
-0.022626 -0.007528 0.353091 26 105 110
-0.022795 -0.007571 0.353487 31 108 114
-0.022965 -0.007613 0.353882 27 104 110
-0.023134 -0.007656 0.354278 21 96 102
-0.023303 -0.007699 0.354674 16 91 96
-0.023472 -0.007742 0.355070 12 87 92
-0.023642 -0.007784 0.355465 1 76 81
-0.023811 -0.007827 0.355861 4 77 83
-0.023980 -0.007870 0.356257 4 78 81
-0.024149 -0.007912 0.356653 12 83 87
-0.024319 -0.007955 0.357048 0 70 72
-0.024488 -0.007998 0.357444 0 69 74
-0.024657 -0.008040 0.357840 2 67 73
-0.024826 -0.008083 0.358236 3 63 71
-0.024996 -0.008126 0.358631 1 61 69
-0.025165 -0.008168 0.359027 0 59 65
-0.025334 -0.008211 0.359423 0 59 64
-0.025503 -0.008254 0.359819 0 57 63
-0.025673 -0.008296 0.360214 0 57 63
-0.025842 -0.008339 0.360610 0 57 63
-0.026011 -0.008382 0.361006 0 58 64
-0.026180 -0.008424 0.361402 0 56 62
-0.026350 -0.008467 0.361797 0 56 62
-0.026519 -0.008510 0.362193 0 56 60
-0.026688 -0.008552 0.362589 0 55 59
-0.026857 -0.008595 0.362985 0 54 59
-0.027027 -0.008638 0.363380 0 55 60
-0.027196 -0.008680 0.363776 3 58 63
-0.027365 -0.008723 0.364172 6 61 66
-0.027534 -0.008766 0.364568 7 62 67
-0.027704 -0.008809 0.364963 8 63 68
-0.027873 -0.008851 0.365359 9 64 69
-0.028042 -0.008894 0.365755 10 65 68
-0.028211 -0.008937 0.366151 10 65 68
-0.028380 -0.008979 0.366547 8 63 66
-0.028550 -0.009022 0.366942 6 61 64
-0.028719 -0.009065 0.367338 4 59 62
-0.028888 -0.009107 0.367734 1 56 59
-0.029057 -0.009150 0.368130 4 57 61
-0.029227 -0.009193 0.368525 7 60 64
-0.029396 -0.009235 0.368921 7 60 64
-0.029565 -0.009278 0.369317 9 59 66
-0.029734 -0.009321 0.369713 8 58 65
-0.029904 -0.009363 0.370108 7 57 64
-0.030073 -0.009406 0.370504 5 58 62
-0.030242 -0.009449 0.370900 7 63 64
-0.030411 -0.009491 0.371296 9 65 66
-0.031609 -0.009195 0.371737 12 66 68
-0.031779 -0.009238 0.372135 16 67 70
-0.031949 -0.009281 0.372532 16 65 70
-0.032119 -0.009324 0.372929 17 62 68
-0.032289 -0.009367 0.373326 15 58 67
-0.032459 -0.009410 0.373724 15 55 65
-0.032628 -0.009453 0.374121 33 69 85
-0.013099 -0.004182 0.328947 46 107 125
-0.013269 -0.004225 0.329345 29 97 110
-0.013439 -0.004268 0.329742 24 98 109
-0.013608 -0.004311 0.330139 25 105 114
-0.013778 -0.004354 0.330536 22 109 118
-0.013948 -0.004396 0.330933 20 113 120
-0.014118 -0.004439 0.331331 18 115 122
-0.014288 -0.004482 0.331728 17 120 125
-0.014458 -0.004525 0.332125 21 126 132
-0.014628 -0.004568 0.332522 24 129 135
-0.014798 -0.004611 0.332920 25 127 132
-0.014967 -0.004653 0.333317 21 123 128
-0.015137 -0.004696 0.333714 20 122 127
-0.015307 -0.004739 0.334111 18 121 126
-0.015477 -0.004782 0.334509 9 111 116
-0.015647 -0.004825 0.334906 10 112 117
-0.015817 -0.004868 0.335303 7 104 111
-0.015987 -0.004910 0.335700 8 102 110
-0.016157 -0.004953 0.336098 11 101 110
-0.017298 -0.004642 0.336409 10 98 108
-0.017468 -0.004685 0.336808 10 97 107
-0.017639 -0.004728 0.337207 24 112 122
-0.017809 -0.004771 0.337606 41 131 140
-0.017980 -0.004814 0.338004 40 133 141
-0.019125 -0.004503 0.338325 46 143 150
-0.019296 -0.004546 0.338725 46 144 153
-0.019467 -0.004590 0.339125 38 141 150
-0.019639 -0.004633 0.339526 47 149 161
-0.019810 -0.004676 0.339926 54 155 167
-0.019981 -0.004719 0.340326 55 153 166
-0.021130 -0.004410 0.340657 55 151 165
-0.021302 -0.004453 0.341059 59 152 167
-0.020494 -0.004849 0.341527 62 153 171
-0.020665 -0.004892 0.341927 62 155 172
-0.020837 -0.004935 0.342327 58 154 170
-0.021008 -0.004978 0.342727 54 151 167
-0.020197 -0.005373 0.343188 53 153 169
-0.020367 -0.005416 0.343586 50 151 169
-0.020538 -0.005459 0.343985 47 150 167
-0.019724 -0.005853 0.344440 44 150 166
-0.019894 -0.005896 0.344837 38 143 162
-0.020064 -0.005939 0.345234 35 141 157
-0.019248 -0.006332 0.345683 34 140 156
-0.019417 -0.006375 0.346078 31 134 151
-0.019586 -0.006417 0.346474 32 135 152
-0.019755 -0.006460 0.346870 32 133 151
-0.018936 -0.006853 0.347311 31 132 150
-0.019105 -0.006895 0.347705 35 136 154
-0.019273 -0.006938 0.348100 36 138 153
-0.019442 -0.006980 0.348494 36 138 153
-0.019611 -0.007023 0.348888 33 133 148
-0.019779 -0.007065 0.349282 31 129 142
-0.019948 -0.007108 0.349677 26 124 135
-0.020116 -0.007150 0.350071 24 120 132
-0.020285 -0.007193 0.350465 27 121 131
-0.020454 -0.007235 0.350860 28 120 131
-0.021617 -0.006930 0.351223 25 115 124
-0.021786 -0.006972 0.351619 20 109 117
-0.021956 -0.007015 0.352015 20 107 114
-0.022125 -0.007058 0.352410 29 117 121
-0.022294 -0.007100 0.352806 23 108 113
-0.022463 -0.007143 0.353202 19 102 108
-0.022633 -0.007186 0.353598 23 103 110
-0.022802 -0.007228 0.353994 18 97 104
-0.022971 -0.007271 0.354389 11 88 96
-0.023140 -0.007314 0.354785 6 83 89
-0.023310 -0.007356 0.355181 5 82 88
-0.023479 -0.007399 0.355577 9 86 92
-0.023648 -0.007442 0.355972 16 91 97
-0.023817 -0.007484 0.356368 7 82 87
-0.023986 -0.007527 0.356764 2 75 81
-0.024156 -0.007570 0.357160 2 73 77
-0.024325 -0.007612 0.357555 0 68 75
-0.024494 -0.007655 0.357951 4 71 77
-0.024663 -0.007698 0.358347 0 62 69
-0.024833 -0.007740 0.358743 0 63 70
-0.025002 -0.007783 0.359138 1 61 69
-0.025171 -0.007826 0.359534 1 64 71
-0.025340 -0.007869 0.359930 4 64 72
-0.025510 -0.007911 0.360326 4 64 72
-0.025679 -0.007954 0.360721 4 64 72
-0.025848 -0.007997 0.361117 1 61 69
-0.026017 -0.008039 0.361513 3 64 69
-0.026187 -0.008082 0.361909 4 65 70
-0.026356 -0.008125 0.362304 4 63 69
-0.026525 -0.008167 0.362700 5 64 70
-0.026694 -0.008210 0.363096 11 68 75
-0.026864 -0.008253 0.363492 12 69 76
-0.027033 -0.008295 0.363887 13 70 77
-0.027202 -0.008338 0.364283 18 75 82
-0.027371 -0.008381 0.364679 14 73 79
-0.027541 -0.008423 0.365075 14 73 79
-0.027710 -0.008466 0.365470 18 77 83
-0.027879 -0.008509 0.365866 17 76 80
-0.028048 -0.008551 0.366262 11 70 74
-0.028218 -0.008594 0.366658 8 67 71
-0.028387 -0.008637 0.367053 8 66 68
-0.028556 -0.008679 0.367449 4 62 64
-0.028725 -0.008722 0.367845 6 64 66
-0.028895 -0.008765 0.368241 5 60 63
-0.029064 -0.008807 0.368636 6 61 64
-0.029233 -0.008850 0.369032 6 61 64
-0.029402 -0.008893 0.369428 5 58 62
-0.029572 -0.008936 0.369824 4 57 61
-0.029741 -0.008978 0.370220 5 58 62
-0.029910 -0.009021 0.370615 9 64 67
-0.030079 -0.009064 0.371011 7 65 69
-0.030249 -0.009106 0.371407 8 67 71
-0.030418 -0.009149 0.371803 12 70 74
-0.030587 -0.009192 0.372198 17 70 76
-0.031785 -0.008895 0.372644 17 67 74
-0.031955 -0.008937 0.373041 17 64 72
-0.032125 -0.008980 0.373438 20 62 74
-0.032295 -0.009023 0.373835 24 63 78
-0.012935 -0.003796 0.329059 23 86 101
-0.013105 -0.003838 0.329456 17 87 99
-0.013275 -0.003881 0.329853 15 92 102
-0.013445 -0.003924 0.330251 8 91 99
-0.013615 -0.003967 0.330648 4 93 101
-0.013785 -0.004010 0.331045 6 101 107
-0.013955 -0.004053 0.331442 9 108 114
-0.014124 -0.004095 0.331840 10 113 118
-0.014294 -0.004138 0.332237 13 118 124
-0.014464 -0.004181 0.332634 16 121 125
-0.014634 -0.004224 0.333031 19 121 126
-0.014804 -0.004267 0.333429 15 114 119
-0.014974 -0.004310 0.333826 12 111 116
-0.015144 -0.004352 0.334223 9 108 113
-0.015314 -0.004395 0.334620 6 103 109
-0.015483 -0.004438 0.335018 11 106 112
-0.015653 -0.004481 0.335415 4 97 104
-0.015823 -0.004524 0.335812 5 94 102
-0.015993 -0.004567 0.336209 1 88 97
-0.016163 -0.004610 0.336606 5 92 101
-0.016333 -0.004652 0.337004 1 88 97
-0.016503 -0.004695 0.337401 9 98 106
-0.017645 -0.004383 0.337718 15 108 116
-0.017816 -0.004426 0.338116 17 111 119
-0.017986 -0.004469 0.338515 21 120 126
-0.018157 -0.004512 0.338914 22 123 131
-0.019303 -0.004200 0.339238 22 125 134
-0.019474 -0.004243 0.339638 27 129 141
-0.019645 -0.004286 0.340038 33 134 146
-0.019816 -0.004330 0.340439 42 140 151
-0.020965 -0.004019 0.340770 51 147 159
-0.019085 -0.005947 0.345794 33 139 153
-0.019254 -0.005990 0.346190 29 132 147
-0.019423 -0.006032 0.346585 30 133 148
-0.019592 -0.006075 0.346981 35 137 152
-0.018774 -0.006469 0.347422 42 144 159
-0.018942 -0.006512 0.347816 45 147 162
-0.019111 -0.006554 0.348210 38 138 153
-0.019280 -0.006597 0.348605 29 129 144
-0.019448 -0.006639 0.348999 27 124 140
-0.019617 -0.006682 0.349393 16 112 126
-0.019785 -0.006724 0.349787 7 103 115
-0.019954 -0.006767 0.350182 11 105 115
-0.020123 -0.006809 0.350576 15 107 118
-0.020291 -0.006852 0.350970 14 107 115
-0.021454 -0.006544 0.351334 14 104 113
-0.021623 -0.006587 0.351730 15 104 112
-0.021793 -0.006630 0.352126 16 103 112
-0.021962 -0.006672 0.352522 17 102 109
-0.022131 -0.006715 0.352917 12 97 104
-0.022300 -0.006758 0.353313 13 98 105
-0.022470 -0.006800 0.353709 10 93 101
-0.022639 -0.006843 0.354105 1 84 92
-0.022808 -0.006886 0.354500 4 87 95
-0.022977 -0.006929 0.354896 11 94 102
-0.023147 -0.006971 0.355292 20 103 111
-0.022315 -0.007362 0.355702 27 110 118
-0.022483 -0.007404 0.356096 29 109 116
-0.022652 -0.007447 0.356490 28 107 114
-0.022820 -0.007490 0.356884 28 105 111
-0.022989 -0.007532 0.357279 22 97 103
-0.023158 -0.007575 0.357673 20 93 100
-0.023326 -0.007617 0.358067 15 85 93
-0.023495 -0.007660 0.358462 14 81 89
-0.023663 -0.007702 0.358856 12 79 85
-0.023832 -0.007745 0.359250 11 75 84
-0.024001 -0.007787 0.359644 10 77 83
-0.025178 -0.007483 0.360041 11 75 84
-0.025347 -0.007526 0.360437 8 75 81
-0.025516 -0.007569 0.360833 11 75 84
-0.025685 -0.007611 0.361228 6 73 79
-0.025855 -0.007654 0.361624 9 74 80
-0.026024 -0.007697 0.362020 9 74 78
-0.026193 -0.007739 0.362416 8 73 79
-0.026362 -0.007782 0.362811 10 73 78
-0.026531 -0.007825 0.363207 14 77 84
-0.026701 -0.007867 0.363603 18 79 84
-0.026870 -0.007910 0.363999 20 80 88
-0.027039 -0.007953 0.364394 20 83 90
-0.027208 -0.007996 0.364790 17 82 88
-0.027378 -0.008038 0.365186 16 81 87
-0.027547 -0.008081 0.365582 20 85 91
-0.027716 -0.008124 0.365977 24 89 93
-0.027885 -0.008166 0.366373 24 87 92
-0.028055 -0.008209 0.366769 20 84 86
-0.028224 -0.008252 0.367165 16 77 80
-0.028393 -0.008294 0.367560 8 69 70
-0.028562 -0.008337 0.367956 8 68 69
-0.028732 -0.008380 0.368352 5 65 66
-0.028901 -0.008422 0.368748 6 64 66
-0.029070 -0.008465 0.369143 4 62 64
-0.029239 -0.008508 0.369539 6 61 64
-0.029409 -0.008550 0.369935 7 62 65
-0.029578 -0.008593 0.370331 9 64 67
-0.029747 -0.008636 0.370726 13 68 73
-0.029916 -0.008678 0.371122 12 70 74
-0.030086 -0.008721 0.371518 10 69 75
-0.030255 -0.008764 0.371914 12 69 76
-0.030424 -0.008806 0.372310 16 69 77
-0.030593 -0.008849 0.372705 20 70 79
-0.030763 -0.008892 0.373101 25 71 84
-0.031962 -0.008594 0.373550 33 75 89
-0.012602 -0.003366 0.328773 46 108 123
-0.012772 -0.003409 0.329171 29 95 109
-0.012942 -0.003452 0.329568 11 84 93
-0.013112 -0.003495 0.329965 8 87 94
-0.013281 -0.003537 0.330362 6 89 95
-0.013451 -0.003580 0.330759 6 95 101
-0.013621 -0.003623 0.331157 6 99 104
-0.013791 -0.003666 0.331554 6 101 107
-0.013961 -0.003709 0.331951 7 104 110
-0.014131 -0.003752 0.332348 9 108 114
-0.014301 -0.003795 0.332746 11 110 116
-0.014471 -0.003837 0.333143 11 111 113
-0.014640 -0.003880 0.333540 8 106 109
-0.014810 -0.003923 0.333937 7 102 104
-0.014980 -0.003966 0.334335 8 102 104
-0.015150 -0.004009 0.334732 6 97 100
-0.014352 -0.004409 0.335220 3 92 96
-0.014521 -0.004452 0.335615 0 85 89
-0.014691 -0.004495 0.336011 0 88 92
-0.014860 -0.004537 0.336407 0 85 90
-0.015029 -0.004580 0.336803 1 89 93
-0.016169 -0.004266 0.337115 0 88 94
-0.016339 -0.004309 0.337513 20 111 116
-0.016509 -0.004351 0.337910 32 127 131
-0.016679 -0.004394 0.338307 31 131 133
-0.017822 -0.004081 0.338627 28 130 134
-0.017993 -0.004124 0.339026 33 135 140
-0.018163 -0.004167 0.339425 37 135 144
-0.019309 -0.003854 0.339751 41 139 150
-0.019480 -0.003897 0.340151 47 143 155
-0.019651 -0.003940 0.340551 54 148 158
-0.018611 -0.006085 0.347533 39 141 153
-0.018780 -0.006128 0.347927 35 136 148
-0.018949 -0.006170 0.348321 24 122 135
-0.019117 -0.006213 0.348715 17 113 125
-0.019286 -0.006255 0.349110 10 104 116
-0.019455 -0.006298 0.349504 5 97 108
-0.019623 -0.006340 0.349898 4 92 102
-0.019792 -0.006383 0.350293 3 90 99
-0.019960 -0.006425 0.350687 5 89 99
-0.020129 -0.006468 0.351081 2 86 96
-0.021291 -0.006159 0.351446 1 83 94
-0.021461 -0.006202 0.351841 3 83 94
-0.021630 -0.006245 0.352237 6 84 96
-0.021799 -0.006287 0.352633 6 82 95
-0.021968 -0.006330 0.353029 12 90 102
-0.022137 -0.006373 0.353424 26 106 117
-0.022307 -0.006415 0.353820 28 110 121
-0.022476 -0.006458 0.354216 22 109 118
-0.022645 -0.006501 0.354612 26 115 123
-0.021815 -0.006893 0.355024 30 120 128
-0.021984 -0.006936 0.355418 29 122 129
-0.022152 -0.006978 0.355812 35 128 135
-0.022321 -0.007021 0.356207 37 127 135
-0.022490 -0.007063 0.356601 35 124 132
-0.022658 -0.007106 0.356995 37 124 133
-0.022827 -0.007148 0.357389 33 115 126
-0.022995 -0.007191 0.357784 37 115 125
-0.023164 -0.007233 0.358178 32 109 117
-0.023333 -0.007276 0.358572 26 99 106
-0.023501 -0.007318 0.358967 21 94 100
-0.023670 -0.007361 0.359361 20 90 98
-0.023838 -0.007403 0.359755 21 94 100
-0.024007 -0.007446 0.360149 20 90 98
-0.024176 -0.007488 0.360544 15 88 94
-0.024344 -0.007531 0.360938 17 87 95
-0.024513 -0.007574 0.361332 10 83 89
-0.024681 -0.007616 0.361726 16 87 93
-0.024850 -0.007659 0.362121 15 86 90
-0.025019 -0.007701 0.362515 17 88 94
-0.026199 -0.007397 0.362923 22 91 96
-0.026369 -0.007440 0.363318 25 94 101
-0.026538 -0.007482 0.363714 29 96 102
-0.026707 -0.007525 0.364110 26 93 101
-0.026876 -0.007568 0.364506 20 89 96
-0.026030 -0.007956 0.364881 20 91 97
-0.026199 -0.007999 0.365275 18 91 97
-0.026368 -0.008041 0.365669 23 94 100
-0.026536 -0.008084 0.366064 25 96 100
-0.026705 -0.008126 0.366458 24 93 98
-0.026873 -0.008169 0.366852 20 88 91
-0.027042 -0.008211 0.367246 17 82 86
-0.027211 -0.008254 0.367641 12 77 79
-0.027379 -0.008296 0.368035 13 77 79
-0.027548 -0.008339 0.368429 11 72 75
-0.027716 -0.008381 0.368823 10 69 73
-0.027885 -0.008424 0.369218 8 67 71
-0.028054 -0.008466 0.369612 9 67 71
-0.029246 -0.008165 0.370046 11 69 73
-0.029415 -0.008208 0.370442 10 68 72
-0.029584 -0.008251 0.370838 11 69 73
-0.029753 -0.008293 0.371233 16 71 76
-0.029923 -0.008336 0.371629 12 67 72
-0.030092 -0.008379 0.372025 11 64 72
-0.030261 -0.008421 0.372421 15 65 74
-0.030430 -0.008464 0.372816 23 71 83
-0.030600 -0.008507 0.373212 36 82 95
-0.012438 -0.002979 0.328885 40 99 113
-0.011651 -0.003384 0.329394 41 105 117
-0.011820 -0.003427 0.329790 22 92 100
-0.011989 -0.003469 0.330186 8 82 91
-0.012158 -0.003512 0.330582 3 83 90
-0.012328 -0.003555 0.330978 6 91 96
-0.012497 -0.003597 0.331373 8 95 102
-0.012666 -0.003640 0.331769 5 94 100
-0.012835 -0.003683 0.332165 4 94 102
-0.013005 -0.003725 0.332561 5 95 103
-0.013174 -0.003768 0.332956 7 97 105
-0.013343 -0.003811 0.333352 4 95 98
-0.013512 -0.003853 0.333748 5 96 97
-0.013682 -0.003896 0.334144 2 90 92
-0.013851 -0.003939 0.334539 0 84 87
-0.014020 -0.003982 0.334935 2 85 89
-0.014189 -0.004024 0.335331 5 86 89
-0.014359 -0.004067 0.335727 1 80 84
-0.014528 -0.004110 0.336122 0 79 82
-0.014697 -0.004152 0.336518 4 85 88
-0.014866 -0.004195 0.336914 28 112 114
-0.015036 -0.004238 0.337310 40 125 128
-0.015205 -0.004280 0.337705 42 132 133
-0.015374 -0.004323 0.338101 38 132 132
-0.015543 -0.004366 0.338497 35 131 130
-0.016685 -0.004051 0.338816 34 129 131
-0.016855 -0.004093 0.339213 36 131 135
-0.017999 -0.003779 0.339537 43 137 145
-0.019144 -0.003464 0.339863 44 136 147
-0.019315 -0.003507 0.340263 41 131 140
-0.018618 -0.005744 0.348038 13 110 117
-0.018786 -0.005787 0.348432 7 100 108
-0.018955 -0.005829 0.348826 10 98 108
-0.019124 -0.005872 0.349221 0 84 95
-0.019292 -0.005914 0.349615 1 83 94
-0.019461 -0.005957 0.350009 5 83 93
-0.019629 -0.005999 0.350403 6 83 91
-0.019798 -0.006042 0.350798 8 81 90
-0.019967 -0.006084 0.351192 6 79 88
-0.021128 -0.005774 0.351557 5 75 85
-0.021298 -0.005817 0.351953 4 72 83
-0.021467 -0.005859 0.352348 7 71 83
-0.021636 -0.005902 0.352744 10 74 86
-0.021805 -0.005945 0.353140 13 79 93
-0.021975 -0.005987 0.353536 20 90 102
-0.022144 -0.006030 0.353931 27 103 116
-0.022313 -0.006073 0.354327 32 114 125
-0.022482 -0.006116 0.354723 36 125 133
-0.021653 -0.006509 0.355135 37 130 138
-0.021821 -0.006552 0.355529 35 132 139
-0.021990 -0.006595 0.355923 34 133 139
-0.022159 -0.006637 0.356317 39 138 144
-0.022327 -0.006680 0.356712 30 127 134
-0.022496 -0.006722 0.357106 32 126 134
-0.022664 -0.006765 0.357500 31 121 130
-0.022833 -0.006807 0.357895 28 116 126
-0.023002 -0.006850 0.358289 30 114 124
-0.023170 -0.006892 0.358683 23 103 110
-0.023339 -0.006935 0.359077 13 92 99
-0.023507 -0.006977 0.359472 6 85 92
-0.023676 -0.007020 0.359866 8 87 94
-0.023845 -0.007062 0.360260 7 86 93
-0.024013 -0.007105 0.360654 8 87 94
-0.024182 -0.007147 0.361049 13 92 99
-0.024351 -0.007190 0.361443 11 90 97
-0.024519 -0.007232 0.361837 13 92 97
-0.024688 -0.007275 0.362232 14 93 98
-0.024856 -0.007317 0.362626 20 97 103
-0.025025 -0.007360 0.363020 23 100 106
-0.025194 -0.007402 0.363414 24 99 105
-0.025362 -0.007445 0.363809 24 99 105
-0.025531 -0.007487 0.364203 23 96 103
-0.025699 -0.007530 0.364597 16 91 97
-0.025868 -0.007572 0.364991 18 95 101
-0.026037 -0.007615 0.365386 23 102 107
-0.026205 -0.007658 0.365780 28 105 111
-0.026374 -0.007700 0.366174 27 102 107
-0.026542 -0.007743 0.366569 19 92 98
-0.026711 -0.007785 0.366963 14 85 89
-0.026880 -0.007828 0.367357 12 81 86
-0.027048 -0.007870 0.367751 13 78 82
-0.027217 -0.007913 0.368146 16 79 84
-0.027386 -0.007955 0.368540 11 72 77
-0.027554 -0.007998 0.368934 9 70 75
-0.027723 -0.008040 0.369328 10 69 75
-0.027891 -0.008083 0.369723 15 74 80
-0.029083 -0.007780 0.370157 19 78 84
-0.028229 -0.008168 0.370511 19 78 84
-0.028397 -0.008210 0.370906 22 79 86
-0.029591 -0.007908 0.371345 10 63 69
-0.029760 -0.007951 0.371740 16 66 73
-0.029929 -0.007993 0.372136 23 71 81
-0.030098 -0.008036 0.372532 33 81 93
-0.012275 -0.002593 0.328997 40 93 107
-0.011488 -0.002999 0.329506 43 101 113
-0.011657 -0.003042 0.329901 41 105 114
-0.011826 -0.003084 0.330297 26 94 103
-0.011996 -0.003127 0.330693 10 83 90
-0.012165 -0.003170 0.331089 8 85 91
-0.012334 -0.003212 0.331484 11 90 97
-0.012503 -0.003255 0.331880 9 88 95
-0.012672 -0.003298 0.332276 8 86 96
-0.012842 -0.003340 0.332672 5 83 93
-0.013011 -0.003383 0.333067 7 86 93
-0.013180 -0.003426 0.333463 4 84 91
-0.013349 -0.003468 0.333859 5 84 89
-0.013519 -0.003511 0.334255 5 80 86
-0.013688 -0.003554 0.334651 4 77 83
-0.013857 -0.003596 0.335046 5 76 82
-0.014026 -0.003639 0.335442 3 72 77
-0.014196 -0.003682 0.335838 11 80 85
-0.014365 -0.003724 0.336234 24 95 99
-0.014534 -0.003767 0.336629 36 110 113
-0.014703 -0.003810 0.337025 36 114 116
-0.014873 -0.003852 0.337421 27 107 108
-0.015042 -0.003895 0.337817 13 94 95
-0.015211 -0.003938 0.338212 12 96 96
-0.015380 -0.003980 0.338608 13 97 97
-0.016522 -0.003664 0.338928 15 99 99
-0.016692 -0.003707 0.339325 12 98 99
-0.018455 -0.005360 0.348148 5 93 97
-0.018624 -0.005403 0.348543 8 88 95
-0.018793 -0.005445 0.348937 14 91 99
-0.018961 -0.005488 0.349331 8 81 90
-0.019130 -0.005530 0.349726 3 70 79
-0.019299 -0.005573 0.350120 1 63 74
-0.019467 -0.005616 0.350514 6 66 76
-0.019636 -0.005658 0.350908 7 64 75
-0.020796 -0.005346 0.351272 0 57 66
-0.020965 -0.005389 0.351668 0 51 61
-0.021135 -0.005432 0.352064 0 50 61
-0.021304 -0.005474 0.352460 2 46 59
-0.021473 -0.005517 0.352855 7 51 64
-0.021642 -0.005560 0.353251 5 53 67
-0.021812 -0.005602 0.353647 5 58 72
-0.021981 -0.005645 0.354043 13 75 88
-0.022150 -0.005688 0.354438 19 89 99
-0.022319 -0.005730 0.354834 20 100 109
-0.021490 -0.006126 0.355245 27 114 123
-0.021659 -0.006168 0.355640 35 129 137
-0.021828 -0.006211 0.356034 32 131 137
-0.021996 -0.006253 0.356428 33 134 142
-0.022165 -0.006296 0.356823 23 126 133
-0.022334 -0.006338 0.357217 25 126 134
-0.022502 -0.006381 0.357611 27 128 136
-0.022671 -0.006423 0.358005 31 129 138
-0.022839 -0.006466 0.358400 38 132 140
-0.023008 -0.006508 0.358794 37 126 134
-0.023177 -0.006551 0.359188 31 116 123
-0.023345 -0.006593 0.359582 23 108 115
-0.023514 -0.006636 0.359977 24 109 116
-0.023682 -0.006679 0.360371 23 108 115
-0.023851 -0.006721 0.360765 20 105 112
-0.024020 -0.006764 0.361160 17 104 111
-0.024188 -0.006806 0.361554 12 99 106
-0.024357 -0.006849 0.361948 15 100 107
-0.024525 -0.006891 0.362342 18 103 110
-0.024694 -0.006934 0.362737 25 108 116
-0.024863 -0.006976 0.363131 24 107 115
-0.025031 -0.007019 0.363525 19 99 108
-0.025200 -0.007061 0.363919 17 97 106
-0.025369 -0.007104 0.364314 21 101 108
-0.025537 -0.007146 0.364708 21 101 108
-0.025706 -0.007189 0.365102 17 100 106
-0.025874 -0.007231 0.365497 23 106 112
-0.026043 -0.007274 0.365891 25 105 112
-0.026212 -0.007316 0.366285 19 96 102
-0.026380 -0.007359 0.366679 14 89 95
-0.026549 -0.007401 0.367074 14 85 91
-0.026717 -0.007444 0.367468 15 84 91
-0.026886 -0.007486 0.367862 17 82 88
-0.027055 -0.007529 0.368256 17 80 87
-0.027223 -0.007571 0.368651 14 74 82
-0.027392 -0.007614 0.369045 17 76 84
-0.027560 -0.007656 0.369439 25 82 91
-0.027729 -0.007699 0.369834 32 89 100
-0.027898 -0.007742 0.370228 34 91 102
-0.028066 -0.007784 0.370622 31 88 99
-0.028235 -0.007827 0.371016 34 88 98
-0.028403 -0.007869 0.371411 42 92 101
-0.011156 -0.002571 0.329221 65 113 127
-0.011325 -0.002614 0.329617 36 88 101
-0.011494 -0.002656 0.330013 40 97 106
-0.011663 -0.002699 0.330408 42 105 114
-0.011833 -0.002742 0.330804 36 100 109
-0.012002 -0.002784 0.331200 36 103 111
-0.012171 -0.002827 0.331596 25 93 102
-0.012340 -0.002870 0.331991 12 80 89
-0.012510 -0.002912 0.332387 9 77 86
-0.012679 -0.002955 0.332783 6 74 83
-0.012848 -0.002998 0.333179 5 73 84
-0.013017 -0.003040 0.333574 3 71 82
-0.013187 -0.003083 0.333970 2 70 79
-0.013356 -0.003126 0.334366 5 69 79
-0.013525 -0.003169 0.334762 8 68 78
-0.013694 -0.003211 0.335157 10 68 79
-0.013864 -0.003254 0.335553 11 70 78
-0.014033 -0.003297 0.335949 32 91 99
-0.013235 -0.003701 0.336431 48 111 116
-0.013404 -0.003744 0.336825 35 103 106
-0.014541 -0.003425 0.337136 23 94 96
-0.014710 -0.003467 0.337532 17 91 92
-0.014879 -0.003510 0.337928 13 89 89
-0.015048 -0.003553 0.338324 15 91 91
-0.015217 -0.003595 0.338719 8 82 83
-0.017956 -0.004892 0.347471 16 97 100
-0.018125 -0.004934 0.347865 13 92 96
-0.018293 -0.004977 0.348259 10 85 88
-0.018462 -0.005019 0.348654 3 72 77
-0.018630 -0.005062 0.349048 1 64 71
-0.018799 -0.005104 0.349442 0 55 63
-0.018968 -0.005147 0.349836 0 49 56
-0.020126 -0.004833 0.350196 0 42 51
-0.020295 -0.004876 0.350592 0 41 49
-0.020464 -0.004918 0.350988 0 40 49
-0.020633 -0.004961 0.351383 0 39 48
-0.020803 -0.005004 0.351779 0 37 46
-0.020972 -0.005046 0.352175 0 35 43
-0.021141 -0.005089 0.352571 0 31 39
-0.021310 -0.005132 0.352967 0 37 45
-0.021480 -0.005174 0.353362 0 38 49
-0.021649 -0.005217 0.353758 0 38 49
-0.021818 -0.005260 0.354154 0 39 50
-0.021987 -0.005303 0.354550 0 43 54
-0.022156 -0.005345 0.354945 0 67 76
-0.021328 -0.005742 0.355356 33 107 116
-0.021497 -0.005785 0.355750 37 120 128
-0.021665 -0.005827 0.356145 28 117 125
-0.021834 -0.005870 0.356539 12 105 113
-0.022003 -0.005912 0.356933 12 109 116
-0.022171 -0.005955 0.357328 21 120 126
-0.022340 -0.005997 0.357722 26 124 133
-0.021506 -0.006393 0.358121 24 122 131
-0.021674 -0.006435 0.358514 15 112 119
-0.021842 -0.006477 0.358906 26 119 127
-0.022010 -0.006520 0.359299 29 119 127
-0.023183 -0.006210 0.359693 31 121 130
-0.023351 -0.006252 0.360087 41 131 139
-0.023520 -0.006295 0.360482 47 137 146
-0.023689 -0.006337 0.360876 42 135 142
-0.023857 -0.006380 0.361270 36 129 137
-0.024026 -0.006422 0.361665 29 122 129
-0.024195 -0.006465 0.362059 25 115 124
-0.024363 -0.006507 0.362453 25 115 123
-0.024532 -0.006550 0.362847 27 115 125
-0.024700 -0.006592 0.363242 27 116 124
-0.024869 -0.006635 0.363636 25 112 122
-0.025038 -0.006677 0.364030 22 109 118
-0.025206 -0.006720 0.364424 22 109 118
-0.025375 -0.006763 0.364819 21 108 117
-0.025543 -0.006805 0.365213 26 111 118
-0.025712 -0.006848 0.365607 28 111 119
-0.025881 -0.006890 0.366002 24 104 111
-0.026049 -0.006933 0.366396 17 96 103
-0.026218 -0.006975 0.366790 18 93 99
-0.026386 -0.007018 0.367184 21 91 99
-0.026555 -0.007060 0.367579 20 87 96
-0.026724 -0.007103 0.367973 20 83 92
-0.026892 -0.007145 0.368367 19 79 89
-0.027061 -0.007188 0.368762 17 75 86
-0.027230 -0.007230 0.369156 26 79 93
-0.027398 -0.007273 0.369550 36 89 103
-0.027567 -0.007315 0.369944 47 100 116
-0.027735 -0.007358 0.370339 54 107 123
-0.011331 -0.002271 0.330124 59 107 117
-0.011500 -0.002314 0.330520 38 90 101
-0.011670 -0.002357 0.330915 35 92 101
-0.011839 -0.002399 0.331311 43 102 110
-0.012008 -0.002442 0.331707 32 92 102
-0.012177 -0.002485 0.332103 17 77 87
-0.012347 -0.002527 0.332498 19 77 88
-0.012516 -0.002570 0.332894 21 79 90
-0.012685 -0.002613 0.333290 22 80 92
-0.012854 -0.002655 0.333686 26 85 101
-0.013024 -0.002698 0.334081 40 97 114
-0.013193 -0.002741 0.334477 52 105 121
-0.013362 -0.002783 0.334873 55 107 121
-0.013531 -0.002826 0.335269 66 115 130
-0.013701 -0.002869 0.335664 72 121 135
-0.013870 -0.002911 0.336060 69 121 132
-0.013073 -0.003317 0.336542 48 105 112
-0.013241 -0.003360 0.336936 32 93 98
-0.014378 -0.003039 0.337247 23 88 90
-0.014547 -0.003082 0.337643 17 85 86
-0.014716 -0.003125 0.338039 11 81 81
-0.014885 -0.003167 0.338435 10 78 79
-0.017794 -0.004508 0.347582 1 66 70
-0.017962 -0.004550 0.347976 0 58 63
-0.018131 -0.004593 0.348370 0 54 58
-0.018300 -0.004635 0.348764 0 48 53
-0.018468 -0.004678 0.349159 0 44 49
-0.018637 -0.004721 0.349553 0 41 47
-0.019793 -0.004405 0.349912 0 43 50
-0.019963 -0.004448 0.350307 2 40 49
-0.020132 -0.004491 0.350703 0 36 44
-0.020301 -0.004533 0.351099 0 35 43
-0.020470 -0.004576 0.351495 2 37 43
-0.020640 -0.004619 0.351890 1 38 44
-0.020809 -0.004661 0.352286 0 36 39
-0.020978 -0.004704 0.352682 5 43 44
-0.021147 -0.004747 0.353078 0 39 38
-0.021317 -0.004789 0.353473 0 38 40
-0.021486 -0.004832 0.353869 0 38 43
-0.021655 -0.004875 0.354265 0 41 47
-0.021824 -0.004917 0.354661 0 37 46
-0.020997 -0.005316 0.355073 0 39 49
-0.021166 -0.005358 0.355467 2 56 68
-0.021334 -0.005401 0.355861 10 70 81
-0.021503 -0.005443 0.356256 17 83 95
-0.021672 -0.005486 0.356650 12 86 97
-0.021840 -0.005528 0.357044 19 99 110
-0.022009 -0.005571 0.357438 20 104 114
-0.021177 -0.005968 0.357838 21 109 119
-0.021345 -0.006010 0.358231 18 111 119
-0.021513 -0.006053 0.358624 14 108 116
-0.021681 -0.006095 0.359017 15 109 117
-0.021849 -0.006138 0.359410 19 113 121
-0.022017 -0.006180 0.359802 18 115 124
-0.022185 -0.006222 0.360195 25 122 129
-0.022353 -0.006265 0.360588 35 132 141
-0.022521 -0.006307 0.360981 36 133 140
-0.022689 -0.006349 0.361374 34 131 140
-0.023864 -0.006039 0.361775 33 132 138
-0.024032 -0.006081 0.362170 35 132 141
-0.024201 -0.006124 0.362564 32 129 136
-0.024369 -0.006166 0.362958 31 125 135
-0.026224 -0.006634 0.367295 22 89 98
-0.026393 -0.006676 0.367689 21 83 94
-0.026561 -0.006719 0.368084 25 83 95
-0.026730 -0.006762 0.368478 22 78 91
-0.026899 -0.006804 0.368872 35 88 102
-0.027067 -0.006847 0.369267 57 106 123
-0.013876 -0.002569 0.336567 80 132 145
-0.014045 -0.002612 0.336963 69 123 133
-0.014215 -0.002654 0.337359 51 110 116
-0.014384 -0.002697 0.337754 38 101 108
-0.014553 -0.002740 0.338150 37 100 105
-0.014722 -0.002782 0.338546 36 97 102
-0.017463 -0.004082 0.347298 0 53 59
-0.017631 -0.004124 0.347692 0 50 54
-0.017800 -0.004167 0.348087 0 46 50
-0.017969 -0.004209 0.348481 0 46 51
-0.018137 -0.004252 0.348875 0 45 50
-0.019292 -0.003935 0.349231 2 43 49
-0.019461 -0.003977 0.349627 2 41 48
-0.019630 -0.004020 0.350023 2 39 47
-0.019800 -0.004063 0.350419 5 39 48
-0.019969 -0.004105 0.350814 9 42 51
-0.020138 -0.004148 0.351210 13 46 53
-0.020307 -0.004191 0.351606 16 49 56
-0.020477 -0.004233 0.352002 17 52 58
-0.020646 -0.004276 0.352397 17 52 58
-0.020815 -0.004319 0.352793 10 48 49
-0.020984 -0.004361 0.353189 13 51 52
-0.021154 -0.004404 0.353585 19 57 60
-0.021323 -0.004447 0.353980 15 52 58
-0.021492 -0.004490 0.354376 10 47 55
-0.020666 -0.004890 0.354789 9 46 55
-0.020835 -0.004932 0.355183 5 43 56
-0.021004 -0.004975 0.355578 2 44 58
-0.021172 -0.005017 0.355972 1 49 63
-0.021341 -0.005060 0.356366 0 50 64
-0.021509 -0.005102 0.356761 0 53 64
-0.021678 -0.005145 0.357155 0 66 78
-0.020847 -0.005543 0.357556 8 81 90
-0.021015 -0.005586 0.357949 25 102 112
-0.021183 -0.005628 0.358342 16 96 105
-0.021351 -0.005671 0.358734 14 99 106
-0.021519 -0.005713 0.359127 9 98 106
-0.021687 -0.005755 0.359520 15 105 113
-0.021855 -0.005798 0.359913 10 103 110
-0.022023 -0.005840 0.360306 13 108 114
-0.022191 -0.005882 0.360698 22 116 124
-0.022359 -0.005925 0.361091 21 118 125
-0.022527 -0.005967 0.361484 22 119 126
-0.026230 -0.006293 0.367800 49 107 121
-0.026399 -0.006335 0.368195 69 122 138
-0.015358 -0.001989 0.338182 53 109 122
-0.016496 -0.001666 0.338502 61 117 130
-0.016667 -0.001709 0.338901 69 125 138
-0.016837 -0.001752 0.339299 72 128 141
-0.016120 -0.003400 0.344649 15 63 73
-0.016289 -0.003443 0.345043 11 59 69
-0.016457 -0.003485 0.345437 8 57 64
-0.016626 -0.003528 0.345832 4 53 60
-0.016795 -0.003570 0.346226 3 52 59
-0.016963 -0.003613 0.346620 1 50 55
-0.017132 -0.003655 0.347015 0 48 53
-0.017300 -0.003698 0.347409 0 47 53
-0.017469 -0.003740 0.347803 0 43 48
-0.017638 -0.003783 0.348197 3 48 53
-0.017806 -0.003826 0.348592 1 44 50
-0.017975 -0.003868 0.348986 3 43 51
-0.019129 -0.003550 0.349343 8 46 55
-0.019298 -0.003592 0.349738 10 47 56
-0.019468 -0.003635 0.350134 14 51 60
-0.019637 -0.003678 0.350530 18 55 64
-0.019806 -0.003720 0.350926 26 63 72
-0.020841 -0.004591 0.355689 24 66 80
-0.021010 -0.004633 0.356083 21 65 78
-0.021179 -0.004676 0.356477 11 59 71
-0.021347 -0.004718 0.356871 1 53 64
-0.020517 -0.005119 0.357274 0 56 65
-0.020685 -0.005161 0.357666 0 59 67
-0.020853 -0.005204 0.358059 0 62 71
-0.021021 -0.005246 0.358452 6 70 79
-0.021189 -0.005288 0.358845 8 77 84
-0.021357 -0.005331 0.359238 11 86 91
-0.021525 -0.005373 0.359630 12 93 96
-0.021693 -0.005415 0.360023 9 92 96
-0.021861 -0.005458 0.360416 9 94 97
-0.016673 -0.001364 0.339411 72 125 143
-0.016844 -0.001407 0.339810 71 124 142
-0.017014 -0.001450 0.340209 65 117 138
-0.017185 -0.001493 0.340608 58 110 131
-0.017355 -0.001536 0.341006 51 102 123
-0.016893 -0.002031 0.342266 25 74 91
-0.017063 -0.002074 0.342664 21 68 86
-0.017233 -0.002116 0.343061 20 67 83
-0.015958 -0.003017 0.344760 13 57 66
-0.016127 -0.003059 0.345154 9 53 62
-0.016295 -0.003102 0.345548 8 52 61
-0.016464 -0.003144 0.345942 5 49 58
-0.016632 -0.003187 0.346337 4 49 55
-0.016801 -0.003229 0.346731 6 49 56
-0.016970 -0.003272 0.347125 4 47 54
-0.017138 -0.003314 0.347520 8 49 55
-0.017307 -0.003357 0.347914 7 48 54
-0.017475 -0.003399 0.348308 10 51 57
-0.017644 -0.003442 0.348702 13 53 61
-0.018797 -0.003122 0.349058 19 57 66
-0.020356 -0.004737 0.357384 25 75 86
-0.020524 -0.004779 0.357777 14 66 77
-0.020692 -0.004821 0.358170 7 61 71
-0.020860 -0.004864 0.358562 6 60 70
-0.021028 -0.004906 0.358955 0 59 67
-0.021196 -0.004948 0.359348 0 65 71
-0.016680 -0.001019 0.339922 62 111 128
-0.016850 -0.001062 0.340321 56 104 124
-0.017021 -0.001105 0.340720 45 92 110
-0.016220 -0.001516 0.341186 34 81 99
-0.016390 -0.001558 0.341583 29 76 92
-0.016560 -0.001601 0.341981 27 74 90
-0.016730 -0.001644 0.342378 24 72 86
-0.016900 -0.001687 0.342775 22 68 83
-0.017070 -0.001730 0.343172 19 65 78
-0.015627 -0.002590 0.344476 13 57 68
-0.015796 -0.002633 0.344870 12 55 64
-0.015964 -0.002675 0.345265 9 52 61
-0.016133 -0.002718 0.345659 8 51 58
-0.016301 -0.002760 0.346053 7 50 57
-0.016470 -0.002803 0.346448 8 51 58
-0.016639 -0.002845 0.346842 10 50 58
-0.016807 -0.002888 0.347236 11 50 57
-0.016976 -0.002931 0.347630 14 52 61
-0.020866 -0.004524 0.359066 36 89 105
-0.016857 -0.000717 0.340832 37 80 97
-0.016057 -0.001129 0.341298 32 74 90
-0.016227 -0.001172 0.341695 29 72 88
-0.016396 -0.001215 0.342092 29 71 85
-0.016566 -0.001258 0.342490 28 70 84
-0.015763 -0.001668 0.342948 26 68 82
-0.015932 -0.001711 0.343344 23 65 77
-0.016102 -0.001754 0.343740 24 66 78
-0.015296 -0.002164 0.344193 18 61 70
-0.015465 -0.002207 0.344587 17 60 69
-0.015633 -0.002249 0.344981 15 58 67
-0.015802 -0.002292 0.345376 14 54 62
-0.015971 -0.002334 0.345770 14 57 64
-0.016139 -0.002377 0.346164 16 56 64
-0.016308 -0.002419 0.346558 18 58 66
